chromosome,start,end,width,type,1000genomes_AF,1000genomes_ID,Callers,NumCallers,cosmic,dbsnp,repeat_masker,dbsnp_somatic,VAF,n_vaf,t_alt_count,t_ref_count,n_alt_count,n_ref_count,model_score,Variant_Classification,signature_R1,signature_R2,signature_N3,snv_near_indel,total_cn,major_cn,minor_cn,karyotype,sample,gene
1,1487135,1487135,1,snv_mnv,NA,NA,"broad,dkfz,muse,sanger",4,COSN16632343,NA,NA,FALSE,0.3214,NA,9,19,NA,NA,NA,Intron,FALSE,FALSE,FALSE,FALSE,3,2,1,2_1,754d26af-f184-497c-856a-cd1ea7a5115c,NA
1,4110898,4110898,1,snv_mnv,NA,NA,"broad,dkfz,muse,sanger",4,COSN16632095,NA,AluSc8,FALSE,0.1455,NA,8,47,NA,NA,NA,IGR,FALSE,FALSE,FALSE,FALSE,3,2,1,2_1,754d26af-f184-497c-856a-cd1ea7a5115c,NA
1,4549932,4549932,1,snv_mnv,3.9936e-4,rs187405993,"broad,muse",2,COSN16632164,rs187405993,NA,FALSE,0.0909,NA,4,40,NA,NA,NA,IGR,FALSE,FALSE,FALSE,FALSE,3,2,1,2_1,754d26af-f184-497c-856a-cd1ea7a5115c,NA
1,5409121,5409121,1,snv_mnv,NA,NA,"broad,dkfz,muse,sanger",4,COSN16631284,rs747285113,NA,FALSE,0.1064,NA,5,42,NA,NA,NA,IGR,FALSE,FALSE,FALSE,FALSE,3,2,1,2_1,754d26af-f184-497c-856a-cd1ea7a5115c,NA
1,6225985,6225985,1,snv_mnv,NA,NA,"broad,muse",2,COSN16631968,NA,NA,FALSE,0.1429,NA,4,24,NA,NA,NA,Intron,FALSE,FALSE,FALSE,FALSE,3,2,1,2_1,754d26af-f184-497c-856a-cd1ea7a5115c,NA
1,6235501,6235501,1,snv_mnv,NA,NA,"broad,dkfz,muse",3,COSN16629846,NA,(TGGA)n,FALSE,0.25,NA,12,36,NA,NA,NA,Intron,FALSE,FALSE,TRUE,FALSE,3,2,1,2_1,754d26af-f184-497c-856a-cd1ea7a5115c,NA
1,6413160,6413160,1,snv_mnv,NA,NA,"broad,muse,sanger",3,COSN16632344,NA,AluSx,FALSE,0.15,NA,6,34,NA,NA,NA,Intron,FALSE,FALSE,FALSE,FALSE,3,2,1,2_1,754d26af-f184-497c-856a-cd1ea7a5115c,ACOT7
1,7466475,7466475,1,snv_mnv,1.9968e-4,rs561298544,"broad,dkfz,muse,sanger",4,COSN16633304,rs561298544,NA,FALSE,0.0806,NA,5,57,NA,NA,NA,Intron,FALSE,FALSE,FALSE,FALSE,3,2,1,2_1,754d26af-f184-497c-856a-cd1ea7a5115c,NA
1,8522017,8522017,1,snv_mnv,NA,NA,"broad,muse",2,COSN16631201,NA,AluJr,FALSE,0.0862,NA,5,53,NA,NA,NA,Intron,FALSE,FALSE,FALSE,FALSE,3,2,1,2_1,754d26af-f184-497c-856a-cd1ea7a5115c,RERE
1,11056816,11056816,1,snv_mnv,NA,NA,"broad,dkfz,muse,sanger",4,COSN16632939,NA,AluSx,FALSE,0.1364,NA,6,38,NA,NA,NA,RNA,FALSE,FALSE,FALSE,FALSE,3,2,1,2_1,754d26af-f184-497c-856a-cd1ea7a5115c,CFL1P6
1,11976980,11976980,1,snv_mnv,NA,NA,"broad,muse,sanger",3,COSN16631864,NA,LTR16E2,FALSE,0.1042,NA,5,43,NA,NA,NA,IGR,FALSE,FALSE,FALSE,FALSE,3,2,1,2_1,754d26af-f184-497c-856a-cd1ea7a5115c,KIAA2013
1,14729503,14729503,1,snv_mnv,NA,NA,"broad,muse,sanger",3,COSN16631545,NA,AluSz6,FALSE,0.0909,NA,5,50,NA,NA,NA,IGR,FALSE,FALSE,FALSE,FALSE,3,2,1,2_1,754d26af-f184-497c-856a-cd1ea7a5115c,NA
1,15289419,15289419,1,snv_mnv,NA,NA,"broad,dkfz,muse,sanger",4,COSN16633101,NA,NA,FALSE,0.0893,NA,5,51,NA,NA,NA,Intron,FALSE,FALSE,FALSE,FALSE,3,2,1,2_1,754d26af-f184-497c-856a-cd1ea7a5115c,NA
1,15660907,15660907,1,snv_mnv,1.9968e-4,rs561736624,"broad,dkfz,muse",3,COSN16632969,rs561736624,NA,FALSE,0.1212,NA,4,29,NA,NA,NA,Intron,FALSE,FALSE,FALSE,FALSE,3,2,1,2_1,754d26af-f184-497c-856a-cd1ea7a5115c,FHAD1
1,17557240,17557240,1,snv_mnv,NA,NA,"broad,dkfz,muse,sanger",4,COSN16630629,NA,NA,FALSE,0.1944,NA,7,29,NA,NA,NA,Intron,FALSE,FALSE,FALSE,FALSE,3,2,1,2_1,754d26af-f184-497c-856a-cd1ea7a5115c,PADI1
1,18269604,18269604,1,snv_mnv,NA,NA,"broad,dkfz,muse,sanger",4,COSN16630385,NA,ERVL-E-int,FALSE,0.2105,NA,12,45,NA,NA,NA,IGR,FALSE,FALSE,FALSE,FALSE,3,2,1,2_1,754d26af-f184-497c-856a-cd1ea7a5115c,NA
1,18529409,18529409,1,snv_mnv,NA,NA,"broad,dkfz,muse,sanger",4,COSN16632750,NA,NA,FALSE,0.1538,NA,8,44,NA,NA,NA,Intron,FALSE,FALSE,FALSE,FALSE,3,2,1,2_1,754d26af-f184-497c-856a-cd1ea7a5115c,NA
1,18556651,18556651,1,snv_mnv,NA,NA,"broad,dkfz,muse,sanger",4,COSN16632295,NA,NA,FALSE,0.2,NA,14,56,NA,NA,NA,Intron,FALSE,FALSE,FALSE,FALSE,3,2,1,2_1,754d26af-f184-497c-856a-cd1ea7a5115c,NA
1,18927344,18927344,1,snv_mnv,NA,NA,"broad,dkfz,muse,sanger",4,COSN16633005,NA,MIRb,FALSE,0.4062,NA,13,19,NA,NA,NA,IGR,FALSE,FALSE,FALSE,FALSE,3,2,1,2_1,754d26af-f184-497c-856a-cd1ea7a5115c,NA
1,20541455,20541455,1,snv_mnv,NA,NA,"broad,dkfz,muse,sanger",4,COSN16631969,NA,NA,FALSE,0.1111,NA,7,56,NA,NA,NA,IGR,FALSE,FALSE,FALSE,FALSE,3,2,1,2_1,754d26af-f184-497c-856a-cd1ea7a5115c,NA
1,20916961,20916961,1,snv_mnv,NA,NA,"broad,dkfz,muse,sanger",4,COSN16631018,NA,NA,FALSE,0.1915,NA,9,38,NA,NA,NA,Intron,FALSE,FALSE,FALSE,FALSE,3,2,1,2_1,754d26af-f184-497c-856a-cd1ea7a5115c,NA
1,22548331,22548331,1,snv_mnv,NA,NA,"broad,muse,sanger",3,COSN16629587,NA,NA,FALSE,0.0962,NA,5,47,NA,NA,NA,IGR,FALSE,FALSE,FALSE,FALSE,3,2,1,2_1,754d26af-f184-497c-856a-cd1ea7a5115c,NA
1,23539928,23539928,1,snv_mnv,NA,NA,"broad,dkfz,muse,sanger",4,COSN16631484,NA,AluSc,FALSE,0.3171,NA,13,28,NA,NA,NA,IGR,FALSE,FALSE,FALSE,FALSE,3,2,1,2_1,754d26af-f184-497c-856a-cd1ea7a5115c,NA
1,23569962,23569962,1,snv_mnv,NA,NA,"broad,muse",2,COSN16632391,NA,(CTAAA)n,FALSE,0.087,NA,4,42,NA,NA,NA,IGR,FALSE,FALSE,FALSE,FALSE,3,2,1,2_1,754d26af-f184-497c-856a-cd1ea7a5115c,AL109936.1
1,27184706,27184706,1,snv_mnv,NA,NA,"broad,dkfz,muse,sanger",4,COSN16632424,NA,MIRb,FALSE,0.1017,NA,6,53,NA,NA,NA,IGR,FALSE,FALSE,FALSE,FALSE,3,2,1,2_1,754d26af-f184-497c-856a-cd1ea7a5115c,"SFN,ZDHHC18"
1,28104188,28104188,1,snv_mnv,NA,NA,"broad,dkfz,muse,sanger",4,COSN16632270,NA,AluSx3,FALSE,0.2222,NA,8,28,NA,NA,NA,Intron,FALSE,FALSE,FALSE,FALSE,3,2,1,2_1,754d26af-f184-497c-856a-cd1ea7a5115c,AL020997.2
1,29639314,29639314,1,snv_mnv,NA,NA,"broad,dkfz,muse,sanger",4,COSN16629695,NA,NA,FALSE,0.3,NA,6,14,NA,NA,NA,Intron,FALSE,FALSE,FALSE,FALSE,3,2,1,2_1,754d26af-f184-497c-856a-cd1ea7a5115c,PTPRU
1,31048859,31048859,1,snv_mnv,NA,NA,"broad,dkfz,muse,sanger",4,COSN16630040,NA,NA,FALSE,0.2069,NA,12,46,NA,NA,NA,IGR,FALSE,FALSE,FALSE,FALSE,3,2,1,2_1,754d26af-f184-497c-856a-cd1ea7a5115c,NA
1,31080489,31080489,1,snv_mnv,NA,NA,"broad,muse",2,COSN16629816,NA,L3,FALSE,0.0784,NA,4,47,NA,NA,NA,IGR,FALSE,FALSE,FALSE,FALSE,3,2,1,2_1,754d26af-f184-497c-856a-cd1ea7a5115c,NA
1,34135081,34135081,1,snv_mnv,1.9968e-4,rs139077270,"broad,dkfz,muse,sanger",4,COSN16629757,rs139077270,NA,FALSE,0.1774,NA,11,51,NA,NA,NA,Intron,FALSE,FALSE,FALSE,FALSE,3,2,1,2_1,754d26af-f184-497c-856a-cd1ea7a5115c,NA
1,34683946,34683946,1,snv_mnv,NA,NA,"broad,dkfz,muse,sanger",4,COSN16632658,NA,NA,FALSE,0.1455,NA,8,47,NA,NA,NA,Intron,FALSE,FALSE,FALSE,FALSE,3,2,1,2_1,754d26af-f184-497c-856a-cd1ea7a5115c,NA
1,34734633,34734633,1,snv_mnv,NA,NA,"broad,dkfz,muse,sanger",4,COSN16629462,rs765352249,MIR,FALSE,0.1463,NA,6,35,NA,NA,NA,IGR,FALSE,FALSE,FALSE,FALSE,3,2,1,2_1,754d26af-f184-497c-856a-cd1ea7a5115c,NA
1,35639115,35639115,1,snv_mnv,NA,NA,"broad,dkfz,muse,sanger",4,COSN16630172,NA,L1MB7,FALSE,0.2,NA,13,52,NA,NA,NA,5'Flank,FALSE,FALSE,FALSE,FALSE,3,2,1,2_1,754d26af-f184-497c-856a-cd1ea7a5115c,SFPQ
1,36358032,36358032,1,snv_mnv,NA,NA,"broad,muse,sanger",3,COSN16629494,NA,MER5A1,FALSE,0.0877,NA,5,52,NA,NA,NA,Intron,FALSE,FALSE,FALSE,FALSE,3,2,1,2_1,754d26af-f184-497c-856a-cd1ea7a5115c,AGO1
1,36466610,36466610,1,snv_mnv,NA,NA,"broad,dkfz,muse,sanger",4,COSN16629668,NA,AluSz6,FALSE,0.1569,NA,8,43,NA,NA,NA,Intron,FALSE,FALSE,FALSE,FALSE,3,2,1,2_1,754d26af-f184-497c-856a-cd1ea7a5115c,NA
1,37347933,37347933,1,snv_mnv,NA,NA,"broad,dkfz,muse,sanger",4,COSN16629436,NA,NA,FALSE,0.0962,NA,5,47,NA,NA,NA,Intron,FALSE,FALSE,FALSE,FALSE,3,2,1,2_1,754d26af-f184-497c-856a-cd1ea7a5115c,NA
1,37695680,37695680,1,snv_mnv,NA,NA,"broad,dkfz,muse,sanger",4,COSN16631804,rs778285144,L1MA8,FALSE,0.1486,NA,11,63,NA,NA,NA,IGR,FALSE,FALSE,FALSE,FALSE,3,2,1,2_1,754d26af-f184-497c-856a-cd1ea7a5115c,NA
1,40353533,40353533,1,snv_mnv,NA,NA,"broad,dkfz,muse,sanger",4,COSN16630494,NA,NA,FALSE,0.1714,NA,12,58,NA,NA,NA,IGR,FALSE,FALSE,TRUE,FALSE,3,2,1,2_1,754d26af-f184-497c-856a-cd1ea7a5115c,TRIT1
1,40514418,40514418,1,snv_mnv,NA,NA,"broad,dkfz,muse,sanger",4,COSN16630465,NA,NA,FALSE,0.0984,NA,6,55,NA,NA,NA,Intron,FALSE,FALSE,FALSE,FALSE,3,2,1,2_1,754d26af-f184-497c-856a-cd1ea7a5115c,NA
1,42774146,42774146,1,snv_mnv,NA,NA,"broad,dkfz,muse,sanger",4,COSN16633034,NA,NA,FALSE,0.1974,NA,15,61,NA,NA,NA,Intron,FALSE,FALSE,FALSE,FALSE,3,2,1,2_1,754d26af-f184-497c-856a-cd1ea7a5115c,NA
1,44150126,44150126,1,snv_mnv,NA,NA,"broad,muse,sanger",3,COSN16629220,NA,AluSc8,FALSE,0.0847,NA,5,54,NA,NA,NA,Intron,FALSE,FALSE,FALSE,FALSE,3,2,1,2_1,754d26af-f184-497c-856a-cd1ea7a5115c,NA
1,45074188,45074188,1,snv_mnv,NA,NA,"broad,dkfz,muse,sanger",4,COSN16630840,NA,MIRb,FALSE,0.1311,NA,8,53,NA,NA,NA,Intron,FALSE,FALSE,FALSE,FALSE,3,2,1,2_1,754d26af-f184-497c-856a-cd1ea7a5115c,NA
1,45479891,45479891,1,snv_mnv,NA,NA,"broad,dkfz,muse,sanger",4,COSN16631179,NA,NA,FALSE,0.1111,NA,7,56,NA,NA,NA,Intron,FALSE,FALSE,FALSE,FALSE,3,2,1,2_1,754d26af-f184-497c-856a-cd1ea7a5115c,"UROD,ZSWIM5,HECTD3"
1,46165493,46165493,1,snv_mnv,NA,NA,"broad,dkfz,muse,sanger",4,COSN16629244,NA,AluJo,FALSE,0.102,NA,5,44,NA,NA,NA,3'UTR,FALSE,FALSE,FALSE,FALSE,3,2,1,2_1,754d26af-f184-497c-856a-cd1ea7a5115c,"AL604028.1,IPP"
1,47145218,47145218,1,snv_mnv,NA,NA,"broad,dkfz,muse,sanger",4,COSN16629381,NA,AluSx1,FALSE,0.1667,NA,6,30,NA,NA,NA,Intron,FALSE,FALSE,FALSE,FALSE,3,2,1,2_1,754d26af-f184-497c-856a-cd1ea7a5115c,EFCAB14
1,49346529,49346529,1,snv_mnv,NA,NA,"broad,dkfz,muse,sanger",4,COSN16632540,NA,L1ME4a,FALSE,0.1644,NA,12,61,NA,NA,NA,Intron,FALSE,FALSE,FALSE,FALSE,3,2,1,2_1,754d26af-f184-497c-856a-cd1ea7a5115c,NA
1,50084958,50084958,1,snv_mnv,NA,NA,"broad,dkfz,muse,sanger",4,COSN16630660,NA,L1PA7,FALSE,0.1268,NA,9,62,NA,NA,NA,Intron,FALSE,FALSE,FALSE,FALSE,3,2,1,2_1,754d26af-f184-497c-856a-cd1ea7a5115c,NA
1,50635992,50635992,1,snv_mnv,NA,NA,"broad,muse",2,COSN16631115,NA,MIRb,FALSE,0.0556,NA,4,68,NA,NA,NA,Intron,FALSE,FALSE,FALSE,FALSE,3,2,1,2_1,754d26af-f184-497c-856a-cd1ea7a5115c,AL592182.2
1,50643877,50643877,1,snv_mnv,NA,NA,"broad,muse",2,COSN16629463,NA,NA,FALSE,0.0851,NA,4,43,NA,NA,NA,Intron,FALSE,FALSE,FALSE,FALSE,3,2,1,2_1,754d26af-f184-497c-856a-cd1ea7a5115c,AL592182.2
1,52643826,52643826,1,snv_mnv,NA,NA,"broad,muse,sanger",3,COSN16629877,NA,AluY,FALSE,0.125,NA,4,28,NA,NA,NA,Intron,FALSE,FALSE,FALSE,FALSE,3,2,1,2_1,754d26af-f184-497c-856a-cd1ea7a5115c,PDCL3P6
1,53896445,53896445,1,snv_mnv,NA,NA,"broad,dkfz,muse,sanger",4,COSN16630024,NA,LTR49,FALSE,0.1846,NA,12,53,NA,NA,NA,IGR,FALSE,FALSE,FALSE,FALSE,3,2,1,2_1,754d26af-f184-497c-856a-cd1ea7a5115c,NA
1,54067835,54067835,1,snv_mnv,NA,NA,"broad,dkfz,muse,sanger",4,COSN16629788,rs377727802,NA,FALSE,0.1429,NA,5,30,NA,NA,NA,Intron,FALSE,FALSE,FALSE,FALSE,3,2,1,2_1,754d26af-f184-497c-856a-cd1ea7a5115c,NA
1,55641089,55641089,1,snv_mnv,NA,NA,"broad,muse,sanger",3,COSN16632970,NA,AluSx3,FALSE,0.0893,NA,5,51,NA,NA,NA,Intron,FALSE,FALSE,FALSE,FALSE,3,2,1,2_1,754d26af-f184-497c-856a-cd1ea7a5115c,NA
1,55994817,55994817,1,snv_mnv,NA,NA,"broad,muse,sanger",3,COSN16630630,NA,NA,FALSE,0.0606,NA,4,62,NA,NA,NA,IGR,FALSE,FALSE,FALSE,FALSE,3,2,1,2_1,754d26af-f184-497c-856a-cd1ea7a5115c,NA
1,56077501,56077501,1,snv_mnv,1.9968e-4,rs571829917,"broad,dkfz,muse",3,COSN16632858,rs571829917,L2a,FALSE,0.0984,NA,6,55,NA,NA,NA,lincRNA,FALSE,FALSE,FALSE,FALSE,3,2,1,2_1,754d26af-f184-497c-856a-cd1ea7a5115c,NA
1,58042632,58042632,1,snv_mnv,NA,NA,"broad,muse,sanger",3,COSN16632222,NA,NA,FALSE,0.0909,NA,4,40,NA,NA,NA,Intron,FALSE,FALSE,FALSE,FALSE,3,2,1,2_1,754d26af-f184-497c-856a-cd1ea7a5115c,NA
1,58662232,58662232,1,snv_mnv,NA,NA,"broad,dkfz,muse,sanger",4,COSN16633102,NA,THE1D,FALSE,0.1014,NA,7,62,NA,NA,NA,Intron,FALSE,FALSE,FALSE,FALSE,3,2,1,2_1,754d26af-f184-497c-856a-cd1ea7a5115c,NA
1,59496822,59496822,1,snv_mnv,NA,NA,"broad,dkfz,muse,sanger",4,COSN16630803,NA,NA,FALSE,0.1429,NA,9,54,NA,NA,NA,lincRNA,FALSE,FALSE,FALSE,FALSE,3,2,1,2_1,754d26af-f184-497c-856a-cd1ea7a5115c,NA
1,62585798,62585798,1,snv_mnv,NA,NA,"broad,dkfz,muse,sanger",4,COSN16629878,NA,NA,FALSE,0.0811,NA,6,68,NA,NA,NA,Intron,FALSE,FALSE,FALSE,FALSE,3,2,1,2_1,754d26af-f184-497c-856a-cd1ea7a5115c,PATJ
1,64840488,64840488,1,snv_mnv,NA,NA,"broad,dkfz,muse",3,COSN16630173,NA,L1M3,FALSE,0.2391,NA,11,35,NA,NA,NA,IGR,FALSE,FALSE,FALSE,FALSE,3,2,1,2_1,754d26af-f184-497c-856a-cd1ea7a5115c,NA
1,67064154,67064154,1,snv_mnv,NA,NA,"broad,muse,sanger",3,COSN16631433,NA,MSTA,FALSE,0.0833,NA,5,55,NA,NA,NA,Intron,FALSE,FALSE,FALSE,FALSE,3,2,1,2_1,754d26af-f184-497c-856a-cd1ea7a5115c,NA
1,68267797,68267797,1,snv_mnv,NA,NA,"broad,dkfz,muse,sanger",4,COSN16630985,NA,NA,FALSE,0.2692,NA,14,38,NA,NA,NA,Intron,FALSE,FALSE,FALSE,FALSE,3,2,1,2_1,754d26af-f184-497c-856a-cd1ea7a5115c,NA
1,68353040,68353040,1,snv_mnv,NA,NA,"broad,dkfz,muse,sanger",4,COSN16632486,NA,NA,FALSE,0.3091,NA,17,38,NA,NA,NA,RNA,FALSE,FALSE,FALSE,FALSE,3,2,1,2_1,754d26af-f184-497c-856a-cd1ea7a5115c,NA
1,68714083,68714083,1,snv_mnv,NA,NA,"broad,dkfz,muse,sanger",4,COSN16630690,NA,NA,FALSE,0.2353,NA,20,65,NA,NA,NA,IGR,FALSE,FALSE,TRUE,FALSE,3,2,1,2_1,754d26af-f184-497c-856a-cd1ea7a5115c,NA
1,68784029,68784029,1,snv_mnv,NA,NA,"broad,dkfz,muse,sanger",4,COSN16631635,NA,NA,FALSE,0.186,NA,8,35,NA,NA,NA,IGR,FALSE,FALSE,FALSE,FALSE,3,2,1,2_1,754d26af-f184-497c-856a-cd1ea7a5115c,NA
1,69380410,69380410,1,snv_mnv,NA,NA,"broad,muse,sanger",3,COSN16631156,NA,NA,FALSE,0.0725,NA,5,64,NA,NA,NA,IGR,FALSE,FALSE,FALSE,FALSE,3,2,1,2_1,754d26af-f184-497c-856a-cd1ea7a5115c,NA
1,69894062,69894062,1,snv_mnv,NA,NA,"broad,dkfz,muse,sanger",4,COSN16630745,NA,NA,FALSE,0.0794,NA,5,58,NA,NA,NA,IGR,FALSE,FALSE,TRUE,FALSE,3,2,1,2_1,754d26af-f184-497c-856a-cd1ea7a5115c,LINC01758
1,69960403,69960403,1,snv_mnv,NA,NA,"broad,dkfz,muse,sanger",4,COSN16630606,NA,MLT2D,FALSE,0.2464,NA,17,52,NA,NA,NA,IGR,FALSE,FALSE,FALSE,FALSE,3,2,1,2_1,754d26af-f184-497c-856a-cd1ea7a5115c,NA
1,70433758,70433758,1,snv_mnv,NA,NA,"broad,dkfz,muse,sanger",4,COSN16629669,NA,L1PB1,FALSE,0.2903,NA,18,44,NA,NA,NA,Intron,FALSE,FALSE,FALSE,FALSE,3,2,1,2_1,754d26af-f184-497c-856a-cd1ea7a5115c,NA
1,71251495,71251495,1,snv_mnv,NA,NA,"broad,dkfz,muse",3,COSN16629102,NA,NA,FALSE,0.0694,NA,5,67,NA,NA,NA,lincRNA,FALSE,FALSE,FALSE,FALSE,3,2,1,2_1,754d26af-f184-497c-856a-cd1ea7a5115c,NA
1,71285598,71285598,1,snv_mnv,NA,NA,"broad,dkfz,muse,sanger",4,COSN16631636,NA,NA,FALSE,0.0857,NA,6,64,NA,NA,NA,IGR,FALSE,FALSE,FALSE,FALSE,3,2,1,2_1,754d26af-f184-497c-856a-cd1ea7a5115c,NA
1,71358547,71358547,1,snv_mnv,NA,NA,"broad,muse",2,COSN16629571,NA,AluSz,FALSE,0.1739,NA,8,38,NA,NA,NA,Intron,FALSE,FALSE,FALSE,FALSE,3,2,1,2_1,754d26af-f184-497c-856a-cd1ea7a5115c,NA
1,71678149,71678149,1,snv_mnv,NA,NA,"broad,dkfz,muse,sanger",4,COSN16508457,NA,NA,FALSE,0.0694,NA,5,67,NA,NA,NA,RNA,FALSE,FALSE,FALSE,FALSE,3,2,1,2_1,754d26af-f184-497c-856a-cd1ea7a5115c,NA
1,72314536,72314536,1,snv_mnv,5.9904e-4,rs374501633,"broad,muse",2,COSN16633155,rs374501633,AluSx,FALSE,0.1081,NA,4,33,NA,NA,NA,Intron,FALSE,FALSE,FALSE,FALSE,3,2,1,2_1,754d26af-f184-497c-856a-cd1ea7a5115c,NA
1,72541276,72541276,1,snv_mnv,NA,NA,"broad,dkfz,muse,sanger",4,COSN16629541,NA,NA,FALSE,0.1389,NA,10,62,NA,NA,NA,Intron,FALSE,FALSE,FALSE,FALSE,3,2,1,2_1,754d26af-f184-497c-856a-cd1ea7a5115c,NA
1,73059687,73059687,1,snv_mnv,NA,NA,"broad,dkfz,muse,sanger",4,COSN16633278,NA,MLT1J1,FALSE,0.2353,NA,12,39,NA,NA,NA,IGR,FALSE,FALSE,TRUE,FALSE,3,2,1,2_1,754d26af-f184-497c-856a-cd1ea7a5115c,NA
1,73346261,73346261,1,snv_mnv,NA,NA,"broad,muse,sanger",3,COSN16632223,NA,NA,FALSE,0.0685,NA,5,68,NA,NA,NA,lincRNA,FALSE,FALSE,TRUE,FALSE,3,2,1,2_1,754d26af-f184-497c-856a-cd1ea7a5115c,NA
1,73490911,73490911,1,snv_mnv,NA,NA,"broad,muse",2,COSN16632783,NA,NA,FALSE,0.0656,NA,4,57,NA,NA,NA,IGR,FALSE,FALSE,FALSE,FALSE,3,2,1,2_1,754d26af-f184-497c-856a-cd1ea7a5115c,NA
1,73656113,73656113,1,snv_mnv,NA,NA,"broad,dkfz,muse,sanger",4,COSN16632659,NA,MLT1A0,FALSE,0.1061,NA,7,59,NA,NA,NA,RNA,FALSE,FALSE,FALSE,FALSE,3,2,1,2_1,754d26af-f184-497c-856a-cd1ea7a5115c,RN7SKP19
1,74216929,74216929,1,snv_mnv,NA,NA,"broad,dkfz,muse,sanger",4,COSN16629221,NA,MLT1H,FALSE,0.1169,NA,9,68,NA,NA,NA,RNA,FALSE,FALSE,FALSE,FALSE,3,2,1,2_1,754d26af-f184-497c-856a-cd1ea7a5115c,RNA5SP50
1,74454896,74454896,1,snv_mnv,NA,NA,"broad,dkfz,muse,sanger",4,COSN16630951,NA,NA,FALSE,0.125,NA,10,70,NA,NA,NA,IGR,FALSE,FALSE,FALSE,FALSE,3,2,1,2_1,754d26af-f184-497c-856a-cd1ea7a5115c,NA
1,75254260,75254260,1,snv_mnv,NA,NA,"broad,muse,sanger",3,COSN16632691,NA,NA,FALSE,0.08,NA,4,46,NA,NA,NA,IGR,FALSE,FALSE,FALSE,FALSE,3,2,1,2_1,754d26af-f184-497c-856a-cd1ea7a5115c,NA
1,75958157,75958157,1,snv_mnv,NA,NA,"broad,dkfz,muse",3,COSN16630136,NA,NA,FALSE,0.25,NA,14,42,NA,NA,NA,Intron,FALSE,FALSE,FALSE,FALSE,3,2,1,2_1,754d26af-f184-497c-856a-cd1ea7a5115c,NA
1,76091593,76091593,1,snv_mnv,NA,NA,"broad,dkfz,muse,sanger",4,COSN16632392,NA,L2a,FALSE,0.2676,NA,19,52,NA,NA,NA,IGR,FALSE,FALSE,FALSE,FALSE,3,2,1,2_1,754d26af-f184-497c-856a-cd1ea7a5115c,NA
1,77307680,77307680,1,snv_mnv,NA,NA,"broad,dkfz,muse,sanger",4,COSN16632057,NA,NA,FALSE,0.1642,NA,11,56,NA,NA,NA,IGR,FALSE,FALSE,FALSE,FALSE,3,2,1,2_1,754d26af-f184-497c-856a-cd1ea7a5115c,NA
1,79360240,79360240,1,snv_mnv,NA,NA,"broad,dkfz,muse,sanger",4,COSN16630226,NA,NA,FALSE,0.1667,NA,9,45,NA,NA,NA,Intron,FALSE,FALSE,FALSE,FALSE,3,2,1,2_1,754d26af-f184-497c-856a-cd1ea7a5115c,NA
1,79731936,79731936,1,snv_mnv,NA,NA,"broad,muse,sanger",3,COSN16628897,NA,AluY,FALSE,0.1489,NA,7,40,NA,NA,NA,IGR,FALSE,FALSE,FALSE,FALSE,3,2,1,2_1,754d26af-f184-497c-856a-cd1ea7a5115c,NA
1,79933544,79933544,1,snv_mnv,NA,NA,"broad,muse,sanger",3,COSN16629382,NA,MIR3,FALSE,0.1071,NA,6,50,NA,NA,NA,IGR,FALSE,FALSE,FALSE,FALSE,3,2,1,2_1,754d26af-f184-497c-856a-cd1ea7a5115c,NA
1,80121312,80121312,1,snv_mnv,NA,NA,"broad,muse",2,COSN16631180,NA,NA,FALSE,0.0506,NA,4,75,NA,NA,NA,IGR,FALSE,FALSE,FALSE,FALSE,3,2,1,2_1,754d26af-f184-497c-856a-cd1ea7a5115c,NA
1,80614680,80614680,1,snv_mnv,NA,NA,"dkfz,muse,sanger",3,COSN16631750,NA,L1PB1,FALSE,0.1186,NA,7,52,NA,NA,NA,IGR,FALSE,FALSE,FALSE,FALSE,3,2,1,2_1,754d26af-f184-497c-856a-cd1ea7a5115c,NA
1,83557952,83557952,1,snv_mnv,NA,NA,"broad,dkfz,muse,sanger",4,COSN16633361,NA,NA,FALSE,0.141,NA,11,67,NA,NA,NA,lincRNA,FALSE,FALSE,FALSE,FALSE,3,2,1,2_1,754d26af-f184-497c-856a-cd1ea7a5115c,NA
1,84245903,84245903,1,snv_mnv,NA,NA,"muse,sanger",2,COSN16631339,NA,NA,FALSE,0.0597,NA,4,63,NA,NA,NA,lincRNA,FALSE,FALSE,FALSE,FALSE,3,2,1,2_1,754d26af-f184-497c-856a-cd1ea7a5115c,NA
1,86244449,86244449,1,snv_mnv,NA,NA,"broad,dkfz,muse,sanger",4,COSN16631546,NA,AluSq2,FALSE,0.1818,NA,8,36,NA,NA,NA,Intron,FALSE,FALSE,FALSE,FALSE,3,2,1,2_1,754d26af-f184-497c-856a-cd1ea7a5115c,NA
1,89508123,89508123,1,snv_mnv,NA,NA,"broad,muse",2,COSN16629847,NA,NA,FALSE,0.0606,NA,4,62,NA,NA,NA,IGR,FALSE,FALSE,FALSE,FALSE,3,2,1,2_1,754d26af-f184-497c-856a-cd1ea7a5115c,NA
1,90807408,90807408,1,snv_mnv,NA,NA,"broad,dkfz,muse,sanger",4,COSN16631340,NA,NA,FALSE,0.2055,NA,15,58,NA,NA,NA,IGR,FALSE,FALSE,FALSE,FALSE,3,2,1,2_1,754d26af-f184-497c-856a-cd1ea7a5115c,NA
1,91472731,91472731,1,snv_mnv,NA,NA,"broad,muse,sanger",3,COSN16631097,NA,HAL1,FALSE,0.1429,NA,5,30,NA,NA,NA,Intron,FALSE,FALSE,TRUE,FALSE,3,2,1,2_1,754d26af-f184-497c-856a-cd1ea7a5115c,NA
1,92139242,92139242,1,snv_mnv,NA,NA,"broad,dkfz,muse,sanger",4,COSN16631459,NA,NA,FALSE,0.1667,NA,9,45,NA,NA,NA,IGR,FALSE,FALSE,FALSE,FALSE,3,2,1,2_1,754d26af-f184-497c-856a-cd1ea7a5115c,NA
1,95004264,95004264,1,snv_mnv,NA,NA,"broad,muse,sanger",3,COSN16632895,NA,MIRc,FALSE,0.0769,NA,5,60,NA,NA,NA,Intron,FALSE,FALSE,FALSE,FALSE,3,2,1,2_1,754d26af-f184-497c-856a-cd1ea7a5115c,F3
1,95243428,95243428,1,snv_mnv,NA,NA,"broad,muse",2,COSN16629572,NA,NA,FALSE,0.0513,NA,4,74,NA,NA,NA,lincRNA,FALSE,FALSE,FALSE,FALSE,3,2,1,2_1,754d26af-f184-497c-856a-cd1ea7a5115c,NA
1,95987595,95987595,1,snv_mnv,NA,NA,"broad,muse,sanger",3,COSN16631372,NA,MSTD,FALSE,0.1711,NA,13,63,NA,NA,NA,IGR,FALSE,FALSE,FALSE,FALSE,3,2,1,2_1,754d26af-f184-497c-856a-cd1ea7a5115c,NA
1,96138970,96138970,1,snv_mnv,NA,NA,"broad,dkfz,muse,sanger",4,COSN16629162,NA,NA,FALSE,0.2281,NA,13,44,NA,NA,NA,IGR,FALSE,FALSE,FALSE,FALSE,3,2,1,2_1,754d26af-f184-497c-856a-cd1ea7a5115c,NA
1,97110290,97110290,1,snv_mnv,NA,NA,"broad,dkfz,muse,sanger",4,COSN16629048,NA,NA,FALSE,0.1786,NA,10,46,NA,NA,NA,IGR,FALSE,FALSE,FALSE,FALSE,3,2,1,2_1,754d26af-f184-497c-856a-cd1ea7a5115c,NA
1,98274105,98274105,1,snv_mnv,NA,NA,"broad,muse,sanger",3,COSN16629790,NA,L1MC1,FALSE,0.0714,NA,5,65,NA,NA,NA,Intron,FALSE,FALSE,FALSE,FALSE,3,2,1,2_1,754d26af-f184-497c-856a-cd1ea7a5115c,NA
1,99714370,99714370,1,snv_mnv,NA,NA,"broad,muse,sanger",3,COSN16630066,NA,L1MEe,FALSE,0.0755,NA,4,49,NA,NA,NA,IGR,FALSE,FALSE,FALSE,FALSE,3,2,1,2_1,754d26af-f184-497c-856a-cd1ea7a5115c,NA
1,99931613,99931613,1,snv_mnv,NA,NA,"broad,dkfz,muse,sanger",4,COSN16633006,NA,NA,FALSE,0.1282,NA,5,34,NA,NA,NA,IGR,FALSE,FALSE,FALSE,FALSE,3,2,1,2_1,754d26af-f184-497c-856a-cd1ea7a5115c,AL365220.1
1,100202726,100202726,1,snv_mnv,NA,NA,"broad,dkfz,muse,sanger",4,COSN16631434,NA,NA,FALSE,0.194,NA,13,54,NA,NA,NA,Intron,FALSE,FALSE,FALSE,FALSE,3,2,1,2_1,754d26af-f184-497c-856a-cd1ea7a5115c,NA
1,102601373,102601373,1,snv_mnv,NA,NA,"broad,dkfz,muse,sanger",4,COSN16632512,NA,L1PA10,FALSE,0.0857,NA,6,64,NA,NA,NA,IGR,FALSE,FALSE,FALSE,FALSE,3,2,1,2_1,754d26af-f184-497c-856a-cd1ea7a5115c,NA
1,102820524,102820524,1,snv_mnv,NA,NA,"broad,muse,sanger",3,COSN16629543,NA,NA,FALSE,0.0943,NA,5,48,NA,NA,NA,lincRNA,FALSE,FALSE,FALSE,FALSE,3,2,1,2_1,754d26af-f184-497c-856a-cd1ea7a5115c,NA
1,103642164,103642164,1,snv_mnv,NA,NA,"broad,dkfz,muse,sanger",4,COSN16630201,NA,NA,FALSE,0.1809,NA,17,77,NA,NA,NA,IGR,FALSE,FALSE,TRUE,FALSE,3,2,1,2_1,754d26af-f184-497c-856a-cd1ea7a5115c,NA
1,104306770,104306770,1,snv_mnv,1.9968e-4,rs191610110,"broad,muse,sanger",3,COSN16633279,rs191610110,NA,FALSE,0.0781,NA,5,59,NA,NA,NA,IGR,FALSE,FALSE,FALSE,FALSE,3,2,1,2_1,754d26af-f184-497c-856a-cd1ea7a5115c,NA
1,104847013,104847013,1,snv_mnv,NA,NA,"broad,dkfz,muse,sanger",4,COSN16633156,NA,MSTA,FALSE,0.1176,NA,6,45,NA,NA,NA,IGR,FALSE,FALSE,FALSE,FALSE,3,2,1,2_1,754d26af-f184-497c-856a-cd1ea7a5115c,NA
1,104887358,104887358,1,snv_mnv,NA,NA,"broad,muse",2,COSN16631432,rs371342180,NA,FALSE,0.0714,NA,4,52,NA,NA,NA,IGR,FALSE,FALSE,FALSE,FALSE,3,2,1,2_1,754d26af-f184-497c-856a-cd1ea7a5115c,NA
1,105046592,105046592,1,snv_mnv,NA,NA,"broad,dkfz,muse,sanger",4,COSN16631285,NA,L1MB2,FALSE,0.1333,NA,8,52,NA,NA,NA,IGR,FALSE,FALSE,FALSE,FALSE,3,2,1,2_1,754d26af-f184-497c-856a-cd1ea7a5115c,NA
1,105252300,105252300,1,snv_mnv,NA,NA,"broad,muse,sanger",3,COSN16632572,NA,L1M3d,FALSE,0.0893,NA,5,51,NA,NA,NA,IGR,FALSE,FALSE,FALSE,FALSE,3,2,1,2_1,754d26af-f184-497c-856a-cd1ea7a5115c,NA
1,106054939,106054939,1,snv_mnv,NA,NA,"broad,dkfz,muse,sanger",4,COSN16630174,NA,NA,FALSE,0.0943,NA,5,48,NA,NA,NA,IGR,FALSE,FALSE,TRUE,FALSE,3,2,1,2_1,754d26af-f184-497c-856a-cd1ea7a5115c,NA
1,106250342,106250342,1,snv_mnv,NA,NA,"broad,muse,sanger",3,COSN16630986,NA,L1MC5,FALSE,0.2308,NA,6,20,NA,NA,NA,IGR,FALSE,FALSE,FALSE,FALSE,3,2,1,2_1,754d26af-f184-497c-856a-cd1ea7a5115c,NA
1,106338196,106338196,1,snv_mnv,NA,NA,"broad,dkfz,muse,sanger",4,COSN16631308,NA,NA,FALSE,0.1111,NA,5,40,NA,NA,NA,IGR,FALSE,FALSE,FALSE,FALSE,3,2,1,2_1,754d26af-f184-497c-856a-cd1ea7a5115c,NA
1,106379323,106379323,1,snv_mnv,NA,NA,"broad,dkfz,muse,sanger",4,COSN16630386,NA,NA,FALSE,0.1351,NA,10,64,NA,NA,NA,IGR,FALSE,FALSE,FALSE,FALSE,3,2,1,2_1,754d26af-f184-497c-856a-cd1ea7a5115c,NA
1,106539188,106539188,1,snv_mnv,NA,NA,"broad,dkfz,muse,sanger",4,COSN16632003,NA,NA,FALSE,0.1316,NA,10,66,NA,NA,NA,IGR,FALSE,FALSE,FALSE,FALSE,3,2,1,2_1,754d26af-f184-497c-856a-cd1ea7a5115c,NA
1,106723296,106723296,1,snv_mnv,NA,NA,"broad,muse,sanger",3,COSN16629758,NA,MER44A,FALSE,0.069,NA,4,54,NA,NA,NA,IGR,FALSE,FALSE,FALSE,FALSE,3,2,1,2_1,754d26af-f184-497c-856a-cd1ea7a5115c,NA
1,107250332,107250332,1,snv_mnv,NA,NA,"broad,dkfz,muse,sanger",4,COSN16632140,NA,L1PA16,FALSE,0.125,NA,8,56,NA,NA,NA,IGR,FALSE,FALSE,FALSE,FALSE,3,2,1,2_1,754d26af-f184-497c-856a-cd1ea7a5115c,NA
1,107749152,107749152,1,snv_mnv,NA,NA,"broad,dkfz,muse,sanger",4,COSN16629960,NA,L2c,FALSE,0.1385,NA,9,56,NA,NA,NA,Intron,FALSE,FALSE,TRUE,FALSE,3,2,1,2_1,754d26af-f184-497c-856a-cd1ea7a5115c,NA
1,108112644,108112644,1,snv_mnv,3.9936e-4,rs185080950,"broad,dkfz,muse,sanger",4,COSN16631663,rs185080950,HERVL-int,FALSE,0.1167,NA,7,53,NA,NA,NA,IGR,FALSE,FALSE,FALSE,FALSE,3,2,1,2_1,754d26af-f184-497c-856a-cd1ea7a5115c,VAV3
1,108296006,108296006,1,snv_mnv,NA,NA,"broad,dkfz,muse,sanger",4,COSN16631948,NA,L1MB3,FALSE,0.1,NA,9,81,NA,NA,NA,Intron,FALSE,FALSE,FALSE,FALSE,3,2,1,2_1,754d26af-f184-497c-856a-cd1ea7a5115c,VAV3
1,109729316,109729316,1,snv_mnv,NA,NA,"broad,muse",2,COSN16631202,NA,NA,FALSE,0.0678,NA,4,55,NA,NA,NA,Intron,FALSE,FALSE,FALSE,FALSE,3,2,1,2_1,754d26af-f184-497c-856a-cd1ea7a5115c,KIAA1324
1,110383378,110383378,1,snv_mnv,NA,NA,"broad,dkfz,muse,sanger",4,COSN16632315,NA,L1MB8,FALSE,0.2029,NA,14,55,NA,NA,NA,lincRNA,FALSE,FALSE,FALSE,FALSE,3,2,1,2_1,754d26af-f184-497c-856a-cd1ea7a5115c,NA
1,110637295,110637295,1,snv_mnv,NA,NA,"broad,dkfz,muse,sanger",4,COSN16632453,NA,NA,FALSE,0.186,NA,8,35,NA,NA,NA,RNA,FALSE,FALSE,FALSE,FALSE,3,2,1,2_1,754d26af-f184-497c-856a-cd1ea7a5115c,NA
1,111226172,111226172,1,snv_mnv,NA,NA,"broad,dkfz,muse,sanger",4,COSN16630578,NA,NA,FALSE,0.1892,NA,14,60,NA,NA,NA,IGR,FALSE,FALSE,FALSE,FALSE,3,2,1,2_1,754d26af-f184-497c-856a-cd1ea7a5115c,NA
1,111273023,111273023,1,snv_mnv,NA,NA,"broad,dkfz,muse,sanger",4,COSN16630175,NA,LTR1D,FALSE,0.1111,NA,6,48,NA,NA,NA,IGR,FALSE,FALSE,FALSE,FALSE,3,2,1,2_1,754d26af-f184-497c-856a-cd1ea7a5115c,NA
1,111854675,111854675,1,snv_mnv,NA,NA,"broad,dkfz,muse,sanger",4,COSN16629791,NA,NA,FALSE,0.1481,NA,8,46,NA,NA,NA,Intron,FALSE,FALSE,FALSE,FALSE,3,2,1,2_1,754d26af-f184-497c-856a-cd1ea7a5115c,NA
1,113094103,113094103,1,snv_mnv,NA,NA,"broad,sanger",2,COSN16630227,NA,MER58A,FALSE,0.0909,NA,4,40,NA,NA,NA,Intron,FALSE,FALSE,FALSE,FALSE,3,2,1,2_1,754d26af-f184-497c-856a-cd1ea7a5115c,NA
1,113650082,113650082,1,snv_mnv,3.9936e-4,rs530206025,"broad,muse,sanger",3,COSN16631778,rs530206025,L1MC4,FALSE,0.0625,NA,5,75,NA,NA,NA,Intron,FALSE,FALSE,FALSE,FALSE,3,2,1,2_1,754d26af-f184-497c-856a-cd1ea7a5115c,NA
1,115962042,115962042,1,snv_mnv,NA,NA,"broad,dkfz,muse,sanger",4,COSN16631828,NA,NA,FALSE,0.1176,NA,6,45,NA,NA,NA,IGR,FALSE,FALSE,FALSE,FALSE,3,2,1,2_1,754d26af-f184-497c-856a-cd1ea7a5115c,NA
1,116592193,116592193,1,snv_mnv,NA,NA,"broad,dkfz,muse,sanger",4,COSN16629987,NA,L1PB1,FALSE,0.1562,NA,10,54,NA,NA,NA,Intron,FALSE,FALSE,FALSE,FALSE,3,2,1,2_1,754d26af-f184-497c-856a-cd1ea7a5115c,NA
1,116631880,116631880,1,snv_mnv,NA,NA,"broad,muse,sanger",3,COSN16631157,NA,L1PB3,FALSE,0.0714,NA,5,65,NA,NA,NA,IGR,FALSE,FALSE,FALSE,FALSE,3,2,1,2_1,754d26af-f184-497c-856a-cd1ea7a5115c,NA
1,116731774,116731774,1,snv_mnv,NA,NA,"broad,dkfz,muse,sanger",4,COSN16630513,rs773588160,L1MA3,FALSE,0.1111,NA,7,56,NA,NA,NA,IGR,FALSE,FALSE,FALSE,FALSE,3,2,1,2_1,754d26af-f184-497c-856a-cd1ea7a5115c,NA
1,117364689,117364689,1,snv_mnv,NA,NA,"broad,dkfz,muse,sanger",4,COSN16629413,NA,MLT1A0,FALSE,0.0857,NA,6,64,NA,NA,NA,IGR,FALSE,FALSE,FALSE,FALSE,3,2,1,2_1,754d26af-f184-497c-856a-cd1ea7a5115c,NA
1,118448509,118448509,1,snv_mnv,NA,NA,"broad,muse,sanger",3,COSN16633132,NA,MIR,FALSE,0.0714,NA,6,78,NA,NA,NA,Intron,FALSE,FALSE,FALSE,FALSE,3,2,1,2_1,754d26af-f184-497c-856a-cd1ea7a5115c,NA
1,118470895,118470895,1,snv_mnv,NA,NA,"broad,dkfz,muse,sanger",4,COSN16633244,NA,LTR37A,FALSE,0.4035,NA,23,34,NA,NA,NA,Intron,FALSE,FALSE,FALSE,FALSE,3,2,1,2_1,754d26af-f184-497c-856a-cd1ea7a5115c,WDR3
1,119435668,119435668,1,snv_mnv,NA,NA,"broad,dkfz,muse,sanger",4,COSN16629437,NA,AluSz,FALSE,0.1818,NA,10,45,NA,NA,NA,Intron,FALSE,FALSE,FALSE,FALSE,3,2,1,2_1,754d26af-f184-497c-856a-cd1ea7a5115c,NA
1,120176915,120176915,1,snv_mnv,NA,NA,"broad,dkfz,muse,sanger",4,COSN16629588,NA,NA,FALSE,0.3019,NA,16,37,NA,NA,NA,Intron,FALSE,FALSE,FALSE,FALSE,3,2,1,2_1,754d26af-f184-497c-856a-cd1ea7a5115c,NA
1,145161934,145161934,1,snv_mnv,NA,NA,"broad,muse,sanger",3,COSN16630228,NA,AluY,FALSE,0.0723,NA,6,77,NA,NA,NA,IGR,FALSE,FALSE,FALSE,FALSE,5,3,2,3_2,754d26af-f184-497c-856a-cd1ea7a5115c,NA
1,145715963,145715963,1,snv_mnv,NA,NA,"broad,muse",2,COSN16629163,NA,NA,FALSE,0.0571,NA,4,66,NA,NA,NA,5'Flank,FALSE,FALSE,FALSE,FALSE,5,3,2,3_2,754d26af-f184-497c-856a-cd1ea7a5115c,CD160
1,146816524,146816524,1,snv_mnv,NA,NA,"broad,dkfz,muse,sanger",4,COSN16631181,NA,L1PA5,FALSE,0.1833,NA,11,49,NA,NA,NA,IGR,FALSE,FALSE,FALSE,FALSE,5,3,2,3_2,754d26af-f184-497c-856a-cd1ea7a5115c,NA
1,147058985,147058985,1,snv_mnv,NA,NA,"broad,dkfz,muse,sanger",4,COSN16632271,NA,NA,FALSE,0.1667,NA,6,30,NA,NA,NA,Intron,FALSE,FALSE,FALSE,FALSE,5,3,2,3_2,754d26af-f184-497c-856a-cd1ea7a5115c,NA
1,149048732,149048732,1,snv_mnv,NA,NA,"broad,muse",2,COSN16632751,NA,(TTAA)n,FALSE,0.1143,NA,4,31,NA,NA,NA,IGR,FALSE,FALSE,FALSE,FALSE,5,3,2,3_2,754d26af-f184-497c-856a-cd1ea7a5115c,NA
1,149183017,149183017,1,snv_mnv,NA,NA,"broad,muse,sanger",3,COSN16630067,NA,LOR1-int,FALSE,0.0847,NA,5,54,NA,NA,NA,IGR,FALSE,FALSE,FALSE,FALSE,5,3,2,3_2,754d26af-f184-497c-856a-cd1ea7a5115c,NA
1,149203934,149203934,1,snv_mnv,NA,NA,"broad,dkfz,muse,sanger",4,COSN16630068,NA,NA,FALSE,0.1633,NA,8,41,NA,NA,NA,IGR,FALSE,FALSE,FALSE,FALSE,5,3,2,3_2,754d26af-f184-497c-856a-cd1ea7a5115c,NA
1,149911335,149911335,1,snv_mnv,NA,NA,"broad,dkfz,muse,sanger",4,COSN16630229,NA,NA,FALSE,0.2642,NA,14,39,NA,NA,NA,3'UTR,FALSE,FALSE,FALSE,FALSE,5,3,2,3_2,754d26af-f184-497c-856a-cd1ea7a5115c,MTMR11
1,150441747,150441747,1,snv_mnv,NA,NA,"broad,muse,sanger",3,COSN16631309,NA,AT_rich,FALSE,0.093,NA,4,39,NA,NA,NA,Intron,FALSE,FALSE,TRUE,FALSE,5,3,2,3_2,754d26af-f184-497c-856a-cd1ea7a5115c,NA
1,153116533,153116533,1,snv_mnv,NA,NA,"broad,dkfz,muse,sanger",4,COSN16630323,NA,NA,FALSE,0.102,NA,5,44,NA,NA,NA,5'Flank,FALSE,FALSE,FALSE,FALSE,5,3,2,3_2,754d26af-f184-497c-856a-cd1ea7a5115c,SPRR2C
1,153243587,153243587,1,snv_mnv,NA,NA,"broad,dkfz,muse,sanger",4,COSN16632141,NA,L1MA8,FALSE,0.2188,NA,14,50,NA,NA,NA,IGR,FALSE,FALSE,FALSE,FALSE,5,3,2,3_2,754d26af-f184-497c-856a-cd1ea7a5115c,NA
1,153563441,153563441,1,snv_mnv,NA,NA,"broad,dkfz,muse,sanger",4,COSN16631116,NA,AluJo,FALSE,0.2037,NA,11,43,NA,NA,NA,IGR,FALSE,FALSE,FALSE,FALSE,5,3,2,3_2,754d26af-f184-497c-856a-cd1ea7a5115c,NA
1,154217512,154217512,1,snv_mnv,NA,NA,"broad,dkfz,muse",3,COSN16630176,NA,AluSx1,FALSE,0.125,NA,7,49,NA,NA,NA,Intron,FALSE,FALSE,TRUE,FALSE,5,3,2,3_2,754d26af-f184-497c-856a-cd1ea7a5115c,UBAP2L
1,157037259,157037259,1,snv_mnv,NA,NA,"broad,dkfz,muse,sanger",4,COSN16632454,NA,L1MB4,FALSE,0.2754,NA,19,50,NA,NA,NA,IGR,FALSE,FALSE,FALSE,FALSE,5,3,2,3_2,754d26af-f184-497c-856a-cd1ea7a5115c,NA
1,157561821,157561821,1,snv_mnv,NA,NA,"broad,muse,sanger",3,COSN16632752,NA,L1PA6,FALSE,0.2222,NA,12,42,NA,NA,NA,Intron,FALSE,FALSE,FALSE,FALSE,5,3,2,3_2,754d26af-f184-497c-856a-cd1ea7a5115c,FCRL4
1,158239390,158239390,1,snv_mnv,NA,NA,"broad,dkfz,muse,sanger",4,COSN16629988,NA,L1PB2,FALSE,0.125,NA,8,56,NA,NA,NA,IGR,FALSE,FALSE,FALSE,FALSE,5,3,2,3_2,754d26af-f184-497c-856a-cd1ea7a5115c,HMGN1P5
1,158248796,158248796,1,snv_mnv,NA,NA,"broad,dkfz,muse,sanger",4,COSN16629670,NA,L1P1,FALSE,0.1358,NA,11,70,NA,NA,NA,IGR,FALSE,FALSE,FALSE,FALSE,5,3,2,3_2,754d26af-f184-497c-856a-cd1ea7a5115c,NA
1,158993713,158993713,1,snv_mnv,NA,NA,"broad,dkfz,muse,sanger",4,COSN16629464,rs747450069,HERVIP10FH-int,FALSE,0.2241,NA,13,45,NA,NA,NA,Intron,FALSE,FALSE,FALSE,FALSE,5,3,2,3_2,754d26af-f184-497c-856a-cd1ea7a5115c,IFI16
1,159109350,159109350,1,snv_mnv,NA,NA,"dkfz,muse,sanger",3,COSN16629245,NA,NA,FALSE,0.129,NA,8,54,NA,NA,NA,Intron,FALSE,FALSE,FALSE,FALSE,5,3,2,3_2,754d26af-f184-497c-856a-cd1ea7a5115c,NA
1,159561441,159561441,1,snv_mnv,NA,NA,"broad,muse",2,COSN16631779,NA,LTR78,FALSE,0.0725,NA,5,64,NA,NA,NA,IGR,FALSE,FALSE,FALSE,FALSE,5,3,2,3_2,754d26af-f184-497c-856a-cd1ea7a5115c,APCS
1,159692676,159692676,1,snv_mnv,NA,NA,"broad,dkfz,muse,sanger",4,COSN16629007,NA,MER11B,FALSE,0.0984,NA,6,55,NA,NA,NA,IGR,FALSE,FALSE,FALSE,FALSE,5,3,2,3_2,754d26af-f184-497c-856a-cd1ea7a5115c,NA
1,160832831,160832831,1,snv_mnv,NA,NA,"broad,dkfz,muse,sanger",4,COSN16629759,NA,NA,FALSE,0.1818,NA,8,36,NA,NA,NA,5'Flank,FALSE,FALSE,FALSE,FALSE,5,3,2,3_2,754d26af-f184-497c-856a-cd1ea7a5115c,CD244
1,161671835,161671835,1,snv_mnv,0.0021965,rs576844462,"broad,dkfz,muse,sanger",4,COSN7180889,rs576844462,L1ME1,FALSE,0.1528,NA,11,61,NA,NA,NA,RNA,FALSE,FALSE,FALSE,FALSE,5,3,2,3_2,754d26af-f184-497c-856a-cd1ea7a5115c,"RF00019,FCRLA"
1,161690486,161690486,1,snv_mnv,NA,NA,"broad,dkfz,muse,sanger",4,COSN16631460,NA,NA,FALSE,0.1111,NA,7,56,NA,NA,NA,5'Flank,FALSE,FALSE,FALSE,FALSE,5,3,2,3_2,754d26af-f184-497c-856a-cd1ea7a5115c,FCRLB
1,162310498,162310498,1,snv_mnv,NA,NA,"broad,dkfz,muse,sanger",4,COSN16630387,NA,NA,FALSE,0.1549,NA,11,60,NA,NA,NA,Intron,FALSE,FALSE,FALSE,FALSE,5,3,2,3_2,754d26af-f184-497c-856a-cd1ea7a5115c,"RNA5SP61,MIR556"
1,162329399,162329399,1,snv_mnv,NA,NA,"broad,dkfz,muse,sanger",4,COSN16632835,NA,NA,FALSE,0.2273,NA,20,68,NA,NA,NA,Intron,FALSE,FALSE,FALSE,FALSE,5,3,2,3_2,754d26af-f184-497c-856a-cd1ea7a5115c,NOS1AP
1,166069751,166069751,1,snv_mnv,NA,NA,"broad,dkfz,muse,sanger",4,COSN16633035,NA,L1PA4,FALSE,0.1556,NA,7,38,NA,NA,NA,Intron,FALSE,FALSE,FALSE,FALSE,5,3,2,3_2,754d26af-f184-497c-856a-cd1ea7a5115c,NA
1,166278592,166278592,1,snv_mnv,NA,NA,"broad,muse,sanger",3,COSN16632661,NA,L1MC1,FALSE,0.0588,NA,4,64,NA,NA,NA,IGR,FALSE,FALSE,TRUE,FALSE,5,3,2,3_2,754d26af-f184-497c-856a-cd1ea7a5115c,NA
1,166376439,166376439,1,snv_mnv,1.9968e-4,rs558992082,"broad,dkfz,muse,sanger",4,COSN16630579,rs558992082,L1PA4,FALSE,0.119,NA,10,74,NA,NA,NA,lincRNA,FALSE,FALSE,FALSE,FALSE,5,3,2,3_2,754d26af-f184-497c-856a-cd1ea7a5115c,NA
1,166476229,166476229,1,snv_mnv,NA,NA,"broad,dkfz,muse,sanger",4,COSN16631158,NA,L1M4,FALSE,0.0769,NA,6,72,NA,NA,NA,IGR,FALSE,FALSE,FALSE,FALSE,5,3,2,3_2,754d26af-f184-497c-856a-cd1ea7a5115c,NA
1,166721155,166721155,1,snv_mnv,NA,NA,"broad,muse",2,COSN16629573,NA,L1MEg,FALSE,0.0526,NA,4,72,NA,NA,NA,IGR,FALSE,FALSE,FALSE,FALSE,5,3,2,3_2,754d26af-f184-497c-856a-cd1ea7a5115c,RPL4P2
1,168069848,168069848,1,snv_mnv,NA,NA,"broad,dkfz,muse,sanger",4,COSN16632513,NA,NA,FALSE,0.2292,NA,11,37,NA,NA,NA,Intron,FALSE,FALSE,FALSE,FALSE,5,3,2,3_2,754d26af-f184-497c-856a-cd1ea7a5115c,NA
1,168212588,168212588,1,snv_mnv,NA,NA,"broad,dkfz,muse,sanger",4,COSN16632630,NA,NA,FALSE,0.1481,NA,8,46,NA,NA,NA,3'UTR,FALSE,FALSE,FALSE,FALSE,5,3,2,3_2,754d26af-f184-497c-856a-cd1ea7a5115c,"SFT2D2,ANKRD36BP1"
1,168561808,168561808,1,snv_mnv,NA,NA,"broad,muse",2,COSN16633067,NA,(CA)n,FALSE,0.1486,NA,11,63,NA,NA,NA,IGR,FALSE,FALSE,FALSE,FALSE,5,3,2,3_2,754d26af-f184-497c-856a-cd1ea7a5115c,NA
1,168619648,168619648,1,snv_mnv,NA,NA,"broad,dkfz,muse,sanger",4,COSN16630466,NA,MIRb,FALSE,0.0667,NA,6,84,NA,NA,NA,IGR,FALSE,FALSE,FALSE,FALSE,5,3,2,3_2,754d26af-f184-497c-856a-cd1ea7a5115c,NA
1,170354944,170354944,1,snv_mnv,NA,NA,"broad,dkfz,muse,sanger",4,COSN16630467,NA,L1MA1,FALSE,0.1695,NA,10,49,NA,NA,NA,IGR,FALSE,FALSE,FALSE,FALSE,5,3,2,3_2,754d26af-f184-497c-856a-cd1ea7a5115c,NA
1,170422585,170422585,1,snv_mnv,NA,NA,"broad,muse,sanger",3,COSN16629696,NA,L1PA7,FALSE,0.0727,NA,4,51,NA,NA,NA,IGR,FALSE,FALSE,FALSE,FALSE,5,3,2,3_2,754d26af-f184-497c-856a-cd1ea7a5115c,NA
1,172400606,172400606,1,snv_mnv,NA,NA,"broad,dkfz,muse,sanger",4,COSN16630177,NA,Tigger1,FALSE,0.1636,NA,9,46,NA,NA,NA,Intron,FALSE,FALSE,FALSE,FALSE,5,3,2,3_2,754d26af-f184-497c-856a-cd1ea7a5115c,C1orf105
1,172657452,172657452,1,snv_mnv,NA,NA,"broad,muse,sanger",3,COSN16632599,NA,MLT2A1,FALSE,0.082,NA,5,56,NA,NA,NA,IGR,FALSE,FALSE,FALSE,FALSE,5,3,2,3_2,754d26af-f184-497c-856a-cd1ea7a5115c,NA
1,173444736,173444736,1,snv_mnv,NA,NA,"broad,muse",2,COSN16632249,NA,NA,FALSE,0.0702,NA,4,53,NA,NA,NA,5'Flank,FALSE,FALSE,FALSE,FALSE,5,3,2,3_2,754d26af-f184-497c-856a-cd1ea7a5115c,PRDX6
1,174278665,174278665,1,snv_mnv,NA,NA,"broad,dkfz,muse,sanger",4,COSN16630137,NA,L1MB5,FALSE,0.1222,NA,11,79,NA,NA,NA,Intron,FALSE,FALSE,TRUE,FALSE,5,3,2,3_2,754d26af-f184-497c-856a-cd1ea7a5115c,NA
1,175235901,175235901,1,snv_mnv,0.0039936,rs116482920,"broad,dkfz,muse,sanger",4,COSN16630291,rs116482920,MER21B,FALSE,0.1429,NA,10,60,NA,NA,NA,IGR,FALSE,FALSE,FALSE,FALSE,5,3,2,3_2,754d26af-f184-497c-856a-cd1ea7a5115c,NA
1,175248540,175248540,1,snv_mnv,NA,NA,"broad,dkfz,muse,sanger",4,COSN16629383,NA,L1MEg,FALSE,0.087,NA,6,63,NA,NA,NA,IGR,FALSE,FALSE,FALSE,FALSE,5,3,2,3_2,754d26af-f184-497c-856a-cd1ea7a5115c,NA
1,175669598,175669598,1,snv_mnv,NA,NA,"broad,muse,sanger",3,COSN16631751,NA,NA,FALSE,0.0625,NA,4,60,NA,NA,NA,Intron,FALSE,FALSE,FALSE,FALSE,5,3,2,3_2,754d26af-f184-497c-856a-cd1ea7a5115c,NA
1,177099352,177099352,1,snv_mnv,NA,NA,"broad,dkfz,muse,sanger",4,COSN16629278,NA,NA,FALSE,0.1806,NA,13,59,NA,NA,NA,Intron,FALSE,FALSE,FALSE,FALSE,5,3,2,3_2,754d26af-f184-497c-856a-cd1ea7a5115c,NA
1,177579031,177579031,1,snv_mnv,NA,NA,"broad,dkfz,muse,sanger",4,COSN16631117,NA,L1M5,FALSE,0.1139,NA,9,70,NA,NA,NA,IGR,FALSE,FALSE,FALSE,FALSE,5,3,2,3_2,754d26af-f184-497c-856a-cd1ea7a5115c,NA
1,179926950,179926950,1,snv_mnv,NA,NA,"broad,dkfz,muse,sanger",4,COSN16632514,NA,NA,FALSE,0.2329,NA,17,56,NA,NA,NA,Intron,FALSE,FALSE,FALSE,FALSE,5,3,2,3_2,754d26af-f184-497c-856a-cd1ea7a5115c,AL353708.1
1,180576076,180576076,1,snv_mnv,NA,NA,"broad,dkfz,muse,sanger",4,COSN16632573,NA,L1MB7,FALSE,0.2299,NA,20,67,NA,NA,NA,IGR,FALSE,FALSE,FALSE,FALSE,5,3,2,3_2,754d26af-f184-497c-856a-cd1ea7a5115c,NA
1,182045650,182045650,1,snv_mnv,NA,NA,"broad,dkfz,muse,sanger",4,COSN16628985,NA,L1MB3,FALSE,0.1579,NA,12,64,NA,NA,NA,IGR,FALSE,FALSE,FALSE,FALSE,5,3,2,3_2,754d26af-f184-497c-856a-cd1ea7a5115c,NA
1,182413248,182413248,1,snv_mnv,NA,NA,"broad,dkfz,muse,sanger",4,COSN16631920,NA,NA,FALSE,0.25,NA,12,36,NA,NA,NA,IGR,FALSE,FALSE,FALSE,FALSE,5,3,2,3_2,754d26af-f184-497c-856a-cd1ea7a5115c,"RGSL1,TEDDM2P"
1,182580081,182580081,1,snv_mnv,NA,NA,"broad,dkfz,muse,sanger",4,COSN16630987,NA,NA,FALSE,0.28,NA,14,36,NA,NA,NA,IGR,FALSE,FALSE,FALSE,FALSE,5,3,2,3_2,754d26af-f184-497c-856a-cd1ea7a5115c,LINC01686
1,184364409,184364409,1,snv_mnv,NA,NA,"broad,dkfz,muse,sanger",4,COSN16632364,NA,NA,FALSE,0.1667,NA,8,40,NA,NA,NA,Intron,FALSE,FALSE,FALSE,FALSE,5,3,2,3_2,754d26af-f184-497c-856a-cd1ea7a5115c,NA
1,184611155,184611155,1,snv_mnv,NA,NA,"broad,dkfz,muse",3,COSN16631724,NA,NA,FALSE,0.2903,NA,18,44,NA,NA,NA,IGR,FALSE,FALSE,FALSE,FALSE,5,3,2,3_2,754d26af-f184-497c-856a-cd1ea7a5115c,NA
1,185580492,185580492,1,snv_mnv,NA,NA,"broad,dkfz,muse,sanger",4,COSN16630438,NA,NA,FALSE,0.0568,NA,5,83,NA,NA,NA,lincRNA,FALSE,FALSE,FALSE,FALSE,5,3,2,3_2,754d26af-f184-497c-856a-cd1ea7a5115c,NA
1,186094807,186094807,1,snv_mnv,0.0031949,rs141096306,"dkfz,muse,sanger",3,COSM4962667,rs141096306,NA,FALSE,0.1023,NA,9,79,NA,NA,NA,Missense_Mutation,FALSE,FALSE,FALSE,FALSE,5,3,2,3_2,754d26af-f184-497c-856a-cd1ea7a5115c,NA
1,187379106,187379106,1,snv_mnv,NA,NA,"broad,dkfz,muse,sanger",4,COSN16631341,NA,NA,FALSE,0.2222,NA,16,56,NA,NA,NA,IGR,FALSE,FALSE,FALSE,FALSE,5,3,2,3_2,754d26af-f184-497c-856a-cd1ea7a5115c,NA
1,187441075,187441075,1,snv_mnv,NA,NA,"broad,dkfz,muse,sanger",4,COSN16631342,NA,NA,FALSE,0.0706,NA,6,79,NA,NA,NA,lincRNA,FALSE,FALSE,FALSE,FALSE,5,3,2,3_2,754d26af-f184-497c-856a-cd1ea7a5115c,NA
1,187508044,187508044,1,snv_mnv,NA,NA,"broad,dkfz,muse,sanger",4,COSN16629246,NA,NA,FALSE,0.1231,NA,8,57,NA,NA,NA,IGR,FALSE,FALSE,FALSE,FALSE,5,3,2,3_2,754d26af-f184-497c-856a-cd1ea7a5115c,NA
1,187935024,187935024,1,snv_mnv,NA,NA,"broad,dkfz,muse,sanger",4,COSN16632250,NA,NA,FALSE,0.0723,NA,6,77,NA,NA,NA,IGR,FALSE,FALSE,FALSE,FALSE,5,3,2,3_2,754d26af-f184-497c-856a-cd1ea7a5115c,NA
1,188406495,188406495,1,snv_mnv,NA,NA,"broad,muse,sanger",3,COSN16632316,NA,L1MCa,FALSE,0.0968,NA,6,56,NA,NA,NA,IGR,FALSE,FALSE,FALSE,FALSE,5,3,2,3_2,754d26af-f184-497c-856a-cd1ea7a5115c,NA
1,188457619,188457619,1,snv_mnv,NA,NA,"broad,dkfz,muse,sanger",4,COSN16629132,NA,Tigger2,FALSE,0.12,NA,9,66,NA,NA,NA,IGR,FALSE,FALSE,FALSE,FALSE,5,3,2,3_2,754d26af-f184-497c-856a-cd1ea7a5115c,NA
1,188768674,188768674,1,snv_mnv,NA,NA,"broad,dkfz,muse,sanger",4,COSN16632631,rs755241778,AluSx1,FALSE,0.1154,NA,6,46,NA,NA,NA,IGR,FALSE,FALSE,FALSE,FALSE,5,3,2,3_2,754d26af-f184-497c-856a-cd1ea7a5115c,NA
1,188825224,188825224,1,snv_mnv,NA,NA,"broad,muse,sanger",3,COSN16633305,NA,L1ME2,FALSE,0.0568,NA,5,83,NA,NA,NA,IGR,FALSE,FALSE,TRUE,FALSE,5,3,2,3_2,754d26af-f184-497c-856a-cd1ea7a5115c,NA
1,188944676,188944676,1,snv_mnv,NA,NA,"broad,dkfz,muse,sanger",4,COSN16630041,NA,NA,FALSE,0.1724,NA,10,48,NA,NA,NA,lincRNA,FALSE,FALSE,FALSE,FALSE,5,3,2,3_2,754d26af-f184-497c-856a-cd1ea7a5115c,NA
1,189116084,189116084,1,snv_mnv,NA,NA,"broad,muse,sanger",3,COSN16630178,NA,NA,FALSE,0.0526,NA,4,72,NA,NA,NA,IGR,FALSE,FALSE,FALSE,FALSE,5,3,2,3_2,754d26af-f184-497c-856a-cd1ea7a5115c,NA
1,189163286,189163286,1,snv_mnv,NA,NA,"broad,muse",2,COSN16631829,NA,L2,FALSE,0.0685,NA,5,68,NA,NA,NA,IGR,FALSE,FALSE,FALSE,FALSE,5,3,2,3_2,754d26af-f184-497c-856a-cd1ea7a5115c,NA
1,189278048,189278048,1,snv_mnv,NA,NA,"broad,dkfz,muse,sanger",4,COSN16631019,NA,L1ME3B,FALSE,0.1649,NA,16,81,NA,NA,NA,IGR,FALSE,FALSE,FALSE,FALSE,5,3,2,3_2,754d26af-f184-497c-856a-cd1ea7a5115c,NA
1,189389457,189389457,1,snv_mnv,NA,NA,"broad,dkfz,muse,sanger",4,COSN16629848,NA,NA,FALSE,0.0857,NA,6,64,NA,NA,NA,IGR,FALSE,FALSE,FALSE,FALSE,5,3,2,3_2,754d26af-f184-497c-856a-cd1ea7a5115c,NA
1,189914036,189914036,1,snv_mnv,NA,NA,"broad,dkfz,muse,sanger",4,COSN16632971,NA,NA,FALSE,0.119,NA,10,74,NA,NA,NA,IGR,FALSE,FALSE,TRUE,FALSE,5,3,2,3_2,754d26af-f184-497c-856a-cd1ea7a5115c,NA
1,190031089,190031089,1,snv_mnv,NA,NA,"broad,dkfz,muse,sanger",4,COSN16630607,NA,L1PA16,FALSE,0.2222,NA,20,70,NA,NA,NA,IGR,FALSE,FALSE,FALSE,FALSE,5,3,2,3_2,754d26af-f184-497c-856a-cd1ea7a5115c,NA
1,190083568,190083568,1,snv_mnv,NA,NA,"broad,dkfz,sanger",3,COSN16630866,NA,NA,FALSE,0.0946,NA,7,67,NA,NA,NA,Intron,FALSE,FALSE,FALSE,FALSE,5,3,2,3_2,754d26af-f184-497c-856a-cd1ea7a5115c,NA
1,190110205,190110205,1,snv_mnv,NA,NA,"broad,dkfz,muse,sanger",4,COSN16631970,NA,NA,FALSE,0.2576,NA,17,49,NA,NA,NA,Intron,FALSE,FALSE,FALSE,FALSE,5,3,2,3_2,754d26af-f184-497c-856a-cd1ea7a5115c,NA
1,190139597,190139597,1,snv_mnv,NA,NA,"broad,muse,sanger",3,COSN16632393,NA,NA,FALSE,0.0548,NA,4,69,NA,NA,NA,Intron,FALSE,FALSE,TRUE,FALSE,5,3,2,3_2,754d26af-f184-497c-856a-cd1ea7a5115c,NA
1,190258282,190258282,1,snv_mnv,NA,NA,"broad,dkfz,muse,sanger",4,COSN16632058,NA,NA,FALSE,0.0857,NA,6,64,NA,NA,NA,Intron,FALSE,FALSE,FALSE,FALSE,5,3,2,3_2,754d26af-f184-497c-856a-cd1ea7a5115c,NA
1,190431160,190431160,1,snv_mnv,NA,NA,"broad,dkfz,muse",3,COSN16632859,NA,AluSx,FALSE,0.1475,NA,9,52,NA,NA,NA,Intron,FALSE,FALSE,FALSE,FALSE,5,3,2,3_2,754d26af-f184-497c-856a-cd1ea7a5115c,NA
1,190444825,190444825,1,snv_mnv,NA,NA,"broad,dkfz,muse,sanger",4,COSN16633329,NA,NA,FALSE,0.1569,NA,8,43,NA,NA,NA,Intron,FALSE,FALSE,FALSE,FALSE,5,3,2,3_2,754d26af-f184-497c-856a-cd1ea7a5115c,"LINC01351,BRINP3,AL391645.1"
1,190913354,190913354,1,snv_mnv,NA,NA,"broad,dkfz,muse,sanger",4,COSN16632515,NA,AluSp,FALSE,0.1163,NA,5,38,NA,NA,NA,IGR,FALSE,FALSE,FALSE,FALSE,5,3,2,3_2,754d26af-f184-497c-856a-cd1ea7a5115c,NA
1,191059451,191059451,1,snv_mnv,NA,NA,"broad,dkfz,muse,sanger",4,COSN16633036,NA,MLT1H,FALSE,0.0845,NA,6,65,NA,NA,NA,IGR,FALSE,FALSE,FALSE,FALSE,5,3,2,3_2,754d26af-f184-497c-856a-cd1ea7a5115c,NA
1,191080735,191080735,1,snv_mnv,NA,NA,"broad,dkfz,muse,sanger",4,COSN16629164,NA,NA,FALSE,0.0879,NA,8,83,NA,NA,NA,IGR,FALSE,FALSE,TRUE,FALSE,5,3,2,3_2,754d26af-f184-497c-856a-cd1ea7a5115c,NA
1,191189240,191189240,1,snv_mnv,NA,NA,"broad,dkfz,muse,sanger",4,COSN16632632,NA,NA,FALSE,0.1067,NA,8,67,NA,NA,NA,lincRNA,FALSE,FALSE,FALSE,FALSE,5,3,2,3_2,754d26af-f184-497c-856a-cd1ea7a5115c,LINC01680
1,191219596,191219596,1,snv_mnv,NA,NA,"broad,dkfz,sanger",3,COSN16628872,NA,L1MA4,FALSE,0.1089,NA,11,90,NA,NA,NA,IGR,FALSE,FALSE,FALSE,FALSE,5,3,2,3_2,754d26af-f184-497c-856a-cd1ea7a5115c,NA
1,191357026,191357026,1,snv_mnv,1.9968e-4,rs542964432,"broad,dkfz,muse,sanger",4,COSN16629905,rs542964432,L1MA10,FALSE,0.1385,NA,9,56,NA,NA,NA,IGR,FALSE,FALSE,FALSE,FALSE,5,3,2,3_2,754d26af-f184-497c-856a-cd1ea7a5115c,NA
1,192856469,192856469,1,snv_mnv,NA,NA,"broad,dkfz,muse,sanger",4,COSN16631118,NA,MER21C,FALSE,0.1,NA,7,63,NA,NA,NA,IGR,FALSE,FALSE,FALSE,FALSE,5,3,2,3_2,754d26af-f184-497c-856a-cd1ea7a5115c,NA
1,193169208,193169208,1,snv_mnv,3.9936e-4,rs575905383,"dkfz,sanger",2,COSN16632165,rs575905383,AluJb,FALSE,0.1034,NA,6,52,NA,NA,NA,Intron,FALSE,FALSE,FALSE,TRUE,5,3,2,3_2,754d26af-f184-497c-856a-cd1ea7a5115c,NA
1,193364632,193364632,1,snv_mnv,NA,NA,"broad,dkfz,muse,sanger",4,COSN16628873,NA,MER89,FALSE,0.1569,NA,8,43,NA,NA,NA,IGR,FALSE,FALSE,FALSE,FALSE,5,3,2,3_2,754d26af-f184-497c-856a-cd1ea7a5115c,NA
1,194518527,194518527,1,snv_mnv,NA,NA,"broad,dkfz,muse,sanger",4,COSN16631119,NA,NA,FALSE,0.1746,NA,11,52,NA,NA,NA,IGR,FALSE,FALSE,FALSE,FALSE,5,3,2,3_2,754d26af-f184-497c-856a-cd1ea7a5115c,NA
1,194801846,194801846,1,snv_mnv,NA,NA,"broad,dkfz,muse,sanger",4,COSN16630746,NA,NA,FALSE,0.2727,NA,15,40,NA,NA,NA,IGR,FALSE,FALSE,FALSE,FALSE,5,3,2,3_2,754d26af-f184-497c-856a-cd1ea7a5115c,NA
1,195032853,195032853,1,snv_mnv,NA,NA,"broad,dkfz,muse,sanger",4,COSN16629616,NA,NA,FALSE,0.0575,NA,5,82,NA,NA,NA,IGR,FALSE,FALSE,FALSE,FALSE,5,3,2,3_2,754d26af-f184-497c-856a-cd1ea7a5115c,NA
1,195048555,195048555,1,snv_mnv,NA,NA,"muse,sanger",2,COSN16632425,NA,NA,FALSE,0.069,NA,4,54,NA,NA,NA,IGR,FALSE,FALSE,FALSE,FALSE,5,3,2,3_2,754d26af-f184-497c-856a-cd1ea7a5115c,NA
1,195178076,195178076,1,snv_mnv,NA,NA,"broad,dkfz,muse,sanger",4,COSN16630661,NA,THE1D-int,FALSE,0.0909,NA,7,70,NA,NA,NA,IGR,FALSE,FALSE,TRUE,FALSE,5,3,2,3_2,754d26af-f184-497c-856a-cd1ea7a5115c,NA
1,195312216,195312216,1,snv_mnv,NA,NA,"broad,dkfz,muse,sanger",4,COSN16632633,NA,Tigger4,FALSE,0.07,NA,7,93,NA,NA,NA,IGR,FALSE,FALSE,FALSE,FALSE,5,3,2,3_2,754d26af-f184-497c-856a-cd1ea7a5115c,NA
1,195369245,195369245,1,snv_mnv,NA,NA,"broad,dkfz,muse,sanger",4,COSN16633388,NA,ERV3-16A3_I-int,FALSE,0.2857,NA,24,60,NA,NA,NA,IGR,FALSE,FALSE,FALSE,FALSE,5,3,2,3_2,754d26af-f184-497c-856a-cd1ea7a5115c,NA
1,195379058,195379058,1,snv_mnv,NA,NA,"broad,dkfz,muse,sanger",4,COSN16633208,NA,L1ME1,FALSE,0.1948,NA,15,62,NA,NA,NA,IGR,FALSE,FALSE,FALSE,FALSE,5,3,2,3_2,754d26af-f184-497c-856a-cd1ea7a5115c,NA
1,195547779,195547779,1,snv_mnv,NA,NA,"broad,dkfz,muse,sanger",4,COSN16629935,NA,LTR33A_,FALSE,0.1739,NA,16,76,NA,NA,NA,IGR,FALSE,FALSE,FALSE,FALSE,5,3,2,3_2,754d26af-f184-497c-856a-cd1ea7a5115c,NA
1,195709353,195709353,1,snv_mnv,NA,NA,"broad,dkfz,muse,sanger",4,COSN16633330,NA,NA,FALSE,0.2653,NA,13,36,NA,NA,NA,IGR,FALSE,FALSE,FALSE,FALSE,5,3,2,3_2,754d26af-f184-497c-856a-cd1ea7a5115c,NA
1,195776691,195776691,1,snv_mnv,NA,NA,"broad,dkfz,muse,sanger",4,COSN16629072,NA,MER2B,FALSE,0.1939,NA,19,79,NA,NA,NA,IGR,FALSE,FALSE,FALSE,FALSE,5,3,2,3_2,754d26af-f184-497c-856a-cd1ea7a5115c,NA
1,195863949,195863949,1,snv_mnv,NA,NA,"broad,dkfz,muse,sanger",4,COSN16631203,NA,MER76-int,FALSE,0.1733,NA,13,62,NA,NA,NA,IGR,FALSE,FALSE,FALSE,FALSE,5,3,2,3_2,754d26af-f184-497c-856a-cd1ea7a5115c,NA
1,196237794,196237794,1,snv_mnv,NA,NA,"broad,muse,sanger",3,COSN16630691,NA,LTR52,FALSE,0.0889,NA,4,41,NA,NA,NA,Intron,FALSE,FALSE,FALSE,FALSE,5,3,2,3_2,754d26af-f184-497c-856a-cd1ea7a5115c,NA
1,196663777,196663777,1,snv_mnv,3.9936e-4,rs530400870,"broad,dkfz,muse,sanger",4,COSN16631579,rs530400870,L1PA8,FALSE,0.1912,NA,13,55,NA,NA,NA,Intron,FALSE,FALSE,FALSE,FALSE,5,3,2,3_2,754d26af-f184-497c-856a-cd1ea7a5115c,NA
1,197604623,197604623,1,snv_mnv,NA,NA,"broad,muse,sanger",3,COSN16629936,NA,AluJo,FALSE,0.0735,NA,5,63,NA,NA,NA,Intron,FALSE,FALSE,FALSE,FALSE,5,3,2,3_2,754d26af-f184-497c-856a-cd1ea7a5115c,NA
1,197755598,197755598,1,snv_mnv,NA,NA,"broad,dkfz,muse,sanger",4,COSN16629989,NA,L2a,FALSE,0.1739,NA,12,57,NA,NA,NA,IGR,FALSE,FALSE,FALSE,FALSE,5,3,2,3_2,754d26af-f184-497c-856a-cd1ea7a5115c,NA
1,197996209,197996209,1,snv_mnv,NA,NA,"broad,dkfz,muse,sanger",4,COSN16632692,NA,THE1B,FALSE,0.1765,NA,12,56,NA,NA,NA,IGR,FALSE,FALSE,FALSE,FALSE,5,3,2,3_2,754d26af-f184-497c-856a-cd1ea7a5115c,NA
1,198519281,198519281,1,snv_mnv,NA,NA,"broad,dkfz,muse,sanger",4,COSN16632808,NA,NA,FALSE,0.1739,NA,12,57,NA,NA,NA,IGR,FALSE,FALSE,FALSE,FALSE,5,3,2,3_2,754d26af-f184-497c-856a-cd1ea7a5115c,NA
1,198871124,198871124,1,snv_mnv,NA,NA,"broad,dkfz,muse",3,COSN16629906,NA,NA,FALSE,0.0694,NA,5,67,NA,NA,NA,IGR,FALSE,FALSE,FALSE,FALSE,5,3,2,3_2,754d26af-f184-497c-856a-cd1ea7a5115c,NA
1,199258794,199258794,1,snv_mnv,3.9936e-4,rs189857048,"broad,dkfz,muse,sanger",4,COSN16633157,rs189857048,NA,FALSE,0.1512,NA,13,73,NA,NA,NA,lincRNA,FALSE,FALSE,FALSE,FALSE,5,3,2,3_2,754d26af-f184-497c-856a-cd1ea7a5115c,NA
1,199365398,199365398,1,snv_mnv,NA,NA,"broad,dkfz,muse",3,COSN16630069,NA,L3,FALSE,0.1667,NA,9,45,NA,NA,NA,lincRNA,FALSE,FALSE,FALSE,FALSE,5,3,2,3_2,754d26af-f184-497c-856a-cd1ea7a5115c,AC099673.1
1,199867873,199867873,1,snv_mnv,NA,NA,"broad,dkfz,muse,sanger",4,COSN16631580,NA,NA,FALSE,0.1167,NA,7,53,NA,NA,NA,IGR,FALSE,FALSE,FALSE,FALSE,5,3,2,3_2,754d26af-f184-497c-856a-cd1ea7a5115c,NA
1,200831274,200831274,1,snv_mnv,NA,NA,"broad,dkfz,muse,sanger",4,COSN16632166,NA,NA,FALSE,0.1222,NA,11,79,NA,NA,NA,IGR,FALSE,FALSE,FALSE,FALSE,5,3,2,3_2,754d26af-f184-497c-856a-cd1ea7a5115c,"CAMSAP2,RPL34P6"
1,200930484,200930484,1,snv_mnv,NA,NA,"broad,dkfz,muse,sanger",4,COSN16629728,NA,MER20B,FALSE,0.125,NA,8,56,NA,NA,NA,IGR,FALSE,FALSE,FALSE,FALSE,5,3,2,3_2,754d26af-f184-497c-856a-cd1ea7a5115c,NA
1,201524725,201524725,1,snv_mnv,NA,NA,"broad,muse",2,COSN16631020,NA,NA,FALSE,0.1064,NA,5,42,NA,NA,NA,IGR,FALSE,FALSE,FALSE,FALSE,5,3,2,3_2,754d26af-f184-497c-856a-cd1ea7a5115c,NA
1,201669423,201669423,1,snv_mnv,NA,NA,"broad,dkfz,muse,sanger",4,COSN16630867,NA,L1PA6,FALSE,0.1194,NA,8,59,NA,NA,NA,Intron,FALSE,FALSE,FALSE,FALSE,5,3,2,3_2,754d26af-f184-497c-856a-cd1ea7a5115c,NA
1,201690375,201690375,1,snv_mnv,NA,NA,"broad,dkfz,muse,sanger",4,COSN16631068,NA,NA,FALSE,0.1143,NA,8,62,NA,NA,NA,Intron,FALSE,FALSE,FALSE,FALSE,5,3,2,3_2,754d26af-f184-497c-856a-cd1ea7a5115c,"AL645504.1,MIR5191"
1,202939823,202939823,1,snv_mnv,NA,NA,"broad,dkfz,muse,sanger",4,COSN16629438,NA,L1MC5,FALSE,0.1552,NA,9,49,NA,NA,NA,IGR,FALSE,FALSE,FALSE,FALSE,5,3,2,3_2,754d26af-f184-497c-856a-cd1ea7a5115c,CYB5R1
1,205299204,205299204,1,snv_mnv,NA,NA,"broad,muse,sanger",3,COSN16631254,NA,NA,FALSE,0.093,NA,4,39,NA,NA,NA,IGR,FALSE,FALSE,TRUE,FALSE,5,3,2,3_2,754d26af-f184-497c-856a-cd1ea7a5115c,NA
1,206704864,206704864,1,snv_mnv,NA,NA,"broad,dkfz,muse,sanger",4,COSN16630717,NA,NA,FALSE,0.2174,NA,10,36,NA,NA,NA,Intron,FALSE,FALSE,FALSE,FALSE,5,3,2,3_2,754d26af-f184-497c-856a-cd1ea7a5115c,AC244034.1
1,207889954,207889954,1,snv_mnv,NA,NA,"broad,dkfz,muse,sanger",4,COSN16630901,NA,NA,FALSE,0.0833,NA,7,77,NA,NA,NA,Intron,FALSE,FALSE,FALSE,FALSE,5,3,2,3_2,754d26af-f184-497c-856a-cd1ea7a5115c,NA
1,209384401,209384401,1,snv_mnv,NA,NA,"broad,dkfz,muse,sanger",4,COSN16633362,NA,NA,FALSE,0.2586,NA,15,43,NA,NA,NA,IGR,FALSE,FALSE,FALSE,FALSE,5,3,2,3_2,754d26af-f184-497c-856a-cd1ea7a5115c,NA
1,213618826,213618826,1,snv_mnv,NA,NA,"broad,muse,sanger",3,COSN16633280,NA,NA,FALSE,0.0685,NA,5,68,NA,NA,NA,IGR,FALSE,FALSE,FALSE,FALSE,5,3,2,3_2,754d26af-f184-497c-856a-cd1ea7a5115c,NA
1,216318445,216318445,1,snv_mnv,NA,NA,"broad,dkfz,muse,sanger",4,COSN16632860,NA,NA,FALSE,0.0833,NA,6,66,NA,NA,NA,Intron,FALSE,FALSE,FALSE,FALSE,5,3,2,3_2,754d26af-f184-497c-856a-cd1ea7a5115c,NA
1,216761652,216761652,1,snv_mnv,NA,NA,"broad,dkfz,muse,sanger",4,COSN16633331,NA,NA,FALSE,0.0769,NA,6,72,NA,NA,NA,Intron,FALSE,FALSE,FALSE,FALSE,5,3,2,3_2,754d26af-f184-497c-856a-cd1ea7a5115c,NA
1,216794621,216794621,1,snv_mnv,NA,NA,"broad,dkfz,muse,sanger",4,COSN16631182,NA,NA,FALSE,0.3012,NA,25,58,NA,NA,NA,Intron,FALSE,FALSE,FALSE,FALSE,5,3,2,3_2,754d26af-f184-497c-856a-cd1ea7a5115c,NA
1,217953668,217953668,1,snv_mnv,NA,NA,"broad,dkfz,muse,sanger",4,COSN16629729,NA,NA,FALSE,0.2597,NA,20,57,NA,NA,NA,Intron,FALSE,FALSE,FALSE,TRUE,5,3,2,3_2,754d26af-f184-497c-856a-cd1ea7a5115c,SPATA17-AS1
1,217988024,217988024,1,snv_mnv,NA,NA,"broad,muse",2,COSN19228002,rs543121325,AluJr,FALSE,0.0563,NA,4,67,NA,NA,NA,Intron,FALSE,FALSE,FALSE,FALSE,5,3,2,3_2,754d26af-f184-497c-856a-cd1ea7a5115c,NA
1,218202629,218202629,1,snv_mnv,NA,NA,"broad,dkfz,muse,sanger",4,COSN16629466,NA,NA,FALSE,0.0946,NA,7,67,NA,NA,NA,lincRNA,FALSE,FALSE,FALSE,FALSE,5,3,2,3_2,754d26af-f184-497c-856a-cd1ea7a5115c,AL355526.1
1,219295216,219295216,1,snv_mnv,NA,NA,"broad,muse,sanger",3,COSN16632541,NA,MER5B,FALSE,0.127,NA,8,55,NA,NA,NA,RNA,FALSE,FALSE,FALSE,FALSE,5,3,2,3_2,754d26af-f184-497c-856a-cd1ea7a5115c,NA
1,221299015,221299015,1,snv_mnv,0.0015974,rs189952559,"broad,muse,sanger",3,COSN16632601,rs189952559,L1MC3,FALSE,0.0513,NA,4,74,NA,NA,NA,IGR,FALSE,FALSE,FALSE,FALSE,5,3,2,3_2,754d26af-f184-497c-856a-cd1ea7a5115c,NA
1,222228002,222228002,1,snv_mnv,NA,NA,"broad,dkfz,muse,sanger",4,COSN16631692,NA,NA,FALSE,0.1739,NA,8,38,NA,NA,NA,lincRNA,FALSE,FALSE,FALSE,FALSE,5,3,2,3_2,754d26af-f184-497c-856a-cd1ea7a5115c,NA
1,222727581,222727581,1,snv_mnv,NA,NA,"broad,muse",2,COSN16630921,NA,NA,FALSE,0.0548,NA,4,69,NA,NA,NA,IGR,FALSE,FALSE,FALSE,FALSE,5,3,2,3_2,754d26af-f184-497c-856a-cd1ea7a5115c,TAF1A
1,223254215,223254215,1,snv_mnv,NA,NA,"broad,dkfz,muse",3,COSN16631866,NA,NA,FALSE,0.225,NA,9,31,NA,NA,NA,IGR,FALSE,FALSE,FALSE,FALSE,5,3,2,3_2,754d26af-f184-497c-856a-cd1ea7a5115c,NA
1,223660424,223660424,1,snv_mnv,NA,NA,"broad,muse,sanger",3,COSN16630692,NA,THE1D,FALSE,0.1087,NA,5,41,NA,NA,NA,IGR,FALSE,FALSE,FALSE,FALSE,5,3,2,3_2,754d26af-f184-497c-856a-cd1ea7a5115c,NA
1,225054551,225054551,1,snv_mnv,NA,NA,"broad,dkfz,muse,sanger",4,COSN16632634,NA,LTR37A,FALSE,0.1081,NA,8,66,NA,NA,NA,IGR,FALSE,FALSE,FALSE,FALSE,5,3,2,3_2,754d26af-f184-497c-856a-cd1ea7a5115c,NA
1,225199060,225199060,1,snv_mnv,NA,NA,"broad,dkfz,muse,sanger",4,COSN16629574,NA,L1PA7,FALSE,0.1505,NA,14,79,NA,NA,NA,Intron,FALSE,FALSE,FALSE,FALSE,5,3,2,3_2,754d26af-f184-497c-856a-cd1ea7a5115c,NA
1,226119332,226119332,1,snv_mnv,NA,NA,"broad,dkfz,muse,sanger",4,COSN16632059,NA,MLT1E2,FALSE,0.2381,NA,10,32,NA,NA,NA,IGR,FALSE,FALSE,FALSE,FALSE,5,3,2,3_2,754d26af-f184-497c-856a-cd1ea7a5115c,"AL117348.1,LEFTY2"
1,226407074,226407074,1,snv_mnv,NA,NA,"broad,dkfz,muse,sanger",4,COSN16632602,NA,AluJb,FALSE,0.16,NA,8,42,NA,NA,NA,IGR,FALSE,FALSE,FALSE,FALSE,5,3,2,3_2,754d26af-f184-497c-856a-cd1ea7a5115c,MIXL1
1,227711905,227711905,1,snv_mnv,NA,NA,"broad,dkfz,muse,sanger",4,COSN16632272,NA,NA,FALSE,0.1389,NA,10,62,NA,NA,NA,IGR,FALSE,FALSE,FALSE,FALSE,5,3,2,3_2,754d26af-f184-497c-856a-cd1ea7a5115c,NA
1,231545751,231545751,1,snv_mnv,NA,NA,"broad,dkfz,muse,sanger",4,COSN16631581,NA,NA,FALSE,0.2262,NA,19,65,NA,NA,NA,Intron,FALSE,FALSE,FALSE,FALSE,5,3,2,3_2,754d26af-f184-497c-856a-cd1ea7a5115c,NA
1,232870054,232870054,1,snv_mnv,NA,NA,"broad,dkfz,muse,sanger",4,COSN16630260,NA,NA,FALSE,0.1111,NA,8,64,NA,NA,NA,lincRNA,FALSE,FALSE,FALSE,FALSE,5,3,2,3_2,754d26af-f184-497c-856a-cd1ea7a5115c,NA
1,234460420,234460420,1,snv_mnv,NA,NA,"broad,dkfz,muse,sanger",4,COSN16630261,NA,NA,FALSE,0.1961,NA,10,41,NA,NA,NA,IGR,FALSE,FALSE,FALSE,FALSE,5,3,2,3_2,754d26af-f184-497c-856a-cd1ea7a5115c,SLC35F3
1,235761092,235761092,1,snv_mnv,NA,NA,"broad,dkfz,muse,sanger",4,COSN16632809,NA,AluSx,FALSE,0.1304,NA,6,40,NA,NA,NA,Intron,FALSE,FALSE,TRUE,FALSE,5,3,2,3_2,754d26af-f184-497c-856a-cd1ea7a5115c,GNG4
1,236419539,236419539,1,snv_mnv,NA,NA,"broad,dkfz,muse,sanger",4,COSN16629879,NA,L1M3de,FALSE,0.2245,NA,11,38,NA,NA,NA,Intron,FALSE,FALSE,FALSE,FALSE,5,3,2,3_2,754d26af-f184-497c-856a-cd1ea7a5115c,NA
1,237473592,237473592,1,snv_mnv,NA,NA,"broad,dkfz,muse,sanger",4,COSN16631867,NA,Charlie7,FALSE,0.1358,NA,11,70,NA,NA,NA,Intron,FALSE,FALSE,FALSE,FALSE,5,3,2,3_2,754d26af-f184-497c-856a-cd1ea7a5115c,NA
1,237525467,237525467,1,snv_mnv,NA,NA,"broad,dkfz,muse,sanger",4,COSN16630988,NA,NA,FALSE,0.1316,NA,10,66,NA,NA,NA,Intron,FALSE,FALSE,FALSE,FALSE,5,3,2,3_2,754d26af-f184-497c-856a-cd1ea7a5115c,NA
1,237989185,237989185,1,snv_mnv,NA,NA,"broad,muse",2,COSN16631868,NA,L1PA7,FALSE,0.05,NA,4,76,NA,NA,NA,Intron,FALSE,FALSE,FALSE,FALSE,5,3,2,3_2,754d26af-f184-497c-856a-cd1ea7a5115c,RYR2
1,238609701,238609701,1,snv_mnv,NA,NA,"broad,dkfz,muse,sanger",4,COSN16630353,NA,L1MC3,FALSE,0.1061,NA,7,59,NA,NA,NA,IGR,FALSE,FALSE,FALSE,FALSE,5,3,2,3_2,754d26af-f184-497c-856a-cd1ea7a5115c,NA
1,238639334,238639334,1,snv_mnv,1.9968e-4,rs182183132,"broad,dkfz,muse,sanger",4,COSN16629907,rs182183132,NA,FALSE,0.1014,NA,7,62,NA,NA,NA,IGR,FALSE,FALSE,FALSE,FALSE,5,3,2,3_2,754d26af-f184-497c-856a-cd1ea7a5115c,LINC01139
1,238765263,238765263,1,snv_mnv,NA,NA,"muse,sanger",2,COSN16629880,NA,NA,FALSE,0.0727,NA,4,51,NA,NA,NA,IGR,FALSE,FALSE,FALSE,FALSE,5,3,2,3_2,754d26af-f184-497c-856a-cd1ea7a5115c,NA
1,239235783,239235783,1,snv_mnv,NA,NA,"broad,dkfz,muse,sanger",4,COSN16632542,NA,L1MA2,FALSE,0.1707,NA,14,68,NA,NA,NA,IGR,FALSE,FALSE,FALSE,FALSE,5,3,2,3_2,754d26af-f184-497c-856a-cd1ea7a5115c,NA
1,240248590,240248590,1,snv_mnv,3.9936e-4,rs377354792,"broad,dkfz,muse,sanger",4,COSN16631310,rs377354792,AluSx1,FALSE,0.2292,NA,11,37,NA,NA,NA,IGR,FALSE,FALSE,FALSE,FALSE,5,3,2,3_2,754d26af-f184-497c-856a-cd1ea7a5115c,NA
1,241451503,241451503,1,snv_mnv,NA,NA,"broad,dkfz,muse,sanger",4,COSN16629301,NA,NA,FALSE,0.119,NA,5,37,NA,NA,NA,Intron,FALSE,FALSE,FALSE,FALSE,5,3,2,3_2,754d26af-f184-497c-856a-cd1ea7a5115c,NA
1,241531754,241531754,1,snv_mnv,NA,NA,"broad,dkfz,muse,sanger",4,COSN16629730,NA,NA,FALSE,0.0886,NA,7,72,NA,NA,NA,IGR,FALSE,FALSE,FALSE,FALSE,5,3,2,3_2,754d26af-f184-497c-856a-cd1ea7a5115c,NA
1,242563816,242563816,1,snv_mnv,NA,NA,"broad,muse,sanger",3,COSN16633008,NA,L2c,FALSE,0.0806,NA,5,57,NA,NA,NA,Intron,FALSE,FALSE,FALSE,FALSE,5,3,2,3_2,754d26af-f184-497c-856a-cd1ea7a5115c,NA
1,242634191,242634191,1,snv_mnv,NA,NA,"broad,dkfz,muse,sanger",4,COSN16630202,NA,NA,FALSE,0.1406,NA,9,55,NA,NA,NA,Intron,FALSE,FALSE,FALSE,FALSE,5,3,2,3_2,754d26af-f184-497c-856a-cd1ea7a5115c,NA
1,242758176,242758176,1,snv_mnv,NA,NA,"broad,dkfz,muse,sanger",4,COSN16630292,NA,MER51-int,FALSE,0.1647,NA,14,71,NA,NA,NA,IGR,FALSE,FALSE,FALSE,FALSE,5,3,2,3_2,754d26af-f184-497c-856a-cd1ea7a5115c,NA
1,242953389,242953389,1,snv_mnv,NA,NA,"broad,muse,sanger",3,COSN16632346,NA,THE1D,FALSE,0.0847,NA,5,54,NA,NA,NA,IGR,FALSE,FALSE,FALSE,FALSE,5,3,2,3_2,754d26af-f184-497c-856a-cd1ea7a5115c,NA
1,243031086,243031086,1,snv_mnv,NA,NA,"broad,dkfz,muse,sanger",4,COSN16630952,NA,L1PA7,FALSE,0.1667,NA,11,55,NA,NA,NA,IGR,FALSE,FALSE,TRUE,FALSE,5,3,2,3_2,754d26af-f184-497c-856a-cd1ea7a5115c,NA
1,243890193,243890193,1,snv_mnv,NA,NA,"broad,dkfz,muse,sanger",4,COSN16630779,NA,NA,FALSE,0.1176,NA,8,60,NA,NA,NA,Intron,FALSE,FALSE,FALSE,FALSE,5,3,2,3_2,754d26af-f184-497c-856a-cd1ea7a5115c,NA
1,244030143,244030143,1,snv_mnv,NA,NA,"broad,dkfz,muse,sanger",4,COSN16632194,NA,L1M5,FALSE,0.1286,NA,9,61,NA,NA,NA,IGR,FALSE,FALSE,FALSE,FALSE,5,3,2,3_2,754d26af-f184-497c-856a-cd1ea7a5115c,NA
1,244085417,244085417,1,snv_mnv,NA,NA,"broad,dkfz,muse,sanger",4,COSN16629439,NA,NA,FALSE,0.1719,NA,11,53,NA,NA,NA,lincRNA,FALSE,FALSE,FALSE,FALSE,5,3,2,3_2,754d26af-f184-497c-856a-cd1ea7a5115c,NA
1,245751721,245751721,1,snv_mnv,NA,NA,"broad,dkfz,muse,sanger",4,COSN16631374,NA,NA,FALSE,0.1786,NA,5,23,NA,NA,NA,Intron,FALSE,FALSE,FALSE,FALSE,5,3,2,3_2,754d26af-f184-497c-856a-cd1ea7a5115c,NA
1,247635882,247635882,1,snv_mnv,NA,NA,"broad,dkfz,muse,sanger",4,COSN16631375,NA,NA,FALSE,0.1538,NA,10,55,NA,NA,NA,IGR,FALSE,FALSE,FALSE,FALSE,5,3,2,3_2,754d26af-f184-497c-856a-cd1ea7a5115c,NA
1,247743506,247743506,1,snv_mnv,NA,NA,"broad,dkfz,muse,sanger",4,COSN16632604,NA,ERVL-B4-int,FALSE,0.2208,NA,17,60,NA,NA,NA,IGR,FALSE,FALSE,FALSE,FALSE,5,3,2,3_2,754d26af-f184-497c-856a-cd1ea7a5115c,GCSAML
1,247783839,247783839,1,snv_mnv,NA,NA,"broad,dkfz,muse,sanger",4,COSN16632753,NA,NA,FALSE,0.1266,NA,10,69,NA,NA,NA,RNA,FALSE,FALSE,FALSE,FALSE,5,3,2,3_2,754d26af-f184-497c-856a-cd1ea7a5115c,NA
1,247986406,247986406,1,snv_mnv,NA,NA,"broad,muse,sanger",3,COSN16633009,NA,NA,FALSE,0.0833,NA,4,44,NA,NA,NA,IGR,FALSE,FALSE,FALSE,FALSE,5,3,2,3_2,754d26af-f184-497c-856a-cd1ea7a5115c,HSD17B7P1
1,248394279,248394279,1,snv_mnv,NA,NA,"broad,dkfz,muse,sanger",4,COSN16630324,NA,AluSc8,FALSE,0.1628,NA,7,36,NA,NA,NA,IGR,FALSE,FALSE,FALSE,FALSE,5,3,2,3_2,754d26af-f184-497c-856a-cd1ea7a5115c,OR2M4
10,1180662,1180662,1,snv_mnv,NA,NA,"broad,muse",2,COSN16632987,NA,L1ME3F,FALSE,0.0833,NA,4,44,NA,NA,NA,IGR,FALSE,FALSE,TRUE,FALSE,3,2,1,2_1,754d26af-f184-497c-856a-cd1ea7a5115c,WDR37
10,2458540,2458540,1,snv_mnv,NA,NA,"broad,dkfz,muse,sanger",4,COSN16632709,NA,NA,FALSE,0.0877,NA,5,52,NA,NA,NA,IGR,FALSE,FALSE,FALSE,FALSE,3,2,1,2_1,754d26af-f184-497c-856a-cd1ea7a5115c,NA
10,2579628,2579628,1,snv_mnv,1.9968e-4,rs150522111,"broad,muse",2,COSN16629582,rs150522111,L2b,FALSE,0.0769,NA,5,60,NA,NA,NA,lincRNA,FALSE,FALSE,FALSE,FALSE,3,2,1,2_1,754d26af-f184-497c-856a-cd1ea7a5115c,NA
10,2783629,2783629,1,snv_mnv,NA,NA,"broad,dkfz,muse,sanger",4,COSN16631002,NA,L1PB4,FALSE,0.1613,NA,10,52,NA,NA,NA,IGR,FALSE,FALSE,FALSE,FALSE,3,2,1,2_1,754d26af-f184-497c-856a-cd1ea7a5115c,NA
10,3491835,3491835,1,snv_mnv,NA,NA,"broad,dkfz,muse,sanger",4,COSN16630967,NA,L1MA10,FALSE,0.2394,NA,17,54,NA,NA,NA,IGR,FALSE,FALSE,FALSE,FALSE,3,2,1,2_1,754d26af-f184-497c-856a-cd1ea7a5115c,NA
10,4516163,4516163,1,snv_mnv,NA,NA,"broad,dkfz,muse,sanger",4,COSN16629628,NA,NA,FALSE,0.2,NA,11,44,NA,NA,NA,IGR,FALSE,FALSE,FALSE,FALSE,3,2,1,2_1,754d26af-f184-497c-856a-cd1ea7a5115c,NA
10,4639288,4639288,1,snv_mnv,NA,NA,"broad,sanger",2,COSN16631988,NA,L2,FALSE,0.1296,NA,7,47,NA,NA,NA,IGR,FALSE,FALSE,FALSE,FALSE,3,2,1,2_1,754d26af-f184-497c-856a-cd1ea7a5115c,NA
10,5623642,5623642,1,snv_mnv,NA,NA,"broad,muse,sanger",3,COSN16629831,NA,L1ME2,FALSE,0.0877,NA,5,52,NA,NA,NA,IGR,FALSE,FALSE,FALSE,FALSE,3,2,1,2_1,754d26af-f184-497c-856a-cd1ea7a5115c,NA
10,5625316,5625316,1,snv_mnv,NA,NA,"broad,muse,sanger",3,COSN16633197,NA,NA,FALSE,0.1212,NA,4,29,NA,NA,NA,IGR,FALSE,FALSE,FALSE,FALSE,3,2,1,2_1,754d26af-f184-497c-856a-cd1ea7a5115c,NA
10,6238821,6238821,1,snv_mnv,NA,NA,"broad,dkfz,muse,sanger",4,COSN16631530,NA,AluJr,FALSE,0.1364,NA,6,38,NA,NA,NA,Intron,FALSE,FALSE,FALSE,FALSE,3,2,1,2_1,754d26af-f184-497c-856a-cd1ea7a5115c,AL157395.1
10,7424626,7424626,1,snv_mnv,1.9968e-4,rs557838831,"broad,muse",2,COSN16631356,rs557838831,NA,FALSE,0.087,NA,4,42,NA,NA,NA,Intron,FALSE,FALSE,FALSE,FALSE,3,2,1,2_1,754d26af-f184-497c-856a-cd1ea7a5115c,NA
10,7800004,7800004,1,snv_mnv,NA,NA,"broad,dkfz,muse",3,COSN16629336,NA,NA,FALSE,0.2188,NA,7,25,NA,NA,NA,Intron,FALSE,FALSE,FALSE,FALSE,3,2,1,2_1,754d26af-f184-497c-856a-cd1ea7a5115c,KIN
10,9012410,9012410,1,snv_mnv,NA,NA,"broad,dkfz,muse,sanger",4,COSN16630733,rs562458483,L2,FALSE,0.1698,NA,9,44,NA,NA,NA,lincRNA,FALSE,FALSE,FALSE,FALSE,3,2,1,2_1,754d26af-f184-497c-856a-cd1ea7a5115c,NA
10,10238475,10238475,1,snv_mnv,NA,NA,"broad,dkfz,muse,sanger",4,COSN16632235,NA,NA,FALSE,0.1286,NA,9,61,NA,NA,NA,IGR,FALSE,FALSE,FALSE,FALSE,3,2,1,2_1,754d26af-f184-497c-856a-cd1ea7a5115c,NA
10,10552841,10552841,1,snv_mnv,NA,NA,"broad,muse,sanger",3,COSN16631357,NA,L2a,FALSE,0.0816,NA,4,45,NA,NA,NA,IGR,FALSE,FALSE,FALSE,FALSE,3,2,1,2_1,754d26af-f184-497c-856a-cd1ea7a5115c,NA
10,10561604,10561604,1,snv_mnv,NA,NA,"broad,muse,sanger",3,COSN16631189,NA,NA,FALSE,0.0893,NA,5,51,NA,NA,NA,IGR,FALSE,FALSE,FALSE,FALSE,3,2,1,2_1,754d26af-f184-497c-856a-cd1ea7a5115c,NA
10,10673454,10673454,1,snv_mnv,NA,NA,"broad,muse,sanger",3,COSN16631882,NA,NA,FALSE,0.1176,NA,6,45,NA,NA,NA,IGR,FALSE,FALSE,FALSE,FALSE,3,2,1,2_1,754d26af-f184-497c-856a-cd1ea7a5115c,NA
10,10743817,10743817,1,snv_mnv,NA,NA,"broad,dkfz,muse,sanger",4,COSN16632563,rs189447584,NA,FALSE,0.0962,NA,5,47,NA,NA,NA,IGR,FALSE,FALSE,FALSE,FALSE,3,2,1,2_1,754d26af-f184-497c-856a-cd1ea7a5115c,NA
10,12201546,12201546,1,snv_mnv,NA,NA,"broad,dkfz,muse,sanger",4,COSN16632015,NA,AluJr4,FALSE,0.0938,NA,6,58,NA,NA,NA,Intron,FALSE,FALSE,FALSE,FALSE,3,2,1,2_1,754d26af-f184-497c-856a-cd1ea7a5115c,SEC61A2
10,12512128,12512128,1,snv_mnv,NA,NA,"broad,dkfz,muse,sanger",4,COSN16631709,NA,NA,FALSE,0.2692,NA,21,57,NA,NA,NA,Intron,FALSE,FALSE,FALSE,FALSE,3,2,1,2_1,754d26af-f184-497c-856a-cd1ea7a5115c,NA
10,12582906,12582906,1,snv_mnv,NA,NA,"broad,dkfz,muse",3,COSN16632077,NA,NA,FALSE,0.2162,NA,8,29,NA,NA,NA,Intron,FALSE,FALSE,FALSE,FALSE,3,2,1,2_1,754d26af-f184-497c-856a-cd1ea7a5115c,NA
10,12892038,12892038,1,snv_mnv,NA,NA,"broad,dkfz,muse,sanger",4,COSN16628943,NA,NA,FALSE,0.1622,NA,6,31,NA,NA,NA,IGR,FALSE,FALSE,FALSE,FALSE,3,2,1,2_1,754d26af-f184-497c-856a-cd1ea7a5115c,NA
10,14175555,14175555,1,snv_mnv,NA,NA,"broad,muse,sanger",3,COSN16630397,NA,NA,FALSE,0.0727,NA,4,51,NA,NA,NA,Intron,FALSE,FALSE,FALSE,FALSE,3,2,1,2_1,754d26af-f184-497c-856a-cd1ea7a5115c,NA
10,16100752,16100752,1,snv_mnv,NA,NA,"broad,dkfz,muse,sanger",4,COSN16633051,NA,L1M4,FALSE,0.1324,NA,9,59,NA,NA,NA,IGR,FALSE,FALSE,FALSE,FALSE,3,2,1,2_1,754d26af-f184-497c-856a-cd1ea7a5115c,NA
10,16978161,16978161,1,snv_mnv,NA,NA,"broad,dkfz,muse,sanger",4,COSN16631471,NA,NA,FALSE,0.1139,NA,9,70,NA,NA,NA,Intron,FALSE,FALSE,FALSE,FALSE,3,2,1,2_1,754d26af-f184-497c-856a-cd1ea7a5115c,NA
10,17518363,17518363,1,snv_mnv,NA,NA,"broad,muse,sanger",3,COSN16629268,NA,L1ME5,FALSE,0.0556,NA,4,68,NA,NA,NA,IGR,FALSE,FALSE,FALSE,FALSE,3,2,1,2_1,754d26af-f184-497c-856a-cd1ea7a5115c,NA
10,18541800,18541800,1,snv_mnv,NA,NA,"broad,dkfz,muse,sanger",4,COSN16630372,NA,NA,FALSE,0.1,NA,7,63,NA,NA,NA,Intron,FALSE,FALSE,FALSE,FALSE,3,2,1,2_1,754d26af-f184-497c-856a-cd1ea7a5115c,AL390783.1
10,19015937,19015937,1,snv_mnv,1.9968e-4,rs530968327,"broad,dkfz,muse,sanger",4,COSN16630888,rs530968327,AluSx,FALSE,0.1228,NA,7,50,NA,NA,NA,IGR,FALSE,FALSE,FALSE,FALSE,3,2,1,2_1,754d26af-f184-497c-856a-cd1ea7a5115c,NA
10,20479307,20479307,1,snv_mnv,NA,NA,"broad,dkfz,muse,sanger",4,COSN16632881,NA,NA,FALSE,0.0862,NA,5,53,NA,NA,NA,Intron,FALSE,FALSE,FALSE,FALSE,3,2,1,2_1,754d26af-f184-497c-856a-cd1ea7a5115c,NA
10,20710492,20710492,1,snv_mnv,NA,NA,"broad,muse,sanger",3,COSN16630242,NA,L1PA15,FALSE,0.0896,NA,6,61,NA,NA,NA,IGR,FALSE,FALSE,FALSE,FALSE,3,2,1,2_1,754d26af-f184-497c-856a-cd1ea7a5115c,NA
10,20739260,20739260,1,snv_mnv,NA,NA,"broad,dkfz,muse,sanger",4,COSN16632356,NA,MER106A,FALSE,0.1719,NA,11,53,NA,NA,NA,IGR,FALSE,FALSE,FALSE,FALSE,3,2,1,2_1,754d26af-f184-497c-856a-cd1ea7a5115c,NA
10,21637516,21637516,1,snv_mnv,NA,NA,"broad,dkfz,muse,sanger",4,COSN16632471,NA,MSTB,FALSE,0.3095,NA,13,29,NA,NA,NA,lincRNA,FALSE,FALSE,FALSE,FALSE,3,2,1,2_1,754d26af-f184-497c-856a-cd1ea7a5115c,NA
10,22431291,22431291,1,snv_mnv,NA,NA,"broad,dkfz,muse,sanger",4,COSN16631569,NA,HERV9-int,FALSE,0.2245,NA,11,38,NA,NA,NA,IGR,FALSE,FALSE,FALSE,FALSE,3,2,1,2_1,754d26af-f184-497c-856a-cd1ea7a5115c,NA
10,22860577,22860577,1,snv_mnv,NA,NA,"broad,dkfz,muse,sanger",4,COSN16632957,NA,Charlie1a,FALSE,0.2,NA,13,52,NA,NA,NA,Intron,FALSE,FALSE,FALSE,FALSE,3,2,1,2_1,754d26af-f184-497c-856a-cd1ea7a5115c,NA
10,23222554,23222554,1,snv_mnv,NA,NA,"broad,dkfz,muse,sanger",4,COSN16633320,NA,NA,FALSE,0.1795,NA,7,32,NA,NA,NA,Intron,FALSE,FALSE,FALSE,FALSE,3,2,1,2_1,754d26af-f184-497c-856a-cd1ea7a5115c,NA
10,24866693,24866693,1,snv_mnv,NA,NA,"broad,dkfz,muse,sanger",4,COSN16630889,NA,L1MEg,FALSE,0.1739,NA,8,38,NA,NA,NA,IGR,FALSE,FALSE,FALSE,FALSE,3,2,1,2_1,754d26af-f184-497c-856a-cd1ea7a5115c,NA
10,25621173,25621173,1,snv_mnv,NA,NA,"broad,dkfz,sanger",3,COSN16629504,NA,NA,FALSE,0.1356,NA,8,51,NA,NA,NA,Intron,FALSE,FALSE,FALSE,FALSE,3,2,1,2_1,754d26af-f184-497c-856a-cd1ea7a5115c,NA
10,26383648,26383648,1,snv_mnv,NA,NA,"broad,muse,sanger",3,COSN16630338,rs762134817,AluY,FALSE,0.0962,NA,5,47,NA,NA,NA,Intron,FALSE,FALSE,FALSE,FALSE,3,2,1,2_1,754d26af-f184-497c-856a-cd1ea7a5115c,NA
10,26393655,26393655,1,snv_mnv,NA,NA,"broad,dkfz,muse,sanger",4,COSN16631502,NA,NA,FALSE,0.1176,NA,8,60,NA,NA,NA,Intron,FALSE,FALSE,TRUE,FALSE,3,2,1,2_1,754d26af-f184-497c-856a-cd1ea7a5115c,NA
10,26862149,26862149,1,snv_mnv,7.9872e-4,rs578070159,"broad,muse,sanger",3,COSN16631395,rs578070159,L1MC1,FALSE,0.0933,NA,7,68,NA,NA,NA,IGR,FALSE,FALSE,FALSE,FALSE,3,2,1,2_1,754d26af-f184-497c-856a-cd1ea7a5115c,AL160287.1
10,28221349,28221349,1,snv_mnv,NA,NA,"broad,dkfz,muse,sanger",4,COSN16631224,NA,MER47A,FALSE,0.2239,NA,15,52,NA,NA,NA,Intron,FALSE,FALSE,FALSE,FALSE,3,2,1,2_1,754d26af-f184-497c-856a-cd1ea7a5115c,NA
10,29225810,29225810,1,snv_mnv,NA,NA,"broad,muse,sanger",3,COSN16632769,NA,AluSz,FALSE,0.1714,NA,6,29,NA,NA,NA,IGR,FALSE,FALSE,TRUE,FALSE,3,2,1,2_1,754d26af-f184-497c-856a-cd1ea7a5115c,LINC01517
10,29550348,29550348,1,snv_mnv,NA,NA,"broad,dkfz,muse,sanger",4,COSN16632679,NA,NA,FALSE,0.1837,NA,9,40,NA,NA,NA,IGR,FALSE,FALSE,FALSE,FALSE,3,2,1,2_1,754d26af-f184-497c-856a-cd1ea7a5115c,NA
10,30807065,30807065,1,snv_mnv,NA,NA,"broad,muse",2,COSN16633373,rs573464492,AluSz6,FALSE,0.0784,NA,4,47,NA,NA,NA,IGR,FALSE,FALSE,FALSE,FALSE,3,2,1,2_1,754d26af-f184-497c-856a-cd1ea7a5115c,NA
10,32696720,32696720,1,snv_mnv,NA,NA,"broad,muse",2,COSN16630309,NA,MSTD-int,FALSE,0.0571,NA,4,66,NA,NA,NA,IGR,FALSE,FALSE,FALSE,FALSE,3,2,1,2_1,754d26af-f184-497c-856a-cd1ea7a5115c,NA
10,33334400,33334400,1,snv_mnv,NA,NA,"broad,dkfz,muse,sanger",4,COSN16632209,NA,LTR24,FALSE,0.1915,NA,9,38,NA,NA,NA,lincRNA,FALSE,FALSE,FALSE,FALSE,3,2,1,2_1,754d26af-f184-497c-856a-cd1ea7a5115c,NA
10,33415363,33415363,1,snv_mnv,NA,NA,"broad,dkfz,muse,sanger",4,COSN16632439,NA,NA,FALSE,0.1087,NA,5,41,NA,NA,NA,IGR,FALSE,FALSE,FALSE,FALSE,3,2,1,2_1,754d26af-f184-497c-856a-cd1ea7a5115c,NA
10,33443017,33443017,1,snv_mnv,NA,NA,"broad,dkfz,muse,sanger",4,COSN16631445,NA,NA,FALSE,0.193,NA,11,46,NA,NA,NA,IGR,FALSE,FALSE,FALSE,FALSE,3,2,1,2_1,754d26af-f184-497c-856a-cd1ea7a5115c,NA
10,35744949,35744949,1,snv_mnv,NA,NA,"broad,dkfz,muse,sanger",4,COSN16632903,NA,NA,FALSE,0.1636,NA,9,46,NA,NA,NA,Intron,FALSE,FALSE,FALSE,FALSE,3,2,1,2_1,754d26af-f184-497c-856a-cd1ea7a5115c,NA
10,36357579,36357579,1,snv_mnv,NA,NA,"broad,dkfz,muse,sanger",4,COSN16630398,NA,NA,FALSE,0.1695,NA,10,49,NA,NA,NA,IGR,FALSE,FALSE,FALSE,FALSE,3,2,1,2_1,754d26af-f184-497c-856a-cd1ea7a5115c,NA
10,37011316,37011316,1,snv_mnv,NA,NA,"broad,dkfz,muse,sanger",4,COSN16632498,NA,LTR85a,FALSE,0.125,NA,7,49,NA,NA,NA,IGR,FALSE,FALSE,FALSE,FALSE,3,2,1,2_1,754d26af-f184-497c-856a-cd1ea7a5115c,NA
10,37432599,37432599,1,snv_mnv,3.9936e-4,rs568061352,"broad,muse,sanger",3,COSN16629832,rs568061352,MER58A,FALSE,0.1194,NA,8,59,NA,NA,NA,Intron,FALSE,FALSE,FALSE,FALSE,3,2,1,2_1,754d26af-f184-497c-856a-cd1ea7a5115c,NA
10,37545958,37545958,1,snv_mnv,NA,NA,"broad,dkfz,muse,sanger",4,COSN16630937,NA,L1P3,FALSE,0.1636,NA,9,46,NA,NA,NA,Intron,FALSE,FALSE,TRUE,FALSE,3,2,1,2_1,754d26af-f184-497c-856a-cd1ea7a5115c,NA
10,37636459,37636459,1,snv_mnv,NA,NA,"broad,muse,sanger",3,COSN16632042,NA,NA,FALSE,0.0526,NA,4,72,NA,NA,NA,Intron,FALSE,FALSE,FALSE,FALSE,3,2,1,2_1,754d26af-f184-497c-856a-cd1ea7a5115c,"LINC00993,VN1R53P"
10,37702477,37702477,1,snv_mnv,NA,NA,"broad,muse,sanger",3,COSN16631416,NA,MER11C,FALSE,0.2439,NA,10,31,NA,NA,NA,IGR,FALSE,FALSE,FALSE,FALSE,3,2,1,2_1,754d26af-f184-497c-856a-cd1ea7a5115c,NA
10,37808287,37808287,1,snv_mnv,NA,NA,"dkfz,muse,sanger",3,COSN16631764,NA,NA,FALSE,0.0972,NA,7,65,NA,NA,NA,IGR,FALSE,FALSE,FALSE,FALSE,3,2,1,2_1,754d26af-f184-497c-856a-cd1ea7a5115c,TACC1P1
10,38401407,38401407,1,snv_mnv,NA,NA,"broad,muse,sanger",3,COSN16629422,NA,MER85,FALSE,0.1143,NA,8,62,NA,NA,NA,Intron,FALSE,FALSE,TRUE,FALSE,3,2,1,2_1,754d26af-f184-497c-856a-cd1ea7a5115c,NA
10,42517073,42517073,1,snv_mnv,NA,NA,"broad,muse",2,COSN16630083,rs775108635,ALR/Alpha,FALSE,0.2167,NA,13,47,NA,NA,NA,IGR,FALSE,FALSE,FALSE,FALSE,3,2,1,2_1,754d26af-f184-497c-856a-cd1ea7a5115c,NA
10,42883643,42883643,1,snv_mnv,NA,NA,"broad,muse,sanger",3,COSN16630310,NA,HERVFH19-int,FALSE,0.1071,NA,6,50,NA,NA,NA,IGR,FALSE,FALSE,FALSE,FALSE,3,2,1,2_1,754d26af-f184-497c-856a-cd1ea7a5115c,NA
10,42938775,42938775,1,snv_mnv,NA,NA,"broad,muse,sanger",3,COSN16633082,NA,AluJo,FALSE,0.1356,NA,8,51,NA,NA,NA,RNA,FALSE,FALSE,FALSE,FALSE,3,2,1,2_1,754d26af-f184-497c-856a-cd1ea7a5115c,NA
10,47149111,47149111,1,snv_mnv,NA,NA,"broad,dkfz,muse,sanger",4,COSN16632260,NA,NA,FALSE,0.1439,NA,20,119,NA,NA,NA,lincRNA,FALSE,FALSE,TRUE,FALSE,3,2,1,2_1,754d26af-f184-497c-856a-cd1ea7a5115c,NA
10,49693068,49693068,1,snv_mnv,NA,NA,"broad,dkfz,muse,sanger",4,COSN16630055,NA,MER58A,FALSE,0.2419,NA,15,47,NA,NA,NA,Intron,FALSE,FALSE,FALSE,FALSE,3,2,1,2_1,754d26af-f184-497c-856a-cd1ea7a5115c,NA
10,49847908,49847908,1,snv_mnv,NA,NA,"broad,muse,sanger",3,COSN16631446,NA,L1MB7,FALSE,0.082,NA,5,56,NA,NA,NA,Intron,FALSE,FALSE,FALSE,FALSE,3,2,1,2_1,754d26af-f184-497c-856a-cd1ea7a5115c,NA
10,52102626,52102626,1,snv_mnv,NA,NA,"broad,dkfz,muse,sanger",4,COSN16630669,NA,NA,FALSE,0.1481,NA,8,46,NA,NA,NA,Intron,FALSE,FALSE,FALSE,FALSE,3,2,1,2_1,754d26af-f184-497c-856a-cd1ea7a5115c,SGMS1
10,54084131,54084131,1,snv_mnv,NA,NA,"broad,dkfz,muse,sanger",4,COSN16630564,NA,L1M5,FALSE,0.3077,NA,20,45,NA,NA,NA,IGR,FALSE,FALSE,TRUE,FALSE,3,2,1,2_1,754d26af-f184-497c-856a-cd1ea7a5115c,NA
10,54456514,54456514,1,snv_mnv,NA,NA,"broad,dkfz,muse,sanger",4,COSN16629773,NA,NA,FALSE,0.3019,NA,16,37,NA,NA,NA,RNA,FALSE,FALSE,FALSE,FALSE,3,2,1,2_1,754d26af-f184-497c-856a-cd1ea7a5115c,NA
10,55426906,55426906,1,snv_mnv,NA,NA,"broad,muse,sanger",3,COSN16629478,NA,L1PA16,FALSE,0.082,NA,5,56,NA,NA,NA,IGR,FALSE,FALSE,TRUE,FALSE,3,2,1,2_1,754d26af-f184-497c-856a-cd1ea7a5115c,NA
10,55738196,55738196,1,snv_mnv,NA,NA,"broad,muse,sanger",3,COSN16629746,NA,THE1C-int,FALSE,0.1087,NA,5,41,NA,NA,NA,Intron,FALSE,FALSE,FALSE,FALSE,3,2,1,2_1,754d26af-f184-497c-856a-cd1ea7a5115c,NA
10,55972593,55972593,1,snv_mnv,NA,NA,"broad,dkfz,muse,sanger",4,COSN16632181,rs754893735,MIRb,FALSE,0.1077,NA,7,58,NA,NA,NA,Intron,FALSE,FALSE,FALSE,FALSE,3,2,1,2_1,754d26af-f184-497c-856a-cd1ea7a5115c,NA
10,56219136,56219136,1,snv_mnv,NA,NA,"broad,dkfz,muse,sanger",4,COSN16629121,NA,MER6A,FALSE,0.082,NA,5,56,NA,NA,NA,Intron,FALSE,FALSE,FALSE,FALSE,3,2,1,2_1,754d26af-f184-497c-856a-cd1ea7a5115c,NA
10,56223541,56223541,1,snv_mnv,NA,NA,"broad,muse,sanger",3,COSN16632380,NA,NA,FALSE,0.0769,NA,5,60,NA,NA,NA,Intron,FALSE,FALSE,FALSE,FALSE,3,2,1,2_1,754d26af-f184-497c-856a-cd1ea7a5115c,NA
10,56238510,56238510,1,snv_mnv,NA,NA,"broad,dkfz,muse,sanger",4,COSN16629479,NA,NA,FALSE,0.0758,NA,5,61,NA,NA,NA,Intron,FALSE,FALSE,FALSE,FALSE,3,2,1,2_1,754d26af-f184-497c-856a-cd1ea7a5115c,NA
10,56242239,56242239,1,snv_mnv,NA,NA,"broad,dkfz,muse,sanger",4,COSN16632849,NA,NA,FALSE,0.1412,NA,12,73,NA,NA,NA,Intron,FALSE,FALSE,TRUE,FALSE,3,2,1,2_1,754d26af-f184-497c-856a-cd1ea7a5115c,AL353784.1
10,56393877,56393877,1,snv_mnv,NA,NA,"broad,dkfz,muse,sanger",4,COSN16630938,NA,NA,FALSE,0.1268,NA,9,62,NA,NA,NA,Intron,FALSE,FALSE,FALSE,FALSE,3,2,1,2_1,754d26af-f184-497c-856a-cd1ea7a5115c,NA
10,56464239,56464239,1,snv_mnv,NA,NA,"broad,dkfz,muse,sanger",4,COSN16630010,NA,L1PA15,FALSE,0.1562,NA,10,54,NA,NA,NA,Intron,FALSE,FALSE,TRUE,FALSE,3,2,1,2_1,754d26af-f184-497c-856a-cd1ea7a5115c,NA
10,56587538,56587538,1,snv_mnv,NA,NA,"broad,dkfz,sanger",3,COSN16629243,NA,NA,FALSE,0.0952,NA,6,57,NA,NA,NA,Intron,FALSE,FALSE,FALSE,FALSE,3,2,1,2_1,754d26af-f184-497c-856a-cd1ea7a5115c,NA
10,56598764,56598764,1,snv_mnv,NA,NA,"broad,dkfz,muse,sanger",4,COSN16632357,NA,L1M1,FALSE,0.1031,NA,10,87,NA,NA,NA,Intron,FALSE,FALSE,FALSE,FALSE,3,2,1,2_1,754d26af-f184-497c-856a-cd1ea7a5115c,NA
10,56598766,56598766,1,snv_mnv,NA,NA,"broad,dkfz,muse,sanger",4,COSN16632236,NA,L1M1,FALSE,0.0971,NA,10,93,NA,NA,NA,Intron,FALSE,FALSE,FALSE,FALSE,3,2,1,2_1,754d26af-f184-497c-856a-cd1ea7a5115c,NA
10,56876945,56876945,1,snv_mnv,NA,NA,"broad,muse,sanger",3,COSN16629183,NA,MER39,FALSE,0.0714,NA,5,65,NA,NA,NA,Intron,FALSE,FALSE,FALSE,FALSE,3,2,1,2_1,754d26af-f184-497c-856a-cd1ea7a5115c,NA
10,57405612,57405612,1,snv_mnv,NA,NA,"broad,muse,sanger",3,COSN16631765,NA,NA,FALSE,0.0615,NA,4,61,NA,NA,NA,IGR,FALSE,FALSE,FALSE,FALSE,3,2,1,2_1,754d26af-f184-497c-856a-cd1ea7a5115c,NA
10,58039136,58039136,1,snv_mnv,NA,NA,"broad,dkfz,muse,sanger",4,COSN16631735,NA,AT_rich,FALSE,0.1296,NA,7,47,NA,NA,NA,IGR,FALSE,FALSE,TRUE,FALSE,3,2,1,2_1,754d26af-f184-497c-856a-cd1ea7a5115c,NA
10,58334777,58334777,1,snv_mnv,NA,NA,"broad,muse,sanger",3,COSN16632237,NA,HERV9-int,FALSE,0.1042,NA,5,43,NA,NA,NA,IGR,FALSE,FALSE,FALSE,FALSE,3,2,1,2_1,754d26af-f184-497c-856a-cd1ea7a5115c,NA
10,58628901,58628901,1,snv_mnv,NA,NA,"broad,dkfz,muse,sanger",4,COSN16628944,NA,L1ME3,FALSE,0.2273,NA,15,51,NA,NA,NA,IGR,FALSE,FALSE,TRUE,FALSE,3,2,1,2_1,754d26af-f184-497c-856a-cd1ea7a5115c,NA
10,58639211,58639211,1,snv_mnv,NA,NA,"broad,dkfz,muse,sanger",4,COSN16630734,NA,NA,FALSE,0.1087,NA,5,41,NA,NA,NA,IGR,FALSE,FALSE,FALSE,FALSE,3,2,1,2_1,754d26af-f184-497c-856a-cd1ea7a5115c,NA
10,58872440,58872440,1,snv_mnv,0.0037939,rs189313354,"broad,dkfz,muse,sanger",4,COSN16630011,rs189313354,L1M5,FALSE,0.1489,NA,7,40,NA,NA,NA,IGR,FALSE,FALSE,FALSE,FALSE,3,2,1,2_1,754d26af-f184-497c-856a-cd1ea7a5115c,NA
10,59118957,59118957,1,snv_mnv,NA,NA,"broad,muse,sanger",3,COSN16632358,NA,NA,FALSE,0.0833,NA,5,55,NA,NA,NA,IGR,FALSE,FALSE,FALSE,FALSE,3,2,1,2_1,754d26af-f184-497c-856a-cd1ea7a5115c,NA
10,59589925,59589925,1,snv_mnv,NA,NA,"broad,dkfz,muse,sanger",4,COSN16630762,NA,NA,FALSE,0.1186,NA,7,52,NA,NA,NA,IGR,FALSE,FALSE,FALSE,FALSE,3,2,1,2_1,754d26af-f184-497c-856a-cd1ea7a5115c,NA
10,60673276,60673276,1,snv_mnv,NA,NA,"broad,dkfz,muse,sanger",4,COSN16629833,NA,NA,FALSE,0.14,NA,7,43,NA,NA,NA,IGR,FALSE,FALSE,FALSE,FALSE,3,2,1,2_1,754d26af-f184-497c-856a-cd1ea7a5115c,NA
10,60942303,60942303,1,snv_mnv,NA,NA,"broad,dkfz,muse,sanger",4,COSN16629033,NA,AluSq4,FALSE,0.16,NA,8,42,NA,NA,NA,Intron,FALSE,FALSE,FALSE,FALSE,3,2,1,2_1,754d26af-f184-497c-856a-cd1ea7a5115c,NA
10,61094117,61094117,1,snv_mnv,NA,NA,"broad,dkfz,muse,sanger",4,COSN16632261,NA,NA,FALSE,0.0779,NA,6,71,NA,NA,NA,Intron,FALSE,FALSE,FALSE,FALSE,3,2,1,2_1,754d26af-f184-497c-856a-cd1ea7a5115c,NA
10,61219807,61219807,1,snv_mnv,NA,NA,"broad,dkfz,muse,sanger",4,COSN16630373,NA,NA,FALSE,0.2533,NA,19,56,NA,NA,NA,IGR,FALSE,FALSE,FALSE,FALSE,3,2,1,2_1,754d26af-f184-497c-856a-cd1ea7a5115c,NA
10,61657752,61657752,1,snv_mnv,NA,NA,"broad,dkfz,muse,sanger",4,COSN16632680,NA,NA,FALSE,0.2453,NA,13,40,NA,NA,NA,Intron,FALSE,FALSE,FALSE,FALSE,3,2,1,2_1,754d26af-f184-497c-856a-cd1ea7a5115c,NA
10,62218853,62218853,1,snv_mnv,NA,NA,"broad,dkfz,muse,sanger",4,COSN16631268,NA,NA,FALSE,0.12,NA,9,66,NA,NA,NA,Intron,FALSE,FALSE,FALSE,FALSE,3,2,1,2_1,754d26af-f184-497c-856a-cd1ea7a5115c,NA
10,63904150,63904150,1,snv_mnv,NA,NA,"broad,dkfz,muse,sanger",4,COSN16631190,NA,L1PREC2,FALSE,0.1045,NA,7,60,NA,NA,NA,IGR,FALSE,FALSE,FALSE,FALSE,3,2,1,2_1,754d26af-f184-497c-856a-cd1ea7a5115c,NA
10,63937197,63937197,1,snv_mnv,NA,NA,"broad,dkfz,muse,sanger",4,COSN16630912,NA,L1MEc,FALSE,0.0986,NA,7,64,NA,NA,NA,IGR,FALSE,FALSE,FALSE,FALSE,3,2,1,2_1,754d26af-f184-497c-856a-cd1ea7a5115c,NA
10,66184471,66184471,1,snv_mnv,NA,NA,"broad,dkfz,muse,sanger",4,COSN16630670,NA,NA,FALSE,0.2319,NA,16,53,NA,NA,NA,IGR,FALSE,FALSE,FALSE,FALSE,3,2,1,2_1,754d26af-f184-497c-856a-cd1ea7a5115c,NA
10,66263661,66263661,1,snv_mnv,3.9936e-4,rs531004365,"broad,dkfz,muse,sanger",4,COSN16632135,rs531004365,NA,FALSE,0.0769,NA,5,60,NA,NA,NA,IGR,FALSE,FALSE,FALSE,FALSE,3,2,1,2_1,754d26af-f184-497c-856a-cd1ea7a5115c,NA
10,67223817,67223817,1,snv_mnv,NA,NA,"broad,dkfz,muse,sanger",4,COSN16633122,NA,L1PA6,FALSE,0.1455,NA,8,47,NA,NA,NA,IGR,FALSE,FALSE,FALSE,FALSE,3,2,1,2_1,754d26af-f184-497c-856a-cd1ea7a5115c,NA
10,67680390,67680390,1,snv_mnv,NA,NA,"broad,dkfz,muse,sanger",4,COSN16630763,NA,NA,FALSE,0.1406,NA,9,55,NA,NA,NA,Intron,FALSE,FALSE,FALSE,FALSE,3,2,1,2_1,754d26af-f184-497c-856a-cd1ea7a5115c,NA
10,67783985,67783985,1,snv_mnv,0.0011981,rs186332029,"broad,dkfz,muse,sanger",4,COSN16630851,rs186332029,AluY,FALSE,0.1818,NA,10,45,NA,NA,NA,Intron,FALSE,FALSE,FALSE,FALSE,3,2,1,2_1,754d26af-f184-497c-856a-cd1ea7a5115c,NA
10,69100425,69100425,1,snv_mnv,NA,NA,"broad,dkfz,muse,sanger",4,COSN16630735,NA,NA,FALSE,0.1489,NA,7,40,NA,NA,NA,Intron,FALSE,FALSE,FALSE,FALSE,3,2,1,2_1,754d26af-f184-497c-856a-cd1ea7a5115c,NA
10,70463403,70463403,1,snv_mnv,NA,NA,"broad,dkfz,muse,sanger",4,COSN16630913,NA,AluY,FALSE,0.2059,NA,7,27,NA,NA,NA,RNA,FALSE,FALSE,FALSE,FALSE,3,2,1,2_1,754d26af-f184-497c-856a-cd1ea7a5115c,AL513534.1
10,70658674,70658674,1,snv_mnv,NA,NA,"broad,dkfz,muse,sanger",4,COSN16629337,NA,AluSp,FALSE,0.1765,NA,9,42,NA,NA,NA,5'Flank,FALSE,FALSE,FALSE,FALSE,3,2,1,2_1,754d26af-f184-497c-856a-cd1ea7a5115c,"DDX50,STOX1"
10,71327710,71327710,1,snv_mnv,NA,NA,"broad,dkfz,muse,sanger",4,COSN16630276,NA,NA,FALSE,0.2222,NA,10,35,NA,NA,NA,IGR,FALSE,FALSE,FALSE,FALSE,3,2,1,2_1,754d26af-f184-497c-856a-cd1ea7a5115c,NEUROG3
10,72942061,72942061,1,snv_mnv,NA,NA,"broad,dkfz,muse,sanger",4,COSN16630969,NA,NA,FALSE,0.1698,NA,9,44,NA,NA,NA,IGR,FALSE,FALSE,FALSE,FALSE,3,2,1,2_1,754d26af-f184-497c-856a-cd1ea7a5115c,NA
10,74435589,74435589,1,snv_mnv,NA,NA,"broad,dkfz,muse",3,COSN16632359,NA,NA,FALSE,0.0676,NA,5,69,NA,NA,NA,IGR,FALSE,FALSE,FALSE,FALSE,3,2,1,2_1,754d26af-f184-497c-856a-cd1ea7a5115c,NA
10,75171956,75171956,1,snv_mnv,NA,NA,"broad,muse",2,COSN16632792,NA,AluSc8,FALSE,0.175,NA,7,33,NA,NA,NA,Intron,FALSE,FALSE,FALSE,FALSE,3,2,1,2_1,754d26af-f184-497c-856a-cd1ea7a5115c,ANXA7
10,75669225,75669225,1,snv_mnv,NA,NA,"broad,dkfz,muse,sanger",4,COSN16631531,NA,NA,FALSE,0.1346,NA,7,45,NA,NA,NA,IGR,FALSE,FALSE,FALSE,FALSE,3,2,1,2_1,754d26af-f184-497c-856a-cd1ea7a5115c,"PLAU,C10orf55"
10,75854722,75854722,1,snv_mnv,NA,NA,"broad,dkfz,muse,sanger",4,COSN16629034,NA,NA,FALSE,0.0811,NA,6,68,NA,NA,NA,Intron,FALSE,FALSE,FALSE,FALSE,3,2,1,2_1,754d26af-f184-497c-856a-cd1ea7a5115c,NA
10,76046611,76046611,1,snv_mnv,1.9968e-4,rs536965990,"broad,muse,sanger",3,COSN16629643,rs536965990,AluJo,FALSE,0.1707,NA,7,34,NA,NA,NA,Intron,FALSE,FALSE,TRUE,FALSE,3,2,1,2_1,754d26af-f184-497c-856a-cd1ea7a5115c,NA
10,80756082,80756082,1,snv_mnv,NA,NA,"broad,dkfz,muse,sanger",4,COSN16629607,NA,NA,FALSE,0.2143,NA,9,33,NA,NA,NA,RNA,FALSE,FALSE,FALSE,FALSE,3,2,1,2_1,754d26af-f184-497c-856a-cd1ea7a5115c,AL356753.1
10,81331186,81331186,1,snv_mnv,NA,NA,"broad,dkfz,muse,sanger",4,COSN16633198,NA,L1PA6,FALSE,0.1207,NA,7,51,NA,NA,NA,IGR,FALSE,FALSE,FALSE,FALSE,3,2,1,2_1,754d26af-f184-497c-856a-cd1ea7a5115c,NA
10,82132881,82132881,1,snv_mnv,NA,NA,"broad,dkfz,muse,sanger",4,COSN16629806,NA,NA,FALSE,0.1833,NA,11,49,NA,NA,NA,IGR,FALSE,FALSE,FALSE,FALSE,3,2,1,2_1,754d26af-f184-497c-856a-cd1ea7a5115c,NA
10,83410652,83410652,1,snv_mnv,NA,NA,"broad,muse",2,COSN16630792,NA,L1MA8,FALSE,0.0548,NA,4,69,NA,NA,NA,IGR,FALSE,FALSE,FALSE,FALSE,3,2,1,2_1,754d26af-f184-497c-856a-cd1ea7a5115c,NA
10,83893931,83893931,1,snv_mnv,NA,NA,"broad,muse,sanger",3,COSN16631358,NA,L1PA14,FALSE,0.1,NA,7,63,NA,NA,NA,Intron,FALSE,FALSE,FALSE,FALSE,3,2,1,2_1,754d26af-f184-497c-856a-cd1ea7a5115c,NA
10,84087686,84087686,1,snv_mnv,NA,NA,"broad,dkfz,muse,sanger",4,COSN16631326,NA,MLT1B,FALSE,0.0909,NA,7,70,NA,NA,NA,Intron,FALSE,FALSE,FALSE,FALSE,3,2,1,2_1,754d26af-f184-497c-856a-cd1ea7a5115c,NA
10,84095469,84095469,1,snv_mnv,NA,NA,"broad,muse,sanger",3,COSN16631503,NA,MIRc,FALSE,0.0702,NA,4,53,NA,NA,NA,Intron,FALSE,FALSE,FALSE,FALSE,3,2,1,2_1,754d26af-f184-497c-856a-cd1ea7a5115c,NA
10,84197498,84197498,1,snv_mnv,NA,NA,"broad,muse",2,COSN16632500,NA,L1PA8A,FALSE,0.0656,NA,4,57,NA,NA,NA,Intron,FALSE,FALSE,FALSE,FALSE,3,2,1,2_1,754d26af-f184-497c-856a-cd1ea7a5115c,NA
10,84260287,84260287,1,snv_mnv,1.9968e-4,rs549064352,"broad,dkfz,muse,sanger",4,COSN16632850,rs549064352,L2,FALSE,0.1705,NA,15,73,NA,NA,NA,Intron,FALSE,FALSE,FALSE,FALSE,3,2,1,2_1,754d26af-f184-497c-856a-cd1ea7a5115c,NA
10,86435994,86435994,1,snv_mnv,NA,NA,"broad,muse",2,COSN16628994,NA,MER20,FALSE,0.0667,NA,4,56,NA,NA,NA,IGR,FALSE,FALSE,FALSE,FALSE,3,2,1,2_1,754d26af-f184-497c-856a-cd1ea7a5115c,NA
10,87043666,87043666,1,snv_mnv,NA,NA,"broad,dkfz,muse,sanger",4,COSN16630484,rs768780751,NA,FALSE,0.0984,NA,6,55,NA,NA,NA,IGR,FALSE,FALSE,FALSE,FALSE,3,2,1,2_1,754d26af-f184-497c-856a-cd1ea7a5115c,NA
10,87255253,87255253,1,snv_mnv,NA,NA,"broad,dkfz,muse,sanger",4,COSN16630485,NA,L1ME3B,FALSE,0.1081,NA,8,66,NA,NA,NA,IGR,FALSE,FALSE,FALSE,FALSE,3,2,1,2_1,754d26af-f184-497c-856a-cd1ea7a5115c,LINC01520
10,87392957,87392957,1,snv_mnv,NA,NA,"broad,dkfz,muse,sanger",4,COSN16629480,NA,AluSx,FALSE,0.125,NA,9,63,NA,NA,NA,Intron,FALSE,FALSE,FALSE,FALSE,3,2,1,2_1,754d26af-f184-497c-856a-cd1ea7a5115c,NA
10,87697192,87697192,1,snv_mnv,NA,NA,"broad,dkfz,muse,sanger",4,COSN16631472,NA,NA,FALSE,0.1538,NA,8,44,NA,NA,NA,Intron,FALSE,FALSE,FALSE,FALSE,3,2,1,2_1,754d26af-f184-497c-856a-cd1ea7a5115c,NA
10,89722551,89722551,1,snv_mnv,NA,NA,"broad,dkfz,muse,sanger",4,COSN16632440,NA,L1MA5,FALSE,0.1176,NA,8,60,NA,NA,NA,Intron,FALSE,FALSE,FALSE,FALSE,3,2,1,2_1,754d26af-f184-497c-856a-cd1ea7a5115c,PTEN
10,89935439,89935439,1,snv_mnv,NA,NA,"broad,muse",2,COSN16630012,NA,L1MA5,FALSE,0.0615,NA,4,61,NA,NA,NA,IGR,FALSE,FALSE,FALSE,FALSE,3,2,1,2_1,754d26af-f184-497c-856a-cd1ea7a5115c,NA
10,90383881,90383881,1,snv_mnv,3.9936e-4,rs558735072,"broad,dkfz,muse,sanger",4,COSN16630243,rs558735072,NA,FALSE,0.1429,NA,9,54,NA,NA,NA,IGR,FALSE,FALSE,FALSE,FALSE,3,2,1,2_1,754d26af-f184-497c-856a-cd1ea7a5115c,NA
10,92156626,92156626,1,snv_mnv,NA,NA,"broad,dkfz,muse,sanger",4,COSN16632210,NA,NA,FALSE,0.12,NA,9,66,NA,NA,NA,IGR,FALSE,FALSE,FALSE,FALSE,3,2,1,2_1,754d26af-f184-497c-856a-cd1ea7a5115c,NA
10,92483620,92483620,1,snv_mnv,NA,NA,"broad,muse,sanger",3,COSN16631191,NA,NA,FALSE,0.0806,NA,5,57,NA,NA,NA,IGR,FALSE,FALSE,TRUE,FALSE,3,2,1,2_1,754d26af-f184-497c-856a-cd1ea7a5115c,NA
10,92928377,92928377,1,snv_mnv,NA,NA,"broad,muse,sanger",3,COSN16632154,NA,NA,FALSE,0.0625,NA,3,45,NA,NA,NA,IGR,FALSE,FALSE,FALSE,FALSE,3,2,1,2_1,754d26af-f184-497c-856a-cd1ea7a5115c,NA
10,93838784,93838784,1,snv_mnv,NA,NA,"broad,muse,sanger",3,COSN16629398,NA,NA,FALSE,0.0704,NA,5,66,NA,NA,NA,Intron,FALSE,FALSE,FALSE,FALSE,3,2,1,2_1,754d26af-f184-497c-856a-cd1ea7a5115c,RF00402
10,94209128,94209128,1,snv_mnv,NA,NA,"broad,muse,sanger",3,COSN16631269,NA,L1ME1,FALSE,0.122,NA,5,36,NA,NA,NA,IGR,FALSE,FALSE,FALSE,FALSE,3,2,1,2_1,754d26af-f184-497c-856a-cd1ea7a5115c,IDE
10,97371650,97371650,1,snv_mnv,NA,NA,"broad,dkfz,muse,sanger",4,COSN16629774,NA,AluSx1,FALSE,0.2222,NA,10,35,NA,NA,NA,Intron,FALSE,FALSE,FALSE,FALSE,3,2,1,2_1,754d26af-f184-497c-856a-cd1ea7a5115c,NA
10,99423707,99423707,1,snv_mnv,NA,NA,"broad,dkfz,muse,sanger",4,COSN16633263,NA,AluJr,FALSE,0.1333,NA,8,52,NA,NA,NA,Intron,FALSE,FALSE,FALSE,FALSE,3,2,1,2_1,754d26af-f184-497c-856a-cd1ea7a5115c,NA
10,99648362,99648362,1,snv_mnv,NA,NA,"broad,dkfz,muse,sanger",4,COSN16629234,NA,MIRb,FALSE,0.2093,NA,9,34,NA,NA,NA,Intron,FALSE,FALSE,FALSE,FALSE,3,2,1,2_1,754d26af-f184-497c-856a-cd1ea7a5115c,CRTAC1
10,99920609,99920609,1,snv_mnv,NA,NA,"broad,muse,sanger",3,COSN16631883,NA,L1MC4a,FALSE,0.0562,NA,5,84,NA,NA,NA,Intron,FALSE,FALSE,FALSE,FALSE,3,2,1,2_1,754d26af-f184-497c-856a-cd1ea7a5115c,R3HCC1L
10,100764698,100764698,1,snv_mnv,NA,NA,"broad,dkfz,muse,sanger",4,COSN16631790,NA,L1MA8,FALSE,0.0789,NA,6,70,NA,NA,NA,Intron,FALSE,FALSE,FALSE,FALSE,3,2,1,2_1,754d26af-f184-497c-856a-cd1ea7a5115c,NA
10,100924712,100924712,1,snv_mnv,NA,NA,"broad,dkfz,sanger",3,COSN16632958,rs548750710,AluSc,FALSE,0.122,NA,5,36,NA,NA,NA,Intron,FALSE,FALSE,FALSE,FALSE,3,2,1,2_1,754d26af-f184-497c-856a-cd1ea7a5115c,NA
10,101382094,101382094,1,snv_mnv,NA,NA,"broad,dkfz,muse,sanger",4,COSN16630399,NA,NA,FALSE,0.1304,NA,6,40,NA,NA,NA,5'Flank,FALSE,FALSE,TRUE,FALSE,3,2,1,2_1,754d26af-f184-497c-856a-cd1ea7a5115c,"SLC25A28,AL353719.1"
10,101456818,101456818,1,snv_mnv,1.9968e-4,rs575990609,"broad,dkfz,muse,sanger",4,COSN16630374,rs575990609,NA,FALSE,0.125,NA,6,42,NA,NA,NA,Intron,FALSE,FALSE,FALSE,FALSE,3,2,1,2_1,754d26af-f184-497c-856a-cd1ea7a5115c,"ENTPD7,EBAG9P1"
10,105463008,105463008,1,snv_mnv,NA,NA,"broad,muse,sanger",3,COSN16631623,NA,NA,FALSE,0.1111,NA,5,40,NA,NA,NA,Intron,FALSE,FALSE,FALSE,FALSE,3,2,1,2_1,754d26af-f184-497c-856a-cd1ea7a5115c,NA
10,107579846,107579846,1,snv_mnv,NA,NA,"broad,dkfz,muse,sanger",4,COSN16630056,NA,NA,FALSE,0.1395,NA,6,37,NA,NA,NA,lincRNA,FALSE,FALSE,FALSE,FALSE,3,2,1,2_1,754d26af-f184-497c-856a-cd1ea7a5115c,AL731574.1
10,107765067,107765067,1,snv_mnv,NA,NA,"broad,dkfz,muse,sanger",4,COSN16628995,NA,NA,FALSE,0.1538,NA,10,55,NA,NA,NA,IGR,FALSE,FALSE,FALSE,FALSE,3,2,1,2_1,754d26af-f184-497c-856a-cd1ea7a5115c,NA
10,107867831,107867831,1,snv_mnv,NA,NA,"broad,dkfz,muse,sanger",4,COSN16632305,NA,NA,FALSE,0.0741,NA,6,75,NA,NA,NA,IGR,FALSE,FALSE,FALSE,FALSE,3,2,1,2_1,754d26af-f184-497c-856a-cd1ea7a5115c,NA
10,108029040,108029040,1,snv_mnv,NA,NA,"broad,dkfz,muse,sanger",4,COSN16633052,NA,MER52-int,FALSE,0.1094,NA,7,57,NA,NA,NA,IGR,FALSE,FALSE,FALSE,FALSE,3,2,1,2_1,754d26af-f184-497c-856a-cd1ea7a5115c,NA
10,108064367,108064367,1,snv_mnv,NA,NA,"broad,muse,sanger",3,COSN16631417,NA,NA,FALSE,0.0735,NA,5,63,NA,NA,NA,IGR,FALSE,FALSE,FALSE,FALSE,3,2,1,2_1,754d26af-f184-497c-856a-cd1ea7a5115c,NA
10,108308608,108308608,1,snv_mnv,NA,NA,"broad,dkfz,muse,sanger",4,COSN16632501,NA,NA,FALSE,0.1408,NA,10,61,NA,NA,NA,IGR,FALSE,FALSE,FALSE,FALSE,3,2,1,2_1,754d26af-f184-497c-856a-cd1ea7a5115c,RPL23AP59
10,108308609,108308609,1,snv_mnv,NA,NA,"broad,dkfz,muse,sanger",4,COSN16630671,NA,NA,FALSE,0.1429,NA,10,60,NA,NA,NA,IGR,FALSE,FALSE,FALSE,FALSE,3,2,1,2_1,754d26af-f184-497c-856a-cd1ea7a5115c,RPL23AP59
10,108513062,108513062,1,snv_mnv,1.9968e-4,rs535406929,"broad,muse",2,COSN16633374,rs535406929,NA,FALSE,0.0727,NA,4,51,NA,NA,NA,Intron,FALSE,FALSE,FALSE,FALSE,3,2,1,2_1,754d26af-f184-497c-856a-cd1ea7a5115c,NA
10,108513909,108513909,1,snv_mnv,NA,NA,"broad,muse",2,COSN16631884,NA,MLT1K,FALSE,0.0694,NA,5,67,NA,NA,NA,Intron,FALSE,FALSE,FALSE,FALSE,3,2,1,2_1,754d26af-f184-497c-856a-cd1ea7a5115c,NA
10,108842451,108842451,1,snv_mnv,NA,NA,"broad,muse,sanger",3,COSN16632904,NA,AluSx,FALSE,0.1136,NA,5,39,NA,NA,NA,Intron,FALSE,FALSE,FALSE,FALSE,3,2,1,2_1,754d26af-f184-497c-856a-cd1ea7a5115c,NA
10,109127377,109127377,1,snv_mnv,NA,NA,"broad,muse,sanger",3,COSN16628917,NA,ERVL-E-int,FALSE,0.069,NA,4,54,NA,NA,NA,IGR,FALSE,FALSE,TRUE,FALSE,3,2,1,2_1,754d26af-f184-497c-856a-cd1ea7a5115c,NA
10,109931679,109931679,1,snv_mnv,NA,NA,"broad,dkfz,muse,sanger",4,COSN16631655,NA,L1ME1,FALSE,0.1585,NA,13,69,NA,NA,NA,IGR,FALSE,FALSE,FALSE,FALSE,3,2,1,2_1,754d26af-f184-497c-856a-cd1ea7a5115c,LINC01435
10,110185477,110185477,1,snv_mnv,NA,NA,"broad,dkfz,muse,sanger",4,COSN16630084,NA,MIRb,FALSE,0.1111,NA,7,56,NA,NA,NA,IGR,FALSE,FALSE,FALSE,FALSE,3,2,1,2_1,754d26af-f184-497c-856a-cd1ea7a5115c,NA
10,111168436,111168436,1,snv_mnv,NA,NA,"broad,dkfz,muse,sanger",4,COSN16632283,NA,L1MB8,FALSE,0.1148,NA,7,54,NA,NA,NA,IGR,FALSE,FALSE,FALSE,FALSE,3,2,1,2_1,754d26af-f184-497c-856a-cd1ea7a5115c,NA
10,113420500,113420500,1,snv_mnv,NA,NA,"broad,dkfz,muse,sanger",4,COSN16630914,NA,Tigger3,FALSE,0.1176,NA,8,60,NA,NA,NA,IGR,FALSE,FALSE,FALSE,FALSE,3,2,1,2_1,754d26af-f184-497c-856a-cd1ea7a5115c,NA
10,113877756,113877756,1,snv_mnv,NA,NA,"broad,dkfz,muse,sanger",4,COSN16630706,NA,L1M3,FALSE,0.1061,NA,7,59,NA,NA,NA,IGR,FALSE,FALSE,FALSE,FALSE,3,2,1,2_1,754d26af-f184-497c-856a-cd1ea7a5115c,NA
10,114885091,114885091,1,snv_mnv,3.9936e-4,rs530609204,"broad,dkfz,muse,sanger",4,COSN16630915,rs530609204,NA,FALSE,0.14,NA,7,43,NA,NA,NA,Intron,FALSE,FALSE,FALSE,FALSE,3,2,1,2_1,754d26af-f184-497c-856a-cd1ea7a5115c,TCF7L2
10,117305290,117305290,1,snv_mnv,1.9968e-4,rs534388509,"broad,dkfz,muse",3,COSN16631656,rs534388509,NA,FALSE,0.0595,NA,5,79,NA,NA,NA,Intron,FALSE,FALSE,FALSE,FALSE,3,2,1,2_1,754d26af-f184-497c-856a-cd1ea7a5115c,NA
10,117712908,117712908,1,snv_mnv,NA,NA,"broad,dkfz,muse,sanger",4,COSN16630244,NA,NA,FALSE,0.1379,NA,8,50,NA,NA,NA,IGR,FALSE,FALSE,FALSE,FALSE,3,2,1,2_1,754d26af-f184-497c-856a-cd1ea7a5115c,ATRNL1
10,118329321,118329321,1,snv_mnv,NA,NA,"broad,dkfz,muse,sanger",4,COSN16628972,NA,L2c,FALSE,0.1111,NA,7,56,NA,NA,NA,IGR,FALSE,FALSE,FALSE,FALSE,3,2,1,2_1,754d26af-f184-497c-856a-cd1ea7a5115c,PNLIP
10,118430478,118430478,1,snv_mnv,NA,NA,"broad,dkfz,muse,sanger",4,COSN16630339,NA,NA,FALSE,0.1429,NA,6,36,NA,NA,NA,IGR,FALSE,FALSE,FALSE,FALSE,3,2,1,2_1,754d26af-f184-497c-856a-cd1ea7a5115c,"C10orf82,HSPA12A"
10,118803597,118803597,1,snv_mnv,3.9936e-4,rs567753768,"broad,muse,sanger",3,COSN6942829,rs567753768,NA,FALSE,0.0758,NA,5,61,NA,NA,NA,Intron,FALSE,FALSE,FALSE,FALSE,3,2,1,2_1,754d26af-f184-497c-856a-cd1ea7a5115c,NA
10,119004114,119004114,1,snv_mnv,1.9968e-4,rs532746969,"broad,sanger",2,COSN16629709,rs532746969,NA,FALSE,0.0714,NA,4,52,NA,NA,NA,Intron,FALSE,FALSE,FALSE,FALSE,3,2,1,2_1,754d26af-f184-497c-856a-cd1ea7a5115c,NA
10,119349861,119349861,1,snv_mnv,NA,NA,"broad,dkfz,muse,sanger",4,COSN16630031,NA,NA,FALSE,0.0926,NA,5,49,NA,NA,NA,IGR,FALSE,FALSE,FALSE,FALSE,3,2,1,2_1,754d26af-f184-497c-856a-cd1ea7a5115c,NA
10,119588127,119588127,1,snv_mnv,NA,NA,"broad,dkfz,muse,sanger",4,COSN16632284,NA,NA,FALSE,0.2029,NA,14,55,NA,NA,NA,lincRNA,FALSE,FALSE,FALSE,FALSE,3,2,1,2_1,754d26af-f184-497c-856a-cd1ea7a5115c,NA
10,119693170,119693170,1,snv_mnv,NA,NA,"broad,dkfz,muse,sanger",4,COSN16631570,NA,L1MA5,FALSE,0.0833,NA,6,66,NA,NA,NA,IGR,FALSE,FALSE,FALSE,FALSE,3,2,1,2_1,754d26af-f184-497c-856a-cd1ea7a5115c,NA
10,120461570,120461570,1,snv_mnv,NA,NA,"broad,dkfz,muse,sanger",4,COSN16633321,NA,LTR7,FALSE,0.2581,NA,16,46,NA,NA,NA,Intron,FALSE,FALSE,FALSE,FALSE,3,2,1,2_1,754d26af-f184-497c-856a-cd1ea7a5115c,NA
10,121866490,121866490,1,snv_mnv,NA,NA,"broad,muse",2,COSN16630013,NA,LTR7B,FALSE,0.0541,NA,4,70,NA,NA,NA,IGR,FALSE,FALSE,FALSE,FALSE,3,2,1,2_1,754d26af-f184-497c-856a-cd1ea7a5115c,NA
10,122123776,122123776,1,snv_mnv,NA,NA,"broad,dkfz,muse,sanger",4,COSN16629338,NA,NA,FALSE,0.1846,NA,12,53,NA,NA,NA,IGR,FALSE,FALSE,FALSE,FALSE,3,2,1,2_1,754d26af-f184-497c-856a-cd1ea7a5115c,NA
10,122449188,122449188,1,snv_mnv,NA,NA,"broad,dkfz,muse",3,COSN16630277,NA,NA,FALSE,0.0746,NA,5,62,NA,NA,NA,IGR,FALSE,FALSE,FALSE,FALSE,3,2,1,2_1,754d26af-f184-497c-856a-cd1ea7a5115c,NA
10,127106164,127106164,1,snv_mnv,NA,NA,"broad,muse,sanger",3,COSN16631766,NA,Helitron3Na_Mam,FALSE,0.1042,NA,5,43,NA,NA,NA,IGR,FALSE,FALSE,FALSE,FALSE,3,2,1,2_1,754d26af-f184-497c-856a-cd1ea7a5115c,NA
10,127285499,127285499,1,snv_mnv,NA,NA,"broad,muse,sanger",3,COSN16569007,NA,MIR,FALSE,0.1304,NA,6,40,NA,NA,NA,IGR,FALSE,FALSE,FALSE,FALSE,3,2,1,2_1,754d26af-f184-497c-856a-cd1ea7a5115c,NA
10,127317471,127317471,1,snv_mnv,1.9968e-4,rs548440426,"broad,muse",2,COSN16630565,rs548440426,MIRb,FALSE,0.0645,NA,4,58,NA,NA,NA,IGR,FALSE,FALSE,FALSE,FALSE,3,2,1,2_1,754d26af-f184-497c-856a-cd1ea7a5115c,NA
10,129437831,129437831,1,snv_mnv,NA,NA,"broad,dkfz,muse,sanger",4,COSN16629807,NA,NA,FALSE,0.1304,NA,9,60,NA,NA,NA,IGR,FALSE,FALSE,TRUE,FALSE,3,2,1,2_1,754d26af-f184-497c-856a-cd1ea7a5115c,NA
10,130137639,130137639,1,snv_mnv,3.9936e-4,rs541916049,"broad,dkfz,muse,sanger",4,COSN16632139,rs541916049,NA,FALSE,0.2024,NA,17,67,NA,NA,NA,IGR,FALSE,FALSE,FALSE,FALSE,3,2,1,2_1,754d26af-f184-497c-856a-cd1ea7a5115c,NA
10,130278440,130278440,1,snv_mnv,NA,NA,"broad,dkfz,muse,sanger",4,COSN16629454,NA,NA,FALSE,0.1064,NA,5,42,NA,NA,NA,IGR,FALSE,FALSE,FALSE,FALSE,3,2,1,2_1,754d26af-f184-497c-856a-cd1ea7a5115c,NA
10,130404503,130404503,1,snv_mnv,NA,NA,"broad,dkfz,muse,sanger",4,COSN16630098,NA,L1ME4a,FALSE,0.1698,NA,9,44,NA,NA,NA,IGR,FALSE,FALSE,FALSE,FALSE,3,2,1,2_1,754d26af-f184-497c-856a-cd1ea7a5115c,NA
10,131686595,131686595,1,snv_mnv,NA,NA,"broad,dkfz,muse,sanger",4,COSN16631140,NA,NA,FALSE,0.1282,NA,5,34,NA,NA,NA,Intron,FALSE,FALSE,FALSE,FALSE,3,2,1,2_1,754d26af-f184-497c-856a-cd1ea7a5115c,NA
10,132150361,132150361,1,snv_mnv,3.9936e-4,rs544043322,"broad,dkfz,muse,sanger",4,COSN15390707,rs544043322,NA,FALSE,0.1316,NA,5,33,NA,NA,NA,IGR,FALSE,FALSE,FALSE,FALSE,3,2,1,2_1,754d26af-f184-497c-856a-cd1ea7a5115c,NA
10,132346465,132346465,1,snv_mnv,NA,NA,"broad,dkfz,muse,sanger",4,COSN16631504,NA,NA,FALSE,0.1282,NA,5,34,NA,NA,NA,IGR,FALSE,FALSE,TRUE,FALSE,3,2,1,2_1,754d26af-f184-497c-856a-cd1ea7a5115c,NA
10,132514060,132514060,1,snv_mnv,NA,NA,"broad,muse,sanger",3,COSN16631327,rs565538270,AluSz,FALSE,0.122,NA,5,36,NA,NA,NA,IGR,FALSE,FALSE,FALSE,FALSE,3,2,1,2_1,754d26af-f184-497c-856a-cd1ea7a5115c,NA
10,134506376,134506376,1,snv_mnv,NA,NA,"broad,dkfz,muse,sanger",4,COSN16631937,NA,L1MC2,FALSE,0.1967,NA,12,49,NA,NA,NA,Intron,FALSE,FALSE,FALSE,FALSE,3,2,1,2_1,754d26af-f184-497c-856a-cd1ea7a5115c,NA
11,544075,544075,1,snv_mnv,NA,NA,"broad,dkfz,muse,sanger",4,COSN16629629,NA,NA,FALSE,0.2162,NA,8,29,NA,NA,NA,Intron,FALSE,FALSE,FALSE,FALSE,4,2,2,2_2,754d26af-f184-497c-856a-cd1ea7a5115c,NA
11,1681545,1681545,1,snv_mnv,NA,NA,"broad,muse",2,COSN16633264,NA,L2,FALSE,0.0889,NA,4,41,NA,NA,NA,lincRNA,FALSE,FALSE,FALSE,FALSE,4,2,2,2_2,754d26af-f184-497c-856a-cd1ea7a5115c,AP006285.2
11,2185975,2185975,1,snv_mnv,NA,NA,"broad,dkfz,muse,sanger",4,COSN16630672,NA,NA,FALSE,0.1622,NA,6,31,NA,NA,NA,Intron,FALSE,FALSE,FALSE,FALSE,4,2,2,2_2,754d26af-f184-497c-856a-cd1ea7a5115c,"INS-IGF2,TH,INS"
11,3400911,3400911,1,snv_mnv,NA,NA,"broad,dkfz,muse,sanger",4,COSN16632238,NA,MER33,FALSE,0.087,NA,6,63,NA,NA,NA,5'Flank,FALSE,FALSE,FALSE,FALSE,4,2,2,2_2,754d26af-f184-497c-856a-cd1ea7a5115c,"TSSC2,ZNF195"
11,4020547,4020547,1,snv_mnv,NA,NA,"broad,muse,sanger",3,COSN16630673,NA,AluJo,FALSE,0.0676,NA,5,69,NA,NA,NA,Intron,FALSE,FALSE,FALSE,FALSE,4,2,2,2_2,754d26af-f184-497c-856a-cd1ea7a5115c,STIM1
11,5177114,5177114,1,snv_mnv,NA,NA,"broad,dkfz,muse,sanger",4,COSN16630158,NA,NA,FALSE,0.3167,NA,19,41,NA,NA,NA,Intron,FALSE,FALSE,FALSE,FALSE,4,2,2,2_2,754d26af-f184-497c-856a-cd1ea7a5115c,OR52A1
11,6050993,6050993,1,snv_mnv,NA,NA,"broad,dkfz,muse,sanger",4,COSN16630224,NA,L2b,FALSE,0.2281,NA,13,44,NA,NA,NA,5'Flank,FALSE,FALSE,FALSE,FALSE,4,2,2,2_2,754d26af-f184-497c-856a-cd1ea7a5115c,NA
11,6739838,6739838,1,snv_mnv,1.9968e-4,rs573610942,"broad,dkfz,muse,sanger",4,COSN16631680,rs573610942,NA,FALSE,0.1111,NA,3,24,NA,NA,NA,RNA,FALSE,FALSE,FALSE,FALSE,4,2,2,2_2,754d26af-f184-497c-856a-cd1ea7a5115c,NA
11,6904988,6904988,1,snv_mnv,NA,NA,"broad,muse",2,COSN16631003,NA,L2,FALSE,0.0532,NA,5,89,NA,NA,NA,IGR,FALSE,FALSE,FALSE,FALSE,4,2,2,2_2,754d26af-f184-497c-856a-cd1ea7a5115c,NA
11,8314328,8314328,1,snv_mnv,NA,NA,"broad,dkfz,muse,sanger",4,COSN16630014,NA,AluSx1,FALSE,0.2326,NA,10,33,NA,NA,NA,IGR,FALSE,FALSE,FALSE,FALSE,4,2,2,2_2,754d26af-f184-497c-856a-cd1ea7a5115c,NA
11,11844526,11844526,1,snv_mnv,NA,NA,"broad,muse",2,COSN16632262,NA,L2a,FALSE,0.0714,NA,5,65,NA,NA,NA,IGR,FALSE,FALSE,FALSE,FALSE,4,2,2,2_2,754d26af-f184-497c-856a-cd1ea7a5115c,NA
11,16920772,16920772,1,snv_mnv,5.9904e-4,rs545502841,"muse,sanger",2,COSN16631938,rs545502841,AluSp,FALSE,0.1091,NA,6,49,NA,NA,NA,Intron,FALSE,FALSE,FALSE,FALSE,4,2,2,2_2,754d26af-f184-497c-856a-cd1ea7a5115c,NA
11,17514740,17514740,1,snv_mnv,NA,NA,"broad,dkfz,muse,sanger",4,COSN16629973,NA,MLT1M,FALSE,0.1395,NA,6,37,NA,NA,NA,IGR,FALSE,FALSE,FALSE,FALSE,4,2,2,2_2,754d26af-f184-497c-856a-cd1ea7a5115c,USH1C
11,17833017,17833017,1,snv_mnv,NA,NA,"broad,dkfz,muse,sanger",4,COSN16631886,NA,NA,FALSE,0.1034,NA,6,52,NA,NA,NA,Intron,FALSE,FALSE,TRUE,FALSE,4,2,2,2_2,754d26af-f184-497c-856a-cd1ea7a5115c,NA
11,18337531,18337531,1,snv_mnv,NA,NA,"broad,dkfz,muse,sanger",4,COSN16630159,NA,AluJr4,FALSE,0.1186,NA,7,52,NA,NA,NA,Intron,FALSE,FALSE,FALSE,FALSE,4,2,2,2_2,754d26af-f184-497c-856a-cd1ea7a5115c,NA
11,18956096,18956096,1,snv_mnv,NA,NA,"broad,muse",2,COSM5483543,rs774293818,NA,FALSE,0.069,NA,4,54,NA,NA,NA,Missense_Mutation,FALSE,FALSE,FALSE,FALSE,4,2,2,2_2,754d26af-f184-497c-856a-cd1ea7a5115c,AC023078.5
11,19112719,19112719,1,snv_mnv,NA,NA,"broad,dkfz,muse,sanger",4,COSN16629890,NA,L2c,FALSE,0.2075,NA,11,42,NA,NA,NA,IGR,FALSE,FALSE,FALSE,FALSE,4,2,2,2_2,754d26af-f184-497c-856a-cd1ea7a5115c,NA
11,20353084,20353084,1,snv_mnv,NA,NA,"broad,dkfz,muse,sanger",4,COSN16629917,NA,NA,FALSE,0.15,NA,9,51,NA,NA,NA,IGR,FALSE,FALSE,FALSE,FALSE,4,2,2,2_2,754d26af-f184-497c-856a-cd1ea7a5115c,NA
11,21404712,21404712,1,snv_mnv,NA,NA,"broad,dkfz,muse,sanger",4,COSN16629861,NA,NA,FALSE,0.1205,NA,10,73,NA,NA,NA,Intron,FALSE,FALSE,TRUE,FALSE,4,2,2,2_2,754d26af-f184-497c-856a-cd1ea7a5115c,RNA5SP337
11,21427592,21427592,1,snv_mnv,NA,NA,"broad,dkfz,muse,sanger",4,COSN16633083,NA,NA,FALSE,0.0875,NA,7,73,NA,NA,NA,Intron,FALSE,FALSE,FALSE,FALSE,4,2,2,2_2,754d26af-f184-497c-856a-cd1ea7a5115c,NA
11,21494270,21494270,1,snv_mnv,NA,NA,"broad,dkfz,muse,sanger",4,COSN16631657,NA,NA,FALSE,0.1935,NA,12,50,NA,NA,NA,Intron,FALSE,FALSE,FALSE,FALSE,4,2,2,2_2,754d26af-f184-497c-856a-cd1ea7a5115c,NA
11,21683068,21683068,1,snv_mnv,NA,NA,"broad,dkfz,muse,sanger",4,COSN16631243,NA,L1PB4,FALSE,0.1625,NA,13,67,NA,NA,NA,IGR,FALSE,FALSE,FALSE,FALSE,4,2,2,2_2,754d26af-f184-497c-856a-cd1ea7a5115c,NA
11,25388172,25388172,1,snv_mnv,NA,NA,"broad,muse,sanger",3,COSN16632645,NA,L1PA5,FALSE,0.1404,NA,8,49,NA,NA,NA,IGR,FALSE,FALSE,TRUE,FALSE,4,2,2,2_2,754d26af-f184-497c-856a-cd1ea7a5115c,NA
11,25393658,25393658,1,snv_mnv,NA,NA,"broad,dkfz,muse,sanger",4,COSN16632616,NA,Tigger7,FALSE,0.1494,NA,13,74,NA,NA,NA,IGR,FALSE,FALSE,FALSE,FALSE,4,2,2,2_2,754d26af-f184-497c-856a-cd1ea7a5115c,NA
11,25396283,25396283,1,snv_mnv,NA,NA,"broad,dkfz,muse,sanger",4,COSN16631736,NA,NA,FALSE,0.0658,NA,5,71,NA,NA,NA,IGR,FALSE,FALSE,FALSE,FALSE,4,2,2,2_2,754d26af-f184-497c-856a-cd1ea7a5115c,NA
11,25534540,25534540,1,snv_mnv,NA,NA,"broad,dkfz,muse,sanger",4,COSN16629269,NA,NA,FALSE,0.1154,NA,6,46,NA,NA,NA,IGR,FALSE,FALSE,FALSE,FALSE,4,2,2,2_2,754d26af-f184-497c-856a-cd1ea7a5115c,NA
11,25586560,25586560,1,snv_mnv,NA,NA,"broad,dkfz,muse,sanger",4,COSN16629423,NA,NA,FALSE,0.1486,NA,11,63,NA,NA,NA,IGR,FALSE,FALSE,FALSE,FALSE,4,2,2,2_2,754d26af-f184-497c-856a-cd1ea7a5115c,NA
11,27263956,27263956,1,snv_mnv,NA,NA,"broad,dkfz,muse,sanger",4,COSN16633322,NA,NA,FALSE,0.127,NA,8,55,NA,NA,NA,IGR,FALSE,FALSE,FALSE,FALSE,4,2,2,2_2,754d26af-f184-497c-856a-cd1ea7a5115c,NA
11,29243924,29243924,1,snv_mnv,NA,NA,"broad,dkfz,muse,sanger",4,COSN16630644,NA,L1PA8A,FALSE,0.1467,NA,11,64,NA,NA,NA,lincRNA,FALSE,FALSE,FALSE,FALSE,4,2,2,2_2,754d26af-f184-497c-856a-cd1ea7a5115c,NA
11,29388961,29388961,1,snv_mnv,NA,NA,"broad,dkfz,muse,sanger",4,COSN16629558,NA,NA,FALSE,0.1795,NA,14,64,NA,NA,NA,lincRNA,FALSE,FALSE,FALSE,FALSE,4,2,2,2_2,754d26af-f184-497c-856a-cd1ea7a5115c,NA
11,29998695,29998695,1,snv_mnv,NA,NA,"broad,muse",2,COSN16629092,rs374855678,HERVH-int,FALSE,0.0615,NA,4,61,NA,NA,NA,lincRNA,FALSE,FALSE,FALSE,FALSE,4,2,2,2_2,754d26af-f184-497c-856a-cd1ea7a5115c,NA
11,30807701,30807701,1,snv_mnv,NA,NA,"broad,dkfz,muse,sanger",4,COSN16629974,NA,NA,FALSE,0.25,NA,17,51,NA,NA,NA,IGR,FALSE,FALSE,FALSE,FALSE,4,2,2,2_2,754d26af-f184-497c-856a-cd1ea7a5115c,NA
11,31408812,31408812,1,snv_mnv,NA,NA,"broad,muse,sanger",3,COSN16628885,NA,L1MA3,FALSE,0.0794,NA,5,58,NA,NA,NA,Intron,FALSE,FALSE,FALSE,FALSE,4,2,2,2_2,754d26af-f184-497c-856a-cd1ea7a5115c,DNAJC24
11,32253079,32253079,1,snv_mnv,NA,NA,"broad,dkfz,muse,sanger",4,COSN16632959,NA,L1ME4a,FALSE,0.1404,NA,8,49,NA,NA,NA,RNA,FALSE,FALSE,FALSE,FALSE,4,2,2,2_2,754d26af-f184-497c-856a-cd1ea7a5115c,NA
11,32691153,32691153,1,snv_mnv,NA,NA,"broad,muse",2,COSN16963571,rs186724357,L1MA2,FALSE,0.0755,NA,4,49,NA,NA,NA,Intron,FALSE,FALSE,FALSE,FALSE,4,2,2,2_2,754d26af-f184-497c-856a-cd1ea7a5115c,NA
11,32911817,32911817,1,snv_mnv,NA,NA,"broad,dkfz,muse,sanger",4,COSN16630340,rs752923439,AluSx,FALSE,0.1778,NA,8,37,NA,NA,NA,5'Flank,FALSE,FALSE,FALSE,FALSE,4,2,2,2_2,754d26af-f184-497c-856a-cd1ea7a5115c,QSER1
11,34242756,34242756,1,snv_mnv,NA,NA,"broad,dkfz,muse,sanger",4,COSN16630278,NA,AluSg,FALSE,0.2174,NA,10,36,NA,NA,NA,Intron,FALSE,FALSE,FALSE,FALSE,4,2,2,2_2,754d26af-f184-497c-856a-cd1ea7a5115c,NA
11,34847604,34847604,1,snv_mnv,NA,NA,"broad,dkfz,muse,sanger",4,COSN16630566,NA,NA,FALSE,0.2826,NA,13,33,NA,NA,NA,IGR,FALSE,FALSE,FALSE,FALSE,4,2,2,2_2,754d26af-f184-497c-856a-cd1ea7a5115c,NA
11,36895325,36895325,1,snv_mnv,NA,NA,"broad,muse,sanger",3,COSN16631532,NA,L1MA1,FALSE,0.0645,NA,4,58,NA,NA,NA,IGR,FALSE,FALSE,FALSE,FALSE,4,2,2,2_2,754d26af-f184-497c-856a-cd1ea7a5115c,NA
11,37274858,37274858,1,snv_mnv,NA,NA,"broad,dkfz,muse,sanger",4,COSN16630486,NA,AluYc,FALSE,0.2,NA,12,48,NA,NA,NA,IGR,FALSE,FALSE,FALSE,FALSE,4,2,2,2_2,754d26af-f184-497c-856a-cd1ea7a5115c,NA
11,37312848,37312848,1,snv_mnv,NA,NA,"broad,dkfz,muse,sanger",4,COSN16629481,NA,NA,FALSE,0.0933,NA,7,68,NA,NA,NA,IGR,FALSE,FALSE,FALSE,FALSE,4,2,2,2_2,754d26af-f184-497c-856a-cd1ea7a5115c,NA
11,37387645,37387645,1,snv_mnv,NA,NA,"broad,dkfz,muse,sanger",4,COSN16629122,NA,L1PB3,FALSE,0.0946,NA,7,67,NA,NA,NA,IGR,FALSE,FALSE,FALSE,FALSE,4,2,2,2_2,754d26af-f184-497c-856a-cd1ea7a5115c,NA
11,40172050,40172050,1,snv_mnv,NA,NA,"broad,dkfz,muse,sanger",4,COSN16630567,NA,AluJo,FALSE,0.1702,NA,8,39,NA,NA,NA,Intron,FALSE,FALSE,FALSE,FALSE,4,2,2,2_2,754d26af-f184-497c-856a-cd1ea7a5115c,NA
11,40202623,40202623,1,snv_mnv,NA,NA,"broad,dkfz,muse,sanger",4,COSN16630890,NA,NA,FALSE,0.1831,NA,13,58,NA,NA,NA,Intron,FALSE,FALSE,FALSE,FALSE,4,2,2,2_2,754d26af-f184-497c-856a-cd1ea7a5115c,NA
11,40725689,40725689,1,snv_mnv,NA,NA,"broad,muse,sanger",3,COSN16630853,NA,MER2,FALSE,0.0625,NA,4,60,NA,NA,NA,Intron,FALSE,FALSE,FALSE,FALSE,4,2,2,2_2,754d26af-f184-497c-856a-cd1ea7a5115c,NA
11,40894122,40894122,1,snv_mnv,NA,NA,"broad,dkfz,muse,sanger",4,COSN16632905,NA,NA,FALSE,0.1446,NA,12,71,NA,NA,NA,Intron,FALSE,FALSE,FALSE,FALSE,4,2,2,2_2,754d26af-f184-497c-856a-cd1ea7a5115c,NA
11,41004638,41004638,1,snv_mnv,NA,NA,"broad,dkfz,muse,sanger",4,COSN16630822,NA,L1PA12,FALSE,0.1026,NA,8,70,NA,NA,NA,Intron,FALSE,FALSE,FALSE,FALSE,4,2,2,2_2,754d26af-f184-497c-856a-cd1ea7a5115c,NA
11,41228448,41228448,1,snv_mnv,NA,NA,"broad,muse,sanger",3,COSN16630645,NA,MIR,FALSE,0.0482,NA,4,79,NA,NA,NA,Intron,FALSE,FALSE,FALSE,FALSE,4,2,2,2_2,754d26af-f184-497c-856a-cd1ea7a5115c,NA
11,41268237,41268237,1,snv_mnv,NA,NA,"broad,dkfz,muse,sanger",4,COSN16628886,NA,MIR,FALSE,0.3182,NA,14,30,NA,NA,NA,Intron,FALSE,FALSE,FALSE,FALSE,4,2,2,2_2,754d26af-f184-497c-856a-cd1ea7a5115c,NA
11,41302097,41302097,1,snv_mnv,NA,NA,"broad,dkfz,muse,sanger",4,COSN16632105,NA,NA,FALSE,0.0909,NA,7,70,NA,NA,NA,Intron,FALSE,FALSE,FALSE,FALSE,4,2,2,2_2,754d26af-f184-497c-856a-cd1ea7a5115c,NA
11,41682115,41682115,1,snv_mnv,NA,NA,"broad,muse,sanger",3,COSN16632285,NA,AluSz,FALSE,0.1724,NA,5,24,NA,NA,NA,lincRNA,FALSE,FALSE,FALSE,FALSE,4,2,2,2_2,754d26af-f184-497c-856a-cd1ea7a5115c,AC021006.3
11,41775414,41775414,1,snv_mnv,NA,NA,"broad,dkfz,muse,sanger",4,COSN16630939,NA,L1PB1,FALSE,0.1311,NA,8,53,NA,NA,NA,lincRNA,FALSE,FALSE,FALSE,FALSE,4,2,2,2_2,754d26af-f184-497c-856a-cd1ea7a5115c,NA
11,43008217,43008217,1,snv_mnv,NA,NA,"muse,sanger",2,COSN16628974,NA,NA,FALSE,0.0714,NA,4,52,NA,NA,NA,IGR,FALSE,FALSE,FALSE,FALSE,4,2,2,2_2,754d26af-f184-497c-856a-cd1ea7a5115c,NA
11,43757449,43757449,1,snv_mnv,7.9872e-4,rs571625624,"broad,dkfz,muse,sanger",4,COSN16632988,rs571625624,THE1D,FALSE,0.1538,NA,8,44,NA,NA,NA,Intron,FALSE,FALSE,FALSE,FALSE,4,2,2,2_2,754d26af-f184-497c-856a-cd1ea7a5115c,"PHBP2,AC068205.4"
11,46087602,46087602,1,snv_mnv,NA,NA,"broad,dkfz,muse,sanger",4,COSN16632681,NA,NA,FALSE,0.1148,NA,7,54,NA,NA,NA,Intron,FALSE,FALSE,FALSE,FALSE,4,2,2,2_2,754d26af-f184-497c-856a-cd1ea7a5115c,NA
11,46527165,46527165,1,snv_mnv,NA,NA,"broad,dkfz,muse,sanger",4,COSN16632106,NA,NA,FALSE,0.1429,NA,7,42,NA,NA,NA,Intron,FALSE,FALSE,FALSE,FALSE,4,2,2,2_2,754d26af-f184-497c-856a-cd1ea7a5115c,NA
11,47194297,47194297,1,snv_mnv,NA,NA,"broad,dkfz,muse,sanger",4,COSN16631989,NA,NA,FALSE,0.125,NA,5,35,NA,NA,NA,Intron,FALSE,FALSE,FALSE,FALSE,4,2,2,2_2,754d26af-f184-497c-856a-cd1ea7a5115c,"ARFGAP2,AC090589.3,PACSIN3"
11,48418898,48418898,1,snv_mnv,NA,NA,"broad,muse,sanger",3,COSN16629123,NA,L1M4,FALSE,0.1566,NA,13,70,NA,NA,NA,IGR,FALSE,FALSE,FALSE,FALSE,4,2,2,2_2,754d26af-f184-497c-856a-cd1ea7a5115c,NA
11,49911230,49911230,1,snv_mnv,NA,NA,"broad,dkfz,muse,sanger",4,COSN16631910,NA,NA,FALSE,0.1667,NA,7,35,NA,NA,NA,IGR,FALSE,FALSE,FALSE,FALSE,4,2,2,2_2,754d26af-f184-497c-856a-cd1ea7a5115c,AP006587.3
11,49940326,49940326,1,snv_mnv,NA,NA,"broad,dkfz,muse,sanger",4,COSN16632646,NA,NA,FALSE,0.1194,NA,8,59,NA,NA,NA,IGR,FALSE,FALSE,FALSE,FALSE,4,2,2,2_2,754d26af-f184-497c-856a-cd1ea7a5115c,"OR4A19P,OR4A49P,OR4R3P,OR4A18P"
11,50220390,50220390,1,snv_mnv,NA,NA,"broad,dkfz,muse,sanger",4,COSN16629505,NA,NA,FALSE,0.1515,NA,10,56,NA,NA,NA,IGR,FALSE,FALSE,FALSE,FALSE,4,2,2,2_2,754d26af-f184-497c-856a-cd1ea7a5115c,NA
11,50633223,50633223,1,snv_mnv,NA,NA,"broad,muse",2,COSN16632107,NA,ALR/Alpha,FALSE,0.1026,NA,8,70,NA,NA,NA,IGR,FALSE,FALSE,FALSE,FALSE,4,2,2,2_2,754d26af-f184-497c-856a-cd1ea7a5115c,NA
11,51305583,51305583,1,snv_mnv,NA,NA,"broad,muse",2,COSN16630823,NA,ALR/Alpha,FALSE,0.1096,NA,8,65,NA,NA,NA,IGR,FALSE,FALSE,FALSE,FALSE,4,2,2,2_2,754d26af-f184-497c-856a-cd1ea7a5115c,NA
11,54964726,54964726,1,snv_mnv,NA,NA,"broad,muse",2,COSN16630015,NA,ALR/Alpha,FALSE,0.1034,NA,6,52,NA,NA,NA,IGR,FALSE,FALSE,TRUE,FALSE,4,2,2,2_2,754d26af-f184-497c-856a-cd1ea7a5115c,NA
11,55071097,55071097,1,snv_mnv,NA,NA,"broad,muse,sanger",3,COSN16630940,NA,NA,FALSE,0.1017,NA,6,53,NA,NA,NA,IGR,FALSE,FALSE,FALSE,FALSE,4,2,2,2_2,754d26af-f184-497c-856a-cd1ea7a5115c,NA
11,55452346,55452346,1,snv_mnv,NA,NA,"broad,dkfz,muse,sanger",4,COSN16630529,NA,MER6A,FALSE,0.1212,NA,8,58,NA,NA,NA,lincRNA,FALSE,FALSE,FALSE,FALSE,4,2,2,2_2,754d26af-f184-497c-856a-cd1ea7a5115c,OR4P1P
11,55681649,55681649,1,snv_mnv,NA,NA,"broad,dkfz,muse,sanger",4,COSM4962686,NA,NA,FALSE,0.1167,NA,7,53,NA,NA,NA,Missense_Mutation,FALSE,FALSE,FALSE,FALSE,4,2,2,2_2,754d26af-f184-497c-856a-cd1ea7a5115c,NA
11,55967318,55967318,1,snv_mnv,NA,NA,"broad,dkfz,muse,sanger",4,COSN16631192,NA,L1ME3A,FALSE,0.1389,NA,10,62,NA,NA,NA,IGR,FALSE,FALSE,FALSE,FALSE,4,2,2,2_2,754d26af-f184-497c-856a-cd1ea7a5115c,NA
11,56074487,56074487,1,snv_mnv,NA,NA,"broad,dkfz,muse,sanger",4,COSN16632710,NA,L1PA15,FALSE,0.087,NA,6,63,NA,NA,NA,IGR,FALSE,FALSE,FALSE,FALSE,4,2,2,2_2,754d26af-f184-497c-856a-cd1ea7a5115c,NA
11,56649890,56649890,1,snv_mnv,NA,NA,"broad,dkfz,muse,sanger",4,COSN16629205,NA,NA,FALSE,0.0781,NA,5,59,NA,NA,NA,IGR,FALSE,FALSE,FALSE,FALSE,4,2,2,2_2,754d26af-f184-497c-856a-cd1ea7a5115c,AP001803.2
11,56665888,56665888,1,snv_mnv,NA,NA,"broad,dkfz,muse,sanger",4,COSN16632211,NA,NA,FALSE,0.283,NA,15,38,NA,NA,NA,IGR,FALSE,FALSE,FALSE,FALSE,4,2,2,2_2,754d26af-f184-497c-856a-cd1ea7a5115c,NA
11,57705365,57705365,1,snv_mnv,NA,NA,"broad,dkfz,muse,sanger",4,COSN16633349,NA,NA,FALSE,0.1707,NA,7,34,NA,NA,NA,IGR,FALSE,FALSE,FALSE,FALSE,4,2,2,2_2,754d26af-f184-497c-856a-cd1ea7a5115c,NA
11,58119166,58119166,1,snv_mnv,NA,NA,"broad,dkfz,muse,sanger",4,COSN16632906,NA,AluY,FALSE,0.225,NA,9,31,NA,NA,NA,IGR,FALSE,FALSE,FALSE,FALSE,4,2,2,2_2,754d26af-f184-497c-856a-cd1ea7a5115c,"OR5B10P,AP000435.1"
11,58119468,58119468,1,snv_mnv,NA,NA,"broad,dkfz,muse,sanger",4,COSN16632182,NA,NA,FALSE,0.2034,NA,12,47,NA,NA,NA,IGR,FALSE,FALSE,FALSE,FALSE,4,2,2,2_2,754d26af-f184-497c-856a-cd1ea7a5115c,"OR5B10P,AP000435.1"
11,58694225,58694225,1,snv_mnv,NA,NA,"broad,dkfz,muse,sanger",4,COSN16631820,NA,NA,FALSE,0.1429,NA,9,54,NA,NA,NA,5'Flank,FALSE,FALSE,FALSE,FALSE,4,2,2,2_2,754d26af-f184-497c-856a-cd1ea7a5115c,GLYATL1
11,60398107,60398107,1,snv_mnv,NA,NA,"broad,dkfz,muse,sanger",4,COSN16633231,NA,HSMAR2,FALSE,0.1053,NA,6,51,NA,NA,NA,lincRNA,FALSE,FALSE,FALSE,FALSE,4,2,2,2_2,754d26af-f184-497c-856a-cd1ea7a5115c,NA
11,62957397,62957397,1,snv_mnv,NA,NA,"broad,muse,sanger",3,COSN16631962,NA,L1PA2,FALSE,0.2167,NA,13,47,NA,NA,NA,Intron,FALSE,FALSE,FALSE,FALSE,4,2,2,2_2,754d26af-f184-497c-856a-cd1ea7a5115c,NA
11,63762940,63762940,1,snv_mnv,NA,NA,"broad,muse,sanger",3,COSN16632617,NA,AluSp,FALSE,0.1143,NA,4,31,NA,NA,NA,Intron,FALSE,FALSE,TRUE,FALSE,4,2,2,2_2,754d26af-f184-497c-856a-cd1ea7a5115c,"MACROD1,OTUB1"
11,63930068,63930068,1,snv_mnv,NA,NA,"broad,muse,sanger",3,COSN16631397,NA,AluY,FALSE,0.1143,NA,4,31,NA,NA,NA,Intron,FALSE,FALSE,FALSE,FALSE,4,2,2,2_2,754d26af-f184-497c-856a-cd1ea7a5115c,NA
11,64307782,64307782,1,snv_mnv,NA,NA,"broad,dkfz,muse,sanger",4,COSN16632739,NA,MIR,FALSE,0.1429,NA,7,42,NA,NA,NA,IGR,FALSE,FALSE,FALSE,FALSE,4,2,2,2_2,754d26af-f184-497c-856a-cd1ea7a5115c,NA
11,66619516,66619516,1,snv_mnv,NA,NA,"broad,dkfz,muse,sanger",4,COSN16629775,NA,NA,FALSE,0.1333,NA,4,26,NA,NA,NA,Intron,FALSE,FALSE,FALSE,FALSE,4,2,2,2_2,754d26af-f184-497c-856a-cd1ea7a5115c,"PC,LRFN4"
11,66905483,66905483,1,snv_mnv,NA,NA,"broad,dkfz,muse,sanger",4,COSN16632078,NA,AluSc8,FALSE,0.2245,NA,11,38,NA,NA,NA,Intron,FALSE,FALSE,FALSE,FALSE,4,2,2,2_2,754d26af-f184-497c-856a-cd1ea7a5115c,NA
11,69183058,69183058,1,snv_mnv,NA,NA,"broad,dkfz,muse,sanger",4,COSN16630245,NA,NA,FALSE,0.0794,NA,5,58,NA,NA,NA,IGR,FALSE,FALSE,FALSE,FALSE,4,2,2,2_2,754d26af-f184-497c-856a-cd1ea7a5115c,"AP005233.2,MYEOV"
11,69906926,69906926,1,snv_mnv,NA,NA,"broad,dkfz,muse,sanger",4,COSN16629339,NA,HERVH-int,FALSE,0.339,NA,20,39,NA,NA,NA,lincRNA,FALSE,FALSE,FALSE,FALSE,4,2,2,2_2,754d26af-f184-497c-856a-cd1ea7a5115c,NA
11,69906933,69906933,1,snv_mnv,NA,NA,"broad,dkfz,muse,sanger",4,COSN16632960,NA,HERVH-int,FALSE,0.3279,NA,20,41,NA,NA,NA,lincRNA,FALSE,FALSE,FALSE,FALSE,4,2,2,2_2,754d26af-f184-497c-856a-cd1ea7a5115c,NA
11,70735994,70735994,1,snv_mnv,5.9904e-4,rs186948633,"broad,muse,sanger",3,COSN16632586,rs186948633,NA,FALSE,0.1351,NA,5,32,NA,NA,NA,Intron,FALSE,FALSE,FALSE,FALSE,4,2,2,2_2,754d26af-f184-497c-856a-cd1ea7a5115c,NA
11,71063917,71063917,1,snv_mnv,NA,NA,"broad,muse,sanger",3,COSN16632989,NA,L3,FALSE,0.1364,NA,6,38,NA,NA,NA,IGR,FALSE,FALSE,TRUE,FALSE,4,2,2,2_2,754d26af-f184-497c-856a-cd1ea7a5115c,NA
11,71377401,71377401,1,snv_mnv,NA,NA,"broad,dkfz,muse,sanger",4,COSN16630737,NA,NA,FALSE,0.1957,NA,9,37,NA,NA,NA,IGR,FALSE,FALSE,FALSE,FALSE,4,2,2,2_2,754d26af-f184-497c-856a-cd1ea7a5115c,RPS3AP41
11,72311403,72311403,1,snv_mnv,NA,NA,"broad,dkfz,muse,sanger",4,COSN16630341,NA,NA,FALSE,0.1282,NA,5,34,NA,NA,NA,Intron,FALSE,FALSE,FALSE,FALSE,4,2,2,2_2,754d26af-f184-497c-856a-cd1ea7a5115c,PDE2A
11,72668055,72668055,1,snv_mnv,NA,NA,"broad,muse,sanger",3,COSN16632155,NA,L1MC4,FALSE,0.102,NA,5,44,NA,NA,NA,Intron,FALSE,FALSE,FALSE,TRUE,4,2,2,2_2,754d26af-f184-497c-856a-cd1ea7a5115c,NA
11,72688461,72688461,1,snv_mnv,NA,NA,"broad,muse,sanger",3,COSN16633053,NA,L1M1,FALSE,0.0741,NA,4,50,NA,NA,NA,Intron,FALSE,FALSE,FALSE,FALSE,4,2,2,2_2,754d26af-f184-497c-856a-cd1ea7a5115c,NA
11,73231507,73231507,1,snv_mnv,NA,NA,"broad,dkfz,muse,sanger",4,COSN16629682,NA,NA,FALSE,0.1562,NA,10,54,NA,NA,NA,Intron,FALSE,FALSE,TRUE,FALSE,4,2,2,2_2,754d26af-f184-497c-856a-cd1ea7a5115c,NA
11,73991837,73991837,1,snv_mnv,NA,NA,"broad,dkfz,muse,sanger",4,COSN16633265,NA,NA,FALSE,0.125,NA,9,63,NA,NA,NA,Intron,FALSE,FALSE,FALSE,FALSE,4,2,2,2_2,754d26af-f184-497c-856a-cd1ea7a5115c,P4HA3
11,77127618,77127618,1,snv_mnv,NA,NA,"broad,dkfz,muse,sanger",4,COSN16633123,NA,Tigger3b,FALSE,0.15,NA,12,68,NA,NA,NA,Intron,FALSE,FALSE,FALSE,FALSE,4,2,2,2_2,754d26af-f184-497c-856a-cd1ea7a5115c,PAK1
11,79072596,79072596,1,snv_mnv,NA,NA,"broad,muse,sanger",3,COSN16633124,NA,LTR33,FALSE,0.0549,NA,5,86,NA,NA,NA,Intron,FALSE,FALSE,TRUE,FALSE,4,2,2,2_2,754d26af-f184-497c-856a-cd1ea7a5115c,NA
11,79807716,79807716,1,snv_mnv,NA,NA,"broad,dkfz,muse,sanger",4,COSN16630451,NA,L2c,FALSE,0.1429,NA,7,42,NA,NA,NA,IGR,FALSE,FALSE,FALSE,FALSE,4,2,2,2_2,754d26af-f184-497c-856a-cd1ea7a5115c,NA
11,80828941,80828941,1,snv_mnv,1.9968e-4,rs529098490,"broad,dkfz,muse,sanger",4,COSN16628975,rs529098490,NA,FALSE,0.2029,NA,14,55,NA,NA,NA,IGR,FALSE,FALSE,FALSE,FALSE,4,2,2,2_2,754d26af-f184-497c-856a-cd1ea7a5115c,NA
11,80999311,80999311,1,snv_mnv,NA,NA,"broad,muse,sanger",3,COSN16629918,rs191997746,AluY,FALSE,0.0976,NA,4,37,NA,NA,NA,IGR,FALSE,FALSE,FALSE,FALSE,4,2,2,2_2,754d26af-f184-497c-856a-cd1ea7a5115c,NA
11,81047378,81047378,1,snv_mnv,NA,NA,"broad,muse",2,COSN16631062,NA,NA,FALSE,0.0606,NA,4,62,NA,NA,NA,IGR,FALSE,FALSE,FALSE,FALSE,4,2,2,2_2,754d26af-f184-497c-856a-cd1ea7a5115c,NA
11,81425683,81425683,1,snv_mnv,NA,NA,"dkfz,muse,sanger",3,COSN16630400,NA,L1MCb,FALSE,0.125,NA,6,42,NA,NA,NA,IGR,FALSE,FALSE,FALSE,FALSE,4,2,2,2_2,754d26af-f184-497c-856a-cd1ea7a5115c,NA
11,81600029,81600029,1,snv_mnv,1.9968e-4,rs527602921,"broad,muse",2,COSN16629425,rs527602921,NA,FALSE,0.0476,NA,4,80,NA,NA,NA,lincRNA,FALSE,FALSE,FALSE,FALSE,4,2,2,2_2,754d26af-f184-497c-856a-cd1ea7a5115c,MIR4300
11,83662818,83662818,1,snv_mnv,NA,NA,"broad,muse",2,COSN16632381,NA,L2a,FALSE,0.0714,NA,4,52,NA,NA,NA,Intron,FALSE,FALSE,FALSE,FALSE,4,2,2,2_2,754d26af-f184-497c-856a-cd1ea7a5115c,NA
11,83884489,83884489,1,snv_mnv,NA,NA,"broad,dkfz,muse,sanger",4,COSN16631418,NA,NA,FALSE,0.1594,NA,11,58,NA,NA,NA,Intron,FALSE,FALSE,FALSE,FALSE,4,2,2,2_2,754d26af-f184-497c-856a-cd1ea7a5115c,NA
11,84071501,84071501,1,snv_mnv,NA,NA,"broad,muse,sanger",3,COSN16632711,NA,L1MEc,FALSE,0.0645,NA,4,58,NA,NA,NA,Intron,FALSE,FALSE,FALSE,FALSE,4,2,2,2_2,754d26af-f184-497c-856a-cd1ea7a5115c,NA
11,84485688,84485688,1,snv_mnv,NA,NA,"broad,dkfz,muse,sanger",4,COSN16629235,NA,L1PA16,FALSE,0.1279,NA,11,75,NA,NA,NA,Intron,FALSE,FALSE,FALSE,FALSE,4,2,2,2_2,754d26af-f184-497c-856a-cd1ea7a5115c,NA
11,84560896,84560896,1,snv_mnv,NA,NA,"broad,dkfz,muse,sanger",4,COSN16629506,NA,L2b,FALSE,0.1096,NA,8,65,NA,NA,NA,Intron,FALSE,FALSE,FALSE,FALSE,4,2,2,2_2,754d26af-f184-497c-856a-cd1ea7a5115c,NA
11,84764763,84764763,1,snv_mnv,NA,NA,"broad,dkfz,muse,sanger",4,COSN16630530,NA,AluY,FALSE,0.1429,NA,6,36,NA,NA,NA,Intron,FALSE,FALSE,FALSE,FALSE,4,2,2,2_2,754d26af-f184-497c-856a-cd1ea7a5115c,NA
11,85012015,85012015,1,snv_mnv,1.9968e-4,rs138968368,"broad,muse,sanger",3,COSN16633145,rs138968368,AluSz,FALSE,0.098,NA,5,46,NA,NA,NA,Intron,FALSE,FALSE,FALSE,FALSE,4,2,2,2_2,754d26af-f184-497c-856a-cd1ea7a5115c,NA
11,85154240,85154240,1,snv_mnv,NA,NA,"broad,dkfz,muse,sanger",4,COSN16629058,NA,NA,FALSE,0.1562,NA,10,54,NA,NA,NA,Intron,FALSE,FALSE,FALSE,FALSE,4,2,2,2_2,754d26af-f184-497c-856a-cd1ea7a5115c,NA
11,85190942,85190942,1,snv_mnv,NA,NA,"broad,dkfz,muse,sanger",4,COSN16631173,NA,MLT1B,FALSE,0.1918,NA,14,59,NA,NA,NA,Intron,FALSE,FALSE,FALSE,FALSE,4,2,2,2_2,754d26af-f184-497c-856a-cd1ea7a5115c,NA
11,85840616,85840616,1,snv_mnv,NA,NA,"broad,dkfz,muse,sanger",4,COSN16629630,NA,THE1B,FALSE,0.1449,NA,10,59,NA,NA,NA,IGR,FALSE,FALSE,FALSE,FALSE,4,2,2,2_2,754d26af-f184-497c-856a-cd1ea7a5115c,NA
11,87826613,87826613,1,snv_mnv,NA,NA,"broad,dkfz,muse,sanger",4,COSN16631328,NA,L1MB8,FALSE,0.0952,NA,6,57,NA,NA,NA,lincRNA,FALSE,FALSE,FALSE,FALSE,4,2,2,2_2,754d26af-f184-497c-856a-cd1ea7a5115c,NA
11,90896108,90896108,1,snv_mnv,NA,NA,"broad,dkfz,muse,sanger",4,COSN16628919,NA,NA,FALSE,0.1084,NA,9,74,NA,NA,NA,lincRNA,FALSE,FALSE,FALSE,FALSE,4,2,2,2_2,754d26af-f184-497c-856a-cd1ea7a5115c,NA
11,91757736,91757736,1,snv_mnv,NA,NA,"broad,dkfz,muse,sanger",4,COSN16631245,NA,NA,FALSE,0.0952,NA,8,76,NA,NA,NA,IGR,FALSE,FALSE,TRUE,FALSE,4,2,2,2_2,754d26af-f184-497c-856a-cd1ea7a5115c,NA
11,92323857,92323857,1,snv_mnv,NA,NA,"broad,dkfz,muse,sanger",4,COSN16631792,NA,NA,FALSE,0.0972,NA,7,65,NA,NA,NA,Intron,FALSE,FALSE,FALSE,FALSE,4,2,2,2_2,754d26af-f184-497c-856a-cd1ea7a5115c,NA
11,92384934,92384934,1,snv_mnv,1.9968e-4,rs556965062,"broad,dkfz,muse,sanger",4,COSN16633199,rs556965062,NA,FALSE,0.1525,NA,9,50,NA,NA,NA,Intron,FALSE,FALSE,FALSE,FALSE,4,2,2,2_2,754d26af-f184-497c-856a-cd1ea7a5115c,NA
11,95721075,95721075,1,snv_mnv,NA,NA,"broad,dkfz,muse,sanger",4,COSN16631990,NA,MER121,FALSE,0.2162,NA,16,58,NA,NA,NA,Intron,FALSE,FALSE,FALSE,FALSE,4,2,2,2_2,754d26af-f184-497c-856a-cd1ea7a5115c,NA
11,96788896,96788896,1,snv_mnv,NA,NA,"broad,dkfz,muse,sanger",4,COSN16629776,NA,NA,FALSE,0.0658,NA,5,71,NA,NA,NA,IGR,FALSE,FALSE,FALSE,FALSE,4,2,2,2_2,754d26af-f184-497c-856a-cd1ea7a5115c,NA
11,96813968,96813968,1,snv_mnv,NA,NA,"broad,dkfz,muse,sanger",4,COSN16632882,NA,MER1B,FALSE,0.1132,NA,6,47,NA,NA,NA,IGR,FALSE,FALSE,FALSE,FALSE,4,2,2,2_2,754d26af-f184-497c-856a-cd1ea7a5115c,NA
11,97096181,97096181,1,snv_mnv,NA,NA,"broad,dkfz,muse,sanger",4,COSN16632239,NA,NA,FALSE,0.1045,NA,7,60,NA,NA,NA,lincRNA,FALSE,FALSE,FALSE,FALSE,4,2,2,2_2,754d26af-f184-497c-856a-cd1ea7a5115c,NA
11,97234197,97234197,1,snv_mnv,NA,NA,"broad,muse,sanger",3,COSN16630824,NA,L1M4b,FALSE,0.0746,NA,5,62,NA,NA,NA,IGR,FALSE,FALSE,FALSE,FALSE,4,2,2,2_2,754d26af-f184-497c-856a-cd1ea7a5115c,NA
11,97418908,97418908,1,snv_mnv,NA,NA,"broad,dkfz,muse,sanger",4,COSN16631004,NA,AT_rich,FALSE,0.1875,NA,9,39,NA,NA,NA,IGR,FALSE,FALSE,FALSE,FALSE,4,2,2,2_2,754d26af-f184-497c-856a-cd1ea7a5115c,NA
11,97431956,97431956,1,snv_mnv,NA,NA,"broad,muse,sanger",3,COSN16632682,NA,L1MC4,FALSE,0.0758,NA,5,61,NA,NA,NA,IGR,FALSE,FALSE,FALSE,FALSE,4,2,2,2_2,754d26af-f184-497c-856a-cd1ea7a5115c,NA
11,97560592,97560592,1,snv_mnv,NA,NA,"broad,dkfz,muse,sanger",4,COSN16633146,NA,NA,FALSE,0.15,NA,12,68,NA,NA,NA,IGR,FALSE,FALSE,FALSE,FALSE,4,2,2,2_2,754d26af-f184-497c-856a-cd1ea7a5115c,NA
11,98367677,98367677,1,snv_mnv,NA,NA,"broad,muse,sanger",3,COSN16631419,NA,NA,FALSE,0.069,NA,4,54,NA,NA,NA,IGR,FALSE,FALSE,FALSE,FALSE,4,2,2,2_2,754d26af-f184-497c-856a-cd1ea7a5115c,NA
11,98701038,98701038,1,snv_mnv,NA,NA,"broad,dkfz,muse,sanger",4,COSN16630531,NA,LTR16A,FALSE,0.1299,NA,10,67,NA,NA,NA,IGR,FALSE,FALSE,FALSE,FALSE,4,2,2,2_2,754d26af-f184-497c-856a-cd1ea7a5115c,NA
11,98882460,98882460,1,snv_mnv,NA,NA,"broad,dkfz,muse,sanger",4,COSN16632770,NA,L1MA9,FALSE,0.0962,NA,5,47,NA,NA,NA,IGR,FALSE,FALSE,TRUE,FALSE,4,2,2,2_2,754d26af-f184-497c-856a-cd1ea7a5115c,NA
11,99017150,99017150,1,snv_mnv,NA,NA,"broad,dkfz,muse,sanger",4,COSN16631398,NA,NA,FALSE,0.1538,NA,10,55,NA,NA,NA,Intron,FALSE,FALSE,FALSE,FALSE,4,2,2,2_2,754d26af-f184-497c-856a-cd1ea7a5115c,NA
11,99985734,99985734,1,snv_mnv,NA,NA,"broad,dkfz,muse,sanger",4,COSN16631473,NA,NA,FALSE,0.2045,NA,9,35,NA,NA,NA,Intron,FALSE,FALSE,FALSE,FALSE,4,2,2,2_2,754d26af-f184-497c-856a-cd1ea7a5115c,NA
11,100892606,100892606,1,snv_mnv,NA,NA,"broad,dkfz,muse,sanger",4,COSN16632156,NA,NA,FALSE,0.0833,NA,6,66,NA,NA,NA,IGR,FALSE,FALSE,FALSE,FALSE,4,2,2,2_2,754d26af-f184-497c-856a-cd1ea7a5115c,NA
11,101178031,101178031,1,snv_mnv,NA,NA,"broad,dkfz,muse,sanger",4,COSN16631296,rs368936288,L2c,FALSE,0.2,NA,15,60,NA,NA,NA,IGR,FALSE,FALSE,FALSE,FALSE,4,2,2,2_2,754d26af-f184-497c-856a-cd1ea7a5115c,NA
11,101991336,101991336,1,snv_mnv,NA,NA,"broad,dkfz,muse,sanger",4,COSN16632441,NA,NA,FALSE,0.1754,NA,10,47,NA,NA,NA,Intron,FALSE,FALSE,FALSE,FALSE,4,2,2,2_2,754d26af-f184-497c-856a-cd1ea7a5115c,NA
11,102305476,102305476,1,snv_mnv,NA,NA,"broad,dkfz,muse,sanger",4,COSN16629683,NA,L1MA8,FALSE,0.2,NA,13,52,NA,NA,NA,Intron,FALSE,FALSE,FALSE,FALSE,4,2,2,2_2,754d26af-f184-497c-856a-cd1ea7a5115c,NA
11,102466574,102466574,1,snv_mnv,7.9872e-4,rs187370813,"broad,dkfz,muse,sanger",4,COSN16629455,rs187370813,NA,FALSE,0.2267,NA,17,58,NA,NA,NA,Intron,FALSE,FALSE,FALSE,FALSE,4,2,2,2_2,754d26af-f184-497c-856a-cd1ea7a5115c,NA
11,103340658,103340658,1,snv_mnv,NA,NA,"broad,dkfz,muse,sanger",4,COSN16629891,NA,NA,FALSE,0.2063,NA,13,50,NA,NA,NA,Intron,FALSE,FALSE,FALSE,FALSE,4,2,2,2_2,754d26af-f184-497c-856a-cd1ea7a5115c,NA
11,104699208,104699208,1,snv_mnv,NA,NA,"broad,muse,sanger",3,COSN16629292,NA,MER45B,FALSE,0.098,NA,5,46,NA,NA,NA,IGR,FALSE,FALSE,FALSE,FALSE,4,2,2,2_2,754d26af-f184-497c-856a-cd1ea7a5115c,NA
11,105719721,105719721,1,snv_mnv,NA,NA,"broad,dkfz,muse,sanger",4,COSN16632263,NA,AluSx1,FALSE,0.129,NA,8,54,NA,NA,NA,Intron,FALSE,FALSE,FALSE,FALSE,4,2,2,2_2,754d26af-f184-497c-856a-cd1ea7a5115c,NA
11,106626004,106626004,1,snv_mnv,NA,NA,"broad,dkfz,muse,sanger",4,COSN16630016,NA,L1PA6,FALSE,0.0909,NA,7,70,NA,NA,NA,Intron,FALSE,FALSE,FALSE,FALSE,4,2,2,2_2,754d26af-f184-497c-856a-cd1ea7a5115c,NA
11,106766714,106766714,1,snv_mnv,NA,NA,"broad,dkfz,muse,sanger",4,COSN16629314,NA,AluSx,FALSE,0.1296,NA,7,47,NA,NA,NA,Intron,FALSE,FALSE,FALSE,FALSE,4,2,2,2_2,754d26af-f184-497c-856a-cd1ea7a5115c,NA
11,107801983,107801983,1,snv_mnv,NA,NA,"broad,muse,sanger",3,COSN16630532,NA,AluSp,FALSE,0.0714,NA,4,52,NA,NA,NA,Intron,FALSE,FALSE,FALSE,FALSE,4,2,2,2_2,754d26af-f184-497c-856a-cd1ea7a5115c,SLC35F2
11,109091702,109091702,1,snv_mnv,NA,NA,"broad,dkfz,muse,sanger",4,COSN16630854,NA,L1PA8,FALSE,0.1029,NA,7,61,NA,NA,NA,IGR,FALSE,FALSE,FALSE,FALSE,4,2,2,2_2,754d26af-f184-497c-856a-cd1ea7a5115c,NA
11,109125755,109125755,1,snv_mnv,NA,NA,"broad,dkfz,muse,sanger",4,COSN16632961,NA,HAL1,FALSE,0.1667,NA,12,60,NA,NA,NA,IGR,FALSE,FALSE,FALSE,FALSE,4,2,2,2_2,754d26af-f184-497c-856a-cd1ea7a5115c,NA
11,109461234,109461234,1,snv_mnv,NA,NA,"broad,muse",2,COSN16632794,NA,L1PA8A,FALSE,0.0513,NA,4,74,NA,NA,NA,IGR,FALSE,FALSE,FALSE,FALSE,4,2,2,2_2,754d26af-f184-497c-856a-cd1ea7a5115c,NA
11,109559569,109559569,1,snv_mnv,NA,NA,"broad,muse,sanger",3,COSN16630970,NA,L1MB7,FALSE,0.0746,NA,5,62,NA,NA,NA,IGR,FALSE,FALSE,FALSE,FALSE,4,2,2,2_2,754d26af-f184-497c-856a-cd1ea7a5115c,NA
11,109613429,109613429,1,snv_mnv,NA,NA,"broad,dkfz,muse,sanger",4,COSN16629748,NA,L2a,FALSE,0.15,NA,9,51,NA,NA,NA,IGR,FALSE,FALSE,FALSE,FALSE,4,2,2,2_2,754d26af-f184-497c-856a-cd1ea7a5115c,NA
11,110518199,110518199,1,snv_mnv,NA,NA,"broad,muse,sanger",3,COSN16633172,NA,L2,FALSE,0.0781,NA,5,59,NA,NA,NA,Intron,FALSE,FALSE,FALSE,FALSE,4,2,2,2_2,754d26af-f184-497c-856a-cd1ea7a5115c,NA
11,110610198,110610198,1,snv_mnv,NA,NA,"broad,dkfz,muse,sanger",4,COSN16629151,NA,ERV3-16A3_I-int,FALSE,0.1343,NA,9,58,NA,NA,NA,IGR,FALSE,FALSE,FALSE,FALSE,4,2,2,2_2,754d26af-f184-497c-856a-cd1ea7a5115c,NA
11,111022364,111022364,1,snv_mnv,NA,NA,"broad,muse,sanger",3,COSN16632382,NA,NA,FALSE,0.0946,NA,7,67,NA,NA,NA,IGR,FALSE,FALSE,FALSE,FALSE,4,2,2,2_2,754d26af-f184-497c-856a-cd1ea7a5115c,NA
11,111750984,111750984,1,snv_mnv,NA,NA,"broad,muse,sanger",3,COSN16629059,NA,L1PA16,FALSE,0.1818,NA,12,54,NA,NA,NA,Intron,FALSE,FALSE,FALSE,FALSE,4,2,2,2_2,754d26af-f184-497c-856a-cd1ea7a5115c,"FDXACB1,C11orf1,AP001781.2"
11,111899936,111899936,1,snv_mnv,NA,NA,"broad,dkfz,muse,sanger",4,COSN16630855,NA,NA,FALSE,0.2647,NA,18,50,NA,NA,NA,Intron,FALSE,FALSE,FALSE,FALSE,4,2,2,2_2,754d26af-f184-497c-856a-cd1ea7a5115c,"RNU6-893P,PPIHP1"
11,112847430,112847430,1,snv_mnv,NA,NA,"broad,dkfz,muse,sanger",4,COSN16630401,NA,NA,FALSE,0.0909,NA,6,60,NA,NA,NA,Intron,FALSE,FALSE,FALSE,FALSE,4,2,2,2_2,754d26af-f184-497c-856a-cd1ea7a5115c,RNU7-187P
11,115343185,115343185,1,snv_mnv,NA,NA,"broad,dkfz,muse",3,COSN16629892,NA,NA,FALSE,0.0968,NA,6,56,NA,NA,NA,Intron,FALSE,FALSE,FALSE,FALSE,4,2,2,2_2,754d26af-f184-497c-856a-cd1ea7a5115c,NA
11,115590995,115590995,1,snv_mnv,NA,NA,"broad,dkfz,muse,sanger",4,COSN16630941,NA,NA,FALSE,0.1449,NA,10,59,NA,NA,NA,lincRNA,FALSE,FALSE,FALSE,FALSE,4,2,2,2_2,754d26af-f184-497c-856a-cd1ea7a5115c,NA
11,117037622,117037622,1,snv_mnv,NA,NA,"broad,muse,sanger",3,COSN16631270,NA,L2,FALSE,0.08,NA,6,69,NA,NA,NA,Intron,FALSE,FALSE,FALSE,FALSE,4,2,2,2_2,754d26af-f184-497c-856a-cd1ea7a5115c,PAFAH1B2
11,117689510,117689510,1,snv_mnv,NA,NA,"broad,dkfz,muse,sanger",4,COSN16631141,NA,NA,FALSE,0.1628,NA,7,36,NA,NA,NA,IGR,FALSE,FALSE,FALSE,FALSE,4,2,2,2_2,754d26af-f184-497c-856a-cd1ea7a5115c,"FXYD2,FXYD6-FXYD2,DSCAML1"
11,117790380,117790380,1,snv_mnv,NA,NA,"broad,dkfz,muse,sanger",4,COSN16630916,NA,MIRc,FALSE,0.1607,NA,9,47,NA,NA,NA,Intron,FALSE,FALSE,FALSE,FALSE,4,2,2,2_2,754d26af-f184-497c-856a-cd1ea7a5115c,NA
11,118513292,118513292,1,snv_mnv,NA,NA,"broad,dkfz,muse,sanger",4,COSN16631420,NA,NA,FALSE,0.2162,NA,8,29,NA,NA,NA,Intron,FALSE,FALSE,FALSE,FALSE,4,2,2,2_2,754d26af-f184-497c-856a-cd1ea7a5115c,"PHLDB1,MIR6716,AP000941.1"
11,119774965,119774965,1,snv_mnv,NA,NA,"broad,dkfz,muse,sanger",4,COSN16632360,NA,NA,FALSE,0.127,NA,8,55,NA,NA,NA,IGR,FALSE,FALSE,FALSE,FALSE,4,2,2,2_2,754d26af-f184-497c-856a-cd1ea7a5115c,NA
11,120763824,120763824,1,snv_mnv,NA,NA,"broad,dkfz,muse,sanger",4,COSN16630856,NA,Tigger15a,FALSE,0.16,NA,12,63,NA,NA,NA,Intron,FALSE,FALSE,FALSE,FALSE,4,2,2,2_2,754d26af-f184-497c-856a-cd1ea7a5115c,NA
11,121534222,121534222,1,snv_mnv,NA,NA,"broad,dkfz,muse,sanger",4,COSN16629482,NA,NA,FALSE,0.098,NA,5,46,NA,NA,NA,IGR,FALSE,FALSE,FALSE,FALSE,4,2,2,2_2,754d26af-f184-497c-856a-cd1ea7a5115c,NA
11,121704222,121704222,1,snv_mnv,NA,NA,"broad,dkfz,muse,sanger",4,COSN16630533,NA,L1MA4,FALSE,0.0667,NA,5,70,NA,NA,NA,IGR,FALSE,FALSE,FALSE,FALSE,4,2,2,2_2,754d26af-f184-497c-856a-cd1ea7a5115c,NA
11,121777524,121777524,1,snv_mnv,NA,NA,"broad,muse,sanger",3,COSN16632473,rs775377743,AluYk11,FALSE,0.1042,NA,5,43,NA,NA,NA,IGR,FALSE,FALSE,FALSE,FALSE,4,2,2,2_2,754d26af-f184-497c-856a-cd1ea7a5115c,NA
11,121915454,121915454,1,snv_mnv,NA,NA,"broad,dkfz,muse,sanger",4,COSN16632618,NA,NA,FALSE,0.1698,NA,9,44,NA,NA,NA,IGR,FALSE,FALSE,FALSE,FALSE,4,2,2,2_2,754d26af-f184-497c-856a-cd1ea7a5115c,NA
11,122100528,122100528,1,snv_mnv,NA,NA,"broad,dkfz,muse,sanger",4,COSN16632530,NA,NA,FALSE,0.24,NA,6,19,NA,NA,NA,RNA,FALSE,FALSE,FALSE,FALSE,4,2,2,2_2,754d26af-f184-497c-856a-cd1ea7a5115c,MIR100HG
11,122136166,122136166,1,snv_mnv,NA,NA,"broad,muse",2,COSN16629684,NA,NA,FALSE,0.0533,NA,4,71,NA,NA,NA,RNA,FALSE,FALSE,FALSE,FALSE,4,2,2,2_2,754d26af-f184-497c-856a-cd1ea7a5115c,NA
11,122864356,122864356,1,snv_mnv,NA,NA,"broad,dkfz,muse,sanger",4,COSN16629426,NA,AluSq2,FALSE,0.186,NA,8,35,NA,NA,NA,IGR,FALSE,FALSE,FALSE,FALSE,4,2,2,2_2,754d26af-f184-497c-856a-cd1ea7a5115c,NA
11,124366790,124366790,1,snv_mnv,1.9968e-4,rs532932252,"broad,dkfz,muse,sanger",4,COSN16632264,rs532932252,AluSc,FALSE,0.125,NA,6,42,NA,NA,NA,IGR,FALSE,FALSE,FALSE,FALSE,4,2,2,2_2,754d26af-f184-497c-856a-cd1ea7a5115c,NA
11,124407514,124407514,1,snv_mnv,NA,NA,"broad,dkfz,muse,sanger",4,COSN16631506,NA,L1MEd,FALSE,0.0986,NA,7,64,NA,NA,NA,IGR,FALSE,FALSE,FALSE,FALSE,4,2,2,2_2,754d26af-f184-497c-856a-cd1ea7a5115c,"OR8B12,AP000916.1"
11,125594594,125594594,1,snv_mnv,NA,NA,"broad,dkfz,muse,sanger",4,COSN16632043,NA,NA,FALSE,0.125,NA,9,63,NA,NA,NA,IGR,FALSE,FALSE,FALSE,FALSE,4,2,2,2_2,754d26af-f184-497c-856a-cd1ea7a5115c,NA
11,126955160,126955160,1,snv_mnv,NA,NA,"broad,dkfz,muse,sanger",4,COSN16630534,NA,NA,FALSE,0.1585,NA,13,69,NA,NA,NA,lincRNA,FALSE,FALSE,FALSE,FALSE,4,2,2,2_2,754d26af-f184-497c-856a-cd1ea7a5115c,NA
11,127429855,127429855,1,snv_mnv,NA,NA,"broad,dkfz,muse,sanger",4,COSN16633232,NA,L2a,FALSE,0.25,NA,17,51,NA,NA,NA,IGR,FALSE,FALSE,TRUE,FALSE,4,2,2,2_2,754d26af-f184-497c-856a-cd1ea7a5115c,NA
11,130341280,130341280,1,snv_mnv,NA,NA,"broad,dkfz,muse,sanger",4,COSM4962700,NA,NA,FALSE,0.1364,NA,6,38,NA,NA,NA,Splice_Site,FALSE,FALSE,FALSE,FALSE,4,2,2,2_2,754d26af-f184-497c-856a-cd1ea7a5115c,NA
11,131091744,131091744,1,snv_mnv,NA,NA,"broad,muse,sanger",3,COSN16629236,NA,NA,FALSE,0.2381,NA,10,32,NA,NA,NA,IGR,FALSE,FALSE,FALSE,FALSE,4,2,2,2_2,754d26af-f184-497c-856a-cd1ea7a5115c,NA
11,131222815,131222815,1,snv_mnv,NA,NA,"broad,dkfz,muse,sanger",4,COSN16630674,NA,AluSc,FALSE,0.1579,NA,9,48,NA,NA,NA,lincRNA,FALSE,FALSE,FALSE,FALSE,4,2,2,2_2,754d26af-f184-497c-856a-cd1ea7a5115c,AP002856.2
11,131222816,131222816,1,snv_mnv,NA,NA,"broad,dkfz,muse,sanger",4,COSN16629777,NA,AluSc,FALSE,0.1607,NA,9,47,NA,NA,NA,lincRNA,FALSE,FALSE,FALSE,FALSE,4,2,2,2_2,754d26af-f184-497c-856a-cd1ea7a5115c,AP002856.2
11,131272304,131272304,1,snv_mnv,NA,NA,"broad,dkfz,muse",3,COSN16629035,NA,NA,FALSE,0.0968,NA,6,56,NA,NA,NA,Intron,FALSE,FALSE,FALSE,TRUE,4,2,2,2_2,754d26af-f184-497c-856a-cd1ea7a5115c,NA
11,131647531,131647531,1,snv_mnv,NA,NA,"broad,dkfz,muse,sanger",4,COSN16629975,NA,NA,FALSE,0.1129,NA,7,55,NA,NA,NA,Intron,FALSE,FALSE,TRUE,FALSE,4,2,2,2_2,754d26af-f184-497c-856a-cd1ea7a5115c,NA
11,132323970,132323970,1,snv_mnv,NA,NA,"broad,dkfz,muse,sanger",4,COSN16632286,NA,NA,FALSE,0.0833,NA,5,55,NA,NA,NA,Intron,FALSE,FALSE,FALSE,FALSE,4,2,2,2_2,754d26af-f184-497c-856a-cd1ea7a5115c,NA
11,132390473,132390473,1,snv_mnv,NA,NA,"broad,muse,sanger",3,COSN16630569,NA,L1MC4a,FALSE,0.0581,NA,5,81,NA,NA,NA,Intron,FALSE,FALSE,FALSE,FALSE,4,2,2,2_2,754d26af-f184-497c-856a-cd1ea7a5115c,NA
11,132431705,132431705,1,snv_mnv,NA,NA,"broad,dkfz,muse,sanger",4,COSN16631887,NA,NA,FALSE,0.1324,NA,9,59,NA,NA,NA,Intron,FALSE,FALSE,FALSE,FALSE,4,2,2,2_2,754d26af-f184-497c-856a-cd1ea7a5115c,NA
11,132955067,132955067,1,snv_mnv,NA,NA,"broad,dkfz,muse,sanger",4,COSN16629834,NA,NA,FALSE,0.1622,NA,12,62,NA,NA,NA,Intron,FALSE,FALSE,FALSE,FALSE,4,2,2,2_2,754d26af-f184-497c-856a-cd1ea7a5115c,NA
11,134067524,134067524,1,snv_mnv,NA,NA,"broad,dkfz,muse,sanger",4,COSN16630212,NA,L1MB7,FALSE,0.1143,NA,8,62,NA,NA,NA,Intron,FALSE,FALSE,FALSE,FALSE,4,2,2,2_2,754d26af-f184-497c-856a-cd1ea7a5115c,NA
11,134334954,134334954,1,snv_mnv,NA,NA,"muse,sanger",2,COSN16629919,NA,NA,FALSE,0.0625,NA,3,45,NA,NA,NA,RNA,FALSE,FALSE,FALSE,FALSE,4,2,2,2_2,754d26af-f184-497c-856a-cd1ea7a5115c,AP004608.1
12,769078,769078,1,snv_mnv,NA,NA,"broad,dkfz,muse,sanger",4,COSN16631767,NA,NA,FALSE,0.2097,NA,13,49,NA,NA,NA,Intron,FALSE,FALSE,FALSE,FALSE,4,3,1,3_1,754d26af-f184-497c-856a-cd1ea7a5115c,NA
12,3453940,3453940,1,snv_mnv,NA,NA,"broad,dkfz,muse,sanger",4,COSN16633295,NA,L1MA8,FALSE,0.1818,NA,12,54,NA,NA,NA,IGR,FALSE,FALSE,FALSE,FALSE,4,3,1,3_1,754d26af-f184-497c-856a-cd1ea7a5115c,NA
12,3532251,3532251,1,snv_mnv,NA,NA,"broad,dkfz,muse,sanger",4,COSN16632647,NA,Harlequin-int,FALSE,0.2143,NA,9,33,NA,NA,NA,Intron,FALSE,FALSE,FALSE,FALSE,4,3,1,3_1,754d26af-f184-497c-856a-cd1ea7a5115c,NA
12,4354778,4354778,1,snv_mnv,NA,NA,"broad,muse,sanger",3,COSN16632883,NA,MIRb,FALSE,0.0889,NA,4,41,NA,NA,NA,IGR,FALSE,FALSE,FALSE,FALSE,4,3,1,3_1,754d26af-f184-497c-856a-cd1ea7a5115c,AC006122.2
12,4627290,4627290,1,snv_mnv,NA,NA,"broad,dkfz,muse,sanger",4,COSM4962668,rs754083791,NA,FALSE,0.0847,NA,5,54,NA,NA,NA,Missense_Mutation,FALSE,FALSE,FALSE,FALSE,4,3,1,3_1,754d26af-f184-497c-856a-cd1ea7a5115c,C12orf4
12,4938442,4938442,1,snv_mnv,NA,NA,"broad,dkfz,muse,sanger",4,COSN16632565,NA,NA,FALSE,0.3273,NA,18,37,NA,NA,NA,Intron,FALSE,FALSE,FALSE,FALSE,4,3,1,3_1,754d26af-f184-497c-856a-cd1ea7a5115c,NA
12,5575561,5575561,1,snv_mnv,NA,NA,"broad,dkfz,muse,sanger",4,COSN16632884,NA,NA,FALSE,0.1404,NA,8,49,NA,NA,NA,Intron,FALSE,FALSE,FALSE,FALSE,4,3,1,3_1,754d26af-f184-497c-856a-cd1ea7a5115c,NA
12,7189132,7189132,1,snv_mnv,NA,NA,"broad,dkfz,muse,sanger",4,COSN16633084,NA,NA,FALSE,0.15,NA,6,34,NA,NA,NA,Intron,FALSE,FALSE,FALSE,FALSE,4,3,1,3_1,754d26af-f184-497c-856a-cd1ea7a5115c,NA
12,7490296,7490296,1,snv_mnv,7.9872e-4,ss1388038571,"broad,muse",2,COSN16628976,rs190626422,L1PA7,FALSE,0.0588,NA,4,64,NA,NA,NA,IGR,FALSE,FALSE,FALSE,FALSE,4,3,1,3_1,754d26af-f184-497c-856a-cd1ea7a5115c,NA
12,7578637,7578637,1,snv_mnv,NA,NA,"broad,sanger",2,COSN16632531,NA,L1PA8,FALSE,0.08,NA,6,69,NA,NA,NA,Intron,FALSE,FALSE,FALSE,FALSE,4,3,1,3_1,754d26af-f184-497c-856a-cd1ea7a5115c,NA
12,8689450,8689450,1,snv_mnv,NA,NA,"broad,dkfz,muse,sanger",4,COSN16630192,NA,NA,FALSE,0.1695,NA,10,49,NA,NA,NA,Intron,FALSE,FALSE,FALSE,FALSE,4,3,1,3_1,754d26af-f184-497c-856a-cd1ea7a5115c,NA
12,9184060,9184060,1,snv_mnv,NA,NA,"broad,dkfz,muse,sanger",4,COSN16633323,NA,MER4B-int,FALSE,0.1667,NA,7,35,NA,NA,NA,IGR,FALSE,FALSE,FALSE,FALSE,4,3,1,3_1,754d26af-f184-497c-856a-cd1ea7a5115c,"HNRNPA1P34,VDAC2P2"
12,10878979,10878979,1,snv_mnv,NA,NA,"broad,dkfz,muse,sanger",4,COSN16630086,NA,NA,FALSE,0.2381,NA,15,48,NA,NA,NA,IGR,FALSE,FALSE,FALSE,FALSE,4,3,1,3_1,754d26af-f184-497c-856a-cd1ea7a5115c,YBX3
12,13035984,13035984,1,snv_mnv,NA,NA,"broad,muse,sanger",3,COSN16632567,NA,NA,FALSE,0.0833,NA,4,44,NA,NA,NA,IGR,FALSE,FALSE,FALSE,FALSE,4,3,1,3_1,754d26af-f184-497c-856a-cd1ea7a5115c,NA
12,13443708,13443708,1,snv_mnv,NA,NA,"broad,dkfz,muse,sanger",4,COSN16631448,NA,AluJb,FALSE,0.1311,NA,8,53,NA,NA,NA,IGR,FALSE,FALSE,FALSE,FALSE,4,3,1,3_1,754d26af-f184-497c-856a-cd1ea7a5115c,NA
12,13642792,13642792,1,snv_mnv,NA,NA,"broad,dkfz,muse,sanger",4,COSN16632157,NA,Tigger5,FALSE,0.2857,NA,22,55,NA,NA,NA,IGR,FALSE,FALSE,FALSE,FALSE,4,3,1,3_1,754d26af-f184-497c-856a-cd1ea7a5115c,NA
12,14046761,14046761,1,snv_mnv,NA,NA,"broad,muse,sanger",3,COSN7319055,NA,NA,FALSE,0.0685,NA,5,68,NA,NA,NA,Intron,FALSE,FALSE,FALSE,FALSE,4,3,1,3_1,754d26af-f184-497c-856a-cd1ea7a5115c,NA
12,15248146,15248146,1,snv_mnv,NA,NA,"broad,dkfz,muse,sanger",4,COSN16629535,NA,LTR17,FALSE,0.0984,NA,6,55,NA,NA,NA,IGR,FALSE,FALSE,FALSE,FALSE,4,3,1,3_1,754d26af-f184-497c-856a-cd1ea7a5115c,NA
12,15786150,15786150,1,snv_mnv,NA,NA,"broad,dkfz,muse,sanger",4,COSN16629093,NA,NA,FALSE,0.0658,NA,5,71,NA,NA,NA,Intron,FALSE,FALSE,FALSE,FALSE,4,3,1,3_1,754d26af-f184-497c-856a-cd1ea7a5115c,EPS8
12,15971311,15971311,1,snv_mnv,NA,NA,"broad,dkfz,muse,sanger",4,COSN16631271,NA,NA,FALSE,0.0986,NA,7,64,NA,NA,NA,lincRNA,FALSE,FALSE,FALSE,FALSE,4,3,1,3_1,754d26af-f184-497c-856a-cd1ea7a5115c,EPS8
12,16528997,16528997,1,snv_mnv,NA,NA,"broad,dkfz,muse,sanger",4,COSN16631737,NA,NA,FALSE,0.2319,NA,16,53,NA,NA,NA,Intron,FALSE,FALSE,FALSE,FALSE,4,3,1,3_1,754d26af-f184-497c-856a-cd1ea7a5115c,NA
12,16934079,16934079,1,snv_mnv,NA,NA,"broad,dkfz,muse,sanger",4,COSN16630825,NA,L1PA16,FALSE,0.2174,NA,15,54,NA,NA,NA,IGR,FALSE,FALSE,FALSE,FALSE,4,3,1,3_1,754d26af-f184-497c-856a-cd1ea7a5115c,NA
12,17412721,17412721,1,snv_mnv,NA,NA,"broad,dkfz,muse,sanger",4,COSN16632502,NA,L1M5,FALSE,0.0923,NA,6,59,NA,NA,NA,IGR,FALSE,FALSE,FALSE,FALSE,4,3,1,3_1,754d26af-f184-497c-856a-cd1ea7a5115c,NA
12,17464075,17464075,1,snv_mnv,NA,NA,"broad,dkfz,muse,sanger",4,COSN16630213,NA,NA,FALSE,0.2456,NA,14,43,NA,NA,NA,IGR,FALSE,FALSE,FALSE,FALSE,4,3,1,3_1,754d26af-f184-497c-856a-cd1ea7a5115c,NA
12,17542990,17542990,1,snv_mnv,NA,NA,"broad,muse,sanger",3,COSN16631297,NA,L2,FALSE,0.1087,NA,5,41,NA,NA,NA,IGR,FALSE,FALSE,FALSE,FALSE,4,3,1,3_1,754d26af-f184-497c-856a-cd1ea7a5115c,NA
12,18173730,18173730,1,snv_mnv,NA,NA,"broad,dkfz,muse,sanger",4,COSN16631474,NA,L1PA15,FALSE,0.1429,NA,11,66,NA,NA,NA,IGR,FALSE,FALSE,FALSE,FALSE,4,3,1,3_1,754d26af-f184-497c-856a-cd1ea7a5115c,NA
12,18289986,18289986,1,snv_mnv,NA,NA,"broad,dkfz,muse,sanger",4,COSN16632016,NA,NA,FALSE,0.2466,NA,18,55,NA,NA,NA,Intron,FALSE,FALSE,FALSE,FALSE,4,3,1,3_1,754d26af-f184-497c-856a-cd1ea7a5115c,NA
12,18429905,18429905,1,snv_mnv,NA,NA,"broad,dkfz,muse,sanger",4,COSN16628945,NA,NA,FALSE,0.2656,NA,17,47,NA,NA,NA,Intron,FALSE,FALSE,FALSE,FALSE,4,3,1,3_1,754d26af-f184-497c-856a-cd1ea7a5115c,NA
12,20745106,20745106,1,snv_mnv,NA,NA,"broad,dkfz,muse,sanger",4,COSN16631036,NA,NA,FALSE,0.1099,NA,10,81,NA,NA,NA,Intron,FALSE,FALSE,FALSE,FALSE,4,3,1,3_1,754d26af-f184-497c-856a-cd1ea7a5115c,NA
12,20830301,20830301,1,snv_mnv,NA,NA,"broad,dkfz,muse,sanger",4,COSN16630214,NA,L1MA4A,FALSE,0.129,NA,8,54,NA,NA,NA,Intron,FALSE,FALSE,FALSE,FALSE,4,3,1,3_1,754d26af-f184-497c-856a-cd1ea7a5115c,NA
12,20865576,20865576,1,snv_mnv,NA,NA,"broad,dkfz,muse,sanger",4,COSN16630504,NA,NA,FALSE,0.0795,NA,7,81,NA,NA,NA,Intron,FALSE,FALSE,FALSE,FALSE,4,3,1,3_1,754d26af-f184-497c-856a-cd1ea7a5115c,NA
12,21120136,21120136,1,snv_mnv,NA,NA,"broad,dkfz,muse,sanger",4,COSN16629920,NA,MER4-int,FALSE,0.1053,NA,6,51,NA,NA,NA,Intron,FALSE,FALSE,FALSE,FALSE,4,3,1,3_1,754d26af-f184-497c-856a-cd1ea7a5115c,NA
12,21471384,21471384,1,snv_mnv,NA,NA,"broad,dkfz,muse",3,COSN16631849,NA,NA,FALSE,0.1,NA,6,54,NA,NA,NA,Intron,FALSE,FALSE,FALSE,FALSE,4,3,1,3_1,754d26af-f184-497c-856a-cd1ea7a5115c,SLCO1A2
12,21812824,21812824,1,snv_mnv,NA,NA,"broad,dkfz,muse,sanger",4,COSN16629778,NA,L1M6,FALSE,0.1692,NA,11,54,NA,NA,NA,5'Flank,FALSE,FALSE,FALSE,FALSE,4,3,1,3_1,754d26af-f184-497c-856a-cd1ea7a5115c,"AC010197.1,LDHB"
12,22025073,22025073,1,snv_mnv,NA,NA,"broad,dkfz,muse,sanger",4,COSN16633200,NA,NA,FALSE,0.2609,NA,18,51,NA,NA,NA,Intron,FALSE,FALSE,FALSE,FALSE,4,3,1,3_1,754d26af-f184-497c-856a-cd1ea7a5115c,NA
12,22312309,22312309,1,snv_mnv,NA,NA,"broad,dkfz,muse,sanger",4,COSN16632108,NA,LTR81B,FALSE,0.1379,NA,8,50,NA,NA,NA,IGR,FALSE,FALSE,FALSE,FALSE,4,3,1,3_1,754d26af-f184-497c-856a-cd1ea7a5115c,NA
12,22892942,22892942,1,snv_mnv,NA,NA,"broad,muse,sanger",3,COSN16628977,NA,AluY,FALSE,0.1395,NA,6,37,NA,NA,NA,lincRNA,FALSE,FALSE,FALSE,FALSE,4,3,1,3_1,754d26af-f184-497c-856a-cd1ea7a5115c,AC084819.1
12,23002169,23002169,1,snv_mnv,NA,NA,"broad,muse,sanger",3,COSN16632990,NA,MER58A,FALSE,0.0735,NA,5,63,NA,NA,NA,IGR,FALSE,FALSE,FALSE,FALSE,4,3,1,3_1,754d26af-f184-497c-856a-cd1ea7a5115c,NA
12,23370413,23370413,1,snv_mnv,NA,NA,"broad,dkfz,muse,sanger",4,COSN16629124,NA,NA,FALSE,0.2466,NA,18,55,NA,NA,NA,lincRNA,FALSE,FALSE,FALSE,FALSE,4,3,1,3_1,754d26af-f184-497c-856a-cd1ea7a5115c,NA
12,23586558,23586558,1,snv_mnv,NA,NA,"broad,muse",2,COSN16630402,NA,L2a,FALSE,0.0694,NA,5,67,NA,NA,NA,IGR,FALSE,FALSE,FALSE,FALSE,4,3,1,3_1,754d26af-f184-497c-856a-cd1ea7a5115c,NA
12,23953689,23953689,1,snv_mnv,NA,NA,"broad,muse",2,COSN16629185,NA,NA,FALSE,0.0725,NA,5,64,NA,NA,NA,Intron,FALSE,FALSE,FALSE,FALSE,4,3,1,3_1,754d26af-f184-497c-856a-cd1ea7a5115c,NA
12,24283002,24283002,1,snv_mnv,NA,NA,"broad,dkfz,muse,sanger",4,COSN16629206,NA,NA,FALSE,0.1075,NA,10,83,NA,NA,NA,IGR,FALSE,FALSE,FALSE,FALSE,4,3,1,3_1,754d26af-f184-497c-856a-cd1ea7a5115c,NA
12,24322377,24322377,1,snv_mnv,NA,NA,"broad,muse,sanger",3,COSN16630487,NA,NA,FALSE,0.0822,NA,6,67,NA,NA,NA,IGR,FALSE,FALSE,FALSE,FALSE,4,3,1,3_1,754d26af-f184-497c-856a-cd1ea7a5115c,NA
12,24362679,24362679,1,snv_mnv,NA,NA,"broad,muse,sanger",3,COSN16629186,NA,AluYa5,FALSE,0.0889,NA,4,41,NA,NA,NA,RNA,FALSE,FALSE,FALSE,FALSE,4,3,1,3_1,754d26af-f184-497c-856a-cd1ea7a5115c,MIR920
12,24378806,24378806,1,snv_mnv,0.0013978,rs117546321,"broad,dkfz,muse,sanger",4,COSN16629608,rs117546321,NA,FALSE,0.1864,NA,11,48,NA,NA,NA,lincRNA,FALSE,FALSE,FALSE,FALSE,4,3,1,3_1,754d26af-f184-497c-856a-cd1ea7a5115c,NA
12,24871741,24871741,1,snv_mnv,NA,NA,"broad,dkfz,muse,sanger",4,COSN16628946,NA,NA,FALSE,0.1899,NA,15,64,NA,NA,NA,lincRNA,FALSE,FALSE,FALSE,FALSE,4,3,1,3_1,754d26af-f184-497c-856a-cd1ea7a5115c,NA
12,25219154,25219154,1,snv_mnv,NA,NA,"broad,dkfz,muse,sanger",4,COSN16633173,NA,NA,FALSE,0.0806,NA,5,57,NA,NA,NA,Intron,FALSE,FALSE,FALSE,FALSE,4,3,1,3_1,754d26af-f184-497c-856a-cd1ea7a5115c,NA
12,25398284,25398284,1,snv_mnv,NA,NA,"broad,dkfz,muse,sanger",4,COSM1140133,rs121913529,NA,FALSE,0.4225,NA,30,41,NA,NA,NA,Missense_Mutation,FALSE,FALSE,FALSE,FALSE,4,3,1,3_1,754d26af-f184-497c-856a-cd1ea7a5115c,NA
12,26340332,26340332,1,snv_mnv,NA,NA,"broad,dkfz,muse,sanger",4,COSN16632771,NA,NA,FALSE,0.087,NA,6,63,NA,NA,NA,Intron,FALSE,FALSE,FALSE,FALSE,4,3,1,3_1,754d26af-f184-497c-856a-cd1ea7a5115c,NA
12,27211074,27211074,1,snv_mnv,NA,NA,"broad,dkfz,muse,sanger",4,COSN16630403,NA,L1ME3,FALSE,0.1667,NA,12,60,NA,NA,NA,IGR,FALSE,FALSE,FALSE,FALSE,4,3,1,3_1,754d26af-f184-497c-856a-cd1ea7a5115c,NA
12,27917737,27917737,1,snv_mnv,NA,NA,"broad,muse,sanger",3,COSN16629207,NA,L2,FALSE,0.0784,NA,4,47,NA,NA,NA,Intron,FALSE,FALSE,FALSE,FALSE,4,3,1,3_1,754d26af-f184-497c-856a-cd1ea7a5115c,NA
12,30979181,30979181,1,snv_mnv,NA,NA,"broad,muse",2,COSN16632532,NA,NA,FALSE,0.0645,NA,4,58,NA,NA,NA,IGR,FALSE,FALSE,FALSE,FALSE,4,3,1,3_1,754d26af-f184-497c-856a-cd1ea7a5115c,NA
12,31091929,31091929,1,snv_mnv,NA,NA,"broad,dkfz,muse,sanger",4,COSN16630452,NA,AluSz,FALSE,0.2353,NA,8,26,NA,NA,NA,Intron,FALSE,FALSE,FALSE,FALSE,4,3,1,3_1,754d26af-f184-497c-856a-cd1ea7a5115c,NA
12,32642992,32642992,1,snv_mnv,NA,NA,"broad,muse,sanger",3,COSN16630826,NA,L1M5,FALSE,0.0845,NA,6,65,NA,NA,NA,Intron,FALSE,FALSE,FALSE,FALSE,4,3,1,3_1,754d26af-f184-497c-856a-cd1ea7a5115c,NA
12,41165996,41165996,1,snv_mnv,NA,NA,"broad,dkfz,muse,sanger",4,COSN16632503,NA,NA,FALSE,0.0938,NA,6,58,NA,NA,NA,Intron,FALSE,FALSE,FALSE,FALSE,3,3,0,3_0,754d26af-f184-497c-856a-cd1ea7a5115c,NA
12,43183769,43183769,1,snv_mnv,NA,NA,"broad,dkfz,muse,sanger",4,COSN16631193,NA,L1PA14,FALSE,0.3019,NA,16,37,NA,NA,NA,IGR,FALSE,FALSE,FALSE,FALSE,3,3,0,3_0,754d26af-f184-497c-856a-cd1ea7a5115c,NA
12,43315542,43315542,1,snv_mnv,NA,NA,"broad,dkfz,muse,sanger",4,COSN16633396,NA,MIRb,FALSE,0.1972,NA,14,57,NA,NA,NA,IGR,FALSE,FALSE,FALSE,FALSE,3,3,0,3_0,754d26af-f184-497c-856a-cd1ea7a5115c,NA
12,43336246,43336246,1,snv_mnv,NA,NA,"broad,muse,sanger",3,COSN16632772,NA,L1PA10,FALSE,0.0641,NA,5,73,NA,NA,NA,IGR,FALSE,FALSE,FALSE,FALSE,3,3,0,3_0,754d26af-f184-497c-856a-cd1ea7a5115c,NA
12,43771563,43771563,1,snv_mnv,NA,NA,"broad,muse",2,COSN16630709,NA,MIRb,FALSE,0.0588,NA,4,64,NA,NA,NA,Intron,FALSE,FALSE,FALSE,FALSE,3,3,0,3_0,754d26af-f184-497c-856a-cd1ea7a5115c,NA
12,44606453,44606453,1,snv_mnv,NA,NA,"broad,dkfz,muse,sanger",4,COSN16629483,rs375698401,Tigger7,FALSE,0.1176,NA,6,45,NA,NA,NA,Intron,FALSE,FALSE,FALSE,FALSE,3,3,0,3_0,754d26af-f184-497c-856a-cd1ea7a5115c,NA
12,45008622,45008622,1,snv_mnv,NA,NA,"broad,dkfz,muse,sanger",4,COSN16629237,NA,NA,FALSE,0.1618,NA,11,57,NA,NA,NA,Intron,FALSE,FALSE,FALSE,FALSE,3,3,0,3_0,754d26af-f184-497c-856a-cd1ea7a5115c,NA
12,45041622,45041622,1,snv_mnv,NA,NA,"broad,dkfz,muse,sanger",4,COSN16630891,NA,NA,FALSE,0.1111,NA,5,40,NA,NA,NA,Intron,FALSE,FALSE,FALSE,FALSE,3,3,0,3_0,754d26af-f184-497c-856a-cd1ea7a5115c,NA
12,45421797,45421797,1,snv_mnv,NA,NA,"broad,dkfz,muse,sanger",4,COSN16632740,NA,NA,FALSE,0.25,NA,16,48,NA,NA,NA,Intron,FALSE,FALSE,FALSE,FALSE,3,3,0,3_0,754d26af-f184-497c-856a-cd1ea7a5115c,NA
12,45987675,45987675,1,snv_mnv,NA,NA,"broad,dkfz,muse,sanger",4,COSN16631533,NA,NA,FALSE,0.2692,NA,14,38,NA,NA,NA,lincRNA,FALSE,FALSE,FALSE,FALSE,3,3,0,3_0,754d26af-f184-497c-856a-cd1ea7a5115c,NA
12,46446856,46446856,1,snv_mnv,NA,NA,"broad,dkfz,muse,sanger",4,COSN16630017,NA,L1PA16,FALSE,0.2321,NA,13,43,NA,NA,NA,IGR,FALSE,FALSE,FALSE,FALSE,3,3,0,3_0,754d26af-f184-497c-856a-cd1ea7a5115c,NA
12,47735597,47735597,1,snv_mnv,NA,NA,"broad,dkfz,muse,sanger",4,COSN16631142,NA,NA,FALSE,0.2203,NA,13,46,NA,NA,NA,IGR,FALSE,FALSE,FALSE,FALSE,3,3,0,3_0,754d26af-f184-497c-856a-cd1ea7a5115c,RF00264
12,49610510,49610510,1,snv_mnv,NA,NA,"broad,dkfz,muse,sanger",4,COSN16630123,NA,AluSx1,FALSE,0.2264,NA,12,41,NA,NA,NA,Intron,FALSE,FALSE,FALSE,FALSE,3,3,0,3_0,754d26af-f184-497c-856a-cd1ea7a5115c,NA
12,49682298,49682298,1,snv_mnv,NA,NA,"broad,dkfz,muse,sanger",4,COSN16631299,rs745725449,NA,FALSE,0.2653,NA,13,36,NA,NA,NA,IGR,FALSE,FALSE,FALSE,FALSE,3,3,0,3_0,754d26af-f184-497c-856a-cd1ea7a5115c,"AC125611.4,PRPH"
12,51607188,51607188,1,snv_mnv,NA,NA,"broad,dkfz,muse,sanger",4,COSN16631225,NA,FLAM_C,FALSE,0.2895,NA,11,27,NA,NA,NA,Intron,FALSE,FALSE,FALSE,FALSE,3,3,0,3_0,754d26af-f184-497c-856a-cd1ea7a5115c,NA
12,55613322,55613322,1,snv_mnv,NA,NA,"broad,dkfz,muse,sanger",4,COSN16632598,NA,NA,FALSE,0.0811,NA,6,68,NA,NA,NA,5'Flank,FALSE,FALSE,FALSE,FALSE,3,3,0,3_0,754d26af-f184-497c-856a-cd1ea7a5115c,OR10A7
12,56291376,56291376,1,snv_mnv,NA,NA,"broad,muse,sanger",3,COSN16631359,NA,AluSz,FALSE,0.15,NA,6,34,NA,NA,NA,IGR,FALSE,FALSE,FALSE,FALSE,3,3,0,3_0,754d26af-f184-497c-856a-cd1ea7a5115c,"PYM1,GSTP1P1"
12,58003307,58003307,1,snv_mnv,NA,NA,"broad,muse,sanger",3,COSN16632306,NA,NA,FALSE,0.1905,NA,4,17,NA,NA,NA,3'UTR,FALSE,FALSE,FALSE,FALSE,3,3,0,3_0,754d26af-f184-497c-856a-cd1ea7a5115c,"ARHGEF25,DTX3,AC025165.1"
12,59364412,59364412,1,snv_mnv,NA,NA,"broad,dkfz,muse,sanger",4,COSN16630675,NA,NA,FALSE,0.1875,NA,15,65,NA,NA,NA,RNA,FALSE,FALSE,FALSE,FALSE,3,3,0,3_0,754d26af-f184-497c-856a-cd1ea7a5115c,NA
12,59857578,59857578,1,snv_mnv,NA,NA,"broad,muse,sanger",3,COSN16631246,NA,L1M4,FALSE,0.0588,NA,5,80,NA,NA,NA,IGR,FALSE,FALSE,FALSE,FALSE,3,3,0,3_0,754d26af-f184-497c-856a-cd1ea7a5115c,NA
12,61124537,61124537,1,snv_mnv,NA,NA,"broad,dkfz,muse,sanger",4,COSN16633375,NA,NA,FALSE,0.1064,NA,5,42,NA,NA,NA,IGR,FALSE,FALSE,FALSE,FALSE,3,3,0,3_0,754d26af-f184-497c-856a-cd1ea7a5115c,NA
12,61444055,61444055,1,snv_mnv,3.9936e-4,rs185686318,"broad,dkfz,muse,sanger",4,COSN16629370,rs185686318,NA,FALSE,0.1404,NA,8,49,NA,NA,NA,IGR,FALSE,FALSE,FALSE,FALSE,3,3,0,3_0,754d26af-f184-497c-856a-cd1ea7a5115c,NA
12,61592795,61592795,1,snv_mnv,NA,NA,"broad,dkfz,muse,sanger",4,COSN16629536,NA,MLT1D,FALSE,0.1692,NA,11,54,NA,NA,NA,IGR,FALSE,FALSE,FALSE,FALSE,3,3,0,3_0,754d26af-f184-497c-856a-cd1ea7a5115c,NA
12,62166214,62166214,1,snv_mnv,NA,NA,"broad,muse,sanger",3,COSN16629631,NA,L1PB1,FALSE,0.0676,NA,5,69,NA,NA,NA,Intron,FALSE,FALSE,TRUE,FALSE,3,3,0,3_0,754d26af-f184-497c-856a-cd1ea7a5115c,RPL21P104
12,66307662,66307662,1,snv_mnv,NA,NA,"broad,dkfz,muse,sanger",4,COSN16631086,NA,NA,FALSE,0.2368,NA,18,58,NA,NA,NA,Intron,FALSE,FALSE,FALSE,FALSE,3,3,0,3_0,754d26af-f184-497c-856a-cd1ea7a5115c,NA
12,67395719,67395719,1,snv_mnv,NA,NA,"broad,dkfz,muse,sanger",4,COSN16629862,NA,NA,FALSE,0.25,NA,20,60,NA,NA,NA,lincRNA,FALSE,FALSE,FALSE,FALSE,3,3,0,3_0,754d26af-f184-497c-856a-cd1ea7a5115c,NA
12,70049532,70049532,1,snv_mnv,NA,NA,"broad,dkfz,muse,sanger",4,COSM1184672,rs770709086,NA,FALSE,0.2381,NA,10,32,NA,NA,NA,Missense_Mutation,FALSE,FALSE,FALSE,FALSE,3,3,0,3_0,754d26af-f184-497c-856a-cd1ea7a5115c,AC025263.3
12,70542163,70542163,1,snv_mnv,NA,NA,"broad,dkfz,muse,sanger",4,COSN16631087,NA,NA,FALSE,0.1346,NA,7,45,NA,NA,NA,RNA,FALSE,FALSE,FALSE,FALSE,3,3,0,3_0,754d26af-f184-497c-856a-cd1ea7a5115c,NA
12,71455205,71455205,1,snv_mnv,NA,NA,"broad,dkfz,muse,sanger",4,COSN16629036,NA,NA,FALSE,0.15,NA,9,51,NA,NA,NA,Intron,FALSE,FALSE,FALSE,FALSE,3,3,0,3_0,754d26af-f184-497c-856a-cd1ea7a5115c,NA
12,72328975,72328975,1,snv_mnv,NA,NA,"broad,muse",2,COSN16630646,NA,NA,FALSE,0.0656,NA,4,57,NA,NA,NA,IGR,FALSE,FALSE,FALSE,FALSE,3,3,0,3_0,754d26af-f184-497c-856a-cd1ea7a5115c,TPH2
12,72915556,72915556,1,snv_mnv,NA,NA,"broad,dkfz,muse,sanger",4,COSN16629685,NA,NA,FALSE,0.2,NA,11,44,NA,NA,NA,Intron,FALSE,FALSE,FALSE,FALSE,3,3,0,3_0,754d26af-f184-497c-856a-cd1ea7a5115c,NA
12,73324146,73324146,1,snv_mnv,NA,NA,"broad,dkfz,muse,sanger",4,COSN16630404,NA,NA,FALSE,0.4,NA,20,30,NA,NA,NA,IGR,FALSE,FALSE,FALSE,FALSE,3,3,0,3_0,754d26af-f184-497c-856a-cd1ea7a5115c,NA
12,73837136,73837136,1,snv_mnv,NA,NA,"broad,muse",2,COSN16631793,rs543075178,NA,FALSE,0.0645,NA,4,58,NA,NA,NA,IGR,FALSE,FALSE,FALSE,FALSE,3,3,0,3_0,754d26af-f184-497c-856a-cd1ea7a5115c,NA
12,73852572,73852572,1,snv_mnv,NA,NA,"broad,dkfz,muse,sanger",4,COSN16632741,NA,NA,FALSE,0.22,NA,22,78,NA,NA,NA,IGR,FALSE,FALSE,FALSE,FALSE,3,3,0,3_0,754d26af-f184-497c-856a-cd1ea7a5115c,NA
12,74196974,74196974,1,snv_mnv,NA,NA,"broad,muse,sanger",3,COSN16629507,rs868527399,(TA)n,FALSE,0.16,NA,4,21,NA,NA,NA,IGR,FALSE,FALSE,FALSE,FALSE,3,3,0,3_0,754d26af-f184-497c-856a-cd1ea7a5115c,LINC02445
12,74705522,74705522,1,snv_mnv,NA,NA,"broad,dkfz,muse,sanger",4,COSN16629686,NA,NA,FALSE,0.2143,NA,15,55,NA,NA,NA,IGR,FALSE,FALSE,FALSE,FALSE,3,3,0,3_0,754d26af-f184-497c-856a-cd1ea7a5115c,NA
12,75295182,75295182,1,snv_mnv,NA,NA,"broad,muse",2,COSN16630892,NA,NA,FALSE,0.0625,NA,4,60,NA,NA,NA,IGR,FALSE,FALSE,FALSE,FALSE,3,3,0,3_0,754d26af-f184-497c-856a-cd1ea7a5115c,NA
12,76174602,76174602,1,snv_mnv,3.9936e-4,rs547823607,"broad,dkfz,muse,sanger",4,COSN16629835,rs547823607,NA,FALSE,0.1321,NA,7,46,NA,NA,NA,lincRNA,FALSE,FALSE,FALSE,FALSE,3,3,0,3_0,754d26af-f184-497c-856a-cd1ea7a5115c,NA
12,76627151,76627151,1,snv_mnv,NA,NA,"broad,dkfz,muse,sanger",4,COSN16633054,rs574792120,NA,FALSE,0.2812,NA,18,46,NA,NA,NA,IGR,FALSE,FALSE,FALSE,FALSE,3,3,0,3_0,754d26af-f184-497c-856a-cd1ea7a5115c,NA
12,77738612,77738612,1,snv_mnv,NA,NA,"broad,dkfz,muse,sanger",4,COSN16630535,NA,NA,FALSE,0.1935,NA,12,50,NA,NA,NA,lincRNA,FALSE,FALSE,FALSE,FALSE,3,3,0,3_0,754d26af-f184-497c-856a-cd1ea7a5115c,NA
12,77821757,77821757,1,snv_mnv,NA,NA,"broad,dkfz,muse,sanger",4,COSN16629060,NA,L1P3,FALSE,0.1711,NA,13,63,NA,NA,NA,lincRNA,FALSE,FALSE,FALSE,FALSE,3,3,0,3_0,754d26af-f184-497c-856a-cd1ea7a5115c,NA
12,77854652,77854652,1,snv_mnv,NA,NA,"broad,muse,sanger",3,COSN16630596,NA,L1PA5,FALSE,0.2353,NA,16,52,NA,NA,NA,lincRNA,FALSE,FALSE,FALSE,FALSE,3,3,0,3_0,754d26af-f184-497c-856a-cd1ea7a5115c,NA
12,78204231,78204231,1,snv_mnv,NA,NA,"broad,muse",2,COSN15053195,NA,AluY,FALSE,0.0667,NA,3,42,NA,NA,NA,IGR,FALSE,FALSE,FALSE,FALSE,3,3,0,3_0,754d26af-f184-497c-856a-cd1ea7a5115c,NA
12,78739274,78739274,1,snv_mnv,NA,NA,"broad,dkfz,muse,sanger",4,COSN16630124,NA,L1MA4,FALSE,0.1094,NA,7,57,NA,NA,NA,lincRNA,FALSE,FALSE,FALSE,FALSE,3,3,0,3_0,754d26af-f184-497c-856a-cd1ea7a5115c,NA
12,79171711,79171711,1,snv_mnv,NA,NA,"broad,dkfz,muse,sanger",4,COSN16630764,NA,NA,FALSE,0.25,NA,16,48,NA,NA,NA,IGR,FALSE,FALSE,FALSE,FALSE,3,3,0,3_0,754d26af-f184-497c-856a-cd1ea7a5115c,NA
12,80345348,80345348,1,snv_mnv,NA,NA,"broad,dkfz,muse,sanger",4,COSN16629559,NA,L1MA9,FALSE,0.1111,NA,8,64,NA,NA,NA,IGR,FALSE,FALSE,FALSE,FALSE,3,3,0,3_0,754d26af-f184-497c-856a-cd1ea7a5115c,NA
12,83593305,83593305,1,snv_mnv,NA,NA,"broad,dkfz,muse,sanger",4,COSN16632992,NA,NA,FALSE,0.1481,NA,8,46,NA,NA,NA,IGR,FALSE,FALSE,FALSE,FALSE,3,3,0,3_0,754d26af-f184-497c-856a-cd1ea7a5115c,NA
12,83597800,83597800,1,snv_mnv,NA,NA,"broad,dkfz,muse,sanger",4,COSN16630505,NA,Charlie7,FALSE,0.26,NA,13,37,NA,NA,NA,IGR,FALSE,FALSE,FALSE,FALSE,3,3,0,3_0,754d26af-f184-497c-856a-cd1ea7a5115c,NA
12,83895743,83895743,1,snv_mnv,NA,NA,"broad,dkfz,muse,sanger",4,COSN16628947,NA,NA,FALSE,0.0923,NA,6,59,NA,NA,NA,IGR,FALSE,FALSE,FALSE,FALSE,3,3,0,3_0,754d26af-f184-497c-856a-cd1ea7a5115c,NA
12,84108072,84108072,1,snv_mnv,NA,NA,"broad,dkfz,muse,sanger",4,COSN16630343,NA,MER57C2,FALSE,0.0921,NA,7,69,NA,NA,NA,IGR,FALSE,FALSE,FALSE,FALSE,3,3,0,3_0,754d26af-f184-497c-856a-cd1ea7a5115c,NA
12,87057793,87057793,1,snv_mnv,NA,NA,"broad,dkfz,muse,sanger",4,COSN16633055,NA,NA,FALSE,0.2222,NA,14,49,NA,NA,NA,Intron,FALSE,FALSE,FALSE,FALSE,3,3,0,3_0,754d26af-f184-497c-856a-cd1ea7a5115c,NA
12,87222267,87222267,1,snv_mnv,NA,NA,"broad,muse,sanger",3,COSN16632589,rs375824251,NA,FALSE,0.0893,NA,5,51,NA,NA,NA,Intron,FALSE,FALSE,FALSE,FALSE,3,3,0,3_0,754d26af-f184-497c-856a-cd1ea7a5115c,NA
12,88411840,88411840,1,snv_mnv,3.9936e-4,rs182951922,"broad,dkfz,muse,sanger",4,COSN16632533,rs182951922,THE1B-int,FALSE,0.1607,NA,9,47,NA,NA,NA,Intron,FALSE,FALSE,FALSE,FALSE,3,3,0,3_0,754d26af-f184-497c-856a-cd1ea7a5115c,NA
12,89144599,89144599,1,snv_mnv,NA,NA,"broad,dkfz,muse,sanger",4,COSN16632383,NA,MLT1E2,FALSE,0.2295,NA,14,47,NA,NA,NA,IGR,FALSE,FALSE,FALSE,FALSE,3,3,0,3_0,754d26af-f184-497c-856a-cd1ea7a5115c,NA
12,89325160,89325160,1,snv_mnv,NA,NA,"broad,dkfz,muse,sanger",4,COSN16629125,NA,NA,FALSE,0.2326,NA,10,33,NA,NA,NA,IGR,FALSE,FALSE,FALSE,FALSE,3,3,0,3_0,754d26af-f184-497c-856a-cd1ea7a5115c,NA
12,90810229,90810229,1,snv_mnv,NA,NA,"broad,dkfz,muse,sanger",4,COSN16630344,NA,L1MA9,FALSE,0.2603,NA,19,54,NA,NA,NA,IGR,FALSE,FALSE,FALSE,FALSE,3,3,0,3_0,754d26af-f184-497c-856a-cd1ea7a5115c,NA
12,91433405,91433405,1,snv_mnv,3.9936e-4,rs529187812,"broad,dkfz,muse,sanger",4,COSN16629583,rs529187812,AluY,FALSE,0.1346,NA,7,45,NA,NA,NA,IGR,FALSE,FALSE,FALSE,FALSE,3,3,0,3_0,754d26af-f184-497c-856a-cd1ea7a5115c,NA
12,93223903,93223903,1,snv_mnv,NA,NA,"broad,dkfz,muse,sanger",4,COSN16629399,NA,L1PB4,FALSE,0.3019,NA,16,37,NA,NA,NA,Intron,FALSE,FALSE,FALSE,FALSE,3,3,0,3_0,754d26af-f184-497c-856a-cd1ea7a5115c,NA
12,95409694,95409694,1,snv_mnv,NA,NA,"broad,dkfz,muse,sanger",4,COSN16629208,NA,MLT1G1,FALSE,0.2537,NA,17,50,NA,NA,NA,IGR,FALSE,FALSE,FALSE,FALSE,3,3,0,3_0,754d26af-f184-497c-856a-cd1ea7a5115c,NR2C1
12,95792007,95792007,1,snv_mnv,NA,NA,"broad,dkfz,muse,sanger",4,COSN16630506,NA,MLT1C,FALSE,0.2237,NA,17,59,NA,NA,NA,lincRNA,FALSE,FALSE,FALSE,FALSE,3,3,0,3_0,754d26af-f184-497c-856a-cd1ea7a5115c,NA
12,96852233,96852233,1,snv_mnv,NA,NA,"broad,dkfz,muse,sanger",4,COSN16629584,NA,NA,FALSE,0.1429,NA,5,30,NA,NA,NA,lincRNA,FALSE,FALSE,FALSE,FALSE,3,3,0,3_0,754d26af-f184-497c-856a-cd1ea7a5115c,NA
12,97392148,97392148,1,snv_mnv,NA,NA,"broad,dkfz,muse,sanger",4,COSN16630765,rs796524991,NA,FALSE,0.1286,NA,9,61,NA,NA,NA,lincRNA,FALSE,FALSE,FALSE,FALSE,3,3,0,3_0,754d26af-f184-497c-856a-cd1ea7a5115c,NA
12,97647549,97647549,1,snv_mnv,NA,NA,"broad,dkfz,muse,sanger",4,COSN16629710,NA,NA,FALSE,0.1803,NA,11,50,NA,NA,NA,IGR,FALSE,FALSE,FALSE,FALSE,3,3,0,3_0,754d26af-f184-497c-856a-cd1ea7a5115c,NA
12,98096487,98096487,1,snv_mnv,NA,NA,"broad,dkfz,muse,sanger",4,COSN16630793,NA,L2a,FALSE,0.194,NA,13,54,NA,NA,NA,IGR,FALSE,FALSE,FALSE,FALSE,3,3,0,3_0,754d26af-f184-497c-856a-cd1ea7a5115c,NA
12,98138638,98138638,1,snv_mnv,NA,NA,"broad,muse",2,COSN16629976,rs547325055,AluSx,FALSE,0.087,NA,4,42,NA,NA,NA,RNA,FALSE,FALSE,FALSE,FALSE,3,3,0,3_0,754d26af-f184-497c-856a-cd1ea7a5115c,NA
12,99148509,99148509,1,snv_mnv,NA,NA,"broad,dkfz,muse,sanger",4,COSN16632044,NA,NA,FALSE,0.125,NA,6,42,NA,NA,NA,Intron,FALSE,FALSE,FALSE,FALSE,3,3,0,3_0,754d26af-f184-497c-856a-cd1ea7a5115c,ANKS1B
12,99827089,99827089,1,snv_mnv,3.9936e-4,rs536292319,"broad,dkfz,muse,sanger",4,COSN16629187,rs536292319,Charlie1,FALSE,0.2167,NA,13,47,NA,NA,NA,Intron,FALSE,FALSE,FALSE,FALSE,3,3,0,3_0,754d26af-f184-497c-856a-cd1ea7a5115c,NA
12,101068573,101068573,1,snv_mnv,NA,NA,"broad,dkfz,muse,sanger",4,COSN16629152,NA,AluSz,FALSE,0.1818,NA,10,45,NA,NA,NA,IGR,FALSE,FALSE,FALSE,FALSE,3,3,0,3_0,754d26af-f184-497c-856a-cd1ea7a5115c,NA
12,101177353,101177353,1,snv_mnv,NA,NA,"broad,dkfz,muse,sanger",4,COSN16629427,NA,LTR67B,FALSE,0.1944,NA,14,58,NA,NA,NA,Intron,FALSE,FALSE,FALSE,FALSE,3,3,0,3_0,754d26af-f184-497c-856a-cd1ea7a5115c,NA
12,102171680,102171680,1,snv_mnv,NA,NA,"broad,muse,sanger",3,COSN16630676,NA,NA,FALSE,0.0741,NA,4,50,NA,NA,NA,Intron,FALSE,FALSE,TRUE,FALSE,3,3,0,3_0,754d26af-f184-497c-856a-cd1ea7a5115c,"AC063950.1,GNPTAB,RNA5SP368"
12,103639837,103639837,1,snv_mnv,NA,NA,"broad,dkfz,muse,sanger",4,COSN16632742,NA,NA,FALSE,0.2759,NA,16,42,NA,NA,NA,IGR,FALSE,FALSE,FALSE,FALSE,3,3,0,3_0,754d26af-f184-497c-856a-cd1ea7a5115c,NA
12,104649895,104649895,1,snv_mnv,NA,NA,"broad,dkfz,muse,sanger",4,COSN16632109,NA,NA,FALSE,0.2333,NA,14,46,NA,NA,NA,Intron,FALSE,FALSE,FALSE,FALSE,3,3,0,3_0,754d26af-f184-497c-856a-cd1ea7a5115c,NA
12,105759839,105759839,1,snv_mnv,NA,NA,"broad,dkfz,muse,sanger",4,COSN16633324,NA,NA,FALSE,0.2581,NA,16,46,NA,NA,NA,Intron,FALSE,FALSE,FALSE,FALSE,3,3,0,3_0,754d26af-f184-497c-856a-cd1ea7a5115c,NA
12,107156967,107156967,1,snv_mnv,NA,NA,"broad,dkfz,muse,sanger",4,COSN16632212,NA,NA,FALSE,0.0694,NA,5,67,NA,NA,NA,IGR,FALSE,FALSE,FALSE,FALSE,3,3,0,3_0,754d26af-f184-497c-856a-cd1ea7a5115c,RFX4
12,107176167,107176167,1,snv_mnv,NA,NA,"broad,muse",2,COSN16630246,NA,L1M5,FALSE,0.0571,NA,4,66,NA,NA,NA,Intron,FALSE,FALSE,FALSE,FALSE,3,3,0,3_0,754d26af-f184-497c-856a-cd1ea7a5115c,NA
12,107422032,107422032,1,snv_mnv,NA,NA,"broad,dkfz,muse,sanger",4,COSN16632045,NA,NA,FALSE,0.1765,NA,9,42,NA,NA,NA,Intron,FALSE,FALSE,FALSE,FALSE,3,3,0,3_0,754d26af-f184-497c-856a-cd1ea7a5115c,NA
12,107844165,107844165,1,snv_mnv,NA,NA,"broad,muse,sanger",3,COSN16633350,NA,LTR29,FALSE,0.1064,NA,5,42,NA,NA,NA,Intron,FALSE,FALSE,FALSE,FALSE,3,3,0,3_0,754d26af-f184-497c-856a-cd1ea7a5115c,NA
12,108190257,108190257,1,snv_mnv,NA,NA,"broad,muse",2,COSN16632158,NA,L1PA16,FALSE,0.0656,NA,4,57,NA,NA,NA,IGR,FALSE,FALSE,FALSE,FALSE,3,3,0,3_0,754d26af-f184-497c-856a-cd1ea7a5115c,NA
12,108231392,108231392,1,snv_mnv,NA,NA,"broad,muse,sanger",3,COSN16632017,NA,L1MA10,FALSE,0.0678,NA,4,55,NA,NA,NA,lincRNA,FALSE,FALSE,TRUE,FALSE,3,3,0,3_0,754d26af-f184-497c-856a-cd1ea7a5115c,"AC126177.4,AC126177.2,AC126177.8"
12,108289635,108289635,1,snv_mnv,NA,NA,"broad,muse,sanger",3,COSN16631272,NA,NA,FALSE,0.0909,NA,4,40,NA,NA,NA,IGR,FALSE,FALSE,FALSE,FALSE,3,3,0,3_0,754d26af-f184-497c-856a-cd1ea7a5115c,AC126177.5
12,108350963,108350963,1,snv_mnv,NA,NA,"broad,dkfz,muse",3,COSN16630738,NA,(TTC)n,FALSE,0.1429,NA,7,42,NA,NA,NA,IGR,FALSE,FALSE,FALSE,FALSE,3,3,0,3_0,754d26af-f184-497c-856a-cd1ea7a5115c,NA
12,108426586,108426586,1,snv_mnv,1.9968e-4,rs182394363,"broad,dkfz,muse,sanger",4,COSN16631174,rs182394363,AluJr,FALSE,0.18,NA,9,41,NA,NA,NA,IGR,FALSE,FALSE,FALSE,FALSE,3,3,0,3_0,754d26af-f184-497c-856a-cd1ea7a5115c,NA
12,109708400,109708400,1,snv_mnv,NA,NA,"broad,dkfz,muse,sanger",4,COSN16631911,NA,L1ME2z,FALSE,0.2553,NA,12,35,NA,NA,NA,IGR,FALSE,FALSE,FALSE,FALSE,3,3,0,3_0,754d26af-f184-497c-856a-cd1ea7a5115c,ACACB
12,111744670,111744670,1,snv_mnv,NA,NA,"broad,dkfz,muse,sanger",4,COSN16629508,NA,NA,FALSE,0.3043,NA,14,32,NA,NA,NA,Intron,FALSE,FALSE,FALSE,FALSE,3,3,0,3_0,754d26af-f184-497c-856a-cd1ea7a5115c,MIR6760
12,112633493,112633493,1,snv_mnv,NA,NA,"broad,dkfz,muse,sanger",4,COSN16631768,NA,L1MB8,FALSE,0.2267,NA,17,58,NA,NA,NA,Intron,FALSE,FALSE,FALSE,FALSE,3,3,0,3_0,754d26af-f184-497c-856a-cd1ea7a5115c,NA
12,113948773,113948773,1,snv_mnv,NA,NA,"broad,dkfz,muse,sanger",4,COSN16630057,NA,MLT1C,FALSE,0.3214,NA,18,38,NA,NA,NA,IGR,FALSE,FALSE,FALSE,FALSE,3,3,0,3_0,754d26af-f184-497c-856a-cd1ea7a5115c,NA
12,114113662,114113662,1,snv_mnv,NA,NA,"broad,dkfz,muse,sanger",4,COSN16629153,NA,ORSL-2b,FALSE,0.2857,NA,12,30,NA,NA,NA,IGR,FALSE,FALSE,FALSE,FALSE,3,3,0,3_0,754d26af-f184-497c-856a-cd1ea7a5115c,LINC01234
12,114577367,114577367,1,snv_mnv,NA,NA,"broad,dkfz,muse,sanger",4,COSN16629560,NA,NA,FALSE,0.1026,NA,8,70,NA,NA,NA,IGR,FALSE,FALSE,FALSE,FALSE,3,3,0,3_0,754d26af-f184-497c-856a-cd1ea7a5115c,NA
12,115115397,115115397,1,snv_mnv,NA,NA,"broad,dkfz,muse,sanger",4,COSM1171879,rs866796237,NA,FALSE,0.1915,NA,9,38,NA,NA,NA,Missense_Mutation,FALSE,FALSE,FALSE,FALSE,3,3,0,3_0,754d26af-f184-497c-856a-cd1ea7a5115c,TBX3
12,116276103,116276103,1,snv_mnv,NA,NA,"broad,dkfz,muse,sanger",4,COSN16631573,rs142367715,NA,FALSE,0.1556,NA,7,38,NA,NA,NA,lincRNA,FALSE,FALSE,FALSE,FALSE,3,3,0,3_0,754d26af-f184-497c-856a-cd1ea7a5115c,NA
12,116287804,116287804,1,snv_mnv,1.9968e-4,rs142343444,"broad,dkfz,muse,sanger",4,COSN16630971,rs142343444,MLT1D,FALSE,0.2787,NA,17,44,NA,NA,NA,lincRNA,FALSE,FALSE,FALSE,FALSE,3,3,0,3_0,754d26af-f184-497c-856a-cd1ea7a5115c,RF00275
12,117477185,117477185,1,snv_mnv,NA,NA,"broad,muse,sanger",3,COSN16629711,NA,NA,FALSE,0.0667,NA,3,42,NA,NA,NA,Intron,FALSE,FALSE,FALSE,FALSE,3,3,0,3_0,754d26af-f184-497c-856a-cd1ea7a5115c,NA
12,117571806,117571806,1,snv_mnv,NA,NA,"broad,dkfz,muse,sanger",4,COSN16632110,NA,NA,FALSE,0.0649,NA,5,72,NA,NA,NA,lincRNA,FALSE,FALSE,FALSE,FALSE,3,3,0,3_0,754d26af-f184-497c-856a-cd1ea7a5115c,NA
12,117693756,117693756,1,snv_mnv,3.9936e-4,rs564218603,"broad,dkfz,muse,sanger",4,COSN20064537,rs564218603,NA,FALSE,0.2791,NA,12,31,NA,NA,NA,Missense_Mutation,FALSE,FALSE,FALSE,FALSE,3,3,0,3_0,754d26af-f184-497c-856a-cd1ea7a5115c,NA
12,117734936,117734936,1,snv_mnv,NA,NA,"broad,dkfz,muse,sanger",4,COSN16629779,NA,NA,FALSE,0.2407,NA,13,41,NA,NA,NA,Intron,FALSE,FALSE,FALSE,FALSE,3,3,0,3_0,754d26af-f184-497c-856a-cd1ea7a5115c,NA
12,117840976,117840976,1,snv_mnv,NA,NA,"broad,dkfz,muse,sanger",4,COSN16631507,NA,NA,FALSE,0.2188,NA,14,50,NA,NA,NA,Intron,FALSE,FALSE,FALSE,FALSE,3,3,0,3_0,754d26af-f184-497c-856a-cd1ea7a5115c,NA
12,118061195,118061195,1,snv_mnv,NA,NA,"broad,dkfz,muse,sanger",4,COSN16631273,NA,L1PA6,FALSE,0.25,NA,10,30,NA,NA,NA,Intron,FALSE,FALSE,FALSE,FALSE,3,3,0,3_0,754d26af-f184-497c-856a-cd1ea7a5115c,NA
12,119122471,119122471,1,snv_mnv,NA,NA,"broad,dkfz,muse,sanger",4,COSN16629154,NA,MIR,FALSE,0.1463,NA,12,70,NA,NA,NA,IGR,FALSE,FALSE,FALSE,FALSE,3,3,0,3_0,754d26af-f184-497c-856a-cd1ea7a5115c,NA
12,119667013,119667013,1,snv_mnv,NA,NA,"broad,dkfz,muse,sanger",4,COSN16629456,NA,L2a,FALSE,0.2083,NA,15,57,NA,NA,NA,RNA,FALSE,FALSE,FALSE,FALSE,3,3,0,3_0,754d26af-f184-497c-856a-cd1ea7a5115c,NA
12,119785972,119785972,1,snv_mnv,NA,NA,"broad,dkfz,muse,sanger",4,COSN16632619,NA,NA,FALSE,0.1692,NA,11,54,NA,NA,NA,Intron,FALSE,FALSE,FALSE,FALSE,3,3,0,3_0,754d26af-f184-497c-856a-cd1ea7a5115c,NA
12,119942953,119942953,1,snv_mnv,NA,NA,"broad,dkfz,muse,sanger",4,COSM3398424,rs750397643,NA,FALSE,0.082,NA,5,56,NA,NA,NA,Missense_Mutation,FALSE,FALSE,FALSE,FALSE,3,3,0,3_0,754d26af-f184-497c-856a-cd1ea7a5115c,NA
12,121867040,121867040,1,snv_mnv,NA,NA,"broad,dkfz,muse,sanger",4,COSN16630405,NA,NA,FALSE,0.254,NA,16,47,NA,NA,NA,IGR,FALSE,FALSE,FALSE,FALSE,3,3,0,3_0,754d26af-f184-497c-856a-cd1ea7a5115c,"KDM2B,RNF34"
12,123901131,123901131,1,snv_mnv,NA,NA,"broad,muse,sanger",3,COSN16632590,NA,AluY,FALSE,0.1379,NA,4,25,NA,NA,NA,Intron,FALSE,FALSE,FALSE,FALSE,3,3,0,3_0,754d26af-f184-497c-856a-cd1ea7a5115c,NA
12,124806697,124806697,1,snv_mnv,NA,NA,"broad,dkfz,muse,sanger",4,COSN16629893,NA,NA,FALSE,0.1795,NA,7,32,NA,NA,NA,IGR,FALSE,FALSE,FALSE,FALSE,3,3,0,3_0,754d26af-f184-497c-856a-cd1ea7a5115c,NCOR2
12,125129611,125129611,1,snv_mnv,NA,NA,"broad,dkfz,muse,sanger",4,COSN16632795,NA,NA,FALSE,0.1915,NA,9,38,NA,NA,NA,IGR,FALSE,FALSE,FALSE,FALSE,3,3,0,3_0,754d26af-f184-497c-856a-cd1ea7a5115c,NA
12,125945240,125945240,1,snv_mnv,NA,NA,"broad,dkfz,muse,sanger",4,COSN16631991,NA,NA,FALSE,0.2097,NA,13,49,NA,NA,NA,Intron,FALSE,FALSE,FALSE,FALSE,3,3,0,3_0,754d26af-f184-497c-856a-cd1ea7a5115c,NA
12,126858787,126858787,1,snv_mnv,NA,NA,"broad,dkfz,muse,sanger",4,COSN16631226,NA,NA,FALSE,0.1698,NA,9,44,NA,NA,NA,IGR,FALSE,FALSE,FALSE,FALSE,3,3,0,3_0,754d26af-f184-497c-856a-cd1ea7a5115c,NA
12,127133122,127133122,1,snv_mnv,NA,NA,"broad,dkfz,muse,sanger",4,COSN16631964,NA,MIR,FALSE,0.2034,NA,12,47,NA,NA,NA,lincRNA,FALSE,FALSE,FALSE,FALSE,3,3,0,3_0,754d26af-f184-497c-856a-cd1ea7a5115c,AC006065.4
12,127245348,127245348,1,snv_mnv,NA,NA,"broad,dkfz,muse,sanger",4,COSN16630942,NA,NA,FALSE,0.16,NA,8,42,NA,NA,NA,lincRNA,FALSE,FALSE,FALSE,FALSE,3,3,0,3_0,754d26af-f184-497c-856a-cd1ea7a5115c,NA
12,127309685,127309685,1,snv_mnv,NA,NA,"broad,dkfz,muse,sanger",4,COSN16630647,NA,L1PA16,FALSE,0.1014,NA,7,62,NA,NA,NA,IGR,FALSE,FALSE,FALSE,FALSE,3,3,0,3_0,754d26af-f184-497c-856a-cd1ea7a5115c,NA
12,127504344,127504344,1,snv_mnv,NA,NA,"broad,muse,sanger",3,COSN16629808,NA,L1MC4,FALSE,0.0833,NA,5,55,NA,NA,NA,lincRNA,FALSE,FALSE,FALSE,FALSE,3,3,0,3_0,754d26af-f184-497c-856a-cd1ea7a5115c,NA
12,127601534,127601534,1,snv_mnv,NA,NA,"broad,dkfz,muse,sanger",4,COSN16629712,NA,MLT1D,FALSE,0.0909,NA,7,70,NA,NA,NA,IGR,FALSE,FALSE,FALSE,FALSE,3,3,0,3_0,754d26af-f184-497c-856a-cd1ea7a5115c,NA
12,127681965,127681965,1,snv_mnv,NA,NA,"broad,dkfz,muse,sanger",4,COSN16631227,NA,NA,FALSE,0.18,NA,9,41,NA,NA,NA,IGR,FALSE,FALSE,FALSE,FALSE,3,3,0,3_0,754d26af-f184-497c-856a-cd1ea7a5115c,NA
12,128790903,128790903,1,snv_mnv,NA,NA,"broad,dkfz,muse,sanger",4,COSN16631449,NA,AluY,FALSE,0.2286,NA,8,27,NA,NA,NA,Intron,FALSE,FALSE,FALSE,FALSE,3,3,0,3_0,754d26af-f184-497c-856a-cd1ea7a5115c,NA
12,129360923,129360923,1,snv_mnv,3.9936e-4,rs553070015,"broad,muse,sanger",3,COSN16630710,rs553070015,AluJb,FALSE,0.0889,NA,4,41,NA,NA,NA,Intron,FALSE,FALSE,FALSE,FALSE,3,3,0,3_0,754d26af-f184-497c-856a-cd1ea7a5115c,NA
12,129624634,129624634,1,snv_mnv,NA,NA,"broad,muse,sanger",3,COSN16630972,NA,NA,FALSE,0.0556,NA,4,68,NA,NA,NA,Intron,FALSE,FALSE,FALSE,FALSE,3,3,0,3_0,754d26af-f184-497c-856a-cd1ea7a5115c,NA
12,130240060,130240060,1,snv_mnv,3.9936e-4,rs569847119,"broad,dkfz,muse,sanger",4,COSN16632885,rs569847119,NA,FALSE,0.2281,NA,13,44,NA,NA,NA,Intron,FALSE,FALSE,FALSE,FALSE,3,3,0,3_0,754d26af-f184-497c-856a-cd1ea7a5115c,NA
12,131659445,131659445,1,snv_mnv,NA,NA,"broad,dkfz,muse,sanger",4,COSN16629921,NA,L1MA6,FALSE,0.2162,NA,16,58,NA,NA,NA,lincRNA,FALSE,FALSE,FALSE,FALSE,3,3,0,3_0,754d26af-f184-497c-856a-cd1ea7a5115c,NA
13,19602550,19602550,1,snv_mnv,NA,NA,"broad,muse,sanger",3,COSN16633397,NA,NA,FALSE,0.0656,NA,4,57,NA,NA,NA,RNA,FALSE,FALSE,FALSE,FALSE,3,2,1,2_1,754d26af-f184-497c-856a-cd1ea7a5115c,NA
13,19894950,19894950,1,snv_mnv,NA,NA,"broad,dkfz,muse,sanger",4,COSN16632743,NA,NA,FALSE,0.1667,NA,9,45,NA,NA,NA,IGR,FALSE,FALSE,FALSE,FALSE,3,2,1,2_1,754d26af-f184-497c-856a-cd1ea7a5115c,NA
13,20423618,20423618,1,snv_mnv,NA,NA,"broad,muse,sanger",3,COSN16632307,NA,NA,FALSE,0.0625,NA,4,60,NA,NA,NA,Intron,FALSE,FALSE,TRUE,FALSE,3,2,1,2_1,754d26af-f184-497c-856a-cd1ea7a5115c,NA
13,20881936,20881936,1,snv_mnv,0.0011981,rs370897747,"broad,dkfz,muse,sanger",4,COSN16283157,rs370897747,L1MEf,FALSE,0.1964,NA,11,45,NA,NA,NA,IGR,FALSE,FALSE,FALSE,FALSE,3,2,1,2_1,754d26af-f184-497c-856a-cd1ea7a5115c,NA
13,21688731,21688731,1,snv_mnv,NA,NA,"broad,muse",2,COSN16630648,NA,AluSp,FALSE,0.093,NA,4,39,NA,NA,NA,IGR,FALSE,FALSE,FALSE,FALSE,3,2,1,2_1,754d26af-f184-497c-856a-cd1ea7a5115c,NA
13,22874190,22874190,1,snv_mnv,3.9936e-4,rs142310196,"broad,dkfz,muse,sanger",4,COSN16630711,rs142310196,NA,FALSE,0.0877,NA,5,52,NA,NA,NA,IGR,FALSE,FALSE,FALSE,FALSE,3,2,1,2_1,754d26af-f184-497c-856a-cd1ea7a5115c,NA
13,23363130,23363130,1,snv_mnv,NA,NA,"broad,dkfz,muse,sanger",4,COSN16631595,NA,NA,FALSE,0.0952,NA,6,57,NA,NA,NA,IGR,FALSE,FALSE,FALSE,FALSE,3,2,1,2_1,754d26af-f184-497c-856a-cd1ea7a5115c,NA
13,23722071,23722071,1,snv_mnv,0.0017971,rs536159538,"broad,dkfz,muse",3,COSN16629632,rs536159538,LTR1,FALSE,0.1489,NA,7,40,NA,NA,NA,IGR,FALSE,FALSE,FALSE,FALSE,3,2,1,2_1,754d26af-f184-497c-856a-cd1ea7a5115c,RNY3P4
13,26121653,26121653,1,snv_mnv,NA,NA,"broad,dkfz,muse,sanger",4,COSN16631534,NA,MER1A,FALSE,0.0857,NA,6,64,NA,NA,NA,Intron,FALSE,FALSE,FALSE,FALSE,3,2,1,2_1,754d26af-f184-497c-856a-cd1ea7a5115c,NA
13,26286489,26286489,1,snv_mnv,NA,NA,"broad,dkfz,muse,sanger",4,COSN16629922,NA,NA,FALSE,0.1475,NA,9,52,NA,NA,NA,Intron,FALSE,FALSE,FALSE,FALSE,3,2,1,2_1,754d26af-f184-497c-856a-cd1ea7a5115c,NA
13,26304497,26304497,1,snv_mnv,NA,NA,"broad,dkfz,muse,sanger",4,COSN16630018,NA,NA,FALSE,0.25,NA,16,48,NA,NA,NA,Intron,FALSE,FALSE,FALSE,FALSE,3,2,1,2_1,754d26af-f184-497c-856a-cd1ea7a5115c,NA
13,27054894,27054894,1,snv_mnv,NA,NA,"broad,dkfz,muse,sanger",4,COSN16629977,NA,NA,FALSE,0.1,NA,6,54,NA,NA,NA,IGR,FALSE,FALSE,FALSE,FALSE,3,2,1,2_1,754d26af-f184-497c-856a-cd1ea7a5115c,NA
13,27480862,27480862,1,snv_mnv,NA,NA,"broad,dkfz,muse,sanger",4,COSN16629585,NA,L1M4,FALSE,0.3214,NA,18,38,NA,NA,NA,IGR,FALSE,FALSE,TRUE,FALSE,3,2,1,2_1,754d26af-f184-497c-856a-cd1ea7a5115c,FGFR1OP2P1
13,27488120,27488120,1,snv_mnv,1.9968e-4,rs565172481,"broad,muse,sanger",3,COSN16631228,rs565172481,MLT1A0,FALSE,0.1111,NA,4,32,NA,NA,NA,IGR,FALSE,FALSE,FALSE,FALSE,3,2,1,2_1,754d26af-f184-497c-856a-cd1ea7a5115c,NA
13,29318814,29318814,1,snv_mnv,5.9904e-4,rs566993325,"broad,dkfz,muse,sanger",4,COSN16631596,rs566993325,MER39,FALSE,0.12,NA,6,44,NA,NA,NA,IGR,FALSE,FALSE,FALSE,FALSE,3,2,1,2_1,754d26af-f184-497c-856a-cd1ea7a5115c,NA
13,29856237,29856237,1,snv_mnv,NA,NA,"broad,muse,sanger",3,COSN18285576,rs755947906,LTR67B,FALSE,0.0702,NA,4,53,NA,NA,NA,Intron,FALSE,FALSE,FALSE,FALSE,3,2,1,2_1,754d26af-f184-497c-856a-cd1ea7a5115c,NA
13,30506133,30506133,1,snv_mnv,NA,NA,"broad,muse,sanger",3,COSN16631992,NA,Tigger1,FALSE,0.0725,NA,5,64,NA,NA,NA,IGR,FALSE,FALSE,FALSE,FALSE,3,2,1,2_1,754d26af-f184-497c-856a-cd1ea7a5115c,LINC00544
13,31401643,31401643,1,snv_mnv,NA,NA,"broad,dkfz,muse,sanger",4,COSN16630677,NA,MamRep1879,FALSE,0.1667,NA,9,45,NA,NA,NA,IGR,FALSE,FALSE,FALSE,FALSE,3,2,1,2_1,754d26af-f184-497c-856a-cd1ea7a5115c,NA
13,31696850,31696850,1,snv_mnv,NA,NA,"broad,dkfz,muse,sanger",4,COSN16630489,rs771386974,MER115,FALSE,0.2222,NA,6,21,NA,NA,NA,IGR,FALSE,FALSE,FALSE,FALSE,3,2,1,2_1,754d26af-f184-497c-856a-cd1ea7a5115c,NA
13,32392285,32392285,1,snv_mnv,NA,NA,"broad,muse,sanger",3,COSN16632331,NA,L1ME3C,FALSE,0.0725,NA,5,64,NA,NA,NA,IGR,FALSE,FALSE,TRUE,FALSE,3,2,1,2_1,754d26af-f184-497c-856a-cd1ea7a5115c,NA
13,32425528,32425528,1,snv_mnv,NA,NA,"broad,dkfz,muse,sanger",4,COSN16629947,NA,NA,FALSE,0.1731,NA,9,43,NA,NA,NA,RNA,FALSE,FALSE,FALSE,FALSE,3,2,1,2_1,754d26af-f184-497c-856a-cd1ea7a5115c,NA
13,32877461,32877461,1,snv_mnv,NA,NA,"broad,dkfz,muse,sanger",4,COSN16629094,NA,NA,FALSE,0.2459,NA,15,46,NA,NA,NA,IGR,FALSE,FALSE,FALSE,FALSE,3,2,1,2_1,754d26af-f184-497c-856a-cd1ea7a5115c,"FRY,ZAR1L"
13,33177456,33177456,1,snv_mnv,NA,NA,"broad,muse,sanger",3,COSN16629209,NA,L1PA5,FALSE,0.2667,NA,16,44,NA,NA,NA,Intron,FALSE,FALSE,FALSE,FALSE,3,2,1,2_1,754d26af-f184-497c-856a-cd1ea7a5115c,NA
13,33257704,33257704,1,snv_mnv,NA,NA,"broad,dkfz,muse,sanger",4,COSN16629894,NA,AluSp,FALSE,0.14,NA,7,43,NA,NA,NA,Intron,FALSE,FALSE,FALSE,FALSE,3,2,1,2_1,754d26af-f184-497c-856a-cd1ea7a5115c,NA
13,33297740,33297740,1,snv_mnv,NA,NA,"broad,dkfz,muse,sanger",4,COSN16631300,NA,NA,FALSE,0.1014,NA,7,62,NA,NA,NA,Intron,FALSE,FALSE,FALSE,FALSE,3,2,1,2_1,754d26af-f184-497c-856a-cd1ea7a5115c,NA
13,34588787,34588787,1,snv_mnv,NA,NA,"broad,muse",2,COSN16629210,NA,NA,FALSE,0.0571,NA,4,66,NA,NA,NA,IGR,FALSE,FALSE,FALSE,FALSE,3,2,1,2_1,754d26af-f184-497c-856a-cd1ea7a5115c,NA
13,35416265,35416265,1,snv_mnv,NA,NA,"broad,muse,sanger",3,COSN16629713,NA,MSTA,FALSE,0.0656,NA,4,57,NA,NA,NA,IGR,FALSE,FALSE,FALSE,FALSE,3,2,1,2_1,754d26af-f184-497c-856a-cd1ea7a5115c,NA
13,35548438,35548438,1,snv_mnv,NA,NA,"broad,muse",2,COSN16629126,NA,L1PA12,FALSE,0.0816,NA,4,45,NA,NA,NA,Intron,FALSE,FALSE,FALSE,FALSE,3,2,1,2_1,754d26af-f184-497c-856a-cd1ea7a5115c,NA
13,36513637,36513637,1,snv_mnv,NA,NA,"broad,dkfz,muse,sanger",4,COSN16629780,NA,AluJb,FALSE,0.1489,NA,7,40,NA,NA,NA,Intron,FALSE,FALSE,FALSE,FALSE,3,2,1,2_1,754d26af-f184-497c-856a-cd1ea7a5115c,NA
13,36605917,36605917,1,snv_mnv,NA,NA,"broad,dkfz,muse,sanger",4,COSN16630570,NA,NA,FALSE,0.1404,NA,8,49,NA,NA,NA,Intron,FALSE,FALSE,FALSE,FALSE,3,2,1,2_1,754d26af-f184-497c-856a-cd1ea7a5115c,NA
13,37056302,37056302,1,snv_mnv,NA,NA,"broad,muse,sanger",3,COSN16631626,rs573923835,L1MA4,FALSE,0.0877,NA,5,52,NA,NA,NA,IGR,FALSE,FALSE,FALSE,FALSE,3,2,1,2_1,754d26af-f184-497c-856a-cd1ea7a5115c,NA
13,37103250,37103250,1,snv_mnv,3.9936e-4,rs568767590,"broad,dkfz,muse,sanger",4,COSN16630827,rs568767590,NA,FALSE,0.1034,NA,6,52,NA,NA,NA,IGR,FALSE,FALSE,FALSE,FALSE,3,2,1,2_1,754d26af-f184-497c-856a-cd1ea7a5115c,NA
13,37810875,37810875,1,snv_mnv,NA,NA,"broad,muse,sanger",3,COSN16632796,NA,NA,FALSE,0.0625,NA,4,60,NA,NA,NA,IGR,FALSE,FALSE,FALSE,FALSE,3,2,1,2_1,754d26af-f184-497c-856a-cd1ea7a5115c,NA
13,37875862,37875862,1,snv_mnv,NA,NA,"broad,sanger",2,COSN16630453,NA,L1ME3A,FALSE,0.0704,NA,5,66,NA,NA,NA,IGR,FALSE,FALSE,FALSE,FALSE,3,2,1,2_1,754d26af-f184-497c-856a-cd1ea7a5115c,NA
13,39302820,39302820,1,snv_mnv,NA,NA,"broad,muse,sanger",3,COSN16632993,NA,AluJb,FALSE,0.0893,NA,5,51,NA,NA,NA,Intron,FALSE,FALSE,FALSE,FALSE,3,2,1,2_1,754d26af-f184-497c-856a-cd1ea7a5115c,NA
13,40011745,40011745,1,snv_mnv,NA,NA,"broad,muse",2,COSN16629633,NA,MSTA,FALSE,0.119,NA,5,37,NA,NA,NA,Intron,FALSE,FALSE,FALSE,FALSE,3,2,1,2_1,754d26af-f184-497c-856a-cd1ea7a5115c,NA
13,40343463,40343463,1,snv_mnv,NA,NA,"broad,dkfz,muse,sanger",4,COSN16631769,NA,L1ME3F,FALSE,0.1786,NA,10,46,NA,NA,NA,Intron,FALSE,FALSE,TRUE,FALSE,3,2,1,2_1,754d26af-f184-497c-856a-cd1ea7a5115c,NA
13,43749596,43749596,1,snv_mnv,NA,NA,"broad,dkfz,muse,sanger",4,COSN16631247,NA,L1MB7,FALSE,0.1481,NA,8,46,NA,NA,NA,IGR,FALSE,FALSE,TRUE,FALSE,3,2,1,2_1,754d26af-f184-497c-856a-cd1ea7a5115c,AL138709.1
13,43799325,43799325,1,snv_mnv,NA,NA,"broad,muse",2,COSN16632136,NA,L1PA16,FALSE,0.0617,NA,5,76,NA,NA,NA,Intron,FALSE,FALSE,FALSE,FALSE,3,2,1,2_1,754d26af-f184-497c-856a-cd1ea7a5115c,NA
13,45216019,45216019,1,snv_mnv,NA,NA,"dkfz,muse,sanger",3,COSN16629781,NA,AluJb,FALSE,0.1429,NA,7,42,NA,NA,NA,IGR,FALSE,FALSE,FALSE,FALSE,3,2,1,2_1,754d26af-f184-497c-856a-cd1ea7a5115c,NA
13,45616195,45616195,1,snv_mnv,NA,NA,"broad,muse,sanger",3,COSN16631005,NA,CR1_Mam,FALSE,0.175,NA,7,33,NA,NA,NA,lincRNA,FALSE,FALSE,FALSE,TRUE,3,2,1,2_1,754d26af-f184-497c-856a-cd1ea7a5115c,GPALPP1
13,45755156,45755156,1,snv_mnv,NA,NA,"broad,muse,sanger",3,COSN16629270,NA,AluJb,FALSE,0.1,NA,6,54,NA,NA,NA,Intron,FALSE,FALSE,FALSE,FALSE,3,2,1,2_1,754d26af-f184-497c-856a-cd1ea7a5115c,NA
13,46130141,46130141,1,snv_mnv,NA,NA,"broad,dkfz,muse,sanger",4,COSN16632111,NA,L2a,FALSE,0.2407,NA,13,41,NA,NA,NA,Intron,FALSE,FALSE,FALSE,FALSE,3,2,1,2_1,754d26af-f184-497c-856a-cd1ea7a5115c,"ERICH6B,RNA5SP27,TIMM9P3"
13,46439272,46439272,1,snv_mnv,NA,NA,"broad,muse,sanger",3,COSN16633086,NA,NA,FALSE,0.0727,NA,4,51,NA,NA,NA,IGR,FALSE,FALSE,FALSE,FALSE,3,2,1,2_1,754d26af-f184-497c-856a-cd1ea7a5115c,NA
13,47571023,47571023,1,snv_mnv,1.9968e-4,rs556644711,"broad,dkfz,muse,sanger",4,COSN16632287,rs556644711,NA,FALSE,0.1667,NA,8,40,NA,NA,NA,IGR,FALSE,FALSE,FALSE,FALSE,3,2,1,2_1,754d26af-f184-497c-856a-cd1ea7a5115c,NA
13,48246465,48246465,1,snv_mnv,NA,NA,"broad,dkfz,muse,sanger",4,COSN16630406,NA,NA,FALSE,0.1525,NA,9,50,NA,NA,NA,IGR,FALSE,FALSE,FALSE,FALSE,3,2,1,2_1,754d26af-f184-497c-856a-cd1ea7a5115c,NA
13,50368155,50368155,1,snv_mnv,NA,NA,"broad,muse",2,COSN16629509,NA,(CAA)n,FALSE,0.093,NA,4,39,NA,NA,NA,5'Flank,FALSE,FALSE,FALSE,FALSE,3,2,1,2_1,754d26af-f184-497c-856a-cd1ea7a5115c,"KPNA3,AL136301.1"
13,50872163,50872163,1,snv_mnv,NA,NA,"broad,dkfz,muse,sanger",4,COSN16629095,NA,L1PA7,FALSE,0.1889,NA,17,73,NA,NA,NA,Intron,FALSE,FALSE,FALSE,FALSE,3,2,1,2_1,754d26af-f184-497c-856a-cd1ea7a5115c,NA
13,51576497,51576497,1,snv_mnv,NA,NA,"broad,dkfz,muse,sanger",4,COSN16632683,NA,NA,FALSE,0.2143,NA,9,33,NA,NA,NA,RNA,FALSE,FALSE,FALSE,FALSE,3,2,1,2_1,754d26af-f184-497c-856a-cd1ea7a5115c,"RNASEH2B,GUCY1B2"
13,52947328,52947328,1,snv_mnv,NA,NA,"broad,dkfz,muse,sanger",4,COSN16629371,NA,NA,FALSE,0.0896,NA,6,61,NA,NA,NA,IGR,FALSE,FALSE,FALSE,FALSE,3,2,1,2_1,754d26af-f184-497c-856a-cd1ea7a5115c,THSD1
13,53652224,53652224,1,snv_mnv,NA,NA,"broad,muse,sanger",3,COSN16631329,NA,NA,FALSE,0.1026,NA,4,35,NA,NA,NA,IGR,FALSE,FALSE,FALSE,FALSE,3,2,1,2_1,754d26af-f184-497c-856a-cd1ea7a5115c,NA
13,54572326,54572326,1,snv_mnv,NA,NA,"broad,muse,sanger",3,COSN16632712,NA,NA,FALSE,0.05,NA,4,76,NA,NA,NA,IGR,FALSE,FALSE,TRUE,FALSE,3,2,1,2_1,754d26af-f184-497c-856a-cd1ea7a5115c,NA
13,54845921,54845921,1,snv_mnv,NA,NA,"broad,dkfz,muse,sanger",4,COSN16628887,NA,NA,FALSE,0.0875,NA,7,73,NA,NA,NA,IGR,FALSE,FALSE,FALSE,FALSE,3,2,1,2_1,754d26af-f184-497c-856a-cd1ea7a5115c,NA
13,55481855,55481855,1,snv_mnv,NA,NA,"broad,dkfz,muse,sanger",4,COSN16630766,NA,L1M4,FALSE,0.1552,NA,9,49,NA,NA,NA,IGR,FALSE,FALSE,FALSE,FALSE,3,2,1,2_1,754d26af-f184-497c-856a-cd1ea7a5115c,NA
13,55820571,55820571,1,snv_mnv,NA,NA,"broad,dkfz,muse,sanger",4,COSN16632684,NA,L1MA4,FALSE,0.1452,NA,9,53,NA,NA,NA,IGR,FALSE,FALSE,FALSE,FALSE,3,2,1,2_1,754d26af-f184-497c-856a-cd1ea7a5115c,NA
13,56052333,56052333,1,snv_mnv,NA,NA,"broad,muse",2,COSN16633398,NA,MSTB,FALSE,0.0548,NA,4,69,NA,NA,NA,IGR,FALSE,FALSE,FALSE,FALSE,3,2,1,2_1,754d26af-f184-497c-856a-cd1ea7a5115c,NA
13,56304664,56304664,1,snv_mnv,NA,NA,"muse,sanger",2,COSN16630712,NA,MER67D,FALSE,0.0526,NA,4,72,NA,NA,NA,IGR,FALSE,FALSE,FALSE,FALSE,3,2,1,2_1,754d26af-f184-497c-856a-cd1ea7a5115c,NA
13,56473458,56473458,1,snv_mnv,NA,NA,"broad,dkfz,muse",3,COSN16630943,NA,NA,FALSE,0.0641,NA,5,73,NA,NA,NA,IGR,FALSE,FALSE,FALSE,FALSE,3,2,1,2_1,754d26af-f184-497c-856a-cd1ea7a5115c,NA
13,56491956,56491956,1,snv_mnv,NA,NA,"broad,dkfz,muse,sanger",4,COSN16632994,NA,AluJr4,FALSE,0.2154,NA,14,51,NA,NA,NA,IGR,FALSE,FALSE,FALSE,FALSE,3,2,1,2_1,754d26af-f184-497c-856a-cd1ea7a5115c,NA
13,57861894,57861894,1,snv_mnv,NA,NA,"broad,dkfz,muse,sanger",4,COSN16629923,NA,NA,FALSE,0.1818,NA,8,36,NA,NA,NA,IGR,FALSE,FALSE,FALSE,FALSE,3,2,1,2_1,754d26af-f184-497c-856a-cd1ea7a5115c,NA
13,57997873,57997873,1,snv_mnv,NA,NA,"broad,muse,sanger",3,COSN16631330,NA,L2c,FALSE,0.0667,NA,4,56,NA,NA,NA,IGR,FALSE,FALSE,FALSE,FALSE,3,2,1,2_1,754d26af-f184-497c-856a-cd1ea7a5115c,NA
13,59514745,59514745,1,snv_mnv,0.0011981,rs368461282,"broad,dkfz,muse,sanger",4,COSN16630597,rs368461282,L2,FALSE,0.1594,NA,11,58,NA,NA,NA,IGR,FALSE,FALSE,FALSE,FALSE,3,2,1,2_1,754d26af-f184-497c-856a-cd1ea7a5115c,NA
13,59600269,59600269,1,snv_mnv,NA,NA,"broad,dkfz,muse,sanger",4,COSN16630536,NA,NA,FALSE,0.3548,NA,22,40,NA,NA,NA,IGR,FALSE,FALSE,FALSE,FALSE,3,2,1,2_1,754d26af-f184-497c-856a-cd1ea7a5115c,NA
13,59744271,59744271,1,snv_mnv,NA,NA,"broad,muse,sanger",3,COSN16629061,NA,L1MEd,FALSE,0.0862,NA,5,53,NA,NA,NA,IGR,FALSE,FALSE,FALSE,FALSE,3,2,1,2_1,754d26af-f184-497c-856a-cd1ea7a5115c,NA
13,60311817,60311817,1,snv_mnv,NA,NA,"broad,dkfz,muse,sanger",4,COSN16629096,NA,MIR,FALSE,0.137,NA,10,63,NA,NA,NA,Intron,FALSE,FALSE,FALSE,FALSE,3,2,1,2_1,754d26af-f184-497c-856a-cd1ea7a5115c,NA
13,60474649,60474649,1,snv_mnv,NA,NA,"broad,dkfz,muse,sanger",4,COSN16632308,NA,NA,FALSE,0.08,NA,6,69,NA,NA,NA,Intron,FALSE,FALSE,FALSE,FALSE,3,2,1,2_1,754d26af-f184-497c-856a-cd1ea7a5115c,NA
13,61843469,61843469,1,snv_mnv,NA,NA,"broad,dkfz,muse,sanger",4,COSN16630193,NA,L1PA6,FALSE,0.0909,NA,7,70,NA,NA,NA,IGR,FALSE,FALSE,FALSE,FALSE,3,2,1,2_1,754d26af-f184-497c-856a-cd1ea7a5115c,NA
13,62091305,62091305,1,snv_mnv,NA,NA,"broad,dkfz,muse,sanger",4,COSN16633266,NA,NA,FALSE,0.1011,NA,9,80,NA,NA,NA,IGR,FALSE,FALSE,FALSE,FALSE,3,2,1,2_1,754d26af-f184-497c-856a-cd1ea7a5115c,NA
13,62154247,62154247,1,snv_mnv,NA,NA,"broad,dkfz,muse,sanger",4,COSN16633087,NA,NA,FALSE,0.2593,NA,14,40,NA,NA,NA,IGR,FALSE,FALSE,FALSE,FALSE,3,2,1,2_1,754d26af-f184-497c-856a-cd1ea7a5115c,NA
13,63237737,63237737,1,snv_mnv,NA,NA,"broad,dkfz,muse,sanger",4,COSN16629037,NA,NA,FALSE,0.0781,NA,5,59,NA,NA,NA,IGR,FALSE,FALSE,FALSE,FALSE,3,2,1,2_1,754d26af-f184-497c-856a-cd1ea7a5115c,NA
13,63795779,63795779,1,snv_mnv,NA,NA,"broad,dkfz,muse,sanger",4,COSN16633352,NA,NA,FALSE,0.1486,NA,11,63,NA,NA,NA,lincRNA,FALSE,FALSE,FALSE,FALSE,3,2,1,2_1,754d26af-f184-497c-856a-cd1ea7a5115c,NA
13,64059577,64059577,1,snv_mnv,NA,NA,"broad,muse,sanger",3,COSN16632851,NA,HERVL-int,FALSE,0.0741,NA,4,50,NA,NA,NA,IGR,FALSE,FALSE,FALSE,FALSE,3,2,1,2_1,754d26af-f184-497c-856a-cd1ea7a5115c,NA
13,64533325,64533325,1,snv_mnv,NA,NA,"broad,dkfz,muse,sanger",4,COSN16632907,NA,NA,FALSE,0.1525,NA,9,50,NA,NA,NA,IGR,FALSE,FALSE,FALSE,FALSE,3,2,1,2_1,754d26af-f184-497c-856a-cd1ea7a5115c,NA
13,64732861,64732861,1,snv_mnv,NA,NA,"broad,muse,sanger",3,COSN16629457,NA,MIR,FALSE,0.0588,NA,4,64,NA,NA,NA,IGR,FALSE,FALSE,FALSE,FALSE,3,2,1,2_1,754d26af-f184-497c-856a-cd1ea7a5115c,NA
13,64774175,64774175,1,snv_mnv,NA,NA,"broad,dkfz,muse,sanger",4,COSN16630087,NA,NA,FALSE,0.1127,NA,8,63,NA,NA,NA,IGR,FALSE,FALSE,FALSE,FALSE,3,2,1,2_1,754d26af-f184-497c-856a-cd1ea7a5115c,NA
13,65121125,65121125,1,snv_mnv,NA,NA,"broad,muse",2,COSN15245183,NA,NA,FALSE,0.0606,NA,4,62,NA,NA,NA,IGR,FALSE,FALSE,FALSE,FALSE,3,2,1,2_1,754d26af-f184-497c-856a-cd1ea7a5115c,NA
13,65127989,65127989,1,snv_mnv,NA,NA,"broad,muse,sanger",3,COSN16630767,NA,NA,FALSE,0.0652,NA,3,43,NA,NA,NA,IGR,FALSE,FALSE,TRUE,FALSE,3,2,1,2_1,754d26af-f184-497c-856a-cd1ea7a5115c,NA
13,65499861,65499861,1,snv_mnv,5.9904e-4,rs543040485,"broad,muse,sanger",3,COSN16633353,rs543040485,MER52D,FALSE,0.129,NA,4,27,NA,NA,NA,IGR,FALSE,FALSE,FALSE,FALSE,3,2,1,2_1,754d26af-f184-497c-856a-cd1ea7a5115c,NA
13,65636379,65636379,1,snv_mnv,NA,NA,"broad,sanger",2,COSN16630598,NA,AluSc,FALSE,0.0962,NA,5,47,NA,NA,NA,IGR,FALSE,FALSE,FALSE,FALSE,3,2,1,2_1,754d26af-f184-497c-856a-cd1ea7a5115c,NA
13,65711211,65711211,1,snv_mnv,NA,NA,"broad,dkfz,muse,sanger",4,COSN16631360,rs147209508,MIRb,FALSE,0.1094,NA,7,57,NA,NA,NA,IGR,FALSE,FALSE,FALSE,FALSE,3,2,1,2_1,754d26af-f184-497c-856a-cd1ea7a5115c,NA
13,65850018,65850018,1,snv_mnv,NA,NA,"broad,muse",2,COSN16633234,NA,MER49,FALSE,0.0702,NA,4,53,NA,NA,NA,IGR,FALSE,FALSE,FALSE,FALSE,3,2,1,2_1,754d26af-f184-497c-856a-cd1ea7a5115c,NA
13,66602156,66602156,1,snv_mnv,NA,NA,"broad,dkfz,muse,sanger",4,COSN16631993,NA,Tigger1,FALSE,0.2097,NA,13,49,NA,NA,NA,IGR,FALSE,FALSE,FALSE,FALSE,3,2,1,2_1,754d26af-f184-497c-856a-cd1ea7a5115c,NA
13,67391249,67391249,1,snv_mnv,NA,NA,"broad,muse,sanger",3,COSN16629863,NA,MER2,FALSE,0.0952,NA,4,38,NA,NA,NA,Intron,FALSE,FALSE,FALSE,FALSE,3,2,1,2_1,754d26af-f184-497c-856a-cd1ea7a5115c,NA
13,68245090,68245090,1,snv_mnv,NA,NA,"broad,muse,sanger",3,COSN16629400,NA,Tigger1,FALSE,0.1091,NA,6,49,NA,NA,NA,IGR,FALSE,FALSE,FALSE,FALSE,3,2,1,2_1,754d26af-f184-497c-856a-cd1ea7a5115c,NA
13,68783855,68783855,1,snv_mnv,NA,NA,"broad,dkfz,muse,sanger",4,COSN16632332,NA,NA,FALSE,0.1084,NA,9,74,NA,NA,NA,IGR,FALSE,FALSE,FALSE,FALSE,3,2,1,2_1,754d26af-f184-497c-856a-cd1ea7a5115c,NA
13,69146005,69146005,1,snv_mnv,NA,NA,"broad,dkfz,muse,sanger",4,COSN16630944,NA,NA,FALSE,0.2581,NA,16,46,NA,NA,NA,IGR,FALSE,FALSE,TRUE,FALSE,3,2,1,2_1,754d26af-f184-497c-856a-cd1ea7a5115c,NA
13,69575704,69575704,1,snv_mnv,NA,NA,"broad,dkfz,muse,sanger",4,COSN16630490,NA,L1PA7,FALSE,0.1,NA,6,54,NA,NA,NA,IGR,FALSE,FALSE,FALSE,FALSE,3,2,1,2_1,754d26af-f184-497c-856a-cd1ea7a5115c,NA
13,69945615,69945615,1,snv_mnv,NA,NA,"broad,muse,sanger",3,COSN16630125,NA,L1PA16,FALSE,0.0833,NA,7,77,NA,NA,NA,IGR,FALSE,FALSE,FALSE,FALSE,3,2,1,2_1,754d26af-f184-497c-856a-cd1ea7a5115c,NA
13,70665303,70665303,1,snv_mnv,NA,NA,"broad,dkfz,muse,sanger",4,COSN16632333,NA,NA,FALSE,0.0811,NA,6,68,NA,NA,NA,Intron,FALSE,FALSE,FALSE,FALSE,3,2,1,2_1,754d26af-f184-497c-856a-cd1ea7a5115c,NA
13,71070635,71070635,1,snv_mnv,NA,NA,"broad,dkfz,muse,sanger",4,COSN16631109,NA,NA,FALSE,0.0862,NA,5,53,NA,NA,NA,IGR,FALSE,FALSE,FALSE,FALSE,3,2,1,2_1,754d26af-f184-497c-856a-cd1ea7a5115c,NA
13,71636426,71636426,1,snv_mnv,NA,NA,"broad,dkfz,muse,sanger",4,COSN16632137,NA,THE1C-int,FALSE,0.1017,NA,6,53,NA,NA,NA,lincRNA,FALSE,FALSE,FALSE,FALSE,3,2,1,2_1,754d26af-f184-497c-856a-cd1ea7a5115c,NA
13,71947917,71947917,1,snv_mnv,NA,NA,"broad,muse,sanger",3,COSN16631248,NA,NA,FALSE,0.0667,NA,4,56,NA,NA,NA,IGR,FALSE,FALSE,FALSE,FALSE,3,2,1,2_1,754d26af-f184-497c-856a-cd1ea7a5115c,NA
13,72352296,72352296,1,snv_mnv,NA,NA,"broad,muse",2,COSN16632112,NA,MIR3,FALSE,0.1053,NA,4,34,NA,NA,NA,Intron,FALSE,FALSE,FALSE,FALSE,3,2,1,2_1,754d26af-f184-497c-856a-cd1ea7a5115c,NA
13,72790512,72790512,1,snv_mnv,NA,NA,"broad,dkfz,muse,sanger",4,COSN16630431,NA,L1MEg,FALSE,0.1094,NA,7,57,NA,NA,NA,IGR,FALSE,FALSE,FALSE,FALSE,3,2,1,2_1,754d26af-f184-497c-856a-cd1ea7a5115c,NA
13,74952322,74952322,1,snv_mnv,7.9872e-4,rs114346816,"broad,sanger",2,COSN16631850,rs114346816,NA,FALSE,0.102,NA,5,44,NA,NA,NA,IGR,FALSE,FALSE,FALSE,FALSE,3,2,1,2_1,754d26af-f184-497c-856a-cd1ea7a5115c,RPL21P108
13,75307561,75307561,1,snv_mnv,0.0031949,rs548679653,"broad,dkfz,muse,sanger",4,COSN16630507,rs548679653,NA,FALSE,0.1765,NA,9,42,NA,NA,NA,IGR,FALSE,FALSE,FALSE,FALSE,3,2,1,2_1,754d26af-f184-497c-856a-cd1ea7a5115c,NA
13,76556430,76556430,1,snv_mnv,NA,NA,"broad,dkfz,muse,sanger",4,COSN16630247,NA,MLT1C,FALSE,0.3077,NA,16,36,NA,NA,NA,IGR,FALSE,FALSE,FALSE,FALSE,3,2,1,2_1,754d26af-f184-497c-856a-cd1ea7a5115c,NA
13,76866088,76866088,1,snv_mnv,NA,NA,"broad,dkfz,muse,sanger",4,COSN16631063,NA,NA,FALSE,0.0909,NA,6,60,NA,NA,NA,IGR,FALSE,FALSE,TRUE,FALSE,3,2,1,2_1,754d26af-f184-497c-856a-cd1ea7a5115c,NA
13,78611556,78611556,1,snv_mnv,NA,NA,"broad,sanger",2,COSN16632773,NA,L2c,FALSE,0.0943,NA,5,48,NA,NA,NA,RNA,FALSE,FALSE,FALSE,FALSE,3,2,1,2_1,754d26af-f184-497c-856a-cd1ea7a5115c,LINC00446
13,79894933,79894933,1,snv_mnv,NA,NA,"broad,dkfz,muse,sanger",4,COSN16632852,NA,NA,FALSE,0.1143,NA,8,62,NA,NA,NA,Intron,FALSE,FALSE,FALSE,FALSE,3,2,1,2_1,754d26af-f184-497c-856a-cd1ea7a5115c,NA
13,80770917,80770917,1,snv_mnv,NA,NA,"broad,dkfz,muse,sanger",4,COSN16629293,NA,NA,FALSE,0.1176,NA,6,45,NA,NA,NA,IGR,FALSE,FALSE,FALSE,FALSE,3,2,1,2_1,754d26af-f184-497c-856a-cd1ea7a5115c,NA
13,81014485,81014485,1,snv_mnv,NA,NA,"broad,muse,sanger",3,COSN16631738,NA,Kanga1d,FALSE,0.0926,NA,5,49,NA,NA,NA,IGR,FALSE,FALSE,FALSE,FALSE,3,2,1,2_1,754d26af-f184-497c-856a-cd1ea7a5115c,NA
13,81670174,81670174,1,snv_mnv,NA,NA,"broad,sanger",2,COSN16629948,NA,L1MC3,FALSE,0.1389,NA,5,31,NA,NA,NA,IGR,FALSE,FALSE,FALSE,FALSE,3,2,1,2_1,754d26af-f184-497c-856a-cd1ea7a5115c,NA
13,81840706,81840706,1,snv_mnv,NA,NA,"broad,dkfz,muse,sanger",4,COSN16630857,NA,NA,FALSE,0.1471,NA,10,58,NA,NA,NA,lincRNA,FALSE,FALSE,FALSE,FALSE,3,2,1,2_1,754d26af-f184-497c-856a-cd1ea7a5115c,RNU6-77P
13,82001099,82001099,1,snv_mnv,NA,NA,"broad,dkfz,muse,sanger",4,COSN16628920,rs750838569,MSTD,FALSE,0.1014,NA,7,62,NA,NA,NA,IGR,FALSE,FALSE,FALSE,FALSE,3,2,1,2_1,754d26af-f184-497c-856a-cd1ea7a5115c,NA
13,82716683,82716683,1,snv_mnv,NA,NA,"broad,dkfz,muse,sanger",4,COSN16629340,NA,AluSq2,FALSE,0.1731,NA,9,43,NA,NA,NA,IGR,FALSE,FALSE,FALSE,FALSE,3,2,1,2_1,754d26af-f184-497c-856a-cd1ea7a5115c,NA
13,82820957,82820957,1,snv_mnv,NA,NA,"broad,dkfz,muse,sanger",4,COSN16630828,NA,MLT2F,FALSE,0.1558,NA,12,65,NA,NA,NA,IGR,FALSE,FALSE,FALSE,FALSE,3,2,1,2_1,754d26af-f184-497c-856a-cd1ea7a5115c,NA
13,84056800,84056800,1,snv_mnv,1.9968e-4,rs182319843,"broad,dkfz,muse,sanger",4,COSN16632184,rs182319843,L1MA8,FALSE,0.1094,NA,7,57,NA,NA,NA,IGR,FALSE,FALSE,FALSE,FALSE,3,2,1,2_1,754d26af-f184-497c-856a-cd1ea7a5115c,NA
13,84496833,84496833,1,snv_mnv,NA,NA,"broad,muse",2,COSN16631508,NA,NA,FALSE,0.0625,NA,4,60,NA,NA,NA,IGR,FALSE,FALSE,FALSE,FALSE,3,2,1,2_1,754d26af-f184-497c-856a-cd1ea7a5115c,NA
13,84638375,84638375,1,snv_mnv,NA,NA,"broad,dkfz,muse,sanger",4,COSN16632406,NA,L1MA4A,FALSE,0.1746,NA,11,52,NA,NA,NA,IGR,FALSE,FALSE,FALSE,FALSE,3,2,1,2_1,754d26af-f184-497c-856a-cd1ea7a5115c,NA
13,84683558,84683558,1,snv_mnv,7.9872e-4,rs547941668,"broad,dkfz,muse,sanger",4,COSN16629782,rs547941668,NA,FALSE,0.1875,NA,12,52,NA,NA,NA,IGR,FALSE,FALSE,FALSE,FALSE,3,2,1,2_1,754d26af-f184-497c-856a-cd1ea7a5115c,NA
13,84685312,84685312,1,snv_mnv,NA,NA,"broad,dkfz,muse,sanger",4,COSN16632443,rs113941031,NA,FALSE,0.1099,NA,10,81,NA,NA,NA,IGR,FALSE,FALSE,FALSE,FALSE,3,2,1,2_1,754d26af-f184-497c-856a-cd1ea7a5115c,NA
13,85140883,85140883,1,snv_mnv,NA,NA,"broad,dkfz,muse,sanger",4,COSN16629238,NA,NA,FALSE,0.1176,NA,8,60,NA,NA,NA,IGR,FALSE,FALSE,FALSE,FALSE,3,2,1,2_1,754d26af-f184-497c-856a-cd1ea7a5115c,LINC00333
13,85462087,85462087,1,snv_mnv,NA,NA,"broad,dkfz,muse,sanger",4,COSN16632288,NA,NA,FALSE,0.1154,NA,6,46,NA,NA,NA,IGR,FALSE,FALSE,FALSE,FALSE,3,2,1,2_1,754d26af-f184-497c-856a-cd1ea7a5115c,NA
13,86419446,86419446,1,snv_mnv,NA,NA,"broad,dkfz,muse,sanger",4,COSN16628889,NA,AluY,FALSE,0.1837,NA,9,40,NA,NA,NA,IGR,FALSE,FALSE,FALSE,FALSE,3,2,1,2_1,754d26af-f184-497c-856a-cd1ea7a5115c,NA
13,86652025,86652025,1,snv_mnv,NA,NA,"broad,dkfz,muse,sanger",4,COSN16629211,NA,NA,FALSE,0.0972,NA,7,65,NA,NA,NA,lincRNA,FALSE,FALSE,FALSE,FALSE,3,2,1,2_1,754d26af-f184-497c-856a-cd1ea7a5115c,NA
13,86989118,86989118,1,snv_mnv,NA,NA,"broad,muse,sanger",3,COSN16632774,NA,L1MA9,FALSE,0.0606,NA,4,62,NA,NA,NA,IGR,FALSE,FALSE,FALSE,FALSE,3,2,1,2_1,754d26af-f184-497c-856a-cd1ea7a5115c,NA
13,87761539,87761539,1,snv_mnv,NA,NA,"broad,sanger",2,COSN16629978,NA,L1MC,FALSE,0.0862,NA,5,53,NA,NA,NA,IGR,FALSE,FALSE,FALSE,FALSE,3,2,1,2_1,754d26af-f184-497c-856a-cd1ea7a5115c,NA
13,87853217,87853217,1,snv_mnv,NA,NA,"broad,dkfz,muse,sanger",4,COSN16629663,NA,L1PREC2,FALSE,0.0959,NA,7,66,NA,NA,NA,IGR,FALSE,FALSE,FALSE,FALSE,3,2,1,2_1,754d26af-f184-497c-856a-cd1ea7a5115c,NA
13,88064567,88064567,1,snv_mnv,NA,NA,"broad,muse,sanger",3,COSN16629895,NA,L1PA7,FALSE,0.0649,NA,5,72,NA,NA,NA,IGR,FALSE,FALSE,FALSE,FALSE,3,2,1,2_1,754d26af-f184-497c-856a-cd1ea7a5115c,NA
13,88200983,88200983,1,snv_mnv,NA,NA,"broad,dkfz,muse,sanger",4,COSN16631574,NA,L1ME3B,FALSE,0.2754,NA,19,50,NA,NA,NA,lincRNA,FALSE,FALSE,TRUE,FALSE,3,2,1,2_1,754d26af-f184-497c-856a-cd1ea7a5115c,NA
13,89088062,89088062,1,snv_mnv,NA,NA,"dkfz,muse,sanger",3,COSN16631575,NA,NA,FALSE,0.1207,NA,7,51,NA,NA,NA,IGR,FALSE,FALSE,FALSE,FALSE,3,2,1,2_1,754d26af-f184-497c-856a-cd1ea7a5115c,NA
13,89780729,89780729,1,snv_mnv,NA,NA,"broad,dkfz,muse,sanger",4,COSN16629127,NA,THE1C,FALSE,0.1299,NA,10,67,NA,NA,NA,IGR,FALSE,FALSE,FALSE,FALSE,3,2,1,2_1,754d26af-f184-497c-856a-cd1ea7a5115c,NA
13,90072761,90072761,1,snv_mnv,NA,NA,"broad,dkfz,muse,sanger",4,COSN16633088,NA,NA,FALSE,0.082,NA,5,56,NA,NA,NA,IGR,FALSE,FALSE,FALSE,FALSE,3,2,1,2_1,754d26af-f184-497c-856a-cd1ea7a5115c,NA
13,90093224,90093224,1,snv_mnv,NA,NA,"broad,muse,sanger",3,COSN16629155,NA,AluSc5,FALSE,0.0769,NA,4,48,NA,NA,NA,IGR,FALSE,FALSE,FALSE,FALSE,3,2,1,2_1,754d26af-f184-497c-856a-cd1ea7a5115c,NA
13,90121083,90121083,1,snv_mnv,NA,NA,"broad,dkfz,muse,sanger",4,COSN16631064,NA,L1ME1,FALSE,0.3167,NA,19,41,NA,NA,NA,IGR,FALSE,FALSE,FALSE,FALSE,3,2,1,2_1,754d26af-f184-497c-856a-cd1ea7a5115c,NA
13,90232266,90232266,1,snv_mnv,NA,NA,"broad,dkfz,muse,sanger",4,COSN16631006,rs763542889,NA,FALSE,0.0984,NA,6,55,NA,NA,NA,IGR,FALSE,FALSE,FALSE,FALSE,3,2,1,2_1,754d26af-f184-497c-856a-cd1ea7a5115c,NA
13,90387728,90387728,1,snv_mnv,NA,NA,"broad,dkfz,muse,sanger",4,COSN16629896,NA,AT_rich,FALSE,0.1837,NA,9,40,NA,NA,NA,IGR,FALSE,FALSE,FALSE,FALSE,3,2,1,2_1,754d26af-f184-497c-856a-cd1ea7a5115c,NA
13,90407022,90407022,1,snv_mnv,NA,NA,"broad,dkfz,muse",3,COSN16629561,NA,NA,FALSE,0.163,NA,15,77,NA,NA,NA,IGR,FALSE,FALSE,FALSE,FALSE,3,2,1,2_1,754d26af-f184-497c-856a-cd1ea7a5115c,NA
13,91357597,91357597,1,snv_mnv,NA,NA,"broad,dkfz,muse,sanger",4,COSN16632713,rs537533295,L1M2,FALSE,0.1091,NA,6,49,NA,NA,NA,IGR,FALSE,FALSE,FALSE,FALSE,3,2,1,2_1,754d26af-f184-497c-856a-cd1ea7a5115c,NA
13,91574069,91574069,1,snv_mnv,7.9872e-4,rs562073842,"broad,dkfz,muse,sanger",4,COSN17818390,rs562073842,NA,FALSE,0.0698,NA,6,80,NA,NA,NA,lincRNA,FALSE,FALSE,FALSE,FALSE,3,2,1,2_1,754d26af-f184-497c-856a-cd1ea7a5115c,NA
13,92370477,92370477,1,snv_mnv,NA,NA,"broad,muse,sanger",3,COSN16632797,rs866592116,AluY,FALSE,0.0833,NA,4,44,NA,NA,NA,Intron,FALSE,FALSE,FALSE,FALSE,3,2,1,2_1,754d26af-f184-497c-856a-cd1ea7a5115c,NA
13,92806317,92806317,1,snv_mnv,NA,NA,"broad,muse,sanger",3,COSN16632444,NA,MSTB,FALSE,0.0746,NA,5,62,NA,NA,NA,Intron,FALSE,FALSE,FALSE,FALSE,3,2,1,2_1,754d26af-f184-497c-856a-cd1ea7a5115c,NA
13,94206022,94206022,1,snv_mnv,NA,NA,"broad,muse",2,COSN16632046,NA,L1MC5,FALSE,0.1064,NA,5,42,NA,NA,NA,Intron,FALSE,FALSE,FALSE,FALSE,3,2,1,2_1,754d26af-f184-497c-856a-cd1ea7a5115c,NA
13,94289778,94289778,1,snv_mnv,NA,NA,"broad,dkfz,muse,sanger",4,COSN16633056,NA,NA,FALSE,0.125,NA,9,63,NA,NA,NA,Intron,FALSE,FALSE,FALSE,FALSE,3,2,1,2_1,754d26af-f184-497c-856a-cd1ea7a5115c,NA
13,94315942,94315942,1,snv_mnv,NA,NA,"broad,dkfz,muse,sanger",4,COSN16629372,NA,NA,FALSE,0.0943,NA,5,48,NA,NA,NA,Intron,FALSE,FALSE,FALSE,FALSE,3,2,1,2_1,754d26af-f184-497c-856a-cd1ea7a5115c,NA
13,94892393,94892393,1,snv_mnv,NA,NA,"broad,muse,sanger",3,COSN16632995,NA,MER91A,FALSE,0.0702,NA,4,53,NA,NA,NA,Intron,FALSE,FALSE,FALSE,FALSE,3,2,1,2_1,754d26af-f184-497c-856a-cd1ea7a5115c,NA
13,95249775,95249775,1,snv_mnv,NA,NA,"broad,muse,sanger",3,COSN16632185,NA,L2a,FALSE,0.0758,NA,5,61,NA,NA,NA,5'Flank,FALSE,FALSE,FALSE,FALSE,3,2,1,2_1,754d26af-f184-497c-856a-cd1ea7a5115c,"TGDS,GPR180"
13,95397422,95397422,1,snv_mnv,NA,NA,"broad,dkfz,muse,sanger",4,COSN16633376,NA,LTR33B,FALSE,0.0946,NA,7,67,NA,NA,NA,IGR,FALSE,FALSE,FALSE,FALSE,3,2,1,2_1,754d26af-f184-497c-856a-cd1ea7a5115c,NA
13,96114889,96114889,1,snv_mnv,NA,NA,"broad,dkfz,muse,sanger",4,COSN16633174,NA,NA,FALSE,0.125,NA,6,42,NA,NA,NA,Intron,FALSE,FALSE,FALSE,FALSE,3,2,1,2_1,754d26af-f184-497c-856a-cd1ea7a5115c,NA
13,99442471,99442471,1,snv_mnv,NA,NA,"broad,muse",2,COSN16632908,NA,NA,FALSE,0.1163,NA,5,38,NA,NA,NA,IGR,FALSE,FALSE,FALSE,FALSE,3,2,1,2_1,754d26af-f184-497c-856a-cd1ea7a5115c,DOCK9
13,99693457,99693457,1,snv_mnv,NA,NA,"broad,dkfz,muse,sanger",4,COSN16629315,NA,AluJo,FALSE,0.1607,NA,9,47,NA,NA,NA,Intron,FALSE,FALSE,FALSE,FALSE,3,2,1,2_1,754d26af-f184-497c-856a-cd1ea7a5115c,NA
13,100019064,100019064,1,snv_mnv,NA,NA,"broad,dkfz,muse,sanger",4,COSN16629809,NA,L1ME3C,FALSE,0.1471,NA,10,58,NA,NA,NA,Intron,FALSE,FALSE,FALSE,FALSE,3,2,1,2_1,754d26af-f184-497c-856a-cd1ea7a5115c,UBAC2
13,101105516,101105516,1,snv_mnv,NA,NA,"broad,dkfz,muse,sanger",4,COSN16629664,NA,AluSx1,FALSE,0.1395,NA,6,37,NA,NA,NA,Intron,FALSE,FALSE,FALSE,FALSE,3,2,1,2_1,754d26af-f184-497c-856a-cd1ea7a5115c,NA
13,101246570,101246570,1,snv_mnv,NA,NA,"broad,muse,sanger",3,COSN16631794,NA,LTR65,FALSE,0.15,NA,6,34,NA,NA,NA,IGR,FALSE,FALSE,FALSE,FALSE,3,2,1,2_1,754d26af-f184-497c-856a-cd1ea7a5115c,GGACT
13,101488727,101488727,1,snv_mnv,NA,NA,"broad,muse,sanger",3,COSN16630279,NA,AluSq2,FALSE,0.2286,NA,8,27,NA,NA,NA,RNA,FALSE,FALSE,FALSE,FALSE,3,2,1,2_1,754d26af-f184-497c-856a-cd1ea7a5115c,NA
13,104201685,104201685,1,snv_mnv,NA,NA,"broad,dkfz,muse,sanger",4,COSN16632798,NA,MER41B,FALSE,0.1739,NA,8,38,NA,NA,NA,IGR,FALSE,FALSE,FALSE,FALSE,3,2,1,2_1,754d26af-f184-497c-856a-cd1ea7a5115c,NA
13,105394738,105394738,1,snv_mnv,NA,NA,"broad,muse",2,COSN16629428,NA,NA,FALSE,0.0727,NA,4,51,NA,NA,NA,IGR,FALSE,FALSE,FALSE,FALSE,3,2,1,2_1,754d26af-f184-497c-856a-cd1ea7a5115c,NA
13,106103442,106103442,1,snv_mnv,NA,NA,"broad,dkfz,muse,sanger",4,COSN16632799,NA,NA,FALSE,0.1667,NA,11,55,NA,NA,NA,IGR,FALSE,FALSE,FALSE,FALSE,3,2,1,2_1,754d26af-f184-497c-856a-cd1ea7a5115c,NA
13,107099456,107099456,1,snv_mnv,NA,NA,"broad,dkfz,muse,sanger",4,COSN16629562,NA,NA,FALSE,0.0633,NA,5,74,NA,NA,NA,IGR,FALSE,FALSE,FALSE,FALSE,3,2,1,2_1,754d26af-f184-497c-856a-cd1ea7a5115c,NA
13,107218451,107218451,1,snv_mnv,NA,NA,"broad,dkfz,muse,sanger",4,COSN16633377,NA,NA,FALSE,0.1356,NA,8,51,NA,NA,NA,Intron,FALSE,FALSE,FALSE,FALSE,3,2,1,2_1,754d26af-f184-497c-856a-cd1ea7a5115c,ARGLU1
13,108061829,108061829,1,snv_mnv,NA,NA,"broad,dkfz,muse,sanger",4,COSN16632714,NA,L2b,FALSE,0.1132,NA,6,47,NA,NA,NA,Intron,FALSE,FALSE,FALSE,FALSE,3,2,1,2_1,754d26af-f184-497c-856a-cd1ea7a5115c,NA
13,108165025,108165025,1,snv_mnv,NA,NA,"broad,muse,sanger",3,COSN16630537,NA,MER66B,FALSE,0.08,NA,4,46,NA,NA,NA,Intron,FALSE,FALSE,FALSE,FALSE,3,2,1,2_1,754d26af-f184-497c-856a-cd1ea7a5115c,NA
13,108406807,108406807,1,snv_mnv,NA,NA,"broad,dkfz,muse,sanger",4,COSN16630312,NA,L3,FALSE,0.2949,NA,23,55,NA,NA,NA,Intron,FALSE,FALSE,FALSE,FALSE,3,2,1,2_1,754d26af-f184-497c-856a-cd1ea7a5115c,NA
13,110052721,110052721,1,snv_mnv,NA,NA,"broad,dkfz,muse,sanger",4,COSN16629097,NA,NA,FALSE,0.2105,NA,8,30,NA,NA,NA,lincRNA,FALSE,FALSE,FALSE,FALSE,3,2,1,2_1,754d26af-f184-497c-856a-cd1ea7a5115c,LINC00399
13,110253555,110253555,1,snv_mnv,NA,NA,"broad,dkfz,muse,sanger",4,COSN16628979,NA,NA,FALSE,0.1961,NA,10,41,NA,NA,NA,IGR,FALSE,FALSE,TRUE,FALSE,3,2,1,2_1,754d26af-f184-497c-856a-cd1ea7a5115c,NA
13,110458589,110458589,1,snv_mnv,NA,NA,"broad,dkfz,muse,sanger",4,COSN16629484,NA,NA,FALSE,0.0952,NA,4,38,NA,NA,NA,IGR,FALSE,FALSE,FALSE,FALSE,3,2,1,2_1,754d26af-f184-497c-856a-cd1ea7a5115c,AL355810.1
13,110819218,110819218,1,snv_mnv,NA,NA,"broad,dkfz,muse,sanger",4,COSN16632620,NA,L2a,FALSE,0.1935,NA,12,50,NA,NA,NA,Intron,FALSE,FALSE,FALSE,FALSE,3,2,1,2_1,754d26af-f184-497c-856a-cd1ea7a5115c,COL4A1
13,111582751,111582751,1,snv_mnv,NA,NA,"broad,dkfz,muse,sanger",4,COSN16632568,NA,NA,FALSE,0.12,NA,6,44,NA,NA,NA,IGR,FALSE,FALSE,FALSE,FALSE,3,2,1,2_1,754d26af-f184-497c-856a-cd1ea7a5115c,NA
13,111585455,111585455,1,snv_mnv,NA,NA,"broad,muse",2,COSN16629374,NA,L1MD2,FALSE,0.0645,NA,4,58,NA,NA,NA,IGR,FALSE,FALSE,FALSE,FALSE,3,2,1,2_1,754d26af-f184-497c-856a-cd1ea7a5115c,PARP1P1
13,114275505,114275505,1,snv_mnv,NA,NA,"broad,dkfz,muse,sanger",4,COSN16630829,NA,NA,FALSE,0.1143,NA,4,31,NA,NA,NA,Intron,FALSE,FALSE,FALSE,FALSE,3,2,1,2_1,754d26af-f184-497c-856a-cd1ea7a5115c,NA
14,20679426,20679426,1,snv_mnv,NA,NA,"broad,dkfz,muse,sanger",4,COSN16630599,NA,AluSg,FALSE,0.125,NA,6,42,NA,NA,NA,IGR,FALSE,FALSE,FALSE,FALSE,6,3,3,3_3,754d26af-f184-497c-856a-cd1ea7a5115c,OR11H5P
14,21621321,21621321,1,snv_mnv,NA,NA,"broad,dkfz,muse,sanger",4,COSN16630678,NA,L1M4,FALSE,0.1852,NA,10,44,NA,NA,NA,IGR,FALSE,FALSE,FALSE,FALSE,6,3,3,3_3,754d26af-f184-497c-856a-cd1ea7a5115c,OR5AU1
14,24005965,24005965,1,snv_mnv,NA,NA,"broad,dkfz,muse,sanger",4,COSN16632445,NA,MIRb,FALSE,0.1452,NA,9,53,NA,NA,NA,Intron,FALSE,FALSE,FALSE,FALSE,3,2,1,2_1,754d26af-f184-497c-856a-cd1ea7a5115c,AL135999.2
14,24447031,24447031,1,snv_mnv,NA,NA,"broad,muse,sanger",3,COSN16630858,NA,LTR24B,FALSE,0.0694,NA,5,67,NA,NA,NA,Intron,FALSE,FALSE,FALSE,FALSE,3,2,1,2_1,754d26af-f184-497c-856a-cd1ea7a5115c,NA
14,24586957,24586957,1,snv_mnv,NA,NA,"broad,muse,sanger",3,COSN16632384,NA,NA,FALSE,0.0645,NA,4,58,NA,NA,NA,Intron,FALSE,FALSE,FALSE,FALSE,3,2,1,2_1,754d26af-f184-497c-856a-cd1ea7a5115c,"DCAF11,NRL,AL136295.3"
14,24645369,24645369,1,snv_mnv,NA,NA,"broad,muse",2,COSN16629510,rs570593434,AluSx,FALSE,0.093,NA,4,39,NA,NA,NA,Intron,FALSE,FALSE,FALSE,FALSE,3,2,1,2_1,754d26af-f184-497c-856a-cd1ea7a5115c,"REC8,AL136295.4,IPO4"
14,25706490,25706490,1,snv_mnv,NA,NA,"broad,muse,sanger",3,COSN16631509,NA,NA,FALSE,0.2,NA,10,40,NA,NA,NA,IGR,FALSE,FALSE,FALSE,FALSE,3,2,1,2_1,754d26af-f184-497c-856a-cd1ea7a5115c,NA
14,26478384,26478384,1,snv_mnv,NA,NA,"broad,dkfz,muse,sanger",4,COSN16628890,NA,NA,FALSE,0.129,NA,8,54,NA,NA,NA,lincRNA,FALSE,FALSE,FALSE,FALSE,3,2,1,2_1,754d26af-f184-497c-856a-cd1ea7a5115c,NA
14,27326769,27326769,1,snv_mnv,NA,NA,"broad,dkfz,muse,sanger",4,COSN16630600,NA,NA,FALSE,0.2623,NA,16,45,NA,NA,NA,lincRNA,FALSE,FALSE,FALSE,FALSE,3,2,1,2_1,754d26af-f184-497c-856a-cd1ea7a5115c,NA
14,27508664,27508664,1,snv_mnv,NA,NA,"broad,dkfz,muse,sanger",4,COSN16628996,NA,NA,FALSE,0.1212,NA,8,58,NA,NA,NA,lincRNA,FALSE,FALSE,FALSE,FALSE,3,2,1,2_1,754d26af-f184-497c-856a-cd1ea7a5115c,NA
14,28008738,28008738,1,snv_mnv,NA,NA,"broad,dkfz,muse,sanger",4,COSN16629062,NA,MLT1A0,FALSE,0.1505,NA,14,79,NA,NA,NA,RNA,FALSE,FALSE,FALSE,FALSE,3,2,1,2_1,754d26af-f184-497c-856a-cd1ea7a5115c,NA
14,28093893,28093893,1,snv_mnv,NA,NA,"broad,muse,sanger",3,COSN16629949,NA,THE1B,FALSE,0.0615,NA,4,61,NA,NA,NA,lincRNA,FALSE,FALSE,FALSE,FALSE,3,2,1,2_1,754d26af-f184-497c-856a-cd1ea7a5115c,NA
14,28508518,28508518,1,snv_mnv,NA,NA,"broad,dkfz,muse,sanger",4,COSN16631194,NA,NA,FALSE,0.1806,NA,13,59,NA,NA,NA,IGR,FALSE,FALSE,FALSE,FALSE,3,2,1,2_1,754d26af-f184-497c-856a-cd1ea7a5115c,NA
14,28751069,28751069,1,snv_mnv,NA,NA,"broad,muse,sanger",3,COSN16629979,NA,NA,FALSE,0.0923,NA,6,59,NA,NA,NA,IGR,FALSE,FALSE,FALSE,FALSE,3,2,1,2_1,754d26af-f184-497c-856a-cd1ea7a5115c,NA
14,28977875,28977875,1,snv_mnv,3.9936e-4,rs563432428,"broad,dkfz,muse,sanger",4,COSN15412343,rs563432428,AluY,FALSE,0.2963,NA,16,38,NA,NA,NA,IGR,FALSE,FALSE,FALSE,FALSE,3,2,1,2_1,754d26af-f184-497c-856a-cd1ea7a5115c,NA
14,29540769,29540769,1,snv_mnv,NA,NA,"broad,dkfz,muse,sanger",4,COSN16631994,NA,THE1C,FALSE,0.1316,NA,10,66,NA,NA,NA,IGR,FALSE,FALSE,FALSE,FALSE,3,2,1,2_1,754d26af-f184-497c-856a-cd1ea7a5115c,NA
14,29892724,29892724,1,snv_mnv,NA,NA,"broad,dkfz,muse,sanger",4,COSN16629563,NA,NA,FALSE,0.0864,NA,7,74,NA,NA,NA,lincRNA,FALSE,FALSE,FALSE,FALSE,3,2,1,2_1,754d26af-f184-497c-856a-cd1ea7a5115c,NA
14,29902507,29902507,1,snv_mnv,NA,NA,"broad,muse,sanger",3,COSN16632963,rs750456973,AluSc8,FALSE,0.1163,NA,5,38,NA,NA,NA,lincRNA,FALSE,FALSE,FALSE,FALSE,3,2,1,2_1,754d26af-f184-497c-856a-cd1ea7a5115c,NA
14,30060062,30060062,1,snv_mnv,NA,NA,"broad,muse,sanger",3,COSN16629836,NA,AluSx,FALSE,0.0806,NA,5,57,NA,NA,NA,Intron,FALSE,FALSE,FALSE,FALSE,3,2,1,2_1,754d26af-f184-497c-856a-cd1ea7a5115c,PRKD1
14,30290370,30290370,1,snv_mnv,NA,NA,"broad,muse,sanger",3,COSN16632826,NA,NA,FALSE,0.0625,NA,4,60,NA,NA,NA,Intron,FALSE,FALSE,FALSE,FALSE,3,2,1,2_1,754d26af-f184-497c-856a-cd1ea7a5115c,NA
14,30342634,30342634,1,snv_mnv,NA,NA,"broad,muse,sanger",3,COSN5383182,NA,NA,FALSE,0.0909,NA,5,50,NA,NA,NA,Intron,FALSE,FALSE,FALSE,FALSE,3,2,1,2_1,754d26af-f184-497c-856a-cd1ea7a5115c,NA
14,30384064,30384064,1,snv_mnv,NA,NA,"broad,muse,sanger",3,COSN16631795,NA,AluY,FALSE,0.1282,NA,5,34,NA,NA,NA,Intron,FALSE,FALSE,FALSE,FALSE,3,2,1,2_1,754d26af-f184-497c-856a-cd1ea7a5115c,NA
14,30527416,30527416,1,snv_mnv,NA,NA,"broad,dkfz,muse,sanger",4,COSN16630126,NA,NA,FALSE,0.1029,NA,7,61,NA,NA,NA,IGR,FALSE,FALSE,FALSE,FALSE,3,2,1,2_1,754d26af-f184-497c-856a-cd1ea7a5115c,AL133372.1
14,33300945,33300945,1,snv_mnv,NA,NA,"broad,dkfz,muse,sanger",4,COSN16631143,NA,NA,FALSE,0.1613,NA,10,52,NA,NA,NA,IGR,FALSE,FALSE,FALSE,FALSE,3,2,1,2_1,754d26af-f184-497c-856a-cd1ea7a5115c,AKAP6
14,33805951,33805951,1,snv_mnv,NA,NA,"broad,muse,sanger",3,COSN16632474,NA,MLT1E1A,FALSE,0.0641,NA,5,73,NA,NA,NA,Intron,FALSE,FALSE,FALSE,FALSE,3,2,1,2_1,754d26af-f184-497c-856a-cd1ea7a5115c,NA
14,35660004,35660004,1,snv_mnv,NA,NA,"broad,muse,sanger",3,COSN7227994,NA,AluSg,FALSE,0.1316,NA,5,33,NA,NA,NA,Intron,FALSE,FALSE,FALSE,FALSE,3,2,1,2_1,754d26af-f184-497c-856a-cd1ea7a5115c,NA
14,37112050,37112050,1,snv_mnv,NA,NA,"broad,dkfz,muse,sanger",4,COSN16631422,NA,NA,FALSE,0.0563,NA,4,67,NA,NA,NA,IGR,FALSE,FALSE,FALSE,FALSE,3,2,1,2_1,754d26af-f184-497c-856a-cd1ea7a5115c,AL079303.1
14,38414694,38414694,1,snv_mnv,NA,NA,"broad,muse,sanger",3,COSN16632407,NA,L1PA13,FALSE,0.1707,NA,7,34,NA,NA,NA,IGR,FALSE,FALSE,FALSE,FALSE,3,2,1,2_1,754d26af-f184-497c-856a-cd1ea7a5115c,NA
14,38967327,38967327,1,snv_mnv,NA,NA,"broad,dkfz,muse,sanger",4,COSN16629485,NA,L2a,FALSE,0.3125,NA,15,33,NA,NA,NA,IGR,FALSE,FALSE,FALSE,FALSE,3,2,1,2_1,754d26af-f184-497c-856a-cd1ea7a5115c,NA
14,39079851,39079851,1,snv_mnv,NA,NA,"broad,dkfz,muse,sanger",4,COSN16629038,NA,L1M2,FALSE,0.0811,NA,6,68,NA,NA,NA,IGR,FALSE,FALSE,FALSE,FALSE,3,2,1,2_1,754d26af-f184-497c-856a-cd1ea7a5115c,AL357094.1
14,40854468,40854468,1,snv_mnv,NA,NA,"broad,dkfz,muse,sanger",4,COSN16629564,NA,LTR16E2,FALSE,0.0795,NA,7,81,NA,NA,NA,lincRNA,FALSE,FALSE,FALSE,FALSE,3,2,1,2_1,754d26af-f184-497c-856a-cd1ea7a5115c,"AL352977.1,AL352977.2"
14,41336351,41336351,1,snv_mnv,NA,NA,"broad,muse,sanger",3,COSN16630893,NA,THE1C,FALSE,0.0943,NA,5,48,NA,NA,NA,IGR,FALSE,FALSE,FALSE,FALSE,3,2,1,2_1,754d26af-f184-497c-856a-cd1ea7a5115c,NA
14,42204228,42204228,1,snv_mnv,NA,NA,"broad,muse,sanger",3,COSN16630973,NA,L1M1,FALSE,0.1136,NA,5,39,NA,NA,NA,Intron,FALSE,FALSE,FALSE,FALSE,3,2,1,2_1,754d26af-f184-497c-856a-cd1ea7a5115c,NA
14,42216171,42216171,1,snv_mnv,NA,NA,"broad,dkfz,muse,sanger",4,COSN16631995,NA,L1MB3,FALSE,0.1081,NA,8,66,NA,NA,NA,Intron,FALSE,FALSE,FALSE,FALSE,3,2,1,2_1,754d26af-f184-497c-856a-cd1ea7a5115c,FKBP1BP1
14,42753475,42753475,1,snv_mnv,NA,NA,"broad,dkfz,muse,sanger",4,COSN16633378,NA,L1PA6,FALSE,0.1724,NA,10,48,NA,NA,NA,IGR,FALSE,FALSE,FALSE,FALSE,3,2,1,2_1,754d26af-f184-497c-856a-cd1ea7a5115c,NA
14,42783572,42783572,1,snv_mnv,NA,NA,"broad,muse,sanger",3,COSN16630768,NA,AT_rich,FALSE,0.1471,NA,10,58,NA,NA,NA,IGR,FALSE,FALSE,TRUE,FALSE,3,2,1,2_1,754d26af-f184-497c-856a-cd1ea7a5115c,NA
14,42818123,42818123,1,snv_mnv,NA,NA,"broad,dkfz,muse,sanger",4,COSN16628997,NA,NA,FALSE,0.1579,NA,12,64,NA,NA,NA,IGR,FALSE,FALSE,FALSE,FALSE,3,2,1,2_1,754d26af-f184-497c-856a-cd1ea7a5115c,NA
14,42917532,42917532,1,snv_mnv,NA,NA,"broad,dkfz,muse,sanger",4,COSN16629688,NA,NA,FALSE,0.1163,NA,5,38,NA,NA,NA,lincRNA,FALSE,FALSE,FALSE,FALSE,3,2,1,2_1,754d26af-f184-497c-856a-cd1ea7a5115c,NA
14,42978500,42978500,1,snv_mnv,1.9968e-4,rs565557418,"broad,dkfz,muse,sanger",4,COSN16630127,rs565557418,L1PA14,FALSE,0.0946,NA,7,67,NA,NA,NA,lincRNA,FALSE,FALSE,FALSE,FALSE,3,2,1,2_1,754d26af-f184-497c-856a-cd1ea7a5115c,NA
14,43006983,43006983,1,snv_mnv,NA,NA,"broad,muse,sanger",3,COSN16628998,NA,NA,FALSE,0.0506,NA,4,75,NA,NA,NA,RNA,FALSE,FALSE,FALSE,FALSE,3,2,1,2_1,754d26af-f184-497c-856a-cd1ea7a5115c,NA
14,43115163,43115163,1,snv_mnv,NA,NA,"broad,muse,sanger",3,COSN16633089,NA,L1P2,FALSE,0.0714,NA,4,52,NA,NA,NA,RNA,FALSE,FALSE,TRUE,FALSE,3,2,1,2_1,754d26af-f184-497c-856a-cd1ea7a5115c,NA
14,43613543,43613543,1,snv_mnv,NA,NA,"broad,muse,sanger",3,COSN16632408,NA,AluSp,FALSE,0.1778,NA,8,37,NA,NA,NA,IGR,FALSE,FALSE,FALSE,FALSE,3,2,1,2_1,754d26af-f184-497c-856a-cd1ea7a5115c,NA
14,44086632,44086632,1,snv_mnv,NA,NA,"broad,dkfz,muse,sanger",4,COSN16631361,NA,MER51E,FALSE,0.1061,NA,7,59,NA,NA,NA,IGR,FALSE,FALSE,FALSE,FALSE,3,2,1,2_1,754d26af-f184-497c-856a-cd1ea7a5115c,NA
14,45935755,45935755,1,snv_mnv,NA,NA,"broad,dkfz,muse,sanger",4,COSN16630034,NA,NA,FALSE,0.0923,NA,6,59,NA,NA,NA,IGR,FALSE,FALSE,FALSE,FALSE,3,2,1,2_1,754d26af-f184-497c-856a-cd1ea7a5115c,NA
14,47137074,47137074,1,snv_mnv,NA,NA,"broad,dkfz,muse,sanger",4,COSN16631450,NA,NA,FALSE,0.1216,NA,9,65,NA,NA,NA,IGR,FALSE,FALSE,FALSE,FALSE,3,2,1,2_1,754d26af-f184-497c-856a-cd1ea7a5115c,NA
14,47520478,47520478,1,snv_mnv,NA,NA,"broad,dkfz,muse,sanger",4,COSN16632775,rs745662292,NA,FALSE,0.209,NA,14,53,NA,NA,NA,Intron,FALSE,FALSE,FALSE,FALSE,3,2,1,2_1,754d26af-f184-497c-856a-cd1ea7a5115c,NA
14,48190176,48190176,1,snv_mnv,NA,NA,"broad,dkfz,muse,sanger",4,COSN16631597,NA,NA,FALSE,0.2083,NA,10,38,NA,NA,NA,IGR,FALSE,FALSE,FALSE,FALSE,3,2,1,2_1,754d26af-f184-497c-856a-cd1ea7a5115c,NA
14,48338246,48338246,1,snv_mnv,NA,NA,"broad,muse,sanger",3,COSN16632213,NA,AluSx,FALSE,0.1,NA,6,54,NA,NA,NA,IGR,FALSE,FALSE,FALSE,FALSE,3,2,1,2_1,754d26af-f184-497c-856a-cd1ea7a5115c,NA
14,48472458,48472458,1,snv_mnv,NA,NA,"broad,muse,sanger",3,COSN16631598,NA,NA,FALSE,0.0676,NA,5,69,NA,NA,NA,IGR,FALSE,FALSE,FALSE,FALSE,3,2,1,2_1,754d26af-f184-497c-856a-cd1ea7a5115c,NA
14,48496442,48496442,1,snv_mnv,NA,NA,"broad,dkfz,muse",3,COSN16629401,NA,LTR67B,FALSE,0.1343,NA,9,58,NA,NA,NA,IGR,FALSE,FALSE,FALSE,FALSE,3,2,1,2_1,754d26af-f184-497c-856a-cd1ea7a5115c,NA
14,48500095,48500095,1,snv_mnv,NA,NA,"broad,dkfz,muse,sanger",4,COSN16632776,NA,L1PA8A,FALSE,0.2143,NA,12,44,NA,NA,NA,IGR,FALSE,FALSE,FALSE,FALSE,3,2,1,2_1,754d26af-f184-497c-856a-cd1ea7a5115c,NA
14,48896393,48896393,1,snv_mnv,NA,NA,"broad,dkfz,muse,sanger",4,COSN16632048,NA,NA,FALSE,0.2167,NA,13,47,NA,NA,NA,lincRNA,FALSE,FALSE,FALSE,FALSE,3,2,1,2_1,754d26af-f184-497c-856a-cd1ea7a5115c,NA
14,49281004,49281004,1,snv_mnv,NA,NA,"broad,dkfz,muse,sanger",4,COSN16630215,NA,NA,FALSE,0.3158,NA,24,52,NA,NA,NA,IGR,FALSE,FALSE,FALSE,FALSE,3,2,1,2_1,754d26af-f184-497c-856a-cd1ea7a5115c,NA
14,51904835,51904835,1,snv_mnv,NA,NA,"broad,dkfz,muse,sanger",4,COSN16631195,NA,NA,FALSE,0.25,NA,15,45,NA,NA,NA,IGR,FALSE,FALSE,FALSE,FALSE,3,2,1,2_1,754d26af-f184-497c-856a-cd1ea7a5115c,SETP2
14,52983906,52983906,1,snv_mnv,NA,NA,"broad,dkfz,muse,sanger",4,COSN16632049,NA,L2a,FALSE,0.1429,NA,7,42,NA,NA,NA,Intron,FALSE,FALSE,FALSE,FALSE,3,2,1,2_1,754d26af-f184-497c-856a-cd1ea7a5115c,NA
14,54251448,54251448,1,snv_mnv,NA,NA,"broad,dkfz,muse,sanger",4,COSN16629294,NA,L1MEf,FALSE,0.1636,NA,9,46,NA,NA,NA,lincRNA,FALSE,FALSE,FALSE,FALSE,3,2,1,2_1,754d26af-f184-497c-856a-cd1ea7a5115c,NA
14,54708289,54708289,1,snv_mnv,NA,NA,"broad,dkfz,muse,sanger",4,COSN16631821,NA,MSTB-int,FALSE,0.2623,NA,16,45,NA,NA,NA,IGR,FALSE,FALSE,FALSE,FALSE,3,2,1,2_1,754d26af-f184-497c-856a-cd1ea7a5115c,NA
14,54912563,54912563,1,snv_mnv,NA,NA,"broad,dkfz,muse,sanger",4,COSN16630060,NA,NA,FALSE,0.1034,NA,9,78,NA,NA,NA,IGR,FALSE,FALSE,FALSE,FALSE,3,2,1,2_1,754d26af-f184-497c-856a-cd1ea7a5115c,CNIH1
14,57208078,57208078,1,snv_mnv,NA,NA,"broad,muse,sanger",3,COSN16632018,NA,AluSq2,FALSE,0.102,NA,5,44,NA,NA,NA,IGR,FALSE,FALSE,FALSE,FALSE,3,2,1,2_1,754d26af-f184-497c-856a-cd1ea7a5115c,NA
14,61868793,61868793,1,snv_mnv,NA,NA,"broad,dkfz,muse,sanger",4,COSN16630194,NA,Charlie1a,FALSE,0.0862,NA,5,53,NA,NA,NA,Intron,FALSE,FALSE,FALSE,FALSE,3,2,1,2_1,754d26af-f184-497c-856a-cd1ea7a5115c,NA
14,62517801,62517801,1,snv_mnv,NA,NA,"broad,muse,sanger",3,COSN16632800,NA,L1PA4,FALSE,0.1957,NA,9,37,NA,NA,NA,Intron,FALSE,FALSE,FALSE,FALSE,3,2,1,2_1,754d26af-f184-497c-856a-cd1ea7a5115c,NA
14,63057499,63057499,1,snv_mnv,NA,NA,"broad,dkfz,muse,sanger",4,COSN16633268,NA,NA,FALSE,0.3509,NA,20,37,NA,NA,NA,IGR,FALSE,FALSE,FALSE,FALSE,3,2,1,2_1,754d26af-f184-497c-856a-cd1ea7a5115c,NA
14,67223368,67223368,1,snv_mnv,NA,NA,"broad,dkfz,muse,sanger",4,COSN16628950,NA,NA,FALSE,0.1061,NA,7,59,NA,NA,NA,Intron,FALSE,FALSE,FALSE,FALSE,3,2,1,2_1,754d26af-f184-497c-856a-cd1ea7a5115c,AL133241.1
14,67517271,67517271,1,snv_mnv,NA,NA,"broad,dkfz,muse,sanger",4,COSN16630945,NA,L2c,FALSE,0.1163,NA,10,76,NA,NA,NA,Intron,FALSE,FALSE,FALSE,FALSE,3,2,1,2_1,754d26af-f184-497c-856a-cd1ea7a5115c,NA
14,67637242,67637242,1,snv_mnv,NA,NA,"broad,muse,sanger",3,COSN16630769,NA,NA,FALSE,0.0656,NA,4,57,NA,NA,NA,Intron,FALSE,FALSE,FALSE,FALSE,3,2,1,2_1,754d26af-f184-497c-856a-cd1ea7a5115c,GPHN
14,68098029,68098029,1,snv_mnv,NA,NA,"broad,dkfz,muse,sanger",4,COSN16633235,NA,NA,FALSE,0.2,NA,13,52,NA,NA,NA,Intron,FALSE,FALSE,TRUE,FALSE,3,2,1,2_1,754d26af-f184-497c-856a-cd1ea7a5115c,NA
14,70457837,70457837,1,snv_mnv,NA,NA,"broad,dkfz,sanger",3,COSN16631658,NA,NA,FALSE,0.069,NA,4,54,NA,NA,NA,Intron,FALSE,FALSE,FALSE,FALSE,3,2,1,2_1,754d26af-f184-497c-856a-cd1ea7a5115c,SMOC1
14,71095907,71095907,1,snv_mnv,NA,NA,"broad,muse,sanger",3,COSN16630280,NA,Tigger2,FALSE,0.1132,NA,6,47,NA,NA,NA,lincRNA,FALSE,FALSE,FALSE,FALSE,3,2,1,2_1,754d26af-f184-497c-856a-cd1ea7a5115c,NA
14,71380542,71380542,1,snv_mnv,NA,NA,"broad,dkfz,muse,sanger",4,COSN16632446,NA,NA,FALSE,0.0923,NA,6,59,NA,NA,NA,Intron,FALSE,FALSE,FALSE,FALSE,3,2,1,2_1,754d26af-f184-497c-856a-cd1ea7a5115c,NA
14,71680975,71680975,1,snv_mnv,NA,NA,"broad,dkfz,muse,sanger",4,COSN16631941,NA,NA,FALSE,0.0735,NA,5,63,NA,NA,NA,IGR,FALSE,FALSE,FALSE,FALSE,3,2,1,2_1,754d26af-f184-497c-856a-cd1ea7a5115c,AC004817.4
14,71695818,71695818,1,snv_mnv,NA,NA,"broad,dkfz,muse,sanger",4,COSN16631362,NA,NA,FALSE,0.2182,NA,12,43,NA,NA,NA,IGR,FALSE,FALSE,TRUE,FALSE,3,2,1,2_1,754d26af-f184-497c-856a-cd1ea7a5115c,NA
14,72720487,72720487,1,snv_mnv,1.9968e-4,rs572071383,"broad,dkfz,muse,sanger",4,COSN16632266,rs572071383,MLT1I,FALSE,0.1607,NA,9,47,NA,NA,NA,Intron,FALSE,FALSE,FALSE,FALSE,3,2,1,2_1,754d26af-f184-497c-856a-cd1ea7a5115c,NA
14,72759902,72759902,1,snv_mnv,3.9936e-4,rs572754497,"broad,dkfz,muse",3,COSN16629511,rs572754497,NA,FALSE,0.0758,NA,5,61,NA,NA,NA,Intron,FALSE,FALSE,FALSE,FALSE,3,2,1,2_1,754d26af-f184-497c-856a-cd1ea7a5115c,NA
14,73325948,73325948,1,snv_mnv,NA,NA,"broad,dkfz,muse,sanger",4,COSN16633147,NA,L1MC5,FALSE,0.125,NA,6,42,NA,NA,NA,Intron,FALSE,FALSE,FALSE,FALSE,3,2,1,2_1,754d26af-f184-497c-856a-cd1ea7a5115c,NA
14,74747297,74747297,1,snv_mnv,NA,NA,"broad,dkfz,muse,sanger",4,COSN16632996,NA,AluSx,FALSE,0.2444,NA,11,34,NA,NA,NA,IGR,FALSE,FALSE,FALSE,FALSE,3,2,1,2_1,754d26af-f184-497c-856a-cd1ea7a5115c,ABCD4
14,76064924,76064924,1,snv_mnv,NA,NA,"broad,muse,sanger",3,COSN16630974,NA,AluJr,FALSE,0.0943,NA,5,48,NA,NA,NA,Intron,FALSE,FALSE,FALSE,FALSE,3,2,1,2_1,754d26af-f184-497c-856a-cd1ea7a5115c,AC007182.2
14,79294812,79294812,1,snv_mnv,NA,NA,"broad,dkfz,muse,sanger",4,COSN16629864,NA,MER58A,FALSE,0.1806,NA,13,59,NA,NA,NA,Intron,FALSE,FALSE,FALSE,FALSE,3,2,1,2_1,754d26af-f184-497c-856a-cd1ea7a5115c,NA
14,79550240,79550240,1,snv_mnv,NA,NA,"broad,dkfz,muse,sanger",4,COSN16633090,NA,NA,FALSE,0.098,NA,5,46,NA,NA,NA,Intron,FALSE,FALSE,FALSE,FALSE,3,2,1,2_1,754d26af-f184-497c-856a-cd1ea7a5115c,NA
14,79629373,79629373,1,snv_mnv,NA,NA,"broad,dkfz,muse,sanger",4,COSN16629837,NA,NA,FALSE,0.1026,NA,8,70,NA,NA,NA,Intron,FALSE,FALSE,FALSE,FALSE,3,2,1,2_1,754d26af-f184-497c-856a-cd1ea7a5115c,NA
14,80052897,80052897,1,snv_mnv,NA,NA,"broad,muse",2,COSN16629402,rs150672989,NA,FALSE,0.0833,NA,4,44,NA,NA,NA,Intron,FALSE,FALSE,FALSE,FALSE,3,2,1,2_1,754d26af-f184-497c-856a-cd1ea7a5115c,NA
14,82603039,82603039,1,snv_mnv,NA,NA,"broad,muse,sanger",3,COSN16629486,NA,AluJr,FALSE,0.0633,NA,5,74,NA,NA,NA,IGR,FALSE,FALSE,FALSE,FALSE,3,2,1,2_1,754d26af-f184-497c-856a-cd1ea7a5115c,NA
14,82605259,82605259,1,snv_mnv,NA,NA,"broad,muse",2,COSN16631144,NA,NA,FALSE,0.0769,NA,4,48,NA,NA,NA,IGR,FALSE,FALSE,FALSE,FALSE,3,2,1,2_1,754d26af-f184-497c-856a-cd1ea7a5115c,NA
14,82793142,82793142,1,snv_mnv,NA,NA,"broad,dkfz,sanger",3,COSN16633379,rs546336348,L1M2,FALSE,0.0926,NA,5,49,NA,NA,NA,IGR,FALSE,FALSE,FALSE,FALSE,3,2,1,2_1,754d26af-f184-497c-856a-cd1ea7a5115c,NA
14,82896834,82896834,1,snv_mnv,NA,NA,"broad,dkfz,muse,sanger",4,COSN16629714,NA,NA,FALSE,0.0602,NA,5,78,NA,NA,NA,IGR,FALSE,FALSE,FALSE,FALSE,3,2,1,2_1,754d26af-f184-497c-856a-cd1ea7a5115c,RF00017
14,82926637,82926637,1,snv_mnv,5.9904e-4,rs375382127,"broad,dkfz,muse,sanger",4,COSN16631423,rs375382127,NA,FALSE,0.1194,NA,8,59,NA,NA,NA,RNA,FALSE,FALSE,FALSE,FALSE,3,2,1,2_1,754d26af-f184-497c-856a-cd1ea7a5115c,NA
14,83030906,83030906,1,snv_mnv,NA,NA,"broad,muse",2,COSN16631145,NA,NA,FALSE,0.069,NA,4,54,NA,NA,NA,IGR,FALSE,FALSE,FALSE,FALSE,3,2,1,2_1,754d26af-f184-497c-856a-cd1ea7a5115c,NA
14,83053325,83053325,1,snv_mnv,NA,NA,"broad,dkfz,muse,sanger",4,COSN16630135,NA,NA,FALSE,0.1515,NA,10,56,NA,NA,NA,IGR,FALSE,FALSE,FALSE,FALSE,3,2,1,2_1,754d26af-f184-497c-856a-cd1ea7a5115c,NA
14,83101278,83101278,1,snv_mnv,NA,NA,"broad,muse,sanger",3,COSN16630601,NA,NA,FALSE,0.0625,NA,4,60,NA,NA,NA,IGR,FALSE,FALSE,TRUE,FALSE,3,2,1,2_1,754d26af-f184-497c-856a-cd1ea7a5115c,NA
14,84722508,84722508,1,snv_mnv,NA,NA,"broad,dkfz,muse,sanger",4,COSN16630455,NA,Charlie9,FALSE,0.3151,NA,23,50,NA,NA,NA,IGR,FALSE,FALSE,FALSE,FALSE,3,2,1,2_1,754d26af-f184-497c-856a-cd1ea7a5115c,NA
14,85039165,85039165,1,snv_mnv,NA,NA,"broad,dkfz,muse,sanger",4,COSN16631822,NA,L2a,FALSE,0.1167,NA,7,53,NA,NA,NA,IGR,FALSE,FALSE,FALSE,FALSE,3,2,1,2_1,754d26af-f184-497c-856a-cd1ea7a5115c,NA
14,85121398,85121398,1,snv_mnv,NA,NA,"broad,dkfz,muse,sanger",4,COSN16629749,NA,L1PA7,FALSE,0.1346,NA,7,45,NA,NA,NA,IGR,FALSE,FALSE,FALSE,FALSE,3,2,1,2_1,754d26af-f184-497c-856a-cd1ea7a5115c,NA
14,85250832,85250832,1,snv_mnv,NA,NA,"broad,dkfz,muse,sanger",4,COSN16629098,NA,L2a,FALSE,0.0909,NA,6,60,NA,NA,NA,IGR,FALSE,FALSE,FALSE,FALSE,3,2,1,2_1,754d26af-f184-497c-856a-cd1ea7a5115c,NA
14,85256218,85256218,1,snv_mnv,NA,NA,"broad,dkfz,muse,sanger",4,COSN16629429,NA,NA,FALSE,0.1169,NA,9,68,NA,NA,NA,IGR,FALSE,FALSE,FALSE,FALSE,3,2,1,2_1,754d26af-f184-497c-856a-cd1ea7a5115c,NA
14,85526843,85526843,1,snv_mnv,NA,NA,"broad,dkfz,muse,sanger",4,COSN16629403,NA,MLT1J1,FALSE,0.1316,NA,10,66,NA,NA,NA,IGR,FALSE,FALSE,FALSE,FALSE,3,2,1,2_1,754d26af-f184-497c-856a-cd1ea7a5115c,NA
14,85677372,85677372,1,snv_mnv,NA,NA,"broad,muse,sanger",3,COSN16630345,NA,NA,FALSE,0.0735,NA,5,63,NA,NA,NA,lincRNA,FALSE,FALSE,FALSE,FALSE,3,2,1,2_1,754d26af-f184-497c-856a-cd1ea7a5115c,NA
14,85780105,85780105,1,snv_mnv,NA,NA,"broad,muse",2,COSN16629838,NA,NA,FALSE,0.0909,NA,5,50,NA,NA,NA,IGR,FALSE,FALSE,FALSE,FALSE,3,2,1,2_1,754d26af-f184-497c-856a-cd1ea7a5115c,NA
14,86148049,86148049,1,snv_mnv,NA,NA,"broad,dkfz,muse,sanger",4,COSN16630602,NA,AluSx1,FALSE,0.3793,NA,11,18,NA,NA,NA,IGR,FALSE,FALSE,FALSE,FALSE,3,2,1,2_1,754d26af-f184-497c-856a-cd1ea7a5115c,NA
14,86487785,86487785,1,snv_mnv,NA,NA,"broad,muse,sanger",3,COSN16629458,NA,MIR,FALSE,0.1481,NA,4,23,NA,NA,NA,lincRNA,FALSE,FALSE,FALSE,FALSE,3,2,1,2_1,754d26af-f184-497c-856a-cd1ea7a5115c,NA
14,87067376,87067376,1,snv_mnv,NA,NA,"broad,muse",2,COSN16629512,NA,L1M4,FALSE,0.0909,NA,5,50,NA,NA,NA,IGR,FALSE,FALSE,FALSE,FALSE,3,2,1,2_1,754d26af-f184-497c-856a-cd1ea7a5115c,NA
14,87274695,87274695,1,snv_mnv,NA,NA,"broad,dkfz,muse,sanger",4,COSN16633027,NA,L1M5,FALSE,0.14,NA,7,43,NA,NA,NA,IGR,FALSE,FALSE,FALSE,FALSE,3,2,1,2_1,754d26af-f184-497c-856a-cd1ea7a5115c,NA
14,87644094,87644094,1,snv_mnv,NA,NA,"broad,dkfz,muse,sanger",4,COSN16633028,NA,NA,FALSE,0.1467,NA,11,64,NA,NA,NA,IGR,FALSE,FALSE,FALSE,FALSE,3,2,1,2_1,754d26af-f184-497c-856a-cd1ea7a5115c,NA
14,88130536,88130536,1,snv_mnv,NA,NA,"broad,dkfz,muse,sanger",4,COSN4760205,NA,NA,FALSE,0.0781,NA,5,59,NA,NA,NA,IGR,FALSE,FALSE,TRUE,FALSE,3,2,1,2_1,754d26af-f184-497c-856a-cd1ea7a5115c,NA
14,88216032,88216032,1,snv_mnv,NA,NA,"broad,dkfz,muse,sanger",4,COSN16628891,NA,NA,FALSE,0.1045,NA,7,60,NA,NA,NA,lincRNA,FALSE,FALSE,FALSE,FALSE,3,2,1,2_1,754d26af-f184-497c-856a-cd1ea7a5115c,NA
14,88369102,88369102,1,snv_mnv,NA,NA,"broad,dkfz,muse,sanger",4,COSN16633399,NA,MER31B,FALSE,0.1389,NA,10,62,NA,NA,NA,IGR,FALSE,FALSE,FALSE,FALSE,3,2,1,2_1,754d26af-f184-497c-856a-cd1ea7a5115c,NA
14,92549470,92549470,1,snv_mnv,NA,NA,"broad,dkfz,muse,sanger",4,COSM4962685,NA,NA,FALSE,0.0933,NA,7,68,NA,NA,NA,Splice_Site,FALSE,FALSE,FALSE,FALSE,3,2,1,2_1,754d26af-f184-497c-856a-cd1ea7a5115c,NA
14,94037171,94037171,1,snv_mnv,NA,NA,"broad,muse,sanger",3,COSN16632289,NA,MER34-int,FALSE,0.0588,NA,4,64,NA,NA,NA,Intron,FALSE,FALSE,FALSE,FALSE,3,2,1,2_1,754d26af-f184-497c-856a-cd1ea7a5115c,NA
14,94198096,94198096,1,snv_mnv,NA,NA,"broad,dkfz,muse,sanger",4,COSN16629865,NA,L2a,FALSE,0.1154,NA,6,46,NA,NA,NA,Intron,FALSE,FALSE,FALSE,FALSE,3,2,1,2_1,754d26af-f184-497c-856a-cd1ea7a5115c,NA
14,96271110,96271110,1,snv_mnv,NA,NA,"broad,dkfz,muse,sanger",4,COSN16630649,NA,NA,FALSE,0.1111,NA,5,40,NA,NA,NA,IGR,FALSE,FALSE,FALSE,FALSE,3,2,1,2_1,754d26af-f184-497c-856a-cd1ea7a5115c,NA
14,97252016,97252016,1,snv_mnv,NA,NA,"broad,muse,sanger",3,COSN16630538,NA,AluJo,FALSE,0.0702,NA,4,53,NA,NA,NA,lincRNA,FALSE,FALSE,FALSE,FALSE,3,2,1,2_1,754d26af-f184-497c-856a-cd1ea7a5115c,NA
14,97553488,97553488,1,snv_mnv,NA,NA,"broad,dkfz,muse,sanger",4,COSN16632050,NA,NA,FALSE,0.1692,NA,11,54,NA,NA,NA,IGR,FALSE,FALSE,FALSE,FALSE,3,2,1,2_1,754d26af-f184-497c-856a-cd1ea7a5115c,NA
14,97810355,97810355,1,snv_mnv,NA,NA,"broad,dkfz,muse,sanger",4,COSN16631363,NA,MLT1E2,FALSE,0.1429,NA,9,54,NA,NA,NA,IGR,FALSE,FALSE,FALSE,FALSE,3,2,1,2_1,754d26af-f184-497c-856a-cd1ea7a5115c,NA
14,97922915,97922915,1,snv_mnv,0.0015974,rs183226151,"broad,muse,sanger",3,COSN16629039,rs183226151,MIRb,FALSE,0.1786,NA,5,23,NA,NA,NA,lincRNA,FALSE,FALSE,FALSE,FALSE,3,2,1,2_1,754d26af-f184-497c-856a-cd1ea7a5115c,LINC02325
14,98384267,98384267,1,snv_mnv,NA,NA,"broad,dkfz,muse,sanger",4,COSN16631229,NA,MIRb,FALSE,0.1034,NA,6,52,NA,NA,NA,IGR,FALSE,FALSE,FALSE,FALSE,3,2,1,2_1,754d26af-f184-497c-856a-cd1ea7a5115c,NA
14,98834453,98834453,1,snv_mnv,9.984e-4,rs146882486,"broad,dkfz,muse,sanger",4,COSN16631770,rs146882486,MER51E,FALSE,0.1429,NA,7,42,NA,NA,NA,IGR,FALSE,FALSE,FALSE,FALSE,3,2,1,2_1,754d26af-f184-497c-856a-cd1ea7a5115c,NA
14,99021924,99021924,1,snv_mnv,NA,NA,"broad,dkfz,muse,sanger",4,COSN16631399,NA,L1MC4a,FALSE,0.1233,NA,9,64,NA,NA,NA,IGR,FALSE,FALSE,FALSE,FALSE,3,2,1,2_1,754d26af-f184-497c-856a-cd1ea7a5115c,NA
14,99336823,99336823,1,snv_mnv,NA,NA,"broad,dkfz,muse,sanger",4,COSN16632909,NA,NA,FALSE,0.098,NA,5,46,NA,NA,NA,IGR,FALSE,FALSE,FALSE,FALSE,3,2,1,2_1,754d26af-f184-497c-856a-cd1ea7a5115c,NA
14,99412180,99412180,1,snv_mnv,NA,NA,"broad,muse,sanger",3,COSN16633175,NA,NA,FALSE,0.0816,NA,4,45,NA,NA,NA,IGR,FALSE,FALSE,TRUE,FALSE,3,2,1,2_1,754d26af-f184-497c-856a-cd1ea7a5115c,NA
14,100430736,100430736,1,snv_mnv,NA,NA,"broad,muse,sanger",3,COSN16632853,NA,PABL_B,FALSE,0.0962,NA,5,47,NA,NA,NA,IGR,FALSE,FALSE,FALSE,FALSE,3,2,1,2_1,754d26af-f184-497c-856a-cd1ea7a5115c,VDAC3P1
14,101885281,101885281,1,snv_mnv,NA,NA,"broad,dkfz,muse,sanger",4,COSN16631599,NA,L1ME2z,FALSE,0.125,NA,8,56,NA,NA,NA,IGR,FALSE,FALSE,FALSE,FALSE,3,2,1,2_1,754d26af-f184-497c-856a-cd1ea7a5115c,NA
14,102034000,102034000,1,snv_mnv,NA,NA,"broad,muse,sanger",3,COSN16631888,NA,MLT1B,FALSE,0.1311,NA,8,53,NA,NA,NA,IGR,FALSE,FALSE,FALSE,FALSE,3,2,1,2_1,754d26af-f184-497c-856a-cd1ea7a5115c,DIO3
14,103497202,103497202,1,snv_mnv,NA,NA,"broad,dkfz,muse,sanger",4,COSN16630894,NA,AluJb,FALSE,0.1556,NA,7,38,NA,NA,NA,Intron,FALSE,FALSE,FALSE,FALSE,3,2,1,2_1,754d26af-f184-497c-856a-cd1ea7a5115c,NA
14,103939417,103939417,1,snv_mnv,NA,NA,"broad,muse",2,COSN16631889,NA,L1MD2,FALSE,0.0741,NA,4,50,NA,NA,NA,Intron,FALSE,FALSE,FALSE,FALSE,3,2,1,2_1,754d26af-f184-497c-856a-cd1ea7a5115c,MARK3
15,22391258,22391258,1,snv_mnv,NA,NA,"broad,muse,sanger",3,COSN16632214,NA,L1PREC2,FALSE,0.0708,NA,8,105,NA,NA,NA,IGR,FALSE,FALSE,FALSE,FALSE,3,2,1,2_1,754d26af-f184-497c-856a-cd1ea7a5115c,NA
15,23024477,23024477,1,snv_mnv,NA,NA,"broad,dkfz,muse,sanger",4,COSN16631475,NA,AluSz,FALSE,0.2558,NA,11,32,NA,NA,NA,Intron,FALSE,FALSE,FALSE,FALSE,3,2,1,2_1,754d26af-f184-497c-856a-cd1ea7a5115c,NA
15,23868325,23868325,1,snv_mnv,NA,NA,"broad,dkfz,muse,sanger",4,COSN16629316,NA,L1PA15,FALSE,0.1045,NA,7,60,NA,NA,NA,Intron,FALSE,FALSE,FALSE,FALSE,3,2,1,2_1,754d26af-f184-497c-856a-cd1ea7a5115c,NA
15,24385659,24385659,1,snv_mnv,NA,NA,"broad,dkfz,muse,sanger",4,COSN16633091,NA,NA,FALSE,0.0896,NA,6,61,NA,NA,NA,IGR,FALSE,FALSE,FALSE,FALSE,3,2,1,2_1,754d26af-f184-497c-856a-cd1ea7a5115c,NA
15,24450994,24450994,1,snv_mnv,NA,NA,"broad,muse,sanger",3,COSN16629610,NA,LTR49-int,FALSE,0.0727,NA,4,51,NA,NA,NA,lincRNA,FALSE,FALSE,FALSE,FALSE,3,2,1,2_1,754d26af-f184-497c-856a-cd1ea7a5115c,AC087463.1
15,25114845,25114845,1,snv_mnv,NA,NA,"broad,dkfz,muse,sanger",4,COSN16632505,NA,L1MC3,FALSE,0.1299,NA,10,67,NA,NA,NA,Intron,FALSE,FALSE,FALSE,FALSE,3,2,1,2_1,754d26af-f184-497c-856a-cd1ea7a5115c,NA
15,25424437,25424437,1,snv_mnv,NA,NA,"broad,muse",2,COSN16631965,rs554451317,NA,FALSE,0.0811,NA,3,34,NA,NA,NA,RNA,FALSE,FALSE,FALSE,FALSE,3,2,1,2_1,754d26af-f184-497c-856a-cd1ea7a5115c,"SNORD115-4,SNORD115-6,SNHG14,SNORD115-5,SNORD115-3,SNORD115-7"
15,25490612,25490612,1,snv_mnv,NA,NA,"broad,dkfz,muse,sanger",4,COSN16631331,NA,NA,FALSE,0.1842,NA,7,31,NA,NA,NA,RNA,FALSE,FALSE,FALSE,FALSE,3,2,1,2_1,754d26af-f184-497c-856a-cd1ea7a5115c,"SNORD115-42,SNORD115-41,SNORD115-40,SNORD115-43,SNORD115-39"
15,25588272,25588272,1,snv_mnv,NA,NA,"broad,muse",2,COSN16632648,NA,NA,FALSE,0.0784,NA,4,47,NA,NA,NA,Intron,FALSE,FALSE,FALSE,FALSE,3,2,1,2_1,754d26af-f184-497c-856a-cd1ea7a5115c,"SNHG14,AC100774.1"
15,25986523,25986523,1,snv_mnv,NA,NA,"broad,dkfz,muse",3,COSN16632159,rs369152745,NA,FALSE,0.1458,NA,7,41,NA,NA,NA,Intron,FALSE,FALSE,FALSE,FALSE,3,2,1,2_1,754d26af-f184-497c-856a-cd1ea7a5115c,RNA5SP390
15,26300485,26300485,1,snv_mnv,NA,NA,"broad,dkfz,muse,sanger",4,COSN16632801,NA,NA,FALSE,0.1887,NA,10,43,NA,NA,NA,lincRNA,FALSE,FALSE,FALSE,FALSE,3,2,1,2_1,754d26af-f184-497c-856a-cd1ea7a5115c,"LINC02346,AC100836.1"
15,26385287,26385287,1,snv_mnv,NA,NA,"broad,dkfz,muse,sanger",4,COSN16629156,rs771771628,NA,FALSE,0.0714,NA,5,65,NA,NA,NA,IGR,FALSE,FALSE,FALSE,FALSE,3,2,1,2_1,754d26af-f184-497c-856a-cd1ea7a5115c,NA
15,26582506,26582506,1,snv_mnv,NA,NA,"broad,muse",2,COSN16631249,NA,L1MC5,FALSE,0.0645,NA,4,58,NA,NA,NA,IGR,FALSE,FALSE,FALSE,FALSE,3,2,1,2_1,754d26af-f184-497c-856a-cd1ea7a5115c,NA
15,26663295,26663295,1,snv_mnv,NA,NA,"broad,dkfz,muse,sanger",4,COSN16632409,NA,L1MCa,FALSE,0.2442,NA,21,65,NA,NA,NA,lincRNA,FALSE,FALSE,FALSE,FALSE,3,2,1,2_1,754d26af-f184-497c-856a-cd1ea7a5115c,NA
15,26694702,26694702,1,snv_mnv,1.9968e-4,rs556514887,"broad,dkfz,muse,sanger",4,COSN16633380,rs556514887,NA,FALSE,0.0714,NA,5,65,NA,NA,NA,lincRNA,FALSE,FALSE,FALSE,FALSE,3,2,1,2_1,754d26af-f184-497c-856a-cd1ea7a5115c,LINC02248
15,28099732,28099732,1,snv_mnv,NA,NA,"broad,dkfz,muse,sanger",4,COSN16630650,NA,NA,FALSE,0.186,NA,8,35,NA,NA,NA,Intron,FALSE,FALSE,FALSE,FALSE,3,2,1,2_1,754d26af-f184-497c-856a-cd1ea7a5115c,NA
15,28210124,28210124,1,snv_mnv,NA,NA,"broad,muse,sanger",3,COSN16632649,NA,NA,FALSE,0.0893,NA,5,51,NA,NA,NA,Intron,FALSE,FALSE,FALSE,FALSE,3,2,1,2_1,754d26af-f184-497c-856a-cd1ea7a5115c,NA
15,28416824,28416824,1,snv_mnv,NA,NA,"broad,muse,sanger",3,COSN16630830,NA,L1ME1,FALSE,0.2245,NA,11,38,NA,NA,NA,Intron,FALSE,FALSE,FALSE,FALSE,3,2,1,2_1,754d26af-f184-497c-856a-cd1ea7a5115c,NA
15,32101415,32101415,1,snv_mnv,3.9936e-4,rs182382931,"broad,dkfz,muse,sanger",4,COSN16630281,rs182382931,NA,FALSE,0.0822,NA,6,67,NA,NA,NA,IGR,FALSE,FALSE,FALSE,FALSE,3,2,1,2_1,754d26af-f184-497c-856a-cd1ea7a5115c,NA
15,33221092,33221092,1,snv_mnv,NA,NA,"broad,dkfz,muse,sanger",4,COSN16629000,NA,NA,FALSE,0.125,NA,8,56,NA,NA,NA,Intron,FALSE,FALSE,FALSE,FALSE,3,2,1,2_1,754d26af-f184-497c-856a-cd1ea7a5115c,FMN1
15,33323866,33323866,1,snv_mnv,NA,NA,"broad,dkfz,muse,sanger",4,COSN16629188,NA,NA,FALSE,0.3077,NA,12,27,NA,NA,NA,Intron,FALSE,FALSE,FALSE,FALSE,3,2,1,2_1,754d26af-f184-497c-856a-cd1ea7a5115c,NA
15,33816461,33816461,1,snv_mnv,NA,NA,"broad,muse,sanger",3,COSN16630859,NA,NA,FALSE,0.0926,NA,5,49,NA,NA,NA,Intron,FALSE,FALSE,FALSE,FALSE,3,2,1,2_1,754d26af-f184-497c-856a-cd1ea7a5115c,NA
15,35694777,35694777,1,snv_mnv,NA,NA,"broad,dkfz,muse,sanger",4,COSN16629925,NA,NA,FALSE,0.0984,NA,6,55,NA,NA,NA,Intron,FALSE,FALSE,FALSE,FALSE,3,2,1,2_1,754d26af-f184-497c-856a-cd1ea7a5115c,HNRNPA1P45
15,39162399,39162399,1,snv_mnv,NA,NA,"broad,dkfz,muse,sanger",4,COSN16629513,NA,NA,FALSE,0.186,NA,8,35,NA,NA,NA,RNA,FALSE,FALSE,FALSE,FALSE,3,2,1,2_1,754d26af-f184-497c-856a-cd1ea7a5115c,NA
15,40313294,40313294,1,snv_mnv,NA,NA,"broad,dkfz,muse,sanger",4,COSN16630019,NA,NA,FALSE,0.1493,NA,10,57,NA,NA,NA,Intron,FALSE,FALSE,FALSE,FALSE,3,2,1,2_1,754d26af-f184-497c-856a-cd1ea7a5115c,EIF2AK4
15,40606316,40606316,1,snv_mnv,NA,NA,"broad,muse,sanger",3,COSN16629926,NA,FLAM_C,FALSE,0.14,NA,7,43,NA,NA,NA,lincRNA,FALSE,FALSE,FALSE,FALSE,3,2,1,2_1,754d26af-f184-497c-856a-cd1ea7a5115c,AC020658.1
15,41628673,41628673,1,snv_mnv,NA,NA,"broad,dkfz,muse,sanger",4,COSN16630539,NA,L2a,FALSE,0.2759,NA,16,42,NA,NA,NA,Intron,FALSE,FALSE,FALSE,FALSE,3,2,1,2_1,754d26af-f184-497c-856a-cd1ea7a5115c,OIP5
15,41693117,41693117,1,snv_mnv,NA,NA,"broad,muse,sanger",3,COSN16632447,NA,MIRc,FALSE,0.2037,NA,11,43,NA,NA,NA,Intron,FALSE,FALSE,FALSE,FALSE,3,2,1,2_1,754d26af-f184-497c-856a-cd1ea7a5115c,NA
15,41907730,41907730,1,snv_mnv,NA,NA,"broad,muse,sanger",3,COSN16629157,NA,AluSc8,FALSE,0.1667,NA,7,35,NA,NA,NA,lincRNA,FALSE,FALSE,FALSE,FALSE,3,2,1,2_1,754d26af-f184-497c-856a-cd1ea7a5115c,AC016134.1
15,43658533,43658533,1,snv_mnv,NA,NA,"broad,dkfz,muse,sanger",4,COSM4962709,NA,NA,FALSE,0.2973,NA,11,26,NA,NA,NA,Missense_Mutation,FALSE,FALSE,FALSE,FALSE,3,2,1,2_1,754d26af-f184-497c-856a-cd1ea7a5115c,"TUBGCP4,ZSCAN29"
15,46726401,46726401,1,snv_mnv,NA,NA,"broad,dkfz,muse,sanger",4,COSN16632964,NA,(CATATA)n,FALSE,0.1228,NA,7,50,NA,NA,NA,IGR,FALSE,FALSE,TRUE,FALSE,3,2,1,2_1,754d26af-f184-497c-856a-cd1ea7a5115c,NA
15,47053199,47053199,1,snv_mnv,NA,NA,"broad,dkfz,muse,sanger",4,COSN16630680,NA,NA,FALSE,0.1618,NA,11,57,NA,NA,NA,lincRNA,FALSE,FALSE,FALSE,FALSE,3,2,1,2_1,754d26af-f184-497c-856a-cd1ea7a5115c,NA
15,47304930,47304930,1,snv_mnv,NA,NA,"broad,muse,sanger",3,COSN16632241,NA,MIRb,FALSE,0.0962,NA,5,47,NA,NA,NA,IGR,FALSE,FALSE,TRUE,FALSE,3,2,1,2_1,754d26af-f184-497c-856a-cd1ea7a5115c,NA
15,47407615,47407615,1,snv_mnv,NA,NA,"broad,dkfz,muse,sanger",4,COSN16631796,NA,MER5A,FALSE,0.1071,NA,6,50,NA,NA,NA,IGR,FALSE,FALSE,FALSE,FALSE,3,2,1,2_1,754d26af-f184-497c-856a-cd1ea7a5115c,NA
15,47854046,47854046,1,snv_mnv,NA,NA,"broad,dkfz,muse,sanger",4,COSN16631600,NA,NA,FALSE,0.098,NA,5,46,NA,NA,NA,Intron,FALSE,FALSE,TRUE,FALSE,3,2,1,2_1,754d26af-f184-497c-856a-cd1ea7a5115c,NA
15,47944031,47944031,1,snv_mnv,NA,NA,"broad,dkfz,muse,sanger",4,COSN16632290,NA,NA,FALSE,0.0779,NA,6,71,NA,NA,NA,Intron,FALSE,FALSE,FALSE,FALSE,3,2,1,2_1,754d26af-f184-497c-856a-cd1ea7a5115c,NA
15,48129275,48129275,1,snv_mnv,NA,NA,"broad,dkfz,muse,sanger",4,COSN16629487,NA,NA,FALSE,0.1346,NA,7,45,NA,NA,NA,lincRNA,FALSE,FALSE,FALSE,FALSE,3,2,1,2_1,754d26af-f184-497c-856a-cd1ea7a5115c,NA
15,48358889,48358889,1,snv_mnv,NA,NA,"broad,muse",2,COSN16630456,NA,NA,FALSE,0.0893,NA,5,51,NA,NA,NA,IGR,FALSE,FALSE,FALSE,FALSE,3,2,1,2_1,754d26af-f184-497c-856a-cd1ea7a5115c,NA
15,48380209,48380209,1,snv_mnv,NA,NA,"broad,dkfz,muse,sanger",4,COSN16629430,NA,NA,FALSE,0.2308,NA,15,50,NA,NA,NA,IGR,FALSE,FALSE,FALSE,FALSE,3,2,1,2_1,754d26af-f184-497c-856a-cd1ea7a5115c,NA
15,49301147,49301147,1,snv_mnv,NA,NA,"broad,dkfz,muse,sanger",4,COSN16633057,NA,NA,FALSE,0.2787,NA,17,44,NA,NA,NA,Intron,FALSE,FALSE,FALSE,FALSE,3,2,1,2_1,754d26af-f184-497c-856a-cd1ea7a5115c,SECISBP2L
15,50084793,50084793,1,snv_mnv,NA,NA,"broad,muse,sanger",3,COSN16632910,NA,NA,FALSE,0.087,NA,6,63,NA,NA,NA,IGR,FALSE,FALSE,FALSE,FALSE,3,2,1,2_1,754d26af-f184-497c-856a-cd1ea7a5115c,AC025040.2
15,50250622,50250622,1,snv_mnv,NA,NA,"broad,dkfz,muse,sanger",4,COSN16632621,NA,L1MC4a,FALSE,0.1346,NA,7,45,NA,NA,NA,Intron,FALSE,FALSE,FALSE,FALSE,3,2,1,2_1,754d26af-f184-497c-856a-cd1ea7a5115c,NA
15,51604561,51604561,1,snv_mnv,NA,NA,"broad,dkfz,muse,sanger",4,COSN16629271,NA,MIRc,FALSE,0.1231,NA,8,57,NA,NA,NA,Intron,FALSE,FALSE,FALSE,FALSE,3,2,1,2_1,754d26af-f184-497c-856a-cd1ea7a5115c,"MIR7973-1,AC020891.2,MIR7973-2"
15,52407143,52407143,1,snv_mnv,NA,NA,"broad,muse,sanger",3,COSN16633269,NA,ERVL-E-int,FALSE,0.0781,NA,5,59,NA,NA,NA,5'Flank,FALSE,FALSE,FALSE,FALSE,3,2,1,2_1,754d26af-f184-497c-856a-cd1ea7a5115c,"AC023906.3,GNB5,BCL2L10"
15,52614599,52614599,1,snv_mnv,NA,NA,"broad,dkfz,muse,sanger",4,COSN16633058,NA,MIRb,FALSE,0.2174,NA,10,36,NA,NA,NA,Intron,FALSE,FALSE,FALSE,FALSE,3,2,1,2_1,754d26af-f184-497c-856a-cd1ea7a5115c,NA
15,53622935,53622935,1,snv_mnv,NA,NA,"broad,sanger",2,COSN16629689,NA,L2c,FALSE,0.0909,NA,4,40,NA,NA,NA,IGR,FALSE,FALSE,FALSE,FALSE,3,2,1,2_1,754d26af-f184-497c-856a-cd1ea7a5115c,NA
15,54565579,54565579,1,snv_mnv,0.0013978,rs60930621,"broad,dkfz,muse,sanger",4,COSN16629690,rs60930621,NA,FALSE,0.1719,NA,11,53,NA,NA,NA,Intron,FALSE,FALSE,FALSE,FALSE,3,2,1,2_1,754d26af-f184-497c-856a-cd1ea7a5115c,NA
15,54887437,54887437,1,snv_mnv,1.9968e-4,rs140778468,"broad,muse,sanger",3,COSN16629642,rs140778468,LTR14C,FALSE,0.1064,NA,5,42,NA,NA,NA,Intron,FALSE,FALSE,FALSE,FALSE,3,2,1,2_1,754d26af-f184-497c-856a-cd1ea7a5115c,NA
15,54898373,54898373,1,snv_mnv,NA,NA,"broad,dkfz,muse,sanger",4,COSN16630195,NA,NA,FALSE,0.0857,NA,6,64,NA,NA,NA,Intron,FALSE,FALSE,FALSE,FALSE,3,2,1,2_1,754d26af-f184-497c-856a-cd1ea7a5115c,UNC13C
15,55199612,55199612,1,snv_mnv,NA,NA,"broad,muse,sanger",3,COSN16632887,NA,NA,FALSE,0.0658,NA,5,71,NA,NA,NA,IGR,FALSE,FALSE,TRUE,FALSE,3,2,1,2_1,754d26af-f184-497c-856a-cd1ea7a5115c,NA
15,56252307,56252307,1,snv_mnv,NA,NA,"broad,dkfz,muse,sanger",4,COSN16632019,NA,MER54A,FALSE,0.0857,NA,6,64,NA,NA,NA,Intron,FALSE,FALSE,FALSE,FALSE,3,2,1,2_1,754d26af-f184-497c-856a-cd1ea7a5115c,NA
15,57006029,57006029,1,snv_mnv,NA,NA,"broad,dkfz,muse,sanger",4,COSN16630313,NA,NA,FALSE,0.2317,NA,19,63,NA,NA,NA,Intron,FALSE,FALSE,FALSE,FALSE,3,2,1,2_1,754d26af-f184-497c-856a-cd1ea7a5115c,NA
15,58368836,58368836,1,snv_mnv,NA,NA,"broad,dkfz,muse",3,COSN16631089,NA,AluJb,FALSE,0.2075,NA,11,42,NA,NA,NA,Intron,FALSE,FALSE,FALSE,FALSE,3,2,1,2_1,754d26af-f184-497c-856a-cd1ea7a5115c,NA
15,60010192,60010192,1,snv_mnv,NA,NA,"broad,dkfz,muse,sanger",4,COSN16631535,NA,NA,FALSE,0.2,NA,11,44,NA,NA,NA,IGR,FALSE,FALSE,FALSE,FALSE,3,2,1,2_1,754d26af-f184-497c-856a-cd1ea7a5115c,NA
15,60754224,60754224,1,snv_mnv,NA,NA,"broad,dkfz,muse",3,COSN16628921,NA,L1MC5,FALSE,0.1493,NA,10,57,NA,NA,NA,Intron,FALSE,FALSE,FALSE,FALSE,3,2,1,2_1,754d26af-f184-497c-856a-cd1ea7a5115c,ICE2
15,61809953,61809953,1,snv_mnv,NA,NA,"broad,dkfz,muse,sanger",4,COSN16632715,NA,L3,FALSE,0.1143,NA,8,62,NA,NA,NA,lincRNA,FALSE,FALSE,FALSE,FALSE,3,2,1,2_1,754d26af-f184-497c-856a-cd1ea7a5115c,NA
15,62907434,62907434,1,snv_mnv,NA,NA,"broad,dkfz,muse,sanger",4,COSN16630860,NA,Tigger13a,FALSE,0.322,NA,19,40,NA,NA,NA,Intron,FALSE,FALSE,FALSE,FALSE,3,2,1,2_1,754d26af-f184-497c-856a-cd1ea7a5115c,NA
15,64871360,64871360,1,snv_mnv,NA,NA,"broad,muse,sanger",3,COSN16631823,NA,L1M4,FALSE,0.0862,NA,5,53,NA,NA,NA,Intron,FALSE,FALSE,FALSE,FALSE,3,2,1,2_1,754d26af-f184-497c-856a-cd1ea7a5115c,NA
15,64872885,64872885,1,snv_mnv,NA,NA,"broad,dkfz,muse,sanger",4,COSN16629950,NA,AluSz,FALSE,0.1455,NA,8,47,NA,NA,NA,Intron,FALSE,FALSE,FALSE,FALSE,3,2,1,2_1,754d26af-f184-497c-856a-cd1ea7a5115c,NA
15,66240745,66240745,1,snv_mnv,NA,NA,"broad,muse,sanger",3,COSN16631476,NA,MIRb,FALSE,0.2083,NA,10,38,NA,NA,NA,Intron,FALSE,FALSE,FALSE,FALSE,3,2,1,2_1,754d26af-f184-497c-856a-cd1ea7a5115c,NA
15,67554550,67554550,1,snv_mnv,NA,NA,"broad,dkfz,muse,sanger",4,COSN16631451,NA,NA,FALSE,0.1186,NA,7,52,NA,NA,NA,Intron,FALSE,FALSE,FALSE,FALSE,3,2,1,2_1,754d26af-f184-497c-856a-cd1ea7a5115c,NA
15,69833776,69833776,1,snv_mnv,NA,NA,"broad,dkfz,muse,sanger",4,COSN16628951,NA,AluSx,FALSE,0.2326,NA,10,33,NA,NA,NA,lincRNA,FALSE,FALSE,FALSE,FALSE,3,2,1,2_1,754d26af-f184-497c-856a-cd1ea7a5115c,NA
15,70271281,70271281,1,snv_mnv,3.9936e-4,rs567268532,"broad,dkfz,muse,sanger",4,COSN16633270,rs567268532,NA,FALSE,0.1136,NA,5,39,NA,NA,NA,IGR,FALSE,FALSE,FALSE,FALSE,3,2,1,2_1,754d26af-f184-497c-856a-cd1ea7a5115c,NA
15,70373678,70373678,1,snv_mnv,NA,NA,"broad,dkfz,muse,sanger",4,COSN16629040,NA,Tigger12c,FALSE,0.3265,NA,16,33,NA,NA,NA,Intron,FALSE,FALSE,FALSE,FALSE,3,2,1,2_1,754d26af-f184-497c-856a-cd1ea7a5115c,MIR629
15,70598253,70598253,1,snv_mnv,NA,NA,"broad,dkfz,muse,sanger",4,COSN16632911,NA,L1MD1,FALSE,0.1607,NA,9,47,NA,NA,NA,IGR,FALSE,FALSE,FALSE,FALSE,3,2,1,2_1,754d26af-f184-497c-856a-cd1ea7a5115c,NA
15,70716127,70716127,1,snv_mnv,NA,NA,"broad,dkfz,muse,sanger",4,COSN16629041,NA,LTR33A,FALSE,0.125,NA,6,42,NA,NA,NA,IGR,FALSE,FALSE,FALSE,FALSE,3,2,1,2_1,754d26af-f184-497c-856a-cd1ea7a5115c,NA
15,72995919,72995919,1,snv_mnv,1.9968e-4,rs548217717,"broad,dkfz,muse,sanger",4,COSN16630895,rs548217717,NA,FALSE,0.1186,NA,7,52,NA,NA,NA,Intron,FALSE,FALSE,FALSE,FALSE,3,2,1,2_1,754d26af-f184-497c-856a-cd1ea7a5115c,NA
15,73506069,73506069,1,snv_mnv,NA,NA,"broad,dkfz,muse,sanger",4,COSN16631536,NA,L1PB1,FALSE,0.1507,NA,11,62,NA,NA,NA,Intron,FALSE,FALSE,FALSE,FALSE,3,2,1,2_1,754d26af-f184-497c-856a-cd1ea7a5115c,NA
15,73602047,73602047,1,snv_mnv,NA,NA,"broad,dkfz,muse,sanger",4,COSN16629459,NA,NA,FALSE,0.1154,NA,6,46,NA,NA,NA,IGR,FALSE,FALSE,FALSE,FALSE,3,2,1,2_1,754d26af-f184-497c-856a-cd1ea7a5115c,NEO1
15,78135546,78135546,1,snv_mnv,NA,NA,"broad,muse,sanger",3,COSN16633355,NA,AluY,FALSE,0.1053,NA,6,51,NA,NA,NA,IGR,FALSE,FALSE,FALSE,FALSE,3,2,1,2_1,754d26af-f184-497c-856a-cd1ea7a5115c,NA
15,79515986,79515986,1,snv_mnv,NA,NA,"broad,dkfz,muse,sanger",4,COSN16632506,NA,NA,FALSE,0.1148,NA,7,54,NA,NA,NA,lincRNA,FALSE,FALSE,FALSE,FALSE,3,2,1,2_1,754d26af-f184-497c-856a-cd1ea7a5115c,NA
15,79901590,79901590,1,snv_mnv,NA,NA,"broad,dkfz,muse,sanger",4,COSN16631682,NA,NA,FALSE,0.1507,NA,11,62,NA,NA,NA,IGR,FALSE,FALSE,FALSE,FALSE,3,2,1,2_1,754d26af-f184-497c-856a-cd1ea7a5115c,NA
15,80267055,80267055,1,snv_mnv,NA,NA,"broad,muse,sanger",3,COSN16632052,NA,AluSc,FALSE,0.1395,NA,6,37,NA,NA,NA,IGR,FALSE,FALSE,FALSE,FALSE,3,2,1,2_1,754d26af-f184-497c-856a-cd1ea7a5115c,BCL2A1
15,81349838,81349838,1,snv_mnv,NA,NA,"broad,dkfz,muse,sanger",4,COSN16630739,NA,AluSx,FALSE,0.2895,NA,11,27,NA,NA,NA,IGR,FALSE,FALSE,FALSE,FALSE,3,2,1,2_1,754d26af-f184-497c-856a-cd1ea7a5115c,AC068870.3
15,82002921,82002921,1,snv_mnv,1.9968e-4,rs565419142,"broad,muse,sanger",3,COSN16629715,rs565419142,SATR1,FALSE,0.1064,NA,5,42,NA,NA,NA,lincRNA,FALSE,FALSE,FALSE,FALSE,3,2,1,2_1,754d26af-f184-497c-856a-cd1ea7a5115c,NA
15,82154718,82154718,1,snv_mnv,NA,NA,"broad,muse,sanger",3,COSN16633236,NA,NA,FALSE,0.0845,NA,6,65,NA,NA,NA,IGR,FALSE,FALSE,FALSE,FALSE,3,2,1,2_1,754d26af-f184-497c-856a-cd1ea7a5115c,NA
15,86741698,86741698,1,snv_mnv,NA,NA,"broad,dkfz,muse,sanger",4,COSN16631890,NA,MLT1B-int,FALSE,0.1429,NA,7,42,NA,NA,NA,Intron,FALSE,FALSE,FALSE,FALSE,3,2,1,2_1,754d26af-f184-497c-856a-cd1ea7a5115c,NA
15,87021562,87021562,1,snv_mnv,NA,NA,"broad,muse",2,COSN16632622,NA,L1PA5,FALSE,0.1,NA,5,45,NA,NA,NA,Intron,FALSE,FALSE,FALSE,FALSE,3,2,1,2_1,754d26af-f184-497c-856a-cd1ea7a5115c,NA
15,87046282,87046282,1,snv_mnv,NA,NA,"broad,dkfz,muse,sanger",4,COSN16629839,NA,L1MB7,FALSE,0.1404,NA,8,49,NA,NA,NA,Intron,FALSE,FALSE,FALSE,FALSE,3,2,1,2_1,754d26af-f184-497c-856a-cd1ea7a5115c,NA
15,88047318,88047318,1,snv_mnv,NA,NA,"broad,dkfz,muse,sanger",4,COSN16630651,NA,NA,FALSE,0.1607,NA,9,47,NA,NA,NA,lincRNA,FALSE,FALSE,FALSE,FALSE,3,2,1,2_1,754d26af-f184-497c-856a-cd1ea7a5115c,NA
15,88278268,88278268,1,snv_mnv,NA,NA,"broad,dkfz,muse,sanger",4,COSN16631629,NA,NA,FALSE,0.1607,NA,9,47,NA,NA,NA,IGR,FALSE,FALSE,FALSE,FALSE,3,2,1,2_1,754d26af-f184-497c-856a-cd1ea7a5115c,NA
15,88472902,88472902,1,snv_mnv,NA,NA,"broad,dkfz,muse,sanger",4,COSN16632888,NA,NA,FALSE,0.1404,NA,8,49,NA,NA,NA,Intron,FALSE,FALSE,FALSE,FALSE,3,2,1,2_1,754d26af-f184-497c-856a-cd1ea7a5115c,NTRK3
15,88509724,88509724,1,snv_mnv,3.9936e-4,rs193158751,"broad,muse,sanger",3,COSN16631852,rs193158751,MER115,FALSE,0.0943,NA,5,48,NA,NA,NA,Intron,FALSE,FALSE,FALSE,FALSE,3,2,1,2_1,754d26af-f184-497c-856a-cd1ea7a5115c,NA
15,88589102,88589102,1,snv_mnv,NA,NA,"broad,dkfz,muse,sanger",4,COSN16632507,NA,MLT1C,FALSE,0.1636,NA,9,46,NA,NA,NA,Intron,FALSE,FALSE,FALSE,FALSE,3,2,1,2_1,754d26af-f184-497c-856a-cd1ea7a5115c,NA
15,88606721,88606721,1,snv_mnv,NA,NA,"broad,muse",2,COSN16630061,NA,L2c,FALSE,0.0645,NA,4,58,NA,NA,NA,Intron,FALSE,FALSE,FALSE,FALSE,3,2,1,2_1,754d26af-f184-497c-856a-cd1ea7a5115c,NA
15,88697086,88697086,1,snv_mnv,NA,NA,"broad,dkfz,muse,sanger",4,COSN16631942,NA,MLT1A0,FALSE,0.2037,NA,11,43,NA,NA,NA,Intron,FALSE,FALSE,FALSE,FALSE,3,2,1,2_1,754d26af-f184-497c-856a-cd1ea7a5115c,NA
15,88787975,88787975,1,snv_mnv,NA,NA,"broad,dkfz,muse,sanger",4,COSN16629128,NA,NA,FALSE,0.1765,NA,9,42,NA,NA,NA,Intron,FALSE,FALSE,FALSE,FALSE,3,2,1,2_1,754d26af-f184-497c-856a-cd1ea7a5115c,NA
15,88990759,88990759,1,snv_mnv,NA,NA,"broad,dkfz,muse,sanger",4,COSN16632113,NA,MamGypLTR3,FALSE,0.1905,NA,8,34,NA,NA,NA,IGR,FALSE,FALSE,FALSE,FALSE,3,2,1,2_1,754d26af-f184-497c-856a-cd1ea7a5115c,NA
15,90267953,90267953,1,snv_mnv,NA,NA,"broad,dkfz,muse,sanger",4,COSN16631196,NA,L1ME3B,FALSE,0.1212,NA,8,58,NA,NA,NA,Intron,FALSE,FALSE,FALSE,FALSE,3,2,1,2_1,754d26af-f184-497c-856a-cd1ea7a5115c,NA
15,91904292,91904292,1,snv_mnv,NA,NA,"broad,muse,sanger",3,COSN16630089,NA,L1ME2z,FALSE,0.1017,NA,6,53,NA,NA,NA,IGR,FALSE,FALSE,FALSE,FALSE,3,2,1,2_1,754d26af-f184-497c-856a-cd1ea7a5115c,NA
15,92087400,92087400,1,snv_mnv,NA,NA,"broad,muse,sanger",3,COSN16630571,NA,NA,FALSE,0.0519,NA,4,73,NA,NA,NA,IGR,FALSE,FALSE,FALSE,FALSE,3,2,1,2_1,754d26af-f184-497c-856a-cd1ea7a5115c,NA
15,93375856,93375856,1,snv_mnv,NA,NA,"broad,muse",2,COSN16632508,NA,NA,FALSE,0.0702,NA,4,53,NA,NA,NA,IGR,FALSE,FALSE,FALSE,FALSE,3,2,1,2_1,754d26af-f184-497c-856a-cd1ea7a5115c,NA
15,93626250,93626250,1,snv_mnv,NA,NA,"broad,dkfz,muse,sanger",4,COSN16632890,NA,NA,FALSE,0.1791,NA,12,55,NA,NA,NA,Intron,FALSE,FALSE,FALSE,FALSE,3,2,1,2_1,754d26af-f184-497c-856a-cd1ea7a5115c,NA
15,95100718,95100718,1,snv_mnv,5.9904e-4,rs149207263,"broad,muse,sanger",3,COSN16631283,rs149207263,AluSx,FALSE,0.1087,NA,5,41,NA,NA,NA,IGR,FALSE,FALSE,FALSE,FALSE,3,2,1,2_1,754d26af-f184-497c-856a-cd1ea7a5115c,NA
15,95620211,95620211,1,snv_mnv,NA,NA,"broad,dkfz,muse,sanger",4,COSN16629783,NA,NA,FALSE,0.0857,NA,6,64,NA,NA,NA,IGR,FALSE,FALSE,TRUE,FALSE,3,2,1,2_1,754d26af-f184-497c-856a-cd1ea7a5115c,AC087636.1
15,95820294,95820294,1,snv_mnv,NA,NA,"broad,dkfz,muse,sanger",4,COSN16630282,NA,NA,FALSE,0.1091,NA,6,49,NA,NA,NA,lincRNA,FALSE,FALSE,FALSE,FALSE,3,2,1,2_1,754d26af-f184-497c-856a-cd1ea7a5115c,"LINC01197,AC104260.2"
15,96003183,96003183,1,snv_mnv,NA,NA,"broad,muse,sanger",3,COSN16631771,NA,NA,FALSE,0.0702,NA,4,53,NA,NA,NA,lincRNA,FALSE,FALSE,FALSE,FALSE,3,2,1,2_1,754d26af-f184-497c-856a-cd1ea7a5115c,AC027013.1
15,96335757,96335757,1,snv_mnv,NA,NA,"broad,dkfz,muse,sanger",4,COSN16629001,NA,NA,FALSE,0.1549,NA,11,60,NA,NA,NA,IGR,FALSE,FALSE,TRUE,FALSE,3,2,1,2_1,754d26af-f184-497c-856a-cd1ea7a5115c,NA
15,97050551,97050551,1,snv_mnv,NA,NA,"broad,muse,sanger",3,COSN16633297,NA,NA,FALSE,0.0571,NA,4,66,NA,NA,NA,IGR,FALSE,FALSE,FALSE,FALSE,3,2,1,2_1,754d26af-f184-497c-856a-cd1ea7a5115c,NA
15,97650991,97650991,1,snv_mnv,NA,NA,"broad,dkfz,muse,sanger",4,COSN16631537,NA,L1PA8A,FALSE,0.0952,NA,8,76,NA,NA,NA,IGR,FALSE,FALSE,FALSE,FALSE,3,2,1,2_1,754d26af-f184-497c-856a-cd1ea7a5115c,NA
15,97782004,97782004,1,snv_mnv,NA,NA,"broad,dkfz,muse,sanger",4,COSN16630652,NA,NA,FALSE,0.0984,NA,6,55,NA,NA,NA,IGR,FALSE,FALSE,FALSE,FALSE,3,2,1,2_1,754d26af-f184-497c-856a-cd1ea7a5115c,NA
15,98147000,98147000,1,snv_mnv,NA,NA,"broad,dkfz,muse,sanger",4,COSN16629665,NA,NA,FALSE,0.3289,NA,25,51,NA,NA,NA,IGR,FALSE,FALSE,FALSE,FALSE,3,2,1,2_1,754d26af-f184-497c-856a-cd1ea7a5115c,NA
15,98602934,98602934,1,snv_mnv,NA,NA,"broad,dkfz,muse,sanger",4,COSN16630770,rs754727334,L1MD1,FALSE,0.1186,NA,7,52,NA,NA,NA,lincRNA,FALSE,FALSE,FALSE,FALSE,3,2,1,2_1,754d26af-f184-497c-856a-cd1ea7a5115c,NA
15,98686613,98686613,1,snv_mnv,3.9936e-4,rs566228488,"broad,dkfz,muse,sanger",4,COSN16632385,rs566228488,NA,FALSE,0.0833,NA,4,44,NA,NA,NA,lincRNA,FALSE,FALSE,FALSE,FALSE,3,2,1,2_1,754d26af-f184-497c-856a-cd1ea7a5115c,NA
15,98779460,98779460,1,snv_mnv,NA,NA,"broad,dkfz,muse,sanger",4,COSN16630795,NA,NA,FALSE,0.0789,NA,6,70,NA,NA,NA,lincRNA,FALSE,FALSE,FALSE,FALSE,3,2,1,2_1,754d26af-f184-497c-856a-cd1ea7a5115c,NA
15,98913187,98913187,1,snv_mnv,NA,NA,"broad,dkfz,muse,sanger",4,COSN16631364,NA,Helitron3Na_Mam,FALSE,0.1475,NA,9,52,NA,NA,NA,IGR,FALSE,FALSE,FALSE,FALSE,3,2,1,2_1,754d26af-f184-497c-856a-cd1ea7a5115c,NA
15,101007819,101007819,1,snv_mnv,NA,NA,"broad,dkfz,muse,sanger",4,COSN16630283,NA,NA,FALSE,0.1837,NA,9,40,NA,NA,NA,Intron,FALSE,FALSE,FALSE,FALSE,3,2,1,2_1,754d26af-f184-497c-856a-cd1ea7a5115c,NA
15,101300152,101300152,1,snv_mnv,NA,NA,"broad,dkfz,muse,sanger",4,COSN16632828,NA,NA,FALSE,0.2222,NA,12,42,NA,NA,NA,lincRNA,FALSE,FALSE,FALSE,FALSE,3,2,1,2_1,754d26af-f184-497c-856a-cd1ea7a5115c,NA
15,101641357,101641357,1,snv_mnv,NA,NA,"broad,dkfz,muse,sanger",4,COSN16631797,NA,NA,FALSE,0.2143,NA,6,22,NA,NA,NA,IGR,FALSE,FALSE,FALSE,FALSE,3,2,1,2_1,754d26af-f184-497c-856a-cd1ea7a5115c,NA
16,1515020,1515020,1,snv_mnv,NA,NA,"broad,dkfz,muse,sanger",4,COSN16631853,NA,NA,FALSE,0.1667,NA,3,15,NA,NA,NA,Intron,FALSE,FALSE,FALSE,FALSE,4,2,2,2_2,754d26af-f184-497c-856a-cd1ea7a5115c,"CLCN7,AL031600.2"
16,3178808,3178808,1,snv_mnv,NA,NA,"broad,muse,sanger",3,COSN16629666,NA,LTR41,FALSE,0.0816,NA,4,45,NA,NA,NA,RNA,FALSE,FALSE,FALSE,FALSE,4,2,2,2_2,754d26af-f184-497c-856a-cd1ea7a5115c,"ZNF213-AS1,ZNF213"
16,6095469,6095469,1,snv_mnv,NA,NA,"broad,dkfz,muse,sanger",4,COSN16629404,NA,NA,FALSE,0.2237,NA,17,59,NA,NA,NA,Intron,FALSE,FALSE,FALSE,FALSE,4,2,2,2_2,754d26af-f184-497c-856a-cd1ea7a5115c,NA
16,6350231,6350231,1,snv_mnv,NA,NA,"broad,muse,sanger",3,COSN16632686,NA,L1MA8,FALSE,0.0746,NA,5,62,NA,NA,NA,Intron,FALSE,FALSE,FALSE,FALSE,4,2,2,2_2,754d26af-f184-497c-856a-cd1ea7a5115c,NA
16,6540308,6540308,1,snv_mnv,NA,NA,"broad,dkfz,muse,sanger",4,COSN16297095,NA,NA,FALSE,0.0769,NA,5,60,NA,NA,NA,Intron,FALSE,FALSE,FALSE,FALSE,4,2,2,2_2,754d26af-f184-497c-856a-cd1ea7a5115c,NA
16,6763329,6763329,1,snv_mnv,NA,NA,"broad,dkfz,muse,sanger",4,COSN16630654,NA,NA,FALSE,0.0968,NA,6,56,NA,NA,NA,Intron,FALSE,FALSE,FALSE,FALSE,4,2,2,2_2,754d26af-f184-497c-856a-cd1ea7a5115c,NA
16,7586003,7586003,1,snv_mnv,NA,NA,"broad,dkfz,muse,sanger",4,COSN16631996,NA,L2a,FALSE,0.1373,NA,7,44,NA,NA,NA,Intron,FALSE,FALSE,FALSE,FALSE,4,2,2,2_2,754d26af-f184-497c-856a-cd1ea7a5115c,NA
16,7671325,7671325,1,snv_mnv,NA,NA,"broad,dkfz,muse,sanger",4,COSN16630432,NA,AluSz6,FALSE,0.1455,NA,8,47,NA,NA,NA,Intron,FALSE,FALSE,FALSE,FALSE,4,2,2,2_2,754d26af-f184-497c-856a-cd1ea7a5115c,NA
16,7725810,7725810,1,snv_mnv,NA,NA,"broad,dkfz,muse,sanger",4,COSN16633093,NA,NA,FALSE,0.0758,NA,5,61,NA,NA,NA,Intron,FALSE,FALSE,FALSE,FALSE,4,2,2,2_2,754d26af-f184-497c-856a-cd1ea7a5115c,NA
16,8168844,8168844,1,snv_mnv,NA,NA,"broad,muse,sanger",3,COSN16629634,NA,MLT2A2,FALSE,0.0862,NA,5,53,NA,NA,NA,IGR,FALSE,FALSE,FALSE,FALSE,4,2,2,2_2,754d26af-f184-497c-856a-cd1ea7a5115c,NA
16,8883978,8883978,1,snv_mnv,NA,NA,"broad,dkfz,muse,sanger",4,COSN16630314,NA,NA,FALSE,0.1429,NA,7,42,NA,NA,NA,Intron,FALSE,FALSE,TRUE,FALSE,4,2,2,2_2,754d26af-f184-497c-856a-cd1ea7a5115c,NA
16,9105163,9105163,1,snv_mnv,NA,NA,"broad,dkfz,muse,sanger",4,COSN16629927,NA,AluSx1,FALSE,0.2162,NA,8,29,NA,NA,NA,IGR,FALSE,FALSE,FALSE,FALSE,4,2,2,2_2,754d26af-f184-497c-856a-cd1ea7a5115c,NA
16,9519920,9519920,1,snv_mnv,NA,NA,"broad,muse",2,COSN16633094,NA,L1ME4a,FALSE,0.0649,NA,5,72,NA,NA,NA,IGR,FALSE,FALSE,FALSE,FALSE,4,2,2,2_2,754d26af-f184-497c-856a-cd1ea7a5115c,NA
16,10020598,10020598,1,snv_mnv,NA,NA,"broad,muse",2,COSN16630160,NA,MER102a,FALSE,0.0562,NA,5,84,NA,NA,NA,Intron,FALSE,FALSE,FALSE,FALSE,4,2,2,2_2,754d26af-f184-497c-856a-cd1ea7a5115c,NA
16,10462260,10462260,1,snv_mnv,NA,NA,"broad,dkfz,muse,sanger",4,COSN16631683,NA,NA,FALSE,0.2286,NA,16,54,NA,NA,NA,IGR,FALSE,FALSE,FALSE,FALSE,4,2,2,2_2,754d26af-f184-497c-856a-cd1ea7a5115c,NA
16,13191595,13191595,1,snv_mnv,1.9968e-4,rs187447711,"broad,dkfz,muse,sanger",4,COSN16630407,rs187447711,NA,FALSE,0.1111,NA,7,56,NA,NA,NA,Intron,FALSE,FALSE,FALSE,FALSE,4,2,2,2_2,754d26af-f184-497c-856a-cd1ea7a5115c,NA
16,13719280,13719280,1,snv_mnv,NA,NA,"broad,dkfz,muse,sanger",4,COSN16631710,NA,L1ME3C,FALSE,0.1277,NA,6,41,NA,NA,NA,IGR,FALSE,FALSE,FALSE,FALSE,4,2,2,2_2,754d26af-f184-497c-856a-cd1ea7a5115c,NA
16,13881050,13881050,1,snv_mnv,NA,NA,"broad,muse,sanger",3,COSN16629213,rs540866981,AluY,FALSE,0.1489,NA,7,40,NA,NA,NA,IGR,FALSE,FALSE,FALSE,FALSE,4,2,2,2_2,754d26af-f184-497c-856a-cd1ea7a5115c,NA
16,13958923,13958923,1,snv_mnv,1.9968e-4,rs563823704,"broad,dkfz,muse,sanger",4,COSN16631943,rs563823704,MLT1J1,FALSE,0.1449,NA,10,59,NA,NA,NA,IGR,FALSE,FALSE,FALSE,FALSE,4,2,2,2_2,754d26af-f184-497c-856a-cd1ea7a5115c,NA
16,14318494,14318494,1,snv_mnv,NA,NA,"broad,dkfz,muse,sanger",4,COSN16632334,NA,L1MB3,FALSE,0.1186,NA,7,52,NA,NA,NA,Intron,FALSE,FALSE,FALSE,FALSE,4,2,2,2_2,754d26af-f184-497c-856a-cd1ea7a5115c,NA
16,17670386,17670386,1,snv_mnv,NA,NA,"broad,muse,sanger",3,COSN16629866,NA,NA,FALSE,0.0606,NA,4,62,NA,NA,NA,IGR,FALSE,FALSE,FALSE,FALSE,4,2,2,2_2,754d26af-f184-497c-856a-cd1ea7a5115c,NA
16,17743964,17743964,1,snv_mnv,NA,NA,"broad,dkfz,muse,sanger",4,COSN16631452,NA,NA,FALSE,0.1875,NA,9,39,NA,NA,NA,IGR,FALSE,FALSE,FALSE,FALSE,4,2,2,2_2,754d26af-f184-497c-856a-cd1ea7a5115c,NA
16,18156821,18156821,1,snv_mnv,NA,NA,"broad,muse,sanger",3,COSN16629840,NA,NA,FALSE,0.1481,NA,4,23,NA,NA,NA,lincRNA,FALSE,FALSE,FALSE,FALSE,4,2,2,2_2,754d26af-f184-497c-856a-cd1ea7a5115c,NA
16,18938002,18938002,1,snv_mnv,NA,NA,"broad,muse",2,COSN16631007,NA,NA,FALSE,0.2778,NA,5,13,NA,NA,NA,5'Flank,FALSE,FALSE,FALSE,FALSE,4,2,2,2_2,754d26af-f184-497c-856a-cd1ea7a5115c,"SMG1,AC092287.1"
16,19659299,19659299,1,snv_mnv,NA,NA,"broad,dkfz,muse,sanger",4,COSN16629129,NA,AluJr,FALSE,0.1897,NA,11,47,NA,NA,NA,Intron,FALSE,FALSE,FALSE,FALSE,4,2,2,2_2,754d26af-f184-497c-856a-cd1ea7a5115c,NA
16,20000535,20000535,1,snv_mnv,NA,NA,"broad,dkfz,muse,sanger",4,COSN16632744,NA,AluSx3,FALSE,0.1525,NA,9,50,NA,NA,NA,IGR,FALSE,FALSE,FALSE,FALSE,4,2,2,2_2,754d26af-f184-497c-856a-cd1ea7a5115c,NA
16,20489725,20489725,1,snv_mnv,NA,NA,"broad,dkfz,muse,sanger",4,COSN16632309,NA,NA,FALSE,0.1111,NA,10,80,NA,NA,NA,Intron,FALSE,FALSE,FALSE,FALSE,4,2,2,2_2,754d26af-f184-497c-856a-cd1ea7a5115c,ACSM2A
16,20489727,20489727,1,snv_mnv,NA,NA,"broad,dkfz,muse,sanger",4,COSN16631684,NA,NA,FALSE,0.1124,NA,10,79,NA,NA,NA,Intron,FALSE,FALSE,FALSE,FALSE,4,2,2,2_2,754d26af-f184-497c-856a-cd1ea7a5115c,ACSM2A
16,20612281,20612281,1,snv_mnv,NA,NA,"broad,muse,sanger",3,COSN16630508,NA,L2b,FALSE,0.2179,NA,17,61,NA,NA,NA,IGR,FALSE,FALSE,FALSE,FALSE,4,2,2,2_2,754d26af-f184-497c-856a-cd1ea7a5115c,NA
16,21062892,21062892,1,snv_mnv,NA,NA,"broad,dkfz,muse,sanger",4,COSN16630375,NA,NA,FALSE,0.1429,NA,9,54,NA,NA,NA,Intron,FALSE,FALSE,FALSE,FALSE,4,2,2,2_2,754d26af-f184-497c-856a-cd1ea7a5115c,NA
16,22674566,22674566,1,snv_mnv,NA,NA,"broad,dkfz,muse,sanger",4,COSN16632410,NA,AluJb,FALSE,0.1584,NA,16,85,NA,NA,NA,IGR,FALSE,FALSE,FALSE,FALSE,4,2,2,2_2,754d26af-f184-497c-856a-cd1ea7a5115c,NA
16,23776468,23776468,1,snv_mnv,NA,NA,"broad,muse,sanger",3,COSN16630196,NA,AluSz,FALSE,0.0862,NA,5,53,NA,NA,NA,IGR,FALSE,FALSE,FALSE,FALSE,4,2,2,2_2,754d26af-f184-497c-856a-cd1ea7a5115c,NA
16,24250733,24250733,1,snv_mnv,NA,NA,"broad,dkfz,muse,sanger",4,COSN16630714,rs76341364,NA,FALSE,0.1045,NA,7,60,NA,NA,NA,lincRNA,FALSE,FALSE,FALSE,FALSE,4,2,2,2_2,754d26af-f184-497c-856a-cd1ea7a5115c,NA
16,24290917,24290917,1,snv_mnv,NA,NA,"broad,muse,sanger",3,COSN16631110,NA,AluJb,FALSE,0.0862,NA,5,53,NA,NA,NA,Intron,FALSE,FALSE,FALSE,FALSE,4,2,2,2_2,754d26af-f184-497c-856a-cd1ea7a5115c,NA
16,25567118,25567118,1,snv_mnv,NA,NA,"broad,muse,sanger",3,COSN16630376,NA,MER34,FALSE,0.0893,NA,5,51,NA,NA,NA,IGR,FALSE,FALSE,FALSE,FALSE,4,2,2,2_2,754d26af-f184-497c-856a-cd1ea7a5115c,NA
16,26310924,26310924,1,snv_mnv,NA,NA,"broad,dkfz,muse,sanger",4,COSN16629867,NA,NA,FALSE,0.25,NA,15,45,NA,NA,NA,IGR,FALSE,FALSE,FALSE,FALSE,4,2,2,2_2,754d26af-f184-497c-856a-cd1ea7a5115c,AC009158.1
16,26397192,26397192,1,snv_mnv,0.0051917,rs369922369,"broad,dkfz,muse",3,COSN16631711,rs369922369,NA,FALSE,0.0893,NA,5,51,NA,NA,NA,IGR,FALSE,FALSE,FALSE,FALSE,4,2,2,2_2,754d26af-f184-497c-856a-cd1ea7a5115c,NA
16,26586618,26586618,1,snv_mnv,NA,NA,"broad,muse,sanger",3,COSN16632749,NA,AluSq,FALSE,0.1389,NA,5,31,NA,NA,NA,IGR,FALSE,FALSE,FALSE,FALSE,4,2,2,2_2,754d26af-f184-497c-856a-cd1ea7a5115c,NA
16,26620420,26620420,1,snv_mnv,NA,NA,"broad,muse,sanger",3,COSN16632138,NA,MER41A,FALSE,0.14,NA,7,43,NA,NA,NA,IGR,FALSE,FALSE,FALSE,FALSE,4,2,2,2_2,754d26af-f184-497c-856a-cd1ea7a5115c,NA
16,26949675,26949675,1,snv_mnv,1.9968e-4,rs553905327,"broad,dkfz,muse,sanger",4,COSN16630020,rs553905327,NA,FALSE,0.0926,NA,5,49,NA,NA,NA,IGR,FALSE,FALSE,TRUE,FALSE,4,2,2,2_2,754d26af-f184-497c-856a-cd1ea7a5115c,NA
16,27080365,27080365,1,snv_mnv,NA,NA,"broad,dkfz,muse,sanger",4,COSN16629189,NA,NA,FALSE,0.1475,NA,9,52,NA,NA,NA,lincRNA,FALSE,FALSE,FALSE,FALSE,4,2,2,2_2,754d26af-f184-497c-856a-cd1ea7a5115c,AC092725.1
16,27573824,27573824,1,snv_mnv,NA,NA,"broad,dkfz,muse,sanger",4,COSN16630128,NA,NA,FALSE,0.1286,NA,9,61,NA,NA,NA,Intron,FALSE,FALSE,FALSE,FALSE,4,2,2,2_2,754d26af-f184-497c-856a-cd1ea7a5115c,NA
16,31822070,31822070,1,snv_mnv,NA,NA,"broad,muse",2,COSN16630248,NA,AluSx1,FALSE,0.093,NA,4,39,NA,NA,NA,IGR,FALSE,FALSE,FALSE,FALSE,4,2,2,2_2,754d26af-f184-497c-856a-cd1ea7a5115c,"VN1R3,AC002519.2"
16,32581562,32581562,1,snv_mnv,NA,NA,"broad,muse",2,COSN16633059,NA,ALR/Alpha,FALSE,0.0451,NA,6,127,NA,NA,NA,IGR,FALSE,FALSE,FALSE,FALSE,4,2,2,2_2,754d26af-f184-497c-856a-cd1ea7a5115c,NA
16,32624752,32624752,1,snv_mnv,NA,NA,"broad,muse",2,COSN16633095,NA,NA,FALSE,0.05,NA,6,114,NA,NA,NA,IGR,FALSE,FALSE,FALSE,FALSE,4,2,2,2_2,754d26af-f184-497c-856a-cd1ea7a5115c,NA
16,33598795,33598795,1,snv_mnv,NA,NA,"broad,muse,sanger",3,COSN16629405,NA,NA,FALSE,0.1129,NA,14,110,NA,NA,NA,IGR,FALSE,FALSE,FALSE,FALSE,4,2,2,2_2,754d26af-f184-497c-856a-cd1ea7a5115c,NA
16,33627079,33627079,1,snv_mnv,NA,NA,"broad,muse,sanger",3,COSN16631798,NA,MER52C,FALSE,0.0781,NA,5,59,NA,NA,NA,RNA,FALSE,FALSE,FALSE,FALSE,4,2,2,2_2,754d26af-f184-497c-856a-cd1ea7a5115c,IGHV3OR16-13
16,33661013,33661013,1,snv_mnv,NA,NA,"broad,muse,sanger",3,COSN16632020,NA,NA,FALSE,0.0923,NA,6,59,NA,NA,NA,lincRNA,FALSE,FALSE,FALSE,FALSE,4,2,2,2_2,754d26af-f184-497c-856a-cd1ea7a5115c,IGHV3OR16-11
16,33864307,33864307,1,snv_mnv,NA,NA,"broad,muse,sanger",3,COSN16633381,NA,NA,FALSE,0.0526,NA,4,72,NA,NA,NA,IGR,FALSE,FALSE,FALSE,FALSE,4,2,2,2_2,754d26af-f184-497c-856a-cd1ea7a5115c,NA
16,34007765,34007765,1,snv_mnv,NA,NA,"broad,muse",2,COSN16630655,NA,ALR/Alpha,FALSE,0.1017,NA,6,53,NA,NA,NA,IGR,FALSE,FALSE,FALSE,FALSE,4,2,2,2_2,754d26af-f184-497c-856a-cd1ea7a5115c,NA
16,34274313,34274313,1,snv_mnv,NA,NA,"broad,muse,sanger",3,COSN16629376,NA,NA,FALSE,0.0702,NA,4,53,NA,NA,NA,IGR,FALSE,FALSE,FALSE,FALSE,4,2,2,2_2,754d26af-f184-497c-856a-cd1ea7a5115c,CCNYL3
16,34869968,34869968,1,snv_mnv,NA,NA,"broad,dkfz,muse,sanger",4,COSN16632509,NA,AluSg,FALSE,0.1667,NA,9,45,NA,NA,NA,IGR,FALSE,FALSE,FALSE,FALSE,4,2,2,2_2,754d26af-f184-497c-856a-cd1ea7a5115c,"AC092325.1,KIF18BP1"
16,46803796,46803796,1,snv_mnv,1.9968e-4,rs546754180,"broad,dkfz,muse,sanger",4,COSN16631913,rs546754180,FRAM,FALSE,0.1034,NA,6,52,NA,NA,NA,IGR,FALSE,FALSE,FALSE,FALSE,4,2,2,2_2,754d26af-f184-497c-856a-cd1ea7a5115c,NA
16,46977519,46977519,1,snv_mnv,NA,NA,"dkfz,muse,sanger",3,COSN16631739,NA,AluJb,FALSE,0.1132,NA,6,47,NA,NA,NA,IGR,FALSE,FALSE,FALSE,FALSE,4,2,2,2_2,754d26af-f184-497c-856a-cd1ea7a5115c,NA
16,47964280,47964280,1,snv_mnv,NA,NA,"broad,dkfz,muse,sanger",4,COSN16631477,rs779671672,AluSx1,FALSE,0.1522,NA,7,39,NA,NA,NA,IGR,FALSE,FALSE,FALSE,FALSE,4,2,2,2_2,754d26af-f184-497c-856a-cd1ea7a5115c,NA
16,48305859,48305859,1,snv_mnv,NA,NA,"broad,dkfz,muse,sanger",4,COSN16631332,NA,NA,FALSE,0.1143,NA,8,62,NA,NA,NA,Intron,FALSE,FALSE,FALSE,FALSE,4,2,2,2_2,754d26af-f184-497c-856a-cd1ea7a5115c,NA
16,48458613,48458613,1,snv_mnv,NA,NA,"broad,muse",2,COSN16630975,NA,NA,FALSE,0.0667,NA,4,56,NA,NA,NA,IGR,FALSE,FALSE,FALSE,FALSE,4,2,2,2_2,754d26af-f184-497c-856a-cd1ea7a5115c,NA
16,48710766,48710766,1,snv_mnv,NA,NA,"broad,muse,sanger",3,COSN16631425,NA,Tigger1,FALSE,0.069,NA,4,54,NA,NA,NA,IGR,FALSE,FALSE,FALSE,FALSE,4,2,2,2_2,754d26af-f184-497c-856a-cd1ea7a5115c,AC007611.1
16,49061461,49061461,1,snv_mnv,NA,NA,"broad,dkfz,muse,sanger",4,COSN16629868,NA,NA,FALSE,0.2754,NA,19,50,NA,NA,NA,IGR,FALSE,FALSE,FALSE,FALSE,4,2,2,2_2,754d26af-f184-497c-856a-cd1ea7a5115c,NA
16,49623651,49623651,1,snv_mnv,NA,NA,"broad,dkfz,muse,sanger",4,COSN16630062,NA,NA,FALSE,0.0806,NA,5,57,NA,NA,NA,Intron,FALSE,FALSE,FALSE,FALSE,4,2,2,2_2,754d26af-f184-497c-856a-cd1ea7a5115c,NA
16,51032487,51032487,1,snv_mnv,NA,NA,"broad,muse",2,COSN16632310,NA,Ricksha_c,FALSE,0.0588,NA,4,64,NA,NA,NA,IGR,FALSE,FALSE,FALSE,FALSE,4,2,2,2_2,754d26af-f184-497c-856a-cd1ea7a5115c,NA
16,51437444,51437444,1,snv_mnv,NA,NA,"broad,dkfz,muse,sanger",4,COSN16633357,NA,L2b,FALSE,0.1194,NA,8,59,NA,NA,NA,IGR,FALSE,FALSE,FALSE,FALSE,4,2,2,2_2,754d26af-f184-497c-856a-cd1ea7a5115c,NA
16,51548886,51548886,1,snv_mnv,NA,NA,"broad,dkfz,muse,sanger",4,COSN16630433,NA,NA,FALSE,0.0725,NA,5,64,NA,NA,NA,IGR,FALSE,FALSE,FALSE,FALSE,4,2,2,2_2,754d26af-f184-497c-856a-cd1ea7a5115c,NA
16,51629875,51629875,1,snv_mnv,1.9968e-4,rs566425697,"broad,dkfz,muse,sanger",4,COSN16631090,rs566425697,AluSx,FALSE,0.1321,NA,7,46,NA,NA,NA,IGR,FALSE,FALSE,FALSE,FALSE,4,2,2,2_2,754d26af-f184-497c-856a-cd1ea7a5115c,NA
16,52690072,52690072,1,snv_mnv,NA,NA,"broad,dkfz,muse,sanger",4,COSN16631510,NA,NA,FALSE,0.234,NA,11,36,NA,NA,NA,IGR,FALSE,FALSE,FALSE,FALSE,4,2,2,2_2,754d26af-f184-497c-856a-cd1ea7a5115c,"CASC16,AC026462.1"
16,54499041,54499041,1,snv_mnv,1.9968e-4,rs200048707,"broad,dkfz,muse,sanger",4,COSN16632411,rs200048707,MER51A,FALSE,0.1429,NA,10,60,NA,NA,NA,IGR,FALSE,FALSE,FALSE,FALSE,4,2,2,2_2,754d26af-f184-497c-856a-cd1ea7a5115c,NA
16,55285590,55285590,1,snv_mnv,NA,NA,"broad,dkfz,muse,sanger",4,COSN16628922,NA,MLT1F2,FALSE,0.1724,NA,10,48,NA,NA,NA,IGR,FALSE,FALSE,FALSE,FALSE,4,2,2,2_2,754d26af-f184-497c-856a-cd1ea7a5115c,NA
16,55883745,55883745,1,snv_mnv,NA,NA,"broad,muse,sanger",3,COSN16630681,NA,NA,FALSE,0.0851,NA,4,43,NA,NA,NA,Intron,FALSE,FALSE,FALSE,FALSE,4,2,2,2_2,754d26af-f184-497c-856a-cd1ea7a5115c,NA
16,55961362,55961362,1,snv_mnv,NA,NA,"broad,dkfz,muse,sanger",4,COSN16630540,NA,L1PB3,FALSE,0.1765,NA,9,42,NA,NA,NA,Intron,FALSE,FALSE,FALSE,FALSE,4,2,2,2_2,754d26af-f184-497c-856a-cd1ea7a5115c,CES5A
16,56357978,56357978,1,snv_mnv,NA,NA,"broad,dkfz,muse,sanger",4,COSN16629691,rs112240276,NA,FALSE,0.2439,NA,10,31,NA,NA,NA,Intron,FALSE,FALSE,FALSE,FALSE,4,2,2,2_2,754d26af-f184-497c-856a-cd1ea7a5115c,GNAO1
16,56752852,56752852,1,snv_mnv,NA,NA,"broad,muse",2,COSN16632386,NA,L1ME3,FALSE,0.0781,NA,5,59,NA,NA,NA,RNA,FALSE,FALSE,FALSE,FALSE,4,2,2,2_2,754d26af-f184-497c-856a-cd1ea7a5115c,NA
16,57890404,57890404,1,snv_mnv,NA,NA,"broad,muse,sanger",3,COSN16631799,NA,L1MD,FALSE,0.2143,NA,6,22,NA,NA,NA,IGR,FALSE,FALSE,FALSE,FALSE,4,2,2,2_2,754d26af-f184-497c-856a-cd1ea7a5115c,NA
16,58372531,58372531,1,snv_mnv,1.9968e-4,rs181768130,"broad,dkfz,muse,sanger",4,COSN16629565,rs181768130,NA,FALSE,0.2245,NA,11,38,NA,NA,NA,Intron,FALSE,FALSE,FALSE,FALSE,4,2,2,2_2,754d26af-f184-497c-856a-cd1ea7a5115c,NA
16,58960293,58960293,1,snv_mnv,NA,NA,"broad,muse,sanger",3,COSN16633400,NA,NA,FALSE,0.08,NA,4,46,NA,NA,NA,lincRNA,FALSE,FALSE,TRUE,FALSE,4,2,2,2_2,754d26af-f184-497c-856a-cd1ea7a5115c,NA
16,59116608,59116608,1,snv_mnv,NA,NA,"broad,dkfz,muse,sanger",4,COSN16629406,NA,L1ME1,FALSE,0.0725,NA,5,64,NA,NA,NA,lincRNA,FALSE,FALSE,FALSE,FALSE,4,2,2,2_2,754d26af-f184-497c-856a-cd1ea7a5115c,NA
16,59136146,59136146,1,snv_mnv,NA,NA,"broad,muse,sanger",3,COSN16629239,NA,L1PA4,FALSE,0.0946,NA,7,67,NA,NA,NA,lincRNA,FALSE,FALSE,FALSE,FALSE,4,2,2,2_2,754d26af-f184-497c-856a-cd1ea7a5115c,NA
16,59407621,59407621,1,snv_mnv,NA,NA,"broad,muse,sanger",3,COSN16629566,NA,L1MD1,FALSE,0.1053,NA,8,68,NA,NA,NA,IGR,FALSE,FALSE,FALSE,FALSE,4,2,2,2_2,754d26af-f184-497c-856a-cd1ea7a5115c,NA
16,59479832,59479832,1,snv_mnv,NA,NA,"broad,dkfz,muse,sanger",4,COSN16630249,NA,L1PREC2,FALSE,0.0909,NA,7,70,NA,NA,NA,IGR,FALSE,FALSE,FALSE,FALSE,4,2,2,2_2,754d26af-f184-497c-856a-cd1ea7a5115c,NA
16,59892704,59892704,1,snv_mnv,NA,NA,"broad,muse,sanger",3,COSN16633060,NA,NA,FALSE,0.0645,NA,4,58,NA,NA,NA,lincRNA,FALSE,FALSE,FALSE,FALSE,4,2,2,2_2,754d26af-f184-497c-856a-cd1ea7a5115c,NA
16,60811340,60811340,1,snv_mnv,NA,NA,"dkfz,muse,sanger",3,COSN16631008,NA,Tigger2a,FALSE,0.1591,NA,7,37,NA,NA,NA,IGR,FALSE,FALSE,FALSE,FALSE,4,2,2,2_2,754d26af-f184-497c-856a-cd1ea7a5115c,NA
16,60845159,60845159,1,snv_mnv,NA,NA,"broad,dkfz,muse,sanger",4,COSN16630021,NA,NA,FALSE,0.1067,NA,8,67,NA,NA,NA,IGR,FALSE,FALSE,FALSE,FALSE,4,2,2,2_2,754d26af-f184-497c-856a-cd1ea7a5115c,NA
16,60956129,60956129,1,snv_mnv,NA,NA,"broad,dkfz,muse,sanger",4,COSN16628923,NA,MIRb,FALSE,0.1111,NA,7,56,NA,NA,NA,IGR,FALSE,FALSE,FALSE,FALSE,4,2,2,2_2,754d26af-f184-497c-856a-cd1ea7a5115c,AC009169.1
16,61389149,61389149,1,snv_mnv,NA,NA,"broad,muse,sanger",3,COSN16631091,NA,L1PA16,FALSE,0.0667,NA,5,70,NA,NA,NA,IGR,FALSE,FALSE,FALSE,FALSE,4,2,2,2_2,754d26af-f184-497c-856a-cd1ea7a5115c,NA
16,61620152,61620152,1,snv_mnv,NA,NA,"broad,dkfz,muse,sanger",4,COSN16632476,NA,NA,FALSE,0.1562,NA,10,54,NA,NA,NA,IGR,FALSE,FALSE,FALSE,FALSE,4,2,2,2_2,754d26af-f184-497c-856a-cd1ea7a5115c,NA
16,61852800,61852800,1,snv_mnv,NA,NA,"broad,dkfz,muse,sanger",4,COSN16632082,NA,NA,FALSE,0.25,NA,13,39,NA,NA,NA,Intron,FALSE,FALSE,FALSE,FALSE,4,2,2,2_2,754d26af-f184-497c-856a-cd1ea7a5115c,CDH8
16,62312989,62312989,1,snv_mnv,NA,NA,"broad,dkfz,muse",3,COSN16632623,NA,NA,FALSE,0.1,NA,5,45,NA,NA,NA,IGR,FALSE,FALSE,FALSE,FALSE,4,2,2,2_2,754d26af-f184-497c-856a-cd1ea7a5115c,NA
16,62617865,62617865,1,snv_mnv,NA,NA,"broad,dkfz,muse,sanger",4,COSN16631576,NA,NA,FALSE,0.2258,NA,14,48,NA,NA,NA,IGR,FALSE,FALSE,FALSE,FALSE,4,2,2,2_2,754d26af-f184-497c-856a-cd1ea7a5115c,NA
16,62905089,62905089,1,snv_mnv,NA,NA,"broad,dkfz,muse,sanger",4,COSN16631426,NA,NA,FALSE,0.1094,NA,7,57,NA,NA,NA,IGR,FALSE,FALSE,FALSE,FALSE,4,2,2,2_2,754d26af-f184-497c-856a-cd1ea7a5115c,NA
16,64014516,64014516,1,snv_mnv,NA,NA,"broad,dkfz,muse,sanger",4,COSN16633061,NA,LTR62,FALSE,0.0882,NA,6,62,NA,NA,NA,IGR,FALSE,FALSE,FALSE,FALSE,4,2,2,2_2,754d26af-f184-497c-856a-cd1ea7a5115c,NA
16,65206305,65206305,1,snv_mnv,NA,NA,"broad,dkfz,muse,sanger",4,COSN16632716,NA,THE1C,FALSE,0.1364,NA,6,38,NA,NA,NA,lincRNA,FALSE,FALSE,FALSE,FALSE,4,2,2,2_2,754d26af-f184-497c-856a-cd1ea7a5115c,LINC02126
16,65769739,65769739,1,snv_mnv,NA,NA,"broad,dkfz,muse,sanger",4,COSN16630090,NA,THE1B,FALSE,0.127,NA,8,55,NA,NA,NA,IGR,FALSE,FALSE,FALSE,FALSE,4,2,2,2_2,754d26af-f184-497c-856a-cd1ea7a5115c,NA
16,65920525,65920525,1,snv_mnv,NA,NA,"broad,dkfz,muse,sanger",4,COSN16629636,NA,NA,FALSE,0.1356,NA,8,51,NA,NA,NA,IGR,FALSE,FALSE,FALSE,FALSE,4,2,2,2_2,754d26af-f184-497c-856a-cd1ea7a5115c,NA
16,66109878,66109878,1,snv_mnv,NA,NA,"broad,dkfz,muse,sanger",4,COSN16631092,NA,L1ME2,FALSE,0.1622,NA,12,62,NA,NA,NA,IGR,FALSE,FALSE,FALSE,FALSE,4,2,2,2_2,754d26af-f184-497c-856a-cd1ea7a5115c,NA
16,67332909,67332909,1,snv_mnv,NA,NA,"broad,dkfz,muse,sanger",4,COSN16629158,rs188859755,NA,FALSE,0.1346,NA,7,45,NA,NA,NA,Intron,FALSE,FALSE,FALSE,FALSE,4,2,2,2_2,754d26af-f184-497c-856a-cd1ea7a5115c,KCTD19
16,68970639,68970639,1,snv_mnv,NA,NA,"broad,dkfz,muse,sanger",4,COSN16631712,NA,NA,FALSE,0.1373,NA,7,44,NA,NA,NA,Intron,FALSE,FALSE,FALSE,FALSE,4,2,2,2_2,754d26af-f184-497c-856a-cd1ea7a5115c,NA
16,68991810,68991810,1,snv_mnv,NA,NA,"broad,muse,sanger",3,COSN16628892,NA,AluSq2,FALSE,0.1282,NA,5,34,NA,NA,NA,Intron,FALSE,FALSE,FALSE,FALSE,4,2,2,2_2,754d26af-f184-497c-856a-cd1ea7a5115c,NA
16,69654168,69654168,1,snv_mnv,NA,NA,"broad,dkfz,muse,sanger",4,COSN16630161,NA,NA,FALSE,0.1389,NA,10,62,NA,NA,NA,Intron,FALSE,FALSE,FALSE,FALSE,4,2,2,2_2,754d26af-f184-497c-856a-cd1ea7a5115c,NA
16,72053152,72053152,1,snv_mnv,NA,NA,"broad,dkfz,muse,sanger",4,COSN16633271,NA,AluSx1,FALSE,0.1176,NA,6,45,NA,NA,NA,Intron,FALSE,FALSE,FALSE,FALSE,4,2,2,2_2,754d26af-f184-497c-856a-cd1ea7a5115c,DHODH
16,72598589,72598589,1,snv_mnv,NA,NA,"broad,muse,sanger",3,COSN16632243,NA,AluY,FALSE,0.14,NA,7,43,NA,NA,NA,lincRNA,FALSE,FALSE,FALSE,FALSE,4,2,2,2_2,754d26af-f184-497c-856a-cd1ea7a5115c,NA
16,73603106,73603106,1,snv_mnv,NA,NA,"broad,muse,sanger",3,COSN16632912,NA,NA,FALSE,0.0702,NA,4,53,NA,NA,NA,IGR,FALSE,FALSE,FALSE,FALSE,4,2,2,2_2,754d26af-f184-497c-856a-cd1ea7a5115c,NA
16,74207127,74207127,1,snv_mnv,NA,NA,"broad,muse,sanger",3,COSN16631538,NA,AluSq2,FALSE,0.2222,NA,6,21,NA,NA,NA,IGR,FALSE,FALSE,FALSE,FALSE,4,2,2,2_2,754d26af-f184-497c-856a-cd1ea7a5115c,NA
16,75527338,75527338,1,snv_mnv,NA,NA,"broad,dkfz,muse,sanger",4,COSN16631630,NA,AluSg,FALSE,0.1778,NA,8,37,NA,NA,NA,Intron,FALSE,FALSE,FALSE,FALSE,4,2,2,2_2,754d26af-f184-497c-856a-cd1ea7a5115c,AC009163.6
16,76095949,76095949,1,snv_mnv,NA,NA,"broad,dkfz,muse,sanger",4,COSN16628924,NA,NA,FALSE,0.1356,NA,8,51,NA,NA,NA,IGR,FALSE,FALSE,FALSE,FALSE,4,2,2,2_2,754d26af-f184-497c-856a-cd1ea7a5115c,NA
16,76126765,76126765,1,snv_mnv,NA,NA,"broad,dkfz,muse,sanger",4,COSN16629273,NA,NA,FALSE,0.1625,NA,13,67,NA,NA,NA,IGR,FALSE,FALSE,FALSE,FALSE,4,2,2,2_2,754d26af-f184-497c-856a-cd1ea7a5115c,NA
16,76189715,76189715,1,snv_mnv,NA,NA,"broad,dkfz,muse,sanger",4,COSN16632412,NA,NA,FALSE,0.08,NA,6,69,NA,NA,NA,IGR,FALSE,FALSE,FALSE,FALSE,4,2,2,2_2,754d26af-f184-497c-856a-cd1ea7a5115c,NA
16,76357552,76357552,1,snv_mnv,NA,NA,"broad,dkfz,muse,sanger",4,COSN16629515,NA,NA,FALSE,0.1071,NA,6,50,NA,NA,NA,Intron,FALSE,FALSE,FALSE,FALSE,4,2,2,2_2,754d26af-f184-497c-856a-cd1ea7a5115c,NA
16,76387345,76387345,1,snv_mnv,NA,NA,"broad,dkfz,muse,sanger",4,COSN16629240,NA,MER74C,FALSE,0.2245,NA,11,38,NA,NA,NA,Intron,FALSE,FALSE,FALSE,FALSE,4,2,2,2_2,754d26af-f184-497c-856a-cd1ea7a5115c,NA
16,76457130,76457130,1,snv_mnv,NA,NA,"broad,dkfz,muse,sanger",4,COSN16632687,NA,NA,FALSE,0.0864,NA,7,74,NA,NA,NA,Intron,FALSE,FALSE,FALSE,FALSE,4,2,2,2_2,754d26af-f184-497c-856a-cd1ea7a5115c,NA
16,77031667,77031667,1,snv_mnv,NA,NA,"broad,dkfz,muse,sanger",4,COSN16633096,NA,NA,FALSE,0.1375,NA,11,69,NA,NA,NA,IGR,FALSE,FALSE,FALSE,FALSE,4,2,2,2_2,754d26af-f184-497c-856a-cd1ea7a5115c,NA
16,77296468,77296468,1,snv_mnv,NA,NA,"broad,muse",2,COSN16632215,NA,L1M4,FALSE,0.0667,NA,5,70,NA,NA,NA,RNA,FALSE,FALSE,FALSE,FALSE,4,2,2,2_2,754d26af-f184-497c-856a-cd1ea7a5115c,NA
16,77314338,77314338,1,snv_mnv,NA,NA,"broad,dkfz,muse,sanger",4,COSN16633237,NA,NA,FALSE,0.1176,NA,10,75,NA,NA,NA,IGR,FALSE,FALSE,FALSE,FALSE,4,2,2,2_2,754d26af-f184-497c-856a-cd1ea7a5115c,ADAMTS18
16,77321616,77321616,1,snv_mnv,NA,NA,"broad,muse",2,COSN16631453,rs182058014,AluSx1,FALSE,0.093,NA,4,39,NA,NA,NA,Intron,FALSE,FALSE,FALSE,FALSE,4,2,2,2_2,754d26af-f184-497c-856a-cd1ea7a5115c,NA
16,77778364,77778364,1,snv_mnv,NA,NA,"broad,dkfz,muse,sanger",4,COSN16631454,NA,NA,FALSE,0.0755,NA,4,49,NA,NA,NA,IGR,FALSE,FALSE,FALSE,FALSE,4,2,2,2_2,754d26af-f184-497c-856a-cd1ea7a5115c,"NUDT7,AC092134.1"
16,78020609,78020609,1,snv_mnv,NA,NA,"broad,dkfz,muse,sanger",4,COSN16630541,NA,MIRb,FALSE,0.1186,NA,7,52,NA,NA,NA,IGR,FALSE,FALSE,FALSE,FALSE,4,2,2,2_2,754d26af-f184-497c-856a-cd1ea7a5115c,NA
16,78697956,78697956,1,snv_mnv,1.9968e-4,rs561598359,"broad,dkfz,muse,sanger",4,COSN9653189,rs561598359,L2a,FALSE,0.1408,NA,10,61,NA,NA,NA,Intron,FALSE,FALSE,FALSE,FALSE,4,2,2,2_2,754d26af-f184-497c-856a-cd1ea7a5115c,NA
16,79239892,79239892,1,snv_mnv,NA,NA,"broad,dkfz,muse,sanger",4,COSN16630976,NA,NA,FALSE,0.0952,NA,4,38,NA,NA,NA,Intron,FALSE,FALSE,FALSE,FALSE,4,2,2,2_2,754d26af-f184-497c-856a-cd1ea7a5115c,NA
16,79549114,79549114,1,snv_mnv,NA,NA,"broad,dkfz,muse,sanger",4,COSN16631891,rs530487192,NA,FALSE,0.1299,NA,10,67,NA,NA,NA,lincRNA,FALSE,FALSE,FALSE,FALSE,4,2,2,2_2,754d26af-f184-497c-856a-cd1ea7a5115c,NA
16,79892785,79892785,1,snv_mnv,NA,NA,"broad,dkfz,muse,sanger",4,COSN16629130,NA,NA,FALSE,0.1351,NA,5,32,NA,NA,NA,IGR,FALSE,FALSE,FALSE,FALSE,4,2,2,2_2,754d26af-f184-497c-856a-cd1ea7a5115c,NA
16,80250394,80250394,1,snv_mnv,NA,NA,"broad,dkfz,muse,sanger",4,COSN16633325,NA,MIRb,FALSE,0.1047,NA,9,77,NA,NA,NA,RNA,FALSE,FALSE,FALSE,FALSE,4,2,2,2_2,754d26af-f184-497c-856a-cd1ea7a5115c,AC105411.1
16,80343052,80343052,1,snv_mnv,NA,NA,"broad,dkfz,muse,sanger",4,COSN16630130,NA,NA,FALSE,0.129,NA,8,54,NA,NA,NA,RNA,FALSE,FALSE,FALSE,FALSE,4,2,2,2_2,754d26af-f184-497c-856a-cd1ea7a5115c,NA
16,80531406,80531406,1,snv_mnv,NA,NA,"broad,muse",2,COSN16630682,NA,MER21C,FALSE,0.0714,NA,5,65,NA,NA,NA,RNA,FALSE,FALSE,FALSE,FALSE,4,2,2,2_2,754d26af-f184-497c-856a-cd1ea7a5115c,NA
16,80553763,80553763,1,snv_mnv,NA,NA,"broad,dkfz,muse,sanger",4,COSN16629214,NA,L2c,FALSE,0.1408,NA,10,61,NA,NA,NA,RNA,FALSE,FALSE,FALSE,FALSE,4,2,2,2_2,754d26af-f184-497c-856a-cd1ea7a5115c,NA
16,82571316,82571316,1,snv_mnv,NA,NA,"broad,dkfz,muse,sanger",4,COSN16629951,NA,AluSg4,FALSE,0.125,NA,7,49,NA,NA,NA,IGR,FALSE,FALSE,FALSE,FALSE,4,2,2,2_2,754d26af-f184-497c-856a-cd1ea7a5115c,NA
16,83041453,83041453,1,snv_mnv,NA,NA,"broad,muse",2,COSN16630457,NA,AluSz6,FALSE,0.0822,NA,6,67,NA,NA,NA,Intron,FALSE,FALSE,FALSE,FALSE,4,2,2,2_2,754d26af-f184-497c-856a-cd1ea7a5115c,NA
16,83613894,83613894,1,snv_mnv,NA,NA,"broad,dkfz,muse,sanger",4,COSN16630162,NA,NA,FALSE,0.0714,NA,5,65,NA,NA,NA,Intron,FALSE,FALSE,FALSE,FALSE,4,2,2,2_2,754d26af-f184-497c-856a-cd1ea7a5115c,NA
16,84830490,84830490,1,snv_mnv,NA,NA,"broad,dkfz,muse,sanger",4,COSN16632997,NA,AluSx1,FALSE,0.1607,NA,9,47,NA,NA,NA,IGR,FALSE,FALSE,FALSE,FALSE,4,2,2,2_2,754d26af-f184-497c-856a-cd1ea7a5115c,NA
16,85134273,85134273,1,snv_mnv,NA,NA,"broad,dkfz,muse,sanger",4,COSN16631772,NA,MLT1F1,FALSE,0.1803,NA,11,50,NA,NA,NA,Intron,FALSE,FALSE,FALSE,FALSE,4,2,2,2_2,754d26af-f184-497c-856a-cd1ea7a5115c,NA
16,85897886,85897886,1,snv_mnv,NA,NA,"broad,dkfz,muse,sanger",4,COSN16632591,NA,L1ME1,FALSE,0.1268,NA,9,62,NA,NA,NA,IGR,FALSE,FALSE,FALSE,FALSE,4,2,2,2_2,754d26af-f184-497c-856a-cd1ea7a5115c,AC018695.7
16,87163920,87163920,1,snv_mnv,NA,NA,"broad,muse,sanger",3,COSN16631914,NA,FordPrefect_a,FALSE,0.1277,NA,6,41,NA,NA,NA,Intron,FALSE,FALSE,FALSE,FALSE,4,2,2,2_2,754d26af-f184-497c-856a-cd1ea7a5115c,NA
16,87396242,87396242,1,snv_mnv,NA,NA,"broad,dkfz,muse,sanger",4,COSN16631333,NA,AluSz,FALSE,0.225,NA,9,31,NA,NA,NA,Intron,FALSE,FALSE,FALSE,FALSE,4,2,2,2_2,754d26af-f184-497c-856a-cd1ea7a5115c,NA
16,87698564,87698564,1,snv_mnv,NA,NA,"dkfz,muse,sanger",3,COSN16630683,NA,NA,FALSE,0.1628,NA,7,36,NA,NA,NA,Intron,FALSE,FALSE,FALSE,FALSE,4,2,2,2_2,754d26af-f184-497c-856a-cd1ea7a5115c,NA
17,7578272,7578272,1,snv_mnv,NA,NA,"broad,dkfz,muse,sanger",4,COSM1731184,NA,NA,FALSE,0.129,NA,4,27,NA,NA,NA,Missense_Mutation,FALSE,FALSE,FALSE,FALSE,2,2,0,2_0,754d26af-f184-497c-856a-cd1ea7a5115c,NA
17,7578273,7578273,1,snv_mnv,NA,NA,"broad,dkfz,muse,sanger",4,COSM1564187,NA,NA,FALSE,0.129,NA,4,27,NA,NA,NA,Missense_Mutation,FALSE,FALSE,FALSE,FALSE,2,2,0,2_0,754d26af-f184-497c-856a-cd1ea7a5115c,NA
17,9927856,9927856,1,snv_mnv,NA,NA,"broad,dkfz,sanger",3,COSN16632998,rs753479300,NA,FALSE,0.098,NA,5,46,NA,NA,NA,Intron,FALSE,FALSE,FALSE,FALSE,2,2,0,2_0,754d26af-f184-497c-856a-cd1ea7a5115c,GAS7
17,9947377,9947377,1,snv_mnv,NA,NA,"broad,muse,sanger",3,COSN16631455,NA,Tigger2b_Pri,FALSE,0.0926,NA,5,49,NA,NA,NA,Intron,FALSE,FALSE,FALSE,FALSE,2,2,0,2_0,754d26af-f184-497c-856a-cd1ea7a5115c,NA
17,10094046,10094046,1,snv_mnv,NA,NA,"broad,dkfz,muse,sanger",4,COSN16633125,NA,NA,FALSE,0.1455,NA,8,47,NA,NA,NA,Intron,FALSE,FALSE,FALSE,FALSE,2,2,0,2_0,754d26af-f184-497c-856a-cd1ea7a5115c,NA
17,10094047,10094047,1,snv_mnv,NA,NA,"broad,dkfz,muse,sanger",4,COSN16631037,NA,MER30,FALSE,0.1455,NA,8,47,NA,NA,NA,Intron,FALSE,FALSE,FALSE,FALSE,2,2,0,2_0,754d26af-f184-497c-856a-cd1ea7a5115c,NA
17,10838429,10838429,1,snv_mnv,NA,NA,"broad,dkfz,muse,sanger",4,COSN16633298,NA,AluSz,FALSE,0.234,NA,11,36,NA,NA,NA,IGR,FALSE,FALSE,FALSE,FALSE,2,2,0,2_0,754d26af-f184-497c-856a-cd1ea7a5115c,NA
17,11090876,11090876,1,snv_mnv,NA,NA,"broad,dkfz,muse,sanger",4,COSN16631400,NA,MIR,FALSE,0.1429,NA,7,42,NA,NA,NA,IGR,FALSE,FALSE,FALSE,FALSE,2,2,0,2_0,754d26af-f184-497c-856a-cd1ea7a5115c,NA
17,12068273,12068273,1,snv_mnv,NA,NA,"broad,dkfz,muse,sanger",4,COSN16629716,NA,MSTB,FALSE,0.3585,NA,19,34,NA,NA,NA,IGR,FALSE,FALSE,FALSE,FALSE,2,2,0,2_0,754d26af-f184-497c-856a-cd1ea7a5115c,NA
17,12099844,12099844,1,snv_mnv,NA,NA,"broad,dkfz,muse",3,COSN16632829,NA,AluY,FALSE,0.2143,NA,6,22,NA,NA,NA,IGR,FALSE,FALSE,FALSE,FALSE,2,2,0,2_0,754d26af-f184-497c-856a-cd1ea7a5115c,NA
17,12387559,12387559,1,snv_mnv,NA,NA,"broad,muse,sanger",3,COSN16632592,NA,NA,FALSE,0.082,NA,5,56,NA,NA,NA,IGR,FALSE,FALSE,TRUE,FALSE,2,2,0,2_0,754d26af-f184-497c-856a-cd1ea7a5115c,NA
17,13013131,13013131,1,snv_mnv,NA,NA,"broad,dkfz,muse,sanger",4,COSN16633097,NA,AluSx,FALSE,0.1333,NA,6,39,NA,NA,NA,IGR,FALSE,FALSE,FALSE,FALSE,2,2,0,2_0,754d26af-f184-497c-856a-cd1ea7a5115c,NA
17,13986112,13986112,1,snv_mnv,NA,NA,"broad,muse,sanger",3,COSN16629341,NA,MER5A,FALSE,0.0678,NA,4,55,NA,NA,NA,Intron,FALSE,FALSE,FALSE,FALSE,2,2,0,2_0,754d26af-f184-497c-856a-cd1ea7a5115c,NA
17,14562848,14562848,1,snv_mnv,NA,NA,"broad,dkfz,muse,sanger",4,COSN16633272,NA,L1ME3F,FALSE,0.0909,NA,6,60,NA,NA,NA,IGR,FALSE,FALSE,TRUE,FALSE,2,2,0,2_0,754d26af-f184-497c-856a-cd1ea7a5115c,NA
17,15979754,15979754,1,snv_mnv,NA,NA,"broad,dkfz,muse,sanger",4,COSN16630861,NA,HSMAR1,FALSE,0.2619,NA,11,31,NA,NA,NA,Intron,FALSE,FALSE,FALSE,FALSE,2,2,0,2_0,754d26af-f184-497c-856a-cd1ea7a5115c,NA
17,17433753,17433753,1,snv_mnv,NA,NA,"broad,dkfz,muse,sanger",4,COSN16631892,NA,AluSx1,FALSE,0.2683,NA,11,30,NA,NA,NA,Intron,FALSE,FALSE,FALSE,FALSE,2,2,0,2_0,754d26af-f184-497c-856a-cd1ea7a5115c,NA
17,21979432,21979432,1,snv_mnv,NA,NA,"broad,muse,sanger",3,COSN16632083,NA,L1PA4,FALSE,0.1719,NA,11,53,NA,NA,NA,IGR,FALSE,FALSE,FALSE,FALSE,2,2,0,2_0,754d26af-f184-497c-856a-cd1ea7a5115c,NA
17,21998740,21998740,1,snv_mnv,NA,NA,"broad,muse,sanger",3,COSN16631274,NA,L1PA5,FALSE,0.0943,NA,5,48,NA,NA,NA,IGR,FALSE,FALSE,FALSE,FALSE,2,2,0,2_0,754d26af-f184-497c-856a-cd1ea7a5115c,NA
17,22141090,22141090,1,snv_mnv,NA,NA,"broad,muse,sanger",3,COSN16629042,NA,AluJo,FALSE,0.1333,NA,8,52,NA,NA,NA,IGR,FALSE,FALSE,FALSE,FALSE,2,2,0,2_0,754d26af-f184-497c-856a-cd1ea7a5115c,NA
17,27149981,27149981,1,snv_mnv,NA,NA,"broad,dkfz,muse,sanger",4,COSN16633029,NA,AluSc8,FALSE,0.0986,NA,7,64,NA,NA,NA,Intron,FALSE,FALSE,FALSE,FALSE,4,2,2,2_2,754d26af-f184-497c-856a-cd1ea7a5115c,NA
17,27739407,27739407,1,snv_mnv,NA,NA,"broad,muse,sanger",3,COSN16633030,NA,NA,FALSE,0.0833,NA,6,66,NA,NA,NA,Intron,FALSE,FALSE,FALSE,FALSE,4,2,2,2_2,754d26af-f184-497c-856a-cd1ea7a5115c,NA
17,27739511,27739511,1,snv_mnv,NA,NA,"broad,dkfz,muse,sanger",4,COSN16628980,NA,NA,FALSE,0.1091,NA,6,49,NA,NA,NA,Intron,FALSE,FALSE,FALSE,FALSE,4,2,2,2_2,754d26af-f184-497c-856a-cd1ea7a5115c,NA
17,28096930,28096930,1,snv_mnv,NA,NA,"broad,dkfz,muse,sanger",4,COSN16629750,NA,NA,FALSE,0.0843,NA,7,76,NA,NA,NA,Intron,FALSE,FALSE,FALSE,FALSE,4,2,2,2_2,754d26af-f184-497c-856a-cd1ea7a5115c,NA
17,28600838,28600838,1,snv_mnv,NA,NA,"broad,dkfz,muse,sanger",4,COSN16632388,NA,NA,FALSE,0.1014,NA,7,62,NA,NA,NA,Intron,FALSE,FALSE,FALSE,FALSE,4,2,2,2_2,754d26af-f184-497c-856a-cd1ea7a5115c,BLMH
17,28938449,28938449,1,snv_mnv,NA,NA,"broad,dkfz,muse,sanger",4,COSN16632311,NA,NA,FALSE,0.1791,NA,12,55,NA,NA,NA,RNA,FALSE,FALSE,FALSE,FALSE,4,2,2,2_2,754d26af-f184-497c-856a-cd1ea7a5115c,NA
17,30276797,30276797,1,snv_mnv,NA,NA,"broad,muse,sanger",3,COSN16629317,NA,AluSz,FALSE,0.2581,NA,8,23,NA,NA,NA,Intron,FALSE,FALSE,FALSE,FALSE,4,2,2,2_2,754d26af-f184-497c-856a-cd1ea7a5115c,NA
17,32026735,32026735,1,snv_mnv,NA,NA,"broad,dkfz,muse,sanger",4,COSN16631009,NA,NA,FALSE,0.1571,NA,11,59,NA,NA,NA,Intron,FALSE,FALSE,FALSE,FALSE,4,2,2,2_2,754d26af-f184-497c-856a-cd1ea7a5115c,NA
17,32366366,32366366,1,snv_mnv,NA,NA,"broad,dkfz,muse,sanger",4,COSN16630977,NA,NA,FALSE,0.1395,NA,6,37,NA,NA,NA,Intron,FALSE,FALSE,FALSE,FALSE,4,2,2,2_2,754d26af-f184-497c-856a-cd1ea7a5115c,NA
17,33135574,33135574,1,snv_mnv,3.9936e-4,rs565109415,"broad,dkfz,muse,sanger",4,COSN16630163,rs565109415,AluSq2,FALSE,0.2264,NA,12,41,NA,NA,NA,IGR,FALSE,FALSE,FALSE,FALSE,4,2,2,2_2,754d26af-f184-497c-856a-cd1ea7a5115c,NA
17,33207507,33207507,1,snv_mnv,NA,NA,"broad,dkfz,muse,sanger",4,COSN16630197,NA,L1MEb,FALSE,0.1351,NA,10,64,NA,NA,NA,IGR,FALSE,FALSE,FALSE,FALSE,4,2,2,2_2,754d26af-f184-497c-856a-cd1ea7a5115c,NA
17,33315755,33315755,1,snv_mnv,NA,NA,"broad,dkfz,muse,sanger",4,COSN16632891,NA,NA,FALSE,0.1429,NA,8,48,NA,NA,NA,Intron,FALSE,FALSE,FALSE,FALSE,4,2,2,2_2,754d26af-f184-497c-856a-cd1ea7a5115c,LIG3
17,33878909,33878909,1,snv_mnv,NA,NA,"broad,muse,sanger",3,COSN16628952,NA,HERV17-int,FALSE,0.1,NA,5,45,NA,NA,NA,Intron,FALSE,FALSE,FALSE,FALSE,4,2,2,2_2,754d26af-f184-497c-856a-cd1ea7a5115c,AC015911.6
17,35559021,35559021,1,snv_mnv,NA,NA,"broad,dkfz,muse,sanger",4,COSN16629869,NA,NA,FALSE,0.1017,NA,6,53,NA,NA,NA,Intron,FALSE,FALSE,FALSE,FALSE,4,2,2,2_2,754d26af-f184-497c-856a-cd1ea7a5115c,NA
17,40257193,40257193,1,snv_mnv,NA,NA,"broad,dkfz,muse,sanger",4,COSM4962666,NA,NA,FALSE,0.1538,NA,8,44,NA,NA,NA,Intron,FALSE,FALSE,FALSE,FALSE,4,2,2,2_2,754d26af-f184-497c-856a-cd1ea7a5115c,DHX58
17,41345378,41345378,1,snv_mnv,NA,NA,"broad,dkfz,muse,sanger",4,COSM4962702,NA,NA,FALSE,0.1304,NA,6,40,NA,NA,NA,Nonsense_Mutation,FALSE,FALSE,FALSE,FALSE,4,2,2,2_2,754d26af-f184-497c-856a-cd1ea7a5115c,NA
17,41891874,41891874,1,snv_mnv,NA,NA,"broad,dkfz,muse,sanger",4,COSN16629488,NA,NA,FALSE,0.1321,NA,7,46,NA,NA,NA,Intron,FALSE,FALSE,FALSE,FALSE,4,2,2,2_2,754d26af-f184-497c-856a-cd1ea7a5115c,MPP3
17,42817678,42817678,1,snv_mnv,NA,NA,"broad,dkfz,muse,sanger",4,COSN16630715,NA,NA,FALSE,0.2778,NA,15,39,NA,NA,NA,Intron,FALSE,FALSE,FALSE,FALSE,4,2,2,2_2,754d26af-f184-497c-856a-cd1ea7a5115c,NA
17,43978972,43978972,1,snv_mnv,NA,NA,"broad,dkfz,muse,sanger",4,COSN16629717,NA,Tigger13a,FALSE,0.1273,NA,7,48,NA,NA,NA,Intron,FALSE,FALSE,FALSE,FALSE,4,2,2,2_2,754d26af-f184-497c-856a-cd1ea7a5115c,MAPT-IT1
17,46055048,46055048,1,snv_mnv,NA,NA,"broad,dkfz,muse,sanger",4,COSN16631893,NA,NA,FALSE,0.1731,NA,9,43,NA,NA,NA,Intron,FALSE,FALSE,FALSE,FALSE,4,2,2,2_2,754d26af-f184-497c-856a-cd1ea7a5115c,"CDK5RAP3,AC018521.1,AC018521.4"
17,46475911,46475911,1,snv_mnv,NA,NA,"broad,dkfz,muse,sanger",4,COSN16631198,NA,MER1A,FALSE,0.1702,NA,8,39,NA,NA,NA,Intron,FALSE,FALSE,FALSE,FALSE,4,2,2,2_2,754d26af-f184-497c-856a-cd1ea7a5115c,NA
17,48651298,48651298,1,snv_mnv,NA,NA,"broad,dkfz,muse,sanger",4,COSN16630315,NA,MIR,FALSE,0.186,NA,16,70,NA,NA,NA,Intron,FALSE,FALSE,FALSE,FALSE,4,2,2,2_2,754d26af-f184-497c-856a-cd1ea7a5115c,CACNA1G
17,49182747,49182747,1,snv_mnv,NA,NA,"broad,dkfz,muse,sanger",4,COSN16633126,NA,NA,FALSE,0.2727,NA,18,48,NA,NA,NA,Intron,FALSE,FALSE,FALSE,FALSE,4,2,2,2_2,754d26af-f184-497c-856a-cd1ea7a5115c,NA
17,49914875,49914875,1,snv_mnv,1.9968e-4,rs558528769,"broad,dkfz,muse,sanger",4,COSN16894789,rs558528769,MIRb,FALSE,0.1273,NA,7,48,NA,NA,NA,Intron,FALSE,FALSE,FALSE,FALSE,4,2,2,2_2,754d26af-f184-497c-856a-cd1ea7a5115c,NA
17,50010377,50010377,1,snv_mnv,3.9936e-4,rs574899549,"broad,dkfz,muse,sanger",4,COSN16631275,rs574899549,NA,FALSE,0.0735,NA,5,63,NA,NA,NA,Intron,FALSE,FALSE,FALSE,FALSE,4,2,2,2_2,754d26af-f184-497c-856a-cd1ea7a5115c,NA
17,50434843,50434843,1,snv_mnv,NA,NA,"broad,muse,sanger",3,COSN16629567,NA,NA,FALSE,0.0741,NA,4,50,NA,NA,NA,IGR,FALSE,FALSE,TRUE,FALSE,4,2,2,2_2,754d26af-f184-497c-856a-cd1ea7a5115c,NA
17,50607926,50607926,1,snv_mnv,NA,NA,"broad,dkfz,muse,sanger",4,COSN16631854,NA,NA,FALSE,0.1461,NA,13,76,NA,NA,NA,lincRNA,FALSE,FALSE,FALSE,FALSE,4,2,2,2_2,754d26af-f184-497c-856a-cd1ea7a5115c,NA
17,50852828,50852828,1,snv_mnv,NA,NA,"broad,muse,sanger",3,COSN16632312,NA,AluSx3,FALSE,0.069,NA,4,54,NA,NA,NA,IGR,FALSE,FALSE,FALSE,FALSE,4,2,2,2_2,754d26af-f184-497c-856a-cd1ea7a5115c,NA
17,51063555,51063555,1,snv_mnv,NA,NA,"broad,dkfz,muse,sanger",4,COSN16632717,NA,NA,FALSE,0.1594,NA,11,58,NA,NA,NA,Intron,FALSE,FALSE,FALSE,FALSE,4,2,2,2_2,754d26af-f184-497c-856a-cd1ea7a5115c,NA
17,51377441,51377441,1,snv_mnv,NA,NA,"broad,dkfz,muse,sanger",4,COSN16633299,NA,L1MA9,FALSE,0.1034,NA,6,52,NA,NA,NA,IGR,FALSE,FALSE,FALSE,FALSE,4,2,2,2_2,754d26af-f184-497c-856a-cd1ea7a5115c,NA
17,51378221,51378221,1,snv_mnv,NA,NA,"broad,dkfz,muse,sanger",4,COSN16630131,NA,L1MA9,FALSE,0.0816,NA,4,45,NA,NA,NA,IGR,FALSE,FALSE,FALSE,FALSE,4,2,2,2_2,754d26af-f184-497c-856a-cd1ea7a5115c,NA
17,51438793,51438793,1,snv_mnv,NA,NA,"broad,dkfz,muse,sanger",4,COSN16629342,rs778486667,NA,FALSE,0.1282,NA,10,68,NA,NA,NA,IGR,FALSE,FALSE,FALSE,FALSE,4,2,2,2_2,754d26af-f184-497c-856a-cd1ea7a5115c,NA
17,51635910,51635910,1,snv_mnv,NA,NA,"broad,muse",2,COSN16630832,NA,L1P4,FALSE,0.0541,NA,4,70,NA,NA,NA,IGR,FALSE,FALSE,FALSE,FALSE,4,2,2,2_2,754d26af-f184-497c-856a-cd1ea7a5115c,NA
17,51876299,51876299,1,snv_mnv,NA,NA,"broad,muse",2,COSN16630458,NA,NA,FALSE,0.0641,NA,5,73,NA,NA,NA,IGR,FALSE,FALSE,FALSE,FALSE,4,2,2,2_2,754d26af-f184-497c-856a-cd1ea7a5115c,NA
17,52390928,52390928,1,snv_mnv,NA,NA,"broad,muse",2,COSN16630377,NA,LTR82A,FALSE,0.0494,NA,4,77,NA,NA,NA,IGR,FALSE,FALSE,FALSE,FALSE,4,2,2,2_2,754d26af-f184-497c-856a-cd1ea7a5115c,NA
17,53614883,53614883,1,snv_mnv,NA,NA,"broad,muse",2,COSN16629928,NA,AluJo,FALSE,0.0769,NA,3,36,NA,NA,NA,RNA,FALSE,FALSE,FALSE,FALSE,4,2,2,2_2,754d26af-f184-497c-856a-cd1ea7a5115c,NA
17,54145534,54145534,1,snv_mnv,3.9936e-4,rs181723195,"broad,muse,sanger",3,COSN16631740,rs181723195,L2b,FALSE,0.0877,NA,5,52,NA,NA,NA,IGR,FALSE,FALSE,FALSE,FALSE,4,2,2,2_2,754d26af-f184-497c-856a-cd1ea7a5115c,NA
17,56368839,56368839,1,snv_mnv,NA,NA,"broad,sanger",2,COSN16629980,NA,L1M5,FALSE,0.0714,NA,4,52,NA,NA,NA,IGR,FALSE,FALSE,FALSE,FALSE,2,2,0,2_0,754d26af-f184-497c-856a-cd1ea7a5115c,NA
17,56711405,56711405,1,snv_mnv,NA,NA,"broad,dkfz,muse,sanger",4,COSN16628953,NA,NA,FALSE,0.1579,NA,6,32,NA,NA,NA,Intron,FALSE,FALSE,FALSE,FALSE,2,2,0,2_0,754d26af-f184-497c-856a-cd1ea7a5115c,RF00012
17,57413282,57413282,1,snv_mnv,NA,NA,"broad,dkfz,muse,sanger",4,COSN16631773,NA,L2a,FALSE,0.1346,NA,7,45,NA,NA,NA,Intron,FALSE,FALSE,FALSE,FALSE,2,2,0,2_0,754d26af-f184-497c-856a-cd1ea7a5115c,NA
17,59673763,59673763,1,snv_mnv,NA,NA,"broad,dkfz,muse,sanger",4,COSN16629460,rs773963273,NA,FALSE,0.1429,NA,7,42,NA,NA,NA,IGR,FALSE,FALSE,FALSE,FALSE,2,2,0,2_0,754d26af-f184-497c-856a-cd1ea7a5115c,NA
17,60198093,60198093,1,snv_mnv,NA,NA,"broad,dkfz,muse,sanger",4,COSN16631915,NA,AluSx1,FALSE,0.1538,NA,8,44,NA,NA,NA,RNA,FALSE,FALSE,FALSE,FALSE,4,2,2,2_2,754d26af-f184-497c-856a-cd1ea7a5115c,RF00019
17,60851002,60851002,1,snv_mnv,1.9968e-4,rs543769892,"broad,dkfz,muse,sanger",4,COSN16629841,rs543769892,L2a,FALSE,0.1333,NA,6,39,NA,NA,NA,Intron,FALSE,FALSE,FALSE,FALSE,4,2,2,2_2,754d26af-f184-497c-856a-cd1ea7a5115c,NA
17,61130096,61130096,1,snv_mnv,NA,NA,"broad,dkfz,muse,sanger",4,COSN16631916,NA,NA,FALSE,0.127,NA,8,55,NA,NA,NA,Intron,FALSE,FALSE,FALSE,FALSE,4,2,2,2_2,754d26af-f184-497c-856a-cd1ea7a5115c,NA
17,61171978,61171978,1,snv_mnv,NA,NA,"broad,dkfz,muse,sanger",4,COSN16629099,NA,NA,FALSE,0.1029,NA,7,61,NA,NA,NA,Intron,FALSE,FALSE,FALSE,FALSE,4,2,2,2_2,754d26af-f184-497c-856a-cd1ea7a5115c,NA
17,61395016,61395016,1,snv_mnv,NA,NA,"broad,dkfz,sanger",3,COSN16631199,NA,NA,FALSE,0.0847,NA,5,54,NA,NA,NA,Intron,FALSE,FALSE,FALSE,FALSE,4,2,2,2_2,754d26af-f184-497c-856a-cd1ea7a5115c,AC005828.2
17,61930644,61930644,1,snv_mnv,5.9904e-4,rs183100238,"broad,dkfz,muse,sanger",4,COSN16630346,rs183100238,AluJr,FALSE,0.175,NA,7,33,NA,NA,NA,IGR,FALSE,FALSE,FALSE,FALSE,4,2,2,2_2,754d26af-f184-497c-856a-cd1ea7a5115c,TCAM1P
17,62091456,62091456,1,snv_mnv,NA,NA,"broad,dkfz,muse,sanger",4,COSN16629002,NA,L1MEe,FALSE,0.2222,NA,14,49,NA,NA,NA,Intron,FALSE,FALSE,FALSE,FALSE,4,2,2,2_2,754d26af-f184-497c-856a-cd1ea7a5115c,NA
17,63407128,63407128,1,snv_mnv,NA,NA,"broad,muse,sanger",3,COSN16630684,NA,AluSz6,FALSE,0.1875,NA,6,26,NA,NA,NA,IGR,FALSE,FALSE,FALSE,FALSE,2,2,0,2_0,754d26af-f184-497c-856a-cd1ea7a5115c,NA
17,65436364,65436364,1,snv_mnv,1.9968e-4,rs576709462,"broad,dkfz,muse,sanger",4,COSN16631148,rs576709462,MER96B,FALSE,0.1667,NA,7,35,NA,NA,NA,Intron,FALSE,FALSE,FALSE,FALSE,4,2,2,2_2,754d26af-f184-497c-856a-cd1ea7a5115c,NA
17,66229190,66229190,1,snv_mnv,NA,NA,"broad,muse,sanger",3,COSN16632855,NA,MLT1A,FALSE,0.1373,NA,7,44,NA,NA,NA,IGR,FALSE,FALSE,FALSE,FALSE,4,2,2,2_2,754d26af-f184-497c-856a-cd1ea7a5115c,NA
17,66529022,66529022,1,snv_mnv,NA,NA,"broad,dkfz,muse,sanger",4,COSN16629064,rs375692436,NA,FALSE,0.25,NA,16,48,NA,NA,NA,3'UTR,FALSE,FALSE,FALSE,FALSE,4,2,2,2_2,754d26af-f184-497c-856a-cd1ea7a5115c,"FAM20A,PRKAR1A"
17,66704020,66704020,1,snv_mnv,NA,NA,"broad,dkfz,muse,sanger",4,COSN16632478,NA,AluSp,FALSE,0.2857,NA,10,25,NA,NA,NA,IGR,FALSE,FALSE,FALSE,FALSE,4,2,2,2_2,754d26af-f184-497c-856a-cd1ea7a5115c,NA
17,67009480,67009480,1,snv_mnv,NA,NA,"broad,dkfz,muse,sanger",4,COSN16631800,NA,NA,FALSE,0.1818,NA,14,63,NA,NA,NA,Intron,FALSE,FALSE,FALSE,FALSE,4,2,2,2_2,754d26af-f184-497c-856a-cd1ea7a5115c,ABCA9-AS1
17,70767563,70767563,1,snv_mnv,NA,NA,"broad,dkfz,muse,sanger",4,COSN16631065,NA,NA,FALSE,0.2083,NA,10,38,NA,NA,NA,Intron,FALSE,FALSE,FALSE,FALSE,4,2,2,2_2,754d26af-f184-497c-856a-cd1ea7a5115c,NA
17,70800858,70800858,1,snv_mnv,5.9904e-4,rs145555386,"broad,dkfz,muse,sanger",4,COSN16631917,rs145555386,MIR3,FALSE,0.1034,NA,6,52,NA,NA,NA,Intron,FALSE,FALSE,FALSE,FALSE,4,2,2,2_2,754d26af-f184-497c-856a-cd1ea7a5115c,NA
17,72318327,72318327,1,snv_mnv,NA,NA,"broad,dkfz,muse,sanger",4,COSN16629784,NA,NA,FALSE,0.1852,NA,10,44,NA,NA,NA,IGR,FALSE,FALSE,FALSE,FALSE,4,2,2,2_2,754d26af-f184-497c-856a-cd1ea7a5115c,KIF19
17,72318414,72318414,1,snv_mnv,NA,NA,"broad,dkfz,muse,sanger",4,COSN16632803,NA,NA,FALSE,0.125,NA,6,42,NA,NA,NA,IGR,FALSE,FALSE,FALSE,FALSE,4,2,2,2_2,754d26af-f184-497c-856a-cd1ea7a5115c,KIF19
17,73212039,73212039,1,snv_mnv,NA,NA,"broad,dkfz,muse,sanger",4,COSN16630063,NA,NA,FALSE,0.1509,NA,8,45,NA,NA,NA,Intron,FALSE,FALSE,FALSE,FALSE,4,2,2,2_2,754d26af-f184-497c-856a-cd1ea7a5115c,NUP85
17,74038696,74038696,1,snv_mnv,NA,NA,"broad,muse,sanger",3,COSN16631038,NA,AluSz,FALSE,0.1795,NA,7,32,NA,NA,NA,Intron,FALSE,FALSE,FALSE,FALSE,4,2,2,2_2,754d26af-f184-497c-856a-cd1ea7a5115c,SRP68
17,74696274,74696274,1,snv_mnv,NA,NA,"broad,muse",2,COSN16883899,NA,AluSx,FALSE,0.0851,NA,4,43,NA,NA,NA,Intron,FALSE,FALSE,FALSE,FALSE,4,2,2,2_2,754d26af-f184-497c-856a-cd1ea7a5115c,RNY4P36
17,74898655,74898655,1,snv_mnv,NA,NA,"broad,muse,sanger",3,COSM4962708,NA,NA,FALSE,0.1875,NA,3,13,NA,NA,NA,Silent,FALSE,FALSE,FALSE,FALSE,4,2,2,2_2,754d26af-f184-497c-856a-cd1ea7a5115c,NA
17,74898710,74898710,1,snv_mnv,NA,NA,"broad,dkfz,muse,sanger",4,COSM4962675,NA,NA,FALSE,0.2222,NA,4,14,NA,NA,NA,Missense_Mutation,FALSE,FALSE,FALSE,FALSE,4,2,2,2_2,754d26af-f184-497c-856a-cd1ea7a5115c,NA
17,76187983,76187983,1,snv_mnv,NA,NA,"broad,muse,sanger",3,COSN16631631,NA,AluSc,FALSE,0.2333,NA,7,23,NA,NA,NA,Intron,FALSE,FALSE,FALSE,FALSE,4,2,2,2_2,754d26af-f184-497c-856a-cd1ea7a5115c,TK1
17,78654037,78654037,1,snv_mnv,NA,NA,"broad,dkfz,muse,sanger",4,COSN16632291,NA,NA,FALSE,0.1364,NA,9,57,NA,NA,NA,Intron,FALSE,FALSE,FALSE,FALSE,4,2,2,2_2,754d26af-f184-497c-856a-cd1ea7a5115c,NA
18,2341186,2341186,1,snv_mnv,NA,NA,"broad,muse",2,COSN16630771,NA,MIRb,FALSE,0.0732,NA,3,38,NA,NA,NA,IGR,FALSE,FALSE,FALSE,FALSE,1,1,0,1_0,754d26af-f184-497c-856a-cd1ea7a5115c,NA
18,2354760,2354760,1,snv_mnv,NA,NA,"broad,dkfz,muse,sanger",4,COSN16631010,NA,L1PA16,FALSE,0.1045,NA,7,60,NA,NA,NA,IGR,FALSE,FALSE,FALSE,FALSE,1,1,0,1_0,754d26af-f184-497c-856a-cd1ea7a5115c,NA
18,2929489,2929489,1,snv_mnv,1.9968e-4,rs553187091,"broad,dkfz,muse",3,COSN16633274,rs553187091,NA,FALSE,0.119,NA,5,37,NA,NA,NA,Intron,FALSE,FALSE,FALSE,FALSE,1,1,0,1_0,754d26af-f184-497c-856a-cd1ea7a5115c,NA
18,4207043,4207043,1,snv_mnv,NA,NA,"broad,dkfz,muse,sanger",4,COSN16631894,NA,L2c,FALSE,0.3571,NA,15,27,NA,NA,NA,Intron,FALSE,FALSE,FALSE,FALSE,1,1,0,1_0,754d26af-f184-497c-856a-cd1ea7a5115c,NA
18,4230499,4230499,1,snv_mnv,NA,NA,"broad,dkfz,muse,sanger",4,COSN16629952,NA,L1MA3,FALSE,0.1613,NA,10,52,NA,NA,NA,Intron,FALSE,FALSE,FALSE,FALSE,1,1,0,1_0,754d26af-f184-497c-856a-cd1ea7a5115c,NA
18,4524423,4524423,1,snv_mnv,NA,NA,"broad,dkfz,muse,sanger",4,COSN16631601,NA,NA,FALSE,0.1053,NA,6,51,NA,NA,NA,IGR,FALSE,FALSE,FALSE,FALSE,1,1,0,1_0,754d26af-f184-497c-856a-cd1ea7a5115c,NA
18,4982663,4982663,1,snv_mnv,NA,NA,"broad,muse,sanger",3,COSN16633127,NA,L1PA10,FALSE,0.0909,NA,5,50,NA,NA,NA,lincRNA,FALSE,FALSE,FALSE,FALSE,1,1,0,1_0,754d26af-f184-497c-856a-cd1ea7a5115c,NA
18,5264274,5264274,1,snv_mnv,NA,NA,"broad,muse,sanger",3,COSN16629461,NA,L1PA13,FALSE,0.0962,NA,5,47,NA,NA,NA,IGR,FALSE,FALSE,FALSE,FALSE,1,1,0,1_0,754d26af-f184-497c-856a-cd1ea7a5115c,NA
18,5497911,5497911,1,snv_mnv,3.9936e-4,rs570436398,"broad,muse,sanger",3,COSN16629811,rs570436398,NA,FALSE,0.1282,NA,5,34,NA,NA,NA,Intron,FALSE,FALSE,FALSE,FALSE,1,1,0,1_0,754d26af-f184-497c-856a-cd1ea7a5115c,NA
18,5547027,5547027,1,snv_mnv,NA,NA,"broad,dkfz,muse,sanger",4,COSN16631741,NA,NA,FALSE,0.1346,NA,7,45,NA,NA,NA,5'Flank,FALSE,FALSE,FALSE,FALSE,1,1,0,1_0,754d26af-f184-497c-856a-cd1ea7a5115c,EPB41L3
18,6441761,6441761,1,snv_mnv,NA,NA,"broad,muse",2,COSN16631895,NA,NA,FALSE,0.0645,NA,4,58,NA,NA,NA,IGR,FALSE,FALSE,FALSE,FALSE,1,1,0,1_0,754d26af-f184-497c-856a-cd1ea7a5115c,NA
18,6567613,6567613,1,snv_mnv,NA,NA,"broad,dkfz,muse,sanger",4,COSN16630978,rs761932416,NA,FALSE,0.125,NA,5,35,NA,NA,NA,Intron,FALSE,FALSE,FALSE,FALSE,1,1,0,1_0,754d26af-f184-497c-856a-cd1ea7a5115c,NA
18,9027993,9027993,1,snv_mnv,NA,NA,"broad,dkfz,muse,sanger",4,COSN16632053,NA,NA,FALSE,0.2545,NA,14,41,NA,NA,NA,IGR,FALSE,FALSE,FALSE,FALSE,1,1,0,1_0,754d26af-f184-497c-856a-cd1ea7a5115c,NA
18,9608082,9608082,1,snv_mnv,NA,NA,"broad,muse,sanger",3,COSN16630946,NA,L1P3,FALSE,0.0909,NA,4,40,NA,NA,NA,Intron,FALSE,FALSE,FALSE,FALSE,1,1,0,1_0,754d26af-f184-497c-856a-cd1ea7a5115c,NA
18,10110332,10110332,1,snv_mnv,NA,NA,"broad,muse,sanger",3,COSN16630434,NA,NA,FALSE,0.0952,NA,4,38,NA,NA,NA,IGR,FALSE,FALSE,FALSE,FALSE,1,1,0,1_0,754d26af-f184-497c-856a-cd1ea7a5115c,NA
18,13945408,13945408,1,snv_mnv,NA,NA,"broad,muse",2,COSN8247817,rs754488665,AluY,FALSE,0.0698,NA,3,40,NA,NA,NA,IGR,FALSE,FALSE,FALSE,FALSE,1,1,0,1_0,754d26af-f184-497c-856a-cd1ea7a5115c,NA
18,13993329,13993329,1,snv_mnv,NA,NA,"broad,dkfz,muse,sanger",4,COSN16631039,NA,MER2,FALSE,0.1053,NA,6,51,NA,NA,NA,IGR,FALSE,FALSE,FALSE,FALSE,1,1,0,1_0,754d26af-f184-497c-856a-cd1ea7a5115c,NA
18,19488582,19488582,1,snv_mnv,NA,NA,"broad,dkfz,muse,sanger",4,COSN16630797,NA,NA,FALSE,0.069,NA,22,297,NA,NA,NA,IGR,FALSE,FALSE,FALSE,FALSE,49,47,2,47_2,754d26af-f184-497c-856a-cd1ea7a5115c,NA
18,19488718,19488718,1,snv_mnv,NA,NA,"broad,dkfz,muse",3,COSN16630284,NA,(TCTCTG)n,FALSE,0.0642,NA,21,306,NA,NA,NA,IGR,FALSE,FALSE,FALSE,FALSE,49,47,2,47_2,754d26af-f184-497c-856a-cd1ea7a5115c,NA
18,19488752,19488752,1,snv_mnv,NA,NA,"broad,dkfz,muse",3,COSN16630685,NA,NA,FALSE,0.052,NA,17,310,NA,NA,NA,IGR,FALSE,FALSE,FALSE,FALSE,49,47,2,47_2,754d26af-f184-497c-856a-cd1ea7a5115c,NA
18,19501723,19501723,1,snv_mnv,NA,NA,"broad,dkfz,muse,sanger",4,COSN16629953,NA,NA,FALSE,0.2642,NA,65,181,NA,NA,NA,IGR,FALSE,FALSE,FALSE,FALSE,49,47,2,47_2,754d26af-f184-497c-856a-cd1ea7a5115c,NA
18,19818199,19818199,1,snv_mnv,NA,NA,"broad,dkfz,muse,sanger",4,COSN16629720,NA,NA,FALSE,0.0722,NA,21,270,NA,NA,NA,IGR,FALSE,FALSE,FALSE,FALSE,49,48,1,48_1,754d26af-f184-497c-856a-cd1ea7a5115c,NA
18,19818340,19818340,1,snv_mnv,NA,NA,"broad,dkfz,muse,sanger",4,COSN16631149,NA,NA,FALSE,0.0903,NA,28,282,NA,NA,NA,IGR,FALSE,FALSE,FALSE,FALSE,49,48,1,48_1,754d26af-f184-497c-856a-cd1ea7a5115c,NA
18,19818434,19818434,1,snv_mnv,NA,NA,"broad,dkfz,muse,sanger",4,COSN16633178,NA,MIRb,FALSE,0.1004,NA,27,242,NA,NA,NA,IGR,FALSE,FALSE,FALSE,FALSE,49,48,1,48_1,754d26af-f184-497c-856a-cd1ea7a5115c,NA
18,19818833,19818833,1,snv_mnv,NA,NA,"broad,dkfz,muse,sanger",4,COSN16632913,NA,NA,FALSE,0.0985,NA,27,247,NA,NA,NA,IGR,FALSE,FALSE,FALSE,FALSE,49,48,1,48_1,754d26af-f184-497c-856a-cd1ea7a5115c,NA
18,19819150,19819150,1,snv_mnv,NA,NA,"broad,dkfz,muse,sanger",4,COSN16632084,NA,NA,FALSE,0.1141,NA,34,264,NA,NA,NA,IGR,FALSE,FALSE,FALSE,FALSE,49,48,1,48_1,754d26af-f184-497c-856a-cd1ea7a5115c,NA
18,20668636,20668636,1,snv_mnv,NA,NA,"broad,dkfz,muse,sanger",4,COSN16632804,NA,LTR33A_,FALSE,0.4136,NA,91,129,NA,NA,NA,IGR,FALSE,FALSE,FALSE,FALSE,49,48,1,48_1,754d26af-f184-497c-856a-cd1ea7a5115c,NA
18,20668871,20668871,1,snv_mnv,NA,NA,"broad,dkfz,muse,sanger",4,COSN16631094,NA,NA,FALSE,0.1233,NA,27,192,NA,NA,NA,IGR,FALSE,FALSE,FALSE,FALSE,49,48,1,48_1,754d26af-f184-497c-856a-cd1ea7a5115c,NA
18,22492256,22492256,1,snv_mnv,NA,NA,"broad,dkfz,muse,sanger",4,COSN16631250,NA,NA,FALSE,0.0833,NA,5,55,NA,NA,NA,lincRNA,FALSE,FALSE,FALSE,FALSE,1,1,0,1_0,754d26af-f184-497c-856a-cd1ea7a5115c,NA
18,22503280,22503280,1,snv_mnv,NA,NA,"broad,muse,sanger",3,COSN16631066,NA,NA,FALSE,0.0755,NA,4,49,NA,NA,NA,lincRNA,FALSE,FALSE,FALSE,FALSE,1,1,0,1_0,754d26af-f184-497c-856a-cd1ea7a5115c,NA
18,24808876,24808876,1,snv_mnv,NA,NA,"broad,dkfz,muse,sanger",4,COSN16630896,NA,L1M5,FALSE,0.2105,NA,8,30,NA,NA,NA,lincRNA,FALSE,FALSE,FALSE,FALSE,1,1,0,1_0,754d26af-f184-497c-856a-cd1ea7a5115c,NA
18,25777283,25777283,1,snv_mnv,NA,NA,"broad,muse,sanger",3,COSN16629568,NA,MER47A,FALSE,0.0833,NA,4,44,NA,NA,NA,IGR,FALSE,FALSE,FALSE,FALSE,1,1,0,1_0,754d26af-f184-497c-856a-cd1ea7a5115c,NA
18,26076243,26076243,1,snv_mnv,NA,NA,"broad,dkfz,muse,sanger",4,COSN16629431,NA,L2b,FALSE,0.0769,NA,6,72,NA,NA,NA,IGR,FALSE,FALSE,FALSE,FALSE,1,1,0,1_0,754d26af-f184-497c-856a-cd1ea7a5115c,NA
18,26333401,26333401,1,snv_mnv,NA,NA,"broad,muse,sanger",3,COSN16629190,NA,L1MA9,FALSE,0.0943,NA,5,48,NA,NA,NA,IGR,FALSE,FALSE,FALSE,FALSE,1,1,0,1_0,754d26af-f184-497c-856a-cd1ea7a5115c,NA
18,26488448,26488448,1,snv_mnv,NA,NA,"dkfz,muse,sanger",3,COSN16629870,NA,NA,FALSE,0.1321,NA,7,46,NA,NA,NA,IGR,FALSE,FALSE,FALSE,FALSE,1,1,0,1_0,754d26af-f184-497c-856a-cd1ea7a5115c,NA
18,27285579,27285579,1,snv_mnv,NA,NA,"broad,muse",2,COSN16632965,NA,L1PB3,FALSE,0.0702,NA,4,53,NA,NA,NA,IGR,FALSE,FALSE,FALSE,FALSE,1,1,0,1_0,754d26af-f184-497c-856a-cd1ea7a5115c,NA
18,27437337,27437337,1,snv_mnv,NA,NA,"broad,dkfz,muse,sanger",4,COSN16630741,NA,NA,FALSE,0.0968,NA,6,56,NA,NA,NA,IGR,FALSE,FALSE,TRUE,FALSE,1,1,0,1_0,754d26af-f184-497c-856a-cd1ea7a5115c,NA
18,30692114,30692114,1,snv_mnv,NA,NA,"broad,dkfz,muse,sanger",4,COSN16632534,NA,NA,FALSE,0.1053,NA,6,51,NA,NA,NA,Intron,FALSE,FALSE,FALSE,FALSE,1,1,0,1_0,754d26af-f184-497c-856a-cd1ea7a5115c,NA
18,30951497,30951497,1,snv_mnv,NA,NA,"broad,dkfz,muse,sanger",4,COSN16632115,NA,NA,FALSE,0.1,NA,5,45,NA,NA,NA,Intron,FALSE,FALSE,FALSE,FALSE,1,1,0,1_0,754d26af-f184-497c-856a-cd1ea7a5115c,NA
18,31114250,31114250,1,snv_mnv,NA,NA,"broad,dkfz,muse,sanger",4,COSN16631251,NA,L1PA17,FALSE,0.1071,NA,6,50,NA,NA,NA,IGR,FALSE,FALSE,FALSE,FALSE,1,1,0,1_0,754d26af-f184-497c-856a-cd1ea7a5115c,NA
18,32070198,32070198,1,snv_mnv,NA,NA,"broad,muse,sanger",3,COSN16632085,NA,NA,FALSE,0.0851,NA,4,43,NA,NA,NA,IGR,FALSE,FALSE,FALSE,FALSE,1,1,0,1_0,754d26af-f184-497c-856a-cd1ea7a5115c,DTNA
18,32188485,32188485,1,snv_mnv,NA,NA,"broad,muse,sanger",3,COSN16630091,NA,L4,FALSE,0.0741,NA,4,50,NA,NA,NA,Intron,FALSE,FALSE,TRUE,FALSE,1,1,0,1_0,754d26af-f184-497c-856a-cd1ea7a5115c,NA
18,35769103,35769103,1,snv_mnv,NA,NA,"broad,dkfz,muse,sanger",4,COSN16629954,NA,L1MCc,FALSE,0.3636,NA,20,35,NA,NA,NA,IGR,FALSE,FALSE,FALSE,FALSE,1,1,0,1_0,754d26af-f184-497c-856a-cd1ea7a5115c,NA
18,35891118,35891118,1,snv_mnv,NA,NA,"broad,dkfz,muse,sanger",4,COSN16630798,NA,NA,FALSE,0.1905,NA,8,34,NA,NA,NA,IGR,FALSE,FALSE,FALSE,FALSE,1,1,0,1_0,754d26af-f184-497c-856a-cd1ea7a5115c,NA
18,36700073,36700073,1,snv_mnv,NA,NA,"broad,dkfz,muse,sanger",4,COSN16630164,NA,L1PB1,FALSE,0.3636,NA,16,28,NA,NA,NA,IGR,FALSE,FALSE,FALSE,FALSE,1,1,0,1_0,754d26af-f184-497c-856a-cd1ea7a5115c,NA
18,37282795,37282795,1,snv_mnv,NA,NA,"broad,dkfz,sanger",3,COSN16632778,NA,NA,FALSE,0.0943,NA,5,48,NA,NA,NA,lincRNA,FALSE,FALSE,FALSE,FALSE,1,1,0,1_0,754d26af-f184-497c-856a-cd1ea7a5115c,NA
18,37386591,37386591,1,snv_mnv,NA,NA,"broad,sanger",2,COSN16630165,NA,THE1C,FALSE,0.1111,NA,5,40,NA,NA,NA,IGR,FALSE,FALSE,FALSE,FALSE,1,1,0,1_0,754d26af-f184-497c-856a-cd1ea7a5115c,NA
18,38977638,38977638,1,snv_mnv,NA,NA,"broad,muse,sanger",3,COSN16631997,NA,MIRb,FALSE,0.1,NA,5,45,NA,NA,NA,IGR,FALSE,FALSE,FALSE,FALSE,1,1,0,1_0,754d26af-f184-497c-856a-cd1ea7a5115c,NA
18,39037542,39037542,1,snv_mnv,NA,NA,"broad,dkfz,muse,sanger",4,COSN16631824,NA,NA,FALSE,0.2941,NA,15,36,NA,NA,NA,IGR,FALSE,FALSE,FALSE,FALSE,1,1,0,1_0,754d26af-f184-497c-856a-cd1ea7a5115c,NA
18,39282629,39282629,1,snv_mnv,NA,NA,"broad,dkfz,muse,sanger",4,COSN16630251,NA,MER63A,FALSE,0.26,NA,13,37,NA,NA,NA,IGR,FALSE,FALSE,FALSE,FALSE,1,1,0,1_0,754d26af-f184-497c-856a-cd1ea7a5115c,NA
18,39640153,39640153,1,snv_mnv,NA,NA,"broad,dkfz,muse,sanger",4,COSN16631896,NA,NA,FALSE,0.439,NA,18,23,NA,NA,NA,Intron,FALSE,FALSE,TRUE,FALSE,1,1,0,1_0,754d26af-f184-497c-856a-cd1ea7a5115c,PIK3C3
18,40678345,40678345,1,snv_mnv,NA,NA,"broad,dkfz,muse,sanger",4,COSN16633326,NA,NA,FALSE,0.1111,NA,6,48,NA,NA,NA,Intron,FALSE,FALSE,FALSE,FALSE,1,1,0,1_0,754d26af-f184-497c-856a-cd1ea7a5115c,NA
18,40800575,40800575,1,snv_mnv,NA,NA,"broad,muse,sanger",3,COSN16633358,NA,MSTC-int,FALSE,0.1176,NA,4,30,NA,NA,NA,IGR,FALSE,FALSE,FALSE,FALSE,1,1,0,1_0,754d26af-f184-497c-856a-cd1ea7a5115c,NA
18,41089075,41089075,1,snv_mnv,NA,NA,"broad,dkfz,muse,sanger",4,COSN16630252,NA,HERVIP10F-int,FALSE,0.2917,NA,14,34,NA,NA,NA,IGR,FALSE,FALSE,TRUE,FALSE,1,1,0,1_0,754d26af-f184-497c-856a-cd1ea7a5115c,NA
18,42681098,42681098,1,snv_mnv,1.9968e-4,rs546805950,"broad,dkfz,muse,sanger",4,COSN16628893,rs546805950,MamRep605,FALSE,0.0909,NA,6,60,NA,NA,NA,IGR,FALSE,FALSE,FALSE,FALSE,1,1,0,1_0,754d26af-f184-497c-856a-cd1ea7a5115c,NA
18,47242850,47242850,1,snv_mnv,NA,NA,"broad,dkfz,muse,sanger",4,COSN16630285,NA,L1PA7,FALSE,0.3103,NA,9,20,NA,NA,NA,IGR,FALSE,FALSE,FALSE,FALSE,1,1,0,1_0,754d26af-f184-497c-856a-cd1ea7a5115c,NA
18,49289766,49289766,1,snv_mnv,NA,NA,"broad,dkfz,muse,sanger",4,COSN16630686,NA,L2,FALSE,0.3043,NA,14,32,NA,NA,NA,IGR,FALSE,FALSE,FALSE,FALSE,1,1,0,1_0,754d26af-f184-497c-856a-cd1ea7a5115c,NA
18,50239552,50239552,1,snv_mnv,NA,NA,"broad,dkfz,muse,sanger",4,COSN16631743,NA,NA,FALSE,0.1458,NA,7,41,NA,NA,NA,Intron,FALSE,FALSE,FALSE,FALSE,1,1,0,1_0,754d26af-f184-497c-856a-cd1ea7a5115c,NA
18,51439630,51439630,1,snv_mnv,NA,NA,"broad,muse,sanger",3,COSN16630166,NA,L1MCa,FALSE,0.0597,NA,4,63,NA,NA,NA,IGR,FALSE,FALSE,FALSE,FALSE,1,1,0,1_0,754d26af-f184-497c-856a-cd1ea7a5115c,NA
18,51587221,51587221,1,snv_mnv,NA,NA,"broad,muse",2,COSN16631301,NA,NA,FALSE,0.0784,NA,4,47,NA,NA,NA,IGR,FALSE,FALSE,FALSE,FALSE,1,1,0,1_0,754d26af-f184-497c-856a-cd1ea7a5115c,NA
18,51682159,51682159,1,snv_mnv,NA,NA,"broad,dkfz,muse,sanger",4,COSN16629611,NA,NA,FALSE,0.0962,NA,5,47,NA,NA,NA,Intron,FALSE,FALSE,FALSE,FALSE,1,1,0,1_0,754d26af-f184-497c-856a-cd1ea7a5115c,MBD2
18,52698036,52698036,1,snv_mnv,NA,NA,"broad,dkfz,muse,sanger",4,COSN16631855,NA,NA,FALSE,0.0714,NA,4,52,NA,NA,NA,IGR,FALSE,FALSE,FALSE,FALSE,1,1,0,1_0,754d26af-f184-497c-856a-cd1ea7a5115c,NA
18,52712124,52712124,1,snv_mnv,NA,NA,"broad,muse",2,COSN16632650,NA,L1PA10,FALSE,0.2697,NA,24,65,NA,NA,NA,IGR,FALSE,FALSE,FALSE,FALSE,1,1,0,1_0,754d26af-f184-497c-856a-cd1ea7a5115c,NA
18,53171341,53171341,1,snv_mnv,NA,NA,"broad,dkfz,muse,sanger",4,COSN16632745,NA,NA,FALSE,0.2308,NA,12,40,NA,NA,NA,Intron,FALSE,FALSE,FALSE,FALSE,1,1,0,1_0,754d26af-f184-497c-856a-cd1ea7a5115c,NA
18,53449597,53449597,1,snv_mnv,NA,NA,"broad,muse",2,COSN16630316,NA,NA,FALSE,0.0741,NA,4,50,NA,NA,NA,lincRNA,FALSE,FALSE,FALSE,FALSE,1,1,0,1_0,754d26af-f184-497c-856a-cd1ea7a5115c,LINC01415
18,55036199,55036199,1,snv_mnv,1.9968e-4,rs575332263,"broad,muse",2,COSN16631040,rs575332263,(CA)n,FALSE,0.0794,NA,5,58,NA,NA,NA,IGR,FALSE,FALSE,FALSE,FALSE,1,1,0,1_0,754d26af-f184-497c-856a-cd1ea7a5115c,ST8SIA3
18,55360969,55360969,1,snv_mnv,NA,NA,"broad,muse,sanger",3,COSN16629721,NA,AluSq,FALSE,0.1379,NA,4,25,NA,NA,NA,Intron,FALSE,FALSE,TRUE,FALSE,1,1,0,1_0,754d26af-f184-497c-856a-cd1ea7a5115c,ATP8B1
18,56107158,56107158,1,snv_mnv,NA,NA,"broad,muse,sanger",3,COSN16631277,NA,AluJo,FALSE,0.098,NA,5,46,NA,NA,NA,IGR,FALSE,FALSE,FALSE,FALSE,1,1,0,1_0,754d26af-f184-497c-856a-cd1ea7a5115c,NA
18,56409536,56409536,1,snv_mnv,NA,NA,"broad,dkfz,muse,sanger",4,COSN16632805,NA,NA,FALSE,0.1636,NA,9,46,NA,NA,NA,Intron,FALSE,FALSE,FALSE,FALSE,1,1,0,1_0,754d26af-f184-497c-856a-cd1ea7a5115c,NA
18,58781078,58781078,1,snv_mnv,NA,NA,"broad,muse",2,COSN16631744,NA,L1MCc,FALSE,0.0656,NA,4,57,NA,NA,NA,IGR,FALSE,FALSE,FALSE,FALSE,1,1,0,1_0,754d26af-f184-497c-856a-cd1ea7a5115c,NA
18,60181848,60181848,1,snv_mnv,NA,NA,"broad,dkfz,muse,sanger",4,COSN16631302,NA,L1M4b,FALSE,0.1395,NA,6,37,NA,NA,NA,IGR,FALSE,FALSE,TRUE,FALSE,1,1,0,1_0,754d26af-f184-497c-856a-cd1ea7a5115c,NA
18,61788231,61788231,1,snv_mnv,NA,NA,"broad,muse,sanger",3,COSN16632479,NA,AT_rich,FALSE,0.08,NA,4,46,NA,NA,NA,lincRNA,FALSE,FALSE,TRUE,FALSE,1,1,0,1_0,754d26af-f184-497c-856a-cd1ea7a5115c,NA
18,62369627,62369627,1,snv_mnv,NA,NA,"broad,muse,sanger",3,COSN16632116,NA,NA,FALSE,0.1,NA,4,36,NA,NA,NA,IGR,FALSE,FALSE,FALSE,FALSE,1,1,0,1_0,754d26af-f184-497c-856a-cd1ea7a5115c,NA
18,62441404,62441404,1,snv_mnv,NA,NA,"broad,muse",2,COSN16633359,NA,NA,FALSE,0.0656,NA,4,57,NA,NA,NA,IGR,FALSE,FALSE,FALSE,FALSE,1,1,0,1_0,754d26af-f184-497c-856a-cd1ea7a5115c,NA
18,62509069,62509069,1,snv_mnv,NA,NA,"broad,muse,sanger",3,COSN7346285,NA,NA,FALSE,0.069,NA,4,54,NA,NA,NA,IGR,FALSE,FALSE,FALSE,FALSE,1,1,0,1_0,754d26af-f184-497c-856a-cd1ea7a5115c,NA
18,62614360,62614360,1,snv_mnv,NA,NA,"broad,dkfz,muse,sanger",4,COSN16629898,NA,MER66-int,FALSE,0.1613,NA,10,52,NA,NA,NA,IGR,FALSE,FALSE,FALSE,FALSE,1,1,0,1_0,754d26af-f184-497c-856a-cd1ea7a5115c,NA
18,62645425,62645425,1,snv_mnv,NA,NA,"broad,dkfz,muse,sanger",4,COSN16631998,NA,NA,FALSE,0.0857,NA,6,64,NA,NA,NA,IGR,FALSE,FALSE,FALSE,FALSE,1,1,0,1_0,754d26af-f184-497c-856a-cd1ea7a5115c,NA
18,62992269,62992269,1,snv_mnv,NA,NA,"broad,dkfz,muse,sanger",4,COSN16630947,NA,NA,FALSE,0.1034,NA,6,52,NA,NA,NA,IGR,FALSE,FALSE,FALSE,FALSE,1,1,0,1_0,754d26af-f184-497c-856a-cd1ea7a5115c,NA
18,63864752,63864752,1,snv_mnv,NA,NA,"broad,dkfz,muse,sanger",4,COSN16629191,NA,NA,FALSE,0.1351,NA,5,32,NA,NA,NA,IGR,FALSE,FALSE,FALSE,FALSE,1,1,0,1_0,754d26af-f184-497c-856a-cd1ea7a5115c,NA
18,63894174,63894174,1,snv_mnv,NA,NA,"broad,dkfz,sanger",3,COSN16628981,NA,NA,FALSE,0.0889,NA,4,41,NA,NA,NA,IGR,FALSE,FALSE,FALSE,FALSE,1,1,0,1_0,754d26af-f184-497c-856a-cd1ea7a5115c,NA
18,66757091,66757091,1,snv_mnv,1.9968e-4,rs567372315,"dkfz,muse,sanger",3,COSN16632688,rs567372315,NA,FALSE,0.1207,NA,7,51,NA,NA,NA,IGR,FALSE,FALSE,FALSE,FALSE,1,1,0,1_0,754d26af-f184-497c-856a-cd1ea7a5115c,NA
18,67541197,67541197,1,snv_mnv,NA,NA,"broad,muse,sanger",3,COSN16629377,NA,NA,FALSE,0.102,NA,5,44,NA,NA,NA,Intron,FALSE,FALSE,FALSE,FALSE,1,1,0,1_0,754d26af-f184-497c-856a-cd1ea7a5115c,NA
18,67712782,67712782,1,snv_mnv,NA,NA,"broad,dkfz,muse,sanger",4,COSN16629100,NA,NA,FALSE,0.24,NA,12,38,NA,NA,NA,Intron,FALSE,FALSE,FALSE,FALSE,1,1,0,1_0,754d26af-f184-497c-856a-cd1ea7a5115c,NA
18,68502350,68502350,1,snv_mnv,NA,NA,"broad,muse,sanger",3,COSN16633148,NA,AluY,FALSE,0.325,NA,13,27,NA,NA,NA,IGR,FALSE,FALSE,FALSE,FALSE,1,1,0,1_0,754d26af-f184-497c-856a-cd1ea7a5115c,NA
18,68518015,68518015,1,snv_mnv,NA,NA,"broad,muse,sanger",3,COSN16632651,NA,L2a,FALSE,0.0833,NA,4,44,NA,NA,NA,IGR,FALSE,FALSE,FALSE,FALSE,1,1,0,1_0,754d26af-f184-497c-856a-cd1ea7a5115c,NA
18,70724032,70724032,1,snv_mnv,NA,NA,"broad,dkfz,muse,sanger",4,COSN16632022,NA,NA,FALSE,0.0962,NA,5,47,NA,NA,NA,IGR,FALSE,FALSE,FALSE,FALSE,1,1,0,1_0,754d26af-f184-497c-856a-cd1ea7a5115c,NA
18,71146111,71146111,1,snv_mnv,NA,NA,"broad,dkfz,muse,sanger",4,COSN16632244,NA,NA,FALSE,0.3091,NA,17,38,NA,NA,NA,IGR,FALSE,FALSE,FALSE,FALSE,1,1,0,1_0,754d26af-f184-497c-856a-cd1ea7a5115c,NA
18,71307807,71307807,1,snv_mnv,NA,NA,"broad,dkfz,muse,sanger",4,COSN16633382,rs778991210,Charlie7,FALSE,0.0926,NA,5,49,NA,NA,NA,IGR,FALSE,FALSE,FALSE,FALSE,1,1,0,1_0,754d26af-f184-497c-856a-cd1ea7a5115c,NA
18,73237465,73237465,1,snv_mnv,NA,NA,"broad,muse,sanger",3,COSN16633201,NA,MLT1B,FALSE,0.1,NA,6,54,NA,NA,NA,IGR,FALSE,FALSE,FALSE,FALSE,1,1,0,1_0,754d26af-f184-497c-856a-cd1ea7a5115c,NA
18,73384939,73384939,1,snv_mnv,NA,NA,"broad,muse,sanger",3,COSN16632934,NA,AluSz,FALSE,0.0833,NA,4,44,NA,NA,NA,IGR,FALSE,FALSE,TRUE,FALSE,1,1,0,1_0,754d26af-f184-497c-856a-cd1ea7a5115c,NA
18,73409204,73409204,1,snv_mnv,NA,NA,"broad,muse,sanger",3,COSN16629981,NA,NA,FALSE,0.0625,NA,4,60,NA,NA,NA,lincRNA,FALSE,FALSE,FALSE,FALSE,1,1,0,1_0,754d26af-f184-497c-856a-cd1ea7a5115c,NA
18,73500213,73500213,1,snv_mnv,3.9936e-4,rs536467659,"broad,dkfz,muse,sanger",4,COSN16632718,rs536467659,NA,FALSE,0.1071,NA,6,50,NA,NA,NA,IGR,FALSE,FALSE,FALSE,FALSE,1,1,0,1_0,754d26af-f184-497c-856a-cd1ea7a5115c,NA
18,75023223,75023223,1,snv_mnv,NA,NA,"broad,muse,sanger",3,COSN16629899,NA,NA,FALSE,0.0909,NA,4,40,NA,NA,NA,IGR,FALSE,FALSE,FALSE,FALSE,1,1,0,1_0,754d26af-f184-497c-856a-cd1ea7a5115c,NA
18,76448787,76448787,1,snv_mnv,0.0041933,rs75310045,"broad,dkfz,muse,sanger",4,COSN16633179,rs75310045,NA,FALSE,0.2,NA,6,24,NA,NA,NA,IGR,FALSE,FALSE,FALSE,FALSE,1,1,0,1_0,754d26af-f184-497c-856a-cd1ea7a5115c,NA
18,76451821,76451821,1,snv_mnv,NA,NA,"broad,muse",2,COSN16632779,NA,NA,FALSE,0.0833,NA,3,33,NA,NA,NA,IGR,FALSE,FALSE,FALSE,FALSE,1,1,0,1_0,754d26af-f184-497c-856a-cd1ea7a5115c,NA
18,76507618,76507618,1,snv_mnv,NA,NA,"broad,muse,sanger",3,COSN16632086,NA,L1MC4a,FALSE,0.0851,NA,4,43,NA,NA,NA,IGR,FALSE,FALSE,FALSE,FALSE,1,1,0,1_0,754d26af-f184-497c-856a-cd1ea7a5115c,NA
18,77094158,77094158,1,snv_mnv,NA,NA,"broad,dkfz,muse,sanger",4,COSN16630656,NA,AluY,FALSE,0.2308,NA,6,20,NA,NA,NA,Intron,FALSE,FALSE,FALSE,FALSE,1,1,0,1_0,754d26af-f184-497c-856a-cd1ea7a5115c,ATP9B
18,77166768,77166768,1,snv_mnv,NA,NA,"broad,dkfz,muse,sanger",4,COSN16630603,rs756371982,NA,FALSE,0.4,NA,4,6,NA,NA,NA,Intron,FALSE,FALSE,FALSE,FALSE,1,1,0,1_0,754d26af-f184-497c-856a-cd1ea7a5115c,NA
18,77909451,77909451,1,snv_mnv,NA,NA,"broad,dkfz,muse,sanger",4,COSN16631966,rs144163723,MER68,FALSE,0.1591,NA,7,37,NA,NA,NA,Intron,FALSE,FALSE,FALSE,FALSE,1,1,0,1_0,754d26af-f184-497c-856a-cd1ea7a5115c,"ADNP2,PARD6G-AS1"
19,2556923,2556923,1,snv_mnv,1.9968e-4,rs555164270,"broad,muse,sanger",3,COSN16630772,rs555164270,MER20,FALSE,0.1613,NA,5,26,NA,NA,NA,Intron,FALSE,FALSE,FALSE,FALSE,4,2,2,2_2,754d26af-f184-497c-856a-cd1ea7a5115c,NA
19,2860649,2860649,1,snv_mnv,NA,NA,"broad,muse,sanger",3,COSN16629516,NA,AluSz,FALSE,0.1136,NA,5,39,NA,NA,NA,IGR,FALSE,FALSE,FALSE,FALSE,4,2,2,2_2,754d26af-f184-497c-856a-cd1ea7a5115c,"ZNF555,AC006130.1"
19,6173481,6173481,1,snv_mnv,NA,NA,"broad,dkfz,muse,sanger",4,COSN16632216,NA,L1PA17,FALSE,0.1071,NA,6,50,NA,NA,NA,Intron,FALSE,FALSE,FALSE,FALSE,4,2,2,2_2,754d26af-f184-497c-856a-cd1ea7a5115c,"RFX2,AC011471.1"
19,6906359,6906359,1,snv_mnv,0.009385,rs143204369,"broad,dkfz,muse,sanger",4,COSN18534971,rs143204369,NA,FALSE,0.058,NA,4,65,NA,NA,NA,Intron,FALSE,FALSE,FALSE,FALSE,4,2,2,2_2,754d26af-f184-497c-856a-cd1ea7a5115c,NA
19,8885330,8885330,1,snv_mnv,NA,NA,"broad,muse,sanger",3,COSN16633383,NA,CT-rich,FALSE,0.1129,NA,7,55,NA,NA,NA,IGR,FALSE,FALSE,FALSE,FALSE,4,2,2,2_2,754d26af-f184-497c-856a-cd1ea7a5115c,AC012616.1
19,8985086,8985086,1,snv_mnv,NA,NA,"broad,dkfz,muse,sanger",4,COSN16632267,NA,AluSq,FALSE,0.2273,NA,10,34,NA,NA,NA,Intron,FALSE,FALSE,FALSE,FALSE,4,2,2,2_2,754d26af-f184-497c-856a-cd1ea7a5115c,NA
19,9128689,9128689,1,snv_mnv,NA,NA,"broad,dkfz,muse,sanger",4,COSN16633063,NA,AluSx,FALSE,0.1509,NA,8,45,NA,NA,NA,IGR,FALSE,FALSE,FALSE,FALSE,4,2,2,2_2,754d26af-f184-497c-856a-cd1ea7a5115c,BOLA3P2
19,9845108,9845108,1,snv_mnv,NA,NA,"broad,dkfz,muse,sanger",4,COSN16630253,NA,NA,FALSE,0.1754,NA,10,47,NA,NA,NA,lincRNA,FALSE,FALSE,FALSE,FALSE,4,2,2,2_2,754d26af-f184-497c-856a-cd1ea7a5115c,AC008759.2
19,12072864,12072864,1,snv_mnv,NA,NA,"broad,muse,sanger",3,COSN16630509,NA,AluJr,FALSE,0.2679,NA,15,41,NA,NA,NA,Intron,FALSE,FALSE,FALSE,FALSE,4,2,2,2_2,754d26af-f184-497c-856a-cd1ea7a5115c,ZNF763
19,12473653,12473653,1,snv_mnv,NA,NA,"broad,dkfz,muse,sanger",4,COSN16632087,NA,SVA_C,FALSE,0.2162,NA,8,29,NA,NA,NA,Intron,FALSE,FALSE,FALSE,FALSE,4,2,2,2_2,754d26af-f184-497c-856a-cd1ea7a5115c,NA
19,13516667,13516667,1,snv_mnv,NA,NA,"broad,dkfz,muse,sanger",4,COSN16629812,NA,MIR,FALSE,0.141,NA,11,67,NA,NA,NA,Intron,FALSE,FALSE,FALSE,FALSE,4,2,2,2_2,754d26af-f184-497c-856a-cd1ea7a5115c,NA
19,15548532,15548532,1,snv_mnv,NA,NA,"broad,dkfz,muse,sanger",4,COSN16632160,NA,NA,FALSE,0.1026,NA,4,35,NA,NA,NA,Intron,FALSE,FALSE,FALSE,FALSE,4,2,2,2_2,754d26af-f184-497c-856a-cd1ea7a5115c,WIZ
19,15955096,15955096,1,snv_mnv,NA,NA,"broad,muse,sanger",3,COSN16631685,NA,AluSq2,FALSE,0.125,NA,4,28,NA,NA,NA,IGR,FALSE,FALSE,FALSE,FALSE,4,2,2,2_2,754d26af-f184-497c-856a-cd1ea7a5115c,NA
19,18948629,18948629,1,snv_mnv,NA,NA,"broad,dkfz,muse,sanger",4,COSN16628954,NA,NA,FALSE,0.0862,NA,5,53,NA,NA,NA,Intron,FALSE,FALSE,FALSE,FALSE,4,2,2,2_2,754d26af-f184-497c-856a-cd1ea7a5115c,NA
19,21050733,21050733,1,snv_mnv,NA,NA,"broad,dkfz,muse,sanger",4,COSN16633202,NA,NA,FALSE,0.0779,NA,6,71,NA,NA,NA,IGR,FALSE,FALSE,FALSE,FALSE,4,2,2,2_2,754d26af-f184-497c-856a-cd1ea7a5115c,NA
19,21896362,21896362,1,snv_mnv,NA,NA,"broad,muse,sanger",3,COSN16629216,NA,NA,FALSE,0.0615,NA,4,61,NA,NA,NA,IGR,FALSE,FALSE,FALSE,FALSE,4,2,2,2_2,754d26af-f184-497c-856a-cd1ea7a5115c,MTDHP4
19,22499579,22499579,1,snv_mnv,NA,NA,"broad,dkfz,muse,sanger",4,COSM2748088,NA,NA,FALSE,0.1489,NA,14,80,NA,NA,NA,Silent,FALSE,FALSE,FALSE,FALSE,4,2,2,2_2,754d26af-f184-497c-856a-cd1ea7a5115c,NA
19,22544278,22544278,1,snv_mnv,NA,NA,"broad,muse,sanger",3,COSN16629490,NA,Harlequin-int,FALSE,0.1154,NA,6,46,NA,NA,NA,IGR,FALSE,FALSE,FALSE,FALSE,4,2,2,2_2,754d26af-f184-497c-856a-cd1ea7a5115c,AC011494.1
19,22799285,22799285,1,snv_mnv,NA,NA,"broad,muse",2,COSN16630092,NA,NA,FALSE,0.1351,NA,5,32,NA,NA,NA,lincRNA,FALSE,FALSE,FALSE,FALSE,4,2,2,2_2,754d26af-f184-497c-856a-cd1ea7a5115c,AC011467.2
19,23327088,23327088,1,snv_mnv,NA,NA,"broad,dkfz,muse,sanger",4,COSN16631111,NA,NA,FALSE,0.0588,NA,5,80,NA,NA,NA,Intron,FALSE,FALSE,FALSE,FALSE,4,2,2,2_2,754d26af-f184-497c-856a-cd1ea7a5115c,ZNF730
19,23495375,23495375,1,snv_mnv,NA,NA,"broad,muse,sanger",3,COSN16630317,NA,BSR/Beta,FALSE,0.24,NA,18,57,NA,NA,NA,Intron,FALSE,FALSE,FALSE,FALSE,4,2,2,2_2,754d26af-f184-497c-856a-cd1ea7a5115c,ZNF91
19,24069207,24069207,1,snv_mnv,NA,NA,"broad,muse",2,COSN16632689,NA,HERVK22-int,FALSE,0.058,NA,4,65,NA,NA,NA,IGR,FALSE,FALSE,FALSE,FALSE,4,2,2,2_2,754d26af-f184-497c-856a-cd1ea7a5115c,NA
19,24408313,24408313,1,snv_mnv,NA,NA,"broad,muse",2,COSN16631365,NA,ALR/Alpha,FALSE,0.0704,NA,5,66,NA,NA,NA,IGR,FALSE,FALSE,FALSE,FALSE,4,2,2,2_2,754d26af-f184-497c-856a-cd1ea7a5115c,NA
19,28870181,28870181,1,snv_mnv,NA,NA,"broad,muse,sanger",3,COSN16632746,NA,NA,FALSE,0.0702,NA,4,53,NA,NA,NA,lincRNA,FALSE,FALSE,FALSE,FALSE,4,2,2,2_2,754d26af-f184-497c-856a-cd1ea7a5115c,NA
19,29201392,29201392,1,snv_mnv,NA,NA,"broad,dkfz,muse,sanger",4,COSN17666544,NA,NA,FALSE,0.1224,NA,6,43,NA,NA,NA,lincRNA,FALSE,FALSE,FALSE,FALSE,4,2,2,2_2,754d26af-f184-497c-856a-cd1ea7a5115c,NA
19,29239212,29239212,1,snv_mnv,NA,NA,"broad,dkfz,muse,sanger",4,COSN16630491,NA,MER1A,FALSE,0.3243,NA,24,50,NA,NA,NA,IGR,FALSE,FALSE,FALSE,FALSE,4,2,2,2_2,754d26af-f184-497c-856a-cd1ea7a5115c,NA
19,29262018,29262018,1,snv_mnv,1.9968e-4,rs558182952,"broad,dkfz,muse,sanger",4,COSN16632245,rs558182952,L1PA13,FALSE,0.1579,NA,12,64,NA,NA,NA,IGR,FALSE,FALSE,FALSE,FALSE,4,2,2,2_2,754d26af-f184-497c-856a-cd1ea7a5115c,NA
19,29651809,29651809,1,snv_mnv,NA,NA,"broad,sanger",2,COSN16631686,NA,AluSx1,FALSE,0.0806,NA,5,57,NA,NA,NA,IGR,FALSE,FALSE,FALSE,FALSE,4,2,2,2_2,754d26af-f184-497c-856a-cd1ea7a5115c,NA
19,30668445,30668445,1,snv_mnv,NA,NA,"broad,muse,sanger",3,COSN16630218,NA,MER41A,FALSE,0.0851,NA,4,43,NA,NA,NA,IGR,FALSE,FALSE,FALSE,FALSE,4,2,2,2_2,754d26af-f184-497c-856a-cd1ea7a5115c,NA
19,31280470,31280470,1,snv_mnv,NA,NA,"broad,dkfz,muse,sanger",4,COSN16629692,NA,MER21C,FALSE,0.1429,NA,9,54,NA,NA,NA,IGR,FALSE,FALSE,FALSE,FALSE,4,2,2,2_2,754d26af-f184-497c-856a-cd1ea7a5115c,NA
19,32171612,32171612,1,snv_mnv,NA,NA,"broad,dkfz,muse,sanger",4,COSN16631632,NA,NA,FALSE,0.0769,NA,5,60,NA,NA,NA,IGR,FALSE,FALSE,FALSE,FALSE,4,2,2,2_2,754d26af-f184-497c-856a-cd1ea7a5115c,NA
19,32398439,32398439,1,snv_mnv,NA,NA,"broad,dkfz,muse",3,COSN16633384,NA,AluSx1,FALSE,0.26,NA,13,37,NA,NA,NA,lincRNA,FALSE,FALSE,FALSE,FALSE,4,2,2,2_2,754d26af-f184-497c-856a-cd1ea7a5115c,NA
19,32917985,32917985,1,snv_mnv,NA,NA,"broad,muse,sanger",3,COSN16632806,NA,AluJb,FALSE,0.1556,NA,7,38,NA,NA,NA,Intron,FALSE,FALSE,FALSE,FALSE,4,2,2,2_2,754d26af-f184-497c-856a-cd1ea7a5115c,NA
19,33020371,33020371,1,snv_mnv,NA,NA,"broad,dkfz,muse,sanger",4,COSN16629752,NA,AluJr,FALSE,0.1346,NA,7,45,NA,NA,NA,IGR,FALSE,FALSE,FALSE,FALSE,4,2,2,2_2,754d26af-f184-497c-856a-cd1ea7a5115c,NA
19,34221914,34221914,1,snv_mnv,NA,NA,"broad,dkfz,muse,sanger",4,COSN16631427,NA,MLT2A2,FALSE,0.1,NA,6,54,NA,NA,NA,Intron,FALSE,FALSE,FALSE,FALSE,4,2,2,2_2,754d26af-f184-497c-856a-cd1ea7a5115c,NA
19,34716765,34716765,1,snv_mnv,NA,NA,"broad,dkfz,muse,sanger",4,COSN16629517,NA,AluJo,FALSE,0.1356,NA,8,51,NA,NA,NA,Intron,FALSE,FALSE,FALSE,FALSE,4,2,2,2_2,754d26af-f184-497c-856a-cd1ea7a5115c,LSM14A
19,34773735,34773735,1,snv_mnv,NA,NA,"broad,dkfz,muse,sanger",4,COSN16629491,NA,NA,FALSE,0.1607,NA,9,47,NA,NA,NA,Intron,FALSE,FALSE,FALSE,FALSE,4,2,2,2_2,754d26af-f184-497c-856a-cd1ea7a5115c,NA
19,35538558,35538558,1,snv_mnv,NA,NA,"broad,dkfz,muse,sanger",4,COSN16631714,NA,L2a,FALSE,0.2174,NA,10,36,NA,NA,NA,Intron,FALSE,FALSE,FALSE,FALSE,4,2,2,2_2,754d26af-f184-497c-856a-cd1ea7a5115c,HPN
19,35668675,35668675,1,snv_mnv,NA,NA,"broad,dkfz,muse,sanger",4,COSN16632914,NA,THE1B,FALSE,0.1786,NA,10,46,NA,NA,NA,IGR,FALSE,FALSE,FALSE,FALSE,4,2,2,2_2,754d26af-f184-497c-856a-cd1ea7a5115c,NA
19,35990507,35990507,1,snv_mnv,NA,NA,"broad,muse,sanger",3,COSN16629537,NA,NA,FALSE,0.0833,NA,4,44,NA,NA,NA,Intron,FALSE,FALSE,FALSE,FALSE,4,2,2,2_2,754d26af-f184-497c-856a-cd1ea7a5115c,"DMKN,KRTDAP"
19,36488200,36488200,1,snv_mnv,NA,NA,"broad,dkfz,muse,sanger",4,COSN16632023,NA,AluSg,FALSE,0.1944,NA,7,29,NA,NA,NA,IGR,FALSE,FALSE,FALSE,FALSE,4,2,2,2_2,754d26af-f184-497c-856a-cd1ea7a5115c,SDHAF1
19,38174630,38174630,1,snv_mnv,NA,NA,"broad,muse,sanger",3,COSN16630378,NA,Tigger3,FALSE,0.2273,NA,15,51,NA,NA,NA,Intron,FALSE,FALSE,FALSE,FALSE,4,2,2,2_2,754d26af-f184-497c-856a-cd1ea7a5115c,NA
19,39333755,39333755,1,snv_mnv,NA,NA,"broad,dkfz,muse,sanger",4,COSN16629295,NA,NA,FALSE,0.2444,NA,11,34,NA,NA,NA,Intron,FALSE,FALSE,FALSE,FALSE,4,2,2,2_2,754d26af-f184-497c-856a-cd1ea7a5115c,"AC008982.2,HNRNPL,AC008982.1"
19,40225805,40225805,1,snv_mnv,NA,NA,"broad,dkfz,muse,sanger",4,COSN16632361,NA,NA,FALSE,0.1364,NA,6,38,NA,NA,NA,Intron,FALSE,FALSE,FALSE,FALSE,4,2,2,2_2,754d26af-f184-497c-856a-cd1ea7a5115c,NA
19,43261938,43261938,1,snv_mnv,3.9936e-4,rs180756126,"broad,muse,sanger",3,COSN16629727,rs180756126,NA,FALSE,0.0926,NA,5,49,NA,NA,NA,Intron,FALSE,FALSE,FALSE,FALSE,4,2,2,2_2,754d26af-f184-497c-856a-cd1ea7a5115c,NA
19,43805468,43805468,1,snv_mnv,NA,NA,"broad,dkfz,muse,sanger",4,COSN16629612,NA,NA,FALSE,0.25,NA,13,39,NA,NA,NA,IGR,FALSE,FALSE,FALSE,FALSE,4,2,2,2_2,754d26af-f184-497c-856a-cd1ea7a5115c,CEACAMP4
19,44019493,44019493,1,snv_mnv,NA,NA,"broad,muse,sanger",3,COSN16632389,NA,AluSq2,FALSE,0.102,NA,5,44,NA,NA,NA,Intron,FALSE,FALSE,FALSE,FALSE,4,2,2,2_2,754d26af-f184-497c-856a-cd1ea7a5115c,NA
19,46420714,46420714,1,snv_mnv,NA,NA,"broad,dkfz,muse,sanger",4,COSN16631366,NA,NA,FALSE,0.1923,NA,5,21,NA,NA,NA,5'Flank,FALSE,FALSE,FALSE,FALSE,4,2,2,2_2,754d26af-f184-497c-856a-cd1ea7a5115c,NANOS2
19,49588293,49588293,1,snv_mnv,NA,NA,"broad,dkfz,muse,sanger",4,COSN16630604,NA,L2a,FALSE,0.1667,NA,7,35,NA,NA,NA,5'Flank,FALSE,FALSE,FALSE,FALSE,4,2,2,2_2,754d26af-f184-497c-856a-cd1ea7a5115c,"SNRNP70,RN7SL708P"
19,50591483,50591483,1,snv_mnv,1.9968e-4,rs538545677,"broad,muse,sanger",3,COSN16631541,rs538545677,AluSx,FALSE,0.1346,NA,7,45,NA,NA,NA,IGR,FALSE,FALSE,FALSE,FALSE,4,2,2,2_2,754d26af-f184-497c-856a-cd1ea7a5115c,NA
19,52213223,52213223,1,snv_mnv,NA,NA,"broad,dkfz,muse,sanger",4,COSN16629900,rs768812571,MER3,FALSE,0.1579,NA,9,48,NA,NA,NA,IGR,FALSE,FALSE,FALSE,FALSE,4,2,2,2_2,754d26af-f184-497c-856a-cd1ea7a5115c,"SPACA6,HAS1"
19,53704590,53704590,1,snv_mnv,NA,NA,"broad,dkfz,muse,sanger",4,COSN16632217,NA,NA,FALSE,0.1765,NA,12,56,NA,NA,NA,lincRNA,FALSE,FALSE,FALSE,FALSE,4,2,2,2_2,754d26af-f184-497c-856a-cd1ea7a5115c,AC092070.2
19,53755312,53755312,1,snv_mnv,NA,NA,"broad,dkfz,muse,sanger",4,COSN16631303,rs868375172,NA,FALSE,0.1667,NA,11,55,NA,NA,NA,Intron,FALSE,FALSE,FALSE,FALSE,4,2,2,2_2,754d26af-f184-497c-856a-cd1ea7a5115c,ZNF677
19,55394680,55394680,1,snv_mnv,NA,NA,"broad,dkfz,muse,sanger",4,COSN16632448,NA,AluJb,FALSE,0.119,NA,5,37,NA,NA,NA,Intron,FALSE,FALSE,FALSE,FALSE,4,2,2,2_2,754d26af-f184-497c-856a-cd1ea7a5115c,NA
19,57001716,57001716,1,snv_mnv,NA,NA,"broad,dkfz,muse,sanger",4,COSN16633128,NA,L1MC4a,FALSE,0.1972,NA,14,57,NA,NA,NA,lincRNA,FALSE,FALSE,FALSE,FALSE,4,2,2,2_2,754d26af-f184-497c-856a-cd1ea7a5115c,NA
19,57261447,57261447,1,snv_mnv,NA,NA,"broad,dkfz,muse,sanger",4,COSN16631401,NA,L1MB3,FALSE,0.1972,NA,14,57,NA,NA,NA,RNA,FALSE,FALSE,FALSE,FALSE,4,2,2,2_2,754d26af-f184-497c-856a-cd1ea7a5115c,NA
19,57459642,57459642,1,snv_mnv,NA,NA,"broad,dkfz,muse,sanger",4,COSN16629432,rs753753921,L1PB3,FALSE,0.197,NA,13,53,NA,NA,NA,IGR,FALSE,FALSE,FALSE,FALSE,4,2,2,2_2,754d26af-f184-497c-856a-cd1ea7a5115c,NA
19,58440102,58440102,1,snv_mnv,NA,NA,"broad,muse,sanger",3,COSN16631602,NA,AluY,FALSE,0.2093,NA,9,34,NA,NA,NA,Intron,FALSE,FALSE,FALSE,FALSE,4,2,2,2_2,754d26af-f184-497c-856a-cd1ea7a5115c,ZNF418
19,58774709,58774709,1,snv_mnv,NA,NA,"broad,muse,sanger",3,COSN16629753,NA,AluJb,FALSE,0.1731,NA,9,43,NA,NA,NA,3'UTR,FALSE,FALSE,FALSE,FALSE,4,2,2,2_2,754d26af-f184-497c-856a-cd1ea7a5115c,"ZNF544,AC020915.2"
2,175508,175508,1,snv_mnv,NA,NA,"broad,dkfz,muse,sanger",4,COSN16630325,NA,NA,FALSE,0.1014,NA,7,62,NA,NA,NA,IGR,FALSE,FALSE,FALSE,FALSE,3,2,1,2_1,754d26af-f184-497c-856a-cd1ea7a5115c,NA
2,1490167,1490167,1,snv_mnv,NA,NA,"broad,muse,sanger",3,COSN16630439,NA,AluSx1,FALSE,0.1042,NA,5,43,NA,NA,NA,Intron,FALSE,FALSE,FALSE,FALSE,3,2,1,2_1,754d26af-f184-497c-856a-cd1ea7a5115c,NA
2,1605386,1605386,1,snv_mnv,NA,NA,"broad,dkfz,muse,sanger",4,COSN16630544,rs774267573,NA,FALSE,0.1458,NA,7,41,NA,NA,NA,RNA,FALSE,FALSE,FALSE,FALSE,3,2,1,2_1,754d26af-f184-497c-856a-cd1ea7a5115c,NA
2,1694592,1694592,1,snv_mnv,5.9904e-4,rs368609930,"broad,dkfz,muse,sanger",4,COSN16632317,rs368609930,NA,FALSE,0.1692,NA,11,54,NA,NA,NA,Intron,FALSE,FALSE,FALSE,FALSE,3,2,1,2_1,754d26af-f184-497c-856a-cd1ea7a5115c,NA
2,2964955,2964955,1,snv_mnv,NA,NA,"broad,dkfz,muse,sanger",4,COSN16632810,NA,NA,FALSE,0.1176,NA,6,45,NA,NA,NA,lincRNA,FALSE,FALSE,FALSE,FALSE,3,2,1,2_1,754d26af-f184-497c-856a-cd1ea7a5115c,NA
2,3002938,3002938,1,snv_mnv,1.9968e-4,rs538521728,"broad,dkfz,muse,sanger",4,COSN16629589,rs538521728,NA,FALSE,0.15,NA,6,34,NA,NA,NA,lincRNA,FALSE,FALSE,FALSE,FALSE,3,2,1,2_1,754d26af-f184-497c-856a-cd1ea7a5115c,NA
2,4176408,4176408,1,snv_mnv,1.9968e-4,rs375191497,"broad,dkfz,muse",3,COSN16633038,rs375191497,NA,FALSE,0.0588,NA,5,80,NA,NA,NA,IGR,FALSE,FALSE,FALSE,FALSE,3,2,1,2_1,754d26af-f184-497c-856a-cd1ea7a5115c,NA
2,4340483,4340483,1,snv_mnv,NA,NA,"broad,muse,sanger",3,COSN16632605,NA,NA,FALSE,0.087,NA,4,42,NA,NA,NA,IGR,FALSE,FALSE,FALSE,FALSE,3,2,1,2_1,754d26af-f184-497c-856a-cd1ea7a5115c,NA
2,4614888,4614888,1,snv_mnv,NA,NA,"broad,dkfz,muse,sanger",4,COSN16633103,NA,L1MA3,FALSE,0.0714,NA,6,78,NA,NA,NA,IGR,FALSE,FALSE,FALSE,FALSE,3,2,1,2_1,754d26af-f184-497c-856a-cd1ea7a5115c,NA
2,5196418,5196418,1,snv_mnv,NA,NA,"broad,dkfz,muse,sanger",4,COSN16632487,NA,NA,FALSE,0.1111,NA,6,48,NA,NA,NA,IGR,FALSE,FALSE,FALSE,FALSE,3,2,1,2_1,754d26af-f184-497c-856a-cd1ea7a5115c,NA
2,5198681,5198681,1,snv_mnv,NA,NA,"broad,dkfz,muse,sanger",4,COSN16629384,NA,NA,FALSE,0.25,NA,13,39,NA,NA,NA,IGR,FALSE,FALSE,FALSE,FALSE,3,2,1,2_1,754d26af-f184-497c-856a-cd1ea7a5115c,NA
2,6085043,6085043,1,snv_mnv,NA,NA,"broad,muse",2,COSN16631405,NA,NA,FALSE,0.0606,NA,4,62,NA,NA,NA,RNA,FALSE,FALSE,FALSE,FALSE,3,2,1,2_1,754d26af-f184-497c-856a-cd1ea7a5115c,NA
2,7002547,7002547,1,snv_mnv,NA,NA,"broad,dkfz,muse,sanger",4,COSN16628898,NA,MIRb,FALSE,0.2642,NA,14,39,NA,NA,NA,Intron,FALSE,FALSE,FALSE,FALSE,3,2,1,2_1,754d26af-f184-497c-856a-cd1ea7a5115c,"RSAD2,CMPK2"
2,7432196,7432196,1,snv_mnv,NA,NA,"broad,dkfz,muse,sanger",4,COSN16631516,NA,NA,FALSE,0.0938,NA,6,58,NA,NA,NA,IGR,FALSE,FALSE,FALSE,FALSE,3,2,1,2_1,754d26af-f184-497c-856a-cd1ea7a5115c,NA
2,7872512,7872512,1,snv_mnv,NA,NA,"broad,dkfz,muse",3,COSN16629222,NA,NA,FALSE,0.0649,NA,5,72,NA,NA,NA,lincRNA,FALSE,FALSE,FALSE,FALSE,3,2,1,2_1,754d26af-f184-497c-856a-cd1ea7a5115c,"AC092580.1,AC092580.3,LINC01871"
2,8116546,8116546,1,snv_mnv,NA,NA,"broad,dkfz,muse,sanger",4,COSN16630354,rs765646065,NA,FALSE,0.0984,NA,6,55,NA,NA,NA,lincRNA,FALSE,FALSE,FALSE,FALSE,3,2,1,2_1,754d26af-f184-497c-856a-cd1ea7a5115c,NA
2,12494549,12494549,1,snv_mnv,NA,NA,"broad,muse",2,COSN16630326,NA,NA,FALSE,0.0755,NA,4,49,NA,NA,NA,lincRNA,FALSE,FALSE,FALSE,FALSE,3,2,1,2_1,754d26af-f184-497c-856a-cd1ea7a5115c,NA
2,13310864,13310864,1,snv_mnv,NA,NA,"broad,muse,sanger",3,COSN16631343,NA,MLT2B1,FALSE,0.0658,NA,5,71,NA,NA,NA,IGR,FALSE,FALSE,FALSE,FALSE,3,2,1,2_1,754d26af-f184-497c-856a-cd1ea7a5115c,NA
2,13901402,13901402,1,snv_mnv,1.9968e-4,rs544097562,"broad,muse,sanger",3,COSN16631069,rs544097562,AluY,FALSE,0.1136,NA,5,39,NA,NA,NA,IGR,FALSE,FALSE,FALSE,FALSE,3,2,1,2_1,754d26af-f184-497c-856a-cd1ea7a5115c,AC016730.1
2,14672599,14672599,1,snv_mnv,NA,NA,"broad,dkfz,muse,sanger",4,COSN16630608,NA,NA,FALSE,0.2338,NA,18,59,NA,NA,NA,IGR,FALSE,FALSE,TRUE,FALSE,3,2,1,2_1,754d26af-f184-497c-856a-cd1ea7a5115c,RF00017
2,15498977,15498977,1,snv_mnv,NA,NA,"broad,dkfz,muse,sanger",4,COSN16630388,NA,NA,FALSE,0.0769,NA,5,60,NA,NA,NA,Intron,FALSE,FALSE,FALSE,FALSE,3,2,1,2_1,754d26af-f184-497c-856a-cd1ea7a5115c,NA
2,15707810,15707810,1,snv_mnv,NA,NA,"broad,dkfz,muse,sanger",4,COSN16633306,NA,NA,FALSE,0.0714,NA,5,65,NA,NA,NA,RNA,FALSE,FALSE,TRUE,FALSE,3,2,1,2_1,754d26af-f184-497c-856a-cd1ea7a5115c,NA
2,15881455,15881455,1,snv_mnv,NA,NA,"broad,dkfz,muse,sanger",4,COSN16630631,NA,L1MDa,FALSE,0.131,NA,11,73,NA,NA,NA,Intron,FALSE,FALSE,FALSE,FALSE,3,2,1,2_1,754d26af-f184-497c-856a-cd1ea7a5115c,NA
2,16946848,16946848,1,snv_mnv,NA,NA,"broad,dkfz,muse,sanger",4,COSN16631183,NA,NA,FALSE,0.0943,NA,5,48,NA,NA,NA,lincRNA,FALSE,FALSE,FALSE,FALSE,3,2,1,2_1,754d26af-f184-497c-856a-cd1ea7a5115c,NA
2,17466492,17466492,1,snv_mnv,NA,NA,"broad,dkfz,muse,sanger",4,COSN16630102,NA,NA,FALSE,0.08,NA,6,69,NA,NA,NA,IGR,FALSE,FALSE,FALSE,FALSE,3,2,1,2_1,754d26af-f184-497c-856a-cd1ea7a5115c,ZFYVE9P2
2,17881174,17881174,1,snv_mnv,NA,NA,"broad,dkfz,sanger",3,COSN16629133,NA,NA,FALSE,0.1042,NA,5,43,NA,NA,NA,Intron,FALSE,FALSE,FALSE,FALSE,3,2,1,2_1,754d26af-f184-497c-856a-cd1ea7a5115c,SMC6
2,19969218,19969218,1,snv_mnv,NA,NA,"broad,dkfz,muse,sanger",4,COSN16631204,NA,L1MB5,FALSE,0.125,NA,8,56,NA,NA,NA,IGR,FALSE,FALSE,FALSE,FALSE,3,2,1,2_1,754d26af-f184-497c-856a-cd1ea7a5115c,NA
2,21446240,21446240,1,snv_mnv,NA,NA,"broad,muse",2,COSN16632251,NA,NA,FALSE,0.1026,NA,4,35,NA,NA,NA,lincRNA,FALSE,FALSE,FALSE,FALSE,3,2,1,2_1,754d26af-f184-497c-856a-cd1ea7a5115c,NA
2,21588237,21588237,1,snv_mnv,NA,NA,"broad,dkfz,muse,sanger",4,COSN16629192,NA,NA,FALSE,0.1061,NA,7,59,NA,NA,NA,IGR,FALSE,FALSE,FALSE,FALSE,3,2,1,2_1,754d26af-f184-497c-856a-cd1ea7a5115c,NUTF2P8
2,21671413,21671413,1,snv_mnv,NA,NA,"broad,dkfz,muse,sanger",4,COSN16629849,NA,NA,FALSE,0.0575,NA,5,82,NA,NA,NA,IGR,FALSE,FALSE,FALSE,FALSE,3,2,1,2_1,754d26af-f184-497c-856a-cd1ea7a5115c,NA
2,22279329,22279329,1,snv_mnv,NA,NA,"broad,dkfz,muse,sanger",4,COSN16629414,NA,LTR48B,FALSE,0.0864,NA,7,74,NA,NA,NA,lincRNA,FALSE,FALSE,FALSE,FALSE,3,2,1,2_1,754d26af-f184-497c-856a-cd1ea7a5115c,NA
2,22299894,22299894,1,snv_mnv,NA,NA,"broad,dkfz,muse,sanger",4,COSN16632060,NA,L1MB7,FALSE,0.1429,NA,9,54,NA,NA,NA,lincRNA,FALSE,FALSE,FALSE,FALSE,3,2,1,2_1,754d26af-f184-497c-856a-cd1ea7a5115c,NA
2,22339462,22339462,1,snv_mnv,NA,NA,"broad,dkfz,muse,sanger",4,COSN16630514,NA,L1M4,FALSE,0.1875,NA,12,52,NA,NA,NA,lincRNA,FALSE,FALSE,TRUE,FALSE,3,2,1,2_1,754d26af-f184-497c-856a-cd1ea7a5115c,NA
2,22372456,22372456,1,snv_mnv,NA,NA,"broad,dkfz,muse,sanger",4,COSN16632940,NA,L1PB4,FALSE,0.1887,NA,10,43,NA,NA,NA,lincRNA,FALSE,FALSE,FALSE,FALSE,3,2,1,2_1,754d26af-f184-497c-856a-cd1ea7a5115c,NA
2,22714492,22714492,1,snv_mnv,NA,NA,"broad,dkfz,muse,sanger",4,COSN16633133,rs753382056,NA,FALSE,0.0909,NA,5,50,NA,NA,NA,lincRNA,FALSE,FALSE,FALSE,FALSE,3,2,1,2_1,754d26af-f184-497c-856a-cd1ea7a5115c,NA
2,24594033,24594033,1,snv_mnv,NA,NA,"broad,sanger",2,COSN16630632,NA,AluJb,FALSE,0.0755,NA,4,49,NA,NA,NA,IGR,FALSE,FALSE,FALSE,FALSE,3,2,1,2_1,754d26af-f184-497c-856a-cd1ea7a5115c,NA
2,25703912,25703912,1,snv_mnv,NA,NA,"muse,sanger",2,COSN16632195,NA,MIR,FALSE,0.0638,NA,3,44,NA,NA,NA,Intron,FALSE,FALSE,TRUE,FALSE,3,2,1,2_1,754d26af-f184-497c-856a-cd1ea7a5115c,NA
2,26303376,26303376,1,snv_mnv,NA,NA,"broad,dkfz,muse,sanger",4,COSN16630989,NA,L1MD3,FALSE,0.0857,NA,6,64,NA,NA,NA,Intron,FALSE,FALSE,FALSE,FALSE,3,2,1,2_1,754d26af-f184-497c-856a-cd1ea7a5115c,NA
2,28380658,28380658,1,snv_mnv,NA,NA,"broad,dkfz,muse,sanger",4,COSN16629760,NA,AluSc5,FALSE,0.1569,NA,8,43,NA,NA,NA,Intron,FALSE,FALSE,FALSE,FALSE,3,2,1,2_1,754d26af-f184-497c-856a-cd1ea7a5115c,NA
2,28667274,28667274,1,snv_mnv,NA,NA,"broad,dkfz,muse,sanger",4,COSN16631021,rs756095619,MamGypLTR1d,FALSE,0.1132,NA,6,47,NA,NA,NA,IGR,FALSE,FALSE,FALSE,FALSE,3,2,1,2_1,754d26af-f184-497c-856a-cd1ea7a5115c,AC104695.1
2,28940612,28940612,1,snv_mnv,NA,NA,"broad,dkfz,muse,sanger",4,COSN16630805,NA,L2a,FALSE,0.2353,NA,12,39,NA,NA,NA,RNA,FALSE,FALSE,FALSE,FALSE,3,2,1,2_1,754d26af-f184-497c-856a-cd1ea7a5115c,AC092164.1
2,29547047,29547047,1,snv_mnv,NA,NA,"broad,dkfz,muse,sanger",4,COSN16630515,NA,NA,FALSE,0.3043,NA,14,32,NA,NA,NA,Intron,FALSE,FALSE,FALSE,FALSE,3,2,1,2_1,754d26af-f184-497c-856a-cd1ea7a5115c,ALK
2,29866814,29866814,1,snv_mnv,9.984e-4,rs567456965,"broad,muse,sanger",3,COSN16631972,rs567456965,L1PA4,FALSE,0.1935,NA,12,50,NA,NA,NA,Intron,FALSE,FALSE,FALSE,FALSE,3,2,1,2_1,754d26af-f184-497c-856a-cd1ea7a5115c,NA
2,30398059,30398059,1,snv_mnv,NA,NA,"broad,muse",2,COSN16631517,NA,MIRb,FALSE,0.0526,NA,4,72,NA,NA,NA,IGR,FALSE,FALSE,FALSE,FALSE,3,2,1,2_1,754d26af-f184-497c-856a-cd1ea7a5115c,NA
2,30545103,30545103,1,snv_mnv,NA,NA,"broad,muse,sanger",3,COSN16632028,NA,AluSq2,FALSE,0.122,NA,5,36,NA,NA,NA,Intron,FALSE,FALSE,FALSE,FALSE,3,2,1,2_1,754d26af-f184-497c-856a-cd1ea7a5115c,NA
2,31287621,31287621,1,snv_mnv,NA,NA,"broad,dkfz,muse,sanger",4,COSN16629352,NA,NA,FALSE,0.0893,NA,5,51,NA,NA,NA,Intron,FALSE,FALSE,FALSE,FALSE,3,2,1,2_1,754d26af-f184-497c-856a-cd1ea7a5115c,GALNT14
2,31459262,31459262,1,snv_mnv,NA,NA,"broad,muse,sanger",3,COSN16632941,NA,Charlie4z,FALSE,0.1136,NA,5,39,NA,NA,NA,Intron,FALSE,FALSE,FALSE,FALSE,3,2,1,2_1,754d26af-f184-497c-856a-cd1ea7a5115c,CAPN14
2,31665391,31665391,1,snv_mnv,1.9968e-4,rs571351108,"broad,muse",2,COSN16632347,rs571351108,L1M1,FALSE,0.0649,NA,5,72,NA,NA,NA,IGR,FALSE,FALSE,FALSE,FALSE,3,2,1,2_1,754d26af-f184-497c-856a-cd1ea7a5115c,NA
2,31751587,31751587,1,snv_mnv,NA,NA,"broad,dkfz,muse,sanger",4,COSN16631487,NA,L1MB4,FALSE,0.1493,NA,10,57,NA,NA,NA,RNA,FALSE,FALSE,TRUE,FALSE,3,2,1,2_1,754d26af-f184-497c-856a-cd1ea7a5115c,AL133247.1
2,31781673,31781673,1,snv_mnv,NA,NA,"broad,muse,sanger",3,COSN16631120,rs747719007,MLT1D,FALSE,0.0694,NA,5,67,NA,NA,NA,RNA,FALSE,FALSE,FALSE,FALSE,3,2,1,2_1,754d26af-f184-497c-856a-cd1ea7a5115c,NA
2,31882526,31882526,1,snv_mnv,NA,NA,"broad,muse,sanger",3,COSN16631406,NA,AluJo,FALSE,0.0706,NA,6,79,NA,NA,NA,IGR,FALSE,FALSE,FALSE,FALSE,3,2,1,2_1,754d26af-f184-497c-856a-cd1ea7a5115c,NA
2,34371429,34371429,1,snv_mnv,NA,NA,"broad,dkfz,muse,sanger",4,COSN16631121,NA,NA,FALSE,0.0794,NA,5,58,NA,NA,NA,lincRNA,FALSE,FALSE,FALSE,FALSE,3,2,1,2_1,754d26af-f184-497c-856a-cd1ea7a5115c,NA
2,34403266,34403266,1,snv_mnv,NA,NA,"broad,dkfz,muse,sanger",4,COSN16630869,NA,NA,FALSE,0.1667,NA,11,55,NA,NA,NA,lincRNA,FALSE,FALSE,FALSE,FALSE,3,2,1,2_1,754d26af-f184-497c-856a-cd1ea7a5115c,NA
2,35642359,35642359,1,snv_mnv,NA,NA,"broad,muse,sanger",3,COSN16631344,NA,NA,FALSE,0.0615,NA,4,61,NA,NA,NA,IGR,FALSE,FALSE,FALSE,FALSE,3,2,1,2_1,754d26af-f184-497c-856a-cd1ea7a5115c,NA
2,36076554,36076554,1,snv_mnv,NA,NA,"broad,dkfz,muse,sanger",4,COSN16631376,NA,NA,FALSE,0.1186,NA,7,52,NA,NA,NA,IGR,FALSE,FALSE,FALSE,FALSE,3,2,1,2_1,754d26af-f184-497c-856a-cd1ea7a5115c,NA
2,36381514,36381514,1,snv_mnv,NA,NA,"broad,dkfz,muse,sanger",4,COSN16629279,NA,NA,FALSE,0.1321,NA,7,46,NA,NA,NA,IGR,FALSE,FALSE,FALSE,FALSE,3,2,1,2_1,754d26af-f184-497c-856a-cd1ea7a5115c,NA
2,37003868,37003868,1,snv_mnv,NA,NA,"broad,dkfz,muse,sanger",4,COSN16629731,NA,AluSz,FALSE,0.2174,NA,10,36,NA,NA,NA,Intron,FALSE,FALSE,FALSE,FALSE,3,2,1,2_1,754d26af-f184-497c-856a-cd1ea7a5115c,NA
2,38157794,38157794,1,snv_mnv,NA,NA,"broad,dkfz,muse,sanger",4,COSN16632811,NA,NA,FALSE,0.1667,NA,6,30,NA,NA,NA,Intron,FALSE,FALSE,FALSE,FALSE,3,2,1,2_1,754d26af-f184-497c-856a-cd1ea7a5115c,NA
2,39563686,39563686,1,snv_mnv,NA,NA,"broad,muse,sanger",3,COSN16633246,NA,NA,FALSE,0.1111,NA,4,32,NA,NA,NA,Intron,FALSE,FALSE,FALSE,FALSE,3,2,1,2_1,754d26af-f184-497c-856a-cd1ea7a5115c,MAP4K3
2,40279954,40279954,1,snv_mnv,NA,NA,"broad,dkfz,muse,sanger",4,COSN16629792,rs186458661,NA,FALSE,0.1231,NA,8,57,NA,NA,NA,RNA,FALSE,FALSE,FALSE,FALSE,3,2,1,2_1,754d26af-f184-497c-856a-cd1ea7a5115c,NA
2,40317988,40317988,1,snv_mnv,0.0011981,rs185347858,"broad,dkfz,muse,sanger",4,COSN16631921,rs185347858,NA,FALSE,0.1406,NA,9,55,NA,NA,NA,RNA,FALSE,FALSE,FALSE,FALSE,3,2,1,2_1,754d26af-f184-497c-856a-cd1ea7a5115c,NA
2,40426220,40426220,1,snv_mnv,NA,NA,"broad,dkfz,muse,sanger",4,COSN16632318,NA,NA,FALSE,0.1,NA,6,54,NA,NA,NA,Intron,FALSE,FALSE,TRUE,FALSE,3,2,1,2_1,754d26af-f184-497c-856a-cd1ea7a5115c,NA
2,40568007,40568007,1,snv_mnv,NA,NA,"broad,dkfz,muse,sanger",4,COSN16631098,NA,NA,FALSE,0.1489,NA,7,40,NA,NA,NA,Intron,FALSE,FALSE,FALSE,FALSE,3,2,1,2_1,754d26af-f184-497c-856a-cd1ea7a5115c,NA
2,41377969,41377969,1,snv_mnv,NA,NA,"broad,dkfz,muse,sanger",4,COSN16631548,NA,NA,FALSE,0.0847,NA,5,54,NA,NA,NA,RNA,FALSE,FALSE,FALSE,FALSE,3,2,1,2_1,754d26af-f184-497c-856a-cd1ea7a5115c,NA
2,42972819,42972819,1,snv_mnv,NA,NA,"broad,muse,sanger",3,COSN16630581,NA,AluJr,FALSE,0.0851,NA,4,43,NA,NA,NA,Intron,FALSE,FALSE,FALSE,FALSE,3,2,1,2_1,754d26af-f184-497c-856a-cd1ea7a5115c,NA
2,46333614,46333614,1,snv_mnv,NA,NA,"broad,muse,sanger",3,COSN16629732,NA,MLT1B,FALSE,0.0667,NA,5,70,NA,NA,NA,Intron,FALSE,FALSE,FALSE,FALSE,3,2,1,2_1,754d26af-f184-497c-856a-cd1ea7a5115c,NA
2,46670437,46670437,1,snv_mnv,NA,NA,"broad,muse,sanger",3,COSN16631899,NA,NA,FALSE,0.1064,NA,5,42,NA,NA,NA,IGR,FALSE,FALSE,FALSE,FALSE,3,2,1,2_1,754d26af-f184-497c-856a-cd1ea7a5115c,"LINC02583,RN7SL817P"
2,49794528,49794528,1,snv_mnv,NA,NA,"broad,dkfz,muse,sanger",4,COSN16629302,NA,NA,FALSE,0.1923,NA,15,63,NA,NA,NA,IGR,FALSE,FALSE,FALSE,FALSE,3,2,1,2_1,754d26af-f184-497c-856a-cd1ea7a5115c,NA
2,50139727,50139727,1,snv_mnv,NA,NA,"broad,muse,sanger",3,COSN16633010,NA,NA,FALSE,0.0588,NA,4,64,NA,NA,NA,IGR,FALSE,FALSE,FALSE,FALSE,3,2,1,2_1,754d26af-f184-497c-856a-cd1ea7a5115c,NA
2,51267833,51267833,1,snv_mnv,NA,NA,"broad,dkfz,muse,sanger",4,COSN16633039,NA,L1ME3,FALSE,0.1538,NA,10,55,NA,NA,NA,lincRNA,FALSE,FALSE,TRUE,FALSE,3,2,1,2_1,754d26af-f184-497c-856a-cd1ea7a5115c,NA
2,51441484,51441484,1,snv_mnv,NA,NA,"broad,dkfz,muse,sanger",4,COSN16632296,NA,NA,FALSE,0.1463,NA,12,70,NA,NA,NA,lincRNA,FALSE,FALSE,FALSE,FALSE,3,2,1,2_1,754d26af-f184-497c-856a-cd1ea7a5115c,NA
2,52223602,52223602,1,snv_mnv,NA,NA,"broad,muse,sanger",3,COSN16631549,NA,NA,FALSE,0.0727,NA,4,51,NA,NA,NA,lincRNA,FALSE,FALSE,FALSE,FALSE,3,2,1,2_1,754d26af-f184-497c-856a-cd1ea7a5115c,NA
2,52794832,52794832,1,snv_mnv,NA,NA,"broad,dkfz,muse,sanger",4,COSN16630582,NA,L1PA15,FALSE,0.3276,NA,19,39,NA,NA,NA,IGR,FALSE,FALSE,FALSE,FALSE,3,2,1,2_1,754d26af-f184-497c-856a-cd1ea7a5115c,AC139712.1
2,54364195,54364195,1,snv_mnv,NA,NA,"broad,dkfz,muse,sanger",4,COSN16629440,NA,NA,FALSE,0.2167,NA,13,47,NA,NA,NA,Intron,FALSE,FALSE,FALSE,FALSE,3,2,1,2_1,754d26af-f184-497c-856a-cd1ea7a5115c,NA
2,55658719,55658719,1,snv_mnv,NA,NA,"broad,muse,sanger",3,COSN16630693,NA,L2c,FALSE,0.0615,NA,4,61,NA,NA,NA,IGR,FALSE,FALSE,FALSE,FALSE,3,2,1,2_1,754d26af-f184-497c-856a-cd1ea7a5115c,BTF3P5
2,55663535,55663535,1,snv_mnv,NA,NA,"broad,dkfz,muse,sanger",4,COSN16630293,NA,AluJb,FALSE,0.1053,NA,6,51,NA,NA,NA,IGR,FALSE,FALSE,FALSE,FALSE,3,2,1,2_1,754d26af-f184-497c-856a-cd1ea7a5115c,BTF3P5
2,56256286,56256286,1,snv_mnv,NA,NA,"broad,dkfz,muse,sanger",4,COSN16633158,NA,NA,FALSE,0.2817,NA,20,51,NA,NA,NA,lincRNA,FALSE,FALSE,FALSE,FALSE,3,2,1,2_1,754d26af-f184-497c-856a-cd1ea7a5115c,NA
2,56985813,56985813,1,snv_mnv,NA,NA,"broad,dkfz,muse,sanger",4,COSN4993469,NA,MLT1F2,FALSE,0.12,NA,6,44,NA,NA,NA,IGR,FALSE,FALSE,FALSE,FALSE,3,2,1,2_1,754d26af-f184-497c-856a-cd1ea7a5115c,NA
2,57524964,57524964,1,snv_mnv,NA,NA,"broad,muse,sanger",3,COSN16630577,NA,AluSp,FALSE,0.1042,NA,5,43,NA,NA,NA,IGR,FALSE,FALSE,FALSE,FALSE,3,2,1,2_1,754d26af-f184-497c-856a-cd1ea7a5115c,NA
2,57680586,57680586,1,snv_mnv,NA,NA,"broad,dkfz,muse,sanger",4,COSN16630355,rs777086734,NA,FALSE,0.1077,NA,7,58,NA,NA,NA,IGR,FALSE,FALSE,FALSE,FALSE,3,2,1,2_1,754d26af-f184-497c-856a-cd1ea7a5115c,NA
2,59040235,59040235,1,snv_mnv,NA,NA,"broad,muse,sanger",3,COSN16630179,NA,NA,FALSE,0.0625,NA,4,60,NA,NA,NA,lincRNA,FALSE,FALSE,FALSE,FALSE,3,2,1,2_1,754d26af-f184-497c-856a-cd1ea7a5115c,NA
2,60058088,60058088,1,snv_mnv,NA,NA,"broad,dkfz,muse,sanger",4,COSN16631869,NA,NA,FALSE,0.1961,NA,10,41,NA,NA,NA,lincRNA,FALSE,FALSE,FALSE,FALSE,3,2,1,2_1,754d26af-f184-497c-856a-cd1ea7a5115c,NA
2,60775971,60775971,1,snv_mnv,NA,NA,"broad,dkfz,muse,sanger",4,COSN16631900,NA,NA,FALSE,0.1607,NA,9,47,NA,NA,NA,Intron,FALSE,FALSE,FALSE,FALSE,3,2,1,2_1,754d26af-f184-497c-856a-cd1ea7a5115c,BCL11A
2,63075727,63075727,1,snv_mnv,1.9968e-4,rs541958791,"broad,muse,sanger",3,COSN16629761,rs541958791,L1ME2z,FALSE,0.0968,NA,6,56,NA,NA,NA,Intron,FALSE,FALSE,FALSE,FALSE,3,2,1,2_1,754d26af-f184-497c-856a-cd1ea7a5115c,NA
2,63112532,63112532,1,snv_mnv,NA,NA,"broad,dkfz,muse,sanger",4,COSN16629103,NA,NA,FALSE,0.1148,NA,7,54,NA,NA,NA,Intron,FALSE,FALSE,FALSE,FALSE,3,2,1,2_1,754d26af-f184-497c-856a-cd1ea7a5115c,EHBP1
2,63579849,63579849,1,snv_mnv,NA,NA,"broad,dkfz,muse,sanger",4,COSN16633104,NA,NA,FALSE,0.25,NA,14,42,NA,NA,NA,Intron,FALSE,FALSE,FALSE,FALSE,3,2,1,2_1,754d26af-f184-497c-856a-cd1ea7a5115c,NA
2,63790872,63790872,1,snv_mnv,NA,NA,"muse,sanger",2,COSN16633332,NA,MSTC,FALSE,0.0784,NA,4,47,NA,NA,NA,Intron,FALSE,FALSE,FALSE,FALSE,3,2,1,2_1,754d26af-f184-497c-856a-cd1ea7a5115c,WDPCP
2,64392543,64392543,1,snv_mnv,NA,NA,"broad,dkfz,muse,sanger",4,COSN16632812,NA,AluSc8,FALSE,0.1667,NA,7,35,NA,NA,NA,RNA,FALSE,FALSE,FALSE,FALSE,3,2,1,2_1,754d26af-f184-497c-856a-cd1ea7a5115c,NA
2,68249498,68249498,1,snv_mnv,NA,NA,"broad,dkfz,muse,sanger",4,COSN16631780,NA,L1MA3,FALSE,0.1642,NA,11,56,NA,NA,NA,IGR,FALSE,FALSE,FALSE,FALSE,3,2,1,2_1,754d26af-f184-497c-856a-cd1ea7a5115c,AC079112.1
2,69505489,69505489,1,snv_mnv,NA,NA,"broad,dkfz,muse,sanger",4,COSN16631637,NA,HAL1,FALSE,0.1579,NA,6,32,NA,NA,NA,IGR,FALSE,FALSE,FALSE,FALSE,3,2,1,2_1,754d26af-f184-497c-856a-cd1ea7a5115c,NA
2,70926269,70926269,1,snv_mnv,NA,NA,"broad,dkfz,muse,sanger",4,COSN8894743,NA,NA,FALSE,0.1094,NA,7,57,NA,NA,NA,Intron,FALSE,FALSE,FALSE,FALSE,3,2,1,2_1,754d26af-f184-497c-856a-cd1ea7a5115c,NA
2,72053198,72053198,1,snv_mnv,NA,NA,"broad,muse,sanger",3,COSN16629247,NA,L1ME3F,FALSE,0.0638,NA,3,44,NA,NA,NA,IGR,FALSE,FALSE,FALSE,FALSE,3,2,1,2_1,754d26af-f184-497c-856a-cd1ea7a5115c,NA
2,72885337,72885337,1,snv_mnv,NA,NA,"broad,dkfz,muse,sanger",4,COSN16630953,NA,NA,FALSE,0.0794,NA,5,58,NA,NA,NA,Intron,FALSE,FALSE,FALSE,FALSE,3,2,1,2_1,754d26af-f184-497c-856a-cd1ea7a5115c,NA
2,73490448,73490448,1,snv_mnv,NA,NA,"broad,dkfz,muse,sanger",4,COSN16633159,NA,NA,FALSE,0.1765,NA,6,28,NA,NA,NA,Intron,FALSE,FALSE,FALSE,FALSE,3,2,1,2_1,754d26af-f184-497c-856a-cd1ea7a5115c,FBXO41
2,75462228,75462228,1,snv_mnv,NA,NA,"broad,dkfz,muse,sanger",4,COSN16630180,NA,L2c,FALSE,0.0789,NA,6,70,NA,NA,NA,IGR,FALSE,FALSE,FALSE,FALSE,3,2,1,2_1,754d26af-f184-497c-856a-cd1ea7a5115c,NA
2,75702199,75702199,1,snv_mnv,NA,NA,"broad,dkfz,muse,sanger",4,COSN16631049,NA,NA,FALSE,0.2,NA,10,40,NA,NA,NA,Intron,FALSE,FALSE,FALSE,FALSE,3,2,1,2_1,754d26af-f184-497c-856a-cd1ea7a5115c,NA
2,76004317,76004317,1,snv_mnv,NA,NA,"broad,dkfz,muse,sanger",4,COSN16629073,NA,NA,FALSE,0.1311,NA,8,53,NA,NA,NA,IGR,FALSE,FALSE,FALSE,FALSE,3,2,1,2_1,754d26af-f184-497c-856a-cd1ea7a5115c,NA
2,76162935,76162935,1,snv_mnv,NA,NA,"broad,muse,sanger",3,COSN16630414,NA,AluSq,FALSE,0.1515,NA,5,28,NA,NA,NA,IGR,FALSE,FALSE,FALSE,FALSE,3,2,1,2_1,754d26af-f184-497c-856a-cd1ea7a5115c,NA
2,77070130,77070130,1,snv_mnv,NA,NA,"broad,dkfz,muse,sanger",4,COSN16629793,NA,NA,FALSE,0.1711,NA,13,63,NA,NA,NA,Intron,FALSE,FALSE,FALSE,FALSE,3,2,1,2_1,754d26af-f184-497c-856a-cd1ea7a5115c,NA
2,78044841,78044841,1,snv_mnv,NA,NA,"broad,dkfz,muse,sanger",4,COSN16630356,NA,NA,FALSE,0.1549,NA,11,60,NA,NA,NA,IGR,FALSE,FALSE,FALSE,FALSE,3,2,1,2_1,754d26af-f184-497c-856a-cd1ea7a5115c,NA
2,78178854,78178854,1,snv_mnv,NA,NA,"broad,muse,sanger",3,COSN16629618,NA,L1MA3,FALSE,0.082,NA,5,56,NA,NA,NA,IGR,FALSE,FALSE,FALSE,FALSE,3,2,1,2_1,754d26af-f184-497c-856a-cd1ea7a5115c,NA
2,78273894,78273894,1,snv_mnv,NA,NA,"broad,muse,sanger",3,COSN16632861,NA,THE1B-int,FALSE,0.0889,NA,4,41,NA,NA,NA,IGR,FALSE,FALSE,TRUE,FALSE,3,2,1,2_1,754d26af-f184-497c-856a-cd1ea7a5115c,NA
2,78298429,78298429,1,snv_mnv,NA,NA,"broad,dkfz,muse,sanger",4,COSN16631407,NA,NA,FALSE,0.0833,NA,5,55,NA,NA,NA,IGR,FALSE,FALSE,FALSE,FALSE,3,2,1,2_1,754d26af-f184-497c-856a-cd1ea7a5115c,NA
2,78370389,78370389,1,snv_mnv,NA,NA,"broad,dkfz,muse,sanger",4,COSN16629248,NA,NA,FALSE,0.0833,NA,6,66,NA,NA,NA,IGR,FALSE,FALSE,FALSE,FALSE,3,2,1,2_1,754d26af-f184-497c-856a-cd1ea7a5115c,NA
2,78804568,78804568,1,snv_mnv,NA,NA,"broad,dkfz,muse,sanger",4,COSN16631461,NA,NA,FALSE,0.2453,NA,13,40,NA,NA,NA,IGR,FALSE,FALSE,FALSE,FALSE,3,2,1,2_1,754d26af-f184-497c-856a-cd1ea7a5115c,NA
2,79020592,79020592,1,snv_mnv,NA,NA,"broad,dkfz,muse,sanger",4,COSN16631071,NA,HUERS-P2-int,FALSE,0.1346,NA,7,45,NA,NA,NA,IGR,FALSE,FALSE,FALSE,FALSE,3,2,1,2_1,754d26af-f184-497c-856a-cd1ea7a5115c,NA
2,79021316,79021316,1,snv_mnv,NA,NA,"broad,muse,sanger",3,COSN16631752,NA,HUERS-P2-int,FALSE,0.0758,NA,5,61,NA,NA,NA,IGR,FALSE,FALSE,FALSE,FALSE,3,2,1,2_1,754d26af-f184-497c-856a-cd1ea7a5115c,NA
2,79106158,79106158,1,snv_mnv,NA,NA,"broad,muse,sanger",3,COSN16632918,NA,NA,FALSE,0.0862,NA,5,53,NA,NA,NA,IGR,FALSE,FALSE,TRUE,FALSE,3,2,1,2_1,754d26af-f184-497c-856a-cd1ea7a5115c,"RNU6-827P,RNU6-812P"
2,79614615,79614615,1,snv_mnv,NA,NA,"broad,dkfz,sanger",3,COSN16629619,rs778044596,NA,FALSE,0.075,NA,6,74,NA,NA,NA,Intron,FALSE,FALSE,FALSE,FALSE,3,2,1,2_1,754d26af-f184-497c-856a-cd1ea7a5115c,NA
2,80057658,80057658,1,snv_mnv,NA,NA,"broad,muse,sanger",3,COSN16631550,NA,NA,FALSE,0.087,NA,4,42,NA,NA,NA,Intron,FALSE,FALSE,FALSE,FALSE,3,2,1,2_1,754d26af-f184-497c-856a-cd1ea7a5115c,NA
2,80511232,80511232,1,snv_mnv,NA,NA,"broad,muse",2,COSN16629697,NA,NA,FALSE,0.0755,NA,4,49,NA,NA,NA,Intron,FALSE,FALSE,FALSE,FALSE,3,2,1,2_1,754d26af-f184-497c-856a-cd1ea7a5115c,LRRTM1
2,81130171,81130171,1,snv_mnv,NA,NA,"broad,dkfz,sanger",3,COSN16631693,NA,NA,FALSE,0.2568,NA,19,55,NA,NA,NA,IGR,FALSE,FALSE,FALSE,FALSE,3,2,1,2_1,754d26af-f184-497c-856a-cd1ea7a5115c,NA
2,81827730,81827730,1,snv_mnv,NA,NA,"broad,dkfz,muse,sanger",4,COSN16631973,NA,NA,FALSE,0.1695,NA,10,49,NA,NA,NA,IGR,FALSE,FALSE,FALSE,FALSE,3,2,1,2_1,754d26af-f184-497c-856a-cd1ea7a5115c,NA
2,82678509,82678509,1,snv_mnv,0.0013978,rs139658555,"broad,muse",2,COSN16630871,rs139658555,L1MA2,FALSE,0.0571,NA,4,66,NA,NA,NA,IGR,FALSE,FALSE,FALSE,TRUE,3,2,1,2_1,754d26af-f184-497c-856a-cd1ea7a5115c,NA
2,82707778,82707778,1,snv_mnv,NA,NA,"broad,dkfz,muse,sanger",4,COSN16630415,NA,NA,FALSE,0.0909,NA,6,60,NA,NA,NA,lincRNA,FALSE,FALSE,FALSE,FALSE,3,2,1,2_1,754d26af-f184-497c-856a-cd1ea7a5115c,NA
2,82763150,82763150,1,snv_mnv,NA,NA,"broad,dkfz,muse,sanger",4,COSN16630138,rs546971468,L2,FALSE,0.1273,NA,7,48,NA,NA,NA,lincRNA,FALSE,FALSE,FALSE,FALSE,3,2,1,2_1,754d26af-f184-497c-856a-cd1ea7a5115c,NA
2,83153948,83153948,1,snv_mnv,NA,NA,"broad,muse,sanger",3,COSN16631830,NA,NA,FALSE,0.0746,NA,5,62,NA,NA,NA,IGR,FALSE,FALSE,FALSE,FALSE,3,2,1,2_1,754d26af-f184-497c-856a-cd1ea7a5115c,NA
2,83267637,83267637,1,snv_mnv,NA,NA,"broad,muse,sanger",3,COSN16632635,NA,MER61A,FALSE,0.0769,NA,5,60,NA,NA,NA,IGR,FALSE,FALSE,FALSE,FALSE,3,2,1,2_1,754d26af-f184-497c-856a-cd1ea7a5115c,NA
2,83334903,83334903,1,snv_mnv,NA,NA,"dkfz,muse,sanger",3,COSN16630718,NA,NA,FALSE,0.1154,NA,6,46,NA,NA,NA,IGR,FALSE,FALSE,FALSE,FALSE,3,2,1,2_1,754d26af-f184-497c-856a-cd1ea7a5115c,NA
2,83569913,83569913,1,snv_mnv,NA,NA,"broad,dkfz,muse,sanger",4,COSN16628931,NA,L1MC1,FALSE,0.1364,NA,6,38,NA,NA,NA,IGR,FALSE,FALSE,FALSE,FALSE,3,2,1,2_1,754d26af-f184-497c-856a-cd1ea7a5115c,NA
2,84093417,84093417,1,snv_mnv,1.9968e-4,rs565345709,"broad,dkfz,muse,sanger",4,COSN16632724,rs565345709,NA,FALSE,0.0758,NA,5,61,NA,NA,NA,IGR,FALSE,FALSE,FALSE,FALSE,3,2,1,2_1,754d26af-f184-497c-856a-cd1ea7a5115c,NA
2,85606891,85606891,1,snv_mnv,NA,NA,"broad,dkfz,muse,sanger",4,COSN16629442,NA,MER4-int,FALSE,0.1613,NA,10,52,NA,NA,NA,Intron,FALSE,FALSE,FALSE,FALSE,3,2,1,2_1,754d26af-f184-497c-856a-cd1ea7a5115c,NA
2,98798619,98798619,1,snv_mnv,NA,NA,"broad,dkfz,muse,sanger",4,COSN16629850,NA,NA,FALSE,0.2653,NA,13,36,NA,NA,NA,Intron,FALSE,FALSE,FALSE,FALSE,5,3,2,3_2,754d26af-f184-497c-856a-cd1ea7a5115c,NA
2,98807151,98807151,1,snv_mnv,NA,NA,"broad,dkfz,muse,sanger",4,COSN16631831,NA,L1MEc,FALSE,0.1026,NA,8,70,NA,NA,NA,Intron,FALSE,FALSE,FALSE,FALSE,5,3,2,3_2,754d26af-f184-497c-856a-cd1ea7a5115c,VWA3B
2,100766888,100766888,1,snv_mnv,1.9968e-4,rs567349928,"broad,dkfz,muse,sanger",4,COSN16629819,rs567349928,NA,FALSE,0.1053,NA,6,51,NA,NA,NA,IGR,FALSE,FALSE,FALSE,FALSE,5,3,2,3_2,754d26af-f184-497c-856a-cd1ea7a5115c,NA
2,103702420,103702420,1,snv_mnv,NA,NA,"broad,dkfz,muse,sanger",4,COSN16630922,NA,L1MCa,FALSE,0.2063,NA,13,50,NA,NA,NA,IGR,FALSE,FALSE,FALSE,FALSE,5,3,2,3_2,754d26af-f184-497c-856a-cd1ea7a5115c,NA
2,103750730,103750730,1,snv_mnv,NA,NA,"broad,dkfz,muse,sanger",4,COSN16633011,NA,NA,FALSE,0.1486,NA,11,63,NA,NA,NA,lincRNA,FALSE,FALSE,FALSE,FALSE,5,3,2,3_2,754d26af-f184-497c-856a-cd1ea7a5115c,NA
2,104583977,104583977,1,snv_mnv,NA,NA,"broad,dkfz,muse,sanger",4,COSN16629165,NA,NA,FALSE,0.2025,NA,16,63,NA,NA,NA,IGR,FALSE,FALSE,FALSE,FALSE,5,3,2,3_2,754d26af-f184-497c-856a-cd1ea7a5115c,NA
2,107559411,107559411,1,snv_mnv,NA,NA,"broad,dkfz,muse,sanger",4,COSN16631345,NA,L1MEg1,FALSE,0.1139,NA,9,70,NA,NA,NA,IGR,FALSE,FALSE,FALSE,FALSE,5,3,2,3_2,754d26af-f184-497c-856a-cd1ea7a5115c,PPP1R2P5
2,108144010,108144010,1,snv_mnv,NA,NA,"broad,dkfz,muse,sanger",4,COSN16633105,NA,AluSq2,FALSE,0.14,NA,7,43,NA,NA,NA,lincRNA,FALSE,FALSE,FALSE,FALSE,5,3,2,3_2,754d26af-f184-497c-856a-cd1ea7a5115c,LINC01886
2,109771328,109771328,1,snv_mnv,NA,NA,"broad,dkfz,muse,sanger",4,COSN16629590,NA,NA,FALSE,0.1136,NA,5,39,NA,NA,NA,Intron,FALSE,FALSE,FALSE,FALSE,5,3,2,3_2,754d26af-f184-497c-856a-cd1ea7a5115c,NA
2,110957202,110957202,1,snv_mnv,NA,NA,"broad,dkfz,muse,sanger",4,COSN16631605,NA,NA,FALSE,0.1594,NA,11,58,NA,NA,NA,Intron,FALSE,FALSE,FALSE,FALSE,5,3,2,3_2,754d26af-f184-497c-856a-cd1ea7a5115c,NA
2,111408976,111408976,1,snv_mnv,0.0013978,rs569595069,"broad,dkfz,muse,sanger",4,COSN16630468,rs569595069,Tigger3b,FALSE,0.0933,NA,7,68,NA,NA,NA,Intron,FALSE,FALSE,TRUE,FALSE,5,3,2,3_2,754d26af-f184-497c-856a-cd1ea7a5115c,BUB1
2,113395996,113395996,1,snv_mnv,NA,NA,"broad,dkfz,muse,sanger",4,COSN16631832,NA,NA,FALSE,0.1228,NA,7,50,NA,NA,NA,IGR,FALSE,FALSE,FALSE,FALSE,5,3,2,3_2,754d26af-f184-497c-856a-cd1ea7a5115c,AC079922.2
2,113478729,113478729,1,snv_mnv,3.9936e-4,rs552082901,"broad,dkfz,muse,sanger",4,COSN16632196,rs552082901,NA,FALSE,0.1429,NA,6,36,NA,NA,NA,5'Flank,FALSE,FALSE,FALSE,FALSE,5,3,2,3_2,754d26af-f184-497c-856a-cd1ea7a5115c,NT5DC4
2,113595744,113595744,1,snv_mnv,NA,NA,"broad,dkfz,muse,sanger",4,COSN16631606,NA,NA,FALSE,0.1967,NA,12,49,NA,NA,NA,5'Flank,FALSE,FALSE,FALSE,FALSE,5,3,2,3_2,754d26af-f184-497c-856a-cd1ea7a5115c,"IL1B,AC079753.1"
2,114137132,114137132,1,snv_mnv,NA,NA,"broad,muse,sanger",3,COSN16633106,NA,NA,FALSE,0.0685,NA,5,68,NA,NA,NA,IGR,FALSE,FALSE,FALSE,FALSE,5,3,2,3_2,754d26af-f184-497c-856a-cd1ea7a5115c,NA
2,115163167,115163167,1,snv_mnv,NA,NA,"broad,dkfz,muse,sanger",4,COSN16629166,NA,NA,FALSE,0.1216,NA,9,65,NA,NA,NA,IGR,FALSE,FALSE,FALSE,FALSE,5,3,2,3_2,754d26af-f184-497c-856a-cd1ea7a5115c,NA
2,115211535,115211535,1,snv_mnv,1.9968e-4,rs561335283,"broad,dkfz,muse,sanger",4,COSN16632942,rs561335283,NA,FALSE,0.2289,NA,19,64,NA,NA,NA,Intron,FALSE,FALSE,FALSE,FALSE,5,3,2,3_2,754d26af-f184-497c-856a-cd1ea7a5115c,NA
2,116488507,116488507,1,snv_mnv,NA,NA,"broad,muse",2,COSN16629591,NA,MIR,FALSE,0.0769,NA,4,48,NA,NA,NA,Intron,FALSE,FALSE,FALSE,FALSE,5,3,2,3_2,754d26af-f184-497c-856a-cd1ea7a5115c,NA
2,116620636,116620636,1,snv_mnv,NA,NA,"broad,dkfz,muse,sanger",4,COSN16629223,NA,NA,FALSE,0.1207,NA,7,51,NA,NA,NA,IGR,FALSE,FALSE,FALSE,FALSE,5,3,2,3_2,754d26af-f184-497c-856a-cd1ea7a5115c,NA
2,116722136,116722136,1,snv_mnv,NA,NA,"broad,dkfz,muse,sanger",4,COSN16631833,NA,L1PA6,FALSE,0.1556,NA,14,76,NA,NA,NA,IGR,FALSE,FALSE,TRUE,FALSE,5,3,2,3_2,754d26af-f184-497c-856a-cd1ea7a5115c,NA
2,116838223,116838223,1,snv_mnv,NA,NA,"broad,dkfz,muse,sanger",4,COSN16631488,NA,NA,FALSE,0.1013,NA,8,71,NA,NA,NA,IGR,FALSE,FALSE,FALSE,FALSE,5,3,2,3_2,754d26af-f184-497c-856a-cd1ea7a5115c,NA
2,116931377,116931377,1,snv_mnv,NA,NA,"broad,dkfz,muse,sanger",4,COSN16629134,NA,NA,FALSE,0.1512,NA,13,73,NA,NA,NA,IGR,FALSE,FALSE,FALSE,FALSE,5,3,2,3_2,754d26af-f184-497c-856a-cd1ea7a5115c,NA
2,117066128,117066128,1,snv_mnv,NA,NA,"broad,dkfz,muse,sanger",4,COSN16629249,NA,NA,FALSE,0.0879,NA,8,83,NA,NA,NA,IGR,FALSE,FALSE,FALSE,FALSE,5,3,2,3_2,754d26af-f184-497c-856a-cd1ea7a5115c,NA
2,117388817,117388817,1,snv_mnv,NA,NA,"broad,dkfz,muse,sanger",4,COSN16631159,NA,NA,FALSE,0.0933,NA,7,68,NA,NA,NA,IGR,FALSE,FALSE,FALSE,FALSE,5,3,2,3_2,754d26af-f184-497c-856a-cd1ea7a5115c,NA
2,119158770,119158770,1,snv_mnv,NA,NA,"broad,muse,sanger",3,COSN16633307,NA,L1MA1,FALSE,0.0685,NA,5,68,NA,NA,NA,IGR,FALSE,FALSE,FALSE,FALSE,5,3,2,3_2,754d26af-f184-497c-856a-cd1ea7a5115c,NA
2,119192312,119192312,1,snv_mnv,NA,NA,"broad,muse",2,COSN16630747,NA,NA,FALSE,0.0714,NA,4,52,NA,NA,NA,IGR,FALSE,FALSE,FALSE,FALSE,5,3,2,3_2,754d26af-f184-497c-856a-cd1ea7a5115c,NA
2,119455099,119455099,1,snv_mnv,NA,NA,"broad,dkfz,muse",3,COSN16632226,NA,NA,FALSE,0.2308,NA,18,60,NA,NA,NA,IGR,FALSE,FALSE,TRUE,FALSE,5,3,2,3_2,754d26af-f184-497c-856a-cd1ea7a5115c,NA
2,119560640,119560640,1,snv_mnv,NA,NA,"broad,dkfz,muse",3,COSN16633040,NA,NA,FALSE,0.1667,NA,9,45,NA,NA,NA,IGR,FALSE,FALSE,FALSE,FALSE,5,3,2,3_2,754d26af-f184-497c-856a-cd1ea7a5115c,NA
2,121767123,121767123,1,snv_mnv,NA,NA,"broad,dkfz,muse,sanger",4,COSN16629167,NA,L1MC4a,FALSE,0.1023,NA,9,79,NA,NA,NA,IGR,FALSE,FALSE,FALSE,FALSE,5,3,2,3_2,754d26af-f184-497c-856a-cd1ea7a5115c,NA
2,122555772,122555772,1,snv_mnv,NA,NA,"broad,dkfz,muse,sanger",4,COSN16631782,NA,MLT1L,FALSE,0.1,NA,7,63,NA,NA,NA,lincRNA,FALSE,FALSE,TRUE,FALSE,5,3,2,3_2,754d26af-f184-497c-856a-cd1ea7a5115c,LINC01823
2,122617592,122617592,1,snv_mnv,NA,NA,"broad,dkfz,muse,sanger",4,COSN16630139,NA,MER21B,FALSE,0.2097,NA,13,49,NA,NA,NA,IGR,FALSE,FALSE,FALSE,FALSE,5,3,2,3_2,754d26af-f184-497c-856a-cd1ea7a5115c,NA
2,123325909,123325909,1,snv_mnv,NA,NA,"broad,dkfz,muse,sanger",4,COSN16630469,rs374480401,L1PA17,FALSE,0.1585,NA,13,69,NA,NA,NA,IGR,FALSE,FALSE,TRUE,FALSE,5,3,2,3_2,754d26af-f184-497c-856a-cd1ea7a5115c,NA
2,123457554,123457554,1,snv_mnv,NA,NA,"broad,dkfz,muse,sanger",4,COSN16631205,NA,L1ME3A,FALSE,0.1948,NA,15,62,NA,NA,NA,IGR,FALSE,FALSE,FALSE,FALSE,5,3,2,3_2,754d26af-f184-497c-856a-cd1ea7a5115c,NA
2,123893295,123893295,1,snv_mnv,NA,NA,"broad,dkfz,muse,sanger",4,COSN16633209,NA,NA,FALSE,0.0794,NA,5,58,NA,NA,NA,IGR,FALSE,FALSE,FALSE,FALSE,5,3,2,3_2,754d26af-f184-497c-856a-cd1ea7a5115c,NA
2,124137985,124137985,1,snv_mnv,NA,NA,"broad,dkfz,muse,sanger",4,COSN16628899,NA,L1PA5,FALSE,0.1818,NA,12,54,NA,NA,NA,IGR,FALSE,FALSE,FALSE,FALSE,5,3,2,3_2,754d26af-f184-497c-856a-cd1ea7a5115c,NA
2,124440391,124440391,1,snv_mnv,1.9968e-4,rs539649358,"broad,dkfz,muse,sanger",4,COSN16630982,rs539649358,HERVS71-int,FALSE,0.1818,NA,8,36,NA,NA,NA,RNA,FALSE,FALSE,FALSE,FALSE,5,3,2,3_2,754d26af-f184-497c-856a-cd1ea7a5115c,NA
2,124565163,124565163,1,snv_mnv,NA,NA,"broad,dkfz,muse,sanger",4,COSN16630099,NA,L1PA13,FALSE,0.1053,NA,8,68,NA,NA,NA,IGR,FALSE,FALSE,FALSE,FALSE,5,3,2,3_2,754d26af-f184-497c-856a-cd1ea7a5115c,NA
2,125161506,125161506,1,snv_mnv,0.0013978,rs529894957,"broad,dkfz,muse,sanger",4,COSN16630181,rs529894957,THE1B,FALSE,0.1486,NA,11,63,NA,NA,NA,Intron,FALSE,FALSE,FALSE,FALSE,5,3,2,3_2,754d26af-f184-497c-856a-cd1ea7a5115c,NA
2,125324769,125324769,1,snv_mnv,NA,NA,"broad,dkfz,muse,sanger",4,COSN16630546,NA,NA,FALSE,0.2632,NA,15,42,NA,NA,NA,Intron,FALSE,FALSE,FALSE,FALSE,5,3,2,3_2,754d26af-f184-497c-856a-cd1ea7a5115c,NA
2,126422825,126422825,1,snv_mnv,NA,NA,"broad,muse,sanger",3,COSN16630262,NA,LTR12_,FALSE,0.1084,NA,9,74,NA,NA,NA,IGR,FALSE,FALSE,FALSE,FALSE,5,3,2,3_2,754d26af-f184-497c-856a-cd1ea7a5115c,NA
2,126576973,126576973,1,snv_mnv,NA,NA,"broad,dkfz,muse,sanger",4,COSN16632297,NA,NA,FALSE,0.1053,NA,8,68,NA,NA,NA,IGR,FALSE,FALSE,FALSE,FALSE,5,3,2,3_2,754d26af-f184-497c-856a-cd1ea7a5115c,AC097499.1
2,126621542,126621542,1,snv_mnv,NA,NA,"broad,dkfz,muse,sanger",4,COSN16631050,NA,MIRb,FALSE,0.1471,NA,10,58,NA,NA,NA,IGR,FALSE,FALSE,FALSE,FALSE,5,3,2,3_2,754d26af-f184-497c-856a-cd1ea7a5115c,NA
2,126754904,126754904,1,snv_mnv,NA,NA,"broad,muse,sanger",3,COSN16632004,NA,MLT1F2,FALSE,0.0714,NA,5,65,NA,NA,NA,IGR,FALSE,FALSE,FALSE,FALSE,5,3,2,3_2,754d26af-f184-497c-856a-cd1ea7a5115c,NA
2,126858145,126858145,1,snv_mnv,NA,NA,"broad,muse,sanger",3,COSN16629193,NA,MSTB1,FALSE,0.0794,NA,5,58,NA,NA,NA,IGR,FALSE,FALSE,FALSE,FALSE,5,3,2,3_2,754d26af-f184-497c-856a-cd1ea7a5115c,NA
2,126867930,126867930,1,snv_mnv,NA,NA,"broad,dkfz,muse",3,COSN16629168,NA,L1MC4,FALSE,0.0938,NA,6,58,NA,NA,NA,lincRNA,FALSE,FALSE,TRUE,TRUE,5,3,2,3_2,754d26af-f184-497c-856a-cd1ea7a5115c,NA
2,127047141,127047141,1,snv_mnv,NA,NA,"muse,sanger",2,COSN16629443,NA,L1MCa,FALSE,0.0702,NA,4,53,NA,NA,NA,IGR,FALSE,FALSE,FALSE,FALSE,5,3,2,3_2,754d26af-f184-497c-856a-cd1ea7a5115c,NA
2,127077180,127077180,1,snv_mnv,NA,NA,"broad,dkfz,muse,sanger",4,COSN16632693,NA,NA,FALSE,0.1695,NA,10,49,NA,NA,NA,lincRNA,FALSE,FALSE,FALSE,FALSE,5,3,2,3_2,754d26af-f184-497c-856a-cd1ea7a5115c,NA
2,127181411,127181411,1,snv_mnv,NA,NA,"broad,muse,sanger",3,COSN16629104,NA,T-rich,FALSE,0.1429,NA,9,54,NA,NA,NA,IGR,FALSE,FALSE,FALSE,FALSE,5,3,2,3_2,754d26af-f184-497c-856a-cd1ea7a5115c,NA
2,127455588,127455588,1,snv_mnv,NA,NA,"broad,dkfz,muse,sanger",4,COSN16629105,rs771499733,MER103C,FALSE,0.2414,NA,14,44,NA,NA,NA,IGR,FALSE,FALSE,FALSE,FALSE,5,3,2,3_2,754d26af-f184-497c-856a-cd1ea7a5115c,"GYPC,RNU6-675P"
2,127706946,127706946,1,snv_mnv,NA,NA,"broad,dkfz,muse,sanger",4,COSN16632836,NA,L1ME1,FALSE,0.0896,NA,6,61,NA,NA,NA,IGR,FALSE,FALSE,FALSE,FALSE,5,3,2,3_2,754d26af-f184-497c-856a-cd1ea7a5115c,NA
2,127941574,127941574,1,snv_mnv,NA,NA,"broad,dkfz,muse,sanger",4,COSN16631408,NA,L1MC5,FALSE,0.129,NA,8,54,NA,NA,NA,IGR,FALSE,FALSE,FALSE,FALSE,5,3,2,3_2,754d26af-f184-497c-856a-cd1ea7a5115c,CYP27C1
2,131600107,131600107,1,snv_mnv,NA,NA,"broad,dkfz,muse,sanger",4,COSN16629074,NA,NA,FALSE,0.2037,NA,11,43,NA,NA,NA,Intron,FALSE,FALSE,FALSE,FALSE,5,3,2,3_2,754d26af-f184-497c-856a-cd1ea7a5115c,NA
2,133487795,133487795,1,snv_mnv,NA,NA,"broad,muse,sanger",3,COSN16630042,NA,AluSx,FALSE,0.0541,NA,4,70,NA,NA,NA,Intron,FALSE,FALSE,FALSE,FALSE,5,3,2,3_2,754d26af-f184-497c-856a-cd1ea7a5115c,NCKAP5
2,136703825,136703825,1,snv_mnv,NA,NA,"broad,dkfz,muse,sanger",4,COSN16631753,NA,NA,FALSE,0.0909,NA,9,90,NA,NA,NA,Intron,FALSE,FALSE,FALSE,FALSE,5,3,2,3_2,754d26af-f184-497c-856a-cd1ea7a5115c,NA
2,137420259,137420259,1,snv_mnv,NA,NA,"broad,dkfz,muse,sanger",4,COSN16629075,NA,Charlie9,FALSE,0.2027,NA,15,59,NA,NA,NA,IGR,FALSE,FALSE,FALSE,FALSE,5,3,2,3_2,754d26af-f184-497c-856a-cd1ea7a5115c,NA
2,137811726,137811726,1,snv_mnv,NA,NA,"broad,dkfz,muse,sanger",4,COSN16630103,NA,NA,FALSE,0.1148,NA,7,54,NA,NA,NA,Intron,FALSE,FALSE,FALSE,FALSE,5,3,2,3_2,754d26af-f184-497c-856a-cd1ea7a5115c,NA
2,138316130,138316130,1,snv_mnv,NA,NA,"broad,dkfz,muse,sanger",4,COSN16630389,NA,L1PA5,FALSE,0.1408,NA,10,61,NA,NA,NA,Intron,FALSE,FALSE,FALSE,FALSE,5,3,2,3_2,754d26af-f184-497c-856a-cd1ea7a5115c,NA
2,138595324,138595324,1,snv_mnv,NA,NA,"broad,dkfz,muse,sanger",4,COSN16629990,NA,MLT1D,FALSE,0.2879,NA,19,47,NA,NA,NA,IGR,FALSE,FALSE,FALSE,FALSE,5,3,2,3_2,754d26af-f184-497c-856a-cd1ea7a5115c,NA
2,139976663,139976663,1,snv_mnv,NA,NA,"broad,muse,sanger",3,COSN16630547,NA,THE1B-int,FALSE,0.0549,NA,5,86,NA,NA,NA,IGR,FALSE,FALSE,FALSE,FALSE,5,3,2,3_2,754d26af-f184-497c-856a-cd1ea7a5115c,NA
2,140099534,140099534,1,snv_mnv,NA,NA,"broad,dkfz,muse,sanger",4,COSN16632005,NA,NA,FALSE,0.1728,NA,14,67,NA,NA,NA,IGR,FALSE,FALSE,FALSE,FALSE,5,3,2,3_2,754d26af-f184-497c-856a-cd1ea7a5115c,NA
2,140160377,140160377,1,snv_mnv,NA,NA,"broad,dkfz,muse,sanger",4,COSN16631870,NA,L2c,FALSE,0.1053,NA,8,68,NA,NA,NA,IGR,FALSE,FALSE,FALSE,FALSE,5,3,2,3_2,754d26af-f184-497c-856a-cd1ea7a5115c,NA
2,140280162,140280162,1,snv_mnv,NA,NA,"broad,dkfz,muse,sanger",4,COSN16633185,NA,NA,FALSE,0.0795,NA,7,81,NA,NA,NA,IGR,FALSE,FALSE,FALSE,FALSE,5,3,2,3_2,754d26af-f184-497c-856a-cd1ea7a5115c,NA
2,140572872,140572872,1,snv_mnv,NA,NA,"broad,dkfz,muse,sanger",4,COSN16632862,NA,NA,FALSE,0.1667,NA,14,70,NA,NA,NA,IGR,FALSE,FALSE,FALSE,FALSE,5,3,2,3_2,754d26af-f184-497c-856a-cd1ea7a5115c,NA
2,140759800,140759800,1,snv_mnv,1.9968e-4,rs530451244,"broad,dkfz,muse,sanger",4,COSN16630230,rs530451244,NA,FALSE,0.0714,NA,5,65,NA,NA,NA,IGR,FALSE,FALSE,FALSE,FALSE,5,3,2,3_2,754d26af-f184-497c-856a-cd1ea7a5115c,NA
2,140844909,140844909,1,snv_mnv,NA,NA,"broad,dkfz,muse,sanger",4,COSN16631664,NA,NA,FALSE,0.0978,NA,9,83,NA,NA,NA,IGR,FALSE,FALSE,FALSE,FALSE,5,3,2,3_2,754d26af-f184-497c-856a-cd1ea7a5115c,NA
2,141137243,141137243,1,snv_mnv,NA,NA,"broad,muse,sanger",3,COSN16629323,NA,AluSx1,FALSE,0.0781,NA,5,59,NA,NA,NA,Intron,FALSE,FALSE,FALSE,FALSE,5,3,2,3_2,754d26af-f184-497c-856a-cd1ea7a5115c,NA
2,141439437,141439437,1,snv_mnv,NA,NA,"broad,dkfz,muse,sanger",4,COSN16629820,NA,NA,FALSE,0.1481,NA,12,69,NA,NA,NA,Intron,FALSE,FALSE,FALSE,FALSE,5,3,2,3_2,754d26af-f184-497c-856a-cd1ea7a5115c,AC117947.1
2,141470085,141470085,1,snv_mnv,NA,NA,"broad,dkfz,muse,sanger",4,COSN16630495,NA,NA,FALSE,0.0909,NA,7,70,NA,NA,NA,Intron,FALSE,FALSE,FALSE,FALSE,5,3,2,3_2,754d26af-f184-497c-856a-cd1ea7a5115c,NA
2,141551068,141551068,1,snv_mnv,NA,NA,"broad,dkfz,muse,sanger",4,COSN16629620,NA,NA,FALSE,0.1579,NA,12,64,NA,NA,NA,Intron,FALSE,FALSE,FALSE,FALSE,5,3,2,3_2,754d26af-f184-497c-856a-cd1ea7a5115c,NA
2,141993174,141993174,1,snv_mnv,NA,NA,"broad,dkfz,muse,sanger",4,COSN16629324,NA,L2c,FALSE,0.0845,NA,6,65,NA,NA,NA,Intron,FALSE,FALSE,FALSE,FALSE,5,3,2,3_2,754d26af-f184-497c-856a-cd1ea7a5115c,NA
2,142732037,142732037,1,snv_mnv,NA,NA,"broad,dkfz,muse,sanger",4,COSN16632029,NA,NA,FALSE,0.087,NA,6,63,NA,NA,NA,Intron,FALSE,FALSE,FALSE,FALSE,5,3,2,3_2,754d26af-f184-497c-856a-cd1ea7a5115c,NA
2,142799948,142799948,1,snv_mnv,NA,NA,"broad,dkfz,muse,sanger",4,COSN16628932,rs375963670,NA,FALSE,0.2405,NA,19,60,NA,NA,NA,Intron,FALSE,FALSE,FALSE,FALSE,5,3,2,3_2,754d26af-f184-497c-856a-cd1ea7a5115c,NA
2,142918078,142918078,1,snv_mnv,NA,NA,"broad,dkfz,muse,sanger",4,COSN16630694,NA,L1PA13,FALSE,0.2321,NA,13,43,NA,NA,NA,IGR,FALSE,FALSE,FALSE,FALSE,5,3,2,3_2,754d26af-f184-497c-856a-cd1ea7a5115c,NA
2,144407045,144407045,1,snv_mnv,NA,NA,"broad,dkfz,muse,sanger",4,COSN16629303,NA,MER131,FALSE,0.1884,NA,13,56,NA,NA,NA,Intron,FALSE,FALSE,FALSE,FALSE,5,3,2,3_2,754d26af-f184-497c-856a-cd1ea7a5115c,AC092652.1
2,144648970,144648970,1,snv_mnv,NA,NA,"broad,dkfz,muse,sanger",4,COSN16631607,NA,NA,FALSE,0.0735,NA,5,63,NA,NA,NA,IGR,FALSE,FALSE,TRUE,FALSE,5,3,2,3_2,754d26af-f184-497c-856a-cd1ea7a5115c,NA
2,144712339,144712339,1,snv_mnv,NA,NA,"broad,dkfz,muse,sanger",4,COSN16630287,rs796725462,AT_rich,FALSE,0.16,NA,12,63,NA,NA,NA,Intron,FALSE,FALSE,FALSE,FALSE,5,3,2,3_2,754d26af-f184-497c-856a-cd1ea7a5115c,GTDC1
2,146197441,146197441,1,snv_mnv,NA,NA,"broad,muse,sanger",3,COSN16633363,NA,L1PA4,FALSE,0.058,NA,4,65,NA,NA,NA,IGR,FALSE,FALSE,FALSE,FALSE,5,3,2,3_2,754d26af-f184-497c-856a-cd1ea7a5115c,NA
2,146230330,146230330,1,snv_mnv,NA,NA,"broad,dkfz,muse,sanger",4,COSN16629961,NA,L1MA2,FALSE,0.0789,NA,6,70,NA,NA,NA,IGR,FALSE,FALSE,TRUE,FALSE,5,3,2,3_2,754d26af-f184-497c-856a-cd1ea7a5115c,NA
2,147225029,147225029,1,snv_mnv,NA,NA,"broad,dkfz,muse,sanger",4,COSN16631922,NA,NA,FALSE,0.0674,NA,6,83,NA,NA,NA,IGR,FALSE,FALSE,FALSE,FALSE,5,3,2,3_2,754d26af-f184-497c-856a-cd1ea7a5115c,NA
2,147362152,147362152,1,snv_mnv,NA,NA,"broad,dkfz,muse,sanger",4,COSN16632694,NA,NA,FALSE,0.2308,NA,12,40,NA,NA,NA,IGR,FALSE,FALSE,FALSE,FALSE,5,3,2,3_2,754d26af-f184-497c-856a-cd1ea7a5115c,NA
2,148766823,148766823,1,snv_mnv,NA,NA,"broad,dkfz,muse,sanger",4,COSN16629495,NA,L1MA4,FALSE,0.1304,NA,12,80,NA,NA,NA,Intron,FALSE,FALSE,FALSE,FALSE,5,3,2,3_2,754d26af-f184-497c-856a-cd1ea7a5115c,NA
2,148849905,148849905,1,snv_mnv,NA,NA,"broad,dkfz,muse,sanger",4,COSN16629280,NA,L1PB1,FALSE,0.1791,NA,12,55,NA,NA,NA,Intron,FALSE,FALSE,FALSE,FALSE,5,3,2,3_2,754d26af-f184-497c-856a-cd1ea7a5115c,NA
2,151246666,151246666,1,snv_mnv,NA,NA,"broad,muse",2,COSN16631949,NA,NA,FALSE,0.0678,NA,4,55,NA,NA,NA,IGR,FALSE,FALSE,FALSE,FALSE,5,3,2,3_2,754d26af-f184-497c-856a-cd1ea7a5115c,NA
2,151429913,151429913,1,snv_mnv,NA,NA,"broad,dkfz,muse,sanger",4,COSN16629304,NA,NA,FALSE,0.1228,NA,7,50,NA,NA,NA,lincRNA,FALSE,FALSE,FALSE,FALSE,5,3,2,3_2,754d26af-f184-497c-856a-cd1ea7a5115c,LINC01920
2,151627450,151627450,1,snv_mnv,NA,NA,"broad,dkfz,muse,sanger",4,COSN16630991,NA,NA,FALSE,0.0938,NA,6,58,NA,NA,NA,IGR,FALSE,FALSE,FALSE,FALSE,5,3,2,3_2,754d26af-f184-497c-856a-cd1ea7a5115c,NA
2,152198333,152198333,1,snv_mnv,NA,NA,"broad,muse,sanger",3,COSN16630583,rs752771170,L1PB1,FALSE,0.1571,NA,11,59,NA,NA,NA,IGR,FALSE,FALSE,FALSE,FALSE,5,3,2,3_2,754d26af-f184-497c-856a-cd1ea7a5115c,NA
2,153120345,153120345,1,snv_mnv,NA,NA,"broad,dkfz,muse,sanger",4,COSN16629496,NA,NA,FALSE,0.1379,NA,8,50,NA,NA,NA,IGR,FALSE,FALSE,FALSE,FALSE,5,3,2,3_2,754d26af-f184-497c-856a-cd1ea7a5115c,NA
2,153973759,153973759,1,snv_mnv,NA,NA,"broad,dkfz,muse,sanger",4,COSN16630204,NA,NA,FALSE,0.1525,NA,9,50,NA,NA,NA,IGR,FALSE,FALSE,FALSE,FALSE,5,3,2,3_2,754d26af-f184-497c-856a-cd1ea7a5115c,NA
2,154574409,154574409,1,snv_mnv,NA,NA,"broad,dkfz,muse,sanger",4,COSN16632197,rs543596754,NA,FALSE,0.1633,NA,8,41,NA,NA,NA,IGR,FALSE,FALSE,FALSE,FALSE,5,3,2,3_2,754d26af-f184-497c-856a-cd1ea7a5115c,NA
2,154972230,154972230,1,snv_mnv,NA,NA,"broad,dkfz,muse,sanger",4,COSN16629794,NA,AluSx1,FALSE,0.1455,NA,8,47,NA,NA,NA,Intron,FALSE,FALSE,FALSE,FALSE,5,3,2,3_2,754d26af-f184-497c-856a-cd1ea7a5115c,NA
2,155158422,155158422,1,snv_mnv,NA,NA,"broad,dkfz,muse,sanger",4,COSN16631409,NA,NA,FALSE,0.2295,NA,14,47,NA,NA,NA,Intron,FALSE,FALSE,FALSE,FALSE,5,3,2,3_2,754d26af-f184-497c-856a-cd1ea7a5115c,NA
2,155217909,155217909,1,snv_mnv,NA,NA,"broad,dkfz,muse,sanger",4,COSN16632815,rs747726118,NA,FALSE,0.0725,NA,5,64,NA,NA,NA,Intron,FALSE,FALSE,FALSE,FALSE,5,3,2,3_2,754d26af-f184-497c-856a-cd1ea7a5115c,NA
2,155237527,155237527,1,snv_mnv,NA,NA,"broad,dkfz,muse,sanger",4,COSN16632488,NA,MLT1F2,FALSE,0.1558,NA,12,65,NA,NA,NA,Intron,FALSE,FALSE,FALSE,FALSE,5,3,2,3_2,754d26af-f184-497c-856a-cd1ea7a5115c,NA
2,155861803,155861803,1,snv_mnv,NA,NA,"broad,dkfz,muse,sanger",4,COSN16630182,NA,NA,FALSE,0.1647,NA,14,71,NA,NA,NA,IGR,FALSE,FALSE,FALSE,FALSE,5,3,2,3_2,754d26af-f184-497c-856a-cd1ea7a5115c,NA
2,156785670,156785670,1,snv_mnv,NA,NA,"broad,dkfz,muse,sanger",4,COSN16630357,NA,NA,FALSE,0.2045,NA,9,35,NA,NA,NA,IGR,FALSE,FALSE,FALSE,FALSE,5,3,2,3_2,754d26af-f184-497c-856a-cd1ea7a5115c,NA
2,157569004,157569004,1,snv_mnv,NA,NA,"broad,dkfz,muse,sanger",4,COSN16632896,NA,L1PA14,FALSE,0.1231,NA,8,57,NA,NA,NA,IGR,FALSE,FALSE,FALSE,FALSE,5,3,2,3_2,754d26af-f184-497c-856a-cd1ea7a5115c,NA
2,159043530,159043530,1,snv_mnv,NA,NA,"broad,dkfz,muse,sanger",4,COSN16633107,NA,NA,FALSE,0.0843,NA,7,76,NA,NA,NA,Intron,FALSE,FALSE,FALSE,FALSE,5,3,2,3_2,754d26af-f184-497c-856a-cd1ea7a5115c,NA
2,159339128,159339128,1,snv_mnv,1.9968e-4,rs189017789,"broad,dkfz,muse,sanger",4,COSN16632543,rs189017789,AluJo,FALSE,0.1739,NA,8,38,NA,NA,NA,Intron,FALSE,FALSE,FALSE,FALSE,5,3,2,3_2,754d26af-f184-497c-856a-cd1ea7a5115c,NA
2,159623016,159623016,1,snv_mnv,NA,NA,"broad,dkfz,muse,sanger",4,COSN16630633,NA,LTR33C,FALSE,0.1228,NA,7,50,NA,NA,NA,IGR,FALSE,FALSE,FALSE,FALSE,5,3,2,3_2,754d26af-f184-497c-856a-cd1ea7a5115c,NA
2,159705374,159705374,1,snv_mnv,NA,NA,"broad,muse,sanger",3,COSN16633041,NA,HERVE-int,FALSE,0.2075,NA,11,42,NA,NA,NA,Intron,FALSE,FALSE,FALSE,FALSE,5,3,2,3_2,754d26af-f184-497c-856a-cd1ea7a5115c,OR7E89P
2,159767641,159767641,1,snv_mnv,NA,NA,"broad,dkfz,muse,sanger",4,COSN16632274,NA,AluJb,FALSE,0.15,NA,6,34,NA,NA,NA,IGR,FALSE,FALSE,FALSE,FALSE,5,3,2,3_2,754d26af-f184-497c-856a-cd1ea7a5115c,NA
2,161836736,161836736,1,snv_mnv,5.9904e-4,rs529556441,"broad,dkfz,muse,sanger",4,COSN16631582,rs529556441,AluSp,FALSE,0.1333,NA,6,39,NA,NA,NA,IGR,FALSE,FALSE,FALSE,FALSE,5,3,2,3_2,754d26af-f184-497c-856a-cd1ea7a5115c,NA
2,162226998,162226998,1,snv_mnv,NA,NA,"broad,dkfz,muse,sanger",4,COSN16632096,NA,NA,FALSE,0.2255,NA,23,79,NA,NA,NA,Intron,FALSE,FALSE,FALSE,FALSE,5,3,2,3_2,754d26af-f184-497c-856a-cd1ea7a5115c,PSMD14
2,163103583,163103583,1,snv_mnv,NA,NA,"broad,dkfz,muse,sanger",4,COSN16629671,NA,NA,FALSE,0.1013,NA,8,71,NA,NA,NA,5'Flank,FALSE,FALSE,FALSE,FALSE,5,3,2,3_2,754d26af-f184-497c-856a-cd1ea7a5115c,FAP
2,163971762,163971762,1,snv_mnv,NA,NA,"broad,muse,sanger",3,COSN16628900,NA,L1MEf,FALSE,0.0704,NA,5,66,NA,NA,NA,IGR,FALSE,FALSE,FALSE,FALSE,5,3,2,3_2,754d26af-f184-497c-856a-cd1ea7a5115c,NA
2,164446535,164446535,1,snv_mnv,NA,NA,"broad,dkfz,muse,sanger",4,COSN16630025,NA,MIR,FALSE,0.1951,NA,16,66,NA,NA,NA,IGR,FALSE,FALSE,FALSE,FALSE,5,3,2,3_2,754d26af-f184-497c-856a-cd1ea7a5115c,FIGN
2,164660524,164660524,1,snv_mnv,NA,NA,"broad,dkfz,muse,sanger",4,COSN16629991,NA,NA,FALSE,0.2192,NA,16,57,NA,NA,NA,lincRNA,FALSE,FALSE,FALSE,FALSE,5,3,2,3_2,754d26af-f184-497c-856a-cd1ea7a5115c,NA
2,165229413,165229413,1,snv_mnv,NA,NA,"broad,dkfz,muse,sanger",4,COSN16630104,NA,THE1C-int,FALSE,0.1127,NA,8,63,NA,NA,NA,IGR,FALSE,FALSE,FALSE,FALSE,5,3,2,3_2,754d26af-f184-497c-856a-cd1ea7a5115c,NA
2,167015703,167015703,1,snv_mnv,NA,NA,"broad,dkfz,muse,sanger",4,COSN15309333,NA,NA,FALSE,0.175,NA,14,66,NA,NA,NA,RNA,FALSE,FALSE,FALSE,FALSE,5,3,2,3_2,754d26af-f184-497c-856a-cd1ea7a5115c,NA
2,167148010,167148010,1,snv_mnv,NA,NA,"broad,dkfz,muse,sanger",4,COSN16629497,NA,L1PA8,FALSE,0.1333,NA,10,65,NA,NA,NA,Intron,FALSE,FALSE,FALSE,FALSE,5,3,2,3_2,754d26af-f184-497c-856a-cd1ea7a5115c,NA
2,167486140,167486140,1,snv_mnv,NA,NA,"broad,dkfz,muse,sanger",4,COSN16633390,NA,L1MA3,FALSE,0.1912,NA,13,55,NA,NA,NA,IGR,FALSE,FALSE,FALSE,FALSE,5,3,2,3_2,754d26af-f184-497c-856a-cd1ea7a5115c,NA
2,167530137,167530137,1,snv_mnv,NA,NA,"broad,dkfz,muse,sanger",4,COSN16629698,NA,NA,FALSE,0.1351,NA,10,64,NA,NA,NA,IGR,FALSE,FALSE,FALSE,FALSE,5,3,2,3_2,754d26af-f184-497c-856a-cd1ea7a5115c,NA
2,167575602,167575602,1,snv_mnv,NA,NA,"broad,dkfz,muse,sanger",4,COSN16631551,NA,NA,FALSE,0.1719,NA,11,53,NA,NA,NA,IGR,FALSE,FALSE,FALSE,FALSE,5,3,2,3_2,754d26af-f184-497c-856a-cd1ea7a5115c,NA
2,168867183,168867183,1,snv_mnv,NA,NA,"broad,dkfz,muse,sanger",4,COSN16629621,NA,NA,FALSE,0.129,NA,8,54,NA,NA,NA,Intron,FALSE,FALSE,FALSE,FALSE,5,3,2,3_2,754d26af-f184-497c-856a-cd1ea7a5115c,NA
2,170173150,170173150,1,snv_mnv,NA,NA,"dkfz,muse,sanger",3,COSN16629169,NA,L2c,FALSE,0.0702,NA,4,53,NA,NA,NA,Intron,FALSE,FALSE,FALSE,FALSE,5,3,2,3_2,754d26af-f184-497c-856a-cd1ea7a5115c,NA
2,170520584,170520584,1,snv_mnv,NA,NA,"broad,muse,sanger",3,COSN16628901,NA,AluSx,FALSE,0.1212,NA,4,29,NA,NA,NA,Intron,FALSE,FALSE,FALSE,FALSE,5,3,2,3_2,754d26af-f184-497c-856a-cd1ea7a5115c,AC016772.1
2,170584392,170584392,1,snv_mnv,NA,NA,"broad,dkfz,muse,sanger",4,COSN16630070,NA,NA,FALSE,0.2278,NA,18,61,NA,NA,NA,Intron,FALSE,FALSE,FALSE,FALSE,5,3,2,3_2,754d26af-f184-497c-856a-cd1ea7a5115c,NA
2,170978320,170978320,1,snv_mnv,NA,NA,"broad,dkfz,muse,sanger",4,COSN16630748,NA,NA,FALSE,0.0845,NA,6,65,NA,NA,NA,RNA,FALSE,FALSE,FALSE,FALSE,5,3,2,3_2,754d26af-f184-497c-856a-cd1ea7a5115c,RNU6-1006P
2,171268124,171268124,1,snv_mnv,NA,NA,"broad,dkfz,muse,sanger",4,COSN16630749,NA,NA,FALSE,0.1321,NA,7,46,NA,NA,NA,Intron,FALSE,FALSE,FALSE,FALSE,5,3,2,3_2,754d26af-f184-497c-856a-cd1ea7a5115c,AC012594.1
2,171315530,171315530,1,snv_mnv,NA,NA,"broad,dkfz,muse,sanger",4,COSN16631608,NA,LTR12E,FALSE,0.1905,NA,8,34,NA,NA,NA,Intron,FALSE,FALSE,FALSE,FALSE,5,3,2,3_2,754d26af-f184-497c-856a-cd1ea7a5115c,NA
2,172734335,172734335,1,snv_mnv,NA,NA,"broad,dkfz,sanger",3,COSN16632919,NA,NA,FALSE,0.0617,NA,5,76,NA,NA,NA,Intron,FALSE,FALSE,FALSE,FALSE,5,3,2,3_2,754d26af-f184-497c-856a-cd1ea7a5115c,NA
2,174585037,174585037,1,snv_mnv,NA,NA,"broad,dkfz,muse,sanger",4,COSN16629733,NA,NA,FALSE,0.1446,NA,12,71,NA,NA,NA,IGR,FALSE,FALSE,FALSE,FALSE,5,3,2,3_2,754d26af-f184-497c-856a-cd1ea7a5115c,NA
2,174928046,174928046,1,snv_mnv,1.9968e-4,rs532178326,"broad,dkfz,muse,sanger",4,COSN16630584,rs532178326,NA,FALSE,0.129,NA,8,54,NA,NA,NA,IGR,FALSE,FALSE,FALSE,FALSE,5,3,2,3_2,754d26af-f184-497c-856a-cd1ea7a5115c,NA
2,177002836,177002836,1,snv_mnv,NA,NA,"broad,dkfz,muse,sanger",4,COSN16629672,NA,NA,FALSE,0.1552,NA,9,49,NA,NA,NA,Intron,FALSE,FALSE,FALSE,FALSE,5,3,2,3_2,754d26af-f184-497c-856a-cd1ea7a5115c,HOXD-AS2
2,179240752,179240752,1,snv_mnv,NA,NA,"broad,dkfz,muse,sanger",4,COSN16629050,NA,L2,FALSE,0.1875,NA,9,39,NA,NA,NA,Intron,FALSE,FALSE,FALSE,FALSE,5,3,2,3_2,754d26af-f184-497c-856a-cd1ea7a5115c,NA
2,179385962,179385962,1,snv_mnv,NA,NA,"broad,dkfz,muse,sanger",4,COSN16629009,NA,MLT1B,FALSE,0.1395,NA,12,74,NA,NA,NA,RNA,FALSE,FALSE,FALSE,FALSE,5,3,2,3_2,754d26af-f184-497c-856a-cd1ea7a5115c,"TTN-AS1,TTN,PLEKHA3"
2,180916820,180916820,1,snv_mnv,NA,NA,"broad,dkfz,muse,sanger",4,COSN16631286,rs374253545,NA,FALSE,0.1613,NA,10,52,NA,NA,NA,IGR,FALSE,FALSE,FALSE,FALSE,5,3,2,3_2,754d26af-f184-497c-856a-cd1ea7a5115c,NA
2,181167886,181167886,1,snv_mnv,NA,NA,"broad,dkfz,muse,sanger",4,COSN16631552,NA,NA,FALSE,0.1961,NA,10,41,NA,NA,NA,IGR,FALSE,FALSE,FALSE,FALSE,5,3,2,3_2,754d26af-f184-497c-856a-cd1ea7a5115c,NA
2,182827185,182827185,1,snv_mnv,3.9936e-4,rs557953178,"broad,muse,sanger",3,COSN16631518,rs557953178,NA,FALSE,0.1765,NA,6,28,NA,NA,NA,Intron,FALSE,FALSE,FALSE,FALSE,5,3,2,3_2,754d26af-f184-497c-856a-cd1ea7a5115c,NA
2,184233029,184233029,1,snv_mnv,NA,NA,"broad,dkfz,muse,sanger",4,COSN16629592,NA,L1PA7,FALSE,0.0769,NA,6,72,NA,NA,NA,IGR,FALSE,FALSE,FALSE,FALSE,5,3,2,3_2,754d26af-f184-497c-856a-cd1ea7a5115c,NA
2,184683031,184683031,1,snv_mnv,NA,NA,"broad,muse,sanger",3,COSN16628986,NA,L1PB1,FALSE,0.0515,NA,5,92,NA,NA,NA,IGR,FALSE,FALSE,TRUE,FALSE,5,3,2,3_2,754d26af-f184-497c-856a-cd1ea7a5115c,NA
2,185175352,185175352,1,snv_mnv,NA,NA,"broad,muse,sanger",3,COSN16631553,NA,NA,FALSE,0.0635,NA,4,59,NA,NA,NA,IGR,FALSE,FALSE,FALSE,FALSE,5,3,2,3_2,754d26af-f184-497c-856a-cd1ea7a5115c,NA
2,185286115,185286115,1,snv_mnv,NA,NA,"broad,muse,sanger",3,COSN16631834,NA,NA,FALSE,0.0526,NA,4,72,NA,NA,NA,IGR,FALSE,FALSE,FALSE,FALSE,5,3,2,3_2,754d26af-f184-497c-856a-cd1ea7a5115c,NA
2,185321389,185321389,1,snv_mnv,NA,NA,"broad,muse,sanger",3,COSN16632142,NA,AluSc5,FALSE,0.125,NA,5,35,NA,NA,NA,IGR,FALSE,FALSE,FALSE,FALSE,5,3,2,3_2,754d26af-f184-497c-856a-cd1ea7a5115c,NA
2,185355895,185355895,1,snv_mnv,NA,NA,"broad,muse,sanger",3,COSN16632972,NA,MIR3,FALSE,0.061,NA,5,77,NA,NA,NA,IGR,FALSE,FALSE,FALSE,FALSE,5,3,2,3_2,754d26af-f184-497c-856a-cd1ea7a5115c,NA
2,186224548,186224548,1,snv_mnv,NA,NA,"broad,dkfz,muse,sanger",4,COSN16630470,NA,NA,FALSE,0.1333,NA,10,65,NA,NA,NA,IGR,FALSE,FALSE,FALSE,FALSE,5,3,2,3_2,754d26af-f184-497c-856a-cd1ea7a5115c,NA
2,186290020,186290020,1,snv_mnv,NA,NA,"broad,muse,sanger",3,COSN16628933,NA,L1PA2,FALSE,0.2,NA,6,24,NA,NA,NA,IGR,FALSE,FALSE,FALSE,FALSE,5,3,2,3_2,754d26af-f184-497c-856a-cd1ea7a5115c,NA
2,186317105,186317105,1,snv_mnv,NA,NA,"broad,dkfz,muse,sanger",4,COSN15282318,NA,THE1B,FALSE,0.1304,NA,9,60,NA,NA,NA,IGR,FALSE,FALSE,FALSE,FALSE,5,3,2,3_2,754d26af-f184-497c-856a-cd1ea7a5115c,NA
2,187239967,187239967,1,snv_mnv,NA,NA,"broad,dkfz,muse,sanger",4,COSN16632754,NA,MER11D,FALSE,0.1692,NA,11,54,NA,NA,NA,IGR,FALSE,FALSE,FALSE,FALSE,5,3,2,3_2,754d26af-f184-497c-856a-cd1ea7a5115c,NA
2,188444336,188444336,1,snv_mnv,NA,NA,"broad,dkfz,muse,sanger",4,COSN16629795,NA,NA,FALSE,0.1839,NA,16,71,NA,NA,NA,IGR,FALSE,FALSE,FALSE,FALSE,5,3,2,3_2,754d26af-f184-497c-856a-cd1ea7a5115c,NA
2,188554965,188554965,1,snv_mnv,1.9968e-4,rs562116030,"broad,dkfz,muse,sanger",4,COSN16631583,rs562116030,L2a,FALSE,0.2375,NA,19,61,NA,NA,NA,IGR,FALSE,FALSE,FALSE,FALSE,5,3,2,3_2,754d26af-f184-497c-856a-cd1ea7a5115c,NA
2,188555233,188555233,1,snv_mnv,NA,NA,"broad,dkfz,muse,sanger",4,COSN16630841,NA,L2a,FALSE,0.1471,NA,10,58,NA,NA,NA,IGR,FALSE,FALSE,FALSE,FALSE,5,3,2,3_2,754d26af-f184-497c-856a-cd1ea7a5115c,NA
2,188788052,188788052,1,snv_mnv,NA,NA,"broad,dkfz,muse,sanger",4,COSN16629194,NA,MER49,FALSE,0.225,NA,18,62,NA,NA,NA,IGR,FALSE,FALSE,FALSE,FALSE,5,3,2,3_2,754d26af-f184-497c-856a-cd1ea7a5115c,NA
2,188878663,188878663,1,snv_mnv,NA,NA,"broad,dkfz,muse,sanger",4,COSN16632365,NA,NA,FALSE,0.2267,NA,17,58,NA,NA,NA,IGR,FALSE,FALSE,FALSE,FALSE,5,3,2,3_2,754d26af-f184-497c-856a-cd1ea7a5115c,NA
2,190239464,190239464,1,snv_mnv,NA,NA,"broad,dkfz,muse,sanger",4,COSN16631694,NA,NA,FALSE,0.2714,NA,19,51,NA,NA,NA,IGR,FALSE,FALSE,FALSE,FALSE,5,3,2,3_2,754d26af-f184-497c-856a-cd1ea7a5115c,NA
2,190808304,190808304,1,snv_mnv,NA,NA,"broad,dkfz,muse,sanger",4,COSN16629106,NA,MSTA-int,FALSE,0.2121,NA,14,52,NA,NA,NA,Intron,FALSE,FALSE,FALSE,FALSE,5,3,2,3_2,754d26af-f184-497c-856a-cd1ea7a5115c,NA
2,190905716,190905716,1,snv_mnv,NA,NA,"broad,dkfz,muse,sanger",4,COSN16629010,rs777194721,L1PA14,FALSE,0.1379,NA,12,75,NA,NA,NA,Intron,FALSE,FALSE,FALSE,FALSE,5,3,2,3_2,754d26af-f184-497c-856a-cd1ea7a5115c,NA
2,191131548,191131548,1,snv_mnv,NA,NA,"broad,muse,sanger",3,COSN16630105,NA,AluSx1,FALSE,0.1304,NA,6,40,NA,NA,NA,Intron,FALSE,FALSE,FALSE,FALSE,5,3,2,3_2,754d26af-f184-497c-856a-cd1ea7a5115c,NA
2,191450361,191450361,1,snv_mnv,NA,NA,"broad,dkfz,muse,sanger",4,COSN16630416,rs749640712,NA,FALSE,0.2069,NA,12,46,NA,NA,NA,IGR,FALSE,FALSE,FALSE,FALSE,5,3,2,3_2,754d26af-f184-497c-856a-cd1ea7a5115c,NA
2,193225809,193225809,1,snv_mnv,NA,NA,"broad,muse,sanger",3,COSN16632426,NA,NA,FALSE,0.0649,NA,5,72,NA,NA,NA,IGR,FALSE,FALSE,FALSE,FALSE,5,3,2,3_2,754d26af-f184-497c-856a-cd1ea7a5115c,NA
2,193332345,193332345,1,snv_mnv,NA,NA,"broad,dkfz,muse,sanger",4,COSN16630585,NA,NA,FALSE,0.1846,NA,12,53,NA,NA,NA,IGR,FALSE,FALSE,FALSE,FALSE,5,3,2,3_2,754d26af-f184-497c-856a-cd1ea7a5115c,NA
2,193357342,193357342,1,snv_mnv,NA,NA,"broad,dkfz,muse,sanger",4,COSN16632725,NA,L1P4a,FALSE,0.1754,NA,10,47,NA,NA,NA,IGR,FALSE,FALSE,FALSE,FALSE,5,3,2,3_2,754d26af-f184-497c-856a-cd1ea7a5115c,NA
2,193393060,193393060,1,snv_mnv,NA,NA,"broad,muse,sanger",3,COSN16631256,NA,L1PA7,FALSE,0.0595,NA,5,79,NA,NA,NA,IGR,FALSE,FALSE,FALSE,FALSE,5,3,2,3_2,754d26af-f184-497c-856a-cd1ea7a5115c,NA
2,193541780,193541780,1,snv_mnv,1.9968e-4,rs574019528,"broad,dkfz,muse,sanger",4,COSN16631378,rs574019528,NA,FALSE,0.1613,NA,10,52,NA,NA,NA,IGR,FALSE,FALSE,FALSE,FALSE,5,3,2,3_2,754d26af-f184-497c-856a-cd1ea7a5115c,NA
2,194242557,194242557,1,snv_mnv,NA,NA,"broad,dkfz,muse,sanger",4,COSN16632427,NA,L1MD1,FALSE,0.2475,NA,25,76,NA,NA,NA,IGR,FALSE,FALSE,TRUE,FALSE,5,3,2,3_2,754d26af-f184-497c-856a-cd1ea7a5115c,NA
2,194835072,194835072,1,snv_mnv,NA,NA,"broad,dkfz,muse,sanger",4,COSN16632030,NA,MSTB1,FALSE,0.2121,NA,14,52,NA,NA,NA,IGR,FALSE,FALSE,FALSE,FALSE,5,3,2,3_2,754d26af-f184-497c-856a-cd1ea7a5115c,NA
2,194896560,194896560,1,snv_mnv,NA,NA,"broad,dkfz,muse,sanger",4,COSN16630923,NA,L1PB1,FALSE,0.0778,NA,7,83,NA,NA,NA,IGR,FALSE,FALSE,FALSE,FALSE,5,3,2,3_2,754d26af-f184-497c-856a-cd1ea7a5115c,AC068135.1
2,194929059,194929059,1,snv_mnv,NA,NA,"broad,dkfz,muse,sanger",4,COSN16632837,NA,Tigger2a,FALSE,0.1294,NA,11,74,NA,NA,NA,IGR,FALSE,FALSE,FALSE,FALSE,5,3,2,3_2,754d26af-f184-497c-856a-cd1ea7a5115c,NA
2,195717889,195717889,1,snv_mnv,NA,NA,"broad,dkfz,muse,sanger",4,COSN16629107,NA,L1PA5,FALSE,0.1111,NA,6,48,NA,NA,NA,IGR,FALSE,FALSE,FALSE,FALSE,5,3,2,3_2,754d26af-f184-497c-856a-cd1ea7a5115c,NA
2,195930793,195930793,1,snv_mnv,NA,NA,"dkfz,muse,sanger",3,COSN16632726,NA,NA,FALSE,0.1538,NA,8,44,NA,NA,NA,IGR,FALSE,FALSE,FALSE,FALSE,5,3,2,3_2,754d26af-f184-497c-856a-cd1ea7a5115c,NA
2,196036481,196036481,1,snv_mnv,NA,NA,"broad,dkfz,muse,sanger",4,COSN16632061,NA,MIR,FALSE,0.1728,NA,14,67,NA,NA,NA,IGR,FALSE,FALSE,FALSE,FALSE,5,3,2,3_2,754d26af-f184-497c-856a-cd1ea7a5115c,NA
2,196103219,196103219,1,snv_mnv,NA,NA,"broad,dkfz,muse,sanger",4,COSN16633282,NA,NA,FALSE,0.1333,NA,10,65,NA,NA,NA,IGR,FALSE,FALSE,FALSE,FALSE,5,3,2,3_2,754d26af-f184-497c-856a-cd1ea7a5115c,NA
2,196155228,196155228,1,snv_mnv,NA,NA,"broad,dkfz,muse,sanger",4,COSN16632664,NA,L1PA10,FALSE,0.1935,NA,12,50,NA,NA,NA,IGR,FALSE,FALSE,FALSE,FALSE,5,3,2,3_2,754d26af-f184-497c-856a-cd1ea7a5115c,NA
2,197163775,197163775,1,snv_mnv,NA,NA,"broad,muse,sanger",3,COSN16630496,NA,NA,FALSE,0.1071,NA,6,50,NA,NA,NA,Intron,FALSE,FALSE,FALSE,FALSE,5,3,2,3_2,754d26af-f184-497c-856a-cd1ea7a5115c,NA
2,197508520,197508520,1,snv_mnv,NA,NA,"broad,dkfz,muse,sanger",4,COSN16631835,NA,NA,FALSE,0.137,NA,10,63,NA,NA,NA,Intron,FALSE,FALSE,FALSE,FALSE,5,3,2,3_2,754d26af-f184-497c-856a-cd1ea7a5115c,AC068544.1
2,198305933,198305933,1,snv_mnv,NA,NA,"broad,muse,sanger",3,COSN16632784,NA,AluY,FALSE,0.1364,NA,6,38,NA,NA,NA,IGR,FALSE,FALSE,FALSE,FALSE,5,3,2,3_2,754d26af-f184-497c-856a-cd1ea7a5115c,NA
2,198573174,198573174,1,snv_mnv,NA,NA,"broad,dkfz,muse,sanger",4,COSN16631435,NA,NA,FALSE,0.25,NA,21,63,NA,NA,NA,IGR,FALSE,FALSE,FALSE,FALSE,5,3,2,3_2,754d26af-f184-497c-856a-cd1ea7a5115c,MARS2
2,198608734,198608734,1,snv_mnv,NA,NA,"broad,dkfz,muse,sanger",4,COSN16631122,NA,AluY,FALSE,0.1628,NA,7,36,NA,NA,NA,Intron,FALSE,FALSE,FALSE,FALSE,5,3,2,3_2,754d26af-f184-497c-856a-cd1ea7a5115c,NA
2,199932467,199932467,1,snv_mnv,NA,NA,"broad,dkfz,muse,sanger",4,COSN16631379,NA,NA,FALSE,0.0968,NA,6,56,NA,NA,NA,lincRNA,FALSE,FALSE,FALSE,FALSE,5,3,2,3_2,754d26af-f184-497c-856a-cd1ea7a5115c,NA
2,200056142,200056142,1,snv_mnv,NA,NA,"broad,dkfz,muse,sanger",4,COSN16632544,NA,NA,FALSE,0.1061,NA,7,59,NA,NA,NA,RNA,FALSE,FALSE,FALSE,FALSE,5,3,2,3_2,754d26af-f184-497c-856a-cd1ea7a5115c,RNU7-147P
2,200339598,200339598,1,snv_mnv,NA,NA,"broad,dkfz,muse,sanger",4,COSN16632516,rs777798502,NA,FALSE,0.25,NA,14,42,NA,NA,NA,RNA,FALSE,FALSE,FALSE,FALSE,5,3,2,3_2,754d26af-f184-497c-856a-cd1ea7a5115c,"SATB2-AS1,SATB2"
2,200651072,200651072,1,snv_mnv,NA,NA,"broad,dkfz,muse,sanger",4,COSN16630263,NA,NA,FALSE,0.1519,NA,12,67,NA,NA,NA,Intron,FALSE,FALSE,FALSE,FALSE,5,3,2,3_2,754d26af-f184-497c-856a-cd1ea7a5115c,NA
2,200651073,200651073,1,snv_mnv,NA,NA,"broad,dkfz,muse,sanger",4,COSN16631638,NA,NA,FALSE,0.1538,NA,12,66,NA,NA,NA,Intron,FALSE,FALSE,FALSE,FALSE,5,3,2,3_2,754d26af-f184-497c-856a-cd1ea7a5115c,NA
2,203649728,203649728,1,snv_mnv,NA,NA,"broad,dkfz,muse,sanger",4,COSN16633210,NA,AluSc8,FALSE,0.1698,NA,9,44,NA,NA,NA,Intron,FALSE,FALSE,FALSE,FALSE,5,3,2,3_2,754d26af-f184-497c-856a-cd1ea7a5115c,ICA1L
2,205206320,205206320,1,snv_mnv,NA,NA,"broad,muse,sanger",3,COSN16629011,NA,AluY,FALSE,0.1818,NA,4,18,NA,NA,NA,IGR,FALSE,FALSE,FALSE,FALSE,5,3,2,3_2,754d26af-f184-497c-856a-cd1ea7a5115c,NA
2,206112776,206112776,1,snv_mnv,NA,NA,"broad,muse,sanger",3,COSN16629467,NA,AluJb,FALSE,0.0784,NA,4,47,NA,NA,NA,Intron,FALSE,FALSE,FALSE,FALSE,5,3,2,3_2,754d26af-f184-497c-856a-cd1ea7a5115c,NA
2,206397820,206397820,1,snv_mnv,NA,NA,"broad,dkfz,muse,sanger",4,COSN16633012,NA,NA,FALSE,0.1167,NA,7,53,NA,NA,NA,Intron,FALSE,FALSE,FALSE,FALSE,5,3,2,3_2,754d26af-f184-497c-856a-cd1ea7a5115c,NA
2,206910864,206910864,1,snv_mnv,NA,NA,"broad,dkfz,muse,sanger",4,COSN16629593,NA,NA,FALSE,0.1609,NA,14,73,NA,NA,NA,Intron,FALSE,FALSE,FALSE,FALSE,5,3,2,3_2,754d26af-f184-497c-856a-cd1ea7a5115c,NA
2,208658643,208658643,1,snv_mnv,NA,NA,"broad,dkfz,muse,sanger",4,COSN16629520,NA,L1ME2,FALSE,0.2041,NA,10,39,NA,NA,NA,IGR,FALSE,FALSE,FALSE,FALSE,5,3,2,3_2,754d26af-f184-497c-856a-cd1ea7a5115c,NA
2,209869672,209869672,1,snv_mnv,NA,NA,"broad,dkfz,muse,sanger",4,COSN16630417,NA,MER41-int,FALSE,0.1412,NA,12,73,NA,NA,NA,IGR,FALSE,FALSE,FALSE,FALSE,5,3,2,3_2,754d26af-f184-497c-856a-cd1ea7a5115c,NA
2,210417441,210417441,1,snv_mnv,NA,NA,"broad,muse,sanger",3,COSN16631805,NA,AluSg,FALSE,0.1522,NA,7,39,NA,NA,NA,Intron,FALSE,FALSE,FALSE,FALSE,5,3,2,3_2,754d26af-f184-497c-856a-cd1ea7a5115c,NA
2,211183267,211183267,1,snv_mnv,NA,NA,"broad,dkfz,muse,sanger",4,COSN16633108,rs755510152,NA,FALSE,0.0896,NA,6,61,NA,NA,NA,IGR,FALSE,FALSE,FALSE,FALSE,5,3,2,3_2,754d26af-f184-497c-856a-cd1ea7a5115c,MYL1
2,211613663,211613663,1,snv_mnv,3.9936e-4,rs554133817,"broad,dkfz,muse,sanger",4,COSN16630902,rs554133817,ERVL-B4-int,FALSE,0.2424,NA,16,50,NA,NA,NA,IGR,FALSE,FALSE,FALSE,FALSE,5,3,2,3_2,754d26af-f184-497c-856a-cd1ea7a5115c,NA
2,211659689,211659689,1,snv_mnv,NA,NA,"broad,dkfz,muse,sanger",4,COSN16629012,NA,NA,FALSE,0.0538,NA,5,88,NA,NA,NA,IGR,FALSE,FALSE,FALSE,FALSE,5,3,2,3_2,754d26af-f184-497c-856a-cd1ea7a5115c,NA
2,211942246,211942246,1,snv_mnv,NA,NA,"broad,dkfz,muse,sanger",4,COSN16628874,NA,NA,FALSE,0.119,NA,10,74,NA,NA,NA,IGR,FALSE,FALSE,FALSE,FALSE,5,3,2,3_2,754d26af-f184-497c-856a-cd1ea7a5115c,NA
2,212108483,212108483,1,snv_mnv,NA,NA,"broad,dkfz,muse,sanger",4,COSN16777907,NA,NA,FALSE,0.1616,NA,16,83,NA,NA,NA,IGR,FALSE,FALSE,FALSE,FALSE,5,3,2,3_2,754d26af-f184-497c-856a-cd1ea7a5115c,NA
2,212237241,212237241,1,snv_mnv,NA,NA,"broad,dkfz,muse,sanger",4,COSN16629699,NA,MamGypLTR2b,FALSE,0.1077,NA,7,58,NA,NA,NA,IGR,FALSE,FALSE,FALSE,FALSE,5,3,2,3_2,754d26af-f184-497c-856a-cd1ea7a5115c,ERBB4
2,212313026,212313026,1,snv_mnv,NA,NA,"broad,muse,sanger",3,COSN16630497,NA,NA,FALSE,0.0645,NA,4,58,NA,NA,NA,Intron,FALSE,FALSE,FALSE,FALSE,5,3,2,3_2,754d26af-f184-497c-856a-cd1ea7a5115c,NA
2,212764228,212764228,1,snv_mnv,3.9936e-4,rs537479313,"broad,dkfz,muse,sanger",4,COSN16630327,rs537479313,NA,FALSE,0.0968,NA,6,56,NA,NA,NA,Intron,FALSE,FALSE,FALSE,FALSE,5,3,2,3_2,754d26af-f184-497c-856a-cd1ea7a5115c,NA
2,213481133,213481133,1,snv_mnv,NA,NA,"broad,dkfz,muse,sanger",4,COSN16629353,NA,AluSx3,FALSE,0.2143,NA,12,44,NA,NA,NA,RNA,FALSE,FALSE,FALSE,FALSE,5,3,2,3_2,754d26af-f184-497c-856a-cd1ea7a5115c,NA
2,213607911,213607911,1,snv_mnv,NA,NA,"broad,dkfz,muse,sanger",4,COSN16633364,rs753926600,L1M5,FALSE,0.1077,NA,7,58,NA,NA,NA,RNA,FALSE,FALSE,FALSE,FALSE,5,3,2,3_2,754d26af-f184-497c-856a-cd1ea7a5115c,NA
2,214188871,214188871,1,snv_mnv,NA,NA,"broad,dkfz,muse,sanger",4,COSN16629076,NA,NA,FALSE,0.1915,NA,18,76,NA,NA,NA,Intron,FALSE,FALSE,FALSE,FALSE,5,3,2,3_2,754d26af-f184-497c-856a-cd1ea7a5115c,NA
2,214545002,214545002,1,snv_mnv,NA,NA,"broad,dkfz,muse,sanger",4,COSN16629051,NA,LTR53,FALSE,0.2727,NA,18,48,NA,NA,NA,Intron,FALSE,FALSE,FALSE,FALSE,5,3,2,3_2,754d26af-f184-497c-856a-cd1ea7a5115c,NA
2,214943376,214943376,1,snv_mnv,NA,NA,"broad,dkfz,muse,sanger",4,COSN16632298,NA,NA,FALSE,0.1486,NA,11,63,NA,NA,NA,Intron,FALSE,FALSE,FALSE,FALSE,5,3,2,3_2,754d26af-f184-497c-856a-cd1ea7a5115c,NA
2,215009093,215009093,1,snv_mnv,NA,NA,"broad,dkfz,muse,sanger",4,COSN16630807,NA,NA,FALSE,0.0694,NA,5,67,NA,NA,NA,Intron,FALSE,FALSE,TRUE,FALSE,5,3,2,3_2,754d26af-f184-497c-856a-cd1ea7a5115c,NA
2,215205034,215205034,1,snv_mnv,NA,NA,"broad,dkfz,muse,sanger",4,COSN16632031,NA,NA,FALSE,0.1333,NA,8,52,NA,NA,NA,Intron,FALSE,FALSE,FALSE,FALSE,5,3,2,3_2,754d26af-f184-497c-856a-cd1ea7a5115c,NA
2,215274350,215274350,1,snv_mnv,NA,NA,"broad,muse,sanger",3,COSN16632545,NA,NA,FALSE,0.0556,NA,4,68,NA,NA,NA,Intron,FALSE,FALSE,TRUE,FALSE,5,3,2,3_2,754d26af-f184-497c-856a-cd1ea7a5115c,VWC2L
2,216531113,216531113,1,snv_mnv,NA,NA,"broad,dkfz,muse,sanger",4,COSN16629544,NA,NA,FALSE,0.1739,NA,12,57,NA,NA,NA,lincRNA,FALSE,FALSE,FALSE,FALSE,5,3,2,3_2,754d26af-f184-497c-856a-cd1ea7a5115c,NA
2,217604488,217604488,1,snv_mnv,NA,NA,"broad,dkfz,muse,sanger",4,COSN16632816,NA,MIR,FALSE,0.1429,NA,9,54,NA,NA,NA,RNA,FALSE,FALSE,FALSE,FALSE,5,3,2,3_2,754d26af-f184-497c-856a-cd1ea7a5115c,NA
2,217671053,217671053,1,snv_mnv,NA,NA,"broad,muse",2,COSN16630294,NA,AluSc,FALSE,0.1136,NA,5,39,NA,NA,NA,lincRNA,FALSE,FALSE,FALSE,FALSE,5,3,2,3_2,754d26af-f184-497c-856a-cd1ea7a5115c,"FABP5P14,AC007563.1"
2,217820967,217820967,1,snv_mnv,NA,NA,"broad,dkfz,muse,sanger",4,COSN16633283,NA,THE1B,FALSE,0.1159,NA,8,61,NA,NA,NA,RNA,FALSE,FALSE,FALSE,FALSE,5,3,2,3_2,754d26af-f184-497c-856a-cd1ea7a5115c,NA
2,220752963,220752963,1,snv_mnv,1.9968e-4,rs528121117,"broad,dkfz,muse,sanger",4,COSN16631380,rs528121117,MER5A,FALSE,0.1071,NA,6,50,NA,NA,NA,IGR,FALSE,FALSE,FALSE,FALSE,5,3,2,3_2,754d26af-f184-497c-856a-cd1ea7a5115c,NA
2,221349090,221349090,1,snv_mnv,NA,NA,"broad,dkfz,muse,sanger",4,COSN16631584,NA,Charlie5,FALSE,0.2456,NA,14,43,NA,NA,NA,lincRNA,FALSE,FALSE,FALSE,FALSE,5,3,2,3_2,754d26af-f184-497c-856a-cd1ea7a5115c,NA
2,221913566,221913566,1,snv_mnv,NA,NA,"dkfz,muse,sanger",3,COSN16632897,NA,NA,FALSE,0.1011,NA,9,80,NA,NA,NA,IGR,FALSE,FALSE,FALSE,FALSE,5,3,2,3_2,754d26af-f184-497c-856a-cd1ea7a5115c,NA
2,222056672,222056672,1,snv_mnv,NA,NA,"broad,dkfz,muse,sanger",4,COSN16631554,NA,L1MC1,FALSE,0.2029,NA,14,55,NA,NA,NA,IGR,FALSE,FALSE,FALSE,FALSE,5,3,2,3_2,754d26af-f184-497c-856a-cd1ea7a5115c,NA
2,222129241,222129241,1,snv_mnv,NA,NA,"broad,dkfz,muse,sanger",4,COSN16633211,NA,NA,FALSE,0.1875,NA,12,52,NA,NA,NA,IGR,FALSE,FALSE,FALSE,FALSE,5,3,2,3_2,754d26af-f184-497c-856a-cd1ea7a5115c,NA
2,222220683,222220683,1,snv_mnv,NA,NA,"broad,dkfz,muse,sanger",4,COSN16631555,NA,NA,FALSE,0.127,NA,8,55,NA,NA,NA,IGR,FALSE,FALSE,FALSE,FALSE,5,3,2,3_2,754d26af-f184-497c-856a-cd1ea7a5115c,NA
2,222510638,222510638,1,snv_mnv,NA,NA,"broad,dkfz,muse,sanger",4,COSN16631974,NA,NA,FALSE,0.1096,NA,8,65,NA,NA,NA,IGR,FALSE,FALSE,FALSE,FALSE,5,3,2,3_2,754d26af-f184-497c-856a-cd1ea7a5115c,AC068489.1
2,222771220,222771220,1,snv_mnv,NA,NA,"broad,dkfz,muse,sanger",4,COSN16630662,NA,LTR16B1,FALSE,0.2131,NA,13,48,NA,NA,NA,IGR,FALSE,FALSE,FALSE,FALSE,5,3,2,3_2,754d26af-f184-497c-856a-cd1ea7a5115c,NA
2,223525190,223525190,1,snv_mnv,NA,NA,"broad,dkfz,muse,sanger",4,COSN18027946,NA,NA,FALSE,0.2656,NA,17,47,NA,NA,NA,IGR,FALSE,FALSE,FALSE,FALSE,5,3,2,3_2,754d26af-f184-497c-856a-cd1ea7a5115c,NA
2,224917953,224917953,1,snv_mnv,NA,NA,"broad,dkfz,muse,sanger",4,COSN16630720,NA,AluY,FALSE,0.1458,NA,7,41,NA,NA,NA,IGR,FALSE,FALSE,FALSE,FALSE,5,3,2,3_2,754d26af-f184-497c-856a-cd1ea7a5115c,NA
2,226002815,226002815,1,snv_mnv,NA,NA,"broad,dkfz,muse,sanger",4,COSN16631410,NA,LTR3B_,FALSE,0.1026,NA,8,70,NA,NA,NA,IGR,FALSE,FALSE,FALSE,FALSE,5,3,2,3_2,754d26af-f184-497c-856a-cd1ea7a5115c,NA
2,226150849,226150849,1,snv_mnv,NA,NA,"broad,dkfz,muse,sanger",4,COSN16630295,NA,MIRb,FALSE,0.2121,NA,14,52,NA,NA,NA,IGR,FALSE,FALSE,FALSE,FALSE,5,3,2,3_2,754d26af-f184-497c-856a-cd1ea7a5115c,NA
2,226927125,226927125,1,snv_mnv,NA,NA,"broad,dkfz,muse,sanger",4,COSN16629881,NA,L1MCa,FALSE,0.1688,NA,13,64,NA,NA,NA,IGR,FALSE,FALSE,FALSE,FALSE,5,3,2,3_2,754d26af-f184-497c-856a-cd1ea7a5115c,NA
2,227707266,227707266,1,snv_mnv,NA,NA,"broad,dkfz,muse,sanger",4,COSN16631975,NA,L1PA11,FALSE,0.194,NA,13,54,NA,NA,NA,Intron,FALSE,FALSE,FALSE,FALSE,5,3,2,3_2,754d26af-f184-497c-856a-cd1ea7a5115c,RHBDD1
2,229061157,229061157,1,snv_mnv,NA,NA,"broad,dkfz,muse,sanger",4,COSN16633068,NA,L1MB1,FALSE,0.1324,NA,9,59,NA,NA,NA,IGR,FALSE,FALSE,FALSE,FALSE,5,3,2,3_2,754d26af-f184-497c-856a-cd1ea7a5115c,NA
2,229340566,229340566,1,snv_mnv,NA,NA,"broad,dkfz,muse,sanger",4,COSN16630695,NA,L1M5,FALSE,0.125,NA,8,56,NA,NA,NA,IGR,FALSE,FALSE,FALSE,FALSE,5,3,2,3_2,754d26af-f184-497c-856a-cd1ea7a5115c,NA
2,229427269,229427269,1,snv_mnv,0.0085863,rs556744519,"broad,muse,sanger",3,COSN16630808,rs556744519,AT_rich,FALSE,0.1321,NA,7,46,NA,NA,NA,lincRNA,FALSE,FALSE,FALSE,FALSE,5,3,2,3_2,754d26af-f184-497c-856a-cd1ea7a5115c,NA
2,229487105,229487105,1,snv_mnv,NA,NA,"broad,muse,sanger",3,COSN16632032,NA,L1M4,FALSE,0.0645,NA,4,58,NA,NA,NA,IGR,FALSE,FALSE,FALSE,FALSE,5,3,2,3_2,754d26af-f184-497c-856a-cd1ea7a5115c,NA
2,229907086,229907086,1,snv_mnv,NA,NA,"broad,muse,sanger",3,COSN16630809,NA,Tigger10,FALSE,0.0862,NA,5,53,NA,NA,NA,Intron,FALSE,FALSE,FALSE,FALSE,5,3,2,3_2,754d26af-f184-497c-856a-cd1ea7a5115c,NA
2,230704881,230704881,1,snv_mnv,NA,NA,"broad,dkfz,muse,sanger",4,COSN16632944,NA,NA,FALSE,0.1039,NA,8,69,NA,NA,NA,Intron,FALSE,FALSE,FALSE,FALSE,5,3,2,3_2,754d26af-f184-497c-856a-cd1ea7a5115c,NA
2,232677463,232677463,1,snv_mnv,1.9968e-4,rs557624939,"broad,dkfz,muse,sanger",4,COSN16631462,rs557624939,L2c,FALSE,0.2041,NA,10,39,NA,NA,NA,RNA,FALSE,FALSE,FALSE,FALSE,5,3,2,3_2,754d26af-f184-497c-856a-cd1ea7a5115c,"COPS7B,AC073476.2,AC073476.3"
2,232727518,232727518,1,snv_mnv,NA,NA,"broad,dkfz,muse,sanger",4,COSN16629673,NA,AluY,FALSE,0.1714,NA,6,29,NA,NA,NA,IGR,FALSE,FALSE,FALSE,FALSE,5,3,2,3_2,754d26af-f184-497c-856a-cd1ea7a5115c,NA
2,234413127,234413127,1,snv_mnv,NA,NA,"broad,muse,sanger",3,COSN16628958,NA,L1MA6,FALSE,0.0781,NA,5,59,NA,NA,NA,Intron,FALSE,FALSE,FALSE,FALSE,5,3,2,3_2,754d26af-f184-497c-856a-cd1ea7a5115c,NA
2,235203930,235203930,1,snv_mnv,NA,NA,"broad,muse",2,COSN16633135,NA,AluSq2,FALSE,0.0526,NA,4,72,NA,NA,NA,IGR,FALSE,FALSE,FALSE,FALSE,5,3,2,3_2,754d26af-f184-497c-856a-cd1ea7a5115c,NA
2,237383638,237383638,1,snv_mnv,NA,NA,"broad,dkfz,muse,sanger",4,COSN16631311,NA,L1MA4,FALSE,0.1579,NA,12,64,NA,NA,NA,Intron,FALSE,FALSE,FALSE,FALSE,5,3,2,3_2,754d26af-f184-497c-856a-cd1ea7a5115c,NA
2,238193829,238193829,1,snv_mnv,NA,NA,"broad,dkfz,muse,sanger",4,COSN16632546,NA,L1MC1,FALSE,0.1728,NA,14,67,NA,NA,NA,IGR,FALSE,FALSE,FALSE,FALSE,5,3,2,3_2,754d26af-f184-497c-856a-cd1ea7a5115c,NA
2,238238991,238238991,1,snv_mnv,1.9968e-4,rs190004720,"broad,dkfz,muse,sanger",4,COSN16633069,rs190004720,NA,FALSE,0.1455,NA,8,47,NA,NA,NA,Intron,FALSE,FALSE,FALSE,FALSE,5,3,2,3_2,754d26af-f184-497c-856a-cd1ea7a5115c,COL6A3
2,238669572,238669572,1,snv_mnv,NA,NA,"broad,dkfz,muse,sanger",4,COSN16630586,NA,NA,FALSE,0.1053,NA,6,51,NA,NA,NA,Intron,FALSE,FALSE,FALSE,FALSE,5,3,2,3_2,754d26af-f184-497c-856a-cd1ea7a5115c,LRRFIP1
2,239423578,239423578,1,snv_mnv,NA,NA,"broad,dkfz,muse,sanger",4,COSN16629196,NA,L1MB7,FALSE,0.0857,NA,6,64,NA,NA,NA,lincRNA,FALSE,FALSE,FALSE,FALSE,5,3,2,3_2,754d26af-f184-497c-856a-cd1ea7a5115c,NA
2,240946192,240946192,1,snv_mnv,NA,NA,"broad,dkfz,muse,sanger",4,COSN16633333,NA,L1M5,FALSE,0.1324,NA,9,59,NA,NA,NA,Intron,FALSE,FALSE,FALSE,FALSE,5,3,2,3_2,754d26af-f184-497c-856a-cd1ea7a5115c,NA
2,241009970,241009970,1,snv_mnv,NA,NA,"broad,dkfz,muse,sanger",4,COSN16629938,NA,AluSz,FALSE,0.1304,NA,6,40,NA,NA,NA,IGR,FALSE,FALSE,FALSE,FALSE,5,3,2,3_2,754d26af-f184-497c-856a-cd1ea7a5115c,NA
2,242768259,242768259,1,snv_mnv,NA,NA,"broad,dkfz,muse,sanger",4,COSN16630549,NA,NA,FALSE,0.2373,NA,14,45,NA,NA,NA,IGR,FALSE,FALSE,FALSE,FALSE,5,3,2,3_2,754d26af-f184-497c-856a-cd1ea7a5115c,NA
2,242892255,242892255,1,snv_mnv,NA,NA,"broad,dkfz,muse,sanger",4,COSN16629622,NA,NA,FALSE,0.1795,NA,7,32,NA,NA,NA,RNA,FALSE,FALSE,FALSE,FALSE,5,3,2,3_2,754d26af-f184-497c-856a-cd1ea7a5115c,NA
20,2350374,2350374,1,snv_mnv,NA,NA,"broad,muse,sanger",3,COSN16632187,NA,AluJr4,FALSE,0.0833,NA,4,44,NA,NA,NA,IGR,FALSE,FALSE,FALSE,FALSE,4,2,2,2_2,754d26af-f184-497c-856a-cd1ea7a5115c,NA
20,2834081,2834081,1,snv_mnv,NA,NA,"broad,dkfz,muse,sanger",4,COSN16631944,NA,Tigger1,FALSE,0.1321,NA,7,46,NA,NA,NA,Intron,FALSE,FALSE,FALSE,FALSE,4,2,2,2_2,754d26af-f184-497c-856a-cd1ea7a5115c,NA
20,3193522,3193522,1,snv_mnv,NA,NA,"broad,muse,sanger",3,COSN16632936,NA,NA,FALSE,0.0645,NA,4,58,NA,NA,NA,Intron,FALSE,FALSE,FALSE,FALSE,4,2,2,2_2,754d26af-f184-497c-856a-cd1ea7a5115c,ITPA
20,3356408,3356408,1,snv_mnv,NA,NA,"broad,muse,sanger",3,COSN16632535,NA,AluSx,FALSE,0.0862,NA,5,53,NA,NA,NA,Intron,FALSE,FALSE,FALSE,FALSE,4,2,2,2_2,754d26af-f184-497c-856a-cd1ea7a5115c,NA
20,5373908,5373908,1,snv_mnv,NA,NA,"broad,dkfz,muse,sanger",4,COSN16630687,NA,MIR,FALSE,0.2424,NA,16,50,NA,NA,NA,IGR,FALSE,FALSE,FALSE,FALSE,4,2,2,2_2,754d26af-f184-497c-856a-cd1ea7a5115c,NA
20,5427886,5427886,1,snv_mnv,NA,NA,"broad,muse,sanger",3,COSN16632335,NA,MIRc,FALSE,0.0794,NA,5,58,NA,NA,NA,lincRNA,FALSE,FALSE,FALSE,FALSE,4,2,2,2_2,754d26af-f184-497c-856a-cd1ea7a5115c,LINC00658
20,6639106,6639106,1,snv_mnv,NA,NA,"broad,dkfz,muse,sanger",4,COSN16629723,NA,MLT1G,FALSE,0.2903,NA,9,22,NA,NA,NA,IGR,FALSE,FALSE,FALSE,FALSE,4,2,2,2_2,754d26af-f184-497c-856a-cd1ea7a5115c,NA
20,7263621,7263621,1,snv_mnv,NA,NA,"broad,muse",2,COSN16630623,NA,L2c,FALSE,0.0678,NA,4,55,NA,NA,NA,IGR,FALSE,FALSE,FALSE,FALSE,4,2,2,2_2,754d26af-f184-497c-856a-cd1ea7a5115c,NA
20,7736703,7736703,1,snv_mnv,NA,NA,"broad,muse",2,COSN16605860,NA,NA,FALSE,0.0656,NA,4,57,NA,NA,NA,IGR,FALSE,FALSE,FALSE,FALSE,4,2,2,2_2,754d26af-f184-497c-856a-cd1ea7a5115c,NA
20,7737394,7737394,1,snv_mnv,0.0027955,rs558294764,"broad,dkfz,muse,sanger",4,COSN16628925,rs558294764,NA,FALSE,0.1061,NA,7,59,NA,NA,NA,IGR,FALSE,FALSE,FALSE,FALSE,4,2,2,2_2,754d26af-f184-497c-856a-cd1ea7a5115c,NA
20,8122052,8122052,1,snv_mnv,NA,NA,"broad,dkfz,muse,sanger",4,COSN16630833,NA,AluSz,FALSE,0.1538,NA,10,55,NA,NA,NA,Intron,FALSE,FALSE,FALSE,FALSE,4,2,2,2_2,754d26af-f184-497c-856a-cd1ea7a5115c,NA
20,8495944,8495944,1,snv_mnv,NA,NA,"broad,dkfz,muse,sanger",4,COSN16630064,NA,NA,FALSE,0.0685,NA,5,68,NA,NA,NA,Intron,FALSE,FALSE,FALSE,FALSE,4,2,2,2_2,754d26af-f184-497c-856a-cd1ea7a5115c,NA
20,8896322,8896322,1,snv_mnv,NA,NA,"broad,dkfz,muse,sanger",4,COSN16629378,NA,L2b,FALSE,0.0704,NA,5,66,NA,NA,NA,IGR,FALSE,FALSE,FALSE,FALSE,4,2,2,2_2,754d26af-f184-497c-856a-cd1ea7a5115c,NA
20,10258028,10258028,1,snv_mnv,NA,NA,"broad,dkfz,muse,sanger",4,COSN16632268,NA,NA,FALSE,0.3167,NA,19,41,NA,NA,NA,Intron,FALSE,FALSE,FALSE,FALSE,4,2,2,2_2,754d26af-f184-497c-856a-cd1ea7a5115c,NA
20,11400999,11400999,1,snv_mnv,NA,NA,"broad,dkfz,muse,sanger",4,COSN16633403,NA,L1PA7,FALSE,0.2353,NA,12,39,NA,NA,NA,IGR,FALSE,FALSE,FALSE,FALSE,4,2,2,2_2,754d26af-f184-497c-856a-cd1ea7a5115c,NA
20,12205268,12205268,1,snv_mnv,NA,NA,"broad,dkfz,muse,sanger",4,COSN16631715,NA,NA,FALSE,0.193,NA,11,46,NA,NA,NA,IGR,FALSE,FALSE,FALSE,FALSE,4,2,2,2_2,754d26af-f184-497c-856a-cd1ea7a5115c,NA
20,12485990,12485990,1,snv_mnv,NA,NA,"broad,muse,sanger",3,COSN16629217,NA,NA,FALSE,0.1507,NA,11,62,NA,NA,NA,IGR,FALSE,FALSE,FALSE,FALSE,4,2,2,2_2,754d26af-f184-497c-856a-cd1ea7a5115c,NA
20,12731199,12731199,1,snv_mnv,NA,NA,"broad,dkfz,muse,sanger",4,COSN16633129,NA,LTR1C,FALSE,0.1489,NA,7,40,NA,NA,NA,IGR,FALSE,FALSE,FALSE,FALSE,4,2,2,2_2,754d26af-f184-497c-856a-cd1ea7a5115c,NA
20,13625177,13625177,1,snv_mnv,NA,NA,"broad,dkfz,muse,sanger",4,COSN16630834,NA,L1PA15,FALSE,0.2,NA,13,52,NA,NA,NA,IGR,FALSE,FALSE,FALSE,FALSE,4,2,2,2_2,754d26af-f184-497c-856a-cd1ea7a5115c,NA
20,15462174,15462174,1,snv_mnv,NA,NA,"broad,muse,sanger",3,COSN16630572,NA,NA,FALSE,0.0694,NA,5,67,NA,NA,NA,Intron,FALSE,FALSE,FALSE,FALSE,4,2,2,2_2,754d26af-f184-497c-856a-cd1ea7a5115c,NA
20,15558755,15558755,1,snv_mnv,NA,NA,"dkfz,muse,sanger",3,COSN16630435,NA,NA,FALSE,0.0968,NA,6,56,NA,NA,NA,Intron,FALSE,FALSE,FALSE,FALSE,4,2,2,2_2,754d26af-f184-497c-856a-cd1ea7a5115c,NA
20,16417946,16417946,1,snv_mnv,NA,NA,"broad,dkfz,muse,sanger",4,COSN16630254,NA,MER2,FALSE,0.1507,NA,11,62,NA,NA,NA,Intron,FALSE,FALSE,FALSE,FALSE,4,2,2,2_2,754d26af-f184-497c-856a-cd1ea7a5115c,NA
20,16833987,16833987,1,snv_mnv,NA,NA,"broad,dkfz,muse,sanger",4,COSN16632161,NA,L1PB1,FALSE,0.1477,NA,13,75,NA,NA,NA,IGR,FALSE,FALSE,FALSE,FALSE,4,2,2,2_2,754d26af-f184-497c-856a-cd1ea7a5115c,AL121892.1
20,18674614,18674614,1,snv_mnv,NA,NA,"broad,dkfz,muse,sanger",4,COSN16630835,NA,MER3,FALSE,0.1607,NA,9,47,NA,NA,NA,Intron,FALSE,FALSE,FALSE,FALSE,4,2,2,2_2,754d26af-f184-497c-856a-cd1ea7a5115c,NA
20,19409518,19409518,1,snv_mnv,NA,NA,"broad,muse",2,COSN16631367,NA,NA,FALSE,0.0588,NA,4,64,NA,NA,NA,Intron,FALSE,FALSE,FALSE,FALSE,4,2,2,2_2,754d26af-f184-497c-856a-cd1ea7a5115c,NA
20,19513052,19513052,1,snv_mnv,NA,NA,"broad,dkfz,muse,sanger",4,COSN16629492,NA,NA,FALSE,0.1304,NA,6,40,NA,NA,NA,Intron,FALSE,FALSE,FALSE,FALSE,4,2,2,2_2,754d26af-f184-497c-856a-cd1ea7a5115c,NA
20,21393198,21393198,1,snv_mnv,NA,NA,"broad,dkfz,muse,sanger",4,COSN16629065,NA,L1MA5,FALSE,0.1607,NA,9,47,NA,NA,NA,IGR,FALSE,FALSE,FALSE,FALSE,4,2,2,2_2,754d26af-f184-497c-856a-cd1ea7a5115c,NA
20,26110025,26110025,1,snv_mnv,NA,NA,"broad,muse",2,COSN16630093,NA,NA,FALSE,0.1064,NA,5,42,NA,NA,NA,IGR,FALSE,FALSE,FALSE,FALSE,4,2,2,2_2,754d26af-f184-497c-856a-cd1ea7a5115c,AL391119.1
20,29817971,29817971,1,snv_mnv,NA,NA,"broad,muse",2,COSN16632188,rs200983880,NA,FALSE,0.0602,NA,5,78,NA,NA,NA,IGR,FALSE,FALSE,FALSE,FALSE,4,2,2,2_2,754d26af-f184-497c-856a-cd1ea7a5115c,NA
20,29976241,29976241,1,snv_mnv,NA,NA,"broad,dkfz,muse,sanger",4,COSN16631012,NA,MIR,FALSE,0.2264,NA,12,41,NA,NA,NA,Intron,FALSE,FALSE,FALSE,FALSE,4,2,2,2_2,754d26af-f184-497c-856a-cd1ea7a5115c,DEFB119
20,30030602,30030602,1,snv_mnv,1.9968e-4,rs551218945,"broad,dkfz,muse,sanger",4,COSN16631774,rs551218945,AluSz6,FALSE,0.1636,NA,9,46,NA,NA,NA,Intron,FALSE,FALSE,FALSE,FALSE,4,2,2,2_2,754d26af-f184-497c-856a-cd1ea7a5115c,NA
20,30758373,30758373,1,snv_mnv,NA,NA,"broad,dkfz,muse,sanger",4,COSN16629274,NA,NA,FALSE,0.1481,NA,12,69,NA,NA,NA,IGR,FALSE,FALSE,FALSE,FALSE,4,2,2,2_2,754d26af-f184-497c-856a-cd1ea7a5115c,TM9SF4
20,31672738,31672738,1,snv_mnv,NA,NA,"broad,dkfz,muse,sanger",4,COSM5173045,rs752406178,NA,FALSE,0.1667,NA,5,25,NA,NA,NA,Missense_Mutation,FALSE,FALSE,FALSE,FALSE,4,2,2,2_2,754d26af-f184-497c-856a-cd1ea7a5115c,NA
20,31810588,31810588,1,snv_mnv,NA,NA,"broad,dkfz,muse,sanger",4,COSN16632830,NA,NA,FALSE,0.1852,NA,10,44,NA,NA,NA,Intron,FALSE,FALSE,FALSE,FALSE,4,2,2,2_2,754d26af-f184-497c-856a-cd1ea7a5115c,NA
20,32900572,32900572,1,snv_mnv,NA,NA,"broad,muse,sanger",3,COSN16630573,NA,NA,FALSE,0.1538,NA,4,22,NA,NA,NA,5'Flank,FALSE,FALSE,FALSE,FALSE,4,2,2,2_2,754d26af-f184-497c-856a-cd1ea7a5115c,AHCY
20,35045535,35045535,1,snv_mnv,NA,NA,"broad,dkfz,muse,sanger",4,COSN16630897,NA,L2a,FALSE,0.1186,NA,7,52,NA,NA,NA,Intron,FALSE,FALSE,FALSE,FALSE,4,2,2,2_2,754d26af-f184-497c-856a-cd1ea7a5115c,NA
20,37358277,37358277,1,snv_mnv,NA,NA,"broad,dkfz,muse,sanger",4,COSN16630408,NA,NA,FALSE,0.2162,NA,8,29,NA,NA,NA,IGR,FALSE,FALSE,FALSE,FALSE,4,2,2,2_2,754d26af-f184-497c-856a-cd1ea7a5115c,SLC32A1
20,37967666,37967666,1,snv_mnv,NA,NA,"broad,dkfz,muse,sanger",4,COSN16632652,NA,NA,FALSE,0.1296,NA,7,47,NA,NA,NA,IGR,FALSE,FALSE,FALSE,FALSE,4,2,2,2_2,754d26af-f184-497c-856a-cd1ea7a5115c,NA
20,38172018,38172018,1,snv_mnv,NA,NA,"broad,dkfz,muse,sanger",4,COSN16629955,NA,AluSx,FALSE,0.1207,NA,7,51,NA,NA,NA,IGR,FALSE,FALSE,FALSE,FALSE,4,2,2,2_2,754d26af-f184-497c-856a-cd1ea7a5115c,NA
20,38779659,38779659,1,snv_mnv,NA,NA,"broad,dkfz,muse,sanger",4,COSN16630800,NA,NA,FALSE,0.2982,NA,17,40,NA,NA,NA,IGR,FALSE,FALSE,FALSE,FALSE,4,2,2,2_2,754d26af-f184-497c-856a-cd1ea7a5115c,NA
20,39140764,39140764,1,snv_mnv,NA,NA,"dkfz,muse,sanger",3,COSN16630624,NA,MIRb,FALSE,0.1373,NA,7,44,NA,NA,NA,IGR,FALSE,FALSE,FALSE,FALSE,4,2,2,2_2,754d26af-f184-497c-856a-cd1ea7a5115c,NA
20,41035167,41035167,1,snv_mnv,NA,NA,"broad,dkfz,muse,sanger",4,COSN16629343,NA,L1M5,FALSE,0.1509,NA,8,45,NA,NA,NA,Intron,FALSE,FALSE,FALSE,FALSE,4,2,2,2_2,754d26af-f184-497c-856a-cd1ea7a5115c,NA
20,42259662,42259662,1,snv_mnv,NA,NA,"broad,dkfz,muse,sanger",4,COSN16632856,NA,NA,FALSE,0.125,NA,7,49,NA,NA,NA,Intron,FALSE,FALSE,FALSE,FALSE,4,2,2,2_2,754d26af-f184-497c-856a-cd1ea7a5115c,NA
20,43215758,43215758,1,snv_mnv,NA,NA,"broad,dkfz,muse,sanger",4,COSN16632449,NA,L2c,FALSE,0.0769,NA,6,72,NA,NA,NA,Intron,FALSE,FALSE,FALSE,FALSE,4,2,2,2_2,754d26af-f184-497c-856a-cd1ea7a5115c,NA
20,43500951,43500951,1,snv_mnv,NA,NA,"broad,muse,sanger",3,COSN16632536,NA,AluJb,FALSE,0.1,NA,5,45,NA,NA,NA,IGR,FALSE,FALSE,FALSE,FALSE,4,2,2,2_2,754d26af-f184-497c-856a-cd1ea7a5115c,NA
20,43601628,43601628,1,snv_mnv,NA,NA,"broad,dkfz,muse",3,COSN16630347,NA,NA,FALSE,0.0875,NA,7,73,NA,NA,NA,Intron,FALSE,FALSE,FALSE,FALSE,4,2,2,2_2,754d26af-f184-497c-856a-cd1ea7a5115c,STK4
20,43909706,43909706,1,snv_mnv,NA,NA,"broad,dkfz,muse,sanger",4,COSN16630379,NA,MIRb,FALSE,0.1905,NA,12,51,NA,NA,NA,IGR,FALSE,FALSE,FALSE,FALSE,4,2,2,2_2,754d26af-f184-497c-856a-cd1ea7a5115c,NA
20,44047879,44047879,1,snv_mnv,NA,NA,"broad,dkfz,muse,sanger",4,COSN16630625,NA,NA,FALSE,0.0976,NA,4,37,NA,NA,NA,Intron,FALSE,FALSE,FALSE,FALSE,4,2,2,2_2,754d26af-f184-497c-856a-cd1ea7a5115c,PIGT
20,44190161,44190161,1,snv_mnv,NA,NA,"broad,muse,sanger",3,COSN16629159,NA,L2,FALSE,0.0968,NA,6,56,NA,NA,NA,Intron,FALSE,FALSE,FALSE,FALSE,4,2,2,2_2,754d26af-f184-497c-856a-cd1ea7a5115c,RNA5SP485
20,44271833,44271833,1,snv_mnv,NA,NA,"broad,muse,sanger",3,COSN16629871,NA,L1MA8,FALSE,0.0882,NA,6,62,NA,NA,NA,IGR,FALSE,FALSE,TRUE,FALSE,4,2,2,2_2,754d26af-f184-497c-856a-cd1ea7a5115c,RPS2P7
20,44819353,44819353,1,snv_mnv,NA,NA,"broad,dkfz,muse,sanger",4,COSN16632246,NA,NA,FALSE,0.1628,NA,7,36,NA,NA,NA,Intron,FALSE,FALSE,FALSE,FALSE,4,2,2,2_2,754d26af-f184-497c-856a-cd1ea7a5115c,NA
20,44970867,44970867,1,snv_mnv,NA,NA,"broad,dkfz,muse,sanger",4,COSN16630286,NA,NA,FALSE,0.1042,NA,5,43,NA,NA,NA,IGR,FALSE,FALSE,FALSE,FALSE,4,2,2,2_2,754d26af-f184-497c-856a-cd1ea7a5115c,SLC35C2
20,48587844,48587844,1,snv_mnv,NA,NA,"broad,dkfz,muse,sanger",4,COSN16631716,NA,NA,FALSE,0.15,NA,6,34,NA,NA,NA,RNA,FALSE,FALSE,FALSE,FALSE,4,2,2,2_2,754d26af-f184-497c-856a-cd1ea7a5115c,RNU6-147P
20,49524263,49524263,1,snv_mnv,NA,NA,"broad,dkfz,muse,sanger",4,COSN16629066,NA,AluJo,FALSE,0.1538,NA,8,44,NA,NA,NA,Intron,FALSE,FALSE,FALSE,FALSE,4,2,2,2_2,754d26af-f184-497c-856a-cd1ea7a5115c,ADNP
20,49869435,49869435,1,snv_mnv,NA,NA,"broad,dkfz,muse,sanger",4,COSN16633000,NA,NA,FALSE,0.1127,NA,8,63,NA,NA,NA,IGR,FALSE,FALSE,FALSE,FALSE,4,2,2,2_2,754d26af-f184-497c-856a-cd1ea7a5115c,NA
20,49953072,49953072,1,snv_mnv,NA,NA,"broad,dkfz,muse,sanger",4,COSN16630380,NA,L2a,FALSE,0.1356,NA,8,51,NA,NA,NA,IGR,FALSE,FALSE,FALSE,FALSE,4,2,2,2_2,754d26af-f184-497c-856a-cd1ea7a5115c,NA
20,50481727,50481727,1,snv_mnv,1.9968e-4,rs567681291,"broad,dkfz,muse,sanger",4,COSN16630219,rs567681291,NA,FALSE,0.1842,NA,7,31,NA,NA,NA,lincRNA,FALSE,FALSE,FALSE,FALSE,4,2,2,2_2,754d26af-f184-497c-856a-cd1ea7a5115c,LINC01429
20,51466973,51466973,1,snv_mnv,1.9968e-4,rs575288355,"broad,muse",2,COSN16630773,rs575288355,NA,FALSE,0.0833,NA,5,55,NA,NA,NA,IGR,FALSE,FALSE,FALSE,FALSE,4,2,2,2_2,754d26af-f184-497c-856a-cd1ea7a5115c,NA
20,52003606,52003606,1,snv_mnv,NA,NA,"broad,muse,sanger",3,COSN16631150,NA,NA,FALSE,0.0667,NA,4,56,NA,NA,NA,Intron,FALSE,FALSE,FALSE,FALSE,4,2,2,2_2,754d26af-f184-497c-856a-cd1ea7a5115c,NA
20,54281325,54281325,1,snv_mnv,NA,NA,"broad,dkfz,muse,sanger",4,COSN16629613,NA,NA,FALSE,0.1077,NA,7,58,NA,NA,NA,IGR,FALSE,FALSE,FALSE,FALSE,4,2,2,2_2,754d26af-f184-497c-856a-cd1ea7a5115c,NA
20,54485484,54485484,1,snv_mnv,0.0027955,rs146453460,"broad,dkfz,muse,sanger",4,COSN16630436,rs146453460,L1PA6,FALSE,0.1148,NA,7,54,NA,NA,NA,IGR,FALSE,FALSE,FALSE,FALSE,4,2,2,2_2,754d26af-f184-497c-856a-cd1ea7a5115c,NA
20,54654096,54654096,1,snv_mnv,NA,NA,"broad,dkfz,muse,sanger",4,COSN16633300,NA,MIR,FALSE,0.1493,NA,10,57,NA,NA,NA,IGR,FALSE,FALSE,FALSE,FALSE,4,2,2,2_2,754d26af-f184-497c-856a-cd1ea7a5115c,NA
20,54655371,54655371,1,snv_mnv,NA,NA,"broad,dkfz,muse,sanger",4,COSN16633150,NA,L1ME1,FALSE,0.1831,NA,13,58,NA,NA,NA,IGR,FALSE,FALSE,FALSE,FALSE,4,2,2,2_2,754d26af-f184-497c-856a-cd1ea7a5115c,NA
20,56370008,56370008,1,snv_mnv,NA,NA,"broad,dkfz,muse,sanger",4,COSN16632967,NA,NA,FALSE,0.0926,NA,5,49,NA,NA,NA,IGR,FALSE,FALSE,FALSE,FALSE,4,2,2,2_2,754d26af-f184-497c-856a-cd1ea7a5115c,NA
20,56668906,56668906,1,snv_mnv,NA,NA,"broad,dkfz,muse,sanger",4,COSN16630459,NA,L1PA10,FALSE,0.2609,NA,18,51,NA,NA,NA,IGR,FALSE,FALSE,FALSE,FALSE,4,2,2,2_2,754d26af-f184-497c-856a-cd1ea7a5115c,AL354984.3
20,56791939,56791939,1,snv_mnv,NA,NA,"broad,muse",2,COSN16632807,NA,L4,FALSE,0.0769,NA,5,60,NA,NA,NA,IGR,FALSE,FALSE,FALSE,FALSE,4,2,2,2_2,754d26af-f184-497c-856a-cd1ea7a5115c,ANKRD60
20,57664722,57664722,1,snv_mnv,NA,NA,"broad,dkfz,muse,sanger",4,COSN16631478,NA,NA,FALSE,0.2759,NA,16,42,NA,NA,NA,IGR,FALSE,FALSE,FALSE,FALSE,4,2,2,2_2,754d26af-f184-497c-856a-cd1ea7a5115c,NA
20,58183540,58183540,1,snv_mnv,NA,NA,"broad,dkfz,muse,sanger",4,COSN16633203,NA,NA,FALSE,0.25,NA,11,33,NA,NA,NA,Intron,FALSE,FALSE,FALSE,FALSE,4,2,2,2_2,754d26af-f184-497c-856a-cd1ea7a5115c,NA
20,58418084,58418084,1,snv_mnv,NA,NA,"broad,dkfz,muse,sanger",4,COSN16630409,NA,L1MA4A,FALSE,0.093,NA,8,78,NA,NA,NA,Intron,FALSE,FALSE,FALSE,FALSE,4,2,2,2_2,754d26af-f184-497c-856a-cd1ea7a5115c,PHACTR3
20,58870563,58870563,1,snv_mnv,NA,NA,"broad,dkfz,muse,sanger",4,COSN16629318,NA,L2,FALSE,0.1509,NA,8,45,NA,NA,NA,lincRNA,FALSE,FALSE,FALSE,FALSE,4,2,2,2_2,754d26af-f184-497c-856a-cd1ea7a5115c,NA
20,59289085,59289085,1,snv_mnv,NA,NA,"broad,dkfz,muse,sanger",4,COSN16630657,NA,NA,FALSE,0.122,NA,10,72,NA,NA,NA,IGR,FALSE,FALSE,FALSE,FALSE,4,2,2,2_2,754d26af-f184-497c-856a-cd1ea7a5115c,NA
20,59353882,59353882,1,snv_mnv,NA,NA,"broad,dkfz,muse,sanger",4,COSN16630381,NA,MLT1C,FALSE,0.1029,NA,7,61,NA,NA,NA,IGR,FALSE,FALSE,FALSE,FALSE,4,2,2,2_2,754d26af-f184-497c-856a-cd1ea7a5115c,NA
20,59512683,59512683,1,snv_mnv,NA,NA,"broad,dkfz,muse,sanger",4,COSN16631428,NA,NA,FALSE,0.1186,NA,7,52,NA,NA,NA,IGR,FALSE,FALSE,FALSE,FALSE,4,2,2,2_2,754d26af-f184-497c-856a-cd1ea7a5115c,NA
20,59599874,59599874,1,snv_mnv,NA,NA,"broad,muse,sanger",3,COSN16632537,NA,MLT1D,FALSE,0.1724,NA,5,24,NA,NA,NA,IGR,FALSE,FALSE,FALSE,FALSE,4,2,2,2_2,754d26af-f184-497c-856a-cd1ea7a5115c,NA
20,59666297,59666297,1,snv_mnv,NA,NA,"broad,dkfz,muse,sanger",4,COSN16632937,NA,L1ME3,FALSE,0.1053,NA,6,51,NA,NA,NA,IGR,FALSE,FALSE,FALSE,FALSE,4,2,2,2_2,754d26af-f184-497c-856a-cd1ea7a5115c,NA
20,59752935,59752935,1,snv_mnv,NA,NA,"broad,dkfz,muse,sanger",4,COSN16632747,NA,MER58C,FALSE,0.24,NA,12,38,NA,NA,NA,IGR,FALSE,FALSE,FALSE,FALSE,4,2,2,2_2,754d26af-f184-497c-856a-cd1ea7a5115c,NA
20,60136376,60136376,1,snv_mnv,NA,NA,"broad,dkfz,muse,sanger",4,COSN16631334,NA,MIR,FALSE,0.2188,NA,7,25,NA,NA,NA,Intron,FALSE,FALSE,FALSE,FALSE,4,2,2,2_2,754d26af-f184-497c-856a-cd1ea7a5115c,NA
20,60316497,60316497,1,snv_mnv,NA,NA,"broad,dkfz,muse,sanger",4,COSN16629296,NA,NA,FALSE,0.2273,NA,5,17,NA,NA,NA,Intron,FALSE,FALSE,FALSE,FALSE,4,2,2,2_2,754d26af-f184-497c-856a-cd1ea7a5115c,NA
20,60374972,60374972,1,snv_mnv,NA,NA,"broad,dkfz,muse,sanger",4,COSN16629569,rs758946100,NA,FALSE,0.2727,NA,6,16,NA,NA,NA,Intron,FALSE,FALSE,FALSE,FALSE,4,2,2,2_2,754d26af-f184-497c-856a-cd1ea7a5115c,NA
20,61308308,61308308,1,snv_mnv,NA,NA,"broad,muse",2,COSN16633404,rs558451418,L1MB7,FALSE,0.1163,NA,5,38,NA,NA,NA,IGR,FALSE,FALSE,FALSE,FALSE,4,2,2,2_2,754d26af-f184-497c-856a-cd1ea7a5115c,SLCO4A1
21,10918335,10918335,1,snv_mnv,NA,NA,"broad,muse,sanger",3,COSN16629614,rs113678226,NA,FALSE,0.0839,NA,13,142,NA,NA,NA,Intron,FALSE,FALSE,FALSE,FALSE,3,2,1,2_1,754d26af-f184-497c-856a-cd1ea7a5115c,NA
21,15557200,15557200,1,snv_mnv,NA,NA,"broad,muse,sanger",3,COSN16633327,NA,NA,FALSE,0.0526,NA,4,72,NA,NA,NA,Intron,FALSE,FALSE,FALSE,FALSE,3,2,1,2_1,754d26af-f184-497c-856a-cd1ea7a5115c,NA
21,15610808,15610808,1,snv_mnv,NA,NA,"broad,muse,sanger",3,COSN16630542,NA,NA,FALSE,0.0851,NA,4,43,NA,NA,NA,IGR,FALSE,FALSE,FALSE,FALSE,3,2,1,2_1,754d26af-f184-497c-856a-cd1ea7a5115c,NA
21,15663884,15663884,1,snv_mnv,NA,NA,"broad,dkfz,muse,sanger",4,COSN16630464,NA,NA,FALSE,0.2258,NA,14,48,NA,NA,NA,RNA,FALSE,FALSE,FALSE,FALSE,3,2,1,2_1,754d26af-f184-497c-856a-cd1ea7a5115c,NA
21,15748149,15748149,1,snv_mnv,NA,NA,"broad,muse",2,COSM4962701,NA,NA,FALSE,0.069,NA,4,54,NA,NA,NA,Intron,FALSE,FALSE,FALSE,FALSE,3,2,1,2_1,754d26af-f184-497c-856a-cd1ea7a5115c,HSPA13
21,16209043,16209043,1,snv_mnv,NA,NA,"broad,dkfz,muse,sanger",4,COSN16632337,NA,AluJb,FALSE,0.2462,NA,16,49,NA,NA,NA,lincRNA,FALSE,FALSE,FALSE,FALSE,3,2,1,2_1,754d26af-f184-497c-856a-cd1ea7a5115c,LINC02246
21,17985323,17985323,1,snv_mnv,NA,NA,"broad,dkfz,muse,sanger",4,COSN16632189,NA,L1MB1,FALSE,0.1034,NA,6,52,NA,NA,NA,IGR,FALSE,FALSE,FALSE,FALSE,3,2,1,2_1,754d26af-f184-497c-856a-cd1ea7a5115c,MIR99AHG
21,19276308,19276308,1,snv_mnv,NA,NA,"broad,muse,sanger",3,COSN16630437,NA,AluJr,FALSE,0.0976,NA,4,37,NA,NA,NA,Intron,FALSE,FALSE,FALSE,FALSE,3,2,1,2_1,754d26af-f184-497c-856a-cd1ea7a5115c,NA
21,19700227,19700227,1,snv_mnv,NA,NA,"broad,dkfz,muse,sanger",4,COSN16630255,NA,AluSx3,FALSE,0.1538,NA,6,33,NA,NA,NA,Intron,FALSE,FALSE,FALSE,FALSE,3,2,1,2_1,754d26af-f184-497c-856a-cd1ea7a5115c,NA
21,20001486,20001486,1,snv_mnv,NA,NA,"broad,dkfz,muse,sanger",4,COSN16631429,rs778430328,MER57B1,FALSE,0.0946,NA,7,67,NA,NA,NA,lincRNA,FALSE,FALSE,FALSE,FALSE,3,2,1,2_1,754d26af-f184-497c-856a-cd1ea7a5115c,NA
21,20223396,20223396,1,snv_mnv,NA,NA,"broad,dkfz,muse,sanger",4,COSN16629160,NA,THE1D-int,FALSE,0.0845,NA,6,65,NA,NA,NA,IGR,FALSE,FALSE,FALSE,FALSE,3,2,1,2_1,754d26af-f184-497c-856a-cd1ea7a5115c,NA
21,20459488,20459488,1,snv_mnv,NA,NA,"broad,dkfz,muse,sanger",4,COSN16630023,NA,NA,FALSE,0.0909,NA,7,70,NA,NA,NA,IGR,FALSE,FALSE,FALSE,FALSE,3,2,1,2_1,754d26af-f184-497c-856a-cd1ea7a5115c,NA
21,21104235,21104235,1,snv_mnv,NA,NA,"broad,muse",2,COSN16629538,NA,AluSz,FALSE,0.0952,NA,4,38,NA,NA,NA,IGR,FALSE,FALSE,FALSE,FALSE,3,2,1,2_1,754d26af-f184-497c-856a-cd1ea7a5115c,NA
21,21662989,21662989,1,snv_mnv,NA,NA,"broad,dkfz,muse,sanger",4,COSN16629637,NA,NA,FALSE,0.2436,NA,19,59,NA,NA,NA,IGR,FALSE,FALSE,FALSE,FALSE,3,2,1,2_1,754d26af-f184-497c-856a-cd1ea7a5115c,NA
21,23284360,23284360,1,snv_mnv,NA,NA,"broad,dkfz,muse,sanger",4,COSN16633405,NA,NA,FALSE,0.0875,NA,7,73,NA,NA,NA,IGR,FALSE,FALSE,FALSE,FALSE,3,2,1,2_1,754d26af-f184-497c-856a-cd1ea7a5115c,NA
21,23386476,23386476,1,snv_mnv,NA,NA,"broad,dkfz,muse,sanger",4,COSN16631480,NA,HERVL-int,FALSE,0.1356,NA,8,51,NA,NA,NA,lincRNA,FALSE,FALSE,FALSE,FALSE,3,2,1,2_1,754d26af-f184-497c-856a-cd1ea7a5115c,NA
21,23555727,23555727,1,snv_mnv,NA,NA,"broad,muse,sanger",3,COSN16629319,rs754632890,NA,FALSE,0.0862,NA,5,53,NA,NA,NA,IGR,FALSE,FALSE,FALSE,FALSE,3,2,1,2_1,754d26af-f184-497c-856a-cd1ea7a5115c,NA
21,23736660,23736660,1,snv_mnv,NA,NA,"broad,dkfz,muse,sanger",4,COSN16632313,NA,MLT1H,FALSE,0.1111,NA,8,64,NA,NA,NA,lincRNA,FALSE,FALSE,FALSE,FALSE,3,2,1,2_1,754d26af-f184-497c-856a-cd1ea7a5115c,NA
21,23748115,23748115,1,snv_mnv,NA,NA,"broad,dkfz,muse,sanger",4,COSN16629872,NA,L1M3,FALSE,0.2951,NA,18,43,NA,NA,NA,lincRNA,FALSE,FALSE,FALSE,FALSE,3,2,1,2_1,754d26af-f184-497c-856a-cd1ea7a5115c,NA
21,23790486,23790486,1,snv_mnv,NA,NA,"broad,muse,sanger",3,COSN16632088,NA,L1MA2,FALSE,0.0769,NA,4,48,NA,NA,NA,lincRNA,FALSE,FALSE,FALSE,FALSE,3,2,1,2_1,754d26af-f184-497c-856a-cd1ea7a5115c,NA
21,24001682,24001682,1,snv_mnv,NA,NA,"broad,muse,sanger",3,COSN16630510,NA,AluSp,FALSE,0.16,NA,8,42,NA,NA,NA,IGR,FALSE,FALSE,FALSE,FALSE,3,2,1,2_1,754d26af-f184-497c-856a-cd1ea7a5115c,NA
21,24218460,24218460,1,snv_mnv,7.9872e-4,rs565036953,"broad,muse",2,COSN8005432,rs565036953,MER61-int,FALSE,0.0714,NA,3,39,NA,NA,NA,IGR,FALSE,FALSE,FALSE,FALSE,3,2,1,2_1,754d26af-f184-497c-856a-cd1ea7a5115c,NA
21,24651482,24651482,1,snv_mnv,NA,NA,"broad,dkfz,muse,sanger",4,COSN16631481,NA,NA,FALSE,0.0526,NA,4,72,NA,NA,NA,RNA,FALSE,FALSE,FALSE,FALSE,3,2,1,2_1,754d26af-f184-497c-856a-cd1ea7a5115c,RNU2-55P
21,24940474,24940474,1,snv_mnv,NA,NA,"broad,dkfz,muse,sanger",4,COSN16633180,NA,MER4B,FALSE,0.2308,NA,15,50,NA,NA,NA,IGR,FALSE,FALSE,FALSE,FALSE,3,2,1,2_1,754d26af-f184-497c-856a-cd1ea7a5115c,NA
21,24978328,24978328,1,snv_mnv,NA,NA,"broad,dkfz,muse,sanger",4,COSN16630801,NA,L1M2,FALSE,0.1053,NA,6,51,NA,NA,NA,IGR,FALSE,FALSE,FALSE,FALSE,3,2,1,2_1,754d26af-f184-497c-856a-cd1ea7a5115c,NA
21,26028724,26028724,1,snv_mnv,NA,NA,"broad,dkfz,muse,sanger",4,COSN16633239,NA,AluSx,FALSE,0.1333,NA,6,39,NA,NA,NA,IGR,FALSE,FALSE,TRUE,FALSE,3,2,1,2_1,754d26af-f184-497c-856a-cd1ea7a5115c,NA
21,27348313,27348313,1,snv_mnv,NA,NA,"broad,dkfz,muse,sanger",4,COSM4962714,rs200487832,NA,FALSE,0.1071,NA,6,50,NA,NA,NA,Missense_Mutation,FALSE,FALSE,FALSE,FALSE,3,2,1,2_1,754d26af-f184-497c-856a-cd1ea7a5115c,NA
21,27656280,27656280,1,snv_mnv,NA,NA,"broad,muse,sanger",3,COSN16629003,NA,LTR16A,FALSE,0.1277,NA,6,41,NA,NA,NA,IGR,FALSE,FALSE,FALSE,FALSE,3,2,1,2_1,754d26af-f184-497c-856a-cd1ea7a5115c,NA
21,28770943,28770943,1,snv_mnv,NA,NA,"broad,dkfz,muse,sanger",4,COSN16631278,NA,NA,FALSE,0.2,NA,11,44,NA,NA,NA,lincRNA,FALSE,FALSE,FALSE,FALSE,3,2,1,2_1,754d26af-f184-497c-856a-cd1ea7a5115c,AP001604.1
21,28935713,28935713,1,snv_mnv,NA,NA,"broad,dkfz,muse,sanger",4,COSN16633360,NA,NA,FALSE,0.0943,NA,5,48,NA,NA,NA,IGR,FALSE,FALSE,FALSE,FALSE,3,2,1,2_1,754d26af-f184-497c-856a-cd1ea7a5115c,NA
21,29827099,29827099,1,snv_mnv,NA,NA,"broad,muse,sanger",3,COSN16631746,NA,NA,FALSE,0.0725,NA,5,64,NA,NA,NA,lincRNA,FALSE,FALSE,FALSE,FALSE,3,2,1,2_1,754d26af-f184-497c-856a-cd1ea7a5115c,NA
21,30992597,30992597,1,snv_mnv,7.9872e-4,rs569077526,"broad,dkfz,muse,sanger",4,COSN16631717,rs569077526,NA,FALSE,0.1356,NA,8,51,NA,NA,NA,Intron,FALSE,FALSE,FALSE,FALSE,3,2,1,2_1,754d26af-f184-497c-856a-cd1ea7a5115c,NA
21,31499836,31499836,1,snv_mnv,NA,NA,"broad,dkfz,muse,sanger",4,COSN16629724,NA,L1M5,FALSE,0.1184,NA,9,67,NA,NA,NA,IGR,FALSE,FALSE,TRUE,FALSE,3,2,1,2_1,754d26af-f184-497c-856a-cd1ea7a5115c,NA
21,31584086,31584086,1,snv_mnv,NA,NA,"broad,muse",2,COSN16630460,NA,NA,FALSE,0.0563,NA,4,67,NA,NA,NA,IGR,FALSE,FALSE,FALSE,FALSE,3,2,1,2_1,754d26af-f184-497c-856a-cd1ea7a5115c,CLDN8
21,31746315,31746315,1,snv_mnv,NA,NA,"broad,dkfz,muse,sanger",4,COSN16631687,NA,NA,FALSE,0.1194,NA,8,59,NA,NA,NA,5'Flank,FALSE,FALSE,FALSE,FALSE,3,2,1,2_1,754d26af-f184-497c-856a-cd1ea7a5115c,"MIR4327,KRTAP13-2"
21,32031162,32031162,1,snv_mnv,NA,NA,"broad,dkfz,muse,sanger",4,COSN16629785,NA,L1PA5,FALSE,0.209,NA,14,53,NA,NA,NA,IGR,FALSE,FALSE,FALSE,FALSE,3,2,1,2_1,754d26af-f184-497c-856a-cd1ea7a5115c,NA
21,32192972,32192972,1,snv_mnv,NA,NA,"broad,dkfz,muse,sanger",4,COSN16630132,rs760484740,AluJb,FALSE,0.1795,NA,7,32,NA,NA,NA,IGR,FALSE,FALSE,FALSE,FALSE,3,2,1,2_1,754d26af-f184-497c-856a-cd1ea7a5115c,NA
21,32274621,32274621,1,snv_mnv,NA,NA,"broad,dkfz,muse,sanger",4,COSN16632362,NA,NA,FALSE,0.1111,NA,5,40,NA,NA,NA,IGR,FALSE,FALSE,FALSE,FALSE,3,2,1,2_1,754d26af-f184-497c-856a-cd1ea7a5115c,NA
21,32423243,32423243,1,snv_mnv,NA,NA,"broad,muse",2,COSN16629638,rs781770341,NA,FALSE,0.0667,NA,4,56,NA,NA,NA,IGR,FALSE,FALSE,FALSE,FALSE,3,2,1,2_1,754d26af-f184-497c-856a-cd1ea7a5115c,NA
21,33452747,33452747,1,snv_mnv,NA,NA,"dkfz,muse,sanger",3,COSN16632780,NA,MLT1N2,FALSE,0.1552,NA,9,49,NA,NA,NA,lincRNA,FALSE,FALSE,FALSE,FALSE,3,2,1,2_1,754d26af-f184-497c-856a-cd1ea7a5115c,NA
21,34245180,34245180,1,snv_mnv,NA,NA,"broad,dkfz,muse,sanger",4,COSN16629433,NA,L1ME2,FALSE,0.1698,NA,9,44,NA,NA,NA,IGR,FALSE,FALSE,FALSE,FALSE,3,2,1,2_1,754d26af-f184-497c-856a-cd1ea7a5115c,NA
21,36516944,36516944,1,snv_mnv,NA,NA,"broad,dkfz,muse,sanger",4,COSN16629615,NA,NA,FALSE,0.0704,NA,5,66,NA,NA,NA,IGR,FALSE,FALSE,FALSE,FALSE,3,2,1,2_1,754d26af-f184-497c-856a-cd1ea7a5115c,NA
21,36967383,36967383,1,snv_mnv,NA,NA,"broad,dkfz,muse,sanger",4,COSN16631718,NA,L1PA10,FALSE,0.1765,NA,12,56,NA,NA,NA,IGR,FALSE,FALSE,FALSE,FALSE,3,2,1,2_1,754d26af-f184-497c-856a-cd1ea7a5115c,EZH2P1
21,39153498,39153498,1,snv_mnv,1.9968e-4,rs531583901,"broad,dkfz,muse,sanger",4,COSN16632117,rs531583901,NA,FALSE,0.0781,NA,5,59,NA,NA,NA,Intron,FALSE,FALSE,FALSE,FALSE,3,2,1,2_1,754d26af-f184-497c-856a-cd1ea7a5115c,NA
21,40033981,40033981,1,snv_mnv,NA,NA,"broad,dkfz,muse,sanger",4,COSN16633240,NA,NA,FALSE,0.2414,NA,14,44,NA,NA,NA,5'Flank,FALSE,FALSE,FALSE,FALSE,3,2,1,2_1,754d26af-f184-497c-856a-cd1ea7a5115c,ERG
21,40153408,40153408,1,snv_mnv,NA,NA,"broad,muse,sanger",3,COSN16629842,NA,AluJo,FALSE,0.0943,NA,5,48,NA,NA,NA,IGR,FALSE,FALSE,FALSE,FALSE,3,2,1,2_1,754d26af-f184-497c-856a-cd1ea7a5115c,NA
21,40959120,40959120,1,snv_mnv,NA,NA,"broad,dkfz,muse,sanger",4,COSN16630410,NA,L1MEf,FALSE,0.1167,NA,7,53,NA,NA,NA,Intron,FALSE,FALSE,FALSE,FALSE,3,2,1,2_1,754d26af-f184-497c-856a-cd1ea7a5115c,NA
21,42375627,42375627,1,snv_mnv,5.9904e-4,rs564517966,"broad,dkfz,muse,sanger",4,COSN16629786,rs564517966,AluJb,FALSE,0.1277,NA,6,41,NA,NA,NA,IGR,FALSE,FALSE,FALSE,FALSE,3,2,1,2_1,754d26af-f184-497c-856a-cd1ea7a5115c,NA
21,43627708,43627708,1,snv_mnv,NA,NA,"broad,dkfz,muse,sanger",4,COSN16633275,NA,L1MDa,FALSE,0.1296,NA,7,47,NA,NA,NA,Intron,FALSE,FALSE,FALSE,FALSE,3,2,1,2_1,754d26af-f184-497c-856a-cd1ea7a5115c,NA
21,44047525,44047525,1,snv_mnv,NA,NA,"broad,dkfz,muse,sanger",4,COSN16633301,NA,NA,FALSE,0.1429,NA,6,36,NA,NA,NA,IGR,FALSE,FALSE,FALSE,FALSE,3,2,1,2_1,754d26af-f184-497c-856a-cd1ea7a5115c,NA
21,45210076,45210076,1,snv_mnv,NA,NA,"broad,dkfz,muse,sanger",4,COSN16632831,NA,NA,FALSE,0.1944,NA,7,29,NA,NA,NA,Intron,FALSE,FALSE,FALSE,FALSE,3,2,1,2_1,754d26af-f184-497c-856a-cd1ea7a5115c,RRP1
21,45723107,45723107,1,snv_mnv,NA,NA,"broad,muse,sanger",3,COSN16631279,NA,AluSx,FALSE,0.1379,NA,4,25,NA,NA,NA,Intron,FALSE,FALSE,FALSE,FALSE,3,2,1,2_1,754d26af-f184-497c-856a-cd1ea7a5115c,"PFKL,AIRE"
21,46046185,46046185,1,snv_mnv,NA,NA,"broad,dkfz,muse,sanger",4,COSN16631856,NA,NA,FALSE,0.3261,NA,15,31,NA,NA,NA,Intron,FALSE,FALSE,FALSE,FALSE,3,2,1,2_1,754d26af-f184-497c-856a-cd1ea7a5115c,KRTAP10-9
21,47157014,47157014,1,snv_mnv,NA,NA,"broad,muse,sanger",3,COSN16632219,NA,NA,FALSE,0.2632,NA,5,14,NA,NA,NA,Intron,FALSE,FALSE,FALSE,FALSE,3,2,1,2_1,754d26af-f184-497c-856a-cd1ea7a5115c,NA
21,47436530,47436530,1,snv_mnv,NA,NA,"broad,dkfz,muse,sanger",4,COSN16632413,NA,AluSg4,FALSE,0.3051,NA,18,41,NA,NA,NA,IGR,FALSE,FALSE,FALSE,FALSE,3,2,1,2_1,754d26af-f184-497c-856a-cd1ea7a5115c,NA
22,16902681,16902681,1,snv_mnv,NA,NA,"broad,muse,sanger",3,COSN16631113,NA,L1MC4,FALSE,0.1404,NA,8,49,NA,NA,NA,IGR,FALSE,FALSE,FALSE,FALSE,3,2,1,2_1,754d26af-f184-497c-856a-cd1ea7a5115c,PABPC1P9
22,18434177,18434177,1,snv_mnv,NA,NA,"broad,dkfz,muse,sanger",4,COSN16629297,NA,MIRc,FALSE,0.24,NA,12,38,NA,NA,NA,Intron,FALSE,FALSE,FALSE,FALSE,3,2,1,2_1,754d26af-f184-497c-856a-cd1ea7a5115c,NA
22,20769404,20769404,1,snv_mnv,NA,NA,"broad,muse,sanger",3,COSN16631151,NA,L1PA8,FALSE,0.0816,NA,4,45,NA,NA,NA,RNA,FALSE,FALSE,FALSE,FALSE,3,2,1,2_1,754d26af-f184-497c-856a-cd1ea7a5115c,RNU6-225P
22,27675082,27675082,1,snv_mnv,NA,NA,"broad,dkfz,muse,sanger",4,COSN16633406,NA,NA,FALSE,0.1429,NA,7,42,NA,NA,NA,lincRNA,FALSE,FALSE,FALSE,FALSE,3,2,1,2_1,754d26af-f184-497c-856a-cd1ea7a5115c,NA
22,32355089,32355089,1,snv_mnv,NA,NA,"broad,dkfz,muse,sanger",4,COSN16632314,NA,NA,FALSE,0.1111,NA,7,56,NA,NA,NA,IGR,FALSE,FALSE,FALSE,FALSE,3,2,1,2_1,754d26af-f184-497c-856a-cd1ea7a5115c,"Z82190.2,YWHAH,AL008719.1"
22,33276647,33276647,1,snv_mnv,NA,NA,"broad,muse",2,COSN16630511,NA,LTR16A1,FALSE,0.0714,NA,3,39,NA,NA,NA,Intron,FALSE,FALSE,FALSE,FALSE,3,2,1,2_1,754d26af-f184-497c-856a-cd1ea7a5115c,NA
22,33284754,33284754,1,snv_mnv,NA,NA,"broad,sanger",2,COSN16629539,NA,Tigger4a,FALSE,0.0847,NA,5,54,NA,NA,NA,Intron,FALSE,FALSE,FALSE,FALSE,3,2,1,2_1,754d26af-f184-497c-856a-cd1ea7a5115c,NA
22,33464192,33464192,1,snv_mnv,NA,NA,"broad,dkfz,muse,sanger",4,COSN16632915,NA,NA,FALSE,0.2,NA,7,28,NA,NA,NA,IGR,FALSE,FALSE,FALSE,FALSE,3,2,1,2_1,754d26af-f184-497c-856a-cd1ea7a5115c,NA
22,33725036,33725036,1,snv_mnv,NA,NA,"broad,dkfz,muse,sanger",4,COSN16628955,NA,NA,FALSE,0.125,NA,7,49,NA,NA,NA,Intron,FALSE,FALSE,FALSE,FALSE,3,2,1,2_1,754d26af-f184-497c-856a-cd1ea7a5115c,NA
22,35519121,35519121,1,snv_mnv,NA,NA,"broad,muse",2,COSN16629379,rs560973970,AluSx1,FALSE,0.0909,NA,4,40,NA,NA,NA,lincRNA,FALSE,FALSE,FALSE,FALSE,3,2,1,2_1,754d26af-f184-497c-856a-cd1ea7a5115c,NA
22,36935851,36935851,1,snv_mnv,NA,NA,"broad,muse",2,COSN16630898,rs748810485,MLT1F,FALSE,0.0909,NA,4,40,NA,NA,NA,IGR,FALSE,FALSE,FALSE,FALSE,3,2,1,2_1,754d26af-f184-497c-856a-cd1ea7a5115c,AL022313.1
22,37778412,37778412,1,snv_mnv,NA,NA,"broad,dkfz,muse,sanger",4,COSN16631095,NA,AluSc,FALSE,0.2407,NA,13,41,NA,NA,NA,Intron,FALSE,FALSE,FALSE,FALSE,3,2,1,2_1,754d26af-f184-497c-856a-cd1ea7a5115c,NA
22,40797719,40797719,1,snv_mnv,NA,NA,"broad,muse",2,COSN16630948,rs367741600,NA,FALSE,0.0635,NA,4,59,NA,NA,NA,Intron,FALSE,FALSE,FALSE,FALSE,3,2,1,2_1,754d26af-f184-497c-856a-cd1ea7a5115c,SGSM3
22,41098996,41098996,1,snv_mnv,NA,NA,"broad,dkfz,muse,sanger",4,COSN16630094,NA,AluSg7,FALSE,0.2157,NA,11,40,NA,NA,NA,IGR,FALSE,FALSE,FALSE,FALSE,3,2,1,2_1,754d26af-f184-497c-856a-cd1ea7a5115c,NA
22,44038378,44038378,1,snv_mnv,NA,NA,"broad,dkfz,muse,sanger",4,COSN16632024,NA,NA,FALSE,0.2,NA,9,36,NA,NA,NA,Intron,FALSE,FALSE,FALSE,FALSE,3,2,1,2_1,754d26af-f184-497c-856a-cd1ea7a5115c,NA
22,44142917,44142917,1,snv_mnv,3.9936e-4,rs574180644,"broad,dkfz,muse,sanger",4,COSN16631825,rs574180644,NA,FALSE,0.0806,NA,5,57,NA,NA,NA,Intron,FALSE,FALSE,FALSE,FALSE,3,2,1,2_1,754d26af-f184-497c-856a-cd1ea7a5115c,NA
22,47169690,47169690,1,snv_mnv,NA,NA,"broad,dkfz,muse,sanger",4,COSN16632247,NA,MIR,FALSE,0.1556,NA,7,38,NA,NA,NA,Intron,FALSE,FALSE,FALSE,FALSE,3,2,1,2_1,754d26af-f184-497c-856a-cd1ea7a5115c,TBC1D22A
22,48141964,48141964,1,snv_mnv,NA,NA,"broad,dkfz,muse,sanger",4,COSN16631176,NA,NA,FALSE,0.1406,NA,9,55,NA,NA,NA,lincRNA,FALSE,FALSE,FALSE,FALSE,3,2,1,2_1,754d26af-f184-497c-856a-cd1ea7a5115c,NA
22,48739702,48739702,1,snv_mnv,NA,NA,"broad,dkfz,muse,sanger",4,COSN16631801,NA,NA,FALSE,0.125,NA,5,35,NA,NA,NA,IGR,FALSE,FALSE,FALSE,FALSE,3,2,1,2_1,754d26af-f184-497c-856a-cd1ea7a5115c,NA
22,49000189,49000189,1,snv_mnv,NA,NA,"broad,dkfz,muse,sanger",4,COSN16632089,NA,NA,FALSE,0.1556,NA,7,38,NA,NA,NA,Intron,FALSE,FALSE,FALSE,FALSE,3,2,1,2_1,754d26af-f184-497c-856a-cd1ea7a5115c,NA
22,50035417,50035417,1,snv_mnv,NA,NA,"broad,dkfz,muse",3,COSN16631826,NA,NA,FALSE,0.1154,NA,3,23,NA,NA,NA,Intron,FALSE,FALSE,TRUE,FALSE,3,2,1,2_1,754d26af-f184-497c-856a-cd1ea7a5115c,NA
3,1052520,1052520,1,snv_mnv,NA,NA,"broad,dkfz,muse,sanger",4,COSN16631381,NA,AluYc,FALSE,0.1837,NA,9,40,NA,NA,NA,lincRNA,FALSE,FALSE,FALSE,FALSE,3,2,1,2_1,754d26af-f184-497c-856a-cd1ea7a5115c,NA
3,1297881,1297881,1,snv_mnv,NA,NA,"broad,muse,sanger",3,COSN16632574,NA,NA,FALSE,0.0714,NA,4,52,NA,NA,NA,Intron,FALSE,FALSE,TRUE,FALSE,3,2,1,2_1,754d26af-f184-497c-856a-cd1ea7a5115c,NA
3,1755509,1755509,1,snv_mnv,NA,NA,"broad,dkfz,muse,sanger",4,COSN16631609,NA,NA,FALSE,0.1639,NA,10,51,NA,NA,NA,IGR,FALSE,FALSE,FALSE,FALSE,3,2,1,2_1,754d26af-f184-497c-856a-cd1ea7a5115c,NA
3,2318970,2318970,1,snv_mnv,0.0011981,rs369355233,"broad,muse",2,COSN16631346,rs369355233,NA,FALSE,0.0851,NA,4,43,NA,NA,NA,Intron,FALSE,FALSE,FALSE,FALSE,3,2,1,2_1,754d26af-f184-497c-856a-cd1ea7a5115c,NA
3,2384408,2384408,1,snv_mnv,NA,NA,"broad,dkfz,muse,sanger",4,COSN16628875,NA,THE1C,FALSE,0.22,NA,11,39,NA,NA,NA,Intron,FALSE,FALSE,FALSE,FALSE,3,2,1,2_1,754d26af-f184-497c-856a-cd1ea7a5115c,NA
3,2584571,2584571,1,snv_mnv,NA,NA,"broad,dkfz,muse,sanger",4,COSN16630550,NA,NA,FALSE,0.1176,NA,10,75,NA,NA,NA,Intron,FALSE,FALSE,FALSE,FALSE,3,2,1,2_1,754d26af-f184-497c-856a-cd1ea7a5115c,NA
3,2760653,2760653,1,snv_mnv,NA,NA,"broad,dkfz,muse,sanger",4,COSN16631051,NA,NA,FALSE,0.0984,NA,6,55,NA,NA,NA,Intron,FALSE,FALSE,FALSE,FALSE,3,2,1,2_1,754d26af-f184-497c-856a-cd1ea7a5115c,NA
3,2833447,2833447,1,snv_mnv,NA,NA,"broad,muse,sanger",3,COSN16632456,NA,MLT1D,FALSE,0.1296,NA,7,47,NA,NA,NA,Intron,FALSE,FALSE,FALSE,FALSE,3,2,1,2_1,754d26af-f184-497c-856a-cd1ea7a5115c,NA
3,3700105,3700105,1,snv_mnv,NA,NA,"broad,dkfz,muse,sanger",4,COSN16631754,NA,NA,FALSE,0.1667,NA,9,45,NA,NA,NA,IGR,FALSE,FALSE,FALSE,FALSE,3,2,1,2_1,754d26af-f184-497c-856a-cd1ea7a5115c,NA
3,3965124,3965124,1,snv_mnv,NA,NA,"broad,muse,sanger",3,COSN16630140,NA,MLT1C,FALSE,0.1,NA,5,45,NA,NA,NA,Intron,FALSE,FALSE,FALSE,FALSE,3,2,1,2_1,754d26af-f184-497c-856a-cd1ea7a5115c,NA
3,6302223,6302223,1,snv_mnv,NA,NA,"broad,dkfz,muse,sanger",4,COSN16632517,NA,NA,FALSE,0.2174,NA,15,54,NA,NA,NA,lincRNA,FALSE,FALSE,FALSE,FALSE,3,2,1,2_1,754d26af-f184-497c-856a-cd1ea7a5115c,NA
3,6869757,6869757,1,snv_mnv,NA,NA,"broad,dkfz,muse,sanger",4,COSN16629939,NA,NA,FALSE,0.1471,NA,10,58,NA,NA,NA,IGR,FALSE,FALSE,FALSE,FALSE,3,2,1,2_1,754d26af-f184-497c-856a-cd1ea7a5115c,NA
3,7206820,7206820,1,snv_mnv,NA,NA,"broad,dkfz,muse,sanger",4,COSN16630296,NA,NA,FALSE,0.1321,NA,7,46,NA,NA,NA,Intron,FALSE,FALSE,FALSE,FALSE,3,2,1,2_1,754d26af-f184-497c-856a-cd1ea7a5115c,NA
3,7245031,7245031,1,snv_mnv,NA,NA,"broad,dkfz,muse,sanger",4,COSN16629170,NA,L1MA4A,FALSE,0.1912,NA,13,55,NA,NA,NA,Intron,FALSE,FALSE,TRUE,FALSE,3,2,1,2_1,754d26af-f184-497c-856a-cd1ea7a5115c,NA
3,10271730,10271730,1,snv_mnv,3.9936e-4,rs555874516,"broad,muse,sanger",3,COSN8199219,rs555874516,AluSz,FALSE,0.098,NA,5,46,NA,NA,NA,Intron,FALSE,FALSE,FALSE,FALSE,3,2,1,2_1,754d26af-f184-497c-856a-cd1ea7a5115c,NA
3,10658165,10658165,1,snv_mnv,NA,NA,"broad,dkfz,muse,sanger",4,COSN16630297,NA,MLT1B,FALSE,0.1212,NA,8,58,NA,NA,NA,Intron,FALSE,FALSE,FALSE,FALSE,3,2,1,2_1,754d26af-f184-497c-856a-cd1ea7a5115c,NA
3,10821019,10821019,1,snv_mnv,NA,NA,"broad,dkfz,muse,sanger",4,COSN16632299,NA,NA,FALSE,0.1724,NA,5,24,NA,NA,NA,IGR,FALSE,FALSE,FALSE,FALSE,3,2,1,2_1,754d26af-f184-497c-856a-cd1ea7a5115c,NA
3,11450017,11450017,1,snv_mnv,3.9936e-4,rs558189357,"broad,muse",2,COSN16632167,rs558189357,THE1B,FALSE,0.0656,NA,4,57,NA,NA,NA,Intron,FALSE,FALSE,FALSE,FALSE,3,2,1,2_1,754d26af-f184-497c-856a-cd1ea7a5115c,NA
3,13355039,13355039,1,snv_mnv,NA,NA,"broad,sanger",2,COSN16629077,NA,AluSz,FALSE,0.125,NA,4,28,NA,NA,NA,IGR,FALSE,FALSE,FALSE,FALSE,3,2,1,2_1,754d26af-f184-497c-856a-cd1ea7a5115c,NUP210
3,13951668,13951668,1,snv_mnv,NA,NA,"broad,dkfz,muse,sanger",4,COSN16628902,NA,L1PB2,FALSE,0.1077,NA,7,58,NA,NA,NA,IGR,FALSE,FALSE,TRUE,FALSE,3,2,1,2_1,754d26af-f184-497c-856a-cd1ea7a5115c,NA
3,17252241,17252241,1,snv_mnv,NA,NA,"broad,dkfz,muse,sanger",4,COSN16630610,NA,HAL1,FALSE,0.1034,NA,6,52,NA,NA,NA,Intron,FALSE,FALSE,FALSE,FALSE,3,2,1,2_1,754d26af-f184-497c-856a-cd1ea7a5115c,NA
3,17439779,17439779,1,snv_mnv,NA,NA,"broad,muse,sanger",3,COSN16629250,NA,MIRb,FALSE,0.082,NA,5,56,NA,NA,NA,Intron,FALSE,FALSE,FALSE,FALSE,3,2,1,2_1,754d26af-f184-497c-856a-cd1ea7a5115c,TBC1D5
3,17798227,17798227,1,snv_mnv,NA,NA,"broad,dkfz,muse,sanger",4,COSN16633284,NA,MLT1G,FALSE,0.129,NA,8,54,NA,NA,NA,Intron,FALSE,FALSE,FALSE,FALSE,3,2,1,2_1,754d26af-f184-497c-856a-cd1ea7a5115c,NA
3,18244794,18244794,1,snv_mnv,NA,NA,"broad,dkfz,muse,sanger",4,COSN16629415,NA,NA,FALSE,0.1034,NA,6,52,NA,NA,NA,Intron,FALSE,FALSE,FALSE,FALSE,3,2,1,2_1,754d26af-f184-497c-856a-cd1ea7a5115c,NA
3,20911240,20911240,1,snv_mnv,NA,NA,"broad,dkfz,muse,sanger",4,COSN16629225,NA,NA,FALSE,0.0769,NA,5,60,NA,NA,NA,IGR,FALSE,FALSE,FALSE,FALSE,3,2,1,2_1,754d26af-f184-497c-856a-cd1ea7a5115c,NA
3,22031952,22031952,1,snv_mnv,NA,NA,"broad,dkfz,muse,sanger",4,COSN16629013,NA,NA,FALSE,0.1077,NA,7,58,NA,NA,NA,Intron,FALSE,FALSE,FALSE,FALSE,3,2,1,2_1,754d26af-f184-497c-856a-cd1ea7a5115c,NA
3,22122320,22122320,1,snv_mnv,NA,NA,"broad,muse,sanger",3,COSN16629444,NA,MLT1A0,FALSE,0.0781,NA,5,59,NA,NA,NA,Intron,FALSE,FALSE,FALSE,FALSE,3,2,1,2_1,754d26af-f184-497c-856a-cd1ea7a5115c,NA
3,22124104,22124104,1,snv_mnv,NA,NA,"broad,muse,sanger",3,COSN16630810,NA,L1PA5,FALSE,0.38,NA,19,31,NA,NA,NA,Intron,FALSE,FALSE,FALSE,FALSE,3,2,1,2_1,754d26af-f184-497c-856a-cd1ea7a5115c,NA
3,22202615,22202615,1,snv_mnv,NA,NA,"broad,dkfz,muse,sanger",4,COSN16629674,NA,NA,FALSE,0.0962,NA,5,47,NA,NA,NA,Intron,FALSE,FALSE,FALSE,FALSE,3,2,1,2_1,754d26af-f184-497c-856a-cd1ea7a5115c,NA
3,22870764,22870764,1,snv_mnv,NA,NA,"broad,dkfz,muse,sanger",4,COSN16629992,NA,L1PA7,FALSE,0.1613,NA,10,52,NA,NA,NA,IGR,FALSE,FALSE,FALSE,FALSE,3,2,1,2_1,754d26af-f184-497c-856a-cd1ea7a5115c,NA
3,23144489,23144489,1,snv_mnv,NA,NA,"broad,muse,sanger",3,COSN16629108,NA,AluY,FALSE,0.1373,NA,7,44,NA,NA,NA,IGR,FALSE,FALSE,FALSE,FALSE,3,2,1,2_1,754d26af-f184-497c-856a-cd1ea7a5115c,NA
3,24867027,24867027,1,snv_mnv,NA,NA,"broad,muse,sanger",3,COSN16630993,NA,NA,FALSE,0.0625,NA,4,60,NA,NA,NA,lincRNA,FALSE,FALSE,FALSE,FALSE,3,2,1,2_1,754d26af-f184-497c-856a-cd1ea7a5115c,NA
3,25245794,25245794,1,snv_mnv,NA,NA,"broad,muse,sanger",3,COSN16629700,NA,L1PA4,FALSE,0.1111,NA,6,48,NA,NA,NA,Intron,FALSE,FALSE,FALSE,FALSE,3,2,1,2_1,754d26af-f184-497c-856a-cd1ea7a5115c,NA
3,25312147,25312147,1,snv_mnv,NA,NA,"broad,muse,sanger",3,COSN16629645,NA,NA,FALSE,0.0548,NA,4,69,NA,NA,NA,Intron,FALSE,FALSE,FALSE,FALSE,3,2,1,2_1,754d26af-f184-497c-856a-cd1ea7a5115c,NA
3,26104398,26104398,1,snv_mnv,NA,NA,"broad,dkfz,muse,sanger",4,COSN16631206,NA,NA,FALSE,0.12,NA,9,66,NA,NA,NA,IGR,FALSE,FALSE,FALSE,FALSE,3,2,1,2_1,754d26af-f184-497c-856a-cd1ea7a5115c,NA
3,26171595,26171595,1,snv_mnv,NA,NA,"broad,dkfz,muse,sanger",4,COSN16631207,NA,L1PA6,FALSE,0.1818,NA,6,27,NA,NA,NA,IGR,FALSE,FALSE,TRUE,FALSE,3,2,1,2_1,754d26af-f184-497c-856a-cd1ea7a5115c,NA
3,26569973,26569973,1,snv_mnv,NA,NA,"broad,muse,sanger",3,COSN16633186,NA,L1PA7,FALSE,0.08,NA,6,69,NA,NA,NA,IGR,FALSE,FALSE,FALSE,FALSE,3,2,1,2_1,754d26af-f184-497c-856a-cd1ea7a5115c,NA
3,27011751,27011751,1,snv_mnv,NA,NA,"broad,dkfz,muse,sanger",4,COSN16630696,NA,NA,FALSE,0.1159,NA,8,61,NA,NA,NA,IGR,FALSE,FALSE,FALSE,FALSE,3,2,1,2_1,754d26af-f184-497c-856a-cd1ea7a5115c,NA
3,27144220,27144220,1,snv_mnv,NA,NA,"broad,dkfz,muse,sanger",4,COSN16632921,NA,NA,FALSE,0.1667,NA,11,55,NA,NA,NA,IGR,FALSE,FALSE,FALSE,FALSE,3,2,1,2_1,754d26af-f184-497c-856a-cd1ea7a5115c,NA
3,27501987,27501987,1,snv_mnv,NA,NA,"broad,muse,sanger",3,COSN16630390,NA,NA,FALSE,0.08,NA,4,46,NA,NA,NA,Intron,FALSE,FALSE,FALSE,FALSE,3,2,1,2_1,754d26af-f184-497c-856a-cd1ea7a5115c,"SLC4A7,RPS20P15"
3,27852074,27852074,1,snv_mnv,1.9968e-4,rs189896882,"broad,muse,sanger",3,COSN16629646,rs189896882,NA,FALSE,0.0702,NA,4,53,NA,NA,NA,IGR,FALSE,FALSE,FALSE,FALSE,3,2,1,2_1,754d26af-f184-497c-856a-cd1ea7a5115c,NA
3,28204788,28204788,1,snv_mnv,NA,NA,"broad,dkfz,muse,sanger",4,COSN16632489,NA,L1M2,FALSE,0.2069,NA,12,46,NA,NA,NA,IGR,FALSE,FALSE,FALSE,FALSE,3,2,1,2_1,754d26af-f184-497c-856a-cd1ea7a5115c,NA
3,28841895,28841895,1,snv_mnv,NA,NA,"broad,muse,sanger",3,COSN16630328,NA,MLT2C2,FALSE,0.0678,NA,4,55,NA,NA,NA,IGR,FALSE,FALSE,TRUE,FALSE,3,2,1,2_1,754d26af-f184-497c-856a-cd1ea7a5115c,NA
3,31473127,31473127,1,snv_mnv,NA,NA,"broad,dkfz,muse,sanger",4,COSN16632198,NA,MLT2D,FALSE,0.1579,NA,9,48,NA,NA,NA,IGR,FALSE,FALSE,FALSE,FALSE,3,2,1,2_1,754d26af-f184-497c-856a-cd1ea7a5115c,NA
3,33272750,33272750,1,snv_mnv,NA,NA,"broad,dkfz,muse,sanger",4,COSN16629851,NA,NA,FALSE,0.1064,NA,5,42,NA,NA,NA,IGR,FALSE,FALSE,FALSE,FALSE,3,2,1,2_1,754d26af-f184-497c-856a-cd1ea7a5115c,NA
3,33390413,33390413,1,snv_mnv,NA,NA,"broad,muse",2,COSN16630873,NA,L1MA2,FALSE,0.0658,NA,5,71,NA,NA,NA,Intron,FALSE,FALSE,FALSE,FALSE,3,2,1,2_1,754d26af-f184-497c-856a-cd1ea7a5115c,NA
3,34865025,34865025,1,snv_mnv,NA,NA,"broad,sanger",2,COSN16632490,NA,MLT1H,FALSE,0.0645,NA,4,58,NA,NA,NA,IGR,FALSE,FALSE,FALSE,FALSE,3,2,1,2_1,754d26af-f184-497c-856a-cd1ea7a5115c,NA
3,36069212,36069212,1,snv_mnv,9.984e-4,rs368643713,"broad,sanger",2,COSN15911141,rs368643713,AluY,FALSE,0.0851,NA,4,43,NA,NA,NA,IGR,FALSE,FALSE,FALSE,FALSE,3,2,1,2_1,754d26af-f184-497c-856a-cd1ea7a5115c,NA
3,36325395,36325395,1,snv_mnv,NA,NA,"broad,dkfz,muse,sanger",4,COSN16629109,NA,NA,FALSE,0.1224,NA,6,43,NA,NA,NA,IGR,FALSE,FALSE,FALSE,FALSE,3,2,1,2_1,754d26af-f184-497c-856a-cd1ea7a5115c,NA
3,36476194,36476194,1,snv_mnv,NA,NA,"broad,dkfz,muse,sanger",4,COSN16631519,NA,NA,FALSE,0.1746,NA,11,52,NA,NA,NA,Intron,FALSE,FALSE,FALSE,FALSE,3,2,1,2_1,754d26af-f184-497c-856a-cd1ea7a5115c,NA
3,36515103,36515103,1,snv_mnv,NA,NA,"broad,dkfz,muse,sanger",4,COSN16631871,NA,MIRb,FALSE,0.0732,NA,6,76,NA,NA,NA,Intron,FALSE,FALSE,FALSE,FALSE,3,2,1,2_1,754d26af-f184-497c-856a-cd1ea7a5115c,NA
3,36814067,36814067,1,snv_mnv,NA,NA,"broad,dkfz,muse,sanger",4,COSN16631755,NA,AluJr4,FALSE,0.1458,NA,7,41,NA,NA,NA,RNA,FALSE,FALSE,FALSE,FALSE,3,2,1,2_1,754d26af-f184-497c-856a-cd1ea7a5115c,HSPD1P6
3,37433941,37433941,1,snv_mnv,NA,NA,"broad,dkfz,muse",3,COSN16629993,NA,MIRb,FALSE,0.1321,NA,7,46,NA,NA,NA,Intron,FALSE,FALSE,FALSE,FALSE,3,2,1,2_1,754d26af-f184-497c-856a-cd1ea7a5115c,NA
3,38573641,38573641,1,snv_mnv,NA,NA,"broad,dkfz,muse,sanger",4,COSN16630141,NA,NA,FALSE,0.1273,NA,7,48,NA,NA,NA,Intron,FALSE,FALSE,FALSE,FALSE,3,2,1,2_1,754d26af-f184-497c-856a-cd1ea7a5115c,RPL18AP7
3,38606968,38606968,1,snv_mnv,1.9968e-4,rs538677181,"broad,dkfz,muse,sanger",4,COSN16632319,rs538677181,NA,FALSE,0.1053,NA,4,34,NA,NA,NA,Intron,FALSE,FALSE,FALSE,FALSE,3,2,1,2_1,754d26af-f184-497c-856a-cd1ea7a5115c,NA
3,39741342,39741342,1,snv_mnv,NA,NA,"broad,muse",2,COSN16632547,NA,L1MA3,FALSE,0.058,NA,4,65,NA,NA,NA,IGR,FALSE,FALSE,FALSE,FALSE,3,2,1,2_1,754d26af-f184-497c-856a-cd1ea7a5115c,NA
3,40754673,40754673,1,snv_mnv,NA,NA,"broad,dkfz,muse,sanger",4,COSN16632125,NA,NA,FALSE,0.2308,NA,9,30,NA,NA,NA,IGR,FALSE,FALSE,FALSE,FALSE,3,2,1,2_1,754d26af-f184-497c-856a-cd1ea7a5115c,NA
3,41995892,41995892,1,snv_mnv,NA,NA,"broad,dkfz,muse,sanger",4,COSN16630587,NA,NA,FALSE,0.0959,NA,7,66,NA,NA,NA,Intron,FALSE,FALSE,FALSE,FALSE,3,2,1,2_1,754d26af-f184-497c-856a-cd1ea7a5115c,RPL36P20
3,42242306,42242306,1,snv_mnv,NA,NA,"broad,dkfz,muse,sanger",4,COSM4962712,NA,NA,FALSE,0.2041,NA,10,39,NA,NA,NA,Intron,FALSE,FALSE,FALSE,FALSE,3,2,1,2_1,754d26af-f184-497c-856a-cd1ea7a5115c,NA
3,43311189,43311189,1,snv_mnv,NA,NA,"broad,muse,sanger",3,COSN16631208,NA,NA,FALSE,0.1,NA,6,54,NA,NA,NA,IGR,FALSE,FALSE,FALSE,FALSE,3,2,1,2_1,754d26af-f184-497c-856a-cd1ea7a5115c,NA
3,44637357,44637357,1,snv_mnv,NA,NA,"broad,dkfz,muse,sanger",4,COSN16630358,NA,NA,FALSE,0.1091,NA,6,49,NA,NA,NA,3'UTR,FALSE,FALSE,FALSE,FALSE,3,2,1,2_1,754d26af-f184-497c-856a-cd1ea7a5115c,"ZNF660,ZKSCAN7"
3,46137926,46137926,1,snv_mnv,NA,NA,"broad,dkfz,muse,sanger",4,COSN16632665,NA,NA,FALSE,0.0727,NA,4,51,NA,NA,NA,IGR,FALSE,FALSE,FALSE,FALSE,3,2,1,2_1,754d26af-f184-497c-856a-cd1ea7a5115c,NA
3,47637288,47637288,1,snv_mnv,NA,NA,"broad,muse,sanger",3,COSN16632366,NA,AluSc8,FALSE,0.4,NA,12,18,NA,NA,NA,Intron,FALSE,FALSE,FALSE,FALSE,3,2,1,2_1,754d26af-f184-497c-856a-cd1ea7a5115c,NA
3,50738136,50738136,1,snv_mnv,NA,NA,"broad,dkfz,muse,sanger",4,COSN16629305,NA,L1MA4,FALSE,0.0746,NA,5,62,NA,NA,NA,Intron,FALSE,FALSE,FALSE,FALSE,3,2,1,2_1,754d26af-f184-497c-856a-cd1ea7a5115c,NA
3,50776082,50776082,1,snv_mnv,NA,NA,"broad,dkfz,muse,sanger",4,COSN16632097,NA,NA,FALSE,0.1,NA,6,54,NA,NA,NA,Intron,FALSE,FALSE,FALSE,FALSE,3,2,1,2_1,754d26af-f184-497c-856a-cd1ea7a5115c,NA
3,50882579,50882579,1,snv_mnv,NA,NA,"broad,dkfz,muse,sanger",4,COSN16629014,rs867460713,AluSz,FALSE,0.1395,NA,6,37,NA,NA,NA,Intron,FALSE,FALSE,FALSE,FALSE,3,2,1,2_1,754d26af-f184-497c-856a-cd1ea7a5115c,NA
3,53229245,53229245,1,snv_mnv,NA,NA,"broad,dkfz,muse,sanger",4,COSN16629940,NA,NA,FALSE,0.25,NA,9,27,NA,NA,NA,IGR,FALSE,FALSE,FALSE,FALSE,3,2,1,2_1,754d26af-f184-497c-856a-cd1ea7a5115c,PRKCD
3,54365579,54365579,1,snv_mnv,NA,NA,"broad,dkfz,muse,sanger",4,COSN16629575,NA,MIRb,FALSE,0.2,NA,13,52,NA,NA,NA,Intron,FALSE,FALSE,FALSE,FALSE,3,2,1,2_1,754d26af-f184-497c-856a-cd1ea7a5115c,NA
3,54729799,54729799,1,snv_mnv,NA,NA,"broad,dkfz,muse,sanger",4,COSN16630843,NA,L1ME4a,FALSE,0.0833,NA,6,66,NA,NA,NA,Intron,FALSE,FALSE,FALSE,FALSE,3,2,1,2_1,754d26af-f184-497c-856a-cd1ea7a5115c,NA
3,54858550,54858550,1,snv_mnv,NA,NA,"broad,muse",2,COSN16631232,NA,NA,FALSE,0.0741,NA,4,50,NA,NA,NA,Intron,FALSE,FALSE,FALSE,FALSE,3,2,1,2_1,754d26af-f184-497c-856a-cd1ea7a5115c,NA
3,55039502,55039502,1,snv_mnv,NA,NA,"broad,muse",2,COSN16631520,NA,NA,FALSE,0.08,NA,4,46,NA,NA,NA,Intron,FALSE,FALSE,FALSE,FALSE,3,2,1,2_1,754d26af-f184-497c-856a-cd1ea7a5115c,CACNA2D3
3,55722711,55722711,1,snv_mnv,NA,NA,"broad,dkfz,muse,sanger",4,COSN16631490,NA,NA,FALSE,0.1186,NA,7,52,NA,NA,NA,Intron,FALSE,FALSE,FALSE,FALSE,3,2,1,2_1,754d26af-f184-497c-856a-cd1ea7a5115c,NA
3,56231828,56231828,1,snv_mnv,NA,NA,"broad,muse,sanger",3,COSN16629079,rs772378156,NA,FALSE,0.0597,NA,4,63,NA,NA,NA,Intron,FALSE,FALSE,FALSE,FALSE,3,2,1,2_1,754d26af-f184-497c-856a-cd1ea7a5115c,NA
3,56423555,56423555,1,snv_mnv,NA,NA,"broad,muse",2,COSN16631463,NA,NA,FALSE,0.1042,NA,5,43,NA,NA,NA,Intron,FALSE,FALSE,FALSE,FALSE,3,2,1,2_1,754d26af-f184-497c-856a-cd1ea7a5115c,NA
3,56435108,56435108,1,snv_mnv,NA,NA,"broad,dkfz,muse,sanger",4,COSN16629445,NA,NA,FALSE,0.3026,NA,23,53,NA,NA,NA,Intron,FALSE,FALSE,FALSE,FALSE,3,2,1,2_1,754d26af-f184-497c-856a-cd1ea7a5115c,NA
3,58873098,58873098,1,snv_mnv,NA,NA,"dkfz,muse,sanger",3,COSN16633160,NA,NA,FALSE,0.1071,NA,6,50,NA,NA,NA,Intron,FALSE,FALSE,FALSE,FALSE,3,2,1,2_1,754d26af-f184-497c-856a-cd1ea7a5115c,NA
3,59070294,59070294,1,snv_mnv,NA,NA,"broad,muse",2,COSN16629675,NA,MIRb,FALSE,0.0769,NA,5,60,NA,NA,NA,lincRNA,FALSE,FALSE,FALSE,FALSE,3,2,1,2_1,754d26af-f184-497c-856a-cd1ea7a5115c,NA
3,61108212,61108212,1,snv_mnv,NA,NA,"broad,dkfz,muse,sanger",4,COSN16629521,NA,L1PA7,FALSE,0.1212,NA,8,58,NA,NA,NA,Intron,FALSE,FALSE,FALSE,FALSE,3,2,1,2_1,754d26af-f184-497c-856a-cd1ea7a5115c,NA
3,62621739,62621739,1,snv_mnv,NA,NA,"broad,dkfz,muse,sanger",4,COSN16629576,NA,NA,FALSE,0.1538,NA,8,44,NA,NA,NA,Intron,FALSE,FALSE,FALSE,FALSE,3,2,1,2_1,754d26af-f184-497c-856a-cd1ea7a5115c,NA
3,63162510,63162510,1,snv_mnv,NA,NA,"broad,dkfz,muse,sanger",4,COSN16631312,NA,L1MA7,FALSE,0.1373,NA,7,44,NA,NA,NA,IGR,FALSE,FALSE,FALSE,FALSE,3,2,1,2_1,754d26af-f184-497c-856a-cd1ea7a5115c,NA
3,65167200,65167200,1,snv_mnv,NA,NA,"broad,dkfz,muse,sanger",4,COSN16631347,NA,NA,FALSE,0.1077,NA,7,58,NA,NA,NA,lincRNA,FALSE,FALSE,FALSE,FALSE,3,2,1,2_1,754d26af-f184-497c-856a-cd1ea7a5115c,NA
3,66113137,66113137,1,snv_mnv,NA,NA,"broad,dkfz,muse,sanger",4,COSN16629994,NA,NA,FALSE,0.1212,NA,8,58,NA,NA,NA,IGR,FALSE,FALSE,FALSE,FALSE,3,2,1,2_1,754d26af-f184-497c-856a-cd1ea7a5115c,NA
3,67786338,67786338,1,snv_mnv,NA,NA,"broad,dkfz,muse,sanger",4,COSN16628903,NA,MER20,FALSE,0.3016,NA,19,44,NA,NA,NA,lincRNA,FALSE,FALSE,FALSE,FALSE,3,2,1,2_1,754d26af-f184-497c-856a-cd1ea7a5115c,NA
3,68393143,68393143,1,snv_mnv,NA,NA,"broad,dkfz,muse,sanger",4,COSN16631872,NA,AluSp,FALSE,0.2549,NA,13,38,NA,NA,NA,Intron,FALSE,FALSE,FALSE,FALSE,3,2,1,2_1,754d26af-f184-497c-856a-cd1ea7a5115c,NA
3,70987501,70987501,1,snv_mnv,NA,NA,"broad,muse,sanger",3,COSN16632320,NA,L1ME1,FALSE,0.0714,NA,6,78,NA,NA,NA,IGR,FALSE,FALSE,FALSE,FALSE,3,2,1,2_1,754d26af-f184-497c-856a-cd1ea7a5115c,NA
3,71324049,71324049,1,snv_mnv,NA,NA,"broad,dkfz,muse,sanger",4,COSN16629545,NA,NA,FALSE,0.0789,NA,6,70,NA,NA,NA,Intron,FALSE,FALSE,FALSE,FALSE,3,2,1,2_1,754d26af-f184-497c-856a-cd1ea7a5115c,AC138058.1
3,71628873,71628873,1,snv_mnv,NA,NA,"broad,dkfz,muse,sanger",4,COSN16630924,NA,NA,FALSE,0.2333,NA,14,46,NA,NA,NA,Intron,FALSE,FALSE,FALSE,FALSE,3,2,1,2_1,754d26af-f184-497c-856a-cd1ea7a5115c,AC097634.3
3,72565962,72565962,1,snv_mnv,NA,NA,"broad,dkfz,muse,sanger",4,COSN16630329,NA,MIRb,FALSE,0.15,NA,9,51,NA,NA,NA,lincRNA,FALSE,FALSE,FALSE,FALSE,3,2,1,2_1,754d26af-f184-497c-856a-cd1ea7a5115c,NA
3,73262502,73262502,1,snv_mnv,NA,NA,"broad,dkfz,muse,sanger",4,COSN16631556,NA,AluY,FALSE,0.2222,NA,6,21,NA,NA,NA,IGR,FALSE,FALSE,FALSE,FALSE,3,2,1,2_1,754d26af-f184-497c-856a-cd1ea7a5115c,NA
3,73441149,73441149,1,snv_mnv,NA,NA,"broad,muse,sanger",3,COSN16631348,rs754609094,NA,FALSE,0.0851,NA,4,43,NA,NA,NA,Intron,FALSE,FALSE,FALSE,FALSE,3,2,1,2_1,754d26af-f184-497c-856a-cd1ea7a5115c,PDZRN3
3,74668116,74668116,1,snv_mnv,NA,NA,"broad,dkfz,muse,sanger",4,COSN16632819,NA,L2a,FALSE,0.1549,NA,11,60,NA,NA,NA,IGR,FALSE,FALSE,FALSE,FALSE,3,2,1,2_1,754d26af-f184-497c-856a-cd1ea7a5115c,NA
3,75020777,75020777,1,snv_mnv,NA,NA,"broad,dkfz,muse,sanger",4,COSN16631022,NA,NA,FALSE,0.1228,NA,7,50,NA,NA,NA,IGR,FALSE,FALSE,FALSE,FALSE,3,2,1,2_1,754d26af-f184-497c-856a-cd1ea7a5115c,NA
3,75413992,75413992,1,snv_mnv,NA,NA,"broad,muse,sanger",3,COSN16630721,NA,HERVE-int,FALSE,0.1176,NA,6,45,NA,NA,NA,IGR,FALSE,FALSE,FALSE,FALSE,3,2,1,2_1,754d26af-f184-497c-856a-cd1ea7a5115c,OR7E22P
3,75927294,75927294,1,snv_mnv,NA,NA,"broad,dkfz,muse,sanger",4,COSN16630183,NA,NA,FALSE,0.1061,NA,7,59,NA,NA,NA,IGR,FALSE,FALSE,FALSE,FALSE,3,2,1,2_1,754d26af-f184-497c-856a-cd1ea7a5115c,NA
3,76005847,76005847,1,snv_mnv,9.984e-4,rs376646273,"broad,dkfz,muse,sanger",4,COSN16632227,rs376646273,NA,FALSE,0.1389,NA,10,62,NA,NA,NA,Intron,FALSE,FALSE,FALSE,FALSE,3,2,1,2_1,754d26af-f184-497c-856a-cd1ea7a5115c,NA
3,76035124,76035124,1,snv_mnv,NA,NA,"broad,muse,sanger",3,COSN16631209,NA,L1MB3,FALSE,0.0789,NA,6,70,NA,NA,NA,Intron,FALSE,FALSE,FALSE,FALSE,3,2,1,2_1,754d26af-f184-497c-856a-cd1ea7a5115c,NA
3,76387158,76387158,1,snv_mnv,NA,NA,"broad,dkfz,muse,sanger",4,COSN16629995,NA,NA,FALSE,0.2656,NA,17,47,NA,NA,NA,Intron,FALSE,FALSE,FALSE,FALSE,3,2,1,2_1,754d26af-f184-497c-856a-cd1ea7a5115c,NA
3,76391697,76391697,1,snv_mnv,NA,NA,"broad,muse,sanger",3,COSN16629762,NA,LTR40a,FALSE,0.0667,NA,4,56,NA,NA,NA,Intron,FALSE,FALSE,FALSE,FALSE,3,2,1,2_1,754d26af-f184-497c-856a-cd1ea7a5115c,NA
3,76840170,76840170,1,snv_mnv,NA,NA,"broad,dkfz,muse,sanger",4,COSN16630142,NA,NA,FALSE,0.1094,NA,7,57,NA,NA,NA,Intron,FALSE,FALSE,FALSE,FALSE,3,2,1,2_1,754d26af-f184-497c-856a-cd1ea7a5115c,NA
3,76935579,76935579,1,snv_mnv,NA,NA,"broad,dkfz,muse",3,COSN16631210,NA,NA,FALSE,0.1228,NA,7,50,NA,NA,NA,Intron,FALSE,FALSE,FALSE,FALSE,3,2,1,2_1,754d26af-f184-497c-856a-cd1ea7a5115c,NA
3,77364282,77364282,1,snv_mnv,NA,NA,"broad,dkfz,muse,sanger",4,COSN16631211,NA,MIRc,FALSE,0.1667,NA,12,60,NA,NA,NA,Intron,FALSE,FALSE,FALSE,FALSE,3,2,1,2_1,754d26af-f184-497c-856a-cd1ea7a5115c,VDAC1P7
3,77621120,77621120,1,snv_mnv,NA,NA,"broad,dkfz,muse,sanger",4,COSN16629469,rs763207395,NA,FALSE,0.1429,NA,10,60,NA,NA,NA,Intron,FALSE,FALSE,FALSE,FALSE,3,2,1,2_1,754d26af-f184-497c-856a-cd1ea7a5115c,NA
3,78260211,78260211,1,snv_mnv,NA,NA,"broad,dkfz,muse,sanger",4,COSN16632033,NA,NA,FALSE,0.1833,NA,11,49,NA,NA,NA,IGR,FALSE,FALSE,FALSE,FALSE,3,2,1,2_1,754d26af-f184-497c-856a-cd1ea7a5115c,NA
3,78610518,78610518,1,snv_mnv,NA,NA,"broad,dkfz,muse,sanger",4,COSN16631491,NA,L1MA4,FALSE,0.1667,NA,13,65,NA,NA,NA,IGR,FALSE,FALSE,FALSE,FALSE,3,2,1,2_1,754d26af-f184-497c-856a-cd1ea7a5115c,NA
3,78833196,78833196,1,snv_mnv,NA,NA,"broad,dkfz,muse,sanger",4,COSN16630418,NA,NA,FALSE,0.1091,NA,6,49,NA,NA,NA,Intron,FALSE,FALSE,FALSE,FALSE,3,2,1,2_1,754d26af-f184-497c-856a-cd1ea7a5115c,NA
3,80187798,80187798,1,snv_mnv,NA,NA,"broad,dkfz,muse,sanger",4,COSN16631160,NA,L1PA14,FALSE,0.2344,NA,15,49,NA,NA,NA,IGR,FALSE,FALSE,TRUE,FALSE,3,2,1,2_1,754d26af-f184-497c-856a-cd1ea7a5115c,NA
3,81484954,81484954,1,snv_mnv,1.9968e-4,rs548532596,"broad,dkfz,muse,sanger",4,COSN16629594,rs548532596,L1MA8,FALSE,0.1562,NA,10,54,NA,NA,NA,IGR,FALSE,FALSE,FALSE,FALSE,3,2,1,2_1,754d26af-f184-497c-856a-cd1ea7a5115c,NA
3,82344235,82344235,1,snv_mnv,NA,NA,"broad,dkfz,muse,sanger",4,COSN16632428,NA,NA,FALSE,0.1186,NA,7,52,NA,NA,NA,lincRNA,FALSE,FALSE,FALSE,FALSE,3,2,1,2_1,754d26af-f184-497c-856a-cd1ea7a5115c,NA
3,83105242,83105242,1,snv_mnv,NA,NA,"broad,dkfz,muse,sanger",4,COSN16631492,NA,L1M5,FALSE,0.1216,NA,9,65,NA,NA,NA,IGR,FALSE,FALSE,FALSE,FALSE,3,2,1,2_1,754d26af-f184-497c-856a-cd1ea7a5115c,NA
3,83272572,83272572,1,snv_mnv,NA,NA,"broad,dkfz,muse,sanger",4,COSN16632457,NA,NA,FALSE,0.0984,NA,6,55,NA,NA,NA,IGR,FALSE,FALSE,FALSE,FALSE,3,2,1,2_1,754d26af-f184-497c-856a-cd1ea7a5115c,NA
3,83305165,83305165,1,snv_mnv,NA,NA,"broad,muse,sanger",3,COSN16630106,NA,NA,FALSE,0.0758,NA,5,61,NA,NA,NA,IGR,FALSE,FALSE,FALSE,FALSE,3,2,1,2_1,754d26af-f184-497c-856a-cd1ea7a5115c,NA
3,83428947,83428947,1,snv_mnv,NA,NA,"broad,dkfz,muse,sanger",4,COSN16630143,NA,NA,FALSE,0.1754,NA,10,47,NA,NA,NA,IGR,FALSE,FALSE,FALSE,FALSE,3,2,1,2_1,754d26af-f184-497c-856a-cd1ea7a5115c,NA
3,83628539,83628539,1,snv_mnv,NA,NA,"broad,dkfz,muse,sanger",4,COSN16631695,NA,NA,FALSE,0.0857,NA,6,64,NA,NA,NA,IGR,FALSE,FALSE,FALSE,FALSE,3,2,1,2_1,754d26af-f184-497c-856a-cd1ea7a5115c,NA
3,83882058,83882058,1,snv_mnv,NA,NA,"broad,dkfz,muse,sanger",4,COSN16631665,NA,NA,FALSE,0.0633,NA,5,74,NA,NA,NA,IGR,FALSE,FALSE,FALSE,FALSE,3,2,1,2_1,754d26af-f184-497c-856a-cd1ea7a5115c,NA
3,83885323,83885323,1,snv_mnv,NA,NA,"broad,muse,sanger",3,COSN16630043,NA,L1M5,FALSE,0.0943,NA,5,48,NA,NA,NA,IGR,FALSE,FALSE,FALSE,FALSE,3,2,1,2_1,754d26af-f184-497c-856a-cd1ea7a5115c,NA
3,84576622,84576622,1,snv_mnv,NA,NA,"broad,dkfz,muse,sanger",4,COSN16630611,NA,NA,FALSE,0.1667,NA,12,60,NA,NA,NA,IGR,FALSE,FALSE,FALSE,FALSE,3,2,1,2_1,754d26af-f184-497c-856a-cd1ea7a5115c,NA
3,84596898,84596898,1,snv_mnv,NA,NA,"broad,dkfz,muse,sanger",4,COSN16632321,NA,L1PA16,FALSE,0.1351,NA,10,64,NA,NA,NA,IGR,FALSE,FALSE,FALSE,FALSE,3,2,1,2_1,754d26af-f184-497c-856a-cd1ea7a5115c,NA
3,84943927,84943927,1,snv_mnv,NA,NA,"broad,muse,sanger",3,COSN16633212,rs369813089,MER34A1,FALSE,0.1,NA,6,54,NA,NA,NA,lincRNA,FALSE,FALSE,FALSE,FALSE,3,2,1,2_1,754d26af-f184-497c-856a-cd1ea7a5115c,LINC02025
3,86466652,86466652,1,snv_mnv,NA,NA,"broad,dkfz,muse,sanger",4,COSN16630107,NA,L1MA1,FALSE,0.1,NA,7,63,NA,NA,NA,IGR,FALSE,FALSE,FALSE,FALSE,3,2,1,2_1,754d26af-f184-497c-856a-cd1ea7a5115c,NA
3,86555232,86555232,1,snv_mnv,NA,NA,"broad,dkfz,muse,sanger",4,COSN16630359,NA,NA,FALSE,0.2083,NA,10,38,NA,NA,NA,IGR,FALSE,FALSE,FALSE,FALSE,3,2,1,2_1,754d26af-f184-497c-856a-cd1ea7a5115c,NA
3,86635487,86635487,1,snv_mnv,NA,NA,"broad,dkfz,muse,sanger",4,COSN9576682,NA,NA,FALSE,0.0909,NA,6,60,NA,NA,NA,IGR,FALSE,FALSE,FALSE,FALSE,3,2,1,2_1,754d26af-f184-497c-856a-cd1ea7a5115c,NA
3,86649825,86649825,1,snv_mnv,NA,NA,"broad,dkfz,muse,sanger",4,COSN16631923,NA,NA,FALSE,0.1186,NA,7,52,NA,NA,NA,IGR,FALSE,FALSE,FALSE,FALSE,3,2,1,2_1,754d26af-f184-497c-856a-cd1ea7a5115c,NA
3,87179199,87179199,1,snv_mnv,NA,NA,"broad,dkfz,muse",3,COSN16632143,NA,NA,FALSE,0.0769,NA,5,60,NA,NA,NA,IGR,FALSE,FALSE,FALSE,FALSE,3,2,1,2_1,754d26af-f184-497c-856a-cd1ea7a5115c,NA
3,87551403,87551403,1,snv_mnv,1.9968e-4,rs529828872,"broad,muse",2,COSN16630551,rs529828872,NA,FALSE,0.0633,NA,5,74,NA,NA,NA,IGR,FALSE,FALSE,FALSE,FALSE,3,2,1,2_1,754d26af-f184-497c-856a-cd1ea7a5115c,NA
3,88224840,88224840,1,snv_mnv,NA,NA,"broad,dkfz,muse,sanger",4,COSN16630298,NA,MLT1B,FALSE,0.1633,NA,8,41,NA,NA,NA,IGR,FALSE,FALSE,FALSE,FALSE,3,2,1,2_1,754d26af-f184-497c-856a-cd1ea7a5115c,NA
3,88416380,88416380,1,snv_mnv,3.9936e-4,rs555981054,"broad,dkfz,muse,sanger",4,COSN16630360,rs555981054,NA,FALSE,0.1429,NA,8,48,NA,NA,NA,IGR,FALSE,FALSE,FALSE,FALSE,3,2,1,2_1,754d26af-f184-497c-856a-cd1ea7a5115c,NA
3,88441148,88441148,1,snv_mnv,NA,NA,"broad,muse,sanger",3,COSN7715768,NA,L2b,FALSE,0.098,NA,5,46,NA,NA,NA,IGR,FALSE,FALSE,FALSE,FALSE,3,2,1,2_1,754d26af-f184-497c-856a-cd1ea7a5115c,NA
3,88471919,88471919,1,snv_mnv,NA,NA,"broad,dkfz,muse,sanger",4,COSN16632348,NA,NA,FALSE,0.1636,NA,9,46,NA,NA,NA,IGR,FALSE,FALSE,FALSE,FALSE,3,2,1,2_1,754d26af-f184-497c-856a-cd1ea7a5115c,NA
3,88978698,88978698,1,snv_mnv,NA,NA,"broad,dkfz,muse,sanger",4,COSN16632973,NA,L1P3,FALSE,0.2273,NA,10,34,NA,NA,NA,IGR,FALSE,FALSE,FALSE,FALSE,3,2,1,2_1,754d26af-f184-497c-856a-cd1ea7a5115c,NA
3,89017469,89017469,1,snv_mnv,NA,NA,"broad,dkfz,muse,sanger",4,COSN16629306,rs565380213,NA,FALSE,0.1587,NA,10,53,NA,NA,NA,IGR,FALSE,FALSE,FALSE,FALSE,3,2,1,2_1,754d26af-f184-497c-856a-cd1ea7a5115c,NA
3,89032697,89032697,1,snv_mnv,NA,NA,"broad,dkfz,muse,sanger",4,COSN16630231,NA,NA,FALSE,0.1084,NA,9,74,NA,NA,NA,IGR,FALSE,FALSE,FALSE,FALSE,3,2,1,2_1,754d26af-f184-497c-856a-cd1ea7a5115c,NA
3,89618904,89618904,1,snv_mnv,NA,NA,"broad,muse,sanger",3,COSN16629595,NA,L1M1,FALSE,0.383,NA,18,29,NA,NA,NA,IGR,FALSE,FALSE,TRUE,FALSE,3,2,1,2_1,754d26af-f184-497c-856a-cd1ea7a5115c,NA
3,94651734,94651734,1,snv_mnv,NA,NA,"broad,dkfz,muse,sanger",4,COSN16630299,NA,NA,FALSE,0.0758,NA,5,61,NA,NA,NA,IGR,FALSE,FALSE,FALSE,FALSE,3,2,1,2_1,754d26af-f184-497c-856a-cd1ea7a5115c,"WDR82P1,AC140059.1"
3,94670062,94670062,1,snv_mnv,NA,NA,"broad,dkfz,muse,sanger",4,COSN16632945,NA,NA,FALSE,0.1148,NA,7,54,NA,NA,NA,lincRNA,FALSE,FALSE,FALSE,FALSE,3,2,1,2_1,754d26af-f184-497c-856a-cd1ea7a5115c,NA
3,95332032,95332032,1,snv_mnv,NA,NA,"broad,dkfz,muse,sanger",4,COSN16631557,NA,NA,FALSE,0.0694,NA,5,67,NA,NA,NA,IGR,FALSE,FALSE,FALSE,FALSE,3,2,1,2_1,754d26af-f184-497c-856a-cd1ea7a5115c,NA
3,95348943,95348943,1,snv_mnv,NA,NA,"broad,muse,sanger",3,COSN16632548,NA,L1ME2,FALSE,0.0714,NA,5,65,NA,NA,NA,IGR,FALSE,FALSE,FALSE,FALSE,3,2,1,2_1,754d26af-f184-497c-856a-cd1ea7a5115c,NA
3,95660498,95660498,1,snv_mnv,NA,NA,"broad,dkfz,muse,sanger",4,COSN16630071,NA,L1MA3,FALSE,0.1,NA,6,54,NA,NA,NA,IGR,FALSE,FALSE,FALSE,FALSE,3,2,1,2_1,754d26af-f184-497c-856a-cd1ea7a5115c,NA
3,95796976,95796976,1,snv_mnv,NA,NA,"broad,muse,sanger",3,COSN16632636,NA,MER31-int,FALSE,0.0794,NA,5,58,NA,NA,NA,IGR,FALSE,FALSE,FALSE,FALSE,3,2,1,2_1,754d26af-f184-497c-856a-cd1ea7a5115c,NA
3,96391648,96391648,1,snv_mnv,NA,NA,"broad,muse,sanger",3,COSN16632865,NA,HERV17-int,FALSE,0.102,NA,5,44,NA,NA,NA,IGR,FALSE,FALSE,FALSE,FALSE,3,2,1,2_1,754d26af-f184-497c-856a-cd1ea7a5115c,NA
3,96885356,96885356,1,snv_mnv,NA,NA,"broad,dkfz,muse,sanger",4,COSN16630498,NA,NA,FALSE,0.1053,NA,6,51,NA,NA,NA,Intron,FALSE,FALSE,FALSE,FALSE,3,2,1,2_1,754d26af-f184-497c-856a-cd1ea7a5115c,NA
3,97120958,97120958,1,snv_mnv,NA,NA,"broad,dkfz,muse,sanger",4,COSN16631924,NA,L1MA5,FALSE,0.0781,NA,5,59,NA,NA,NA,Intron,FALSE,FALSE,FALSE,FALSE,3,2,1,2_1,754d26af-f184-497c-856a-cd1ea7a5115c,NA
3,97931623,97931623,1,snv_mnv,1.9968e-4,rs571626612,"broad,dkfz,muse,sanger",4,COSN16632429,rs571626612,MER11C,FALSE,0.0882,NA,6,62,NA,NA,NA,IGR,FALSE,FALSE,FALSE,FALSE,3,2,1,2_1,754d26af-f184-497c-856a-cd1ea7a5115c,OR5H3P
3,98476772,98476772,1,snv_mnv,NA,NA,"broad,muse,sanger",3,COSN16629326,NA,AluSz,FALSE,0.1111,NA,5,40,NA,NA,NA,Intron,FALSE,FALSE,FALSE,FALSE,3,2,1,2_1,754d26af-f184-497c-856a-cd1ea7a5115c,ST3GAL6
3,99105719,99105719,1,snv_mnv,NA,NA,"broad,muse,sanger",3,COSN16630612,NA,NA,FALSE,0.0893,NA,5,51,NA,NA,NA,IGR,FALSE,FALSE,FALSE,FALSE,3,2,1,2_1,754d26af-f184-497c-856a-cd1ea7a5115c,NA
3,99745792,99745792,1,snv_mnv,NA,NA,"broad,dkfz,muse,sanger",4,COSN16630634,NA,L2a,FALSE,0.2069,NA,12,46,NA,NA,NA,Intron,FALSE,FALSE,FALSE,FALSE,3,2,1,2_1,754d26af-f184-497c-856a-cd1ea7a5115c,NA
3,100262372,100262372,1,snv_mnv,NA,NA,"broad,dkfz,muse,sanger",4,COSN16629281,NA,L1ME3C,FALSE,0.3378,NA,25,49,NA,NA,NA,Intron,FALSE,FALSE,FALSE,FALSE,3,2,1,2_1,754d26af-f184-497c-856a-cd1ea7a5115c,NA
3,101438230,101438230,1,snv_mnv,NA,NA,"broad,muse,sanger",3,COSN16629852,NA,AluSx1,FALSE,0.122,NA,5,36,NA,NA,NA,IGR,FALSE,FALSE,FALSE,FALSE,3,2,1,2_1,754d26af-f184-497c-856a-cd1ea7a5115c,CEP97
3,101970231,101970231,1,snv_mnv,NA,NA,"broad,dkfz,muse",3,COSN16629498,NA,L1M5,FALSE,0.1304,NA,9,60,NA,NA,NA,Intron,FALSE,FALSE,FALSE,FALSE,3,2,1,2_1,754d26af-f184-497c-856a-cd1ea7a5115c,NA
3,103053388,103053388,1,snv_mnv,NA,NA,"broad,dkfz,muse,sanger",4,COSN16629354,NA,THE1C,FALSE,0.2157,NA,11,40,NA,NA,NA,IGR,FALSE,FALSE,FALSE,FALSE,3,2,1,2_1,754d26af-f184-497c-856a-cd1ea7a5115c,NA
3,103184703,103184703,1,snv_mnv,NA,NA,"broad,dkfz,muse,sanger",4,COSN16632755,NA,NA,FALSE,0.1194,NA,8,59,NA,NA,NA,IGR,FALSE,FALSE,FALSE,FALSE,3,2,1,2_1,754d26af-f184-497c-856a-cd1ea7a5115c,NA
3,103708215,103708215,1,snv_mnv,NA,NA,"broad,muse,sanger",3,COSN16632367,NA,LTR1B,FALSE,0.0727,NA,4,51,NA,NA,NA,IGR,FALSE,FALSE,FALSE,FALSE,3,2,1,2_1,754d26af-f184-497c-856a-cd1ea7a5115c,NA
3,104229811,104229811,1,snv_mnv,NA,NA,"dkfz,muse,sanger",3,COSN16633013,NA,NA,FALSE,0.1045,NA,7,60,NA,NA,NA,IGR,FALSE,FALSE,FALSE,FALSE,3,2,1,2_1,754d26af-f184-497c-856a-cd1ea7a5115c,NA
3,104991170,104991170,1,snv_mnv,NA,NA,"broad,muse,sanger",3,COSN16629796,NA,MLT1A1,FALSE,0.0794,NA,5,58,NA,NA,NA,IGR,FALSE,FALSE,FALSE,FALSE,3,2,1,2_1,754d26af-f184-497c-856a-cd1ea7a5115c,NA
3,105360556,105360556,1,snv_mnv,NA,NA,"broad,muse,sanger",3,COSN16630072,rs777319525,THE1B-int,FALSE,0.0909,NA,5,50,NA,NA,NA,IGR,FALSE,FALSE,FALSE,FALSE,3,2,1,2_1,754d26af-f184-497c-856a-cd1ea7a5115c,NA
3,107388067,107388067,1,snv_mnv,NA,NA,"broad,dkfz,muse,sanger",4,COSN16629135,NA,NA,FALSE,0.087,NA,6,63,NA,NA,NA,Intron,FALSE,FALSE,FALSE,FALSE,3,2,1,2_1,754d26af-f184-497c-856a-cd1ea7a5115c,NA
3,109065674,109065674,1,snv_mnv,NA,NA,"broad,dkfz,muse,sanger",4,COSN16631925,NA,NA,FALSE,0.1333,NA,10,65,NA,NA,NA,IGR,FALSE,FALSE,FALSE,FALSE,3,2,1,2_1,754d26af-f184-497c-856a-cd1ea7a5115c,NA
3,109273799,109273799,1,snv_mnv,NA,NA,"broad,dkfz,muse,sanger",4,COSN16630419,NA,L1PBa,FALSE,0.137,NA,10,63,NA,NA,NA,IGR,FALSE,FALSE,FALSE,FALSE,3,2,1,2_1,754d26af-f184-497c-856a-cd1ea7a5115c,NA
3,110832723,110832723,1,snv_mnv,NA,NA,"broad,muse,sanger",3,COSN16628987,NA,AluSz6,FALSE,0.0847,NA,5,54,NA,NA,NA,Intron,FALSE,FALSE,FALSE,FALSE,3,2,1,2_1,754d26af-f184-497c-856a-cd1ea7a5115c,NECTIN3
3,111499268,111499268,1,snv_mnv,NA,NA,"broad,dkfz,muse",3,COSN16632922,NA,MSTD,FALSE,0.1429,NA,9,54,NA,NA,NA,Intron,FALSE,FALSE,FALSE,TRUE,3,2,1,2_1,754d26af-f184-497c-856a-cd1ea7a5115c,PLCXD2
3,113169661,113169661,1,snv_mnv,NA,NA,"broad,muse,sanger",3,COSN16632007,NA,AluY,FALSE,0.082,NA,5,56,NA,NA,NA,Intron,FALSE,FALSE,FALSE,FALSE,3,2,1,2_1,754d26af-f184-497c-856a-cd1ea7a5115c,NA
3,113814799,113814799,1,snv_mnv,1.9968e-4,rs182368405,"broad,muse,sanger",3,COSN16633213,rs182368405,MIR3,FALSE,0.0645,NA,4,58,NA,NA,NA,IGR,FALSE,FALSE,FALSE,FALSE,3,2,1,2_1,754d26af-f184-497c-856a-cd1ea7a5115c,NA
3,114179619,114179619,1,snv_mnv,NA,NA,"broad,dkfz,muse,sanger",4,COSN16632168,NA,L3,FALSE,0.1549,NA,11,60,NA,NA,NA,Intron,FALSE,FALSE,TRUE,FALSE,3,2,1,2_1,754d26af-f184-497c-856a-cd1ea7a5115c,NA
3,114634772,114634772,1,snv_mnv,NA,NA,"broad,dkfz,muse,sanger",4,COSN16629596,rs755640250,L1MA3,FALSE,0.1507,NA,11,62,NA,NA,NA,Intron,FALSE,FALSE,FALSE,FALSE,3,2,1,2_1,754d26af-f184-497c-856a-cd1ea7a5115c,NA
3,116273812,116273812,1,snv_mnv,NA,NA,"broad,dkfz,muse,sanger",4,COSN16629416,NA,MIR,FALSE,0.1754,NA,10,47,NA,NA,NA,Intron,FALSE,FALSE,FALSE,FALSE,3,2,1,2_1,754d26af-f184-497c-856a-cd1ea7a5115c,NA
3,116408457,116408457,1,snv_mnv,1.9968e-4,rs539742896,"broad,dkfz,muse",3,COSN16629015,rs539742896,NA,FALSE,0.0845,NA,6,65,NA,NA,NA,Intron,FALSE,FALSE,FALSE,FALSE,3,2,1,2_1,754d26af-f184-497c-856a-cd1ea7a5115c,NA
3,117677078,117677078,1,snv_mnv,1.9968e-4,rs561726101,"broad,muse",2,COSN16630722,rs561726101,CR1_Mam,FALSE,0.0714,NA,4,52,NA,NA,NA,Intron,FALSE,FALSE,FALSE,FALSE,3,2,1,2_1,754d26af-f184-497c-856a-cd1ea7a5115c,NA
3,118023077,118023077,1,snv_mnv,NA,NA,"muse,sanger",2,COSN16632169,NA,HAL1,FALSE,0.0625,NA,4,60,NA,NA,NA,lincRNA,FALSE,FALSE,FALSE,FALSE,3,2,1,2_1,754d26af-f184-497c-856a-cd1ea7a5115c,NA
3,118169935,118169935,1,snv_mnv,NA,NA,"broad,dkfz,muse,sanger",4,COSN16633214,NA,L1PA11,FALSE,0.1,NA,8,72,NA,NA,NA,lincRNA,FALSE,FALSE,TRUE,FALSE,3,2,1,2_1,754d26af-f184-497c-856a-cd1ea7a5115c,NA
3,120662230,120662230,1,snv_mnv,NA,NA,"broad,dkfz,muse,sanger",4,COSN16631807,NA,NA,FALSE,0.1509,NA,8,45,NA,NA,NA,Intron,FALSE,FALSE,FALSE,FALSE,3,2,1,2_1,754d26af-f184-497c-856a-cd1ea7a5115c,NA
3,121739063,121739063,1,snv_mnv,NA,NA,"broad,muse,sanger",3,COSN16632491,NA,MIR,FALSE,0.0746,NA,5,62,NA,NA,NA,Intron,FALSE,FALSE,FALSE,FALSE,3,2,1,2_1,754d26af-f184-497c-856a-cd1ea7a5115c,RF00019
3,122019229,122019229,1,snv_mnv,NA,NA,"broad,dkfz,muse,sanger",4,COSN16632838,NA,AluSx1,FALSE,0.1778,NA,8,37,NA,NA,NA,IGR,FALSE,FALSE,FALSE,FALSE,3,2,1,2_1,754d26af-f184-497c-856a-cd1ea7a5115c,NA
3,122139439,122139439,1,snv_mnv,NA,NA,"broad,dkfz,muse,sanger",4,COSN16633109,NA,NA,FALSE,0.2037,NA,11,43,NA,NA,NA,IGR,FALSE,FALSE,FALSE,FALSE,3,2,1,2_1,754d26af-f184-497c-856a-cd1ea7a5115c,"AC083798.1,WDR5B,KPNA1"
3,123539954,123539954,1,snv_mnv,NA,NA,"broad,dkfz,muse,sanger",4,COSN16629052,NA,NA,FALSE,0.1731,NA,9,43,NA,NA,NA,Intron,FALSE,FALSE,FALSE,FALSE,3,2,1,2_1,754d26af-f184-497c-856a-cd1ea7a5115c,NA
3,126695800,126695800,1,snv_mnv,NA,NA,"broad,muse",2,COSN16630903,NA,NA,FALSE,0.093,NA,4,39,NA,NA,NA,IGR,FALSE,FALSE,FALSE,FALSE,3,2,1,2_1,754d26af-f184-497c-856a-cd1ea7a5115c,AC011199.1
3,129135241,129135241,1,snv_mnv,NA,NA,"broad,dkfz,muse,sanger",4,COSN16632431,NA,AluSq2,FALSE,0.1915,NA,9,38,NA,NA,NA,Intron,FALSE,FALSE,FALSE,FALSE,3,2,1,2_1,754d26af-f184-497c-856a-cd1ea7a5115c,NA
3,131273360,131273360,1,snv_mnv,NA,NA,"broad,dkfz,muse,sanger",4,COSN16632322,NA,NA,FALSE,0.1159,NA,8,61,NA,NA,NA,Intron,FALSE,FALSE,FALSE,FALSE,3,2,1,2_1,754d26af-f184-497c-856a-cd1ea7a5115c,NA
3,131519670,131519670,1,snv_mnv,NA,NA,"broad,dkfz,muse,sanger",4,COSN16633391,NA,NA,FALSE,0.0513,NA,4,74,NA,NA,NA,Intron,FALSE,FALSE,FALSE,FALSE,3,2,1,2_1,754d26af-f184-497c-856a-cd1ea7a5115c,NA
3,132512979,132512979,1,snv_mnv,NA,NA,"broad,dkfz,muse,sanger",4,COSN16631382,NA,NA,FALSE,0.1774,NA,11,51,NA,NA,NA,RNA,FALSE,FALSE,FALSE,FALSE,3,2,1,2_1,754d26af-f184-497c-856a-cd1ea7a5115c,NA
3,135123078,135123078,1,snv_mnv,NA,NA,"broad,dkfz,muse,sanger",4,COSN16632549,NA,L2c,FALSE,0.1148,NA,7,54,NA,NA,NA,RNA,FALSE,FALSE,FALSE,FALSE,3,2,1,2_1,754d26af-f184-497c-856a-cd1ea7a5115c,NA
3,137411046,137411046,1,snv_mnv,NA,NA,"broad,dkfz,muse",3,COSN16632200,NA,AluSz6,FALSE,0.1951,NA,8,33,NA,NA,NA,IGR,FALSE,FALSE,FALSE,FALSE,3,2,1,2_1,754d26af-f184-497c-856a-cd1ea7a5115c,NA
3,139580417,139580417,1,snv_mnv,NA,NA,"broad,dkfz,muse,sanger",4,COSN16633249,NA,L1M6,FALSE,0.0897,NA,7,71,NA,NA,NA,lincRNA,FALSE,FALSE,FALSE,FALSE,3,2,1,2_1,754d26af-f184-497c-856a-cd1ea7a5115c,AC016933.1
3,139638433,139638433,1,snv_mnv,NA,NA,"broad,muse",2,COSN16632550,NA,L1ME3B,FALSE,0.0667,NA,4,56,NA,NA,NA,IGR,FALSE,FALSE,FALSE,FALSE,3,2,1,2_1,754d26af-f184-497c-856a-cd1ea7a5115c,NA
3,140369918,140369918,1,snv_mnv,NA,NA,"broad,dkfz,muse,sanger",4,COSN16628959,rs749846781,L1M1,FALSE,0.2364,NA,13,42,NA,NA,NA,IGR,FALSE,FALSE,FALSE,FALSE,3,2,1,2_1,754d26af-f184-497c-856a-cd1ea7a5115c,NA
3,141319211,141319211,1,snv_mnv,NA,NA,"broad,dkfz,muse,sanger",4,COSN16629522,NA,NA,FALSE,0.1071,NA,6,50,NA,NA,NA,Intron,FALSE,FALSE,FALSE,FALSE,3,2,1,2_1,754d26af-f184-497c-856a-cd1ea7a5115c,NA
3,141413434,141413434,1,snv_mnv,NA,NA,"broad,muse,sanger",3,COSN16631950,NA,HERVH-int,FALSE,0.12,NA,6,44,NA,NA,NA,lincRNA,FALSE,FALSE,FALSE,FALSE,3,2,1,2_1,754d26af-f184-497c-856a-cd1ea7a5115c,NA
3,142995133,142995133,1,snv_mnv,NA,NA,"broad,dkfz,muse,sanger",4,COSN16632034,NA,NA,FALSE,0.0862,NA,5,53,NA,NA,NA,Intron,FALSE,FALSE,FALSE,FALSE,3,2,1,2_1,754d26af-f184-497c-856a-cd1ea7a5115c,NA
3,144482102,144482102,1,snv_mnv,NA,NA,"broad,muse,sanger",3,COSN16629909,NA,L2c,FALSE,0.0571,NA,4,66,NA,NA,NA,IGR,FALSE,FALSE,FALSE,FALSE,3,2,1,2_1,754d26af-f184-497c-856a-cd1ea7a5115c,NA
3,144577728,144577728,1,snv_mnv,NA,NA,"broad,dkfz,muse,sanger",4,COSN16628904,NA,NA,FALSE,0.1167,NA,7,53,NA,NA,NA,IGR,FALSE,FALSE,FALSE,FALSE,3,2,1,2_1,754d26af-f184-497c-856a-cd1ea7a5115c,NA
3,144667512,144667512,1,snv_mnv,NA,NA,"broad,dkfz,muse,sanger",4,COSN16631902,NA,NA,FALSE,0.1972,NA,14,57,NA,NA,NA,IGR,FALSE,FALSE,FALSE,FALSE,3,2,1,2_1,754d26af-f184-497c-856a-cd1ea7a5115c,NA
3,145069090,145069090,1,snv_mnv,NA,NA,"broad,dkfz,muse,sanger",4,COSN16632098,NA,NA,FALSE,0.1186,NA,7,52,NA,NA,NA,IGR,FALSE,FALSE,FALSE,FALSE,3,2,1,2_1,754d26af-f184-497c-856a-cd1ea7a5115c,NA
3,145160359,145160359,1,snv_mnv,NA,NA,"broad,muse,sanger",3,COSN16630471,NA,L1M1,FALSE,0.0909,NA,5,50,NA,NA,NA,IGR,FALSE,FALSE,FALSE,FALSE,3,2,1,2_1,754d26af-f184-497c-856a-cd1ea7a5115c,NA
3,145675353,145675353,1,snv_mnv,3.9936e-4,rs144941620,"broad,dkfz,muse,sanger",4,COSN16631926,rs144941620,MLT1K,FALSE,0.127,NA,8,55,NA,NA,NA,lincRNA,FALSE,FALSE,FALSE,FALSE,3,2,1,2_1,754d26af-f184-497c-856a-cd1ea7a5115c,AC055758.1
3,147075768,147075768,1,snv_mnv,NA,NA,"broad,dkfz,muse,sanger",4,COSN16630752,NA,NA,FALSE,0.1087,NA,5,41,NA,NA,NA,RNA,FALSE,FALSE,FALSE,FALSE,3,2,1,2_1,754d26af-f184-497c-856a-cd1ea7a5115c,NA
3,148221234,148221234,1,snv_mnv,NA,NA,"broad,dkfz,muse,sanger",4,COSN16630499,NA,tRNA-Leu-CTY,FALSE,0.25,NA,8,24,NA,NA,NA,IGR,FALSE,FALSE,FALSE,FALSE,3,2,1,2_1,754d26af-f184-497c-856a-cd1ea7a5115c,NA
3,148602602,148602602,1,snv_mnv,NA,NA,"dkfz,muse,sanger",3,COSN16630026,NA,NA,FALSE,0.1571,NA,11,59,NA,NA,NA,Intron,FALSE,FALSE,FALSE,FALSE,3,2,1,2_1,754d26af-f184-497c-856a-cd1ea7a5115c,NA
3,151564908,151564908,1,snv_mnv,NA,NA,"broad,muse,sanger",3,COSN16630636,NA,L1PA8,FALSE,0.0694,NA,5,67,NA,NA,NA,RNA,FALSE,FALSE,FALSE,FALSE,3,2,1,2_1,754d26af-f184-497c-856a-cd1ea7a5115c,NA
3,152716068,152716068,1,snv_mnv,NA,NA,"broad,muse",2,COSN16630954,NA,NA,FALSE,0.058,NA,4,65,NA,NA,NA,IGR,FALSE,FALSE,FALSE,FALSE,3,2,1,2_1,754d26af-f184-497c-856a-cd1ea7a5115c,NA
3,153291394,153291394,1,snv_mnv,NA,NA,"broad,dkfz,muse,sanger",4,COSN16633334,NA,NA,FALSE,0.2,NA,11,44,NA,NA,NA,RNA,FALSE,FALSE,FALSE,FALSE,3,2,1,2_1,754d26af-f184-497c-856a-cd1ea7a5115c,NA
3,153867283,153867283,1,snv_mnv,1.9968e-4,rs547269743,"broad,dkfz,muse,sanger",4,COSN16632866,rs547269743,NA,FALSE,0.1163,NA,5,38,NA,NA,NA,Intron,FALSE,FALSE,FALSE,FALSE,3,2,1,2_1,754d26af-f184-497c-856a-cd1ea7a5115c,NA
3,157366358,157366358,1,snv_mnv,NA,NA,"broad,dkfz,muse,sanger",4,COSN16632606,NA,AT_rich,FALSE,0.1786,NA,10,46,NA,NA,NA,Intron,FALSE,FALSE,FALSE,FALSE,3,2,1,2_1,754d26af-f184-497c-856a-cd1ea7a5115c,NA
3,159921394,159921394,1,snv_mnv,NA,NA,"broad,dkfz,muse,sanger",4,COSN16629053,NA,AluSg,FALSE,0.2157,NA,11,40,NA,NA,NA,RNA,FALSE,FALSE,FALSE,FALSE,3,2,1,2_1,754d26af-f184-497c-856a-cd1ea7a5115c,IL12A-AS1
3,160459803,160459803,1,snv_mnv,NA,NA,"broad,dkfz,muse,sanger",4,COSN16632946,NA,L1MB2,FALSE,0.0833,NA,6,66,NA,NA,NA,IGR,FALSE,FALSE,FALSE,FALSE,3,2,1,2_1,754d26af-f184-497c-856a-cd1ea7a5115c,NA
3,160800947,160800947,1,snv_mnv,NA,NA,"broad,dkfz,muse,sanger",4,COSN16630232,NA,Tigger3b,FALSE,0.1343,NA,9,58,NA,NA,NA,IGR,FALSE,FALSE,FALSE,FALSE,3,2,1,2_1,754d26af-f184-497c-856a-cd1ea7a5115c,"B3GALNT1,PPM1L"
3,162092717,162092717,1,snv_mnv,NA,NA,"dkfz,muse,sanger",3,COSN16631696,NA,L1MEf,FALSE,0.1364,NA,6,38,NA,NA,NA,IGR,FALSE,FALSE,FALSE,FALSE,3,2,1,2_1,754d26af-f184-497c-856a-cd1ea7a5115c,NA
3,162402413,162402413,1,snv_mnv,NA,NA,"broad,dkfz,muse,sanger",4,COSN16632727,NA,L2a,FALSE,0.2143,NA,15,55,NA,NA,NA,IGR,FALSE,FALSE,FALSE,FALSE,3,2,1,2_1,754d26af-f184-497c-856a-cd1ea7a5115c,NA
3,163014125,163014125,1,snv_mnv,NA,NA,"broad,dkfz,muse,sanger",4,COSN16629577,NA,NA,FALSE,0.1,NA,4,36,NA,NA,NA,lincRNA,FALSE,FALSE,FALSE,FALSE,3,2,1,2_1,754d26af-f184-497c-856a-cd1ea7a5115c,NA
3,163090220,163090220,1,snv_mnv,NA,NA,"broad,dkfz,muse,sanger",4,COSN16632430,NA,MLT1I,FALSE,0.0909,NA,6,60,NA,NA,NA,IGR,FALSE,FALSE,FALSE,FALSE,3,2,1,2_1,754d26af-f184-497c-856a-cd1ea7a5115c,NA
3,163663786,163663786,1,snv_mnv,NA,NA,"broad,dkfz,muse,sanger",4,COSN16632201,NA,L1MC3,FALSE,0.1455,NA,8,47,NA,NA,NA,IGR,FALSE,FALSE,FALSE,FALSE,3,2,1,2_1,754d26af-f184-497c-856a-cd1ea7a5115c,NA
3,163703257,163703257,1,snv_mnv,NA,NA,"broad,dkfz,muse,sanger",4,COSN16632492,NA,NA,FALSE,0.0968,NA,6,56,NA,NA,NA,IGR,FALSE,FALSE,FALSE,FALSE,3,2,1,2_1,754d26af-f184-497c-856a-cd1ea7a5115c,NA
3,164765382,164765382,1,snv_mnv,NA,NA,"broad,dkfz,muse,sanger",4,COSN16631213,NA,NA,FALSE,0.1304,NA,6,40,NA,NA,NA,Intron,FALSE,FALSE,FALSE,FALSE,3,2,1,2_1,754d26af-f184-497c-856a-cd1ea7a5115c,NA
3,164818251,164818251,1,snv_mnv,NA,NA,"broad,dkfz,muse,sanger",4,COSN16632756,NA,NA,FALSE,0.1728,NA,14,67,NA,NA,NA,IGR,FALSE,FALSE,FALSE,FALSE,3,2,1,2_1,754d26af-f184-497c-856a-cd1ea7a5115c,NA
3,165071283,165071283,1,snv_mnv,NA,NA,"broad,muse,sanger",3,COSN16632923,NA,NA,FALSE,0.0678,NA,4,55,NA,NA,NA,IGR,FALSE,FALSE,FALSE,FALSE,3,2,1,2_1,754d26af-f184-497c-856a-cd1ea7a5115c,NA
3,165395200,165395200,1,snv_mnv,NA,NA,"broad,dkfz,muse,sanger",4,COSN16631784,NA,AluSq10,FALSE,0.1915,NA,9,38,NA,NA,NA,IGR,FALSE,FALSE,FALSE,FALSE,3,2,1,2_1,754d26af-f184-497c-856a-cd1ea7a5115c,NA
3,166864847,166864847,1,snv_mnv,NA,NA,"broad,muse,sanger",3,COSN16631313,NA,NA,FALSE,0.0645,NA,4,58,NA,NA,NA,IGR,FALSE,FALSE,FALSE,FALSE,3,2,1,2_1,754d26af-f184-497c-856a-cd1ea7a5115c,NA
3,167891857,167891857,1,snv_mnv,NA,NA,"broad,dkfz,muse,sanger",4,COSN16630361,NA,MSTA-int,FALSE,0.3934,NA,24,37,NA,NA,NA,IGR,FALSE,FALSE,FALSE,FALSE,3,2,1,2_1,754d26af-f184-497c-856a-cd1ea7a5115c,NA
3,169652167,169652167,1,snv_mnv,NA,NA,"broad,muse,sanger",3,COSN16632099,NA,L1M1,FALSE,0.1136,NA,5,39,NA,NA,NA,Intron,FALSE,FALSE,FALSE,FALSE,3,2,1,2_1,754d26af-f184-497c-856a-cd1ea7a5115c,"AC008040.1,AC008040.3"
3,171798111,171798111,1,snv_mnv,NA,NA,"broad,muse",2,COSN16630811,NA,AluJr4,FALSE,0.0909,NA,4,40,NA,NA,NA,Intron,FALSE,FALSE,FALSE,FALSE,3,2,1,2_1,754d26af-f184-497c-856a-cd1ea7a5115c,NA
3,172696677,172696677,1,snv_mnv,NA,NA,"muse,sanger",2,COSN16632062,NA,NA,FALSE,0.0612,NA,3,46,NA,NA,NA,Intron,FALSE,FALSE,TRUE,FALSE,3,2,1,2_1,754d26af-f184-497c-856a-cd1ea7a5115c,NA
3,173875294,173875294,1,snv_mnv,NA,NA,"broad,dkfz,muse,sanger",4,COSN16629648,NA,NA,FALSE,0.1071,NA,6,50,NA,NA,NA,Intron,FALSE,FALSE,TRUE,FALSE,3,2,1,2_1,754d26af-f184-497c-856a-cd1ea7a5115c,NA
3,174748196,174748196,1,snv_mnv,NA,NA,"broad,dkfz,muse,sanger",4,COSN16631610,NA,NA,FALSE,0.0896,NA,6,61,NA,NA,NA,Intron,FALSE,FALSE,FALSE,FALSE,3,2,1,2_1,754d26af-f184-497c-856a-cd1ea7a5115c,NA
3,175165147,175165147,1,snv_mnv,NA,NA,"broad,dkfz,muse,sanger",4,COSM4962671,NA,NA,FALSE,0.1351,NA,10,64,NA,NA,NA,Missense_Mutation,FALSE,FALSE,FALSE,FALSE,3,2,1,2_1,754d26af-f184-497c-856a-cd1ea7a5115c,NA
3,175754013,175754013,1,snv_mnv,NA,NA,"broad,muse",2,COSN16632974,NA,L1MA9,FALSE,0.1064,NA,5,42,NA,NA,NA,IGR,FALSE,FALSE,FALSE,FALSE,3,2,1,2_1,754d26af-f184-497c-856a-cd1ea7a5115c,NA
3,175780236,175780236,1,snv_mnv,5.9904e-4,rs189117746,"broad,muse,sanger",3,COSN16629523,rs189117746,HERVH-int,FALSE,0.1429,NA,8,48,NA,NA,NA,IGR,FALSE,FALSE,FALSE,FALSE,3,2,1,2_1,754d26af-f184-497c-856a-cd1ea7a5115c,NA
3,175786702,175786702,1,snv_mnv,NA,NA,"broad,dkfz,muse,sanger",4,COSN16629446,NA,NA,FALSE,0.2414,NA,14,44,NA,NA,NA,IGR,FALSE,FALSE,FALSE,FALSE,3,2,1,2_1,754d26af-f184-497c-856a-cd1ea7a5115c,"EI24P1,AC104640.2"
3,177072497,177072497,1,snv_mnv,NA,NA,"broad,dkfz,muse,sanger",4,COSN16629252,NA,L2a,FALSE,0.1833,NA,11,49,NA,NA,NA,IGR,FALSE,FALSE,FALSE,FALSE,3,2,1,2_1,754d26af-f184-497c-856a-cd1ea7a5115c,NA
3,178156244,178156244,1,snv_mnv,NA,NA,"broad,dkfz,muse,sanger",4,COSN16632493,NA,NA,FALSE,0.0926,NA,5,49,NA,NA,NA,RNA,FALSE,FALSE,FALSE,FALSE,3,2,1,2_1,754d26af-f184-497c-856a-cd1ea7a5115c,NA
3,178321832,178321832,1,snv_mnv,NA,NA,"broad,dkfz,muse,sanger",4,COSN16632202,NA,NA,FALSE,0.1154,NA,6,46,NA,NA,NA,Intron,FALSE,FALSE,FALSE,FALSE,3,2,1,2_1,754d26af-f184-497c-856a-cd1ea7a5115c,NA
3,178718376,178718376,1,snv_mnv,NA,NA,"broad,dkfz,muse,sanger",4,COSN16630233,NA,LTR49-int,FALSE,0.2222,NA,12,42,NA,NA,NA,IGR,FALSE,FALSE,FALSE,FALSE,3,2,1,2_1,754d26af-f184-497c-856a-cd1ea7a5115c,NA
3,179920103,179920103,1,snv_mnv,NA,NA,"broad,dkfz,sanger",3,COSN16631099,NA,NA,FALSE,0.1549,NA,11,60,NA,NA,NA,IGR,FALSE,FALSE,FALSE,FALSE,3,2,1,2_1,754d26af-f184-497c-856a-cd1ea7a5115c,AC134503.1
3,180053504,180053504,1,snv_mnv,NA,NA,"broad,muse,sanger",3,COSN16630780,NA,L1PA13,FALSE,0.0909,NA,6,60,NA,NA,NA,IGR,FALSE,FALSE,FALSE,FALSE,3,2,1,2_1,754d26af-f184-497c-856a-cd1ea7a5115c,NA
3,180426020,180426020,1,snv_mnv,NA,NA,"broad,dkfz,muse",3,COSN16630144,NA,NA,FALSE,0.0845,NA,6,65,NA,NA,NA,5'UTR,FALSE,FALSE,TRUE,FALSE,3,2,1,2_1,754d26af-f184-497c-856a-cd1ea7a5115c,AC108734.4
3,181443105,181443105,1,snv_mnv,NA,NA,"broad,dkfz,muse,sanger",4,COSN16631314,NA,NA,FALSE,0.1667,NA,5,25,NA,NA,NA,IGR,FALSE,FALSE,FALSE,FALSE,3,2,1,2_1,754d26af-f184-497c-856a-cd1ea7a5115c,SOX2-OT
3,182492925,182492925,1,snv_mnv,NA,NA,"broad,dkfz,muse,sanger",4,COSN16631725,NA,L1MA4A,FALSE,0.1803,NA,11,50,NA,NA,NA,IGR,FALSE,FALSE,FALSE,FALSE,3,2,1,2_1,754d26af-f184-497c-856a-cd1ea7a5115c,NA
3,183028252,183028252,1,snv_mnv,NA,NA,"broad,dkfz,muse,sanger",4,COSN16630781,NA,AluSc8,FALSE,0.2564,NA,10,29,NA,NA,NA,Intron,FALSE,FALSE,FALSE,FALSE,3,2,1,2_1,754d26af-f184-497c-856a-cd1ea7a5115c,MCF2L2
3,184846840,184846840,1,snv_mnv,NA,NA,"broad,dkfz,muse,sanger",4,COSN16631667,NA,AT_rich,FALSE,0.2414,NA,14,44,NA,NA,NA,Intron,FALSE,FALSE,TRUE,FALSE,3,2,1,2_1,754d26af-f184-497c-856a-cd1ea7a5115c,NA
3,185536402,185536402,1,snv_mnv,1.9968e-4,rs190907392,"broad,dkfz,muse,sanger",4,COSN16631611,rs190907392,NA,FALSE,0.0968,NA,6,56,NA,NA,NA,Intron,FALSE,FALSE,FALSE,FALSE,3,2,1,2_1,754d26af-f184-497c-856a-cd1ea7a5115c,NA
3,186609187,186609187,1,snv_mnv,NA,NA,"broad,dkfz,muse,sanger",4,COSN16631436,NA,NA,FALSE,0.1639,NA,10,51,NA,NA,NA,IGR,FALSE,FALSE,FALSE,FALSE,3,2,1,2_1,754d26af-f184-497c-856a-cd1ea7a5115c,NA
3,186873417,186873417,1,snv_mnv,NA,NA,"broad,dkfz,muse,sanger",4,COSN16631100,NA,L1PB1,FALSE,0.1685,NA,15,74,NA,NA,NA,Intron,FALSE,FALSE,FALSE,FALSE,3,2,1,2_1,754d26af-f184-497c-856a-cd1ea7a5115c,NA
3,187355175,187355175,1,snv_mnv,NA,NA,"broad,dkfz,muse,sanger",4,COSN16631184,NA,NA,FALSE,0.209,NA,14,53,NA,NA,NA,IGR,FALSE,FALSE,FALSE,FALSE,3,2,1,2_1,754d26af-f184-497c-856a-cd1ea7a5115c,NA
3,188764697,188764697,1,snv_mnv,NA,NA,"broad,dkfz,muse",3,COSN16630812,NA,NA,FALSE,0.1692,NA,11,54,NA,NA,NA,Intron,FALSE,FALSE,FALSE,FALSE,3,2,1,2_1,754d26af-f184-497c-856a-cd1ea7a5115c,NA
3,189093848,189093848,1,snv_mnv,NA,NA,"broad,muse,sanger",3,COSN16629110,NA,MER34,FALSE,0.0794,NA,5,58,NA,NA,NA,IGR,FALSE,FALSE,FALSE,FALSE,3,2,1,2_1,754d26af-f184-497c-856a-cd1ea7a5115c,NA
3,189971818,189971818,1,snv_mnv,NA,NA,"broad,dkfz,muse,sanger",4,COSN16632607,NA,NA,FALSE,0.0896,NA,6,61,NA,NA,NA,IGR,FALSE,FALSE,FALSE,FALSE,3,2,1,2_1,754d26af-f184-497c-856a-cd1ea7a5115c,NA
3,190325711,190325711,1,snv_mnv,NA,NA,"broad,dkfz,muse,sanger",4,COSN16631639,NA,NA,FALSE,0.0602,NA,5,78,NA,NA,NA,Intron,FALSE,FALSE,FALSE,FALSE,3,2,1,2_1,754d26af-f184-497c-856a-cd1ea7a5115c,IL1RAP
3,192174710,192174710,1,snv_mnv,NA,NA,"broad,muse,sanger",3,COSN16629136,NA,THE1A,FALSE,0.0667,NA,4,56,NA,NA,NA,Intron,FALSE,FALSE,FALSE,FALSE,3,2,1,2_1,754d26af-f184-497c-856a-cd1ea7a5115c,NA
3,192273006,192273006,1,snv_mnv,NA,NA,"broad,dkfz,muse",3,COSN16629734,NA,L1MB5,FALSE,0.2571,NA,18,52,NA,NA,NA,Intron,FALSE,FALSE,TRUE,FALSE,3,2,1,2_1,754d26af-f184-497c-856a-cd1ea7a5115c,NA
3,194238992,194238992,1,snv_mnv,NA,NA,"broad,dkfz,muse,sanger",4,COSN16630955,NA,FLAM_C,FALSE,0.1077,NA,7,58,NA,NA,NA,RNA,FALSE,FALSE,FALSE,FALSE,3,2,1,2_1,754d26af-f184-497c-856a-cd1ea7a5115c,NA
3,194713273,194713273,1,snv_mnv,NA,NA,"broad,dkfz,muse,sanger",4,COSN16633250,NA,Charlie2a,FALSE,0.1607,NA,9,47,NA,NA,NA,IGR,FALSE,FALSE,FALSE,FALSE,3,2,1,2_1,754d26af-f184-497c-856a-cd1ea7a5115c,NA
3,195750180,195750180,1,snv_mnv,1.9968e-4,rs560533724,"broad,muse,sanger",3,COSN16633187,rs560533724,L1MC2,FALSE,0.1053,NA,6,51,NA,NA,NA,IGR,FALSE,FALSE,FALSE,FALSE,3,2,1,2_1,754d26af-f184-497c-856a-cd1ea7a5115c,TFRC
3,196631589,196631589,1,snv_mnv,NA,NA,"broad,muse",2,COSN16628960,NA,AluSx1,FALSE,0.1,NA,4,36,NA,NA,NA,Intron,FALSE,FALSE,FALSE,FALSE,3,2,1,2_1,754d26af-f184-497c-856a-cd1ea7a5115c,NA
4,1867460,1867460,1,snv_mnv,NA,NA,"broad,muse",2,COSN16631697,NA,NA,FALSE,0.0909,NA,4,40,NA,NA,NA,IGR,FALSE,FALSE,FALSE,FALSE,3,2,1,2_1,754d26af-f184-497c-856a-cd1ea7a5115c,NA
4,2214360,2214360,1,snv_mnv,NA,NA,"broad,dkfz,muse,sanger",4,COSN16631785,NA,AluJr,FALSE,0.14,NA,7,43,NA,NA,NA,Intron,FALSE,FALSE,FALSE,FALSE,3,2,1,2_1,754d26af-f184-497c-856a-cd1ea7a5115c,POLN
4,2570909,2570909,1,snv_mnv,NA,NA,"broad,dkfz,muse,sanger",4,COSN16633365,NA,AluSx,FALSE,0.1628,NA,7,36,NA,NA,NA,IGR,FALSE,FALSE,FALSE,FALSE,3,2,1,2_1,754d26af-f184-497c-856a-cd1ea7a5115c,NA
4,3153271,3153271,1,snv_mnv,NA,NA,"broad,muse,sanger",3,COSN16630956,NA,MSTA,FALSE,0.0833,NA,6,66,NA,NA,NA,Intron,FALSE,FALSE,FALSE,FALSE,3,2,1,2_1,754d26af-f184-497c-856a-cd1ea7a5115c,NA
4,4000631,4000631,1,snv_mnv,1.9968e-4,rs527820323,"broad,muse,sanger",3,COSN16630753,rs527820323,NA,FALSE,0.0877,NA,5,52,NA,NA,NA,IGR,FALSE,FALSE,FALSE,FALSE,3,2,1,2_1,754d26af-f184-497c-856a-cd1ea7a5115c,NA
4,5228010,5228010,1,snv_mnv,NA,NA,"dkfz,muse,sanger",3,COSN16633308,NA,NA,FALSE,0.0633,NA,5,74,NA,NA,NA,Intron,FALSE,FALSE,FALSE,FALSE,3,2,1,2_1,754d26af-f184-497c-856a-cd1ea7a5115c,NA
4,5971134,5971134,1,snv_mnv,NA,NA,"broad,dkfz,muse,sanger",4,COSN16631073,NA,NA,FALSE,0.098,NA,5,46,NA,NA,NA,Intron,FALSE,FALSE,FALSE,FALSE,3,2,1,2_1,754d26af-f184-497c-856a-cd1ea7a5115c,NA
4,6954783,6954783,1,snv_mnv,NA,NA,"broad,muse,sanger",3,COSN16631258,NA,AluSg7,FALSE,0.1143,NA,4,31,NA,NA,NA,Intron,FALSE,FALSE,FALSE,FALSE,3,2,1,2_1,754d26af-f184-497c-856a-cd1ea7a5115c,TBC1D14
4,9037831,9037831,1,snv_mnv,NA,NA,"broad,muse,sanger",3,COSN16630108,NA,HERVK-int,FALSE,0.1111,NA,5,40,NA,NA,NA,IGR,FALSE,FALSE,FALSE,FALSE,3,2,1,2_1,754d26af-f184-497c-856a-cd1ea7a5115c,NA
4,10635172,10635172,1,snv_mnv,NA,NA,"broad,dkfz,muse,sanger",4,COSN16632666,NA,NA,FALSE,0.1077,NA,7,58,NA,NA,NA,Intron,FALSE,FALSE,FALSE,FALSE,3,2,1,2_1,754d26af-f184-497c-856a-cd1ea7a5115c,NA
4,10909086,10909086,1,snv_mnv,NA,NA,"broad,dkfz,muse,sanger",4,COSN16631315,NA,NA,FALSE,0.1475,NA,9,52,NA,NA,NA,IGR,FALSE,FALSE,FALSE,FALSE,3,2,1,2_1,754d26af-f184-497c-856a-cd1ea7a5115c,NA
4,11050060,11050060,1,snv_mnv,3.9936e-4,rs528178786,"broad,dkfz,muse,sanger",4,COSN16632975,rs528178786,MIR,FALSE,0.0909,NA,6,60,NA,NA,NA,IGR,FALSE,FALSE,FALSE,FALSE,3,2,1,2_1,754d26af-f184-497c-856a-cd1ea7a5115c,NA
4,11119080,11119080,1,snv_mnv,NA,NA,"broad,dkfz,muse,sanger",4,COSN16632757,NA,NA,FALSE,0.087,NA,6,63,NA,NA,NA,IGR,FALSE,FALSE,FALSE,FALSE,3,2,1,2_1,754d26af-f184-497c-856a-cd1ea7a5115c,NA
4,11414504,11414504,1,snv_mnv,NA,NA,"broad,dkfz,muse,sanger",4,COSN16630440,NA,MLT1A0,FALSE,0.1948,NA,15,62,NA,NA,NA,Intron,FALSE,FALSE,FALSE,FALSE,3,2,1,2_1,754d26af-f184-497c-856a-cd1ea7a5115c,RNA5SP156
4,11552320,11552320,1,snv_mnv,NA,NA,"broad,dkfz,muse,sanger",4,COSN16631612,NA,L1MB7,FALSE,0.1525,NA,9,50,NA,NA,NA,IGR,FALSE,FALSE,FALSE,FALSE,3,2,1,2_1,754d26af-f184-497c-856a-cd1ea7a5115c,NA
4,11638058,11638058,1,snv_mnv,NA,NA,"broad,dkfz,muse,sanger",4,COSN16632008,NA,NA,FALSE,0.2338,NA,18,59,NA,NA,NA,IGR,FALSE,FALSE,FALSE,FALSE,3,2,1,2_1,754d26af-f184-497c-856a-cd1ea7a5115c,NA
4,11982152,11982152,1,snv_mnv,1.9968e-4,rs561823711,"broad,dkfz,muse,sanger",4,COSN16631259,rs561823711,NA,FALSE,0.25,NA,14,42,NA,NA,NA,IGR,FALSE,FALSE,FALSE,FALSE,3,2,1,2_1,754d26af-f184-497c-856a-cd1ea7a5115c,NA
4,12250296,12250296,1,snv_mnv,NA,NA,"broad,dkfz,muse,sanger",4,COSN16631349,NA,NA,FALSE,0.2414,NA,14,44,NA,NA,NA,lincRNA,FALSE,FALSE,FALSE,FALSE,3,2,1,2_1,754d26af-f184-497c-856a-cd1ea7a5115c,LINC02270
4,12491783,12491783,1,snv_mnv,NA,NA,"broad,dkfz,muse,sanger",4,COSN16629282,NA,L2,FALSE,0.1765,NA,12,56,NA,NA,NA,IGR,FALSE,FALSE,FALSE,FALSE,3,2,1,2_1,754d26af-f184-497c-856a-cd1ea7a5115c,NA
4,13174443,13174443,1,snv_mnv,NA,NA,"broad,dkfz,muse,sanger",4,COSN16630264,NA,NA,FALSE,0.1731,NA,9,43,NA,NA,NA,IGR,FALSE,FALSE,TRUE,FALSE,3,2,1,2_1,754d26af-f184-497c-856a-cd1ea7a5115c,NA
4,14255384,14255384,1,snv_mnv,NA,NA,"broad,dkfz,muse,sanger",4,COSN16631316,NA,NA,FALSE,0.0658,NA,5,71,NA,NA,NA,IGR,FALSE,FALSE,FALSE,FALSE,3,2,1,2_1,754d26af-f184-497c-856a-cd1ea7a5115c,NA
4,17222627,17222627,1,snv_mnv,NA,NA,"broad,dkfz,muse,sanger",4,COSN16629471,NA,NA,FALSE,0.1231,NA,8,57,NA,NA,NA,IGR,FALSE,FALSE,FALSE,FALSE,3,2,1,2_1,754d26af-f184-497c-856a-cd1ea7a5115c,NA
4,18938039,18938039,1,snv_mnv,NA,NA,"broad,dkfz,muse,sanger",4,COSN16631613,NA,NA,FALSE,0.082,NA,5,56,NA,NA,NA,IGR,FALSE,FALSE,FALSE,FALSE,3,2,1,2_1,754d26af-f184-497c-856a-cd1ea7a5115c,NA
4,19389911,19389911,1,snv_mnv,NA,NA,"broad,dkfz,muse,sanger",4,COSN16629197,NA,AluSx1,FALSE,0.2667,NA,16,44,NA,NA,NA,lincRNA,FALSE,FALSE,FALSE,FALSE,3,2,1,2_1,754d26af-f184-497c-856a-cd1ea7a5115c,NA
4,20807326,20807326,1,snv_mnv,NA,NA,"broad,dkfz,muse,sanger",4,COSN16630145,NA,NA,FALSE,0.1884,NA,13,56,NA,NA,NA,Intron,FALSE,FALSE,FALSE,FALSE,3,2,1,2_1,754d26af-f184-497c-856a-cd1ea7a5115c,NA
4,21894951,21894951,1,snv_mnv,NA,NA,"broad,muse,sanger",3,COSN16631101,NA,NA,FALSE,0.0563,NA,4,67,NA,NA,NA,Intron,FALSE,FALSE,FALSE,FALSE,3,2,1,2_1,754d26af-f184-497c-856a-cd1ea7a5115c,NA
4,21940928,21940928,1,snv_mnv,NA,NA,"broad,muse,sanger",3,COSN16631614,NA,NA,FALSE,0.0563,NA,4,67,NA,NA,NA,Intron,FALSE,FALSE,FALSE,FALSE,3,2,1,2_1,754d26af-f184-497c-856a-cd1ea7a5115c,NA
4,22967092,22967092,1,snv_mnv,NA,NA,"broad,dkfz,muse,sanger",4,COSN16630874,NA,NA,FALSE,0.2319,NA,16,53,NA,NA,NA,IGR,FALSE,FALSE,FALSE,FALSE,3,2,1,2_1,754d26af-f184-497c-856a-cd1ea7a5115c,NA
4,23175941,23175941,1,snv_mnv,NA,NA,"broad,muse",2,COSN16632368,NA,THE1D,FALSE,0.0769,NA,4,48,NA,NA,NA,IGR,FALSE,FALSE,FALSE,FALSE,3,2,1,2_1,754d26af-f184-497c-856a-cd1ea7a5115c,NA
4,24931817,24931817,1,snv_mnv,NA,NA,"broad,muse,sanger",3,COSN16629649,NA,MLT1J2,FALSE,0.082,NA,5,56,NA,NA,NA,Intron,FALSE,FALSE,FALSE,FALSE,3,2,1,2_1,754d26af-f184-497c-856a-cd1ea7a5115c,NA
4,26301859,26301859,1,snv_mnv,NA,NA,"broad,dkfz,muse,sanger",4,COSN16629080,NA,NA,FALSE,0.1714,NA,6,29,NA,NA,NA,IGR,FALSE,FALSE,FALSE,FALSE,3,2,1,2_1,754d26af-f184-497c-856a-cd1ea7a5115c,NA
4,26543645,26543645,1,snv_mnv,NA,NA,"broad,muse",2,COSN16629524,NA,NA,FALSE,0.093,NA,4,39,NA,NA,NA,IGR,FALSE,FALSE,FALSE,FALSE,3,2,1,2_1,754d26af-f184-497c-856a-cd1ea7a5115c,NA
4,27570627,27570627,1,snv_mnv,NA,NA,"broad,dkfz,muse,sanger",4,COSN16633335,NA,MLT1K,FALSE,0.1207,NA,7,51,NA,NA,NA,IGR,FALSE,FALSE,FALSE,FALSE,3,2,1,2_1,754d26af-f184-497c-856a-cd1ea7a5115c,NA
4,28669383,28669383,1,snv_mnv,NA,NA,"broad,dkfz,muse,sanger",4,COSN16631287,NA,NA,FALSE,0.1644,NA,12,61,NA,NA,NA,IGR,FALSE,FALSE,FALSE,FALSE,3,2,1,2_1,754d26af-f184-497c-856a-cd1ea7a5115c,NA
4,28687384,28687384,1,snv_mnv,NA,NA,"broad,muse,sanger",3,COSN16631350,NA,MER34B,FALSE,0.075,NA,6,74,NA,NA,NA,IGR,FALSE,FALSE,FALSE,FALSE,3,2,1,2_1,754d26af-f184-497c-856a-cd1ea7a5115c,NA
4,28705098,28705098,1,snv_mnv,NA,NA,"broad,dkfz,muse,sanger",4,COSN16629578,NA,L2,FALSE,0.1,NA,7,63,NA,NA,NA,IGR,FALSE,FALSE,FALSE,FALSE,3,2,1,2_1,754d26af-f184-497c-856a-cd1ea7a5115c,NA
4,29041424,29041424,1,snv_mnv,NA,NA,"broad,dkfz,muse,sanger",4,COSN16628961,NA,NA,FALSE,0.2414,NA,14,44,NA,NA,NA,IGR,FALSE,FALSE,FALSE,FALSE,3,2,1,2_1,754d26af-f184-497c-856a-cd1ea7a5115c,NA
4,29436123,29436123,1,snv_mnv,NA,NA,"broad,dkfz,muse,sanger",4,COSN16630472,NA,NA,FALSE,0.0833,NA,7,77,NA,NA,NA,IGR,FALSE,FALSE,FALSE,FALSE,3,2,1,2_1,754d26af-f184-497c-856a-cd1ea7a5115c,NA
4,29457671,29457671,1,snv_mnv,NA,NA,"broad,dkfz,muse,sanger",4,COSN16632518,NA,NA,FALSE,0.1707,NA,14,68,NA,NA,NA,IGR,FALSE,FALSE,FALSE,FALSE,3,2,1,2_1,754d26af-f184-497c-856a-cd1ea7a5115c,NA
4,29981214,29981214,1,snv_mnv,1.9968e-4,rs187804681,"broad,dkfz,muse,sanger",4,COSN16629355,rs187804681,NA,FALSE,0.1455,NA,8,47,NA,NA,NA,IGR,FALSE,FALSE,FALSE,FALSE,3,2,1,2_1,754d26af-f184-497c-856a-cd1ea7a5115c,NA
4,30007799,30007799,1,snv_mnv,NA,NA,"broad,dkfz,muse,sanger",4,COSN16632976,NA,NA,FALSE,0.2083,NA,15,57,NA,NA,NA,IGR,FALSE,FALSE,FALSE,FALSE,3,2,1,2_1,754d26af-f184-497c-856a-cd1ea7a5115c,AC106868.1
4,30126885,30126885,1,snv_mnv,NA,NA,"broad,dkfz,muse,sanger",4,COSN16631351,NA,NA,FALSE,0.0854,NA,7,75,NA,NA,NA,IGR,FALSE,FALSE,FALSE,FALSE,3,2,1,2_1,754d26af-f184-497c-856a-cd1ea7a5115c,NA
4,30363162,30363162,1,snv_mnv,NA,NA,"broad,dkfz,muse,sanger",4,COSN16630073,NA,L1PA15,FALSE,0.1224,NA,6,43,NA,NA,NA,IGR,FALSE,FALSE,FALSE,FALSE,3,2,1,2_1,754d26af-f184-497c-856a-cd1ea7a5115c,NA
4,31063941,31063941,1,snv_mnv,NA,NA,"broad,dkfz,muse,sanger",4,COSN16631726,NA,NA,FALSE,0.2162,NA,16,58,NA,NA,NA,Intron,FALSE,FALSE,FALSE,FALSE,3,2,1,2_1,754d26af-f184-497c-856a-cd1ea7a5115c,NA
4,31064244,31064244,1,snv_mnv,NA,NA,"broad,dkfz,muse,sanger",4,COSN16629854,NA,NA,FALSE,0.2295,NA,14,47,NA,NA,NA,Intron,FALSE,FALSE,TRUE,FALSE,3,2,1,2_1,754d26af-f184-497c-856a-cd1ea7a5115c,NA
4,31404780,31404780,1,snv_mnv,NA,NA,"broad,muse,sanger",3,COSN16632432,NA,MER20,FALSE,0.0635,NA,4,59,NA,NA,NA,IGR,FALSE,FALSE,FALSE,FALSE,3,2,1,2_1,754d26af-f184-497c-856a-cd1ea7a5115c,NA
4,31511281,31511281,1,snv_mnv,NA,NA,"broad,dkfz,sanger",3,COSN16630473,NA,NA,FALSE,0.0759,NA,6,73,NA,NA,NA,lincRNA,FALSE,FALSE,FALSE,FALSE,3,2,1,2_1,754d26af-f184-497c-856a-cd1ea7a5115c,NA
4,31542454,31542454,1,snv_mnv,NA,NA,"broad,muse,sanger",3,COSN16630926,NA,L1MC3,FALSE,0.08,NA,4,46,NA,NA,NA,lincRNA,FALSE,FALSE,TRUE,FALSE,3,2,1,2_1,754d26af-f184-497c-856a-cd1ea7a5115c,NA
4,31777186,31777186,1,snv_mnv,NA,NA,"broad,dkfz,muse,sanger",4,COSN16632947,NA,NA,FALSE,0.1579,NA,9,48,NA,NA,NA,IGR,FALSE,FALSE,FALSE,FALSE,3,2,1,2_1,754d26af-f184-497c-856a-cd1ea7a5115c,NA
4,31838768,31838768,1,snv_mnv,NA,NA,"broad,dkfz,muse,sanger",4,COSN16630500,NA,NA,FALSE,0.1,NA,6,54,NA,NA,NA,IGR,FALSE,FALSE,FALSE,FALSE,3,2,1,2_1,754d26af-f184-497c-856a-cd1ea7a5115c,NA
4,32744952,32744952,1,snv_mnv,NA,NA,"broad,dkfz,muse,sanger",4,COSN16632276,NA,NA,FALSE,0.1944,NA,7,29,NA,NA,NA,IGR,FALSE,FALSE,TRUE,FALSE,3,2,1,2_1,754d26af-f184-497c-856a-cd1ea7a5115c,NA
4,32913879,32913879,1,snv_mnv,NA,NA,"broad,dkfz,muse,sanger",4,COSN16629327,NA,L1PA11,FALSE,0.1304,NA,9,60,NA,NA,NA,IGR,FALSE,FALSE,TRUE,FALSE,3,2,1,2_1,754d26af-f184-497c-856a-cd1ea7a5115c,NA
4,33466875,33466875,1,snv_mnv,NA,NA,"broad,muse",2,COSN16631640,NA,NA,FALSE,0.0833,NA,4,44,NA,NA,NA,IGR,FALSE,FALSE,FALSE,FALSE,3,2,1,2_1,754d26af-f184-497c-856a-cd1ea7a5115c,NA
4,34230005,34230005,1,snv_mnv,NA,NA,"broad,dkfz,muse,sanger",4,COSN16632822,NA,L1MA3,FALSE,0.2222,NA,18,63,NA,NA,NA,lincRNA,FALSE,FALSE,FALSE,FALSE,3,2,1,2_1,754d26af-f184-497c-856a-cd1ea7a5115c,NA
4,34621629,34621629,1,snv_mnv,NA,NA,"broad,dkfz,muse,sanger",4,COSN16630552,NA,NA,FALSE,0.2264,NA,12,41,NA,NA,NA,IGR,FALSE,FALSE,FALSE,FALSE,3,2,1,2_1,754d26af-f184-497c-856a-cd1ea7a5115c,NA
4,35188620,35188620,1,snv_mnv,NA,NA,"broad,muse,sanger",3,COSN16632459,NA,L1PREC2,FALSE,0.0727,NA,4,51,NA,NA,NA,IGR,FALSE,FALSE,FALSE,FALSE,3,2,1,2_1,754d26af-f184-497c-856a-cd1ea7a5115c,NA
4,35595334,35595334,1,snv_mnv,NA,NA,"broad,dkfz,muse,sanger",4,COSN16629910,NA,MIRc,FALSE,0.0909,NA,7,70,NA,NA,NA,IGR,FALSE,FALSE,FALSE,FALSE,3,2,1,2_1,754d26af-f184-497c-856a-cd1ea7a5115c,NA
4,35612229,35612229,1,snv_mnv,NA,NA,"broad,dkfz,muse,sanger",4,COSN16631102,NA,NA,FALSE,0.1017,NA,6,53,NA,NA,NA,IGR,FALSE,FALSE,FALSE,FALSE,3,2,1,2_1,754d26af-f184-497c-856a-cd1ea7a5115c,NA
4,36547778,36547778,1,snv_mnv,1.9968e-4,rs534684866,"broad,muse,sanger",3,COSN16630904,rs534684866,L1MEe,FALSE,0.0833,NA,4,44,NA,NA,NA,lincRNA,FALSE,FALSE,FALSE,FALSE,3,2,1,2_1,754d26af-f184-497c-856a-cd1ea7a5115c,LINC02505
4,38939778,38939778,1,snv_mnv,1.9968e-4,rs571446535,"broad,dkfz,muse,sanger",4,COSN16628934,rs571446535,NA,FALSE,0.1538,NA,8,44,NA,NA,NA,Intron,FALSE,FALSE,FALSE,FALSE,3,2,1,2_1,754d26af-f184-497c-856a-cd1ea7a5115c,NA
4,39806735,39806735,1,snv_mnv,NA,NA,"broad,muse",2,COSN16631976,NA,AluSq,FALSE,0.1176,NA,4,30,NA,NA,NA,IGR,FALSE,FALSE,FALSE,FALSE,3,2,1,2_1,754d26af-f184-497c-856a-cd1ea7a5115c,NA
4,41687760,41687760,1,snv_mnv,NA,NA,"broad,dkfz,muse,sanger",4,COSM4962679,rs147660035,NA,FALSE,0.1833,NA,11,49,NA,NA,NA,Missense_Mutation,FALSE,FALSE,FALSE,FALSE,3,2,1,2_1,754d26af-f184-497c-856a-cd1ea7a5115c,NA
4,41775292,41775292,1,snv_mnv,NA,NA,"broad,dkfz,sanger",3,COSN16631756,rs550000501,NA,FALSE,0.2157,NA,11,40,NA,NA,NA,RNA,FALSE,FALSE,FALSE,FALSE,3,2,1,2_1,754d26af-f184-497c-856a-cd1ea7a5115c,RNU1-49P
4,41804067,41804067,1,snv_mnv,7.9872e-4,rs140496214,"broad,dkfz,muse,sanger",4,COSN16628935,rs140496214,THE1B,FALSE,0.1739,NA,8,38,NA,NA,NA,RNA,FALSE,FALSE,FALSE,FALSE,3,2,1,2_1,754d26af-f184-497c-856a-cd1ea7a5115c,NA
4,42204573,42204573,1,snv_mnv,NA,NA,"broad,dkfz,muse,sanger",4,COSN16629735,NA,NA,FALSE,0.2766,NA,13,34,NA,NA,NA,IGR,FALSE,FALSE,FALSE,FALSE,3,2,1,2_1,754d26af-f184-497c-856a-cd1ea7a5115c,NA
4,44899209,44899209,1,snv_mnv,NA,NA,"broad,dkfz,muse,sanger",4,COSN16631558,NA,L2a,FALSE,0.1803,NA,11,50,NA,NA,NA,IGR,FALSE,FALSE,FALSE,FALSE,3,2,1,2_1,754d26af-f184-497c-856a-cd1ea7a5115c,NA
4,45376336,45376336,1,snv_mnv,NA,NA,"broad,dkfz,muse,sanger",4,COSN16629797,NA,MLT1J2-int,FALSE,0.0617,NA,5,76,NA,NA,NA,IGR,FALSE,FALSE,FALSE,FALSE,3,2,1,2_1,754d26af-f184-497c-856a-cd1ea7a5115c,NA
4,46138999,46138999,1,snv_mnv,NA,NA,"broad,dkfz,muse,sanger",4,COSN16632924,rs868407211,NA,FALSE,0.1795,NA,7,32,NA,NA,NA,IGR,FALSE,FALSE,FALSE,FALSE,3,2,1,2_1,754d26af-f184-497c-856a-cd1ea7a5115c,NA
4,46957512,46957512,1,snv_mnv,NA,NA,"broad,dkfz,muse,sanger",4,COSN16631383,NA,NA,FALSE,0.2742,NA,17,45,NA,NA,NA,Intron,FALSE,FALSE,FALSE,FALSE,3,2,1,2_1,754d26af-f184-497c-856a-cd1ea7a5115c,NA
4,54461751,54461751,1,snv_mnv,NA,NA,"broad,muse,sanger",3,COSN16631411,NA,NA,FALSE,0.098,NA,5,46,NA,NA,NA,Intron,FALSE,FALSE,FALSE,FALSE,3,2,1,2_1,754d26af-f184-497c-856a-cd1ea7a5115c,"LNX1-AS2,LNX1"
4,56355427,56355427,1,snv_mnv,NA,NA,"broad,muse",2,COSN16630074,NA,NA,FALSE,0.0816,NA,4,45,NA,NA,NA,Intron,FALSE,FALSE,TRUE,FALSE,3,2,1,2_1,754d26af-f184-497c-856a-cd1ea7a5115c,NA
4,56532613,56532613,1,snv_mnv,NA,NA,"broad,dkfz,muse,sanger",4,COSN16630905,NA,L3,FALSE,0.2133,NA,16,59,NA,NA,NA,IGR,FALSE,FALSE,FALSE,FALSE,3,2,1,2_1,754d26af-f184-497c-856a-cd1ea7a5115c,NA
4,57928997,57928997,1,snv_mnv,NA,NA,"broad,muse,sanger",3,COSN16631493,NA,NA,FALSE,0.1094,NA,7,57,NA,NA,NA,Intron,FALSE,FALSE,FALSE,FALSE,3,2,1,2_1,754d26af-f184-497c-856a-cd1ea7a5115c,NA
4,58474546,58474546,1,snv_mnv,NA,NA,"broad,dkfz,muse,sanger",4,COSN16629855,rs542695184,NA,FALSE,0.2464,NA,17,52,NA,NA,NA,lincRNA,FALSE,FALSE,FALSE,FALSE,3,2,1,2_1,754d26af-f184-497c-856a-cd1ea7a5115c,AC107396.1
4,58695131,58695131,1,snv_mnv,NA,NA,"broad,dkfz,muse,sanger",4,COSN16633285,NA,NA,FALSE,0.2429,NA,17,53,NA,NA,NA,IGR,FALSE,FALSE,TRUE,FALSE,3,2,1,2_1,754d26af-f184-497c-856a-cd1ea7a5115c,NA
4,58895183,58895183,1,snv_mnv,1.9968e-4,rs575929574,"broad,dkfz,muse,sanger",4,COSN16629677,rs575929574,NA,FALSE,0.3208,NA,17,36,NA,NA,NA,IGR,FALSE,FALSE,FALSE,FALSE,3,2,1,2_1,754d26af-f184-497c-856a-cd1ea7a5115c,NA
4,59070183,59070183,1,snv_mnv,NA,NA,"broad,muse,sanger",3,COSN16631836,NA,NA,FALSE,0.0563,NA,4,67,NA,NA,NA,IGR,FALSE,FALSE,FALSE,FALSE,3,2,1,2_1,754d26af-f184-497c-856a-cd1ea7a5115c,NA
4,59210971,59210971,1,snv_mnv,NA,NA,"broad,dkfz,muse,sanger",4,COSN16629386,NA,THE1D-int,FALSE,0.125,NA,8,56,NA,NA,NA,IGR,FALSE,FALSE,FALSE,FALSE,3,2,1,2_1,754d26af-f184-497c-856a-cd1ea7a5115c,NA
4,59356801,59356801,1,snv_mnv,NA,NA,"broad,dkfz,muse,sanger",4,COSN16632460,NA,NA,FALSE,0.2391,NA,11,35,NA,NA,NA,IGR,FALSE,FALSE,FALSE,FALSE,3,2,1,2_1,754d26af-f184-497c-856a-cd1ea7a5115c,NA
4,59458794,59458794,1,snv_mnv,1.9968e-4,rs572342810,"broad,dkfz,muse,sanger",4,COSN16633136,rs572342810,MLT1A,FALSE,0.0845,NA,6,65,NA,NA,NA,IGR,FALSE,FALSE,FALSE,FALSE,3,2,1,2_1,754d26af-f184-497c-856a-cd1ea7a5115c,NA
4,59898305,59898305,1,snv_mnv,NA,NA,"broad,dkfz,muse,sanger",4,COSN16631185,NA,L1MA3,FALSE,0.1333,NA,8,52,NA,NA,NA,lincRNA,FALSE,FALSE,FALSE,FALSE,3,2,1,2_1,754d26af-f184-497c-856a-cd1ea7a5115c,NA
4,60152948,60152948,1,snv_mnv,NA,NA,"broad,dkfz,muse,sanger",4,COSN16631641,NA,NA,FALSE,0.2286,NA,16,54,NA,NA,NA,IGR,FALSE,FALSE,TRUE,FALSE,3,2,1,2_1,754d26af-f184-497c-856a-cd1ea7a5115c,NA
4,60253681,60253681,1,snv_mnv,NA,NA,"broad,dkfz,muse,sanger",4,COSN16630392,NA,NA,FALSE,0.1207,NA,7,51,NA,NA,NA,IGR,FALSE,FALSE,FALSE,FALSE,3,2,1,2_1,754d26af-f184-497c-856a-cd1ea7a5115c,NA
4,60364266,60364266,1,snv_mnv,NA,NA,"broad,muse,sanger",3,COSN16631384,NA,L1MC1,FALSE,0.1053,NA,6,51,NA,NA,NA,IGR,FALSE,FALSE,FALSE,FALSE,3,2,1,2_1,754d26af-f184-497c-856a-cd1ea7a5115c,NA
4,60974241,60974241,1,snv_mnv,NA,NA,"broad,muse,sanger",3,COSN16630075,NA,AluSx,FALSE,0.0962,NA,5,47,NA,NA,NA,IGR,FALSE,FALSE,FALSE,FALSE,3,2,1,2_1,754d26af-f184-497c-856a-cd1ea7a5115c,NA
4,61643768,61643768,1,snv_mnv,0.0033946,rs573604967,"broad,muse,sanger",3,COSN16632203,rs573604967,AT_rich,FALSE,0.0725,NA,5,64,NA,NA,NA,lincRNA,FALSE,FALSE,TRUE,FALSE,3,2,1,2_1,754d26af-f184-497c-856a-cd1ea7a5115c,NA
4,62228573,62228573,1,snv_mnv,NA,NA,"broad,dkfz,muse,sanger",4,COSN16630516,NA,NA,FALSE,0.2125,NA,17,63,NA,NA,NA,Intron,FALSE,FALSE,FALSE,FALSE,3,2,1,2_1,754d26af-f184-497c-856a-cd1ea7a5115c,NA
4,62851951,62851951,1,snv_mnv,NA,NA,"broad,dkfz,muse,sanger",4,COSN16629623,NA,NA,FALSE,0.2034,NA,12,47,NA,NA,NA,Intron,FALSE,FALSE,FALSE,FALSE,3,2,1,2_1,754d26af-f184-497c-856a-cd1ea7a5115c,NA
4,63319931,63319931,1,snv_mnv,NA,NA,"broad,dkfz,muse",3,COSN16633137,NA,NA,FALSE,0.0704,NA,5,66,NA,NA,NA,IGR,FALSE,FALSE,FALSE,FALSE,3,2,1,2_1,754d26af-f184-497c-856a-cd1ea7a5115c,NA
4,64102326,64102326,1,snv_mnv,NA,NA,"broad,dkfz,muse,sanger",4,COSN16629081,NA,NA,FALSE,0.0568,NA,5,83,NA,NA,NA,IGR,FALSE,FALSE,FALSE,FALSE,3,2,1,2_1,754d26af-f184-497c-856a-cd1ea7a5115c,NA
4,64326328,64326328,1,snv_mnv,NA,NA,"broad,dkfz,muse,sanger",4,COSN16632668,NA,MSTA-int,FALSE,0.1364,NA,9,57,NA,NA,NA,IGR,FALSE,FALSE,FALSE,FALSE,3,2,1,2_1,754d26af-f184-497c-856a-cd1ea7a5115c,NA
4,64691654,64691654,1,snv_mnv,NA,NA,"broad,dkfz,muse,sanger",4,COSN16631385,NA,L1M2,FALSE,0.2121,NA,14,52,NA,NA,NA,IGR,FALSE,FALSE,FALSE,FALSE,3,2,1,2_1,754d26af-f184-497c-856a-cd1ea7a5115c,NA
4,64870857,64870857,1,snv_mnv,NA,NA,"broad,dkfz,muse,sanger",4,COSN16632898,NA,AluY,FALSE,0.2245,NA,11,38,NA,NA,NA,IGR,FALSE,FALSE,TRUE,FALSE,3,2,1,2_1,754d26af-f184-497c-856a-cd1ea7a5115c,NA
4,65605713,65605713,1,snv_mnv,NA,NA,"broad,dkfz,muse,sanger",4,COSN16633110,NA,L1MEf,FALSE,0.24,NA,12,38,NA,NA,NA,IGR,FALSE,FALSE,FALSE,FALSE,3,2,1,2_1,754d26af-f184-497c-856a-cd1ea7a5115c,NA
4,65925157,65925157,1,snv_mnv,NA,NA,"broad,dkfz,muse,sanger",4,COSN16629111,NA,NA,FALSE,0.1746,NA,11,52,NA,NA,NA,IGR,FALSE,FALSE,FALSE,FALSE,3,2,1,2_1,754d26af-f184-497c-856a-cd1ea7a5115c,NA
4,66776120,66776120,1,snv_mnv,NA,NA,"broad,dkfz,muse,sanger",4,COSN16630501,NA,NA,FALSE,0.0602,NA,5,78,NA,NA,NA,IGR,FALSE,FALSE,FALSE,FALSE,3,2,1,2_1,754d26af-f184-497c-856a-cd1ea7a5115c,NA
4,67027886,67027886,1,snv_mnv,NA,NA,"broad,dkfz,muse,sanger",4,COSN16628905,NA,NA,FALSE,0.1304,NA,12,80,NA,NA,NA,IGR,FALSE,FALSE,FALSE,FALSE,3,2,1,2_1,754d26af-f184-497c-856a-cd1ea7a5115c,NA
4,67477811,67477811,1,snv_mnv,NA,NA,"broad,dkfz,muse,sanger",4,COSN16631412,NA,NA,FALSE,0.1918,NA,14,59,NA,NA,NA,IGR,FALSE,FALSE,FALSE,FALSE,3,2,1,2_1,754d26af-f184-497c-856a-cd1ea7a5115c,NA
4,67610914,67610914,1,snv_mnv,NA,NA,"broad,muse,sanger",3,COSN16631837,NA,LTR33,FALSE,0.0781,NA,5,59,NA,NA,NA,IGR,FALSE,FALSE,FALSE,FALSE,3,2,1,2_1,754d26af-f184-497c-856a-cd1ea7a5115c,NA
4,68028432,68028432,1,snv_mnv,NA,NA,"broad,dkfz,muse,sanger",4,COSN16629112,rs780527830,NA,FALSE,0.1724,NA,10,48,NA,NA,NA,IGR,FALSE,FALSE,FALSE,FALSE,3,2,1,2_1,754d26af-f184-497c-856a-cd1ea7a5115c,NA
4,68052458,68052458,1,snv_mnv,NA,NA,"broad,dkfz,muse,sanger",4,COSN16630265,NA,L1ME3C,FALSE,0.1061,NA,7,59,NA,NA,NA,IGR,FALSE,FALSE,FALSE,FALSE,3,2,1,2_1,754d26af-f184-497c-856a-cd1ea7a5115c,NA
4,68053052,68053052,1,snv_mnv,NA,NA,"broad,muse,sanger",3,COSN7502931,NA,AluSg,FALSE,0.1042,NA,5,43,NA,NA,NA,IGR,FALSE,FALSE,FALSE,FALSE,3,2,1,2_1,754d26af-f184-497c-856a-cd1ea7a5115c,NA
4,68318221,68318221,1,snv_mnv,NA,NA,"broad,dkfz,muse,sanger",4,COSN16629356,NA,MSTA,FALSE,0.2414,NA,14,44,NA,NA,NA,lincRNA,FALSE,FALSE,TRUE,FALSE,3,2,1,2_1,754d26af-f184-497c-856a-cd1ea7a5115c,NA
4,69956605,69956605,1,snv_mnv,NA,NA,"broad,dkfz,muse,sanger",4,COSN16632394,NA,NA,FALSE,0.2167,NA,13,47,NA,NA,NA,Intron,FALSE,FALSE,FALSE,FALSE,3,2,1,2_1,754d26af-f184-497c-856a-cd1ea7a5115c,NA
4,71446508,71446508,1,snv_mnv,NA,NA,"broad,dkfz,muse,sanger",4,COSN16630723,NA,AluSz,FALSE,0.1846,NA,12,53,NA,NA,NA,IGR,FALSE,FALSE,FALSE,FALSE,3,2,1,2_1,754d26af-f184-497c-856a-cd1ea7a5115c,NA
4,73466011,73466011,1,snv_mnv,NA,NA,"broad,dkfz,muse,sanger",4,COSN16632925,NA,NA,FALSE,0.2533,NA,19,56,NA,NA,NA,IGR,FALSE,FALSE,FALSE,FALSE,3,2,1,2_1,754d26af-f184-497c-856a-cd1ea7a5115c,NA
4,73682150,73682150,1,snv_mnv,NA,NA,"broad,dkfz,muse,sanger",4,COSN16629082,NA,NA,FALSE,0.0667,NA,5,70,NA,NA,NA,IGR,FALSE,FALSE,FALSE,FALSE,3,2,1,2_1,754d26af-f184-497c-856a-cd1ea7a5115c,NA
4,74134366,74134366,1,snv_mnv,NA,NA,"broad,muse,sanger",3,COSN16633188,NA,AluSz6,FALSE,0.0943,NA,5,48,NA,NA,NA,RNA,FALSE,FALSE,FALSE,FALSE,3,2,1,2_1,754d26af-f184-497c-856a-cd1ea7a5115c,RF00334
4,75146231,75146231,1,snv_mnv,NA,NA,"broad,dkfz,muse,sanger",4,COSN16631464,NA,MLT1G3,FALSE,0.1014,NA,7,62,NA,NA,NA,Intron,FALSE,FALSE,FALSE,FALSE,3,2,1,2_1,754d26af-f184-497c-856a-cd1ea7a5115c,MTHFD2L
4,75386137,75386137,1,snv_mnv,NA,NA,"broad,dkfz,muse,sanger",4,COSN16631352,NA,NA,FALSE,0.1605,NA,13,68,NA,NA,NA,IGR,FALSE,FALSE,FALSE,FALSE,3,2,1,2_1,754d26af-f184-497c-856a-cd1ea7a5115c,NA
4,76242183,76242183,1,snv_mnv,NA,NA,"broad,dkfz,muse,sanger",4,COSN16630300,NA,L1PA5,FALSE,0.1562,NA,10,54,NA,NA,NA,lincRNA,FALSE,FALSE,FALSE,FALSE,3,2,1,2_1,754d26af-f184-497c-856a-cd1ea7a5115c,NA
4,79146457,79146457,1,snv_mnv,NA,NA,"broad,dkfz,muse,sanger",4,COSN16632395,NA,MIRb,FALSE,0.2131,NA,13,48,NA,NA,NA,Intron,FALSE,FALSE,FALSE,FALSE,3,2,1,2_1,754d26af-f184-497c-856a-cd1ea7a5115c,NA
4,81353901,81353901,1,snv_mnv,NA,NA,"broad,muse,sanger",3,COSN16631437,NA,AluY,FALSE,0.1429,NA,6,36,NA,NA,NA,Intron,FALSE,FALSE,FALSE,FALSE,3,2,1,2_1,754d26af-f184-497c-856a-cd1ea7a5115c,NA
4,82361771,82361771,1,snv_mnv,NA,NA,"broad,muse",2,COSN16630266,NA,NA,FALSE,0.0526,NA,4,72,NA,NA,NA,Intron,FALSE,FALSE,FALSE,FALSE,3,2,1,2_1,754d26af-f184-497c-856a-cd1ea7a5115c,NA
4,82538376,82538376,1,snv_mnv,NA,NA,"broad,dkfz,muse,sanger",4,COSN16632575,NA,NA,FALSE,0.2933,NA,22,53,NA,NA,NA,lincRNA,FALSE,FALSE,FALSE,FALSE,3,2,1,2_1,754d26af-f184-497c-856a-cd1ea7a5115c,NA
4,83757475,83757475,1,snv_mnv,NA,NA,"broad,dkfz,muse,sanger",4,COSN16629357,NA,AluSg,FALSE,0.225,NA,9,31,NA,NA,NA,Intron,FALSE,FALSE,FALSE,FALSE,3,2,1,2_1,754d26af-f184-497c-856a-cd1ea7a5115c,SEC31A
4,86759533,86759533,1,snv_mnv,NA,NA,"broad,dkfz,muse,sanger",4,COSN16632868,rs777694393,AluY,FALSE,0.2075,NA,11,42,NA,NA,NA,Intron,FALSE,FALSE,FALSE,FALSE,3,2,1,2_1,754d26af-f184-497c-856a-cd1ea7a5115c,NA
4,88887507,88887507,1,snv_mnv,NA,NA,"broad,muse,sanger",3,COSN16630502,NA,MER52D,FALSE,0.1379,NA,4,25,NA,NA,NA,IGR,FALSE,FALSE,FALSE,FALSE,3,2,1,2_1,754d26af-f184-497c-856a-cd1ea7a5115c,NA
4,88887508,88887508,1,snv_mnv,NA,NA,"broad,muse,sanger",3,COSN16629821,NA,MER52D,FALSE,0.1429,NA,4,24,NA,NA,NA,IGR,FALSE,FALSE,FALSE,FALSE,3,2,1,2_1,754d26af-f184-497c-856a-cd1ea7a5115c,NA
4,91654082,91654082,1,snv_mnv,NA,NA,"broad,dkfz,muse,sanger",4,COSN16630205,NA,L1MA3,FALSE,0.0843,NA,7,76,NA,NA,NA,Intron,FALSE,FALSE,FALSE,FALSE,3,2,1,2_1,754d26af-f184-497c-856a-cd1ea7a5115c,NA
4,91876568,91876568,1,snv_mnv,NA,NA,"broad,muse",2,COSN16630813,NA,NA,FALSE,0.0702,NA,4,53,NA,NA,NA,Intron,FALSE,FALSE,FALSE,FALSE,3,2,1,2_1,754d26af-f184-497c-856a-cd1ea7a5115c,CCSER1
4,92019448,92019448,1,snv_mnv,NA,NA,"broad,dkfz,muse,sanger",4,COSN16630517,NA,NA,FALSE,0.125,NA,9,63,NA,NA,NA,Intron,FALSE,FALSE,FALSE,FALSE,3,2,1,2_1,754d26af-f184-497c-856a-cd1ea7a5115c,NA
4,93996577,93996577,1,snv_mnv,NA,NA,"broad,muse,sanger",3,COSN16629417,NA,L1MCc,FALSE,0.0847,NA,5,54,NA,NA,NA,Intron,FALSE,FALSE,FALSE,FALSE,3,2,1,2_1,754d26af-f184-497c-856a-cd1ea7a5115c,NA
4,94173038,94173038,1,snv_mnv,NA,NA,"broad,dkfz,muse,sanger",4,COSN16629822,NA,L1PA12,FALSE,0.1667,NA,11,55,NA,NA,NA,Intron,FALSE,FALSE,TRUE,FALSE,3,2,1,2_1,754d26af-f184-497c-856a-cd1ea7a5115c,NA
4,94715619,94715619,1,snv_mnv,NA,NA,"broad,dkfz,muse,sanger",4,COSN16629113,NA,NA,FALSE,0.2131,NA,13,48,NA,NA,NA,IGR,FALSE,FALSE,FALSE,FALSE,3,2,1,2_1,754d26af-f184-497c-856a-cd1ea7a5115c,NA
4,96168668,96168668,1,snv_mnv,NA,NA,"broad,muse",2,COSN16631585,NA,NA,FALSE,0.0556,NA,4,68,NA,NA,NA,Intron,FALSE,FALSE,FALSE,FALSE,3,2,1,2_1,754d26af-f184-497c-856a-cd1ea7a5115c,UNC5C
4,96342320,96342320,1,snv_mnv,NA,NA,"broad,dkfz,muse,sanger",4,COSN16630184,NA,NA,FALSE,0.1094,NA,7,57,NA,NA,NA,Intron,FALSE,FALSE,FALSE,FALSE,3,2,1,2_1,754d26af-f184-497c-856a-cd1ea7a5115c,NA
4,96441174,96441174,1,snv_mnv,NA,NA,"broad,dkfz,muse,sanger",4,COSN16630875,NA,NA,FALSE,0.1429,NA,9,54,NA,NA,NA,Intron,FALSE,FALSE,FALSE,FALSE,3,2,1,2_1,754d26af-f184-497c-856a-cd1ea7a5115c,NA
4,96599838,96599838,1,snv_mnv,NA,NA,"broad,dkfz,muse,sanger",4,COSN16629253,NA,NA,FALSE,0.061,NA,5,77,NA,NA,NA,IGR,FALSE,FALSE,FALSE,FALSE,3,2,1,2_1,754d26af-f184-497c-856a-cd1ea7a5115c,NA
4,97336939,97336939,1,snv_mnv,NA,NA,"broad,dkfz,muse,sanger",4,COSN16630301,NA,NA,FALSE,0.08,NA,6,69,NA,NA,NA,IGR,FALSE,FALSE,FALSE,FALSE,3,2,1,2_1,754d26af-f184-497c-856a-cd1ea7a5115c,NA
4,97580543,97580543,1,snv_mnv,NA,NA,"broad,sanger",2,COSN16629798,NA,L1MA5A,FALSE,0.0714,NA,5,65,NA,NA,NA,IGR,FALSE,FALSE,FALSE,FALSE,3,2,1,2_1,754d26af-f184-497c-856a-cd1ea7a5115c,NA
4,98409288,98409288,1,snv_mnv,NA,NA,"broad,dkfz,muse,sanger",4,COSN16630146,NA,NA,FALSE,0.0758,NA,5,61,NA,NA,NA,Intron,FALSE,FALSE,FALSE,FALSE,3,2,1,2_1,754d26af-f184-497c-856a-cd1ea7a5115c,NA
4,98428551,98428551,1,snv_mnv,3.9936e-4,rs548674782,"broad,muse",2,COSN16632758,rs548674782,L1MEg,FALSE,0.0556,NA,4,68,NA,NA,NA,Intron,FALSE,FALSE,FALSE,FALSE,3,2,1,2_1,754d26af-f184-497c-856a-cd1ea7a5115c,NA
4,98451521,98451521,1,snv_mnv,NA,NA,"broad,dkfz,muse,sanger",4,COSN16632170,NA,NA,FALSE,0.1803,NA,11,50,NA,NA,NA,Intron,FALSE,FALSE,FALSE,FALSE,3,2,1,2_1,754d26af-f184-497c-856a-cd1ea7a5115c,NA
4,101031420,101031420,1,snv_mnv,NA,NA,"broad,dkfz,muse,sanger",4,COSN16633161,NA,MLT1M,FALSE,0.1296,NA,7,47,NA,NA,NA,RNA,FALSE,FALSE,FALSE,FALSE,3,2,1,2_1,754d26af-f184-497c-856a-cd1ea7a5115c,NA
4,101315699,101315699,1,snv_mnv,NA,NA,"broad,dkfz,muse,sanger",4,COSN16630234,NA,L1ME1,FALSE,0.2297,NA,17,57,NA,NA,NA,IGR,FALSE,FALSE,FALSE,FALSE,3,2,1,2_1,754d26af-f184-497c-856a-cd1ea7a5115c,EMCN
4,102361944,102361944,1,snv_mnv,NA,NA,"broad,dkfz,muse,sanger",4,COSN16631586,NA,NA,FALSE,0.2237,NA,17,59,NA,NA,NA,Intron,FALSE,FALSE,TRUE,FALSE,3,2,1,2_1,754d26af-f184-497c-856a-cd1ea7a5115c,NA
4,102409831,102409831,1,snv_mnv,NA,NA,"broad,dkfz,muse,sanger",4,COSN16633070,NA,L1MC1,FALSE,0.2344,NA,15,49,NA,NA,NA,Intron,FALSE,FALSE,FALSE,FALSE,3,2,1,2_1,754d26af-f184-497c-856a-cd1ea7a5115c,NA
4,103254181,103254181,1,snv_mnv,0.0039936,rs138729442,"broad,muse,sanger",3,COSN16630588,rs138729442,L1PA7,FALSE,0.1136,NA,5,39,NA,NA,NA,Intron,FALSE,FALSE,FALSE,FALSE,3,2,1,2_1,754d26af-f184-497c-856a-cd1ea7a5115c,NA
4,103797170,103797170,1,snv_mnv,NA,NA,"broad,muse",2,COSN16631952,NA,L2a,FALSE,0.0494,NA,4,77,NA,NA,NA,Intron,FALSE,FALSE,FALSE,FALSE,3,2,1,2_1,754d26af-f184-497c-856a-cd1ea7a5115c,NA
4,104138489,104138489,1,snv_mnv,NA,NA,"broad,sanger",2,COSN16629547,NA,L1PREC2,FALSE,0.058,NA,4,65,NA,NA,NA,IGR,FALSE,FALSE,FALSE,FALSE,3,2,1,2_1,754d26af-f184-497c-856a-cd1ea7a5115c,NA
4,107920797,107920797,1,snv_mnv,9.984e-4,rs557229004,"broad,muse,sanger",3,COSN16633111,rs557229004,AluSc,FALSE,0.0606,NA,4,62,NA,NA,NA,Intron,FALSE,FALSE,FALSE,FALSE,3,2,1,2_1,754d26af-f184-497c-856a-cd1ea7a5115c,NA
4,108432412,108432412,1,snv_mnv,NA,NA,"broad,dkfz,muse,sanger",4,COSN16633162,NA,NA,FALSE,0.1207,NA,7,51,NA,NA,NA,IGR,FALSE,FALSE,FALSE,FALSE,3,2,1,2_1,754d26af-f184-497c-856a-cd1ea7a5115c,NA
4,108506869,108506869,1,snv_mnv,NA,NA,"broad,dkfz,muse,sanger",4,COSN16632608,NA,NA,FALSE,0.1731,NA,9,43,NA,NA,NA,IGR,FALSE,FALSE,FALSE,FALSE,3,2,1,2_1,754d26af-f184-497c-856a-cd1ea7a5115c,PAPSS1
4,109011101,109011101,1,snv_mnv,NA,NA,"broad,dkfz,muse,sanger",4,COSN16630637,NA,NA,FALSE,0.0909,NA,5,50,NA,NA,NA,Intron,FALSE,FALSE,FALSE,FALSE,3,2,1,2_1,754d26af-f184-497c-856a-cd1ea7a5115c,NA
4,110846714,110846714,1,snv_mnv,NA,NA,"broad,dkfz,muse",3,COSN16632144,NA,MIR,FALSE,0.0984,NA,6,55,NA,NA,NA,Intron,FALSE,FALSE,FALSE,FALSE,3,2,1,2_1,754d26af-f184-497c-856a-cd1ea7a5115c,NA
4,110905727,110905727,1,snv_mnv,NA,NA,"broad,muse,sanger",3,COSN16629650,NA,MER8,FALSE,0.0758,NA,5,61,NA,NA,NA,Intron,FALSE,FALSE,FALSE,FALSE,3,2,1,2_1,754d26af-f184-497c-856a-cd1ea7a5115c,NA
4,111967457,111967457,1,snv_mnv,NA,NA,"broad,muse",2,COSN16632728,NA,NA,FALSE,0.0625,NA,4,60,NA,NA,NA,IGR,FALSE,FALSE,FALSE,FALSE,3,2,1,2_1,754d26af-f184-497c-856a-cd1ea7a5115c,NA
4,112332805,112332805,1,snv_mnv,NA,NA,"broad,dkfz,muse,sanger",4,COSN16632637,NA,L1PA14,FALSE,0.2623,NA,16,45,NA,NA,NA,IGR,FALSE,FALSE,FALSE,FALSE,3,2,1,2_1,754d26af-f184-497c-856a-cd1ea7a5115c,NA
4,112674687,112674687,1,snv_mnv,NA,NA,"broad,muse",2,COSN16629018,NA,NA,FALSE,0.0541,NA,4,70,NA,NA,NA,IGR,FALSE,FALSE,FALSE,FALSE,3,2,1,2_1,754d26af-f184-497c-856a-cd1ea7a5115c,NA
4,112847215,112847215,1,snv_mnv,NA,NA,"broad,dkfz,muse,sanger",4,COSN16632300,NA,NA,FALSE,0.0682,NA,6,82,NA,NA,NA,lincRNA,FALSE,FALSE,FALSE,FALSE,3,2,1,2_1,754d26af-f184-497c-856a-cd1ea7a5115c,NA
4,113823190,113823190,1,snv_mnv,NA,NA,"broad,dkfz,muse,sanger",4,COSN16630845,NA,NA,FALSE,0.1569,NA,8,43,NA,NA,NA,Intron,FALSE,FALSE,FALSE,FALSE,3,2,1,2_1,754d26af-f184-497c-856a-cd1ea7a5115c,NA
4,114209877,114209877,1,snv_mnv,1.9968e-4,rs183907277,"broad,dkfz,muse,sanger",4,COSN16631103,rs183907277,NA,FALSE,0.2407,NA,13,41,NA,NA,NA,Intron,FALSE,FALSE,FALSE,FALSE,3,2,1,2_1,754d26af-f184-497c-856a-cd1ea7a5115c,ANK2
4,116180010,116180010,1,snv_mnv,NA,NA,"broad,muse",2,COSN16628877,NA,L1PB4,FALSE,0.0714,NA,4,52,NA,NA,NA,IGR,FALSE,FALSE,FALSE,FALSE,3,2,1,2_1,754d26af-f184-497c-856a-cd1ea7a5115c,NA
4,116850102,116850102,1,snv_mnv,NA,NA,"broad,dkfz,muse,sanger",4,COSN8348490,NA,AluSc,FALSE,0.1887,NA,10,43,NA,NA,NA,IGR,FALSE,FALSE,FALSE,FALSE,3,2,1,2_1,754d26af-f184-497c-856a-cd1ea7a5115c,NA
4,116907856,116907856,1,snv_mnv,NA,NA,"broad,dkfz,muse,sanger",4,COSN16632899,NA,LTR27B,FALSE,0.1509,NA,8,45,NA,NA,NA,IGR,FALSE,FALSE,FALSE,FALSE,3,2,1,2_1,754d26af-f184-497c-856a-cd1ea7a5115c,NA
4,116984673,116984673,1,snv_mnv,NA,NA,"broad,muse,sanger",3,COSN16631698,NA,MLT1H,FALSE,0.058,NA,4,65,NA,NA,NA,IGR,FALSE,FALSE,FALSE,FALSE,3,2,1,2_1,754d26af-f184-497c-856a-cd1ea7a5115c,NA
4,117110088,117110088,1,snv_mnv,NA,NA,"broad,muse",2,COSN16630109,NA,L1PREC2,FALSE,0.0741,NA,6,75,NA,NA,NA,lincRNA,FALSE,FALSE,FALSE,FALSE,3,2,1,2_1,754d26af-f184-497c-856a-cd1ea7a5115c,NA
4,117939108,117939108,1,snv_mnv,NA,NA,"broad,dkfz,muse,sanger",4,COSN16629996,rs749951087,L1MA3,FALSE,0.2909,NA,16,39,NA,NA,NA,IGR,FALSE,FALSE,FALSE,FALSE,3,2,1,2_1,754d26af-f184-497c-856a-cd1ea7a5115c,NA
4,118548799,118548799,1,snv_mnv,NA,NA,"broad,dkfz,muse,sanger",4,COSN16632323,NA,L1MA7,FALSE,0.2464,NA,17,52,NA,NA,NA,lincRNA,FALSE,FALSE,FALSE,FALSE,3,2,1,2_1,754d26af-f184-497c-856a-cd1ea7a5115c,NA
4,121853105,121853105,1,snv_mnv,NA,NA,"broad,muse",2,COSN16629137,NA,NA,FALSE,0.0541,NA,4,70,NA,NA,NA,IGR,FALSE,FALSE,FALSE,FALSE,3,2,1,2_1,754d26af-f184-497c-856a-cd1ea7a5115c,NA
4,121977543,121977543,1,snv_mnv,NA,NA,"broad,muse,sanger",3,COSN16633286,NA,NA,FALSE,0.0625,NA,4,60,NA,NA,NA,Intron,FALSE,FALSE,TRUE,FALSE,3,2,1,2_1,754d26af-f184-497c-856a-cd1ea7a5115c,RN7SKP137
4,122036110,122036110,1,snv_mnv,NA,NA,"broad,dkfz,muse,sanger",4,COSN16629579,NA,NA,FALSE,0.058,NA,4,65,NA,NA,NA,IGR,FALSE,FALSE,FALSE,FALSE,3,2,1,2_1,754d26af-f184-497c-856a-cd1ea7a5115c,AC105254.2
4,123523019,123523019,1,snv_mnv,NA,NA,"broad,dkfz,muse,sanger",4,COSN16632869,NA,NA,FALSE,0.2154,NA,14,51,NA,NA,NA,IGR,FALSE,FALSE,FALSE,FALSE,3,2,1,2_1,754d26af-f184-497c-856a-cd1ea7a5115c,NA
4,124247835,124247835,1,snv_mnv,NA,NA,"broad,dkfz,muse,sanger",4,COSN16632576,NA,ERVL-E-int,FALSE,0.2642,NA,14,39,NA,NA,NA,IGR,FALSE,FALSE,FALSE,FALSE,3,2,1,2_1,754d26af-f184-497c-856a-cd1ea7a5115c,NA
4,124309503,124309503,1,snv_mnv,NA,NA,"broad,dkfz,muse,sanger",4,COSN16629171,NA,NA,FALSE,0.1014,NA,7,62,NA,NA,NA,IGR,FALSE,FALSE,FALSE,FALSE,3,2,1,2_1,754d26af-f184-497c-856a-cd1ea7a5115c,NA
4,125116446,125116446,1,snv_mnv,NA,NA,"broad,dkfz,muse,sanger",4,COSN16631927,NA,NA,FALSE,0.1837,NA,9,40,NA,NA,NA,lincRNA,FALSE,FALSE,FALSE,FALSE,3,2,1,2_1,754d26af-f184-497c-856a-cd1ea7a5115c,NA
4,126845790,126845790,1,snv_mnv,NA,NA,"broad,dkfz,muse,sanger",4,COSN16629083,NA,L1MC3,FALSE,0.1455,NA,8,47,NA,NA,NA,IGR,FALSE,FALSE,FALSE,FALSE,3,2,1,2_1,754d26af-f184-497c-856a-cd1ea7a5115c,NA
4,127328952,127328952,1,snv_mnv,NA,NA,"broad,dkfz,muse,sanger",4,COSN16629084,NA,L1PA10,FALSE,0.1132,NA,6,47,NA,NA,NA,IGR,FALSE,FALSE,TRUE,FALSE,3,2,1,2_1,754d26af-f184-497c-856a-cd1ea7a5115c,NA
4,127603657,127603657,1,snv_mnv,NA,NA,"broad,dkfz,muse,sanger",4,COSN16632145,NA,NA,FALSE,0.2034,NA,12,47,NA,NA,NA,IGR,FALSE,FALSE,FALSE,FALSE,3,2,1,2_1,754d26af-f184-497c-856a-cd1ea7a5115c,NA
4,128026458,128026458,1,snv_mnv,NA,NA,"broad,dkfz,muse,sanger",4,COSN16628936,NA,NA,FALSE,0.0811,NA,6,68,NA,NA,NA,lincRNA,FALSE,FALSE,FALSE,FALSE,3,2,1,2_1,754d26af-f184-497c-856a-cd1ea7a5115c,NA
4,128303154,128303154,1,snv_mnv,NA,NA,"broad,muse,sanger",3,COSN16632729,NA,L1MC1,FALSE,0.1034,NA,6,52,NA,NA,NA,lincRNA,FALSE,FALSE,FALSE,FALSE,3,2,1,2_1,754d26af-f184-497c-856a-cd1ea7a5115c,NA
4,128420485,128420485,1,snv_mnv,NA,NA,"broad,dkfz,muse,sanger",4,COSN16630110,NA,NA,FALSE,0.1744,NA,15,71,NA,NA,NA,IGR,FALSE,FALSE,FALSE,FALSE,3,2,1,2_1,754d26af-f184-497c-856a-cd1ea7a5115c,AC097462.2
4,131974036,131974036,1,snv_mnv,NA,NA,"broad,muse,sanger",3,COSN16633216,NA,NA,FALSE,0.0727,NA,4,51,NA,NA,NA,IGR,FALSE,FALSE,FALSE,FALSE,3,2,1,2_1,754d26af-f184-497c-856a-cd1ea7a5115c,NA
4,132512458,132512458,1,snv_mnv,NA,NA,"broad,dkfz,muse",3,COSN16631615,NA,AluSz,FALSE,0.22,NA,11,39,NA,NA,NA,IGR,FALSE,FALSE,FALSE,FALSE,3,2,1,2_1,754d26af-f184-497c-856a-cd1ea7a5115c,NA
4,132799430,132799430,1,snv_mnv,NA,NA,"broad,dkfz,muse,sanger",4,COSN16630076,NA,NA,FALSE,0.1,NA,9,81,NA,NA,NA,IGR,FALSE,FALSE,FALSE,FALSE,3,2,1,2_1,754d26af-f184-497c-856a-cd1ea7a5115c,NA
4,133359566,133359566,1,snv_mnv,NA,NA,"broad,dkfz,muse,sanger",4,COSN16632461,NA,NA,FALSE,0.1667,NA,14,70,NA,NA,NA,Intron,FALSE,FALSE,FALSE,FALSE,3,2,1,2_1,754d26af-f184-497c-856a-cd1ea7a5115c,NA
4,133434459,133434459,1,snv_mnv,NA,NA,"broad,dkfz,muse,sanger",4,COSN16630267,NA,A-rich,FALSE,0.087,NA,6,63,NA,NA,NA,IGR,FALSE,FALSE,FALSE,FALSE,3,2,1,2_1,754d26af-f184-497c-856a-cd1ea7a5115c,NA
4,134198566,134198566,1,snv_mnv,NA,NA,"broad,muse",2,COSN9213938,rs762970963,AluY,FALSE,0.0667,NA,3,42,NA,NA,NA,IGR,FALSE,FALSE,FALSE,FALSE,3,2,1,2_1,754d26af-f184-497c-856a-cd1ea7a5115c,NA
4,134519108,134519108,1,snv_mnv,NA,NA,"broad,dkfz,muse,sanger",4,COSN16629763,NA,NA,FALSE,0.0794,NA,5,58,NA,NA,NA,IGR,FALSE,FALSE,FALSE,FALSE,3,2,1,2_1,754d26af-f184-497c-856a-cd1ea7a5115c,NA
4,134588891,134588891,1,snv_mnv,NA,NA,"broad,dkfz,muse,sanger",4,COSN16628878,NA,NA,FALSE,0.0667,NA,6,84,NA,NA,NA,IGR,FALSE,FALSE,FALSE,FALSE,3,2,1,2_1,754d26af-f184-497c-856a-cd1ea7a5115c,NA
4,134715703,134715703,1,snv_mnv,NA,NA,"broad,dkfz,muse,sanger",4,COSN16630236,NA,L1M5,FALSE,0.1724,NA,10,48,NA,NA,NA,IGR,FALSE,FALSE,FALSE,FALSE,3,2,1,2_1,754d26af-f184-497c-856a-cd1ea7a5115c,NA
4,136221997,136221997,1,snv_mnv,NA,NA,"muse,sanger",2,COSN16629997,NA,MER63C,FALSE,0.0566,NA,3,50,NA,NA,NA,IGR,FALSE,FALSE,FALSE,FALSE,3,2,1,2_1,754d26af-f184-497c-856a-cd1ea7a5115c,NA
4,136275362,136275362,1,snv_mnv,NA,NA,"broad,dkfz,muse,sanger",4,COSN16630147,NA,NA,FALSE,0.1695,NA,10,49,NA,NA,NA,IGR,FALSE,FALSE,TRUE,FALSE,3,2,1,2_1,754d26af-f184-497c-856a-cd1ea7a5115c,NA
4,136553699,136553699,1,snv_mnv,NA,NA,"broad,muse,sanger",3,COSN16630927,NA,L1PB1,FALSE,0.0758,NA,5,61,NA,NA,NA,IGR,FALSE,FALSE,FALSE,FALSE,3,2,1,2_1,754d26af-f184-497c-856a-cd1ea7a5115c,NA
4,136717676,136717676,1,snv_mnv,NA,NA,"broad,dkfz,sanger",3,COSN16632870,NA,NA,FALSE,0.1212,NA,8,58,NA,NA,NA,lincRNA,FALSE,FALSE,TRUE,FALSE,3,2,1,2_1,754d26af-f184-497c-856a-cd1ea7a5115c,NA
4,137017802,137017802,1,snv_mnv,NA,NA,"broad,muse",2,COSN7737818,NA,MER45B,FALSE,0.0877,NA,5,52,NA,NA,NA,lincRNA,FALSE,FALSE,FALSE,FALSE,3,2,1,2_1,754d26af-f184-497c-856a-cd1ea7a5115c,AC073429.2
4,137142089,137142089,1,snv_mnv,NA,NA,"broad,dkfz,muse,sanger",4,COSN16633217,NA,L1MA5,FALSE,0.1944,NA,14,58,NA,NA,NA,lincRNA,FALSE,FALSE,FALSE,FALSE,3,2,1,2_1,754d26af-f184-497c-856a-cd1ea7a5115c,NA
4,137546791,137546791,1,snv_mnv,NA,NA,"broad,dkfz,muse,sanger",4,COSN16630441,NA,NA,FALSE,0.25,NA,15,45,NA,NA,NA,IGR,FALSE,FALSE,FALSE,FALSE,3,2,1,2_1,754d26af-f184-497c-856a-cd1ea7a5115c,NA
4,137896094,137896094,1,snv_mnv,NA,NA,"broad,muse",2,COSN16628879,NA,NA,FALSE,0.0597,NA,4,63,NA,NA,NA,lincRNA,FALSE,FALSE,FALSE,FALSE,3,2,1,2_1,754d26af-f184-497c-856a-cd1ea7a5115c,NA
4,145722971,145722971,1,snv_mnv,NA,NA,"broad,dkfz,muse,sanger",4,COSN16631668,NA,L1PB3,FALSE,0.1452,NA,9,53,NA,NA,NA,IGR,FALSE,FALSE,FALSE,FALSE,3,2,1,2_1,754d26af-f184-497c-856a-cd1ea7a5115c,NA
4,146052403,146052403,1,snv_mnv,NA,NA,"broad,dkfz,muse,sanger",4,COSN16631757,NA,NA,FALSE,0.2203,NA,13,46,NA,NA,NA,IGR,FALSE,FALSE,FALSE,FALSE,3,2,1,2_1,754d26af-f184-497c-856a-cd1ea7a5115c,"ABCE1,OTUD4"
4,148488127,148488127,1,snv_mnv,NA,NA,"broad,muse,sanger",3,COSN16630663,NA,ERVL-E-int,FALSE,0.0923,NA,6,59,NA,NA,NA,lincRNA,FALSE,FALSE,FALSE,FALSE,3,2,1,2_1,754d26af-f184-497c-856a-cd1ea7a5115c,LINC02507
4,151032253,151032253,1,snv_mnv,NA,NA,"broad,muse",2,COSN16630906,NA,L1PB3,FALSE,0.0606,NA,4,62,NA,NA,NA,Intron,FALSE,FALSE,FALSE,FALSE,3,2,1,2_1,754d26af-f184-497c-856a-cd1ea7a5115c,NA
4,152481806,152481806,1,snv_mnv,NA,NA,"broad,muse",2,COSN16629358,NA,NA,FALSE,0.0597,NA,4,63,NA,NA,NA,Intron,FALSE,FALSE,FALSE,FALSE,3,2,1,2_1,754d26af-f184-497c-856a-cd1ea7a5115c,NA
4,154190488,154190488,1,snv_mnv,NA,NA,"broad,muse,sanger",3,COSN16631123,NA,MER34A,FALSE,0.0789,NA,6,70,NA,NA,NA,Intron,FALSE,FALSE,FALSE,FALSE,3,2,1,2_1,754d26af-f184-497c-856a-cd1ea7a5115c,"RNU6-1196P,RF00019"
4,155299797,155299797,1,snv_mnv,NA,NA,"broad,dkfz,muse,sanger",4,COSN16631838,NA,MIR,FALSE,0.1731,NA,9,43,NA,NA,NA,Intron,FALSE,FALSE,FALSE,FALSE,3,2,1,2_1,754d26af-f184-497c-856a-cd1ea7a5115c,AC110775.1
4,155919578,155919578,1,snv_mnv,NA,NA,"broad,muse,sanger",3,COSN16630045,NA,L1MCa,FALSE,0.0833,NA,4,44,NA,NA,NA,IGR,FALSE,FALSE,FALSE,FALSE,3,2,1,2_1,754d26af-f184-497c-856a-cd1ea7a5115c,NA
4,155979414,155979414,1,snv_mnv,1.9968e-4,rs563493927,"broad,muse,sanger",3,COSN16632638,rs563493927,T-rich,FALSE,0.0847,NA,5,54,NA,NA,NA,IGR,FALSE,FALSE,FALSE,TRUE,3,2,1,2_1,754d26af-f184-497c-856a-cd1ea7a5115c,NA
4,156434341,156434341,1,snv_mnv,1.9968e-4,rs541929381,"broad,muse",2,COSN19289979,rs541929381,NA,FALSE,0.0588,NA,4,64,NA,NA,NA,lincRNA,FALSE,FALSE,FALSE,FALSE,3,2,1,2_1,754d26af-f184-497c-856a-cd1ea7a5115c,NA
4,157064213,157064213,1,snv_mnv,NA,NA,"broad,dkfz,muse,sanger",4,COSN16630200,NA,MIR,FALSE,0.1458,NA,7,41,NA,NA,NA,IGR,FALSE,FALSE,FALSE,FALSE,3,2,1,2_1,754d26af-f184-497c-856a-cd1ea7a5115c,NA
4,157203018,157203018,1,snv_mnv,NA,NA,"broad,dkfz,muse,sanger",4,COSN16630331,NA,THE1B,FALSE,0.25,NA,12,36,NA,NA,NA,IGR,FALSE,FALSE,FALSE,FALSE,3,2,1,2_1,754d26af-f184-497c-856a-cd1ea7a5115c,NA
4,159245791,159245791,1,snv_mnv,NA,NA,"broad,dkfz,muse,sanger",4,COSN16632064,NA,NA,FALSE,0.2615,NA,17,48,NA,NA,NA,Intron,FALSE,FALSE,FALSE,FALSE,3,2,1,2_1,754d26af-f184-497c-856a-cd1ea7a5115c,NA
4,159290245,159290245,1,snv_mnv,NA,NA,"broad,muse",2,COSN16630994,NA,L1MC4a,FALSE,0.0606,NA,4,62,NA,NA,NA,Intron,FALSE,FALSE,FALSE,FALSE,3,2,1,2_1,754d26af-f184-497c-856a-cd1ea7a5115c,NA
4,160503661,160503661,1,snv_mnv,NA,NA,"broad,dkfz,muse,sanger",4,COSN16632871,NA,NA,FALSE,0.2,NA,11,44,NA,NA,NA,IGR,FALSE,FALSE,TRUE,FALSE,3,2,1,2_1,754d26af-f184-497c-856a-cd1ea7a5115c,NA
4,161650869,161650869,1,snv_mnv,NA,NA,"broad,dkfz,muse,sanger",4,COSN16631317,NA,NA,FALSE,0.25,NA,11,33,NA,NA,NA,IGR,FALSE,FALSE,TRUE,FALSE,3,2,1,2_1,754d26af-f184-497c-856a-cd1ea7a5115c,NA
4,161782563,161782563,1,snv_mnv,NA,NA,"broad,dkfz,muse,sanger",4,COSN16629823,NA,L1ME1,FALSE,0.2812,NA,18,46,NA,NA,NA,IGR,FALSE,FALSE,FALSE,FALSE,3,2,1,2_1,754d26af-f184-497c-856a-cd1ea7a5115c,NA
4,162003206,162003206,1,snv_mnv,NA,NA,"broad,dkfz,muse,sanger",4,COSN16633112,NA,MLT1H,FALSE,0.1304,NA,9,60,NA,NA,NA,IGR,FALSE,FALSE,FALSE,FALSE,3,2,1,2_1,754d26af-f184-497c-856a-cd1ea7a5115c,NA
4,162522215,162522215,1,snv_mnv,NA,NA,"broad,dkfz,muse,sanger",4,COSN16629085,NA,L1MCc,FALSE,0.254,NA,16,47,NA,NA,NA,Intron,FALSE,FALSE,TRUE,FALSE,3,2,1,2_1,754d26af-f184-497c-856a-cd1ea7a5115c,NA
4,162739338,162739338,1,snv_mnv,NA,NA,"broad,dkfz,muse,sanger",4,COSN16629328,NA,LTR1,FALSE,0.225,NA,9,31,NA,NA,NA,Intron,FALSE,FALSE,FALSE,FALSE,3,2,1,2_1,754d26af-f184-497c-856a-cd1ea7a5115c,NA
4,162796170,162796170,1,snv_mnv,NA,NA,"broad,dkfz,muse,sanger",4,COSN16630046,NA,NA,FALSE,0.1013,NA,8,71,NA,NA,NA,Intron,FALSE,FALSE,FALSE,FALSE,3,2,1,2_1,754d26af-f184-497c-856a-cd1ea7a5115c,NA
4,162961725,162961725,1,snv_mnv,NA,NA,"broad,muse,sanger",3,COSN16630518,NA,NA,FALSE,0.0806,NA,5,57,NA,NA,NA,Intron,FALSE,FALSE,FALSE,FALSE,3,2,1,2_1,754d26af-f184-497c-856a-cd1ea7a5115c,NA
4,163050373,163050373,1,snv_mnv,NA,NA,"broad,dkfz,muse,sanger",4,COSN16629701,NA,AluSq,FALSE,0.2549,NA,13,38,NA,NA,NA,Intron,FALSE,FALSE,FALSE,FALSE,3,2,1,2_1,754d26af-f184-497c-856a-cd1ea7a5115c,NA
4,163584214,163584214,1,snv_mnv,NA,NA,"broad,dkfz,muse,sanger",4,COSN16630185,NA,MER57A-int,FALSE,0.1786,NA,10,46,NA,NA,NA,IGR,FALSE,FALSE,FALSE,FALSE,3,2,1,2_1,754d26af-f184-497c-856a-cd1ea7a5115c,NA
4,164450054,164450054,1,snv_mnv,NA,NA,"broad,muse,sanger",3,COSM4962670,NA,NA,FALSE,0.0556,NA,4,68,NA,NA,NA,Missense_Mutation,FALSE,FALSE,FALSE,FALSE,3,2,1,2_1,754d26af-f184-497c-856a-cd1ea7a5115c,AC093788.1
4,164592604,164592604,1,snv_mnv,NA,NA,"broad,dkfz,muse,sanger",4,COSN16633218,rs749525827,NA,FALSE,0.1017,NA,6,53,NA,NA,NA,Intron,FALSE,FALSE,FALSE,FALSE,3,2,1,2_1,754d26af-f184-497c-856a-cd1ea7a5115c,NA
4,164793843,164793843,1,snv_mnv,NA,NA,"broad,dkfz,muse",3,COSN16632035,NA,(TG)n,FALSE,0.1509,NA,8,45,NA,NA,NA,Intron,FALSE,FALSE,FALSE,FALSE,3,2,1,2_1,754d26af-f184-497c-856a-cd1ea7a5115c,NA
4,164929951,164929951,1,snv_mnv,NA,NA,"broad,dkfz,muse,sanger",4,COSN16629138,NA,L1M1,FALSE,0.1591,NA,14,74,NA,NA,NA,Intron,FALSE,FALSE,TRUE,FALSE,3,2,1,2_1,754d26af-f184-497c-856a-cd1ea7a5115c,NA
4,164954932,164954932,1,snv_mnv,NA,NA,"broad,dkfz,muse,sanger",4,COSN16630697,NA,L1PA8A,FALSE,0.1392,NA,11,68,NA,NA,NA,Intron,FALSE,FALSE,FALSE,FALSE,3,2,1,2_1,754d26af-f184-497c-856a-cd1ea7a5115c,NA
4,165015718,165015718,1,snv_mnv,NA,NA,"broad,dkfz,muse,sanger",4,COSN16630268,NA,NA,FALSE,0.1111,NA,8,64,NA,NA,NA,Intron,FALSE,FALSE,FALSE,FALSE,3,2,1,2_1,754d26af-f184-497c-856a-cd1ea7a5115c,NA
4,165022021,165022021,1,snv_mnv,NA,NA,"broad,dkfz,muse,sanger",4,COSN16631808,NA,L1PA2,FALSE,0.2,NA,12,48,NA,NA,NA,Intron,FALSE,FALSE,FALSE,FALSE,3,2,1,2_1,754d26af-f184-497c-856a-cd1ea7a5115c,NA
4,165112077,165112077,1,snv_mnv,NA,NA,"broad,dkfz,muse,sanger",4,COSN16631288,NA,Charlie25,FALSE,0.194,NA,13,54,NA,NA,NA,Intron,FALSE,FALSE,FALSE,FALSE,3,2,1,2_1,754d26af-f184-497c-856a-cd1ea7a5115c,AC105250.1
4,165206955,165206955,1,snv_mnv,NA,NA,"broad,dkfz,muse,sanger",4,COSN16631616,NA,NA,FALSE,0.1765,NA,6,28,NA,NA,NA,Intron,FALSE,FALSE,FALSE,FALSE,3,2,1,2_1,754d26af-f184-497c-856a-cd1ea7a5115c,NA
4,166390721,166390721,1,snv_mnv,NA,NA,"broad,dkfz,muse,sanger",4,COSN16633138,NA,NA,FALSE,0.1429,NA,11,66,NA,NA,NA,Intron,FALSE,FALSE,FALSE,FALSE,3,2,1,2_1,754d26af-f184-497c-856a-cd1ea7a5115c,NA
4,166601549,166601549,1,snv_mnv,NA,NA,"broad,muse,sanger",3,COSN16633336,NA,AluSx1,FALSE,0.08,NA,4,46,NA,NA,NA,IGR,FALSE,FALSE,FALSE,FALSE,3,2,1,2_1,754d26af-f184-497c-856a-cd1ea7a5115c,LINC01179
4,166693346,166693346,1,snv_mnv,NA,NA,"broad,muse,sanger",3,COSN16629114,NA,NA,FALSE,0.0513,NA,4,74,NA,NA,NA,IGR,FALSE,FALSE,FALSE,FALSE,3,2,1,2_1,754d26af-f184-497c-856a-cd1ea7a5115c,NA
4,166927278,166927278,1,snv_mnv,NA,NA,"broad,dkfz,sanger",3,COSN16631214,NA,NA,FALSE,0.0926,NA,5,49,NA,NA,NA,Intron,FALSE,FALSE,FALSE,FALSE,3,2,1,2_1,754d26af-f184-497c-856a-cd1ea7a5115c,NA
4,167963498,167963498,1,snv_mnv,NA,NA,"broad,dkfz,muse,sanger",4,COSN16629198,NA,NA,FALSE,0.0595,NA,5,79,NA,NA,NA,Intron,FALSE,FALSE,TRUE,FALSE,3,2,1,2_1,754d26af-f184-497c-856a-cd1ea7a5115c,NA
4,168007563,168007563,1,snv_mnv,NA,NA,"broad,dkfz,muse,sanger",4,COSN16631521,NA,NA,FALSE,0.1282,NA,10,68,NA,NA,NA,Intron,FALSE,FALSE,FALSE,FALSE,3,2,1,2_1,754d26af-f184-497c-856a-cd1ea7a5115c,NA
4,168029959,168029959,1,snv_mnv,NA,NA,"broad,muse,sanger",3,COSN16629962,NA,L1MA3,FALSE,0.069,NA,4,54,NA,NA,NA,Intron,FALSE,FALSE,FALSE,FALSE,3,2,1,2_1,754d26af-f184-497c-856a-cd1ea7a5115c,NA
4,168232336,168232336,1,snv_mnv,NA,NA,"broad,dkfz,muse,sanger",4,COSN16632977,NA,L1PA15-16,FALSE,0.3,NA,18,42,NA,NA,NA,lincRNA,FALSE,FALSE,FALSE,FALSE,3,2,1,2_1,754d26af-f184-497c-856a-cd1ea7a5115c,AC079349.1
4,171809661,171809661,1,snv_mnv,NA,NA,"broad,muse,sanger",3,COSN16628906,NA,NA,FALSE,0.0702,NA,4,53,NA,NA,NA,RNA,FALSE,FALSE,FALSE,FALSE,3,2,1,2_1,754d26af-f184-497c-856a-cd1ea7a5115c,RNU6ATAC13P
4,172568421,172568421,1,snv_mnv,NA,NA,"broad,dkfz,muse,sanger",4,COSN16632171,NA,MER70B,FALSE,0.2,NA,11,44,NA,NA,NA,IGR,FALSE,FALSE,FALSE,FALSE,3,2,1,2_1,754d26af-f184-497c-856a-cd1ea7a5115c,NA
4,172852944,172852944,1,snv_mnv,NA,NA,"broad,sanger",2,COSN16631522,NA,NA,FALSE,0.0694,NA,5,67,NA,NA,NA,Intron,FALSE,FALSE,FALSE,FALSE,3,2,1,2_1,754d26af-f184-497c-856a-cd1ea7a5115c,NA
4,172875634,172875634,1,snv_mnv,NA,NA,"broad,dkfz,muse,sanger",4,COSN16631544,rs562558401,L1ME3E,FALSE,0.2192,NA,16,57,NA,NA,NA,Intron,FALSE,FALSE,FALSE,FALSE,3,2,1,2_1,754d26af-f184-497c-856a-cd1ea7a5115c,NA
4,173024455,173024455,1,snv_mnv,NA,NA,"broad,dkfz,muse,sanger",4,COSN16632695,rs772681206,NA,FALSE,0.1964,NA,11,45,NA,NA,NA,Intron,FALSE,FALSE,FALSE,FALSE,3,2,1,2_1,754d26af-f184-497c-856a-cd1ea7a5115c,NA
4,173314230,173314230,1,snv_mnv,NA,NA,"broad,muse,sanger",3,COSN16630754,NA,MER1B,FALSE,0.1111,NA,6,48,NA,NA,NA,Intron,FALSE,FALSE,FALSE,FALSE,3,2,1,2_1,754d26af-f184-497c-856a-cd1ea7a5115c,NA
4,174590107,174590107,1,snv_mnv,NA,NA,"broad,dkfz,muse,sanger",4,COSN16629329,NA,L1PA4,FALSE,0.2,NA,13,52,NA,NA,NA,IGR,FALSE,FALSE,FALSE,FALSE,3,2,1,2_1,754d26af-f184-497c-856a-cd1ea7a5115c,NA
4,176029521,176029521,1,snv_mnv,NA,NA,"broad,muse,sanger",3,COSN16630876,NA,NA,FALSE,0.0769,NA,4,48,NA,NA,NA,IGR,FALSE,FALSE,FALSE,FALSE,3,2,1,2_1,754d26af-f184-497c-856a-cd1ea7a5115c,NA
4,176393333,176393333,1,snv_mnv,NA,NA,"broad,dkfz,muse,sanger",4,COSN16630302,NA,LTR8,FALSE,0.1273,NA,7,48,NA,NA,NA,RNA,FALSE,FALSE,FALSE,FALSE,3,2,1,2_1,754d26af-f184-497c-856a-cd1ea7a5115c,NA
4,176408876,176408876,1,snv_mnv,NA,NA,"broad,muse,sanger",3,COSN16629764,NA,L1PA8,FALSE,0.0571,NA,4,66,NA,NA,NA,IGR,FALSE,FALSE,FALSE,FALSE,3,2,1,2_1,754d26af-f184-497c-856a-cd1ea7a5115c,NA
4,177257888,177257888,1,snv_mnv,NA,NA,"broad,dkfz,muse,sanger",4,COSN16630269,NA,Charlie2a,FALSE,0.1803,NA,11,50,NA,NA,NA,IGR,FALSE,FALSE,FALSE,FALSE,3,2,1,2_1,754d26af-f184-497c-856a-cd1ea7a5115c,SPCS3
4,177408628,177408628,1,snv_mnv,NA,NA,"broad,dkfz,muse,sanger",4,COSN16629226,NA,AluSz6,FALSE,0.1967,NA,12,49,NA,NA,NA,IGR,FALSE,FALSE,FALSE,FALSE,3,2,1,2_1,754d26af-f184-497c-856a-cd1ea7a5115c,NA
4,177649601,177649601,1,snv_mnv,NA,NA,"broad,dkfz,muse,sanger",4,COSN16633287,NA,NA,FALSE,0.1091,NA,6,49,NA,NA,NA,Intron,FALSE,FALSE,FALSE,FALSE,3,2,1,2_1,754d26af-f184-497c-856a-cd1ea7a5115c,NA
4,180588642,180588642,1,snv_mnv,NA,NA,"broad,muse,sanger",3,COSN16632978,NA,NA,FALSE,0.0877,NA,5,52,NA,NA,NA,IGR,FALSE,FALSE,FALSE,FALSE,3,2,1,2_1,754d26af-f184-497c-856a-cd1ea7a5115c,NA
4,180622728,180622728,1,snv_mnv,NA,NA,"broad,muse,sanger",3,COSN16631874,NA,MLT1E2,FALSE,0.0725,NA,5,64,NA,NA,NA,IGR,FALSE,FALSE,FALSE,FALSE,3,2,1,2_1,754d26af-f184-497c-856a-cd1ea7a5115c,NA
4,180785430,180785430,1,snv_mnv,NA,NA,"broad,dkfz,muse,sanger",4,COSN16632979,NA,L1MDa,FALSE,0.137,NA,10,63,NA,NA,NA,IGR,FALSE,FALSE,FALSE,FALSE,3,2,1,2_1,754d26af-f184-497c-856a-cd1ea7a5115c,NA
4,180790466,180790466,1,snv_mnv,NA,NA,"broad,dkfz,muse,sanger",4,COSN16631787,NA,NA,FALSE,0.2075,NA,11,42,NA,NA,NA,IGR,FALSE,FALSE,FALSE,FALSE,3,2,1,2_1,754d26af-f184-497c-856a-cd1ea7a5115c,NA
4,180800505,180800505,1,snv_mnv,NA,NA,"broad,muse,sanger",3,COSN16630393,rs545191724,MIR,FALSE,0.0678,NA,4,55,NA,NA,NA,IGR,FALSE,FALSE,FALSE,FALSE,3,2,1,2_1,754d26af-f184-497c-856a-cd1ea7a5115c,NA
4,181071588,181071588,1,snv_mnv,5.9904e-4,rs185335332,"broad,dkfz,muse,sanger",4,COSN16631161,rs185335332,NA,FALSE,0.1186,NA,7,52,NA,NA,NA,IGR,FALSE,FALSE,FALSE,FALSE,3,2,1,2_1,754d26af-f184-497c-856a-cd1ea7a5115c,NA
4,181648821,181648821,1,snv_mnv,NA,NA,"broad,dkfz,muse,sanger",4,COSN16629963,NA,NA,FALSE,0.0769,NA,5,60,NA,NA,NA,IGR,FALSE,FALSE,FALSE,FALSE,3,2,1,2_1,754d26af-f184-497c-856a-cd1ea7a5115c,AC104803.1
4,182082457,182082457,1,snv_mnv,NA,NA,"broad,dkfz",2,COSN15108157,NA,NA,FALSE,0.0806,NA,5,57,NA,NA,NA,lincRNA,FALSE,FALSE,FALSE,FALSE,3,2,1,2_1,754d26af-f184-497c-856a-cd1ea7a5115c,LINC00290
4,182305105,182305105,1,snv_mnv,NA,NA,"broad,muse",2,COSN16632639,NA,L2a,FALSE,0.0676,NA,5,69,NA,NA,NA,IGR,FALSE,FALSE,FALSE,FALSE,3,2,1,2_1,754d26af-f184-497c-856a-cd1ea7a5115c,NA
4,182316645,182316645,1,snv_mnv,NA,NA,"broad,dkfz,muse,sanger",4,COSN16630503,NA,NA,FALSE,0.1077,NA,7,58,NA,NA,NA,IGR,FALSE,FALSE,FALSE,FALSE,3,2,1,2_1,754d26af-f184-497c-856a-cd1ea7a5115c,NA
4,182324753,182324753,1,snv_mnv,NA,NA,"broad,muse,sanger",3,COSN16632396,NA,THE1D,FALSE,0.2414,NA,14,44,NA,NA,NA,IGR,FALSE,FALSE,FALSE,FALSE,3,2,1,2_1,754d26af-f184-497c-856a-cd1ea7a5115c,NA
4,182627833,182627833,1,snv_mnv,1.9968e-4,rs192467187,"broad,dkfz,sanger",3,COSN16633337,rs192467187,NA,FALSE,0.0952,NA,6,57,NA,NA,NA,IGR,FALSE,FALSE,FALSE,FALSE,3,2,1,2_1,754d26af-f184-497c-856a-cd1ea7a5115c,NA
4,183246656,183246656,1,snv_mnv,NA,NA,"broad,dkfz,muse,sanger",4,COSN16632519,rs768986443,NA,FALSE,0.1507,NA,11,62,NA,NA,NA,Intron,FALSE,FALSE,FALSE,FALSE,3,2,1,2_1,754d26af-f184-497c-856a-cd1ea7a5115c,NA
4,184642744,184642744,1,snv_mnv,NA,NA,"broad,dkfz,muse,sanger",4,COSN16632980,NA,NA,FALSE,0.2258,NA,7,24,NA,NA,NA,IGR,FALSE,FALSE,FALSE,FALSE,3,2,1,2_1,754d26af-f184-497c-856a-cd1ea7a5115c,NA
4,187343122,187343122,1,snv_mnv,NA,NA,"broad,dkfz,muse,sanger",4,COSN16629998,NA,AluSx1,FALSE,0.2703,NA,10,27,NA,NA,NA,RNA,FALSE,FALSE,FALSE,FALSE,3,2,1,2_1,754d26af-f184-497c-856a-cd1ea7a5115c,"F11-AS1,AC018709.1"
4,189011452,189011452,1,snv_mnv,NA,NA,"broad,dkfz,muse,sanger",4,COSN16633252,NA,MIRb,FALSE,0.0877,NA,5,52,NA,NA,NA,IGR,FALSE,FALSE,FALSE,FALSE,3,2,1,2_1,754d26af-f184-497c-856a-cd1ea7a5115c,TRIML2
4,189306168,189306168,1,snv_mnv,NA,NA,"broad,dkfz,muse,sanger",4,COSN16632839,NA,L1MA5,FALSE,0.2222,NA,12,42,NA,NA,NA,IGR,FALSE,FALSE,FALSE,FALSE,3,2,1,2_1,754d26af-f184-497c-856a-cd1ea7a5115c,ICE2P1
4,189346216,189346216,1,snv_mnv,NA,NA,"broad,dkfz,muse,sanger",4,COSN16632277,NA,L1MEc,FALSE,0.1,NA,6,54,NA,NA,NA,IGR,FALSE,FALSE,FALSE,FALSE,3,2,1,2_1,754d26af-f184-497c-856a-cd1ea7a5115c,NA
4,189346217,189346217,1,snv_mnv,NA,NA,"broad,dkfz,muse,sanger",4,COSN16633219,NA,L1MEc,FALSE,0.1,NA,6,54,NA,NA,NA,IGR,FALSE,FALSE,TRUE,FALSE,3,2,1,2_1,754d26af-f184-497c-856a-cd1ea7a5115c,NA
4,189547887,189547887,1,snv_mnv,NA,NA,"broad,dkfz,muse,sanger",4,COSN16631523,NA,NA,FALSE,0.1053,NA,6,51,NA,NA,NA,IGR,FALSE,FALSE,TRUE,FALSE,3,2,1,2_1,754d26af-f184-497c-856a-cd1ea7a5115c,AC093909.3
4,189811830,189811830,1,snv_mnv,1.9968e-4,rs565646078,"broad,dkfz,muse,sanger",4,COSN16629598,rs565646078,NA,FALSE,0.2069,NA,12,46,NA,NA,NA,IGR,FALSE,FALSE,FALSE,FALSE,3,2,1,2_1,754d26af-f184-497c-856a-cd1ea7a5115c,NA
5,2395354,2395354,1,snv_mnv,NA,NA,"broad,dkfz,muse,sanger",4,COSN16629580,NA,NA,FALSE,0.098,NA,5,46,NA,NA,NA,IGR,FALSE,FALSE,FALSE,FALSE,3,2,1,2_1,754d26af-f184-497c-856a-cd1ea7a5115c,NA
5,2949502,2949502,1,snv_mnv,1.9968e-4,rs149384077,"broad,muse,sanger",3,COSN16629020,rs149384077,AluSz6,FALSE,0.0877,NA,5,52,NA,NA,NA,IGR,FALSE,FALSE,FALSE,FALSE,3,2,1,2_1,754d26af-f184-497c-856a-cd1ea7a5115c,NA
5,3069315,3069315,1,snv_mnv,NA,NA,"broad,dkfz,muse,sanger",4,COSN16632669,NA,NA,FALSE,0.1887,NA,10,43,NA,NA,NA,IGR,FALSE,FALSE,FALSE,FALSE,3,2,1,2_1,754d26af-f184-497c-856a-cd1ea7a5115c,NA
5,3252637,3252637,1,snv_mnv,NA,NA,"broad,dkfz,muse,sanger",4,COSN16630589,rs775235006,NA,FALSE,0.1296,NA,7,47,NA,NA,NA,IGR,FALSE,FALSE,FALSE,FALSE,3,2,1,2_1,754d26af-f184-497c-856a-cd1ea7a5115c,NA
5,3464663,3464663,1,snv_mnv,NA,NA,"broad,dkfz,muse,sanger",4,COSN16633288,NA,MamRep137,FALSE,0.1143,NA,8,62,NA,NA,NA,lincRNA,FALSE,FALSE,FALSE,FALSE,3,2,1,2_1,754d26af-f184-497c-856a-cd1ea7a5115c,LINC02162
5,3469957,3469957,1,snv_mnv,NA,NA,"broad,muse,sanger",3,COSN16631215,NA,L1ME1,FALSE,0.0541,NA,4,70,NA,NA,NA,lincRNA,FALSE,FALSE,FALSE,FALSE,3,2,1,2_1,754d26af-f184-497c-856a-cd1ea7a5115c,NA
5,3714224,3714224,1,snv_mnv,NA,NA,"broad,dkfz,muse,sanger",4,COSN16629254,NA,MER34,FALSE,0.1731,NA,9,43,NA,NA,NA,IGR,FALSE,FALSE,FALSE,FALSE,3,2,1,2_1,754d26af-f184-497c-856a-cd1ea7a5115c,NA
5,4221117,4221117,1,snv_mnv,NA,NA,"broad,muse,sanger",3,COSN16629999,NA,NA,FALSE,0.1154,NA,6,46,NA,NA,NA,IGR,FALSE,FALSE,TRUE,FALSE,3,2,1,2_1,754d26af-f184-497c-856a-cd1ea7a5115c,NA
5,4542733,4542733,1,snv_mnv,NA,NA,"broad,dkfz,muse,sanger",4,COSN16629255,NA,NA,FALSE,0.0943,NA,5,48,NA,NA,NA,lincRNA,FALSE,FALSE,FALSE,FALSE,3,2,1,2_1,754d26af-f184-497c-856a-cd1ea7a5115c,NA
5,5444009,5444009,1,snv_mnv,NA,NA,"broad,dkfz,muse,sanger",4,COSN16630420,NA,NA,FALSE,0.1184,NA,9,67,NA,NA,NA,Intron,FALSE,FALSE,FALSE,FALSE,3,2,1,2_1,754d26af-f184-497c-856a-cd1ea7a5115c,NA
5,6190561,6190561,1,snv_mnv,NA,NA,"broad,muse",2,COSN16631524,NA,AluSx,FALSE,0.1351,NA,5,32,NA,NA,NA,IGR,FALSE,FALSE,FALSE,FALSE,3,2,1,2_1,754d26af-f184-497c-856a-cd1ea7a5115c,NA
5,6198511,6198511,1,snv_mnv,NA,NA,"broad,dkfz,muse,sanger",4,COSN16632840,rs576926070,NA,FALSE,0.2391,NA,11,35,NA,NA,NA,IGR,FALSE,FALSE,FALSE,FALSE,3,2,1,2_1,754d26af-f184-497c-856a-cd1ea7a5115c,NA
5,6573024,6573024,1,snv_mnv,NA,NA,"broad,dkfz,muse,sanger",4,COSN16631216,NA,NA,FALSE,0.2273,NA,5,17,NA,NA,NA,IGR,FALSE,FALSE,FALSE,FALSE,3,2,1,2_1,754d26af-f184-497c-856a-cd1ea7a5115c,NA
5,6978415,6978415,1,snv_mnv,NA,NA,"broad,dkfz,muse,sanger",4,COSN16632065,NA,NA,FALSE,0.1404,NA,8,49,NA,NA,NA,lincRNA,FALSE,FALSE,FALSE,FALSE,3,2,1,2_1,754d26af-f184-497c-856a-cd1ea7a5115c,NA
5,7253906,7253906,1,snv_mnv,NA,NA,"broad,muse,sanger",3,COSN16630519,NA,L1ME3A,FALSE,0.0667,NA,4,56,NA,NA,NA,IGR,FALSE,FALSE,FALSE,FALSE,3,2,1,2_1,754d26af-f184-497c-856a-cd1ea7a5115c,NA
5,8781750,8781750,1,snv_mnv,NA,NA,"broad,dkfz,muse,sanger",4,COSN16631104,NA,MLT1A0,FALSE,0.1905,NA,12,51,NA,NA,NA,IGR,FALSE,FALSE,FALSE,FALSE,3,2,1,2_1,754d26af-f184-497c-856a-cd1ea7a5115c,AC091932.1
5,9062998,9062998,1,snv_mnv,NA,NA,"broad,dkfz,muse,sanger",4,COSM4962677,NA,NA,FALSE,0.2,NA,10,40,NA,NA,NA,Splice_Site,FALSE,FALSE,FALSE,FALSE,3,2,1,2_1,754d26af-f184-497c-856a-cd1ea7a5115c,NA
5,9502341,9502341,1,snv_mnv,NA,NA,"broad,dkfz,muse,sanger",4,COSN16630614,NA,NA,FALSE,0.1379,NA,8,50,NA,NA,NA,Intron,FALSE,FALSE,FALSE,FALSE,3,2,1,2_1,754d26af-f184-497c-856a-cd1ea7a5115c,AC027335.2
5,11546721,11546721,1,snv_mnv,NA,NA,"broad,dkfz,muse,sanger",4,COSN16630957,NA,L1ME3E,FALSE,0.1607,NA,9,47,NA,NA,NA,Intron,FALSE,FALSE,FALSE,FALSE,3,2,1,2_1,754d26af-f184-497c-856a-cd1ea7a5115c,NA
5,12053190,12053190,1,snv_mnv,NA,NA,"broad,dkfz,muse,sanger",4,COSN16630907,NA,MER6B,FALSE,0.1493,NA,10,57,NA,NA,NA,IGR,FALSE,FALSE,TRUE,FALSE,3,2,1,2_1,754d26af-f184-497c-856a-cd1ea7a5115c,NA
5,12692267,12692267,1,snv_mnv,NA,NA,"broad,dkfz,muse,sanger",4,COSN16629330,NA,NA,FALSE,0.1077,NA,7,58,NA,NA,NA,IGR,FALSE,FALSE,FALSE,FALSE,3,2,1,2_1,754d26af-f184-497c-856a-cd1ea7a5115c,NA
5,12743754,12743754,1,snv_mnv,NA,NA,"broad,dkfz,muse,sanger",4,COSN16631525,NA,AluSg4,FALSE,0.1698,NA,9,44,NA,NA,NA,IGR,FALSE,FALSE,FALSE,FALSE,3,2,1,2_1,754d26af-f184-497c-856a-cd1ea7a5115c,NA
5,13011980,13011980,1,snv_mnv,NA,NA,"broad,dkfz,muse,sanger",4,COSN16629824,NA,L1ME1,FALSE,0.061,NA,5,77,NA,NA,NA,lincRNA,FALSE,FALSE,FALSE,FALSE,3,2,1,2_1,754d26af-f184-497c-856a-cd1ea7a5115c,NA
5,13776481,13776481,1,snv_mnv,NA,NA,"broad,dkfz,muse,sanger",4,COSN16630332,NA,NA,FALSE,0.082,NA,5,56,NA,NA,NA,Intron,FALSE,FALSE,FALSE,FALSE,3,2,1,2_1,754d26af-f184-497c-856a-cd1ea7a5115c,NA
5,14344976,14344976,1,snv_mnv,NA,NA,"broad,dkfz,muse,sanger",4,COSN16633015,NA,NA,FALSE,0.1045,NA,7,60,NA,NA,NA,Intron,FALSE,FALSE,FALSE,FALSE,3,2,1,2_1,754d26af-f184-497c-856a-cd1ea7a5115c,NA
5,14863303,14863303,1,snv_mnv,NA,NA,"broad,dkfz,muse,sanger",4,COSN16629678,NA,NA,FALSE,0.1064,NA,5,42,NA,NA,NA,Intron,FALSE,FALSE,FALSE,FALSE,3,2,1,2_1,754d26af-f184-497c-856a-cd1ea7a5115c,NA
5,15270932,15270932,1,snv_mnv,NA,NA,"broad,dkfz,muse,sanger",4,COSN16631953,NA,MamGypLTR2b,FALSE,0.1176,NA,8,60,NA,NA,NA,IGR,FALSE,FALSE,FALSE,FALSE,3,2,1,2_1,754d26af-f184-497c-856a-cd1ea7a5115c,LINC02149
5,15465632,15465632,1,snv_mnv,NA,NA,"broad,muse",2,COSN16632609,NA,NA,FALSE,0.0533,NA,4,71,NA,NA,NA,IGR,FALSE,FALSE,TRUE,FALSE,3,2,1,2_1,754d26af-f184-497c-856a-cd1ea7a5115c,NA
5,16310419,16310419,1,snv_mnv,NA,NA,"broad,dkfz,muse,sanger",4,COSN16630958,NA,NA,FALSE,0.1887,NA,10,43,NA,NA,NA,IGR,FALSE,FALSE,FALSE,FALSE,3,2,1,2_1,754d26af-f184-497c-856a-cd1ea7a5115c,NA
5,16510360,16510360,1,snv_mnv,NA,NA,"broad,dkfz,muse,sanger",4,COSN16631954,NA,NA,FALSE,0.1455,NA,8,47,NA,NA,NA,Intron,FALSE,FALSE,FALSE,FALSE,3,2,1,2_1,754d26af-f184-497c-856a-cd1ea7a5115c,RETREG1
5,17182541,17182541,1,snv_mnv,NA,NA,"broad,muse,sanger",3,COSN16633113,NA,NA,FALSE,0.1026,NA,4,35,NA,NA,NA,RNA,FALSE,FALSE,FALSE,FALSE,3,2,1,2_1,754d26af-f184-497c-856a-cd1ea7a5115c,NA
5,17332131,17332131,1,snv_mnv,NA,NA,"broad,dkfz,muse,sanger",4,COSN16628880,NA,AluSq,FALSE,0.1077,NA,7,58,NA,NA,NA,IGR,FALSE,FALSE,FALSE,FALSE,3,2,1,2_1,754d26af-f184-497c-856a-cd1ea7a5115c,NA
5,17682138,17682138,1,snv_mnv,NA,NA,"broad,dkfz,muse,sanger",4,COSN16632301,NA,NA,FALSE,0.1346,NA,7,45,NA,NA,NA,IGR,FALSE,FALSE,FALSE,FALSE,3,2,1,2_1,754d26af-f184-497c-856a-cd1ea7a5115c,LINC02223
5,17941721,17941721,1,snv_mnv,NA,NA,"broad,dkfz,muse,sanger",4,COSN16632278,NA,NA,FALSE,0.0685,NA,5,68,NA,NA,NA,IGR,FALSE,FALSE,FALSE,FALSE,3,2,1,2_1,754d26af-f184-497c-856a-cd1ea7a5115c,NA
5,18689987,18689987,1,snv_mnv,NA,NA,"dkfz,muse,sanger",3,COSN16630928,NA,NA,FALSE,0.1039,NA,8,69,NA,NA,NA,IGR,FALSE,FALSE,FALSE,FALSE,3,2,1,2_1,754d26af-f184-497c-856a-cd1ea7a5115c,NA
5,18708674,18708674,1,snv_mnv,NA,NA,"broad,dkfz,muse,sanger",4,COSN16632610,NA,L1PA7,FALSE,0.15,NA,9,51,NA,NA,NA,lincRNA,FALSE,FALSE,FALSE,FALSE,3,2,1,2_1,754d26af-f184-497c-856a-cd1ea7a5115c,NA
5,19796007,19796007,1,snv_mnv,NA,NA,"broad,dkfz,muse,sanger",4,COSN16631162,NA,L1MDa,FALSE,0.0986,NA,7,64,NA,NA,NA,Intron,FALSE,FALSE,FALSE,FALSE,3,2,1,2_1,754d26af-f184-497c-856a-cd1ea7a5115c,NA
5,20332004,20332004,1,snv_mnv,NA,NA,"broad,dkfz,muse,sanger",4,COSN16629548,NA,NA,FALSE,0.1034,NA,6,52,NA,NA,NA,Intron,FALSE,FALSE,FALSE,FALSE,3,2,1,2_1,754d26af-f184-497c-856a-cd1ea7a5115c,CDH18-AS1
5,20498113,20498113,1,snv_mnv,NA,NA,"broad,muse,sanger",3,COSN16632302,NA,MLT1A0,FALSE,0.0645,NA,4,58,NA,NA,NA,Intron,FALSE,FALSE,FALSE,FALSE,3,2,1,2_1,754d26af-f184-497c-856a-cd1ea7a5115c,NA
5,20505300,20505300,1,snv_mnv,NA,NA,"broad,dkfz,muse,sanger",4,COSN16631670,NA,NA,FALSE,0.0952,NA,6,57,NA,NA,NA,Intron,FALSE,FALSE,FALSE,FALSE,3,2,1,2_1,754d26af-f184-497c-856a-cd1ea7a5115c,NA
5,20518574,20518574,1,snv_mnv,NA,NA,"broad,dkfz,muse,sanger",4,COSN16631438,NA,MamRep1527,FALSE,0.0714,NA,5,65,NA,NA,NA,Intron,FALSE,FALSE,FALSE,FALSE,3,2,1,2_1,754d26af-f184-497c-856a-cd1ea7a5115c,NA
5,20642842,20642842,1,snv_mnv,NA,NA,"dkfz,muse,sanger",3,COSN16630553,NA,NA,FALSE,0.1622,NA,6,31,NA,NA,NA,lincRNA,FALSE,FALSE,FALSE,FALSE,3,2,1,2_1,754d26af-f184-497c-856a-cd1ea7a5115c,NA
5,20939154,20939154,1,snv_mnv,NA,NA,"broad,dkfz,muse,sanger",4,COSN16630698,rs189578357,NA,FALSE,0.0882,NA,6,62,NA,NA,NA,lincRNA,FALSE,FALSE,FALSE,FALSE,3,2,1,2_1,754d26af-f184-497c-856a-cd1ea7a5115c,LINC02241
5,21786051,21786051,1,snv_mnv,NA,NA,"broad,muse,sanger",3,COSN16630000,NA,Tigger1,FALSE,0.0847,NA,5,54,NA,NA,NA,Intron,FALSE,FALSE,FALSE,FALSE,3,2,1,2_1,754d26af-f184-497c-856a-cd1ea7a5115c,NA
5,21871058,21871058,1,snv_mnv,NA,NA,"broad,dkfz,muse,sanger",4,COSN16631105,NA,AluJb,FALSE,0.2388,NA,16,51,NA,NA,NA,Intron,FALSE,FALSE,FALSE,FALSE,3,2,1,2_1,754d26af-f184-497c-856a-cd1ea7a5115c,NA
5,22808796,22808796,1,snv_mnv,NA,NA,"broad,dkfz,muse,sanger",4,COSN16633016,NA,AluSc,FALSE,0.1333,NA,6,39,NA,NA,NA,Intron,FALSE,FALSE,FALSE,FALSE,3,2,1,2_1,754d26af-f184-497c-856a-cd1ea7a5115c,NA
5,22974739,22974739,1,snv_mnv,NA,NA,"broad,dkfz,muse,sanger",4,COSN16629172,NA,HERVH-int,FALSE,0.1562,NA,10,54,NA,NA,NA,IGR,FALSE,FALSE,FALSE,FALSE,3,2,1,2_1,754d26af-f184-497c-856a-cd1ea7a5115c,NA
5,23378294,23378294,1,snv_mnv,NA,NA,"broad,muse",2,COSN16630474,NA,L1M3,FALSE,0.0816,NA,4,45,NA,NA,NA,IGR,FALSE,FALSE,FALSE,FALSE,3,2,1,2_1,754d26af-f184-497c-856a-cd1ea7a5115c,NA
5,23478804,23478804,1,snv_mnv,NA,NA,"broad,muse,sanger",3,COSN16632066,NA,L2a,FALSE,0.0822,NA,6,67,NA,NA,NA,IGR,FALSE,FALSE,FALSE,FALSE,3,2,1,2_1,754d26af-f184-497c-856a-cd1ea7a5115c,NA
5,23484442,23484442,1,snv_mnv,1.9968e-4,rs568693832,"broad,dkfz,muse,sanger",4,COSN16632520,rs568693832,NA,FALSE,0.0847,NA,5,54,NA,NA,NA,IGR,FALSE,FALSE,FALSE,FALSE,3,2,1,2_1,754d26af-f184-497c-856a-cd1ea7a5115c,NA
5,23485201,23485201,1,snv_mnv,NA,NA,"broad,dkfz,muse,sanger",4,COSN16628988,NA,AluJb,FALSE,0.1719,NA,11,53,NA,NA,NA,IGR,FALSE,FALSE,FALSE,FALSE,3,2,1,2_1,754d26af-f184-497c-856a-cd1ea7a5115c,NA
5,23551513,23551513,1,snv_mnv,NA,NA,"broad,dkfz,muse,sanger",4,COSN16629964,NA,NA,FALSE,0.1562,NA,10,54,NA,NA,NA,IGR,FALSE,FALSE,FALSE,FALSE,3,2,1,2_1,754d26af-f184-497c-856a-cd1ea7a5115c,NA
5,23589634,23589634,1,snv_mnv,NA,NA,"broad,dkfz,muse,sanger",4,COSN16632521,NA,L1PB1,FALSE,0.1029,NA,7,61,NA,NA,NA,IGR,FALSE,FALSE,FALSE,FALSE,3,2,1,2_1,754d26af-f184-497c-856a-cd1ea7a5115c,NA
5,24262167,24262167,1,snv_mnv,NA,NA,"broad,dkfz,muse,sanger",4,COSN16631124,NA,NA,FALSE,0.0769,NA,6,72,NA,NA,NA,IGR,FALSE,FALSE,FALSE,FALSE,3,2,1,2_1,754d26af-f184-497c-856a-cd1ea7a5115c,NA
5,24377715,24377715,1,snv_mnv,NA,NA,"broad,muse,sanger",3,COSN16629115,NA,LTR16E1,FALSE,0.1053,NA,6,51,NA,NA,NA,IGR,FALSE,FALSE,FALSE,FALSE,3,2,1,2_1,754d26af-f184-497c-856a-cd1ea7a5115c,NA
5,25251502,25251502,1,snv_mnv,NA,NA,"broad,dkfz,muse,sanger",4,COSN16633338,NA,L1PA13,FALSE,0.137,NA,10,63,NA,NA,NA,lincRNA,FALSE,FALSE,FALSE,FALSE,3,2,1,2_1,754d26af-f184-497c-856a-cd1ea7a5115c,NA
5,25267138,25267138,1,snv_mnv,NA,NA,"broad,dkfz,muse,sanger",4,COSN16631386,NA,L1PA13,FALSE,0.075,NA,6,74,NA,NA,NA,lincRNA,FALSE,FALSE,FALSE,FALSE,3,2,1,2_1,754d26af-f184-497c-856a-cd1ea7a5115c,NA
5,25588402,25588402,1,snv_mnv,NA,NA,"broad,muse,sanger",3,COSN16631387,NA,L1M5,FALSE,0.0769,NA,5,60,NA,NA,NA,IGR,FALSE,FALSE,FALSE,FALSE,3,2,1,2_1,754d26af-f184-497c-856a-cd1ea7a5115c,NA
5,25673023,25673023,1,snv_mnv,NA,NA,"broad,dkfz,muse,sanger",4,COSN16629702,NA,NA,FALSE,0.1017,NA,6,53,NA,NA,NA,IGR,FALSE,FALSE,TRUE,FALSE,3,2,1,2_1,754d26af-f184-497c-856a-cd1ea7a5115c,NA
5,25934533,25934533,1,snv_mnv,NA,NA,"broad,dkfz,muse,sanger",4,COSN16630520,NA,NA,FALSE,0.1,NA,6,54,NA,NA,NA,IGR,FALSE,FALSE,FALSE,FALSE,3,2,1,2_1,754d26af-f184-497c-856a-cd1ea7a5115c,NA
5,26235018,26235018,1,snv_mnv,NA,NA,"broad,muse,sanger",3,COSN16633310,NA,L1MEf,FALSE,0.0635,NA,4,59,NA,NA,NA,IGR,FALSE,FALSE,TRUE,FALSE,3,2,1,2_1,754d26af-f184-497c-856a-cd1ea7a5115c,NA
5,26311777,26311777,1,snv_mnv,NA,NA,"broad,muse,sanger",3,COSN16630047,NA,L1M5,FALSE,0.0667,NA,4,56,NA,NA,NA,IGR,FALSE,FALSE,FALSE,FALSE,3,2,1,2_1,754d26af-f184-497c-856a-cd1ea7a5115c,NA
5,26425689,26425689,1,snv_mnv,NA,NA,"broad,dkfz,muse,sanger",4,COSN16629199,NA,AluSq2,FALSE,0.1406,NA,9,55,NA,NA,NA,IGR,FALSE,FALSE,FALSE,FALSE,3,2,1,2_1,754d26af-f184-497c-856a-cd1ea7a5115c,NA
5,26488826,26488826,1,snv_mnv,NA,NA,"broad,dkfz,muse,sanger",4,COSN16630929,NA,HERV35I-int,FALSE,0.1972,NA,14,57,NA,NA,NA,IGR,FALSE,FALSE,FALSE,FALSE,3,2,1,2_1,754d26af-f184-497c-856a-cd1ea7a5115c,NA
5,26917833,26917833,1,snv_mnv,NA,NA,"broad,dkfz,muse,sanger",4,COSN16630930,NA,L2b,FALSE,0.1077,NA,7,58,NA,NA,NA,Intron,FALSE,FALSE,FALSE,FALSE,3,2,1,2_1,754d26af-f184-497c-856a-cd1ea7a5115c,NA
5,26939667,26939667,1,snv_mnv,NA,NA,"broad,muse,sanger",3,COSN16631260,NA,NA,FALSE,0.0746,NA,5,62,NA,NA,NA,Intron,FALSE,FALSE,FALSE,FALSE,3,2,1,2_1,754d26af-f184-497c-856a-cd1ea7a5115c,NA
5,26994906,26994906,1,snv_mnv,NA,NA,"broad,dkfz,muse,sanger",4,COSN16629985,NA,NA,FALSE,0.14,NA,7,43,NA,NA,NA,Intron,FALSE,FALSE,FALSE,FALSE,3,2,1,2_1,754d26af-f184-497c-856a-cd1ea7a5115c,NA
5,27223867,27223867,1,snv_mnv,NA,NA,"broad,dkfz,muse,sanger",4,COSN16631559,NA,NA,FALSE,0.0714,NA,6,78,NA,NA,NA,IGR,FALSE,FALSE,FALSE,FALSE,3,2,1,2_1,754d26af-f184-497c-856a-cd1ea7a5115c,NA
5,27509662,27509662,1,snv_mnv,NA,NA,"broad,dkfz,muse,sanger",4,COSN16633114,NA,NA,FALSE,0.0641,NA,5,73,NA,NA,NA,IGR,FALSE,FALSE,FALSE,FALSE,3,2,1,2_1,754d26af-f184-497c-856a-cd1ea7a5115c,NA
5,27576142,27576142,1,snv_mnv,NA,NA,"broad,muse,sanger",3,COSN16632759,NA,L1MA9,FALSE,0.1277,NA,6,41,NA,NA,NA,IGR,FALSE,FALSE,FALSE,FALSE,3,2,1,2_1,754d26af-f184-497c-856a-cd1ea7a5115c,NA
5,27770696,27770696,1,snv_mnv,NA,NA,"broad,dkfz,muse,sanger",4,COSN16632522,NA,NA,FALSE,0.15,NA,9,51,NA,NA,NA,IGR,FALSE,FALSE,FALSE,FALSE,3,2,1,2_1,754d26af-f184-497c-856a-cd1ea7a5115c,NA
5,28447451,28447451,1,snv_mnv,NA,NA,"broad,dkfz,muse,sanger",4,COSN16629116,NA,HERVL-int,FALSE,0.3396,NA,18,35,NA,NA,NA,IGR,FALSE,FALSE,FALSE,FALSE,3,2,1,2_1,754d26af-f184-497c-856a-cd1ea7a5115c,NA
5,29529857,29529857,1,snv_mnv,NA,NA,"broad,dkfz,muse,sanger",4,COSN16629549,NA,L1MCc,FALSE,0.175,NA,7,33,NA,NA,NA,IGR,FALSE,FALSE,FALSE,FALSE,3,2,1,2_1,754d26af-f184-497c-856a-cd1ea7a5115c,NA
5,29731287,29731287,1,snv_mnv,NA,NA,"broad,dkfz,muse,sanger",4,COSN16632730,NA,L1MEc,FALSE,0.2097,NA,13,49,NA,NA,NA,IGR,FALSE,FALSE,FALSE,FALSE,3,2,1,2_1,754d26af-f184-497c-856a-cd1ea7a5115c,NA
5,30112749,30112749,1,snv_mnv,NA,NA,"broad,dkfz,muse,sanger",4,COSN16632009,NA,NA,FALSE,0.2041,NA,10,39,NA,NA,NA,IGR,FALSE,FALSE,FALSE,FALSE,3,2,1,2_1,754d26af-f184-497c-856a-cd1ea7a5115c,NA
5,30234612,30234612,1,snv_mnv,NA,NA,"broad,muse,sanger",3,COSN16629359,NA,MER57B1,FALSE,0.0851,NA,4,43,NA,NA,NA,IGR,FALSE,FALSE,FALSE,FALSE,3,2,1,2_1,754d26af-f184-497c-856a-cd1ea7a5115c,NA
5,30788350,30788350,1,snv_mnv,NA,NA,"broad,dkfz,muse,sanger",4,COSN16630394,NA,NA,FALSE,0.1111,NA,7,56,NA,NA,NA,IGR,FALSE,FALSE,FALSE,FALSE,3,2,1,2_1,754d26af-f184-497c-856a-cd1ea7a5115c,NA
5,30849916,30849916,1,snv_mnv,NA,NA,"broad,dkfz,muse,sanger",4,COSN16629283,NA,MER94,FALSE,0.1667,NA,10,50,NA,NA,NA,IGR,FALSE,FALSE,FALSE,FALSE,3,2,1,2_1,754d26af-f184-497c-856a-cd1ea7a5115c,NA
5,31018904,31018904,1,snv_mnv,NA,NA,"broad,sanger",2,COSN16631318,NA,AluY,FALSE,0.1786,NA,5,23,NA,NA,NA,IGR,FALSE,FALSE,FALSE,FALSE,3,2,1,2_1,754d26af-f184-497c-856a-cd1ea7a5115c,NA
5,32814683,32814683,1,snv_mnv,NA,NA,"broad,dkfz,muse,sanger",4,COSN16631955,NA,NA,FALSE,0.1733,NA,13,62,NA,NA,NA,IGR,FALSE,FALSE,FALSE,FALSE,3,2,1,2_1,754d26af-f184-497c-856a-cd1ea7a5115c,NA
5,32948844,32948844,1,snv_mnv,NA,NA,"muse,sanger",2,COSN16632397,NA,MADE2,FALSE,0.0784,NA,4,47,NA,NA,NA,lincRNA,FALSE,FALSE,FALSE,FALSE,3,2,1,2_1,754d26af-f184-497c-856a-cd1ea7a5115c,LINC02120
5,33184313,33184313,1,snv_mnv,NA,NA,"broad,dkfz,muse,sanger",4,COSN16632731,NA,NA,FALSE,0.1268,NA,9,62,NA,NA,NA,lincRNA,FALSE,FALSE,FALSE,FALSE,3,2,1,2_1,754d26af-f184-497c-856a-cd1ea7a5115c,NA
5,33630994,33630994,1,snv_mnv,NA,NA,"broad,muse",2,COSM385570,rs150961483,NA,FALSE,0.0816,NA,4,45,NA,NA,NA,Missense_Mutation,FALSE,FALSE,FALSE,FALSE,3,2,1,2_1,754d26af-f184-497c-856a-cd1ea7a5115c,NA
5,34283783,34283783,1,snv_mnv,NA,NA,"broad,muse,sanger",3,COSN16630782,NA,L1MC4a,FALSE,0.2373,NA,14,45,NA,NA,NA,IGR,FALSE,FALSE,FALSE,FALSE,3,2,1,2_1,754d26af-f184-497c-856a-cd1ea7a5115c,NA
5,35141538,35141538,1,snv_mnv,NA,NA,"broad,muse,sanger",3,COSN16632279,NA,MIR3,FALSE,0.0667,NA,4,56,NA,NA,NA,Intron,FALSE,FALSE,FALSE,FALSE,3,2,1,2_1,754d26af-f184-497c-856a-cd1ea7a5115c,NA
5,35221488,35221488,1,snv_mnv,NA,NA,"broad,muse,sanger",3,COSN16631125,NA,NA,FALSE,0.0923,NA,6,59,NA,NA,NA,Intron,FALSE,FALSE,FALSE,FALSE,3,2,1,2_1,754d26af-f184-497c-856a-cd1ea7a5115c,NA
5,35246718,35246718,1,snv_mnv,NA,NA,"broad,dkfz,muse,sanger",4,COSN16630207,NA,NA,FALSE,0.1579,NA,6,32,NA,NA,NA,IGR,FALSE,FALSE,FALSE,FALSE,3,2,1,2_1,754d26af-f184-497c-856a-cd1ea7a5115c,NA
5,36677222,36677222,1,snv_mnv,1.9968e-4,rs146929198,"broad,dkfz,muse,sanger",4,COSM4962687,rs146929198,NA,FALSE,0.1538,NA,8,44,NA,NA,NA,Missense_Mutation,FALSE,FALSE,FALSE,FALSE,3,2,1,2_1,754d26af-f184-497c-856a-cd1ea7a5115c,SLC1A3
5,37157386,37157386,1,snv_mnv,NA,NA,"broad,dkfz,muse,sanger",4,COSN16632577,NA,NA,FALSE,0.1059,NA,9,76,NA,NA,NA,Intron,FALSE,FALSE,FALSE,FALSE,3,2,1,2_1,754d26af-f184-497c-856a-cd1ea7a5115c,CPLANE1
5,37945419,37945419,1,snv_mnv,NA,NA,"broad,muse,sanger",3,COSN16633220,NA,MLT2C1,FALSE,0.1429,NA,5,30,NA,NA,NA,lincRNA,FALSE,FALSE,FALSE,FALSE,3,2,1,2_1,754d26af-f184-497c-856a-cd1ea7a5115c,LINC02110
5,38305565,38305565,1,snv_mnv,NA,NA,"broad,dkfz,muse,sanger",4,COSN16629086,NA,HAL1,FALSE,0.0938,NA,6,58,NA,NA,NA,Intron,FALSE,FALSE,TRUE,FALSE,3,2,1,2_1,754d26af-f184-497c-856a-cd1ea7a5115c,NA
5,38342118,38342118,1,snv_mnv,NA,NA,"broad,dkfz,muse,sanger",4,COSN16631977,NA,NA,FALSE,0.1887,NA,10,43,NA,NA,NA,Intron,FALSE,FALSE,FALSE,FALSE,3,2,1,2_1,754d26af-f184-497c-856a-cd1ea7a5115c,EGFLAM-AS3
5,38521349,38521349,1,snv_mnv,NA,NA,"broad,muse,sanger",3,COSN16631052,NA,L1MA4A,FALSE,0.0816,NA,4,45,NA,NA,NA,Intron,FALSE,FALSE,FALSE,FALSE,3,2,1,2_1,754d26af-f184-497c-856a-cd1ea7a5115c,NA
5,39608179,39608179,1,snv_mnv,NA,NA,"dkfz,muse,sanger",3,COSN16630814,NA,MIRb,FALSE,0.1129,NA,7,55,NA,NA,NA,IGR,FALSE,FALSE,FALSE,FALSE,3,2,1,2_1,754d26af-f184-497c-856a-cd1ea7a5115c,NA
5,39635957,39635957,1,snv_mnv,NA,NA,"broad,dkfz,muse,sanger",4,COSN16629284,NA,NA,FALSE,0.1034,NA,6,52,NA,NA,NA,IGR,FALSE,FALSE,FALSE,TRUE,3,2,1,2_1,754d26af-f184-497c-856a-cd1ea7a5115c,NA
5,40947536,40947536,1,snv_mnv,NA,NA,"broad,muse,sanger",3,COSN15844503,rs753335891,NA,FALSE,0.0714,NA,4,52,NA,NA,NA,Intron,FALSE,FALSE,FALSE,FALSE,3,2,1,2_1,754d26af-f184-497c-856a-cd1ea7a5115c,C7
5,41008929,41008929,1,snv_mnv,NA,NA,"broad,dkfz,muse,sanger",4,COSN16630111,NA,NA,FALSE,0.1875,NA,9,39,NA,NA,NA,Intron,FALSE,FALSE,FALSE,FALSE,3,2,1,2_1,754d26af-f184-497c-856a-cd1ea7a5115c,NA
5,42260316,42260316,1,snv_mnv,0.0013978,rs185549176,"broad,muse",2,COSN16632036,rs185549176,L1PA4,FALSE,0.093,NA,4,39,NA,NA,NA,IGR,FALSE,FALSE,FALSE,FALSE,3,2,1,2_1,754d26af-f184-497c-856a-cd1ea7a5115c,NA
5,42993462,42993462,1,snv_mnv,NA,NA,"broad,dkfz,sanger",3,COSN16629256,NA,NA,FALSE,0.1081,NA,4,33,NA,NA,NA,IGR,FALSE,FALSE,FALSE,FALSE,3,2,1,2_1,754d26af-f184-497c-856a-cd1ea7a5115c,NA
5,43566489,43566489,1,snv_mnv,NA,NA,"broad,dkfz,muse,sanger",4,COSN16631289,NA,PRIMA41-int,FALSE,0.12,NA,9,66,NA,NA,NA,IGR,FALSE,FALSE,FALSE,FALSE,3,2,1,2_1,754d26af-f184-497c-856a-cd1ea7a5115c,NA
5,44309527,44309527,1,snv_mnv,NA,NA,"broad,muse,sanger",3,COSN16629736,NA,L2c,FALSE,0.0769,NA,5,60,NA,NA,NA,Intron,FALSE,FALSE,FALSE,FALSE,3,2,1,2_1,754d26af-f184-497c-856a-cd1ea7a5115c,NA
5,44635507,44635507,1,snv_mnv,NA,NA,"broad,dkfz,muse",3,COSN16629228,NA,MIRb,FALSE,0.1364,NA,9,57,NA,NA,NA,IGR,FALSE,FALSE,FALSE,FALSE,3,2,1,2_1,754d26af-f184-497c-856a-cd1ea7a5115c,NA
5,45559597,45559597,1,snv_mnv,NA,NA,"broad,dkfz,muse,sanger",4,COSN16631978,NA,Tigger1,FALSE,0.1013,NA,8,71,NA,NA,NA,Intron,FALSE,FALSE,FALSE,FALSE,3,2,1,2_1,754d26af-f184-497c-856a-cd1ea7a5115c,NA
5,45564101,45564101,1,snv_mnv,NA,NA,"broad,dkfz,muse,sanger",4,COSN16629737,NA,NA,FALSE,0.0862,NA,5,53,NA,NA,NA,Intron,FALSE,FALSE,FALSE,FALSE,3,2,1,2_1,754d26af-f184-497c-856a-cd1ea7a5115c,AC117529.2
5,46080781,46080781,1,snv_mnv,NA,NA,"broad,muse",2,COSN16632670,NA,ALR/Alpha,FALSE,0.1857,NA,13,57,NA,NA,NA,IGR,FALSE,FALSE,FALSE,FALSE,3,2,1,2_1,754d26af-f184-497c-856a-cd1ea7a5115c,NA
5,49543609,49543609,1,snv_mnv,NA,NA,"broad,muse",2,COSN16632551,NA,ALR/Alpha,FALSE,0.125,NA,9,63,NA,NA,NA,IGR,FALSE,FALSE,TRUE,FALSE,3,2,1,2_1,754d26af-f184-497c-856a-cd1ea7a5115c,NA
5,50277275,50277275,1,snv_mnv,1.9968e-4,rs537885252,"broad,muse,sanger",3,COSN16631728,rs537885252,NA,FALSE,0.0816,NA,4,45,NA,NA,NA,IGR,FALSE,FALSE,FALSE,FALSE,3,2,1,2_1,754d26af-f184-497c-856a-cd1ea7a5115c,NA
5,50315615,50315615,1,snv_mnv,NA,NA,"broad,muse",2,COSN16632872,rs765999269,MER5A,FALSE,0.0702,NA,4,53,NA,NA,NA,IGR,FALSE,FALSE,FALSE,FALSE,3,2,1,2_1,754d26af-f184-497c-856a-cd1ea7a5115c,NA
5,51398272,51398272,1,snv_mnv,1.9968e-4,rs564290174,"broad,dkfz,muse,sanger",4,COSN16632981,rs564290174,L1PA4,FALSE,0.2222,NA,10,35,NA,NA,NA,IGR,FALSE,FALSE,FALSE,FALSE,3,2,1,2_1,754d26af-f184-497c-856a-cd1ea7a5115c,NA
5,51625438,51625438,1,snv_mnv,1.9968e-4,rs568135580,"broad,dkfz,muse",3,COSN16631928,rs568135580,LTR50,FALSE,0.0779,NA,6,71,NA,NA,NA,IGR,FALSE,FALSE,FALSE,FALSE,3,2,1,2_1,754d26af-f184-497c-856a-cd1ea7a5115c,NA
5,53727946,53727946,1,snv_mnv,NA,NA,"broad,dkfz,muse,sanger",4,COSN16629285,NA,AluJr,FALSE,0.2,NA,11,44,NA,NA,NA,IGR,FALSE,FALSE,FALSE,FALSE,3,2,1,2_1,754d26af-f184-497c-856a-cd1ea7a5115c,NA
5,54325642,54325642,1,snv_mnv,NA,NA,"broad,dkfz,muse,sanger",4,COSN16633366,NA,AluJr,FALSE,0.25,NA,13,39,NA,NA,NA,Intron,FALSE,FALSE,FALSE,FALSE,3,2,1,2_1,754d26af-f184-497c-856a-cd1ea7a5115c,"AC034238.1,GZMK"
5,54715569,54715569,1,snv_mnv,NA,NA,"broad,muse,sanger",3,COSN16631979,NA,NA,FALSE,0.0727,NA,4,51,NA,NA,NA,Intron,FALSE,FALSE,TRUE,FALSE,3,2,1,2_1,754d26af-f184-497c-856a-cd1ea7a5115c,MTREX
5,54906905,54906905,1,snv_mnv,NA,NA,"broad,muse,sanger",3,COSN16633339,NA,AluSg,FALSE,0.125,NA,4,28,NA,NA,NA,IGR,FALSE,FALSE,FALSE,FALSE,3,2,1,2_1,754d26af-f184-497c-856a-cd1ea7a5115c,NA
5,56749559,56749559,1,snv_mnv,NA,NA,"broad,dkfz,muse,sanger",4,COSN16632146,NA,NA,FALSE,0.1429,NA,9,54,NA,NA,NA,RNA,FALSE,FALSE,FALSE,FALSE,3,2,1,2_1,754d26af-f184-497c-856a-cd1ea7a5115c,NA
5,56864619,56864619,1,snv_mnv,NA,NA,"broad,dkfz,muse,sanger",4,COSN16633163,NA,NA,FALSE,0.1067,NA,8,67,NA,NA,NA,IGR,FALSE,FALSE,FALSE,FALSE,3,2,1,2_1,754d26af-f184-497c-856a-cd1ea7a5115c,NA
5,57462440,57462440,1,snv_mnv,NA,NA,"broad,dkfz,muse,sanger",4,COSN16630112,NA,NA,FALSE,0.1569,NA,8,43,NA,NA,NA,IGR,FALSE,FALSE,FALSE,FALSE,3,2,1,2_1,754d26af-f184-497c-856a-cd1ea7a5115c,PGAM1P1
5,58653046,58653046,1,snv_mnv,NA,NA,"broad,dkfz,muse,sanger",4,COSN16629021,NA,NA,FALSE,0.1636,NA,9,46,NA,NA,NA,Intron,FALSE,FALSE,FALSE,FALSE,3,2,1,2_1,754d26af-f184-497c-856a-cd1ea7a5115c,PDE4D
5,58807477,58807477,1,snv_mnv,NA,NA,"broad,muse,sanger",3,COSN16633289,NA,NA,FALSE,0.0625,NA,4,60,NA,NA,NA,Intron,FALSE,FALSE,FALSE,FALSE,3,2,1,2_1,754d26af-f184-497c-856a-cd1ea7a5115c,NA
5,59177213,59177213,1,snv_mnv,NA,NA,"broad,dkfz,muse,sanger",4,COSN16629942,NA,NA,FALSE,0.1094,NA,7,57,NA,NA,NA,Intron,FALSE,FALSE,FALSE,FALSE,3,2,1,2_1,754d26af-f184-497c-856a-cd1ea7a5115c,NA
5,59316524,59316524,1,snv_mnv,NA,NA,"broad,dkfz,muse",3,COSN16633139,NA,(CAGCC)n,FALSE,0.2407,NA,13,41,NA,NA,NA,Intron,FALSE,FALSE,FALSE,FALSE,3,2,1,2_1,754d26af-f184-497c-856a-cd1ea7a5115c,AC034234.1
5,60249323,60249323,1,snv_mnv,NA,NA,"broad,dkfz,muse,sanger",4,COSN16631839,NA,HAL1,FALSE,0.2466,NA,18,55,NA,NA,NA,Intron,FALSE,FALSE,TRUE,FALSE,3,2,1,2_1,754d26af-f184-497c-856a-cd1ea7a5115c,NA
5,60982401,60982401,1,snv_mnv,NA,NA,"broad,muse,sanger",3,COSN16629651,NA,NA,FALSE,0.0645,NA,4,58,NA,NA,NA,Intron,FALSE,FALSE,FALSE,FALSE,3,2,1,2_1,754d26af-f184-497c-856a-cd1ea7a5115c,C5orf64
5,61439249,61439249,1,snv_mnv,NA,NA,"broad,muse",2,COSN16630554,NA,NA,FALSE,0.0588,NA,4,64,NA,NA,NA,IGR,FALSE,FALSE,FALSE,FALSE,3,2,1,2_1,754d26af-f184-497c-856a-cd1ea7a5115c,RN7SKP157
5,61458141,61458141,1,snv_mnv,NA,NA,"broad,muse,sanger",3,COSN16632841,NA,MER52A,FALSE,0.0727,NA,4,51,NA,NA,NA,IGR,FALSE,FALSE,FALSE,FALSE,3,2,1,2_1,754d26af-f184-497c-856a-cd1ea7a5115c,NA
5,62067737,62067737,1,snv_mnv,NA,NA,"broad,muse,sanger",3,COSN16632252,NA,MER44B,FALSE,0.0882,NA,6,62,NA,NA,NA,IGR,FALSE,FALSE,FALSE,FALSE,3,2,1,2_1,754d26af-f184-497c-856a-cd1ea7a5115c,ISCA1P1
5,62576113,62576113,1,snv_mnv,NA,NA,"broad,dkfz,muse,sanger",4,COSN16633115,NA,L1MB7,FALSE,0.1507,NA,11,62,NA,NA,NA,IGR,FALSE,FALSE,FALSE,FALSE,3,2,1,2_1,754d26af-f184-497c-856a-cd1ea7a5115c,NA
5,63078405,63078405,1,snv_mnv,NA,NA,"broad,muse,sanger",3,COSN16632873,NA,MIR,FALSE,0.0758,NA,5,61,NA,NA,NA,IGR,FALSE,FALSE,FALSE,FALSE,3,2,1,2_1,754d26af-f184-497c-856a-cd1ea7a5115c,NA
5,63406042,63406042,1,snv_mnv,NA,NA,"broad,muse,sanger",3,COSN16629139,NA,NA,FALSE,0.069,NA,4,54,NA,NA,NA,IGR,FALSE,FALSE,TRUE,FALSE,3,2,1,2_1,754d26af-f184-497c-856a-cd1ea7a5115c,NA
5,63650745,63650745,1,snv_mnv,NA,NA,"broad,dkfz,muse,sanger",4,COSN16633073,NA,L1MB4,FALSE,0.1014,NA,7,62,NA,NA,NA,Intron,FALSE,FALSE,FALSE,FALSE,3,2,1,2_1,754d26af-f184-497c-856a-cd1ea7a5115c,NA
5,63787764,63787764,1,snv_mnv,NA,NA,"broad,muse,sanger",3,COSN16632463,NA,L1PA15,FALSE,0.0781,NA,5,59,NA,NA,NA,IGR,FALSE,FALSE,FALSE,FALSE,3,2,1,2_1,754d26af-f184-497c-856a-cd1ea7a5115c,NA
5,65547871,65547871,1,snv_mnv,0.0015974,rs371257785,"broad,dkfz,muse",3,COSN16631290,rs371257785,NA,FALSE,0.0694,NA,5,67,NA,NA,NA,IGR,FALSE,FALSE,FALSE,FALSE,3,2,1,2_1,754d26af-f184-497c-856a-cd1ea7a5115c,NA
5,67598257,67598257,1,snv_mnv,NA,NA,"broad,dkfz,muse,sanger",4,COSN16631468,NA,NA,FALSE,0.125,NA,7,49,NA,NA,NA,IGR,FALSE,FALSE,FALSE,FALSE,3,2,1,2_1,754d26af-f184-497c-856a-cd1ea7a5115c,PIK3R1
5,68108861,68108861,1,snv_mnv,NA,NA,"broad,muse,sanger",3,COSN16629389,NA,L1MC3,FALSE,0.0615,NA,4,61,NA,NA,NA,IGR,FALSE,FALSE,FALSE,FALSE,3,2,1,2_1,754d26af-f184-497c-856a-cd1ea7a5115c,NA
5,68454514,68454514,1,snv_mnv,NA,NA,"broad,muse,sanger",3,COSN16631929,rs768132854,AluSc,FALSE,0.1111,NA,6,48,NA,NA,NA,RNA,FALSE,FALSE,FALSE,FALSE,3,2,1,2_1,754d26af-f184-497c-856a-cd1ea7a5115c,SNORA50D
5,72341007,72341007,1,snv_mnv,NA,NA,"broad,dkfz,muse,sanger",4,COSN16632874,NA,L1MD1,FALSE,0.1,NA,7,63,NA,NA,NA,Intron,FALSE,FALSE,FALSE,FALSE,3,2,1,2_1,754d26af-f184-497c-856a-cd1ea7a5115c,NA
5,73359498,73359498,1,snv_mnv,NA,NA,"broad,muse,sanger",3,COSN16631809,NA,L1MB1,FALSE,0.098,NA,5,46,NA,NA,NA,IGR,FALSE,FALSE,FALSE,FALSE,3,2,1,2_1,754d26af-f184-497c-856a-cd1ea7a5115c,NA
5,76045312,76045312,1,snv_mnv,NA,NA,"broad,muse",2,COSN16631980,NA,AluY,FALSE,0.1053,NA,4,34,NA,NA,NA,IGR,FALSE,FALSE,FALSE,FALSE,3,2,1,2_1,754d26af-f184-497c-856a-cd1ea7a5115c,NA
5,76836723,76836723,1,snv_mnv,NA,NA,"broad,dkfz,muse,sanger",4,COSN16629472,NA,NA,FALSE,0.1356,NA,8,51,NA,NA,NA,IGR,FALSE,FALSE,TRUE,FALSE,3,2,1,2_1,754d26af-f184-497c-856a-cd1ea7a5115c,RPS2P24
5,76997070,76997070,1,snv_mnv,NA,NA,"broad,muse,sanger",3,COSN16632464,NA,L1PB1,FALSE,0.0678,NA,4,55,NA,NA,NA,Intron,FALSE,FALSE,FALSE,FALSE,3,2,1,2_1,754d26af-f184-497c-856a-cd1ea7a5115c,NA
5,78615527,78615527,1,snv_mnv,NA,NA,"broad,dkfz,muse,sanger",4,COSN16633221,NA,AluSq,FALSE,0.1186,NA,7,52,NA,NA,NA,Intron,FALSE,FALSE,FALSE,FALSE,3,2,1,2_1,754d26af-f184-497c-856a-cd1ea7a5115c,NA
5,78632894,78632894,1,snv_mnv,NA,NA,"broad,dkfz,muse,sanger",4,COSN16632842,NA,L1PA6,FALSE,0.1077,NA,7,58,NA,NA,NA,IGR,FALSE,FALSE,FALSE,FALSE,3,2,1,2_1,754d26af-f184-497c-856a-cd1ea7a5115c,NA
5,79164737,79164737,1,snv_mnv,NA,NA,"muse,sanger",2,COSN16629965,NA,NA,FALSE,0.0702,NA,4,53,NA,NA,NA,IGR,FALSE,FALSE,FALSE,FALSE,3,2,1,2_1,754d26af-f184-497c-856a-cd1ea7a5115c,NA
5,79958184,79958184,1,snv_mnv,NA,NA,"broad,muse",2,COSN16632172,NA,Tigger3a,FALSE,0.0588,NA,4,64,NA,NA,NA,Intron,FALSE,FALSE,FALSE,FALSE,3,2,1,2_1,754d26af-f184-497c-856a-cd1ea7a5115c,NA
5,80462798,80462798,1,snv_mnv,NA,NA,"broad,dkfz,muse,sanger",4,COSN16631840,NA,NA,FALSE,0.2462,NA,16,49,NA,NA,NA,Intron,FALSE,FALSE,FALSE,FALSE,3,2,1,2_1,754d26af-f184-497c-856a-cd1ea7a5115c,NA
5,81721648,81721648,1,snv_mnv,NA,NA,"broad,muse,sanger",3,COSN16630333,NA,NA,FALSE,0.0597,NA,4,63,NA,NA,NA,IGR,FALSE,FALSE,FALSE,FALSE,3,2,1,2_1,754d26af-f184-497c-856a-cd1ea7a5115c,NA
5,82868290,82868290,1,snv_mnv,NA,NA,"broad,dkfz,muse,sanger",4,COSM4962674,NA,NA,FALSE,0.0972,NA,7,65,NA,NA,NA,Missense_Mutation,FALSE,FALSE,FALSE,FALSE,3,2,1,2_1,754d26af-f184-497c-856a-cd1ea7a5115c,NA
5,83863770,83863770,1,snv_mnv,NA,NA,"dkfz,muse,sanger",3,COSN16629173,rs756870533,NA,FALSE,0.0946,NA,7,67,NA,NA,NA,IGR,FALSE,FALSE,FALSE,FALSE,3,2,1,2_1,754d26af-f184-497c-856a-cd1ea7a5115c,NA
5,84205955,84205955,1,snv_mnv,1.9968e-4,rs546869125,"broad,muse,sanger",3,COSN2120948,rs546869125,AluY,FALSE,0.1429,NA,6,36,NA,NA,NA,IGR,FALSE,FALSE,FALSE,FALSE,3,2,1,2_1,754d26af-f184-497c-856a-cd1ea7a5115c,NA
5,84470251,84470251,1,snv_mnv,NA,NA,"broad,dkfz,muse,sanger",4,COSN16629361,NA,NA,FALSE,0.0806,NA,5,57,NA,NA,NA,IGR,FALSE,FALSE,FALSE,FALSE,3,2,1,2_1,754d26af-f184-497c-856a-cd1ea7a5115c,NA
5,84887242,84887242,1,snv_mnv,NA,NA,"broad,dkfz,muse,sanger",4,COSN16630783,NA,THE1A-int,FALSE,0.2,NA,10,40,NA,NA,NA,IGR,FALSE,FALSE,FALSE,FALSE,3,2,1,2_1,754d26af-f184-497c-856a-cd1ea7a5115c,NA
5,85106125,85106125,1,snv_mnv,1.9968e-4,rs565209695,"broad,dkfz,muse,sanger",4,COSN16630270,rs565209695,AluY,FALSE,0.2143,NA,6,22,NA,NA,NA,IGR,FALSE,FALSE,FALSE,TRUE,3,2,1,2_1,754d26af-f184-497c-856a-cd1ea7a5115c,NA
5,85391328,85391328,1,snv_mnv,NA,NA,"broad,dkfz,muse,sanger",4,COSN16632578,NA,NA,FALSE,0.1034,NA,6,52,NA,NA,NA,IGR,FALSE,FALSE,FALSE,FALSE,3,2,1,2_1,754d26af-f184-497c-856a-cd1ea7a5115c,NA
5,85410487,85410487,1,snv_mnv,NA,NA,"broad,dkfz,muse,sanger",4,COSN16630755,NA,MER67C,FALSE,0.1379,NA,8,50,NA,NA,NA,IGR,FALSE,FALSE,FALSE,FALSE,3,2,1,2_1,754d26af-f184-497c-856a-cd1ea7a5115c,NA
5,85604536,85604536,1,snv_mnv,NA,NA,"broad,dkfz,muse,sanger",4,COSN16632067,NA,AluSc8,FALSE,0.1818,NA,8,36,NA,NA,NA,IGR,FALSE,FALSE,FALSE,FALSE,3,2,1,2_1,754d26af-f184-497c-856a-cd1ea7a5115c,AC020923.1
5,88342845,88342845,1,snv_mnv,NA,NA,"broad,dkfz,muse,sanger",4,COSN16630699,NA,NA,FALSE,0.12,NA,6,44,NA,NA,NA,RNA,FALSE,FALSE,FALSE,FALSE,3,2,1,2_1,754d26af-f184-497c-856a-cd1ea7a5115c,NA
5,88343390,88343390,1,snv_mnv,NA,NA,"broad,dkfz,muse,sanger",4,COSN16629738,NA,NA,FALSE,0.0962,NA,5,47,NA,NA,NA,RNA,FALSE,FALSE,FALSE,FALSE,3,2,1,2_1,754d26af-f184-497c-856a-cd1ea7a5115c,NA
5,88436816,88436816,1,snv_mnv,NA,NA,"broad,muse",2,COSN16629911,NA,NA,FALSE,0.0563,NA,4,67,NA,NA,NA,RNA,FALSE,FALSE,FALSE,FALSE,3,2,1,2_1,754d26af-f184-497c-856a-cd1ea7a5115c,NA
5,88579275,88579275,1,snv_mnv,NA,NA,"broad,dkfz,muse,sanger",4,COSN16630638,NA,NA,FALSE,0.0938,NA,6,58,NA,NA,NA,RNA,FALSE,FALSE,FALSE,FALSE,3,2,1,2_1,754d26af-f184-497c-856a-cd1ea7a5115c,NA
5,88779247,88779247,1,snv_mnv,NA,NA,"broad,dkfz,muse,sanger",4,COSN16629286,NA,NA,FALSE,0.125,NA,10,70,NA,NA,NA,IGR,FALSE,FALSE,FALSE,FALSE,3,2,1,2_1,754d26af-f184-497c-856a-cd1ea7a5115c,NA
5,88803446,88803446,1,snv_mnv,NA,NA,"broad,muse,sanger",3,COSN16630475,NA,L1PA14,FALSE,0.0704,NA,5,66,NA,NA,NA,IGR,FALSE,FALSE,TRUE,FALSE,3,2,1,2_1,754d26af-f184-497c-856a-cd1ea7a5115c,NA
5,89726539,89726539,1,snv_mnv,NA,NA,"broad,muse",2,COSN16630363,NA,MER63C,FALSE,0.0488,NA,4,78,NA,NA,NA,IGR,FALSE,FALSE,FALSE,FALSE,3,2,1,2_1,754d26af-f184-497c-856a-cd1ea7a5115c,NA
5,90025926,90025926,1,snv_mnv,NA,NA,"broad,dkfz,muse,sanger",4,COSN16629550,NA,AluY,FALSE,0.16,NA,8,42,NA,NA,NA,Intron,FALSE,FALSE,FALSE,FALSE,3,2,1,2_1,754d26af-f184-497c-856a-cd1ea7a5115c,NA
5,91971501,91971501,1,snv_mnv,NA,NA,"broad,muse,sanger",3,COSN16632126,NA,NA,FALSE,0.0702,NA,4,53,NA,NA,NA,lincRNA,FALSE,FALSE,FALSE,FALSE,3,2,1,2_1,754d26af-f184-497c-856a-cd1ea7a5115c,NA
5,92676467,92676467,1,snv_mnv,NA,NA,"broad,dkfz,muse,sanger",4,COSN16629229,NA,NA,FALSE,0.1509,NA,8,45,NA,NA,NA,IGR,FALSE,FALSE,FALSE,FALSE,3,2,1,2_1,754d26af-f184-497c-856a-cd1ea7a5115c,NA
5,94307212,94307212,1,snv_mnv,NA,NA,"broad,dkfz,muse,sanger",4,COSN16633222,NA,NA,FALSE,0.0882,NA,6,62,NA,NA,NA,Intron,FALSE,FALSE,TRUE,FALSE,3,2,1,2_1,754d26af-f184-497c-856a-cd1ea7a5115c,NA
5,99213704,99213704,1,snv_mnv,NA,NA,"broad,dkfz,muse,sanger",4,COSN16629257,NA,L1M4,FALSE,0.0923,NA,6,59,NA,NA,NA,IGR,FALSE,FALSE,FALSE,FALSE,3,2,1,2_1,754d26af-f184-497c-856a-cd1ea7a5115c,NA
5,99260277,99260277,1,snv_mnv,NA,NA,"broad,dkfz,muse,sanger",4,COSN16631495,NA,NA,FALSE,0.0641,NA,5,73,NA,NA,NA,IGR,FALSE,FALSE,TRUE,FALSE,3,2,1,2_1,754d26af-f184-497c-856a-cd1ea7a5115c,NA
5,100066004,100066004,1,snv_mnv,NA,NA,"broad,dkfz,muse,sanger",4,COSN16630421,NA,NA,FALSE,0.1071,NA,9,75,NA,NA,NA,RNA,FALSE,FALSE,TRUE,FALSE,3,2,1,2_1,754d26af-f184-497c-856a-cd1ea7a5115c,RN7SKP62
5,100199125,100199125,1,snv_mnv,NA,NA,"broad,muse",2,COSN16632732,NA,NA,FALSE,0.093,NA,4,39,NA,NA,NA,Intron,FALSE,FALSE,FALSE,FALSE,3,2,1,2_1,754d26af-f184-497c-856a-cd1ea7a5115c,NA
5,100633333,100633333,1,snv_mnv,NA,NA,"broad,dkfz,muse,sanger",4,COSN16631875,NA,NA,FALSE,0.1786,NA,10,46,NA,NA,NA,IGR,FALSE,FALSE,FALSE,FALSE,3,2,1,2_1,754d26af-f184-497c-856a-cd1ea7a5115c,NA
5,100738464,100738464,1,snv_mnv,NA,NA,"broad,dkfz,muse,sanger",4,COSN16629703,NA,NA,FALSE,0.2388,NA,16,51,NA,NA,NA,IGR,FALSE,FALSE,TRUE,FALSE,3,2,1,2_1,754d26af-f184-497c-856a-cd1ea7a5115c,NA
5,101610975,101610975,1,snv_mnv,NA,NA,"broad,muse,sanger",3,COSN16630846,NA,L1M7,FALSE,0.0678,NA,4,55,NA,NA,NA,Intron,FALSE,FALSE,FALSE,FALSE,3,2,1,2_1,754d26af-f184-497c-856a-cd1ea7a5115c,NA
5,101801891,101801891,1,snv_mnv,NA,NA,"broad,dkfz,muse,sanger",4,COSN16631560,NA,L1PA12,FALSE,0.082,NA,5,56,NA,NA,NA,Intron,FALSE,FALSE,FALSE,FALSE,3,2,1,2_1,754d26af-f184-497c-856a-cd1ea7a5115c,NA
5,103380955,103380955,1,snv_mnv,NA,NA,"broad,dkfz,muse,sanger",4,COSN16630077,NA,NA,FALSE,0.1646,NA,13,66,NA,NA,NA,IGR,FALSE,FALSE,FALSE,FALSE,3,2,1,2_1,754d26af-f184-497c-856a-cd1ea7a5115c,NA
5,103574491,103574491,1,snv_mnv,NA,NA,"broad,dkfz,muse,sanger",4,COSN16633189,NA,L2,FALSE,0.2,NA,12,48,NA,NA,NA,IGR,FALSE,FALSE,FALSE,FALSE,3,2,1,2_1,754d26af-f184-497c-856a-cd1ea7a5115c,NA
5,104030093,104030093,1,snv_mnv,NA,NA,"broad,muse,sanger",3,COSN16630756,NA,NA,FALSE,0.0769,NA,5,60,NA,NA,NA,lincRNA,FALSE,FALSE,FALSE,FALSE,3,2,1,2_1,754d26af-f184-497c-856a-cd1ea7a5115c,NA
5,104365156,104365156,1,snv_mnv,NA,NA,"broad,dkfz,muse,sanger",4,COSN16631729,NA,NA,FALSE,0.1609,NA,14,73,NA,NA,NA,lincRNA,FALSE,FALSE,FALSE,FALSE,3,2,1,2_1,754d26af-f184-497c-856a-cd1ea7a5115c,NA
5,104554528,104554528,1,snv_mnv,NA,NA,"broad,dkfz,muse,sanger",4,COSN16633367,NA,AluSz,FALSE,0.1961,NA,10,41,NA,NA,NA,lincRNA,FALSE,FALSE,FALSE,FALSE,3,2,1,2_1,754d26af-f184-497c-856a-cd1ea7a5115c,NA
5,105031539,105031539,1,snv_mnv,NA,NA,"dkfz,muse,sanger",3,COSN16630334,NA,NA,FALSE,0.1039,NA,8,69,NA,NA,NA,IGR,FALSE,FALSE,TRUE,FALSE,3,2,1,2_1,754d26af-f184-497c-856a-cd1ea7a5115c,NA
5,105309468,105309468,1,snv_mnv,NA,NA,"broad,dkfz,muse,sanger",4,COSN16630877,NA,NA,FALSE,0.1406,NA,9,55,NA,NA,NA,IGR,FALSE,FALSE,TRUE,FALSE,3,2,1,2_1,754d26af-f184-497c-856a-cd1ea7a5115c,NA
5,105950026,105950026,1,snv_mnv,NA,NA,"broad,dkfz,muse,sanger",4,COSN16631053,NA,AluYd8,FALSE,0.2195,NA,9,32,NA,NA,NA,IGR,FALSE,FALSE,FALSE,FALSE,3,2,1,2_1,754d26af-f184-497c-856a-cd1ea7a5115c,NA
5,108314372,108314372,1,snv_mnv,NA,NA,"broad,dkfz,muse,sanger",4,COSN16630724,NA,L2c,FALSE,0.1091,NA,6,49,NA,NA,NA,Intron,FALSE,FALSE,FALSE,FALSE,3,2,1,2_1,754d26af-f184-497c-856a-cd1ea7a5115c,NA
5,108801289,108801289,1,snv_mnv,NA,NA,"broad,dkfz,muse,sanger",4,COSN16630476,NA,NA,FALSE,0.1471,NA,10,58,NA,NA,NA,lincRNA,FALSE,FALSE,FALSE,FALSE,3,2,1,2_1,754d26af-f184-497c-856a-cd1ea7a5115c,AC091917.3
5,109477101,109477101,1,snv_mnv,NA,NA,"broad,dkfz,muse,sanger",4,COSN16633311,NA,NA,FALSE,0.1346,NA,7,45,NA,NA,NA,IGR,FALSE,FALSE,FALSE,FALSE,3,2,1,2_1,754d26af-f184-497c-856a-cd1ea7a5115c,NA
5,109892300,109892300,1,snv_mnv,NA,NA,"broad,dkfz,muse,sanger",4,COSN16633074,NA,AluSx,FALSE,0.2154,NA,14,51,NA,NA,NA,Intron,FALSE,FALSE,FALSE,FALSE,3,2,1,2_1,754d26af-f184-497c-856a-cd1ea7a5115c,NA
5,110240491,110240491,1,snv_mnv,NA,NA,"broad,muse,sanger",3,COSN16629652,NA,L1PA5,FALSE,0.0909,NA,5,50,NA,NA,NA,IGR,FALSE,FALSE,FALSE,FALSE,3,2,1,2_1,754d26af-f184-497c-856a-cd1ea7a5115c,AC008782.1
5,111430413,111430413,1,snv_mnv,NA,NA,"broad,muse,sanger",3,COSN16632068,NA,L1MA2,FALSE,0.0794,NA,5,58,NA,NA,NA,IGR,FALSE,FALSE,FALSE,FALSE,3,2,1,2_1,754d26af-f184-497c-856a-cd1ea7a5115c,NA
5,113785092,113785092,1,snv_mnv,NA,NA,"broad,dkfz,muse",3,COSN16633340,NA,NA,FALSE,0.0735,NA,5,63,NA,NA,NA,Intron,FALSE,FALSE,FALSE,FALSE,3,2,1,2_1,754d26af-f184-497c-856a-cd1ea7a5115c,NA
5,114098173,114098173,1,snv_mnv,NA,NA,"broad,muse,sanger",3,COSN16629966,NA,L1PA8A,FALSE,0.0962,NA,5,47,NA,NA,NA,IGR,FALSE,FALSE,FALSE,FALSE,3,2,1,2_1,754d26af-f184-497c-856a-cd1ea7a5115c,NA
5,115137839,115137839,1,snv_mnv,NA,NA,"broad,dkfz,muse,sanger",4,COSN16632037,NA,L2a,FALSE,0.2131,NA,13,48,NA,NA,NA,IGR,FALSE,FALSE,TRUE,FALSE,3,2,1,2_1,754d26af-f184-497c-856a-cd1ea7a5115c,CDO1
5,115397228,115397228,1,snv_mnv,NA,NA,"broad,dkfz,muse,sanger",4,COSN16631561,NA,NA,FALSE,0.3125,NA,20,44,NA,NA,NA,IGR,FALSE,FALSE,FALSE,FALSE,3,2,1,2_1,754d26af-f184-497c-856a-cd1ea7a5115c,ARL14EPL
5,116565678,116565678,1,snv_mnv,NA,NA,"broad,dkfz,muse,sanger",4,COSN16629912,NA,AluSc8,FALSE,0.1,NA,6,54,NA,NA,NA,IGR,FALSE,FALSE,FALSE,FALSE,3,2,1,2_1,754d26af-f184-497c-856a-cd1ea7a5115c,NA
5,116566636,116566636,1,snv_mnv,NA,NA,"broad,dkfz,muse,sanger",4,COSN16629526,NA,NA,FALSE,0.0833,NA,6,66,NA,NA,NA,IGR,FALSE,FALSE,FALSE,FALSE,3,2,1,2_1,754d26af-f184-497c-856a-cd1ea7a5115c,NA
5,116903615,116903615,1,snv_mnv,NA,NA,"broad,muse,sanger",3,COSN16632465,rs372928424,MER8,FALSE,0.0952,NA,6,57,NA,NA,NA,IGR,FALSE,FALSE,FALSE,FALSE,3,2,1,2_1,754d26af-f184-497c-856a-cd1ea7a5115c,NA
5,117282916,117282916,1,snv_mnv,NA,NA,"broad,dkfz,muse,sanger",4,COSN16632579,NA,NA,FALSE,0.0741,NA,6,75,NA,NA,NA,IGR,FALSE,FALSE,FALSE,FALSE,3,2,1,2_1,754d26af-f184-497c-856a-cd1ea7a5115c,NA
5,118806130,118806130,1,snv_mnv,NA,NA,"broad,dkfz,muse,sanger",4,COSN16630271,NA,L1MA5,FALSE,0.0923,NA,6,59,NA,NA,NA,Intron,FALSE,FALSE,TRUE,FALSE,3,2,1,2_1,754d26af-f184-497c-856a-cd1ea7a5115c,HSD17B4
5,118893215,118893215,1,snv_mnv,1.9968e-4,rs531996551,"broad,muse",2,COSN16630422,rs531996551,AluYc,FALSE,0.0816,NA,4,45,NA,NA,NA,IGR,FALSE,FALSE,FALSE,FALSE,3,2,1,2_1,754d26af-f184-497c-856a-cd1ea7a5115c,FABP5P6
5,119661054,119661054,1,snv_mnv,NA,NA,"broad,dkfz,muse,sanger",4,COSN16631074,NA,L1MA6,FALSE,0.0972,NA,7,65,NA,NA,NA,lincRNA,FALSE,FALSE,FALSE,FALSE,3,2,1,2_1,754d26af-f184-497c-856a-cd1ea7a5115c,NA
5,120879705,120879705,1,snv_mnv,NA,NA,"broad,dkfz,sanger",3,COSN16628962,NA,HERVL-int,FALSE,0.0986,NA,7,64,NA,NA,NA,IGR,FALSE,FALSE,FALSE,FALSE,3,2,1,2_1,754d26af-f184-497c-856a-cd1ea7a5115c,NA
5,121265244,121265244,1,snv_mnv,NA,NA,"broad,dkfz,muse,sanger",4,COSN16632398,NA,NA,FALSE,0.1375,NA,11,69,NA,NA,NA,IGR,FALSE,FALSE,FALSE,FALSE,3,2,1,2_1,754d26af-f184-497c-856a-cd1ea7a5115c,NA
5,121615640,121615640,1,snv_mnv,NA,NA,"broad,dkfz,muse,sanger",4,COSN16632552,rs541124019,NA,FALSE,0.1587,NA,10,53,NA,NA,NA,IGR,FALSE,FALSE,FALSE,FALSE,3,2,1,2_1,754d26af-f184-497c-856a-cd1ea7a5115c,NA
5,121931104,121931104,1,snv_mnv,NA,NA,"broad,muse,sanger",3,COSN16628989,NA,L1PA5,FALSE,0.1321,NA,7,46,NA,NA,NA,IGR,FALSE,FALSE,FALSE,FALSE,3,2,1,2_1,754d26af-f184-497c-856a-cd1ea7a5115c,NA
5,121940577,121940577,1,snv_mnv,NA,NA,"broad,dkfz,muse,sanger",4,COSN16630395,NA,LTR78,FALSE,0.0882,NA,6,62,NA,NA,NA,IGR,FALSE,FALSE,FALSE,FALSE,3,2,1,2_1,754d26af-f184-497c-856a-cd1ea7a5115c,NA
5,122264454,122264454,1,snv_mnv,NA,NA,"broad,dkfz,muse,sanger",4,COSN16631699,NA,MLT1E2,FALSE,0.125,NA,8,56,NA,NA,NA,Intron,FALSE,FALSE,FALSE,FALSE,3,2,1,2_1,754d26af-f184-497c-856a-cd1ea7a5115c,NA
5,126063975,126063975,1,snv_mnv,NA,NA,"broad,muse,sanger",3,COSN16630757,NA,AluSz6,FALSE,0.1053,NA,4,34,NA,NA,NA,IGR,FALSE,FALSE,FALSE,FALSE,3,2,1,2_1,754d26af-f184-497c-856a-cd1ea7a5115c,NA
5,126479905,126479905,1,snv_mnv,NA,NA,"broad,dkfz,muse,sanger",4,COSN16633116,NA,NA,FALSE,0.082,NA,5,56,NA,NA,NA,IGR,FALSE,FALSE,FALSE,FALSE,3,2,1,2_1,754d26af-f184-497c-856a-cd1ea7a5115c,MRPS5P3
5,127848436,127848436,1,snv_mnv,NA,NA,"broad,dkfz,muse,sanger",4,COSN16630615,NA,NA,FALSE,0.1356,NA,8,51,NA,NA,NA,Intron,FALSE,FALSE,FALSE,FALSE,3,2,1,2_1,754d26af-f184-497c-856a-cd1ea7a5115c,NA
5,128014148,128014148,1,snv_mnv,NA,NA,"broad,dkfz,muse,sanger",4,COSN16628881,NA,NA,FALSE,0.1429,NA,5,30,NA,NA,NA,RNA,FALSE,FALSE,FALSE,FALSE,3,2,1,2_1,754d26af-f184-497c-856a-cd1ea7a5115c,NA
5,128527153,128527153,1,snv_mnv,NA,NA,"broad,dkfz,muse,sanger",4,COSN16631319,NA,L1MA3,FALSE,0.1304,NA,9,60,NA,NA,NA,IGR,FALSE,FALSE,FALSE,FALSE,3,2,1,2_1,754d26af-f184-497c-856a-cd1ea7a5115c,NA
5,129671624,129671624,1,snv_mnv,NA,NA,"broad,muse,sanger",3,COSN16630785,NA,L1M5,FALSE,0.0769,NA,5,60,NA,NA,NA,IGR,FALSE,FALSE,FALSE,FALSE,3,2,1,2_1,754d26af-f184-497c-856a-cd1ea7a5115c,NA
5,129998035,129998035,1,snv_mnv,NA,NA,"broad,muse",2,COSN16629308,NA,NA,FALSE,0.0635,NA,4,59,NA,NA,NA,IGR,FALSE,FALSE,FALSE,FALSE,3,2,1,2_1,754d26af-f184-497c-856a-cd1ea7a5115c,NA
5,130706444,130706444,1,snv_mnv,NA,NA,"broad,dkfz,muse,sanger",4,COSN16631023,NA,NA,FALSE,0.1667,NA,12,60,NA,NA,NA,Intron,FALSE,FALSE,FALSE,FALSE,3,2,1,2_1,754d26af-f184-497c-856a-cd1ea7a5115c,NA
5,131989855,131989855,1,snv_mnv,0.0019968,rs531563013,"broad,dkfz,muse,sanger",4,COSN16628937,rs531563013,AluJo,FALSE,0.2093,NA,9,34,NA,NA,NA,IGR,FALSE,FALSE,TRUE,FALSE,3,2,1,2_1,754d26af-f184-497c-856a-cd1ea7a5115c,IL13
5,132902154,132902154,1,snv_mnv,NA,NA,"broad,dkfz,muse,sanger",4,COSN16632466,NA,NA,FALSE,0.0923,NA,6,59,NA,NA,NA,Intron,FALSE,FALSE,FALSE,FALSE,3,2,1,2_1,754d26af-f184-497c-856a-cd1ea7a5115c,NA
5,136039575,136039575,1,snv_mnv,NA,NA,"broad,dkfz,muse,sanger",4,COSN16628928,NA,NA,FALSE,0.0984,NA,6,55,NA,NA,NA,IGR,FALSE,FALSE,FALSE,FALSE,3,2,1,2_1,754d26af-f184-497c-856a-cd1ea7a5115c,NA
5,136176330,136176330,1,snv_mnv,NA,NA,"broad,dkfz,muse,sanger",4,COSN16633223,NA,NA,FALSE,0.0952,NA,6,57,NA,NA,NA,IGR,FALSE,FALSE,FALSE,FALSE,3,2,1,2_1,754d26af-f184-497c-856a-cd1ea7a5115c,NA
5,137660118,137660118,1,snv_mnv,NA,NA,"broad,dkfz,muse,sanger",4,COSN16630758,NA,BC200,FALSE,0.1224,NA,6,43,NA,NA,NA,Intron,FALSE,FALSE,FALSE,FALSE,3,2,1,2_1,754d26af-f184-497c-856a-cd1ea7a5115c,CDC25C
5,141576781,141576781,1,snv_mnv,NA,NA,"dkfz,sanger",2,COSN16629765,NA,NA,FALSE,0.0833,NA,4,44,NA,NA,NA,IGR,FALSE,FALSE,FALSE,FALSE,3,2,1,2_1,754d26af-f184-497c-856a-cd1ea7a5115c,NA
5,142281968,142281968,1,snv_mnv,NA,NA,"broad,dkfz,muse,sanger",4,COSN16629142,NA,NA,FALSE,0.1538,NA,8,44,NA,NA,NA,Intron,FALSE,FALSE,FALSE,FALSE,3,2,1,2_1,754d26af-f184-497c-856a-cd1ea7a5115c,ARHGAP26
5,143623558,143623558,1,snv_mnv,NA,NA,"broad,muse,sanger",3,COSN16632982,NA,AluSc,FALSE,0.0755,NA,4,49,NA,NA,NA,Intron,FALSE,FALSE,FALSE,FALSE,3,2,1,2_1,754d26af-f184-497c-856a-cd1ea7a5115c,NA
5,143960670,143960670,1,snv_mnv,NA,NA,"broad,dkfz,muse,sanger",4,COSN16629258,NA,NA,FALSE,0.125,NA,7,49,NA,NA,NA,IGR,FALSE,FALSE,FALSE,FALSE,3,2,1,2_1,754d26af-f184-497c-856a-cd1ea7a5115c,NA
5,144459351,144459351,1,snv_mnv,NA,NA,"broad,dkfz,muse,sanger",4,COSN16632949,NA,LTR32,FALSE,0.197,NA,13,53,NA,NA,NA,IGR,FALSE,FALSE,FALSE,FALSE,3,2,1,2_1,754d26af-f184-497c-856a-cd1ea7a5115c,NA
5,145799936,145799936,1,snv_mnv,NA,NA,"broad,dkfz,muse,sanger",4,COSN16630815,NA,NA,FALSE,0.0759,NA,6,73,NA,NA,NA,IGR,FALSE,FALSE,FALSE,FALSE,3,2,1,2_1,754d26af-f184-497c-856a-cd1ea7a5115c,NA
5,147105492,147105492,1,snv_mnv,NA,NA,"broad,dkfz,muse,sanger",4,COSN16632983,NA,MER41-int,FALSE,0.2113,NA,15,56,NA,NA,NA,Intron,FALSE,FALSE,FALSE,FALSE,3,2,1,2_1,754d26af-f184-497c-856a-cd1ea7a5115c,NA
5,147662847,147662847,1,snv_mnv,NA,NA,"broad,dkfz,muse,sanger",4,COSN16632785,NA,MER77,FALSE,0.129,NA,8,54,NA,NA,NA,Intron,FALSE,FALSE,FALSE,FALSE,3,2,1,2_1,754d26af-f184-497c-856a-cd1ea7a5115c,NA
5,147997093,147997093,1,snv_mnv,1.9968e-4,rs577227955,"broad,dkfz,muse,sanger",4,COSN16632173,rs577227955,AluSg,FALSE,0.2115,NA,11,41,NA,NA,NA,Intron,FALSE,FALSE,FALSE,FALSE,3,2,1,2_1,754d26af-f184-497c-856a-cd1ea7a5115c,NA
5,149508910,149508910,1,snv_mnv,NA,NA,"broad,dkfz,muse,sanger",4,COSN16632523,NA,NA,FALSE,0.2623,NA,16,45,NA,NA,NA,Intron,FALSE,FALSE,FALSE,FALSE,3,2,1,2_1,754d26af-f184-497c-856a-cd1ea7a5115c,PDGFRB
5,149691166,149691166,1,snv_mnv,NA,NA,"broad,dkfz,muse,sanger",4,COSN16631758,NA,NA,FALSE,0.1064,NA,5,42,NA,NA,NA,IGR,FALSE,FALSE,FALSE,FALSE,3,2,1,2_1,754d26af-f184-497c-856a-cd1ea7a5115c,NA
5,151335083,151335083,1,snv_mnv,NA,NA,"broad,dkfz,muse,sanger",4,COSN16630186,NA,MLT1K,FALSE,0.1754,NA,10,47,NA,NA,NA,lincRNA,FALSE,FALSE,FALSE,FALSE,3,2,1,2_1,754d26af-f184-497c-856a-cd1ea7a5115c,LINC01933
5,152582416,152582416,1,snv_mnv,NA,NA,"broad,muse,sanger",3,COSN16633075,NA,AluSx1,FALSE,0.1132,NA,6,47,NA,NA,NA,IGR,FALSE,FALSE,FALSE,FALSE,3,2,1,2_1,754d26af-f184-497c-856a-cd1ea7a5115c,NA
5,152687672,152687672,1,snv_mnv,NA,NA,"broad,dkfz,muse,sanger",4,COSN16632147,NA,L1MB8,FALSE,0.087,NA,6,63,NA,NA,NA,IGR,FALSE,FALSE,FALSE,FALSE,3,2,1,2_1,754d26af-f184-497c-856a-cd1ea7a5115c,NA
5,153149929,153149929,1,snv_mnv,NA,NA,"broad,dkfz,muse,sanger",4,COSM4962664,NA,NA,FALSE,0.087,NA,6,63,NA,NA,NA,Missense_Mutation,FALSE,FALSE,FALSE,FALSE,3,2,1,2_1,754d26af-f184-497c-856a-cd1ea7a5115c,NA
5,153295606,153295606,1,snv_mnv,NA,NA,"broad,dkfz,muse,sanger",4,COSN16633117,NA,L1PA11,FALSE,0.1757,NA,13,61,NA,NA,NA,IGR,FALSE,FALSE,FALSE,FALSE,3,2,1,2_1,754d26af-f184-497c-856a-cd1ea7a5115c,NA
5,153874664,153874664,1,snv_mnv,NA,NA,"broad,muse,sanger",3,COSN16629967,NA,AluSp,FALSE,0.0702,NA,4,53,NA,NA,NA,IGR,FALSE,FALSE,FALSE,FALSE,3,2,1,2_1,754d26af-f184-497c-856a-cd1ea7a5115c,AC026688.1
5,154880143,154880143,1,snv_mnv,1.9968e-4,rs545170619,"broad,dkfz,muse,sanger",4,COSN16632926,rs545170619,AluSz,FALSE,0.0909,NA,6,60,NA,NA,NA,IGR,FALSE,FALSE,FALSE,FALSE,3,2,1,2_1,754d26af-f184-497c-856a-cd1ea7a5115c,NA
5,155239542,155239542,1,snv_mnv,NA,NA,"broad,muse,sanger",3,COSN16633253,NA,NA,FALSE,0.0714,NA,4,52,NA,NA,NA,IGR,FALSE,FALSE,TRUE,FALSE,3,2,1,2_1,754d26af-f184-497c-856a-cd1ea7a5115c,NA
5,155822349,155822349,1,snv_mnv,NA,NA,"broad,muse,sanger",3,COSN16630335,NA,MER89,FALSE,0.08,NA,6,69,NA,NA,NA,Intron,FALSE,FALSE,FALSE,FALSE,3,2,1,2_1,754d26af-f184-497c-856a-cd1ea7a5115c,NA
5,156208676,156208676,1,snv_mnv,NA,NA,"broad,muse",2,COSN16629362,NA,L1MEg,FALSE,0.0435,NA,4,88,NA,NA,NA,IGR,FALSE,FALSE,FALSE,FALSE,3,2,1,2_1,754d26af-f184-497c-856a-cd1ea7a5115c,NA
5,156237361,156237361,1,snv_mnv,NA,NA,"muse,sanger",2,COSN16632760,NA,AluY,FALSE,0.0741,NA,4,50,NA,NA,NA,IGR,FALSE,FALSE,FALSE,FALSE,3,2,1,2_1,754d26af-f184-497c-856a-cd1ea7a5115c,RNU6-556P
5,156572850,156572850,1,snv_mnv,NA,NA,"broad,dkfz,muse,sanger",4,COSN16630364,NA,L2a,FALSE,0.186,NA,8,35,NA,NA,NA,5'Flank,FALSE,FALSE,FALSE,FALSE,3,2,1,2_1,754d26af-f184-497c-856a-cd1ea7a5115c,"MED7,HAVCR2"
5,157151299,157151299,1,snv_mnv,NA,NA,"broad,muse,sanger",3,COSN16630001,NA,L1PA6,FALSE,0.0877,NA,5,52,NA,NA,NA,IGR,FALSE,FALSE,FALSE,FALSE,3,2,1,2_1,754d26af-f184-497c-856a-cd1ea7a5115c,NA
5,157703235,157703235,1,snv_mnv,NA,NA,"broad,muse,sanger",3,COSN16630048,NA,L2,FALSE,0.082,NA,5,56,NA,NA,NA,lincRNA,FALSE,FALSE,FALSE,FALSE,3,2,1,2_1,754d26af-f184-497c-856a-cd1ea7a5115c,NA
5,158774062,158774062,1,snv_mnv,3.9936e-4,rs76345890,"broad,dkfz,muse,sanger",4,COSN16633224,rs76345890,MER113,FALSE,0.1633,NA,8,41,NA,NA,NA,lincRNA,FALSE,FALSE,FALSE,FALSE,3,2,1,2_1,754d26af-f184-497c-856a-cd1ea7a5115c,NA
5,159031168,159031168,1,snv_mnv,NA,NA,"broad,dkfz,muse,sanger",4,COSN16630816,NA,NA,FALSE,0.1647,NA,14,71,NA,NA,NA,IGR,FALSE,FALSE,FALSE,FALSE,3,2,1,2_1,754d26af-f184-497c-856a-cd1ea7a5115c,NA
5,159192215,159192215,1,snv_mnv,NA,NA,"broad,muse",2,COSN16630725,NA,NA,FALSE,0.0678,NA,4,55,NA,NA,NA,IGR,FALSE,FALSE,FALSE,FALSE,3,2,1,2_1,754d26af-f184-497c-856a-cd1ea7a5115c,LINC01847
5,159192397,159192397,1,snv_mnv,1.9968e-4,rs373886105,"broad,dkfz,muse,sanger",4,COSN16632761,rs373886105,NA,FALSE,0.1,NA,5,45,NA,NA,NA,IGR,FALSE,FALSE,FALSE,FALSE,3,2,1,2_1,754d26af-f184-497c-856a-cd1ea7a5115c,LINC01847
5,159317360,159317360,1,snv_mnv,NA,NA,"broad,muse,sanger",3,COSN16630237,NA,NA,FALSE,0.0833,NA,5,55,NA,NA,NA,IGR,FALSE,FALSE,FALSE,FALSE,3,2,1,2_1,754d26af-f184-497c-856a-cd1ea7a5115c,ADRA1B
5,159493804,159493804,1,snv_mnv,NA,NA,"broad,dkfz,muse,sanger",4,COSN16629799,NA,AluJr,FALSE,0.0984,NA,6,55,NA,NA,NA,IGR,FALSE,FALSE,FALSE,FALSE,3,2,1,2_1,754d26af-f184-497c-856a-cd1ea7a5115c,TTC1
5,160555441,160555441,1,snv_mnv,NA,NA,"broad,dkfz,muse,sanger",4,COSN16629766,NA,L1MA9,FALSE,0.1111,NA,7,56,NA,NA,NA,IGR,FALSE,FALSE,FALSE,FALSE,3,2,1,2_1,754d26af-f184-497c-856a-cd1ea7a5115c,NA
5,161192754,161192754,1,snv_mnv,NA,NA,"broad,dkfz,muse,sanger",4,COSN16632927,rs753013710,NA,FALSE,0.2941,NA,15,36,NA,NA,NA,IGR,FALSE,FALSE,FALSE,FALSE,3,2,1,2_1,754d26af-f184-497c-856a-cd1ea7a5115c,NA
5,161488061,161488061,1,snv_mnv,NA,NA,"broad,muse,sanger",3,COSN16633076,NA,LTR54,FALSE,0.0968,NA,6,56,NA,NA,NA,IGR,FALSE,FALSE,FALSE,FALSE,3,2,1,2_1,754d26af-f184-497c-856a-cd1ea7a5115c,GABRG2
5,163347720,163347720,1,snv_mnv,NA,NA,"dkfz,muse,sanger",3,COSN16632875,NA,THE1C-int,FALSE,0.1091,NA,6,49,NA,NA,NA,IGR,FALSE,FALSE,FALSE,FALSE,3,2,1,2_1,754d26af-f184-497c-856a-cd1ea7a5115c,NA
5,163898293,163898293,1,snv_mnv,9.984e-4,rs544032793,"broad,dkfz,muse,sanger",4,COSN16629767,rs544032793,NA,FALSE,0.1159,NA,8,61,NA,NA,NA,RNA,FALSE,FALSE,FALSE,FALSE,3,2,1,2_1,754d26af-f184-497c-856a-cd1ea7a5115c,NA
5,163983770,163983770,1,snv_mnv,NA,NA,"broad,dkfz,muse,sanger",4,COSN16630959,NA,L1PA17,FALSE,0.3265,NA,16,33,NA,NA,NA,RNA,FALSE,FALSE,FALSE,FALSE,3,2,1,2_1,754d26af-f184-497c-856a-cd1ea7a5115c,AC109466.1
5,164692954,164692954,1,snv_mnv,3.9936e-4,rs151102659,"broad,dkfz,muse,sanger",4,COSN16631617,rs151102659,NA,FALSE,0.087,NA,6,63,NA,NA,NA,IGR,FALSE,FALSE,FALSE,FALSE,3,2,1,2_1,754d26af-f184-497c-856a-cd1ea7a5115c,NA
5,164880664,164880664,1,snv_mnv,NA,NA,"broad,muse,sanger",3,COSN16629259,NA,AluJr,FALSE,0.1034,NA,6,52,NA,NA,NA,lincRNA,FALSE,FALSE,FALSE,FALSE,3,2,1,2_1,754d26af-f184-497c-856a-cd1ea7a5115c,NA
5,165351900,165351900,1,snv_mnv,NA,NA,"broad,dkfz,muse,sanger",4,COSN16629117,NA,NA,FALSE,0.0789,NA,6,70,NA,NA,NA,IGR,FALSE,FALSE,FALSE,FALSE,3,2,1,2_1,754d26af-f184-497c-856a-cd1ea7a5115c,NA
5,165483351,165483351,1,snv_mnv,NA,NA,"broad,muse",2,COSN6584640,rs531166759,NA,FALSE,0.0714,NA,5,65,NA,NA,NA,IGR,FALSE,FALSE,FALSE,FALSE,3,2,1,2_1,754d26af-f184-497c-856a-cd1ea7a5115c,NA
5,165497360,165497360,1,snv_mnv,NA,NA,"broad,dkfz,muse,sanger",4,COSN16632950,NA,AluJb,FALSE,0.1818,NA,10,45,NA,NA,NA,IGR,FALSE,FALSE,FALSE,FALSE,3,2,1,2_1,754d26af-f184-497c-856a-cd1ea7a5115c,NA
5,165651032,165651032,1,snv_mnv,NA,NA,"dkfz,muse,sanger",3,COSN16629800,NA,NA,FALSE,0.1429,NA,9,54,NA,NA,NA,IGR,FALSE,FALSE,FALSE,FALSE,3,2,1,2_1,754d26af-f184-497c-856a-cd1ea7a5115c,NA
5,165684249,165684249,1,snv_mnv,NA,NA,"broad,muse,sanger",3,COSN16632928,NA,NA,FALSE,0.08,NA,4,46,NA,NA,NA,IGR,FALSE,FALSE,FALSE,FALSE,3,2,1,2_1,754d26af-f184-497c-856a-cd1ea7a5115c,NA
5,165959602,165959602,1,snv_mnv,NA,NA,"broad,dkfz,sanger",3,COSN16630365,NA,NA,FALSE,0.1053,NA,6,51,NA,NA,NA,IGR,FALSE,FALSE,FALSE,FALSE,3,2,1,2_1,754d26af-f184-497c-856a-cd1ea7a5115c,NA
5,166596588,166596588,1,snv_mnv,NA,NA,"broad,dkfz,muse,sanger",4,COSN16629363,rs780672583,MIRb,FALSE,0.1429,NA,8,48,NA,NA,NA,lincRNA,FALSE,FALSE,FALSE,FALSE,3,2,1,2_1,754d26af-f184-497c-856a-cd1ea7a5115c,AC091819.1
5,168011213,168011213,1,snv_mnv,NA,NA,"broad,dkfz",2,COSN16628963,NA,NA,FALSE,0.1,NA,8,72,NA,NA,NA,IGR,FALSE,FALSE,FALSE,TRUE,3,2,1,2_1,754d26af-f184-497c-856a-cd1ea7a5115c,PANK3
5,168024601,168024601,1,snv_mnv,NA,NA,"broad,muse,sanger",3,COSN16633342,NA,MLT1F1-int,FALSE,0.1,NA,4,36,NA,NA,NA,IGR,FALSE,FALSE,FALSE,FALSE,3,2,1,2_1,754d26af-f184-497c-856a-cd1ea7a5115c,NA
5,168431840,168431840,1,snv_mnv,NA,NA,"broad,dkfz,muse,sanger",4,COSN16629856,NA,MLT1A,FALSE,0.1569,NA,8,43,NA,NA,NA,Intron,FALSE,FALSE,FALSE,FALSE,3,2,1,2_1,754d26af-f184-497c-856a-cd1ea7a5115c,NA
5,169231662,169231662,1,snv_mnv,NA,NA,"broad,dkfz,muse,sanger",4,COSN16631671,NA,MIRb,FALSE,0.2208,NA,17,60,NA,NA,NA,Intron,FALSE,FALSE,FALSE,FALSE,3,2,1,2_1,754d26af-f184-497c-856a-cd1ea7a5115c,NA
5,169358057,169358057,1,snv_mnv,NA,NA,"broad,muse,sanger",3,COSN16632228,NA,NA,FALSE,0.0862,NA,5,53,NA,NA,NA,Intron,FALSE,FALSE,FALSE,FALSE,3,2,1,2_1,754d26af-f184-497c-856a-cd1ea7a5115c,NA
5,172026975,172026975,1,snv_mnv,1.9968e-4,rs559296756,"broad,muse,sanger",3,COSN15921652,rs559296756,AluSz,FALSE,0.1389,NA,5,31,NA,NA,NA,IGR,FALSE,FALSE,FALSE,FALSE,3,2,1,2_1,754d26af-f184-497c-856a-cd1ea7a5115c,NA
5,172612163,172612163,1,snv_mnv,NA,NA,"broad,dkfz,muse,sanger",4,COSN16632010,NA,L1PB1,FALSE,0.1176,NA,6,45,NA,NA,NA,IGR,FALSE,FALSE,FALSE,FALSE,3,2,1,2_1,754d26af-f184-497c-856a-cd1ea7a5115c,NA
5,172676737,172676737,1,snv_mnv,NA,NA,"broad,dkfz,muse,sanger",4,COSN16630590,NA,NA,FALSE,0.18,NA,9,41,NA,NA,NA,IGR,FALSE,FALSE,FALSE,FALSE,3,2,1,2_1,754d26af-f184-497c-856a-cd1ea7a5115c,RF00019
5,174775870,174775870,1,snv_mnv,NA,NA,"broad,dkfz,muse,sanger",4,COSN16631759,NA,NA,FALSE,0.1475,NA,9,52,NA,NA,NA,IGR,FALSE,FALSE,FALSE,FALSE,3,2,1,2_1,754d26af-f184-497c-856a-cd1ea7a5115c,NA
5,175534772,175534772,1,snv_mnv,NA,NA,"broad,sanger",2,COSN16630759,NA,NA,FALSE,0.0769,NA,6,72,NA,NA,NA,Intron,FALSE,FALSE,FALSE,FALSE,3,2,1,2_1,754d26af-f184-497c-856a-cd1ea7a5115c,NA
6,280924,280924,1,snv_mnv,NA,NA,"broad,muse,sanger",3,COSN16629599,NA,L2c,FALSE,0.0541,NA,6,105,NA,NA,NA,IGR,FALSE,FALSE,FALSE,FALSE,4,2,2,2_2,754d26af-f184-497c-856a-cd1ea7a5115c,NA
6,2155558,2155558,1,snv_mnv,NA,NA,"broad,dkfz,muse,sanger",4,COSN16632524,NA,NA,FALSE,0.15,NA,9,51,NA,NA,NA,Intron,FALSE,FALSE,FALSE,FALSE,4,2,2,2_2,754d26af-f184-497c-856a-cd1ea7a5115c,NA
6,4498813,4498813,1,snv_mnv,NA,NA,"broad,muse",2,COSN16630272,NA,L1MA10,FALSE,0.0678,NA,4,55,NA,NA,NA,lincRNA,FALSE,FALSE,FALSE,FALSE,4,2,2,2_2,754d26af-f184-497c-856a-cd1ea7a5115c,LINC02533
6,4753433,4753433,1,snv_mnv,NA,NA,"broad,muse",2,COSN16631261,rs763169053,AluJb,FALSE,0.0889,NA,4,41,NA,NA,NA,Intron,FALSE,FALSE,FALSE,FALSE,4,2,2,2_2,754d26af-f184-497c-856a-cd1ea7a5115c,NA
6,4764642,4764642,1,snv_mnv,NA,NA,"broad,dkfz,muse,sanger",4,COSN16630760,NA,AluSg,FALSE,0.2373,NA,14,45,NA,NA,NA,Intron,FALSE,FALSE,FALSE,FALSE,4,2,2,2_2,754d26af-f184-497c-856a-cd1ea7a5115c,NA
6,6302503,6302503,1,snv_mnv,NA,NA,"broad,dkfz,muse,sanger",4,COSN16632786,NA,NA,FALSE,0.2754,NA,19,50,NA,NA,NA,Intron,FALSE,FALSE,FALSE,FALSE,4,2,2,2_2,754d26af-f184-497c-856a-cd1ea7a5115c,F13A1
6,8254972,8254972,1,snv_mnv,NA,NA,"broad,dkfz,muse,sanger",4,COSN16629801,NA,L1MC4,FALSE,0.1667,NA,9,45,NA,NA,NA,IGR,FALSE,FALSE,TRUE,FALSE,4,2,2,2_2,754d26af-f184-497c-856a-cd1ea7a5115c,NA
6,8732525,8732525,1,snv_mnv,NA,NA,"broad,dkfz,muse,sanger",4,COSN16631320,NA,NA,FALSE,0.1395,NA,6,37,NA,NA,NA,IGR,FALSE,FALSE,FALSE,FALSE,4,2,2,2_2,754d26af-f184-497c-856a-cd1ea7a5115c,NA
6,9196497,9196497,1,snv_mnv,NA,NA,"broad,dkfz,muse,sanger",4,COSN16630878,NA,NA,FALSE,0.0735,NA,5,63,NA,NA,NA,IGR,FALSE,FALSE,FALSE,FALSE,4,2,2,2_2,754d26af-f184-497c-856a-cd1ea7a5115c,AL591485.1
6,9308729,9308729,1,snv_mnv,NA,NA,"broad,dkfz,muse,sanger",4,COSN16629913,NA,NA,FALSE,0.1228,NA,7,50,NA,NA,NA,IGR,FALSE,FALSE,FALSE,FALSE,4,2,2,2_2,754d26af-f184-497c-856a-cd1ea7a5115c,NA
6,9565883,9565883,1,snv_mnv,NA,NA,"broad,muse",2,COSN16632349,NA,AluSc,FALSE,0.08,NA,4,46,NA,NA,NA,IGR,FALSE,FALSE,FALSE,FALSE,4,2,2,2_2,754d26af-f184-497c-856a-cd1ea7a5115c,NA
6,9628001,9628001,1,snv_mnv,NA,NA,"broad,muse,sanger",3,COSN16631700,NA,L1MA9,FALSE,0.2553,NA,12,35,NA,NA,NA,IGR,FALSE,FALSE,FALSE,FALSE,4,2,2,2_2,754d26af-f184-497c-856a-cd1ea7a5115c,NA
6,9764313,9764313,1,snv_mnv,NA,NA,"broad,muse,sanger",3,COSN16631642,NA,NA,FALSE,0.0952,NA,6,57,NA,NA,NA,IGR,FALSE,FALSE,FALSE,FALSE,4,2,2,2_2,754d26af-f184-497c-856a-cd1ea7a5115c,NA
6,9764366,9764366,1,snv_mnv,NA,NA,"broad,dkfz,muse,sanger",4,COSN16629022,NA,NA,FALSE,0.0882,NA,6,62,NA,NA,NA,IGR,FALSE,FALSE,FALSE,FALSE,4,2,2,2_2,754d26af-f184-497c-856a-cd1ea7a5115c,NA
6,10307013,10307013,1,snv_mnv,NA,NA,"broad,dkfz,muse,sanger",4,COSN16631930,NA,AluY,FALSE,0.1515,NA,5,28,NA,NA,NA,IGR,FALSE,FALSE,FALSE,FALSE,4,2,2,2_2,754d26af-f184-497c-856a-cd1ea7a5115c,NA
6,12657266,12657266,1,snv_mnv,NA,NA,"broad,dkfz,muse,sanger",4,COSN16631841,NA,NA,FALSE,0.0926,NA,5,49,NA,NA,NA,IGR,FALSE,FALSE,FALSE,FALSE,4,2,2,2_2,754d26af-f184-497c-856a-cd1ea7a5115c,NA
6,12763803,12763803,1,snv_mnv,NA,NA,"broad,dkfz,muse,sanger",4,COSN16632495,NA,NA,FALSE,0.058,NA,4,65,NA,NA,NA,Intron,FALSE,FALSE,FALSE,FALSE,3,2,1,2_1,754d26af-f184-497c-856a-cd1ea7a5115c,NA
6,12796738,12796738,1,snv_mnv,NA,NA,"broad,dkfz,muse,sanger",4,COSN16633118,NA,NA,FALSE,0.1061,NA,7,59,NA,NA,NA,Intron,FALSE,FALSE,FALSE,FALSE,3,2,1,2_1,754d26af-f184-497c-856a-cd1ea7a5115c,NA
6,12815236,12815236,1,snv_mnv,NA,NA,"broad,muse,sanger",3,COSN16630639,NA,NA,FALSE,0.0635,NA,4,59,NA,NA,NA,Intron,FALSE,FALSE,FALSE,FALSE,3,2,1,2_1,754d26af-f184-497c-856a-cd1ea7a5115c,NA
6,13241053,13241053,1,snv_mnv,NA,NA,"broad,dkfz,muse,sanger",4,COSN16631321,NA,NA,FALSE,0.1111,NA,7,56,NA,NA,NA,Intron,FALSE,FALSE,FALSE,FALSE,3,2,1,2_1,754d26af-f184-497c-856a-cd1ea7a5115c,NA
6,14594636,14594636,1,snv_mnv,NA,NA,"broad,dkfz,muse,sanger",4,COSN16632467,NA,NA,FALSE,0.1176,NA,10,75,NA,NA,NA,IGR,FALSE,FALSE,FALSE,FALSE,3,2,1,2_1,754d26af-f184-497c-856a-cd1ea7a5115c,AL109914.1
6,15713674,15713674,1,snv_mnv,NA,NA,"broad,dkfz,muse,sanger",4,COSN16632128,NA,NA,FALSE,0.15,NA,6,34,NA,NA,NA,IGR,FALSE,FALSE,FALSE,FALSE,3,2,1,2_1,754d26af-f184-497c-856a-cd1ea7a5115c,NA
6,18416464,18416464,1,snv_mnv,NA,NA,"broad,dkfz,muse,sanger",4,COSN16628907,NA,NA,FALSE,0.1017,NA,6,53,NA,NA,NA,Intron,FALSE,FALSE,FALSE,FALSE,3,2,1,2_1,754d26af-f184-497c-856a-cd1ea7a5115c,NA
6,19099945,19099945,1,snv_mnv,NA,NA,"broad,dkfz,muse,sanger",4,COSN16629143,NA,AluJo,FALSE,0.1404,NA,8,49,NA,NA,NA,IGR,FALSE,FALSE,FALSE,FALSE,3,2,1,2_1,754d26af-f184-497c-856a-cd1ea7a5115c,NA
6,19530741,19530741,1,snv_mnv,1.9968e-4,rs553664711,"broad,dkfz,muse,sanger",4,COSN16632611,rs553664711,NA,FALSE,0.1212,NA,8,58,NA,NA,NA,IGR,FALSE,FALSE,FALSE,FALSE,3,2,1,2_1,754d26af-f184-497c-856a-cd1ea7a5115c,AL022068.1
6,19611325,19611325,1,snv_mnv,NA,NA,"broad,muse,sanger",3,COSN16633225,NA,L4,FALSE,0.0571,NA,4,66,NA,NA,NA,RNA,FALSE,FALSE,TRUE,FALSE,3,2,1,2_1,754d26af-f184-497c-856a-cd1ea7a5115c,KRT18P38
6,19791878,19791878,1,snv_mnv,NA,NA,"broad,dkfz,muse,sanger",4,COSN16631672,NA,NA,FALSE,0.1786,NA,10,46,NA,NA,NA,RNA,FALSE,FALSE,FALSE,FALSE,3,2,1,2_1,754d26af-f184-497c-856a-cd1ea7a5115c,NA
6,22399315,22399315,1,snv_mnv,NA,NA,"broad,dkfz,muse,sanger",4,COSN16632400,NA,NA,FALSE,0.1373,NA,7,44,NA,NA,NA,IGR,FALSE,FALSE,FALSE,FALSE,3,2,1,2_1,754d26af-f184-497c-856a-cd1ea7a5115c,NA
6,23058005,23058005,1,snv_mnv,0.0075879,rs116632256,"broad,dkfz,muse,sanger",4,COSN16630640,rs116632256,NA,FALSE,0.1132,NA,6,47,NA,NA,NA,IGR,FALSE,FALSE,FALSE,FALSE,3,2,1,2_1,754d26af-f184-497c-856a-cd1ea7a5115c,NA
6,23108698,23108698,1,snv_mnv,NA,NA,"broad,muse,sanger",3,COSN16630049,NA,LTR9,FALSE,0.0943,NA,5,48,NA,NA,NA,IGR,FALSE,FALSE,FALSE,FALSE,3,2,1,2_1,754d26af-f184-497c-856a-cd1ea7a5115c,AL591416.1
6,23131995,23131995,1,snv_mnv,NA,NA,"broad,muse,sanger",3,COSN16629448,NA,MSTB1,FALSE,0.0933,NA,7,68,NA,NA,NA,IGR,FALSE,FALSE,FALSE,FALSE,3,2,1,2_1,754d26af-f184-497c-856a-cd1ea7a5115c,NA
6,23565085,23565085,1,snv_mnv,NA,NA,"broad,dkfz,muse,sanger",4,COSN16633164,NA,NA,FALSE,0.2727,NA,15,40,NA,NA,NA,IGR,FALSE,FALSE,FALSE,FALSE,3,2,1,2_1,754d26af-f184-497c-856a-cd1ea7a5115c,NA
6,23738840,23738840,1,snv_mnv,NA,NA,"broad,muse,sanger",3,COSN16631526,rs752208968,AluSx,FALSE,0.0656,NA,4,57,NA,NA,NA,IGR,FALSE,FALSE,FALSE,FALSE,3,2,1,2_1,754d26af-f184-497c-856a-cd1ea7a5115c,NA
6,24460281,24460281,1,snv_mnv,NA,NA,"broad,muse,sanger",3,COSN16630423,NA,AluJo,FALSE,0.0962,NA,5,47,NA,NA,NA,Intron,FALSE,FALSE,FALSE,FALSE,3,2,1,2_1,754d26af-f184-497c-856a-cd1ea7a5115c,NA
6,24614779,24614779,1,snv_mnv,NA,NA,"broad,muse,sanger",3,COSN16629364,NA,MIRb,FALSE,0.082,NA,5,56,NA,NA,NA,Intron,FALSE,FALSE,FALSE,FALSE,3,2,1,2_1,754d26af-f184-497c-856a-cd1ea7a5115c,NA
6,28477654,28477654,1,snv_mnv,NA,NA,"broad,muse,sanger",3,COSN16631562,NA,NA,FALSE,0.0702,NA,4,53,NA,NA,NA,Intron,FALSE,FALSE,FALSE,FALSE,3,2,1,2_1,754d26af-f184-497c-856a-cd1ea7a5115c,NA
6,29289556,29289556,1,snv_mnv,NA,NA,"broad,muse",2,COSN16305665,rs368654962,L1MC4,FALSE,0.0714,NA,4,52,NA,NA,NA,IGR,FALSE,FALSE,FALSE,FALSE,3,2,1,2_1,754d26af-f184-497c-856a-cd1ea7a5115c,NA
6,37186316,37186316,1,snv_mnv,NA,NA,"broad,dkfz,muse,sanger",4,COSM3626336,rs267601006,NA,TRUE,0.1591,NA,7,37,NA,NA,NA,Missense_Mutation,FALSE,FALSE,FALSE,FALSE,3,2,1,2_1,754d26af-f184-497c-856a-cd1ea7a5115c,NA
6,37817830,37817830,1,snv_mnv,NA,NA,"broad,dkfz,muse,sanger",4,COSN16628990,NA,NA,FALSE,0.1786,NA,10,46,NA,NA,NA,Intron,FALSE,FALSE,FALSE,FALSE,3,2,1,2_1,754d26af-f184-497c-856a-cd1ea7a5115c,NA
6,38028105,38028105,1,snv_mnv,NA,NA,"broad,dkfz,muse,sanger",4,COSN16631233,NA,L1MEe,FALSE,0.2083,NA,10,38,NA,NA,NA,Intron,FALSE,FALSE,FALSE,FALSE,3,2,1,2_1,754d26af-f184-497c-856a-cd1ea7a5115c,ZFAND3
6,38505901,38505901,1,snv_mnv,NA,NA,"broad,dkfz,muse,sanger",4,COSN16633368,NA,NA,FALSE,0.14,NA,7,43,NA,NA,NA,Intron,FALSE,FALSE,FALSE,FALSE,3,2,1,2_1,754d26af-f184-497c-856a-cd1ea7a5115c,NA
6,38548169,38548169,1,snv_mnv,NA,NA,"broad,dkfz,muse,sanger",4,COSM4962705,NA,NA,FALSE,0.2167,NA,13,47,NA,NA,NA,Missense_Mutation,FALSE,FALSE,FALSE,FALSE,3,2,1,2_1,754d26af-f184-497c-856a-cd1ea7a5115c,NA
6,38738779,38738779,1,snv_mnv,NA,NA,"broad,dkfz,muse,sanger",4,COSN16630591,NA,NA,FALSE,0.274,NA,20,53,NA,NA,NA,Intron,FALSE,FALSE,FALSE,FALSE,3,2,1,2_1,754d26af-f184-497c-856a-cd1ea7a5115c,NA
6,40505776,40505776,1,snv_mnv,NA,NA,"broad,dkfz,muse,sanger",4,COSN16629527,NA,NA,FALSE,0.2326,NA,10,33,NA,NA,NA,Intron,FALSE,FALSE,FALSE,FALSE,3,2,1,2_1,754d26af-f184-497c-856a-cd1ea7a5115c,NA
6,43670736,43670736,1,snv_mnv,NA,NA,"broad,dkfz,muse,sanger",4,COSN16628908,NA,NA,FALSE,0.1481,NA,4,23,NA,NA,NA,IGR,FALSE,FALSE,FALSE,FALSE,3,2,1,2_1,754d26af-f184-497c-856a-cd1ea7a5115c,AL136131.1
6,45431990,45431990,1,snv_mnv,NA,NA,"broad,dkfz,muse,sanger",4,COSN16629704,NA,NA,FALSE,0.1296,NA,7,47,NA,NA,NA,Intron,FALSE,FALSE,FALSE,FALSE,3,2,1,2_1,754d26af-f184-497c-856a-cd1ea7a5115c,NA
6,45888871,45888871,1,snv_mnv,1.9968e-4,rs554005309,"broad,dkfz,muse,sanger",4,COSN16633254,rs554005309,NA,FALSE,0.1176,NA,6,45,NA,NA,NA,Intron,FALSE,FALSE,FALSE,FALSE,3,2,1,2_1,754d26af-f184-497c-856a-cd1ea7a5115c,NA
6,46954149,46954149,1,snv_mnv,NA,NA,"broad,dkfz,muse,sanger",4,COSN16629118,NA,NA,FALSE,0.2105,NA,12,45,NA,NA,NA,IGR,FALSE,FALSE,FALSE,FALSE,3,2,1,2_1,754d26af-f184-497c-856a-cd1ea7a5115c,NA
6,48401645,48401645,1,snv_mnv,NA,NA,"broad,dkfz,muse,sanger",4,COSN16633140,NA,HAL1,FALSE,0.2273,NA,15,51,NA,NA,NA,IGR,FALSE,FALSE,FALSE,FALSE,3,2,1,2_1,754d26af-f184-497c-856a-cd1ea7a5115c,NA
6,49722017,49722017,1,snv_mnv,NA,NA,"broad,muse,sanger",3,COSN16630700,NA,L1PREC2,FALSE,0.1224,NA,6,43,NA,NA,NA,IGR,FALSE,FALSE,FALSE,FALSE,3,2,1,2_1,754d26af-f184-497c-856a-cd1ea7a5115c,NA
6,50136798,50136798,1,snv_mnv,NA,NA,"broad,muse,sanger",3,COSN16633165,NA,L1MA9,FALSE,0.0806,NA,5,57,NA,NA,NA,IGR,FALSE,FALSE,FALSE,FALSE,3,2,1,2_1,754d26af-f184-497c-856a-cd1ea7a5115c,NA
6,50418033,50418033,1,snv_mnv,NA,NA,"broad,dkfz,muse,sanger",4,COSN16633141,NA,L1MEe,FALSE,0.0923,NA,6,59,NA,NA,NA,IGR,FALSE,FALSE,FALSE,FALSE,3,2,1,2_1,754d26af-f184-497c-856a-cd1ea7a5115c,NA
6,50880125,50880125,1,snv_mnv,NA,NA,"broad,muse,sanger",3,COSN16630238,NA,L1ME1,FALSE,0.0833,NA,5,55,NA,NA,NA,IGR,FALSE,FALSE,FALSE,FALSE,3,2,1,2_1,754d26af-f184-497c-856a-cd1ea7a5115c,FTH1P5
6,51118682,51118682,1,snv_mnv,NA,NA,"broad,dkfz,muse,sanger",4,COSN16631054,NA,NA,FALSE,0.0714,NA,6,78,NA,NA,NA,IGR,FALSE,FALSE,FALSE,FALSE,3,2,1,2_1,754d26af-f184-497c-856a-cd1ea7a5115c,NA
6,51405621,51405621,1,snv_mnv,NA,NA,"broad,dkfz,muse,sanger",4,COSN16632253,NA,NA,FALSE,0.2206,NA,15,53,NA,NA,NA,IGR,FALSE,FALSE,FALSE,FALSE,3,2,1,2_1,754d26af-f184-497c-856a-cd1ea7a5115c,AL445529.1
6,52204836,52204836,1,snv_mnv,NA,NA,"broad,muse,sanger",3,COSN16631618,NA,AluY,FALSE,0.275,NA,11,29,NA,NA,NA,IGR,FALSE,FALSE,FALSE,FALSE,3,2,1,2_1,754d26af-f184-497c-856a-cd1ea7a5115c,NA
6,52945012,52945012,1,snv_mnv,NA,NA,"broad,muse",2,COSN16633190,NA,NA,FALSE,0.0556,NA,4,68,NA,NA,NA,Intron,FALSE,FALSE,FALSE,FALSE,3,2,1,2_1,754d26af-f184-497c-856a-cd1ea7a5115c,NA
6,54461874,54461874,1,snv_mnv,NA,NA,"broad,muse",2,COSN16630366,NA,MER44B,FALSE,0.0597,NA,4,63,NA,NA,NA,IGR,FALSE,FALSE,FALSE,FALSE,3,2,1,2_1,754d26af-f184-497c-856a-cd1ea7a5115c,NA
6,54503417,54503417,1,snv_mnv,NA,NA,"broad,muse",2,COSN16630002,NA,L1ME3E,FALSE,0.0444,NA,4,86,NA,NA,NA,IGR,FALSE,FALSE,FALSE,FALSE,3,2,1,2_1,754d26af-f184-497c-856a-cd1ea7a5115c,NA
6,54813371,54813371,1,snv_mnv,NA,NA,"broad,dkfz,muse,sanger",4,COSN16632733,NA,NA,FALSE,0.1311,NA,8,53,NA,NA,NA,IGR,FALSE,FALSE,FALSE,FALSE,3,2,1,2_1,754d26af-f184-497c-856a-cd1ea7a5115c,AL049555.1
6,57012674,57012674,1,snv_mnv,NA,NA,"broad,dkfz,muse,sanger",4,COSM3159786,rs374605651,NA,FALSE,0.0781,NA,5,59,NA,NA,NA,Silent,FALSE,FALSE,FALSE,FALSE,3,2,1,2_1,754d26af-f184-497c-856a-cd1ea7a5115c,ZNF451-AS1
6,57476577,57476577,1,snv_mnv,NA,NA,"broad,muse,sanger",3,COSN16630726,NA,NA,FALSE,0.1429,NA,8,48,NA,NA,NA,Intron,FALSE,FALSE,TRUE,FALSE,3,2,1,2_1,754d26af-f184-497c-856a-cd1ea7a5115c,NA
6,57576354,57576354,1,snv_mnv,NA,NA,"broad,dkfz,muse,sanger",4,COSN16633226,NA,L1MEf,FALSE,0.129,NA,8,54,NA,NA,NA,IGR,FALSE,FALSE,FALSE,FALSE,3,2,1,2_1,754d26af-f184-497c-856a-cd1ea7a5115c,NA
6,57592659,57592659,1,snv_mnv,NA,NA,"broad,dkfz,muse,sanger",4,COSN16633255,NA,MSTB,FALSE,0.2208,NA,17,60,NA,NA,NA,IGR,FALSE,FALSE,FALSE,FALSE,3,2,1,2_1,754d26af-f184-497c-856a-cd1ea7a5115c,NA
6,57700169,57700169,1,snv_mnv,NA,NA,"broad,muse,sanger",3,COSN16632350,NA,NA,FALSE,0.0685,NA,5,68,NA,NA,NA,IGR,FALSE,FALSE,FALSE,FALSE,3,2,1,2_1,754d26af-f184-497c-856a-cd1ea7a5115c,NA
6,58364451,58364451,1,snv_mnv,NA,NA,"broad,muse,sanger",3,COSN16632571,NA,L2,FALSE,0.0926,NA,5,49,NA,NA,NA,IGR,FALSE,FALSE,FALSE,FALSE,3,2,1,2_1,754d26af-f184-497c-856a-cd1ea7a5115c,AL445250.1
6,58612243,58612243,1,snv_mnv,NA,NA,"broad,dkfz,muse,sanger",4,COSN16630367,NA,NA,FALSE,0.1507,NA,11,62,NA,NA,NA,IGR,FALSE,FALSE,FALSE,FALSE,3,2,1,2_1,754d26af-f184-497c-856a-cd1ea7a5115c,NA
6,61924529,61924529,1,snv_mnv,NA,NA,"broad,muse",2,COSN16629654,NA,ALR/Alpha,FALSE,0.22,NA,11,39,NA,NA,NA,IGR,FALSE,FALSE,FALSE,FALSE,3,2,1,2_1,754d26af-f184-497c-856a-cd1ea7a5115c,NA
6,62013956,62013956,1,snv_mnv,NA,NA,"broad,dkfz,muse,sanger",4,COSN16631163,NA,L1MC5,FALSE,0.1552,NA,9,49,NA,NA,NA,IGR,FALSE,FALSE,FALSE,FALSE,3,2,1,2_1,754d26af-f184-497c-856a-cd1ea7a5115c,NA
6,62951668,62951668,1,snv_mnv,NA,NA,"broad,dkfz,muse,sanger",4,COSN16632951,rs750652714,MIR,FALSE,0.2167,NA,13,47,NA,NA,NA,Intron,FALSE,FALSE,FALSE,FALSE,3,2,1,2_1,754d26af-f184-497c-856a-cd1ea7a5115c,NA
6,63014996,63014996,1,snv_mnv,NA,NA,"broad,dkfz,muse,sanger",4,COSN16630477,NA,L1MEg,FALSE,0.0896,NA,6,61,NA,NA,NA,IGR,FALSE,FALSE,FALSE,FALSE,3,2,1,2_1,754d26af-f184-497c-856a-cd1ea7a5115c,NA
6,63238076,63238076,1,snv_mnv,NA,NA,"broad,muse,sanger",3,COSN16631701,NA,L1PA13,FALSE,0.0641,NA,5,73,NA,NA,NA,IGR,FALSE,FALSE,FALSE,FALSE,3,2,1,2_1,754d26af-f184-497c-856a-cd1ea7a5115c,NA
6,63367085,63367085,1,snv_mnv,NA,NA,"broad,dkfz,muse,sanger",4,COSN16630879,NA,NA,FALSE,0.1017,NA,6,53,NA,NA,NA,IGR,FALSE,FALSE,FALSE,FALSE,3,2,1,2_1,754d26af-f184-497c-856a-cd1ea7a5115c,NA
6,63443155,63443155,1,snv_mnv,NA,NA,"broad,dkfz,muse,sanger",4,COSN16629309,NA,MLT2B4,FALSE,0.1071,NA,9,75,NA,NA,NA,IGR,FALSE,FALSE,FALSE,FALSE,3,2,1,2_1,754d26af-f184-497c-856a-cd1ea7a5115c,NA
6,63535074,63535074,1,snv_mnv,NA,NA,"broad,dkfz,muse,sanger",4,COSN16631217,NA,MER4A1_,FALSE,0.1129,NA,7,55,NA,NA,NA,IGR,FALSE,FALSE,TRUE,FALSE,3,2,1,2_1,754d26af-f184-497c-856a-cd1ea7a5115c,NA
6,64202119,64202119,1,snv_mnv,NA,NA,"broad,dkfz,muse,sanger",4,COSN16630616,NA,NA,FALSE,0.1094,NA,7,57,NA,NA,NA,IGR,FALSE,FALSE,FALSE,FALSE,3,2,1,2_1,754d26af-f184-497c-856a-cd1ea7a5115c,NA
6,65335498,65335498,1,snv_mnv,NA,NA,"broad,muse,sanger",3,COSN16633119,NA,MLT1A0,FALSE,0.0779,NA,6,71,NA,NA,NA,Intron,FALSE,FALSE,FALSE,FALSE,3,2,1,2_1,754d26af-f184-497c-856a-cd1ea7a5115c,NA
6,65416162,65416162,1,snv_mnv,NA,NA,"broad,muse",2,COSN16631262,NA,L1PB1,FALSE,0.0702,NA,4,53,NA,NA,NA,Intron,FALSE,FALSE,FALSE,FALSE,3,2,1,2_1,754d26af-f184-497c-856a-cd1ea7a5115c,NA
6,65806794,65806794,1,snv_mnv,NA,NA,"broad,muse,sanger",3,COSN16632174,NA,L1MB1,FALSE,0.082,NA,5,56,NA,NA,NA,Intron,FALSE,FALSE,FALSE,FALSE,3,2,1,2_1,754d26af-f184-497c-856a-cd1ea7a5115c,NA
6,66133279,66133279,1,snv_mnv,NA,NA,"broad,dkfz,muse,sanger",4,COSN16632069,NA,NA,FALSE,0.1167,NA,7,53,NA,NA,NA,Intron,FALSE,FALSE,FALSE,FALSE,3,2,1,2_1,754d26af-f184-497c-856a-cd1ea7a5115c,NA
6,66232114,66232114,1,snv_mnv,NA,NA,"broad,dkfz,muse,sanger",4,COSN16630003,NA,NA,FALSE,0.0909,NA,6,60,NA,NA,NA,Intron,FALSE,FALSE,TRUE,FALSE,3,2,1,2_1,754d26af-f184-497c-856a-cd1ea7a5115c,NA
6,66498061,66498061,1,snv_mnv,NA,NA,"broad,muse,sanger",3,COSN16633191,rs755733161,MIR3,FALSE,0.2571,NA,9,26,NA,NA,NA,IGR,FALSE,FALSE,FALSE,FALSE,3,2,1,2_1,754d26af-f184-497c-856a-cd1ea7a5115c,SLC25A51P1
6,66673293,66673293,1,snv_mnv,NA,NA,"broad,dkfz,muse,sanger",4,COSN16632929,NA,MLT1B,FALSE,0.1311,NA,8,53,NA,NA,NA,IGR,FALSE,FALSE,FALSE,FALSE,3,2,1,2_1,754d26af-f184-497c-856a-cd1ea7a5115c,NA
6,66765056,66765056,1,snv_mnv,1.9968e-4,rs188449459,"broad,dkfz,muse,sanger",4,COSN16629857,rs188449459,NA,FALSE,0.1449,NA,10,59,NA,NA,NA,IGR,FALSE,FALSE,FALSE,FALSE,3,2,1,2_1,754d26af-f184-497c-856a-cd1ea7a5115c,NA
6,67406860,67406860,1,snv_mnv,NA,NA,"muse,sanger",2,COSN16632876,rs752974793,Charlie25,FALSE,0.0588,NA,5,80,NA,NA,NA,IGR,FALSE,FALSE,FALSE,FALSE,3,2,1,2_1,754d26af-f184-497c-856a-cd1ea7a5115c,NA
6,67533725,67533725,1,snv_mnv,NA,NA,"broad,muse,sanger",3,COSN16633256,NA,NA,FALSE,0.0758,NA,5,61,NA,NA,NA,IGR,FALSE,FALSE,FALSE,FALSE,3,2,1,2_1,754d26af-f184-497c-856a-cd1ea7a5115c,NA
6,67690509,67690509,1,snv_mnv,1.9968e-4,rs567419482,"broad,dkfz,muse,sanger",4,COSN16631810,rs567419482,NA,FALSE,0.2333,NA,14,46,NA,NA,NA,IGR,FALSE,FALSE,FALSE,FALSE,3,2,1,2_1,754d26af-f184-497c-856a-cd1ea7a5115c,NA
6,67882759,67882759,1,snv_mnv,NA,NA,"broad,dkfz,muse,sanger",4,COSN16632525,NA,NA,FALSE,0.0984,NA,6,55,NA,NA,NA,IGR,FALSE,FALSE,FALSE,FALSE,3,2,1,2_1,754d26af-f184-497c-856a-cd1ea7a5115c,NA
6,68327466,68327466,1,snv_mnv,NA,NA,"broad,muse",2,COSN16633166,NA,NA,FALSE,0.0588,NA,4,64,NA,NA,NA,IGR,FALSE,FALSE,FALSE,FALSE,3,2,1,2_1,754d26af-f184-497c-856a-cd1ea7a5115c,NA
6,68451301,68451301,1,snv_mnv,NA,NA,"broad,muse,sanger",3,COSN16633017,NA,NA,FALSE,0.0635,NA,4,59,NA,NA,NA,IGR,FALSE,FALSE,FALSE,FALSE,3,2,1,2_1,754d26af-f184-497c-856a-cd1ea7a5115c,NA
6,68464920,68464920,1,snv_mnv,NA,NA,"broad,dkfz,muse,sanger",4,COSN16629600,NA,NA,FALSE,0.0946,NA,7,67,NA,NA,NA,IGR,FALSE,FALSE,TRUE,FALSE,3,2,1,2_1,754d26af-f184-497c-856a-cd1ea7a5115c,NA
6,68595512,68595512,1,snv_mnv,NA,NA,"broad,muse,sanger",3,COSN16632324,NA,HERVH-int,FALSE,0.1163,NA,5,38,NA,NA,NA,lincRNA,FALSE,FALSE,FALSE,FALSE,3,2,1,2_1,754d26af-f184-497c-856a-cd1ea7a5115c,AL713998.1
6,68754746,68754746,1,snv_mnv,NA,NA,"broad,dkfz,muse,sanger",4,COSN16632671,NA,NA,FALSE,0.1486,NA,11,63,NA,NA,NA,IGR,FALSE,FALSE,FALSE,FALSE,3,2,1,2_1,754d26af-f184-497c-856a-cd1ea7a5115c,NA
6,68785005,68785005,1,snv_mnv,NA,NA,"broad,dkfz,muse,sanger",4,COSN16633142,NA,NA,FALSE,0.0732,NA,6,76,NA,NA,NA,IGR,FALSE,FALSE,FALSE,FALSE,3,2,1,2_1,754d26af-f184-497c-856a-cd1ea7a5115c,NA
6,68928651,68928651,1,snv_mnv,NA,NA,"broad,dkfz,muse,sanger",4,COSN16629310,NA,L1PA7,FALSE,0.0833,NA,4,44,NA,NA,NA,IGR,FALSE,FALSE,FALSE,FALSE,3,2,1,2_1,754d26af-f184-497c-856a-cd1ea7a5115c,NA
6,68985554,68985554,1,snv_mnv,NA,NA,"broad,dkfz,muse,sanger",4,COSN16631186,NA,NA,FALSE,0.2429,NA,17,53,NA,NA,NA,lincRNA,FALSE,FALSE,FALSE,FALSE,3,2,1,2_1,754d26af-f184-497c-856a-cd1ea7a5115c,NA
6,69454063,69454063,1,snv_mnv,NA,NA,"broad,dkfz,muse,sanger",4,COSN16631811,NA,NA,FALSE,0.1,NA,5,45,NA,NA,NA,Intron,FALSE,FALSE,FALSE,FALSE,3,2,1,2_1,754d26af-f184-497c-856a-cd1ea7a5115c,NA
6,69738299,69738299,1,snv_mnv,NA,NA,"broad,dkfz,muse,sanger",4,COSN16633312,NA,NA,FALSE,0.0847,NA,5,54,NA,NA,NA,Intron,FALSE,FALSE,FALSE,FALSE,3,2,1,2_1,754d26af-f184-497c-856a-cd1ea7a5115c,NA
6,69751584,69751584,1,snv_mnv,NA,NA,"broad,dkfz,muse,sanger",4,COSN16632496,NA,AluJb,FALSE,0.2075,NA,11,42,NA,NA,NA,Intron,FALSE,FALSE,FALSE,FALSE,3,2,1,2_1,754d26af-f184-497c-856a-cd1ea7a5115c,NA
6,70250057,70250057,1,snv_mnv,NA,NA,"broad,muse,sanger",3,COSN16629581,NA,AluSc5,FALSE,0.1087,NA,5,41,NA,NA,NA,IGR,FALSE,FALSE,FALSE,FALSE,3,2,1,2_1,754d26af-f184-497c-856a-cd1ea7a5115c,NA
6,72578704,72578704,1,snv_mnv,NA,NA,"broad,dkfz,muse,sanger",4,COSN16631842,NA,NA,FALSE,0.2115,NA,11,41,NA,NA,NA,IGR,FALSE,FALSE,FALSE,FALSE,3,2,1,2_1,754d26af-f184-497c-856a-cd1ea7a5115c,NA
6,72614273,72614273,1,snv_mnv,NA,NA,"broad,muse,sanger",3,COSN16632254,rs768819098,LTR16A,FALSE,0.1017,NA,6,53,NA,NA,NA,Intron,FALSE,FALSE,FALSE,FALSE,3,2,1,2_1,754d26af-f184-497c-856a-cd1ea7a5115c,NA
6,72685738,72685738,1,snv_mnv,NA,NA,"broad,muse,sanger",3,COSN16631673,NA,L1MB7,FALSE,0.0909,NA,5,50,NA,NA,NA,Intron,FALSE,FALSE,FALSE,FALSE,3,2,1,2_1,754d26af-f184-497c-856a-cd1ea7a5115c,NA
6,73133716,73133716,1,snv_mnv,NA,NA,"broad,muse,sanger",3,COSN16631730,NA,NA,FALSE,0.0897,NA,7,71,NA,NA,NA,IGR,FALSE,FALSE,FALSE,FALSE,3,2,1,2_1,754d26af-f184-497c-856a-cd1ea7a5115c,NA
6,74727983,74727983,1,snv_mnv,NA,NA,"broad,muse,sanger",3,COSN16633192,NA,THE1B,FALSE,0.0704,NA,5,66,NA,NA,NA,IGR,FALSE,FALSE,FALSE,FALSE,3,2,1,2_1,754d26af-f184-497c-856a-cd1ea7a5115c,NA
6,74907590,74907590,1,snv_mnv,NA,NA,"broad,dkfz,muse,sanger",4,COSN16632930,NA,NA,FALSE,0.0857,NA,6,64,NA,NA,NA,lincRNA,FALSE,FALSE,FALSE,FALSE,3,2,1,2_1,754d26af-f184-497c-856a-cd1ea7a5115c,NA
6,75107326,75107326,1,snv_mnv,NA,NA,"broad,muse",2,COSN16632823,NA,NA,FALSE,0.0741,NA,4,50,NA,NA,NA,lincRNA,FALSE,FALSE,FALSE,FALSE,3,2,1,2_1,754d26af-f184-497c-856a-cd1ea7a5115c,NA
6,75176201,75176201,1,snv_mnv,NA,NA,"broad,muse,sanger",3,COSN16630880,NA,L1PA13,FALSE,0.0968,NA,6,56,NA,NA,NA,lincRNA,FALSE,FALSE,FALSE,FALSE,3,2,1,2_1,754d26af-f184-497c-856a-cd1ea7a5115c,NA
6,76232128,76232128,1,snv_mnv,NA,NA,"broad,muse,sanger",3,COSN16629023,NA,AluSq4,FALSE,0.0702,NA,4,53,NA,NA,NA,IGR,FALSE,FALSE,FALSE,FALSE,3,2,1,2_1,754d26af-f184-497c-856a-cd1ea7a5115c,NA
6,76669020,76669020,1,snv_mnv,NA,NA,"broad,dkfz,muse,sanger",4,COSN16629390,NA,L1PA7,FALSE,0.1622,NA,6,31,NA,NA,NA,Intron,FALSE,FALSE,FALSE,FALSE,3,2,1,2_1,754d26af-f184-497c-856a-cd1ea7a5115c,NA
6,77181113,77181113,1,snv_mnv,NA,NA,"broad,muse",2,COSN16629024,NA,NA,FALSE,0.0833,NA,4,44,NA,NA,NA,IGR,FALSE,FALSE,FALSE,FALSE,3,2,1,2_1,754d26af-f184-497c-856a-cd1ea7a5115c,NA
6,77380231,77380231,1,snv_mnv,NA,NA,"broad,muse",2,COSN16629528,NA,MLT1L,FALSE,0.0714,NA,4,52,NA,NA,NA,IGR,FALSE,FALSE,FALSE,FALSE,3,2,1,2_1,754d26af-f184-497c-856a-cd1ea7a5115c,NA
6,77525344,77525344,1,snv_mnv,NA,NA,"broad,dkfz,muse,sanger",4,COSN16631414,NA,NA,FALSE,0.254,NA,16,47,NA,NA,NA,IGR,FALSE,FALSE,FALSE,FALSE,3,2,1,2_1,754d26af-f184-497c-856a-cd1ea7a5115c,NA
6,78232953,78232953,1,snv_mnv,NA,NA,"broad,dkfz,muse,sanger",4,COSN16629552,NA,L1PA3,FALSE,0.2247,NA,20,69,NA,NA,NA,IGR,FALSE,FALSE,FALSE,FALSE,3,2,1,2_1,754d26af-f184-497c-856a-cd1ea7a5115c,NA
6,78679449,78679449,1,snv_mnv,NA,NA,"broad,dkfz,muse,sanger",4,COSN16632038,NA,NA,FALSE,0.1098,NA,9,73,NA,NA,NA,IGR,FALSE,FALSE,TRUE,FALSE,3,2,1,2_1,754d26af-f184-497c-856a-cd1ea7a5115c,NA
6,80566840,80566840,1,snv_mnv,NA,NA,"broad,dkfz,muse,sanger",4,COSN16632434,NA,MER50,FALSE,0.2667,NA,16,44,NA,NA,NA,IGR,FALSE,FALSE,FALSE,FALSE,3,2,1,2_1,754d26af-f184-497c-856a-cd1ea7a5115c,AL132875.1
6,80880482,80880482,1,snv_mnv,NA,NA,"broad,dkfz,sanger",3,COSN16632526,NA,NA,FALSE,0.0822,NA,6,67,NA,NA,NA,Intron,FALSE,FALSE,FALSE,FALSE,3,2,1,2_1,754d26af-f184-497c-856a-cd1ea7a5115c,BCKDHB
6,82757107,82757107,1,snv_mnv,NA,NA,"broad,dkfz,muse,sanger",4,COSN16629739,NA,NA,FALSE,0.1667,NA,11,55,NA,NA,NA,IGR,FALSE,FALSE,FALSE,FALSE,3,2,1,2_1,754d26af-f184-497c-856a-cd1ea7a5115c,NA
6,85093303,85093303,1,snv_mnv,NA,NA,"broad,dkfz,muse,sanger",4,COSN16629287,NA,L1M3,FALSE,0.087,NA,6,63,NA,NA,NA,IGR,FALSE,FALSE,FALSE,FALSE,3,2,1,2_1,754d26af-f184-497c-856a-cd1ea7a5115c,NA
6,85908909,85908909,1,snv_mnv,NA,NA,"broad,dkfz,muse,sanger",4,COSN16629473,NA,L1PA8,FALSE,0.1231,NA,8,57,NA,NA,NA,IGR,FALSE,FALSE,TRUE,FALSE,3,2,1,2_1,754d26af-f184-497c-856a-cd1ea7a5115c,NA
6,85913039,85913039,1,snv_mnv,NA,NA,"broad,dkfz,muse,sanger",4,COSN16629499,NA,L1PA6,FALSE,0.1224,NA,6,43,NA,NA,NA,IGR,FALSE,FALSE,FALSE,FALSE,3,2,1,2_1,754d26af-f184-497c-856a-cd1ea7a5115c,NA
6,86150244,86150244,1,snv_mnv,NA,NA,"broad,dkfz,muse,sanger",4,COSN16631164,NA,L1MC,FALSE,0.2568,NA,19,55,NA,NA,NA,IGR,FALSE,FALSE,FALSE,FALSE,3,2,1,2_1,754d26af-f184-497c-856a-cd1ea7a5115c,NA
6,86660580,86660580,1,snv_mnv,NA,NA,"broad,dkfz,muse,sanger",4,COSN16630995,NA,L1PA7,FALSE,0.122,NA,10,72,NA,NA,NA,IGR,FALSE,FALSE,TRUE,FALSE,3,2,1,2_1,754d26af-f184-497c-856a-cd1ea7a5115c,NA
6,86820245,86820245,1,snv_mnv,NA,NA,"broad,dkfz,muse,sanger",4,COSN16631876,NA,L1MA2,FALSE,0.0822,NA,6,67,NA,NA,NA,IGR,FALSE,FALSE,TRUE,FALSE,3,2,1,2_1,754d26af-f184-497c-856a-cd1ea7a5115c,NA
6,87137015,87137015,1,snv_mnv,NA,NA,"broad,sanger",2,COSN16631903,NA,LTR58,FALSE,0.0984,NA,6,55,NA,NA,NA,IGR,FALSE,FALSE,TRUE,FALSE,3,2,1,2_1,754d26af-f184-497c-856a-cd1ea7a5115c,AL391417.1
6,87358630,87358630,1,snv_mnv,NA,NA,"broad,dkfz,muse,sanger",4,COSN16631234,NA,NA,FALSE,0.2182,NA,12,43,NA,NA,NA,IGR,FALSE,FALSE,FALSE,FALSE,3,2,1,2_1,754d26af-f184-497c-856a-cd1ea7a5115c,NA
6,89012610,89012610,1,snv_mnv,NA,NA,"broad,dkfz,muse,sanger",4,COSN16631055,NA,MIRc,FALSE,0.2174,NA,10,36,NA,NA,NA,lincRNA,FALSE,FALSE,FALSE,FALSE,3,2,1,2_1,754d26af-f184-497c-856a-cd1ea7a5115c,NA
6,90892887,90892887,1,snv_mnv,NA,NA,"broad,dkfz,muse,sanger",4,COSN16629529,NA,NA,FALSE,0.1346,NA,7,45,NA,NA,NA,Intron,FALSE,FALSE,FALSE,FALSE,3,2,1,2_1,754d26af-f184-497c-856a-cd1ea7a5115c,NA
6,91037987,91037987,1,snv_mnv,NA,NA,"broad,muse",2,COSN16630478,NA,NA,FALSE,0.0645,NA,4,58,NA,NA,NA,IGR,FALSE,FALSE,FALSE,FALSE,3,2,1,2_1,754d26af-f184-497c-856a-cd1ea7a5115c,NA
6,91184221,91184221,1,snv_mnv,NA,NA,"broad,dkfz,muse,sanger",4,COSN16629260,NA,NA,FALSE,0.2099,NA,17,64,NA,NA,NA,IGR,FALSE,FALSE,FALSE,FALSE,3,2,1,2_1,754d26af-f184-497c-856a-cd1ea7a5115c,NA
6,91727245,91727245,1,snv_mnv,NA,NA,"broad,dkfz,muse,sanger",4,COSN16630239,NA,NA,FALSE,0.1644,NA,12,61,NA,NA,NA,IGR,FALSE,FALSE,FALSE,FALSE,3,2,1,2_1,754d26af-f184-497c-856a-cd1ea7a5115c,NA
6,92063009,92063009,1,snv_mnv,0.0019968,rs562629913,"broad,dkfz,muse,sanger",4,COSN16630368,rs562629913,NA,FALSE,0.0862,NA,5,53,NA,NA,NA,IGR,FALSE,FALSE,FALSE,FALSE,3,2,1,2_1,754d26af-f184-497c-856a-cd1ea7a5115c,NA
6,92490486,92490486,1,snv_mnv,NA,NA,"broad,dkfz,muse,sanger",4,COSN16631235,NA,NA,FALSE,0.1923,NA,15,63,NA,NA,NA,IGR,FALSE,FALSE,FALSE,FALSE,3,2,1,2_1,754d26af-f184-497c-856a-cd1ea7a5115c,NA
6,92515246,92515246,1,snv_mnv,NA,NA,"broad,dkfz",2,COSN16631236,rs111638001,(TG)n,FALSE,0.0972,NA,7,65,NA,NA,NA,IGR,FALSE,FALSE,FALSE,FALSE,3,2,1,2_1,754d26af-f184-497c-856a-cd1ea7a5115c,NA
6,92528681,92528681,1,snv_mnv,NA,NA,"broad,dkfz,muse,sanger",4,COSN16631588,NA,NA,FALSE,0.1447,NA,11,65,NA,NA,NA,IGR,FALSE,FALSE,FALSE,FALSE,3,2,1,2_1,754d26af-f184-497c-856a-cd1ea7a5115c,AL590635.1
6,92888156,92888156,1,snv_mnv,NA,NA,"broad,dkfz,muse,sanger",4,COSN16628964,NA,NA,FALSE,0.1848,NA,17,75,NA,NA,NA,IGR,FALSE,FALSE,FALSE,FALSE,3,2,1,2_1,754d26af-f184-497c-856a-cd1ea7a5115c,NA
6,93024266,93024266,1,snv_mnv,NA,NA,"broad,muse,sanger",3,COSN16630336,NA,L1M7,FALSE,0.0847,NA,5,54,NA,NA,NA,IGR,FALSE,FALSE,TRUE,FALSE,3,2,1,2_1,754d26af-f184-497c-856a-cd1ea7a5115c,NA
6,93075820,93075820,1,snv_mnv,NA,NA,"muse,sanger",2,COSN16632787,NA,MER39,FALSE,0.1091,NA,6,49,NA,NA,NA,IGR,FALSE,FALSE,FALSE,FALSE,3,2,1,2_1,754d26af-f184-497c-856a-cd1ea7a5115c,NA
6,93087126,93087126,1,snv_mnv,NA,NA,"broad,dkfz,muse,sanger",4,COSN16631589,NA,NA,FALSE,0.1961,NA,10,41,NA,NA,NA,IGR,FALSE,FALSE,FALSE,FALSE,3,2,1,2_1,754d26af-f184-497c-856a-cd1ea7a5115c,NA
6,93660377,93660377,1,snv_mnv,NA,NA,"broad,dkfz,muse,sanger",4,COSN16628938,NA,MER106B,FALSE,0.1509,NA,8,45,NA,NA,NA,IGR,FALSE,FALSE,FALSE,FALSE,3,2,1,2_1,754d26af-f184-497c-856a-cd1ea7a5115c,NA
6,93813670,93813670,1,snv_mnv,NA,NA,"broad,dkfz,muse,sanger",4,COSN16629230,NA,NA,FALSE,0.1111,NA,6,48,NA,NA,NA,lincRNA,FALSE,FALSE,FALSE,FALSE,3,2,1,2_1,754d26af-f184-497c-856a-cd1ea7a5115c,AL138731.1
6,94254167,94254167,1,snv_mnv,NA,NA,"broad,dkfz,muse,sanger",4,COSN16631127,NA,L1MC,FALSE,0.2,NA,13,52,NA,NA,NA,IGR,FALSE,FALSE,FALSE,FALSE,3,2,1,2_1,754d26af-f184-497c-856a-cd1ea7a5115c,NA
6,94425447,94425447,1,snv_mnv,NA,NA,"broad,dkfz,muse,sanger",4,COSN16633043,NA,L1MA9,FALSE,0.1125,NA,9,71,NA,NA,NA,IGR,FALSE,FALSE,FALSE,FALSE,3,2,1,2_1,754d26af-f184-497c-856a-cd1ea7a5115c,NA
6,95669041,95669041,1,snv_mnv,NA,NA,"broad,dkfz,muse,sanger",4,COSN16630996,NA,L1ME1,FALSE,0.131,NA,11,73,NA,NA,NA,IGR,FALSE,FALSE,FALSE,FALSE,3,2,1,2_1,754d26af-f184-497c-856a-cd1ea7a5115c,NA
6,96466954,96466954,1,snv_mnv,1.9968e-4,rs184298256,"broad,dkfz,muse,sanger",4,COSN16632204,rs184298256,NA,FALSE,0.2698,NA,17,46,NA,NA,NA,Intron,FALSE,FALSE,FALSE,FALSE,3,2,1,2_1,754d26af-f184-497c-856a-cd1ea7a5115c,NA
6,96467232,96467232,1,snv_mnv,NA,NA,"broad,dkfz,muse,sanger",4,COSN16629740,NA,NA,FALSE,0.0972,NA,7,65,NA,NA,NA,Intron,FALSE,FALSE,FALSE,FALSE,3,2,1,2_1,754d26af-f184-497c-856a-cd1ea7a5115c,NA
6,96947259,96947259,1,snv_mnv,NA,NA,"broad,muse,sanger",3,COSN16631263,NA,L1PA6,FALSE,0.0563,NA,4,67,NA,NA,NA,RNA,FALSE,FALSE,FALSE,FALSE,3,2,1,2_1,754d26af-f184-497c-856a-cd1ea7a5115c,NA
6,97175385,97175385,1,snv_mnv,NA,NA,"broad,dkfz,muse,sanger",4,COSN16630960,NA,NA,FALSE,0.1607,NA,9,47,NA,NA,NA,IGR,FALSE,FALSE,FALSE,FALSE,3,2,1,2_1,754d26af-f184-497c-856a-cd1ea7a5115c,NA
6,97453917,97453917,1,snv_mnv,NA,NA,"broad,dkfz,muse,sanger",4,COSN16630303,NA,L1PA15,FALSE,0.2987,NA,23,54,NA,NA,NA,Intron,FALSE,FALSE,FALSE,FALSE,3,2,1,2_1,754d26af-f184-497c-856a-cd1ea7a5115c,KLHL32
6,98366380,98366380,1,snv_mnv,NA,NA,"broad,dkfz,muse,sanger",4,COSN16632696,NA,NA,FALSE,0.1687,NA,14,69,NA,NA,NA,lincRNA,FALSE,FALSE,FALSE,FALSE,3,2,1,2_1,754d26af-f184-497c-856a-cd1ea7a5115c,NA
6,98890548,98890548,1,snv_mnv,NA,NA,"broad,muse,sanger",3,COSN16629025,NA,AluJb,FALSE,0.0833,NA,4,44,NA,NA,NA,IGR,FALSE,FALSE,FALSE,FALSE,3,2,1,2_1,754d26af-f184-497c-856a-cd1ea7a5115c,NA
6,99012766,99012766,1,snv_mnv,NA,NA,"broad,dkfz,muse,sanger",4,COSN16632175,NA,AluY,FALSE,0.2308,NA,12,40,NA,NA,NA,IGR,FALSE,FALSE,FALSE,FALSE,3,2,1,2_1,754d26af-f184-497c-856a-cd1ea7a5115c,NA
6,99248296,99248296,1,snv_mnv,NA,NA,"broad,muse,sanger",3,COSN16628909,NA,L2a,FALSE,0.0794,NA,5,58,NA,NA,NA,IGR,FALSE,FALSE,FALSE,FALSE,3,2,1,2_1,754d26af-f184-497c-856a-cd1ea7a5115c,NA
6,100123639,100123639,1,snv_mnv,NA,NA,"broad,dkfz,muse,sanger",4,COSN16630004,NA,L1PA5,FALSE,0.1111,NA,8,64,NA,NA,NA,IGR,FALSE,FALSE,FALSE,FALSE,3,2,1,2_1,754d26af-f184-497c-856a-cd1ea7a5115c,NA
6,100402494,100402494,1,snv_mnv,NA,NA,"broad,dkfz,muse,sanger",4,COSN16631702,NA,Tigger4,FALSE,0.1111,NA,6,48,NA,NA,NA,Intron,FALSE,FALSE,FALSE,FALSE,3,2,1,2_1,754d26af-f184-497c-856a-cd1ea7a5115c,NA
6,100903182,100903182,1,snv_mnv,NA,NA,"broad,dkfz,muse,sanger",4,COSN16629601,NA,NA,FALSE,0.1481,NA,4,23,NA,NA,NA,Intron,FALSE,FALSE,FALSE,FALSE,3,2,1,2_1,754d26af-f184-497c-856a-cd1ea7a5115c,NA
6,101501403,101501403,1,snv_mnv,3.9936e-4,rs544840783,"broad,muse",2,COSN16631643,rs544840783,L1P3,FALSE,0.0909,NA,4,40,NA,NA,NA,IGR,FALSE,FALSE,FALSE,FALSE,3,2,1,2_1,754d26af-f184-497c-856a-cd1ea7a5115c,NA
6,101593785,101593785,1,snv_mnv,NA,NA,"broad,muse",2,COSN16630396,NA,AluSq2,FALSE,0.0741,NA,4,50,NA,NA,NA,IGR,FALSE,FALSE,FALSE,FALSE,3,2,1,2_1,754d26af-f184-497c-856a-cd1ea7a5115c,NA
6,101610410,101610410,1,snv_mnv,NA,NA,"broad,dkfz,muse,sanger",4,COSN16632100,rs866452523,NA,FALSE,0.0822,NA,6,67,NA,NA,NA,IGR,FALSE,FALSE,FALSE,FALSE,3,2,1,2_1,754d26af-f184-497c-856a-cd1ea7a5115c,NA
6,101639999,101639999,1,snv_mnv,NA,NA,"broad,muse,sanger",3,COSN16631674,rs570796164,L1PA5,FALSE,0.2245,NA,11,38,NA,NA,NA,IGR,FALSE,FALSE,FALSE,FALSE,3,2,1,2_1,754d26af-f184-497c-856a-cd1ea7a5115c,NA
6,101924324,101924324,1,snv_mnv,NA,NA,"broad,dkfz,muse,sanger",4,COSN2130108,NA,NA,FALSE,0.1471,NA,10,58,NA,NA,NA,Intron,FALSE,FALSE,FALSE,FALSE,3,2,1,2_1,754d26af-f184-497c-856a-cd1ea7a5115c,NA
6,102248958,102248958,1,snv_mnv,NA,NA,"broad,dkfz,muse,sanger",4,COSN16630847,NA,L4,FALSE,0.1081,NA,8,66,NA,NA,NA,Intron,FALSE,FALSE,FALSE,FALSE,3,2,1,2_1,754d26af-f184-497c-856a-cd1ea7a5115c,NA
6,102531392,102531392,1,snv_mnv,NA,NA,"broad,dkfz,muse,sanger",4,COSN16631590,NA,NA,FALSE,0.1519,NA,12,67,NA,NA,NA,IGR,FALSE,FALSE,FALSE,FALSE,3,2,1,2_1,754d26af-f184-497c-856a-cd1ea7a5115c,AP002530.1
6,102561125,102561125,1,snv_mnv,NA,NA,"broad,dkfz,muse,sanger",4,COSN16628939,NA,L1PA15-16,FALSE,0.08,NA,6,69,NA,NA,NA,IGR,FALSE,FALSE,TRUE,FALSE,3,2,1,2_1,754d26af-f184-497c-856a-cd1ea7a5115c,NA
6,103642920,103642920,1,snv_mnv,NA,NA,"broad,dkfz,muse,sanger",4,COSN16630961,NA,NA,FALSE,0.0758,NA,5,61,NA,NA,NA,IGR,FALSE,FALSE,FALSE,FALSE,3,2,1,2_1,754d26af-f184-497c-856a-cd1ea7a5115c,NA
6,103945538,103945538,1,snv_mnv,NA,NA,"broad,muse,sanger",3,COSN16631025,NA,NA,FALSE,0.0735,NA,5,63,NA,NA,NA,IGR,FALSE,FALSE,FALSE,FALSE,3,2,1,2_1,754d26af-f184-497c-856a-cd1ea7a5115c,NA
6,103975985,103975985,1,snv_mnv,NA,NA,"broad,dkfz,muse,sanger",4,COSN16632011,NA,L1PA6,FALSE,0.1667,NA,8,40,NA,NA,NA,IGR,FALSE,FALSE,FALSE,FALSE,3,2,1,2_1,754d26af-f184-497c-856a-cd1ea7a5115c,NA
6,104033793,104033793,1,snv_mnv,NA,NA,"broad,dkfz,muse,sanger",4,COSN16632612,NA,L1MA3,FALSE,0.1268,NA,9,62,NA,NA,NA,RNA,FALSE,FALSE,FALSE,FALSE,3,2,1,2_1,754d26af-f184-497c-856a-cd1ea7a5115c,RF00438
6,107341016,107341016,1,snv_mnv,NA,NA,"broad,dkfz,muse,sanger",4,COSN16629144,NA,NA,FALSE,0.125,NA,7,49,NA,NA,NA,IGR,FALSE,FALSE,FALSE,FALSE,3,2,1,2_1,754d26af-f184-497c-856a-cd1ea7a5115c,NA
6,108735831,108735831,1,snv_mnv,NA,NA,"broad,dkfz,muse,sanger",4,COSN16631056,NA,L1PA5,FALSE,0.1452,NA,9,53,NA,NA,NA,Intron,FALSE,FALSE,FALSE,FALSE,3,2,1,2_1,754d26af-f184-497c-856a-cd1ea7a5115c,NA
6,109739064,109739064,1,snv_mnv,NA,NA,"broad,dkfz,muse,sanger",4,COSN7593551,NA,MER65A,FALSE,0.2105,NA,16,60,NA,NA,NA,Intron,FALSE,FALSE,FALSE,FALSE,3,2,1,2_1,754d26af-f184-497c-856a-cd1ea7a5115c,PPIL6
6,112330908,112330908,1,snv_mnv,NA,NA,"broad,dkfz,muse,sanger",4,COSN16633291,NA,MER102a,FALSE,0.1091,NA,6,49,NA,NA,NA,IGR,FALSE,FALSE,FALSE,FALSE,3,2,1,2_1,754d26af-f184-497c-856a-cd1ea7a5115c,NA
6,112834843,112834843,1,snv_mnv,NA,NA,"broad,muse",2,COSN16630208,NA,L2a,FALSE,0.0649,NA,5,72,NA,NA,NA,IGR,FALSE,FALSE,FALSE,FALSE,3,2,1,2_1,754d26af-f184-497c-856a-cd1ea7a5115c,NA
6,112909467,112909467,1,snv_mnv,NA,NA,"broad,muse",2,COSN16630881,NA,NA,FALSE,0.0816,NA,4,45,NA,NA,NA,IGR,FALSE,FALSE,FALSE,FALSE,3,2,1,2_1,754d26af-f184-497c-856a-cd1ea7a5115c,NA
6,115465313,115465313,1,snv_mnv,NA,NA,"broad,dkfz,muse,sanger",4,COSN16631731,NA,NA,FALSE,0.1429,NA,9,54,NA,NA,NA,IGR,FALSE,FALSE,FALSE,FALSE,3,2,1,2_1,754d26af-f184-497c-856a-cd1ea7a5115c,NA
6,118517144,118517144,1,snv_mnv,NA,NA,"broad,muse,sanger",3,COSN16629200,NA,MER57A1,FALSE,0.1333,NA,6,39,NA,NA,NA,Intron,FALSE,FALSE,FALSE,FALSE,3,2,1,2_1,754d26af-f184-497c-856a-cd1ea7a5115c,NA
6,118570256,118570256,1,snv_mnv,NA,NA,"broad,dkfz,muse,sanger",4,COSN16630786,NA,MLT1A0,FALSE,0.2333,NA,14,46,NA,NA,NA,Intron,FALSE,FALSE,FALSE,FALSE,3,2,1,2_1,754d26af-f184-497c-856a-cd1ea7a5115c,NA
6,118717088,118717088,1,snv_mnv,1.9968e-4,rs573305491,"broad,dkfz,muse",3,COSN16629705,rs573305491,NA,FALSE,0.0735,NA,5,63,NA,NA,NA,IGR,FALSE,FALSE,FALSE,FALSE,3,2,1,2_1,754d26af-f184-497c-856a-cd1ea7a5115c,NA
6,119011169,119011169,1,snv_mnv,NA,NA,"broad,dkfz,muse,sanger",4,COSN16629884,NA,FLAM_C,FALSE,0.2647,NA,18,50,NA,NA,NA,Intron,FALSE,FALSE,FALSE,FALSE,3,2,1,2_1,754d26af-f184-497c-856a-cd1ea7a5115c,NA
6,120243371,120243371,1,snv_mnv,NA,NA,"broad,dkfz,muse,sanger",4,COSN16631760,NA,L1M1,FALSE,0.1034,NA,6,52,NA,NA,NA,IGR,FALSE,FALSE,FALSE,FALSE,3,2,1,2_1,754d26af-f184-497c-856a-cd1ea7a5115c,NA
6,121510918,121510918,1,snv_mnv,NA,NA,"broad,muse,sanger",3,COSN16631956,NA,NA,FALSE,0.0656,NA,4,57,NA,NA,NA,Intron,FALSE,FALSE,FALSE,FALSE,3,2,1,2_1,754d26af-f184-497c-856a-cd1ea7a5115c,NA
6,122208771,122208771,1,snv_mnv,NA,NA,"broad,dkfz,muse,sanger",4,COSN16632325,NA,NA,FALSE,0.1324,NA,9,59,NA,NA,NA,IGR,FALSE,FALSE,FALSE,FALSE,3,2,1,2_1,754d26af-f184-497c-856a-cd1ea7a5115c,NA
6,122213355,122213355,1,snv_mnv,1.9968e-4,rs563583352,"broad,dkfz,muse,sanger",4,COSN16631165,rs563583352,NA,FALSE,0.1091,NA,6,49,NA,NA,NA,IGR,FALSE,FALSE,FALSE,FALSE,3,2,1,2_1,754d26af-f184-497c-856a-cd1ea7a5115c,NA
6,122320516,122320516,1,snv_mnv,NA,NA,"broad,dkfz,muse,sanger",4,COSN16632697,NA,NA,FALSE,0.2742,NA,17,45,NA,NA,NA,IGR,FALSE,FALSE,FALSE,FALSE,3,2,1,2_1,754d26af-f184-497c-856a-cd1ea7a5115c,NA
6,122581640,122581640,1,snv_mnv,NA,NA,"broad,dkfz,muse,sanger",4,COSN16632176,NA,NA,FALSE,0.1765,NA,12,56,NA,NA,NA,IGR,FALSE,FALSE,FALSE,FALSE,3,2,1,2_1,754d26af-f184-497c-856a-cd1ea7a5115c,NA
6,122643727,122643727,1,snv_mnv,NA,NA,"broad,dkfz,muse,sanger",4,COSN16632527,NA,Tigger2,FALSE,0.1373,NA,7,44,NA,NA,NA,IGR,FALSE,FALSE,FALSE,FALSE,3,2,1,2_1,754d26af-f184-497c-856a-cd1ea7a5115c,NA
6,123761803,123761803,1,snv_mnv,NA,NA,"broad,dkfz,muse,sanger",4,COSN16630027,NA,NA,FALSE,0.0674,NA,6,83,NA,NA,NA,Intron,FALSE,FALSE,FALSE,FALSE,3,2,1,2_1,754d26af-f184-497c-856a-cd1ea7a5115c,NA
6,123770972,123770972,1,snv_mnv,NA,NA,"broad,muse,sanger",3,COSN16630882,NA,L1PB1,FALSE,0.0794,NA,5,58,NA,NA,NA,Intron,FALSE,FALSE,FALSE,FALSE,3,2,1,2_1,754d26af-f184-497c-856a-cd1ea7a5115c,TRDN-AS1
6,124014344,124014344,1,snv_mnv,NA,NA,"broad,muse,sanger",3,COSN16630617,NA,AT_rich,FALSE,0.0938,NA,6,58,NA,NA,NA,IGR,FALSE,FALSE,TRUE,FALSE,3,2,1,2_1,754d26af-f184-497c-856a-cd1ea7a5115c,NA
6,124231885,124231885,1,snv_mnv,NA,NA,"broad,muse",2,COSN16631026,NA,AluSc,FALSE,0.0862,NA,5,53,NA,NA,NA,Intron,FALSE,FALSE,FALSE,FALSE,3,2,1,2_1,754d26af-f184-497c-856a-cd1ea7a5115c,NA
6,124322183,124322183,1,snv_mnv,NA,NA,"broad,dkfz,muse,sanger",4,COSN16630005,NA,NA,FALSE,0.0758,NA,5,61,NA,NA,NA,Intron,FALSE,FALSE,FALSE,FALSE,3,2,1,2_1,754d26af-f184-497c-856a-cd1ea7a5115c,NA
6,124500007,124500007,1,snv_mnv,NA,NA,"broad,muse,sanger",3,COSN16630187,NA,NA,FALSE,0.0563,NA,4,67,NA,NA,NA,Intron,FALSE,FALSE,FALSE,FALSE,3,2,1,2_1,754d26af-f184-497c-856a-cd1ea7a5115c,NA
6,125671566,125671566,1,snv_mnv,NA,NA,"broad,muse,sanger",3,COSN16631843,NA,NA,FALSE,0.0625,NA,5,75,NA,NA,NA,IGR,FALSE,FALSE,FALSE,FALSE,3,2,1,2_1,754d26af-f184-497c-856a-cd1ea7a5115c,NA
6,127964373,127964373,1,snv_mnv,NA,NA,"broad,muse",2,COSN16629530,NA,LTR19B,FALSE,0.0615,NA,4,61,NA,NA,NA,IGR,FALSE,FALSE,FALSE,FALSE,3,2,1,2_1,754d26af-f184-497c-856a-cd1ea7a5115c,NA
6,128558757,128558757,1,snv_mnv,NA,NA,"broad,dkfz,muse,sanger",4,COSN16629311,NA,MIR3,FALSE,0.125,NA,8,56,NA,NA,NA,Intron,FALSE,FALSE,FALSE,FALSE,3,2,1,2_1,754d26af-f184-497c-856a-cd1ea7a5115c,NA
6,128920254,128920254,1,snv_mnv,NA,NA,"muse,sanger",2,COSN16629119,NA,MIR,FALSE,0.0597,NA,4,63,NA,NA,NA,IGR,FALSE,FALSE,FALSE,FALSE,3,2,1,2_1,754d26af-f184-497c-856a-cd1ea7a5115c,NA
6,129259751,129259751,1,snv_mnv,NA,NA,"broad,dkfz,muse,sanger",4,COSN16631644,NA,NA,FALSE,0.0758,NA,5,61,NA,NA,NA,Intron,FALSE,FALSE,FALSE,FALSE,3,2,1,2_1,754d26af-f184-497c-856a-cd1ea7a5115c,NA
6,129385154,129385154,1,snv_mnv,NA,NA,"broad,sanger",2,COSN16632764,NA,NA,FALSE,0.0923,NA,6,59,NA,NA,NA,Intron,FALSE,FALSE,FALSE,FALSE,3,2,1,2_1,754d26af-f184-497c-856a-cd1ea7a5115c,NA
6,129520052,129520052,1,snv_mnv,NA,NA,"broad,muse,sanger",3,COSN16631645,NA,L1MC4a,FALSE,0.0926,NA,5,49,NA,NA,NA,Intron,FALSE,FALSE,FALSE,FALSE,3,2,1,2_1,754d26af-f184-497c-856a-cd1ea7a5115c,NA
6,130131993,130131993,1,snv_mnv,NA,NA,"broad,dkfz,muse,sanger",4,COSN16629201,NA,L1PA6,FALSE,0.3051,NA,18,41,NA,NA,NA,IGR,FALSE,FALSE,FALSE,FALSE,3,2,1,2_1,754d26af-f184-497c-856a-cd1ea7a5115c,NA
6,130792225,130792225,1,snv_mnv,NA,NA,"broad,muse",2,COSN4855737,NA,NA,FALSE,0.0698,NA,3,40,NA,NA,NA,IGR,FALSE,FALSE,FALSE,FALSE,3,2,1,2_1,754d26af-f184-497c-856a-cd1ea7a5115c,NA
6,130852574,130852574,1,snv_mnv,NA,NA,"broad,dkfz,muse,sanger",4,COSN16632788,NA,L1PBa,FALSE,0.2353,NA,16,52,NA,NA,NA,IGR,FALSE,FALSE,FALSE,FALSE,3,2,1,2_1,754d26af-f184-497c-856a-cd1ea7a5115c,NA
6,131896755,131896755,1,snv_mnv,NA,NA,"broad,dkfz,muse,sanger",4,COSN16631844,NA,NA,FALSE,0.2794,NA,19,49,NA,NA,NA,Intron,FALSE,FALSE,FALSE,FALSE,3,2,1,2_1,754d26af-f184-497c-856a-cd1ea7a5115c,ARG1
6,132859551,132859551,1,snv_mnv,NA,NA,"broad,muse,sanger",3,COSM4962673,NA,NA,FALSE,0.0909,NA,4,40,NA,NA,NA,RNA,FALSE,FALSE,FALSE,FALSE,3,2,1,2_1,754d26af-f184-497c-856a-cd1ea7a5115c,NA
6,133158650,133158650,1,snv_mnv,NA,NA,"broad,muse",2,COSN16632672,NA,AluY,FALSE,0.0976,NA,4,37,NA,NA,NA,IGR,FALSE,FALSE,FALSE,FALSE,3,2,1,2_1,754d26af-f184-497c-856a-cd1ea7a5115c,NA
6,133717338,133717338,1,snv_mnv,NA,NA,"broad,dkfz,muse,sanger",4,COSN16631166,NA,NA,FALSE,0.0746,NA,5,62,NA,NA,NA,Intron,FALSE,FALSE,TRUE,FALSE,3,2,1,2_1,754d26af-f184-497c-856a-cd1ea7a5115c,NA
6,135004031,135004031,1,snv_mnv,NA,NA,"broad,dkfz,muse,sanger",4,COSN16632401,NA,AluSx3,FALSE,0.25,NA,15,45,NA,NA,NA,IGR,FALSE,FALSE,FALSE,FALSE,3,2,1,2_1,754d26af-f184-497c-856a-cd1ea7a5115c,NA
6,135618197,135618197,1,snv_mnv,NA,NA,"broad,muse",2,COSN16630304,NA,NA,FALSE,0.0494,NA,4,77,NA,NA,NA,Intron,FALSE,FALSE,FALSE,FALSE,3,2,1,2_1,754d26af-f184-497c-856a-cd1ea7a5115c,AL049552.1
6,136125004,136125004,1,snv_mnv,NA,NA,"broad,dkfz,muse,sanger",4,COSN16633313,NA,AluSz6,FALSE,0.2115,NA,11,41,NA,NA,NA,IGR,FALSE,FALSE,FALSE,FALSE,3,2,1,2_1,754d26af-f184-497c-856a-cd1ea7a5115c,AL133319.1
6,136423914,136423914,1,snv_mnv,NA,NA,"broad,dkfz,muse,sanger",4,COSN16629331,NA,NA,FALSE,0.1273,NA,7,48,NA,NA,NA,Intron,FALSE,FALSE,FALSE,FALSE,3,2,1,2_1,754d26af-f184-497c-856a-cd1ea7a5115c,AL138828.1
6,136761737,136761737,1,snv_mnv,NA,NA,"broad,dkfz,muse,sanger",4,COSN16631496,NA,NA,FALSE,0.3051,NA,18,41,NA,NA,NA,Intron,FALSE,FALSE,FALSE,FALSE,3,2,1,2_1,754d26af-f184-497c-856a-cd1ea7a5115c,NA
6,139272287,139272287,1,snv_mnv,NA,NA,"broad,dkfz,muse,sanger",4,COSN16628991,NA,AluSp,FALSE,0.25,NA,11,33,NA,NA,NA,Intron,FALSE,FALSE,FALSE,FALSE,3,2,1,2_1,754d26af-f184-497c-856a-cd1ea7a5115c,NA
6,140078747,140078747,1,snv_mnv,NA,NA,"broad,muse,sanger",3,COSN16629885,NA,NA,FALSE,0.0877,NA,5,52,NA,NA,NA,IGR,FALSE,FALSE,FALSE,FALSE,3,2,1,2_1,754d26af-f184-497c-856a-cd1ea7a5115c,NA
6,141089357,141089357,1,snv_mnv,NA,NA,"broad,dkfz,muse,sanger",4,COSN16631497,NA,LOR1a,FALSE,0.1905,NA,16,68,NA,NA,NA,IGR,FALSE,FALSE,TRUE,FALSE,3,2,1,2_1,754d26af-f184-497c-856a-cd1ea7a5115c,NA
6,141146006,141146006,1,snv_mnv,NA,NA,"broad,dkfz,muse,sanger",4,COSN16630148,NA,NA,FALSE,0.1159,NA,8,61,NA,NA,NA,IGR,FALSE,FALSE,FALSE,FALSE,3,2,1,2_1,754d26af-f184-497c-856a-cd1ea7a5115c,NA
6,141237290,141237290,1,snv_mnv,NA,NA,"broad,muse,sanger",3,COSN16630424,NA,LTR49,FALSE,0.0806,NA,5,57,NA,NA,NA,IGR,FALSE,FALSE,FALSE,FALSE,3,2,1,2_1,754d26af-f184-497c-856a-cd1ea7a5115c,NA
6,141293759,141293759,1,snv_mnv,NA,NA,"broad,dkfz,muse,sanger",4,COSN16630618,NA,L1P2,FALSE,0.1639,NA,10,51,NA,NA,NA,IGR,FALSE,FALSE,FALSE,FALSE,3,2,1,2_1,754d26af-f184-497c-856a-cd1ea7a5115c,NA
6,142024927,142024927,1,snv_mnv,NA,NA,"broad,dkfz,muse,sanger",4,COSN16631982,NA,AluSq2,FALSE,0.1129,NA,7,55,NA,NA,NA,IGR,FALSE,FALSE,FALSE,FALSE,3,2,1,2_1,754d26af-f184-497c-856a-cd1ea7a5115c,NA
6,144172303,144172303,1,snv_mnv,NA,NA,"broad,dkfz,muse,sanger",4,COSN16631128,NA,L2c,FALSE,0.1186,NA,7,52,NA,NA,NA,Intron,FALSE,FALSE,FALSE,FALSE,3,2,1,2_1,754d26af-f184-497c-856a-cd1ea7a5115c,NA
6,144592576,144592576,1,snv_mnv,NA,NA,"broad,dkfz,muse,sanger",4,COSN16630787,NA,L1PA11,FALSE,0.2453,NA,13,40,NA,NA,NA,IGR,FALSE,FALSE,TRUE,FALSE,3,2,1,2_1,754d26af-f184-497c-856a-cd1ea7a5115c,NA
6,146318292,146318292,1,snv_mnv,NA,NA,"broad,dkfz,muse,sanger",4,COSN16630908,NA,NA,FALSE,0.08,NA,4,46,NA,NA,NA,IGR,FALSE,FALSE,FALSE,FALSE,3,2,1,2_1,754d26af-f184-497c-856a-cd1ea7a5115c,NA
6,147881260,147881260,1,snv_mnv,NA,NA,"broad,dkfz,muse,sanger",4,COSN16630305,NA,NA,FALSE,0.1111,NA,8,64,NA,NA,NA,Intron,FALSE,FALSE,FALSE,FALSE,3,2,1,2_1,754d26af-f184-497c-856a-cd1ea7a5115c,NA
6,149493107,149493107,1,snv_mnv,NA,NA,"broad,dkfz,muse,sanger",4,COSN16631761,NA,NA,FALSE,0.1538,NA,10,55,NA,NA,NA,IGR,FALSE,FALSE,FALSE,FALSE,3,2,1,2_1,754d26af-f184-497c-856a-cd1ea7a5115c,NA
6,150480093,150480093,1,snv_mnv,NA,NA,"broad,dkfz,muse,sanger",4,COSN16632435,NA,NA,FALSE,0.1746,NA,11,52,NA,NA,NA,Intron,FALSE,FALSE,FALSE,FALSE,3,2,1,2_1,754d26af-f184-497c-856a-cd1ea7a5115c,NA
6,151864965,151864965,1,snv_mnv,NA,NA,"broad,dkfz,muse,sanger",4,COSN16632734,NA,L1MA5,FALSE,0.0964,NA,8,75,NA,NA,NA,Intron,FALSE,FALSE,FALSE,FALSE,3,2,1,2_1,754d26af-f184-497c-856a-cd1ea7a5115c,NA
6,151911758,151911758,1,snv_mnv,NA,NA,"broad,dkfz,muse,sanger",4,COSN16631845,NA,NA,FALSE,0.2656,NA,17,47,NA,NA,NA,Intron,FALSE,FALSE,FALSE,FALSE,3,2,1,2_1,754d26af-f184-497c-856a-cd1ea7a5115c,CCDC170
6,152524078,152524078,1,snv_mnv,NA,NA,"broad,muse",2,COSN16631877,NA,L2a,FALSE,0.0506,NA,4,75,NA,NA,NA,Intron,FALSE,FALSE,FALSE,FALSE,3,2,1,2_1,754d26af-f184-497c-856a-cd1ea7a5115c,NA
6,152737802,152737802,1,snv_mnv,NA,NA,"broad,muse,sanger",3,COSM3021017,NA,NA,FALSE,0.1042,NA,5,43,NA,NA,NA,Missense_Mutation,FALSE,FALSE,FALSE,FALSE,3,2,1,2_1,754d26af-f184-497c-856a-cd1ea7a5115c,NA
6,152988792,152988792,1,snv_mnv,NA,NA,"broad,muse",2,COSN16629312,NA,L1M3c,FALSE,0.0769,NA,4,48,NA,NA,NA,IGR,FALSE,FALSE,FALSE,FALSE,3,2,1,2_1,754d26af-f184-497c-856a-cd1ea7a5115c,NA
6,153507560,153507560,1,snv_mnv,NA,NA,"broad,muse,sanger",3,COSN16632402,NA,L1MA6,FALSE,0.0741,NA,4,50,NA,NA,NA,IGR,FALSE,FALSE,TRUE,FALSE,3,2,1,2_1,754d26af-f184-497c-856a-cd1ea7a5115c,NA
6,153508121,153508121,1,snv_mnv,NA,NA,"broad,muse,sanger",3,COSN16633257,NA,L1M2,FALSE,0.0714,NA,4,52,NA,NA,NA,IGR,FALSE,FALSE,FALSE,FALSE,3,2,1,2_1,754d26af-f184-497c-856a-cd1ea7a5115c,NA
6,155212472,155212472,1,snv_mnv,NA,NA,"broad,sanger",2,COSN16630479,NA,AluSc,FALSE,0.122,NA,5,36,NA,NA,NA,Intron,FALSE,FALSE,FALSE,FALSE,3,2,1,2_1,754d26af-f184-497c-856a-cd1ea7a5115c,NA
6,156197499,156197499,1,snv_mnv,NA,NA,"broad,dkfz,muse,sanger",4,COSN16628992,NA,L1MEd,FALSE,0.1143,NA,8,62,NA,NA,NA,IGR,FALSE,FALSE,FALSE,FALSE,3,2,1,2_1,754d26af-f184-497c-856a-cd1ea7a5115c,NA
6,156785983,156785983,1,snv_mnv,NA,NA,"broad,dkfz,muse,sanger",4,COSN16629145,NA,NA,FALSE,0.2264,NA,12,41,NA,NA,NA,IGR,FALSE,FALSE,TRUE,FALSE,3,2,1,2_1,754d26af-f184-497c-856a-cd1ea7a5115c,NA
6,156907389,156907389,1,snv_mnv,NA,NA,"broad,muse",2,COSN16632148,NA,MER51A,FALSE,0.069,NA,4,54,NA,NA,NA,IGR,FALSE,FALSE,FALSE,FALSE,3,2,1,2_1,754d26af-f184-497c-856a-cd1ea7a5115c,NA
6,158657389,158657389,1,snv_mnv,NA,NA,"broad,muse,sanger",3,COSN16629332,NA,L1M5,FALSE,0.0938,NA,6,58,NA,NA,NA,IGR,FALSE,FALSE,FALSE,FALSE,3,2,1,2_1,754d26af-f184-497c-856a-cd1ea7a5115c,SRP72P2
6,160472689,160472689,1,snv_mnv,NA,NA,"broad,dkfz,muse,sanger",4,COSN16633258,NA,NA,FALSE,0.1429,NA,6,36,NA,NA,NA,Intron,FALSE,FALSE,FALSE,FALSE,3,2,1,2_1,754d26af-f184-497c-856a-cd1ea7a5115c,NA
6,160667593,160667593,1,snv_mnv,NA,NA,"broad,dkfz,muse,sanger",4,COSN16631675,NA,AluSx,FALSE,0.2292,NA,11,37,NA,NA,NA,Intron,FALSE,FALSE,FALSE,FALSE,3,2,1,2_1,754d26af-f184-497c-856a-cd1ea7a5115c,SLC22A2
6,164482069,164482069,1,snv_mnv,NA,NA,"broad,muse,sanger",3,COSN16631237,NA,L1ME3D,FALSE,0.0615,NA,4,61,NA,NA,NA,IGR,FALSE,FALSE,FALSE,FALSE,3,2,1,2_1,754d26af-f184-497c-856a-cd1ea7a5115c,NA
6,164614197,164614197,1,snv_mnv,NA,NA,"broad,dkfz,muse,sanger",4,COSN16631057,NA,NA,FALSE,0.098,NA,5,46,NA,NA,NA,IGR,FALSE,FALSE,TRUE,FALSE,3,2,1,2_1,754d26af-f184-497c-856a-cd1ea7a5115c,NA
6,164663234,164663234,1,snv_mnv,NA,NA,"broad,muse,sanger",3,COSN16631129,NA,MLT1C,FALSE,0.0877,NA,5,52,NA,NA,NA,IGR,FALSE,FALSE,FALSE,FALSE,3,2,1,2_1,754d26af-f184-497c-856a-cd1ea7a5115c,NA
6,165019082,165019082,1,snv_mnv,NA,NA,"broad,dkfz,muse,sanger",4,COSN16631322,NA,NA,FALSE,0.0685,NA,5,68,NA,NA,NA,IGR,FALSE,FALSE,FALSE,FALSE,3,2,1,2_1,754d26af-f184-497c-856a-cd1ea7a5115c,NA
6,165094406,165094406,1,snv_mnv,NA,NA,"broad,muse,sanger",3,COSN16632070,NA,LOR1a,FALSE,0.0678,NA,4,55,NA,NA,NA,IGR,FALSE,FALSE,FALSE,FALSE,3,2,1,2_1,754d26af-f184-497c-856a-cd1ea7a5115c,NA
6,165179645,165179645,1,snv_mnv,NA,NA,"broad,dkfz,muse,sanger",4,COSN16630997,NA,L1MEc,FALSE,0.0972,NA,7,65,NA,NA,NA,IGR,FALSE,FALSE,FALSE,FALSE,3,2,1,2_1,754d26af-f184-497c-856a-cd1ea7a5115c,NA
6,165317170,165317170,1,snv_mnv,NA,NA,"broad,dkfz,muse,sanger",4,COSN16630113,NA,NA,FALSE,0.2353,NA,16,52,NA,NA,NA,IGR,FALSE,FALSE,FALSE,FALSE,3,2,1,2_1,754d26af-f184-497c-856a-cd1ea7a5115c,NA
6,165732275,165732275,1,snv_mnv,NA,NA,"broad,dkfz,muse,sanger",4,COSN16629418,NA,L1PA8,FALSE,0.1636,NA,9,46,NA,NA,NA,IGR,FALSE,FALSE,FALSE,FALSE,3,2,1,2_1,754d26af-f184-497c-856a-cd1ea7a5115c,NA
6,165781795,165781795,1,snv_mnv,NA,NA,"broad,dkfz,muse,sanger",4,COSN16629655,NA,L1MEf,FALSE,0.14,NA,7,43,NA,NA,NA,Intron,FALSE,FALSE,FALSE,FALSE,3,2,1,2_1,754d26af-f184-497c-856a-cd1ea7a5115c,NA
6,167705260,167705260,1,snv_mnv,NA,NA,"broad,dkfz,muse,sanger",4,COSN16629026,NA,NA,FALSE,0.1525,NA,9,50,NA,NA,NA,Intron,FALSE,FALSE,FALSE,FALSE,3,2,1,2_1,754d26af-f184-497c-856a-cd1ea7a5115c,UNC93A
6,169338427,169338427,1,snv_mnv,NA,NA,"broad,muse",2,COSN16632229,NA,MIRb,FALSE,0.1053,NA,4,34,NA,NA,NA,IGR,FALSE,FALSE,FALSE,FALSE,3,2,1,2_1,754d26af-f184-497c-856a-cd1ea7a5115c,NA
6,170113592,170113592,1,snv_mnv,NA,NA,"broad,dkfz,muse,sanger",4,COSN16630425,NA,AluSx1,FALSE,0.2105,NA,8,30,NA,NA,NA,Intron,FALSE,FALSE,FALSE,FALSE,3,2,1,2_1,754d26af-f184-497c-856a-cd1ea7a5115c,PHF10
7,3874573,3874573,1,snv_mnv,NA,NA,"broad,dkfz,muse,sanger",4,COSN16629768,NA,NA,FALSE,0.1515,NA,10,56,NA,NA,NA,Intron,FALSE,FALSE,FALSE,FALSE,6,3,3,3_3,754d26af-f184-497c-856a-cd1ea7a5115c,NA
7,4116669,4116669,1,snv_mnv,NA,NA,"broad,muse",2,COSM4962706,NA,NA,FALSE,0.1,NA,4,36,NA,NA,NA,Missense_Mutation,FALSE,FALSE,FALSE,FALSE,6,3,3,3_3,754d26af-f184-497c-856a-cd1ea7a5115c,NA
7,4119662,4119662,1,snv_mnv,NA,NA,"broad,dkfz,muse,sanger",4,COSN16630149,NA,L2a,FALSE,0.2034,NA,12,47,NA,NA,NA,Intron,FALSE,FALSE,FALSE,FALSE,6,3,3,3_3,754d26af-f184-497c-856a-cd1ea7a5115c,NA
7,4576245,4576245,1,snv_mnv,NA,NA,"broad,dkfz,muse,sanger",4,COSN16632554,NA,NA,FALSE,0.1296,NA,7,47,NA,NA,NA,IGR,FALSE,FALSE,FALSE,FALSE,6,3,3,3_3,754d26af-f184-497c-856a-cd1ea7a5115c,NA
7,4612319,4612319,1,snv_mnv,NA,NA,"broad,dkfz,muse,sanger",4,COSN16629680,NA,AluSz6,FALSE,0.2353,NA,12,39,NA,NA,NA,IGR,FALSE,FALSE,FALSE,FALSE,6,3,3,3_3,754d26af-f184-497c-856a-cd1ea7a5115c,NA
7,5500147,5500147,1,snv_mnv,NA,NA,"broad,dkfz,muse,sanger",4,COSN16632371,NA,AluSz,FALSE,0.1136,NA,5,39,NA,NA,NA,IGR,FALSE,FALSE,FALSE,FALSE,6,3,3,3_3,754d26af-f184-497c-856a-cd1ea7a5115c,NA
7,6962536,6962536,1,snv_mnv,NA,NA,"broad,muse,sanger",3,COSN16630931,NA,AluY,FALSE,0.1571,NA,11,59,NA,NA,NA,IGR,FALSE,FALSE,FALSE,FALSE,6,3,3,3_3,754d26af-f184-497c-856a-cd1ea7a5115c,"ALG1L5P,AC079804.1"
7,7418342,7418342,1,snv_mnv,NA,NA,"broad,dkfz,muse,sanger",4,COSN16631167,NA,MIRc,FALSE,0.1077,NA,7,58,NA,NA,NA,Intron,FALSE,FALSE,FALSE,FALSE,6,3,3,3_3,754d26af-f184-497c-856a-cd1ea7a5115c,NA
7,8900644,8900644,1,snv_mnv,NA,NA,"broad,muse,sanger",3,COSN16631469,NA,MER124,FALSE,0.0633,NA,5,74,NA,NA,NA,IGR,FALSE,FALSE,FALSE,FALSE,6,3,3,3_3,754d26af-f184-497c-856a-cd1ea7a5115c,NA
7,8956303,8956303,1,snv_mnv,NA,NA,"broad,dkfz,muse,sanger",4,COSN16632129,NA,L1M4,FALSE,0.1818,NA,16,72,NA,NA,NA,IGR,FALSE,FALSE,FALSE,FALSE,6,3,3,3_3,754d26af-f184-497c-856a-cd1ea7a5115c,NA
7,8983314,8983314,1,snv_mnv,NA,NA,"broad,dkfz,muse,sanger",4,COSN16628910,NA,NA,FALSE,0.2097,NA,13,49,NA,NA,NA,IGR,FALSE,FALSE,FALSE,FALSE,6,3,3,3_3,754d26af-f184-497c-856a-cd1ea7a5115c,AC009500.1
7,9092562,9092562,1,snv_mnv,NA,NA,"broad,dkfz,muse,sanger",4,COSN16629474,NA,L1MA9,FALSE,0.1358,NA,11,70,NA,NA,NA,IGR,FALSE,FALSE,FALSE,FALSE,6,3,3,3_3,754d26af-f184-497c-856a-cd1ea7a5115c,NA
7,9396833,9396833,1,snv_mnv,NA,NA,"broad,muse,sanger",3,COSN16629231,NA,HERVH-int,FALSE,0.1636,NA,9,46,NA,NA,NA,IGR,FALSE,FALSE,FALSE,FALSE,6,3,3,3_3,754d26af-f184-497c-856a-cd1ea7a5115c,NA
7,9697872,9697872,1,snv_mnv,NA,NA,"broad,dkfz,muse,sanger",4,COSN16631187,NA,L1ME3A,FALSE,0.1889,NA,17,73,NA,NA,NA,IGR,FALSE,FALSE,FALSE,FALSE,6,3,3,3_3,754d26af-f184-497c-856a-cd1ea7a5115c,NA
7,9969533,9969533,1,snv_mnv,NA,NA,"broad,muse,sanger",3,COSN16630701,NA,MLT1C-int,FALSE,0.075,NA,6,74,NA,NA,NA,IGR,FALSE,FALSE,FALSE,FALSE,6,3,3,3_3,754d26af-f184-497c-856a-cd1ea7a5115c,NA
7,10168523,10168523,1,snv_mnv,NA,NA,"broad,dkfz,muse,sanger",4,COSN16631353,NA,NA,FALSE,0.1622,NA,12,62,NA,NA,NA,IGR,FALSE,FALSE,FALSE,FALSE,6,3,3,3_3,754d26af-f184-497c-856a-cd1ea7a5115c,NA
7,10222688,10222688,1,snv_mnv,NA,NA,"muse,sanger",2,COSN16629262,NA,AluY,FALSE,0.0635,NA,4,59,NA,NA,NA,IGR,FALSE,FALSE,FALSE,FALSE,6,3,3,3_3,754d26af-f184-497c-856a-cd1ea7a5115c,NA
7,10809824,10809824,1,snv_mnv,NA,NA,"broad,dkfz,muse,sanger",4,COSN16630028,NA,NA,FALSE,0.1,NA,9,81,NA,NA,NA,IGR,FALSE,FALSE,FALSE,FALSE,6,3,3,3_3,754d26af-f184-497c-856a-cd1ea7a5115c,NA
7,10816604,10816604,1,snv_mnv,NA,NA,"broad,dkfz,muse,sanger",4,COSN16630555,NA,NA,FALSE,0.1385,NA,9,56,NA,NA,NA,IGR,FALSE,FALSE,FALSE,FALSE,6,3,3,3_3,754d26af-f184-497c-856a-cd1ea7a5115c,NA
7,11352257,11352257,1,snv_mnv,NA,NA,"broad,dkfz,muse,sanger",4,COSN16630556,NA,NA,FALSE,0.1474,NA,14,81,NA,NA,NA,RNA,FALSE,FALSE,FALSE,FALSE,6,3,3,3_3,754d26af-f184-497c-856a-cd1ea7a5115c,NA
7,11516594,11516594,1,snv_mnv,1.9968e-4,rs529409697,"broad,dkfz,muse,sanger",4,COSN16632372,rs529409697,L1MC4,FALSE,0.1642,NA,11,56,NA,NA,NA,Intron,FALSE,FALSE,FALSE,FALSE,6,3,3,3_3,754d26af-f184-497c-856a-cd1ea7a5115c,NA
7,11744076,11744076,1,snv_mnv,NA,NA,"broad,dkfz,muse,sanger",4,COSN16630150,NA,NA,FALSE,0.2597,NA,20,57,NA,NA,NA,Intron,FALSE,FALSE,FALSE,FALSE,6,3,3,3_3,754d26af-f184-497c-856a-cd1ea7a5115c,NA
7,12590423,12590423,1,snv_mnv,NA,NA,"broad,dkfz,muse,sanger",4,COSN16631498,NA,NA,FALSE,0.1404,NA,8,49,NA,NA,NA,IGR,FALSE,FALSE,FALSE,FALSE,6,3,3,3_3,754d26af-f184-497c-856a-cd1ea7a5115c,NA
7,13140148,13140148,1,snv_mnv,NA,NA,"broad,dkfz,muse,sanger",4,COSN16631027,NA,AluSz,FALSE,0.2373,NA,14,45,NA,NA,NA,lincRNA,FALSE,FALSE,FALSE,FALSE,6,3,3,3_3,754d26af-f184-497c-856a-cd1ea7a5115c,AC011287.1
7,14383862,14383862,1,snv_mnv,NA,NA,"broad,dkfz,muse,sanger",4,COSN16631878,NA,NA,FALSE,0.3,NA,21,49,NA,NA,NA,Intron,FALSE,FALSE,FALSE,FALSE,6,3,3,3_3,754d26af-f184-497c-856a-cd1ea7a5115c,NA
7,14497398,14497398,1,snv_mnv,1.9968e-4,rs565749681,"broad,dkfz,muse,sanger",4,COSN16631931,rs565749681,NA,FALSE,0.1951,NA,16,66,NA,NA,NA,Intron,FALSE,FALSE,FALSE,FALSE,6,3,3,3_3,754d26af-f184-497c-856a-cd1ea7a5115c,NA
7,15461328,15461328,1,snv_mnv,NA,NA,"broad,dkfz,muse,sanger",4,COSN16631130,NA,NA,FALSE,0.2727,NA,18,48,NA,NA,NA,Intron,FALSE,FALSE,FALSE,FALSE,6,3,3,3_3,754d26af-f184-497c-856a-cd1ea7a5115c,NA
7,15970301,15970301,1,snv_mnv,NA,NA,"broad,muse,sanger",3,COSN16632698,NA,L1PA17,FALSE,0.0617,NA,5,76,NA,NA,NA,IGR,FALSE,FALSE,FALSE,FALSE,6,3,3,3_3,754d26af-f184-497c-856a-cd1ea7a5115c,NA
7,16188740,16188740,1,snv_mnv,NA,NA,"broad,dkfz,muse,sanger",4,COSN16632071,NA,NA,FALSE,0.1842,NA,14,62,NA,NA,NA,Intron,FALSE,FALSE,FALSE,FALSE,6,3,3,3_3,754d26af-f184-497c-856a-cd1ea7a5115c,NA
7,17726641,17726641,1,snv_mnv,NA,NA,"broad,muse,sanger",3,COSN16629027,NA,L2c,FALSE,0.0602,NA,5,78,NA,NA,NA,IGR,FALSE,FALSE,FALSE,FALSE,6,3,3,3_3,754d26af-f184-497c-856a-cd1ea7a5115c,NA
7,18663273,18663273,1,snv_mnv,NA,NA,"broad,dkfz,muse,sanger",4,COSN16631703,NA,MIR,FALSE,0.1429,NA,10,60,NA,NA,NA,Intron,FALSE,FALSE,FALSE,FALSE,6,3,3,3_3,754d26af-f184-497c-856a-cd1ea7a5115c,NA
7,19134248,19134248,1,snv_mnv,NA,NA,"broad,dkfz,muse,sanger",4,COSN16632735,NA,NA,FALSE,0.0617,NA,5,76,NA,NA,NA,IGR,FALSE,FALSE,FALSE,FALSE,6,3,3,3_3,754d26af-f184-497c-856a-cd1ea7a5115c,NA
7,19366110,19366110,1,snv_mnv,NA,NA,"broad,dkfz,sanger",3,COSN4964014,NA,NA,FALSE,0.0526,NA,5,90,NA,NA,NA,IGR,FALSE,FALSE,FALSE,FALSE,6,3,3,3_3,754d26af-f184-497c-856a-cd1ea7a5115c,NA
7,19375435,19375435,1,snv_mnv,NA,NA,"broad,dkfz,muse,sanger",4,COSN16629365,NA,NA,FALSE,0.1333,NA,8,52,NA,NA,NA,IGR,FALSE,FALSE,FALSE,FALSE,6,3,3,3_3,754d26af-f184-497c-856a-cd1ea7a5115c,NA
7,20472655,20472655,1,snv_mnv,NA,NA,"broad,muse,sanger",3,COSN16631592,NA,AluSx1,FALSE,0.0926,NA,5,49,NA,NA,NA,IGR,FALSE,FALSE,FALSE,FALSE,6,3,3,3_3,754d26af-f184-497c-856a-cd1ea7a5115c,NA
7,21024014,21024014,1,snv_mnv,NA,NA,"broad,dkfz,muse,sanger",4,COSN16631932,NA,L1ME4a,FALSE,0.2656,NA,17,47,NA,NA,NA,lincRNA,FALSE,FALSE,FALSE,FALSE,6,3,3,3_3,754d26af-f184-497c-856a-cd1ea7a5115c,NA
7,21771471,21771471,1,snv_mnv,0.0013978,rs532709505,"broad,dkfz,muse,sanger",4,COSN16630818,rs532709505,MER44B,FALSE,0.1094,NA,7,57,NA,NA,NA,Intron,FALSE,FALSE,FALSE,FALSE,6,3,3,3_3,754d26af-f184-497c-856a-cd1ea7a5115c,DNAH11
7,21838743,21838743,1,snv_mnv,NA,NA,"broad,dkfz,muse,sanger",4,COSN16632177,NA,MIR,FALSE,0.1711,NA,13,63,NA,NA,NA,Intron,FALSE,FALSE,FALSE,FALSE,6,3,3,3_3,754d26af-f184-497c-856a-cd1ea7a5115c,NA
7,22112508,22112508,1,snv_mnv,NA,NA,"broad,muse,sanger",3,COSN7974693,NA,AluY,FALSE,0.1346,NA,7,45,NA,NA,NA,IGR,FALSE,FALSE,FALSE,FALSE,6,3,3,3_3,754d26af-f184-497c-856a-cd1ea7a5115c,NA
7,24429478,24429478,1,snv_mnv,NA,NA,"broad,muse,sanger",3,COSN16631293,NA,L2b,FALSE,0.0704,NA,5,66,NA,NA,NA,IGR,FALSE,FALSE,FALSE,FALSE,6,3,3,3_3,754d26af-f184-497c-856a-cd1ea7a5115c,NA
7,28651830,28651830,1,snv_mnv,NA,NA,"broad,dkfz,muse,sanger",4,COSN16633227,NA,NA,FALSE,0.2157,NA,11,40,NA,NA,NA,Intron,FALSE,FALSE,FALSE,FALSE,6,3,3,3_3,754d26af-f184-497c-856a-cd1ea7a5115c,AC005105.1
7,29805371,29805371,1,snv_mnv,NA,NA,"broad,dkfz,muse,sanger",4,COSN16631904,NA,NA,FALSE,0.1538,NA,12,66,NA,NA,NA,IGR,FALSE,FALSE,FALSE,FALSE,6,3,3,3_3,754d26af-f184-497c-856a-cd1ea7a5115c,NA
7,30996394,30996394,1,snv_mnv,NA,NA,"broad,muse,sanger",3,COSN16631389,NA,L1MEc,FALSE,0.0781,NA,5,59,NA,NA,NA,IGR,FALSE,FALSE,FALSE,FALSE,6,3,3,3_3,754d26af-f184-497c-856a-cd1ea7a5115c,NA
7,32310425,32310425,1,snv_mnv,NA,NA,"broad,dkfz,muse,sanger",4,COSN16631812,NA,MIRb,FALSE,0.1818,NA,12,54,NA,NA,NA,Intron,FALSE,FALSE,FALSE,FALSE,6,3,3,3_3,754d26af-f184-497c-856a-cd1ea7a5115c,NA
7,33471064,33471064,1,snv_mnv,NA,NA,"broad,muse,sanger",3,COSN16632699,NA,MLT1A0,FALSE,0.0526,NA,4,72,NA,NA,NA,Intron,FALSE,FALSE,FALSE,FALSE,6,3,3,3_3,754d26af-f184-497c-856a-cd1ea7a5115c,NA
7,34517402,34517402,1,snv_mnv,NA,NA,"broad,dkfz,muse,sanger",4,COSN15317849,NA,Tigger3a,FALSE,0.0787,NA,7,82,NA,NA,NA,RNA,FALSE,FALSE,FALSE,FALSE,6,3,3,3_3,754d26af-f184-497c-856a-cd1ea7a5115c,NA
7,35477066,35477066,1,snv_mnv,NA,NA,"broad,dkfz,muse,sanger",4,COSN16633194,NA,MIR,FALSE,0.2297,NA,17,57,NA,NA,NA,IGR,FALSE,FALSE,FALSE,FALSE,6,3,3,3_3,754d26af-f184-497c-856a-cd1ea7a5115c,NA
7,36396908,36396908,1,snv_mnv,NA,NA,"broad,muse",2,COSM4962695,NA,NA,FALSE,0.0678,NA,4,55,NA,NA,NA,Missense_Mutation,FALSE,FALSE,FALSE,FALSE,6,3,3,3_3,754d26af-f184-497c-856a-cd1ea7a5115c,NA
7,36512583,36512583,1,snv_mnv,NA,NA,"muse,sanger",2,COSN16630426,NA,LTR18B,FALSE,0.0506,NA,4,75,NA,NA,NA,RNA,FALSE,FALSE,FALSE,FALSE,6,3,3,3_3,754d26af-f184-497c-856a-cd1ea7a5115c,NA
7,36661524,36661524,1,snv_mnv,NA,NA,"broad,dkfz,muse,sanger",4,COSN16632765,NA,NA,FALSE,0.197,NA,13,53,NA,NA,NA,Intron,FALSE,FALSE,FALSE,FALSE,6,3,3,3_3,754d26af-f184-497c-856a-cd1ea7a5115c,AOAH
7,37571522,37571522,1,snv_mnv,NA,NA,"broad,dkfz,muse,sanger",4,COSN16632403,NA,NA,FALSE,0.1594,NA,11,58,NA,NA,NA,IGR,FALSE,FALSE,FALSE,FALSE,6,3,3,3_3,754d26af-f184-497c-856a-cd1ea7a5115c,NA
7,39422807,39422807,1,snv_mnv,NA,NA,"broad,dkfz,muse,sanger",4,COSN16630932,rs759245353,NA,FALSE,0.1967,NA,12,49,NA,NA,NA,Intron,FALSE,FALSE,FALSE,FALSE,6,3,3,3_3,754d26af-f184-497c-856a-cd1ea7a5115c,NA
7,40431324,40431324,1,snv_mnv,1.9968e-4,rs537869290,"broad,dkfz,muse,sanger",4,COSN16630480,rs537869290,L1PA5,FALSE,0.0698,NA,6,80,NA,NA,NA,Intron,FALSE,FALSE,FALSE,FALSE,6,3,3,3_3,754d26af-f184-497c-856a-cd1ea7a5115c,SUGCT
7,40577102,40577102,1,snv_mnv,NA,NA,"broad,dkfz,muse,sanger",4,COSN16632326,NA,NA,FALSE,0.0676,NA,5,69,NA,NA,NA,Intron,FALSE,FALSE,TRUE,FALSE,6,3,3,3_3,754d26af-f184-497c-856a-cd1ea7a5115c,AC004988.1
7,40603931,40603931,1,snv_mnv,NA,NA,"broad,dkfz,muse,sanger",4,COSN16629968,NA,AluY,FALSE,0.2143,NA,9,33,NA,NA,NA,Intron,FALSE,FALSE,FALSE,FALSE,6,3,3,3_3,754d26af-f184-497c-856a-cd1ea7a5115c,NA
7,40855543,40855543,1,snv_mnv,NA,NA,"broad,dkfz,muse,sanger",4,COSN16632843,NA,L1PA16,FALSE,0.0923,NA,6,59,NA,NA,NA,Intron,FALSE,FALSE,TRUE,FALSE,6,3,3,3_3,754d26af-f184-497c-856a-cd1ea7a5115c,NA
7,41191390,41191390,1,snv_mnv,NA,NA,"broad,dkfz,muse,sanger",4,COSN16633314,NA,NA,FALSE,0.0723,NA,6,77,NA,NA,NA,IGR,FALSE,FALSE,FALSE,FALSE,6,3,3,3_3,754d26af-f184-497c-856a-cd1ea7a5115c,NA
7,41610358,41610358,1,snv_mnv,NA,NA,"broad,dkfz,muse,sanger",4,COSN16630998,NA,NA,FALSE,0.0694,NA,5,67,NA,NA,NA,IGR,FALSE,FALSE,TRUE,FALSE,6,3,3,3_3,754d26af-f184-497c-856a-cd1ea7a5115c,NA
7,41846495,41846495,1,snv_mnv,NA,NA,"broad,dkfz,muse,sanger",4,COSN16630274,NA,L1ME3B,FALSE,0.0882,NA,6,62,NA,NA,NA,IGR,FALSE,FALSE,FALSE,FALSE,6,3,3,3_3,754d26af-f184-497c-856a-cd1ea7a5115c,NA
7,41970361,41970361,1,snv_mnv,NA,NA,"broad,dkfz,muse,sanger",4,COSN16632280,NA,NA,FALSE,0.2,NA,11,44,NA,NA,NA,IGR,FALSE,FALSE,TRUE,FALSE,6,3,3,3_3,754d26af-f184-497c-856a-cd1ea7a5115c,NA
7,41986621,41986621,1,snv_mnv,NA,NA,"broad,dkfz,muse,sanger",4,COSN16631646,NA,NA,FALSE,0.2394,NA,17,54,NA,NA,NA,IGR,FALSE,FALSE,FALSE,FALSE,6,3,3,3_3,754d26af-f184-497c-856a-cd1ea7a5115c,NA
7,42024348,42024348,1,snv_mnv,NA,NA,"broad,dkfz,muse,sanger",4,COSN16631676,NA,NA,FALSE,0.2642,NA,14,39,NA,NA,NA,Intron,FALSE,FALSE,FALSE,FALSE,6,3,3,3_3,754d26af-f184-497c-856a-cd1ea7a5115c,NA
7,42084179,42084179,1,snv_mnv,NA,NA,"broad,dkfz,muse,sanger",4,COSN16629174,NA,NA,FALSE,0.1325,NA,11,72,NA,NA,NA,Intron,FALSE,FALSE,FALSE,FALSE,6,3,3,3_3,754d26af-f184-497c-856a-cd1ea7a5115c,GLI3
7,42213341,42213341,1,snv_mnv,NA,NA,"broad,dkfz,muse,sanger",4,COSN16631075,NA,NA,FALSE,0.2571,NA,18,52,NA,NA,NA,Intron,FALSE,FALSE,FALSE,FALSE,6,3,3,3_3,754d26af-f184-497c-856a-cd1ea7a5115c,NA
7,42252603,42252603,1,snv_mnv,NA,NA,"broad,dkfz,muse,sanger",4,COSN16630007,NA,NA,FALSE,0.0933,NA,7,68,NA,NA,NA,Intron,FALSE,FALSE,FALSE,FALSE,6,3,3,3_3,754d26af-f184-497c-856a-cd1ea7a5115c,NA
7,42313735,42313735,1,snv_mnv,NA,NA,"broad,dkfz,muse,sanger",4,COSN16633018,NA,NA,FALSE,0.075,NA,6,74,NA,NA,NA,IGR,FALSE,FALSE,FALSE,FALSE,6,3,3,3_3,754d26af-f184-497c-856a-cd1ea7a5115c,NA
7,42453155,42453155,1,snv_mnv,NA,NA,"broad,dkfz,muse,sanger",4,COSN16630522,NA,NA,FALSE,0.0946,NA,7,67,NA,NA,NA,IGR,FALSE,FALSE,FALSE,FALSE,6,3,3,3_3,754d26af-f184-497c-856a-cd1ea7a5115c,NA
7,42502215,42502215,1,snv_mnv,NA,NA,"broad,dkfz,muse,sanger",4,COSN16631470,rs200081512,NA,FALSE,0.2308,NA,12,40,NA,NA,NA,IGR,FALSE,FALSE,FALSE,FALSE,6,3,3,3_3,754d26af-f184-497c-856a-cd1ea7a5115c,NA
7,42592318,42592318,1,snv_mnv,NA,NA,"broad,muse,sanger",3,COSN16631218,NA,NA,FALSE,0.0482,NA,4,79,NA,NA,NA,IGR,FALSE,FALSE,FALSE,FALSE,6,3,3,3_3,754d26af-f184-497c-856a-cd1ea7a5115c,NA
7,43245649,43245649,1,snv_mnv,1.9968e-4,rs182964976,"broad,dkfz,muse,sanger",4,COSN16631957,rs182964976,NA,FALSE,0.0886,NA,7,72,NA,NA,NA,Intron,FALSE,FALSE,FALSE,FALSE,6,3,3,3_3,754d26af-f184-497c-856a-cd1ea7a5115c,RNU6-575P
7,43299835,43299835,1,snv_mnv,NA,NA,"broad,dkfz,muse,sanger",4,COSN16632327,NA,L2b,FALSE,0.0625,NA,6,90,NA,NA,NA,Intron,FALSE,FALSE,FALSE,FALSE,6,3,3,3_3,754d26af-f184-497c-856a-cd1ea7a5115c,HECW1
7,43503349,43503349,1,snv_mnv,NA,NA,"broad,dkfz,muse,sanger",4,COSM1450811,rs751092336,NA,FALSE,0.0984,NA,6,55,NA,NA,NA,Silent,FALSE,FALSE,FALSE,FALSE,6,3,3,3_3,754d26af-f184-497c-856a-cd1ea7a5115c,NA
7,45088364,45088364,1,snv_mnv,NA,NA,"broad,dkfz,muse,sanger",4,COSN16633259,NA,AluSc,FALSE,0.2609,NA,12,34,NA,NA,NA,Intron,FALSE,FALSE,FALSE,FALSE,6,3,3,3_3,754d26af-f184-497c-856a-cd1ea7a5115c,NA
7,46015535,46015535,1,snv_mnv,NA,NA,"broad,dkfz,muse,sanger",4,COSN16629944,NA,NA,FALSE,0.1667,NA,9,45,NA,NA,NA,lincRNA,FALSE,FALSE,FALSE,FALSE,6,3,3,3_3,754d26af-f184-497c-856a-cd1ea7a5115c,NA
7,46328371,46328371,1,snv_mnv,NA,NA,"broad,muse,sanger",3,COSN16631619,NA,AluJr,FALSE,0.1707,NA,7,34,NA,NA,NA,lincRNA,FALSE,FALSE,TRUE,FALSE,6,3,3,3_3,754d26af-f184-497c-856a-cd1ea7a5115c,NA
7,46437280,46437280,1,snv_mnv,NA,NA,"broad,dkfz,muse,sanger",4,COSN16632178,NA,NA,FALSE,0.197,NA,13,53,NA,NA,NA,IGR,FALSE,FALSE,FALSE,FALSE,6,3,3,3_3,754d26af-f184-497c-856a-cd1ea7a5115c,NA
7,46874719,46874719,1,snv_mnv,NA,NA,"broad,dkfz,muse,sanger",4,COSN16632844,NA,L1MC3,FALSE,0.2083,NA,15,57,NA,NA,NA,IGR,FALSE,FALSE,FALSE,FALSE,6,3,3,3_3,754d26af-f184-497c-856a-cd1ea7a5115c,NA
7,47384465,47384465,1,snv_mnv,NA,NA,"broad,dkfz,muse,sanger",4,COSN16631933,rs765710514,NA,FALSE,0.1875,NA,9,39,NA,NA,NA,Intron,FALSE,FALSE,FALSE,FALSE,6,3,3,3_3,754d26af-f184-497c-856a-cd1ea7a5115c,NA
7,47594043,47594043,1,snv_mnv,NA,NA,"broad,dkfz,muse,sanger",4,COSN16631076,NA,Tigger1,FALSE,0.4167,NA,20,28,NA,NA,NA,Intron,FALSE,FALSE,FALSE,FALSE,6,3,3,3_3,754d26af-f184-497c-856a-cd1ea7a5115c,NA
7,47673191,47673191,1,snv_mnv,NA,NA,"broad,muse,sanger",3,COSN16631763,NA,AluSz,FALSE,0.0794,NA,5,58,NA,NA,NA,IGR,FALSE,FALSE,FALSE,FALSE,6,3,3,3_3,754d26af-f184-497c-856a-cd1ea7a5115c,LINC01447
7,47706068,47706068,1,snv_mnv,NA,NA,"broad,dkfz,muse,sanger",4,COSN16629202,rs769874274,AluYb8,FALSE,0.0882,NA,6,62,NA,NA,NA,IGR,FALSE,FALSE,FALSE,FALSE,6,3,3,3_3,754d26af-f184-497c-856a-cd1ea7a5115c,C7orf65
7,48287771,48287771,1,snv_mnv,NA,NA,"broad,dkfz,muse,sanger",4,COSN16629175,NA,NA,FALSE,0.25,NA,16,48,NA,NA,NA,Intron,FALSE,FALSE,FALSE,FALSE,6,3,3,3_3,754d26af-f184-497c-856a-cd1ea7a5115c,NA
7,48630965,48630965,1,snv_mnv,NA,NA,"broad,muse",2,COSN16630275,NA,L1MA9,FALSE,0.0633,NA,5,74,NA,NA,NA,Intron,FALSE,FALSE,FALSE,FALSE,6,3,3,3_3,754d26af-f184-497c-856a-cd1ea7a5115c,NA
7,48852029,48852029,1,snv_mnv,NA,NA,"broad,dkfz,muse,sanger",4,COSN16633344,NA,NA,FALSE,0.2923,NA,19,46,NA,NA,NA,IGR,FALSE,FALSE,TRUE,FALSE,6,3,3,3_3,754d26af-f184-497c-856a-cd1ea7a5115c,NA
7,49550575,49550575,1,snv_mnv,NA,NA,"broad,dkfz,muse,sanger",4,COSN16631390,NA,MSTD,FALSE,0.1146,NA,11,85,NA,NA,NA,IGR,FALSE,FALSE,FALSE,FALSE,6,3,3,3_3,754d26af-f184-497c-856a-cd1ea7a5115c,NA
7,49550683,49550683,1,snv_mnv,NA,NA,"broad,dkfz,muse,sanger",4,COSN16631188,NA,MSTD,FALSE,0.1346,NA,14,90,NA,NA,NA,IGR,FALSE,FALSE,FALSE,FALSE,6,3,3,3_3,754d26af-f184-497c-856a-cd1ea7a5115c,NA
7,50904363,50904363,1,snv_mnv,NA,NA,"broad,dkfz,muse,sanger",4,COSN16629449,NA,NA,FALSE,0.086,NA,8,85,NA,NA,NA,lincRNA,FALSE,FALSE,FALSE,FALSE,6,3,3,3_3,754d26af-f184-497c-856a-cd1ea7a5115c,NA
7,51359863,51359863,1,snv_mnv,NA,NA,"broad,muse,sanger",3,COSN16631323,NA,L1MC5,FALSE,0.1163,NA,5,38,NA,NA,NA,Intron,FALSE,FALSE,FALSE,FALSE,6,3,3,3_3,754d26af-f184-497c-856a-cd1ea7a5115c,NA
7,52118586,52118586,1,snv_mnv,1.9968e-4,rs538508480,"broad,dkfz,muse,sanger",4,COSN16630209,rs538508480,L1MEc,FALSE,0.1111,NA,9,72,NA,NA,NA,IGR,FALSE,FALSE,FALSE,FALSE,6,3,3,3_3,754d26af-f184-497c-856a-cd1ea7a5115c,NA
7,52598242,52598242,1,snv_mnv,NA,NA,"broad,dkfz,muse,sanger",4,COSN16628965,NA,L1ME3E,FALSE,0.1408,NA,10,61,NA,NA,NA,IGR,FALSE,FALSE,FALSE,FALSE,6,3,3,3_3,754d26af-f184-497c-856a-cd1ea7a5115c,NA
7,52834517,52834517,1,snv_mnv,NA,NA,"broad,dkfz,muse",3,COSN16633078,NA,T-rich,FALSE,0.2093,NA,9,34,NA,NA,NA,IGR,FALSE,FALSE,TRUE,FALSE,6,3,3,3_3,754d26af-f184-497c-856a-cd1ea7a5115c,NA
7,52881955,52881955,1,snv_mnv,NA,NA,"broad,dkfz,muse,sanger",4,COSN16632255,NA,AluSx3,FALSE,0.1,NA,6,54,NA,NA,NA,IGR,FALSE,FALSE,FALSE,FALSE,6,3,3,3_3,754d26af-f184-497c-856a-cd1ea7a5115c,NA
7,52980139,52980139,1,snv_mnv,NA,NA,"broad,muse,sanger",3,COSN16629176,NA,AluSx,FALSE,0.0976,NA,4,37,NA,NA,NA,IGR,FALSE,FALSE,FALSE,FALSE,6,3,3,3_3,754d26af-f184-497c-856a-cd1ea7a5115c,NA
7,53200207,53200207,1,snv_mnv,NA,NA,"broad,muse,sanger",3,COSN16630427,NA,MLT1D,FALSE,0.1579,NA,9,48,NA,NA,NA,IGR,FALSE,FALSE,FALSE,FALSE,6,3,3,3_3,754d26af-f184-497c-856a-cd1ea7a5115c,NA
7,53221697,53221697,1,snv_mnv,NA,NA,"broad,dkfz,muse,sanger",4,COSN16632700,NA,NA,FALSE,0.1212,NA,8,58,NA,NA,NA,IGR,FALSE,FALSE,FALSE,FALSE,6,3,3,3_3,754d26af-f184-497c-856a-cd1ea7a5115c,NA
7,53628831,53628831,1,snv_mnv,NA,NA,"broad,dkfz,muse,sanger",4,COSN16629391,NA,L1ME3B,FALSE,0.1098,NA,9,73,NA,NA,NA,lincRNA,FALSE,FALSE,FALSE,FALSE,6,3,3,3_3,754d26af-f184-497c-856a-cd1ea7a5115c,NA
7,53649678,53649678,1,snv_mnv,NA,NA,"broad,dkfz,muse,sanger",4,COSN16629681,NA,L1ME1,FALSE,0.0732,NA,6,76,NA,NA,NA,IGR,FALSE,FALSE,FALSE,FALSE,6,3,3,3_3,754d26af-f184-497c-856a-cd1ea7a5115c,NA
7,53790002,53790002,1,snv_mnv,NA,NA,"broad,dkfz,muse,sanger",4,COSN16631077,NA,NA,FALSE,0.1111,NA,9,72,NA,NA,NA,lincRNA,FALSE,FALSE,FALSE,FALSE,6,3,3,3_3,754d26af-f184-497c-856a-cd1ea7a5115c,NA
7,54317894,54317894,1,snv_mnv,NA,NA,"broad,dkfz,muse,sanger",4,COSN16630665,NA,NA,FALSE,0.2833,NA,17,43,NA,NA,NA,IGR,FALSE,FALSE,FALSE,FALSE,6,3,3,3_3,754d26af-f184-497c-856a-cd1ea7a5115c,NA
7,54602264,54602264,1,snv_mnv,NA,NA,"dkfz,sanger",2,COSN16632179,NA,NA,FALSE,0.0633,NA,5,74,NA,NA,NA,IGR,FALSE,FALSE,FALSE,FALSE,6,3,3,3_3,754d26af-f184-497c-856a-cd1ea7a5115c,NA
7,54868707,54868707,1,snv_mnv,NA,NA,"broad,dkfz,muse,sanger",4,COSN16632039,NA,NA,FALSE,0.1818,NA,10,45,NA,NA,NA,RNA,FALSE,FALSE,FALSE,FALSE,6,3,3,3_3,754d26af-f184-497c-856a-cd1ea7a5115c,NA
7,54868708,54868708,1,snv_mnv,NA,NA,"broad,dkfz,muse,sanger",4,COSN16629392,NA,NA,FALSE,0.1724,NA,10,48,NA,NA,NA,RNA,FALSE,FALSE,FALSE,FALSE,6,3,3,3_3,754d26af-f184-497c-856a-cd1ea7a5115c,NA
7,55346539,55346539,1,snv_mnv,NA,NA,"broad,dkfz,muse,sanger",4,COSN16631677,NA,MLT1C,FALSE,0.1818,NA,8,36,NA,NA,NA,IGR,FALSE,FALSE,FALSE,FALSE,6,3,3,3_3,754d26af-f184-497c-856a-cd1ea7a5115c,NA
7,56497797,56497797,1,snv_mnv,NA,NA,"broad,muse,sanger",3,COSN16631219,NA,L1PB3,FALSE,0.2055,NA,15,58,NA,NA,NA,RNA,FALSE,FALSE,FALSE,FALSE,6,3,3,3_3,754d26af-f184-497c-856a-cd1ea7a5115c,NA
7,56715502,56715502,1,snv_mnv,NA,NA,"broad,muse,sanger",3,COSN16631958,NA,SVA_B,FALSE,0.1014,NA,7,62,NA,NA,NA,IGR,FALSE,FALSE,FALSE,FALSE,6,3,3,3_3,754d26af-f184-497c-856a-cd1ea7a5115c,NA
7,57236421,57236421,1,snv_mnv,NA,NA,"broad,dkfz,muse,sanger",4,COSN16630641,NA,NA,FALSE,0.1649,NA,16,81,NA,NA,NA,IGR,FALSE,FALSE,FALSE,FALSE,6,3,3,3_3,754d26af-f184-497c-856a-cd1ea7a5115c,"AC099654.6,MTCO3P10,AC099654.13,MTND4P4,AC099654.5,MTND4LP32,AC099654.7"
7,57257422,57257422,1,snv_mnv,NA,NA,"broad,dkfz,muse,sanger",4,COSN16629826,NA,NA,FALSE,0.2857,NA,22,55,NA,NA,NA,IGR,FALSE,FALSE,FALSE,FALSE,6,3,3,3_3,754d26af-f184-497c-856a-cd1ea7a5115c,"MTND5P7,MTND2P6,AC099654.3,MTND1P4,MTCO3P4,AC099654.11,AC099654.14,AC099654.9,AC099654.10,MTND4P5"
7,61981432,61981432,1,snv_mnv,NA,NA,"broad,muse",2,COSN16630115,NA,ALR/Alpha,FALSE,0.0667,NA,4,56,NA,NA,NA,IGR,FALSE,FALSE,FALSE,FALSE,6,3,3,3_3,754d26af-f184-497c-856a-cd1ea7a5115c,NA
7,62203341,62203341,1,snv_mnv,NA,NA,"broad,muse",2,COSN16633228,NA,ALR/Alpha,FALSE,0.0725,NA,5,64,NA,NA,NA,IGR,FALSE,FALSE,FALSE,FALSE,6,3,3,3_3,754d26af-f184-497c-856a-cd1ea7a5115c,NA
7,62259585,62259585,1,snv_mnv,NA,NA,"broad,muse",2,COSN16630558,NA,ALR/Alpha,FALSE,0.0678,NA,4,55,NA,NA,NA,IGR,FALSE,FALSE,FALSE,FALSE,6,3,3,3_3,754d26af-f184-497c-856a-cd1ea7a5115c,NA
7,62337308,62337308,1,snv_mnv,NA,NA,"broad,muse",2,COSN16629741,NA,ALR/Alpha,FALSE,0.0811,NA,6,68,NA,NA,NA,IGR,FALSE,FALSE,TRUE,FALSE,6,3,3,3_3,754d26af-f184-497c-856a-cd1ea7a5115c,NA
7,62674492,62674492,1,snv_mnv,NA,NA,"broad,dkfz,muse,sanger",4,COSN16633345,NA,NA,FALSE,0.28,NA,21,54,NA,NA,NA,IGR,FALSE,FALSE,FALSE,FALSE,6,3,3,3_3,754d26af-f184-497c-856a-cd1ea7a5115c,AC092001.1
7,63016310,63016310,1,snv_mnv,NA,NA,"broad,muse,sanger",3,COSN16632101,NA,NA,FALSE,0.1667,NA,8,40,NA,NA,NA,IGR,FALSE,FALSE,FALSE,FALSE,6,3,3,3_3,754d26af-f184-497c-856a-cd1ea7a5115c,SLC29A4P2
7,63472555,63472555,1,snv_mnv,NA,NA,"broad,muse,sanger",3,COSN16631078,NA,L1PA6,FALSE,0.1899,NA,15,64,NA,NA,NA,IGR,FALSE,FALSE,FALSE,FALSE,6,3,3,3_3,754d26af-f184-497c-856a-cd1ea7a5115c,NA
7,63849684,63849684,1,snv_mnv,NA,NA,"broad,dkfz,muse,sanger",4,COSN16632900,NA,NA,FALSE,0.0896,NA,6,61,NA,NA,NA,IGR,FALSE,FALSE,TRUE,FALSE,6,3,3,3_3,754d26af-f184-497c-856a-cd1ea7a5115c,NA
7,64333828,64333828,1,snv_mnv,NA,NA,"broad,dkfz,muse",3,COSN16629553,NA,SST1,FALSE,0.1321,NA,7,46,NA,NA,NA,IGR,FALSE,FALSE,FALSE,FALSE,6,3,3,3_3,754d26af-f184-497c-856a-cd1ea7a5115c,ZNF273
7,65896646,65896646,1,snv_mnv,NA,NA,"broad,dkfz,muse,sanger",4,COSN16633044,rs372154404,NA,FALSE,0.2429,NA,17,53,NA,NA,NA,RNA,FALSE,FALSE,FALSE,FALSE,6,3,3,3_3,754d26af-f184-497c-856a-cd1ea7a5115c,AC008267.4
7,66848829,66848829,1,snv_mnv,NA,NA,"broad,muse",2,COSN16632984,NA,AluSz,FALSE,0.2075,NA,11,42,NA,NA,NA,IGR,FALSE,FALSE,FALSE,FALSE,6,3,3,3_3,754d26af-f184-497c-856a-cd1ea7a5115c,NA
7,67022146,67022146,1,snv_mnv,NA,NA,"broad,muse,sanger",3,COSN16632205,NA,NA,FALSE,0.058,NA,4,65,NA,NA,NA,IGR,FALSE,FALSE,FALSE,FALSE,6,3,3,3_3,754d26af-f184-497c-856a-cd1ea7a5115c,NA
7,67065322,67065322,1,snv_mnv,NA,NA,"broad,dkfz,muse,sanger",4,COSN16630151,NA,NA,FALSE,0.0896,NA,6,61,NA,NA,NA,IGR,FALSE,FALSE,FALSE,FALSE,6,3,3,3_3,754d26af-f184-497c-856a-cd1ea7a5115c,NA
7,67633897,67633897,1,snv_mnv,NA,NA,"broad,dkfz,muse,sanger",4,COSN16632072,NA,NA,FALSE,0.1392,NA,11,68,NA,NA,NA,lincRNA,FALSE,FALSE,FALSE,FALSE,6,3,3,3_3,754d26af-f184-497c-856a-cd1ea7a5115c,NA
7,67702650,67702650,1,snv_mnv,NA,NA,"broad,dkfz,muse,sanger",4,COSN16629603,rs767998606,AluSx,FALSE,0.2174,NA,15,54,NA,NA,NA,lincRNA,FALSE,FALSE,FALSE,FALSE,6,3,3,3_3,754d26af-f184-497c-856a-cd1ea7a5115c,AC093655.2
7,67789073,67789073,1,snv_mnv,NA,NA,"broad,muse,sanger",3,COSN16629475,NA,LTR17,FALSE,0.0984,NA,6,55,NA,NA,NA,IGR,FALSE,FALSE,FALSE,FALSE,6,3,3,3_3,754d26af-f184-497c-856a-cd1ea7a5115c,NA
7,67889161,67889161,1,snv_mnv,NA,NA,"broad,dkfz,muse,sanger",4,COSN16630050,NA,NA,FALSE,0.2239,NA,15,52,NA,NA,NA,IGR,FALSE,FALSE,FALSE,FALSE,6,3,3,3_3,754d26af-f184-497c-856a-cd1ea7a5115c,NA
7,68164485,68164485,1,snv_mnv,NA,NA,"broad,muse,sanger",3,COSN16630442,NA,MER5A,FALSE,0.0556,NA,4,68,NA,NA,NA,IGR,FALSE,FALSE,FALSE,FALSE,6,3,3,3_3,754d26af-f184-497c-856a-cd1ea7a5115c,NA
7,68568074,68568074,1,snv_mnv,NA,NA,"broad,dkfz,muse",3,COSN16631168,NA,NA,FALSE,0.2154,NA,14,51,NA,NA,NA,IGR,FALSE,FALSE,FALSE,FALSE,6,3,3,3_3,754d26af-f184-497c-856a-cd1ea7a5115c,NA
7,68628937,68628937,1,snv_mnv,NA,NA,"broad,muse,sanger",3,COSN16632040,rs761672363,MLT1L,FALSE,0.1169,NA,9,68,NA,NA,NA,IGR,FALSE,FALSE,FALSE,FALSE,6,3,3,3_3,754d26af-f184-497c-856a-cd1ea7a5115c,NA
7,68722168,68722168,1,snv_mnv,NA,NA,"broad,muse,sanger",3,COSN16633143,NA,NA,FALSE,0.08,NA,4,46,NA,NA,NA,lincRNA,FALSE,FALSE,FALSE,FALSE,6,3,3,3_3,754d26af-f184-497c-856a-cd1ea7a5115c,NA
7,69392486,69392486,1,snv_mnv,NA,NA,"broad,muse,sanger",3,COSN16633260,NA,MER52A,FALSE,0.1,NA,4,36,NA,NA,NA,Intron,FALSE,FALSE,FALSE,FALSE,6,3,3,3_3,754d26af-f184-497c-856a-cd1ea7a5115c,NA
7,69555654,69555654,1,snv_mnv,NA,NA,"broad,dkfz,muse,sanger",4,COSN16631647,NA,L1ME1,FALSE,0.1724,NA,10,48,NA,NA,NA,Intron,FALSE,FALSE,FALSE,FALSE,6,3,3,3_3,754d26af-f184-497c-856a-cd1ea7a5115c,NA
7,69558566,69558566,1,snv_mnv,NA,NA,"broad,muse",2,COSN16632901,NA,NA,FALSE,0.0513,NA,4,74,NA,NA,NA,Intron,FALSE,FALSE,FALSE,FALSE,6,3,3,3_3,754d26af-f184-497c-856a-cd1ea7a5115c,NA
7,70453975,70453975,1,snv_mnv,NA,NA,"broad,muse,sanger",3,COSN16630788,NA,NA,FALSE,0.0755,NA,4,49,NA,NA,NA,IGR,FALSE,FALSE,TRUE,FALSE,6,3,3,3_3,754d26af-f184-497c-856a-cd1ea7a5115c,NA
7,70492819,70492819,1,snv_mnv,NA,NA,"broad,dkfz,muse,sanger",4,COSN16629263,NA,NA,FALSE,0.1695,NA,10,49,NA,NA,NA,IGR,FALSE,FALSE,FALSE,FALSE,6,3,3,3_3,754d26af-f184-497c-856a-cd1ea7a5115c,NA
7,70672464,70672464,1,snv_mnv,5.9904e-4,rs563603001,"broad,dkfz,muse,sanger",4,COSN16632352,rs563603001,NA,FALSE,0.0725,NA,5,64,NA,NA,NA,Intron,FALSE,FALSE,FALSE,FALSE,6,3,3,3_3,754d26af-f184-497c-856a-cd1ea7a5115c,NA
7,70793752,70793752,1,snv_mnv,NA,NA,"broad,dkfz,muse,sanger",4,COSN16629054,NA,NA,FALSE,0.0822,NA,6,67,NA,NA,NA,Intron,FALSE,FALSE,FALSE,FALSE,6,3,3,3_3,754d26af-f184-497c-856a-cd1ea7a5115c,NA
7,71058320,71058320,1,snv_mnv,NA,NA,"broad,dkfz,muse,sanger",4,COSN16631648,NA,AluSc,FALSE,0.2,NA,9,36,NA,NA,NA,Intron,FALSE,FALSE,FALSE,FALSE,6,3,3,3_3,754d26af-f184-497c-856a-cd1ea7a5115c,NA
7,71418637,71418637,1,snv_mnv,NA,NA,"broad,dkfz,muse,sanger",4,COSN16629656,NA,NA,FALSE,0.0909,NA,6,60,NA,NA,NA,Intron,FALSE,FALSE,FALSE,FALSE,6,3,3,3_3,754d26af-f184-497c-856a-cd1ea7a5115c,NA
7,71725644,71725644,1,snv_mnv,NA,NA,"broad,muse,sanger",3,COSN8038537,NA,NA,FALSE,0.0508,NA,3,56,NA,NA,NA,Intron,FALSE,FALSE,FALSE,FALSE,6,3,3,3_3,754d26af-f184-497c-856a-cd1ea7a5115c,NA
7,72867094,72867094,1,snv_mnv,NA,NA,"broad,muse",2,COSN16631294,NA,Tigger5,FALSE,0.0833,NA,4,44,NA,NA,NA,Intron,FALSE,FALSE,FALSE,FALSE,6,3,3,3_3,754d26af-f184-497c-856a-cd1ea7a5115c,NA
7,75869309,75869309,1,snv_mnv,NA,NA,"broad,dkfz,muse,sanger",4,COSN16630051,NA,AluSq2,FALSE,0.1864,NA,11,48,NA,NA,NA,Intron,FALSE,FALSE,FALSE,FALSE,6,3,3,3_3,754d26af-f184-497c-856a-cd1ea7a5115c,NA
7,77794534,77794534,1,snv_mnv,NA,NA,"broad,dkfz,muse,sanger",4,COSN16630116,NA,NA,FALSE,0.1447,NA,11,65,NA,NA,NA,Intron,FALSE,FALSE,FALSE,FALSE,6,3,3,3_3,754d26af-f184-497c-856a-cd1ea7a5115c,AC004808.1
7,77813175,77813175,1,snv_mnv,NA,NA,"broad,dkfz,muse,sanger",4,COSN16632373,NA,AluJo,FALSE,0.2941,NA,15,36,NA,NA,NA,Intron,FALSE,FALSE,FALSE,FALSE,6,3,3,3_3,754d26af-f184-497c-856a-cd1ea7a5115c,MAGI2
7,77909437,77909437,1,snv_mnv,NA,NA,"broad,dkfz,muse,sanger",4,COSN16630152,NA,NA,FALSE,0.1692,NA,11,54,NA,NA,NA,Intron,FALSE,FALSE,FALSE,FALSE,6,3,3,3_3,754d26af-f184-497c-856a-cd1ea7a5115c,NA
7,78343736,78343736,1,snv_mnv,NA,NA,"broad,muse",2,COSN16631220,NA,UCON25,FALSE,0.0625,NA,4,60,NA,NA,NA,Intron,FALSE,FALSE,FALSE,FALSE,6,3,3,3_3,754d26af-f184-497c-856a-cd1ea7a5115c,NA
7,78658403,78658403,1,snv_mnv,NA,NA,"broad,dkfz,muse,sanger",4,COSN16630962,NA,NA,FALSE,0.2192,NA,16,57,NA,NA,NA,Intron,FALSE,FALSE,FALSE,FALSE,6,3,3,3_3,754d26af-f184-497c-856a-cd1ea7a5115c,RNU6-337P
7,79037620,79037620,1,snv_mnv,NA,NA,"broad,dkfz,muse,sanger",4,COSN16630593,NA,NA,FALSE,0.1324,NA,9,59,NA,NA,NA,Intron,FALSE,FALSE,FALSE,FALSE,6,3,3,3_3,754d26af-f184-497c-856a-cd1ea7a5115c,MAGI2
7,79561035,79561035,1,snv_mnv,NA,NA,"broad,muse",2,COSN16628966,NA,L1PA11,FALSE,0.0548,NA,4,69,NA,NA,NA,IGR,FALSE,FALSE,FALSE,FALSE,6,3,3,3_3,754d26af-f184-497c-856a-cd1ea7a5115c,NA
7,80561891,80561891,1,snv_mnv,NA,NA,"broad,muse,sanger",3,COSN16631879,NA,L1MC3,FALSE,0.0845,NA,6,65,NA,NA,NA,IGR,FALSE,FALSE,FALSE,FALSE,6,3,3,3_3,754d26af-f184-497c-856a-cd1ea7a5115c,NA
7,80970452,80970452,1,snv_mnv,NA,NA,"broad,dkfz,sanger",3,COSN16632374,NA,NA,FALSE,0.1042,NA,10,86,NA,NA,NA,IGR,FALSE,FALSE,FALSE,FALSE,6,3,3,3_3,754d26af-f184-497c-856a-cd1ea7a5115c,NA
7,81168875,81168875,1,snv_mnv,NA,NA,"broad,muse,sanger",3,COSN16633369,NA,L1MC1,FALSE,0.0685,NA,5,68,NA,NA,NA,lincRNA,FALSE,FALSE,FALSE,FALSE,6,3,3,3_3,754d26af-f184-497c-856a-cd1ea7a5115c,NA
7,81678527,81678527,1,snv_mnv,NA,NA,"broad,dkfz,muse,sanger",4,COSN16633045,NA,NA,FALSE,0.1154,NA,6,46,NA,NA,NA,Intron,FALSE,FALSE,TRUE,FALSE,6,3,3,3_3,754d26af-f184-497c-856a-cd1ea7a5115c,CACNA2D1
7,83533405,83533405,1,snv_mnv,NA,NA,"broad,dkfz,muse,sanger",4,COSN16629232,NA,NA,FALSE,0.1111,NA,7,56,NA,NA,NA,IGR,FALSE,FALSE,FALSE,FALSE,6,3,3,3_3,754d26af-f184-497c-856a-cd1ea7a5115c,NA
7,85716804,85716804,1,snv_mnv,NA,NA,"broad,dkfz,muse,sanger",4,COSN16630052,NA,L1MB4,FALSE,0.0556,NA,6,102,NA,NA,NA,IGR,FALSE,FALSE,FALSE,FALSE,6,3,3,3_3,754d26af-f184-497c-856a-cd1ea7a5115c,NA
7,85767050,85767050,1,snv_mnv,NA,NA,"broad,muse,sanger",3,COSN16630079,NA,NA,FALSE,0.0725,NA,5,64,NA,NA,NA,IGR,FALSE,FALSE,FALSE,FALSE,6,3,3,3_3,754d26af-f184-497c-856a-cd1ea7a5115c,NA
7,85821642,85821642,1,snv_mnv,NA,NA,"broad,dkfz,muse,sanger",4,COSN16628911,NA,NA,FALSE,0.0789,NA,6,70,NA,NA,NA,IGR,FALSE,FALSE,FALSE,FALSE,6,3,3,3_3,754d26af-f184-497c-856a-cd1ea7a5115c,NA
7,86495361,86495361,1,snv_mnv,NA,NA,"broad,dkfz,muse,sanger",4,COSN16630008,NA,MLT1C,FALSE,0.1688,NA,13,64,NA,NA,NA,IGR,FALSE,FALSE,FALSE,FALSE,6,3,3,3_3,754d26af-f184-497c-856a-cd1ea7a5115c,GRM3
7,86497494,86497494,1,snv_mnv,NA,NA,"broad,dkfz,muse,sanger",4,COSN16631131,NA,L1M3de,FALSE,0.1268,NA,9,62,NA,NA,NA,IGR,FALSE,FALSE,FALSE,FALSE,6,3,3,3_3,754d26af-f184-497c-856a-cd1ea7a5115c,GRM3
7,86900221,86900221,1,snv_mnv,NA,NA,"broad,dkfz,muse,sanger",4,COSN16629914,NA,L1MA4A,FALSE,0.1789,NA,17,78,NA,NA,NA,IGR,FALSE,FALSE,FALSE,FALSE,6,3,3,3_3,754d26af-f184-497c-856a-cd1ea7a5115c,NA
7,87313640,87313640,1,snv_mnv,NA,NA,"broad,dkfz,muse,sanger",4,COSN16632180,NA,L1ME1,FALSE,0.2857,NA,22,55,NA,NA,NA,Intron,FALSE,FALSE,TRUE,FALSE,6,3,3,3_3,754d26af-f184-497c-856a-cd1ea7a5115c,NA
7,88038377,88038377,1,snv_mnv,NA,NA,"broad,dkfz,muse,sanger",4,COSN16629178,NA,AluSx1,FALSE,0.1111,NA,6,48,NA,NA,NA,IGR,FALSE,FALSE,FALSE,FALSE,6,3,3,3_3,754d26af-f184-497c-856a-cd1ea7a5115c,NA
7,88354492,88354492,1,snv_mnv,NA,NA,"broad,muse,sanger",3,COSN16632673,NA,NA,FALSE,0.0759,NA,6,73,NA,NA,NA,lincRNA,FALSE,FALSE,FALSE,FALSE,6,3,3,3_3,754d26af-f184-497c-856a-cd1ea7a5115c,NA
7,88361189,88361189,1,snv_mnv,NA,NA,"broad,muse,sanger",3,COSN16632001,NA,AluY,FALSE,0.1628,NA,7,36,NA,NA,NA,lincRNA,FALSE,FALSE,FALSE,FALSE,6,3,3,3_3,754d26af-f184-497c-856a-cd1ea7a5115c,NA
7,88537679,88537679,1,snv_mnv,NA,NA,"broad,dkfz,muse,sanger",4,COSN16629604,NA,NA,FALSE,0.0625,NA,5,75,NA,NA,NA,Intron,FALSE,FALSE,FALSE,FALSE,6,3,3,3_3,754d26af-f184-497c-856a-cd1ea7a5115c,NA
7,88573242,88573242,1,snv_mnv,3.9936e-4,rs577379000,"broad,dkfz,muse,sanger",4,COSN16628912,rs577379000,L1ME1,FALSE,0.1216,NA,9,65,NA,NA,NA,Intron,FALSE,FALSE,FALSE,FALSE,6,3,3,3_3,754d26af-f184-497c-856a-cd1ea7a5115c,NA
7,88840092,88840092,1,snv_mnv,NA,NA,"broad,muse",2,COSN16632149,NA,L1PA10,FALSE,0.0556,NA,5,85,NA,NA,NA,Intron,FALSE,FALSE,FALSE,FALSE,6,3,3,3_3,754d26af-f184-497c-856a-cd1ea7a5115c,NA
7,89023140,89023140,1,snv_mnv,NA,NA,"dkfz,muse,sanger",3,COSN16632404,NA,MSTB1,FALSE,0.0968,NA,6,56,NA,NA,NA,IGR,FALSE,FALSE,FALSE,FALSE,6,3,3,3_3,754d26af-f184-497c-856a-cd1ea7a5115c,NA
7,89165475,89165475,1,snv_mnv,NA,NA,"broad,dkfz,muse,sanger",4,COSN16629769,NA,NA,FALSE,0.093,NA,8,78,NA,NA,NA,IGR,FALSE,FALSE,FALSE,FALSE,6,3,3,3_3,754d26af-f184-497c-856a-cd1ea7a5115c,NA
7,90197170,90197170,1,snv_mnv,NA,NA,"broad,dkfz,muse,sanger",4,COSN16629366,NA,MER45B,FALSE,0.1194,NA,8,59,NA,NA,NA,IGR,FALSE,FALSE,FALSE,FALSE,6,3,3,3_3,754d26af-f184-497c-856a-cd1ea7a5115c,NA
7,90725458,90725458,1,snv_mnv,NA,NA,"broad,dkfz,muse,sanger",4,COSN16703380,NA,MLT1F,FALSE,0.1034,NA,6,52,NA,NA,NA,Intron,FALSE,FALSE,FALSE,FALSE,6,3,3,3_3,754d26af-f184-497c-856a-cd1ea7a5115c,NA
7,90936232,90936232,1,snv_mnv,NA,NA,"broad,dkfz,muse,sanger",4,COSN16631439,NA,NA,FALSE,0.125,NA,11,77,NA,NA,NA,IGR,FALSE,FALSE,FALSE,FALSE,6,3,3,3_3,754d26af-f184-497c-856a-cd1ea7a5115c,AC079760.2
7,91376824,91376824,1,snv_mnv,NA,NA,"broad,dkfz,muse,sanger",4,COSN16632845,NA,L1MA5,FALSE,0.1695,NA,10,49,NA,NA,NA,IGR,FALSE,FALSE,FALSE,FALSE,6,3,3,3_3,754d26af-f184-497c-856a-cd1ea7a5115c,NA
7,93451384,93451384,1,snv_mnv,NA,NA,"broad,dkfz,muse,sanger",4,COSN16633019,NA,NA,FALSE,0.0645,NA,6,87,NA,NA,NA,Intron,FALSE,FALSE,FALSE,FALSE,6,3,3,3_3,754d26af-f184-497c-856a-cd1ea7a5115c,NA
7,94420558,94420558,1,snv_mnv,NA,NA,"broad,muse,sanger",3,COSN16632766,NA,L1PA14,FALSE,0.0704,NA,5,66,NA,NA,NA,IGR,FALSE,FALSE,FALSE,FALSE,6,3,3,3_3,754d26af-f184-497c-856a-cd1ea7a5115c,NA
7,94540811,94540811,1,snv_mnv,NA,NA,"broad,dkfz,muse,sanger",4,COSM338862,NA,NA,FALSE,0.1154,NA,9,69,NA,NA,NA,Silent,FALSE,FALSE,FALSE,FALSE,6,3,3,3_3,754d26af-f184-497c-856a-cd1ea7a5115c,PPP1R9A
7,95212153,95212153,1,snv_mnv,NA,NA,"broad,dkfz,muse,sanger",4,COSN16632353,NA,NA,FALSE,0.25,NA,16,48,NA,NA,NA,IGR,FALSE,FALSE,FALSE,FALSE,6,3,3,3_3,754d26af-f184-497c-856a-cd1ea7a5115c,PDK4
7,95708462,95708462,1,snv_mnv,NA,NA,"broad,dkfz,muse,sanger",4,COSN16631705,NA,NA,FALSE,0.0972,NA,7,65,NA,NA,NA,Intron,FALSE,FALSE,FALSE,FALSE,6,3,3,3_3,754d26af-f184-497c-856a-cd1ea7a5115c,NA
7,96219037,96219037,1,snv_mnv,NA,NA,"broad,dkfz,muse,sanger",4,COSN16630369,NA,NA,FALSE,0.1642,NA,11,56,NA,NA,NA,IGR,FALSE,FALSE,FALSE,FALSE,6,3,3,3_3,754d26af-f184-497c-856a-cd1ea7a5115c,NA
7,97007796,97007796,1,snv_mnv,3.9936e-4,rs533262359,"broad,dkfz,muse,sanger",4,COSN16631813,rs533262359,AluYb8,FALSE,0.1186,NA,7,52,NA,NA,NA,IGR,FALSE,FALSE,FALSE,FALSE,6,3,3,3_3,754d26af-f184-497c-856a-cd1ea7a5115c,NA
7,97431884,97431884,1,snv_mnv,NA,NA,"broad,dkfz,muse,sanger",4,COSN16629028,NA,NA,FALSE,0.0594,NA,6,95,NA,NA,NA,IGR,FALSE,FALSE,FALSE,FALSE,6,3,3,3_3,754d26af-f184-497c-856a-cd1ea7a5115c,NA
7,99747503,99747503,1,snv_mnv,NA,NA,"broad,dkfz,muse,sanger",4,COSN16632206,NA,AluSq,FALSE,0.1321,NA,7,46,NA,NA,NA,Intron,FALSE,FALSE,FALSE,FALSE,6,3,3,3_3,754d26af-f184-497c-856a-cd1ea7a5115c,"C7orf43,LAMTOR4"
7,100535696,100535696,1,snv_mnv,NA,NA,"broad,dkfz,muse,sanger",4,COSN16631563,NA,NA,FALSE,0.1875,NA,12,52,NA,NA,NA,IGR,FALSE,FALSE,FALSE,FALSE,6,3,3,3_3,754d26af-f184-497c-856a-cd1ea7a5115c,NA
7,101550780,101550780,1,snv_mnv,NA,NA,"broad,muse,sanger",3,COSN16631846,NA,AluSx,FALSE,0.098,NA,5,46,NA,NA,NA,Intron,FALSE,FALSE,FALSE,FALSE,6,3,3,3_3,754d26af-f184-497c-856a-cd1ea7a5115c,NA
7,101883688,101883688,1,snv_mnv,NA,NA,"broad,dkfz,muse,sanger",4,COSN16630153,NA,AluJr,FALSE,0.0968,NA,6,56,NA,NA,NA,Intron,FALSE,FALSE,FALSE,FALSE,6,3,3,3_3,754d26af-f184-497c-856a-cd1ea7a5115c,NA
7,103532299,103532299,1,snv_mnv,NA,NA,"broad,muse,sanger",3,COSN16629393,NA,NA,FALSE,0.0476,NA,4,80,NA,NA,NA,Intron,FALSE,FALSE,FALSE,FALSE,6,3,3,3_3,754d26af-f184-497c-856a-cd1ea7a5115c,NA
7,104132207,104132207,1,snv_mnv,NA,NA,"broad,dkfz,muse,sanger",4,COSN16632582,NA,NA,FALSE,0.0952,NA,6,57,NA,NA,NA,Intron,FALSE,FALSE,FALSE,FALSE,6,3,3,3_3,754d26af-f184-497c-856a-cd1ea7a5115c,NA
7,104262058,104262058,1,snv_mnv,NA,NA,"broad,dkfz,muse,sanger",4,COSN16632012,NA,NA,FALSE,0.087,NA,4,42,NA,NA,NA,Intron,FALSE,FALSE,FALSE,FALSE,6,3,3,3_3,754d26af-f184-497c-856a-cd1ea7a5115c,NA
7,104262103,104262103,1,snv_mnv,NA,NA,"broad,dkfz,muse,sanger",4,COSN16631593,NA,NA,FALSE,0.1837,NA,9,40,NA,NA,NA,Intron,FALSE,FALSE,FALSE,FALSE,6,3,3,3_3,754d26af-f184-497c-856a-cd1ea7a5115c,NA
7,104262179,104262179,1,snv_mnv,NA,NA,"broad,dkfz,muse,sanger",4,COSN16629624,NA,NA,FALSE,0.2712,NA,16,43,NA,NA,NA,Intron,FALSE,FALSE,FALSE,FALSE,6,3,3,3_3,754d26af-f184-497c-856a-cd1ea7a5115c,NA
7,104462025,104462025,1,snv_mnv,NA,NA,"broad,dkfz,muse,sanger",4,COSN16629625,NA,NA,FALSE,0.3433,NA,23,44,NA,NA,NA,Intron,FALSE,FALSE,FALSE,FALSE,2,2,0,2_0,754d26af-f184-497c-856a-cd1ea7a5115c,AC091286.1
7,105062250,105062250,1,snv_mnv,NA,NA,"broad,dkfz,muse,sanger",4,COSN16629288,NA,MLT2A2,FALSE,0.2195,NA,9,32,NA,NA,NA,IGR,FALSE,FALSE,FALSE,FALSE,2,2,0,2_0,754d26af-f184-497c-856a-cd1ea7a5115c,NA
7,105642874,105642874,1,snv_mnv,NA,NA,"broad,dkfz,muse,sanger",4,COSN16632877,rs556433826,MER39,FALSE,0.3281,NA,21,43,NA,NA,NA,Intron,FALSE,FALSE,FALSE,FALSE,2,2,0,2_0,754d26af-f184-497c-856a-cd1ea7a5115c,NA
7,106906333,106906333,1,snv_mnv,NA,NA,"broad,dkfz,muse,sanger",4,COSN16632986,NA,AluJo,FALSE,0.1667,NA,7,35,NA,NA,NA,Intron,FALSE,FALSE,FALSE,FALSE,2,2,0,2_0,754d26af-f184-497c-856a-cd1ea7a5115c,NA
7,107999587,107999587,1,snv_mnv,NA,NA,"broad,muse",2,COSN16630963,NA,NA,FALSE,0.0727,NA,4,51,NA,NA,NA,Intron,FALSE,FALSE,FALSE,FALSE,2,2,0,2_0,754d26af-f184-497c-856a-cd1ea7a5115c,NA
7,108279905,108279905,1,snv_mnv,NA,NA,"broad,dkfz,muse,sanger",4,COSN16632674,NA,L1MC1,FALSE,0.2,NA,10,40,NA,NA,NA,IGR,FALSE,FALSE,FALSE,FALSE,2,2,0,2_0,754d26af-f184-497c-856a-cd1ea7a5115c,NA
7,110038649,110038649,1,snv_mnv,NA,NA,"broad,dkfz,muse,sanger",4,COSN16632952,NA,NA,FALSE,0.2237,NA,17,59,NA,NA,NA,IGR,FALSE,FALSE,FALSE,FALSE,6,3,3,3_3,754d26af-f184-497c-856a-cd1ea7a5115c,NA
7,110596449,110596449,1,snv_mnv,NA,NA,"broad,dkfz,muse,sanger",4,COSN16631169,NA,NA,FALSE,0.0682,NA,6,82,NA,NA,NA,Intron,FALSE,FALSE,FALSE,FALSE,6,3,3,3_3,754d26af-f184-497c-856a-cd1ea7a5115c,NA
7,110834930,110834930,1,snv_mnv,NA,NA,"broad,dkfz,muse,sanger",4,COSN16629055,NA,NA,FALSE,0.1013,NA,8,71,NA,NA,NA,Intron,FALSE,FALSE,FALSE,FALSE,6,3,3,3_3,754d26af-f184-497c-856a-cd1ea7a5115c,NA
7,110835163,110835163,1,snv_mnv,NA,NA,"broad,dkfz,muse,sanger",4,COSN16631733,NA,NA,FALSE,0.0704,NA,5,66,NA,NA,NA,Intron,FALSE,FALSE,FALSE,FALSE,6,3,3,3_3,754d26af-f184-497c-856a-cd1ea7a5115c,NA
7,111054589,111054589,1,snv_mnv,NA,NA,"broad,muse,sanger",3,COSN16631905,NA,L1MC2,FALSE,0.0588,NA,5,80,NA,NA,NA,Intron,FALSE,FALSE,FALSE,FALSE,6,3,3,3_3,754d26af-f184-497c-856a-cd1ea7a5115c,AC003989.1
7,111589419,111589419,1,snv_mnv,NA,NA,"broad,dkfz,muse,sanger",4,COSN16632405,NA,NA,FALSE,0.0857,NA,6,64,NA,NA,NA,Intron,FALSE,FALSE,FALSE,FALSE,6,3,3,3_3,754d26af-f184-497c-856a-cd1ea7a5115c,RNA5SP237
7,111818128,111818128,1,snv_mnv,NA,NA,"broad,dkfz,muse,sanger",4,COSN16629969,NA,NA,FALSE,0.2273,NA,15,51,NA,NA,NA,Intron,FALSE,FALSE,FALSE,FALSE,6,3,3,3_3,754d26af-f184-497c-856a-cd1ea7a5115c,NA
7,112276802,112276802,1,snv_mnv,3.9936e-4,rs574777942,"broad,dkfz,muse,sanger",4,COSN16631221,rs574777942,AluSz,FALSE,0.1803,NA,11,50,NA,NA,NA,lincRNA,FALSE,FALSE,FALSE,FALSE,6,3,3,3_3,754d26af-f184-497c-856a-cd1ea7a5115c,NA
7,112328351,112328351,1,snv_mnv,NA,NA,"broad,dkfz,muse,sanger",4,COSN16630702,NA,L1PA7,FALSE,0.2424,NA,16,50,NA,NA,NA,lincRNA,FALSE,FALSE,FALSE,FALSE,6,3,3,3_3,754d26af-f184-497c-856a-cd1ea7a5115c,NA
7,116666787,116666787,1,snv_mnv,NA,NA,"broad,dkfz,muse,sanger",4,COSN16629233,NA,NA,FALSE,0.1875,NA,21,91,NA,NA,NA,Intron,FALSE,FALSE,FALSE,FALSE,6,3,3,3_3,754d26af-f184-497c-856a-cd1ea7a5115c,NA
7,117500457,117500457,1,snv_mnv,NA,NA,"broad,dkfz,muse,sanger",4,COSN16630594,NA,AluY,FALSE,0.2745,NA,14,37,NA,NA,NA,Intron,FALSE,FALSE,FALSE,FALSE,6,3,3,3_3,754d26af-f184-497c-856a-cd1ea7a5115c,NA
7,117867407,117867407,1,snv_mnv,NA,NA,"broad,dkfz,muse,sanger",4,COSN16632825,NA,L1M3d,FALSE,0.2211,NA,21,74,NA,NA,NA,Intron,FALSE,FALSE,FALSE,FALSE,6,3,3,3_3,754d26af-f184-497c-856a-cd1ea7a5115c,NA
7,117878940,117878940,1,snv_mnv,1.9968e-4,rs186781278,"broad,dkfz,muse,sanger",4,COSN16631499,rs186781278,MLT1C,FALSE,0.2239,NA,15,52,NA,NA,NA,Intron,FALSE,FALSE,FALSE,FALSE,6,3,3,3_3,754d26af-f184-497c-856a-cd1ea7a5115c,ANKRD7
7,118164120,118164120,1,snv_mnv,NA,NA,"broad,dkfz,muse,sanger",4,COSN16630080,NA,NA,FALSE,0.2333,NA,14,46,NA,NA,NA,IGR,FALSE,FALSE,FALSE,FALSE,6,3,3,3_3,754d26af-f184-497c-856a-cd1ea7a5115c,NA
7,118243014,118243014,1,snv_mnv,NA,NA,"broad,sanger",2,COSN16633346,NA,L1MB5,FALSE,0.0505,NA,5,94,NA,NA,NA,IGR,FALSE,FALSE,FALSE,FALSE,6,3,3,3_3,754d26af-f184-497c-856a-cd1ea7a5115c,NA
7,118391169,118391169,1,snv_mnv,NA,NA,"broad,dkfz,muse,sanger",4,COSN16630999,NA,NA,FALSE,0.2524,NA,26,77,NA,NA,NA,IGR,FALSE,FALSE,TRUE,FALSE,6,3,3,3_3,754d26af-f184-497c-856a-cd1ea7a5115c,NA
7,118491903,118491903,1,snv_mnv,NA,NA,"broad,dkfz,muse,sanger",4,COSN16629657,NA,MER58C,FALSE,0.1266,NA,10,69,NA,NA,NA,IGR,FALSE,FALSE,FALSE,FALSE,2,2,0,2_0,754d26af-f184-497c-856a-cd1ea7a5115c,NA
7,118864602,118864602,1,snv_mnv,NA,NA,"broad,dkfz,muse,sanger",4,COSN16632468,NA,NA,FALSE,0.1154,NA,9,69,NA,NA,NA,IGR,FALSE,FALSE,FALSE,FALSE,2,2,0,2_0,754d26af-f184-497c-856a-cd1ea7a5115c,NA
7,119336831,119336831,1,snv_mnv,NA,NA,"broad,dkfz,muse,sanger",4,COSN16631527,NA,L1M4,FALSE,0.1698,NA,9,44,NA,NA,NA,IGR,FALSE,FALSE,FALSE,FALSE,2,2,0,2_0,754d26af-f184-497c-856a-cd1ea7a5115c,NA
7,119801689,119801689,1,snv_mnv,NA,NA,"broad,dkfz,muse,sanger",4,COSN16633021,NA,MER21B,FALSE,0.3051,NA,18,41,NA,NA,NA,IGR,FALSE,FALSE,FALSE,FALSE,2,2,0,2_0,754d26af-f184-497c-856a-cd1ea7a5115c,NA
7,119873362,119873362,1,snv_mnv,NA,NA,"broad,dkfz,muse,sanger",4,COSN16629500,NA,ERV3-16A3_I-int,FALSE,0.1228,NA,7,50,NA,NA,NA,IGR,FALSE,FALSE,FALSE,FALSE,2,2,0,2_0,754d26af-f184-497c-856a-cd1ea7a5115c,NA
7,120349122,120349122,1,snv_mnv,NA,NA,"broad,dkfz,muse,sanger",4,COSN16631264,NA,NA,FALSE,0.0806,NA,5,57,NA,NA,NA,Intron,FALSE,FALSE,FALSE,FALSE,2,2,0,2_0,754d26af-f184-497c-856a-cd1ea7a5115c,NA
7,123799001,123799001,1,snv_mnv,NA,NA,"broad,dkfz,muse,sanger",4,COSN16631354,NA,Tigger3b,FALSE,0.1406,NA,9,55,NA,NA,NA,RNA,FALSE,FALSE,FALSE,FALSE,2,2,0,2_0,754d26af-f184-497c-856a-cd1ea7a5115c,NA
7,124274176,124274176,1,snv_mnv,NA,NA,"broad,muse,sanger",3,COSN16631079,rs768894296,THE1B-int,FALSE,0.1087,NA,5,41,NA,NA,NA,IGR,FALSE,FALSE,FALSE,FALSE,2,2,0,2_0,754d26af-f184-497c-856a-cd1ea7a5115c,NA
7,125036861,125036861,1,snv_mnv,NA,NA,"broad,dkfz,muse,sanger",4,COSN16631391,NA,NA,FALSE,0.1475,NA,9,52,NA,NA,NA,IGR,FALSE,FALSE,FALSE,FALSE,2,2,0,2_0,754d26af-f184-497c-856a-cd1ea7a5115c,NA
7,125331687,125331687,1,snv_mnv,NA,NA,"broad,dkfz,muse,sanger",4,COSN16629450,NA,L1MEc,FALSE,0.1273,NA,7,48,NA,NA,NA,IGR,FALSE,FALSE,FALSE,FALSE,2,2,0,2_0,754d26af-f184-497c-856a-cd1ea7a5115c,NA
7,125365056,125365056,1,snv_mnv,NA,NA,"broad,dkfz,muse,sanger",4,COSN16629605,NA,MIRb,FALSE,0.1579,NA,9,48,NA,NA,NA,IGR,FALSE,FALSE,FALSE,FALSE,2,2,0,2_0,754d26af-f184-497c-856a-cd1ea7a5115c,NA
7,125866863,125866863,1,snv_mnv,NA,NA,"broad,dkfz,muse,sanger",4,COSN16629770,NA,L1MC4,FALSE,0.0625,NA,4,60,NA,NA,NA,IGR,FALSE,FALSE,FALSE,FALSE,2,2,0,2_0,754d26af-f184-497c-856a-cd1ea7a5115c,NA
7,125900691,125900691,1,snv_mnv,NA,NA,"broad,dkfz,muse,sanger",4,COSN16632879,NA,NA,FALSE,0.1333,NA,8,52,NA,NA,NA,IGR,FALSE,FALSE,FALSE,FALSE,2,2,0,2_0,754d26af-f184-497c-856a-cd1ea7a5115c,NA
7,126405507,126405507,1,snv_mnv,NA,NA,"broad,muse",2,COSN16633079,NA,NA,FALSE,0.0725,NA,5,64,NA,NA,NA,Intron,FALSE,FALSE,FALSE,FALSE,2,2,0,2_0,754d26af-f184-497c-856a-cd1ea7a5115c,GRM8
7,126959805,126959805,1,snv_mnv,NA,NA,"broad,dkfz,muse,sanger",4,COSN16630240,NA,NA,FALSE,0.0962,NA,5,47,NA,NA,NA,IGR,FALSE,FALSE,FALSE,FALSE,2,2,0,2_0,754d26af-f184-497c-856a-cd1ea7a5115c,NA
7,127438201,127438201,1,snv_mnv,1.9968e-4,rs576138815,"broad,dkfz,muse,sanger",4,COSN16633080,rs576138815,NA,FALSE,0.2456,NA,14,43,NA,NA,NA,Intron,FALSE,FALSE,FALSE,FALSE,2,2,0,2_0,754d26af-f184-497c-856a-cd1ea7a5115c,NA
7,128894183,128894183,1,snv_mnv,NA,NA,"broad,dkfz,muse,sanger",4,COSN16632328,NA,NA,FALSE,0.2642,NA,14,39,NA,NA,NA,Intron,FALSE,FALSE,FALSE,FALSE,2,2,0,2_0,754d26af-f184-497c-856a-cd1ea7a5115c,NA
7,131733284,131733284,1,snv_mnv,NA,NA,"broad,dkfz,muse,sanger",4,COSN16632102,NA,NA,FALSE,0.1489,NA,7,40,NA,NA,NA,IGR,FALSE,FALSE,FALSE,FALSE,2,2,0,2_0,754d26af-f184-497c-856a-cd1ea7a5115c,NA
7,135945010,135945010,1,snv_mnv,NA,NA,"broad,dkfz,muse,sanger",4,COSN18999540,rs375327650,Arthur1,FALSE,0.3412,NA,29,56,NA,NA,NA,lincRNA,FALSE,FALSE,FALSE,FALSE,6,3,3,3_3,754d26af-f184-497c-856a-cd1ea7a5115c,AC009784.1
7,136154245,136154245,1,snv_mnv,NA,NA,"broad,dkfz,muse",3,COSN16630443,NA,L1PA11,FALSE,0.2031,NA,13,51,NA,NA,NA,IGR,FALSE,FALSE,FALSE,FALSE,6,3,3,3_3,754d26af-f184-497c-856a-cd1ea7a5115c,NA
7,136313038,136313038,1,snv_mnv,NA,NA,"broad,dkfz,muse,sanger",4,COSN16630819,NA,L1MA6,FALSE,0.1148,NA,7,54,NA,NA,NA,IGR,FALSE,FALSE,FALSE,FALSE,6,3,3,3_3,754d26af-f184-497c-856a-cd1ea7a5115c,NA
7,136777009,136777009,1,snv_mnv,NA,NA,"broad,dkfz,muse,sanger",4,COSN16632073,NA,L1ME1,FALSE,0.1039,NA,8,69,NA,NA,NA,RNA,FALSE,FALSE,FALSE,FALSE,6,3,3,3_3,754d26af-f184-497c-856a-cd1ea7a5115c,NA
7,137021060,137021060,1,snv_mnv,NA,NA,"broad,muse,sanger",3,COSN16632736,NA,MIRc,FALSE,0.0781,NA,5,59,NA,NA,NA,Intron,FALSE,FALSE,FALSE,FALSE,6,3,3,3_3,754d26af-f184-497c-856a-cd1ea7a5115c,NA
7,137376641,137376641,1,snv_mnv,NA,NA,"broad,dkfz,muse,sanger",4,COSN16631880,NA,NA,FALSE,0.2656,NA,17,47,NA,NA,NA,Intron,FALSE,FALSE,FALSE,FALSE,6,3,3,3_3,754d26af-f184-497c-856a-cd1ea7a5115c,DGKI
7,137627034,137627034,1,snv_mnv,NA,NA,"broad,muse",2,COSN16632436,NA,NA,FALSE,0.0597,NA,4,63,NA,NA,NA,Intron,FALSE,FALSE,FALSE,FALSE,6,3,3,3_3,754d26af-f184-497c-856a-cd1ea7a5115c,NA
7,137762660,137762660,1,snv_mnv,NA,NA,"broad,dkfz,muse,sanger",4,COSN16631734,NA,NA,FALSE,0.1385,NA,9,56,NA,NA,NA,Intron,FALSE,FALSE,TRUE,FALSE,6,3,3,3_3,754d26af-f184-497c-856a-cd1ea7a5115c,NA
7,137948435,137948435,1,snv_mnv,NA,NA,"broad,dkfz,muse,sanger",4,COSN16629451,NA,L1M5,FALSE,0.1071,NA,6,50,NA,NA,NA,IGR,FALSE,FALSE,FALSE,FALSE,6,3,3,3_3,754d26af-f184-497c-856a-cd1ea7a5115c,NA
7,139032824,139032824,1,snv_mnv,NA,NA,"broad,muse,sanger",3,COSN16630306,NA,NA,FALSE,0.0678,NA,4,55,NA,NA,NA,IGR,FALSE,FALSE,FALSE,FALSE,2,2,0,2_0,754d26af-f184-497c-856a-cd1ea7a5115c,FMC1
7,139088197,139088197,1,snv_mnv,NA,NA,"broad,dkfz,muse,sanger",4,COSN16631222,NA,NA,FALSE,0.1549,NA,11,60,NA,NA,NA,Intron,FALSE,FALSE,FALSE,FALSE,2,2,0,2_0,754d26af-f184-497c-856a-cd1ea7a5115c,LUC7L2
7,141058941,141058941,1,snv_mnv,NA,NA,"broad,muse,sanger",3,COSN16631080,NA,NA,FALSE,0.0741,NA,4,50,NA,NA,NA,Intron,FALSE,FALSE,FALSE,FALSE,2,2,0,2_0,754d26af-f184-497c-856a-cd1ea7a5115c,NA
7,141656246,141656246,1,snv_mnv,NA,NA,"broad,dkfz,muse,sanger",4,COSN16631081,NA,Charlie8,FALSE,0.1864,NA,11,48,NA,NA,NA,IGR,FALSE,FALSE,FALSE,FALSE,2,2,0,2_0,754d26af-f184-497c-856a-cd1ea7a5115c,NA
7,142773014,142773014,1,snv_mnv,NA,NA,"broad,dkfz,muse,sanger",4,COSN16632846,rs559919123,NA,FALSE,0.2361,NA,17,55,NA,NA,NA,IGR,FALSE,FALSE,FALSE,FALSE,6,3,3,3_3,754d26af-f184-497c-856a-cd1ea7a5115c,NA
7,143141711,143141711,1,snv_mnv,NA,NA,"broad,muse,sanger",3,COSN16630444,NA,NA,FALSE,0.0597,NA,4,63,NA,NA,NA,IGR,FALSE,FALSE,TRUE,FALSE,6,3,3,3_3,754d26af-f184-497c-856a-cd1ea7a5115c,TAS2R60
7,143775781,143775781,1,snv_mnv,NA,NA,"broad,muse,sanger",3,COSN16628913,NA,L1ME3A,FALSE,0.0606,NA,4,62,NA,NA,NA,IGR,FALSE,FALSE,TRUE,FALSE,6,3,3,3_3,754d26af-f184-497c-856a-cd1ea7a5115c,"OR2A25,OR2A41P"
7,144205110,144205110,1,snv_mnv,NA,NA,"broad,dkfz,muse,sanger",4,COSN16631649,NA,NA,FALSE,0.2154,NA,14,51,NA,NA,NA,Intron,FALSE,FALSE,FALSE,FALSE,6,3,3,3_3,754d26af-f184-497c-856a-cd1ea7a5115c,NA
7,144972636,144972636,1,snv_mnv,NA,NA,"broad,dkfz,muse,sanger",4,COSN16630703,NA,THE1B,FALSE,0.1538,NA,8,44,NA,NA,NA,IGR,FALSE,FALSE,FALSE,FALSE,2,2,0,2_0,754d26af-f184-497c-856a-cd1ea7a5115c,NA
7,145378132,145378132,1,snv_mnv,NA,NA,"broad,dkfz,muse,sanger",4,COSN16632469,NA,L1ME3A,FALSE,0.2029,NA,14,55,NA,NA,NA,lincRNA,FALSE,FALSE,FALSE,FALSE,2,2,0,2_0,754d26af-f184-497c-856a-cd1ea7a5115c,NA
7,145412091,145412091,1,snv_mnv,NA,NA,"broad,muse",2,COSN16631170,NA,NA,FALSE,0.0889,NA,4,41,NA,NA,NA,IGR,FALSE,FALSE,FALSE,FALSE,2,2,0,2_0,754d26af-f184-497c-856a-cd1ea7a5115c,NA
7,146549260,146549260,1,snv_mnv,NA,NA,"broad,dkfz,muse,sanger",4,COSN16630081,NA,MLT1C,FALSE,0.12,NA,6,44,NA,NA,NA,Intron,FALSE,FALSE,FALSE,FALSE,2,2,0,2_0,754d26af-f184-497c-856a-cd1ea7a5115c,NA
7,146634029,146634029,1,snv_mnv,NA,NA,"broad,muse,sanger",3,COSN16628914,NA,MER57A1,FALSE,0.1087,NA,5,41,NA,NA,NA,Intron,FALSE,FALSE,FALSE,FALSE,2,2,0,2_0,754d26af-f184-497c-856a-cd1ea7a5115c,NA
7,146683939,146683939,1,snv_mnv,NA,NA,"broad,dkfz,muse,sanger",4,COSN16631564,NA,L1PB1,FALSE,0.25,NA,14,42,NA,NA,NA,Intron,FALSE,FALSE,FALSE,FALSE,2,2,0,2_0,754d26af-f184-497c-856a-cd1ea7a5115c,NA
7,146738910,146738910,1,snv_mnv,NA,NA,"broad,dkfz,muse,sanger",4,COSN16631132,NA,NA,FALSE,0.2453,NA,13,40,NA,NA,NA,Intron,FALSE,FALSE,FALSE,FALSE,2,2,0,2_0,754d26af-f184-497c-856a-cd1ea7a5115c,CNTNAP2
7,147089610,147089610,1,snv_mnv,NA,NA,"broad,dkfz,muse,sanger",4,COSN16629501,NA,L1PB1,FALSE,0.0563,NA,4,67,NA,NA,NA,Intron,FALSE,FALSE,FALSE,FALSE,2,2,0,2_0,754d26af-f184-497c-856a-cd1ea7a5115c,NA
7,148214231,148214231,1,snv_mnv,NA,NA,"broad,dkfz,muse,sanger",4,COSN16630933,NA,NA,FALSE,0.3117,NA,24,53,NA,NA,NA,IGR,FALSE,FALSE,FALSE,FALSE,2,2,0,2_0,754d26af-f184-497c-856a-cd1ea7a5115c,NA
7,148252472,148252472,1,snv_mnv,NA,NA,"broad,muse",2,COSN16628993,NA,L1PA6,FALSE,0.0746,NA,5,62,NA,NA,NA,IGR,FALSE,FALSE,FALSE,FALSE,2,2,0,2_0,754d26af-f184-497c-856a-cd1ea7a5115c,NA
7,149048775,149048775,1,snv_mnv,NA,NA,"broad,muse,sanger",3,COSN16632953,rs189196120,AluSz,FALSE,0.075,NA,3,37,NA,NA,NA,IGR,FALSE,FALSE,FALSE,FALSE,2,2,0,2_0,754d26af-f184-497c-856a-cd1ea7a5115c,NA
7,152618410,152618410,1,snv_mnv,NA,NA,"broad,dkfz,muse,sanger",4,COSN16630885,NA,NA,FALSE,0.1321,NA,7,46,NA,NA,NA,IGR,FALSE,FALSE,FALSE,FALSE,2,2,0,2_0,754d26af-f184-497c-856a-cd1ea7a5115c,NA
7,152998594,152998594,1,snv_mnv,NA,NA,"broad,dkfz,muse,sanger",4,COSN16632150,NA,NA,FALSE,0.1481,NA,8,46,NA,NA,NA,IGR,FALSE,FALSE,FALSE,FALSE,2,2,0,2_0,754d26af-f184-497c-856a-cd1ea7a5115c,NA
7,153831551,153831551,1,snv_mnv,1.9968e-4,rs543694470,"broad,dkfz,muse,sanger",4,COSN16630727,rs543694470,NA,FALSE,0.2549,NA,13,38,NA,NA,NA,Intron,FALSE,FALSE,FALSE,FALSE,2,2,0,2_0,754d26af-f184-497c-856a-cd1ea7a5115c,NA
7,155194661,155194661,1,snv_mnv,NA,NA,"broad,muse",2,COSN16629970,rs760016600,NA,FALSE,0.1053,NA,4,34,NA,NA,NA,RNA,FALSE,FALSE,FALSE,FALSE,2,2,0,2_0,754d26af-f184-497c-856a-cd1ea7a5115c,NA
7,156099536,156099536,1,snv_mnv,NA,NA,"broad,dkfz,muse,sanger",4,COSN16629029,NA,NA,FALSE,0.12,NA,6,44,NA,NA,NA,IGR,FALSE,FALSE,FALSE,FALSE,2,2,0,2_0,754d26af-f184-497c-856a-cd1ea7a5115c,NA
7,156202644,156202644,1,snv_mnv,NA,NA,"broad,dkfz,muse,sanger",4,COSN16629803,NA,MER33,FALSE,0.1591,NA,7,37,NA,NA,NA,IGR,FALSE,FALSE,FALSE,FALSE,2,2,0,2_0,754d26af-f184-497c-856a-cd1ea7a5115c,NA
8,299182,299182,1,snv_mnv,NA,NA,"broad,muse,sanger",3,COSN16630886,NA,NA,FALSE,0.0758,NA,5,61,NA,NA,NA,IGR,FALSE,FALSE,FALSE,FALSE,2,2,0,2_0,754d26af-f184-497c-856a-cd1ea7a5115c,NA
8,552661,552661,1,snv_mnv,NA,NA,"broad,dkfz,muse,sanger",4,COSN16629087,NA,NA,FALSE,0.2927,NA,12,29,NA,NA,NA,IGR,FALSE,FALSE,FALSE,FALSE,2,2,0,2_0,754d26af-f184-497c-856a-cd1ea7a5115c,NA
8,3159443,3159443,1,snv_mnv,NA,NA,"broad,dkfz,muse,sanger",4,COSN16630445,NA,NA,FALSE,0.3148,NA,17,37,NA,NA,NA,Intron,FALSE,FALSE,FALSE,FALSE,2,2,0,2_0,754d26af-f184-497c-856a-cd1ea7a5115c,NA
8,3423394,3423394,1,snv_mnv,NA,NA,"broad,dkfz,muse,sanger",4,COSN16630619,NA,L2,FALSE,0.0938,NA,6,58,NA,NA,NA,Intron,FALSE,FALSE,TRUE,FALSE,2,2,0,2_0,754d26af-f184-497c-856a-cd1ea7a5115c,NA
8,3651992,3651992,1,snv_mnv,NA,NA,"broad,dkfz,muse,sanger",4,COSN16631265,NA,NA,FALSE,0.2051,NA,8,31,NA,NA,NA,Intron,FALSE,FALSE,FALSE,FALSE,2,2,0,2_0,754d26af-f184-497c-856a-cd1ea7a5115c,NA
8,4353054,4353054,1,snv_mnv,NA,NA,"broad,muse,sanger",3,COSN16628882,NA,AluSx3,FALSE,0.125,NA,5,35,NA,NA,NA,Intron,FALSE,FALSE,FALSE,FALSE,2,2,0,2_0,754d26af-f184-497c-856a-cd1ea7a5115c,NA
8,4480533,4480533,1,snv_mnv,NA,NA,"broad,dkfz,muse,sanger",4,COSN16630666,NA,L1ME1,FALSE,0.125,NA,6,42,NA,NA,NA,Intron,FALSE,FALSE,FALSE,FALSE,2,2,0,2_0,754d26af-f184-497c-856a-cd1ea7a5115c,NA
8,4873860,4873860,1,snv_mnv,NA,NA,"broad,muse,sanger",3,COSN16631500,NA,MER45A,FALSE,0.1429,NA,5,30,NA,NA,NA,IGR,FALSE,FALSE,FALSE,FALSE,2,2,0,2_0,754d26af-f184-497c-856a-cd1ea7a5115c,NA
8,5324191,5324191,1,snv_mnv,NA,NA,"broad,dkfz,muse,sanger",4,COSN16631415,NA,NA,FALSE,0.2154,NA,14,51,NA,NA,NA,IGR,FALSE,FALSE,FALSE,FALSE,2,2,0,2_0,754d26af-f184-497c-856a-cd1ea7a5115c,NA
8,5609286,5609286,1,snv_mnv,NA,NA,"broad,dkfz,muse,sanger",4,COSN16630481,NA,THE1A,FALSE,0.1707,NA,7,34,NA,NA,NA,IGR,FALSE,FALSE,FALSE,FALSE,2,2,0,2_0,754d26af-f184-497c-856a-cd1ea7a5115c,NA
8,5709668,5709668,1,snv_mnv,NA,NA,"broad,dkfz,muse,sanger",4,COSN16629531,NA,NA,FALSE,0.1923,NA,10,42,NA,NA,NA,IGR,FALSE,FALSE,FALSE,FALSE,2,2,0,2_0,754d26af-f184-497c-856a-cd1ea7a5115c,AC087369.1
8,8708676,8708676,1,snv_mnv,NA,NA,"broad,dkfz,muse,sanger",4,COSN16633023,NA,NA,FALSE,0.1406,NA,9,55,NA,NA,NA,Intron,FALSE,FALSE,FALSE,FALSE,2,2,0,2_0,754d26af-f184-497c-856a-cd1ea7a5115c,NA
8,9213146,9213146,1,snv_mnv,NA,NA,"broad,dkfz,muse,sanger",4,COSN16629146,NA,L1MEe,FALSE,0.1724,NA,10,48,NA,NA,NA,lincRNA,FALSE,FALSE,FALSE,FALSE,2,2,0,2_0,754d26af-f184-497c-856a-cd1ea7a5115c,NA
8,10009824,10009824,1,snv_mnv,NA,NA,"dkfz,muse,sanger",3,COSN16628915,NA,NA,FALSE,0.16,NA,8,42,NA,NA,NA,Intron,FALSE,FALSE,FALSE,FALSE,2,2,0,2_0,754d26af-f184-497c-856a-cd1ea7a5115c,NA
8,11242274,11242274,1,snv_mnv,NA,NA,"broad,dkfz,muse,sanger",4,COSN16630667,NA,L1ME3,FALSE,0.141,NA,11,67,NA,NA,NA,Intron,FALSE,FALSE,FALSE,FALSE,2,2,0,2_0,754d26af-f184-497c-856a-cd1ea7a5115c,NA
8,12513524,12513524,1,snv_mnv,NA,NA,"broad,muse,sanger",3,COSN16631650,NA,NA,FALSE,0.1622,NA,6,31,NA,NA,NA,IGR,FALSE,FALSE,FALSE,FALSE,2,2,0,2_0,754d26af-f184-497c-856a-cd1ea7a5115c,AC068587.7
8,12553724,12553724,1,snv_mnv,NA,NA,"broad,dkfz,muse,sanger",4,COSN16633347,NA,SATR2,FALSE,0.2424,NA,16,50,NA,NA,NA,IGR,FALSE,FALSE,FALSE,FALSE,2,2,0,2_0,754d26af-f184-497c-856a-cd1ea7a5115c,OR7E15P
8,13393752,13393752,1,snv_mnv,0.005591,rs28498216,"broad,dkfz,sanger",3,COSN16631028,rs28498216,NA,FALSE,0.0645,NA,4,58,NA,NA,NA,RNA,FALSE,FALSE,FALSE,FALSE,2,2,0,2_0,754d26af-f184-497c-856a-cd1ea7a5115c,RNA5SP255
8,13558836,13558836,1,snv_mnv,NA,NA,"broad,muse,sanger",3,COSN16632791,NA,L1MB7,FALSE,0.1167,NA,7,53,NA,NA,NA,IGR,FALSE,FALSE,FALSE,FALSE,2,2,0,2_0,754d26af-f184-497c-856a-cd1ea7a5115c,NA
8,13836791,13836791,1,snv_mnv,NA,NA,"broad,muse,sanger",3,COSN16629333,NA,L1MD2,FALSE,0.0625,NA,4,60,NA,NA,NA,IGR,FALSE,FALSE,FALSE,FALSE,2,2,0,2_0,754d26af-f184-497c-856a-cd1ea7a5115c,NA
8,13837972,13837972,1,snv_mnv,NA,NA,"broad,dkfz,muse,sanger",4,COSN16631440,NA,NA,FALSE,0.2143,NA,15,55,NA,NA,NA,IGR,FALSE,FALSE,TRUE,FALSE,2,2,0,2_0,754d26af-f184-497c-856a-cd1ea7a5115c,NA
8,14719267,14719267,1,snv_mnv,0.0015974,rs370459705,"broad,dkfz,muse,sanger",4,COSN16631815,rs370459705,NA,FALSE,0.1404,NA,8,49,NA,NA,NA,Intron,FALSE,FALSE,FALSE,FALSE,2,2,0,2_0,754d26af-f184-497c-856a-cd1ea7a5115c,NA
8,14839475,14839475,1,snv_mnv,NA,NA,"broad,muse",2,COSN16630210,NA,AluSz,FALSE,0.0784,NA,4,47,NA,NA,NA,Intron,FALSE,FALSE,FALSE,FALSE,2,2,0,2_0,754d26af-f184-497c-856a-cd1ea7a5115c,NA
8,14851129,14851129,1,snv_mnv,NA,NA,"broad,muse",2,COSN16630964,NA,L2a,FALSE,0.0833,NA,4,44,NA,NA,NA,Intron,FALSE,FALSE,FALSE,FALSE,2,2,0,2_0,754d26af-f184-497c-856a-cd1ea7a5115c,NA
8,15250043,15250043,1,snv_mnv,NA,NA,"broad,dkfz,muse,sanger",4,COSN16631706,NA,NA,FALSE,0.1356,NA,8,51,NA,NA,NA,IGR,FALSE,FALSE,FALSE,FALSE,2,2,0,2_0,754d26af-f184-497c-856a-cd1ea7a5115c,NA
8,16685317,16685317,1,snv_mnv,5.9904e-4,rs543917665,"broad,muse,sanger",3,COSN16631565,rs543917665,MLT2A1,FALSE,0.0625,NA,4,60,NA,NA,NA,lincRNA,FALSE,FALSE,FALSE,FALSE,2,2,0,2_0,754d26af-f184-497c-856a-cd1ea7a5115c,NA
8,16728114,16728114,1,snv_mnv,NA,NA,"broad,dkfz,muse,sanger",4,COSN16630428,NA,NA,FALSE,0.2923,NA,19,46,NA,NA,NA,lincRNA,FALSE,FALSE,FALSE,FALSE,2,2,0,2_0,754d26af-f184-497c-856a-cd1ea7a5115c,NA
8,18494339,18494339,1,snv_mnv,NA,NA,"broad,dkfz,muse,sanger",4,COSN16631106,rs759598318,Tigger3b,FALSE,0.0938,NA,6,58,NA,NA,NA,Intron,FALSE,FALSE,FALSE,FALSE,2,2,0,2_0,754d26af-f184-497c-856a-cd1ea7a5115c,NA
8,19503476,19503476,1,snv_mnv,NA,NA,"broad,dkfz,muse,sanger",4,COSN16633315,NA,NA,FALSE,0.2105,NA,12,45,NA,NA,NA,Intron,FALSE,FALSE,FALSE,FALSE,2,2,0,2_0,754d26af-f184-497c-856a-cd1ea7a5115c,CSGALNACT1
8,19635950,19635950,1,snv_mnv,NA,NA,"broad,dkfz,muse,sanger",4,COSN16631029,NA,MER75,FALSE,0.2143,NA,12,44,NA,NA,NA,IGR,FALSE,FALSE,FALSE,FALSE,2,2,0,2_0,754d26af-f184-497c-856a-cd1ea7a5115c,NA
8,20141043,20141043,1,snv_mnv,NA,NA,"broad,dkfz,muse,sanger",4,COSN16630559,NA,NA,FALSE,0.1562,NA,5,27,NA,NA,NA,Intron,FALSE,FALSE,FALSE,FALSE,2,2,0,2_0,754d26af-f184-497c-856a-cd1ea7a5115c,NA
8,21709730,21709730,1,snv_mnv,NA,NA,"broad,dkfz,muse,sanger",4,COSN16629659,NA,NA,FALSE,0.2381,NA,10,32,NA,NA,NA,IGR,FALSE,FALSE,FALSE,FALSE,2,2,0,2_0,754d26af-f184-497c-856a-cd1ea7a5115c,NA
8,22105681,22105681,1,snv_mnv,NA,NA,"broad,dkfz,muse,sanger",4,COSM4962715,NA,NA,FALSE,0.1786,NA,10,46,NA,NA,NA,Missense_Mutation,FALSE,FALSE,FALSE,FALSE,2,2,0,2_0,754d26af-f184-497c-856a-cd1ea7a5115c,MIR320A
8,22794511,22794511,1,snv_mnv,1.9968e-4,rs564217161,"broad,dkfz,muse,sanger",4,COSN16629804,rs564217161,L1M4c,FALSE,0.0729,NA,7,89,NA,NA,NA,Intron,FALSE,FALSE,FALSE,FALSE,2,2,0,2_0,754d26af-f184-497c-856a-cd1ea7a5115c,NA
8,23223894,23223894,1,snv_mnv,NA,NA,"broad,dkfz,muse,sanger",4,COSN16629532,NA,NA,FALSE,0.25,NA,12,36,NA,NA,NA,Intron,FALSE,FALSE,FALSE,FALSE,2,2,0,2_0,754d26af-f184-497c-856a-cd1ea7a5115c,"AC090197.1,LOXL2"
8,23223895,23223895,1,snv_mnv,NA,NA,"broad,dkfz,muse,sanger",4,COSN16629827,NA,NA,FALSE,0.25,NA,12,36,NA,NA,NA,Intron,FALSE,FALSE,FALSE,FALSE,2,2,0,2_0,754d26af-f184-497c-856a-cd1ea7a5115c,"LOXL2,AC090197.1"
8,23312917,23312917,1,snv_mnv,NA,NA,"broad,dkfz,muse,sanger",4,COSN16630761,NA,NA,FALSE,0.122,NA,5,36,NA,NA,NA,Intron,FALSE,FALSE,FALSE,FALSE,2,2,0,2_0,754d26af-f184-497c-856a-cd1ea7a5115c,AC104561.1
8,24251977,24251977,1,snv_mnv,NA,NA,"broad,dkfz,muse,sanger",4,COSN16632613,NA,NA,FALSE,0.2281,NA,13,44,NA,NA,NA,Intron,FALSE,FALSE,FALSE,FALSE,2,2,0,2_0,754d26af-f184-497c-856a-cd1ea7a5115c,NA
8,24743746,24743746,1,snv_mnv,NA,NA,"broad,dkfz,muse,sanger",4,COSN16630934,NA,NA,FALSE,0.1475,NA,9,52,NA,NA,NA,RNA,FALSE,FALSE,FALSE,FALSE,2,2,0,2_0,754d26af-f184-497c-856a-cd1ea7a5115c,NA
8,24969639,24969639,1,snv_mnv,NA,NA,"broad,dkfz,muse,sanger",4,COSN16632954,NA,NA,FALSE,0.1277,NA,6,41,NA,NA,NA,IGR,FALSE,FALSE,FALSE,FALSE,2,2,0,2_0,754d26af-f184-497c-856a-cd1ea7a5115c,NA
8,25563509,25563509,1,snv_mnv,NA,NA,"broad,dkfz,muse,sanger",4,COSN16633046,rs760312700,MLT1G1,FALSE,0.1739,NA,8,38,NA,NA,NA,IGR,FALSE,FALSE,FALSE,FALSE,2,2,0,2_0,754d26af-f184-497c-856a-cd1ea7a5115c,NA
8,26587592,26587592,1,snv_mnv,NA,NA,"broad,dkfz,muse,sanger",4,COSN16631000,NA,MLT2B4,FALSE,0.1029,NA,7,61,NA,NA,NA,IGR,FALSE,FALSE,TRUE,FALSE,2,2,0,2_0,754d26af-f184-497c-856a-cd1ea7a5115c,NA
8,27667624,27667624,1,snv_mnv,NA,NA,"broad,dkfz,muse,sanger",4,COSN16632074,NA,NA,FALSE,0.1719,NA,11,53,NA,NA,NA,3'UTR,FALSE,FALSE,FALSE,FALSE,2,2,0,2_0,754d26af-f184-497c-856a-cd1ea7a5115c,"PBK,ESCO2"
8,28301618,28301618,1,snv_mnv,NA,NA,"broad,dkfz,muse,sanger",4,COSN16629313,NA,MER41A,FALSE,0.2326,NA,10,33,NA,NA,NA,Intron,FALSE,FALSE,FALSE,FALSE,2,2,0,2_0,754d26af-f184-497c-856a-cd1ea7a5115c,"AC025871.1,FBXO16"
8,28645649,28645649,1,snv_mnv,NA,NA,"broad,muse,sanger",3,COSN16630524,NA,L1MD3,FALSE,0.0976,NA,4,37,NA,NA,NA,Intron,FALSE,FALSE,FALSE,FALSE,2,2,0,2_0,754d26af-f184-497c-856a-cd1ea7a5115c,INTS9
8,31550433,31550433,1,snv_mnv,NA,NA,"broad,dkfz,muse,sanger",4,COSN16632583,NA,NA,FALSE,0.1296,NA,7,47,NA,NA,NA,Intron,FALSE,FALSE,FALSE,FALSE,2,2,0,2_0,754d26af-f184-497c-856a-cd1ea7a5115c,NA
8,31786078,31786078,1,snv_mnv,NA,NA,"broad,dkfz,muse,sanger",4,COSN16630909,NA,L1PB3,FALSE,0.1233,NA,9,64,NA,NA,NA,Intron,FALSE,FALSE,FALSE,FALSE,2,2,0,2_0,754d26af-f184-497c-856a-cd1ea7a5115c,NA
8,32750916,32750916,1,snv_mnv,0.0015974,rs115910096,"broad,muse,sanger",3,COSN16632557,rs115910096,MLT1I,FALSE,0.1224,NA,6,43,NA,NA,NA,IGR,FALSE,FALSE,FALSE,FALSE,2,2,0,2_0,754d26af-f184-497c-856a-cd1ea7a5115c,NA
8,34691021,34691021,1,snv_mnv,NA,NA,"broad,dkfz,muse,sanger",4,COSN16629858,NA,MSTA-int,FALSE,0.1395,NA,6,37,NA,NA,NA,lincRNA,FALSE,FALSE,FALSE,FALSE,2,2,0,2_0,754d26af-f184-497c-856a-cd1ea7a5115c,NA
8,35628060,35628060,1,snv_mnv,NA,NA,"broad,dkfz,muse,sanger",4,COSN16630910,NA,NA,FALSE,0.1833,NA,11,49,NA,NA,NA,Intron,FALSE,FALSE,FALSE,FALSE,2,2,0,2_0,754d26af-f184-497c-856a-cd1ea7a5115c,NA
8,36743715,36743715,1,snv_mnv,NA,NA,"broad,sanger",2,COSN16631959,NA,L1MCa,FALSE,0.0746,NA,5,62,NA,NA,NA,Intron,FALSE,FALSE,FALSE,FALSE,2,2,0,2_0,754d26af-f184-497c-856a-cd1ea7a5115c,TPT1P8
8,39544034,39544034,1,snv_mnv,NA,NA,"broad,dkfz,muse,sanger",4,COSN16633261,NA,MLT1A0,FALSE,0.2115,NA,11,41,NA,NA,NA,Intron,FALSE,FALSE,FALSE,FALSE,2,2,0,2_0,754d26af-f184-497c-856a-cd1ea7a5115c,NA
8,39594834,39594834,1,snv_mnv,NA,NA,"broad,muse,sanger",3,COSN16632615,NA,MSTB1,FALSE,0.0851,NA,4,43,NA,NA,NA,IGR,FALSE,FALSE,FALSE,FALSE,2,2,0,2_0,754d26af-f184-497c-856a-cd1ea7a5115c,NA
8,40259209,40259209,1,snv_mnv,NA,NA,"broad,dkfz,muse,sanger",4,COSN16629626,NA,LTR38C,FALSE,0.125,NA,8,56,NA,NA,NA,lincRNA,FALSE,FALSE,FALSE,FALSE,2,2,0,2_0,754d26af-f184-497c-856a-cd1ea7a5115c,NA
8,48517662,48517662,1,snv_mnv,NA,NA,"broad,dkfz,muse,sanger",4,COSN16629660,NA,L2c,FALSE,0.1159,NA,8,61,NA,NA,NA,Intron,FALSE,FALSE,FALSE,FALSE,4,2,2,2_2,754d26af-f184-497c-856a-cd1ea7a5115c,NA
8,48782048,48782048,1,snv_mnv,NA,NA,"broad,muse",2,COSN16631133,NA,L1MA3,FALSE,0.0612,NA,3,46,NA,NA,NA,Intron,FALSE,FALSE,FALSE,FALSE,4,2,2,2_2,754d26af-f184-497c-856a-cd1ea7a5115c,PRKDC
8,49485842,49485842,1,snv_mnv,NA,NA,"broad,dkfz,muse,sanger",4,COSN16629394,NA,MER110A,FALSE,0.1667,NA,10,50,NA,NA,NA,RNA,FALSE,FALSE,FALSE,FALSE,4,2,2,2_2,754d26af-f184-497c-856a-cd1ea7a5115c,NA
8,49561220,49561220,1,snv_mnv,NA,NA,"broad,dkfz,muse,sanger",4,COSN16631906,rs775482966,NA,FALSE,0.098,NA,5,46,NA,NA,NA,RNA,FALSE,FALSE,FALSE,FALSE,4,2,2,2_2,754d26af-f184-497c-856a-cd1ea7a5115c,NA
8,50050238,50050238,1,snv_mnv,NA,NA,"broad,dkfz,muse,sanger",4,COSN16628967,NA,L1ME2,FALSE,0.0986,NA,7,64,NA,NA,NA,IGR,FALSE,FALSE,FALSE,FALSE,4,2,2,2_2,754d26af-f184-497c-856a-cd1ea7a5115c,NA
8,50695648,50695648,1,snv_mnv,NA,NA,"broad,dkfz,muse,sanger",4,COSN16630911,NA,Ricksha_c,FALSE,0.1075,NA,10,83,NA,NA,NA,IGR,FALSE,FALSE,FALSE,FALSE,4,2,2,2_2,754d26af-f184-497c-856a-cd1ea7a5115c,NA
8,50813156,50813156,1,snv_mnv,NA,NA,"broad,dkfz,muse,sanger",4,COSN16631058,NA,GA-rich,FALSE,0.1273,NA,14,96,NA,NA,NA,IGR,FALSE,FALSE,FALSE,FALSE,4,2,2,2_2,754d26af-f184-497c-856a-cd1ea7a5115c,NA
8,51013642,51013642,1,snv_mnv,NA,NA,"broad,dkfz,muse,sanger",4,COSN16631678,NA,L1PA15,FALSE,0.0843,NA,7,76,NA,NA,NA,Intron,FALSE,FALSE,FALSE,FALSE,4,2,2,2_2,754d26af-f184-497c-856a-cd1ea7a5115c,NA
8,51282043,51282043,1,snv_mnv,NA,NA,"broad,dkfz,muse,sanger",4,COSN16629805,NA,AluSp,FALSE,0.18,NA,9,41,NA,NA,NA,Intron,FALSE,FALSE,FALSE,FALSE,4,2,2,2_2,754d26af-f184-497c-856a-cd1ea7a5115c,NA
8,51367589,51367589,1,snv_mnv,NA,NA,"broad,dkfz,muse,sanger",4,COSN16632256,NA,NA,FALSE,0.1746,NA,11,52,NA,NA,NA,Intron,FALSE,FALSE,FALSE,FALSE,4,2,2,2_2,754d26af-f184-497c-856a-cd1ea7a5115c,NA
8,51380295,51380295,1,snv_mnv,NA,NA,"broad,dkfz,muse,sanger",4,COSN16628968,NA,L1MC3,FALSE,0.1765,NA,12,56,NA,NA,NA,Intron,FALSE,FALSE,FALSE,FALSE,4,2,2,2_2,754d26af-f184-497c-856a-cd1ea7a5115c,NA
8,51403306,51403306,1,snv_mnv,NA,NA,"broad,dkfz,muse,sanger",4,COSN16874507,rs757578625,NA,FALSE,0.1111,NA,4,32,NA,NA,NA,Intron,FALSE,FALSE,FALSE,FALSE,4,2,2,2_2,754d26af-f184-497c-856a-cd1ea7a5115c,NA
8,51476383,51476383,1,snv_mnv,NA,NA,"broad,muse,sanger",3,COSN16631707,NA,L3,FALSE,0.2278,NA,18,61,NA,NA,NA,Intron,FALSE,FALSE,FALSE,FALSE,4,2,2,2_2,754d26af-f184-497c-856a-cd1ea7a5115c,NA
8,51901394,51901394,1,snv_mnv,NA,NA,"broad,dkfz,muse,sanger",4,COSN16632675,NA,L1PA5,FALSE,0.129,NA,8,54,NA,NA,NA,IGR,FALSE,FALSE,FALSE,FALSE,4,2,2,2_2,754d26af-f184-497c-856a-cd1ea7a5115c,NA
8,52300257,52300257,1,snv_mnv,3.9936e-4,rs185075526,"broad,dkfz,muse,sanger",4,COSN16631266,rs185075526,NA,FALSE,0.1356,NA,8,51,NA,NA,NA,Intron,FALSE,FALSE,FALSE,FALSE,4,2,2,2_2,754d26af-f184-497c-856a-cd1ea7a5115c,NA
8,52668148,52668148,1,snv_mnv,NA,NA,"broad,dkfz,muse,sanger",4,COSN16629265,NA,AluSx1,FALSE,0.0769,NA,4,48,NA,NA,NA,Intron,FALSE,FALSE,FALSE,FALSE,4,2,2,2_2,754d26af-f184-497c-856a-cd1ea7a5115c,NA
8,53621744,53621744,1,snv_mnv,NA,NA,"broad,dkfz,muse,sanger",4,COSN16632676,NA,AluSp,FALSE,0.15,NA,6,34,NA,NA,NA,Intron,FALSE,FALSE,FALSE,FALSE,4,2,2,2_2,754d26af-f184-497c-856a-cd1ea7a5115c,NA
8,53787377,53787377,1,snv_mnv,NA,NA,"broad,dkfz,muse,sanger",4,COSN16633024,NA,L1MD1,FALSE,0.1216,NA,9,65,NA,NA,NA,IGR,FALSE,FALSE,FALSE,FALSE,4,2,2,2_2,754d26af-f184-497c-856a-cd1ea7a5115c,NA
8,54063093,54063093,1,snv_mnv,NA,NA,"broad,dkfz,muse,sanger",4,COSN16632558,NA,NA,FALSE,0.0805,NA,7,80,NA,NA,NA,IGR,FALSE,FALSE,FALSE,FALSE,4,2,2,2_2,754d26af-f184-497c-856a-cd1ea7a5115c,NA
8,54633644,54633644,1,snv_mnv,NA,NA,"broad,dkfz,muse,sanger",4,COSN16630054,NA,NA,FALSE,0.1343,NA,9,58,NA,NA,NA,Intron,FALSE,FALSE,FALSE,FALSE,4,2,2,2_2,754d26af-f184-497c-856a-cd1ea7a5115c,NA
8,55614776,55614776,1,snv_mnv,NA,NA,"broad,dkfz,muse,sanger",4,COSN16632703,NA,NA,FALSE,0.1803,NA,11,50,NA,NA,NA,IGR,FALSE,FALSE,FALSE,FALSE,4,2,2,2_2,754d26af-f184-497c-856a-cd1ea7a5115c,NA
8,56136828,56136828,1,snv_mnv,NA,NA,"broad,dkfz,muse,sanger",4,COSN16630337,NA,NA,FALSE,0.1216,NA,9,65,NA,NA,NA,Intron,FALSE,FALSE,FALSE,FALSE,4,2,2,2_2,754d26af-f184-497c-856a-cd1ea7a5115c,NA
8,56236974,56236974,1,snv_mnv,NA,NA,"broad,dkfz,muse,sanger",4,COSN16630642,NA,L1ME3E,FALSE,0.1538,NA,10,55,NA,NA,NA,Intron,FALSE,FALSE,FALSE,FALSE,4,2,2,2_2,754d26af-f184-497c-856a-cd1ea7a5115c,NA
8,56495630,56495630,1,snv_mnv,NA,NA,"broad,dkfz,muse,sanger",4,COSN16629179,NA,NA,FALSE,0.1897,NA,11,47,NA,NA,NA,IGR,FALSE,FALSE,FALSE,FALSE,4,2,2,2_2,754d26af-f184-497c-856a-cd1ea7a5115c,NA
8,57002927,57002927,1,snv_mnv,NA,NA,"broad,dkfz,muse,sanger",4,COSN9661355,rs747803416,AluSz,FALSE,0.1111,NA,7,56,NA,NA,NA,IGR,FALSE,FALSE,FALSE,FALSE,4,2,2,2_2,754d26af-f184-497c-856a-cd1ea7a5115c,NA
8,58015235,58015235,1,snv_mnv,NA,NA,"broad,dkfz,muse,sanger",4,COSN16631171,NA,L1MA1,FALSE,0.2203,NA,13,46,NA,NA,NA,IGR,FALSE,FALSE,FALSE,FALSE,4,2,2,2_2,754d26af-f184-497c-856a-cd1ea7a5115c,NA
8,58424696,58424696,1,snv_mnv,NA,NA,"broad,dkfz,muse,sanger",4,COSN16629828,NA,NA,FALSE,0.1091,NA,6,49,NA,NA,NA,lincRNA,FALSE,FALSE,FALSE,FALSE,4,2,2,2_2,754d26af-f184-497c-856a-cd1ea7a5115c,NA
8,60987655,60987655,1,snv_mnv,NA,NA,"broad,dkfz,muse,sanger",4,COSN16632955,NA,NA,FALSE,0.1324,NA,9,59,NA,NA,NA,lincRNA,FALSE,FALSE,FALSE,FALSE,4,2,2,2_2,754d26af-f184-497c-856a-cd1ea7a5115c,AC021393.1
8,61170521,61170521,1,snv_mnv,NA,NA,"broad,dkfz,muse,sanger",4,COSN16629120,NA,MER44B,FALSE,0.1,NA,7,63,NA,NA,NA,Intron,FALSE,FALSE,FALSE,FALSE,4,2,2,2_2,754d26af-f184-497c-856a-cd1ea7a5115c,NA
8,61508803,61508803,1,snv_mnv,NA,NA,"broad,muse,sanger",3,COSN16631355,NA,L1PA7,FALSE,0.0741,NA,4,50,NA,NA,NA,Intron,FALSE,FALSE,FALSE,FALSE,4,2,2,2_2,754d26af-f184-497c-856a-cd1ea7a5115c,RAB2A
8,63208363,63208363,1,snv_mnv,NA,NA,"broad,dkfz,muse,sanger",4,COSN16633293,NA,NA,FALSE,0.1818,NA,12,54,NA,NA,NA,Intron,FALSE,FALSE,FALSE,FALSE,4,2,2,2_2,754d26af-f184-497c-856a-cd1ea7a5115c,NA
8,63673234,63673234,1,snv_mnv,NA,NA,"broad,muse,sanger",3,COSN16630118,NA,L1PA4,FALSE,0.1636,NA,9,46,NA,NA,NA,Intron,FALSE,FALSE,FALSE,FALSE,4,2,2,2_2,754d26af-f184-497c-856a-cd1ea7a5115c,NA
8,64653547,64653547,1,snv_mnv,NA,NA,"broad,dkfz,muse,sanger",4,COSN16632131,NA,NA,FALSE,0.1071,NA,9,75,NA,NA,NA,RNA,FALSE,FALSE,FALSE,FALSE,4,2,2,2_2,754d26af-f184-497c-856a-cd1ea7a5115c,NA
8,68964783,68964783,1,snv_mnv,NA,NA,"broad,dkfz,muse,sanger",4,COSN16632354,NA,NA,FALSE,0.1515,NA,10,56,NA,NA,NA,Intron,FALSE,FALSE,FALSE,FALSE,4,2,2,2_2,754d26af-f184-497c-856a-cd1ea7a5115c,NA
8,70128308,70128308,1,snv_mnv,NA,NA,"broad,dkfz,muse,sanger",4,COSN16630935,NA,L1PA11,FALSE,0.0989,NA,9,82,NA,NA,NA,IGR,FALSE,FALSE,FALSE,FALSE,4,2,2,2_2,754d26af-f184-497c-856a-cd1ea7a5115c,NA
8,70138458,70138458,1,snv_mnv,NA,NA,"broad,dkfz,muse,sanger",4,COSN16633316,NA,L1MEc,FALSE,0.131,NA,11,73,NA,NA,NA,IGR,FALSE,FALSE,FALSE,FALSE,4,2,2,2_2,754d26af-f184-497c-856a-cd1ea7a5115c,NA
8,70373595,70373595,1,snv_mnv,NA,NA,"broad,dkfz,muse,sanger",4,COSN16631441,NA,NA,FALSE,0.0794,NA,5,58,NA,NA,NA,IGR,FALSE,FALSE,FALSE,FALSE,4,2,2,2_2,754d26af-f184-497c-856a-cd1ea7a5115c,NA
8,70693100,70693100,1,snv_mnv,NA,NA,"broad,muse",2,COSN16629859,NA,NA,FALSE,0.0758,NA,5,61,NA,NA,NA,Intron,FALSE,FALSE,TRUE,FALSE,4,2,2,2_2,754d26af-f184-497c-856a-cd1ea7a5115c,NA
8,70741131,70741131,1,snv_mnv,5.9904e-4,rs182691857,"broad,muse",2,COSN16630189,rs182691857,NA,FALSE,0.0694,NA,5,67,NA,NA,NA,Intron,FALSE,FALSE,FALSE,FALSE,4,2,2,2_2,754d26af-f184-497c-856a-cd1ea7a5115c,SLCO5A1
8,70882103,70882103,1,snv_mnv,NA,NA,"broad,dkfz,muse,sanger",4,COSN16631031,NA,Tigger1,FALSE,0.1613,NA,10,52,NA,NA,NA,IGR,FALSE,FALSE,FALSE,FALSE,4,2,2,2_2,754d26af-f184-497c-856a-cd1ea7a5115c,NA
8,73340359,73340359,1,snv_mnv,1.9968e-4,rs549651924,"dkfz,muse,sanger",3,COSN16631239,rs549651924,MER63D,FALSE,0.1148,NA,7,54,NA,NA,NA,IGR,FALSE,FALSE,FALSE,FALSE,4,2,2,2_2,754d26af-f184-497c-856a-cd1ea7a5115c,AC124293.1
8,73379684,73379684,1,snv_mnv,NA,NA,"broad,muse",2,COSN16631134,rs757698637,L2,FALSE,0.0519,NA,4,73,NA,NA,NA,lincRNA,FALSE,FALSE,FALSE,FALSE,4,2,2,2_2,754d26af-f184-497c-856a-cd1ea7a5115c,NA
8,74264776,74264776,1,snv_mnv,NA,NA,"broad,dkfz,muse,sanger",4,COSN16629606,NA,L1ME4a,FALSE,0.3093,NA,30,67,NA,NA,NA,RNA,FALSE,FALSE,FALSE,FALSE,4,2,2,2_2,754d26af-f184-497c-856a-cd1ea7a5115c,NA
8,75962323,75962323,1,snv_mnv,0.0033946,rs186281907,"broad,dkfz,muse,sanger",4,COSN16629706,rs186281907,MER9a3,FALSE,0.1176,NA,8,60,NA,NA,NA,IGR,FALSE,FALSE,FALSE,FALSE,4,2,2,2_2,754d26af-f184-497c-856a-cd1ea7a5115c,NA
8,76626821,76626821,1,snv_mnv,NA,NA,"broad,dkfz,muse,sanger",4,COSN16632132,NA,L1M5,FALSE,0.2875,NA,23,57,NA,NA,NA,IGR,FALSE,FALSE,FALSE,FALSE,4,2,2,2_2,754d26af-f184-497c-856a-cd1ea7a5115c,NA
8,76946560,76946560,1,snv_mnv,NA,NA,"broad,muse",2,COSN16632902,NA,NA,FALSE,0.0571,NA,4,66,NA,NA,NA,IGR,FALSE,FALSE,FALSE,FALSE,4,2,2,2_2,754d26af-f184-497c-856a-cd1ea7a5115c,NA
8,76994986,76994986,1,snv_mnv,NA,NA,"broad,dkfz,muse,sanger",4,COSN16630936,NA,MLT1A1-int,FALSE,0.1867,NA,14,61,NA,NA,NA,IGR,FALSE,FALSE,FALSE,FALSE,4,2,2,2_2,754d26af-f184-497c-856a-cd1ea7a5115c,NA
8,77007570,77007570,1,snv_mnv,NA,NA,"broad,dkfz,muse,sanger",4,COSN16632704,NA,L1M4c,FALSE,0.1475,NA,9,52,NA,NA,NA,IGR,FALSE,FALSE,FALSE,FALSE,4,2,2,2_2,754d26af-f184-497c-856a-cd1ea7a5115c,NA
8,77149353,77149353,1,snv_mnv,NA,NA,"broad,dkfz,muse,sanger",4,COSN16631032,NA,MLT1G1-int,FALSE,0.1,NA,6,54,NA,NA,NA,IGR,FALSE,FALSE,FALSE,FALSE,4,2,2,2_2,754d26af-f184-497c-856a-cd1ea7a5115c,NA
8,77489904,77489904,1,snv_mnv,1.9968e-4,rs574095991,"dkfz,muse,sanger",3,COSN8101754,rs574095991,AT_rich,FALSE,0.1373,NA,7,44,NA,NA,NA,RNA,FALSE,FALSE,TRUE,FALSE,4,2,2,2_2,754d26af-f184-497c-856a-cd1ea7a5115c,NA
8,78145971,78145971,1,snv_mnv,NA,NA,"broad,dkfz,muse,sanger",4,COSN16628969,NA,NA,FALSE,0.1268,NA,9,62,NA,NA,NA,IGR,FALSE,FALSE,FALSE,FALSE,4,2,2,2_2,754d26af-f184-497c-856a-cd1ea7a5115c,NA
8,78173753,78173753,1,snv_mnv,NA,NA,"broad,dkfz,muse,sanger",4,COSN16633370,NA,NA,FALSE,0.12,NA,9,66,NA,NA,NA,IGR,FALSE,FALSE,FALSE,FALSE,4,2,2,2_2,754d26af-f184-497c-856a-cd1ea7a5115c,NA
8,78398933,78398933,1,snv_mnv,NA,NA,"broad,dkfz,muse,sanger",4,COSN16629289,NA,NA,FALSE,0.137,NA,10,63,NA,NA,NA,lincRNA,FALSE,FALSE,FALSE,FALSE,4,2,2,2_2,754d26af-f184-497c-856a-cd1ea7a5115c,NA
8,78660352,78660352,1,snv_mnv,NA,NA,"broad,dkfz,muse,sanger",4,COSN16632281,NA,L1PA14,FALSE,0.1622,NA,6,31,NA,NA,NA,IGR,FALSE,FALSE,FALSE,FALSE,4,2,2,2_2,754d26af-f184-497c-856a-cd1ea7a5115c,NA
8,78680011,78680011,1,snv_mnv,NA,NA,"broad,dkfz,muse",3,COSN16631789,NA,NA,FALSE,0.061,NA,5,77,NA,NA,NA,IGR,FALSE,FALSE,FALSE,FALSE,4,2,2,2_2,754d26af-f184-497c-856a-cd1ea7a5115c,NA
8,78774428,78774428,1,snv_mnv,NA,NA,"broad,muse,sanger",3,COSN16629829,NA,L1MA2,FALSE,0.0968,NA,6,56,NA,NA,NA,IGR,FALSE,FALSE,FALSE,FALSE,4,2,2,2_2,754d26af-f184-497c-856a-cd1ea7a5115c,NA
8,78774715,78774715,1,snv_mnv,NA,NA,"muse,sanger",2,COSN16629367,NA,L1MA2,FALSE,0.0667,NA,4,56,NA,NA,NA,IGR,FALSE,FALSE,TRUE,FALSE,4,2,2,2_2,754d26af-f184-497c-856a-cd1ea7a5115c,NA
8,78823795,78823795,1,snv_mnv,NA,NA,"broad,dkfz,muse,sanger",4,COSN16630728,NA,MLT1I,FALSE,0.1176,NA,10,75,NA,NA,NA,IGR,FALSE,FALSE,FALSE,FALSE,4,2,2,2_2,754d26af-f184-497c-856a-cd1ea7a5115c,NA
8,79309627,79309627,1,snv_mnv,NA,NA,"broad,dkfz,muse,sanger",4,COSN16631082,NA,L1MB7,FALSE,0.2568,NA,19,55,NA,NA,NA,RNA,FALSE,FALSE,FALSE,FALSE,4,2,2,2_2,754d26af-f184-497c-856a-cd1ea7a5115c,RNU6-1220P
8,79354141,79354141,1,snv_mnv,NA,NA,"broad,dkfz,muse",3,COSN16629502,NA,NA,FALSE,0.0833,NA,6,66,NA,NA,NA,IGR,FALSE,FALSE,FALSE,FALSE,4,2,2,2_2,754d26af-f184-497c-856a-cd1ea7a5115c,NA
8,79598245,79598245,1,snv_mnv,NA,NA,"broad,dkfz,muse,sanger",4,COSN16630482,NA,MSTD,FALSE,0.0933,NA,7,68,NA,NA,NA,Intron,FALSE,FALSE,FALSE,FALSE,4,2,2,2_2,754d26af-f184-497c-856a-cd1ea7a5115c,NA
8,80354969,80354969,1,snv_mnv,NA,NA,"broad,dkfz,muse,sanger",4,COSN8327114,NA,NA,FALSE,0.1149,NA,10,77,NA,NA,NA,IGR,FALSE,FALSE,FALSE,FALSE,4,2,2,2_2,754d26af-f184-497c-856a-cd1ea7a5115c,NA
8,80543896,80543896,1,snv_mnv,NA,NA,"broad,dkfz,muse,sanger",4,COSN16630595,NA,NA,FALSE,0.1765,NA,12,56,NA,NA,NA,Intron,FALSE,FALSE,FALSE,FALSE,4,2,2,2_2,754d26af-f184-497c-856a-cd1ea7a5115c,NA
8,81363249,81363249,1,snv_mnv,NA,NA,"broad,dkfz,muse,sanger",4,COSN16633392,NA,NA,FALSE,0.1212,NA,8,58,NA,NA,NA,IGR,FALSE,FALSE,FALSE,FALSE,4,2,2,2_2,754d26af-f184-497c-856a-cd1ea7a5115c,NA
8,82069283,82069283,1,snv_mnv,NA,NA,"broad,dkfz,muse,sanger",4,COSN16632207,NA,LTR16C,FALSE,0.1111,NA,7,56,NA,NA,NA,lincRNA,FALSE,FALSE,TRUE,FALSE,4,2,2,2_2,754d26af-f184-497c-856a-cd1ea7a5115c,NA
8,82103630,82103630,1,snv_mnv,NA,NA,"broad,dkfz,muse,sanger",4,COSN16630820,NA,MLT1D,FALSE,0.2466,NA,18,55,NA,NA,NA,IGR,FALSE,FALSE,FALSE,FALSE,4,2,2,2_2,754d26af-f184-497c-856a-cd1ea7a5115c,NA
8,82226174,82226174,1,snv_mnv,NA,NA,"broad,dkfz,muse,sanger",4,COSN16629334,NA,NA,FALSE,0.1228,NA,7,50,NA,NA,NA,IGR,FALSE,FALSE,FALSE,FALSE,4,2,2,2_2,754d26af-f184-497c-856a-cd1ea7a5115c,NA
8,82499623,82499623,1,snv_mnv,NA,NA,"broad,muse,sanger",3,COSN16632847,NA,L1PA15,FALSE,0.1,NA,6,54,NA,NA,NA,IGR,FALSE,FALSE,FALSE,FALSE,4,2,2,2_2,754d26af-f184-497c-856a-cd1ea7a5115c,NA
8,82882955,82882955,1,snv_mnv,NA,NA,"broad,dkfz,muse,sanger",4,COSN16628916,NA,NA,FALSE,0.1333,NA,8,52,NA,NA,NA,IGR,FALSE,FALSE,FALSE,FALSE,4,2,2,2_2,754d26af-f184-497c-856a-cd1ea7a5115c,NA
8,83486463,83486463,1,snv_mnv,NA,NA,"broad,dkfz,muse,sanger",4,COSN16632257,NA,NA,FALSE,0.1136,NA,10,78,NA,NA,NA,lincRNA,FALSE,FALSE,FALSE,FALSE,4,2,2,2_2,754d26af-f184-497c-856a-cd1ea7a5115c,NA
8,84159366,84159366,1,snv_mnv,NA,NA,"broad,dkfz,muse,sanger",4,COSN16629290,NA,L1MC2,FALSE,0.119,NA,10,74,NA,NA,NA,IGR,FALSE,FALSE,FALSE,FALSE,4,2,2,2_2,754d26af-f184-497c-856a-cd1ea7a5115c,NA
8,84346983,84346983,1,snv_mnv,NA,NA,"broad,dkfz,muse,sanger",4,COSN16631059,NA,NA,FALSE,0.0811,NA,6,68,NA,NA,NA,IGR,FALSE,FALSE,FALSE,FALSE,4,2,2,2_2,754d26af-f184-497c-856a-cd1ea7a5115c,NA
8,84346994,84346994,1,snv_mnv,NA,NA,"broad,dkfz,muse,sanger",4,COSN16631083,NA,NA,FALSE,0.0706,NA,6,79,NA,NA,NA,IGR,FALSE,FALSE,TRUE,FALSE,4,2,2,2_2,754d26af-f184-497c-856a-cd1ea7a5115c,NA
8,85133930,85133930,1,snv_mnv,NA,NA,"broad,dkfz,muse,sanger",4,COSN16631501,NA,NA,FALSE,0.1889,NA,17,73,NA,NA,NA,Intron,FALSE,FALSE,FALSE,FALSE,4,2,2,2_2,754d26af-f184-497c-856a-cd1ea7a5115c,NA
8,85451028,85451028,1,snv_mnv,NA,NA,"broad,dkfz,muse,sanger",4,COSN16630560,NA,NA,FALSE,0.0676,NA,5,69,NA,NA,NA,Intron,FALSE,FALSE,FALSE,FALSE,4,2,2,2_2,754d26af-f184-497c-856a-cd1ea7a5115c,NA
8,85651316,85651316,1,snv_mnv,NA,NA,"broad,dkfz,muse,sanger",4,COSN16631816,NA,NA,FALSE,0.1446,NA,12,71,NA,NA,NA,Intron,FALSE,FALSE,FALSE,FALSE,4,2,2,2_2,754d26af-f184-497c-856a-cd1ea7a5115c,NA
8,85849563,85849563,1,snv_mnv,1.9968e-4,rs180819127,"broad,muse",2,COSN16631983,rs180819127,MER57-int,FALSE,0.0727,NA,4,51,NA,NA,NA,IGR,FALSE,FALSE,FALSE,FALSE,4,2,2,2_2,754d26af-f184-497c-856a-cd1ea7a5115c,NA
8,85857585,85857585,1,snv_mnv,NA,NA,"broad,dkfz,muse,sanger",4,COSN16631223,NA,NA,FALSE,0.1475,NA,9,52,NA,NA,NA,IGR,FALSE,FALSE,FALSE,FALSE,4,2,2,2_2,754d26af-f184-497c-856a-cd1ea7a5115c,ACTBP6
8,85934801,85934801,1,snv_mnv,NA,NA,"broad,dkfz,muse,sanger",4,COSN16629661,NA,NA,FALSE,0.12,NA,9,66,NA,NA,NA,IGR,FALSE,FALSE,FALSE,FALSE,4,2,2,2_2,754d26af-f184-497c-856a-cd1ea7a5115c,NA
8,87421600,87421600,1,snv_mnv,NA,NA,"broad,dkfz,muse,sanger",4,COSN16630729,NA,AluSg,FALSE,0.1111,NA,7,56,NA,NA,NA,Intron,FALSE,FALSE,FALSE,FALSE,4,2,2,2_2,754d26af-f184-497c-856a-cd1ea7a5115c,NA
8,87733761,87733761,1,snv_mnv,NA,NA,"broad,dkfz,muse,sanger",4,COSN16630887,NA,L1PB1,FALSE,0.1389,NA,10,62,NA,NA,NA,Intron,FALSE,FALSE,FALSE,FALSE,4,2,2,2_2,754d26af-f184-497c-856a-cd1ea7a5115c,NA
8,87971590,87971590,1,snv_mnv,1.9968e-4,rs538023720,"broad,dkfz,muse,sanger",4,COSN16632103,rs538023720,L1PA5,FALSE,0.2075,NA,11,42,NA,NA,NA,Intron,FALSE,FALSE,FALSE,FALSE,4,2,2,2_2,754d26af-f184-497c-856a-cd1ea7a5115c,NA
8,88343214,88343214,1,snv_mnv,NA,NA,"broad,dkfz,muse,sanger",4,COSN16632933,NA,L1MCa,FALSE,0.1774,NA,11,51,NA,NA,NA,Intron,FALSE,FALSE,FALSE,FALSE,4,2,2,2_2,754d26af-f184-497c-856a-cd1ea7a5115c,NA
8,88453844,88453844,1,snv_mnv,NA,NA,"broad,dkfz,muse,sanger",4,COSN16632559,NA,L1MA4,FALSE,0.131,NA,11,73,NA,NA,NA,IGR,FALSE,FALSE,FALSE,FALSE,4,2,2,2_2,754d26af-f184-497c-856a-cd1ea7a5115c,NA
8,89063934,89063934,1,snv_mnv,NA,NA,"broad,dkfz,muse,sanger",4,COSN16631566,NA,NA,FALSE,0.0857,NA,6,64,NA,NA,NA,Intron,FALSE,FALSE,FALSE,FALSE,4,2,2,2_2,754d26af-f184-497c-856a-cd1ea7a5115c,NA
8,89156448,89156448,1,snv_mnv,NA,NA,"broad,dkfz,muse,sanger",4,COSN16631620,NA,NA,FALSE,0.1111,NA,7,56,NA,NA,NA,Intron,FALSE,FALSE,FALSE,FALSE,4,2,2,2_2,754d26af-f184-497c-856a-cd1ea7a5115c,NA
8,89383781,89383781,1,snv_mnv,1.9968e-4,rs150728566,"broad,dkfz,muse,sanger",4,COSN16633048,rs150728566,NA,FALSE,0.1429,NA,10,60,NA,NA,NA,RNA,FALSE,FALSE,FALSE,FALSE,4,2,2,2_2,754d26af-f184-497c-856a-cd1ea7a5115c,NA
8,89714796,89714796,1,snv_mnv,NA,NA,"broad,muse,sanger",3,COSN16631135,NA,L1MA9,FALSE,0.1,NA,8,72,NA,NA,NA,RNA,FALSE,FALSE,FALSE,FALSE,4,2,2,2_2,754d26af-f184-497c-856a-cd1ea7a5115c,NA
8,89884020,89884020,1,snv_mnv,NA,NA,"broad,dkfz,muse,sanger",4,COSN16630821,NA,L1MD2,FALSE,0.1507,NA,11,62,NA,NA,NA,IGR,FALSE,FALSE,FALSE,FALSE,4,2,2,2_2,754d26af-f184-497c-856a-cd1ea7a5115c,NA
8,89932987,89932987,1,snv_mnv,NA,NA,"broad,dkfz,muse,sanger",4,COSN16631240,NA,MSTA,FALSE,0.2679,NA,15,41,NA,NA,NA,IGR,FALSE,FALSE,FALSE,FALSE,4,2,2,2_2,754d26af-f184-497c-856a-cd1ea7a5115c,NA
8,90122609,90122609,1,snv_mnv,NA,NA,"broad,dkfz,muse,sanger",4,COSN16629771,NA,L1MA9,FALSE,0.1471,NA,10,58,NA,NA,NA,IGR,FALSE,FALSE,FALSE,FALSE,4,2,2,2_2,754d26af-f184-497c-856a-cd1ea7a5115c,NA
8,90252552,90252552,1,snv_mnv,NA,NA,"broad,muse,sanger",3,COSN16629395,NA,HERVIP10FH-int,FALSE,0.1493,NA,10,57,NA,NA,NA,IGR,FALSE,FALSE,TRUE,FALSE,4,2,2,2_2,754d26af-f184-497c-856a-cd1ea7a5115c,RPSAP74
8,90259412,90259412,1,snv_mnv,NA,NA,"broad,dkfz,muse,sanger",4,COSN16632641,NA,L1MA4A,FALSE,0.1392,NA,11,68,NA,NA,NA,IGR,FALSE,FALSE,FALSE,FALSE,4,2,2,2_2,754d26af-f184-497c-856a-cd1ea7a5115c,RPSAP74
8,90427020,90427020,1,snv_mnv,NA,NA,"broad,muse",2,COSN16631295,NA,NA,FALSE,0.0656,NA,4,57,NA,NA,NA,IGR,FALSE,FALSE,FALSE,FALSE,4,2,2,2_2,754d26af-f184-497c-856a-cd1ea7a5115c,NA
8,91312240,91312240,1,snv_mnv,NA,NA,"broad,dkfz,muse,sanger",4,COSN16633262,NA,MER45C,FALSE,0.1538,NA,10,55,NA,NA,NA,lincRNA,FALSE,FALSE,FALSE,FALSE,4,2,2,2_2,754d26af-f184-497c-856a-cd1ea7a5115c,NA
8,91646985,91646985,1,snv_mnv,NA,NA,"broad,dkfz,muse,sanger",4,COSN16630790,NA,NA,FALSE,0.2125,NA,17,63,NA,NA,NA,Intron,FALSE,FALSE,FALSE,FALSE,4,2,2,2_2,754d26af-f184-497c-856a-cd1ea7a5115c,NA
8,92032449,92032449,1,snv_mnv,NA,NA,"broad,dkfz,muse,sanger",4,COSM4962699,rs777763169,NA,FALSE,0.2297,NA,17,57,NA,NA,NA,Missense_Mutation,FALSE,FALSE,FALSE,FALSE,4,2,2,2_2,754d26af-f184-497c-856a-cd1ea7a5115c,"PIP4P2,AC087439.1"
8,92261502,92261502,1,snv_mnv,NA,NA,"broad,muse",2,COSN16633049,NA,NA,FALSE,0.08,NA,4,46,NA,NA,NA,Intron,FALSE,FALSE,FALSE,FALSE,4,2,2,2_2,754d26af-f184-497c-856a-cd1ea7a5115c,SLC26A7
8,92872888,92872888,1,snv_mnv,NA,NA,"broad,dkfz,muse,sanger",4,COSN16630778,NA,NA,FALSE,0.125,NA,9,63,NA,NA,NA,lincRNA,FALSE,FALSE,FALSE,FALSE,4,2,2,2_2,754d26af-f184-497c-856a-cd1ea7a5115c,NA
8,93553775,93553775,1,snv_mnv,NA,NA,"broad,dkfz,muse,sanger",4,COSN16629420,NA,NA,FALSE,0.1132,NA,6,47,NA,NA,NA,IGR,FALSE,FALSE,FALSE,FALSE,4,2,2,2_2,754d26af-f184-497c-856a-cd1ea7a5115c,NA
8,94813919,94813919,1,snv_mnv,NA,NA,"broad,dkfz,muse,sanger",4,COSN16629452,NA,NA,FALSE,0.0943,NA,5,48,NA,NA,NA,Intron,FALSE,FALSE,TRUE,FALSE,4,2,2,2_2,754d26af-f184-497c-856a-cd1ea7a5115c,TMEM67
8,94886321,94886321,1,snv_mnv,NA,NA,"broad,dkfz,muse,sanger",4,COSN16631324,NA,MER41B,FALSE,0.1739,NA,8,38,NA,NA,NA,Intron,FALSE,FALSE,FALSE,FALSE,4,2,2,2_2,754d26af-f184-497c-856a-cd1ea7a5115c,NA
8,95201990,95201990,1,snv_mnv,NA,NA,"broad,dkfz,muse,sanger",4,COSN16629368,NA,NA,FALSE,0.1887,NA,10,43,NA,NA,NA,Intron,FALSE,FALSE,FALSE,FALSE,4,2,2,2_2,754d26af-f184-497c-856a-cd1ea7a5115c,NA
8,95424484,95424484,1,snv_mnv,NA,NA,"broad,dkfz,muse,sanger",4,COSN16632528,NA,L1MA8,FALSE,0.1139,NA,9,70,NA,NA,NA,Intron,FALSE,FALSE,TRUE,FALSE,4,2,2,2_2,754d26af-f184-497c-856a-cd1ea7a5115c,FSBP
8,96683114,96683114,1,snv_mnv,NA,NA,"broad,dkfz,muse,sanger",4,COSN16632767,NA,L1MEc,FALSE,0.1429,NA,10,60,NA,NA,NA,IGR,FALSE,FALSE,FALSE,FALSE,4,2,2,2_2,754d26af-f184-497c-856a-cd1ea7a5115c,NA
8,96877971,96877971,1,snv_mnv,NA,NA,"broad,dkfz,muse,sanger",4,COSN16153583,rs200302984,L1MC4,FALSE,0.0741,NA,6,75,NA,NA,NA,IGR,FALSE,FALSE,FALSE,FALSE,4,2,2,2_2,754d26af-f184-497c-856a-cd1ea7a5115c,NA
8,98027318,98027318,1,snv_mnv,NA,NA,"broad,dkfz,muse,sanger",4,COSN16630190,NA,NA,FALSE,0.2561,NA,21,61,NA,NA,NA,Intron,FALSE,FALSE,FALSE,FALSE,4,2,2,2_2,754d26af-f184-497c-856a-cd1ea7a5115c,NA
8,98083490,98083490,1,snv_mnv,NA,NA,"broad,dkfz,muse,sanger",4,COSN16632230,NA,L2b,FALSE,0.1013,NA,8,71,NA,NA,NA,Intron,FALSE,FALSE,FALSE,FALSE,4,2,2,2_2,754d26af-f184-497c-856a-cd1ea7a5115c,NA
8,98472185,98472185,1,snv_mnv,NA,NA,"broad,dkfz,muse,sanger",4,COSN16631907,NA,LTR88a,FALSE,0.1667,NA,10,50,NA,NA,NA,IGR,FALSE,FALSE,FALSE,FALSE,4,2,2,2_2,754d26af-f184-497c-856a-cd1ea7a5115c,NA
8,98476443,98476443,1,snv_mnv,NA,NA,"broad,dkfz,muse,sanger",4,COSN16629886,NA,L1PREC2,FALSE,0.3226,NA,20,42,NA,NA,NA,IGR,FALSE,FALSE,FALSE,FALSE,4,2,2,2_2,754d26af-f184-497c-856a-cd1ea7a5115c,NA
8,99848171,99848171,1,snv_mnv,NA,NA,"broad,dkfz,muse,sanger",4,COSN16630643,NA,AluSx1,FALSE,0.3265,NA,16,33,NA,NA,NA,Intron,FALSE,FALSE,FALSE,FALSE,4,2,2,2_2,754d26af-f184-497c-856a-cd1ea7a5115c,NA
8,100229319,100229319,1,snv_mnv,NA,NA,"broad,muse,sanger",3,COSN16629369,NA,NA,FALSE,0.0541,NA,4,70,NA,NA,NA,Intron,FALSE,FALSE,TRUE,FALSE,4,2,2,2_2,754d26af-f184-497c-856a-cd1ea7a5115c,NA
8,100376609,100376609,1,snv_mnv,NA,NA,"broad,dkfz,muse,sanger",4,COSN16632304,NA,L1M1,FALSE,0.2273,NA,15,51,NA,NA,NA,Intron,FALSE,FALSE,FALSE,FALSE,4,2,2,2_2,754d26af-f184-497c-856a-cd1ea7a5115c,NA
8,101177734,101177734,1,snv_mnv,NA,NA,"broad,dkfz,muse,sanger",4,COSN16630370,rs575259984,NA,FALSE,0.2188,NA,7,25,NA,NA,NA,Intron,FALSE,FALSE,FALSE,FALSE,4,2,2,2_2,754d26af-f184-497c-856a-cd1ea7a5115c,AC025647.1
8,101421750,101421750,1,snv_mnv,NA,NA,"broad,muse,sanger",3,COSN16631984,NA,NA,FALSE,0.098,NA,5,46,NA,NA,NA,lincRNA,FALSE,FALSE,FALSE,FALSE,4,2,2,2_2,754d26af-f184-497c-856a-cd1ea7a5115c,NA
8,104120733,104120733,1,snv_mnv,NA,NA,"broad,muse,sanger",3,COSN16629266,NA,MLT1A0,FALSE,0.0862,NA,5,53,NA,NA,NA,IGR,FALSE,FALSE,FALSE,FALSE,4,2,2,2_2,754d26af-f184-497c-856a-cd1ea7a5115c,NA
8,104252616,104252616,1,snv_mnv,NA,NA,"broad,muse",2,COSN16629742,NA,AluSp,FALSE,0.0612,NA,3,46,NA,NA,NA,RNA,FALSE,FALSE,FALSE,FALSE,4,2,2,2_2,754d26af-f184-497c-856a-cd1ea7a5115c,NA
8,104599398,104599398,1,snv_mnv,NA,NA,"broad,dkfz,muse,sanger",4,COSN16633144,NA,L1MA1,FALSE,0.2131,NA,13,48,NA,NA,NA,Intron,FALSE,FALSE,FALSE,FALSE,4,2,2,2_2,754d26af-f184-497c-856a-cd1ea7a5115c,NA
8,104833888,104833888,1,snv_mnv,NA,NA,"broad,dkfz,muse",3,COSN16629477,NA,NA,FALSE,0.0562,NA,5,84,NA,NA,NA,Intron,FALSE,FALSE,TRUE,FALSE,4,2,2,2_2,754d26af-f184-497c-856a-cd1ea7a5115c,NA
8,104909735,104909735,1,snv_mnv,NA,NA,"broad,dkfz,muse,sanger",4,COSN16630525,NA,ERV3-16A3_I-int,FALSE,0.2121,NA,14,52,NA,NA,NA,Intron,FALSE,FALSE,FALSE,FALSE,4,2,2,2_2,754d26af-f184-497c-856a-cd1ea7a5115c,NA
8,105042295,105042295,1,snv_mnv,NA,NA,"broad,dkfz,muse,sanger",4,COSN16630848,NA,NA,FALSE,0.0986,NA,7,64,NA,NA,NA,Intron,FALSE,FALSE,FALSE,FALSE,4,2,2,2_2,754d26af-f184-497c-856a-cd1ea7a5115c,NA
8,105385894,105385894,1,snv_mnv,NA,NA,"broad,dkfz,muse,sanger",4,COSN16630704,rs541415372,NA,FALSE,0.1455,NA,8,47,NA,NA,NA,Intron,FALSE,FALSE,FALSE,FALSE,4,2,2,2_2,754d26af-f184-497c-856a-cd1ea7a5115c,NA
8,105713725,105713725,1,snv_mnv,NA,NA,"broad,dkfz,muse,sanger",4,COSN16631241,NA,NA,FALSE,0.1633,NA,8,41,NA,NA,NA,Intron,FALSE,FALSE,FALSE,FALSE,4,2,2,2_2,754d26af-f184-497c-856a-cd1ea7a5115c,ZFPM2
8,105889262,105889262,1,snv_mnv,NA,NA,"broad,dkfz,muse,sanger",4,COSN16630561,NA,L1MB3,FALSE,0.1,NA,7,63,NA,NA,NA,Intron,FALSE,FALSE,FALSE,FALSE,4,2,2,2_2,754d26af-f184-497c-856a-cd1ea7a5115c,NA
8,105898842,105898842,1,snv_mnv,NA,NA,"broad,dkfz,muse,sanger",4,COSN16630526,NA,NA,FALSE,0.0769,NA,6,72,NA,NA,NA,Intron,FALSE,FALSE,FALSE,FALSE,4,2,2,2_2,754d26af-f184-497c-856a-cd1ea7a5115c,NA
8,106707445,106707445,1,snv_mnv,NA,NA,"broad,dkfz,muse,sanger",4,COSN16631136,NA,NA,FALSE,0.2029,NA,14,55,NA,NA,NA,Intron,FALSE,FALSE,FALSE,FALSE,4,2,2,2_2,754d26af-f184-497c-856a-cd1ea7a5115c,NA
8,108302106,108302106,1,snv_mnv,1.9968e-4,rs558470875,"broad,dkfz,muse,sanger",4,COSN16632231,rs558470875,NA,FALSE,0.1515,NA,10,56,NA,NA,NA,Intron,FALSE,FALSE,FALSE,FALSE,4,2,2,2_2,754d26af-f184-497c-856a-cd1ea7a5115c,NA
8,108582644,108582644,1,snv_mnv,1.9968e-4,rs569544166,"broad,dkfz,muse,sanger",4,COSN16630849,rs569544166,SATR1,FALSE,0.1556,NA,7,38,NA,NA,NA,IGR,FALSE,FALSE,FALSE,FALSE,4,2,2,2_2,754d26af-f184-497c-856a-cd1ea7a5115c,NA
8,108711221,108711221,1,snv_mnv,NA,NA,"broad,dkfz,muse,sanger",4,COSN16629421,NA,L1ME1,FALSE,0.0946,NA,7,67,NA,NA,NA,IGR,FALSE,FALSE,FALSE,FALSE,4,2,2,2_2,754d26af-f184-497c-856a-cd1ea7a5115c,NA
8,108742178,108742178,1,snv_mnv,NA,NA,"broad,dkfz,muse,sanger",4,COSN16629291,NA,THE1B,FALSE,0.2329,NA,17,56,NA,NA,NA,IGR,FALSE,FALSE,FALSE,FALSE,4,2,2,2_2,754d26af-f184-497c-856a-cd1ea7a5115c,NA
8,109480916,109480916,1,snv_mnv,NA,NA,"broad,dkfz,muse,sanger",4,COSN16631084,NA,NA,FALSE,0.1833,NA,11,49,NA,NA,NA,Intron,FALSE,FALSE,FALSE,FALSE,4,2,2,2_2,754d26af-f184-497c-856a-cd1ea7a5115c,NA
8,109535840,109535840,1,snv_mnv,NA,NA,"broad,dkfz,muse,sanger",4,COSN16631137,NA,L2c,FALSE,0.1585,NA,13,69,NA,NA,NA,IGR,FALSE,FALSE,FALSE,FALSE,4,2,2,2_2,754d26af-f184-497c-856a-cd1ea7a5115c,NA
8,111025730,111025730,1,snv_mnv,NA,NA,"broad,dkfz,muse,sanger",4,COSN16629180,NA,L1PA10,FALSE,0.1429,NA,7,42,NA,NA,NA,IGR,FALSE,FALSE,FALSE,FALSE,4,2,2,2_2,754d26af-f184-497c-856a-cd1ea7a5115c,NA
8,111410805,111410805,1,snv_mnv,1.9968e-4,rs547269821,"broad,dkfz,muse,sanger",4,COSN16631594,rs547269821,L1M5,FALSE,0.1351,NA,10,64,NA,NA,NA,IGR,FALSE,FALSE,FALSE,FALSE,4,2,2,2_2,754d26af-f184-497c-856a-cd1ea7a5115c,NA
8,111462200,111462200,1,snv_mnv,NA,NA,"broad,dkfz,muse,sanger",4,COSN16630527,NA,MLT2C1,FALSE,0.0968,NA,6,56,NA,NA,NA,IGR,FALSE,FALSE,FALSE,FALSE,4,2,2,2_2,754d26af-f184-497c-856a-cd1ea7a5115c,NA
8,111514406,111514406,1,snv_mnv,NA,NA,"broad,muse,sanger",3,COSN16629830,NA,AluY,FALSE,0.0893,NA,5,51,NA,NA,NA,IGR,FALSE,FALSE,FALSE,FALSE,4,2,2,2_2,754d26af-f184-497c-856a-cd1ea7a5115c,NA
8,112063629,112063629,1,snv_mnv,NA,NA,"broad,dkfz,muse,sanger",4,COSN16631651,NA,L1MC3,FALSE,0.125,NA,11,77,NA,NA,NA,IGR,FALSE,FALSE,FALSE,FALSE,4,2,2,2_2,754d26af-f184-497c-856a-cd1ea7a5115c,NA
8,112263022,112263022,1,snv_mnv,NA,NA,"broad,muse",2,COSN16629946,NA,MLT1I-int,FALSE,0.058,NA,4,65,NA,NA,NA,IGR,FALSE,FALSE,FALSE,FALSE,4,2,2,2_2,754d26af-f184-497c-856a-cd1ea7a5115c,NA
8,112520661,112520661,1,snv_mnv,3.9936e-4,rs188299476,"broad,dkfz,muse,sanger",4,COSN16632151,rs188299476,L1MD2,FALSE,0.0794,NA,5,58,NA,NA,NA,lincRNA,FALSE,FALSE,FALSE,FALSE,4,2,2,2_2,754d26af-f184-497c-856a-cd1ea7a5115c,NA
8,113398995,113398995,1,snv_mnv,NA,NA,"broad,dkfz,muse,sanger",4,COSN16632075,NA,AluY,FALSE,0.2308,NA,9,30,NA,NA,NA,Intron,FALSE,FALSE,FALSE,FALSE,4,2,2,2_2,754d26af-f184-497c-856a-cd1ea7a5115c,NA
8,113404754,113404754,1,snv_mnv,NA,NA,"broad,dkfz,sanger",3,COSN16633169,NA,NA,FALSE,0.1273,NA,7,48,NA,NA,NA,Intron,FALSE,FALSE,FALSE,FALSE,4,2,2,2_2,754d26af-f184-497c-856a-cd1ea7a5115c,NA
8,113736309,113736309,1,snv_mnv,NA,NA,"broad,dkfz,muse,sanger",4,COSN16631528,NA,L2a,FALSE,0.1406,NA,9,55,NA,NA,NA,Intron,FALSE,FALSE,FALSE,FALSE,4,2,2,2_2,754d26af-f184-497c-856a-cd1ea7a5115c,NA
8,113762424,113762424,1,snv_mnv,NA,NA,"broad,dkfz,muse,sanger",4,COSN16629030,NA,NA,FALSE,0.0962,NA,5,47,NA,NA,NA,Intron,FALSE,FALSE,FALSE,FALSE,4,2,2,2_2,754d26af-f184-497c-856a-cd1ea7a5115c,NA
8,114236288,114236288,1,snv_mnv,NA,NA,"broad,dkfz,muse,sanger",4,COSN16630155,NA,NA,FALSE,0.1184,NA,9,67,NA,NA,NA,Intron,FALSE,FALSE,TRUE,FALSE,4,2,2,2_2,754d26af-f184-497c-856a-cd1ea7a5115c,NA
8,114284186,114284186,1,snv_mnv,NA,NA,"broad,dkfz,muse,sanger",4,COSN16631621,NA,THE1A-int,FALSE,0.1864,NA,11,48,NA,NA,NA,Intron,FALSE,FALSE,FALSE,FALSE,4,2,2,2_2,754d26af-f184-497c-856a-cd1ea7a5115c,NA
8,114362022,114362022,1,snv_mnv,NA,NA,"broad,dkfz,muse,sanger",4,COSN16630119,NA,NA,FALSE,0.0704,NA,5,66,NA,NA,NA,Intron,FALSE,FALSE,FALSE,FALSE,4,2,2,2_2,754d26af-f184-497c-856a-cd1ea7a5115c,NA
8,114362024,114362024,1,snv_mnv,NA,NA,"broad,dkfz,muse,sanger",4,COSN16631392,NA,NA,FALSE,0.0714,NA,5,65,NA,NA,NA,Intron,FALSE,FALSE,FALSE,FALSE,4,2,2,2_2,754d26af-f184-497c-856a-cd1ea7a5115c,NA
8,115332033,115332033,1,snv_mnv,NA,NA,"broad,dkfz,muse,sanger",4,COSN16633081,NA,NA,FALSE,0.1094,NA,7,57,NA,NA,NA,IGR,FALSE,FALSE,FALSE,FALSE,4,2,2,2_2,754d26af-f184-497c-856a-cd1ea7a5115c,AC025881.1
8,115340249,115340249,1,snv_mnv,NA,NA,"broad,dkfz,muse,sanger",4,COSN16631985,NA,AluSz,FALSE,0.1852,NA,10,44,NA,NA,NA,IGR,FALSE,FALSE,FALSE,FALSE,4,2,2,2_2,754d26af-f184-497c-856a-cd1ea7a5115c,NA
8,115417908,115417908,1,snv_mnv,NA,NA,"dkfz,muse,sanger",3,COSN16633394,NA,L1MA5,FALSE,0.1333,NA,6,39,NA,NA,NA,IGR,FALSE,FALSE,FALSE,FALSE,4,2,2,2_2,754d26af-f184-497c-856a-cd1ea7a5115c,NA
8,115555343,115555343,1,snv_mnv,NA,NA,"broad,muse,sanger",3,COSN16632768,NA,NA,FALSE,0.0678,NA,4,55,NA,NA,NA,IGR,FALSE,FALSE,FALSE,FALSE,4,2,2,2_2,754d26af-f184-497c-856a-cd1ea7a5115c,NA
8,115610923,115610923,1,snv_mnv,NA,NA,"broad,dkfz,muse,sanger",4,COSN16631934,NA,L1PA15,FALSE,0.1282,NA,10,68,NA,NA,NA,IGR,FALSE,FALSE,FALSE,FALSE,4,2,2,2_2,754d26af-f184-497c-856a-cd1ea7a5115c,NA
8,115627259,115627259,1,snv_mnv,NA,NA,"broad,muse",2,COSN16629533,NA,NA,FALSE,0.0635,NA,4,59,NA,NA,NA,IGR,FALSE,FALSE,FALSE,FALSE,4,2,2,2_2,754d26af-f184-497c-856a-cd1ea7a5115c,NA
8,115803454,115803454,1,snv_mnv,NA,NA,"broad,dkfz,muse,sanger",4,COSN16629056,NA,NA,FALSE,0.1268,NA,9,62,NA,NA,NA,IGR,FALSE,FALSE,FALSE,FALSE,4,2,2,2_2,754d26af-f184-497c-856a-cd1ea7a5115c,CARSP2
8,115890058,115890058,1,snv_mnv,NA,NA,"broad,dkfz,muse,sanger",4,COSN16630009,NA,NA,FALSE,0.25,NA,12,36,NA,NA,NA,IGR,FALSE,FALSE,FALSE,FALSE,4,2,2,2_2,754d26af-f184-497c-856a-cd1ea7a5115c,NA
8,115957786,115957786,1,snv_mnv,NA,NA,"broad,dkfz,muse,sanger",4,COSN16628970,NA,HUERS-P1-int,FALSE,0.1475,NA,9,52,NA,NA,NA,IGR,FALSE,FALSE,FALSE,FALSE,4,2,2,2_2,754d26af-f184-497c-856a-cd1ea7a5115c,NA
8,116236820,116236820,1,snv_mnv,NA,NA,"broad,dkfz,muse,sanger",4,COSN16633170,NA,MLT2B1,FALSE,0.1791,NA,12,55,NA,NA,NA,IGR,FALSE,FALSE,FALSE,FALSE,4,2,2,2_2,754d26af-f184-497c-856a-cd1ea7a5115c,NA
8,116266238,116266238,1,snv_mnv,NA,NA,"broad,dkfz,muse",3,COSN16633025,NA,AluSx,FALSE,0.125,NA,7,49,NA,NA,NA,IGR,FALSE,FALSE,FALSE,FALSE,4,2,2,2_2,754d26af-f184-497c-856a-cd1ea7a5115c,NA
8,117831303,117831303,1,snv_mnv,NA,NA,"broad,dkfz,muse,sanger",4,COSN16629887,NA,LTR52,FALSE,0.1587,NA,10,53,NA,NA,NA,Intron,FALSE,FALSE,FALSE,FALSE,4,2,2,2_2,754d26af-f184-497c-856a-cd1ea7a5115c,NA
8,118155546,118155546,1,snv_mnv,NA,NA,"broad,dkfz,muse,sanger",4,COSN16631652,rs747816042,NA,FALSE,0.0877,NA,5,52,NA,NA,NA,Intron,FALSE,FALSE,FALSE,FALSE,4,2,2,2_2,754d26af-f184-497c-856a-cd1ea7a5115c,NA
8,119141734,119141734,1,snv_mnv,NA,NA,"broad,dkfz,muse,sanger",4,COSN16630156,NA,NA,FALSE,0.082,NA,5,56,NA,NA,NA,IGR,FALSE,FALSE,FALSE,FALSE,4,2,2,2_2,754d26af-f184-497c-856a-cd1ea7a5115c,NA
8,120512814,120512814,1,snv_mnv,NA,NA,"broad,dkfz,muse,sanger",4,COSN16630307,NA,L2c,FALSE,0.1757,NA,13,61,NA,NA,NA,IGR,FALSE,FALSE,FALSE,FALSE,4,2,2,2_2,754d26af-f184-497c-856a-cd1ea7a5115c,NA
8,121040460,121040460,1,snv_mnv,NA,NA,"broad,dkfz,muse,sanger",4,COSN16629503,NA,AluSx,FALSE,0.1167,NA,7,53,NA,NA,NA,Intron,FALSE,FALSE,TRUE,FALSE,4,2,2,2_2,754d26af-f184-497c-856a-cd1ea7a5115c,NA
8,121976338,121976338,1,snv_mnv,NA,NA,"broad,dkfz,muse,sanger",4,COSN16633294,NA,THE1A,FALSE,0.1493,NA,10,57,NA,NA,NA,lincRNA,FALSE,FALSE,FALSE,FALSE,4,2,2,2_2,754d26af-f184-497c-856a-cd1ea7a5115c,NA
8,122731469,122731469,1,snv_mnv,NA,NA,"broad,muse",2,COSN16629335,rs527393740,MER52A,FALSE,0.1053,NA,4,34,NA,NA,NA,IGR,FALSE,FALSE,FALSE,FALSE,4,2,2,2_2,754d26af-f184-497c-856a-cd1ea7a5115c,NA
8,122960245,122960245,1,snv_mnv,NA,NA,"broad,muse",2,COSN16520666,NA,LTR12C,FALSE,0.2,NA,3,12,NA,NA,NA,IGR,FALSE,FALSE,FALSE,FALSE,4,2,2,2_2,754d26af-f184-497c-856a-cd1ea7a5115c,NA
8,123441554,123441554,1,snv_mnv,NA,NA,"broad,dkfz,muse,sanger",4,COSN16633395,NA,L1PA16,FALSE,0.1233,NA,9,64,NA,NA,NA,lincRNA,FALSE,FALSE,FALSE,FALSE,4,2,2,2_2,754d26af-f184-497c-856a-cd1ea7a5115c,SMILR
8,125627177,125627177,1,snv_mnv,NA,NA,"broad,dkfz,muse,sanger",4,COSN16630965,NA,NA,FALSE,0.1781,NA,13,60,NA,NA,NA,Intron,FALSE,FALSE,FALSE,FALSE,4,2,2,2_2,754d26af-f184-497c-856a-cd1ea7a5115c,NA
8,125831169,125831169,1,snv_mnv,NA,NA,"broad,dkfz,muse,sanger",4,COSN16633317,NA,NA,FALSE,0.1905,NA,12,51,NA,NA,NA,IGR,FALSE,FALSE,FALSE,FALSE,4,2,2,2_2,754d26af-f184-497c-856a-cd1ea7a5115c,"MIR4662B,MIR4662A"
8,127735281,127735281,1,snv_mnv,NA,NA,"broad,muse,sanger",3,COSN16631679,NA,NA,FALSE,0.0588,NA,5,80,NA,NA,NA,IGR,FALSE,FALSE,FALSE,FALSE,4,2,2,2_2,754d26af-f184-497c-856a-cd1ea7a5115c,NA
8,129244590,129244590,1,snv_mnv,NA,NA,"broad,muse",2,COSN16632677,NA,AluSx,FALSE,0.0714,NA,4,52,NA,NA,NA,IGR,FALSE,FALSE,FALSE,FALSE,4,2,2,2_2,754d26af-f184-497c-856a-cd1ea7a5115c,NA
8,129578393,129578393,1,snv_mnv,NA,NA,"broad,dkfz,muse,sanger",4,COSN16633026,NA,NA,FALSE,0.0964,NA,8,75,NA,NA,NA,IGR,FALSE,FALSE,FALSE,FALSE,4,2,2,2_2,754d26af-f184-497c-856a-cd1ea7a5115c,LINC00824
8,129954793,129954793,1,snv_mnv,NA,NA,"broad,muse,sanger",3,COSN16630371,NA,L2b,FALSE,0.0704,NA,5,66,NA,NA,NA,IGR,FALSE,FALSE,FALSE,FALSE,4,2,2,2_2,754d26af-f184-497c-856a-cd1ea7a5115c,NA
8,130006336,130006336,1,snv_mnv,NA,NA,"broad,dkfz,muse,sanger",4,COSN16629627,NA,NA,FALSE,0.1486,NA,11,63,NA,NA,NA,IGR,FALSE,FALSE,FALSE,FALSE,4,2,2,2_2,754d26af-f184-497c-856a-cd1ea7a5115c,NA
8,130219374,130219374,1,snv_mnv,NA,NA,"broad,dkfz,sanger",3,COSN16633348,NA,MIR,FALSE,0.2,NA,14,56,NA,NA,NA,IGR,FALSE,FALSE,FALSE,FALSE,4,2,2,2_2,754d26af-f184-497c-856a-cd1ea7a5115c,NA
8,130258018,130258018,1,snv_mnv,NA,NA,"broad,dkfz,muse,sanger",4,COSN16630447,NA,NA,FALSE,0.1132,NA,6,47,NA,NA,NA,IGR,FALSE,FALSE,FALSE,FALSE,4,2,2,2_2,754d26af-f184-497c-856a-cd1ea7a5115c,CCDC26
8,130538646,130538646,1,snv_mnv,NA,NA,"broad,dkfz,muse,sanger",4,COSN16630562,NA,MLT1F2,FALSE,0.0959,NA,7,66,NA,NA,NA,lincRNA,FALSE,FALSE,FALSE,FALSE,4,2,2,2_2,754d26af-f184-497c-856a-cd1ea7a5115c,NA
8,131068466,131068466,1,snv_mnv,NA,NA,"broad,dkfz,muse,sanger",4,COSN16630483,NA,MIRb,FALSE,0.0952,NA,4,38,NA,NA,NA,Intron,FALSE,FALSE,FALSE,FALSE,4,2,2,2_2,754d26af-f184-497c-856a-cd1ea7a5115c,NA
8,131068467,131068467,1,snv_mnv,NA,NA,"broad,dkfz,muse,sanger",4,COSN16632377,NA,MIRb,FALSE,0.0976,NA,4,37,NA,NA,NA,Intron,FALSE,FALSE,FALSE,FALSE,4,2,2,2_2,754d26af-f184-497c-856a-cd1ea7a5115c,NA
8,131079392,131079392,1,snv_mnv,NA,NA,"broad,dkfz,muse,sanger",4,COSN16631708,NA,NA,FALSE,0.1733,NA,13,62,NA,NA,NA,Intron,FALSE,FALSE,FALSE,FALSE,4,2,2,2_2,754d26af-f184-497c-856a-cd1ea7a5115c,RNU6-1255P
8,132068899,132068899,1,snv_mnv,1.9968e-4,rs548643025,"broad,dkfz,muse,sanger",4,COSN16516092,rs548643025,NA,FALSE,0.1719,NA,11,53,NA,NA,NA,IGR,FALSE,FALSE,FALSE,FALSE,4,2,2,2_2,754d26af-f184-497c-856a-cd1ea7a5115c,NA
8,132208484,132208484,1,snv_mnv,NA,NA,"broad,dkfz,muse,sanger",4,COSN16630120,NA,AluJb,FALSE,0.119,NA,10,74,NA,NA,NA,IGR,FALSE,FALSE,FALSE,FALSE,4,2,2,2_2,754d26af-f184-497c-856a-cd1ea7a5115c,NA
8,132353041,132353041,1,snv_mnv,NA,NA,"broad,dkfz,muse,sanger",4,COSN16632705,NA,NA,FALSE,0.0676,NA,5,69,NA,NA,NA,IGR,FALSE,FALSE,TRUE,FALSE,4,2,2,2_2,754d26af-f184-497c-856a-cd1ea7a5115c,NA
8,133089289,133089289,1,snv_mnv,1.9968e-4,rs570604286,"broad,dkfz,muse,sanger",4,COSN16629031,rs570604286,NA,FALSE,0.1538,NA,8,44,NA,NA,NA,Intron,FALSE,FALSE,FALSE,FALSE,4,2,2,2_2,754d26af-f184-497c-856a-cd1ea7a5115c,NA
8,133762672,133762672,1,snv_mnv,NA,NA,"broad,dkfz,muse,sanger",4,COSN16629743,NA,MLT1H2,FALSE,0.141,NA,11,67,NA,NA,NA,Intron,FALSE,FALSE,FALSE,FALSE,4,2,2,2_2,754d26af-f184-497c-856a-cd1ea7a5115c,TMEM71
8,133871576,133871576,1,snv_mnv,NA,NA,"broad,dkfz,muse,sanger",4,COSN16631881,NA,NA,FALSE,0.1014,NA,7,62,NA,NA,NA,IGR,FALSE,FALSE,FALSE,FALSE,4,2,2,2_2,754d26af-f184-497c-856a-cd1ea7a5115c,NA
8,136475453,136475453,1,snv_mnv,1.9968e-4,rs139222875,"broad,dkfz,sanger",3,COSN16629181,rs139222875,L2c,FALSE,0.0725,NA,5,64,NA,NA,NA,Intron,FALSE,FALSE,FALSE,FALSE,4,2,2,2_2,754d26af-f184-497c-856a-cd1ea7a5115c,NA
8,136537285,136537285,1,snv_mnv,NA,NA,"broad,dkfz,muse,sanger",4,COSN16632956,NA,L1ME2z,FALSE,0.2532,NA,20,59,NA,NA,NA,Intron,FALSE,FALSE,FALSE,FALSE,4,2,2,2_2,754d26af-f184-497c-856a-cd1ea7a5115c,NA
8,136591676,136591676,1,snv_mnv,NA,NA,"broad,muse,sanger",3,COSN16629089,NA,AluSz,FALSE,0.0556,NA,4,68,NA,NA,NA,Intron,FALSE,FALSE,FALSE,FALSE,4,2,2,2_2,754d26af-f184-497c-856a-cd1ea7a5115c,NA
8,136816644,136816644,1,snv_mnv,NA,NA,"broad,dkfz,muse,sanger",4,COSN16631325,rs780135784,MER103C,FALSE,0.1333,NA,8,52,NA,NA,NA,IGR,FALSE,FALSE,FALSE,FALSE,4,2,2,2_2,754d26af-f184-497c-856a-cd1ea7a5115c,NA
8,137530768,137530768,1,snv_mnv,NA,NA,"broad,dkfz,muse,sanger",4,COSN16629888,NA,L1MCc,FALSE,0.2414,NA,14,44,NA,NA,NA,lincRNA,FALSE,FALSE,FALSE,FALSE,4,2,2,2_2,754d26af-f184-497c-856a-cd1ea7a5115c,NA
8,138821959,138821959,1,snv_mnv,NA,NA,"broad,dkfz,muse,sanger",4,COSN16632706,NA,NA,FALSE,0.1364,NA,9,57,NA,NA,NA,lincRNA,FALSE,FALSE,FALSE,FALSE,4,2,2,2_2,754d26af-f184-497c-856a-cd1ea7a5115c,NA
8,138972816,138972816,1,snv_mnv,NA,NA,"broad,dkfz,muse,sanger",4,COSN16631138,NA,L2a,FALSE,0.2727,NA,18,48,NA,NA,NA,lincRNA,FALSE,FALSE,FALSE,FALSE,4,2,2,2_2,754d26af-f184-497c-856a-cd1ea7a5115c,NA
8,139086329,139086329,1,snv_mnv,NA,NA,"broad,dkfz,muse,sanger",4,COSN16632232,NA,NA,FALSE,0.0635,NA,4,59,NA,NA,NA,lincRNA,FALSE,FALSE,FALSE,FALSE,4,2,2,2_2,754d26af-f184-497c-856a-cd1ea7a5115c,AC079015.1
8,139681850,139681850,1,snv_mnv,NA,NA,"broad,muse,sanger",3,COSN16631443,NA,MIRb,FALSE,0.1132,NA,6,47,NA,NA,NA,Intron,FALSE,FALSE,FALSE,FALSE,4,2,2,2_2,754d26af-f184-497c-856a-cd1ea7a5115c,NA
8,140079202,140079202,1,snv_mnv,NA,NA,"broad,dkfz,sanger",3,COSN16633120,NA,MIRb,FALSE,0.1806,NA,13,59,NA,NA,NA,IGR,FALSE,FALSE,FALSE,FALSE,4,2,2,2_2,754d26af-f184-497c-856a-cd1ea7a5115c,NA
8,140145454,140145454,1,snv_mnv,NA,NA,"broad,dkfz,muse,sanger",4,COSN16633195,NA,NA,FALSE,0.0781,NA,5,59,NA,NA,NA,IGR,FALSE,FALSE,FALSE,FALSE,4,2,2,2_2,754d26af-f184-497c-856a-cd1ea7a5115c,NA
8,140242231,140242231,1,snv_mnv,NA,NA,"broad,dkfz,muse,sanger",4,COSN16628883,NA,NA,FALSE,0.1132,NA,6,47,NA,NA,NA,IGR,FALSE,FALSE,FALSE,FALSE,4,2,2,2_2,754d26af-f184-497c-856a-cd1ea7a5115c,NA
8,140536072,140536072,1,snv_mnv,NA,NA,"broad,dkfz,muse,sanger",4,COSN16632560,NA,L1MA5A,FALSE,0.2807,NA,16,41,NA,NA,NA,IGR,FALSE,FALSE,FALSE,FALSE,4,2,2,2_2,754d26af-f184-497c-856a-cd1ea7a5115c,NA
8,140928955,140928955,1,snv_mnv,NA,NA,"broad,muse,sanger",3,COSN16629662,NA,NA,FALSE,0.0847,NA,5,54,NA,NA,NA,Intron,FALSE,FALSE,FALSE,FALSE,4,2,2,2_2,754d26af-f184-497c-856a-cd1ea7a5115c,AC021744.1
8,142871321,142871321,1,snv_mnv,1.9968e-4,rs538821582,"broad,dkfz,muse,sanger",4,COSN16632094,rs538821582,NA,FALSE,0.1622,NA,6,31,NA,NA,NA,IGR,FALSE,FALSE,FALSE,FALSE,4,2,2,2_2,754d26af-f184-497c-856a-cd1ea7a5115c,MIR1302-7
8,143095230,143095230,1,snv_mnv,NA,NA,"broad,muse",2,COSN16631847,NA,MLT1D,FALSE,0.0769,NA,3,36,NA,NA,NA,IGR,FALSE,FALSE,FALSE,FALSE,4,2,2,2_2,754d26af-f184-497c-856a-cd1ea7a5115c,NA
8,143217885,143217885,1,snv_mnv,NA,NA,"broad,dkfz,sanger",3,COSN16633050,NA,NA,FALSE,0.2647,NA,9,25,NA,NA,NA,IGR,FALSE,FALSE,FALSE,FALSE,4,2,2,2_2,754d26af-f184-497c-856a-cd1ea7a5115c,NA
8,145553682,145553682,1,snv_mnv,NA,NA,"broad,dkfz,muse,sanger",4,COSN16629534,NA,NA,FALSE,0.1731,NA,9,43,NA,NA,NA,IGR,FALSE,FALSE,FALSE,FALSE,4,2,2,2_2,754d26af-f184-497c-856a-cd1ea7a5115c,"DGAT1,SCRT1"
8,146179828,146179828,1,snv_mnv,1.9968e-4,rs186892879,"broad,dkfz,muse,sanger",4,COSN16632258,rs186892879,HERVH-int,FALSE,0.1311,NA,8,53,NA,NA,NA,IGR,FALSE,FALSE,FALSE,FALSE,4,2,2,2_2,754d26af-f184-497c-856a-cd1ea7a5115c,ZNF16
9,668616,668616,1,snv_mnv,NA,NA,"broad,dkfz,muse,sanger",4,COSN16630864,NA,L1MA4,FALSE,0.0959,NA,7,66,NA,NA,NA,Intron,FALSE,FALSE,FALSE,FALSE,3,2,1,2_1,754d26af-f184-497c-856a-cd1ea7a5115c,NA
9,1199076,1199076,1,snv_mnv,NA,NA,"broad,muse",2,COSN16629972,NA,L3,FALSE,0.0678,NA,4,55,NA,NA,NA,IGR,FALSE,FALSE,FALSE,FALSE,3,2,1,2_1,754d26af-f184-497c-856a-cd1ea7a5115c,NA
9,1456211,1456211,1,snv_mnv,NA,NA,"broad,dkfz,muse,sanger",4,COSN16630705,NA,NA,FALSE,0.1803,NA,11,50,NA,NA,NA,IGR,FALSE,FALSE,FALSE,FALSE,3,2,1,2_1,754d26af-f184-497c-856a-cd1ea7a5115c,NA
9,3543533,3543533,1,snv_mnv,NA,NA,"broad,dkfz,muse,sanger",4,COSN16630528,NA,L1ME1,FALSE,0.194,NA,13,54,NA,NA,NA,lincRNA,FALSE,FALSE,FALSE,FALSE,3,2,1,2_1,754d26af-f184-497c-856a-cd1ea7a5115c,NA
9,3803058,3803058,1,snv_mnv,NA,NA,"dkfz,muse,sanger",3,COSN16630620,NA,L1ME3D,FALSE,0.125,NA,8,56,NA,NA,NA,IGR,FALSE,FALSE,FALSE,FALSE,3,2,1,2_1,754d26af-f184-497c-856a-cd1ea7a5115c,NA
9,4979265,4979265,1,snv_mnv,NA,NA,"broad,dkfz,muse,sanger",4,COSN16631033,NA,NA,FALSE,0.0704,NA,5,66,NA,NA,NA,IGR,FALSE,FALSE,FALSE,FALSE,3,2,1,2_1,754d26af-f184-497c-856a-cd1ea7a5115c,NA
9,7386766,7386766,1,snv_mnv,NA,NA,"broad,dkfz,muse,sanger",4,COSN16631034,NA,NA,FALSE,0.0676,NA,5,69,NA,NA,NA,IGR,FALSE,FALSE,FALSE,FALSE,3,2,1,2_1,754d26af-f184-497c-856a-cd1ea7a5115c,NA
9,7520899,7520899,1,snv_mnv,NA,NA,"broad,dkfz,muse,sanger",4,COSN16632259,NA,NA,FALSE,0.0882,NA,6,62,NA,NA,NA,IGR,FALSE,FALSE,FALSE,FALSE,3,2,1,2_1,754d26af-f184-497c-856a-cd1ea7a5115c,NA
9,9127263,9127263,1,snv_mnv,NA,NA,"broad,dkfz,muse,sanger",4,COSN16632329,NA,MER6,FALSE,0.2203,NA,13,46,NA,NA,NA,Intron,FALSE,FALSE,FALSE,FALSE,3,2,1,2_1,754d26af-f184-497c-856a-cd1ea7a5115c,NA
9,9353362,9353362,1,snv_mnv,NA,NA,"broad,dkfz,muse,sanger",4,COSN16631567,NA,MIR3,FALSE,0.14,NA,7,43,NA,NA,NA,Intron,FALSE,FALSE,FALSE,FALSE,2,2,0,2_0,754d26af-f184-497c-856a-cd1ea7a5115c,NA
9,9978760,9978760,1,snv_mnv,NA,NA,"broad,muse",2,COSN16628971,NA,L1ME5,FALSE,0.0755,NA,4,49,NA,NA,NA,Intron,FALSE,FALSE,FALSE,FALSE,2,2,0,2_0,754d26af-f184-497c-856a-cd1ea7a5115c,NA
9,11543283,11543283,1,snv_mnv,NA,NA,"broad,dkfz,muse",3,COSN16633121,NA,NA,FALSE,0.1618,NA,11,57,NA,NA,NA,IGR,FALSE,FALSE,FALSE,FALSE,2,2,0,2_0,754d26af-f184-497c-856a-cd1ea7a5115c,NA
9,11559660,11559660,1,snv_mnv,NA,NA,"broad,dkfz,muse,sanger",4,COSN16632642,NA,NA,FALSE,0.1148,NA,7,54,NA,NA,NA,IGR,FALSE,FALSE,FALSE,FALSE,2,2,0,2_0,754d26af-f184-497c-856a-cd1ea7a5115c,NA
9,11619115,11619115,1,snv_mnv,NA,NA,"broad,muse",2,COSN16630731,NA,NA,FALSE,0.0678,NA,4,55,NA,NA,NA,IGR,FALSE,FALSE,FALSE,FALSE,2,2,0,2_0,754d26af-f184-497c-856a-cd1ea7a5115c,AL592227.1
9,12531241,12531241,1,snv_mnv,NA,NA,"broad,dkfz,muse,sanger",4,COSN16632330,NA,NA,FALSE,0.1045,NA,7,60,NA,NA,NA,IGR,FALSE,FALSE,FALSE,FALSE,2,2,0,2_0,754d26af-f184-497c-856a-cd1ea7a5115c,NA
9,12841454,12841454,1,snv_mnv,NA,NA,"broad,dkfz,muse,sanger",4,COSN16628884,rs555487436,L1MEf,FALSE,0.1351,NA,10,64,NA,NA,NA,IGR,FALSE,FALSE,FALSE,FALSE,2,2,0,2_0,754d26af-f184-497c-856a-cd1ea7a5115c,NA
9,15054762,15054762,1,snv_mnv,NA,NA,"broad,muse,sanger",3,COSN16629707,NA,L1PA7,FALSE,0.093,NA,4,39,NA,NA,NA,RNA,FALSE,FALSE,FALSE,FALSE,2,2,0,2_0,754d26af-f184-497c-856a-cd1ea7a5115c,AL592293.2
9,15835183,15835183,1,snv_mnv,NA,NA,"broad,dkfz,muse,sanger",4,COSN16632561,NA,NA,FALSE,0.0746,NA,5,62,NA,NA,NA,Intron,FALSE,FALSE,FALSE,FALSE,2,2,0,2_0,754d26af-f184-497c-856a-cd1ea7a5115c,NA
9,18468652,18468652,1,snv_mnv,NA,NA,"broad,muse,sanger",3,COSN16631172,NA,MIRb,FALSE,0.1087,NA,5,41,NA,NA,NA,IGR,FALSE,FALSE,FALSE,FALSE,2,2,0,2_0,754d26af-f184-497c-856a-cd1ea7a5115c,NA
9,19599774,19599774,1,snv_mnv,NA,NA,"broad,dkfz,muse,sanger",4,COSN16629396,NA,NA,FALSE,0.1552,NA,9,49,NA,NA,NA,Intron,FALSE,FALSE,TRUE,FALSE,2,2,0,2_0,754d26af-f184-497c-856a-cd1ea7a5115c,NA
9,20841823,20841823,1,snv_mnv,NA,NA,"broad,dkfz,muse,sanger",4,COSN16631060,NA,L1M1,FALSE,0.1404,NA,8,49,NA,NA,NA,Intron,FALSE,FALSE,FALSE,FALSE,2,2,0,2_0,754d26af-f184-497c-856a-cd1ea7a5115c,NA
9,21310682,21310682,1,snv_mnv,NA,NA,"broad,dkfz,muse,sanger",4,COSN16632529,NA,NA,FALSE,0.0952,NA,4,38,NA,NA,NA,IGR,FALSE,FALSE,FALSE,FALSE,2,2,0,2_0,754d26af-f184-497c-856a-cd1ea7a5115c,NA
9,23440794,23440794,1,snv_mnv,NA,NA,"broad,dkfz,muse,sanger",4,COSN16630241,NA,L2a,FALSE,0.2632,NA,10,28,NA,NA,NA,IGR,FALSE,FALSE,FALSE,FALSE,0,0,0,0_0,754d26af-f184-497c-856a-cd1ea7a5115c,NA
9,24289006,24289006,1,snv_mnv,NA,NA,"broad,muse",2,COSN16629090,NA,L2a,FALSE,0.1,NA,5,45,NA,NA,NA,IGR,FALSE,FALSE,FALSE,FALSE,0,0,0,0_0,754d26af-f184-497c-856a-cd1ea7a5115c,NA
9,30012383,30012383,1,snv_mnv,NA,NA,"broad,muse,sanger",3,COSN16629204,NA,NA,FALSE,0.0889,NA,4,41,NA,NA,NA,IGR,FALSE,FALSE,FALSE,FALSE,0,0,0,0_0,754d26af-f184-497c-856a-cd1ea7a5115c,NA
9,30622117,30622117,1,snv_mnv,NA,NA,"broad,dkfz,muse,sanger",4,COSN16632707,NA,NA,FALSE,0.25,NA,12,36,NA,NA,NA,IGR,FALSE,FALSE,FALSE,FALSE,1,1,0,1_0,754d26af-f184-497c-856a-cd1ea7a5115c,NA
9,32661937,32661937,1,snv_mnv,NA,NA,"broad,dkfz,muse,sanger",4,COSN16631908,NA,NA,FALSE,0.1014,NA,7,62,NA,NA,NA,IGR,FALSE,FALSE,FALSE,FALSE,3,2,1,2_1,754d26af-f184-497c-856a-cd1ea7a5115c,NA
9,34822667,34822667,1,snv_mnv,0.0013978,rs551031919,"broad,dkfz,muse,sanger",4,COSN16630121,rs551031919,MER5A,FALSE,0.0933,NA,7,68,NA,NA,NA,IGR,FALSE,FALSE,FALSE,FALSE,3,2,1,2_1,754d26af-f184-497c-856a-cd1ea7a5115c,NA
9,36799512,36799512,1,snv_mnv,NA,NA,"broad,dkfz,muse,sanger",4,COSN6390390,rs867230618,NA,FALSE,0.1176,NA,4,30,NA,NA,NA,IGR,FALSE,FALSE,FALSE,FALSE,3,2,1,2_1,754d26af-f184-497c-856a-cd1ea7a5115c,NA
9,71075005,71075005,1,snv_mnv,NA,NA,"broad,dkfz,muse,sanger",4,COSN16633318,NA,NA,FALSE,0.2667,NA,16,44,NA,NA,NA,Intron,FALSE,FALSE,FALSE,FALSE,3,2,1,2_1,754d26af-f184-497c-856a-cd1ea7a5115c,PGM5
9,71384835,71384835,1,snv_mnv,NA,NA,"broad,muse,sanger",3,COSN16629772,NA,NA,FALSE,0.069,NA,4,54,NA,NA,NA,Intron,FALSE,FALSE,FALSE,FALSE,3,2,1,2_1,754d26af-f184-497c-856a-cd1ea7a5115c,NA
9,72159984,72159984,1,snv_mnv,NA,NA,"broad,dkfz,muse,sanger",4,COSN16629032,NA,NA,FALSE,0.1639,NA,10,51,NA,NA,NA,Intron,FALSE,FALSE,FALSE,FALSE,3,2,1,2_1,754d26af-f184-497c-856a-cd1ea7a5115c,NA
9,73226558,73226558,1,snv_mnv,NA,NA,"broad,dkfz,muse,sanger",4,COSN16630308,NA,NA,FALSE,0.1395,NA,6,37,NA,NA,NA,Intron,FALSE,FALSE,FALSE,FALSE,3,2,1,2_1,754d26af-f184-497c-856a-cd1ea7a5115c,NA
9,73530512,73530512,1,snv_mnv,NA,NA,"broad,dkfz,muse,sanger",4,COSN16632708,NA,AluY,FALSE,0.1194,NA,8,59,NA,NA,NA,Intron,FALSE,FALSE,FALSE,FALSE,3,2,1,2_1,754d26af-f184-497c-856a-cd1ea7a5115c,PIGUP1
9,74114879,74114879,1,snv_mnv,3.9936e-4,rs192769448,"broad,dkfz,muse",3,COSN16629744,rs192769448,AluSq2,FALSE,0.15,NA,6,34,NA,NA,NA,IGR,FALSE,FALSE,FALSE,FALSE,3,2,1,2_1,754d26af-f184-497c-856a-cd1ea7a5115c,NA
9,76864860,76864860,1,snv_mnv,NA,NA,"broad,dkfz,muse,sanger",4,COSN16631935,NA,L1MB8,FALSE,0.1129,NA,7,55,NA,NA,NA,IGR,FALSE,FALSE,FALSE,FALSE,3,2,1,2_1,754d26af-f184-497c-856a-cd1ea7a5115c,NA
9,77174307,77174307,1,snv_mnv,NA,NA,"broad,dkfz,muse,sanger",4,COSN16631817,NA,NA,FALSE,0.0847,NA,5,54,NA,NA,NA,Intron,FALSE,FALSE,FALSE,FALSE,3,2,1,2_1,754d26af-f184-497c-856a-cd1ea7a5115c,NA
9,77553218,77553218,1,snv_mnv,9.984e-4,rs567092523,"broad,muse",2,COSN17552100,rs567092523,AluJr,FALSE,0.1316,NA,5,33,NA,NA,NA,IGR,FALSE,FALSE,FALSE,FALSE,3,2,1,2_1,754d26af-f184-497c-856a-cd1ea7a5115c,NA
9,78188708,78188708,1,snv_mnv,5.9904e-4,rs140384205,"broad,dkfz,muse,sanger",4,COSN16629453,rs140384205,NA,FALSE,0.0678,NA,4,55,NA,NA,NA,IGR,FALSE,FALSE,FALSE,FALSE,3,2,1,2_1,754d26af-f184-497c-856a-cd1ea7a5115c,NA
9,79453760,79453760,1,snv_mnv,NA,NA,"broad,dkfz,muse,sanger",4,COSN16629860,NA,NA,FALSE,0.2041,NA,10,39,NA,NA,NA,Intron,FALSE,FALSE,TRUE,FALSE,3,2,1,2_1,754d26af-f184-497c-856a-cd1ea7a5115c,NA
9,79595057,79595057,1,snv_mnv,NA,NA,"broad,dkfz,muse,sanger",4,COSN16632233,NA,AluSx1,FALSE,0.3061,NA,15,34,NA,NA,NA,IGR,FALSE,FALSE,FALSE,FALSE,3,2,1,2_1,754d26af-f184-497c-856a-cd1ea7a5115c,NA
9,82630002,82630002,1,snv_mnv,NA,NA,"broad,muse,sanger",3,COSN16630966,NA,AluSz6,FALSE,0.0735,NA,5,63,NA,NA,NA,IGR,FALSE,FALSE,FALSE,FALSE,3,2,1,2_1,754d26af-f184-497c-856a-cd1ea7a5115c,NA
9,82703692,82703692,1,snv_mnv,NA,NA,"broad,muse,sanger",3,COSN16630448,NA,NA,FALSE,0.1053,NA,6,51,NA,NA,NA,IGR,FALSE,FALSE,FALSE,FALSE,3,2,1,2_1,754d26af-f184-497c-856a-cd1ea7a5115c,NA
9,82892208,82892208,1,snv_mnv,NA,NA,"broad,muse,sanger",3,COSN16632076,NA,NA,FALSE,0.0727,NA,4,51,NA,NA,NA,IGR,FALSE,FALSE,FALSE,FALSE,3,2,1,2_1,754d26af-f184-497c-856a-cd1ea7a5115c,NA
9,83130916,83130916,1,snv_mnv,NA,NA,"broad,dkfz,muse,sanger",4,COSN16630211,NA,L1PA11,FALSE,0.2642,NA,14,39,NA,NA,NA,IGR,FALSE,FALSE,FALSE,FALSE,3,2,1,2_1,754d26af-f184-497c-856a-cd1ea7a5115c,NA
9,83148506,83148506,1,snv_mnv,NA,NA,"broad,dkfz,muse,sanger",4,COSN16632378,NA,L1PA11,FALSE,0.1613,NA,10,52,NA,NA,NA,IGR,FALSE,FALSE,TRUE,FALSE,3,2,1,2_1,754d26af-f184-497c-856a-cd1ea7a5115c,NA
9,83165839,83165839,1,snv_mnv,NA,NA,"broad,dkfz,muse,sanger",4,COSN16633371,NA,ERVL-E-int,FALSE,0.1321,NA,7,46,NA,NA,NA,IGR,FALSE,FALSE,TRUE,FALSE,3,2,1,2_1,754d26af-f184-497c-856a-cd1ea7a5115c,NA
9,84316306,84316306,1,snv_mnv,NA,NA,"broad,muse,sanger",3,COSN16628941,NA,FLAM_C,FALSE,0.122,NA,5,36,NA,NA,NA,lincRNA,FALSE,FALSE,FALSE,FALSE,3,2,1,2_1,754d26af-f184-497c-856a-cd1ea7a5115c,NA
9,84921426,84921426,1,snv_mnv,NA,NA,"broad,muse",2,COSN16629148,NA,(TA)n,FALSE,0.0952,NA,4,38,NA,NA,NA,IGR,FALSE,FALSE,FALSE,FALSE,3,2,1,2_1,754d26af-f184-497c-856a-cd1ea7a5115c,NA
9,87208358,87208358,1,snv_mnv,NA,NA,"broad,dkfz,muse",3,COSN16632643,NA,NA,FALSE,0.0667,NA,6,84,NA,NA,NA,IGR,FALSE,FALSE,FALSE,FALSE,3,2,1,2_1,754d26af-f184-497c-856a-cd1ea7a5115c,NA
9,87592575,87592575,1,snv_mnv,NA,NA,"broad,dkfz,muse,sanger",4,COSN16631061,NA,(CATATA)n,FALSE,0.0706,NA,6,79,NA,NA,NA,Intron,FALSE,FALSE,TRUE,FALSE,3,2,1,2_1,754d26af-f184-497c-856a-cd1ea7a5115c,NA
9,87665849,87665849,1,snv_mnv,NA,NA,"broad,dkfz,muse,sanger",4,COSN16630563,NA,NA,FALSE,0.0847,NA,5,54,NA,NA,NA,IGR,FALSE,FALSE,FALSE,FALSE,3,2,1,2_1,754d26af-f184-497c-856a-cd1ea7a5115c,NA
9,87745660,87745660,1,snv_mnv,NA,NA,"broad,dkfz,muse,sanger",4,COSN16629091,NA,NA,FALSE,0.08,NA,6,69,NA,NA,NA,IGR,FALSE,FALSE,FALSE,FALSE,3,2,1,2_1,754d26af-f184-497c-856a-cd1ea7a5115c,NA
9,87832168,87832168,1,snv_mnv,NA,NA,"broad,dkfz,muse,sanger",4,COSN16629149,NA,L2a,FALSE,0.1231,NA,8,57,NA,NA,NA,IGR,FALSE,FALSE,FALSE,FALSE,3,2,1,2_1,754d26af-f184-497c-856a-cd1ea7a5115c,NA
9,94483639,94483639,1,snv_mnv,NA,NA,"broad,muse,sanger",3,COSN16630850,NA,MER39,FALSE,0.1163,NA,5,38,NA,NA,NA,IGR,FALSE,FALSE,FALSE,FALSE,3,2,1,2_1,754d26af-f184-497c-856a-cd1ea7a5115c,ROR2
9,96806250,96806250,1,snv_mnv,NA,NA,"broad,dkfz,muse,sanger",4,COSN16633319,NA,L1MC3,FALSE,0.0789,NA,6,70,NA,NA,NA,Intron,FALSE,FALSE,FALSE,FALSE,3,2,1,2_1,754d26af-f184-497c-856a-cd1ea7a5115c,NA
9,96849871,96849871,1,snv_mnv,NA,NA,"broad,muse,sanger",3,COSN16631848,NA,L1MC4a,FALSE,0.0833,NA,6,66,NA,NA,NA,Intron,FALSE,FALSE,FALSE,FALSE,3,2,1,2_1,754d26af-f184-497c-856a-cd1ea7a5115c,NA
9,98425222,98425222,1,snv_mnv,NA,NA,"broad,muse,sanger",3,COSN16631108,NA,AluJr,FALSE,0.1111,NA,5,40,NA,NA,NA,lincRNA,FALSE,FALSE,FALSE,FALSE,3,2,1,2_1,754d26af-f184-497c-856a-cd1ea7a5115c,NA
9,99781812,99781812,1,snv_mnv,NA,NA,"broad,dkfz,muse,sanger",4,COSN16632134,NA,NA,FALSE,0.1875,NA,9,39,NA,NA,NA,IGR,FALSE,FALSE,FALSE,FALSE,3,2,1,2_1,754d26af-f184-497c-856a-cd1ea7a5115c,NA
9,99823410,99823410,1,snv_mnv,NA,NA,"broad,dkfz,muse,sanger",4,COSN16632282,NA,NA,FALSE,0.2093,NA,9,34,NA,NA,NA,IGR,FALSE,FALSE,FALSE,FALSE,3,2,1,2_1,754d26af-f184-497c-856a-cd1ea7a5115c,NA
9,101092730,101092730,1,snv_mnv,NA,NA,"broad,dkfz,muse,sanger",4,COSN16630122,NA,MLT1K,FALSE,0.0822,NA,6,67,NA,NA,NA,Intron,FALSE,FALSE,FALSE,FALSE,3,2,1,2_1,754d26af-f184-497c-856a-cd1ea7a5115c,NA
9,101319163,101319163,1,snv_mnv,NA,NA,"broad,muse,sanger",3,COSN16630030,NA,AluJb,FALSE,0.0968,NA,3,28,NA,NA,NA,Intron,FALSE,FALSE,FALSE,FALSE,3,2,1,2_1,754d26af-f184-497c-856a-cd1ea7a5115c,GABBR2
9,106009175,106009175,1,snv_mnv,NA,NA,"broad,dkfz,muse,sanger",4,COSN16631986,NA,NA,FALSE,0.2143,NA,15,55,NA,NA,NA,lincRNA,FALSE,FALSE,FALSE,FALSE,3,2,1,2_1,754d26af-f184-497c-856a-cd1ea7a5115c,NA
9,106120589,106120589,1,snv_mnv,NA,NA,"broad,muse,sanger",3,COSN16631960,NA,L1MEc,FALSE,0.1628,NA,7,36,NA,NA,NA,IGR,FALSE,FALSE,FALSE,FALSE,3,2,1,2_1,754d26af-f184-497c-856a-cd1ea7a5115c,AL390962.1
9,106781749,106781749,1,snv_mnv,NA,NA,"broad,muse",2,COSN16631987,NA,L2b,FALSE,0.0656,NA,4,57,NA,NA,NA,IGR,FALSE,FALSE,FALSE,FALSE,3,2,1,2_1,754d26af-f184-497c-856a-cd1ea7a5115c,NA
9,106813486,106813486,1,snv_mnv,NA,NA,"broad,dkfz,muse,sanger",4,COSN16633196,NA,NA,FALSE,0.0806,NA,5,57,NA,NA,NA,IGR,FALSE,FALSE,FALSE,FALSE,3,2,1,2_1,754d26af-f184-497c-856a-cd1ea7a5115c,NA
9,108299795,108299795,1,snv_mnv,NA,NA,"broad,muse",2,COSN16631393,NA,NA,FALSE,0.0658,NA,5,71,NA,NA,NA,Intron,FALSE,FALSE,FALSE,FALSE,3,2,1,2_1,754d26af-f184-497c-856a-cd1ea7a5115c,NA
9,108698217,108698217,1,snv_mnv,1.9968e-4,rs572612842,"broad,dkfz,muse,sanger",4,COSN16632848,rs572612842,L1ME4a,FALSE,0.1294,NA,11,74,NA,NA,NA,IGR,FALSE,FALSE,FALSE,FALSE,3,2,1,2_1,754d26af-f184-497c-856a-cd1ea7a5115c,NA
9,109348259,109348259,1,snv_mnv,NA,NA,"broad,dkfz,muse,sanger",4,COSN16632585,NA,NA,FALSE,0.1429,NA,7,42,NA,NA,NA,lincRNA,FALSE,FALSE,FALSE,FALSE,3,2,1,2_1,754d26af-f184-497c-856a-cd1ea7a5115c,NA
9,110912382,110912382,1,snv_mnv,NA,NA,"broad,dkfz,muse,sanger",4,COSN16629555,NA,NA,FALSE,0.1061,NA,7,59,NA,NA,NA,IGR,FALSE,FALSE,FALSE,FALSE,3,2,1,2_1,754d26af-f184-497c-856a-cd1ea7a5115c,NA
9,111323372,111323372,1,snv_mnv,NA,NA,"broad,dkfz,muse,sanger",4,COSN16630082,NA,AluSx,FALSE,0.1707,NA,7,34,NA,NA,NA,IGR,FALSE,FALSE,FALSE,FALSE,3,2,1,2_1,754d26af-f184-497c-856a-cd1ea7a5115c,NA
9,112360000,112360000,1,snv_mnv,NA,NA,"broad,muse,sanger",3,COSN16631529,NA,L1MC5,FALSE,0.0755,NA,4,49,NA,NA,NA,IGR,FALSE,FALSE,FALSE,FALSE,3,2,1,2_1,754d26af-f184-497c-856a-cd1ea7a5115c,NA
9,113291751,113291751,1,snv_mnv,NA,NA,"broad,muse,sanger",3,COSN16632437,NA,L1PB3,FALSE,0.0806,NA,5,57,NA,NA,NA,Intron,FALSE,FALSE,FALSE,FALSE,3,2,1,2_1,754d26af-f184-497c-856a-cd1ea7a5115c,NA
9,113357861,113357861,1,snv_mnv,NA,NA,"broad,dkfz,muse,sanger",4,COSN16628942,NA,L1PA11,FALSE,0.1154,NA,9,69,NA,NA,NA,IGR,FALSE,FALSE,FALSE,FALSE,3,2,1,2_1,754d26af-f184-497c-856a-cd1ea7a5115c,AL592463.1
9,115193206,115193206,1,snv_mnv,NA,NA,"broad,muse,sanger",3,COSN16632438,NA,AluSx,FALSE,0.1538,NA,6,33,NA,NA,NA,Intron,FALSE,FALSE,FALSE,FALSE,3,2,1,2_1,754d26af-f184-497c-856a-cd1ea7a5115c,C9orf147
9,115797675,115797675,1,snv_mnv,NA,NA,"broad,dkfz,muse,sanger",4,COSN16629745,NA,L1MEf,FALSE,0.1429,NA,10,60,NA,NA,NA,IGR,FALSE,FALSE,FALSE,FALSE,3,2,1,2_1,754d26af-f184-497c-856a-cd1ea7a5115c,ZFP37
9,117720550,117720550,1,snv_mnv,NA,NA,"broad,dkfz,muse,sanger",4,COSN16632562,NA,NA,FALSE,0.2308,NA,9,30,NA,NA,NA,IGR,FALSE,FALSE,FALSE,FALSE,3,2,1,2_1,754d26af-f184-497c-856a-cd1ea7a5115c,NA
9,117825202,117825202,1,snv_mnv,NA,NA,"broad,dkfz,muse,sanger",4,COSM4962682,rs145446426,NA,FALSE,0.1786,NA,10,46,NA,NA,NA,Missense_Mutation,FALSE,FALSE,FALSE,FALSE,3,2,1,2_1,754d26af-f184-497c-856a-cd1ea7a5115c,TNC
9,119101636,119101636,1,snv_mnv,NA,NA,"broad,dkfz,muse,sanger",4,COSN16629556,NA,MER102b,FALSE,0.1216,NA,9,65,NA,NA,NA,Intron,FALSE,FALSE,FALSE,FALSE,3,2,1,2_1,754d26af-f184-497c-856a-cd1ea7a5115c,PAPPA
9,119671791,119671791,1,snv_mnv,NA,NA,"broad,muse,sanger",3,COSN16632208,NA,L2a,FALSE,0.0615,NA,4,61,NA,NA,NA,Intron,FALSE,FALSE,FALSE,FALSE,3,2,1,2_1,754d26af-f184-497c-856a-cd1ea7a5115c,NA
9,119999479,119999479,1,snv_mnv,NA,NA,"broad,muse,sanger",3,COSN16631394,NA,MADE1,FALSE,0.0968,NA,6,56,NA,NA,NA,Intron,FALSE,FALSE,TRUE,FALSE,3,2,1,2_1,754d26af-f184-497c-856a-cd1ea7a5115c,NA
9,120964690,120964690,1,snv_mnv,NA,NA,"broad,muse,sanger",3,COSN16631909,NA,L1PREC2,FALSE,0.0667,NA,4,56,NA,NA,NA,IGR,FALSE,FALSE,FALSE,FALSE,3,2,1,2_1,754d26af-f184-497c-856a-cd1ea7a5115c,NA
9,121396348,121396348,1,snv_mnv,NA,NA,"broad,muse,sanger",3,COSN16631961,NA,MER9a2,FALSE,0.0714,NA,4,52,NA,NA,NA,IGR,FALSE,FALSE,FALSE,FALSE,3,2,1,2_1,754d26af-f184-497c-856a-cd1ea7a5115c,NA
9,122183660,122183660,1,snv_mnv,1.9968e-4,rs140815482,"broad,dkfz,muse,sanger",4,COSN16632014,rs140815482,NA,FALSE,0.2373,NA,14,45,NA,NA,NA,IGR,FALSE,FALSE,FALSE,FALSE,3,2,1,2_1,754d26af-f184-497c-856a-cd1ea7a5115c,NA
9,122398026,122398026,1,snv_mnv,NA,NA,"broad,dkfz,muse,sanger",4,COSN16632737,NA,L2b,FALSE,0.1667,NA,8,40,NA,NA,NA,IGR,FALSE,FALSE,FALSE,FALSE,3,2,1,2_1,754d26af-f184-497c-856a-cd1ea7a5115c,NA
9,122437706,122437706,1,snv_mnv,NA,NA,"broad,muse,sanger",3,COSN16631242,NA,MIR,FALSE,0.1087,NA,5,41,NA,NA,NA,IGR,FALSE,FALSE,FALSE,FALSE,3,2,1,2_1,754d26af-f184-497c-856a-cd1ea7a5115c,NA
9,122453685,122453685,1,snv_mnv,NA,NA,"broad,dkfz,muse,sanger",4,COSN16632152,NA,NA,FALSE,0.082,NA,5,56,NA,NA,NA,IGR,FALSE,FALSE,FALSE,FALSE,3,2,1,2_1,754d26af-f184-497c-856a-cd1ea7a5115c,NA
9,122453686,122453686,1,snv_mnv,NA,NA,"broad,dkfz,muse,sanger",4,COSN16629889,NA,NA,FALSE,0.082,NA,5,56,NA,NA,NA,IGR,FALSE,FALSE,FALSE,FALSE,3,2,1,2_1,754d26af-f184-497c-856a-cd1ea7a5115c,NA
9,122808232,122808232,1,snv_mnv,NA,NA,"broad,dkfz,muse,sanger",4,COSN16631444,NA,AluSp,FALSE,0.1538,NA,8,44,NA,NA,NA,IGR,FALSE,FALSE,FALSE,FALSE,3,2,1,2_1,754d26af-f184-497c-856a-cd1ea7a5115c,NA
9,122926337,122926337,1,snv_mnv,NA,NA,"broad,muse",2,COSN16631139,NA,LTR85a,FALSE,0.1064,NA,5,42,NA,NA,NA,IGR,FALSE,FALSE,FALSE,FALSE,3,2,1,2_1,754d26af-f184-497c-856a-cd1ea7a5115c,NA
9,123604772,123604772,1,snv_mnv,NA,NA,"muse,sanger",2,COSN16631622,NA,NA,FALSE,0.0833,NA,3,33,NA,NA,NA,Intron,FALSE,FALSE,FALSE,FALSE,3,2,1,2_1,754d26af-f184-497c-856a-cd1ea7a5115c,CUTALP
9,123819706,123819706,1,snv_mnv,NA,NA,"dkfz,muse,sanger",3,COSN16629150,NA,L1M1,FALSE,0.0566,NA,6,100,NA,NA,NA,IGR,FALSE,FALSE,FALSE,FALSE,3,2,1,2_1,754d26af-f184-497c-856a-cd1ea7a5115c,NA
9,125729397,125729397,1,snv_mnv,NA,NA,"broad,dkfz,muse,sanger",4,COSN16632104,NA,L2a,FALSE,0.1321,NA,7,46,NA,NA,NA,Intron,FALSE,FALSE,FALSE,FALSE,3,2,1,2_1,754d26af-f184-497c-856a-cd1ea7a5115c,NA
9,126423569,126423569,1,snv_mnv,NA,NA,"broad,dkfz,muse,sanger",4,COSN16633372,NA,HAL1,FALSE,0.1176,NA,8,60,NA,NA,NA,Intron,FALSE,FALSE,FALSE,FALSE,3,2,1,2_1,754d26af-f184-497c-856a-cd1ea7a5115c,NA
9,128124881,128124881,1,snv_mnv,NA,NA,"broad,dkfz,muse,sanger",4,COSM4962713,NA,NA,FALSE,0.0959,NA,7,66,NA,NA,NA,Intron,FALSE,FALSE,FALSE,FALSE,3,2,1,2_1,754d26af-f184-497c-856a-cd1ea7a5115c,GAPVD1
9,128347883,128347883,1,snv_mnv,NA,NA,"broad,dkfz,muse,sanger",4,COSM4962690,NA,NA,FALSE,0.0889,NA,4,41,NA,NA,NA,Missense_Mutation,FALSE,FALSE,FALSE,FALSE,3,2,1,2_1,754d26af-f184-497c-856a-cd1ea7a5115c,NA
9,132846720,132846720,1,snv_mnv,7.9872e-4,rs527937614,"broad,dkfz,muse,sanger",4,COSN16632470,rs527937614,NA,FALSE,0.1463,NA,6,35,NA,NA,NA,Intron,FALSE,FALSE,FALSE,FALSE,3,2,1,2_1,754d26af-f184-497c-856a-cd1ea7a5115c,NA
9,134570398,134570398,1,snv_mnv,NA,NA,"broad,dkfz,muse,sanger",4,COSN16630450,rs757974060,L1PA4,FALSE,0.1552,NA,9,49,NA,NA,NA,Intron,FALSE,FALSE,FALSE,FALSE,3,2,1,2_1,754d26af-f184-497c-856a-cd1ea7a5115c,NA
9,136082331,136082331,1,snv_mnv,NA,NA,"broad,dkfz,muse,sanger",4,COSN16629916,rs782791402,NA,FALSE,0.24,NA,6,19,NA,NA,NA,Intron,FALSE,FALSE,FALSE,FALSE,3,2,1,2_1,754d26af-f184-497c-856a-cd1ea7a5115c,NA
9,136407314,136407314,1,snv_mnv,NA,NA,"broad,dkfz,muse,sanger",4,COSN16632234,NA,NA,FALSE,0.1852,NA,5,22,NA,NA,NA,Intron,FALSE,FALSE,FALSE,FALSE,3,2,1,2_1,754d26af-f184-497c-856a-cd1ea7a5115c,NA
9,136991021,136991021,1,snv_mnv,NA,NA,"broad,dkfz,muse,sanger",4,COSN16629708,NA,NA,FALSE,0.1892,NA,7,30,NA,NA,NA,IGR,FALSE,FALSE,FALSE,FALSE,3,2,1,2_1,754d26af-f184-497c-856a-cd1ea7a5115c,NA
9,137972956,137972956,1,snv_mnv,NA,NA,"broad,muse,sanger",3,COSN16632644,NA,NA,FALSE,0.1282,NA,5,34,NA,NA,NA,Intron,FALSE,FALSE,FALSE,FALSE,3,2,1,2_1,754d26af-f184-497c-856a-cd1ea7a5115c,OLFM1
9,138766860,138766860,1,snv_mnv,NA,NA,"broad,dkfz,muse,sanger",4,COSN16630732,NA,L1ME1,FALSE,0.1724,NA,10,48,NA,NA,NA,Intron,FALSE,FALSE,FALSE,FALSE,3,2,1,2_1,754d26af-f184-497c-856a-cd1ea7a5115c,NA
X,3258537,3258537,1,snv_mnv,NA,NA,"broad,dkfz,muse,sanger",4,COSN16629639,NA,NA,FALSE,0.0833,NA,6,66,NA,NA,NA,Intron,FALSE,FALSE,FALSE,FALSE,3,3,0,3_0,754d26af-f184-497c-856a-cd1ea7a5115c,NA
X,4201592,4201592,1,snv_mnv,NA,NA,"broad,dkfz,muse,sanger",4,COSN16632625,NA,L1MB3,FALSE,0.0923,NA,6,59,NA,NA,NA,IGR,FALSE,FALSE,FALSE,FALSE,3,3,0,3_0,754d26af-f184-497c-856a-cd1ea7a5115c,NA
X,4316316,4316316,1,snv_mnv,NA,NA,"broad,dkfz,muse,sanger",4,COSN16629004,NA,AluJr,FALSE,0.1618,NA,11,57,NA,NA,NA,IGR,FALSE,FALSE,FALSE,FALSE,3,3,0,3_0,754d26af-f184-497c-856a-cd1ea7a5115c,NA
X,4448422,4448422,1,snv_mnv,NA,NA,"broad,muse,sanger",3,COSN16632569,NA,NA,FALSE,0.0676,NA,5,69,NA,NA,NA,IGR,FALSE,FALSE,TRUE,FALSE,3,3,0,3_0,754d26af-f184-497c-856a-cd1ea7a5115c,NA
X,4449605,4449605,1,snv_mnv,NA,NA,"broad,dkfz,muse,sanger",4,COSN16632363,NA,NA,FALSE,0.3333,NA,10,20,NA,NA,NA,IGR,FALSE,FALSE,FALSE,FALSE,3,3,0,3_0,754d26af-f184-497c-856a-cd1ea7a5115c,NA
X,5470547,5470547,1,snv_mnv,NA,NA,"broad,dkfz,muse,sanger",4,COSN16632414,NA,LTR1B,FALSE,0.1395,NA,6,37,NA,NA,NA,IGR,FALSE,FALSE,FALSE,FALSE,3,3,0,3_0,754d26af-f184-497c-856a-cd1ea7a5115c,NA
X,5504858,5504858,1,snv_mnv,NA,NA,"broad,dkfz,muse,sanger",4,COSN16632626,NA,NA,FALSE,0.2875,NA,23,57,NA,NA,NA,IGR,FALSE,FALSE,FALSE,FALSE,3,3,0,3_0,754d26af-f184-497c-856a-cd1ea7a5115c,NA
X,5527792,5527792,1,snv_mnv,NA,NA,"broad,dkfz,muse,sanger",4,COSN16629434,NA,NA,FALSE,0.1207,NA,7,51,NA,NA,NA,IGR,FALSE,FALSE,FALSE,FALSE,3,3,0,3_0,754d26af-f184-497c-856a-cd1ea7a5115c,NA
X,5612285,5612285,1,snv_mnv,NA,NA,"broad,dkfz,muse,sanger",4,COSN16629518,rs760098648,NA,FALSE,0.1061,NA,7,59,NA,NA,NA,lincRNA,FALSE,FALSE,FALSE,FALSE,3,3,0,3_0,754d26af-f184-497c-856a-cd1ea7a5115c,NA
X,6220145,6220145,1,snv_mnv,NA,NA,"broad,muse,sanger",3,COSN16632338,NA,LTR8,FALSE,0.0943,NA,5,48,NA,NA,NA,IGR,FALSE,FALSE,FALSE,FALSE,3,3,0,3_0,754d26af-f184-497c-856a-cd1ea7a5115c,NA
X,7121832,7121832,1,snv_mnv,0.1968,rs12690191,"dkfz,muse",2,COSN8358925,rs12690191,(CATATA)n,FALSE,0.1356,NA,8,51,NA,NA,NA,IGR,FALSE,FALSE,FALSE,FALSE,3,3,0,3_0,754d26af-f184-497c-856a-cd1ea7a5115c,NA
X,7336130,7336130,1,snv_mnv,NA,NA,"broad,muse,sanger",3,COSN16633241,NA,NA,FALSE,0.0833,NA,5,55,NA,NA,NA,IGR,FALSE,FALSE,TRUE,FALSE,3,3,0,3_0,754d26af-f184-497c-856a-cd1ea7a5115c,NA
X,7996176,7996176,1,snv_mnv,NA,NA,"broad,dkfz,muse,sanger",4,COSN16631747,NA,NA,FALSE,0.2292,NA,11,37,NA,NA,NA,IGR,FALSE,FALSE,FALSE,FALSE,3,3,0,3_0,754d26af-f184-497c-856a-cd1ea7a5115c,NA
X,8169982,8169982,1,snv_mnv,NA,NA,"broad,dkfz,muse,sanger",4,COSN16631719,NA,NA,FALSE,0.2264,NA,12,41,NA,NA,NA,IGR,FALSE,FALSE,FALSE,FALSE,3,3,0,3_0,754d26af-f184-497c-856a-cd1ea7a5115c,NA
X,9329163,9329163,1,snv_mnv,NA,NA,"broad,dkfz,muse,sanger",4,COSN16629519,NA,NA,FALSE,0.2245,NA,11,38,NA,NA,NA,IGR,FALSE,FALSE,FALSE,FALSE,3,3,0,3_0,754d26af-f184-497c-856a-cd1ea7a5115c,NA
X,9431140,9431140,1,snv_mnv,NA,NA,"broad,dkfz,muse,sanger",4,COSN16633130,NA,NA,FALSE,0.3333,NA,9,18,NA,NA,NA,5'Flank,FALSE,FALSE,FALSE,FALSE,3,3,0,3_0,754d26af-f184-497c-856a-cd1ea7a5115c,TBL1X
X,9990432,9990432,1,snv_mnv,NA,NA,"broad,dkfz,muse,sanger",4,COSN16632292,NA,NA,FALSE,0.2708,NA,13,35,NA,NA,NA,Intron,FALSE,FALSE,FALSE,FALSE,3,3,0,3_0,754d26af-f184-497c-856a-cd1ea7a5115c,WWC3-AS1
X,10085851,10085851,1,snv_mnv,NA,NA,"dkfz,muse,sanger",3,COSN16629725,NA,NA,FALSE,0.225,NA,9,31,NA,NA,NA,Intron,FALSE,FALSE,FALSE,FALSE,3,3,0,3_0,754d26af-f184-497c-856a-cd1ea7a5115c,NA
X,11190336,11190336,1,snv_mnv,NA,NA,"broad,dkfz,muse,sanger",4,COSN16629493,NA,NA,FALSE,0.2,NA,11,44,NA,NA,NA,Intron,FALSE,FALSE,FALSE,FALSE,3,3,0,3_0,754d26af-f184-497c-856a-cd1ea7a5115c,NA
X,11739503,11739503,1,snv_mnv,NA,NA,"broad,dkfz,muse,sanger",4,COSN16632748,NA,MIR,FALSE,0.1852,NA,10,44,NA,NA,NA,IGR,FALSE,FALSE,FALSE,FALSE,3,3,0,3_0,754d26af-f184-497c-856a-cd1ea7a5115c,NA
X,12144495,12144495,1,snv_mnv,NA,NA,"broad,dkfz,muse,sanger",4,COSN16631368,NA,NA,FALSE,0.2667,NA,12,33,NA,NA,NA,IGR,FALSE,FALSE,FALSE,FALSE,3,3,0,3_0,754d26af-f184-497c-856a-cd1ea7a5115c,NA
X,12146337,12146337,1,snv_mnv,NA,NA,"broad,dkfz,muse,sanger",4,COSN16631999,rs748459035,THE1C-int,FALSE,0.28,NA,14,36,NA,NA,NA,IGR,FALSE,FALSE,FALSE,FALSE,3,3,0,3_0,754d26af-f184-497c-856a-cd1ea7a5115c,NA
X,13551435,13551435,1,snv_mnv,NA,NA,"broad,dkfz,muse,sanger",4,COSN16632415,NA,NA,FALSE,0.2203,NA,13,46,NA,NA,NA,IGR,FALSE,FALSE,FALSE,FALSE,3,3,0,3_0,754d26af-f184-497c-856a-cd1ea7a5115c,NA
X,14432678,14432678,1,snv_mnv,NA,NA,"broad,dkfz,muse,sanger",4,COSN16632390,NA,L2c,FALSE,0.3019,NA,16,37,NA,NA,NA,IGR,FALSE,FALSE,FALSE,FALSE,3,3,0,3_0,754d26af-f184-497c-856a-cd1ea7a5115c,NA
X,15009949,15009949,1,snv_mnv,NA,NA,"broad,dkfz,muse,sanger",4,COSN16633204,NA,NA,FALSE,0.1039,NA,8,69,NA,NA,NA,IGR,FALSE,FALSE,TRUE,FALSE,3,3,0,3_0,754d26af-f184-497c-856a-cd1ea7a5115c,NA
X,15914101,15914101,1,snv_mnv,NA,NA,"broad,dkfz,muse,sanger",4,COSN16629320,NA,NA,FALSE,0.2,NA,9,36,NA,NA,NA,IGR,FALSE,FALSE,FALSE,FALSE,3,3,0,3_0,754d26af-f184-497c-856a-cd1ea7a5115c,NA
X,19264021,19264021,1,snv_mnv,NA,NA,"broad,dkfz,muse,sanger",4,COSN16633181,NA,NA,FALSE,0.0893,NA,5,51,NA,NA,NA,IGR,FALSE,FALSE,FALSE,FALSE,3,3,0,3_0,754d26af-f184-497c-856a-cd1ea7a5115c,NA
X,19592813,19592813,1,snv_mnv,NA,NA,"broad,muse",2,COSN16632481,NA,MLT1A0,FALSE,0.0588,NA,4,64,NA,NA,NA,Intron,FALSE,FALSE,FALSE,FALSE,3,3,0,3_0,754d26af-f184-497c-856a-cd1ea7a5115c,NA
X,20375620,20375620,1,snv_mnv,NA,NA,"broad,dkfz,muse,sanger",4,COSN16632538,NA,NA,FALSE,0.2154,NA,14,51,NA,NA,NA,IGR,FALSE,FALSE,FALSE,FALSE,3,3,0,3_0,754d26af-f184-497c-856a-cd1ea7a5115c,NA
X,21078712,21078712,1,snv_mnv,NA,NA,"broad,dkfz,muse,sanger",4,COSN16633099,NA,L1MA9,FALSE,0.2532,NA,20,59,NA,NA,NA,IGR,FALSE,FALSE,FALSE,FALSE,3,3,0,3_0,754d26af-f184-497c-856a-cd1ea7a5115c,NA
X,22350070,22350070,1,snv_mnv,NA,NA,"broad,dkfz,muse,sanger",4,COSN16629067,NA,NA,FALSE,0.2826,NA,13,33,NA,NA,NA,IGR,FALSE,FALSE,FALSE,FALSE,3,3,0,3_0,754d26af-f184-497c-856a-cd1ea7a5115c,NA
X,22859490,22859490,1,snv_mnv,NA,NA,"broad,muse,sanger",3,COSN16629843,NA,L1MA4A,FALSE,0.0746,NA,5,62,NA,NA,NA,lincRNA,FALSE,FALSE,FALSE,FALSE,3,3,0,3_0,754d26af-f184-497c-856a-cd1ea7a5115c,NA
X,24401706,24401706,1,snv_mnv,NA,NA,"broad,dkfz,muse,sanger",4,COSN16630899,NA,L1MA3,FALSE,0.1071,NA,6,50,NA,NA,NA,IGR,FALSE,FALSE,FALSE,FALSE,3,3,0,3_0,754d26af-f184-497c-856a-cd1ea7a5115c,NA
X,25689309,25689309,1,snv_mnv,NA,NA,"broad,dkfz,muse,sanger",4,COSN16630318,NA,L1ME2,FALSE,0.1228,NA,7,50,NA,NA,NA,IGR,FALSE,FALSE,FALSE,FALSE,3,3,0,3_0,754d26af-f184-497c-856a-cd1ea7a5115c,NA
X,25712863,25712863,1,snv_mnv,NA,NA,"broad,dkfz,muse,sanger",4,COSN16631857,NA,L1MA1,FALSE,0.1207,NA,7,51,NA,NA,NA,IGR,FALSE,FALSE,FALSE,FALSE,3,3,0,3_0,754d26af-f184-497c-856a-cd1ea7a5115c,NA
X,25998590,25998590,1,snv_mnv,NA,NA,"broad,muse,sanger",3,COSN16630658,NA,L1PA10,FALSE,0.0635,NA,4,59,NA,NA,NA,IGR,FALSE,FALSE,FALSE,FALSE,3,3,0,3_0,754d26af-f184-497c-856a-cd1ea7a5115c,NA
X,26212431,26212431,1,snv_mnv,NA,NA,"broad,muse",2,COSM756427,rs777376582,NA,FALSE,0.0732,NA,3,38,NA,NA,NA,Silent,FALSE,FALSE,FALSE,FALSE,3,3,0,3_0,754d26af-f184-497c-856a-cd1ea7a5115c,NA
X,26650735,26650735,1,snv_mnv,NA,NA,"broad,dkfz,muse,sanger",4,COSN16632293,rs146839728,MLT1L,FALSE,0.169,NA,12,59,NA,NA,NA,IGR,FALSE,FALSE,FALSE,FALSE,3,3,0,3_0,754d26af-f184-497c-856a-cd1ea7a5115c,NA
X,27117612,27117612,1,snv_mnv,NA,NA,"broad,dkfz,muse,sanger",4,COSN16632593,NA,NA,FALSE,0.2381,NA,15,48,NA,NA,NA,IGR,FALSE,FALSE,TRUE,FALSE,3,3,0,3_0,754d26af-f184-497c-856a-cd1ea7a5115c,NA
X,27401016,27401016,1,snv_mnv,NA,NA,"broad,dkfz,muse,sanger",4,COSN16630095,NA,AluSz6,FALSE,0.2195,NA,9,32,NA,NA,NA,lincRNA,FALSE,FALSE,FALSE,FALSE,3,3,0,3_0,754d26af-f184-497c-856a-cd1ea7a5115c,NA
X,27508726,27508726,1,snv_mnv,NA,NA,"broad,dkfz,muse,sanger",4,COSN16629409,NA,AluSx1,FALSE,0.1842,NA,7,31,NA,NA,NA,IGR,FALSE,FALSE,FALSE,FALSE,3,3,0,3_0,754d26af-f184-497c-856a-cd1ea7a5115c,NA
X,28340300,28340300,1,snv_mnv,NA,NA,"broad,muse,sanger",3,COSN16630492,NA,LTR17,FALSE,0.0727,NA,4,51,NA,NA,NA,IGR,FALSE,FALSE,FALSE,FALSE,3,3,0,3_0,754d26af-f184-497c-856a-cd1ea7a5115c,NA
X,28871610,28871610,1,snv_mnv,NA,NA,"broad,muse,sanger",3,COSN7519797,NA,NA,FALSE,0.0263,NA,1,37,NA,NA,NA,Intron,FALSE,FALSE,FALSE,TRUE,3,3,0,3_0,754d26af-f184-497c-856a-cd1ea7a5115c,NA
X,29000197,29000197,1,snv_mnv,NA,NA,"broad,muse,sanger",3,COSN16633205,NA,NA,FALSE,0.0702,NA,4,53,NA,NA,NA,Intron,FALSE,FALSE,FALSE,FALSE,3,3,0,3_0,754d26af-f184-497c-856a-cd1ea7a5115c,RNA5SP500
X,29165688,29165688,1,snv_mnv,NA,NA,"broad,dkfz,muse,sanger",4,COSN16631280,NA,NA,FALSE,0.2769,NA,18,47,NA,NA,NA,Intron,FALSE,FALSE,FALSE,FALSE,3,3,0,3_0,754d26af-f184-497c-856a-cd1ea7a5115c,NA
X,29288260,29288260,1,snv_mnv,NA,NA,"broad,dkfz,muse,sanger",4,COSN16631042,NA,L1ME1,FALSE,0.0882,NA,6,62,NA,NA,NA,Intron,FALSE,FALSE,FALSE,FALSE,3,3,0,3_0,754d26af-f184-497c-856a-cd1ea7a5115c,NA
X,29386192,29386192,1,snv_mnv,NA,NA,"broad,dkfz,muse,sanger",4,COSN16631152,NA,MER2,FALSE,0.25,NA,12,36,NA,NA,NA,Intron,FALSE,FALSE,FALSE,FALSE,3,3,0,3_0,754d26af-f184-497c-856a-cd1ea7a5115c,AL031575.1
X,29411708,29411708,1,snv_mnv,NA,NA,"broad,dkfz,muse,sanger",4,COSN16629570,NA,NA,FALSE,0.1579,NA,12,64,NA,NA,NA,Intron,FALSE,FALSE,FALSE,FALSE,3,3,0,3_0,754d26af-f184-497c-856a-cd1ea7a5115c,NA
X,29539095,29539095,1,snv_mnv,NA,NA,"broad,dkfz,muse,sanger",4,COSN16629873,NA,NA,FALSE,0.197,NA,13,53,NA,NA,NA,Intron,FALSE,FALSE,FALSE,FALSE,3,3,0,3_0,754d26af-f184-497c-856a-cd1ea7a5115c,NA
X,29596698,29596698,1,snv_mnv,NA,NA,"broad,dkfz,muse,sanger",4,COSN16630774,NA,NA,FALSE,0.2449,NA,12,37,NA,NA,NA,Intron,FALSE,FALSE,FALSE,FALSE,3,3,0,3_0,754d26af-f184-497c-856a-cd1ea7a5115c,MIR4666B
X,29885150,29885150,1,snv_mnv,NA,NA,"broad,dkfz,muse,sanger",4,COSN16629298,NA,NA,FALSE,0.1053,NA,6,51,NA,NA,NA,Intron,FALSE,FALSE,FALSE,FALSE,3,3,0,3_0,754d26af-f184-497c-856a-cd1ea7a5115c,NA
X,33176104,33176104,1,snv_mnv,NA,NA,"broad,dkfz,muse,sanger",4,COSN16632416,NA,NA,FALSE,0.1964,NA,11,45,NA,NA,NA,Intron,FALSE,FALSE,FALSE,FALSE,3,3,0,3_0,754d26af-f184-497c-856a-cd1ea7a5115c,DMD
X,33260289,33260289,1,snv_mnv,NA,NA,"broad,dkfz,muse,sanger",4,COSN16629874,NA,L1PB1,FALSE,0.3019,NA,16,37,NA,NA,NA,Intron,FALSE,FALSE,FALSE,FALSE,3,3,0,3_0,754d26af-f184-497c-856a-cd1ea7a5115c,NA
X,34157390,34157390,1,snv_mnv,NA,NA,"broad,dkfz,muse,sanger",4,COSN16633064,NA,NA,FALSE,0.3273,NA,18,37,NA,NA,NA,IGR,FALSE,FALSE,FALSE,FALSE,3,3,0,3_0,754d26af-f184-497c-856a-cd1ea7a5115c,NA
X,34982365,34982365,1,snv_mnv,NA,NA,"broad,dkfz,muse,sanger",4,COSN16633002,NA,NA,FALSE,0.2063,NA,13,50,NA,NA,NA,IGR,FALSE,FALSE,FALSE,FALSE,3,3,0,3_0,754d26af-f184-497c-856a-cd1ea7a5115c,NA
X,35503002,35503002,1,snv_mnv,NA,NA,"broad,dkfz,muse,sanger",4,COSN16632118,NA,L1PA13,FALSE,0.1538,NA,10,55,NA,NA,NA,IGR,FALSE,FALSE,FALSE,FALSE,3,3,0,3_0,754d26af-f184-497c-856a-cd1ea7a5115c,NA
X,37551252,37551252,1,snv_mnv,NA,NA,"broad,dkfz,muse,sanger",4,COSN16632594,NA,L1ME4a,FALSE,0.1754,NA,10,47,NA,NA,NA,Intron,FALSE,FALSE,TRUE,FALSE,3,3,0,3_0,754d26af-f184-497c-856a-cd1ea7a5115c,NA
X,39607776,39607776,1,snv_mnv,0.0010596,NA,"muse,sanger",2,COSN16632781,rs774337945,MLT1C,FALSE,0.0645,NA,4,58,NA,NA,NA,IGR,FALSE,FALSE,FALSE,FALSE,3,3,0,3_0,754d26af-f184-497c-856a-cd1ea7a5115c,NA
X,39731343,39731343,1,snv_mnv,NA,NA,"broad,dkfz,muse,sanger",4,COSN16632653,NA,NA,FALSE,0.2394,NA,17,54,NA,NA,NA,IGR,FALSE,FALSE,FALSE,FALSE,3,3,0,3_0,754d26af-f184-497c-856a-cd1ea7a5115c,NA
X,41890778,41890778,1,snv_mnv,NA,NA,"broad,muse,sanger",3,COSN16629131,NA,L1M4b,FALSE,0.0806,NA,5,57,NA,NA,NA,IGR,FALSE,FALSE,FALSE,FALSE,3,3,0,3_0,754d26af-f184-497c-856a-cd1ea7a5115c,NA
X,42954388,42954388,1,snv_mnv,NA,NA,"broad,dkfz,muse,sanger",4,COSN16632191,NA,L1MEf,FALSE,0.3049,NA,25,57,NA,NA,NA,IGR,FALSE,FALSE,TRUE,FALSE,3,3,0,3_0,754d26af-f184-497c-856a-cd1ea7a5115c,NA
X,43795356,43795356,1,snv_mnv,NA,NA,"broad,dkfz,muse,sanger",4,COSN16630065,NA,L1PREC2,FALSE,0.1493,NA,10,57,NA,NA,NA,IGR,FALSE,FALSE,FALSE,FALSE,3,3,0,3_0,754d26af-f184-497c-856a-cd1ea7a5115c,NA
X,44798432,44798432,1,snv_mnv,NA,NA,"broad,dkfz,muse,sanger",4,COSN16629045,NA,Tigger1,FALSE,0.1385,NA,9,56,NA,NA,NA,Intron,FALSE,FALSE,FALSE,FALSE,3,3,0,3_0,754d26af-f184-497c-856a-cd1ea7a5115c,NA
X,44978409,44978409,1,snv_mnv,NA,NA,"broad,muse,sanger",3,COSN16629787,NA,L1MC4,FALSE,0.0606,NA,4,62,NA,NA,NA,IGR,FALSE,FALSE,FALSE,FALSE,3,3,0,3_0,754d26af-f184-497c-856a-cd1ea7a5115c,NA
X,45059661,45059661,1,snv_mnv,NA,NA,"broad,dkfz,muse,sanger",4,COSN16631430,NA,NA,FALSE,0.2373,NA,14,45,NA,NA,NA,Intron,FALSE,FALSE,FALSE,FALSE,3,3,0,3_0,754d26af-f184-497c-856a-cd1ea7a5115c,NA
X,45563297,45563297,1,snv_mnv,NA,NA,"broad,dkfz,muse,sanger",4,COSN16631659,NA,AluY,FALSE,0.2727,NA,9,24,NA,NA,NA,IGR,FALSE,FALSE,FALSE,FALSE,3,3,0,3_0,754d26af-f184-497c-856a-cd1ea7a5115c,NA
X,45716105,45716105,1,snv_mnv,NA,NA,"broad,dkfz,muse,sanger",4,COSN16631858,NA,AluSx1,FALSE,0.14,NA,7,43,NA,NA,NA,IGR,FALSE,FALSE,FALSE,FALSE,3,3,0,3_0,754d26af-f184-497c-856a-cd1ea7a5115c,NA
X,46192978,46192978,1,snv_mnv,NA,NA,"broad,dkfz,muse,sanger",4,COSN16631153,NA,L1PB1,FALSE,0.2703,NA,10,27,NA,NA,NA,IGR,FALSE,FALSE,FALSE,FALSE,3,3,0,3_0,754d26af-f184-497c-856a-cd1ea7a5115c,NA
X,46390491,46390491,1,snv_mnv,NA,NA,"dkfz,muse",2,COSN6725945,rs200659104,AluJr,FALSE,0.2321,NA,13,43,NA,NA,NA,Intron,FALSE,FALSE,FALSE,FALSE,3,3,0,3_0,754d26af-f184-497c-856a-cd1ea7a5115c,ZNF674
X,47061895,47061895,1,snv_mnv,NA,NA,"broad,dkfz,muse,sanger",4,COSM4962672,NA,NA,FALSE,0.24,NA,6,19,NA,NA,NA,Missense_Mutation,FALSE,FALSE,FALSE,FALSE,3,3,0,3_0,754d26af-f184-497c-856a-cd1ea7a5115c,"UBA1,INE1"
X,47192876,47192876,1,snv_mnv,NA,NA,"broad,dkfz,muse,sanger",4,COSN16630349,NA,AluSx3,FALSE,0.2162,NA,16,58,NA,NA,NA,IGR,FALSE,FALSE,FALSE,FALSE,3,3,0,3_0,754d26af-f184-497c-856a-cd1ea7a5115c,NA
X,47229319,47229319,1,snv_mnv,NA,NA,"broad,dkfz,muse,sanger",4,COSN16630322,NA,AluSq2,FALSE,0.2368,NA,9,29,NA,NA,NA,5'Flank,FALSE,FALSE,FALSE,FALSE,3,3,0,3_0,754d26af-f184-497c-856a-cd1ea7a5115c,ZNF157
X,48063843,48063843,1,snv_mnv,NA,NA,"broad,muse,sanger",3,COSN16630742,NA,L1MDa,FALSE,0.0625,NA,4,60,NA,NA,NA,RNA,FALSE,FALSE,FALSE,FALSE,3,3,0,3_0,754d26af-f184-497c-856a-cd1ea7a5115c,"RNA5SP503,AC245047.5"
X,49097455,49097455,1,snv_mnv,NA,NA,"broad,dkfz,muse,sanger",4,COSN16631633,NA,MIR,FALSE,0.2364,NA,13,42,NA,NA,NA,Intron,FALSE,FALSE,FALSE,FALSE,3,3,0,3_0,754d26af-f184-497c-856a-cd1ea7a5115c,NA
X,50812792,50812792,1,snv_mnv,NA,NA,"broad,dkfz,muse,sanger",4,COSN16632595,NA,L1MB4,FALSE,0.2453,NA,13,40,NA,NA,NA,IGR,FALSE,FALSE,FALSE,FALSE,3,3,0,3_0,754d26af-f184-497c-856a-cd1ea7a5115c,NA
X,51298403,51298403,1,snv_mnv,NA,NA,"broad,dkfz,muse,sanger",4,COSN16630461,NA,L1PA4,FALSE,0.1724,NA,10,48,NA,NA,NA,IGR,FALSE,FALSE,TRUE,FALSE,3,3,0,3_0,754d26af-f184-497c-856a-cd1ea7a5115c,NA
X,54307414,54307414,1,snv_mnv,NA,NA,"broad,dkfz,muse,sanger",4,COSN16632510,NA,L1MEf,FALSE,0.2317,NA,19,63,NA,NA,NA,Intron,FALSE,FALSE,FALSE,FALSE,3,3,0,3_0,754d26af-f184-497c-856a-cd1ea7a5115c,NA
X,55625652,55625652,1,snv_mnv,NA,NA,"broad,dkfz,muse,sanger",4,COSN16632417,NA,L1ME3E,FALSE,0.1642,NA,11,56,NA,NA,NA,IGR,FALSE,FALSE,FALSE,FALSE,3,3,0,3_0,754d26af-f184-497c-856a-cd1ea7a5115c,AL627224.1
X,55929521,55929521,1,snv_mnv,NA,NA,"broad,dkfz,muse,sanger",4,COSN16631369,NA,THE1B,FALSE,0.1429,NA,9,54,NA,NA,NA,RNA,FALSE,FALSE,FALSE,FALSE,3,3,0,3_0,754d26af-f184-497c-856a-cd1ea7a5115c,NA
X,56430095,56430095,1,snv_mnv,NA,NA,"broad,dkfz,muse,sanger",4,COSN16629754,NA,NA,FALSE,0.2222,NA,12,42,NA,NA,NA,IGR,FALSE,FALSE,FALSE,FALSE,3,3,0,3_0,754d26af-f184-497c-856a-cd1ea7a5115c,NA
X,56433490,56433490,1,snv_mnv,NA,NA,"broad,dkfz,muse,sanger",4,COSN16631281,NA,L1PA7,FALSE,0.2381,NA,15,48,NA,NA,NA,IGR,FALSE,FALSE,FALSE,FALSE,3,3,0,3_0,754d26af-f184-497c-856a-cd1ea7a5115c,NA
X,57230728,57230728,1,snv_mnv,NA,NA,"broad,muse,sanger",3,COSN16632938,NA,HERVK9-int,FALSE,0.0702,NA,4,53,NA,NA,NA,IGR,FALSE,FALSE,FALSE,FALSE,3,3,0,3_0,754d26af-f184-497c-856a-cd1ea7a5115c,NA
X,57680565,57680565,1,snv_mnv,NA,NA,"broad,dkfz,muse,sanger",4,COSN16632654,NA,MER61-int,FALSE,0.1549,NA,11,60,NA,NA,NA,IGR,FALSE,FALSE,FALSE,FALSE,3,3,0,3_0,754d26af-f184-497c-856a-cd1ea7a5115c,NA
X,57816674,57816674,1,snv_mnv,NA,NA,"broad,muse,sanger",3,COSN16631688,NA,NA,FALSE,0.069,NA,4,54,NA,NA,NA,IGR,FALSE,FALSE,FALSE,FALSE,3,3,0,3_0,754d26af-f184-497c-856a-cd1ea7a5115c,NA
X,57918221,57918221,1,snv_mnv,NA,NA,"broad,sanger",2,COSN16628982,NA,L1PB4,FALSE,0.0877,NA,5,52,NA,NA,NA,IGR,FALSE,FALSE,FALSE,FALSE,3,3,0,3_0,754d26af-f184-497c-856a-cd1ea7a5115c,NA
X,58069827,58069827,1,snv_mnv,NA,NA,"broad,dkfz,muse,sanger",4,COSN16631177,NA,MSTA-int,FALSE,0.1613,NA,10,52,NA,NA,NA,IGR,FALSE,FALSE,FALSE,FALSE,3,3,0,3_0,754d26af-f184-497c-856a-cd1ea7a5115c,NA
X,64013868,64013868,1,snv_mnv,NA,NA,"broad,dkfz,muse,sanger",4,COSN16633385,NA,L1PA15-16,FALSE,0.1143,NA,8,62,NA,NA,NA,IGR,FALSE,FALSE,FALSE,FALSE,4,4,0,4_0,754d26af-f184-497c-856a-cd1ea7a5115c,NA
X,64017060,64017060,1,snv_mnv,NA,NA,"broad,dkfz,muse,sanger",4,COSN16629068,NA,L1PA15-16,FALSE,0.15,NA,9,51,NA,NA,NA,IGR,FALSE,FALSE,FALSE,FALSE,4,4,0,4_0,754d26af-f184-497c-856a-cd1ea7a5115c,NA
X,64056385,64056385,1,snv_mnv,NA,NA,"broad,sanger",2,COSN16631660,NA,L1M3,FALSE,0.0714,NA,4,52,NA,NA,NA,IGR,FALSE,FALSE,FALSE,FALSE,4,4,0,4_0,754d26af-f184-497c-856a-cd1ea7a5115c,NA
X,65544068,65544068,1,snv_mnv,NA,NA,"broad,dkfz,muse,sanger",4,COSN16631802,NA,L1MA2,FALSE,0.2857,NA,20,50,NA,NA,NA,IGR,FALSE,FALSE,FALSE,FALSE,4,4,0,4_0,754d26af-f184-497c-856a-cd1ea7a5115c,NA
X,65658031,65658031,1,snv_mnv,NA,NA,"broad,dkfz,muse,sanger",4,COSM4962698,NA,NA,FALSE,0.1833,NA,11,49,NA,NA,NA,IGR,FALSE,FALSE,FALSE,FALSE,4,4,0,4_0,754d26af-f184-497c-856a-cd1ea7a5115c,NA
X,65828067,65828067,1,snv_mnv,NA,NA,"broad,dkfz,muse,sanger",4,COSN16631542,NA,L1M4c,FALSE,0.2118,NA,18,67,NA,NA,NA,Intron,FALSE,FALSE,FALSE,FALSE,4,4,0,4_0,754d26af-f184-497c-856a-cd1ea7a5115c,NA
X,66100288,66100288,1,snv_mnv,0.002649,NA,"broad,muse",2,COSN16630949,rs769717927,(TA)n,FALSE,0.0714,NA,4,52,NA,NA,NA,IGR,FALSE,FALSE,FALSE,FALSE,4,4,0,4_0,754d26af-f184-497c-856a-cd1ea7a5115c,NA
X,66171924,66171924,1,snv_mnv,NA,NA,"broad,dkfz,muse,sanger",4,COSN16630543,NA,NA,FALSE,0.2258,NA,14,48,NA,NA,NA,IGR,FALSE,FALSE,FALSE,FALSE,4,4,0,4_0,754d26af-f184-497c-856a-cd1ea7a5115c,NA
X,66705477,66705477,1,snv_mnv,NA,NA,"broad,dkfz,muse,sanger",4,COSN16632248,NA,Tigger1,FALSE,0.1493,NA,10,57,NA,NA,NA,IGR,FALSE,FALSE,FALSE,FALSE,4,4,0,4_0,754d26af-f184-497c-856a-cd1ea7a5115c,NA
X,67698705,67698705,1,snv_mnv,NA,NA,"broad,muse,sanger",3,COSN16629929,NA,SVA_A,FALSE,0.2093,NA,9,34,NA,NA,NA,IGR,FALSE,FALSE,FALSE,FALSE,4,4,0,4_0,754d26af-f184-497c-856a-cd1ea7a5115c,AL672138.1
X,68254968,68254968,1,snv_mnv,NA,NA,"broad,dkfz,muse,sanger",4,COSN16631456,NA,MIR3,FALSE,0.2407,NA,13,41,NA,NA,NA,IGR,FALSE,FALSE,FALSE,FALSE,4,4,0,4_0,754d26af-f184-497c-856a-cd1ea7a5115c,NA
X,69912505,69912505,1,snv_mnv,2.649e-4,rs191817823,"broad,dkfz,muse",3,COSN16632119,rs191817823,L1MA9,FALSE,0.28,NA,14,36,NA,NA,NA,Intron,FALSE,FALSE,FALSE,FALSE,4,4,0,4_0,754d26af-f184-497c-856a-cd1ea7a5115c,NA
X,70730822,70730822,1,snv_mnv,NA,NA,"broad,muse,sanger",3,COSN16629241,NA,AluSp,FALSE,0.1429,NA,7,42,NA,NA,NA,Intron,FALSE,FALSE,FALSE,FALSE,4,4,0,4_0,754d26af-f184-497c-856a-cd1ea7a5115c,NA
X,71138842,71138842,1,snv_mnv,NA,NA,"broad,dkfz,muse,sanger",4,COSN16633206,NA,L1ME4a,FALSE,0.2561,NA,21,61,NA,NA,NA,Intron,FALSE,FALSE,FALSE,FALSE,4,4,0,4_0,754d26af-f184-497c-856a-cd1ea7a5115c,NA
X,72479983,72479983,1,snv_mnv,NA,NA,"broad,dkfz,muse,sanger",4,COSN16630411,NA,HERVI-int,FALSE,0.2245,NA,11,38,NA,NA,NA,IGR,FALSE,FALSE,FALSE,FALSE,4,4,0,4_0,754d26af-f184-497c-856a-cd1ea7a5115c,NA
X,74940073,74940073,1,snv_mnv,NA,NA,"broad,dkfz,muse,sanger",4,COSN16631720,NA,L1PA7,FALSE,0.3077,NA,16,36,NA,NA,NA,IGR,FALSE,FALSE,FALSE,FALSE,4,4,0,4_0,754d26af-f184-497c-856a-cd1ea7a5115c,NA
X,75005431,75005431,1,snv_mnv,NA,NA,"broad,dkfz,muse,sanger",4,COSN16631803,NA,NA,FALSE,0.1333,NA,8,52,NA,NA,NA,5'Flank,FALSE,FALSE,FALSE,FALSE,4,4,0,4_0,754d26af-f184-497c-856a-cd1ea7a5115c,MAGEE2
X,75023260,75023260,1,snv_mnv,NA,NA,"broad,dkfz,muse,sanger",4,COSN16632832,NA,MER11A,FALSE,0.175,NA,7,33,NA,NA,NA,IGR,FALSE,FALSE,FALSE,FALSE,4,4,0,4_0,754d26af-f184-497c-856a-cd1ea7a5115c,NA
X,75149955,75149955,1,snv_mnv,NA,NA,"broad,muse,sanger",3,COSN16632090,NA,AluJo,FALSE,0.069,NA,4,54,NA,NA,NA,IGR,FALSE,FALSE,FALSE,FALSE,4,4,0,4_0,754d26af-f184-497c-856a-cd1ea7a5115c,NA
X,76272637,76272637,1,snv_mnv,NA,NA,"broad,muse",2,COSN16631721,NA,L1PA3,FALSE,0.0769,NA,3,36,NA,NA,NA,IGR,FALSE,FALSE,FALSE,FALSE,4,4,0,4_0,754d26af-f184-497c-856a-cd1ea7a5115c,NA
X,77493606,77493606,1,snv_mnv,5.298e-4,NA,"broad,muse,sanger",3,COSN16630096,rs762891542,L1M1,FALSE,0.0938,NA,6,58,NA,NA,NA,IGR,FALSE,FALSE,FALSE,FALSE,4,4,0,4_0,754d26af-f184-497c-856a-cd1ea7a5115c,NA
X,77918062,77918062,1,snv_mnv,NA,NA,"broad,dkfz,muse,sanger",4,COSN16630382,NA,NA,FALSE,0.2632,NA,15,42,NA,NA,NA,IGR,FALSE,FALSE,FALSE,FALSE,4,4,0,4_0,754d26af-f184-497c-856a-cd1ea7a5115c,RTL3
X,78168786,78168786,1,snv_mnv,NA,NA,"broad,dkfz,muse,sanger",4,COSN16631457,NA,L1M1,FALSE,0.2319,NA,16,53,NA,NA,NA,IGR,FALSE,FALSE,FALSE,FALSE,4,4,0,4_0,754d26af-f184-497c-856a-cd1ea7a5115c,NA
X,79081573,79081573,1,snv_mnv,NA,NA,"broad,dkfz,muse,sanger",4,COSN16631860,NA,PRIMA4-int,FALSE,0.1765,NA,6,28,NA,NA,NA,IGR,FALSE,FALSE,FALSE,FALSE,4,4,0,4_0,754d26af-f184-497c-856a-cd1ea7a5115c,NA
X,79601677,79601677,1,snv_mnv,NA,NA,"broad,dkfz,muse,sanger",4,COSN16631431,NA,L1ME2z,FALSE,0.2419,NA,15,47,NA,NA,NA,Intron,FALSE,FALSE,FALSE,FALSE,4,4,0,4_0,754d26af-f184-497c-856a-cd1ea7a5115c,NA
X,79772199,79772199,1,snv_mnv,NA,NA,"broad,dkfz,muse,sanger",4,COSN16630775,NA,L1PREC2,FALSE,0.0952,NA,6,57,NA,NA,NA,IGR,FALSE,FALSE,FALSE,FALSE,4,4,0,4_0,754d26af-f184-497c-856a-cd1ea7a5115c,NA
X,79879551,79879551,1,snv_mnv,NA,NA,"broad,dkfz,muse,sanger",4,COSN16630627,NA,L1M5,FALSE,0.1167,NA,7,53,NA,NA,NA,IGR,FALSE,FALSE,FALSE,FALSE,4,4,0,4_0,754d26af-f184-497c-856a-cd1ea7a5115c,NA
X,80313298,80313298,1,snv_mnv,NA,NA,"broad,dkfz,muse,sanger",4,COSN16633242,NA,MSTA,FALSE,0.4035,NA,23,34,NA,NA,NA,IGR,FALSE,FALSE,FALSE,FALSE,4,4,0,4_0,754d26af-f184-497c-856a-cd1ea7a5115c,NA
X,80757491,80757491,1,snv_mnv,NA,NA,"broad,dkfz,muse,sanger",4,COSN16630097,NA,L1PBa,FALSE,0.1111,NA,7,56,NA,NA,NA,IGR,FALSE,FALSE,FALSE,FALSE,4,4,0,4_0,754d26af-f184-497c-856a-cd1ea7a5115c,NA
X,81399388,81399388,1,snv_mnv,NA,NA,"broad,dkfz,muse,sanger",4,COSN16632418,NA,HERVFH19-int,FALSE,0.3019,NA,16,37,NA,NA,NA,IGR,FALSE,FALSE,FALSE,FALSE,4,4,0,4_0,754d26af-f184-497c-856a-cd1ea7a5115c,NA
X,81434416,81434416,1,snv_mnv,NA,NA,"broad,dkfz,muse,sanger",4,COSN16631335,NA,L1PA16,FALSE,0.2545,NA,14,41,NA,NA,NA,IGR,FALSE,FALSE,FALSE,FALSE,4,4,0,4_0,754d26af-f184-497c-856a-cd1ea7a5115c,NA
X,81906852,81906852,1,snv_mnv,NA,NA,"broad,dkfz,muse,sanger",4,COSN16628983,NA,LTR9,FALSE,0.1207,NA,7,51,NA,NA,NA,IGR,FALSE,FALSE,FALSE,FALSE,4,4,0,4_0,754d26af-f184-497c-856a-cd1ea7a5115c,NA
X,82239781,82239781,1,snv_mnv,NA,NA,"broad,muse",2,COSN16630383,NA,MSTA-int,FALSE,0.0816,NA,4,45,NA,NA,NA,IGR,FALSE,FALSE,FALSE,FALSE,4,4,0,4_0,754d26af-f184-497c-856a-cd1ea7a5115c,NA
X,82452198,82452198,1,snv_mnv,NA,NA,"broad,dkfz,muse,sanger",4,COSN16632220,NA,L1M1,FALSE,0.2258,NA,14,48,NA,NA,NA,IGR,FALSE,FALSE,FALSE,FALSE,4,4,0,4_0,754d26af-f184-497c-856a-cd1ea7a5115c,NA
X,82504244,82504244,1,snv_mnv,NA,NA,"broad,dkfz,muse,sanger",4,COSN16632294,NA,NA,FALSE,0.2113,NA,15,56,NA,NA,NA,IGR,FALSE,FALSE,FALSE,FALSE,4,4,0,4_0,754d26af-f184-497c-856a-cd1ea7a5115c,NA
X,82504245,82504245,1,snv_mnv,NA,NA,"broad,dkfz,muse,sanger",4,COSN16629345,NA,NA,FALSE,0.2113,NA,15,56,NA,NA,NA,IGR,FALSE,FALSE,FALSE,FALSE,4,4,0,4_0,754d26af-f184-497c-856a-cd1ea7a5115c,NA
X,83507676,83507676,1,snv_mnv,NA,NA,"broad,dkfz,muse,sanger",4,COSN16630198,NA,L1MC4a,FALSE,0.2,NA,15,60,NA,NA,NA,IGR,FALSE,FALSE,FALSE,FALSE,4,4,0,4_0,754d26af-f184-497c-856a-cd1ea7a5115c,NA
X,83635342,83635342,1,snv_mnv,NA,NA,"broad,dkfz,muse,sanger",4,COSN16630743,NA,L1MA1,FALSE,0.1077,NA,7,58,NA,NA,NA,Intron,FALSE,FALSE,FALSE,FALSE,4,4,0,4_0,754d26af-f184-497c-856a-cd1ea7a5115c,NA
X,83973656,83973656,1,snv_mnv,NA,NA,"broad,dkfz,muse,sanger",4,COSN16629275,NA,NA,FALSE,0.1053,NA,10,85,NA,NA,NA,IGR,FALSE,FALSE,FALSE,FALSE,4,4,0,4_0,754d26af-f184-497c-856a-cd1ea7a5115c,NA
X,84037327,84037327,1,snv_mnv,NA,NA,"dkfz,muse,sanger",3,COSN16632192,NA,MIRc,FALSE,0.1333,NA,6,39,NA,NA,NA,IGR,FALSE,FALSE,FALSE,FALSE,4,4,0,4_0,754d26af-f184-497c-856a-cd1ea7a5115c,NA
X,84086793,84086793,1,snv_mnv,NA,NA,"broad,dkfz,muse,sanger",4,COSN16629005,NA,NA,FALSE,0.1316,NA,10,66,NA,NA,NA,IGR,FALSE,FALSE,FALSE,FALSE,4,4,0,4_0,754d26af-f184-497c-856a-cd1ea7a5115c,NA
X,85596946,85596946,1,snv_mnv,0.0225,rs7058801,"dkfz,muse",2,COSN16632655,rs7058801,Tigger1,FALSE,0.2456,NA,14,43,NA,NA,NA,Intron,FALSE,FALSE,FALSE,FALSE,4,4,0,4_0,754d26af-f184-497c-856a-cd1ea7a5115c,NA
X,85680395,85680395,1,snv_mnv,NA,NA,"broad,muse,sanger",3,COSN16631543,NA,L1MA1,FALSE,0.082,NA,5,56,NA,NA,NA,Intron,FALSE,FALSE,FALSE,FALSE,4,4,0,4_0,754d26af-f184-497c-856a-cd1ea7a5115c,NA
X,85792304,85792304,1,snv_mnv,NA,NA,"broad,dkfz,muse,sanger",4,COSN16632782,NA,MSTD-int,FALSE,0.2692,NA,14,38,NA,NA,NA,Intron,FALSE,FALSE,FALSE,FALSE,4,4,0,4_0,754d26af-f184-497c-856a-cd1ea7a5115c,NA
X,85845952,85845952,1,snv_mnv,NA,NA,"broad,dkfz,muse,sanger",4,COSN16633131,NA,L1PA4,FALSE,0.194,NA,13,54,NA,NA,NA,Intron,FALSE,FALSE,TRUE,FALSE,4,4,0,4_0,754d26af-f184-497c-856a-cd1ea7a5115c,NA
X,85916659,85916659,1,snv_mnv,NA,NA,"broad,muse,sanger",3,COSN16629276,NA,L1MB7,FALSE,0.0649,NA,5,72,NA,NA,NA,Intron,FALSE,FALSE,FALSE,FALSE,4,4,0,4_0,754d26af-f184-497c-856a-cd1ea7a5115c,NA
X,86138247,86138247,1,snv_mnv,NA,NA,"broad,dkfz,muse,sanger",4,COSN16629101,NA,L1PB1,FALSE,0.1538,NA,10,55,NA,NA,NA,IGR,FALSE,FALSE,FALSE,FALSE,4,4,0,4_0,754d26af-f184-497c-856a-cd1ea7a5115c,NA
X,86516970,86516970,1,snv_mnv,NA,NA,"broad,dkfz,muse",3,COSN16629640,rs755091052,L1M1,FALSE,0.1818,NA,8,36,NA,NA,NA,IGR,FALSE,FALSE,FALSE,FALSE,4,4,0,4_0,754d26af-f184-497c-856a-cd1ea7a5115c,NA
X,86523471,86523471,1,snv_mnv,NA,NA,"broad,dkfz,muse,sanger",4,COSN16632596,NA,AluJr,FALSE,0.1875,NA,12,52,NA,NA,NA,IGR,FALSE,FALSE,FALSE,FALSE,4,4,0,4_0,754d26af-f184-497c-856a-cd1ea7a5115c,NA
X,87076058,87076058,1,snv_mnv,NA,NA,"broad,dkfz,muse,sanger",4,COSN16630493,NA,L1M4c,FALSE,0.1579,NA,6,32,NA,NA,NA,IGR,FALSE,FALSE,FALSE,FALSE,4,4,0,4_0,754d26af-f184-497c-856a-cd1ea7a5115c,NA
X,87437578,87437578,1,snv_mnv,NA,NA,"broad,dkfz,muse,sanger",4,COSN16629983,NA,AluSx,FALSE,0.1475,NA,9,52,NA,NA,NA,IGR,FALSE,FALSE,FALSE,FALSE,4,4,0,4_0,754d26af-f184-497c-856a-cd1ea7a5115c,NA
X,87564244,87564244,1,snv_mnv,NA,NA,"broad,dkfz,muse,sanger",4,COSN16629218,NA,L1PA15,FALSE,0.0938,NA,6,58,NA,NA,NA,IGR,FALSE,FALSE,FALSE,FALSE,4,4,0,4_0,754d26af-f184-497c-856a-cd1ea7a5115c,NA
X,88343913,88343913,1,snv_mnv,NA,NA,"broad,dkfz,muse,sanger",4,COSN16630035,NA,MADE1,FALSE,0.2321,NA,13,43,NA,NA,NA,IGR,FALSE,FALSE,FALSE,FALSE,4,4,0,4_0,754d26af-f184-497c-856a-cd1ea7a5115c,NA
X,88411825,88411825,1,snv_mnv,NA,NA,"broad,muse,sanger",3,COSN16629755,NA,MER53,FALSE,0.0741,NA,6,75,NA,NA,NA,IGR,FALSE,FALSE,FALSE,FALSE,4,4,0,4_0,754d26af-f184-497c-856a-cd1ea7a5115c,NA
X,88445305,88445305,1,snv_mnv,NA,NA,"broad,dkfz,muse,sanger",4,COSN16630950,NA,MLT1C,FALSE,0.1714,NA,12,58,NA,NA,NA,IGR,FALSE,FALSE,FALSE,FALSE,4,4,0,4_0,754d26af-f184-497c-856a-cd1ea7a5115c,NA
X,88460499,88460499,1,snv_mnv,NA,NA,"broad,dkfz,muse,sanger",4,COSN16632221,NA,NA,FALSE,0.1557,NA,19,103,NA,NA,NA,IGR,FALSE,FALSE,FALSE,FALSE,4,4,0,4_0,754d26af-f184-497c-856a-cd1ea7a5115c,NA
X,91782820,91782820,1,snv_mnv,NA,NA,"broad,dkfz,muse,sanger",4,COSN16630221,NA,NA,FALSE,0.3051,NA,18,41,NA,NA,NA,Intron,FALSE,FALSE,FALSE,FALSE,4,4,0,4_0,754d26af-f184-497c-856a-cd1ea7a5115c,NA
X,92634706,92634706,1,snv_mnv,NA,NA,"broad,dkfz,muse,sanger",4,COSN16632340,NA,NA,FALSE,0.1806,NA,13,59,NA,NA,NA,IGR,FALSE,FALSE,FALSE,FALSE,4,4,0,4_0,754d26af-f184-497c-856a-cd1ea7a5115c,NA
X,93824619,93824619,1,snv_mnv,NA,NA,"broad,muse,sanger",3,COSN16631200,rs771896913,HERV17-int,FALSE,0.1429,NA,5,30,NA,NA,NA,IGR,FALSE,FALSE,FALSE,FALSE,4,4,0,4_0,754d26af-f184-497c-856a-cd1ea7a5115c,NA
X,94005630,94005630,1,snv_mnv,2.649e-4,NA,"broad,muse,sanger",3,COSN16631967,rs754989206,MER4A1,FALSE,0.0833,NA,5,55,NA,NA,NA,IGR,FALSE,FALSE,FALSE,FALSE,4,4,0,4_0,754d26af-f184-497c-856a-cd1ea7a5115c,NA
X,94287455,94287455,1,snv_mnv,NA,NA,"broad,dkfz,muse,sanger",4,COSN16629844,NA,L1MA9,FALSE,0.25,NA,15,45,NA,NA,NA,IGR,FALSE,FALSE,FALSE,FALSE,4,4,0,4_0,754d26af-f184-497c-856a-cd1ea7a5115c,NA
X,94375378,94375378,1,snv_mnv,2.649e-4,NA,"broad,dkfz,muse,sanger",4,COSN16630222,rs756635494,L1PA11,FALSE,0.2182,NA,12,43,NA,NA,NA,IGR,FALSE,FALSE,FALSE,FALSE,4,4,0,4_0,754d26af-f184-497c-856a-cd1ea7a5115c,NA
X,94976304,94976304,1,snv_mnv,NA,NA,"broad,muse",2,COSN16629540,NA,NA,FALSE,0.0625,NA,4,60,NA,NA,NA,IGR,FALSE,FALSE,FALSE,FALSE,4,4,0,4_0,754d26af-f184-497c-856a-cd1ea7a5115c,AL365400.2
X,95114212,95114212,1,snv_mnv,NA,NA,"broad,muse,sanger",3,COSN16629069,NA,L1ME4a,FALSE,0.069,NA,4,54,NA,NA,NA,IGR,FALSE,FALSE,FALSE,FALSE,4,4,0,4_0,754d26af-f184-497c-856a-cd1ea7a5115c,NA
X,95524036,95524036,1,snv_mnv,7.947e-4,rs189072102,"broad,muse,sanger",3,COSN16629219,rs189072102,L1PB,FALSE,0.2615,NA,17,48,NA,NA,NA,IGR,FALSE,FALSE,FALSE,FALSE,4,4,0,4_0,754d26af-f184-497c-856a-cd1ea7a5115c,NA
X,95965827,95965827,1,snv_mnv,NA,NA,"broad,dkfz,muse,sanger",4,COSN16630575,NA,L1PB1,FALSE,0.3492,NA,22,41,NA,NA,NA,Intron,FALSE,FALSE,FALSE,FALSE,4,4,0,4_0,754d26af-f184-497c-856a-cd1ea7a5115c,NA
X,96593701,96593701,1,snv_mnv,NA,NA,"broad,muse,sanger",3,COSN16633328,NA,NA,FALSE,0.0455,NA,4,84,NA,NA,NA,Intron,FALSE,FALSE,TRUE,FALSE,4,4,0,4_0,754d26af-f184-497c-856a-cd1ea7a5115c,RN7SL74P
X,97287449,97287449,1,snv_mnv,NA,NA,"broad,dkfz,muse,sanger",4,COSN16630918,NA,MIRc,FALSE,0.1719,NA,11,53,NA,NA,NA,IGR,FALSE,FALSE,FALSE,FALSE,4,4,0,4_0,754d26af-f184-497c-856a-cd1ea7a5115c,NA
X,97695052,97695052,1,snv_mnv,NA,NA,"broad,muse,sanger",3,COSN16631114,NA,L1PB1,FALSE,0.0943,NA,5,48,NA,NA,NA,IGR,FALSE,FALSE,FALSE,FALSE,4,4,0,4_0,754d26af-f184-497c-856a-cd1ea7a5115c,NA
X,97991341,97991341,1,snv_mnv,NA,NA,"broad,dkfz,muse,sanger",4,COSN16629902,NA,NA,FALSE,0.1905,NA,12,51,NA,NA,NA,IGR,FALSE,FALSE,FALSE,FALSE,4,4,0,4_0,754d26af-f184-497c-856a-cd1ea7a5115c,NA
X,98581030,98581030,1,snv_mnv,NA,NA,"broad,dkfz,muse,sanger",4,COSN16631304,NA,MER4-int,FALSE,0.0822,NA,6,67,NA,NA,NA,IGR,FALSE,FALSE,TRUE,FALSE,4,4,0,4_0,754d26af-f184-497c-856a-cd1ea7a5115c,NA
X,98651900,98651900,1,snv_mnv,NA,NA,"broad,dkfz,muse,sanger",4,COSN16632656,NA,L1M1,FALSE,0.169,NA,12,59,NA,NA,NA,IGR,FALSE,FALSE,FALSE,FALSE,4,4,0,4_0,754d26af-f184-497c-856a-cd1ea7a5115c,NA
X,98667204,98667204,1,snv_mnv,2.649e-4,NA,"broad,muse,sanger",3,COSN16631015,rs762267598,AluSx1,FALSE,0.1395,NA,6,37,NA,NA,NA,IGR,FALSE,FALSE,FALSE,FALSE,4,4,0,4_0,754d26af-f184-497c-856a-cd1ea7a5115c,NA
X,98702213,98702213,1,snv_mnv,NA,NA,"broad,muse,sanger",3,COSN16631723,NA,L1MC1,FALSE,0.0968,NA,6,56,NA,NA,NA,IGR,FALSE,FALSE,FALSE,FALSE,4,4,0,4_0,754d26af-f184-497c-856a-cd1ea7a5115c,NA
X,98817447,98817447,1,snv_mnv,2.649e-4,NA,"broad,dkfz,muse,sanger",4,COSN16632627,rs754072560,L1PA15,FALSE,0.2034,NA,12,47,NA,NA,NA,IGR,FALSE,FALSE,FALSE,FALSE,4,4,0,4_0,754d26af-f184-497c-856a-cd1ea7a5115c,NA
X,101276631,101276631,1,snv_mnv,NA,NA,"broad,muse,sanger",3,COSN16630980,NA,L1M3c,FALSE,0.1186,NA,7,52,NA,NA,NA,IGR,FALSE,FALSE,FALSE,FALSE,4,4,0,4_0,754d26af-f184-497c-856a-cd1ea7a5115c,NA
X,101299163,101299163,1,snv_mnv,NA,NA,"broad,muse,sanger",3,COSN16629411,NA,L1PREC2,FALSE,0.122,NA,5,36,NA,NA,NA,IGR,FALSE,FALSE,FALSE,FALSE,4,4,0,4_0,754d26af-f184-497c-856a-cd1ea7a5115c,NA
X,101809638,101809638,1,snv_mnv,NA,NA,"broad,dkfz,muse,sanger",4,COSN16632420,NA,MER21B,FALSE,0.1429,NA,9,54,NA,NA,NA,RNA,FALSE,FALSE,FALSE,FALSE,4,4,0,4_0,754d26af-f184-497c-856a-cd1ea7a5115c,NA
X,102412727,102412727,1,snv_mnv,NA,NA,"broad,dkfz,muse,sanger",4,COSN16632421,NA,NA,FALSE,0.3158,NA,18,39,NA,NA,NA,RNA,FALSE,FALSE,FALSE,FALSE,4,4,0,4_0,754d26af-f184-497c-856a-cd1ea7a5115c,NA
X,102562551,102562551,1,snv_mnv,NA,NA,"broad,dkfz,muse,sanger",4,COSN16628956,NA,NA,FALSE,0.08,NA,6,69,NA,NA,NA,IGR,FALSE,FALSE,FALSE,FALSE,4,4,0,4_0,754d26af-f184-497c-856a-cd1ea7a5115c,BEX2
X,104435129,104435129,1,snv_mnv,NA,NA,"broad,dkfz,muse,sanger",4,COSN7679968,NA,NA,FALSE,0.1351,NA,5,32,NA,NA,NA,Intron,FALSE,FALSE,FALSE,FALSE,4,4,0,4_0,754d26af-f184-497c-856a-cd1ea7a5115c,NA
X,104674163,104674163,1,snv_mnv,NA,NA,"broad,dkfz,muse,sanger",4,COSN16631230,NA,MER5A,FALSE,0.2239,NA,15,52,NA,NA,NA,Intron,FALSE,FALSE,FALSE,FALSE,4,4,0,4_0,754d26af-f184-497c-856a-cd1ea7a5115c,NA
X,104700277,104700277,1,snv_mnv,NA,NA,"broad,muse,sanger",3,COSN16630981,NA,L1PREC2,FALSE,0.0649,NA,5,72,NA,NA,NA,Intron,FALSE,FALSE,FALSE,FALSE,4,4,0,4_0,754d26af-f184-497c-856a-cd1ea7a5115c,NA
X,104912167,104912167,1,snv_mnv,NA,NA,"broad,muse,sanger",3,COSN16632721,NA,HERVK11D-int,FALSE,0.2388,NA,16,51,NA,NA,NA,Intron,FALSE,FALSE,FALSE,FALSE,4,4,0,4_0,754d26af-f184-497c-856a-cd1ea7a5115c,NA
X,105130951,105130951,1,snv_mnv,NA,NA,"broad,dkfz,muse,sanger",4,COSN16631044,NA,L1MB8,FALSE,0.15,NA,12,68,NA,NA,NA,Intron,FALSE,FALSE,TRUE,FALSE,4,4,0,4_0,754d26af-f184-497c-856a-cd1ea7a5115c,NA
X,105606948,105606948,1,snv_mnv,NA,NA,"broad,dkfz,muse,sanger",4,COSN16631827,NA,L1PA13,FALSE,0.1538,NA,6,33,NA,NA,NA,IGR,FALSE,FALSE,FALSE,FALSE,4,4,0,4_0,754d26af-f184-497c-856a-cd1ea7a5115c,NA
X,105792917,105792917,1,snv_mnv,NA,NA,"broad,dkfz,muse,sanger",4,COSN16629321,NA,L1MD2,FALSE,0.2222,NA,16,56,NA,NA,NA,IGR,FALSE,FALSE,FALSE,FALSE,4,4,0,4_0,754d26af-f184-497c-856a-cd1ea7a5115c,NA
X,106922793,106922793,1,snv_mnv,NA,NA,"broad,dkfz,muse,sanger",4,COSN16629046,NA,NA,FALSE,0.1471,NA,5,29,NA,NA,NA,IGR,FALSE,FALSE,FALSE,FALSE,4,4,0,4_0,754d26af-f184-497c-856a-cd1ea7a5115c,NA
X,107275710,107275710,1,snv_mnv,NA,NA,"broad,dkfz,muse,sanger",4,COSN16632055,NA,L2a,FALSE,0.2222,NA,14,49,NA,NA,NA,IGR,FALSE,FALSE,FALSE,FALSE,4,4,0,4_0,754d26af-f184-497c-856a-cd1ea7a5115c,NA
X,107309038,107309038,1,snv_mnv,NA,NA,"broad,dkfz,muse,sanger",4,COSN16631512,NA,MER113A,FALSE,0.1096,NA,8,65,NA,NA,NA,Intron,FALSE,FALSE,FALSE,FALSE,4,4,0,4_0,754d26af-f184-497c-856a-cd1ea7a5115c,NA
X,108107647,108107647,1,snv_mnv,NA,NA,"broad,dkfz,muse,sanger",4,COSN16629930,NA,L1MA4,FALSE,0.1143,NA,8,62,NA,NA,NA,IGR,FALSE,FALSE,TRUE,FALSE,4,4,0,4_0,754d26af-f184-497c-856a-cd1ea7a5115c,NA
X,109848226,109848226,1,snv_mnv,NA,NA,"broad,muse,sanger",3,COSN16631178,NA,L1PA7,FALSE,0.075,NA,6,74,NA,NA,NA,IGR,FALSE,FALSE,FALSE,FALSE,4,4,0,4_0,754d26af-f184-497c-856a-cd1ea7a5115c,NA
X,110851636,110851636,1,snv_mnv,NA,NA,"broad,muse,sanger",3,COSN16632450,NA,L1ME4a,FALSE,0.0893,NA,5,51,NA,NA,NA,IGR,FALSE,FALSE,FALSE,FALSE,4,4,0,4_0,754d26af-f184-497c-856a-cd1ea7a5115c,NA
X,111362823,111362823,1,snv_mnv,NA,NA,"broad,dkfz,muse",3,COSN16632597,NA,NA,FALSE,0.0685,NA,5,68,NA,NA,NA,IGR,FALSE,FALSE,FALSE,FALSE,4,4,0,4_0,754d26af-f184-497c-856a-cd1ea7a5115c,NA
X,111388391,111388391,1,snv_mnv,NA,NA,"broad,muse",2,COSN16632690,NA,NA,FALSE,0.0635,NA,4,59,NA,NA,NA,IGR,FALSE,FALSE,FALSE,FALSE,4,4,0,4_0,754d26af-f184-497c-856a-cd1ea7a5115c,NA
X,111439312,111439312,1,snv_mnv,NA,NA,"broad,dkfz,muse,sanger",4,COSN16630862,NA,L1MD1,FALSE,0.1538,NA,12,66,NA,NA,NA,IGR,FALSE,FALSE,FALSE,FALSE,4,4,0,4_0,754d26af-f184-497c-856a-cd1ea7a5115c,NA
X,111791872,111791872,1,snv_mnv,NA,NA,"broad,dkfz,muse,sanger",4,COSN16630350,NA,L1PA6,FALSE,0.2812,NA,18,46,NA,NA,NA,IGR,FALSE,FALSE,FALSE,FALSE,4,4,0,4_0,754d26af-f184-497c-856a-cd1ea7a5115c,NA
X,111811883,111811883,1,snv_mnv,NA,NA,"broad,dkfz,muse,sanger",4,COSN16631336,NA,L1M2,FALSE,0.2632,NA,10,28,NA,NA,NA,IGR,FALSE,FALSE,FALSE,FALSE,4,4,0,4_0,754d26af-f184-497c-856a-cd1ea7a5115c,NA
X,112347574,112347574,1,snv_mnv,NA,NA,"broad,dkfz,muse,sanger",4,COSN16628957,NA,NA,FALSE,0.0641,NA,5,73,NA,NA,NA,IGR,FALSE,FALSE,FALSE,FALSE,4,4,0,4_0,754d26af-f184-497c-856a-cd1ea7a5115c,NA
X,112682381,112682381,1,snv_mnv,NA,NA,"broad,dkfz,muse,sanger",4,COSN16629380,NA,L1MEc,FALSE,0.1148,NA,7,54,NA,NA,NA,IGR,FALSE,FALSE,FALSE,FALSE,4,4,0,4_0,754d26af-f184-497c-856a-cd1ea7a5115c,NA
X,112683063,112683063,1,snv_mnv,NA,NA,"broad,dkfz,muse,sanger",4,COSN16632893,rs182235272,L1MEc,FALSE,0.2025,NA,16,63,NA,NA,NA,IGR,FALSE,FALSE,FALSE,FALSE,4,4,0,4_0,754d26af-f184-497c-856a-cd1ea7a5115c,NA
X,112738256,112738256,1,snv_mnv,NA,NA,"broad,dkfz,muse,sanger",4,COSN16629875,NA,MamGypLTR2c,FALSE,0.1392,NA,11,68,NA,NA,NA,IGR,FALSE,FALSE,FALSE,FALSE,4,4,0,4_0,754d26af-f184-497c-856a-cd1ea7a5115c,NA
X,112748189,112748189,1,snv_mnv,NA,NA,"broad,dkfz,muse,sanger",4,COSN16629956,NA,L2a,FALSE,0.3231,NA,21,44,NA,NA,NA,IGR,FALSE,FALSE,FALSE,FALSE,4,4,0,4_0,754d26af-f184-497c-856a-cd1ea7a5115c,NA
X,113008571,113008571,1,snv_mnv,NA,NA,"broad,dkfz,sanger",3,COSN16630351,NA,MLT2A1,FALSE,0.1429,NA,8,48,NA,NA,NA,lincRNA,FALSE,FALSE,FALSE,FALSE,4,4,0,4_0,754d26af-f184-497c-856a-cd1ea7a5115c,NA
X,113656560,113656560,1,snv_mnv,NA,NA,"broad,dkfz,muse,sanger",4,COSN16631513,NA,L2,FALSE,0.1098,NA,9,73,NA,NA,NA,IGR,FALSE,FALSE,FALSE,FALSE,4,4,0,4_0,754d26af-f184-497c-856a-cd1ea7a5115c,NA
X,113768651,113768651,1,snv_mnv,NA,NA,"broad,dkfz,muse,sanger",4,COSN16629346,NA,MER3,FALSE,0.2264,NA,12,41,NA,NA,NA,IGR,FALSE,FALSE,FALSE,FALSE,4,4,0,4_0,754d26af-f184-497c-856a-cd1ea7a5115c,NA
X,115070932,115070932,1,snv_mnv,NA,NA,"broad,dkfz,muse,sanger",4,COSN16631482,NA,MER57-int,FALSE,0.2667,NA,16,44,NA,NA,NA,lincRNA,FALSE,FALSE,FALSE,FALSE,4,4,0,4_0,754d26af-f184-497c-856a-cd1ea7a5115c,NA
X,115477175,115477175,1,snv_mnv,NA,NA,"broad,muse,sanger",3,COSN16630919,NA,L1M1,FALSE,0.0893,NA,5,51,NA,NA,NA,IGR,FALSE,FALSE,FALSE,FALSE,4,4,0,4_0,754d26af-f184-497c-856a-cd1ea7a5115c,NA
X,116721034,116721034,1,snv_mnv,NA,NA,"broad,dkfz,muse,sanger",4,COSN16633152,NA,L1M1,FALSE,0.1509,NA,8,45,NA,NA,NA,IGR,FALSE,FALSE,FALSE,FALSE,4,4,0,4_0,754d26af-f184-497c-856a-cd1ea7a5115c,NA
X,118242434,118242434,1,snv_mnv,NA,NA,"broad,muse,sanger",3,COSM4962689,NA,NA,FALSE,0.0714,NA,4,52,NA,NA,NA,Splice_Site,FALSE,FALSE,FALSE,FALSE,4,4,0,4_0,754d26af-f184-497c-856a-cd1ea7a5115c,NA
X,118399516,118399516,1,snv_mnv,0.0031788,rs2499036,"broad,sanger",2,COSN16630319,rs2499036,NA,FALSE,0.0727,NA,4,51,NA,NA,NA,IGR,FALSE,FALSE,FALSE,FALSE,4,4,0,4_0,754d26af-f184-497c-856a-cd1ea7a5115c,NA
X,118975566,118975566,1,snv_mnv,NA,NA,"broad,dkfz,muse,sanger",4,COSN16630256,NA,NA,FALSE,0.08,NA,4,46,NA,NA,NA,Intron,FALSE,FALSE,FALSE,FALSE,4,4,0,4_0,754d26af-f184-497c-856a-cd1ea7a5115c,UPF3B
X,119825669,119825669,1,snv_mnv,NA,NA,"broad,dkfz,muse,sanger",4,COSN16629756,NA,AluSz,FALSE,0.2542,NA,15,44,NA,NA,NA,IGR,FALSE,FALSE,FALSE,FALSE,4,4,0,4_0,754d26af-f184-497c-856a-cd1ea7a5115c,NA
X,122533711,122533711,1,snv_mnv,NA,NA,"broad,dkfz,muse,sanger",4,COSN16630836,NA,NA,FALSE,0.1071,NA,6,50,NA,NA,NA,Intron,FALSE,FALSE,FALSE,FALSE,4,4,0,4_0,754d26af-f184-497c-856a-cd1ea7a5115c,NA
X,124223754,124223754,1,snv_mnv,NA,NA,"broad,dkfz,muse,sanger",4,COSN16629070,NA,NA,FALSE,0.0758,NA,5,61,NA,NA,NA,IGR,FALSE,FALSE,FALSE,FALSE,4,4,0,4_0,754d26af-f184-497c-856a-cd1ea7a5115c,NA
X,124234827,124234827,1,snv_mnv,NA,NA,"broad,dkfz,muse,sanger",4,COSN16629347,NA,NA,FALSE,0.1884,NA,13,56,NA,NA,NA,IGR,FALSE,FALSE,FALSE,FALSE,4,4,0,4_0,754d26af-f184-497c-856a-cd1ea7a5115c,NA
X,124235062,124235062,1,snv_mnv,NA,NA,"broad,dkfz,muse,sanger",4,COSN16632482,NA,MER103C,FALSE,0.2286,NA,16,54,NA,NA,NA,IGR,FALSE,FALSE,FALSE,FALSE,4,4,0,4_0,754d26af-f184-497c-856a-cd1ea7a5115c,NA
X,124759738,124759738,1,snv_mnv,NA,NA,"broad,dkfz,muse,sanger",4,COSN16631634,NA,NA,FALSE,0.2703,NA,20,54,NA,NA,NA,IGR,FALSE,FALSE,FALSE,FALSE,4,4,0,4_0,754d26af-f184-497c-856a-cd1ea7a5115c,NA
X,124766607,124766607,1,snv_mnv,NA,NA,"broad,muse,sanger",3,COSN16630863,NA,L1PB3,FALSE,0.0741,NA,4,50,NA,NA,NA,IGR,FALSE,FALSE,FALSE,FALSE,4,4,0,4_0,754d26af-f184-497c-856a-cd1ea7a5115c,NA
X,124847152,124847152,1,snv_mnv,NA,NA,"broad,dkfz,muse,sanger",4,COSN16628895,NA,NA,FALSE,0.2619,NA,11,31,NA,NA,NA,IGR,FALSE,FALSE,TRUE,FALSE,4,4,0,4_0,754d26af-f184-497c-856a-cd1ea7a5115c,NA
X,125474095,125474095,1,snv_mnv,NA,NA,"broad,dkfz,muse,sanger",4,COSN16632056,NA,Tigger7,FALSE,0.125,NA,8,56,NA,NA,NA,IGR,FALSE,FALSE,FALSE,FALSE,4,4,0,4_0,754d26af-f184-497c-856a-cd1ea7a5115c,NA
X,125696424,125696424,1,snv_mnv,NA,NA,"broad,muse,sanger",3,COSN16633153,rs767101844,AluY,FALSE,0.1667,NA,8,40,NA,NA,NA,IGR,FALSE,FALSE,FALSE,FALSE,4,4,0,4_0,754d26af-f184-497c-856a-cd1ea7a5115c,NA
X,125869768,125869768,1,snv_mnv,NA,NA,"broad,dkfz,muse,sanger",4,COSN16631777,NA,MSTB-int,FALSE,0.1148,NA,7,54,NA,NA,NA,IGR,FALSE,FALSE,FALSE,FALSE,4,4,0,4_0,754d26af-f184-497c-856a-cd1ea7a5115c,NA
X,125892963,125892963,1,snv_mnv,NA,NA,"broad,dkfz,muse,sanger",4,COSN16630837,NA,NA,FALSE,0.1167,NA,7,53,NA,NA,NA,IGR,FALSE,FALSE,FALSE,FALSE,4,4,0,4_0,754d26af-f184-497c-856a-cd1ea7a5115c,NA
X,126108177,126108177,1,snv_mnv,NA,NA,"broad,dkfz,muse,sanger",4,COSN16632833,NA,MSTA-int,FALSE,0.1077,NA,7,58,NA,NA,NA,IGR,FALSE,FALSE,FALSE,FALSE,4,4,0,4_0,754d26af-f184-497c-856a-cd1ea7a5115c,NA
X,126222385,126222385,1,snv_mnv,NA,NA,"broad,dkfz,muse",3,COSN16630463,NA,L1M4,FALSE,0.1613,NA,10,52,NA,NA,NA,IGR,FALSE,FALSE,FALSE,FALSE,4,4,0,4_0,754d26af-f184-497c-856a-cd1ea7a5115c,NA
X,127568896,127568896,1,snv_mnv,NA,NA,"broad,dkfz,muse,sanger",4,COSN16630688,NA,NA,FALSE,0.125,NA,8,56,NA,NA,NA,lincRNA,FALSE,FALSE,FALSE,FALSE,4,4,0,4_0,754d26af-f184-497c-856a-cd1ea7a5115c,NA
X,128386709,128386709,1,snv_mnv,NA,NA,"broad,dkfz,muse,sanger",4,COSN16633065,NA,L1PB1,FALSE,0.2308,NA,18,60,NA,NA,NA,IGR,FALSE,FALSE,TRUE,FALSE,4,4,0,4_0,754d26af-f184-497c-856a-cd1ea7a5115c,NA
X,128931302,128931302,1,snv_mnv,NA,NA,"broad,dkfz,muse,sanger",4,COSN16632091,NA,NA,FALSE,0.0984,NA,6,55,NA,NA,NA,IGR,FALSE,FALSE,FALSE,FALSE,4,4,0,4_0,754d26af-f184-497c-856a-cd1ea7a5115c,"SASH3,AL023653.1,RF00017"
X,129198386,129198386,1,snv_mnv,NA,NA,"broad,dkfz,muse,sanger",4,COSN16629047,NA,AluSx,FALSE,0.1273,NA,7,48,NA,NA,NA,IGR,FALSE,FALSE,FALSE,FALSE,4,4,0,4_0,754d26af-f184-497c-856a-cd1ea7a5115c,ELF4
X,130185675,130185675,1,snv_mnv,NA,NA,"broad,dkfz,muse,sanger",4,COSN16632511,NA,MIR3,FALSE,0.25,NA,11,33,NA,NA,NA,RNA,FALSE,FALSE,FALSE,FALSE,4,4,0,4_0,754d26af-f184-497c-856a-cd1ea7a5115c,NA
X,130425427,130425427,1,snv_mnv,NA,NA,"broad,dkfz,muse,sanger",4,COSN16629984,NA,NA,FALSE,0.2453,NA,13,40,NA,NA,NA,5'Flank,FALSE,FALSE,FALSE,FALSE,4,4,0,4_0,754d26af-f184-497c-856a-cd1ea7a5115c,IGSF1
X,131246849,131246849,1,snv_mnv,NA,NA,"broad,dkfz,muse,sanger",4,COSN16630223,NA,NA,FALSE,0.2545,NA,14,41,NA,NA,NA,Intron,FALSE,FALSE,FALSE,FALSE,4,4,0,4_0,754d26af-f184-497c-856a-cd1ea7a5115c,NA
X,132088673,132088673,1,snv_mnv,NA,NA,"broad,dkfz,muse,sanger",4,COSN16631483,NA,NA,FALSE,0.1167,NA,7,53,NA,NA,NA,Intron,FALSE,FALSE,FALSE,FALSE,4,4,0,4_0,754d26af-f184-497c-856a-cd1ea7a5115c,NA
X,135220157,135220157,1,snv_mnv,NA,NA,"broad,muse",2,COSN16632025,NA,AluSx1,FALSE,0.0833,NA,4,44,NA,NA,NA,IGR,FALSE,FALSE,FALSE,FALSE,4,4,0,4_0,754d26af-f184-497c-856a-cd1ea7a5115c,RF01210
X,135503829,135503829,1,snv_mnv,NA,NA,"broad,dkfz,muse,sanger",4,COSN16633154,rs763127785,LTR12,FALSE,0.1951,NA,8,33,NA,NA,NA,Intron,FALSE,FALSE,FALSE,FALSE,4,4,0,4_0,754d26af-f184-497c-856a-cd1ea7a5115c,ADGRG4
X,137036485,137036485,1,snv_mnv,NA,NA,"broad,dkfz,muse,sanger",4,COSN16632916,NA,L1MA2,FALSE,0.2879,NA,19,47,NA,NA,NA,IGR,FALSE,FALSE,FALSE,FALSE,4,4,0,4_0,754d26af-f184-497c-856a-cd1ea7a5115c,NA
X,138184457,138184457,1,snv_mnv,NA,NA,"broad,dkfz,muse,sanger",4,COSN16629957,NA,MIRc,FALSE,0.2097,NA,13,49,NA,NA,NA,Intron,FALSE,FALSE,FALSE,FALSE,4,4,0,4_0,754d26af-f184-497c-856a-cd1ea7a5115c,NA
X,138324811,138324811,1,snv_mnv,NA,NA,"broad,dkfz,muse,sanger",4,COSN16631305,NA,L1PA11,FALSE,0.1333,NA,8,52,NA,NA,NA,IGR,FALSE,FALSE,FALSE,FALSE,4,4,0,4_0,754d26af-f184-497c-856a-cd1ea7a5115c,NA
X,138462315,138462315,1,snv_mnv,NA,NA,"broad,muse,sanger",3,COSN16631252,NA,L1MA9,FALSE,0.0893,NA,5,51,NA,NA,NA,IGR,FALSE,FALSE,FALSE,FALSE,4,4,0,4_0,754d26af-f184-497c-856a-cd1ea7a5115c,NA
X,138803343,138803343,1,snv_mnv,NA,NA,"broad,dkfz,muse,sanger",4,COSN16633407,NA,Tigger15a,FALSE,0.2281,NA,13,44,NA,NA,NA,IGR,FALSE,FALSE,FALSE,FALSE,4,4,0,4_0,754d26af-f184-497c-856a-cd1ea7a5115c,NA
X,139688998,139688998,1,snv_mnv,2.649e-4,rs181670522,"broad,muse",2,COSN16632628,rs181670522,MSTB,FALSE,0.0833,NA,5,55,NA,NA,NA,IGR,FALSE,FALSE,FALSE,FALSE,4,4,0,4_0,754d26af-f184-497c-856a-cd1ea7a5115c,NA
X,139930700,139930700,1,snv_mnv,NA,NA,"broad,dkfz,muse,sanger",4,COSN16629876,NA,L2,FALSE,0.1176,NA,8,60,NA,NA,NA,IGR,FALSE,FALSE,FALSE,FALSE,4,4,0,4_0,754d26af-f184-497c-856a-cd1ea7a5115c,NA
X,141025364,141025364,1,snv_mnv,NA,NA,"broad,muse",2,COSN16631154,NA,MER61-int,FALSE,0.0541,NA,4,70,NA,NA,NA,IGR,FALSE,FALSE,FALSE,FALSE,4,4,0,4_0,754d26af-f184-497c-856a-cd1ea7a5115c,NA
X,142639325,142639325,1,snv_mnv,NA,NA,"broad,dkfz,muse,sanger",4,COSN16633302,NA,MSTA-int,FALSE,0.1404,NA,8,49,NA,NA,NA,IGR,FALSE,FALSE,FALSE,FALSE,4,4,0,4_0,754d26af-f184-497c-856a-cd1ea7a5115c,NA
X,143955419,143955419,1,snv_mnv,NA,NA,"broad,muse,sanger",3,COSN16631155,NA,L1MCb,FALSE,0.0877,NA,5,52,NA,NA,NA,IGR,FALSE,FALSE,FALSE,FALSE,4,4,0,4_0,754d26af-f184-497c-856a-cd1ea7a5115c,NA
X,144356615,144356615,1,snv_mnv,NA,NA,"broad,dkfz,muse,sanger",4,COSN16632657,NA,NA,FALSE,0.2353,NA,8,26,NA,NA,NA,IGR,FALSE,FALSE,TRUE,FALSE,4,4,0,4_0,754d26af-f184-497c-856a-cd1ea7a5115c,NA
X,144473789,144473789,1,snv_mnv,NA,NA,"broad,dkfz,muse,sanger",4,COSN16630512,NA,L1MA3,FALSE,0.1512,NA,13,73,NA,NA,NA,IGR,FALSE,FALSE,FALSE,FALSE,4,4,0,4_0,754d26af-f184-497c-856a-cd1ea7a5115c,NA
X,144820087,144820087,1,snv_mnv,NA,NA,"broad,dkfz,muse,sanger",4,COSN16629435,NA,MIR,FALSE,0.0897,NA,7,71,NA,NA,NA,IGR,FALSE,FALSE,FALSE,FALSE,4,4,0,4_0,754d26af-f184-497c-856a-cd1ea7a5115c,NA
X,145001967,145001967,1,snv_mnv,NA,NA,"broad,muse",2,COSN16633276,NA,LTR57-int,FALSE,0.0714,NA,4,52,NA,NA,NA,IGR,FALSE,FALSE,FALSE,FALSE,4,4,0,4_0,754d26af-f184-497c-856a-cd1ea7a5115c,NA
X,145460274,145460274,1,snv_mnv,NA,NA,"dkfz,muse,sanger",3,COSN16632120,NA,NA,FALSE,0.0896,NA,6,61,NA,NA,NA,IGR,FALSE,FALSE,FALSE,FALSE,4,4,0,4_0,754d26af-f184-497c-856a-cd1ea7a5115c,NA
X,145487388,145487388,1,snv_mnv,NA,NA,"broad,dkfz,muse,sanger",4,COSN16631689,NA,L1M6,FALSE,0.0984,NA,6,55,NA,NA,NA,IGR,FALSE,FALSE,TRUE,FALSE,4,4,0,4_0,754d26af-f184-497c-856a-cd1ea7a5115c,NA
X,145547358,145547358,1,snv_mnv,NA,NA,"broad,dkfz,muse,sanger",4,COSN16630689,NA,L1M1,FALSE,0.3291,NA,26,53,NA,NA,NA,IGR,FALSE,FALSE,TRUE,FALSE,4,4,0,4_0,754d26af-f184-497c-856a-cd1ea7a5115c,NA
X,147194114,147194114,1,snv_mnv,NA,NA,"broad,dkfz,muse,sanger",4,COSN16630320,NA,NA,FALSE,0.2206,NA,15,53,NA,NA,NA,IGR,FALSE,FALSE,FALSE,FALSE,4,4,0,4_0,754d26af-f184-497c-856a-cd1ea7a5115c,NA
X,147701419,147701419,1,snv_mnv,NA,NA,"broad,dkfz,muse,sanger",4,COSN16632092,NA,NA,FALSE,0.169,NA,12,59,NA,NA,NA,Intron,FALSE,FALSE,FALSE,FALSE,4,4,0,4_0,754d26af-f184-497c-856a-cd1ea7a5115c,NA
X,147869323,147869323,1,snv_mnv,NA,NA,"broad,dkfz,muse,sanger",4,COSN16630716,NA,NA,FALSE,0.08,NA,6,69,NA,NA,NA,Intron,FALSE,FALSE,TRUE,FALSE,4,4,0,4_0,754d26af-f184-497c-856a-cd1ea7a5115c,NA
X,148686826,148686826,1,snv_mnv,NA,NA,"broad,muse,sanger",3,COSN16632722,NA,NA,FALSE,0.0833,NA,4,44,NA,NA,NA,Intron,FALSE,FALSE,FALSE,FALSE,4,4,0,4_0,754d26af-f184-497c-856a-cd1ea7a5115c,TMEM185A
X,149319967,149319967,1,snv_mnv,NA,NA,"broad,muse,sanger",3,COSN16631045,NA,NA,FALSE,0.08,NA,4,46,NA,NA,NA,RNA,FALSE,FALSE,FALSE,FALSE,4,4,0,4_0,754d26af-f184-497c-856a-cd1ea7a5115c,NA
X,149582584,149582584,1,snv_mnv,NA,NA,"broad,dkfz,muse,sanger",4,COSN16630838,NA,NA,FALSE,0.2653,NA,13,36,NA,NA,NA,Intron,FALSE,FALSE,FALSE,FALSE,4,4,0,4_0,754d26af-f184-497c-856a-cd1ea7a5115c,NA
X,150448210,150448210,1,snv_mnv,NA,NA,"broad,dkfz,muse,sanger",4,COSN16632629,NA,NA,FALSE,0.0714,NA,5,65,NA,NA,NA,IGR,FALSE,FALSE,FALSE,FALSE,4,4,0,4_0,754d26af-f184-497c-856a-cd1ea7a5115c,RF00017
X,150674677,150674677,1,snv_mnv,NA,NA,"broad,dkfz,muse,sanger",4,COSN16632894,NA,L2c,FALSE,0.2157,NA,11,40,NA,NA,NA,IGR,FALSE,FALSE,FALSE,FALSE,4,4,0,4_0,754d26af-f184-497c-856a-cd1ea7a5115c,NA
X,152464186,152464186,1,snv_mnv,NA,NA,"broad,dkfz,muse,sanger",4,COSN16629006,NA,L1M5,FALSE,0.1045,NA,7,60,NA,NA,NA,IGR,FALSE,FALSE,FALSE,FALSE,4,4,0,4_0,754d26af-f184-497c-856a-cd1ea7a5115c,AC236972.2
X,152691192,152691192,1,snv_mnv,NA,NA,"broad,dkfz,muse,sanger",4,COSN16629932,NA,NA,FALSE,0.3478,NA,16,30,NA,NA,NA,lincRNA,FALSE,FALSE,TRUE,FALSE,4,4,0,4_0,754d26af-f184-497c-856a-cd1ea7a5115c,NA
X,153158071,153158071,1,snv_mnv,NA,NA,"broad,dkfz,muse,sanger",4,COSN16631861,NA,NA,FALSE,0.2281,NA,13,44,NA,NA,NA,IGR,FALSE,FALSE,FALSE,FALSE,4,4,0,4_0,754d26af-f184-497c-856a-cd1ea7a5115c,U52112.1
X,153890810,153890810,1,snv_mnv,NA,NA,"broad,dkfz,muse,sanger",4,COSN16629933,NA,THE1D-int,FALSE,0.2632,NA,10,28,NA,NA,NA,IGR,FALSE,FALSE,FALSE,FALSE,4,4,0,4_0,754d26af-f184-497c-856a-cd1ea7a5115c,OR3B1P
X,154827219,154827219,1,snv_mnv,NA,NA,"broad,dkfz,muse,sanger",4,COSN16631749,NA,L1PA4,FALSE,0.2586,NA,15,43,NA,NA,NA,Intron,FALSE,FALSE,FALSE,FALSE,4,4,0,4_0,754d26af-f184-497c-856a-cd1ea7a5115c,NA
