chromosome,start,end,width,type,1000genomes_AF,1000genomes_ID,Callers,NumCallers,cosmic,dbsnp,repeat_masker,dbsnp_somatic,VAF,n_vaf,t_alt_count,t_ref_count,n_alt_count,n_ref_count,model_score,Variant_Classification,signature_R1,signature_R2,signature_N3,snv_near_indel,total_cn,major_cn,minor_cn,karyotype,sample,gene
21,20607102,20607103,2,indel,NA,NA,sanger,1,COSN1254431,NA,NA,FALSE,0.0921,NA,14,138,NA,NA,0.79,IGR,NA,NA,NA,NA,2,1,1,1_1,1a319682-f55e-4e0b-8476-48a0bea6c265,NA
1,3269098,3269098,1,snv_mnv,NA,NA,"broad,dkfz,muse,sanger",4,COSN16201651,rs369843324,NA,FALSE,0.1795,NA,7,32,NA,NA,NA,Intron,FALSE,FALSE,FALSE,FALSE,2,1,1,1_1,1a319682-f55e-4e0b-8476-48a0bea6c265,NA
1,8601727,8601727,1,snv_mnv,NA,NA,"broad,dkfz,muse,sanger",4,COSN4902906,NA,NA,FALSE,0.3492,NA,22,41,NA,NA,NA,Intron,FALSE,FALSE,FALSE,FALSE,2,1,1,1_1,1a319682-f55e-4e0b-8476-48a0bea6c265,NA
1,9372904,9372904,1,snv_mnv,NA,NA,"broad,dkfz,muse,sanger",4,COSN16200951,NA,NA,FALSE,0.2812,NA,18,46,NA,NA,NA,Intron,FALSE,FALSE,FALSE,FALSE,2,1,1,1_1,1a319682-f55e-4e0b-8476-48a0bea6c265,NA
1,9399040,9399040,1,snv_mnv,NA,NA,"broad,dkfz,muse,sanger",4,COSN4903029,NA,NA,FALSE,0.25,NA,9,27,NA,NA,NA,Intron,FALSE,FALSE,FALSE,FALSE,2,1,1,1_1,1a319682-f55e-4e0b-8476-48a0bea6c265,NA
1,11195324,11195324,1,snv_mnv,NA,NA,"broad,dkfz,muse,sanger",4,COSN4900534,NA,NA,FALSE,0.3115,NA,19,42,NA,NA,NA,Intron,FALSE,FALSE,FALSE,FALSE,2,1,1,1_1,1a319682-f55e-4e0b-8476-48a0bea6c265,NA
1,14361326,14361326,1,snv_mnv,1.9968e-4,rs563709317,"broad,dkfz,muse,sanger",4,COSN16201029,rs563709317,NA,FALSE,0.2656,NA,17,47,NA,NA,NA,IGR,FALSE,FALSE,FALSE,FALSE,2,1,1,1_1,1a319682-f55e-4e0b-8476-48a0bea6c265,NA
1,15928651,15928651,1,snv_mnv,NA,NA,"broad,dkfz,muse,sanger",4,COSN4900888,NA,AluJo,FALSE,0.2245,NA,11,38,NA,NA,NA,RNA,FALSE,FALSE,FALSE,FALSE,2,1,1,1_1,1a319682-f55e-4e0b-8476-48a0bea6c265,CHCHD2P6
1,18353637,18353637,1,snv_mnv,NA,NA,"broad,dkfz,muse,sanger",4,COSN16202207,NA,MLT1H2,FALSE,0.22,NA,11,39,NA,NA,NA,IGR,FALSE,FALSE,FALSE,FALSE,2,1,1,1_1,1a319682-f55e-4e0b-8476-48a0bea6c265,NA
1,23516022,23516022,1,snv_mnv,NA,NA,"broad,dkfz,muse",3,COSN16200830,NA,AluJb,FALSE,0.3231,NA,21,44,NA,NA,NA,IGR,FALSE,FALSE,FALSE,FALSE,2,1,1,1_1,1a319682-f55e-4e0b-8476-48a0bea6c265,HTR1D
1,25166741,25166741,1,snv_mnv,NA,NA,"broad,dkfz,muse,sanger",4,COSN16201537,NA,NA,FALSE,0.3443,NA,21,40,NA,NA,NA,Intron,FALSE,FALSE,FALSE,FALSE,2,1,1,1_1,1a319682-f55e-4e0b-8476-48a0bea6c265,CLIC4
1,25381167,25381167,1,snv_mnv,NA,NA,"broad,dkfz,muse,sanger",4,COSN4902096,NA,L2c,FALSE,0.2667,NA,16,44,NA,NA,NA,IGR,FALSE,FALSE,FALSE,FALSE,2,1,1,1_1,1a319682-f55e-4e0b-8476-48a0bea6c265,NA
1,27411420,27411420,1,snv_mnv,NA,NA,"broad,dkfz,muse,sanger",4,COSN16201852,NA,L2,FALSE,0.3148,NA,17,37,NA,NA,NA,IGR,FALSE,FALSE,FALSE,FALSE,2,1,1,1_1,1a319682-f55e-4e0b-8476-48a0bea6c265,NA
1,27842558,27842558,1,snv_mnv,NA,NA,"broad,dkfz,muse,sanger",4,COSN16201986,NA,MER115,FALSE,0.2826,NA,13,33,NA,NA,NA,IGR,FALSE,FALSE,FALSE,FALSE,2,1,1,1_1,1a319682-f55e-4e0b-8476-48a0bea6c265,NA
1,29507486,29507486,1,snv_mnv,NA,NA,"broad,dkfz,muse,sanger",4,COSN16200607,NA,NA,FALSE,0.186,NA,8,35,NA,NA,NA,Intron,FALSE,FALSE,FALSE,FALSE,2,1,1,1_1,1a319682-f55e-4e0b-8476-48a0bea6c265,NA
1,31775758,31775758,1,snv_mnv,NA,NA,"broad,dkfz,muse,sanger",4,COSN4902176,NA,THE1D,FALSE,0.3214,NA,18,38,NA,NA,NA,Intron,FALSE,FALSE,FALSE,FALSE,2,1,1,1_1,1a319682-f55e-4e0b-8476-48a0bea6c265,NA
1,33375675,33375675,1,snv_mnv,NA,NA,"broad,dkfz,muse,sanger",4,COSN16202584,NA,L1M4,FALSE,0.2747,NA,25,66,NA,NA,NA,IGR,FALSE,FALSE,FALSE,FALSE,2,1,1,1_1,1a319682-f55e-4e0b-8476-48a0bea6c265,NA
1,34082180,34082180,1,snv_mnv,NA,NA,"broad,dkfz,muse,sanger",4,COSN16201573,NA,NA,FALSE,0.2245,NA,11,38,NA,NA,NA,Intron,FALSE,FALSE,FALSE,FALSE,2,1,1,1_1,1a319682-f55e-4e0b-8476-48a0bea6c265,NA
1,48964229,48964229,1,snv_mnv,NA,NA,"broad,dkfz,muse,sanger",4,COSN4902362,NA,MamGypLTR3,FALSE,0.2143,NA,9,33,NA,NA,NA,IGR,FALSE,FALSE,FALSE,FALSE,2,1,1,1_1,1a319682-f55e-4e0b-8476-48a0bea6c265,AL356968.1
1,50586556,50586556,1,snv_mnv,NA,NA,"broad,dkfz,muse,sanger",4,COSN16201930,NA,NA,FALSE,0.22,NA,11,39,NA,NA,NA,Intron,FALSE,FALSE,FALSE,FALSE,2,1,1,1_1,1a319682-f55e-4e0b-8476-48a0bea6c265,NA
1,52064941,52064941,1,snv_mnv,NA,NA,"broad,dkfz,muse,sanger",4,COSN4902429,NA,NA,FALSE,0.28,NA,14,36,NA,NA,NA,Intron,FALSE,FALSE,FALSE,FALSE,2,1,1,1_1,1a319682-f55e-4e0b-8476-48a0bea6c265,CALR4P
1,54329567,54329567,1,snv_mnv,NA,NA,"broad,dkfz,muse,sanger",4,COSN4902469,NA,AluSz,FALSE,0.3043,NA,14,32,NA,NA,NA,Intron,FALSE,FALSE,FALSE,FALSE,2,1,1,1_1,1a319682-f55e-4e0b-8476-48a0bea6c265,YIPF1
1,54468653,54468653,1,snv_mnv,NA,NA,"broad,dkfz,muse,sanger",4,COSN16201289,NA,THE1B,FALSE,0.3171,NA,13,28,NA,NA,NA,IGR,FALSE,FALSE,FALSE,FALSE,2,1,1,1_1,1a319682-f55e-4e0b-8476-48a0bea6c265,LDLRAD1
1,54563391,54563391,1,snv_mnv,NA,NA,"broad,dkfz,muse,sanger",4,COSN4902474,NA,MIRb,FALSE,0.2174,NA,20,72,NA,NA,NA,3'UTR,FALSE,FALSE,FALSE,FALSE,2,1,1,1_1,1a319682-f55e-4e0b-8476-48a0bea6c265,AL353898.2
1,55203795,55203795,1,snv_mnv,NA,NA,"broad,dkfz,muse,sanger",4,COSN16200608,NA,AluSq2,FALSE,0.2821,NA,11,28,NA,NA,NA,Intron,FALSE,FALSE,FALSE,FALSE,2,1,1,1_1,1a319682-f55e-4e0b-8476-48a0bea6c265,NA
1,58788711,58788711,1,snv_mnv,NA,NA,"broad,dkfz,muse,sanger",4,COSN16202535,NA,L1PA6,FALSE,0.1875,NA,6,26,NA,NA,NA,Intron,FALSE,FALSE,FALSE,FALSE,2,1,1,1_1,1a319682-f55e-4e0b-8476-48a0bea6c265,NA
1,59239324,59239324,1,snv_mnv,NA,NA,"broad,dkfz,muse,sanger",4,COSN16202285,NA,NA,FALSE,0.1951,NA,8,33,NA,NA,NA,IGR,FALSE,FALSE,FALSE,FALSE,2,1,1,1_1,1a319682-f55e-4e0b-8476-48a0bea6c265,AL136985.3
1,60199244,60199244,1,snv_mnv,NA,NA,"broad,dkfz,muse,sanger",4,COSN4902531,NA,NA,FALSE,0.1828,NA,17,76,NA,NA,NA,Intron,FALSE,FALSE,FALSE,FALSE,2,1,1,1_1,1a319682-f55e-4e0b-8476-48a0bea6c265,MIR4711
1,62276065,62276065,1,snv_mnv,NA,NA,"broad,dkfz,muse,sanger",4,COSN16201066,NA,NA,FALSE,0.2927,NA,12,29,NA,NA,NA,Intron,FALSE,FALSE,FALSE,FALSE,2,1,1,1_1,1a319682-f55e-4e0b-8476-48a0bea6c265,NA
1,64728641,64728641,1,snv_mnv,NA,NA,"broad,dkfz,muse,sanger",4,COSN4902589,NA,L2c,FALSE,0.3333,NA,19,38,NA,NA,NA,IGR,FALSE,FALSE,FALSE,FALSE,2,1,1,1_1,1a319682-f55e-4e0b-8476-48a0bea6c265,NA
1,66077655,66077655,1,snv_mnv,NA,NA,"broad,dkfz,muse,sanger",4,COSN4902610,NA,NA,FALSE,0.3191,NA,15,32,NA,NA,NA,Intron,FALSE,FALSE,FALSE,FALSE,2,1,1,1_1,1a319682-f55e-4e0b-8476-48a0bea6c265,LEPR
1,66823032,66823032,1,snv_mnv,NA,NA,"broad,dkfz,muse,sanger",4,COSN4902625,NA,NA,FALSE,0.25,NA,10,30,NA,NA,NA,Intron,FALSE,FALSE,FALSE,FALSE,2,1,1,1_1,1a319682-f55e-4e0b-8476-48a0bea6c265,NA
1,67958034,67958034,1,snv_mnv,0.0015974,rs570870592,"broad,dkfz,muse,sanger",4,COSN16200383,rs570870592,AluSz,FALSE,0.2432,NA,9,28,NA,NA,NA,IGR,FALSE,FALSE,FALSE,FALSE,2,1,1,1_1,1a319682-f55e-4e0b-8476-48a0bea6c265,NA
1,69976725,69976725,1,snv_mnv,NA,NA,"broad,dkfz,muse",3,COSN16201403,NA,NA,FALSE,0.3036,NA,17,39,NA,NA,NA,IGR,FALSE,FALSE,FALSE,FALSE,2,1,1,1_1,1a319682-f55e-4e0b-8476-48a0bea6c265,NA
1,70245505,70245505,1,snv_mnv,NA,NA,"broad,dkfz,muse",3,COSN4902661,NA,NA,FALSE,0.2115,NA,11,41,NA,NA,NA,Intron,FALSE,FALSE,FALSE,FALSE,2,1,1,1_1,1a319682-f55e-4e0b-8476-48a0bea6c265,NA
1,72892920,72892920,1,snv_mnv,NA,NA,"broad,dkfz,muse,sanger",4,COSN16201538,NA,L1PA8,FALSE,0.2321,NA,13,43,NA,NA,NA,IGR,FALSE,FALSE,FALSE,FALSE,2,1,1,1_1,1a319682-f55e-4e0b-8476-48a0bea6c265,NA
1,72976890,72976890,1,snv_mnv,NA,NA,"broad,dkfz,muse,sanger",4,COSN16202315,NA,L2b,FALSE,0.2222,NA,14,49,NA,NA,NA,IGR,FALSE,FALSE,FALSE,FALSE,2,1,1,1_1,1a319682-f55e-4e0b-8476-48a0bea6c265,NA
1,73635736,73635736,1,snv_mnv,NA,NA,"broad,dkfz,muse",3,COSN16202495,NA,(TG)n,FALSE,0.2281,NA,13,44,NA,NA,NA,IGR,FALSE,FALSE,FALSE,FALSE,2,1,1,1_1,1a319682-f55e-4e0b-8476-48a0bea6c265,NA
1,75973801,75973801,1,snv_mnv,NA,NA,"broad,dkfz,muse,sanger",4,COSN4902790,NA,L1P4,FALSE,0.2989,NA,26,61,NA,NA,NA,Intron,FALSE,FALSE,FALSE,FALSE,2,1,1,1_1,1a319682-f55e-4e0b-8476-48a0bea6c265,NA
1,77010435,77010435,1,snv_mnv,NA,NA,"broad,dkfz,muse,sanger",4,COSN4902820,NA,L2c,FALSE,0.25,NA,13,39,NA,NA,NA,Intron,FALSE,FALSE,FALSE,FALSE,2,1,1,1_1,1a319682-f55e-4e0b-8476-48a0bea6c265,NA
1,79015600,79015600,1,snv_mnv,NA,NA,"broad,dkfz,muse,sanger",4,COSN16200575,NA,MER51E,FALSE,0.2237,NA,17,59,NA,NA,NA,IGR,FALSE,FALSE,FALSE,FALSE,2,1,1,1_1,1a319682-f55e-4e0b-8476-48a0bea6c265,NA
1,79209099,79209099,1,snv_mnv,NA,NA,"broad,dkfz,muse,sanger",4,COSN16202568,NA,NA,FALSE,0.2128,NA,10,37,NA,NA,NA,IGR,FALSE,FALSE,FALSE,FALSE,2,1,1,1_1,1a319682-f55e-4e0b-8476-48a0bea6c265,NA
1,80222110,80222110,1,snv_mnv,NA,NA,"broad,dkfz,muse,sanger",4,COSN16201050,NA,L2a,FALSE,0.28,NA,21,54,NA,NA,NA,IGR,FALSE,FALSE,FALSE,FALSE,2,1,1,1_1,1a319682-f55e-4e0b-8476-48a0bea6c265,NA
1,81025416,81025416,1,snv_mnv,NA,NA,"broad,dkfz,muse,sanger",4,COSN4902875,NA,NA,FALSE,0.2609,NA,12,34,NA,NA,NA,lincRNA,FALSE,FALSE,FALSE,FALSE,2,1,1,1_1,1a319682-f55e-4e0b-8476-48a0bea6c265,NA
1,81354131,81354131,1,snv_mnv,NA,NA,"broad,dkfz,muse,sanger",4,COSN16201490,NA,MER2,FALSE,0.3143,NA,11,24,NA,NA,NA,IGR,FALSE,FALSE,FALSE,FALSE,2,1,1,1_1,1a319682-f55e-4e0b-8476-48a0bea6c265,NA
1,82003268,82003268,1,snv_mnv,NA,NA,"broad,dkfz,muse,sanger",4,COSN16202123,NA,AluSp,FALSE,0.2609,NA,12,34,NA,NA,NA,Intron,FALSE,FALSE,FALSE,FALSE,2,1,1,1_1,1a319682-f55e-4e0b-8476-48a0bea6c265,NA
1,83474103,83474103,1,snv_mnv,NA,NA,"broad,dkfz,muse,sanger",4,COSN16202147,NA,LTR16B,FALSE,0.3462,NA,18,34,NA,NA,NA,lincRNA,FALSE,FALSE,FALSE,FALSE,2,1,1,1_1,1a319682-f55e-4e0b-8476-48a0bea6c265,NA
1,86557539,86557539,1,snv_mnv,NA,NA,"broad,dkfz,muse",3,COSN16200506,NA,MIRc,FALSE,0.2195,NA,9,32,NA,NA,NA,Intron,FALSE,FALSE,FALSE,FALSE,2,1,1,1_1,1a319682-f55e-4e0b-8476-48a0bea6c265,NA
1,87162517,87162517,1,snv_mnv,NA,NA,"broad,dkfz,muse,sanger",4,COSN16201577,NA,HAL1b,FALSE,0.2769,NA,18,47,NA,NA,NA,IGR,FALSE,FALSE,FALSE,FALSE,2,1,1,1_1,1a319682-f55e-4e0b-8476-48a0bea6c265,AL356270.1
1,94163649,94163649,1,snv_mnv,NA,NA,"broad,muse,sanger",3,COSN16200487,NA,NA,FALSE,0.2791,NA,12,31,NA,NA,NA,Intron,FALSE,FALSE,FALSE,FALSE,2,1,1,1_1,1a319682-f55e-4e0b-8476-48a0bea6c265,NA
1,94266718,94266718,1,snv_mnv,NA,NA,"broad,muse,sanger",3,COSN4903031,NA,PRIMAX-int,FALSE,0.3,NA,18,42,NA,NA,NA,Intron,FALSE,FALSE,FALSE,FALSE,2,1,1,1_1,1a319682-f55e-4e0b-8476-48a0bea6c265,NA
1,100748451,100748451,1,snv_mnv,NA,NA,"broad,muse,sanger",3,COSN4900420,NA,AluSz,FALSE,0.2632,NA,15,42,NA,NA,NA,Intron,FALSE,FALSE,FALSE,FALSE,2,1,1,1_1,1a319682-f55e-4e0b-8476-48a0bea6c265,MIR553
1,102117518,102117518,1,snv_mnv,NA,NA,"broad,muse,sanger",3,COSN16201422,NA,L1MA4,FALSE,0.3676,NA,25,43,NA,NA,NA,IGR,FALSE,FALSE,FALSE,FALSE,2,1,1,1_1,1a319682-f55e-4e0b-8476-48a0bea6c265,NA
1,102506579,102506579,1,snv_mnv,NA,NA,"broad,muse,sanger",3,COSN16201275,NA,MLT1F2,FALSE,0.1724,NA,10,48,NA,NA,NA,IGR,FALSE,FALSE,FALSE,FALSE,2,1,1,1_1,1a319682-f55e-4e0b-8476-48a0bea6c265,NA
1,107385466,107385466,1,snv_mnv,NA,NA,"broad,muse,sanger",3,COSN16202126,NA,NA,FALSE,0.2609,NA,12,34,NA,NA,NA,IGR,FALSE,FALSE,FALSE,FALSE,2,1,1,1_1,1a319682-f55e-4e0b-8476-48a0bea6c265,LINC01661
1,111708508,111708508,1,snv_mnv,NA,NA,"broad,muse,sanger",3,COSN4900530,NA,NA,FALSE,0.2093,NA,9,34,NA,NA,NA,Intron,FALSE,FALSE,FALSE,FALSE,2,1,1,1_1,1a319682-f55e-4e0b-8476-48a0bea6c265,NA
1,114129384,114129384,1,snv_mnv,NA,NA,"broad,muse,sanger",3,COSN16202146,NA,NA,FALSE,0.3846,NA,20,32,NA,NA,NA,Intron,FALSE,FALSE,FALSE,FALSE,2,1,1,1_1,1a319682-f55e-4e0b-8476-48a0bea6c265,NA
1,114513192,114513192,1,snv_mnv,NA,NA,"broad,muse,sanger",3,COSN16201504,NA,NA,FALSE,0.1571,NA,11,59,NA,NA,NA,Intron,FALSE,FALSE,FALSE,FALSE,2,1,1,1_1,1a319682-f55e-4e0b-8476-48a0bea6c265,NA
1,117457984,117457984,1,snv_mnv,NA,NA,"broad,muse,sanger",3,COSN4900605,NA,NA,FALSE,0.3023,NA,13,30,NA,NA,NA,Intron,FALSE,FALSE,FALSE,FALSE,2,1,1,1_1,1a319682-f55e-4e0b-8476-48a0bea6c265,NA
1,151212295,151212295,1,snv_mnv,1.9968e-4,rs181294830,"broad,muse,sanger",3,COSN16200902,rs181294830,AluSx1,FALSE,0.2609,NA,12,34,NA,NA,NA,Intron,FALSE,FALSE,FALSE,FALSE,2,1,1,1_1,1a319682-f55e-4e0b-8476-48a0bea6c265,PIP5K1A
1,153257448,153257448,1,snv_mnv,NA,NA,"broad,dkfz,muse,sanger",4,COSN16201330,NA,L1MC,FALSE,0.2,NA,16,64,NA,NA,NA,IGR,FALSE,FALSE,FALSE,FALSE,2,1,1,1_1,1a319682-f55e-4e0b-8476-48a0bea6c265,NA
1,154761797,154761797,1,snv_mnv,NA,NA,"broad,dkfz,muse,sanger",4,COSN16201823,NA,MLT1D,FALSE,0.3529,NA,12,22,NA,NA,NA,Intron,FALSE,FALSE,FALSE,FALSE,2,1,1,1_1,1a319682-f55e-4e0b-8476-48a0bea6c265,NA
1,157554282,157554282,1,snv_mnv,NA,NA,"broad,dkfz,muse,sanger",4,COSN4900868,rs367722649,AluJo,FALSE,0.3438,NA,11,21,NA,NA,NA,Intron,FALSE,FALSE,FALSE,FALSE,2,1,1,1_1,1a319682-f55e-4e0b-8476-48a0bea6c265,NA
1,158974369,158974369,1,snv_mnv,NA,NA,"broad,dkfz,muse,sanger",4,COSN4900883,NA,AluSz,FALSE,0.3158,NA,18,39,NA,NA,NA,IGR,FALSE,FALSE,FALSE,FALSE,2,1,1,1_1,1a319682-f55e-4e0b-8476-48a0bea6c265,IFI16
1,159109799,159109799,1,snv_mnv,NA,NA,"broad,dkfz,muse,sanger",4,COSN4900886,NA,NA,FALSE,0.2195,NA,9,32,NA,NA,NA,Intron,FALSE,FALSE,FALSE,FALSE,2,1,1,1_1,1a319682-f55e-4e0b-8476-48a0bea6c265,NA
1,159322698,159322698,1,snv_mnv,NA,NA,"broad,dkfz,muse,sanger",4,COSN16202492,NA,NA,FALSE,0.2093,NA,9,34,NA,NA,NA,RNA,FALSE,FALSE,FALSE,FALSE,2,1,1,1_1,1a319682-f55e-4e0b-8476-48a0bea6c265,OR10J7P
1,159441237,159441237,1,snv_mnv,NA,NA,"broad,dkfz,muse,sanger",4,COSN16202168,NA,NA,FALSE,0.2206,NA,15,53,NA,NA,NA,RNA,FALSE,FALSE,FALSE,FALSE,2,1,1,1_1,1a319682-f55e-4e0b-8476-48a0bea6c265,NA
1,161220091,161220091,1,snv_mnv,NA,NA,"broad,muse,sanger",3,COSN16200953,NA,LTR12F,FALSE,0.2121,NA,14,52,NA,NA,NA,IGR,FALSE,FALSE,FALSE,FALSE,2,1,1,1_1,1a319682-f55e-4e0b-8476-48a0bea6c265,NA
1,162710832,162710832,1,snv_mnv,NA,NA,"broad,dkfz,muse,sanger",4,COSN4900931,NA,MIRc,FALSE,0.2927,NA,12,29,NA,NA,NA,Intron,FALSE,FALSE,FALSE,FALSE,2,1,1,1_1,1a319682-f55e-4e0b-8476-48a0bea6c265,NA
1,163206960,163206960,1,snv_mnv,1.9968e-4,rs189242971,"broad,dkfz,muse,sanger",4,COSN16202008,rs189242971,NA,FALSE,0.3182,NA,14,30,NA,NA,NA,Intron,FALSE,FALSE,FALSE,FALSE,2,1,1,1_1,1a319682-f55e-4e0b-8476-48a0bea6c265,AL451063.1
1,163976665,163976665,1,snv_mnv,NA,NA,"broad,dkfz,muse",3,COSN16201444,rs372634254,L1M5,FALSE,0.2105,NA,12,45,NA,NA,NA,IGR,FALSE,FALSE,FALSE,FALSE,2,1,1,1_1,1a319682-f55e-4e0b-8476-48a0bea6c265,NA
1,164976324,164976324,1,snv_mnv,NA,NA,"broad,dkfz,muse,sanger",4,COSN16200510,NA,NA,FALSE,0.2963,NA,16,38,NA,NA,NA,IGR,FALSE,FALSE,FALSE,FALSE,2,1,1,1_1,1a319682-f55e-4e0b-8476-48a0bea6c265,NA
1,166312160,166312160,1,snv_mnv,NA,NA,"broad,dkfz,muse,sanger",4,COSN16201752,NA,LTR12C,FALSE,0.3889,NA,7,11,NA,NA,NA,IGR,FALSE,FALSE,FALSE,FALSE,2,1,1,1_1,1a319682-f55e-4e0b-8476-48a0bea6c265,NA
1,166992683,166992683,1,snv_mnv,NA,NA,"broad,dkfz,muse,sanger",4,COSN16200370,NA,NA,FALSE,0.2326,NA,10,33,NA,NA,NA,IGR,FALSE,FALSE,FALSE,FALSE,2,1,1,1_1,1a319682-f55e-4e0b-8476-48a0bea6c265,MAEL
1,168108930,168108930,1,snv_mnv,NA,NA,"broad,dkfz,muse,sanger",4,COSN16200476,NA,MER20B,FALSE,0.2703,NA,20,54,NA,NA,NA,5'Flank,FALSE,FALSE,FALSE,FALSE,2,1,1,1_1,1a319682-f55e-4e0b-8476-48a0bea6c265,GPR161
1,168207578,168207578,1,snv_mnv,NA,NA,"broad,dkfz,muse,sanger",4,COSN4900999,NA,NA,FALSE,0.1739,NA,8,38,NA,NA,NA,Intron,FALSE,FALSE,FALSE,FALSE,2,1,1,1_1,1a319682-f55e-4e0b-8476-48a0bea6c265,SFT2D2
1,175038082,175038082,1,snv_mnv,NA,NA,"broad,dkfz,muse,sanger",4,COSN4901167,NA,NA,FALSE,0.2917,NA,21,51,NA,NA,NA,Intron,FALSE,FALSE,FALSE,FALSE,2,1,1,1_1,1a319682-f55e-4e0b-8476-48a0bea6c265,NA
1,177247811,177247811,1,snv_mnv,NA,NA,"broad,dkfz,muse,sanger",4,COSM4880395,NA,NA,FALSE,0.2308,NA,9,30,NA,NA,NA,Silent,FALSE,FALSE,FALSE,FALSE,2,1,1,1_1,1a319682-f55e-4e0b-8476-48a0bea6c265,NA
1,177625532,177625532,1,snv_mnv,NA,NA,"broad,dkfz,muse,sanger",4,COSN16200277,NA,NA,FALSE,0.3125,NA,15,33,NA,NA,NA,IGR,FALSE,FALSE,FALSE,FALSE,2,1,1,1_1,1a319682-f55e-4e0b-8476-48a0bea6c265,NA
1,177762047,177762047,1,snv_mnv,NA,NA,"broad,dkfz,muse,sanger",4,COSN16202009,NA,LTR28,FALSE,0.2812,NA,18,46,NA,NA,NA,IGR,FALSE,FALSE,FALSE,FALSE,2,1,1,1_1,1a319682-f55e-4e0b-8476-48a0bea6c265,NA
1,179611478,179611478,1,snv_mnv,NA,NA,"broad,dkfz,muse,sanger",4,COSN16201700,NA,AluSz,FALSE,0.2,NA,8,32,NA,NA,NA,Intron,FALSE,FALSE,FALSE,FALSE,2,1,1,1_1,1a319682-f55e-4e0b-8476-48a0bea6c265,NA
1,186829512,186829512,1,snv_mnv,NA,NA,"broad,dkfz,muse,sanger",4,COSN4901342,NA,MLT2B1,FALSE,0.2,NA,12,48,NA,NA,NA,Intron,FALSE,FALSE,FALSE,FALSE,2,1,1,1_1,1a319682-f55e-4e0b-8476-48a0bea6c265,NA
1,189029108,189029108,1,snv_mnv,NA,NA,"broad,dkfz,muse,sanger",4,COSN16201071,NA,NA,FALSE,0.3667,NA,22,38,NA,NA,NA,IGR,FALSE,FALSE,FALSE,FALSE,2,1,1,1_1,1a319682-f55e-4e0b-8476-48a0bea6c265,NA
1,191230805,191230805,1,snv_mnv,NA,NA,"broad,dkfz,muse,sanger",4,COSN16202511,NA,L1MD1,FALSE,0.1923,NA,10,42,NA,NA,NA,IGR,FALSE,FALSE,FALSE,FALSE,2,1,1,1_1,1a319682-f55e-4e0b-8476-48a0bea6c265,NA
1,192078607,192078607,1,snv_mnv,NA,NA,"broad,dkfz,muse,sanger",4,COSN16201014,NA,NA,FALSE,0.2549,NA,13,38,NA,NA,NA,IGR,FALSE,FALSE,FALSE,FALSE,2,1,1,1_1,1a319682-f55e-4e0b-8476-48a0bea6c265,NA
1,194656258,194656258,1,snv_mnv,NA,NA,"broad,dkfz,muse,sanger",4,COSN16201261,NA,L1PB1,FALSE,0.4286,NA,18,24,NA,NA,NA,IGR,FALSE,FALSE,FALSE,FALSE,2,1,1,1_1,1a319682-f55e-4e0b-8476-48a0bea6c265,NA
1,195315950,195315950,1,snv_mnv,NA,NA,"broad,dkfz,muse,sanger",4,COSN16201491,NA,L1M4c,FALSE,0.2903,NA,18,44,NA,NA,NA,IGR,FALSE,FALSE,FALSE,FALSE,2,1,1,1_1,1a319682-f55e-4e0b-8476-48a0bea6c265,NA
1,196226606,196226606,1,snv_mnv,NA,NA,"broad,dkfz,muse,sanger",4,COSN16201813,rs777997803,NA,FALSE,0.2031,NA,13,51,NA,NA,NA,Intron,FALSE,FALSE,FALSE,FALSE,2,1,1,1_1,1a319682-f55e-4e0b-8476-48a0bea6c265,NA
1,196408822,196408822,1,snv_mnv,NA,NA,"broad,dkfz,muse,sanger",4,COSN16202138,NA,NA,FALSE,0.3846,NA,10,16,NA,NA,NA,Intron,FALSE,FALSE,FALSE,FALSE,2,1,1,1_1,1a319682-f55e-4e0b-8476-48a0bea6c265,NA
1,196426848,196426848,1,snv_mnv,9.984e-4,rs147178877,"broad,dkfz,muse,sanger",4,COSN16202569,rs147178877,NA,FALSE,0.1765,NA,6,28,NA,NA,NA,Intron,FALSE,FALSE,FALSE,FALSE,2,1,1,1_1,1a319682-f55e-4e0b-8476-48a0bea6c265,NA
1,198584401,198584401,1,snv_mnv,NA,NA,"broad,dkfz,muse,sanger",4,COSN16202405,NA,L1ME3A,FALSE,0.2037,NA,11,43,NA,NA,NA,IGR,FALSE,FALSE,FALSE,FALSE,2,1,1,1_1,1a319682-f55e-4e0b-8476-48a0bea6c265,NA
1,198817171,198817171,1,snv_mnv,NA,NA,"broad,dkfz,muse,sanger",4,COSN16201909,NA,AluSx,FALSE,0.3443,NA,21,40,NA,NA,NA,IGR,FALSE,FALSE,FALSE,FALSE,2,1,1,1_1,1a319682-f55e-4e0b-8476-48a0bea6c265,NA
1,199907870,199907870,1,snv_mnv,NA,NA,"broad,dkfz,muse,sanger",4,COSN16201652,NA,NA,FALSE,0.322,NA,19,40,NA,NA,NA,IGR,FALSE,FALSE,FALSE,FALSE,2,1,1,1_1,1a319682-f55e-4e0b-8476-48a0bea6c265,NA
1,200834713,200834713,1,snv_mnv,NA,NA,"broad,dkfz,muse,sanger",4,COSN16200416,NA,NA,FALSE,0.1778,NA,8,37,NA,NA,NA,IGR,FALSE,FALSE,FALSE,FALSE,2,1,1,1_1,1a319682-f55e-4e0b-8476-48a0bea6c265,"CAMSAP2,RPL34P6"
1,202294447,202294447,1,snv_mnv,NA,NA,"broad,dkfz,muse,sanger",4,COSN16201734,NA,AluJb,FALSE,0.2881,NA,17,42,NA,NA,NA,IGR,FALSE,FALSE,FALSE,FALSE,2,1,1,1_1,1a319682-f55e-4e0b-8476-48a0bea6c265,NA
1,203081195,203081195,1,snv_mnv,NA,NA,"broad,dkfz,muse,sanger",4,COSN16201955,NA,Charlie13a,FALSE,0.3289,NA,25,51,NA,NA,NA,Intron,FALSE,FALSE,FALSE,FALSE,2,1,1,1_1,1a319682-f55e-4e0b-8476-48a0bea6c265,NA
1,204954515,204954515,1,snv_mnv,NA,NA,"broad,dkfz,muse,sanger",4,COSN4901491,NA,NA,FALSE,0.2549,NA,13,38,NA,NA,NA,Intron,FALSE,FALSE,FALSE,FALSE,2,1,1,1_1,1a319682-f55e-4e0b-8476-48a0bea6c265,NFASC
1,205750724,205750724,1,snv_mnv,NA,NA,"broad,dkfz,muse,sanger",4,COSN16200245,NA,NA,FALSE,0.2329,NA,17,56,NA,NA,NA,IGR,FALSE,FALSE,FALSE,FALSE,2,1,1,1_1,1a319682-f55e-4e0b-8476-48a0bea6c265,NA
1,207792652,207792652,1,snv_mnv,NA,NA,"broad,muse,sanger",3,COSN16201015,NA,AluSx,FALSE,0.3171,NA,13,28,NA,NA,NA,Intron,FALSE,FALSE,FALSE,FALSE,2,1,1,1_1,1a319682-f55e-4e0b-8476-48a0bea6c265,NA
1,210764985,210764985,1,snv_mnv,NA,NA,"broad,dkfz,muse,sanger",4,COSN16200882,NA,L1MA3,FALSE,0.2742,NA,17,45,NA,NA,NA,Intron,FALSE,FALSE,FALSE,FALSE,2,1,1,1_1,1a319682-f55e-4e0b-8476-48a0bea6c265,NA
1,211171533,211171533,1,snv_mnv,NA,NA,"broad,dkfz,muse,sanger",4,COSN16200334,NA,L1PA5,FALSE,0.2917,NA,14,34,NA,NA,NA,Intron,FALSE,FALSE,FALSE,FALSE,2,1,1,1_1,1a319682-f55e-4e0b-8476-48a0bea6c265,NA
1,211458534,211458534,1,snv_mnv,NA,NA,"broad,dkfz,muse,sanger",4,COSN4901562,NA,L1MEe,FALSE,0.3258,NA,29,60,NA,NA,NA,Intron,FALSE,FALSE,FALSE,FALSE,2,1,1,1_1,1a319682-f55e-4e0b-8476-48a0bea6c265,NA
1,214722647,214722647,1,snv_mnv,NA,NA,"broad,dkfz,muse,sanger",4,COSN16202026,NA,NA,FALSE,0.2545,NA,14,41,NA,NA,NA,Intron,FALSE,FALSE,FALSE,FALSE,2,1,1,1_1,1a319682-f55e-4e0b-8476-48a0bea6c265,NA
1,215927806,215927806,1,snv_mnv,1.9968e-4,rs535428958,"broad,dkfz,muse,sanger",4,COSN17521504,rs535428958,NA,FALSE,0.2667,NA,16,44,NA,NA,NA,Intron,FALSE,FALSE,FALSE,FALSE,2,1,1,1_1,1a319682-f55e-4e0b-8476-48a0bea6c265,NA
1,216549698,216549698,1,snv_mnv,NA,NA,"broad,dkfz,muse,sanger",4,COSN4901657,NA,NA,FALSE,0.2619,NA,11,31,NA,NA,NA,Intron,FALSE,FALSE,FALSE,FALSE,2,1,1,1_1,1a319682-f55e-4e0b-8476-48a0bea6c265,NA
1,217432265,217432265,1,snv_mnv,NA,NA,"broad,dkfz,muse,sanger",4,COSN16201331,NA,AluJo,FALSE,0.2326,NA,10,33,NA,NA,NA,IGR,FALSE,FALSE,FALSE,FALSE,2,1,1,1_1,1a319682-f55e-4e0b-8476-48a0bea6c265,NA
1,220465044,220465044,1,snv_mnv,NA,NA,"broad,dkfz,muse,sanger",4,COSN16202286,NA,L1MB2,FALSE,0.4,NA,20,30,NA,NA,NA,IGR,FALSE,FALSE,FALSE,FALSE,2,1,1,1_1,1a319682-f55e-4e0b-8476-48a0bea6c265,NA
1,220592793,220592793,1,snv_mnv,NA,NA,"broad,dkfz,muse,sanger",4,COSN16200921,NA,MIRb,FALSE,0.3333,NA,19,38,NA,NA,NA,IGR,FALSE,FALSE,FALSE,FALSE,2,1,1,1_1,1a319682-f55e-4e0b-8476-48a0bea6c265,NA
1,220946527,220946527,1,snv_mnv,NA,NA,"broad,dkfz,muse,sanger",4,COSN4901702,NA,MER21C,FALSE,0.3108,NA,23,51,NA,NA,NA,Intron,FALSE,FALSE,FALSE,FALSE,2,1,1,1_1,1a319682-f55e-4e0b-8476-48a0bea6c265,NA
1,224605740,224605740,1,snv_mnv,NA,NA,"broad,dkfz,muse,sanger",4,COSN4901746,NA,NA,FALSE,0.1918,NA,14,59,NA,NA,NA,Intron,FALSE,FALSE,FALSE,FALSE,2,1,1,1_1,1a319682-f55e-4e0b-8476-48a0bea6c265,WDR26
1,227646540,227646540,1,snv_mnv,NA,NA,"broad,dkfz,muse,sanger",4,COSN16201276,NA,NA,FALSE,0.186,NA,8,35,NA,NA,NA,IGR,FALSE,FALSE,FALSE,FALSE,2,1,1,1_1,1a319682-f55e-4e0b-8476-48a0bea6c265,NA
1,230537583,230537583,1,snv_mnv,0.0017971,rs554320505,"broad,dkfz,muse,sanger",4,COSN16201195,rs554320505,NA,FALSE,0.2143,NA,9,33,NA,NA,NA,Intron,FALSE,FALSE,FALSE,FALSE,2,1,1,1_1,1a319682-f55e-4e0b-8476-48a0bea6c265,NA
1,231473984,231473984,1,snv_mnv,NA,NA,"broad,dkfz,muse,sanger",4,COSN16200395,NA,NA,FALSE,0.2424,NA,8,25,NA,NA,NA,5'UTR,FALSE,FALSE,FALSE,FALSE,2,1,1,1_1,1a319682-f55e-4e0b-8476-48a0bea6c265,"EXOC8,SPRTN"
1,231983529,231983529,1,snv_mnv,NA,NA,"broad,dkfz,muse,sanger",4,COSN4901838,NA,L2a,FALSE,0.2553,NA,12,35,NA,NA,NA,Intron,FALSE,FALSE,FALSE,FALSE,2,1,1,1_1,1a319682-f55e-4e0b-8476-48a0bea6c265,NA
1,233611283,233611283,1,snv_mnv,NA,NA,"broad,dkfz,muse,sanger",4,COSN16200296,NA,MER4D,FALSE,0.2308,NA,12,40,NA,NA,NA,IGR,FALSE,FALSE,FALSE,FALSE,2,1,1,1_1,1a319682-f55e-4e0b-8476-48a0bea6c265,NA
1,236701886,236701886,1,snv_mnv,NA,NA,"broad,dkfz,muse,sanger",4,COSN4901891,NA,MLT1J,FALSE,0.4839,NA,15,16,NA,NA,NA,Intron,FALSE,FALSE,FALSE,FALSE,2,1,1,1_1,1a319682-f55e-4e0b-8476-48a0bea6c265,"LGALS8,AL359921.1,AL359921.2"
1,237818321,237818321,1,snv_mnv,NA,NA,"broad,dkfz,muse,sanger",4,COSN4901915,NA,NA,FALSE,0.2222,NA,12,42,NA,NA,NA,Intron,FALSE,FALSE,FALSE,FALSE,2,1,1,1_1,1a319682-f55e-4e0b-8476-48a0bea6c265,NA
1,241310227,241310227,1,snv_mnv,NA,NA,"broad,dkfz,muse,sanger",4,COSN16200572,NA,MLT1A0,FALSE,0.2571,NA,9,26,NA,NA,NA,Intron,FALSE,FALSE,FALSE,FALSE,2,1,1,1_1,1a319682-f55e-4e0b-8476-48a0bea6c265,NA
1,245158721,245158721,1,snv_mnv,NA,NA,"broad,dkfz,muse,sanger",4,COSN4902026,NA,AluJr4,FALSE,0.4,NA,16,24,NA,NA,NA,Intron,FALSE,FALSE,FALSE,FALSE,2,1,1,1_1,1a319682-f55e-4e0b-8476-48a0bea6c265,NA
10,2382656,2382656,1,snv_mnv,NA,NA,"broad,dkfz,muse,sanger",4,COSN16201875,NA,L1ME3F,FALSE,0.2264,NA,12,41,NA,NA,NA,IGR,FALSE,FALSE,FALSE,FALSE,2,1,1,1_1,1a319682-f55e-4e0b-8476-48a0bea6c265,NA
10,2494427,2494427,1,snv_mnv,1.9968e-4,rs181078364,"broad,dkfz,muse,sanger",4,COSN16201112,rs181078364,L1MEg,FALSE,0.2807,NA,16,41,NA,NA,NA,RNA,FALSE,FALSE,FALSE,FALSE,2,1,1,1_1,1a319682-f55e-4e0b-8476-48a0bea6c265,AC024908.1
10,2794004,2794004,1,snv_mnv,NA,NA,"broad,dkfz,muse,sanger",4,COSN16201449,NA,L1MCb,FALSE,0.1515,NA,5,28,NA,NA,NA,IGR,FALSE,FALSE,FALSE,FALSE,2,1,1,1_1,1a319682-f55e-4e0b-8476-48a0bea6c265,NA
10,5192241,5192241,1,snv_mnv,NA,NA,"broad,dkfz,muse,sanger",4,COSN16201411,NA,LTR49-int,FALSE,0.2778,NA,10,26,NA,NA,NA,IGR,FALSE,FALSE,FALSE,FALSE,2,1,1,1_1,1a319682-f55e-4e0b-8476-48a0bea6c265,AKR1C8P
10,6553376,6553376,1,snv_mnv,NA,NA,"broad,dkfz,muse,sanger",4,COSN4895892,rs775643234,NA,FALSE,0.3333,NA,16,32,NA,NA,NA,Intron,FALSE,FALSE,FALSE,FALSE,2,1,1,1_1,1a319682-f55e-4e0b-8476-48a0bea6c265,NA
10,8083633,8083633,1,snv_mnv,NA,NA,"broad,dkfz,muse,sanger",4,COSN16200759,NA,NA,FALSE,0.2063,NA,13,50,NA,NA,NA,IGR,FALSE,FALSE,FALSE,FALSE,2,1,1,1_1,1a319682-f55e-4e0b-8476-48a0bea6c265,GATA3
10,8281568,8281568,1,snv_mnv,NA,NA,"broad,dkfz,muse,sanger",4,COSN16201133,NA,MER5A,FALSE,0.2955,NA,13,31,NA,NA,NA,IGR,FALSE,FALSE,FALSE,FALSE,2,1,1,1_1,1a319682-f55e-4e0b-8476-48a0bea6c265,NA
10,9260625,9260625,1,snv_mnv,NA,NA,"broad,dkfz,muse,sanger",4,COSN16200560,NA,NA,FALSE,0.25,NA,14,42,NA,NA,NA,IGR,FALSE,FALSE,FALSE,FALSE,2,1,1,1_1,1a319682-f55e-4e0b-8476-48a0bea6c265,NA
10,10029351,10029351,1,snv_mnv,NA,NA,"broad,dkfz,muse,sanger",4,COSN16200480,NA,NA,FALSE,0.2453,NA,13,40,NA,NA,NA,IGR,FALSE,FALSE,FALSE,FALSE,2,1,1,1_1,1a319682-f55e-4e0b-8476-48a0bea6c265,NA
10,10131154,10131154,1,snv_mnv,NA,NA,"broad,dkfz,muse,sanger",4,COSN16201077,NA,L1MCa,FALSE,0.2955,NA,13,31,NA,NA,NA,IGR,FALSE,FALSE,FALSE,FALSE,2,1,1,1_1,1a319682-f55e-4e0b-8476-48a0bea6c265,NA
10,10286252,10286252,1,snv_mnv,NA,NA,"broad,dkfz,muse,sanger",4,COSN16201158,NA,L1MC2,FALSE,0.1724,NA,10,48,NA,NA,NA,IGR,FALSE,FALSE,FALSE,FALSE,2,1,1,1_1,1a319682-f55e-4e0b-8476-48a0bea6c265,NA
10,10534074,10534074,1,snv_mnv,NA,NA,"broad,dkfz,muse,sanger",4,COSN16202293,NA,NA,FALSE,0.2308,NA,12,40,NA,NA,NA,IGR,FALSE,FALSE,FALSE,FALSE,2,1,1,1_1,1a319682-f55e-4e0b-8476-48a0bea6c265,NA
10,10888208,10888208,1,snv_mnv,NA,NA,"broad,dkfz,muse,sanger",4,COSN16201431,NA,NA,FALSE,0.2667,NA,12,33,NA,NA,NA,IGR,FALSE,FALSE,FALSE,FALSE,2,1,1,1_1,1a319682-f55e-4e0b-8476-48a0bea6c265,NA
10,16315027,16315027,1,snv_mnv,0.0015974,rs73606916,"broad,dkfz,muse,sanger",4,COSN16201373,rs73606916,NA,FALSE,0.3455,NA,19,36,NA,NA,NA,IGR,FALSE,FALSE,FALSE,FALSE,2,1,1,1_1,1a319682-f55e-4e0b-8476-48a0bea6c265,NA
10,17307890,17307890,1,snv_mnv,NA,NA,"broad,dkfz,muse,sanger",4,COSN16202320,NA,NA,FALSE,0.234,NA,11,36,NA,NA,NA,IGR,FALSE,FALSE,FALSE,FALSE,2,1,1,1_1,1a319682-f55e-4e0b-8476-48a0bea6c265,NA
10,18380858,18380858,1,snv_mnv,NA,NA,"broad,dkfz,muse,sanger",4,COSN16202335,NA,NA,FALSE,0.2805,NA,23,59,NA,NA,NA,IGR,FALSE,FALSE,FALSE,FALSE,2,1,1,1_1,1a319682-f55e-4e0b-8476-48a0bea6c265,NA
10,18576632,18576632,1,snv_mnv,NA,NA,"broad,dkfz,muse,sanger",4,COSN16200432,NA,AluJo,FALSE,0.3488,NA,15,28,NA,NA,NA,Intron,FALSE,FALSE,FALSE,FALSE,2,1,1,1_1,1a319682-f55e-4e0b-8476-48a0bea6c265,NA
10,19001039,19001039,1,snv_mnv,NA,NA,"broad,dkfz,muse,sanger",4,COSN16201320,NA,NA,FALSE,0.2,NA,10,40,NA,NA,NA,IGR,FALSE,FALSE,FALSE,FALSE,2,1,1,1_1,1a319682-f55e-4e0b-8476-48a0bea6c265,NA
10,19046474,19046474,1,snv_mnv,NA,NA,"broad,dkfz,muse,sanger",4,COSN16202229,NA,AluSq2,FALSE,0.2766,NA,13,34,NA,NA,NA,IGR,FALSE,FALSE,FALSE,FALSE,2,1,1,1_1,1a319682-f55e-4e0b-8476-48a0bea6c265,NA
10,19046475,19046475,1,snv_mnv,NA,NA,"broad,dkfz,muse,sanger",4,COSN16202518,NA,AluSq2,FALSE,0.2917,NA,14,34,NA,NA,NA,IGR,FALSE,FALSE,FALSE,FALSE,2,1,1,1_1,1a319682-f55e-4e0b-8476-48a0bea6c265,NA
10,23888462,23888462,1,snv_mnv,NA,NA,"broad,dkfz,muse,sanger",4,COSN16202049,NA,L1PB4,FALSE,0.2632,NA,15,42,NA,NA,NA,IGR,FALSE,FALSE,FALSE,FALSE,2,1,1,1_1,1a319682-f55e-4e0b-8476-48a0bea6c265,NA
10,25422894,25422894,1,snv_mnv,NA,NA,"broad,dkfz,muse,sanger",4,COSN16201633,NA,AluSz6,FALSE,0.4048,NA,17,25,NA,NA,NA,lincRNA,FALSE,FALSE,FALSE,FALSE,2,1,1,1_1,1a319682-f55e-4e0b-8476-48a0bea6c265,NA
10,26114212,26114212,1,snv_mnv,1.9968e-4,rs530125184,"broad,dkfz,muse,sanger",4,COSN16200406,rs530125184,MIR,FALSE,0.1778,NA,8,37,NA,NA,NA,IGR,FALSE,FALSE,FALSE,FALSE,2,1,1,1_1,1a319682-f55e-4e0b-8476-48a0bea6c265,NA
10,26634601,26634601,1,snv_mnv,NA,NA,"broad,dkfz,muse,sanger",4,COSN16201265,NA,L1MD,FALSE,0.2424,NA,16,50,NA,NA,NA,IGR,FALSE,FALSE,FALSE,FALSE,2,1,1,1_1,1a319682-f55e-4e0b-8476-48a0bea6c265,NA
10,27208371,27208371,1,snv_mnv,NA,NA,"broad,muse,sanger",3,COSN16201581,NA,L1MB7,FALSE,0.2727,NA,12,32,NA,NA,NA,IGR,FALSE,FALSE,FALSE,FALSE,2,1,1,1_1,1a319682-f55e-4e0b-8476-48a0bea6c265,NA
10,27319433,27319433,1,snv_mnv,NA,NA,"broad,dkfz,muse,sanger",4,COSN4895473,NA,NA,FALSE,0.3571,NA,15,27,NA,NA,NA,Intron,FALSE,FALSE,FALSE,FALSE,2,1,1,1_1,1a319682-f55e-4e0b-8476-48a0bea6c265,NA
10,28022583,28022583,1,snv_mnv,NA,NA,"broad,dkfz,muse,sanger",4,COSN16202376,NA,NA,FALSE,0.3516,NA,32,59,NA,NA,NA,Intron,FALSE,FALSE,FALSE,FALSE,2,1,1,1_1,1a319682-f55e-4e0b-8476-48a0bea6c265,NA
10,32784772,32784772,1,snv_mnv,NA,NA,"broad,dkfz,muse,sanger",4,COSN4895529,NA,L1PA7,FALSE,0.2468,NA,19,58,NA,NA,NA,Intron,FALSE,FALSE,FALSE,FALSE,2,1,1,1_1,1a319682-f55e-4e0b-8476-48a0bea6c265,NA
10,36324477,36324477,1,snv_mnv,NA,NA,"broad,dkfz,muse,sanger",4,COSN16200821,NA,L1PA11,FALSE,0.3026,NA,23,53,NA,NA,NA,IGR,FALSE,FALSE,FALSE,FALSE,2,1,1,1_1,1a319682-f55e-4e0b-8476-48a0bea6c265,NA
10,36587164,36587164,1,snv_mnv,NA,NA,"broad,dkfz,muse,sanger",4,COSN16200302,NA,L1M3e,FALSE,0.2833,NA,17,43,NA,NA,NA,IGR,FALSE,FALSE,FALSE,FALSE,2,1,1,1_1,1a319682-f55e-4e0b-8476-48a0bea6c265,NA
10,36630559,36630559,1,snv_mnv,NA,NA,"broad,dkfz,muse,sanger",4,COSN16201827,NA,Tigger1,FALSE,0.2568,NA,19,55,NA,NA,NA,IGR,FALSE,FALSE,FALSE,FALSE,2,1,1,1_1,1a319682-f55e-4e0b-8476-48a0bea6c265,NA
10,37450967,37450967,1,snv_mnv,NA,NA,"broad,dkfz,muse,sanger",4,COSN16201152,NA,NA,FALSE,0.2222,NA,16,56,NA,NA,NA,Intron,FALSE,FALSE,FALSE,FALSE,2,1,1,1_1,1a319682-f55e-4e0b-8476-48a0bea6c265,NA
10,37841874,37841874,1,snv_mnv,NA,NA,"broad,dkfz,muse,sanger",4,COSN16201496,NA,NA,FALSE,0.2381,NA,15,48,NA,NA,NA,IGR,FALSE,FALSE,FALSE,FALSE,2,1,1,1_1,1a319682-f55e-4e0b-8476-48a0bea6c265,NA
10,45517173,45517173,1,snv_mnv,NA,NA,"broad,dkfz,muse,sanger",4,COSN4895654,NA,MLT2B2,FALSE,0.1628,NA,7,36,NA,NA,NA,RNA,FALSE,FALSE,FALSE,FALSE,2,1,1,1_1,1a319682-f55e-4e0b-8476-48a0bea6c265,NA
10,45530438,45530438,1,snv_mnv,NA,NA,"broad,dkfz,muse,sanger",4,COSN16201026,NA,LTR79,FALSE,0.275,NA,11,29,NA,NA,NA,RNA,FALSE,FALSE,FALSE,FALSE,2,1,1,1_1,1a319682-f55e-4e0b-8476-48a0bea6c265,NA
10,48606650,48606650,1,snv_mnv,NA,NA,"broad,dkfz,muse,sanger",4,COSN16200721,NA,NA,FALSE,0.2308,NA,9,30,NA,NA,NA,IGR,FALSE,FALSE,FALSE,FALSE,2,1,1,1_1,1a319682-f55e-4e0b-8476-48a0bea6c265,NA
10,50445872,50445872,1,snv_mnv,NA,NA,"broad,dkfz,muse,sanger",4,COSN16201021,NA,LTR81A,FALSE,0.2264,NA,12,41,NA,NA,NA,IGR,FALSE,FALSE,FALSE,FALSE,2,1,1,1_1,1a319682-f55e-4e0b-8476-48a0bea6c265,NA
10,50593131,50593131,1,snv_mnv,NA,NA,"broad,dkfz,muse,sanger",4,COSN16201501,rs866488367,NA,FALSE,0.2927,NA,12,29,NA,NA,NA,Intron,FALSE,FALSE,FALSE,FALSE,2,1,1,1_1,1a319682-f55e-4e0b-8476-48a0bea6c265,NA
10,53812416,53812416,1,snv_mnv,NA,NA,"broad,dkfz,muse,sanger",4,COSN4895744,NA,THE1B,FALSE,0.3077,NA,12,27,NA,NA,NA,Intron,FALSE,FALSE,FALSE,FALSE,2,1,1,1_1,1a319682-f55e-4e0b-8476-48a0bea6c265,NA
10,56623289,56623289,1,snv_mnv,NA,NA,"broad,dkfz,muse,sanger",4,COSN16201500,rs747875876,AluY,FALSE,0.1951,NA,8,33,NA,NA,NA,Intron,FALSE,FALSE,FALSE,FALSE,2,1,1,1_1,1a319682-f55e-4e0b-8476-48a0bea6c265,NA
10,57536007,57536007,1,snv_mnv,NA,NA,"broad,muse,sanger",3,COSN16201938,NA,THE1C,FALSE,0.2727,NA,9,24,NA,NA,NA,IGR,FALSE,FALSE,FALSE,FALSE,2,1,1,1_1,1a319682-f55e-4e0b-8476-48a0bea6c265,NA
10,58123397,58123397,1,snv_mnv,NA,NA,"broad,dkfz,muse,sanger",4,COSN16202610,NA,L1MEc,FALSE,0.2535,NA,18,53,NA,NA,NA,5'Flank,FALSE,FALSE,FALSE,FALSE,2,1,1,1_1,1a319682-f55e-4e0b-8476-48a0bea6c265,ZWINT
10,58953669,58953669,1,snv_mnv,NA,NA,"broad,dkfz,muse,sanger",4,COSN16200694,NA,NA,FALSE,0.24,NA,12,38,NA,NA,NA,IGR,FALSE,FALSE,FALSE,FALSE,2,1,1,1_1,1a319682-f55e-4e0b-8476-48a0bea6c265,NA
10,61124061,61124061,1,snv_mnv,NA,NA,"broad,dkfz,muse,sanger",4,COSN16201510,NA,NA,FALSE,0.2222,NA,12,42,NA,NA,NA,5'Flank,FALSE,FALSE,FALSE,FALSE,2,1,1,1_1,1a319682-f55e-4e0b-8476-48a0bea6c265,FAM13C
10,62643288,62643288,1,snv_mnv,NA,NA,"broad,dkfz,muse,sanger",4,COSN4895859,NA,NA,FALSE,0.42,NA,21,29,NA,NA,NA,Intron,FALSE,FALSE,FALSE,FALSE,2,1,1,1_1,1a319682-f55e-4e0b-8476-48a0bea6c265,NA
10,65957018,65957018,1,snv_mnv,NA,NA,"broad,muse,sanger",3,COSN16200736,NA,LTR12C,FALSE,0.1364,NA,3,19,NA,NA,NA,IGR,FALSE,FALSE,FALSE,FALSE,2,1,1,1_1,1a319682-f55e-4e0b-8476-48a0bea6c265,NA
10,67025720,67025720,1,snv_mnv,NA,NA,"broad,dkfz,muse,sanger",4,COSN16200513,NA,L1ME1,FALSE,0.2787,NA,17,44,NA,NA,NA,IGR,FALSE,FALSE,FALSE,FALSE,2,1,1,1_1,1a319682-f55e-4e0b-8476-48a0bea6c265,NA
10,67702421,67702421,1,snv_mnv,NA,NA,"broad,dkfz,muse,sanger",4,COSN16201699,NA,NA,FALSE,0.3226,NA,20,42,NA,NA,NA,Intron,FALSE,FALSE,FALSE,FALSE,2,1,1,1_1,1a319682-f55e-4e0b-8476-48a0bea6c265,NA
10,70441978,70441978,1,snv_mnv,NA,NA,"broad,dkfz,muse,sanger",4,COSN16201058,NA,AluSz,FALSE,0.3409,NA,15,29,NA,NA,NA,Intron,FALSE,FALSE,FALSE,FALSE,2,1,1,1_1,1a319682-f55e-4e0b-8476-48a0bea6c265,NA
10,72880457,72880457,1,snv_mnv,NA,NA,"broad,dkfz,muse,sanger",4,COSN16201761,NA,L1PA13,FALSE,0.3452,NA,29,55,NA,NA,NA,IGR,FALSE,FALSE,FALSE,FALSE,2,1,1,1_1,1a319682-f55e-4e0b-8476-48a0bea6c265,NA
10,75714057,75714057,1,snv_mnv,NA,NA,"dkfz,sanger",2,COSN16201839,NA,AluSx1,FALSE,0.3509,NA,20,37,NA,NA,NA,IGR,FALSE,FALSE,FALSE,FALSE,2,1,1,1_1,1a319682-f55e-4e0b-8476-48a0bea6c265,NA
10,76602435,76602435,1,snv_mnv,NA,NA,"broad,dkfz,muse,sanger",4,COSN4896098,NA,NA,FALSE,0.2892,NA,24,59,NA,NA,NA,5'UTR,FALSE,FALSE,FALSE,FALSE,2,1,1,1_1,1a319682-f55e-4e0b-8476-48a0bea6c265,NA
10,77944996,77944996,1,snv_mnv,NA,NA,"broad,dkfz,muse,sanger",4,COSN16201225,NA,NA,FALSE,0.2951,NA,18,43,NA,NA,NA,Intron,FALSE,FALSE,FALSE,FALSE,2,1,1,1_1,1a319682-f55e-4e0b-8476-48a0bea6c265,NA
10,80657522,80657522,1,snv_mnv,1.9968e-4,rs149537741,"broad,dkfz,muse,sanger",4,COSN16201059,rs149537741,NA,FALSE,0.2568,NA,19,55,NA,NA,NA,IGR,FALSE,FALSE,FALSE,FALSE,2,1,1,1_1,1a319682-f55e-4e0b-8476-48a0bea6c265,NA
10,85943274,85943274,1,snv_mnv,NA,NA,"broad,dkfz,muse,sanger",4,COSN4896181,NA,AT_rich,FALSE,0.1622,NA,12,62,NA,NA,NA,Intron,FALSE,FALSE,FALSE,FALSE,2,1,1,1_1,1a319682-f55e-4e0b-8476-48a0bea6c265,NA
10,85987787,85987787,1,snv_mnv,NA,NA,"broad,dkfz,muse,sanger",4,COSN16202050,NA,NA,FALSE,0.3125,NA,15,33,NA,NA,NA,5'Flank,FALSE,FALSE,FALSE,FALSE,2,1,1,1_1,1a319682-f55e-4e0b-8476-48a0bea6c265,"LRIT2,LRIT1"
10,86202366,86202366,1,snv_mnv,NA,NA,"broad,dkfz,muse,sanger",4,COSN4896187,NA,NA,FALSE,0.3368,NA,32,63,NA,NA,NA,Intron,FALSE,FALSE,FALSE,FALSE,2,1,1,1_1,1a319682-f55e-4e0b-8476-48a0bea6c265,NA
10,89167834,89167834,1,snv_mnv,NA,NA,"broad,dkfz,muse,sanger",4,COSN4896217,NA,NA,FALSE,0.15,NA,6,34,NA,NA,NA,lincRNA,FALSE,FALSE,FALSE,FALSE,2,1,1,1_1,1a319682-f55e-4e0b-8476-48a0bea6c265,LINC00864
10,96563177,96563177,1,snv_mnv,NA,NA,"broad,dkfz,muse,sanger",4,COSN16202453,NA,L1PA16,FALSE,0.3514,NA,13,24,NA,NA,NA,Intron,FALSE,FALSE,FALSE,FALSE,2,1,1,1_1,1a319682-f55e-4e0b-8476-48a0bea6c265,NA
10,97022140,97022140,1,snv_mnv,NA,NA,"broad,dkfz,muse,sanger",4,COSN16200619,NA,NA,FALSE,0.2683,NA,11,30,NA,NA,NA,Intron,FALSE,FALSE,FALSE,FALSE,2,1,1,1_1,1a319682-f55e-4e0b-8476-48a0bea6c265,NA
10,98041890,98041890,1,snv_mnv,NA,NA,"broad,dkfz,muse,sanger",4,COSN16201901,NA,L1MC4,FALSE,0.2923,NA,19,46,NA,NA,NA,IGR,FALSE,FALSE,FALSE,FALSE,2,1,1,1_1,1a319682-f55e-4e0b-8476-48a0bea6c265,NA
10,100059813,100059813,1,snv_mnv,NA,NA,"broad,dkfz,muse,sanger",4,COSN16200377,NA,NA,FALSE,0.1429,NA,7,42,NA,NA,NA,IGR,FALSE,FALSE,FALSE,FALSE,2,1,1,1_1,1a319682-f55e-4e0b-8476-48a0bea6c265,NA
10,103107224,103107224,1,snv_mnv,0.0015974,rs558778147,"broad,dkfz,muse,sanger",4,COSN16200392,rs558778147,AluY,FALSE,0.225,NA,9,31,NA,NA,NA,IGR,FALSE,FALSE,FALSE,FALSE,2,1,1,1_1,1a319682-f55e-4e0b-8476-48a0bea6c265,NA
10,106938092,106938092,1,snv_mnv,NA,NA,"broad,dkfz,muse,sanger",4,COSN16202067,NA,MIR,FALSE,0.3019,NA,16,37,NA,NA,NA,Intron,FALSE,FALSE,FALSE,FALSE,2,1,1,1_1,1a319682-f55e-4e0b-8476-48a0bea6c265,NA
10,107857423,107857423,1,snv_mnv,NA,NA,"broad,dkfz,muse,sanger",4,COSN16202104,NA,MLT1D,FALSE,0.3043,NA,7,16,NA,NA,NA,IGR,FALSE,FALSE,FALSE,FALSE,2,1,1,1_1,1a319682-f55e-4e0b-8476-48a0bea6c265,NA
10,112668757,112668757,1,snv_mnv,NA,NA,"broad,dkfz,muse,sanger",4,COSN16200964,NA,NA,FALSE,0.2037,NA,11,43,NA,NA,NA,Intron,FALSE,FALSE,FALSE,FALSE,2,1,1,1_1,1a319682-f55e-4e0b-8476-48a0bea6c265,"AL158163.2,AL158163.1"
10,113124514,113124514,1,snv_mnv,NA,NA,"broad,dkfz,muse,sanger",4,COSN16202519,NA,NA,FALSE,0.2424,NA,16,50,NA,NA,NA,IGR,FALSE,FALSE,FALSE,FALSE,2,1,1,1_1,1a319682-f55e-4e0b-8476-48a0bea6c265,NA
10,114507303,114507303,1,snv_mnv,1.9968e-4,rs140378279,"broad,dkfz,muse,sanger",4,COSN16200303,rs140378279,Tigger3a,FALSE,0.2698,NA,17,46,NA,NA,NA,Intron,FALSE,FALSE,FALSE,FALSE,2,1,1,1_1,1a319682-f55e-4e0b-8476-48a0bea6c265,NA
10,114644333,114644333,1,snv_mnv,NA,NA,"broad,dkfz,muse,sanger",4,COSN16200561,NA,L1MC4a,FALSE,0.194,NA,13,54,NA,NA,NA,IGR,FALSE,FALSE,FALSE,FALSE,2,1,1,1_1,1a319682-f55e-4e0b-8476-48a0bea6c265,AL158212.1
10,116047970,116047970,1,snv_mnv,NA,NA,"broad,dkfz,muse,sanger",4,COSN16202217,NA,L2b,FALSE,0.2364,NA,13,42,NA,NA,NA,Intron,FALSE,FALSE,FALSE,FALSE,2,1,1,1_1,1a319682-f55e-4e0b-8476-48a0bea6c265,NA
10,117614121,117614121,1,snv_mnv,0.0029952,rs76697440,"broad,dkfz,muse,sanger",4,COSN16201805,rs76697440,NA,FALSE,0.2791,NA,12,31,NA,NA,NA,Intron,FALSE,FALSE,FALSE,FALSE,2,1,1,1_1,1a319682-f55e-4e0b-8476-48a0bea6c265,NA
10,119417604,119417604,1,snv_mnv,3.9936e-4,rs559470686,"broad,dkfz,muse,sanger",4,COSN16200461,rs559470686,AluJr,FALSE,0.2576,NA,17,49,NA,NA,NA,IGR,FALSE,FALSE,FALSE,FALSE,2,1,1,1_1,1a319682-f55e-4e0b-8476-48a0bea6c265,NA
10,121778203,121778203,1,snv_mnv,3.9936e-4,rs549651876,"broad,dkfz,muse,sanger",4,COSN16200425,rs549651876,NA,FALSE,0.1818,NA,8,36,NA,NA,NA,IGR,FALSE,FALSE,FALSE,FALSE,2,1,1,1_1,1a319682-f55e-4e0b-8476-48a0bea6c265,NA
10,124665371,124665371,1,snv_mnv,NA,NA,"broad,dkfz,muse,sanger",4,COSN16202481,NA,L1PB1,FALSE,0.2807,NA,16,41,NA,NA,NA,IGR,FALSE,FALSE,FALSE,FALSE,2,1,1,1_1,1a319682-f55e-4e0b-8476-48a0bea6c265,FAM24A
10,125480923,125480923,1,snv_mnv,NA,NA,"broad,dkfz,muse,sanger",4,COSN4895182,NA,NA,FALSE,0.3469,NA,17,32,NA,NA,NA,Intron,FALSE,FALSE,FALSE,FALSE,2,1,1,1_1,1a319682-f55e-4e0b-8476-48a0bea6c265,NA
10,127933237,127933237,1,snv_mnv,NA,NA,"broad,dkfz,muse,sanger",4,COSN4895215,NA,L2b,FALSE,0.2698,NA,17,46,NA,NA,NA,Intron,FALSE,FALSE,FALSE,FALSE,2,1,1,1_1,1a319682-f55e-4e0b-8476-48a0bea6c265,NA
10,129793292,129793292,1,snv_mnv,NA,NA,"broad,dkfz,muse,sanger",4,COSN16202439,NA,NA,FALSE,0.2182,NA,12,43,NA,NA,NA,Intron,FALSE,FALSE,FALSE,FALSE,2,1,1,1_1,1a319682-f55e-4e0b-8476-48a0bea6c265,NA
10,130010488,130010488,1,snv_mnv,NA,NA,"broad,dkfz,muse,sanger",4,COSN16200939,NA,NA,FALSE,0.2895,NA,11,27,NA,NA,NA,IGR,FALSE,FALSE,FALSE,FALSE,2,1,1,1_1,1a319682-f55e-4e0b-8476-48a0bea6c265,NA
10,130965058,130965058,1,snv_mnv,NA,NA,"broad,dkfz,muse,sanger",4,COSN16201971,NA,NA,FALSE,0.2222,NA,12,42,NA,NA,NA,IGR,FALSE,FALSE,FALSE,FALSE,2,1,1,1_1,1a319682-f55e-4e0b-8476-48a0bea6c265,NA
10,132676429,132676429,1,snv_mnv,NA,NA,"broad,dkfz,muse,sanger",4,COSN16202301,NA,ERVL-E-int,FALSE,0.2295,NA,14,47,NA,NA,NA,IGR,FALSE,FALSE,FALSE,FALSE,2,1,1,1_1,1a319682-f55e-4e0b-8476-48a0bea6c265,NA
11,1438596,1438596,1,snv_mnv,NA,NA,"broad,dkfz,muse,sanger",4,COSN4896830,rs764866956,L1MEg,FALSE,0.1646,NA,13,66,NA,NA,NA,Intron,FALSE,FALSE,FALSE,FALSE,2,1,1,1_1,1a319682-f55e-4e0b-8476-48a0bea6c265,NA
11,5306349,5306349,1,snv_mnv,NA,NA,"broad,dkfz,muse,sanger",4,COSN4897404,NA,MIR,FALSE,0.2653,NA,13,36,NA,NA,NA,Intron,FALSE,FALSE,FALSE,FALSE,2,1,1,1_1,1a319682-f55e-4e0b-8476-48a0bea6c265,NA
11,5681829,5681829,1,snv_mnv,NA,NA,"broad,dkfz,muse,sanger",4,COSN16200657,NA,NA,FALSE,0.1967,NA,12,49,NA,NA,NA,IGR,FALSE,FALSE,FALSE,FALSE,2,1,1,1_1,1a319682-f55e-4e0b-8476-48a0bea6c265,TRIM5
11,6284486,6284486,1,snv_mnv,1.9968e-4,rs559746213,"broad,dkfz,muse,sanger",4,COSN4897518,rs559746213,NA,FALSE,0.1975,NA,16,65,NA,NA,NA,Intron,FALSE,FALSE,FALSE,FALSE,2,1,1,1_1,1a319682-f55e-4e0b-8476-48a0bea6c265,NA
11,6765650,6765650,1,snv_mnv,NA,NA,"broad,dkfz,muse,sanger",4,COSN4897581,NA,L2a,FALSE,0.2759,NA,16,42,NA,NA,NA,RNA,FALSE,FALSE,FALSE,FALSE,2,1,1,1_1,1a319682-f55e-4e0b-8476-48a0bea6c265,GVINP2
11,6922445,6922445,1,snv_mnv,NA,NA,"broad,dkfz,muse,sanger",4,COSN19226918,NA,L1M4,FALSE,0.2609,NA,18,51,NA,NA,NA,IGR,FALSE,FALSE,FALSE,FALSE,2,1,1,1_1,1a319682-f55e-4e0b-8476-48a0bea6c265,NA
11,11610890,11610890,1,snv_mnv,1.9968e-4,rs548142569,"broad,dkfz,muse,sanger",4,COSN4896618,rs548142569,NA,FALSE,0.2564,NA,20,58,NA,NA,NA,Intron,FALSE,FALSE,FALSE,FALSE,2,1,1,1_1,1a319682-f55e-4e0b-8476-48a0bea6c265,NA
11,13308409,13308409,1,snv_mnv,NA,NA,"broad,dkfz,muse,sanger",4,COSN16201258,NA,NA,FALSE,0.283,NA,15,38,NA,NA,NA,Intron,FALSE,FALSE,FALSE,FALSE,2,1,1,1_1,1a319682-f55e-4e0b-8476-48a0bea6c265,NA
11,13719961,13719961,1,snv_mnv,1.9968e-4,rs138955337,"broad,dkfz,muse,sanger",4,COSN16201939,rs138955337,NA,FALSE,0.2727,NA,15,40,NA,NA,NA,Intron,FALSE,FALSE,FALSE,FALSE,2,1,1,1_1,1a319682-f55e-4e0b-8476-48a0bea6c265,NA
11,16286504,16286504,1,snv_mnv,NA,NA,"broad,dkfz,muse,sanger",4,COSN16201788,NA,L1MEc,FALSE,0.2581,NA,8,23,NA,NA,NA,Intron,FALSE,FALSE,FALSE,FALSE,2,1,1,1_1,1a319682-f55e-4e0b-8476-48a0bea6c265,NA
11,19062502,19062502,1,snv_mnv,NA,NA,"broad,muse,sanger",3,COSN16201992,NA,L1PA10,FALSE,0.2857,NA,20,50,NA,NA,NA,IGR,FALSE,FALSE,FALSE,FALSE,2,1,1,1_1,1a319682-f55e-4e0b-8476-48a0bea6c265,NA
11,19871811,19871811,1,snv_mnv,NA,NA,"broad,dkfz,muse,sanger",4,COSN16201012,NA,NA,FALSE,0.3171,NA,13,28,NA,NA,NA,Intron,FALSE,FALSE,FALSE,FALSE,2,1,1,1_1,1a319682-f55e-4e0b-8476-48a0bea6c265,NA
11,22117584,22117584,1,snv_mnv,0,rs539838928,"broad,dkfz,muse,sanger",4,COSN16201634,rs539838928,NA,FALSE,0.2167,NA,13,47,NA,NA,NA,IGR,FALSE,FALSE,FALSE,FALSE,2,1,1,1_1,1a319682-f55e-4e0b-8476-48a0bea6c265,NA
11,27468823,27468823,1,snv_mnv,NA,NA,"broad,dkfz,muse,sanger",4,COSN4897036,NA,MER41B,FALSE,0.1579,NA,9,48,NA,NA,NA,Intron,FALSE,FALSE,FALSE,FALSE,2,1,1,1_1,1a319682-f55e-4e0b-8476-48a0bea6c265,NA
11,27672851,27672851,1,snv_mnv,NA,NA,"broad,dkfz,muse,sanger",4,COSN4897039,NA,NA,FALSE,0.3519,NA,19,35,NA,NA,NA,RNA,FALSE,FALSE,FALSE,FALSE,2,1,1,1_1,1a319682-f55e-4e0b-8476-48a0bea6c265,BDNF
11,29432144,29432144,1,snv_mnv,NA,NA,"broad,dkfz,muse,sanger",4,COSN16201363,NA,L1MD2,FALSE,0.1892,NA,14,60,NA,NA,NA,lincRNA,FALSE,FALSE,FALSE,FALSE,2,1,1,1_1,1a319682-f55e-4e0b-8476-48a0bea6c265,NA
11,29948509,29948509,1,snv_mnv,NA,NA,"broad,dkfz,muse,sanger",4,COSN16200879,NA,NA,FALSE,0.2222,NA,10,35,NA,NA,NA,IGR,FALSE,FALSE,FALSE,FALSE,2,1,1,1_1,1a319682-f55e-4e0b-8476-48a0bea6c265,NA
11,30222180,30222180,1,snv_mnv,NA,NA,"broad,dkfz,muse,sanger",4,COSN16201754,NA,NA,FALSE,0.25,NA,10,30,NA,NA,NA,IGR,FALSE,FALSE,FALSE,FALSE,2,1,1,1_1,1a319682-f55e-4e0b-8476-48a0bea6c265,NA
11,30404213,30404213,1,snv_mnv,NA,NA,"broad,dkfz,muse,sanger",4,COSN16200325,NA,AluJr4,FALSE,0.3016,NA,19,44,NA,NA,NA,IGR,FALSE,FALSE,FALSE,FALSE,2,1,1,1_1,1a319682-f55e-4e0b-8476-48a0bea6c265,MPPED2
11,32096284,32096284,1,snv_mnv,NA,NA,"broad,dkfz,muse,sanger",4,COSN4897133,NA,AluSp,FALSE,0.2222,NA,12,42,NA,NA,NA,Intron,FALSE,FALSE,FALSE,FALSE,2,1,1,1_1,1a319682-f55e-4e0b-8476-48a0bea6c265,AL035078.2
11,32783729,32783729,1,snv_mnv,NA,NA,"broad,dkfz,muse,sanger",4,COSN16202118,NA,L1MEd,FALSE,NA,NA,NA,NA,NA,NA,NA,Intron,FALSE,FALSE,FALSE,FALSE,2,1,1,1_1,1a319682-f55e-4e0b-8476-48a0bea6c265,NA
11,33670606,33670606,1,snv_mnv,NA,NA,"broad,dkfz,muse,sanger",4,COSN4897156,NA,MIRb,FALSE,0.2857,NA,18,45,NA,NA,NA,Intron,FALSE,FALSE,FALSE,FALSE,2,1,1,1_1,1a319682-f55e-4e0b-8476-48a0bea6c265,NA
11,35572719,35572719,1,snv_mnv,NA,NA,"broad,dkfz,muse,sanger",4,COSN16202141,NA,NA,FALSE,0.2553,NA,12,35,NA,NA,NA,IGR,FALSE,FALSE,FALSE,FALSE,2,1,1,1_1,1a319682-f55e-4e0b-8476-48a0bea6c265,NA
11,37099636,37099636,1,snv_mnv,NA,NA,"broad,dkfz,muse,sanger",4,COSN16200426,NA,MER1A,FALSE,0.2093,NA,9,34,NA,NA,NA,IGR,FALSE,FALSE,FALSE,FALSE,2,1,1,1_1,1a319682-f55e-4e0b-8476-48a0bea6c265,NA
11,39521136,39521136,1,snv_mnv,NA,NA,"broad,dkfz,muse,sanger",4,COSN16201134,NA,AluJb,FALSE,0.3043,NA,14,32,NA,NA,NA,IGR,FALSE,FALSE,FALSE,FALSE,2,1,1,1_1,1a319682-f55e-4e0b-8476-48a0bea6c265,NA
11,40025766,40025766,1,snv_mnv,NA,NA,"broad,dkfz,muse,sanger",4,COSN16201582,NA,MIRb,FALSE,0.2791,NA,12,31,NA,NA,NA,IGR,FALSE,FALSE,FALSE,FALSE,2,1,1,1_1,1a319682-f55e-4e0b-8476-48a0bea6c265,NA
11,42577934,42577934,1,snv_mnv,NA,NA,"broad,dkfz,muse,sanger",4,COSN16202062,NA,NA,FALSE,0.2889,NA,13,32,NA,NA,NA,IGR,FALSE,FALSE,FALSE,FALSE,2,1,1,1_1,1a319682-f55e-4e0b-8476-48a0bea6c265,NA
11,43066049,43066049,1,snv_mnv,NA,NA,"broad,dkfz,muse,sanger",4,COSN16201762,NA,L1PA13,FALSE,0.225,NA,18,62,NA,NA,NA,IGR,FALSE,FALSE,FALSE,FALSE,2,1,1,1_1,1a319682-f55e-4e0b-8476-48a0bea6c265,NA
11,43184507,43184507,1,snv_mnv,NA,NA,"broad,dkfz,muse,sanger",4,COSN16201308,NA,HERVK11D-int,FALSE,0.3404,NA,16,31,NA,NA,NA,IGR,FALSE,FALSE,FALSE,FALSE,2,1,1,1_1,1a319682-f55e-4e0b-8476-48a0bea6c265,NA
11,46192601,46192601,1,snv_mnv,NA,NA,"broad,dkfz,muse,sanger",4,COSN4897326,NA,L2a,FALSE,0.2553,NA,24,70,NA,NA,NA,lincRNA,FALSE,FALSE,FALSE,FALSE,2,1,1,1_1,1a319682-f55e-4e0b-8476-48a0bea6c265,NA
11,49127938,49127938,1,snv_mnv,NA,NA,"broad,muse,sanger",3,COSN16201891,NA,L1PA15-16,FALSE,0.2857,NA,16,40,NA,NA,NA,IGR,FALSE,FALSE,FALSE,FALSE,2,1,1,1_1,1a319682-f55e-4e0b-8476-48a0bea6c265,AC118273.2
11,50702120,50702120,1,snv_mnv,NA,NA,"broad,muse",2,COSN16201840,NA,ALR/Alpha,FALSE,0.2121,NA,7,26,NA,NA,NA,IGR,FALSE,FALSE,FALSE,FALSE,2,1,1,1_1,1a319682-f55e-4e0b-8476-48a0bea6c265,NA
11,58083133,58083133,1,snv_mnv,NA,NA,"broad,dkfz,muse,sanger",4,COSN16201859,NA,AluSx,FALSE,0.2955,NA,13,31,NA,NA,NA,IGR,FALSE,FALSE,FALSE,FALSE,2,1,1,1_1,1a319682-f55e-4e0b-8476-48a0bea6c265,OR5BC1P
11,58288187,58288187,1,snv_mnv,NA,NA,"broad,dkfz,muse,sanger",4,COSN16201034,NA,NA,FALSE,0.2656,NA,17,47,NA,NA,NA,IGR,FALSE,FALSE,FALSE,FALSE,2,1,1,1_1,1a319682-f55e-4e0b-8476-48a0bea6c265,NA
11,59364676,59364676,1,snv_mnv,NA,NA,"broad,dkfz,muse,sanger",4,COSN16202307,NA,AluSz,FALSE,0.3243,NA,12,25,NA,NA,NA,Intron,FALSE,FALSE,FALSE,FALSE,2,1,1,1_1,1a319682-f55e-4e0b-8476-48a0bea6c265,NA
11,59572234,59572234,1,snv_mnv,NA,NA,"broad,dkfz,muse,sanger",4,COSN16202250,NA,NA,FALSE,0.2532,NA,20,59,NA,NA,NA,IGR,FALSE,FALSE,FALSE,FALSE,2,1,1,1_1,1a319682-f55e-4e0b-8476-48a0bea6c265,"STX3,MRPL16"
11,65629341,65629341,1,snv_mnv,NA,NA,"broad,dkfz,muse,sanger",4,COSN4897563,NA,MIR3,FALSE,0.1957,NA,9,37,NA,NA,NA,Intron,FALSE,FALSE,FALSE,FALSE,2,1,1,1_1,1a319682-f55e-4e0b-8476-48a0bea6c265,"CFL1,EFEMP2"
11,65670519,65670519,1,snv_mnv,NA,NA,"broad,dkfz,muse,sanger",4,COSN16201252,NA,NA,FALSE,0.1702,NA,8,39,NA,NA,NA,5'Flank,FALSE,FALSE,FALSE,FALSE,2,1,1,1_1,1a319682-f55e-4e0b-8476-48a0bea6c265,FOSL1
11,67890911,67890911,1,snv_mnv,NA,NA,"broad,dkfz,muse,sanger",4,COSN16200745,NA,AluJb,FALSE,0.2619,NA,11,31,NA,NA,NA,5'Flank,FALSE,FALSE,FALSE,FALSE,2,1,1,1_1,1a319682-f55e-4e0b-8476-48a0bea6c265,CHKA
11,68799696,68799696,1,snv_mnv,NA,NA,"broad,dkfz,muse",3,COSN16202211,NA,NA,FALSE,0.2059,NA,7,27,NA,NA,NA,IGR,FALSE,FALSE,FALSE,FALSE,2,1,1,1_1,1a319682-f55e-4e0b-8476-48a0bea6c265,NA
11,71734850,71734850,1,snv_mnv,NA,NA,"broad,dkfz,muse,sanger",4,COSN4897620,NA,MIRb,FALSE,0.3,NA,15,35,NA,NA,NA,Intron,FALSE,FALSE,FALSE,FALSE,2,1,1,1_1,1a319682-f55e-4e0b-8476-48a0bea6c265,"NUMA1,AP002490.1"
11,72116612,72116612,1,snv_mnv,NA,NA,"broad,dkfz,muse,sanger",4,COSN4897623,NA,MER117,FALSE,0.377,NA,23,38,NA,NA,NA,Intron,FALSE,FALSE,FALSE,FALSE,2,1,1,1_1,1a319682-f55e-4e0b-8476-48a0bea6c265,NA
11,75031438,75031438,1,snv_mnv,NA,NA,"broad,dkfz,muse,sanger",4,COSN4897690,NA,NA,FALSE,0.2727,NA,12,32,NA,NA,NA,Intron,FALSE,FALSE,FALSE,FALSE,2,1,1,1_1,1a319682-f55e-4e0b-8476-48a0bea6c265,NA
11,76558540,76558540,1,snv_mnv,NA,NA,"broad,dkfz,muse,sanger",4,COSN16200870,NA,L2c,FALSE,0.3103,NA,18,40,NA,NA,NA,IGR,FALSE,FALSE,FALSE,FALSE,2,1,1,1_1,1a319682-f55e-4e0b-8476-48a0bea6c265,NA
11,78078333,78078333,1,snv_mnv,NA,NA,"broad,dkfz,muse,sanger",4,COSN16201557,NA,L2a,FALSE,0.1774,NA,11,51,NA,NA,NA,Intron,FALSE,FALSE,FALSE,FALSE,2,1,1,1_1,1a319682-f55e-4e0b-8476-48a0bea6c265,NA
11,79024232,79024232,1,snv_mnv,NA,NA,"broad,dkfz,muse,sanger",4,COSN16202423,NA,NA,FALSE,0.2778,NA,15,39,NA,NA,NA,Intron,FALSE,FALSE,FALSE,FALSE,2,1,1,1_1,1a319682-f55e-4e0b-8476-48a0bea6c265,NA
11,79275951,79275951,1,snv_mnv,NA,NA,"dkfz,sanger",2,COSN16202520,NA,NA,FALSE,0.1437,NA,46,274,NA,NA,NA,IGR,FALSE,FALSE,FALSE,FALSE,2,1,1,1_1,1a319682-f55e-4e0b-8476-48a0bea6c265,NA
11,79532628,79532628,1,snv_mnv,NA,NA,"broad,dkfz,muse,sanger",4,COSN16200982,NA,MIRb,FALSE,0.225,NA,9,31,NA,NA,NA,IGR,FALSE,FALSE,FALSE,FALSE,2,1,1,1_1,1a319682-f55e-4e0b-8476-48a0bea6c265,NA
11,80478912,80478912,1,snv_mnv,NA,NA,"broad,dkfz,muse,sanger",4,COSN16202395,NA,L1PA15,FALSE,0.25,NA,15,45,NA,NA,NA,IGR,FALSE,FALSE,FALSE,FALSE,2,1,1,1_1,1a319682-f55e-4e0b-8476-48a0bea6c265,NA
11,82470212,82470212,1,snv_mnv,NA,NA,"broad,dkfz,muse,sanger",4,COSN16202270,NA,NA,FALSE,0.2195,NA,9,32,NA,NA,NA,IGR,FALSE,FALSE,FALSE,FALSE,2,1,1,1_1,1a319682-f55e-4e0b-8476-48a0bea6c265,NA
11,88038732,88038732,1,snv_mnv,NA,NA,"broad,dkfz,muse,sanger",4,COSN16201268,NA,Charlie4z,FALSE,0.3056,NA,11,25,NA,NA,NA,Intron,FALSE,FALSE,FALSE,FALSE,2,1,1,1_1,1a319682-f55e-4e0b-8476-48a0bea6c265,NA
11,88581384,88581384,1,snv_mnv,3.9936e-4,rs185649778,"broad,dkfz,muse,sanger",4,COSN16201035,rs185649778,NA,FALSE,0.3774,NA,20,33,NA,NA,NA,Intron,FALSE,FALSE,FALSE,FALSE,2,1,1,1_1,1a319682-f55e-4e0b-8476-48a0bea6c265,NA
11,88638634,88638634,1,snv_mnv,NA,NA,"broad,muse,sanger",3,COSN4897948,NA,AluSx1,FALSE,0.359,NA,14,25,NA,NA,NA,Intron,FALSE,FALSE,FALSE,FALSE,2,1,1,1_1,1a319682-f55e-4e0b-8476-48a0bea6c265,NA
11,88771891,88771891,1,snv_mnv,NA,NA,"broad,dkfz,muse,sanger",4,COSN16201976,NA,NA,FALSE,0.2931,NA,17,41,NA,NA,NA,Intron,FALSE,FALSE,FALSE,FALSE,2,1,1,1_1,1a319682-f55e-4e0b-8476-48a0bea6c265,NA
11,89053948,89053948,1,snv_mnv,NA,NA,"broad,dkfz,muse,sanger",4,COSN16201060,NA,NA,FALSE,0.3559,NA,21,38,NA,NA,NA,IGR,FALSE,FALSE,FALSE,FALSE,2,1,1,1_1,1a319682-f55e-4e0b-8476-48a0bea6c265,NOX4
11,90393475,90393475,1,snv_mnv,NA,NA,"broad,dkfz,muse,sanger",4,COSN16201915,NA,NA,FALSE,0.4364,NA,24,31,NA,NA,NA,RNA,FALSE,FALSE,FALSE,FALSE,2,1,1,1_1,1a319682-f55e-4e0b-8476-48a0bea6c265,NA
11,90986753,90986753,1,snv_mnv,NA,NA,"broad,dkfz,muse,sanger",4,COSN16200304,NA,L1PA8,FALSE,0.24,NA,12,38,NA,NA,NA,IGR,FALSE,FALSE,FALSE,FALSE,2,1,1,1_1,1a319682-f55e-4e0b-8476-48a0bea6c265,NA
11,92480687,92480687,1,snv_mnv,NA,NA,"broad,dkfz,muse,sanger",4,COSN4897980,NA,THE1B-int,FALSE,0.2955,NA,13,31,NA,NA,NA,Intron,FALSE,FALSE,FALSE,FALSE,2,1,1,1_1,1a319682-f55e-4e0b-8476-48a0bea6c265,NA
11,93126866,93126866,1,snv_mnv,NA,NA,"broad,dkfz,muse,sanger",4,COSN16201102,NA,NA,FALSE,0.1087,NA,5,41,NA,NA,NA,Intron,FALSE,FALSE,FALSE,FALSE,2,1,1,1_1,1a319682-f55e-4e0b-8476-48a0bea6c265,DEUP1
11,96871584,96871584,1,snv_mnv,NA,NA,"broad,muse,sanger",3,COSN4898025,NA,NA,FALSE,0.2203,NA,13,46,NA,NA,NA,IGR,FALSE,FALSE,FALSE,FALSE,2,1,1,1_1,1a319682-f55e-4e0b-8476-48a0bea6c265,NA
11,96922043,96922043,1,snv_mnv,NA,NA,"broad,muse,sanger",3,COSN16200707,rs753301565,L1MA5A,FALSE,0.2979,NA,28,66,NA,NA,NA,IGR,FALSE,FALSE,FALSE,FALSE,2,1,1,1_1,1a319682-f55e-4e0b-8476-48a0bea6c265,NA
11,97240497,97240497,1,snv_mnv,NA,NA,"broad,muse,sanger",3,COSN16200852,NA,L1PA13,FALSE,0.3333,NA,17,34,NA,NA,NA,IGR,FALSE,FALSE,FALSE,FALSE,2,1,1,1_1,1a319682-f55e-4e0b-8476-48a0bea6c265,NA
11,99925528,99925528,1,snv_mnv,NA,NA,"broad,muse,sanger",3,COSN16200838,NA,MLT1H,FALSE,0.1739,NA,8,38,NA,NA,NA,Intron,FALSE,FALSE,FALSE,FALSE,2,1,1,1_1,1a319682-f55e-4e0b-8476-48a0bea6c265,NA
11,102239404,102239404,1,snv_mnv,NA,NA,"broad,muse,sanger",3,COSN16201164,NA,NA,FALSE,0.3061,NA,15,34,NA,NA,NA,Intron,FALSE,FALSE,FALSE,FALSE,2,1,1,1_1,1a319682-f55e-4e0b-8476-48a0bea6c265,BIRC2
11,107070702,107070702,1,snv_mnv,NA,NA,"broad,muse,sanger",3,COSN16200839,NA,AluY,FALSE,0.2917,NA,21,51,NA,NA,NA,IGR,FALSE,FALSE,FALSE,FALSE,2,1,1,1_1,1a319682-f55e-4e0b-8476-48a0bea6c265,NA
11,107702088,107702088,1,snv_mnv,NA,NA,"broad,muse,sanger",3,COSN4896495,NA,AluJr,FALSE,0.1864,NA,11,48,NA,NA,NA,Intron,FALSE,FALSE,FALSE,FALSE,2,1,1,1_1,1a319682-f55e-4e0b-8476-48a0bea6c265,NA
11,109114720,109114720,1,snv_mnv,NA,NA,"broad,muse,sanger",3,COSN16200737,NA,NA,FALSE,0.2759,NA,16,42,NA,NA,NA,IGR,FALSE,FALSE,FALSE,FALSE,2,1,1,1_1,1a319682-f55e-4e0b-8476-48a0bea6c265,NA
11,109167799,109167799,1,snv_mnv,NA,NA,"broad,muse,sanger",3,COSN16200495,NA,Tigger1,FALSE,0.1803,NA,11,50,NA,NA,NA,IGR,FALSE,FALSE,FALSE,FALSE,2,1,1,1_1,1a319682-f55e-4e0b-8476-48a0bea6c265,NA
11,109803463,109803463,1,snv_mnv,NA,NA,"broad,muse,sanger",3,COSN16200983,rs778538194,L3,FALSE,0.3077,NA,8,18,NA,NA,NA,IGR,FALSE,FALSE,FALSE,FALSE,2,1,1,1_1,1a319682-f55e-4e0b-8476-48a0bea6c265,NA
11,109848439,109848439,1,snv_mnv,NA,NA,"broad,muse",2,COSN16200760,NA,LTR1B,FALSE,0.2542,NA,15,44,NA,NA,NA,IGR,FALSE,FALSE,FALSE,FALSE,2,1,1,1_1,1a319682-f55e-4e0b-8476-48a0bea6c265,RPSAP50
11,110033857,110033857,1,snv_mnv,NA,NA,"broad,muse,sanger",3,COSN4896537,NA,NA,FALSE,0.1918,NA,14,59,NA,NA,NA,Intron,FALSE,FALSE,FALSE,FALSE,2,1,1,1_1,1a319682-f55e-4e0b-8476-48a0bea6c265,NA
11,111349713,111349713,1,snv_mnv,NA,NA,"broad,muse,sanger",3,COSN16200891,NA,L1MD1,FALSE,0.2105,NA,12,45,NA,NA,NA,Intron,FALSE,FALSE,FALSE,FALSE,2,1,1,1_1,1a319682-f55e-4e0b-8476-48a0bea6c265,AP002008.2
11,111818973,111818973,1,snv_mnv,NA,NA,"broad,muse,sanger",3,COSN16200698,NA,L2,FALSE,0.2745,NA,14,37,NA,NA,NA,Intron,FALSE,FALSE,FALSE,FALSE,2,1,1,1_1,1a319682-f55e-4e0b-8476-48a0bea6c265,AP000907.1
11,111878951,111878951,1,snv_mnv,NA,NA,"broad,muse,sanger",3,COSN4896562,NA,L1PA6,FALSE,0.383,NA,18,29,NA,NA,NA,Intron,FALSE,FALSE,FALSE,FALSE,2,1,1,1_1,1a319682-f55e-4e0b-8476-48a0bea6c265,NA
11,117148199,117148199,1,snv_mnv,NA,NA,"broad,muse,sanger",3,COSN16202043,NA,NA,FALSE,0.2381,NA,15,48,NA,NA,NA,Intron,FALSE,FALSE,FALSE,FALSE,2,1,1,1_1,1a319682-f55e-4e0b-8476-48a0bea6c265,RNF214
11,119202358,119202358,1,snv_mnv,NA,NA,"broad,muse,sanger",3,COSN16201659,NA,AluSz6,FALSE,0.3333,NA,15,30,NA,NA,NA,5'Flank,FALSE,FALSE,FALSE,FALSE,2,1,1,1_1,1a319682-f55e-4e0b-8476-48a0bea6c265,"RNF26,AP003396.1"
11,120428945,120428945,1,snv_mnv,NA,NA,"broad,muse,sanger",3,COSN16201743,NA,MIRb,FALSE,0.2381,NA,15,48,NA,NA,NA,Intron,FALSE,FALSE,FALSE,FALSE,2,1,1,1_1,1a319682-f55e-4e0b-8476-48a0bea6c265,NA
11,122037428,122037428,1,snv_mnv,NA,NA,"broad,muse,sanger",3,COSN4896683,NA,MIRb,FALSE,0.2432,NA,9,28,NA,NA,NA,IGR,FALSE,FALSE,FALSE,FALSE,2,1,1,1_1,1a319682-f55e-4e0b-8476-48a0bea6c265,NA
11,122308779,122308779,1,snv_mnv,NA,NA,"broad,muse,sanger",3,COSN16201924,NA,NA,FALSE,0.2951,NA,18,43,NA,NA,NA,IGR,FALSE,FALSE,FALSE,FALSE,2,1,1,1_1,1a319682-f55e-4e0b-8476-48a0bea6c265,NA
11,123607860,123607860,1,snv_mnv,NA,NA,"broad,muse,sanger",3,COSN4896704,NA,NA,FALSE,0.1897,NA,11,47,NA,NA,NA,Intron,FALSE,FALSE,FALSE,FALSE,2,1,1,1_1,1a319682-f55e-4e0b-8476-48a0bea6c265,NA
11,127685661,127685661,1,snv_mnv,NA,NA,"broad,muse,sanger",3,COSN16200871,NA,NA,FALSE,0.4762,NA,10,11,NA,NA,NA,IGR,FALSE,FALSE,FALSE,FALSE,2,1,1,1_1,1a319682-f55e-4e0b-8476-48a0bea6c265,NA
11,128309513,128309513,1,snv_mnv,NA,NA,"broad,muse,sanger",3,COSN16201135,NA,L1ME1,FALSE,0.2083,NA,10,38,NA,NA,NA,IGR,FALSE,FALSE,FALSE,FALSE,2,1,1,1_1,1a319682-f55e-4e0b-8476-48a0bea6c265,NA
11,129072678,129072678,1,snv_mnv,NA,NA,"broad,muse,sanger",3,COSN16200930,rs761207110,NA,FALSE,0.3696,NA,17,29,NA,NA,NA,RNA,FALSE,FALSE,FALSE,FALSE,2,1,1,1_1,1a319682-f55e-4e0b-8476-48a0bea6c265,RNU6-874P
11,131245616,131245616,1,snv_mnv,NA,NA,"broad,muse,sanger",3,COSN4896765,NA,NA,FALSE,0.4444,NA,20,25,NA,NA,NA,Intron,FALSE,FALSE,FALSE,FALSE,2,1,1,1_1,1a319682-f55e-4e0b-8476-48a0bea6c265,NA
11,131309363,131309363,1,snv_mnv,NA,NA,"broad,muse,sanger",3,COSN4896767,NA,L1PA6,FALSE,0.2195,NA,9,32,NA,NA,NA,Intron,FALSE,FALSE,FALSE,FALSE,2,1,1,1_1,1a319682-f55e-4e0b-8476-48a0bea6c265,NA
11,131529650,131529650,1,snv_mnv,NA,NA,"broad,muse,sanger",3,COSN16201173,NA,NA,FALSE,0.1875,NA,9,39,NA,NA,NA,Intron,FALSE,FALSE,FALSE,FALSE,2,1,1,1_1,1a319682-f55e-4e0b-8476-48a0bea6c265,NA
11,131610058,131610058,1,snv_mnv,NA,NA,"broad,muse,sanger",3,COSN4896775,NA,MIRb,FALSE,0.2069,NA,12,46,NA,NA,NA,Intron,FALSE,FALSE,FALSE,FALSE,2,1,1,1_1,1a319682-f55e-4e0b-8476-48a0bea6c265,NA
11,132551950,132551950,1,snv_mnv,NA,NA,"broad,muse,sanger",3,COSN16201958,NA,LTR1D,FALSE,0.2727,NA,12,32,NA,NA,NA,Intron,FALSE,FALSE,FALSE,FALSE,2,1,1,1_1,1a319682-f55e-4e0b-8476-48a0bea6c265,NA
12,3852951,3852951,1,snv_mnv,NA,NA,"broad,dkfz,muse,sanger",4,COSN16202305,NA,NA,FALSE,0.2344,NA,15,49,NA,NA,NA,Intron,FALSE,FALSE,FALSE,FALSE,2,1,1,1_1,1a319682-f55e-4e0b-8476-48a0bea6c265,NA
12,7696093,7696093,1,snv_mnv,NA,NA,"broad,dkfz,muse,sanger",4,COSN16200840,NA,NA,FALSE,0.275,NA,11,29,NA,NA,NA,IGR,FALSE,FALSE,FALSE,FALSE,2,1,1,1_1,1a319682-f55e-4e0b-8476-48a0bea6c265,NA
12,9207410,9207410,1,snv_mnv,NA,NA,"broad,dkfz,muse,sanger",4,COSN16202487,NA,Tigger4a,FALSE,0.2985,NA,20,47,NA,NA,NA,RNA,FALSE,FALSE,FALSE,FALSE,2,1,1,1_1,1a319682-f55e-4e0b-8476-48a0bea6c265,NA
12,10476772,10476772,1,snv_mnv,NA,NA,"broad,dkfz,muse,sanger",4,COSN16200393,NA,NA,FALSE,0.2075,NA,11,42,NA,NA,NA,IGR,FALSE,FALSE,FALSE,FALSE,2,1,1,1_1,1a319682-f55e-4e0b-8476-48a0bea6c265,NA
12,10700303,10700303,1,snv_mnv,NA,NA,"broad,dkfz,muse,sanger",4,COSN16202277,NA,MIR,FALSE,0.3182,NA,14,30,NA,NA,NA,IGR,FALSE,FALSE,FALSE,FALSE,2,1,1,1_1,1a319682-f55e-4e0b-8476-48a0bea6c265,SLC25A39P2
12,13398885,13398885,1,snv_mnv,NA,NA,"broad,dkfz,muse,sanger",4,COSN16201959,NA,ERVL-B4-int,FALSE,0.3191,NA,15,32,NA,NA,NA,IGR,FALSE,FALSE,FALSE,FALSE,2,1,1,1_1,1a319682-f55e-4e0b-8476-48a0bea6c265,NA
12,14292372,14292372,1,snv_mnv,NA,NA,"broad,dkfz,muse,sanger",4,COSN16202424,NA,NA,FALSE,0.18,NA,9,41,NA,NA,NA,IGR,FALSE,FALSE,FALSE,FALSE,2,1,1,1_1,1a319682-f55e-4e0b-8476-48a0bea6c265,NA
12,16588977,16588977,1,snv_mnv,NA,NA,"broad,dkfz,muse,sanger",4,COSN16201925,NA,NA,FALSE,0.3333,NA,13,26,NA,NA,NA,Intron,FALSE,FALSE,FALSE,FALSE,2,1,1,1_1,1a319682-f55e-4e0b-8476-48a0bea6c265,NA
12,16852459,16852459,1,snv_mnv,NA,NA,"broad,dkfz,muse,sanger",4,COSN16201565,NA,NA,FALSE,0.2093,NA,9,34,NA,NA,NA,IGR,FALSE,FALSE,FALSE,FALSE,2,1,1,1_1,1a319682-f55e-4e0b-8476-48a0bea6c265,AC007529.1
12,17021571,17021571,1,snv_mnv,NA,NA,"muse,sanger",2,COSN16200528,NA,AluYa5,FALSE,0.2857,NA,8,20,NA,NA,NA,IGR,FALSE,FALSE,FALSE,FALSE,2,1,1,1_1,1a319682-f55e-4e0b-8476-48a0bea6c265,NA
12,18001002,18001002,1,snv_mnv,NA,NA,"broad,dkfz,muse,sanger",4,COSN16201335,NA,L1MCa,FALSE,0.2329,NA,17,56,NA,NA,NA,IGR,FALSE,FALSE,FALSE,FALSE,2,1,1,1_1,1a319682-f55e-4e0b-8476-48a0bea6c265,NA
12,18397860,18397860,1,snv_mnv,NA,NA,"broad,dkfz,muse,sanger",4,COSN16201200,NA,MIRc,FALSE,0.16,NA,8,42,NA,NA,NA,Intron,FALSE,FALSE,FALSE,FALSE,2,1,1,1_1,1a319682-f55e-4e0b-8476-48a0bea6c265,PIK3C2G
12,18545387,18545387,1,snv_mnv,NA,NA,"broad,muse,sanger",3,COSN16200534,NA,L2a,FALSE,0.1714,NA,6,29,NA,NA,NA,Intron,FALSE,FALSE,FALSE,FALSE,2,1,1,1_1,1a319682-f55e-4e0b-8476-48a0bea6c265,NA
12,19498938,19498938,1,snv_mnv,NA,NA,"broad,dkfz,muse,sanger",4,COSN4898560,NA,NA,FALSE,0.2308,NA,15,50,NA,NA,NA,Intron,FALSE,FALSE,FALSE,FALSE,2,1,1,1_1,1a319682-f55e-4e0b-8476-48a0bea6c265,PLEKHA5
12,22538268,22538268,1,snv_mnv,NA,NA,"broad,muse,sanger",3,COSN16202131,NA,MIR,FALSE,0.1562,NA,5,27,NA,NA,NA,Intron,FALSE,FALSE,FALSE,FALSE,2,1,1,1_1,1a319682-f55e-4e0b-8476-48a0bea6c265,NA
12,22538897,22538897,1,snv_mnv,NA,NA,"broad,dkfz,muse,sanger",4,COSN16202544,NA,L1M4,FALSE,0.2442,NA,21,65,NA,NA,NA,Intron,FALSE,FALSE,FALSE,FALSE,2,1,1,1_1,1a319682-f55e-4e0b-8476-48a0bea6c265,NA
12,22546200,22546200,1,snv_mnv,NA,NA,"broad,dkfz,muse,sanger",4,COSN16201412,NA,AluJr,FALSE,0.3077,NA,16,36,NA,NA,NA,Intron,FALSE,FALSE,FALSE,FALSE,2,1,1,1_1,1a319682-f55e-4e0b-8476-48a0bea6c265,AC087318.1
12,23521957,23521957,1,snv_mnv,NA,NA,"broad,dkfz,muse,sanger",4,COSN16201705,NA,NA,FALSE,0.3333,NA,17,34,NA,NA,NA,IGR,FALSE,FALSE,FALSE,FALSE,2,1,1,1_1,1a319682-f55e-4e0b-8476-48a0bea6c265,NA
12,27197928,27197928,1,snv_mnv,NA,NA,"broad,dkfz,muse,sanger",4,COSN16202114,NA,ERV3-16A3_I-int,FALSE,0.3654,NA,19,33,NA,NA,NA,IGR,FALSE,FALSE,FALSE,FALSE,2,1,1,1_1,1a319682-f55e-4e0b-8476-48a0bea6c265,MED21
12,29326139,29326139,1,snv_mnv,NA,NA,"broad,dkfz,muse,sanger",4,COSN4898717,NA,HERV9-int,FALSE,0.2391,NA,11,35,NA,NA,NA,Intron,FALSE,FALSE,FALSE,FALSE,2,1,1,1_1,1a319682-f55e-4e0b-8476-48a0bea6c265,FAR2
12,38515851,38515851,1,snv_mnv,NA,NA,"broad,muse,sanger",3,COSN16202554,NA,AluJo,FALSE,0.2444,NA,11,34,NA,NA,NA,IGR,FALSE,FALSE,FALSE,FALSE,2,1,1,1_1,1a319682-f55e-4e0b-8476-48a0bea6c265,NA
12,39256237,39256237,1,snv_mnv,NA,NA,"broad,dkfz,muse,sanger",4,COSN4898805,NA,L1MC5,FALSE,0.2131,NA,13,48,NA,NA,NA,Intron,FALSE,FALSE,FALSE,FALSE,2,1,1,1_1,1a319682-f55e-4e0b-8476-48a0bea6c265,NA
12,40661451,40661451,1,snv_mnv,NA,NA,"broad,dkfz,muse,sanger",4,COSN16200748,NA,NA,FALSE,0.2308,NA,9,30,NA,NA,NA,Intron,FALSE,FALSE,FALSE,FALSE,2,1,1,1_1,1a319682-f55e-4e0b-8476-48a0bea6c265,NA
12,41600347,41600347,1,snv_mnv,NA,NA,"broad,dkfz,muse",3,COSN16200895,NA,(TTAA)n,FALSE,0.3571,NA,15,27,NA,NA,NA,Intron,FALSE,FALSE,FALSE,FALSE,2,1,1,1_1,1a319682-f55e-4e0b-8476-48a0bea6c265,NA
12,42663363,42663363,1,snv_mnv,NA,NA,"broad,dkfz,muse,sanger",4,COSN16200929,NA,L1PA17,FALSE,0.3704,NA,20,34,NA,NA,NA,Intron,FALSE,FALSE,FALSE,FALSE,2,1,1,1_1,1a319682-f55e-4e0b-8476-48a0bea6c265,NA
12,44281532,44281532,1,snv_mnv,NA,NA,"broad,dkfz,muse,sanger",4,COSN4898877,NA,NA,FALSE,0.2909,NA,16,39,NA,NA,NA,Intron,FALSE,FALSE,FALSE,FALSE,2,1,1,1_1,1a319682-f55e-4e0b-8476-48a0bea6c265,NA
12,45128476,45128476,1,snv_mnv,NA,NA,"broad,dkfz,muse,sanger",4,COSN16202340,NA,L1MEe,FALSE,0.2963,NA,16,38,NA,NA,NA,Intron,FALSE,FALSE,FALSE,FALSE,2,1,1,1_1,1a319682-f55e-4e0b-8476-48a0bea6c265,NA
12,45453315,45453315,1,snv_mnv,NA,NA,"broad,dkfz,muse,sanger",4,COSN16202011,NA,NA,FALSE,0.2941,NA,10,24,NA,NA,NA,RNA,FALSE,FALSE,FALSE,FALSE,2,1,1,1_1,1a319682-f55e-4e0b-8476-48a0bea6c265,NA
12,45911230,45911230,1,snv_mnv,NA,NA,"broad,dkfz,muse,sanger",4,COSN16201042,NA,NA,FALSE,0.2353,NA,12,39,NA,NA,NA,lincRNA,FALSE,FALSE,FALSE,FALSE,2,1,1,1_1,1a319682-f55e-4e0b-8476-48a0bea6c265,NA
12,45918928,45918928,1,snv_mnv,NA,NA,"broad,dkfz,muse,sanger",4,COSN4898923,NA,L1PB1,FALSE,0.1625,NA,13,67,NA,NA,NA,lincRNA,FALSE,FALSE,FALSE,FALSE,2,1,1,1_1,1a319682-f55e-4e0b-8476-48a0bea6c265,NA
12,48248615,48248615,1,snv_mnv,NA,NA,"broad,dkfz,muse,sanger",4,COSN4898952,NA,MER5A,FALSE,0.1915,NA,9,38,NA,NA,NA,Intron,FALSE,FALSE,FALSE,FALSE,2,1,1,1_1,1a319682-f55e-4e0b-8476-48a0bea6c265,VDR
12,48733171,48733171,1,snv_mnv,NA,NA,"broad,dkfz,muse,sanger",4,COSN4898959,NA,MER5A,FALSE,0.2632,NA,10,28,NA,NA,NA,IGR,FALSE,FALSE,FALSE,FALSE,2,1,1,1_1,1a319682-f55e-4e0b-8476-48a0bea6c265,ZNF641
12,51601691,51601691,1,snv_mnv,NA,NA,"broad,dkfz,muse,sanger",4,COSN4899009,NA,NA,FALSE,0.322,NA,19,40,NA,NA,NA,Intron,FALSE,FALSE,FALSE,FALSE,2,1,1,1_1,1a319682-f55e-4e0b-8476-48a0bea6c265,POU6F1
12,54908295,54908295,1,snv_mnv,NA,NA,"broad,dkfz,muse,sanger",4,COSN4899054,NA,AluSq2,FALSE,0.2292,NA,11,37,NA,NA,NA,Intron,FALSE,FALSE,FALSE,FALSE,2,1,1,1_1,1a319682-f55e-4e0b-8476-48a0bea6c265,NCKAP1L
12,56460483,56460483,1,snv_mnv,NA,NA,"broad,dkfz,muse,sanger",4,COSN16201321,NA,AluSg4,FALSE,0.3333,NA,16,32,NA,NA,NA,IGR,FALSE,FALSE,FALSE,FALSE,2,1,1,1_1,1a319682-f55e-4e0b-8476-48a0bea6c265,NA
12,59866814,59866814,1,snv_mnv,NA,NA,"broad,dkfz,muse,sanger",4,COSN16201432,NA,HERV9-int,FALSE,0.375,NA,12,20,NA,NA,NA,IGR,FALSE,FALSE,FALSE,FALSE,2,1,1,1_1,1a319682-f55e-4e0b-8476-48a0bea6c265,NA
12,60308459,60308459,1,snv_mnv,1.9968e-4,rs561056115,"broad,dkfz,muse,sanger",4,COSN16201637,rs561056115,NA,FALSE,0.2581,NA,8,23,NA,NA,NA,IGR,FALSE,FALSE,FALSE,FALSE,2,1,1,1_1,1a319682-f55e-4e0b-8476-48a0bea6c265,NA
12,60470491,60470491,1,snv_mnv,NA,NA,"broad,dkfz,muse",3,COSN16201724,NA,NA,FALSE,0.2857,NA,10,25,NA,NA,NA,IGR,FALSE,FALSE,FALSE,FALSE,2,1,1,1_1,1a319682-f55e-4e0b-8476-48a0bea6c265,NA
12,60932462,60932462,1,snv_mnv,1.9968e-4,rs180972009,"broad,dkfz,muse,sanger",4,COSN16202132,rs180972009,NA,FALSE,0.3529,NA,30,55,NA,NA,NA,IGR,FALSE,FALSE,FALSE,FALSE,2,1,1,1_1,1a319682-f55e-4e0b-8476-48a0bea6c265,NA
12,60994161,60994161,1,snv_mnv,NA,NA,"broad,dkfz,muse,sanger",4,COSN16200906,NA,L1M4,FALSE,0.2373,NA,14,45,NA,NA,NA,IGR,FALSE,FALSE,FALSE,FALSE,2,1,1,1_1,1a319682-f55e-4e0b-8476-48a0bea6c265,NA
12,61820943,61820943,1,snv_mnv,3.9936e-4,rs548553517,"broad,dkfz,muse,sanger",4,COSN7617886,rs548553517,NA,FALSE,0.3922,NA,20,31,NA,NA,NA,IGR,FALSE,FALSE,FALSE,FALSE,2,1,1,1_1,1a319682-f55e-4e0b-8476-48a0bea6c265,NA
12,62551634,62551634,1,snv_mnv,NA,NA,"broad,dkfz,muse,sanger",4,COSN4899141,NA,L2a,FALSE,0.2909,NA,16,39,NA,NA,NA,Intron,FALSE,FALSE,FALSE,FALSE,2,1,1,1_1,1a319682-f55e-4e0b-8476-48a0bea6c265,NA
12,65993934,65993934,1,snv_mnv,NA,NA,"broad,dkfz,muse,sanger",4,COSN16202304,NA,NA,FALSE,0.2763,NA,21,55,NA,NA,NA,lincRNA,FALSE,FALSE,FALSE,FALSE,2,1,1,1_1,1a319682-f55e-4e0b-8476-48a0bea6c265,LINC02454
12,69740648,69740648,1,snv_mnv,NA,NA,"broad,dkfz,muse,sanger",4,COSN16202482,NA,AluSx,FALSE,0.3953,NA,17,26,NA,NA,NA,5'Flank,FALSE,FALSE,FALSE,FALSE,2,1,1,1_1,1a319682-f55e-4e0b-8476-48a0bea6c265,LYZ
12,72021721,72021721,1,snv_mnv,NA,NA,"broad,dkfz,muse,sanger",4,COSM3396090,NA,NA,FALSE,0.2639,NA,19,53,NA,NA,NA,Intron,FALSE,FALSE,FALSE,FALSE,2,1,1,1_1,1a319682-f55e-4e0b-8476-48a0bea6c265,ZFC3H1
12,72833360,72833360,1,snv_mnv,NA,NA,"broad,dkfz,muse,sanger",4,COSN16201337,NA,L1MA8,FALSE,0.3036,NA,17,39,NA,NA,NA,Intron,FALSE,FALSE,FALSE,FALSE,2,1,1,1_1,1a319682-f55e-4e0b-8476-48a0bea6c265,NA
12,73174030,73174030,1,snv_mnv,NA,NA,"broad,dkfz,muse,sanger",4,COSN16201095,NA,L1P3,FALSE,0.2895,NA,11,27,NA,NA,NA,IGR,FALSE,FALSE,FALSE,FALSE,2,1,1,1_1,1a319682-f55e-4e0b-8476-48a0bea6c265,NA
12,73302855,73302855,1,snv_mnv,NA,NA,"broad,dkfz,muse,sanger",4,COSN16202357,NA,L1PA3,FALSE,0.28,NA,7,18,NA,NA,NA,IGR,FALSE,FALSE,FALSE,FALSE,2,1,1,1_1,1a319682-f55e-4e0b-8476-48a0bea6c265,NA
12,74823549,74823549,1,snv_mnv,NA,NA,"broad,dkfz,muse,sanger",4,COSN16202230,NA,NA,FALSE,0.2,NA,14,56,NA,NA,NA,IGR,FALSE,FALSE,FALSE,FALSE,2,1,1,1_1,1a319682-f55e-4e0b-8476-48a0bea6c265,NA
12,75647002,75647002,1,snv_mnv,NA,NA,"broad,dkfz,muse,sanger",4,COSN4899319,rs776475697,NA,FALSE,0.24,NA,12,38,NA,NA,NA,RNA,FALSE,FALSE,FALSE,FALSE,2,1,1,1_1,1a319682-f55e-4e0b-8476-48a0bea6c265,"AC091534.1,CCNG2P1"
12,82144428,82144428,1,snv_mnv,NA,NA,"broad,dkfz,muse,sanger",4,COSN4899446,rs757829257,NA,FALSE,0.1364,NA,9,57,NA,NA,NA,Intron,FALSE,FALSE,FALSE,FALSE,2,1,1,1_1,1a319682-f55e-4e0b-8476-48a0bea6c265,NA
12,82301254,82301254,1,snv_mnv,NA,NA,"broad,dkfz,muse,sanger",4,COSN16202369,NA,MLT2A1,FALSE,0.3125,NA,15,33,NA,NA,NA,IGR,FALSE,FALSE,FALSE,FALSE,2,1,1,1_1,1a319682-f55e-4e0b-8476-48a0bea6c265,NA
12,84232605,84232605,1,snv_mnv,NA,NA,"broad,dkfz,muse,sanger",4,COSN16201497,NA,NA,FALSE,0.3208,NA,17,36,NA,NA,NA,IGR,FALSE,FALSE,FALSE,FALSE,2,1,1,1_1,1a319682-f55e-4e0b-8476-48a0bea6c265,NA
12,84358956,84358956,1,snv_mnv,NA,NA,"broad,dkfz,muse,sanger",4,COSN16202591,NA,NA,FALSE,0.3864,NA,17,27,NA,NA,NA,IGR,FALSE,FALSE,FALSE,FALSE,2,1,1,1_1,1a319682-f55e-4e0b-8476-48a0bea6c265,NA
12,84607085,84607085,1,snv_mnv,NA,NA,"broad,dkfz,muse,sanger",4,COSN16201349,NA,L1MEf,FALSE,0.2647,NA,9,25,NA,NA,NA,IGR,FALSE,FALSE,FALSE,FALSE,2,1,1,1_1,1a319682-f55e-4e0b-8476-48a0bea6c265,NA
12,84938350,84938350,1,snv_mnv,NA,NA,"broad,dkfz,muse,sanger",4,COSN16200448,NA,AluY,FALSE,0.2535,NA,18,53,NA,NA,NA,IGR,FALSE,FALSE,FALSE,FALSE,2,1,1,1_1,1a319682-f55e-4e0b-8476-48a0bea6c265,NA
12,85973710,85973710,1,snv_mnv,NA,NA,"broad,dkfz,muse,sanger",4,COSN16202133,NA,L1MD2,FALSE,0.2637,NA,24,67,NA,NA,NA,IGR,FALSE,FALSE,FALSE,FALSE,2,1,1,1_1,1a319682-f55e-4e0b-8476-48a0bea6c265,NA
12,86084976,86084976,1,snv_mnv,NA,NA,"broad,dkfz,muse,sanger",4,COSN16201617,NA,L2a,FALSE,0.2708,NA,13,35,NA,NA,NA,IGR,FALSE,FALSE,FALSE,FALSE,2,1,1,1_1,1a319682-f55e-4e0b-8476-48a0bea6c265,NA
12,87062111,87062111,1,snv_mnv,NA,NA,"broad,dkfz,muse,sanger",4,COSN4899509,NA,L1PA15-16,FALSE,0.3077,NA,12,27,NA,NA,NA,Intron,FALSE,FALSE,FALSE,FALSE,2,1,1,1_1,1a319682-f55e-4e0b-8476-48a0bea6c265,NA
12,90176268,90176268,1,snv_mnv,NA,NA,"broad,dkfz,muse,sanger",4,COSN16200284,NA,NA,FALSE,0.2857,NA,14,35,NA,NA,NA,IGR,FALSE,FALSE,FALSE,FALSE,2,1,1,1_1,1a319682-f55e-4e0b-8476-48a0bea6c265,NA
12,92031690,92031690,1,snv_mnv,NA,NA,"broad,dkfz,muse,sanger",4,COSN16202212,NA,MER97a,FALSE,0.2593,NA,21,60,NA,NA,NA,IGR,FALSE,FALSE,FALSE,FALSE,2,1,1,1_1,1a319682-f55e-4e0b-8476-48a0bea6c265,"AC126175.1,RF02110"
12,92344137,92344137,1,snv_mnv,NA,NA,"broad,dkfz,muse,sanger",4,COSN16201861,NA,NA,FALSE,0.2,NA,9,36,NA,NA,NA,IGR,FALSE,FALSE,FALSE,FALSE,2,1,1,1_1,1a319682-f55e-4e0b-8476-48a0bea6c265,NA
12,94645493,94645493,1,snv_mnv,1.9968e-4,rs569656116,"broad,dkfz,muse,sanger",4,COSN4899580,rs569656116,AluSx1,FALSE,0.2941,NA,15,36,NA,NA,NA,Intron,FALSE,FALSE,FALSE,FALSE,2,1,1,1_1,1a319682-f55e-4e0b-8476-48a0bea6c265,PLXNC1
12,101978365,101978365,1,snv_mnv,NA,NA,"broad,dkfz,muse,sanger",4,COSN4898110,NA,THE1B,FALSE,0.3333,NA,15,30,NA,NA,NA,IGR,FALSE,FALSE,FALSE,FALSE,2,1,1,1_1,1a319682-f55e-4e0b-8476-48a0bea6c265,NA
12,102708634,102708634,1,snv_mnv,NA,NA,"broad,dkfz,muse,sanger",4,COSN16200639,NA,MER57-int,FALSE,0.3409,NA,15,29,NA,NA,NA,IGR,FALSE,FALSE,FALSE,FALSE,2,1,1,1_1,1a319682-f55e-4e0b-8476-48a0bea6c265,NA
12,103384878,103384878,1,snv_mnv,NA,NA,"broad,dkfz,muse,sanger",4,COSN16201940,NA,MLT1C,FALSE,0.3684,NA,14,24,NA,NA,NA,IGR,FALSE,FALSE,FALSE,FALSE,2,1,1,1_1,1a319682-f55e-4e0b-8476-48a0bea6c265,NA
12,106485930,106485930,1,snv_mnv,NA,NA,"broad,dkfz,muse,sanger",4,COSN16201362,NA,L1ME3A,FALSE,0.2807,NA,16,41,NA,NA,NA,Intron,FALSE,FALSE,FALSE,FALSE,2,1,1,1_1,1a319682-f55e-4e0b-8476-48a0bea6c265,NA
12,107587939,107587939,1,snv_mnv,NA,NA,"broad,dkfz,muse,sanger",4,COSN16200514,NA,MSTD,FALSE,0.1786,NA,10,46,NA,NA,NA,IGR,FALSE,FALSE,FALSE,FALSE,2,1,1,1_1,1a319682-f55e-4e0b-8476-48a0bea6c265,NA
12,108359144,108359144,1,snv_mnv,NA,NA,"broad,dkfz,muse,sanger",4,COSN16201618,NA,Charlie10,FALSE,0.3467,NA,26,49,NA,NA,NA,IGR,FALSE,FALSE,FALSE,FALSE,2,1,1,1_1,1a319682-f55e-4e0b-8476-48a0bea6c265,NA
12,108381003,108381003,1,snv_mnv,NA,NA,"broad,dkfz,muse,sanger",4,COSN16201452,NA,MLT1I,FALSE,0.2449,NA,12,37,NA,NA,NA,IGR,FALSE,FALSE,FALSE,FALSE,2,1,1,1_1,1a319682-f55e-4e0b-8476-48a0bea6c265,NA
12,109506591,109506591,1,snv_mnv,NA,NA,"broad,dkfz,muse,sanger",4,COSN16201728,NA,NA,FALSE,0.25,NA,9,27,NA,NA,NA,Intron,FALSE,FALSE,FALSE,FALSE,2,1,1,1_1,1a319682-f55e-4e0b-8476-48a0bea6c265,NA
12,110328012,110328012,1,snv_mnv,NA,NA,"broad,dkfz,muse,sanger",4,COSN16201136,NA,NA,FALSE,0.2698,NA,17,46,NA,NA,NA,lincRNA,FALSE,FALSE,FALSE,FALSE,2,1,1,1_1,1a319682-f55e-4e0b-8476-48a0bea6c265,AC007834.1
12,114058950,114058950,1,snv_mnv,NA,NA,"broad,dkfz,muse,sanger",4,COSN16201170,NA,L2a,FALSE,0.2308,NA,12,40,NA,NA,NA,IGR,FALSE,FALSE,FALSE,FALSE,2,1,1,1_1,1a319682-f55e-4e0b-8476-48a0bea6c265,NA
12,114149663,114149663,1,snv_mnv,NA,NA,"broad,dkfz,muse,sanger",4,COSN16201961,rs764514306,L2a,FALSE,0.3333,NA,17,34,NA,NA,NA,IGR,FALSE,FALSE,FALSE,FALSE,2,1,1,1_1,1a319682-f55e-4e0b-8476-48a0bea6c265,NA
12,114484406,114484406,1,snv_mnv,NA,NA,"broad,dkfz,muse,sanger",4,COSN16201916,NA,NA,FALSE,0.3188,NA,22,47,NA,NA,NA,IGR,FALSE,FALSE,FALSE,FALSE,2,1,1,1_1,1a319682-f55e-4e0b-8476-48a0bea6c265,NA
12,116651032,116651032,1,snv_mnv,NA,NA,"broad,dkfz,muse,sanger",4,COSN16200290,NA,G-rich,FALSE,0.2895,NA,11,27,NA,NA,NA,Intron,FALSE,FALSE,FALSE,FALSE,2,1,1,1_1,1a319682-f55e-4e0b-8476-48a0bea6c265,NA
12,119129820,119129820,1,snv_mnv,NA,NA,"broad,dkfz,muse,sanger",4,COSN16201096,NA,MLT1N2,FALSE,0.1887,NA,10,43,NA,NA,NA,IGR,FALSE,FALSE,FALSE,FALSE,2,1,1,1_1,1a319682-f55e-4e0b-8476-48a0bea6c265,NA
12,120007545,120007545,1,snv_mnv,NA,NA,"broad,dkfz,muse,sanger",4,COSN4898319,NA,L1M5,FALSE,0.2759,NA,16,42,NA,NA,NA,lincRNA,FALSE,FALSE,FALSE,FALSE,2,1,1,1_1,1a319682-f55e-4e0b-8476-48a0bea6c265,NA
12,120729692,120729692,1,snv_mnv,NA,NA,"broad,dkfz,muse,sanger",4,COSN16202452,NA,U4,FALSE,0.4375,NA,21,27,NA,NA,NA,RNA,FALSE,FALSE,FALSE,FALSE,2,1,1,1_1,1a319682-f55e-4e0b-8476-48a0bea6c265,RNU4-1
12,122916002,122916002,1,snv_mnv,NA,NA,"broad,dkfz,muse,sanger",4,COSN16202010,NA,NA,FALSE,0.2742,NA,17,45,NA,NA,NA,IGR,FALSE,FALSE,FALSE,FALSE,2,1,1,1_1,1a319682-f55e-4e0b-8476-48a0bea6c265,NA
12,125992624,125992624,1,snv_mnv,NA,NA,"broad,dkfz,muse,sanger",4,COSN16201378,NA,L2a,FALSE,0.18,NA,9,41,NA,NA,NA,Intron,FALSE,FALSE,FALSE,FALSE,2,1,1,1_1,1a319682-f55e-4e0b-8476-48a0bea6c265,NA
12,126859109,126859109,1,snv_mnv,NA,NA,"broad,dkfz,muse,sanger",4,COSN16200723,NA,NA,FALSE,0.2759,NA,16,42,NA,NA,NA,IGR,FALSE,FALSE,FALSE,FALSE,2,1,1,1_1,1a319682-f55e-4e0b-8476-48a0bea6c265,NA
12,128345278,128345278,1,snv_mnv,NA,NA,"broad,dkfz,muse,sanger",4,COSN16201763,NA,NA,FALSE,0.2564,NA,10,29,NA,NA,NA,IGR,FALSE,FALSE,FALSE,FALSE,2,1,1,1_1,1a319682-f55e-4e0b-8476-48a0bea6c265,NA
12,128498964,128498964,1,snv_mnv,NA,NA,"broad,dkfz,muse,sanger",4,COSN16201374,NA,NA,FALSE,0.2444,NA,11,34,NA,NA,NA,IGR,FALSE,FALSE,FALSE,FALSE,2,1,1,1_1,1a319682-f55e-4e0b-8476-48a0bea6c265,NA
12,129800636,129800636,1,snv_mnv,NA,NA,"broad,dkfz,muse,sanger",4,COSN16202415,NA,L1PB4,FALSE,0.1299,NA,10,67,NA,NA,NA,Intron,FALSE,FALSE,FALSE,FALSE,2,1,1,1_1,1a319682-f55e-4e0b-8476-48a0bea6c265,NA
12,129800637,129800637,1,snv_mnv,NA,NA,"broad,dkfz,muse,sanger",4,COSN4898448,NA,L1PB4,FALSE,0.1507,NA,11,62,NA,NA,NA,Intron,FALSE,FALSE,FALSE,FALSE,2,1,1,1_1,1a319682-f55e-4e0b-8476-48a0bea6c265,NA
12,132122263,132122263,1,snv_mnv,NA,NA,"broad,dkfz,muse,sanger",4,COSN16201214,rs765697133,NA,FALSE,0.3077,NA,8,18,NA,NA,NA,IGR,FALSE,FALSE,FALSE,FALSE,2,1,1,1_1,1a319682-f55e-4e0b-8476-48a0bea6c265,NA
13,21418070,21418070,1,snv_mnv,NA,NA,"broad,dkfz,muse,sanger",4,COSN4899822,NA,NA,FALSE,0.2462,NA,16,49,NA,NA,NA,Intron,FALSE,FALSE,FALSE,FALSE,2,1,1,1_1,1a319682-f55e-4e0b-8476-48a0bea6c265,NA
13,22327986,22327986,1,snv_mnv,NA,NA,"broad,dkfz,muse,sanger",4,COSN16202261,NA,NA,FALSE,0.2059,NA,14,54,NA,NA,NA,IGR,FALSE,FALSE,FALSE,FALSE,2,1,1,1_1,1a319682-f55e-4e0b-8476-48a0bea6c265,NA
13,24217757,24217757,1,snv_mnv,NA,NA,"broad,dkfz,muse,sanger",4,COSN4899847,NA,NA,FALSE,0.1695,NA,10,49,NA,NA,NA,Intron,FALSE,FALSE,FALSE,FALSE,2,1,1,1_1,1a319682-f55e-4e0b-8476-48a0bea6c265,NA
13,24271736,24271736,1,snv_mnv,NA,NA,"broad,dkfz,muse,sanger",4,COSN16200306,NA,Tigger1,FALSE,0.2432,NA,18,56,NA,NA,NA,IGR,FALSE,FALSE,FALSE,FALSE,2,1,1,1_1,1a319682-f55e-4e0b-8476-48a0bea6c265,NA
13,28702316,28702316,1,snv_mnv,NA,NA,"broad,dkfz,muse,sanger",4,COSN16200961,NA,MLT1G1,FALSE,0.3182,NA,14,30,NA,NA,NA,IGR,FALSE,FALSE,FALSE,FALSE,2,1,1,1_1,1a319682-f55e-4e0b-8476-48a0bea6c265,NA
13,29672056,29672056,1,snv_mnv,NA,NA,"broad,dkfz,muse,sanger",4,COSN16202338,NA,NA,FALSE,0.2432,NA,18,56,NA,NA,NA,Intron,FALSE,FALSE,FALSE,FALSE,2,1,1,1_1,1a319682-f55e-4e0b-8476-48a0bea6c265,NA
13,31579733,31579733,1,snv_mnv,NA,NA,"broad,dkfz,muse,sanger",4,COSN16202115,NA,NA,FALSE,0.2292,NA,11,37,NA,NA,NA,IGR,FALSE,FALSE,FALSE,FALSE,2,1,1,1_1,1a319682-f55e-4e0b-8476-48a0bea6c265,NA
13,35929814,35929814,1,snv_mnv,NA,NA,"broad,dkfz,muse,sanger",4,COSN4899971,NA,L2a,FALSE,0.2889,NA,13,32,NA,NA,NA,Intron,FALSE,FALSE,FALSE,FALSE,2,1,1,1_1,1a319682-f55e-4e0b-8476-48a0bea6c265,NA
13,44062773,44062773,1,snv_mnv,NA,NA,"broad,dkfz,muse,sanger",4,COSN16201881,NA,MLT1A1-int,FALSE,0.2593,NA,14,40,NA,NA,NA,Intron,FALSE,FALSE,FALSE,FALSE,2,1,1,1_1,1a319682-f55e-4e0b-8476-48a0bea6c265,NA
13,45402157,45402157,1,snv_mnv,NA,NA,"broad,dkfz,muse,sanger",4,COSN16202105,NA,AluSz,FALSE,0.2097,NA,13,49,NA,NA,NA,IGR,FALSE,FALSE,FALSE,FALSE,2,1,1,1_1,1a319682-f55e-4e0b-8476-48a0bea6c265,NA
13,47473242,47473242,1,snv_mnv,NA,NA,"broad,dkfz,muse,sanger",4,COSN16201755,NA,L2c,FALSE,0.1739,NA,8,38,NA,NA,NA,5'Flank,FALSE,FALSE,FALSE,FALSE,2,1,1,1_1,1a319682-f55e-4e0b-8476-48a0bea6c265,HTR2A
13,49450253,49450253,1,snv_mnv,NA,NA,"broad,dkfz,muse,sanger",4,COSN16201902,NA,NA,FALSE,0.2326,NA,10,33,NA,NA,NA,IGR,FALSE,FALSE,FALSE,FALSE,2,1,1,1_1,1a319682-f55e-4e0b-8476-48a0bea6c265,NA
13,49584615,49584615,1,snv_mnv,NA,NA,"broad,dkfz,muse,sanger",4,COSN4900088,NA,MER74B,FALSE,0.2294,NA,25,84,NA,NA,NA,Intron,FALSE,FALSE,FALSE,FALSE,2,1,1,1_1,1a319682-f55e-4e0b-8476-48a0bea6c265,NA
13,54565285,54565285,1,snv_mnv,NA,NA,"broad,dkfz,muse,sanger",4,COSN16202555,rs747229418,L1MEe,FALSE,0.2292,NA,11,37,NA,NA,NA,IGR,FALSE,FALSE,FALSE,FALSE,2,1,1,1_1,1a319682-f55e-4e0b-8476-48a0bea6c265,NA
13,55481422,55481422,1,snv_mnv,NA,NA,"broad,dkfz,muse,sanger",4,COSN16202245,NA,L1M4,FALSE,0.2241,NA,13,45,NA,NA,NA,IGR,FALSE,FALSE,FALSE,FALSE,2,1,1,1_1,1a319682-f55e-4e0b-8476-48a0bea6c265,NA
13,56347689,56347689,1,snv_mnv,3.9936e-4,rs529528564,"broad,dkfz,muse,sanger",4,COSN16201725,rs529528564,NA,FALSE,0.3673,NA,18,31,NA,NA,NA,IGR,FALSE,FALSE,FALSE,FALSE,2,1,1,1_1,1a319682-f55e-4e0b-8476-48a0bea6c265,NA
13,56374327,56374327,1,snv_mnv,NA,NA,"broad,dkfz,muse,sanger",4,COSN16202092,NA,L1MCc,FALSE,0.2414,NA,14,44,NA,NA,NA,IGR,FALSE,FALSE,FALSE,FALSE,2,1,1,1_1,1a319682-f55e-4e0b-8476-48a0bea6c265,NA
13,56511086,56511086,1,snv_mnv,NA,NA,"broad,dkfz,muse,sanger",4,COSN16200407,NA,MLT1C,FALSE,0.3077,NA,16,36,NA,NA,NA,IGR,FALSE,FALSE,FALSE,FALSE,2,1,1,1_1,1a319682-f55e-4e0b-8476-48a0bea6c265,NA
13,58323166,58323166,1,snv_mnv,NA,NA,"broad,dkfz,muse,sanger",4,COSN16200853,NA,ERVL-int,FALSE,0.2603,NA,19,54,NA,NA,NA,IGR,FALSE,FALSE,FALSE,FALSE,2,1,1,1_1,1a319682-f55e-4e0b-8476-48a0bea6c265,NA
13,58860906,58860906,1,snv_mnv,NA,NA,"broad,dkfz,muse,sanger",4,COSN16202370,NA,AluSc,FALSE,0.3111,NA,14,31,NA,NA,NA,IGR,FALSE,FALSE,FALSE,FALSE,2,1,1,1_1,1a319682-f55e-4e0b-8476-48a0bea6c265,NA
13,59395596,59395596,1,snv_mnv,NA,NA,"broad,dkfz,muse,sanger",4,COSN16202612,NA,NA,FALSE,0.3175,NA,20,43,NA,NA,NA,IGR,FALSE,FALSE,FALSE,FALSE,2,1,1,1_1,1a319682-f55e-4e0b-8476-48a0bea6c265,NA
13,59732418,59732418,1,snv_mnv,NA,NA,"broad,dkfz,muse,sanger",4,COSN16202037,NA,NA,FALSE,0.3333,NA,16,32,NA,NA,NA,IGR,FALSE,FALSE,FALSE,FALSE,2,1,1,1_1,1a319682-f55e-4e0b-8476-48a0bea6c265,NA
13,60113468,60113468,1,snv_mnv,NA,NA,"broad,dkfz,muse,sanger",4,COSN16201280,NA,NA,FALSE,0.339,NA,20,39,NA,NA,NA,IGR,FALSE,FALSE,FALSE,FALSE,2,1,1,1_1,1a319682-f55e-4e0b-8476-48a0bea6c265,NA
13,60291427,60291427,1,snv_mnv,NA,NA,"broad,dkfz,muse,sanger",4,COSN4900156,NA,NA,FALSE,0.3333,NA,16,32,NA,NA,NA,Intron,FALSE,FALSE,FALSE,FALSE,2,1,1,1_1,1a319682-f55e-4e0b-8476-48a0bea6c265,NA
13,62884562,62884562,1,snv_mnv,NA,NA,"broad,dkfz,muse,sanger",4,COSN16202175,NA,ERV3-16A3_I-int,FALSE,0.2381,NA,10,32,NA,NA,NA,IGR,FALSE,FALSE,FALSE,FALSE,2,1,1,1_1,1a319682-f55e-4e0b-8476-48a0bea6c265,NA
13,63669106,63669106,1,snv_mnv,NA,NA,"broad,dkfz,muse,sanger",4,COSN16200562,NA,MER58A,FALSE,0.1944,NA,7,29,NA,NA,NA,IGR,FALSE,FALSE,FALSE,FALSE,2,1,1,1_1,1a319682-f55e-4e0b-8476-48a0bea6c265,NA
13,64919236,64919236,1,snv_mnv,NA,NA,"broad,dkfz,muse,sanger",4,COSN5342328,NA,L1MD1,FALSE,0.1364,NA,9,57,NA,NA,NA,IGR,FALSE,FALSE,FALSE,FALSE,2,1,1,1_1,1a319682-f55e-4e0b-8476-48a0bea6c265,NA
13,65311183,65311183,1,snv_mnv,NA,NA,"broad,dkfz,muse,sanger",4,COSN16201583,NA,L1MC2,FALSE,0.2642,NA,14,39,NA,NA,NA,IGR,FALSE,FALSE,FALSE,FALSE,2,1,1,1_1,1a319682-f55e-4e0b-8476-48a0bea6c265,NA
13,65914115,65914115,1,snv_mnv,NA,NA,"broad,dkfz,muse,sanger",4,COSN16200326,NA,NA,FALSE,0.1667,NA,9,45,NA,NA,NA,IGR,FALSE,FALSE,FALSE,FALSE,2,1,1,1_1,1a319682-f55e-4e0b-8476-48a0bea6c265,NA
13,65938020,65938020,1,snv_mnv,NA,NA,"broad,dkfz,muse,sanger",4,COSN16202188,NA,AluY,FALSE,0.1875,NA,12,52,NA,NA,NA,IGR,FALSE,FALSE,FALSE,FALSE,2,1,1,1_1,1a319682-f55e-4e0b-8476-48a0bea6c265,NA
13,66333216,66333216,1,snv_mnv,NA,NA,"broad,dkfz,muse,sanger",4,COSN16201756,NA,L1M2,FALSE,0.3607,NA,22,39,NA,NA,NA,IGR,FALSE,FALSE,FALSE,FALSE,2,1,1,1_1,1a319682-f55e-4e0b-8476-48a0bea6c265,NA
13,66412973,66412973,1,snv_mnv,NA,NA,"broad,dkfz,muse,sanger",4,COSN16200684,NA,MER90a,FALSE,0.3284,NA,22,45,NA,NA,NA,IGR,FALSE,FALSE,FALSE,FALSE,2,1,1,1_1,1a319682-f55e-4e0b-8476-48a0bea6c265,NA
13,66978004,66978004,1,snv_mnv,NA,NA,"broad,dkfz,muse,sanger",4,COSN4900178,NA,NA,FALSE,0.2653,NA,13,36,NA,NA,NA,Intron,FALSE,FALSE,FALSE,FALSE,2,1,1,1_1,1a319682-f55e-4e0b-8476-48a0bea6c265,NA
13,66978040,66978040,1,snv_mnv,NA,NA,"broad,dkfz,muse,sanger",4,COSN4900179,NA,NA,FALSE,0.2222,NA,8,28,NA,NA,NA,Intron,FALSE,FALSE,FALSE,FALSE,2,1,1,1_1,1a319682-f55e-4e0b-8476-48a0bea6c265,NA
13,67977638,67977638,1,snv_mnv,NA,NA,"broad,dkfz,muse,sanger",4,COSN16201201,NA,HERVE_a-int,FALSE,0.0952,NA,4,38,NA,NA,NA,IGR,FALSE,FALSE,FALSE,FALSE,2,1,1,1_1,1a319682-f55e-4e0b-8476-48a0bea6c265,NA
13,68316567,68316567,1,snv_mnv,NA,NA,"broad,dkfz,muse,sanger",4,COSN16201677,NA,NA,FALSE,0.2708,NA,13,35,NA,NA,NA,IGR,FALSE,FALSE,FALSE,FALSE,2,1,1,1_1,1a319682-f55e-4e0b-8476-48a0bea6c265,NA
13,70237101,70237101,1,snv_mnv,1.9968e-4,rs558217518,"broad,dkfz,muse,sanger",4,COSN16200801,rs558217518,AluYk11,FALSE,0.175,NA,7,33,NA,NA,NA,IGR,FALSE,FALSE,FALSE,FALSE,2,1,1,1_1,1a319682-f55e-4e0b-8476-48a0bea6c265,NA
13,73208846,73208846,1,snv_mnv,1.9968e-4,rs187546472,"broad,dkfz,muse,sanger",4,COSN16200583,rs187546472,AluSx1,FALSE,0.3548,NA,11,20,NA,NA,NA,IGR,FALSE,FALSE,FALSE,FALSE,1,1,0,1_0,1a319682-f55e-4e0b-8476-48a0bea6c265,NA
13,75721674,75721674,1,snv_mnv,NA,NA,"broad,dkfz,muse,sanger",4,COSN16201566,NA,NA,FALSE,0.3784,NA,14,23,NA,NA,NA,IGR,FALSE,FALSE,FALSE,FALSE,2,1,1,1_1,1a319682-f55e-4e0b-8476-48a0bea6c265,NA
13,75730517,75730517,1,snv_mnv,NA,NA,"broad,dkfz,muse,sanger",4,COSN16201542,NA,MLT1F2,FALSE,0.3333,NA,20,40,NA,NA,NA,IGR,FALSE,FALSE,FALSE,FALSE,2,1,1,1_1,1a319682-f55e-4e0b-8476-48a0bea6c265,NA
13,75974310,75974310,1,snv_mnv,NA,NA,"broad,dkfz,muse,sanger",4,COSN4900246,NA,MLT1H1,FALSE,0.2712,NA,16,43,NA,NA,NA,Intron,FALSE,FALSE,FALSE,FALSE,2,1,1,1_1,1a319682-f55e-4e0b-8476-48a0bea6c265,NA
13,76535413,76535413,1,snv_mnv,NA,NA,"broad,dkfz,muse,sanger",4,COSN16202522,NA,MLT1J2-int,FALSE,0.2,NA,11,44,NA,NA,NA,IGR,FALSE,FALSE,FALSE,FALSE,2,1,1,1_1,1a319682-f55e-4e0b-8476-48a0bea6c265,NA
13,76692842,76692842,1,snv_mnv,NA,NA,"broad,dkfz,muse,sanger",4,COSN16200497,NA,L1PA16,FALSE,0.2456,NA,14,43,NA,NA,NA,IGR,FALSE,FALSE,FALSE,FALSE,2,1,1,1_1,1a319682-f55e-4e0b-8476-48a0bea6c265,NA
13,76850002,76850002,1,snv_mnv,NA,NA,"broad,dkfz,muse,sanger",4,COSN16200738,NA,L1PB1,FALSE,0.25,NA,12,36,NA,NA,NA,IGR,FALSE,FALSE,FALSE,FALSE,2,1,1,1_1,1a319682-f55e-4e0b-8476-48a0bea6c265,NA
13,76909705,76909705,1,snv_mnv,NA,NA,"broad,dkfz,muse,sanger",4,COSN16201239,NA,L4,FALSE,0.25,NA,13,39,NA,NA,NA,IGR,FALSE,FALSE,FALSE,FALSE,2,1,1,1_1,1a319682-f55e-4e0b-8476-48a0bea6c265,NA
13,78494202,78494202,1,snv_mnv,NA,NA,"broad,dkfz,muse,sanger",4,COSN16200253,NA,NA,FALSE,0.2353,NA,8,26,NA,NA,NA,5'Flank,FALSE,FALSE,FALSE,FALSE,2,1,1,1_1,1a319682-f55e-4e0b-8476-48a0bea6c265,EDNRB
13,79598434,79598434,1,snv_mnv,NA,NA,"broad,dkfz,muse,sanger",4,COSN16202336,NA,NA,FALSE,0.2787,NA,17,44,NA,NA,NA,IGR,FALSE,FALSE,FALSE,FALSE,2,1,1,1_1,1a319682-f55e-4e0b-8476-48a0bea6c265,NA
13,81715040,81715040,1,snv_mnv,NA,NA,"broad,dkfz,muse,sanger",4,COSN16200427,NA,PABL_A,FALSE,0.3036,NA,17,39,NA,NA,NA,IGR,FALSE,FALSE,FALSE,FALSE,2,1,1,1_1,1a319682-f55e-4e0b-8476-48a0bea6c265,NA
13,82363248,82363248,1,snv_mnv,NA,NA,"broad,dkfz,muse,sanger",4,COSN16200695,NA,L1MA3,FALSE,0.3333,NA,14,28,NA,NA,NA,IGR,FALSE,FALSE,FALSE,FALSE,2,1,1,1_1,1a319682-f55e-4e0b-8476-48a0bea6c265,NA
13,83443416,83443416,1,snv_mnv,NA,NA,"broad,dkfz,muse,sanger",4,COSN16202346,NA,MER31B,FALSE,0.1905,NA,8,34,NA,NA,NA,IGR,FALSE,FALSE,FALSE,FALSE,2,1,1,1_1,1a319682-f55e-4e0b-8476-48a0bea6c265,NA
13,85435489,85435489,1,snv_mnv,NA,NA,"broad,dkfz,muse,sanger",4,COSN16200249,NA,NA,FALSE,0.22,NA,11,39,NA,NA,NA,IGR,FALSE,FALSE,FALSE,FALSE,2,1,1,1_1,1a319682-f55e-4e0b-8476-48a0bea6c265,NA
13,86302321,86302321,1,snv_mnv,NA,NA,"broad,dkfz,muse,sanger",4,COSN16201097,NA,NA,FALSE,0.2241,NA,13,45,NA,NA,NA,IGR,FALSE,FALSE,FALSE,FALSE,2,1,1,1_1,1a319682-f55e-4e0b-8476-48a0bea6c265,NA
13,87228174,87228174,1,snv_mnv,NA,NA,"broad,dkfz,muse,sanger",4,COSN16202231,NA,NA,FALSE,0.2889,NA,13,32,NA,NA,NA,IGR,FALSE,FALSE,FALSE,FALSE,2,1,1,1_1,1a319682-f55e-4e0b-8476-48a0bea6c265,NA
13,88676542,88676542,1,snv_mnv,NA,NA,"broad,dkfz,muse,sanger",4,COSN16200640,NA,NA,FALSE,0.2571,NA,9,26,NA,NA,NA,IGR,FALSE,FALSE,FALSE,FALSE,2,1,1,1_1,1a319682-f55e-4e0b-8476-48a0bea6c265,NA
13,91788537,91788537,1,snv_mnv,NA,NA,"broad,dkfz,muse,sanger",4,COSN16201159,NA,NA,FALSE,0.2241,NA,13,45,NA,NA,NA,IGR,FALSE,FALSE,FALSE,FALSE,2,1,1,1_1,1a319682-f55e-4e0b-8476-48a0bea6c265,LINC00379
13,92122029,92122029,1,snv_mnv,NA,NA,"broad,dkfz,muse,sanger",4,COSN16202014,NA,AluSx,FALSE,0.2826,NA,13,33,NA,NA,NA,Intron,FALSE,FALSE,FALSE,FALSE,2,1,1,1_1,1a319682-f55e-4e0b-8476-48a0bea6c265,NA
13,93818407,93818407,1,snv_mnv,NA,NA,"broad,dkfz,muse,sanger",4,COSN16201115,NA,NA,FALSE,0.3261,NA,15,31,NA,NA,NA,IGR,FALSE,FALSE,FALSE,FALSE,2,1,1,1_1,1a319682-f55e-4e0b-8476-48a0bea6c265,NA
13,95320235,95320235,1,snv_mnv,NA,NA,"broad,dkfz,muse",3,COSN16201877,NA,MIR3,FALSE,0.2121,NA,14,52,NA,NA,NA,IGR,FALSE,FALSE,FALSE,FALSE,2,1,1,1_1,1a319682-f55e-4e0b-8476-48a0bea6c265,NA
13,95774042,95774042,1,snv_mnv,NA,NA,"muse,sanger",2,COSN4900352,NA,NA,FALSE,0.3333,NA,29,58,NA,NA,NA,Intron,FALSE,FALSE,FALSE,FALSE,2,1,1,1_1,1a319682-f55e-4e0b-8476-48a0bea6c265,NA
13,97230163,97230163,1,snv_mnv,NA,NA,"broad,dkfz,muse,sanger",4,COSN4900376,NA,L1PA7,FALSE,0.2632,NA,15,42,NA,NA,NA,Intron,FALSE,FALSE,FALSE,FALSE,2,1,1,1_1,1a319682-f55e-4e0b-8476-48a0bea6c265,AMMECR1LP1
13,98763436,98763436,1,snv_mnv,NA,NA,"broad,dkfz,muse,sanger",4,COSN16202271,NA,NA,FALSE,0.2128,NA,10,37,NA,NA,NA,IGR,FALSE,FALSE,FALSE,FALSE,2,1,1,1_1,1a319682-f55e-4e0b-8476-48a0bea6c265,NA
13,101548336,101548336,1,snv_mnv,NA,NA,"broad,dkfz,muse,sanger",4,COSN4899681,NA,NA,FALSE,0.2857,NA,12,30,NA,NA,NA,RNA,FALSE,FALSE,FALSE,FALSE,2,1,1,1_1,1a319682-f55e-4e0b-8476-48a0bea6c265,NA
13,101581207,101581207,1,snv_mnv,NA,NA,"broad,dkfz,muse,sanger",4,COSN16201462,NA,NA,FALSE,0.2857,NA,16,40,NA,NA,NA,RNA,FALSE,FALSE,FALSE,FALSE,2,1,1,1_1,1a319682-f55e-4e0b-8476-48a0bea6c265,NA
13,101949863,101949863,1,snv_mnv,NA,NA,"broad,dkfz,muse,sanger",4,COSN16202442,NA,NA,FALSE,0.3158,NA,18,39,NA,NA,NA,Intron,FALSE,FALSE,FALSE,FALSE,2,1,1,1_1,1a319682-f55e-4e0b-8476-48a0bea6c265,NA
13,102600299,102600299,1,snv_mnv,NA,NA,"broad,dkfz,muse,sanger",4,COSN4899703,NA,NA,FALSE,0.2549,NA,13,38,NA,NA,NA,Intron,FALSE,FALSE,FALSE,FALSE,2,1,1,1_1,1a319682-f55e-4e0b-8476-48a0bea6c265,NA
13,102853325,102853325,1,snv_mnv,NA,NA,"broad,dkfz,muse,sanger",4,COSN16201993,NA,AluY,FALSE,0.1509,NA,8,45,NA,NA,NA,Intron,FALSE,FALSE,FALSE,FALSE,2,1,1,1_1,1a319682-f55e-4e0b-8476-48a0bea6c265,NA
13,103902780,103902780,1,snv_mnv,NA,NA,"broad,dkfz,muse,sanger",4,COSN16201619,NA,HUERS-P2-int,FALSE,0.2745,NA,14,37,NA,NA,NA,IGR,FALSE,FALSE,FALSE,FALSE,2,1,1,1_1,1a319682-f55e-4e0b-8476-48a0bea6c265,NA
13,103912946,103912946,1,snv_mnv,0.0021965,rs139623512,"broad,dkfz,muse,sanger",4,COSN16201679,rs139623512,L1MA4A,FALSE,0.2679,NA,15,41,NA,NA,NA,IGR,FALSE,FALSE,FALSE,FALSE,2,1,1,1_1,1a319682-f55e-4e0b-8476-48a0bea6c265,NA
13,103987429,103987429,1,snv_mnv,NA,NA,"broad,dkfz,muse,sanger",4,COSN16201660,NA,NA,FALSE,0.2041,NA,10,39,NA,NA,NA,IGR,FALSE,FALSE,FALSE,FALSE,2,1,1,1_1,1a319682-f55e-4e0b-8476-48a0bea6c265,NA
13,104247855,104247855,1,snv_mnv,NA,NA,"broad,dkfz,muse,sanger",4,COSN16202437,NA,NA,FALSE,0.1538,NA,6,33,NA,NA,NA,IGR,FALSE,FALSE,FALSE,FALSE,2,1,1,1_1,1a319682-f55e-4e0b-8476-48a0bea6c265,NA
13,108324405,108324405,1,snv_mnv,NA,NA,"broad,dkfz,muse,sanger",4,COSN4899731,NA,NA,FALSE,0.2069,NA,6,23,NA,NA,NA,Intron,FALSE,FALSE,FALSE,FALSE,2,1,1,1_1,1a319682-f55e-4e0b-8476-48a0bea6c265,NA
13,108537521,108537521,1,snv_mnv,NA,NA,"broad,dkfz,muse,sanger",4,COSN16201298,NA,NA,FALSE,0.3415,NA,14,27,NA,NA,NA,IGR,FALSE,FALSE,FALSE,FALSE,2,1,1,1_1,1a319682-f55e-4e0b-8476-48a0bea6c265,NA
13,110166749,110166749,1,snv_mnv,NA,NA,"broad,dkfz,muse,sanger",4,COSN16201061,NA,NA,FALSE,0.3404,NA,16,31,NA,NA,NA,IGR,FALSE,FALSE,FALSE,FALSE,2,1,1,1_1,1a319682-f55e-4e0b-8476-48a0bea6c265,NA
13,112083816,112083816,1,snv_mnv,NA,NA,"broad,dkfz,muse,sanger",4,COSN16201240,NA,NA,FALSE,0.2698,NA,17,46,NA,NA,NA,IGR,FALSE,FALSE,FALSE,FALSE,2,1,1,1_1,1a319682-f55e-4e0b-8476-48a0bea6c265,NA
13,112768478,112768478,1,snv_mnv,NA,NA,"broad,dkfz,muse",3,COSN16200597,NA,NA,FALSE,0.375,NA,18,30,NA,NA,NA,IGR,FALSE,FALSE,FALSE,FALSE,2,1,1,1_1,1a319682-f55e-4e0b-8476-48a0bea6c265,NA
13,113423876,113423876,1,snv_mnv,NA,NA,"broad,dkfz,muse,sanger",4,COSN16202550,NA,NA,FALSE,0.2,NA,6,24,NA,NA,NA,Intron,FALSE,FALSE,FALSE,FALSE,2,1,1,1_1,1a319682-f55e-4e0b-8476-48a0bea6c265,NA
14,21159373,21159373,1,snv_mnv,NA,NA,"broad,dkfz,muse,sanger",4,COSN4903193,NA,NA,FALSE,0.2297,NA,17,57,NA,NA,NA,Intron,FALSE,FALSE,FALSE,FALSE,2,1,1,1_1,1a319682-f55e-4e0b-8476-48a0bea6c265,NA
14,22920624,22920624,1,snv_mnv,NA,NA,"broad,dkfz,muse,sanger",4,COSN16201769,NA,NA,FALSE,0.2692,NA,14,38,NA,NA,NA,RNA,FALSE,FALSE,FALSE,FALSE,2,1,1,1_1,1a319682-f55e-4e0b-8476-48a0bea6c265,"TRDD3,TRDJ1,TRDJ4"
14,27402289,27402289,1,snv_mnv,NA,NA,"broad,dkfz,muse,sanger",4,COSN16200548,NA,NA,FALSE,0.3889,NA,21,33,NA,NA,NA,lincRNA,FALSE,FALSE,FALSE,FALSE,2,1,1,1_1,1a319682-f55e-4e0b-8476-48a0bea6c265,NA
14,32347307,32347307,1,snv_mnv,NA,NA,"broad,dkfz,muse,sanger",4,COSN16202084,NA,NA,FALSE,0.2817,NA,20,51,NA,NA,NA,IGR,FALSE,FALSE,FALSE,FALSE,2,1,1,1_1,1a319682-f55e-4e0b-8476-48a0bea6c265,NA
14,38036543,38036543,1,snv_mnv,NA,NA,"broad,dkfz,muse,sanger",4,COSN16201078,NA,NA,FALSE,0.3143,NA,11,24,NA,NA,NA,lincRNA,FALSE,FALSE,FALSE,FALSE,2,1,1,1_1,1a319682-f55e-4e0b-8476-48a0bea6c265,AL121790.2
14,46491163,46491163,1,snv_mnv,NA,NA,"broad,dkfz,muse,sanger",4,COSN16201711,NA,NA,FALSE,0.2857,NA,16,40,NA,NA,NA,IGR,FALSE,FALSE,FALSE,FALSE,2,1,1,1_1,1a319682-f55e-4e0b-8476-48a0bea6c265,NA
14,46564399,46564399,1,snv_mnv,NA,NA,"broad,dkfz,muse,sanger",4,COSN16201453,NA,MER33,FALSE,0.25,NA,10,30,NA,NA,NA,lincRNA,FALSE,FALSE,FALSE,FALSE,2,1,1,1_1,1a319682-f55e-4e0b-8476-48a0bea6c265,NA
14,48122982,48122982,1,snv_mnv,NA,NA,"broad,dkfz,muse,sanger",4,COSN16201498,NA,MLT1D,FALSE,0.2093,NA,9,34,NA,NA,NA,Intron,FALSE,FALSE,FALSE,FALSE,2,1,1,1_1,1a319682-f55e-4e0b-8476-48a0bea6c265,NA
14,48381908,48381908,1,snv_mnv,NA,NA,"dkfz,sanger",2,COSN16644779,NA,NA,FALSE,0.0732,NA,3,38,NA,NA,NA,IGR,FALSE,FALSE,FALSE,FALSE,2,1,1,1_1,1a319682-f55e-4e0b-8476-48a0bea6c265,NA
14,48458379,48458379,1,snv_mnv,NA,NA,"broad,dkfz,muse,sanger",4,COSN16201661,NA,NA,FALSE,0.4082,NA,20,29,NA,NA,NA,IGR,FALSE,FALSE,FALSE,FALSE,2,1,1,1_1,1a319682-f55e-4e0b-8476-48a0bea6c265,NA
14,49430581,49430581,1,snv_mnv,NA,NA,"broad,dkfz,muse,sanger",4,COSN16200449,NA,NA,FALSE,0.3902,NA,16,25,NA,NA,NA,IGR,FALSE,FALSE,FALSE,FALSE,2,1,1,1_1,1a319682-f55e-4e0b-8476-48a0bea6c265,NA
14,50277876,50277876,1,snv_mnv,1.9968e-4,rs527527854,"broad,dkfz,muse,sanger",4,COSN4903490,rs527527854,L1MB7,FALSE,0.3556,NA,16,29,NA,NA,NA,Intron,FALSE,FALSE,FALSE,FALSE,2,1,1,1_1,1a319682-f55e-4e0b-8476-48a0bea6c265,NA
14,52051716,52051716,1,snv_mnv,NA,NA,"broad,dkfz,muse,sanger",4,COSN4903508,NA,MIR,FALSE,0.2955,NA,13,31,NA,NA,NA,Intron,FALSE,FALSE,FALSE,FALSE,2,1,1,1_1,1a319682-f55e-4e0b-8476-48a0bea6c265,NA
14,52325284,52325284,1,snv_mnv,NA,NA,"broad,dkfz,muse,sanger",4,COSN16202155,NA,NA,FALSE,0.2632,NA,20,56,NA,NA,NA,5'Flank,FALSE,FALSE,FALSE,FALSE,2,1,1,1_1,1a319682-f55e-4e0b-8476-48a0bea6c265,GNG2
14,53978872,53978872,1,snv_mnv,NA,NA,"broad,dkfz,muse,sanger",4,COSN4903531,NA,NA,FALSE,0.1667,NA,7,35,NA,NA,NA,IGR,FALSE,FALSE,FALSE,FALSE,2,1,1,1_1,1a319682-f55e-4e0b-8476-48a0bea6c265,NA
14,58235914,58235914,1,snv_mnv,NA,NA,"broad,dkfz,muse,sanger",4,COSN16200616,NA,NA,FALSE,0.2727,NA,15,40,NA,NA,NA,Intron,FALSE,FALSE,FALSE,FALSE,2,1,1,1_1,1a319682-f55e-4e0b-8476-48a0bea6c265,NA
14,62272271,62272271,1,snv_mnv,NA,NA,"broad,dkfz,muse,sanger",4,COSN16202358,NA,MER5A,FALSE,0.3095,NA,13,29,NA,NA,NA,IGR,FALSE,FALSE,FALSE,FALSE,2,1,1,1_1,1a319682-f55e-4e0b-8476-48a0bea6c265,AL137918.1
14,64986528,64986528,1,snv_mnv,NA,NA,"broad,dkfz,muse,sanger",4,COSN4903635,NA,NA,FALSE,0.2222,NA,10,35,NA,NA,NA,Intron,FALSE,FALSE,FALSE,FALSE,2,1,1,1_1,1a319682-f55e-4e0b-8476-48a0bea6c265,NA
14,67083498,67083498,1,snv_mnv,NA,NA,"broad,dkfz,muse,sanger",4,COSN16201468,NA,AluSc,FALSE,0.4359,NA,17,22,NA,NA,NA,Intron,FALSE,FALSE,FALSE,FALSE,2,1,1,1_1,1a319682-f55e-4e0b-8476-48a0bea6c265,NA
14,69939579,69939579,1,snv_mnv,1.9968e-4,rs559182950,"broad,dkfz,muse,sanger",4,COSN16202465,rs559182950,MER1A,FALSE,0.2195,NA,9,32,NA,NA,NA,IGR,FALSE,FALSE,FALSE,FALSE,2,1,1,1_1,1a319682-f55e-4e0b-8476-48a0bea6c265,NA
14,70236598,70236598,1,snv_mnv,NA,NA,"broad,dkfz,muse,sanger",4,COSN16201835,NA,NA,FALSE,0.2373,NA,14,45,NA,NA,NA,Intron,FALSE,FALSE,FALSE,FALSE,2,1,1,1_1,1a319682-f55e-4e0b-8476-48a0bea6c265,SRSF5
14,70769750,70769750,1,snv_mnv,NA,NA,"broad,dkfz,muse,sanger",4,COSN16202573,NA,MER4-int,FALSE,0.2414,NA,14,44,NA,NA,NA,IGR,FALSE,FALSE,FALSE,FALSE,2,1,1,1_1,1a319682-f55e-4e0b-8476-48a0bea6c265,NA
14,71248732,71248732,1,snv_mnv,1.9968e-4,rs183071613,"broad,dkfz,muse,sanger",4,COSN16201079,rs183071613,NA,FALSE,0.25,NA,11,33,NA,NA,NA,Intron,FALSE,FALSE,FALSE,FALSE,2,1,1,1_1,1a319682-f55e-4e0b-8476-48a0bea6c265,NA
14,72408105,72408105,1,snv_mnv,NA,NA,"broad,dkfz,muse,sanger",4,COSN16202359,NA,HERVL-int,FALSE,0.2941,NA,15,36,NA,NA,NA,Intron,FALSE,FALSE,FALSE,FALSE,2,1,1,1_1,1a319682-f55e-4e0b-8476-48a0bea6c265,NA
14,80778821,80778821,1,snv_mnv,NA,NA,"broad,muse",2,COSN16200790,NA,AluSz,FALSE,0.2857,NA,16,40,NA,NA,NA,Intron,FALSE,FALSE,FALSE,FALSE,2,1,1,1_1,1a319682-f55e-4e0b-8476-48a0bea6c265,NA
14,80909407,80909407,1,snv_mnv,NA,NA,"broad,dkfz,muse,sanger",4,COSN16201148,NA,L1MA3,FALSE,0.1724,NA,10,48,NA,NA,NA,RNA,FALSE,FALSE,FALSE,FALSE,2,1,1,1_1,1a319682-f55e-4e0b-8476-48a0bea6c265,NA
14,81441567,81441567,1,snv_mnv,NA,NA,"broad,dkfz,muse,sanger",4,COSN16202265,NA,NA,FALSE,0.2273,NA,15,51,NA,NA,NA,Intron,FALSE,FALSE,FALSE,FALSE,2,1,1,1_1,1a319682-f55e-4e0b-8476-48a0bea6c265,NA
14,82618784,82618784,1,snv_mnv,7.9872e-4,rs145333421,"broad,dkfz,muse,sanger",4,COSN16201241,rs145333421,NA,FALSE,0.2439,NA,10,31,NA,NA,NA,IGR,FALSE,FALSE,FALSE,FALSE,2,1,1,1_1,1a319682-f55e-4e0b-8476-48a0bea6c265,NA
14,83146334,83146334,1,snv_mnv,NA,NA,"broad,dkfz,muse,sanger",4,COSN16200940,NA,AluY,FALSE,0.25,NA,14,42,NA,NA,NA,IGR,FALSE,FALSE,FALSE,FALSE,2,1,1,1_1,1a319682-f55e-4e0b-8476-48a0bea6c265,NA
14,83500385,83500385,1,snv_mnv,NA,NA,"broad,dkfz,muse",3,COSN16200962,NA,(TA)n,FALSE,0.322,NA,19,40,NA,NA,NA,lincRNA,FALSE,FALSE,FALSE,FALSE,2,1,1,1_1,1a319682-f55e-4e0b-8476-48a0bea6c265,NA
14,83618948,83618948,1,snv_mnv,NA,NA,"broad,dkfz,muse,sanger",4,COSN16200408,NA,NA,FALSE,0.28,NA,21,54,NA,NA,NA,IGR,FALSE,FALSE,FALSE,FALSE,2,1,1,1_1,1a319682-f55e-4e0b-8476-48a0bea6c265,NA
14,88128333,88128333,1,snv_mnv,NA,NA,"broad,dkfz,muse,sanger",4,COSN16200984,NA,L1M1,FALSE,0.27,NA,27,73,NA,NA,NA,IGR,FALSE,FALSE,FALSE,FALSE,2,1,1,1_1,1a319682-f55e-4e0b-8476-48a0bea6c265,NA
14,90022967,90022967,1,snv_mnv,NA,NA,"broad,dkfz,muse,sanger",4,COSN16201006,NA,NA,FALSE,0.2273,NA,10,34,NA,NA,NA,Intron,FALSE,FALSE,FALSE,FALSE,2,1,1,1_1,1a319682-f55e-4e0b-8476-48a0bea6c265,NA
14,91356934,91356934,1,snv_mnv,NA,NA,"broad,dkfz,muse,sanger",4,COSM3396200,NA,NA,FALSE,0.2727,NA,18,48,NA,NA,NA,Missense_Mutation,FALSE,FALSE,FALSE,FALSE,2,1,1,1_1,1a319682-f55e-4e0b-8476-48a0bea6c265,NA
14,91381015,91381015,1,snv_mnv,NA,NA,"broad,dkfz,muse,sanger",4,COSN16201982,NA,NA,FALSE,0.2787,NA,17,44,NA,NA,NA,Intron,FALSE,FALSE,FALSE,FALSE,2,1,1,1_1,1a319682-f55e-4e0b-8476-48a0bea6c265,NA
14,91649399,91649399,1,snv_mnv,NA,NA,"broad,dkfz,muse,sanger",4,COSN4903892,NA,AluJb,FALSE,0.1447,NA,11,65,NA,NA,NA,Intron,FALSE,FALSE,FALSE,FALSE,2,1,1,1_1,1a319682-f55e-4e0b-8476-48a0bea6c265,DGLUCY
14,93192932,93192932,1,snv_mnv,NA,NA,"broad,dkfz,muse,sanger",4,COSN16202156,NA,NA,FALSE,0.4286,NA,21,28,NA,NA,NA,Intron,FALSE,FALSE,FALSE,FALSE,2,1,1,1_1,1a319682-f55e-4e0b-8476-48a0bea6c265,NA
14,93472036,93472036,1,snv_mnv,NA,NA,"broad,dkfz,muse,sanger",4,COSN4903914,NA,L1M5,FALSE,0.1772,NA,14,65,NA,NA,NA,Intron,FALSE,FALSE,FALSE,FALSE,2,1,1,1_1,1a319682-f55e-4e0b-8476-48a0bea6c265,NA
14,93986381,93986381,1,snv_mnv,NA,NA,"broad,dkfz,muse,sanger",4,COSN16202029,NA,L1MEc,FALSE,0.3077,NA,20,45,NA,NA,NA,Intron,FALSE,FALSE,FALSE,FALSE,2,1,1,1_1,1a319682-f55e-4e0b-8476-48a0bea6c265,NA
14,96145225,96145225,1,snv_mnv,5.9904e-4,rs559975187,"broad,dkfz,muse,sanger",4,COSN16202314,rs559975187,NA,FALSE,0.2027,NA,15,59,NA,NA,NA,RNA,FALSE,FALSE,FALSE,FALSE,2,1,1,1_1,1a319682-f55e-4e0b-8476-48a0bea6c265,TCL6
14,97125323,97125323,1,snv_mnv,NA,NA,"broad,dkfz,muse,sanger",4,COSN16200517,NA,NA,FALSE,0.1887,NA,10,43,NA,NA,NA,IGR,FALSE,FALSE,FALSE,FALSE,2,1,1,1_1,1a319682-f55e-4e0b-8476-48a0bea6c265,NA
14,97202000,97202000,1,snv_mnv,NA,NA,"broad,dkfz,muse,sanger",4,COSN16202003,NA,NA,FALSE,0.1731,NA,9,43,NA,NA,NA,IGR,FALSE,FALSE,FALSE,FALSE,2,1,1,1_1,1a319682-f55e-4e0b-8476-48a0bea6c265,NA
14,97385296,97385296,1,snv_mnv,NA,NA,"broad,dkfz,muse,sanger",4,COSN16201917,NA,NA,FALSE,0.2537,NA,17,50,NA,NA,NA,IGR,FALSE,FALSE,FALSE,FALSE,2,1,1,1_1,1a319682-f55e-4e0b-8476-48a0bea6c265,NA
14,97815145,97815145,1,snv_mnv,NA,NA,"broad,dkfz,muse,sanger",4,COSN16200563,NA,NA,FALSE,0.1842,NA,14,62,NA,NA,NA,IGR,FALSE,FALSE,FALSE,FALSE,2,1,1,1_1,1a319682-f55e-4e0b-8476-48a0bea6c265,NA
14,100064125,100064125,1,snv_mnv,NA,NA,"broad,dkfz,muse,sanger",4,COSN4903113,NA,NA,FALSE,0.2105,NA,8,30,NA,NA,NA,Intron,FALSE,FALSE,FALSE,FALSE,2,1,1,1_1,1a319682-f55e-4e0b-8476-48a0bea6c265,NA
14,101018364,101018364,1,snv_mnv,NA,NA,"broad,dkfz,muse,sanger",4,COSN16200440,NA,NA,FALSE,0.2955,NA,13,31,NA,NA,NA,Intron,FALSE,FALSE,FALSE,FALSE,2,1,1,1_1,1a319682-f55e-4e0b-8476-48a0bea6c265,BEGAIN
14,103900628,103900628,1,snv_mnv,NA,NA,"broad,dkfz,muse,sanger",4,COSN4903145,NA,NA,FALSE,0.0476,NA,2,40,NA,NA,NA,Intron,FALSE,FALSE,FALSE,FALSE,2,1,1,1_1,1a319682-f55e-4e0b-8476-48a0bea6c265,NA
14,105412574,105412574,1,snv_mnv,NA,NA,"broad,dkfz,muse,sanger",4,COSM4880393,NA,NA,FALSE,0.2381,NA,10,32,NA,NA,NA,Missense_Mutation,FALSE,FALSE,FALSE,FALSE,2,1,1,1_1,1a319682-f55e-4e0b-8476-48a0bea6c265,NA
15,26791060,26791060,1,snv_mnv,NA,NA,"broad,dkfz,muse,sanger",4,COSN4904011,NA,NA,FALSE,0.2333,NA,14,46,NA,NA,NA,3'UTR,FALSE,FALSE,FALSE,FALSE,2,1,1,1_1,1a319682-f55e-4e0b-8476-48a0bea6c265,GABRB3
15,27050208,27050208,1,snv_mnv,NA,NA,"broad,dkfz,muse,sanger",4,COSN16200439,NA,AluJr4,FALSE,0.2703,NA,10,27,NA,NA,NA,Intron,FALSE,FALSE,FALSE,FALSE,2,1,1,1_1,1a319682-f55e-4e0b-8476-48a0bea6c265,NA
15,28004427,28004427,1,snv_mnv,NA,NA,"broad,dkfz,muse,sanger",4,COSN16200537,NA,L1MDa,FALSE,0.2097,NA,13,49,NA,NA,NA,Intron,FALSE,FALSE,FALSE,FALSE,2,1,1,1_1,1a319682-f55e-4e0b-8476-48a0bea6c265,NA
15,28004428,28004428,1,snv_mnv,NA,NA,"broad,dkfz,muse,sanger",4,COSN16200717,NA,L1MDa,FALSE,0.2063,NA,13,50,NA,NA,NA,Intron,FALSE,FALSE,FALSE,FALSE,2,1,1,1_1,1a319682-f55e-4e0b-8476-48a0bea6c265,NA
15,29139707,29139707,1,snv_mnv,NA,NA,"broad,dkfz,muse,sanger",4,COSN16202302,NA,NA,FALSE,0.3421,NA,13,25,NA,NA,NA,Intron,FALSE,FALSE,FALSE,FALSE,2,1,1,1_1,1a319682-f55e-4e0b-8476-48a0bea6c265,NA
15,30105382,30105382,1,snv_mnv,NA,NA,"broad,dkfz,muse,sanger",4,COSN4904066,NA,NA,FALSE,0.2941,NA,20,48,NA,NA,NA,Intron,FALSE,FALSE,FALSE,FALSE,2,1,1,1_1,1a319682-f55e-4e0b-8476-48a0bea6c265,NA
15,33867567,33867567,1,snv_mnv,NA,NA,"broad,dkfz,muse,sanger",4,COSN4904120,NA,L1PA10,FALSE,0.2258,NA,14,48,NA,NA,NA,Intron,FALSE,FALSE,FALSE,FALSE,2,1,1,1_1,1a319682-f55e-4e0b-8476-48a0bea6c265,NA
15,40560877,40560877,1,snv_mnv,NA,NA,"broad,dkfz,muse,sanger",4,COSN16201731,NA,NA,FALSE,0.2083,NA,10,38,NA,NA,NA,Intron,FALSE,FALSE,FALSE,FALSE,2,1,1,1_1,1a319682-f55e-4e0b-8476-48a0bea6c265,"PAK6,BUB1B-PAK6"
15,45867920,45867920,1,snv_mnv,NA,NA,"broad,dkfz,muse,sanger",4,COSN16201790,NA,L1MC1,FALSE,0.2258,NA,14,48,NA,NA,NA,IGR,FALSE,FALSE,FALSE,FALSE,2,1,1,1_1,1a319682-f55e-4e0b-8476-48a0bea6c265,NA
15,46776981,46776981,1,snv_mnv,NA,NA,"broad,dkfz,muse,sanger",4,COSN16201511,NA,NA,FALSE,0.2143,NA,9,33,NA,NA,NA,IGR,FALSE,FALSE,FALSE,FALSE,2,1,1,1_1,1a319682-f55e-4e0b-8476-48a0bea6c265,NA
15,49540177,49540177,1,snv_mnv,NA,NA,"broad,dkfz,muse,sanger",4,COSN16202328,NA,NA,FALSE,0.3095,NA,13,29,NA,NA,NA,Intron,FALSE,FALSE,FALSE,FALSE,2,1,1,1_1,1a319682-f55e-4e0b-8476-48a0bea6c265,NA
15,52962374,52962374,1,snv_mnv,NA,NA,"broad,dkfz,muse,sanger",4,COSN16200641,NA,NA,FALSE,0.1707,NA,7,34,NA,NA,NA,Intron,FALSE,FALSE,FALSE,FALSE,2,1,1,1_1,1a319682-f55e-4e0b-8476-48a0bea6c265,NA
15,53302349,53302349,1,snv_mnv,NA,NA,"broad,dkfz,muse,sanger",4,COSN16201299,NA,L2a,FALSE,0.2419,NA,15,47,NA,NA,NA,IGR,FALSE,FALSE,FALSE,FALSE,2,1,1,1_1,1a319682-f55e-4e0b-8476-48a0bea6c265,NA
15,56124644,56124644,1,snv_mnv,NA,NA,"broad,dkfz,muse,sanger",4,COSN4904324,NA,AluSz,FALSE,0.325,NA,13,27,NA,NA,NA,Intron,FALSE,FALSE,FALSE,FALSE,2,1,1,1_1,1a319682-f55e-4e0b-8476-48a0bea6c265,NA
15,56532197,56532197,1,snv_mnv,NA,NA,"broad,muse",2,COSN16200642,NA,(T)n,FALSE,0.2982,NA,17,40,NA,NA,NA,Intron,FALSE,FALSE,FALSE,FALSE,2,1,1,1_1,1a319682-f55e-4e0b-8476-48a0bea6c265,TEX9
15,58483376,58483376,1,snv_mnv,NA,NA,"broad,dkfz,muse,sanger",4,COSN16202485,NA,NA,FALSE,0.2931,NA,17,41,NA,NA,NA,Intron,FALSE,FALSE,FALSE,FALSE,2,1,1,1_1,1a319682-f55e-4e0b-8476-48a0bea6c265,NA
15,62775632,62775632,1,snv_mnv,NA,NA,"broad,dkfz,muse,sanger",4,COSN16201359,NA,NA,FALSE,0.3617,NA,17,30,NA,NA,NA,IGR,FALSE,FALSE,FALSE,FALSE,2,1,1,1_1,1a319682-f55e-4e0b-8476-48a0bea6c265,NA
15,66245572,66245572,1,snv_mnv,NA,NA,"broad,dkfz,muse,sanger",4,COSN16202044,NA,MIRb,FALSE,0.2167,NA,13,47,NA,NA,NA,Intron,FALSE,FALSE,FALSE,FALSE,2,1,1,1_1,1a319682-f55e-4e0b-8476-48a0bea6c265,NA
15,67809535,67809535,1,snv_mnv,NA,NA,"broad,dkfz,muse,sanger",4,COSN16201943,NA,NA,FALSE,0.1887,NA,10,43,NA,NA,NA,lincRNA,FALSE,FALSE,FALSE,FALSE,2,1,1,1_1,1a319682-f55e-4e0b-8476-48a0bea6c265,"C15orf61,IQCH-AS1"
15,71695562,71695562,1,snv_mnv,NA,NA,"broad,dkfz,muse,sanger",4,COSN16201191,NA,HAL1,FALSE,0.234,NA,22,72,NA,NA,NA,Intron,FALSE,FALSE,FALSE,FALSE,2,1,1,1_1,1a319682-f55e-4e0b-8476-48a0bea6c265,NA
15,78191891,78191891,1,snv_mnv,1.9968e-4,rs533800941,"broad,dkfz,muse,sanger",4,COSN16006848,rs533800941,NA,FALSE,0.2162,NA,8,29,NA,NA,NA,RNA,FALSE,FALSE,FALSE,FALSE,2,1,1,1_1,1a319682-f55e-4e0b-8476-48a0bea6c265,NA
15,78953731,78953731,1,snv_mnv,NA,NA,"broad,dkfz,muse,sanger",4,COSN4904583,NA,NA,FALSE,0.2273,NA,10,34,NA,NA,NA,Intron,FALSE,FALSE,FALSE,FALSE,2,1,1,1_1,1a319682-f55e-4e0b-8476-48a0bea6c265,NA
15,81355824,81355824,1,snv_mnv,NA,NA,"broad,dkfz,muse,sanger",4,COSN16202556,NA,NA,FALSE,0.2432,NA,18,56,NA,NA,NA,IGR,FALSE,FALSE,FALSE,FALSE,2,1,1,1_1,1a319682-f55e-4e0b-8476-48a0bea6c265,NA
15,85383832,85383832,1,snv_mnv,NA,NA,"broad,dkfz,muse,sanger",4,COSM4057504,NA,NA,FALSE,0.186,NA,8,35,NA,NA,NA,Missense_Mutation,FALSE,FALSE,FALSE,FALSE,2,1,1,1_1,1a319682-f55e-4e0b-8476-48a0bea6c265,NA
15,86622656,86622656,1,snv_mnv,NA,NA,"broad,dkfz,muse,sanger",4,COSN16201413,NA,NA,FALSE,0.3226,NA,10,21,NA,NA,NA,lincRNA,FALSE,FALSE,FALSE,FALSE,2,1,1,1_1,1a319682-f55e-4e0b-8476-48a0bea6c265,"AGBL1,LINC01584"
15,88829507,88829507,1,snv_mnv,NA,NA,"broad,dkfz,muse,sanger",4,COSN16202063,NA,NA,FALSE,0.1957,NA,9,37,NA,NA,NA,IGR,FALSE,FALSE,FALSE,FALSE,2,1,1,1_1,1a319682-f55e-4e0b-8476-48a0bea6c265,NA
15,92104252,92104252,1,snv_mnv,NA,NA,"broad,dkfz,muse,sanger",4,COSN16202425,NA,AluSc8,FALSE,0.2083,NA,10,38,NA,NA,NA,IGR,FALSE,FALSE,FALSE,FALSE,2,1,1,1_1,1a319682-f55e-4e0b-8476-48a0bea6c265,NA
15,94780598,94780598,1,snv_mnv,NA,NA,"broad,dkfz,muse,sanger",4,COSN16200474,NA,NA,FALSE,0.28,NA,21,54,NA,NA,NA,Intron,FALSE,FALSE,FALSE,FALSE,2,1,1,1_1,1a319682-f55e-4e0b-8476-48a0bea6c265,NA
15,96723707,96723707,1,snv_mnv,NA,NA,"broad,dkfz,muse,sanger",4,COSN16201903,NA,MamGypLTR1b,FALSE,0.28,NA,14,36,NA,NA,NA,RNA,FALSE,FALSE,FALSE,FALSE,2,1,1,1_1,1a319682-f55e-4e0b-8476-48a0bea6c265,NA
15,96872368,96872368,1,snv_mnv,NA,NA,"broad,dkfz,muse,sanger",4,COSN4904744,NA,NA,FALSE,0.3433,NA,23,44,NA,NA,NA,5'Flank,FALSE,FALSE,FALSE,FALSE,2,1,1,1_1,1a319682-f55e-4e0b-8476-48a0bea6c265,"NR2F2-AS1,MIR1469,NR2F2"
15,97977003,97977003,1,snv_mnv,3.9936e-4,rs563522965,"broad,muse,sanger",3,COSN16202371,rs563522965,L1PA3,FALSE,0.2429,NA,17,53,NA,NA,NA,IGR,FALSE,FALSE,FALSE,FALSE,2,1,1,1_1,1a319682-f55e-4e0b-8476-48a0bea6c265,LINC02253
15,98400360,98400360,1,snv_mnv,NA,NA,"broad,dkfz,muse,sanger",4,COSN4904752,NA,NA,FALSE,0.3582,NA,24,43,NA,NA,NA,Intron,FALSE,FALSE,FALSE,FALSE,2,1,1,1_1,1a319682-f55e-4e0b-8476-48a0bea6c265,NA
15,98721121,98721121,1,snv_mnv,NA,NA,"broad,dkfz,muse",3,COSN16200462,NA,NA,FALSE,0.08,NA,2,23,NA,NA,NA,lincRNA,FALSE,FALSE,FALSE,FALSE,2,1,1,1_1,1a319682-f55e-4e0b-8476-48a0bea6c265,NA
16,174485,174485,1,snv_mnv,NA,NA,"broad,dkfz,muse,sanger",4,COSN16200665,NA,FLAM_C,FALSE,0.3333,NA,9,18,NA,NA,NA,Intron,FALSE,FALSE,FALSE,FALSE,2,1,1,1_1,1a319682-f55e-4e0b-8476-48a0bea6c265,Z69666.1
16,1598138,1598138,1,snv_mnv,NA,NA,"broad,dkfz,muse,sanger",4,COSN4904844,NA,NA,FALSE,0.234,NA,11,36,NA,NA,NA,Intron,FALSE,FALSE,FALSE,FALSE,2,1,1,1_1,1a319682-f55e-4e0b-8476-48a0bea6c265,NA
16,4533093,4533093,1,snv_mnv,NA,NA,"broad,dkfz,muse,sanger",4,COSN16201160,NA,MER21C,FALSE,0.2586,NA,15,43,NA,NA,NA,Intron,FALSE,FALSE,FALSE,FALSE,2,1,1,1_1,1a319682-f55e-4e0b-8476-48a0bea6c265,NA
16,7029698,7029698,1,snv_mnv,NA,NA,"broad,dkfz,muse,sanger",4,COSN4905271,NA,NA,FALSE,0.2817,NA,20,51,NA,NA,NA,Intron,FALSE,FALSE,FALSE,FALSE,2,1,1,1_1,1a319682-f55e-4e0b-8476-48a0bea6c265,NA
16,8325912,8325912,1,snv_mnv,NA,NA,"broad,dkfz,muse,sanger",4,COSN16200762,NA,THE1D,FALSE,0.2642,NA,14,39,NA,NA,NA,lincRNA,FALSE,FALSE,FALSE,FALSE,2,1,1,1_1,1a319682-f55e-4e0b-8476-48a0bea6c265,AC018767.2
16,8432998,8432998,1,snv_mnv,NA,NA,"broad,dkfz,muse,sanger",4,COSN16201350,NA,NA,FALSE,0.2105,NA,12,45,NA,NA,NA,IGR,FALSE,FALSE,FALSE,FALSE,2,1,1,1_1,1a319682-f55e-4e0b-8476-48a0bea6c265,NA
16,9817882,9817882,1,snv_mnv,NA,NA,"broad,muse,sanger",3,COSN16201543,NA,L1PA5,FALSE,0.3,NA,6,14,NA,NA,NA,IGR,FALSE,FALSE,FALSE,FALSE,2,1,1,1_1,1a319682-f55e-4e0b-8476-48a0bea6c265,NA
16,10096840,10096840,1,snv_mnv,NA,NA,"broad,dkfz,muse,sanger",4,COSN4904768,NA,NA,FALSE,0.0667,NA,3,42,NA,NA,NA,Intron,FALSE,FALSE,FALSE,FALSE,2,1,1,1_1,1a319682-f55e-4e0b-8476-48a0bea6c265,NA
16,13508860,13508860,1,snv_mnv,NA,NA,"broad,dkfz,muse,sanger",4,COSN16202303,NA,MER57B1,FALSE,0.1852,NA,10,44,NA,NA,NA,lincRNA,FALSE,FALSE,FALSE,FALSE,2,1,1,1_1,1a319682-f55e-4e0b-8476-48a0bea6c265,NA
16,13542257,13542257,1,snv_mnv,1.9968e-4,rs550128149,"broad,dkfz,muse,sanger",4,COSN16202323,rs550128149,NA,FALSE,0.2459,NA,15,46,NA,NA,NA,lincRNA,FALSE,FALSE,FALSE,FALSE,2,1,1,1_1,1a319682-f55e-4e0b-8476-48a0bea6c265,NA
16,13764909,13764909,1,snv_mnv,NA,NA,"broad,dkfz,muse,sanger",4,COSN16202426,NA,MLT1E1A,FALSE,0.1389,NA,5,31,NA,NA,NA,IGR,FALSE,FALSE,FALSE,FALSE,2,1,1,1_1,1a319682-f55e-4e0b-8476-48a0bea6c265,NA
16,18094269,18094269,1,snv_mnv,NA,NA,"broad,dkfz,muse,sanger",4,COSN16200685,NA,AluY,FALSE,0.2766,NA,13,34,NA,NA,NA,lincRNA,FALSE,FALSE,FALSE,FALSE,2,1,1,1_1,1a319682-f55e-4e0b-8476-48a0bea6c265,AC091489.1
16,18253740,18253740,1,snv_mnv,NA,NA,"broad,muse,sanger",3,COSN16200250,NA,L1MEe,FALSE,0.24,NA,12,38,NA,NA,NA,lincRNA,FALSE,FALSE,FALSE,FALSE,2,1,1,1_1,1a319682-f55e-4e0b-8476-48a0bea6c265,NA
16,19273974,19273974,1,snv_mnv,1.9968e-4,rs543892460,"broad,dkfz,muse,sanger",4,COSN4904868,rs543892460,MER77,FALSE,0.24,NA,12,38,NA,NA,NA,Intron,FALSE,FALSE,FALSE,FALSE,2,1,1,1_1,1a319682-f55e-4e0b-8476-48a0bea6c265,NA
16,19643127,19643127,1,snv_mnv,NA,NA,"broad,dkfz,muse,sanger",4,COSN4904875,NA,AluJo,FALSE,0.2676,NA,19,52,NA,NA,NA,Intron,FALSE,FALSE,FALSE,FALSE,2,1,1,1_1,1a319682-f55e-4e0b-8476-48a0bea6c265,NA
16,22284754,22284754,1,snv_mnv,NA,NA,"broad,dkfz,muse,sanger",4,COSN4904914,NA,MER66B,FALSE,0.3191,NA,15,32,NA,NA,NA,Intron,FALSE,FALSE,FALSE,FALSE,2,1,1,1_1,1a319682-f55e-4e0b-8476-48a0bea6c265,NA
16,24872336,24872336,1,snv_mnv,NA,NA,"broad,dkfz,muse,sanger",4,COSN4904965,NA,L1MC4a,FALSE,0.2,NA,8,32,NA,NA,NA,Intron,FALSE,FALSE,FALSE,FALSE,2,1,1,1_1,1a319682-f55e-4e0b-8476-48a0bea6c265,NA
16,27564655,27564655,1,snv_mnv,NA,NA,"broad,dkfz,muse,sanger",4,COSN16201344,NA,Charlie1a,FALSE,0.36,NA,18,32,NA,NA,NA,Intron,FALSE,FALSE,FALSE,FALSE,2,1,1,1_1,1a319682-f55e-4e0b-8476-48a0bea6c265,GTF3C1
16,34314266,34314266,1,snv_mnv,NA,NA,"broad,muse,sanger",3,COSN16201273,NA,L1PA3,FALSE,0.3137,NA,16,35,NA,NA,NA,IGR,FALSE,FALSE,FALSE,FALSE,2,1,1,1_1,1a319682-f55e-4e0b-8476-48a0bea6c265,NA
16,35133844,35133844,1,snv_mnv,NA,NA,"broad,dkfz,muse,sanger",4,COSN16200974,NA,HERVS71-int,FALSE,0.2128,NA,10,37,NA,NA,NA,RNA,FALSE,FALSE,FALSE,FALSE,2,1,1,1_1,1a319682-f55e-4e0b-8476-48a0bea6c265,AC116553.2
16,47175467,47175467,1,snv_mnv,NA,NA,"broad,dkfz,muse,sanger",4,COSN16200997,NA,NA,FALSE,0.3478,NA,24,45,NA,NA,NA,Intron,FALSE,FALSE,FALSE,FALSE,2,1,1,1_1,1a319682-f55e-4e0b-8476-48a0bea6c265,ITFG1-AS1
16,49179773,49179773,1,snv_mnv,NA,NA,"broad,dkfz,muse,sanger",4,COSN16200409,NA,L2,FALSE,0.3333,NA,16,32,NA,NA,NA,IGR,FALSE,FALSE,FALSE,FALSE,2,1,1,1_1,1a319682-f55e-4e0b-8476-48a0bea6c265,NA
16,55939632,55939632,1,snv_mnv,NA,NA,"broad,dkfz,muse,sanger",4,COSN4905133,NA,NA,FALSE,0.2045,NA,9,35,NA,NA,NA,Intron,FALSE,FALSE,FALSE,FALSE,2,1,1,1_1,1a319682-f55e-4e0b-8476-48a0bea6c265,NA
16,56897009,56897009,1,snv_mnv,NA,NA,"broad,dkfz,muse,sanger",4,COSN16201862,NA,LTR16A,FALSE,0.2857,NA,14,35,NA,NA,NA,5'Flank,FALSE,FALSE,FALSE,FALSE,2,1,1,1_1,1a319682-f55e-4e0b-8476-48a0bea6c265,"MIR138-2,SLC12A3"
16,59777096,59777096,1,snv_mnv,NA,NA,"broad,dkfz,muse,sanger",4,COSN16200584,NA,NA,FALSE,0.2909,NA,16,39,NA,NA,NA,Intron,FALSE,FALSE,FALSE,FALSE,2,1,1,1_1,1a319682-f55e-4e0b-8476-48a0bea6c265,NA
16,60429526,60429526,1,snv_mnv,NA,NA,"broad,dkfz,muse,sanger",4,COSN16200251,NA,NA,FALSE,0.2857,NA,12,30,NA,NA,NA,IGR,FALSE,FALSE,FALSE,FALSE,2,1,1,1_1,1a319682-f55e-4e0b-8476-48a0bea6c265,NA
16,63670405,63670405,1,snv_mnv,NA,NA,"broad,dkfz,muse,sanger",4,COSN16200565,NA,L1MD1,FALSE,0.3818,NA,21,34,NA,NA,NA,IGR,FALSE,FALSE,FALSE,FALSE,2,1,1,1_1,1a319682-f55e-4e0b-8476-48a0bea6c265,NA
16,65335070,65335070,1,snv_mnv,NA,NA,"broad,dkfz,muse,sanger",4,COSN16201567,NA,L1MCa,FALSE,0.3333,NA,19,38,NA,NA,NA,lincRNA,FALSE,FALSE,FALSE,FALSE,2,1,1,1_1,1a319682-f55e-4e0b-8476-48a0bea6c265,NA
16,73501333,73501333,1,snv_mnv,NA,NA,"broad,dkfz,muse,sanger",4,COSN16200724,NA,NA,FALSE,0.3182,NA,21,45,NA,NA,NA,IGR,FALSE,FALSE,FALSE,FALSE,2,1,1,1_1,1a319682-f55e-4e0b-8476-48a0bea6c265,NA
16,76760504,76760504,1,snv_mnv,NA,NA,"broad,dkfz,muse,sanger",4,COSN16201007,NA,NA,FALSE,0.1803,NA,11,50,NA,NA,NA,IGR,FALSE,FALSE,FALSE,FALSE,2,1,1,1_1,1a319682-f55e-4e0b-8476-48a0bea6c265,NA
16,77085799,77085799,1,snv_mnv,0.0011981,rs28587604,"broad,dkfz,muse,sanger",4,COSN16200880,rs28587604,NA,FALSE,0.2264,NA,12,41,NA,NA,NA,IGR,FALSE,FALSE,FALSE,FALSE,2,1,1,1_1,1a319682-f55e-4e0b-8476-48a0bea6c265,NA
16,78345413,78345413,1,snv_mnv,NA,NA,"broad,dkfz,muse,sanger",4,COSN16200295,NA,NA,FALSE,0.197,NA,13,53,NA,NA,NA,Intron,FALSE,FALSE,FALSE,FALSE,2,1,1,1_1,1a319682-f55e-4e0b-8476-48a0bea6c265,NA
16,83783284,83783284,1,snv_mnv,NA,NA,"broad,dkfz,muse,sanger",4,COSN4905412,NA,L2b,FALSE,0.1778,NA,8,37,NA,NA,NA,Intron,FALSE,FALSE,FALSE,FALSE,2,1,1,1_1,1a319682-f55e-4e0b-8476-48a0bea6c265,NA
16,86365070,86365070,1,snv_mnv,NA,NA,"broad,dkfz,muse,sanger",4,COSN16200643,NA,NA,FALSE,0.2059,NA,7,27,NA,NA,NA,lincRNA,FALSE,FALSE,FALSE,FALSE,2,1,1,1_1,1a319682-f55e-4e0b-8476-48a0bea6c265,LINC00917
16,86382787,86382787,1,snv_mnv,NA,NA,"broad,dkfz,muse,sanger",4,COSN16200529,NA,NA,FALSE,0.2273,NA,10,34,NA,NA,NA,lincRNA,FALSE,FALSE,FALSE,FALSE,2,1,1,1_1,1a319682-f55e-4e0b-8476-48a0bea6c265,LINC00917
16,88244818,88244818,1,snv_mnv,NA,NA,"broad,muse,sanger",3,COSN16200803,NA,L1MC4a,FALSE,0.2687,NA,18,49,NA,NA,NA,IGR,FALSE,FALSE,FALSE,FALSE,2,1,1,1_1,1a319682-f55e-4e0b-8476-48a0bea6c265,NA
16,89220448,89220448,1,snv_mnv,NA,NA,"broad,dkfz,muse,sanger",4,COSN4905441,NA,NA,FALSE,0.2571,NA,9,26,NA,NA,NA,Intron,FALSE,FALSE,FALSE,FALSE,2,1,1,1_1,1a319682-f55e-4e0b-8476-48a0bea6c265,ACSF3
17,783031,783031,1,snv_mnv,NA,NA,"broad,dkfz,muse,sanger",4,COSN16201926,NA,NA,FALSE,0.0882,NA,3,31,NA,NA,NA,Intron,FALSE,FALSE,FALSE,FALSE,2,1,1,1_1,1a319682-f55e-4e0b-8476-48a0bea6c265,NA
17,998335,998335,1,snv_mnv,NA,NA,"broad,dkfz,muse,sanger",4,COSN16201022,NA,NA,FALSE,0.1765,NA,9,42,NA,NA,NA,Intron,FALSE,FALSE,FALSE,FALSE,2,1,1,1_1,1a319682-f55e-4e0b-8476-48a0bea6c265,ABR
17,6733931,6733931,1,snv_mnv,NA,NA,"broad,dkfz,muse,sanger",4,COSN16201440,NA,L1ME3A,FALSE,0.1739,NA,8,38,NA,NA,NA,Intron,FALSE,FALSE,FALSE,FALSE,2,1,1,1_1,1a319682-f55e-4e0b-8476-48a0bea6c265,NA
17,6912503,6912503,1,snv_mnv,NA,NA,"broad,muse,sanger",3,COSN4906143,NA,AluY,FALSE,0.0851,NA,4,43,NA,NA,NA,Intron,FALSE,FALSE,FALSE,FALSE,2,1,1,1_1,1a319682-f55e-4e0b-8476-48a0bea6c265,"RNASEK,RNASEK-C17orf49,ALOX12"
17,7805075,7805075,1,snv_mnv,NA,NA,"broad,dkfz,muse,sanger",4,COSN4906225,rs757490956,AluSq,FALSE,0.2162,NA,8,29,NA,NA,NA,Intron,FALSE,FALSE,FALSE,FALSE,2,1,1,1_1,1a319682-f55e-4e0b-8476-48a0bea6c265,"CHD3,SCARNA21"
17,10529601,10529601,1,snv_mnv,NA,NA,"broad,dkfz,muse,sanger",4,COSN16201171,NA,NA,FALSE,0.225,NA,9,31,NA,NA,NA,IGR,FALSE,FALSE,FALSE,FALSE,2,1,1,1_1,1a319682-f55e-4e0b-8476-48a0bea6c265,"AC005323.1,MYHAS,MYH3"
17,11130561,11130561,1,snv_mnv,NA,NA,"broad,dkfz,muse,sanger",4,COSN16200985,NA,NA,FALSE,0.2326,NA,10,33,NA,NA,NA,IGR,FALSE,FALSE,FALSE,FALSE,2,1,1,1_1,1a319682-f55e-4e0b-8476-48a0bea6c265,NA
17,13034921,13034921,1,snv_mnv,NA,NA,"broad,dkfz,muse,sanger",4,COSN16202085,NA,MLT1E2,FALSE,0.2241,NA,13,45,NA,NA,NA,IGR,FALSE,FALSE,FALSE,FALSE,2,1,1,1_1,1a319682-f55e-4e0b-8476-48a0bea6c265,NA
17,13717506,13717506,1,snv_mnv,NA,NA,"broad,dkfz,muse,sanger",4,COSN16200566,NA,L1MA7,FALSE,0.2391,NA,11,35,NA,NA,NA,RNA,FALSE,FALSE,FALSE,FALSE,2,1,1,1_1,1a319682-f55e-4e0b-8476-48a0bea6c265,NA
17,21305691,21305691,1,snv_mnv,NA,NA,"broad,muse,sanger",3,COSN4905587,NA,NA,FALSE,0.1327,NA,13,85,NA,NA,NA,Intron,FALSE,FALSE,FALSE,FALSE,2,1,1,1_1,1a319682-f55e-4e0b-8476-48a0bea6c265,KCNJ12
17,25493308,25493308,1,snv_mnv,NA,NA,"broad,muse",2,COSN16200892,rs751840669,ALR/Alpha,FALSE,0.2,NA,11,44,NA,NA,NA,IGR,FALSE,FALSE,FALSE,FALSE,2,1,1,1_1,1a319682-f55e-4e0b-8476-48a0bea6c265,NA
17,25610395,25610395,1,snv_mnv,NA,NA,"broad,dkfz,muse,sanger",4,COSN16201242,NA,L2c,FALSE,0.3256,NA,14,29,NA,NA,NA,IGR,FALSE,FALSE,FALSE,FALSE,2,1,1,1_1,1a319682-f55e-4e0b-8476-48a0bea6c265,"AC026254.1,RPS16P8"
17,29279769,29279769,1,snv_mnv,NA,NA,"broad,dkfz,muse,sanger",4,COSN16200935,NA,NA,FALSE,0.2586,NA,15,43,NA,NA,NA,Intron,FALSE,FALSE,FALSE,FALSE,2,1,1,1_1,1a319682-f55e-4e0b-8476-48a0bea6c265,"AC138207.1,ADAP2"
17,29487259,29487259,1,snv_mnv,NA,NA,"broad,dkfz,muse,sanger",4,COSN16200860,NA,AluSz,FALSE,0.2545,NA,14,41,NA,NA,NA,Intron,FALSE,FALSE,FALSE,FALSE,2,1,1,1_1,1a319682-f55e-4e0b-8476-48a0bea6c265,NA
17,32344252,32344252,1,snv_mnv,NA,NA,"broad,dkfz,muse,sanger",4,COSN4905711,NA,Tigger1,FALSE,0.202,NA,20,79,NA,NA,NA,Intron,FALSE,FALSE,FALSE,FALSE,2,1,1,1_1,1a319682-f55e-4e0b-8476-48a0bea6c265,NA
17,39248155,39248155,1,snv_mnv,NA,NA,"broad,muse,sanger",3,COSN4905811,NA,MER4-int,FALSE,0.2075,NA,11,42,NA,NA,NA,IGR,FALSE,FALSE,FALSE,FALSE,2,1,1,1_1,1a319682-f55e-4e0b-8476-48a0bea6c265,NA
17,39854226,39854226,1,snv_mnv,NA,NA,"broad,dkfz,muse,sanger",4,COSN4905817,NA,Charlie21a,FALSE,0.2333,NA,14,46,NA,NA,NA,Intron,FALSE,FALSE,FALSE,FALSE,2,1,1,1_1,1a319682-f55e-4e0b-8476-48a0bea6c265,NA
17,40643338,40643338,1,snv_mnv,NA,NA,"broad,dkfz,muse,sanger",4,COSN16202124,NA,AluY,FALSE,0.2308,NA,9,30,NA,NA,NA,Intron,FALSE,FALSE,FALSE,FALSE,2,1,1,1_1,1a319682-f55e-4e0b-8476-48a0bea6c265,ATP6V0A1
17,41023460,41023460,1,snv_mnv,NA,NA,"broad,dkfz,muse,sanger",4,COSN16201918,NA,NA,FALSE,0.3043,NA,14,32,NA,NA,NA,RNA,FALSE,FALSE,FALSE,FALSE,2,1,1,1_1,1a319682-f55e-4e0b-8476-48a0bea6c265,"LINC00671,AOC4P"
17,46845770,46845770,1,snv_mnv,NA,NA,"broad,dkfz,muse,sanger",4,COSN4905896,NA,AluSc8,FALSE,0.1923,NA,10,42,NA,NA,NA,Intron,FALSE,FALSE,FALSE,FALSE,2,1,1,1_1,1a319682-f55e-4e0b-8476-48a0bea6c265,RN7SL125P
17,50280222,50280222,1,snv_mnv,NA,NA,"broad,dkfz,muse,sanger",4,COSN16201791,NA,NA,FALSE,0.2692,NA,7,19,NA,NA,NA,IGR,FALSE,FALSE,FALSE,FALSE,2,1,1,1_1,1a319682-f55e-4e0b-8476-48a0bea6c265,NA
17,54138764,54138764,1,snv_mnv,NA,NA,"broad,dkfz,muse,sanger",4,COSN16201878,NA,AluSq2,FALSE,0.2857,NA,14,35,NA,NA,NA,IGR,FALSE,FALSE,FALSE,FALSE,2,1,1,1_1,1a319682-f55e-4e0b-8476-48a0bea6c265,NA
17,55306723,55306723,1,snv_mnv,NA,NA,"broad,dkfz,muse,sanger",4,COSN16202438,NA,AluSq2,FALSE,0.3889,NA,14,22,NA,NA,NA,IGR,FALSE,FALSE,FALSE,FALSE,2,1,1,1_1,1a319682-f55e-4e0b-8476-48a0bea6c265,NA
17,59088407,59088407,1,snv_mnv,NA,NA,"broad,dkfz,muse,sanger",4,COSN16201718,NA,NA,FALSE,0.3226,NA,10,21,NA,NA,NA,Intron,FALSE,FALSE,FALSE,FALSE,2,1,1,1_1,1a319682-f55e-4e0b-8476-48a0bea6c265,NA
17,68767925,68767925,1,snv_mnv,NA,NA,"broad,dkfz,muse,sanger",4,COSN16200740,NA,NA,FALSE,0.3016,NA,19,44,NA,NA,NA,IGR,FALSE,FALSE,FALSE,FALSE,2,1,1,1_1,1a319682-f55e-4e0b-8476-48a0bea6c265,NA
17,71520822,71520822,1,snv_mnv,1.9968e-4,rs568614547,"broad,dkfz,muse,sanger",4,COSN4906169,rs568614547,MIRb,FALSE,0.381,NA,16,26,NA,NA,NA,Intron,FALSE,FALSE,FALSE,FALSE,2,1,1,1_1,1a319682-f55e-4e0b-8476-48a0bea6c265,AC124804.1
17,71816006,71816006,1,snv_mnv,NA,NA,"broad,dkfz,muse,sanger",4,COSN16202223,NA,MER52A,FALSE,0.3125,NA,10,22,NA,NA,NA,lincRNA,FALSE,FALSE,FALSE,FALSE,2,1,1,1_1,1a319682-f55e-4e0b-8476-48a0bea6c265,NA
17,71865031,71865031,1,snv_mnv,NA,NA,"broad,dkfz,muse,sanger",4,COSN16200543,NA,NA,FALSE,0.2812,NA,9,23,NA,NA,NA,IGR,FALSE,FALSE,FALSE,FALSE,2,1,1,1_1,1a319682-f55e-4e0b-8476-48a0bea6c265,NA
17,74130776,74130776,1,snv_mnv,NA,NA,"broad,dkfz,muse,sanger",4,COSN16200360,NA,AluSx1,FALSE,0.2,NA,8,32,NA,NA,NA,IGR,FALSE,FALSE,FALSE,FALSE,2,1,1,1_1,1a319682-f55e-4e0b-8476-48a0bea6c265,FOXJ1
17,75254263,75254263,1,snv_mnv,1.9968e-4,rs560371446,"broad,dkfz,muse,sanger",4,COSN16200804,rs560371446,NA,FALSE,0.2609,NA,12,34,NA,NA,NA,lincRNA,FALSE,FALSE,FALSE,FALSE,2,1,1,1_1,1a319682-f55e-4e0b-8476-48a0bea6c265,NA
17,77161505,77161505,1,snv_mnv,NA,NA,"broad,dkfz,muse,sanger",4,COSN16202232,NA,NA,FALSE,0.2,NA,7,28,NA,NA,NA,Intron,FALSE,FALSE,FALSE,FALSE,2,1,1,1_1,1a319682-f55e-4e0b-8476-48a0bea6c265,NA
17,78469054,78469054,1,snv_mnv,NA,NA,"broad,dkfz,muse,sanger",4,COSN16202372,NA,NA,FALSE,0.3269,NA,17,35,NA,NA,NA,IGR,FALSE,FALSE,FALSE,FALSE,2,1,1,1_1,1a319682-f55e-4e0b-8476-48a0bea6c265,NA
17,79782173,79782173,1,snv_mnv,NA,NA,"broad,dkfz,muse,sanger",4,COSM4880399,NA,NA,FALSE,0.3143,NA,11,24,NA,NA,NA,Missense_Mutation,FALSE,FALSE,FALSE,FALSE,2,1,1,1_1,1a319682-f55e-4e0b-8476-48a0bea6c265,MCRIP1
18,1080660,1080660,1,snv_mnv,NA,NA,"broad,dkfz,muse,sanger",4,COSN16201892,NA,NA,FALSE,0.3529,NA,18,33,NA,NA,NA,lincRNA,FALSE,FALSE,FALSE,FALSE,2,1,1,1_1,1a319682-f55e-4e0b-8476-48a0bea6c265,NA
18,1419529,1419529,1,snv_mnv,NA,NA,"broad,dkfz,muse,sanger",4,COSN16201944,NA,NA,FALSE,0.2558,NA,11,32,NA,NA,NA,IGR,FALSE,FALSE,FALSE,FALSE,2,1,1,1_1,1a319682-f55e-4e0b-8476-48a0bea6c265,NA
18,1529381,1529381,1,snv_mnv,NA,NA,"broad,dkfz,muse,sanger",4,COSN16202019,NA,L2a,FALSE,0.2923,NA,19,46,NA,NA,NA,lincRNA,FALSE,FALSE,FALSE,FALSE,2,1,1,1_1,1a319682-f55e-4e0b-8476-48a0bea6c265,NA
18,1571467,1571467,1,snv_mnv,1.9968e-4,rs149703557,"broad,dkfz,muse,sanger",4,COSN16201172,rs149703557,L2a,FALSE,0.3,NA,15,35,NA,NA,NA,lincRNA,FALSE,FALSE,FALSE,FALSE,2,1,1,1_1,1a319682-f55e-4e0b-8476-48a0bea6c265,NA
18,2483886,2483886,1,snv_mnv,NA,NA,"broad,dkfz,muse,sanger",4,COSN16201023,NA,NA,FALSE,0.2533,NA,19,56,NA,NA,NA,IGR,FALSE,FALSE,FALSE,FALSE,2,1,1,1_1,1a319682-f55e-4e0b-8476-48a0bea6c265,NA
18,4717742,4717742,1,snv_mnv,NA,NA,"broad,dkfz,muse,sanger",4,COSN16200986,NA,L1M1,FALSE,0.2105,NA,8,30,NA,NA,NA,IGR,FALSE,FALSE,FALSE,FALSE,2,1,1,1_1,1a319682-f55e-4e0b-8476-48a0bea6c265,NA
18,6315732,6315732,1,snv_mnv,NA,NA,"broad,dkfz,muse,sanger",4,COSN4906736,NA,NA,FALSE,0.1842,NA,7,31,NA,NA,NA,Intron,FALSE,FALSE,FALSE,FALSE,2,1,1,1_1,1a319682-f55e-4e0b-8476-48a0bea6c265,NA
18,9133262,9133262,1,snv_mnv,NA,NA,"broad,dkfz,muse,sanger",4,COSN4906853,NA,NA,FALSE,0.2381,NA,10,32,NA,NA,NA,Intron,FALSE,FALSE,FALSE,FALSE,2,1,1,1_1,1a319682-f55e-4e0b-8476-48a0bea6c265,"ANKRD12,NDUFV2-AS1"
18,10999906,10999906,1,snv_mnv,NA,NA,"broad,dkfz,muse,sanger",4,COSN16200294,rs552857000,NA,FALSE,0.2245,NA,11,38,NA,NA,NA,Intron,FALSE,FALSE,FALSE,FALSE,2,1,1,1_1,1a319682-f55e-4e0b-8476-48a0bea6c265,NA
18,11226423,11226423,1,snv_mnv,NA,NA,"broad,dkfz,muse,sanger",4,COSN16202246,NA,L1MA9,FALSE,0.35,NA,14,26,NA,NA,NA,IGR,FALSE,FALSE,FALSE,FALSE,2,1,1,1_1,1a319682-f55e-4e0b-8476-48a0bea6c265,NA
18,11254625,11254625,1,snv_mnv,NA,NA,"broad,dkfz,muse,sanger",4,COSN16201972,NA,NA,FALSE,0.3012,NA,25,58,NA,NA,NA,IGR,FALSE,FALSE,FALSE,FALSE,2,1,1,1_1,1a319682-f55e-4e0b-8476-48a0bea6c265,NA
18,12669202,12669202,1,snv_mnv,NA,NA,"broad,dkfz,muse,sanger",4,COSN16202064,NA,AluSp,FALSE,0.2703,NA,10,27,NA,NA,NA,Intron,FALSE,FALSE,FALSE,FALSE,2,1,1,1_1,1a319682-f55e-4e0b-8476-48a0bea6c265,"CEP76,AP005482.3"
18,12895541,12895541,1,snv_mnv,NA,NA,"broad,dkfz,muse,sanger",4,COSN16202373,NA,AluJb,FALSE,0.3261,NA,15,31,NA,NA,NA,IGR,FALSE,FALSE,FALSE,FALSE,2,1,1,1_1,1a319682-f55e-4e0b-8476-48a0bea6c265,NA
18,18842878,18842878,1,snv_mnv,NA,NA,"broad,dkfz,muse,sanger",4,COSN16200996,NA,NA,FALSE,0.2769,NA,18,47,NA,NA,NA,Intron,FALSE,FALSE,FALSE,FALSE,2,1,1,1_1,1a319682-f55e-4e0b-8476-48a0bea6c265,NA
18,22016316,22016316,1,snv_mnv,NA,NA,"broad,dkfz,muse,sanger",4,COSN4906373,NA,AluJr,FALSE,0.3231,NA,21,44,NA,NA,NA,Intron,FALSE,FALSE,FALSE,FALSE,2,1,1,1_1,1a319682-f55e-4e0b-8476-48a0bea6c265,NA
18,24607892,24607892,1,snv_mnv,NA,NA,"broad,dkfz,muse,sanger",4,COSN16201544,NA,AluSg,FALSE,0.1622,NA,12,62,NA,NA,NA,Intron,FALSE,FALSE,FALSE,FALSE,2,1,1,1_1,1a319682-f55e-4e0b-8476-48a0bea6c265,NA
18,25751056,25751056,1,snv_mnv,NA,NA,"broad,dkfz,muse,sanger",4,COSN4906402,NA,AluSx,FALSE,0.2941,NA,10,24,NA,NA,NA,Intron,FALSE,FALSE,FALSE,FALSE,2,1,1,1_1,1a319682-f55e-4e0b-8476-48a0bea6c265,NA
18,26229238,26229238,1,snv_mnv,NA,NA,"broad,dkfz,muse,sanger",4,COSN16201185,NA,NA,FALSE,0.2462,NA,16,49,NA,NA,NA,IGR,FALSE,FALSE,FALSE,FALSE,2,1,1,1_1,1a319682-f55e-4e0b-8476-48a0bea6c265,ARIH2P1
18,27725221,27725221,1,snv_mnv,NA,NA,"broad,dkfz,muse,sanger",4,COSN16201817,NA,MER48,FALSE,0.3396,NA,18,35,NA,NA,NA,IGR,FALSE,FALSE,FALSE,FALSE,2,1,1,1_1,1a319682-f55e-4e0b-8476-48a0bea6c265,NA
18,28338212,28338212,1,snv_mnv,NA,NA,"broad,muse",2,COSN16202397,NA,(TA)n,FALSE,0.2188,NA,7,25,NA,NA,NA,IGR,FALSE,FALSE,FALSE,FALSE,2,1,1,1_1,1a319682-f55e-4e0b-8476-48a0bea6c265,NA
18,30670088,30670088,1,snv_mnv,NA,NA,"broad,dkfz,muse,sanger",4,COSN16201286,NA,NA,FALSE,0.2941,NA,15,36,NA,NA,NA,Intron,FALSE,FALSE,FALSE,FALSE,2,1,1,1_1,1a319682-f55e-4e0b-8476-48a0bea6c265,NA
18,33165088,33165088,1,snv_mnv,NA,NA,"broad,dkfz,muse,sanger",4,COSN16202110,NA,NA,FALSE,0.2963,NA,16,38,NA,NA,NA,Intron,FALSE,FALSE,FALSE,FALSE,2,1,1,1_1,1a319682-f55e-4e0b-8476-48a0bea6c265,NA
18,33765057,33765057,1,snv_mnv,NA,NA,"broad,dkfz,muse,sanger",4,COSN16200499,NA,NA,FALSE,0.2708,NA,13,35,NA,NA,NA,5'Flank,FALSE,FALSE,FALSE,FALSE,2,1,1,1_1,1a319682-f55e-4e0b-8476-48a0bea6c265,"AC023043.4,MOCOS,ELP2"
18,35791710,35791710,1,snv_mnv,NA,NA,"broad,dkfz,muse,sanger",4,COSN16200842,NA,L1MEf,FALSE,0.2453,NA,13,40,NA,NA,NA,IGR,FALSE,FALSE,FALSE,FALSE,2,1,1,1_1,1a319682-f55e-4e0b-8476-48a0bea6c265,NA
18,38891611,38891611,1,snv_mnv,NA,NA,"broad,dkfz,muse,sanger",4,COSN16201681,NA,NA,FALSE,0.3167,NA,19,41,NA,NA,NA,IGR,FALSE,FALSE,FALSE,FALSE,2,1,1,1_1,1a319682-f55e-4e0b-8476-48a0bea6c265,NA
18,38910258,38910258,1,snv_mnv,NA,NA,"broad,dkfz,muse,sanger",4,COSN16202158,NA,NA,FALSE,0.2787,NA,17,44,NA,NA,NA,IGR,FALSE,FALSE,FALSE,FALSE,2,1,1,1_1,1a319682-f55e-4e0b-8476-48a0bea6c265,NA
18,42901715,42901715,1,snv_mnv,NA,NA,"broad,dkfz,muse,sanger",4,COSN16200987,NA,NA,FALSE,0.2439,NA,10,31,NA,NA,NA,Intron,FALSE,FALSE,FALSE,FALSE,2,1,1,1_1,1a319682-f55e-4e0b-8476-48a0bea6c265,NA
18,47479416,47479416,1,snv_mnv,NA,NA,"broad,dkfz,muse,sanger",4,COSN16201176,NA,NA,FALSE,0.3065,NA,19,43,NA,NA,NA,Intron,FALSE,FALSE,FALSE,FALSE,2,1,1,1_1,1a319682-f55e-4e0b-8476-48a0bea6c265,NA
18,51398615,51398615,1,snv_mnv,NA,NA,"broad,dkfz,muse,sanger",4,COSN16201243,rs762976315,NA,FALSE,0.1746,NA,11,52,NA,NA,NA,IGR,FALSE,FALSE,FALSE,FALSE,2,1,1,1_1,1a319682-f55e-4e0b-8476-48a0bea6c265,NA
18,52326169,52326169,1,snv_mnv,NA,NA,"broad,dkfz,muse,sanger",4,COSN16202387,NA,NA,FALSE,0.3,NA,12,28,NA,NA,NA,IGR,FALSE,FALSE,FALSE,FALSE,2,1,1,1_1,1a319682-f55e-4e0b-8476-48a0bea6c265,NA
18,53939680,53939680,1,snv_mnv,NA,NA,"broad,dkfz,muse,sanger",4,COSN16202575,NA,NA,FALSE,0.3231,NA,21,44,NA,NA,NA,IGR,FALSE,FALSE,FALSE,FALSE,2,1,1,1_1,1a319682-f55e-4e0b-8476-48a0bea6c265,NA
18,54801803,54801803,1,snv_mnv,NA,NA,"broad,dkfz,muse,sanger",4,COSN16200881,NA,NA,FALSE,0.2045,NA,9,35,NA,NA,NA,lincRNA,FALSE,FALSE,FALSE,FALSE,2,1,1,1_1,1a319682-f55e-4e0b-8476-48a0bea6c265,AC100775.1
18,57198860,57198860,1,snv_mnv,5.9904e-4,rs150139901,"broad,dkfz,muse,sanger",4,COSN16201620,rs150139901,AluJo,FALSE,0.2553,NA,12,35,NA,NA,NA,Intron,FALSE,FALSE,FALSE,FALSE,2,1,1,1_1,1a319682-f55e-4e0b-8476-48a0bea6c265,NA
18,58329810,58329810,1,snv_mnv,7.9872e-4,rs577361794,"broad,dkfz,muse,sanger",4,COSN16200710,rs577361794,NA,FALSE,0.3333,NA,7,14,NA,NA,NA,lincRNA,FALSE,FALSE,FALSE,FALSE,2,1,1,1_1,1a319682-f55e-4e0b-8476-48a0bea6c265,NA
18,60064965,60064965,1,snv_mnv,NA,NA,"broad,dkfz,muse,sanger",4,COSN16202557,NA,NA,FALSE,0.3103,NA,27,60,NA,NA,NA,IGR,FALSE,FALSE,FALSE,FALSE,2,1,1,1_1,1a319682-f55e-4e0b-8476-48a0bea6c265,NA
18,60075239,60075239,1,snv_mnv,NA,NA,"broad,dkfz,muse,sanger",4,COSN16200696,NA,Tigger3b,FALSE,0.2807,NA,16,41,NA,NA,NA,IGR,FALSE,FALSE,FALSE,FALSE,2,1,1,1_1,1a319682-f55e-4e0b-8476-48a0bea6c265,NA
18,64078652,64078652,1,snv_mnv,NA,NA,"broad,dkfz,muse,sanger",4,COSN16201994,NA,L1PREC2,FALSE,0.1286,NA,9,61,NA,NA,NA,IGR,FALSE,FALSE,FALSE,FALSE,2,1,1,1_1,1a319682-f55e-4e0b-8476-48a0bea6c265,NA
18,65614625,65614625,1,snv_mnv,NA,NA,"broad,dkfz,muse,sanger",4,COSN16201116,NA,NA,FALSE,0.2812,NA,9,23,NA,NA,NA,lincRNA,FALSE,FALSE,FALSE,FALSE,2,1,1,1_1,1a319682-f55e-4e0b-8476-48a0bea6c265,NA
18,68422873,68422873,1,snv_mnv,NA,NA,"broad,dkfz,muse,sanger",4,COSN16202086,NA,MER110-int,FALSE,0.3023,NA,13,30,NA,NA,NA,IGR,FALSE,FALSE,FALSE,FALSE,2,1,1,1_1,1a319682-f55e-4e0b-8476-48a0bea6c265,NA
18,68578449,68578449,1,snv_mnv,NA,NA,"broad,dkfz,muse,sanger",4,COSN16202324,NA,L1PA7,FALSE,0.32,NA,16,34,NA,NA,NA,IGR,FALSE,FALSE,FALSE,FALSE,2,1,1,1_1,1a319682-f55e-4e0b-8476-48a0bea6c265,NA
18,68771511,68771511,1,snv_mnv,NA,NA,"broad,dkfz,muse",3,COSN16201161,NA,L1MB3,FALSE,0.2558,NA,11,32,NA,NA,NA,IGR,FALSE,FALSE,FALSE,FALSE,2,1,1,1_1,1a319682-f55e-4e0b-8476-48a0bea6c265,NA
18,73083919,73083919,1,snv_mnv,7.9872e-4,rs189550041,"dkfz,muse,sanger",3,COSN16202178,rs189550041,L2c,FALSE,0.2889,NA,13,32,NA,NA,NA,IGR,FALSE,FALSE,FALSE,FALSE,2,1,1,1_1,1a319682-f55e-4e0b-8476-48a0bea6c265,NA
18,73692639,73692639,1,snv_mnv,NA,NA,"broad,dkfz,muse,sanger",4,COSN16201741,NA,NA,FALSE,0.2667,NA,16,44,NA,NA,NA,IGR,FALSE,FALSE,FALSE,FALSE,2,1,1,1_1,1a319682-f55e-4e0b-8476-48a0bea6c265,NA
18,75019932,75019932,1,snv_mnv,NA,NA,"broad,dkfz,muse,sanger",4,COSN9345488,NA,NA,FALSE,0.1667,NA,7,35,NA,NA,NA,IGR,FALSE,FALSE,FALSE,FALSE,2,1,1,1_1,1a319682-f55e-4e0b-8476-48a0bea6c265,NA
18,76606378,76606378,1,snv_mnv,NA,NA,"broad,dkfz,muse,sanger",4,COSN16201528,NA,THE1C,FALSE,0.3333,NA,16,32,NA,NA,NA,IGR,FALSE,FALSE,FALSE,FALSE,2,1,1,1_1,1a319682-f55e-4e0b-8476-48a0bea6c265,NA
18,77541184,77541184,1,snv_mnv,NA,NA,"broad,dkfz,muse,sanger",4,COSN16201696,NA,NA,FALSE,0.2742,NA,17,45,NA,NA,NA,IGR,FALSE,FALSE,FALSE,FALSE,2,1,1,1_1,1a319682-f55e-4e0b-8476-48a0bea6c265,NA
19,415806,415806,1,snv_mnv,NA,NA,"dkfz,sanger",2,COSN4907277,NA,NA,FALSE,0.1923,NA,10,42,NA,NA,NA,IGR,FALSE,FALSE,FALSE,FALSE,2,1,1,1_1,1a319682-f55e-4e0b-8476-48a0bea6c265,SHC2
19,4261351,4261351,1,snv_mnv,1.9968e-4,rs572500715,"broad,dkfz,muse,sanger",4,COSN4907288,rs572500715,AluSg4,FALSE,0.2593,NA,7,20,NA,NA,NA,Intron,FALSE,FALSE,FALSE,FALSE,2,1,1,1_1,1a319682-f55e-4e0b-8476-48a0bea6c265,NA
19,5416592,5416592,1,snv_mnv,NA,NA,"broad,dkfz,muse,sanger",4,COSN16201945,NA,AluSx,FALSE,0.2281,NA,13,44,NA,NA,NA,IGR,FALSE,FALSE,FALSE,FALSE,2,1,1,1_1,1a319682-f55e-4e0b-8476-48a0bea6c265,NA
19,5618250,5618250,1,snv_mnv,NA,NA,"broad,dkfz,muse,sanger",4,COSN16201472,NA,AluY,FALSE,0.25,NA,11,33,NA,NA,NA,Intron,FALSE,FALSE,FALSE,FALSE,2,1,1,1_1,1a319682-f55e-4e0b-8476-48a0bea6c265,"SAFB,SAFB2"
19,9357526,9357526,1,snv_mnv,NA,NA,"broad,dkfz,muse,sanger",4,COSN16201150,NA,L1MB3,FALSE,0.1548,NA,13,71,NA,NA,NA,IGR,FALSE,FALSE,FALSE,FALSE,2,1,1,1_1,1a319682-f55e-4e0b-8476-48a0bea6c265,OR7E24
19,9365781,9365781,1,snv_mnv,NA,NA,"broad,dkfz,muse,sanger",4,COSN16200988,NA,MER57B2,FALSE,0.2549,NA,13,38,NA,NA,NA,IGR,FALSE,FALSE,FALSE,FALSE,2,1,1,1_1,1a319682-f55e-4e0b-8476-48a0bea6c265,OR7E24
19,13567870,13567870,1,snv_mnv,NA,NA,"broad,dkfz,muse,sanger",4,COSN16201931,NA,AluJb,FALSE,0.3,NA,33,77,NA,NA,NA,Intron,FALSE,FALSE,FALSE,FALSE,2,1,1,1_1,1a319682-f55e-4e0b-8476-48a0bea6c265,NA
19,14424051,14424051,1,snv_mnv,NA,NA,"broad,dkfz,muse,sanger",4,COSN16201307,NA,MER5B,FALSE,0.2941,NA,10,24,NA,NA,NA,lincRNA,FALSE,FALSE,FALSE,FALSE,2,1,1,1_1,1a319682-f55e-4e0b-8476-48a0bea6c265,NA
19,14724073,14724073,1,snv_mnv,NA,NA,"broad,dkfz,muse,sanger",4,COSN7354664,NA,AluJr,FALSE,0.1475,NA,9,52,NA,NA,NA,IGR,FALSE,FALSE,FALSE,FALSE,2,1,1,1_1,1a319682-f55e-4e0b-8476-48a0bea6c265,CLEC17A
19,14858543,14858543,1,snv_mnv,NA,NA,"broad,dkfz,muse,sanger",4,COSN16201747,NA,AluSz,FALSE,0.2045,NA,9,35,NA,NA,NA,Intron,FALSE,FALSE,FALSE,FALSE,2,1,1,1_1,1a319682-f55e-4e0b-8476-48a0bea6c265,NA
19,14935613,14935613,1,snv_mnv,NA,NA,"broad,dkfz,muse,sanger",4,COSN16200258,NA,L1PA16,FALSE,0.1757,NA,13,61,NA,NA,NA,IGR,FALSE,FALSE,FALSE,FALSE,2,1,1,1_1,1a319682-f55e-4e0b-8476-48a0bea6c265,OR7A5
19,16024807,16024807,1,snv_mnv,1.9968e-4,rs562813683,"dkfz,sanger",2,COSN18143902,rs562813683,NA,FALSE,0.05,NA,2,38,NA,NA,NA,Intron,FALSE,FALSE,FALSE,FALSE,2,1,1,1_1,1a319682-f55e-4e0b-8476-48a0bea6c265,AC005336.1
19,16765171,16765171,1,snv_mnv,NA,NA,"broad,dkfz,muse,sanger",4,COSN16200244,NA,MLT1K,FALSE,0.2157,NA,11,40,NA,NA,NA,Intron,FALSE,FALSE,FALSE,FALSE,2,1,1,1_1,1a319682-f55e-4e0b-8476-48a0bea6c265,NA
19,17080526,17080526,1,snv_mnv,NA,NA,"broad,dkfz,muse,sanger",4,COSN4906969,NA,AluSz,FALSE,0.3158,NA,24,52,NA,NA,NA,Intron,FALSE,FALSE,FALSE,FALSE,2,1,1,1_1,1a319682-f55e-4e0b-8476-48a0bea6c265,NA
19,19594008,19594008,1,snv_mnv,NA,NA,"broad,dkfz,muse,sanger",4,COSN16200763,NA,NA,FALSE,0.2791,NA,12,31,NA,NA,NA,Intron,FALSE,FALSE,FALSE,FALSE,2,1,1,1_1,1a319682-f55e-4e0b-8476-48a0bea6c265,NA
19,19887181,19887181,1,snv_mnv,NA,NA,"broad,dkfz,muse,sanger",4,COSN16201186,NA,NA,FALSE,0.25,NA,7,21,NA,NA,NA,lincRNA,FALSE,FALSE,FALSE,FALSE,2,1,1,1_1,1a319682-f55e-4e0b-8476-48a0bea6c265,AC011477.1
19,21224285,21224285,1,snv_mnv,NA,NA,"broad,dkfz,muse,sanger",4,COSN4907040,NA,NA,FALSE,0.1887,NA,10,43,NA,NA,NA,Intron,FALSE,FALSE,FALSE,FALSE,2,1,1,1_1,1a319682-f55e-4e0b-8476-48a0bea6c265,ZNF430
19,21652424,21652424,1,snv_mnv,NA,NA,"broad,dkfz,muse,sanger",4,COSN16200428,NA,NA,FALSE,0.283,NA,15,38,NA,NA,NA,Intron,FALSE,FALSE,FALSE,FALSE,2,1,1,1_1,1a319682-f55e-4e0b-8476-48a0bea6c265,NA
19,24152111,24152111,1,snv_mnv,NA,NA,"broad,dkfz,muse,sanger",4,COSN16200908,NA,NA,FALSE,0.2812,NA,18,46,NA,NA,NA,IGR,FALSE,FALSE,FALSE,FALSE,2,1,1,1_1,1a319682-f55e-4e0b-8476-48a0bea6c265,NA
19,28770721,28770721,1,snv_mnv,NA,NA,"broad,muse",2,COSN1764378,NA,AluY,FALSE,0.119,NA,5,37,NA,NA,NA,IGR,FALSE,FALSE,FALSE,FALSE,2,1,1,1_1,1a319682-f55e-4e0b-8476-48a0bea6c265,NA
19,28888309,28888309,1,snv_mnv,NA,NA,"broad,dkfz,muse,sanger",4,COSN16201599,NA,NA,FALSE,0.1538,NA,4,22,NA,NA,NA,lincRNA,FALSE,FALSE,FALSE,FALSE,2,1,1,1_1,1a319682-f55e-4e0b-8476-48a0bea6c265,AC093074.1
19,29733614,29733614,1,snv_mnv,NA,NA,"broad,dkfz,muse,sanger",4,COSN16201217,NA,MIR,FALSE,0.3151,NA,23,50,NA,NA,NA,IGR,FALSE,FALSE,FALSE,FALSE,2,1,1,1_1,1a319682-f55e-4e0b-8476-48a0bea6c265,NA
19,30727931,30727931,1,snv_mnv,NA,NA,"broad,dkfz,muse,sanger",4,COSN16201244,NA,NA,FALSE,0.2941,NA,15,36,NA,NA,NA,Intron,FALSE,FALSE,FALSE,FALSE,2,1,1,1_1,1a319682-f55e-4e0b-8476-48a0bea6c265,NA
19,39621842,39621842,1,snv_mnv,NA,NA,"broad,dkfz,muse,sanger",4,COSN16200410,NA,NA,FALSE,0.1714,NA,6,29,NA,NA,NA,Intron,FALSE,FALSE,FALSE,FALSE,2,1,1,1_1,1a319682-f55e-4e0b-8476-48a0bea6c265,AC011443.1
19,42929940,42929940,1,snv_mnv,NA,NA,"broad,dkfz,muse,sanger",4,COSN16202247,NA,AluJr,FALSE,0.3409,NA,15,29,NA,NA,NA,Intron,FALSE,FALSE,FALSE,FALSE,2,1,1,1_1,1a319682-f55e-4e0b-8476-48a0bea6c265,"LIPE,AC011497.1,CXCL17"
19,43509300,43509300,1,snv_mnv,NA,NA,"broad,muse,sanger",3,COSN16202398,NA,MER11D,FALSE,0.2466,NA,18,55,NA,NA,NA,IGR,FALSE,FALSE,FALSE,FALSE,2,1,1,1_1,1a319682-f55e-4e0b-8476-48a0bea6c265,PSG11
19,55163244,55163244,1,snv_mnv,NA,NA,"broad,dkfz,muse,sanger",4,COSN16201952,NA,L1M5,FALSE,0.2338,NA,18,59,NA,NA,NA,IGR,FALSE,FALSE,FALSE,FALSE,2,1,1,1_1,1a319682-f55e-4e0b-8476-48a0bea6c265,LILRB4
19,55870124,55870124,1,snv_mnv,NA,NA,"broad,dkfz,muse,sanger",4,COSM3396358,rs769340128,NA,FALSE,0.4167,NA,10,14,NA,NA,NA,Silent,FALSE,FALSE,FALSE,FALSE,2,1,1,1_1,1a319682-f55e-4e0b-8476-48a0bea6c265,COX6B2
19,57311076,57311076,1,snv_mnv,NA,NA,"broad,dkfz,muse,sanger",4,COSN16202089,NA,L1ME2z,FALSE,0.2,NA,15,60,NA,NA,NA,Intron,FALSE,FALSE,FALSE,FALSE,2,1,1,1_1,1a319682-f55e-4e0b-8476-48a0bea6c265,ZIM2-AS1
2,741314,741314,1,snv_mnv,NA,NA,"broad,dkfz,muse,sanger",4,COSN16202109,NA,NA,FALSE,0.3409,NA,15,29,NA,NA,NA,lincRNA,FALSE,FALSE,FALSE,FALSE,2,1,1,1_1,1a319682-f55e-4e0b-8476-48a0bea6c265,AC116609.1
2,1244189,1244189,1,snv_mnv,NA,NA,"broad,dkfz,muse,sanger",4,COSN16202073,NA,NA,FALSE,0.2727,NA,18,48,NA,NA,NA,Intron,FALSE,FALSE,FALSE,FALSE,2,1,1,1_1,1a319682-f55e-4e0b-8476-48a0bea6c265,NA
2,1618151,1618151,1,snv_mnv,NA,NA,"broad,dkfz,muse,sanger",4,COSN16200650,NA,NA,FALSE,0.25,NA,15,45,NA,NA,NA,RNA,FALSE,FALSE,FALSE,FALSE,2,1,1,1_1,1a319682-f55e-4e0b-8476-48a0bea6c265,NA
2,2137418,2137418,1,snv_mnv,NA,NA,"broad,dkfz,muse,sanger",4,COSN16201030,rs189643158,NA,FALSE,0.1458,NA,7,41,NA,NA,NA,Intron,FALSE,FALSE,FALSE,FALSE,2,1,1,1_1,1a319682-f55e-4e0b-8476-48a0bea6c265,NA
2,4331677,4331677,1,snv_mnv,NA,NA,"broad,dkfz,muse,sanger",4,COSN16201423,NA,NA,FALSE,0.1522,NA,7,39,NA,NA,NA,IGR,FALSE,FALSE,FALSE,FALSE,2,1,1,1_1,1a319682-f55e-4e0b-8476-48a0bea6c265,NA
2,5163928,5163928,1,snv_mnv,NA,NA,"broad,dkfz,muse,sanger",4,COSN16202102,NA,L1MA8,FALSE,0.2778,NA,15,39,NA,NA,NA,IGR,FALSE,FALSE,FALSE,FALSE,2,1,1,1_1,1a319682-f55e-4e0b-8476-48a0bea6c265,NA
2,9255527,9255527,1,snv_mnv,NA,NA,"broad,dkfz,muse,sanger",4,COSN16200243,NA,L1ME2z,FALSE,0.2045,NA,9,35,NA,NA,NA,lincRNA,FALSE,FALSE,FALSE,FALSE,2,1,1,1_1,1a319682-f55e-4e0b-8476-48a0bea6c265,NA
2,9847416,9847416,1,snv_mnv,NA,NA,"broad,dkfz,muse,sanger",4,COSN4912089,NA,NA,FALSE,0.1333,NA,8,52,NA,NA,NA,lincRNA,FALSE,FALSE,FALSE,FALSE,2,1,1,1_1,1a319682-f55e-4e0b-8476-48a0bea6c265,NA
2,10668784,10668784,1,snv_mnv,NA,NA,"broad,muse,sanger",3,COSN16201051,NA,AluY,FALSE,0.3103,NA,9,20,NA,NA,NA,IGR,FALSE,FALSE,FALSE,FALSE,2,1,1,1_1,1a319682-f55e-4e0b-8476-48a0bea6c265,NA
2,10860408,10860408,1,snv_mnv,NA,NA,"dkfz,sanger",2,COSN4909479,NA,NA,FALSE,0.2545,NA,14,41,NA,NA,NA,5'Flank,FALSE,FALSE,FALSE,TRUE,2,1,1,1_1,1a319682-f55e-4e0b-8476-48a0bea6c265,ATP6V1C2
2,11543353,11543353,1,snv_mnv,NA,NA,"broad,dkfz,muse,sanger",4,COSN4909549,NA,AluSq2,FALSE,0.3061,NA,15,34,NA,NA,NA,lincRNA,FALSE,FALSE,FALSE,FALSE,2,1,1,1_1,1a319682-f55e-4e0b-8476-48a0bea6c265,LINC00570
2,11647093,11647093,1,snv_mnv,NA,NA,"broad,dkfz,muse,sanger",4,COSN16202512,NA,NA,FALSE,0.2262,NA,19,65,NA,NA,NA,IGR,FALSE,FALSE,FALSE,FALSE,2,1,1,1_1,1a319682-f55e-4e0b-8476-48a0bea6c265,NA
2,15672351,15672351,1,snv_mnv,NA,NA,"broad,muse,sanger",3,COSN4910062,rs771463299,AluY,FALSE,0.3235,NA,11,23,NA,NA,NA,Intron,FALSE,FALSE,FALSE,FALSE,2,1,1,1_1,1a319682-f55e-4e0b-8476-48a0bea6c265,NA
2,19122672,19122672,1,snv_mnv,NA,NA,"broad,dkfz,muse,sanger",4,COSN16200922,NA,Tigger1,FALSE,0.1875,NA,9,39,NA,NA,NA,IGR,FALSE,FALSE,FALSE,FALSE,2,1,1,1_1,1a319682-f55e-4e0b-8476-48a0bea6c265,NA
2,19900723,19900723,1,snv_mnv,5.9904e-4,rs528527991,"broad,dkfz,muse,sanger",4,COSN16202406,rs528527991,NA,FALSE,0.3,NA,12,28,NA,NA,NA,IGR,FALSE,FALSE,FALSE,FALSE,2,1,1,1_1,1a319682-f55e-4e0b-8476-48a0bea6c265,NA
2,21945141,21945141,1,snv_mnv,NA,NA,"broad,dkfz,muse,sanger",4,COSN4910891,NA,NA,FALSE,0.4286,NA,15,20,NA,NA,NA,IGR,FALSE,FALSE,FALSE,FALSE,2,1,1,1_1,1a319682-f55e-4e0b-8476-48a0bea6c265,NA
2,22634389,22634389,1,snv_mnv,NA,NA,"broad,dkfz,muse,sanger",4,COSN4910973,NA,L2a,FALSE,0.1667,NA,11,55,NA,NA,NA,lincRNA,FALSE,FALSE,FALSE,FALSE,2,1,1,1_1,1a319682-f55e-4e0b-8476-48a0bea6c265,NA
2,23271759,23271759,1,snv_mnv,NA,NA,"broad,dkfz,muse,sanger",4,COSN4911036,NA,NA,FALSE,0.2553,NA,12,35,NA,NA,NA,lincRNA,FALSE,FALSE,FALSE,FALSE,2,1,1,1_1,1a319682-f55e-4e0b-8476-48a0bea6c265,NA
2,27545928,27545928,1,snv_mnv,NA,NA,"broad,dkfz,muse,sanger",4,COSN16202470,NA,NA,FALSE,0.3929,NA,11,17,NA,NA,NA,5'UTR,FALSE,FALSE,FALSE,FALSE,2,1,1,1_1,1a319682-f55e-4e0b-8476-48a0bea6c265,"GTF3C2,MPV17"
2,31910802,31910802,1,snv_mnv,NA,NA,"broad,dkfz,muse,sanger",4,COSN16202316,NA,L1MC4,FALSE,0.3404,NA,16,31,NA,NA,NA,IGR,FALSE,FALSE,FALSE,FALSE,2,1,1,1_1,1a319682-f55e-4e0b-8476-48a0bea6c265,NA
2,34509090,34509090,1,snv_mnv,NA,NA,"broad,dkfz,muse,sanger",4,COSN16201667,NA,NA,FALSE,0.2444,NA,11,34,NA,NA,NA,lincRNA,FALSE,FALSE,FALSE,FALSE,2,1,1,1_1,1a319682-f55e-4e0b-8476-48a0bea6c265,NA
2,35221483,35221483,1,snv_mnv,NA,NA,"broad,dkfz,muse,sanger",4,COSN16200382,NA,NA,FALSE,0.3023,NA,13,30,NA,NA,NA,lincRNA,FALSE,FALSE,FALSE,FALSE,2,1,1,1_1,1a319682-f55e-4e0b-8476-48a0bea6c265,NA
2,35491627,35491627,1,snv_mnv,NA,NA,"broad,dkfz,muse,sanger",4,COSN16201771,NA,NA,FALSE,0.2542,NA,15,44,NA,NA,NA,IGR,FALSE,FALSE,FALSE,FALSE,2,1,1,1_1,1a319682-f55e-4e0b-8476-48a0bea6c265,NA
2,35540821,35540821,1,snv_mnv,NA,NA,"broad,dkfz,muse,sanger",4,COSN16202383,NA,NA,FALSE,0.2326,NA,10,33,NA,NA,NA,IGR,FALSE,FALSE,FALSE,FALSE,2,1,1,1_1,1a319682-f55e-4e0b-8476-48a0bea6c265,NA
2,36303657,36303657,1,snv_mnv,NA,NA,"broad,dkfz,muse,sanger",4,COSN16201898,NA,NA,FALSE,0.3333,NA,12,24,NA,NA,NA,IGR,FALSE,FALSE,FALSE,FALSE,2,1,1,1_1,1a319682-f55e-4e0b-8476-48a0bea6c265,NA
2,39118188,39118188,1,snv_mnv,NA,NA,"broad,dkfz,muse,sanger",4,COSN4911391,NA,AluJr,FALSE,0.1923,NA,10,42,NA,NA,NA,Intron,FALSE,FALSE,FALSE,FALSE,2,1,1,1_1,1a319682-f55e-4e0b-8476-48a0bea6c265,NA
2,40604137,40604137,1,snv_mnv,NA,NA,"broad,dkfz,muse,sanger",4,COSN16201648,NA,MLT1E,FALSE,0.2941,NA,10,24,NA,NA,NA,Intron,FALSE,FALSE,FALSE,FALSE,2,1,1,1_1,1a319682-f55e-4e0b-8476-48a0bea6c265,NA
2,41561665,41561665,1,snv_mnv,NA,NA,"broad,dkfz,muse,sanger",4,COSN16200588,NA,L1ME5,FALSE,0.2676,NA,19,52,NA,NA,NA,IGR,FALSE,FALSE,FALSE,FALSE,2,1,1,1_1,1a319682-f55e-4e0b-8476-48a0bea6c265,NA
2,42112338,42112338,1,snv_mnv,NA,NA,"broad,dkfz,muse,sanger",4,COSN4911417,NA,NA,FALSE,0.4,NA,18,27,NA,NA,NA,lincRNA,FALSE,FALSE,FALSE,FALSE,2,1,1,1_1,1a319682-f55e-4e0b-8476-48a0bea6c265,NA
2,45128560,45128560,1,snv_mnv,NA,NA,"broad,dkfz,muse,sanger",4,COSN16200816,NA,NA,FALSE,0.234,NA,11,36,NA,NA,NA,IGR,FALSE,FALSE,FALSE,FALSE,2,1,1,1_1,1a319682-f55e-4e0b-8476-48a0bea6c265,NA
2,46324985,46324985,1,snv_mnv,NA,NA,"broad,dkfz,muse,sanger",4,COSN16201588,NA,NA,FALSE,0.3696,NA,17,29,NA,NA,NA,Intron,FALSE,FALSE,FALSE,FALSE,2,1,1,1_1,1a319682-f55e-4e0b-8476-48a0bea6c265,NA
2,48476172,48476172,1,snv_mnv,NA,NA,"broad,dkfz,muse,sanger",4,COSN16200417,NA,NA,FALSE,0.2069,NA,12,46,NA,NA,NA,IGR,FALSE,FALSE,FALSE,FALSE,2,1,1,1_1,1a319682-f55e-4e0b-8476-48a0bea6c265,NA
2,48537973,48537973,1,snv_mnv,NA,NA,"broad,dkfz,muse,sanger",4,COSN16202471,NA,L1MEg,FALSE,0.3208,NA,17,36,NA,NA,NA,IGR,FALSE,FALSE,FALSE,FALSE,2,1,1,1_1,1a319682-f55e-4e0b-8476-48a0bea6c265,FOXN2
2,50816311,50816311,1,snv_mnv,NA,NA,"broad,muse,sanger",3,COSN16201121,NA,NA,FALSE,0.2951,NA,18,43,NA,NA,NA,Intron,FALSE,FALSE,FALSE,FALSE,2,1,1,1_1,1a319682-f55e-4e0b-8476-48a0bea6c265,NA
2,54313492,54313492,1,snv_mnv,NA,NA,"broad,dkfz,muse,sanger",4,COSN16201232,NA,MamRep1527,FALSE,0.2444,NA,11,34,NA,NA,NA,Intron,FALSE,FALSE,FALSE,FALSE,2,1,1,1_1,1a319682-f55e-4e0b-8476-48a0bea6c265,AC008280.3
2,55739166,55739166,1,snv_mnv,NA,NA,"broad,dkfz,muse,sanger",4,COSN16202195,NA,L1M5,FALSE,0.1948,NA,15,62,NA,NA,NA,IGR,FALSE,FALSE,FALSE,FALSE,2,1,1,1_1,1a319682-f55e-4e0b-8476-48a0bea6c265,NA
2,56629714,56629714,1,snv_mnv,NA,NA,"broad,dkfz,muse,sanger",4,COSN16200538,NA,NA,FALSE,0.2745,NA,14,37,NA,NA,NA,IGR,FALSE,FALSE,FALSE,FALSE,2,1,1,1_1,1a319682-f55e-4e0b-8476-48a0bea6c265,NA
2,56950162,56950162,1,snv_mnv,NA,NA,"broad,dkfz,muse,sanger",4,COSN16201607,NA,HERVK9-int,FALSE,0.2439,NA,10,31,NA,NA,NA,IGR,FALSE,FALSE,FALSE,FALSE,2,1,1,1_1,1a319682-f55e-4e0b-8476-48a0bea6c265,NA
2,57204587,57204587,1,snv_mnv,NA,NA,"broad,dkfz,muse,sanger",4,COSN16202196,NA,NA,FALSE,0.2045,NA,9,35,NA,NA,NA,IGR,FALSE,FALSE,FALSE,FALSE,2,1,1,1_1,1a319682-f55e-4e0b-8476-48a0bea6c265,NA
2,60957830,60957830,1,snv_mnv,3.9936e-4,rs530392128,"broad,dkfz,muse,sanger",4,COSN16202365,rs530392128,NA,FALSE,0.375,NA,24,40,NA,NA,NA,IGR,FALSE,FALSE,FALSE,FALSE,2,1,1,1_1,1a319682-f55e-4e0b-8476-48a0bea6c265,ATP1B3P1
2,61433249,61433249,1,snv_mnv,NA,NA,"broad,dkfz,muse,sanger",4,COSM3396488,NA,NA,FALSE,0.3043,NA,14,32,NA,NA,NA,Missense_Mutation,FALSE,FALSE,FALSE,FALSE,2,1,1,1_1,1a319682-f55e-4e0b-8476-48a0bea6c265,USP34
2,67276478,67276478,1,snv_mnv,NA,NA,"broad,dkfz,muse,sanger",4,COSN16201208,rs763688846,NA,FALSE,0.2941,NA,20,48,NA,NA,NA,IGR,FALSE,FALSE,FALSE,FALSE,2,1,1,1_1,1a319682-f55e-4e0b-8476-48a0bea6c265,NA
2,67843558,67843558,1,snv_mnv,NA,NA,"broad,dkfz,muse,sanger",4,COSN16202455,NA,NA,FALSE,0.2364,NA,13,42,NA,NA,NA,lincRNA,FALSE,FALSE,FALSE,FALSE,2,1,1,1_1,1a319682-f55e-4e0b-8476-48a0bea6c265,NA
2,69909367,69909367,1,snv_mnv,NA,NA,"broad,dkfz,muse,sanger",4,COSN16202602,NA,L1M2,FALSE,0.3438,NA,22,42,NA,NA,NA,Intron,FALSE,FALSE,FALSE,FALSE,2,1,1,1_1,1a319682-f55e-4e0b-8476-48a0bea6c265,NA
2,70561890,70561890,1,snv_mnv,NA,NA,"broad,dkfz,muse,sanger",4,COSN16201445,NA,AluSc,FALSE,0.16,NA,12,63,NA,NA,NA,IGR,FALSE,FALSE,FALSE,FALSE,2,1,1,1_1,1a319682-f55e-4e0b-8476-48a0bea6c265,NA
2,71008842,71008842,1,snv_mnv,NA,NA,"broad,dkfz,muse,sanger",4,COSN16200716,NA,L1MD2,FALSE,0.2041,NA,10,39,NA,NA,NA,Intron,FALSE,FALSE,FALSE,FALSE,2,1,1,1_1,1a319682-f55e-4e0b-8476-48a0bea6c265,NA
2,73844498,73844498,1,snv_mnv,NA,NA,"broad,muse,sanger",3,COSN16202445,NA,L1M5,FALSE,0.194,NA,13,54,NA,NA,NA,IGR,FALSE,FALSE,FALSE,FALSE,2,1,1,1_1,1a319682-f55e-4e0b-8476-48a0bea6c265,NA
2,75550803,75550803,1,snv_mnv,NA,NA,"broad,dkfz,muse,sanger",4,COSN16200970,NA,Tigger2a,FALSE,0.3404,NA,16,31,NA,NA,NA,IGR,FALSE,FALSE,FALSE,FALSE,2,1,1,1_1,1a319682-f55e-4e0b-8476-48a0bea6c265,NA
2,77708562,77708562,1,snv_mnv,NA,NA,"broad,dkfz,muse,sanger",4,COSN16200811,NA,NA,FALSE,0.2157,NA,11,40,NA,NA,NA,Intron,FALSE,FALSE,FALSE,FALSE,2,1,1,1_1,1a319682-f55e-4e0b-8476-48a0bea6c265,NA
2,78265730,78265730,1,snv_mnv,NA,NA,"broad,dkfz,muse,sanger",4,COSN16200817,NA,NA,FALSE,0.2778,NA,15,39,NA,NA,NA,IGR,FALSE,FALSE,FALSE,FALSE,2,1,1,1_1,1a319682-f55e-4e0b-8476-48a0bea6c265,NA
2,78619381,78619381,1,snv_mnv,NA,NA,"broad,dkfz,muse,sanger",4,COSN16200399,NA,L1MA4,FALSE,0.2473,NA,23,70,NA,NA,NA,IGR,FALSE,FALSE,FALSE,FALSE,2,1,1,1_1,1a319682-f55e-4e0b-8476-48a0bea6c265,NA
2,80262267,80262267,1,snv_mnv,NA,NA,"broad,dkfz,muse,sanger",4,COSN16201104,NA,L1MC4a,FALSE,0.1711,NA,13,63,NA,NA,NA,Intron,FALSE,FALSE,FALSE,FALSE,2,1,1,1_1,1a319682-f55e-4e0b-8476-48a0bea6c265,NA
2,84899514,84899514,1,snv_mnv,NA,NA,"broad,dkfz,muse,sanger",4,COSM3380283,NA,NA,FALSE,0.2449,NA,12,37,NA,NA,NA,Missense_Mutation,FALSE,FALSE,FALSE,FALSE,2,1,1,1_1,1a319682-f55e-4e0b-8476-48a0bea6c265,NA
2,88786299,88786299,1,snv_mnv,NA,NA,"broad,dkfz,muse,sanger",4,COSN16201424,NA,AluSx,FALSE,0.1538,NA,10,55,NA,NA,NA,IGR,FALSE,FALSE,FALSE,FALSE,2,1,1,1_1,1a319682-f55e-4e0b-8476-48a0bea6c265,NA
2,95689945,95689945,1,snv_mnv,NA,NA,"broad,dkfz,muse,sanger",4,COSN16202221,NA,NA,FALSE,0.2857,NA,12,30,NA,NA,NA,5'Flank,FALSE,FALSE,FALSE,FALSE,2,1,1,1_1,1a319682-f55e-4e0b-8476-48a0bea6c265,MAL
2,98931065,98931065,1,snv_mnv,NA,NA,"broad,muse,sanger",3,COSN16201465,NA,L1MEc,FALSE,0.1899,NA,15,64,NA,NA,NA,IGR,FALSE,FALSE,FALSE,FALSE,2,1,1,1_1,1a319682-f55e-4e0b-8476-48a0bea6c265,VWA3B
2,102648955,102648955,1,snv_mnv,NA,NA,"broad,muse,sanger",3,COSN16202045,NA,NA,FALSE,0.22,NA,22,78,NA,NA,NA,IGR,FALSE,FALSE,FALSE,FALSE,2,1,1,1_1,1a319682-f55e-4e0b-8476-48a0bea6c265,IL1R2
2,104337557,104337557,1,snv_mnv,NA,NA,"broad,muse,sanger",3,COSN16201888,NA,L1PREC2,FALSE,0.2623,NA,16,45,NA,NA,NA,IGR,FALSE,FALSE,FALSE,FALSE,2,1,1,1_1,1a319682-f55e-4e0b-8476-48a0bea6c265,NA
2,105100140,105100140,1,snv_mnv,NA,NA,"broad,muse,sanger",3,COSN4909443,NA,MSTB2,FALSE,0.2791,NA,12,31,NA,NA,NA,lincRNA,FALSE,FALSE,FALSE,FALSE,2,1,1,1_1,1a319682-f55e-4e0b-8476-48a0bea6c265,LINC01103
2,107921509,107921509,1,snv_mnv,NA,NA,"broad,muse,sanger",3,COSN4909469,NA,NA,FALSE,0.1356,NA,8,51,NA,NA,NA,lincRNA,FALSE,FALSE,FALSE,FALSE,2,1,1,1_1,1a319682-f55e-4e0b-8476-48a0bea6c265,NA
2,107949332,107949332,1,snv_mnv,NA,NA,"broad,muse,sanger",3,COSN4909470,NA,NA,FALSE,0.1702,NA,8,39,NA,NA,NA,lincRNA,FALSE,FALSE,FALSE,FALSE,2,1,1,1_1,1a319682-f55e-4e0b-8476-48a0bea6c265,NA
2,108085962,108085962,1,snv_mnv,NA,NA,"broad,muse,sanger",3,COSN8755250,NA,LTR12C,FALSE,0.2812,NA,9,23,NA,NA,NA,lincRNA,FALSE,FALSE,FALSE,FALSE,2,1,1,1_1,1a319682-f55e-4e0b-8476-48a0bea6c265,NA
2,115080493,115080493,1,snv_mnv,NA,NA,"broad,muse,sanger",3,COSN16202537,NA,L1ME4a,FALSE,0.2985,NA,20,47,NA,NA,NA,IGR,FALSE,FALSE,FALSE,FALSE,2,1,1,1_1,1a319682-f55e-4e0b-8476-48a0bea6c265,NA
2,116005043,116005043,1,snv_mnv,NA,NA,"broad,muse,sanger",3,COSN16201206,NA,NA,FALSE,0.2353,NA,12,39,NA,NA,NA,Intron,FALSE,FALSE,FALSE,FALSE,2,1,1,1_1,1a319682-f55e-4e0b-8476-48a0bea6c265,NA
2,116480335,116480335,1,snv_mnv,NA,NA,"broad,muse,sanger",3,COSN4909591,NA,NA,FALSE,0.2222,NA,10,35,NA,NA,NA,Intron,FALSE,FALSE,FALSE,FALSE,2,1,1,1_1,1a319682-f55e-4e0b-8476-48a0bea6c265,NA
2,118187500,118187500,1,snv_mnv,NA,NA,"broad,muse,sanger",3,COSN16200831,NA,NA,FALSE,0.2571,NA,9,26,NA,NA,NA,IGR,FALSE,FALSE,FALSE,FALSE,2,1,1,1_1,1a319682-f55e-4e0b-8476-48a0bea6c265,NA
2,118662982,118662982,1,snv_mnv,NA,NA,"broad,muse,sanger",3,COSN16200994,NA,L1PA5,FALSE,0.2373,NA,14,45,NA,NA,NA,RNA,FALSE,FALSE,FALSE,FALSE,2,1,1,1_1,1a319682-f55e-4e0b-8476-48a0bea6c265,NA
2,119879592,119879592,1,snv_mnv,NA,NA,"broad,muse,sanger",3,COSN16201154,NA,NA,FALSE,0.2368,NA,9,29,NA,NA,NA,IGR,FALSE,FALSE,FALSE,FALSE,2,1,1,1_1,1a319682-f55e-4e0b-8476-48a0bea6c265,NA
2,122544141,122544141,1,snv_mnv,NA,NA,"broad,muse,sanger",3,COSN16200278,NA,NA,FALSE,0.2742,NA,17,45,NA,NA,NA,IGR,FALSE,FALSE,FALSE,FALSE,2,1,1,1_1,1a319682-f55e-4e0b-8476-48a0bea6c265,LINC01823
2,125567387,125567387,1,snv_mnv,NA,NA,"broad,muse,sanger",3,COSN16200435,NA,HAL1,FALSE,0.2459,NA,15,46,NA,NA,NA,Intron,FALSE,FALSE,FALSE,FALSE,2,1,1,1_1,1a319682-f55e-4e0b-8476-48a0bea6c265,NA
2,126207955,126207955,1,snv_mnv,NA,NA,"broad,muse,sanger",3,COSN16202418,NA,L1M4,FALSE,0.2373,NA,14,45,NA,NA,NA,IGR,FALSE,FALSE,FALSE,FALSE,2,1,1,1_1,1a319682-f55e-4e0b-8476-48a0bea6c265,NA
2,126421612,126421612,1,snv_mnv,NA,NA,"broad,muse,sanger",3,COSN16200400,NA,NA,FALSE,0.3651,NA,23,40,NA,NA,NA,IGR,FALSE,FALSE,FALSE,FALSE,2,1,1,1_1,1a319682-f55e-4e0b-8476-48a0bea6c265,NA
2,127451080,127451080,1,snv_mnv,NA,NA,"broad,muse,sanger",3,COSN4909694,NA,NA,FALSE,0.1967,NA,12,49,NA,NA,NA,Intron,FALSE,FALSE,FALSE,FALSE,2,1,1,1_1,1a319682-f55e-4e0b-8476-48a0bea6c265,NA
2,132416237,132416237,1,snv_mnv,NA,NA,"broad,muse,sanger",3,COSN16200750,NA,NA,FALSE,0.1463,NA,6,35,NA,NA,NA,IGR,FALSE,FALSE,FALSE,FALSE,2,1,1,1_1,1a319682-f55e-4e0b-8476-48a0bea6c265,NA
2,132904524,132904524,1,snv_mnv,NA,NA,"broad,muse,sanger",3,COSN16201782,NA,HERVIP10F-int,FALSE,0.2154,NA,14,51,NA,NA,NA,IGR,FALSE,FALSE,FALSE,FALSE,2,1,1,1_1,1a319682-f55e-4e0b-8476-48a0bea6c265,ANKRD30BL
2,134686761,134686761,1,snv_mnv,NA,NA,"broad,muse,sanger",3,COSN16202238,NA,L2a,FALSE,0.2222,NA,14,49,NA,NA,NA,IGR,FALSE,FALSE,FALSE,FALSE,2,1,1,1_1,1a319682-f55e-4e0b-8476-48a0bea6c265,NA
2,135099002,135099002,1,snv_mnv,NA,NA,"broad,muse,sanger",3,COSN4909775,NA,NA,FALSE,0.2593,NA,14,40,NA,NA,NA,Intron,FALSE,FALSE,FALSE,FALSE,2,1,1,1_1,1a319682-f55e-4e0b-8476-48a0bea6c265,NA
2,135299214,135299214,1,snv_mnv,NA,NA,"broad,muse,sanger",3,COSN4909776,NA,L1MC4a,FALSE,0.3043,NA,21,48,NA,NA,NA,Intron,FALSE,FALSE,FALSE,FALSE,2,1,1,1_1,1a319682-f55e-4e0b-8476-48a0bea6c265,NA
2,135878797,135878797,1,snv_mnv,NA,NA,"broad,muse,sanger",3,COSN4909796,NA,NA,FALSE,0.225,NA,9,31,NA,NA,NA,Intron,FALSE,FALSE,FALSE,FALSE,2,1,1,1_1,1a319682-f55e-4e0b-8476-48a0bea6c265,NA
2,137293898,137293898,1,snv_mnv,NA,NA,"broad,dkfz,muse,sanger",4,COSN16201517,NA,THE1D,FALSE,0.2794,NA,19,49,NA,NA,NA,IGR,FALSE,FALSE,FALSE,FALSE,2,1,1,1_1,1a319682-f55e-4e0b-8476-48a0bea6c265,NA
2,137371349,137371349,1,snv_mnv,NA,NA,"broad,dkfz,muse,sanger",4,COSN16202239,NA,NA,FALSE,0.2308,NA,9,30,NA,NA,NA,IGR,FALSE,FALSE,FALSE,FALSE,2,1,1,1_1,1a319682-f55e-4e0b-8476-48a0bea6c265,NA
2,137390289,137390289,1,snv_mnv,NA,NA,"broad,dkfz,muse,sanger",4,COSN16202208,NA,LTR16E2,FALSE,0.2593,NA,14,40,NA,NA,NA,IGR,FALSE,FALSE,FALSE,FALSE,2,1,1,1_1,1a319682-f55e-4e0b-8476-48a0bea6c265,NA
2,137704976,137704976,1,snv_mnv,NA,NA,"broad,dkfz,muse,sanger",4,COSN4909825,NA,NA,FALSE,0.2593,NA,14,40,NA,NA,NA,Intron,FALSE,FALSE,FALSE,FALSE,2,1,1,1_1,1a319682-f55e-4e0b-8476-48a0bea6c265,NA
2,138964757,138964757,1,snv_mnv,NA,NA,"broad,dkfz,muse,sanger",4,COSN16202079,NA,L2c,FALSE,0.2558,NA,11,32,NA,NA,NA,IGR,FALSE,FALSE,FALSE,FALSE,2,1,1,1_1,1a319682-f55e-4e0b-8476-48a0bea6c265,NA
2,139868590,139868590,1,snv_mnv,NA,NA,"broad,dkfz,muse,sanger",4,COSN16202457,rs760697638,L1MB1,FALSE,0.3636,NA,16,28,NA,NA,NA,IGR,FALSE,FALSE,FALSE,FALSE,2,1,1,1_1,1a319682-f55e-4e0b-8476-48a0bea6c265,NA
2,141346574,141346574,1,snv_mnv,NA,NA,"broad,dkfz,muse,sanger",4,COSN4909866,NA,L1MD2,FALSE,0.2364,NA,13,42,NA,NA,NA,Intron,FALSE,FALSE,FALSE,FALSE,2,1,1,1_1,1a319682-f55e-4e0b-8476-48a0bea6c265,NA
2,141519951,141519951,1,snv_mnv,NA,NA,"broad,dkfz,muse,sanger",4,COSN16200266,NA,MIR,FALSE,0.26,NA,13,37,NA,NA,NA,Intron,FALSE,FALSE,FALSE,FALSE,2,1,1,1_1,1a319682-f55e-4e0b-8476-48a0bea6c265,NA
2,141617387,141617387,1,snv_mnv,NA,NA,"broad,dkfz,muse,sanger",4,COSN16201515,NA,AluY,FALSE,0.4062,NA,13,19,NA,NA,NA,Intron,FALSE,FALSE,FALSE,FALSE,2,1,1,1_1,1a319682-f55e-4e0b-8476-48a0bea6c265,NA
2,142897587,142897587,1,snv_mnv,1.9968e-4,rs550918098,"broad,dkfz,muse,sanger",4,COSN16201492,rs550918098,NA,FALSE,0.2857,NA,16,40,NA,NA,NA,RNA,FALSE,FALSE,FALSE,FALSE,2,1,1,1_1,1a319682-f55e-4e0b-8476-48a0bea6c265,AC078882.1
2,143159997,143159997,1,snv_mnv,NA,NA,"broad,dkfz,muse,sanger",4,COSN16201179,NA,L1M2a,FALSE,0.3506,NA,27,50,NA,NA,NA,IGR,FALSE,FALSE,FALSE,FALSE,2,1,1,1_1,1a319682-f55e-4e0b-8476-48a0bea6c265,NA
2,143391104,143391104,1,snv_mnv,NA,NA,"broad,dkfz,muse,sanger",4,COSN16201539,NA,NA,FALSE,0.2245,NA,11,38,NA,NA,NA,IGR,FALSE,FALSE,FALSE,FALSE,2,1,1,1_1,1a319682-f55e-4e0b-8476-48a0bea6c265,NA
2,143551029,143551029,1,snv_mnv,NA,NA,"broad,dkfz,muse,sanger",4,COSN16202209,NA,MADE2,FALSE,0.1951,NA,8,33,NA,NA,NA,IGR,FALSE,FALSE,FALSE,FALSE,2,1,1,1_1,1a319682-f55e-4e0b-8476-48a0bea6c265,NA
2,144199799,144199799,1,snv_mnv,NA,NA,"broad,dkfz,muse,sanger",4,COSN4909930,NA,NA,FALSE,0.2222,NA,12,42,NA,NA,NA,Intron,FALSE,FALSE,FALSE,FALSE,2,1,1,1_1,1a319682-f55e-4e0b-8476-48a0bea6c265,NA
2,146704312,146704312,1,snv_mnv,NA,NA,"broad,dkfz,muse,sanger",4,COSN16201653,NA,L1PA6,FALSE,0.3594,NA,23,41,NA,NA,NA,IGR,FALSE,FALSE,FALSE,FALSE,2,1,1,1_1,1a319682-f55e-4e0b-8476-48a0bea6c265,NA
2,147857541,147857541,1,snv_mnv,5.9904e-4,rs552884083,"broad,dkfz,muse",3,COSN16202513,rs552884083,L2c,FALSE,0.2368,NA,9,29,NA,NA,NA,IGR,FALSE,FALSE,FALSE,FALSE,2,1,1,1_1,1a319682-f55e-4e0b-8476-48a0bea6c265,NA
2,148414715,148414715,1,snv_mnv,NA,NA,"broad,dkfz,muse,sanger",4,COSN16201367,NA,MLT1H,FALSE,0.3182,NA,14,30,NA,NA,NA,IGR,FALSE,FALSE,FALSE,FALSE,2,1,1,1_1,1a319682-f55e-4e0b-8476-48a0bea6c265,NA
2,150518993,150518993,1,snv_mnv,NA,NA,"broad,dkfz,muse,sanger",4,COSN4909991,NA,NA,FALSE,0.2632,NA,10,28,NA,NA,NA,RNA,FALSE,FALSE,FALSE,FALSE,2,1,1,1_1,1a319682-f55e-4e0b-8476-48a0bea6c265,NA
2,154918153,154918153,1,snv_mnv,NA,NA,"broad,dkfz,muse,sanger",4,COSN16201853,NA,MSTA,FALSE,0.1636,NA,9,46,NA,NA,NA,Intron,FALSE,FALSE,FALSE,FALSE,2,1,1,1_1,1a319682-f55e-4e0b-8476-48a0bea6c265,NA
2,154920427,154920427,1,snv_mnv,NA,NA,"broad,dkfz,muse,sanger",4,COSN4910038,NA,L1MA3,FALSE,0.2157,NA,11,40,NA,NA,NA,Intron,FALSE,FALSE,FALSE,FALSE,2,1,1,1_1,1a319682-f55e-4e0b-8476-48a0bea6c265,NA
2,158508110,158508110,1,snv_mnv,NA,NA,"broad,dkfz,muse,sanger",4,COSN16200589,NA,NA,FALSE,0.3,NA,15,35,NA,NA,NA,IGR,FALSE,FALSE,FALSE,FALSE,2,1,1,1_1,1a319682-f55e-4e0b-8476-48a0bea6c265,NA
2,161205755,161205755,1,snv_mnv,NA,NA,"broad,dkfz,sanger",3,COSN4910112,NA,NA,FALSE,0.2,NA,7,28,NA,NA,NA,Intron,FALSE,FALSE,FALSE,FALSE,2,1,1,1_1,1a319682-f55e-4e0b-8476-48a0bea6c265,NA
2,162171145,162171145,1,snv_mnv,NA,NA,"broad,dkfz,muse,sanger",4,COSN4910118,NA,L1MB5,FALSE,0.1667,NA,9,45,NA,NA,NA,Intron,FALSE,FALSE,FALSE,FALSE,2,1,1,1_1,1a319682-f55e-4e0b-8476-48a0bea6c265,NA
2,163951501,163951501,1,snv_mnv,NA,NA,"broad,dkfz,muse,sanger",4,COSN16201964,NA,NA,FALSE,0.3061,NA,15,34,NA,NA,NA,IGR,FALSE,FALSE,FALSE,FALSE,2,1,1,1_1,1a319682-f55e-4e0b-8476-48a0bea6c265,NA
2,165398164,165398164,1,snv_mnv,NA,NA,"broad,dkfz,muse,sanger",4,COSN16200859,NA,NA,FALSE,0.2899,NA,20,49,NA,NA,NA,Intron,FALSE,FALSE,FALSE,FALSE,2,1,1,1_1,1a319682-f55e-4e0b-8476-48a0bea6c265,NA
2,165488570,165488570,1,snv_mnv,NA,NA,"broad,dkfz,muse,sanger",4,COSN16201052,NA,L1MB8,FALSE,0.3443,NA,21,40,NA,NA,NA,IGR,FALSE,FALSE,FALSE,FALSE,2,1,1,1_1,1a319682-f55e-4e0b-8476-48a0bea6c265,NA
2,171814269,171814269,1,snv_mnv,NA,NA,"broad,dkfz,muse,sanger",4,COSN4910253,rs572714484,L1MB8,FALSE,0.2857,NA,20,50,NA,NA,NA,Intron,FALSE,FALSE,FALSE,FALSE,2,1,1,1_1,1a319682-f55e-4e0b-8476-48a0bea6c265,NA
2,171915050,171915050,1,snv_mnv,NA,NA,"broad,dkfz,muse,sanger",4,COSN4910254,NA,NA,FALSE,0.2708,NA,13,35,NA,NA,NA,Intron,FALSE,FALSE,FALSE,FALSE,2,1,1,1_1,1a319682-f55e-4e0b-8476-48a0bea6c265,TLK1
2,173609282,173609282,1,snv_mnv,NA,NA,"broad,dkfz,muse,sanger",4,COSN4910275,NA,L1M5,FALSE,0.2373,NA,14,45,NA,NA,NA,Intron,FALSE,FALSE,FALSE,FALSE,2,1,1,1_1,1a319682-f55e-4e0b-8476-48a0bea6c265,NA
2,175172561,175172561,1,snv_mnv,NA,NA,"broad,dkfz,muse,sanger",4,COSN16202288,NA,MER20,FALSE,0.4082,NA,20,29,NA,NA,NA,IGR,FALSE,FALSE,FALSE,FALSE,1,1,0,1_0,1a319682-f55e-4e0b-8476-48a0bea6c265,HNRNPA1P39
2,175955545,175955545,1,snv_mnv,NA,NA,"broad,dkfz,muse,sanger",4,COSN4910304,NA,NA,FALSE,0.2692,NA,14,38,NA,NA,NA,Intron,FALSE,FALSE,FALSE,FALSE,2,1,1,1_1,1a319682-f55e-4e0b-8476-48a0bea6c265,RF02271
2,177344446,177344446,1,snv_mnv,NA,NA,"broad,dkfz,muse,sanger",4,COSN16200466,NA,NA,FALSE,0.3182,NA,21,45,NA,NA,NA,IGR,FALSE,FALSE,FALSE,FALSE,2,1,1,1_1,1a319682-f55e-4e0b-8476-48a0bea6c265,NA
2,180132940,180132940,1,snv_mnv,NA,NA,"broad,dkfz,muse,sanger",4,COSN16200700,NA,FLAM_A,FALSE,0.2667,NA,12,33,NA,NA,NA,IGR,FALSE,FALSE,FALSE,FALSE,2,1,1,1_1,1a319682-f55e-4e0b-8476-48a0bea6c265,SESTD1
2,182030336,182030336,1,snv_mnv,NA,NA,"broad,dkfz,muse,sanger",4,COSN4910358,rs374266744,NA,FALSE,0.3404,NA,16,31,NA,NA,NA,lincRNA,FALSE,FALSE,FALSE,FALSE,2,1,1,1_1,1a319682-f55e-4e0b-8476-48a0bea6c265,NA
2,182148536,182148536,1,snv_mnv,NA,NA,"broad,dkfz,muse,sanger",4,COSN4910360,NA,L1P4,FALSE,0.06,NA,3,47,NA,NA,NA,lincRNA,FALSE,FALSE,FALSE,FALSE,2,1,1,1_1,1a319682-f55e-4e0b-8476-48a0bea6c265,NA
2,184105961,184105961,1,snv_mnv,NA,NA,"broad,dkfz,muse,sanger",4,COSN16201425,NA,NA,FALSE,0.38,NA,19,31,NA,NA,NA,IGR,FALSE,FALSE,FALSE,FALSE,2,1,1,1_1,1a319682-f55e-4e0b-8476-48a0bea6c265,NA
2,185286055,185286055,1,snv_mnv,1.9968e-4,rs528511158,"broad,dkfz,muse,sanger",4,COSN16201382,rs528511158,NA,FALSE,0.2308,NA,12,40,NA,NA,NA,IGR,FALSE,FALSE,FALSE,FALSE,2,1,1,1_1,1a319682-f55e-4e0b-8476-48a0bea6c265,NA
2,185504345,185504345,1,snv_mnv,NA,NA,"broad,dkfz,muse,sanger",4,COSN4910393,NA,NA,FALSE,0.2727,NA,15,40,NA,NA,NA,Intron,FALSE,FALSE,FALSE,FALSE,2,1,1,1_1,1a319682-f55e-4e0b-8476-48a0bea6c265,NA
2,187185966,187185966,1,snv_mnv,NA,NA,"broad,dkfz,muse,sanger",4,COSN16201383,NA,L1MA1,FALSE,0.2405,NA,19,60,NA,NA,NA,IGR,FALSE,FALSE,FALSE,FALSE,2,1,1,1_1,1a319682-f55e-4e0b-8476-48a0bea6c265,NA
2,187606180,187606180,1,snv_mnv,NA,NA,"broad,dkfz,muse,sanger",4,COSN16200949,rs527978018,L1ME4a,FALSE,0.2794,NA,19,49,NA,NA,NA,Intron,FALSE,FALSE,FALSE,FALSE,2,1,1,1_1,1a319682-f55e-4e0b-8476-48a0bea6c265,NA
2,187676389,187676389,1,snv_mnv,NA,NA,"broad,dkfz,muse,sanger",4,COSN16200353,NA,NA,FALSE,0.3284,NA,22,45,NA,NA,NA,IGR,FALSE,FALSE,FALSE,FALSE,2,1,1,1_1,1a319682-f55e-4e0b-8476-48a0bea6c265,NA
2,187911530,187911530,1,snv_mnv,NA,NA,"broad,dkfz,muse,sanger",4,COSN16202491,NA,L1MA3,FALSE,0.1633,NA,8,41,NA,NA,NA,RNA,FALSE,FALSE,FALSE,FALSE,2,1,1,1_1,1a319682-f55e-4e0b-8476-48a0bea6c265,NA
2,188669671,188669671,1,snv_mnv,NA,NA,"broad,dkfz,muse,sanger",4,COSN4910423,NA,NA,FALSE,0.1731,NA,9,43,NA,NA,NA,IGR,FALSE,FALSE,FALSE,FALSE,2,1,1,1_1,1a319682-f55e-4e0b-8476-48a0bea6c265,NA
2,188674532,188674532,1,snv_mnv,NA,NA,"broad,dkfz,muse,sanger",4,COSN4910424,NA,L1MC3,FALSE,0.2105,NA,12,45,NA,NA,NA,IGR,FALSE,FALSE,FALSE,FALSE,2,1,1,1_1,1a319682-f55e-4e0b-8476-48a0bea6c265,NA
2,188936340,188936340,1,snv_mnv,NA,NA,"broad,dkfz,muse,sanger",4,COSN16201963,NA,L1PA15,FALSE,0.2264,NA,12,41,NA,NA,NA,IGR,FALSE,FALSE,FALSE,FALSE,2,1,1,1_1,1a319682-f55e-4e0b-8476-48a0bea6c265,NA
2,190656071,190656071,1,snv_mnv,NA,NA,"broad,dkfz,muse,sanger",4,COSN4910462,NA,AluSx1,FALSE,0.225,NA,9,31,NA,NA,NA,Intron,FALSE,FALSE,FALSE,FALSE,2,1,1,1_1,1a319682-f55e-4e0b-8476-48a0bea6c265,NA
2,191418118,191418118,1,snv_mnv,NA,NA,"broad,dkfz,muse,sanger",4,COSN4910481,NA,7SK,FALSE,0.2973,NA,11,26,NA,NA,NA,RNA,FALSE,FALSE,FALSE,FALSE,2,1,1,1_1,1a319682-f55e-4e0b-8476-48a0bea6c265,NA
2,192553428,192553428,1,snv_mnv,NA,NA,"broad,dkfz,muse,sanger",4,COSN16201342,NA,NA,FALSE,0.2,NA,10,40,NA,NA,NA,IGR,FALSE,FALSE,FALSE,FALSE,2,1,1,1_1,1a319682-f55e-4e0b-8476-48a0bea6c265,NABP1
2,192814302,192814302,1,snv_mnv,NA,NA,"broad,dkfz,muse,sanger",4,COSN4910495,NA,NA,FALSE,0.25,NA,16,48,NA,NA,NA,IGR,FALSE,FALSE,FALSE,FALSE,2,1,1,1_1,1a319682-f55e-4e0b-8476-48a0bea6c265,TMEFF2
2,198266834,198266834,1,snv_mnv,1.9968e-4,rs559063155,"broad,dkfz,muse,sanger",4,COSM84677,rs559063155,NA,FALSE,0.3509,NA,20,37,NA,NA,NA,Missense_Mutation,FALSE,FALSE,FALSE,FALSE,2,1,1,1_1,1a319682-f55e-4e0b-8476-48a0bea6c265,"SF3B1,RF00394"
2,199259316,199259316,1,snv_mnv,NA,NA,"broad,dkfz,muse,sanger",4,COSN16200549,NA,AluSx,FALSE,0.375,NA,15,25,NA,NA,NA,Intron,FALSE,FALSE,FALSE,FALSE,2,1,1,1_1,1a319682-f55e-4e0b-8476-48a0bea6c265,NA
2,201972821,201972821,1,snv_mnv,NA,NA,"broad,dkfz,muse,sanger",4,COSN4910600,NA,NA,FALSE,0.2192,NA,16,57,NA,NA,NA,IGR,FALSE,FALSE,FALSE,FALSE,2,1,1,1_1,1a319682-f55e-4e0b-8476-48a0bea6c265,AC007272.1
2,204799701,204799701,1,snv_mnv,NA,NA,"broad,dkfz,muse,sanger",4,COSN16200456,NA,MIR,FALSE,0.2917,NA,14,34,NA,NA,NA,5'Flank,FALSE,FALSE,FALSE,FALSE,2,1,1,1_1,1a319682-f55e-4e0b-8476-48a0bea6c265,ICOS
2,205705376,205705376,1,snv_mnv,0.0015974,rs144763716,"broad,dkfz,muse,sanger",4,COSN16201784,rs144763716,NA,FALSE,0.3273,NA,18,37,NA,NA,NA,Intron,FALSE,FALSE,FALSE,FALSE,2,1,1,1_1,1a319682-f55e-4e0b-8476-48a0bea6c265,NA
2,207907437,207907437,1,snv_mnv,NA,NA,"broad,dkfz,muse,sanger",4,COSN16202355,NA,NA,FALSE,0.2982,NA,17,40,NA,NA,NA,IGR,FALSE,FALSE,FALSE,FALSE,2,1,1,1_1,1a319682-f55e-4e0b-8476-48a0bea6c265,NA
2,208690316,208690316,1,snv_mnv,NA,NA,"broad,dkfz,muse,sanger",4,COSN16202447,NA,NA,FALSE,0.2449,NA,12,37,NA,NA,NA,IGR,FALSE,FALSE,FALSE,FALSE,2,1,1,1_1,1a319682-f55e-4e0b-8476-48a0bea6c265,PLEKHM3
2,209590767,209590767,1,snv_mnv,NA,NA,"broad,dkfz,muse,sanger",4,COSN4910715,NA,NA,FALSE,0.1961,NA,10,41,NA,NA,NA,IGR,FALSE,FALSE,FALSE,FALSE,2,1,1,1_1,1a319682-f55e-4e0b-8476-48a0bea6c265,NA
2,210995485,210995485,1,snv_mnv,NA,NA,"broad,dkfz,muse,sanger",4,COSN4910742,NA,NA,FALSE,0.25,NA,12,36,NA,NA,NA,Intron,FALSE,FALSE,FALSE,FALSE,2,1,1,1_1,1a319682-f55e-4e0b-8476-48a0bea6c265,NA
2,211588611,211588611,1,snv_mnv,1.9968e-4,rs191914826,"broad,dkfz,muse,sanger",4,COSN16200279,rs191914826,AluSc,FALSE,0.2353,NA,12,39,NA,NA,NA,IGR,FALSE,FALSE,FALSE,FALSE,2,1,1,1_1,1a319682-f55e-4e0b-8476-48a0bea6c265,NA
2,212753048,212753048,1,snv_mnv,1.9968e-4,rs554381215,"broad,dkfz,muse,sanger",4,COSN4910768,rs554381215,NA,FALSE,0.2923,NA,19,46,NA,NA,NA,Intron,FALSE,FALSE,FALSE,FALSE,2,1,1,1_1,1a319682-f55e-4e0b-8476-48a0bea6c265,NA
2,213093098,213093098,1,snv_mnv,NA,NA,"broad,dkfz,muse,sanger",4,COSN4910777,NA,NA,FALSE,0.2683,NA,11,30,NA,NA,NA,Intron,FALSE,FALSE,FALSE,FALSE,2,1,1,1_1,1a319682-f55e-4e0b-8476-48a0bea6c265,NA
2,214783654,214783654,1,snv_mnv,NA,NA,"broad,dkfz,muse,sanger",4,COSN4910815,NA,L1PA13,FALSE,0.2647,NA,18,50,NA,NA,NA,Intron,FALSE,FALSE,FALSE,FALSE,2,1,1,1_1,1a319682-f55e-4e0b-8476-48a0bea6c265,NA
2,218677185,218677185,1,snv_mnv,NA,NA,"broad,dkfz,muse,sanger",4,COSN16201427,rs746337532,NA,FALSE,0.2603,NA,19,54,NA,NA,NA,Intron,FALSE,FALSE,FALSE,FALSE,2,1,1,1_1,1a319682-f55e-4e0b-8476-48a0bea6c265,TNS1
2,219716830,219716830,1,snv_mnv,NA,NA,"broad,muse,sanger",3,COSN16202256,NA,AluSc,FALSE,0.2759,NA,16,42,NA,NA,NA,IGR,FALSE,FALSE,FALSE,FALSE,2,1,1,1_1,1a319682-f55e-4e0b-8476-48a0bea6c265,NA
2,221804290,221804290,1,snv_mnv,NA,NA,"broad,dkfz,muse,sanger",4,COSN16202331,NA,NA,FALSE,0.3226,NA,20,42,NA,NA,NA,IGR,FALSE,FALSE,FALSE,FALSE,2,1,1,1_1,1a319682-f55e-4e0b-8476-48a0bea6c265,NA
2,225053417,225053417,1,snv_mnv,NA,NA,"broad,dkfz,muse,sanger",4,COSN16201629,NA,NA,FALSE,0.2955,NA,13,31,NA,NA,NA,IGR,FALSE,FALSE,FALSE,FALSE,2,1,1,1_1,1a319682-f55e-4e0b-8476-48a0bea6c265,NA
2,225320134,225320134,1,snv_mnv,NA,NA,"broad,dkfz,muse,sanger",4,COSN16201559,NA,L1M6,FALSE,0.2787,NA,17,44,NA,NA,NA,IGR,FALSE,FALSE,FALSE,FALSE,2,1,1,1_1,1a319682-f55e-4e0b-8476-48a0bea6c265,NA
2,226369919,226369919,1,snv_mnv,NA,NA,"broad,dkfz,muse,sanger",4,COSN4910975,NA,NA,FALSE,0.2727,NA,18,48,NA,NA,NA,Intron,FALSE,FALSE,FALSE,FALSE,2,1,1,1_1,1a319682-f55e-4e0b-8476-48a0bea6c265,NA
2,227319349,227319349,1,snv_mnv,NA,NA,"broad,dkfz,muse,sanger",4,COSN16201196,NA,L1PA7,FALSE,0.2128,NA,10,37,NA,NA,NA,IGR,FALSE,FALSE,FALSE,FALSE,2,1,1,1_1,1a319682-f55e-4e0b-8476-48a0bea6c265,NA
2,229247449,229247449,1,snv_mnv,NA,NA,"broad,dkfz,muse,sanger",4,COSN16200318,NA,NA,FALSE,0.2,NA,10,40,NA,NA,NA,IGR,FALSE,FALSE,FALSE,FALSE,2,1,1,1_1,1a319682-f55e-4e0b-8476-48a0bea6c265,NA
2,230167208,230167208,1,snv_mnv,NA,NA,"broad,dkfz,muse,sanger",4,COSN16200477,NA,NA,FALSE,0.3333,NA,23,46,NA,NA,NA,IGR,FALSE,FALSE,FALSE,FALSE,2,1,1,1_1,1a319682-f55e-4e0b-8476-48a0bea6c265,NA
2,231542572,231542572,1,snv_mnv,NA,NA,"broad,dkfz,muse,sanger",4,COSN16202257,NA,AluSx1,FALSE,0.1905,NA,12,51,NA,NA,NA,IGR,FALSE,FALSE,FALSE,FALSE,2,1,1,1_1,1a319682-f55e-4e0b-8476-48a0bea6c265,NA
2,236323585,236323585,1,snv_mnv,NA,NA,"broad,dkfz,muse,sanger",4,COSN16202197,NA,L1MB7,FALSE,0.2048,NA,17,66,NA,NA,NA,IGR,FALSE,FALSE,FALSE,FALSE,2,1,1,1_1,1a319682-f55e-4e0b-8476-48a0bea6c265,NA
2,238984944,238984944,1,snv_mnv,NA,NA,"broad,dkfz,muse,sanger",4,COSN4911111,NA,AluSz6,FALSE,0.1951,NA,16,66,NA,NA,NA,Intron,FALSE,FALSE,FALSE,FALSE,2,1,1,1_1,1a319682-f55e-4e0b-8476-48a0bea6c265,SCLY
2,241033099,241033099,1,snv_mnv,NA,NA,"broad,dkfz,muse,sanger",4,COSN16201368,NA,L1P3,FALSE,0.2836,NA,19,48,NA,NA,NA,IGR,FALSE,FALSE,FALSE,FALSE,2,1,1,1_1,1a319682-f55e-4e0b-8476-48a0bea6c265,NA
2,242016167,242016167,1,snv_mnv,NA,NA,"broad,muse,sanger",3,COSN16201326,NA,L1MC4,FALSE,0.3393,NA,19,37,NA,NA,NA,Intron,FALSE,FALSE,FALSE,FALSE,2,1,1,1_1,1a319682-f55e-4e0b-8476-48a0bea6c265,NA
20,149666,149666,1,snv_mnv,NA,NA,"broad,dkfz,muse,sanger",4,COSN16201281,NA,L1M3b,FALSE,0.2456,NA,14,43,NA,NA,NA,IGR,FALSE,FALSE,FALSE,FALSE,2,1,1,1_1,1a319682-f55e-4e0b-8476-48a0bea6c265,NA
20,229558,229558,1,snv_mnv,NA,NA,"broad,muse,sanger",3,COSN16201081,NA,AluSq10,FALSE,0.3191,NA,15,32,NA,NA,NA,IGR,FALSE,FALSE,FALSE,FALSE,2,1,1,1_1,1a319682-f55e-4e0b-8476-48a0bea6c265,NA
20,3142932,3142932,1,snv_mnv,NA,NA,"broad,dkfz,muse,sanger",4,COSN16200690,NA,NA,FALSE,0.1875,NA,9,39,NA,NA,NA,5'Flank,FALSE,FALSE,FALSE,FALSE,2,1,1,1_1,1a319682-f55e-4e0b-8476-48a0bea6c265,"LZTS3,UBOX5,FASTKD5"
20,3687426,3687426,1,snv_mnv,NA,NA,"broad,dkfz,muse",3,COSN16200259,NA,NA,FALSE,0.3939,NA,13,20,NA,NA,NA,Intron,FALSE,FALSE,FALSE,FALSE,2,1,1,1_1,1a319682-f55e-4e0b-8476-48a0bea6c265,NA
20,6264439,6264439,1,snv_mnv,NA,NA,"broad,dkfz,muse,sanger",4,COSN16200361,rs773107392,MER21B,FALSE,0.1912,NA,13,55,NA,NA,NA,IGR,FALSE,FALSE,FALSE,FALSE,2,1,1,1_1,1a319682-f55e-4e0b-8476-48a0bea6c265,NA
20,6562922,6562922,1,snv_mnv,NA,NA,"broad,dkfz,muse,sanger",4,COSN16201082,NA,L2a,FALSE,0.1765,NA,9,42,NA,NA,NA,IGR,FALSE,FALSE,FALSE,FALSE,2,1,1,1_1,1a319682-f55e-4e0b-8476-48a0bea6c265,NA
20,7957224,7957224,1,snv_mnv,NA,NA,"broad,dkfz,muse,sanger",4,COSN16201329,NA,MLT1J1,FALSE,0.2619,NA,11,31,NA,NA,NA,IGR,FALSE,FALSE,FALSE,FALSE,2,1,1,1_1,1a319682-f55e-4e0b-8476-48a0bea6c265,NA
20,8868415,8868415,1,snv_mnv,NA,NA,"broad,dkfz,muse,sanger",4,COSN4908096,NA,L1MA3,FALSE,0.2222,NA,16,56,NA,NA,NA,IGR,FALSE,FALSE,FALSE,FALSE,2,1,1,1_1,1a319682-f55e-4e0b-8476-48a0bea6c265,PLCB1
20,12224919,12224919,1,snv_mnv,NA,NA,"broad,dkfz,muse,sanger",4,COSN16200919,NA,NA,FALSE,0.3387,NA,21,41,NA,NA,NA,lincRNA,FALSE,FALSE,FALSE,FALSE,2,1,1,1_1,1a319682-f55e-4e0b-8476-48a0bea6c265,NA
20,12262530,12262530,1,snv_mnv,NA,NA,"broad,dkfz,muse",3,COSN16201904,NA,L1MA3,FALSE,0.1695,NA,10,49,NA,NA,NA,IGR,FALSE,FALSE,FALSE,FALSE,2,1,1,1_1,1a319682-f55e-4e0b-8476-48a0bea6c265,NA
20,13867363,13867363,1,snv_mnv,NA,NA,"broad,dkfz,muse,sanger",4,COSN16200849,NA,AluSz,FALSE,0.2857,NA,12,30,NA,NA,NA,Intron,FALSE,FALSE,FALSE,FALSE,2,1,1,1_1,1a319682-f55e-4e0b-8476-48a0bea6c265,NA
20,14709201,14709201,1,snv_mnv,NA,NA,"broad,dkfz,muse,sanger",4,COSN16201768,NA,NA,FALSE,0.1905,NA,8,34,NA,NA,NA,Intron,FALSE,FALSE,FALSE,FALSE,2,1,1,1_1,1a319682-f55e-4e0b-8476-48a0bea6c265,NA
20,14715496,14715496,1,snv_mnv,NA,NA,"broad,dkfz,muse,sanger",4,COSN16201101,NA,L1MB5,FALSE,0.1607,NA,9,47,NA,NA,NA,Intron,FALSE,FALSE,FALSE,FALSE,2,1,1,1_1,1a319682-f55e-4e0b-8476-48a0bea6c265,NA
20,17829595,17829595,1,snv_mnv,NA,NA,"broad,dkfz,muse,sanger",4,COSN16201218,NA,NA,FALSE,0.2162,NA,8,29,NA,NA,NA,IGR,FALSE,FALSE,FALSE,FALSE,2,1,1,1_1,1a319682-f55e-4e0b-8476-48a0bea6c265,NA
20,19350912,19350912,1,snv_mnv,NA,NA,"broad,dkfz,muse,sanger",4,COSN4907658,NA,NA,FALSE,0.2295,NA,14,47,NA,NA,NA,Intron,FALSE,FALSE,FALSE,FALSE,2,1,1,1_1,1a319682-f55e-4e0b-8476-48a0bea6c265,NA
20,19958082,19958082,1,snv_mnv,NA,NA,"broad,dkfz,muse,sanger",4,COSN16200828,NA,NA,FALSE,0.2545,NA,14,41,NA,NA,NA,Intron,FALSE,FALSE,FALSE,FALSE,2,1,1,1_1,1a319682-f55e-4e0b-8476-48a0bea6c265,NA
20,23092665,23092665,1,snv_mnv,NA,NA,"broad,dkfz,muse,sanger",4,COSN16200670,NA,NA,FALSE,0.2407,NA,13,41,NA,NA,NA,IGR,FALSE,FALSE,FALSE,FALSE,2,1,1,1_1,1a319682-f55e-4e0b-8476-48a0bea6c265,NA
20,24593003,24593003,1,snv_mnv,NA,NA,"broad,dkfz,muse,sanger",4,COSN16201272,NA,NA,FALSE,0.2632,NA,10,28,NA,NA,NA,Intron,FALSE,FALSE,FALSE,FALSE,2,1,1,1_1,1a319682-f55e-4e0b-8476-48a0bea6c265,NA
20,29867707,29867707,1,snv_mnv,NA,NA,"broad,dkfz,muse,sanger",4,COSN16200429,rs764415852,L1PREC2,FALSE,0.34,NA,17,33,NA,NA,NA,IGR,FALSE,FALSE,FALSE,FALSE,2,1,1,1_1,1a319682-f55e-4e0b-8476-48a0bea6c265,NA
20,31134711,31134711,1,snv_mnv,NA,NA,"broad,dkfz,muse,sanger",4,COSN4907744,NA,L2b,FALSE,0.4444,NA,20,25,NA,NA,NA,Intron,FALSE,FALSE,FALSE,FALSE,2,1,1,1_1,1a319682-f55e-4e0b-8476-48a0bea6c265,NA
20,31475521,31475521,1,snv_mnv,NA,NA,"broad,dkfz,muse,sanger",4,COSN16202076,NA,NA,FALSE,0.3,NA,9,21,NA,NA,NA,Intron,FALSE,FALSE,FALSE,FALSE,2,1,1,1_1,1a319682-f55e-4e0b-8476-48a0bea6c265,NA
20,32646142,32646142,1,snv_mnv,NA,NA,"broad,dkfz,muse,sanger",4,COSN4907775,NA,NA,FALSE,0.2875,NA,23,57,NA,NA,NA,Intron,FALSE,FALSE,FALSE,FALSE,2,1,1,1_1,1a319682-f55e-4e0b-8476-48a0bea6c265,NA
20,33116513,33116513,1,snv_mnv,NA,NA,"broad,dkfz,muse,sanger",4,COSN4907788,NA,AluJo,FALSE,0.2222,NA,10,35,NA,NA,NA,Intron,FALSE,FALSE,FALSE,FALSE,2,1,1,1_1,1a319682-f55e-4e0b-8476-48a0bea6c265,RF00019
20,35439231,35439231,1,snv_mnv,NA,NA,"broad,dkfz,muse",3,COSN16200968,NA,AluSz6,FALSE,0.2,NA,10,40,NA,NA,NA,Intron,FALSE,FALSE,FALSE,FALSE,2,1,1,1_1,1a319682-f55e-4e0b-8476-48a0bea6c265,NA
20,37066751,37066751,1,snv_mnv,NA,NA,"broad,dkfz,muse,sanger",4,COSN16200450,NA,NA,FALSE,0.2889,NA,13,32,NA,NA,NA,IGR,FALSE,FALSE,FALSE,FALSE,2,1,1,1_1,1a319682-f55e-4e0b-8476-48a0bea6c265,"SNHG17,SNORA71D,RF00056"
20,37773162,37773162,1,snv_mnv,NA,NA,"broad,dkfz,muse,sanger",4,COSN16201202,NA,AluSc8,FALSE,0.2167,NA,13,47,NA,NA,NA,IGR,FALSE,FALSE,FALSE,FALSE,2,1,1,1_1,1a319682-f55e-4e0b-8476-48a0bea6c265,NA
20,43445927,43445927,1,snv_mnv,NA,NA,"broad,dkfz,muse,sanger",4,COSN16200272,NA,MIR,FALSE,0.2903,NA,18,44,NA,NA,NA,IGR,FALSE,FALSE,FALSE,FALSE,2,1,1,1_1,1a319682-f55e-4e0b-8476-48a0bea6c265,NA
20,44858366,44858366,1,snv_mnv,NA,NA,"broad,dkfz,muse",3,COSN16202431,NA,NA,FALSE,0.2692,NA,14,38,NA,NA,NA,Intron,FALSE,FALSE,FALSE,FALSE,2,1,1,1_1,1a319682-f55e-4e0b-8476-48a0bea6c265,NA
20,47118897,47118897,1,snv_mnv,NA,NA,"broad,muse,sanger",3,COSN4907954,NA,NA,FALSE,0.2917,NA,14,34,NA,NA,NA,IGR,FALSE,FALSE,FALSE,FALSE,2,1,1,1_1,1a319682-f55e-4e0b-8476-48a0bea6c265,RNU7-144P
20,47455449,47455449,1,snv_mnv,NA,NA,"broad,dkfz,muse,sanger",4,COSN16202545,NA,AluSz6,FALSE,0.3913,NA,18,28,NA,NA,NA,IGR,FALSE,FALSE,FALSE,FALSE,2,1,1,1_1,1a319682-f55e-4e0b-8476-48a0bea6c265,NA
20,47768295,47768295,1,snv_mnv,NA,NA,"broad,dkfz,muse,sanger",4,COSN4907962,NA,NA,FALSE,0.2778,NA,15,39,NA,NA,NA,Intron,FALSE,FALSE,FALSE,FALSE,2,1,1,1_1,1a319682-f55e-4e0b-8476-48a0bea6c265,NA
20,49147602,49147602,1,snv_mnv,NA,NA,"broad,dkfz,muse,sanger",4,COSN4907980,NA,NA,FALSE,0.2653,NA,13,36,NA,NA,NA,Intron,FALSE,FALSE,FALSE,FALSE,2,1,1,1_1,1a319682-f55e-4e0b-8476-48a0bea6c265,NA
20,49538372,49538372,1,snv_mnv,NA,NA,"broad,dkfz,muse,sanger",4,COSN16201067,NA,NA,FALSE,0.1951,NA,8,33,NA,NA,NA,Intron,FALSE,FALSE,FALSE,FALSE,2,1,1,1_1,1a319682-f55e-4e0b-8476-48a0bea6c265,NA
20,51572345,51572345,1,snv_mnv,NA,NA,"broad,dkfz,muse,sanger",4,COSN16201600,NA,L2a,FALSE,0.26,NA,13,37,NA,NA,NA,IGR,FALSE,FALSE,FALSE,FALSE,2,1,1,1_1,1a319682-f55e-4e0b-8476-48a0bea6c265,NA
20,54125086,54125086,1,snv_mnv,NA,NA,"broad,dkfz,muse,sanger",4,COSN16201415,NA,NA,FALSE,0.2745,NA,14,37,NA,NA,NA,IGR,FALSE,FALSE,FALSE,FALSE,2,1,1,1_1,1a319682-f55e-4e0b-8476-48a0bea6c265,NA
20,55479454,55479454,1,snv_mnv,NA,NA,"broad,dkfz,muse,sanger",4,COSN16201390,NA,MLT1E2,FALSE,0.25,NA,11,33,NA,NA,NA,IGR,FALSE,FALSE,FALSE,FALSE,2,1,1,1_1,1a319682-f55e-4e0b-8476-48a0bea6c265,NA
20,55711667,55711667,1,snv_mnv,NA,NA,"broad,dkfz,muse,sanger",4,COSN16201324,NA,NA,FALSE,0.22,NA,11,39,NA,NA,NA,IGR,FALSE,FALSE,FALSE,FALSE,2,1,1,1_1,1a319682-f55e-4e0b-8476-48a0bea6c265,NA
20,56805134,56805134,1,snv_mnv,NA,NA,"broad,dkfz,muse,sanger",4,COSN16201139,NA,NA,FALSE,0.2308,NA,15,50,NA,NA,NA,5'Flank,FALSE,FALSE,FALSE,FALSE,2,1,1,1_1,1a319682-f55e-4e0b-8476-48a0bea6c265,"PPP4R1L,ANKRD60"
20,57301745,57301745,1,snv_mnv,NA,NA,"broad,dkfz,muse,sanger",4,COSN16201960,NA,MER58C,FALSE,0.3014,NA,22,51,NA,NA,NA,IGR,FALSE,FALSE,FALSE,FALSE,2,1,1,1_1,1a319682-f55e-4e0b-8476-48a0bea6c265,NA
20,57420293,57420293,1,snv_mnv,NA,NA,"broad,dkfz,muse,sanger",4,COSN16201628,NA,NA,FALSE,0.1728,NA,14,67,NA,NA,NA,Intron,FALSE,FALSE,FALSE,FALSE,2,1,1,1_1,1a319682-f55e-4e0b-8476-48a0bea6c265,"GNAS-AS1,RF02128"
20,58548155,58548155,1,snv_mnv,NA,NA,"broad,dkfz,muse,sanger",4,COSN16201312,NA,NA,FALSE,0.1864,NA,11,48,NA,NA,NA,Intron,FALSE,FALSE,FALSE,FALSE,2,1,1,1_1,1a319682-f55e-4e0b-8476-48a0bea6c265,NA
20,59086735,59086735,1,snv_mnv,NA,NA,"broad,dkfz,muse,sanger",4,COSN16202284,rs745436959,NA,FALSE,0.2917,NA,14,34,NA,NA,NA,IGR,FALSE,FALSE,FALSE,FALSE,2,1,1,1_1,1a319682-f55e-4e0b-8476-48a0bea6c265,NA
20,59199585,59199585,1,snv_mnv,3.9936e-4,rs147670514,"broad,dkfz,muse,sanger",4,COSN16201036,rs147670514,NA,FALSE,0.1818,NA,10,45,NA,NA,NA,IGR,FALSE,FALSE,FALSE,FALSE,2,1,1,1_1,1a319682-f55e-4e0b-8476-48a0bea6c265,NA
21,16709765,16709765,1,snv_mnv,NA,NA,"broad,dkfz,muse,sanger",4,COSN16201513,NA,L1M4,FALSE,0.3051,NA,18,41,NA,NA,NA,IGR,FALSE,FALSE,FALSE,FALSE,2,1,1,1_1,1a319682-f55e-4e0b-8476-48a0bea6c265,NA
21,17376550,17376550,1,snv_mnv,NA,NA,"broad,dkfz,muse,sanger",4,COSN16201757,NA,NA,FALSE,0.2632,NA,15,42,NA,NA,NA,IGR,FALSE,FALSE,FALSE,FALSE,2,1,1,1_1,1a319682-f55e-4e0b-8476-48a0bea6c265,NA
21,17859717,17859717,1,snv_mnv,NA,NA,"dkfz,sanger",2,COSN4908161,NA,NA,FALSE,0.1538,NA,10,55,NA,NA,NA,lincRNA,FALSE,FALSE,FALSE,FALSE,2,1,1,1_1,1a319682-f55e-4e0b-8476-48a0bea6c265,NA
21,20539175,20539175,1,snv_mnv,NA,NA,"broad,dkfz,muse,sanger",4,COSN16200990,NA,MER21C,FALSE,0.2143,NA,12,44,NA,NA,NA,IGR,FALSE,FALSE,FALSE,FALSE,2,1,1,1_1,1a319682-f55e-4e0b-8476-48a0bea6c265,NA
21,23932403,23932403,1,snv_mnv,NA,NA,"broad,dkfz,muse,sanger",4,COSN16202576,NA,L1PREC2,FALSE,0.2687,NA,18,49,NA,NA,NA,IGR,FALSE,FALSE,FALSE,FALSE,2,1,1,1_1,1a319682-f55e-4e0b-8476-48a0bea6c265,NA
21,24107077,24107077,1,snv_mnv,NA,NA,"broad,dkfz,muse,sanger",4,COSN16200942,NA,NA,FALSE,0.3065,NA,19,43,NA,NA,NA,IGR,FALSE,FALSE,FALSE,FALSE,2,1,1,1_1,1a319682-f55e-4e0b-8476-48a0bea6c265,NA
21,28047116,28047116,1,snv_mnv,NA,NA,"broad,dkfz,muse,sanger",4,COSN16200286,NA,AluSx,FALSE,0.1515,NA,5,28,NA,NA,NA,IGR,FALSE,FALSE,FALSE,FALSE,2,1,1,1_1,1a319682-f55e-4e0b-8476-48a0bea6c265,NA
21,28674734,28674734,1,snv_mnv,NA,NA,"broad,dkfz,muse,sanger",4,COSN16201140,NA,NA,FALSE,0.2794,NA,19,49,NA,NA,NA,IGR,FALSE,FALSE,FALSE,FALSE,2,1,1,1_1,1a319682-f55e-4e0b-8476-48a0bea6c265,NA
21,31366277,31366277,1,snv_mnv,NA,NA,"broad,dkfz,muse,sanger",4,COSN16200742,NA,NA,FALSE,0.2174,NA,15,54,NA,NA,NA,IGR,FALSE,FALSE,FALSE,FALSE,2,1,1,1_1,1a319682-f55e-4e0b-8476-48a0bea6c265,NA
21,39564802,39564802,1,snv_mnv,NA,NA,"broad,dkfz,muse,sanger",4,COSN16201190,NA,MLT1B,FALSE,0.2558,NA,11,32,NA,NA,NA,IGR,FALSE,FALSE,FALSE,FALSE,2,1,1,1_1,1a319682-f55e-4e0b-8476-48a0bea6c265,NA
21,42633773,42633773,1,snv_mnv,NA,NA,"broad,dkfz,muse,sanger",4,COSN4908472,NA,L1MC4,FALSE,0.4,NA,20,30,NA,NA,NA,Intron,FALSE,FALSE,FALSE,FALSE,1,1,0,1_0,1a319682-f55e-4e0b-8476-48a0bea6c265,BACE2
21,43762219,43762219,1,snv_mnv,NA,NA,"broad,dkfz,muse,sanger",4,COSN16202441,NA,Tigger3b,FALSE,0.2222,NA,12,42,NA,NA,NA,IGR,FALSE,FALSE,FALSE,FALSE,2,1,1,1_1,1a319682-f55e-4e0b-8476-48a0bea6c265,TFF2
21,44906033,44906033,1,snv_mnv,NA,NA,"broad,dkfz,muse,sanger",4,COSN16201416,rs765526438,NA,FALSE,0.2653,NA,13,36,NA,NA,NA,IGR,FALSE,FALSE,FALSE,FALSE,2,1,1,1_1,1a319682-f55e-4e0b-8476-48a0bea6c265,NA
21,45853156,45853156,1,snv_mnv,NA,NA,"broad,dkfz,muse,sanger",4,COSN16202614,NA,NA,FALSE,0.4359,NA,17,22,NA,NA,NA,Intron,FALSE,FALSE,FALSE,FALSE,2,1,1,1_1,1a319682-f55e-4e0b-8476-48a0bea6c265,RF00285
22,22482624,22482624,1,snv_mnv,1.9968e-4,rs550001438,"broad,dkfz,muse,sanger",4,COSN16202467,rs550001438,AluSg,FALSE,0.3091,NA,17,38,NA,NA,NA,IGR,FALSE,FALSE,FALSE,FALSE,2,1,1,1_1,1a319682-f55e-4e0b-8476-48a0bea6c265,NA
22,22867554,22867554,1,snv_mnv,NA,NA,"broad,dkfz,muse,sanger",4,COSN4908614,NA,L1ME3,FALSE,0.1892,NA,14,60,NA,NA,NA,IGR,FALSE,FALSE,FALSE,FALSE,2,1,1,1_1,1a319682-f55e-4e0b-8476-48a0bea6c265,"ZNF280B,ZNF280A"
22,23214939,23214939,1,snv_mnv,NA,NA,"broad,dkfz,muse,sanger",4,COSN16200507,NA,NA,FALSE,0.2174,NA,10,36,NA,NA,NA,RNA,FALSE,FALSE,FALSE,FALSE,2,1,1,1_1,1a319682-f55e-4e0b-8476-48a0bea6c265,"IGLV4-3,IGLV3-2"
22,23504249,23504249,1,snv_mnv,NA,NA,"broad,dkfz,muse,sanger",4,COSN4908623,NA,NA,FALSE,0.2619,NA,11,31,NA,NA,NA,3'UTR,FALSE,FALSE,FALSE,FALSE,2,1,1,1_1,1a319682-f55e-4e0b-8476-48a0bea6c265,RAB36
22,25142507,25142507,1,snv_mnv,NA,NA,"broad,dkfz,muse,sanger",4,COSN4908645,NA,L1MA2,FALSE,0.2817,NA,20,51,NA,NA,NA,Intron,FALSE,FALSE,FALSE,FALSE,2,1,1,1_1,1a319682-f55e-4e0b-8476-48a0bea6c265,NA
22,25182555,25182555,1,snv_mnv,NA,NA,"broad,dkfz,muse,sanger",4,COSN16200287,NA,NA,FALSE,0.3659,NA,15,26,NA,NA,NA,IGR,FALSE,FALSE,FALSE,FALSE,2,1,1,1_1,1a319682-f55e-4e0b-8476-48a0bea6c265,NA
22,26313805,26313805,1,snv_mnv,NA,NA,"broad,dkfz,muse,sanger",4,COSN16200437,NA,L1ME3C,FALSE,0.2857,NA,18,45,NA,NA,NA,Intron,FALSE,FALSE,FALSE,FALSE,2,1,1,1_1,1a319682-f55e-4e0b-8476-48a0bea6c265,NA
22,28859312,28859312,1,snv_mnv,NA,NA,"broad,dkfz,muse,sanger",4,COSN16201311,NA,L1PA5,FALSE,0.3673,NA,18,31,NA,NA,NA,Intron,FALSE,FALSE,FALSE,FALSE,2,1,1,1_1,1a319682-f55e-4e0b-8476-48a0bea6c265,MIR5739
22,29428776,29428776,1,snv_mnv,NA,NA,"broad,dkfz,muse,sanger",4,COSN4908699,NA,L2b,FALSE,0.36,NA,18,32,NA,NA,NA,Intron,FALSE,FALSE,FALSE,FALSE,2,1,1,1_1,1a319682-f55e-4e0b-8476-48a0bea6c265,ZNRF3-AS1
22,29900975,29900975,1,snv_mnv,NA,NA,"broad,dkfz,muse,sanger",4,COSN4908704,NA,AluSx,FALSE,0.2381,NA,10,32,NA,NA,NA,IGR,FALSE,FALSE,FALSE,FALSE,2,1,1,1_1,1a319682-f55e-4e0b-8476-48a0bea6c265,THOC5
22,32549701,32549701,1,snv_mnv,NA,NA,"broad,muse,sanger",3,COSN4908752,NA,L1MC,FALSE,0.2031,NA,13,51,NA,NA,NA,Intron,FALSE,FALSE,FALSE,FALSE,2,1,1,1_1,1a319682-f55e-4e0b-8476-48a0bea6c265,C22orf42
22,33313106,33313106,1,snv_mnv,NA,NA,"broad,dkfz,muse,sanger",4,COSN4908767,NA,MIRb,FALSE,0.2899,NA,20,49,NA,NA,NA,Intron,FALSE,FALSE,FALSE,FALSE,2,1,1,1_1,1a319682-f55e-4e0b-8476-48a0bea6c265,NA
22,34422330,34422330,1,snv_mnv,NA,NA,"broad,dkfz,muse,sanger",4,COSN16202075,NA,NA,FALSE,0.26,NA,13,37,NA,NA,NA,lincRNA,FALSE,FALSE,FALSE,FALSE,2,1,1,1_1,1a319682-f55e-4e0b-8476-48a0bea6c265,NA
22,34706420,34706420,1,snv_mnv,1.9968e-4,rs560219902,"broad,dkfz,muse,sanger",4,COSN16202279,rs560219902,AluY,FALSE,0.3171,NA,13,28,NA,NA,NA,IGR,FALSE,FALSE,FALSE,FALSE,2,1,1,1_1,1a319682-f55e-4e0b-8476-48a0bea6c265,NA
22,40152217,40152217,1,snv_mnv,NA,NA,"broad,dkfz,muse,sanger",4,COSN4908840,NA,NA,FALSE,0.2353,NA,12,39,NA,NA,NA,Intron,FALSE,FALSE,FALSE,FALSE,2,1,1,1_1,1a319682-f55e-4e0b-8476-48a0bea6c265,NA
22,40657911,40657911,1,snv_mnv,NA,NA,"broad,dkfz,muse,sanger",4,COSM4880401,NA,NA,FALSE,0.2326,NA,10,33,NA,NA,NA,Missense_Mutation,FALSE,FALSE,FALSE,FALSE,2,1,1,1_1,1a319682-f55e-4e0b-8476-48a0bea6c265,NA
22,41987252,41987252,1,snv_mnv,NA,NA,"broad,dkfz,muse,sanger",4,COSN16202403,NA,AluSq2,FALSE,0.2857,NA,14,35,NA,NA,NA,5'Flank,FALSE,FALSE,FALSE,FALSE,2,1,1,1_1,1a319682-f55e-4e0b-8476-48a0bea6c265,PMM1
22,43715035,43715035,1,snv_mnv,NA,NA,"broad,dkfz,muse,sanger",4,COSN4908891,NA,NA,FALSE,0.3043,NA,14,32,NA,NA,NA,Intron,FALSE,FALSE,FALSE,FALSE,2,1,1,1_1,1a319682-f55e-4e0b-8476-48a0bea6c265,NA
22,44801408,44801408,1,snv_mnv,NA,NA,"broad,dkfz,muse,sanger",4,COSN16200288,NA,AluSp,FALSE,0.2424,NA,8,25,NA,NA,NA,IGR,FALSE,FALSE,FALSE,FALSE,2,1,1,1_1,1a319682-f55e-4e0b-8476-48a0bea6c265,NA
22,49529267,49529267,1,snv_mnv,NA,NA,"broad,dkfz,muse,sanger",4,COSN16200671,NA,NA,FALSE,0.2041,NA,10,39,NA,NA,NA,IGR,FALSE,FALSE,FALSE,FALSE,2,1,1,1_1,1a319682-f55e-4e0b-8476-48a0bea6c265,NA
22,49575075,49575075,1,snv_mnv,NA,NA,"broad,dkfz,muse,sanger",4,COSN16200778,NA,NA,FALSE,0.3721,NA,16,27,NA,NA,NA,IGR,FALSE,FALSE,FALSE,FALSE,2,1,1,1_1,1a319682-f55e-4e0b-8476-48a0bea6c265,NA
22,49615151,49615151,1,snv_mnv,3.9936e-4,rs547169272,"broad,dkfz,muse,sanger",4,COSN16200567,rs547169272,L1MCa,FALSE,0.25,NA,11,33,NA,NA,NA,IGR,FALSE,FALSE,FALSE,FALSE,2,1,1,1_1,1a319682-f55e-4e0b-8476-48a0bea6c265,RPL35P8
22,49906779,49906779,1,snv_mnv,NA,NA,"broad,dkfz,muse,sanger",4,COSN16202007,NA,NA,FALSE,0.225,NA,9,31,NA,NA,NA,IGR,FALSE,FALSE,FALSE,FALSE,2,1,1,1_1,1a319682-f55e-4e0b-8476-48a0bea6c265,NA
22,49955983,49955983,1,snv_mnv,NA,NA,"dkfz,sanger",2,COSN4908944,NA,NA,FALSE,0.1321,NA,14,92,NA,NA,NA,IGR,FALSE,FALSE,FALSE,FALSE,2,1,1,1_1,1a319682-f55e-4e0b-8476-48a0bea6c265,NA
3,409802,409802,1,snv_mnv,NA,NA,"broad,muse,sanger",3,COSN16200731,NA,L1PA6,FALSE,0.3247,NA,25,52,NA,NA,NA,Intron,FALSE,FALSE,FALSE,FALSE,2,1,1,1_1,1a319682-f55e-4e0b-8476-48a0bea6c265,CHL1
3,1374419,1374419,1,snv_mnv,NA,NA,"broad,dkfz,muse,sanger",4,COSN4912746,NA,NA,FALSE,0.2188,NA,7,25,NA,NA,NA,Intron,FALSE,FALSE,FALSE,FALSE,2,1,1,1_1,1a319682-f55e-4e0b-8476-48a0bea6c265,NA
3,4293805,4293805,1,snv_mnv,NA,NA,"broad,dkfz,muse,sanger",4,COSN4913889,NA,NA,FALSE,0.2787,NA,17,44,NA,NA,NA,Intron,FALSE,FALSE,FALSE,FALSE,2,1,1,1_1,1a319682-f55e-4e0b-8476-48a0bea6c265,NA
3,8097870,8097870,1,snv_mnv,NA,NA,"broad,dkfz,muse,sanger",4,COSN16201143,NA,NA,FALSE,0.25,NA,7,21,NA,NA,NA,RNA,FALSE,FALSE,FALSE,FALSE,2,1,1,1_1,1a319682-f55e-4e0b-8476-48a0bea6c265,NA
3,13315011,13315011,1,snv_mnv,NA,NA,"broad,dkfz,muse,sanger",4,COSN16200923,NA,NA,FALSE,0.25,NA,9,27,NA,NA,NA,IGR,FALSE,FALSE,FALSE,FALSE,2,1,1,1_1,1a319682-f55e-4e0b-8476-48a0bea6c265,NA
3,13381815,13381815,1,snv_mnv,NA,NA,"broad,dkfz,muse,sanger",4,COSN4912707,NA,NA,FALSE,0.3659,NA,15,26,NA,NA,NA,Intron,FALSE,FALSE,FALSE,FALSE,2,1,1,1_1,1a319682-f55e-4e0b-8476-48a0bea6c265,NA
3,15795172,15795172,1,snv_mnv,NA,NA,"broad,dkfz,muse,sanger",4,COSN4912987,NA,AluSz,FALSE,0.225,NA,9,31,NA,NA,NA,Intron,FALSE,FALSE,FALSE,FALSE,2,1,1,1_1,1a319682-f55e-4e0b-8476-48a0bea6c265,NA
3,16010852,16010852,1,snv_mnv,NA,NA,"broad,dkfz,muse,sanger",4,COSN16201785,NA,NA,FALSE,0.25,NA,9,27,NA,NA,NA,IGR,FALSE,FALSE,FALSE,FALSE,2,1,1,1_1,1a319682-f55e-4e0b-8476-48a0bea6c265,NA
3,17329065,17329065,1,snv_mnv,NA,NA,"broad,dkfz,muse,sanger",4,COSN4913248,NA,MIRc,FALSE,0.25,NA,14,42,NA,NA,NA,Intron,FALSE,FALSE,FALSE,FALSE,2,1,1,1_1,1a319682-f55e-4e0b-8476-48a0bea6c265,NA
3,17406039,17406039,1,snv_mnv,NA,NA,"broad,dkfz,muse,sanger",4,COSN16202220,NA,L1M6,FALSE,0.3191,NA,15,32,NA,NA,NA,Intron,FALSE,FALSE,FALSE,FALSE,2,1,1,1_1,1a319682-f55e-4e0b-8476-48a0bea6c265,NA
3,17635204,17635204,1,snv_mnv,NA,NA,"dkfz,muse,sanger",3,COSN4913300,rs756736941,HERVL-int,FALSE,0.1951,NA,8,33,NA,NA,NA,Intron,FALSE,FALSE,FALSE,FALSE,2,1,1,1_1,1a319682-f55e-4e0b-8476-48a0bea6c265,NA
3,21348542,21348542,1,snv_mnv,NA,NA,"broad,dkfz,muse,sanger",4,COSN16201369,rs774687283,AluSq2,FALSE,0.1667,NA,10,50,NA,NA,NA,IGR,FALSE,FALSE,FALSE,FALSE,2,1,1,1_1,1a319682-f55e-4e0b-8476-48a0bea6c265,NA
3,22254978,22254978,1,snv_mnv,NA,NA,"broad,dkfz,muse,sanger",4,COSN16202586,rs764777879,NA,FALSE,0.2286,NA,16,54,NA,NA,NA,Intron,FALSE,FALSE,FALSE,FALSE,2,1,1,1_1,1a319682-f55e-4e0b-8476-48a0bea6c265,NA
3,34957809,34957809,1,snv_mnv,NA,NA,"broad,dkfz,muse,sanger",4,COSN16201089,NA,AluJb,FALSE,0.2222,NA,12,42,NA,NA,NA,IGR,FALSE,FALSE,FALSE,FALSE,2,1,1,1_1,1a319682-f55e-4e0b-8476-48a0bea6c265,NA
3,35608866,35608866,1,snv_mnv,NA,NA,"broad,dkfz,muse,sanger",4,COSN16201305,NA,NA,FALSE,0.22,NA,11,39,NA,NA,NA,IGR,FALSE,FALSE,FALSE,FALSE,2,1,1,1_1,1a319682-f55e-4e0b-8476-48a0bea6c265,NA
3,35829223,35829223,1,snv_mnv,NA,NA,"broad,dkfz,muse,sanger",4,COSN16201746,NA,NA,FALSE,0.3443,NA,21,40,NA,NA,NA,Intron,FALSE,FALSE,FALSE,FALSE,2,1,1,1_1,1a319682-f55e-4e0b-8476-48a0bea6c265,ARPP21
3,38325881,38325881,1,snv_mnv,NA,NA,"broad,dkfz,muse",3,COSN16201962,NA,NA,FALSE,0.1915,NA,9,38,NA,NA,NA,Intron,FALSE,FALSE,FALSE,FALSE,2,1,1,1_1,1a319682-f55e-4e0b-8476-48a0bea6c265,NA
3,38640580,38640580,1,snv_mnv,NA,NA,"broad,dkfz,muse,sanger",4,COSN16202090,NA,NA,FALSE,0.1944,NA,7,29,NA,NA,NA,Intron,FALSE,FALSE,FALSE,FALSE,2,1,1,1_1,1a319682-f55e-4e0b-8476-48a0bea6c265,NA
3,39203306,39203306,1,snv_mnv,NA,NA,"broad,muse,sanger",3,COSN16200385,NA,AluSx,FALSE,0.3704,NA,20,34,NA,NA,NA,IGR,FALSE,FALSE,FALSE,FALSE,2,1,1,1_1,1a319682-f55e-4e0b-8476-48a0bea6c265,RF00017
3,43548513,43548513,1,snv_mnv,NA,NA,"broad,dkfz,muse,sanger",4,COSN4913899,NA,L2a,FALSE,0.2353,NA,12,39,NA,NA,NA,Intron,FALSE,FALSE,FALSE,FALSE,2,1,1,1_1,1a319682-f55e-4e0b-8476-48a0bea6c265,NA
3,44512152,44512152,1,snv_mnv,NA,NA,"broad,dkfz,muse,sanger",4,COSN16201780,NA,NA,FALSE,0.2,NA,15,60,NA,NA,NA,Intron,FALSE,FALSE,FALSE,FALSE,2,1,1,1_1,1a319682-f55e-4e0b-8476-48a0bea6c265,NA
3,45566905,45566905,1,snv_mnv,NA,NA,"broad,dkfz,muse,sanger",4,COSN16202167,NA,NA,FALSE,0.35,NA,21,39,NA,NA,NA,Intron,FALSE,FALSE,FALSE,FALSE,2,1,1,1_1,1a319682-f55e-4e0b-8476-48a0bea6c265,NA
3,47313178,47313178,1,snv_mnv,NA,NA,"broad,dkfz,muse,sanger",4,COSN4913951,NA,NA,FALSE,0.2203,NA,13,46,NA,NA,NA,Intron,FALSE,FALSE,FALSE,FALSE,2,1,1,1_1,1a319682-f55e-4e0b-8476-48a0bea6c265,KIF9
3,47871793,47871793,1,snv_mnv,NA,NA,"broad,dkfz,muse,sanger",4,COSN16200522,NA,AluSg,FALSE,0.2667,NA,8,22,NA,NA,NA,Intron,FALSE,FALSE,FALSE,FALSE,2,1,1,1_1,1a319682-f55e-4e0b-8476-48a0bea6c265,DHX30
3,55934437,55934437,1,snv_mnv,NA,NA,"broad,dkfz,muse,sanger",4,COSN4914072,NA,NA,FALSE,0.32,NA,24,51,NA,NA,NA,Intron,FALSE,FALSE,FALSE,FALSE,2,1,1,1_1,1a319682-f55e-4e0b-8476-48a0bea6c265,NA
3,57801725,57801725,1,snv_mnv,NA,NA,"broad,dkfz,muse,sanger",4,COSN4914098,NA,MIRb,FALSE,0.2353,NA,12,39,NA,NA,NA,Intron,FALSE,FALSE,FALSE,FALSE,2,1,1,1_1,1a319682-f55e-4e0b-8476-48a0bea6c265,NA
3,57891481,57891481,1,snv_mnv,NA,NA,"dkfz,sanger",2,COSN4914099,NA,NA,FALSE,0.2909,NA,16,39,NA,NA,NA,Intron,FALSE,FALSE,FALSE,FALSE,2,1,1,1_1,1a319682-f55e-4e0b-8476-48a0bea6c265,SLMAP
3,59956422,59956422,1,snv_mnv,NA,NA,"broad,dkfz,muse,sanger",4,COSN4914123,NA,NA,FALSE,0.3488,NA,15,28,NA,NA,NA,Intron,FALSE,FALSE,FALSE,FALSE,2,1,1,1_1,1a319682-f55e-4e0b-8476-48a0bea6c265,NA
3,62075557,62075557,1,snv_mnv,NA,NA,"broad,dkfz,muse,sanger",4,COSN4914167,NA,NA,FALSE,0.3478,NA,24,45,NA,NA,NA,Intron,FALSE,FALSE,FALSE,FALSE,2,1,1,1_1,1a319682-f55e-4e0b-8476-48a0bea6c265,NA
3,63337851,63337851,1,snv_mnv,1.9968e-4,rs533879875,"broad,dkfz,muse,sanger",4,COSN16201688,rs533879875,L2a,FALSE,0.2143,NA,9,33,NA,NA,NA,Intron,FALSE,FALSE,FALSE,FALSE,2,1,1,1_1,1a319682-f55e-4e0b-8476-48a0bea6c265,NA
3,66427776,66427776,1,snv_mnv,NA,NA,"broad,dkfz,muse,sanger",4,COSN4914224,NA,NA,FALSE,0.2692,NA,14,38,NA,NA,NA,IGR,FALSE,FALSE,FALSE,FALSE,2,1,1,1_1,1a319682-f55e-4e0b-8476-48a0bea6c265,LRIG1
3,72828352,72828352,1,snv_mnv,NA,NA,"broad,dkfz,muse,sanger",4,COSN4914294,NA,L2b,FALSE,0.4561,NA,26,31,NA,NA,NA,Intron,FALSE,FALSE,FALSE,FALSE,2,1,1,1_1,1a319682-f55e-4e0b-8476-48a0bea6c265,NA
3,73844110,73844110,1,snv_mnv,3.9936e-4,rs572926259,"broad,dkfz,muse,sanger",4,COSN16202448,rs572926259,NA,FALSE,0.3611,NA,13,23,NA,NA,NA,IGR,FALSE,FALSE,FALSE,FALSE,2,1,1,1_1,1a319682-f55e-4e0b-8476-48a0bea6c265,NA
3,74322330,74322330,1,snv_mnv,NA,NA,"broad,dkfz,muse,sanger",4,COSN4914303,NA,NA,FALSE,0.2407,NA,13,41,NA,NA,NA,Intron,FALSE,FALSE,FALSE,FALSE,2,1,1,1_1,1a319682-f55e-4e0b-8476-48a0bea6c265,NA
3,74322331,74322331,1,snv_mnv,NA,NA,"broad,dkfz,muse,sanger",4,COSN16201285,NA,NA,FALSE,0.2364,NA,13,42,NA,NA,NA,Intron,FALSE,FALSE,FALSE,FALSE,2,1,1,1_1,1a319682-f55e-4e0b-8476-48a0bea6c265,NA
3,74469919,74469919,1,snv_mnv,NA,NA,"broad,dkfz,muse,sanger",4,COSN4914306,NA,MIRc,FALSE,0.1724,NA,10,48,NA,NA,NA,Intron,FALSE,FALSE,FALSE,FALSE,2,1,1,1_1,1a319682-f55e-4e0b-8476-48a0bea6c265,NA
3,74711414,74711414,1,snv_mnv,NA,NA,"broad,dkfz,muse,sanger",4,COSN16200610,NA,NA,FALSE,0.2045,NA,9,35,NA,NA,NA,IGR,FALSE,FALSE,FALSE,FALSE,2,1,1,1_1,1a319682-f55e-4e0b-8476-48a0bea6c265,NA
3,74832129,74832129,1,snv_mnv,NA,NA,"broad,dkfz,muse,sanger",4,COSN16201370,NA,L1MD1,FALSE,0.28,NA,14,36,NA,NA,NA,IGR,FALSE,FALSE,FALSE,FALSE,2,1,1,1_1,1a319682-f55e-4e0b-8476-48a0bea6c265,NA
3,75175833,75175833,1,snv_mnv,NA,NA,"broad,dkfz,muse,sanger",4,COSN16200247,NA,Tigger3b,FALSE,0.2778,NA,15,39,NA,NA,NA,IGR,FALSE,FALSE,FALSE,FALSE,2,1,1,1_1,1a319682-f55e-4e0b-8476-48a0bea6c265,NA
3,75858118,75858118,1,snv_mnv,NA,NA,"broad,muse,sanger",3,COSN16201759,NA,HERVK9-int,FALSE,0.2295,NA,14,47,NA,NA,NA,IGR,FALSE,FALSE,FALSE,FALSE,2,1,1,1_1,1a319682-f55e-4e0b-8476-48a0bea6c265,NA
3,76258878,76258878,1,snv_mnv,NA,NA,"broad,dkfz,muse,sanger",4,COSN16201604,NA,NA,FALSE,0.3256,NA,14,29,NA,NA,NA,Intron,FALSE,FALSE,FALSE,FALSE,2,1,1,1_1,1a319682-f55e-4e0b-8476-48a0bea6c265,NA
3,79488384,79488384,1,snv_mnv,NA,NA,"broad,dkfz,muse,sanger",4,COSN4914394,NA,NA,FALSE,0.2653,NA,13,36,NA,NA,NA,Intron,FALSE,FALSE,FALSE,FALSE,2,1,1,1_1,1a319682-f55e-4e0b-8476-48a0bea6c265,NA
3,81081216,81081216,1,snv_mnv,NA,NA,"broad,dkfz,muse,sanger",4,COSN16201209,NA,AluY,FALSE,0.2857,NA,10,25,NA,NA,NA,lincRNA,FALSE,FALSE,FALSE,FALSE,2,1,1,1_1,1a319682-f55e-4e0b-8476-48a0bea6c265,NA
3,82236044,82236044,1,snv_mnv,NA,NA,"broad,dkfz,muse,sanger",4,COSN4914433,NA,AT_rich,FALSE,0.2979,NA,14,33,NA,NA,NA,lincRNA,FALSE,FALSE,FALSE,FALSE,2,1,1,1_1,1a319682-f55e-4e0b-8476-48a0bea6c265,NA
3,82287919,82287919,1,snv_mnv,NA,NA,"broad,dkfz,muse,sanger",4,COSN4914435,NA,NA,FALSE,0.1587,NA,10,53,NA,NA,NA,lincRNA,FALSE,FALSE,FALSE,FALSE,2,1,1,1_1,1a319682-f55e-4e0b-8476-48a0bea6c265,NA
3,82393574,82393574,1,snv_mnv,NA,NA,"broad,dkfz,muse,sanger",4,COSN4914444,NA,NA,FALSE,0.3023,NA,13,30,NA,NA,NA,lincRNA,FALSE,FALSE,FALSE,FALSE,2,1,1,1_1,1a319682-f55e-4e0b-8476-48a0bea6c265,NA
3,82537955,82537955,1,snv_mnv,NA,NA,"broad,dkfz,muse,sanger",4,COSN16202198,NA,NA,FALSE,0.26,NA,13,37,NA,NA,NA,IGR,FALSE,FALSE,FALSE,FALSE,2,1,1,1_1,1a319682-f55e-4e0b-8476-48a0bea6c265,NA
3,82846207,82846207,1,snv_mnv,NA,NA,"broad,dkfz,muse,sanger",4,COSN16200797,NA,LTR16B1,FALSE,0.3409,NA,15,29,NA,NA,NA,IGR,FALSE,FALSE,FALSE,FALSE,2,1,1,1_1,1a319682-f55e-4e0b-8476-48a0bea6c265,NA
3,83511396,83511396,1,snv_mnv,NA,NA,"broad,dkfz,muse,sanger",4,COSN16201608,NA,NA,FALSE,0.2222,NA,8,28,NA,NA,NA,IGR,FALSE,FALSE,FALSE,FALSE,2,1,1,1_1,1a319682-f55e-4e0b-8476-48a0bea6c265,NA
3,84383055,84383055,1,snv_mnv,NA,NA,"broad,dkfz,muse,sanger",4,COSN16200679,NA,L1PA7,FALSE,0.2115,NA,11,41,NA,NA,NA,IGR,FALSE,FALSE,FALSE,FALSE,2,1,1,1_1,1a319682-f55e-4e0b-8476-48a0bea6c265,NA
3,84676296,84676296,1,snv_mnv,NA,NA,"broad,dkfz,muse,sanger",4,COSN16200954,NA,NA,FALSE,0.225,NA,9,31,NA,NA,NA,IGR,FALSE,FALSE,FALSE,FALSE,2,1,1,1_1,1a319682-f55e-4e0b-8476-48a0bea6c265,NA
3,85546097,85546097,1,snv_mnv,NA,NA,"broad,dkfz,muse,sanger",4,COSN4914491,NA,AluSc5,FALSE,0.3684,NA,21,36,NA,NA,NA,Intron,FALSE,FALSE,FALSE,FALSE,2,1,1,1_1,1a319682-f55e-4e0b-8476-48a0bea6c265,NA
3,85796337,85796337,1,snv_mnv,NA,NA,"broad,dkfz,muse",3,COSN16200932,NA,NA,FALSE,0.18,NA,9,41,NA,NA,NA,Intron,FALSE,FALSE,FALSE,FALSE,2,1,1,1_1,1a319682-f55e-4e0b-8476-48a0bea6c265,NA
3,85796408,85796408,1,snv_mnv,NA,NA,"broad,dkfz,muse,sanger",4,COSN16201603,NA,NA,FALSE,0.3824,NA,13,21,NA,NA,NA,Intron,FALSE,FALSE,FALSE,FALSE,2,1,1,1_1,1a319682-f55e-4e0b-8476-48a0bea6c265,NA
3,88278999,88278999,1,snv_mnv,NA,NA,"broad,dkfz,muse,sanger",4,COSN16202587,NA,NA,FALSE,0.4222,NA,19,26,NA,NA,NA,IGR,FALSE,FALSE,FALSE,FALSE,2,1,1,1_1,1a319682-f55e-4e0b-8476-48a0bea6c265,NA
3,88592723,88592723,1,snv_mnv,NA,NA,"broad,dkfz,muse,sanger",4,COSN16200652,NA,NA,FALSE,0.3333,NA,19,38,NA,NA,NA,IGR,FALSE,FALSE,FALSE,FALSE,2,1,1,1_1,1a319682-f55e-4e0b-8476-48a0bea6c265,NA
3,88912711,88912711,1,snv_mnv,NA,NA,"broad,dkfz,muse,sanger",4,COSN16201585,rs530421025,NA,FALSE,0.2222,NA,12,42,NA,NA,NA,IGR,FALSE,FALSE,FALSE,FALSE,2,1,1,1_1,1a319682-f55e-4e0b-8476-48a0bea6c265,NA
3,88983932,88983932,1,snv_mnv,NA,NA,"broad,dkfz,muse,sanger",4,COSN16200457,NA,AluSx1,FALSE,0.2941,NA,15,36,NA,NA,NA,IGR,FALSE,FALSE,FALSE,FALSE,2,1,1,1_1,1a319682-f55e-4e0b-8476-48a0bea6c265,NA
3,93985612,93985612,1,snv_mnv,NA,NA,"broad,dkfz,muse,sanger",4,COSN16201210,NA,NA,FALSE,0.3611,NA,13,23,NA,NA,NA,IGR,FALSE,FALSE,FALSE,FALSE,2,1,1,1_1,1a319682-f55e-4e0b-8476-48a0bea6c265,NA
3,94290938,94290938,1,snv_mnv,NA,NA,"broad,dkfz,muse,sanger",4,COSN16202538,NA,NA,FALSE,0.3,NA,12,28,NA,NA,NA,IGR,FALSE,FALSE,FALSE,FALSE,2,1,1,1_1,1a319682-f55e-4e0b-8476-48a0bea6c265,NA
3,94591450,94591450,1,snv_mnv,NA,NA,"broad,dkfz,muse,sanger",4,COSN16202170,NA,MIR3,FALSE,0.25,NA,9,27,NA,NA,NA,IGR,FALSE,FALSE,FALSE,FALSE,2,1,1,1_1,1a319682-f55e-4e0b-8476-48a0bea6c265,NA
3,95999653,95999653,1,snv_mnv,NA,NA,"broad,dkfz,muse,sanger",4,COSN16201332,NA,NA,FALSE,0.3,NA,15,35,NA,NA,NA,IGR,FALSE,FALSE,FALSE,FALSE,2,1,1,1_1,1a319682-f55e-4e0b-8476-48a0bea6c265,NA
3,96057425,96057425,1,snv_mnv,NA,NA,"broad,dkfz,muse,sanger",4,COSN16201672,rs554643548,THE1B-int,FALSE,0.2727,NA,12,32,NA,NA,NA,IGR,FALSE,FALSE,FALSE,FALSE,2,1,1,1_1,1a319682-f55e-4e0b-8476-48a0bea6c265,NA
3,96515123,96515123,1,snv_mnv,NA,NA,"broad,dkfz,muse,sanger",4,COSN16200341,NA,AluJr,FALSE,0.2381,NA,10,32,NA,NA,NA,IGR,FALSE,FALSE,FALSE,FALSE,2,1,1,1_1,1a319682-f55e-4e0b-8476-48a0bea6c265,NA
3,98410690,98410690,1,snv_mnv,NA,NA,"broad,muse",2,COSN16202459,NA,AluY,FALSE,0.2576,NA,17,49,NA,NA,NA,IGR,FALSE,FALSE,FALSE,TRUE,2,1,1,1_1,1a319682-f55e-4e0b-8476-48a0bea6c265,NA
3,98661830,98661830,1,snv_mnv,NA,NA,"dkfz,sanger",2,COSN4914608,NA,NA,FALSE,0.2456,NA,14,43,NA,NA,NA,RNA,FALSE,FALSE,FALSE,FALSE,2,1,1,1_1,1a319682-f55e-4e0b-8476-48a0bea6c265,NA
3,98908753,98908753,1,snv_mnv,NA,NA,"broad,dkfz,muse,sanger",4,COSN16200784,NA,L1M1,FALSE,0.2778,NA,20,52,NA,NA,NA,IGR,FALSE,FALSE,FALSE,FALSE,2,1,1,1_1,1a319682-f55e-4e0b-8476-48a0bea6c265,NA
3,99433636,99433636,1,snv_mnv,NA,NA,"broad,dkfz,muse,sanger",4,COSN4914619,NA,L2a,FALSE,0.3684,NA,14,24,NA,NA,NA,Intron,FALSE,FALSE,FALSE,FALSE,2,1,1,1_1,1a319682-f55e-4e0b-8476-48a0bea6c265,NA
3,100272354,100272354,1,snv_mnv,NA,NA,"broad,dkfz,muse,sanger",4,COSN4912175,NA,NA,FALSE,0.2881,NA,17,42,NA,NA,NA,Intron,FALSE,FALSE,FALSE,FALSE,2,1,1,1_1,1a319682-f55e-4e0b-8476-48a0bea6c265,NA
3,100399750,100399750,1,snv_mnv,NA,NA,"broad,dkfz,muse,sanger",4,COSN16200766,NA,L1MEf,FALSE,0.3871,NA,24,38,NA,NA,NA,Intron,FALSE,FALSE,FALSE,FALSE,2,1,1,1_1,1a319682-f55e-4e0b-8476-48a0bea6c265,NA
3,102770230,102770230,1,snv_mnv,NA,NA,"broad,dkfz,muse,sanger",4,COSN16200680,NA,PRIMA41-int,FALSE,0.1667,NA,7,35,NA,NA,NA,IGR,FALSE,FALSE,FALSE,FALSE,2,1,1,1_1,1a319682-f55e-4e0b-8476-48a0bea6c265,NA
3,105583323,105583323,1,snv_mnv,NA,NA,"broad,dkfz,muse,sanger",4,COSN16201175,NA,NA,FALSE,0.2807,NA,16,41,NA,NA,NA,Intron,FALSE,FALSE,FALSE,FALSE,2,1,1,1_1,1a319682-f55e-4e0b-8476-48a0bea6c265,NA
3,114081069,114081069,1,snv_mnv,NA,NA,"broad,dkfz,muse,sanger",4,COSN4912363,NA,NA,FALSE,0.2571,NA,18,52,NA,NA,NA,Intron,FALSE,FALSE,FALSE,FALSE,2,1,1,1_1,1a319682-f55e-4e0b-8476-48a0bea6c265,ZBTB20-AS1
3,114685695,114685695,1,snv_mnv,1.9968e-4,rs547068067,"broad,dkfz,muse,sanger",4,COSN4912367,rs547068067,AT_rich,FALSE,0.1829,NA,15,67,NA,NA,NA,Intron,FALSE,FALSE,FALSE,FALSE,2,1,1,1_1,1a319682-f55e-4e0b-8476-48a0bea6c265,NA
3,116680457,116680457,1,snv_mnv,NA,NA,"broad,dkfz,muse,sanger",4,COSN16201302,NA,NA,FALSE,0.3276,NA,19,39,NA,NA,NA,Intron,FALSE,FALSE,FALSE,FALSE,2,1,1,1_1,1a319682-f55e-4e0b-8476-48a0bea6c265,RNU5E-8P
3,116894513,116894513,1,snv_mnv,NA,NA,"broad,dkfz,muse,sanger",4,COSN16200535,NA,NA,FALSE,0.2692,NA,14,38,NA,NA,NA,Intron,FALSE,FALSE,FALSE,FALSE,2,1,1,1_1,1a319682-f55e-4e0b-8476-48a0bea6c265,NA
3,118002666,118002666,1,snv_mnv,NA,NA,"broad,dkfz,muse,sanger",4,COSN4912438,rs779067101,AluJb,FALSE,0.2045,NA,9,35,NA,NA,NA,lincRNA,FALSE,FALSE,FALSE,FALSE,2,1,1,1_1,1a319682-f55e-4e0b-8476-48a0bea6c265,NA
3,118485700,118485700,1,snv_mnv,NA,NA,"broad,dkfz,muse,sanger",4,COSN16202472,NA,NA,FALSE,0.2778,NA,15,39,NA,NA,NA,IGR,FALSE,FALSE,FALSE,FALSE,2,1,1,1_1,1a319682-f55e-4e0b-8476-48a0bea6c265,NA
3,118848948,118848948,1,snv_mnv,5.9904e-4,rs565564335,"broad,dkfz,muse,sanger",4,COSN16201153,rs565564335,L1PA6,FALSE,0.4,NA,20,30,NA,NA,NA,Intron,FALSE,FALSE,FALSE,FALSE,2,1,1,1_1,1a319682-f55e-4e0b-8476-48a0bea6c265,NA
3,119591559,119591559,1,snv_mnv,NA,NA,"broad,dkfz,muse,sanger",4,COSN4912479,NA,MIRc,FALSE,0.3265,NA,16,33,NA,NA,NA,Intron,FALSE,FALSE,FALSE,FALSE,2,1,1,1_1,1a319682-f55e-4e0b-8476-48a0bea6c265,NA
3,122035781,122035781,1,snv_mnv,NA,NA,"broad,dkfz,muse,sanger",4,COSN4912543,NA,NA,FALSE,0.2321,NA,13,43,NA,NA,NA,IGR,FALSE,FALSE,FALSE,FALSE,2,1,1,1_1,1a319682-f55e-4e0b-8476-48a0bea6c265,HNRNPA1P23
3,125539844,125539844,1,snv_mnv,NA,NA,"broad,muse,sanger",3,COSN16202317,NA,AluSz,FALSE,0.0784,NA,4,47,NA,NA,NA,IGR,FALSE,FALSE,FALSE,FALSE,2,1,1,1_1,1a319682-f55e-4e0b-8476-48a0bea6c265,SNRPCP11
3,130605439,130605439,1,snv_mnv,NA,NA,"broad,dkfz,muse,sanger",4,COSN4912641,NA,L1M1,FALSE,0.274,NA,20,53,NA,NA,NA,Intron,FALSE,FALSE,FALSE,FALSE,2,1,1,1_1,1a319682-f55e-4e0b-8476-48a0bea6c265,NA
3,132045963,132045963,1,snv_mnv,NA,NA,"broad,dkfz,muse,sanger",4,COSN4912679,NA,NA,FALSE,0.3429,NA,24,46,NA,NA,NA,Intron,FALSE,FALSE,FALSE,FALSE,2,1,1,1_1,1a319682-f55e-4e0b-8476-48a0bea6c265,ACPP
3,134616802,134616802,1,snv_mnv,NA,NA,"broad,dkfz,muse,sanger",4,COSN16201868,NA,NA,FALSE,0.3077,NA,12,27,NA,NA,NA,Intron,FALSE,FALSE,FALSE,FALSE,2,1,1,1_1,1a319682-f55e-4e0b-8476-48a0bea6c265,NA
3,135411815,135411815,1,snv_mnv,NA,NA,"broad,muse,sanger",3,COSN16201365,NA,AluSx3,FALSE,0.1719,NA,11,53,NA,NA,NA,IGR,FALSE,FALSE,FALSE,FALSE,2,1,1,1_1,1a319682-f55e-4e0b-8476-48a0bea6c265,NA
3,135450609,135450609,1,snv_mnv,NA,NA,"broad,dkfz,muse,sanger",4,COSN16202030,NA,L1PA15,FALSE,0.3226,NA,10,21,NA,NA,NA,IGR,FALSE,FALSE,FALSE,FALSE,2,1,1,1_1,1a319682-f55e-4e0b-8476-48a0bea6c265,NA
3,137712401,137712401,1,snv_mnv,NA,NA,"broad,dkfz,muse,sanger",4,COSN16200850,NA,L1M3,FALSE,0.2807,NA,16,41,NA,NA,NA,IGR,FALSE,FALSE,FALSE,FALSE,2,1,1,1_1,1a319682-f55e-4e0b-8476-48a0bea6c265,NA
3,138190174,138190174,1,snv_mnv,NA,NA,"broad,dkfz,muse,sanger",4,COSN4912752,NA,L1MEd,FALSE,0.4118,NA,28,40,NA,NA,NA,Intron,FALSE,FALSE,FALSE,FALSE,2,1,1,1_1,1a319682-f55e-4e0b-8476-48a0bea6c265,ESYT3
3,138900624,138900624,1,snv_mnv,NA,NA,"broad,dkfz,muse,sanger",4,COSN4912767,NA,Charlie16a,FALSE,0.3492,NA,22,41,NA,NA,NA,Intron,FALSE,FALSE,FALSE,FALSE,2,1,1,1_1,1a319682-f55e-4e0b-8476-48a0bea6c265,NA
3,143089650,143089650,1,snv_mnv,NA,NA,"broad,dkfz,muse,sanger",4,COSN4912824,NA,NA,FALSE,0.1837,NA,9,40,NA,NA,NA,Intron,FALSE,FALSE,FALSE,FALSE,2,1,1,1_1,1a319682-f55e-4e0b-8476-48a0bea6c265,NA
3,145136765,145136765,1,snv_mnv,NA,NA,"broad,dkfz,muse,sanger",4,COSN16202460,NA,L1MC2,FALSE,0.283,NA,15,38,NA,NA,NA,IGR,FALSE,FALSE,FALSE,FALSE,2,1,1,1_1,1a319682-f55e-4e0b-8476-48a0bea6c265,NA
3,145421866,145421866,1,snv_mnv,NA,NA,"broad,dkfz,muse,sanger",4,COSN16200319,NA,MLT1E3,FALSE,0.3333,NA,18,36,NA,NA,NA,IGR,FALSE,FALSE,FALSE,FALSE,2,1,1,1_1,1a319682-f55e-4e0b-8476-48a0bea6c265,NA
3,151068453,151068453,1,snv_mnv,NA,NA,"broad,dkfz,muse,sanger",4,COSN4912889,NA,NA,FALSE,0.1552,NA,9,49,NA,NA,NA,Intron,FALSE,FALSE,FALSE,FALSE,2,1,1,1_1,1a319682-f55e-4e0b-8476-48a0bea6c265,NA
3,151764246,151764246,1,snv_mnv,NA,NA,"broad,dkfz,muse,sanger",4,COSN16201168,NA,NA,FALSE,0.28,NA,14,36,NA,NA,NA,IGR,FALSE,FALSE,FALSE,FALSE,2,1,1,1_1,1a319682-f55e-4e0b-8476-48a0bea6c265,NA
3,158729945,158729945,1,snv_mnv,NA,NA,"broad,dkfz,muse,sanger",4,COSN16201836,NA,NA,FALSE,0.2817,NA,20,51,NA,NA,NA,Intron,FALSE,FALSE,FALSE,FALSE,2,1,1,1_1,1a319682-f55e-4e0b-8476-48a0bea6c265,NA
3,158969066,158969066,1,snv_mnv,NA,NA,"broad,dkfz,muse,sanger",4,COSN4913011,NA,NA,FALSE,0.15,NA,9,51,NA,NA,NA,Intron,FALSE,FALSE,FALSE,FALSE,2,1,1,1_1,1a319682-f55e-4e0b-8476-48a0bea6c265,NA
3,159304731,159304731,1,snv_mnv,NA,NA,"broad,dkfz,muse,sanger",4,COSN16201822,NA,NA,FALSE,0.25,NA,8,24,NA,NA,NA,Intron,FALSE,FALSE,FALSE,FALSE,2,1,1,1_1,1a319682-f55e-4e0b-8476-48a0bea6c265,NA
3,162254882,162254882,1,snv_mnv,NA,NA,"broad,dkfz,muse,sanger",4,COSN16202258,NA,MER58A,FALSE,0.3182,NA,14,30,NA,NA,NA,IGR,FALSE,FALSE,FALSE,FALSE,2,1,1,1_1,1a319682-f55e-4e0b-8476-48a0bea6c265,NA
3,163369450,163369450,1,snv_mnv,NA,NA,"broad,dkfz,muse,sanger",4,COSN16201735,NA,NA,FALSE,0.2708,NA,13,35,NA,NA,NA,IGR,FALSE,FALSE,FALSE,FALSE,2,1,1,1_1,1a319682-f55e-4e0b-8476-48a0bea6c265,NA
3,163846958,163846958,1,snv_mnv,NA,NA,"broad,dkfz,muse,sanger",4,COSN16200511,NA,NA,FALSE,0.3571,NA,15,27,NA,NA,NA,IGR,FALSE,FALSE,FALSE,FALSE,2,1,1,1_1,1a319682-f55e-4e0b-8476-48a0bea6c265,NA
3,166276765,166276765,1,snv_mnv,NA,NA,"broad,dkfz,muse,sanger",4,COSN16200467,NA,L1PA17,FALSE,0.3509,NA,20,37,NA,NA,NA,IGR,FALSE,FALSE,FALSE,FALSE,2,1,1,1_1,1a319682-f55e-4e0b-8476-48a0bea6c265,NA
3,166446651,166446651,1,snv_mnv,NA,NA,"broad,dkfz,muse,sanger",4,COSN16201016,NA,NA,FALSE,0.3571,NA,15,27,NA,NA,NA,IGR,FALSE,FALSE,FALSE,FALSE,2,1,1,1_1,1a319682-f55e-4e0b-8476-48a0bea6c265,NA
3,166744038,166744038,1,snv_mnv,NA,NA,"broad,dkfz,muse,sanger",4,COSN4913133,NA,NA,FALSE,0.2381,NA,10,32,NA,NA,NA,RNA,FALSE,FALSE,FALSE,FALSE,2,1,1,1_1,1a319682-f55e-4e0b-8476-48a0bea6c265,NA
3,167134694,167134694,1,snv_mnv,NA,NA,"broad,dkfz,muse,sanger",4,COSN16201654,NA,L1PA14,FALSE,0.2237,NA,17,59,NA,NA,NA,IGR,FALSE,FALSE,FALSE,FALSE,2,1,1,1_1,1a319682-f55e-4e0b-8476-48a0bea6c265,NA
3,169768009,169768009,1,snv_mnv,NA,NA,"broad,dkfz,muse,sanger",4,COSN16201647,NA,AluSq2,FALSE,0.2,NA,8,32,NA,NA,NA,Intron,FALSE,FALSE,FALSE,FALSE,2,1,1,1_1,1a319682-f55e-4e0b-8476-48a0bea6c265,NA
3,169983986,169983986,1,snv_mnv,NA,NA,"broad,dkfz,muse,sanger",4,COSN4913198,NA,NA,FALSE,0.1774,NA,11,51,NA,NA,NA,Intron,FALSE,FALSE,FALSE,FALSE,2,1,1,1_1,1a319682-f55e-4e0b-8476-48a0bea6c265,NA
3,171117943,171117943,1,snv_mnv,5.9904e-4,rs182834388,"broad,dkfz,muse,sanger",4,COSN16202473,rs182834388,NA,FALSE,0.2703,NA,10,27,NA,NA,NA,Intron,FALSE,FALSE,FALSE,FALSE,2,1,1,1_1,1a319682-f55e-4e0b-8476-48a0bea6c265,NA
3,171524083,171524083,1,snv_mnv,NA,NA,"broad,dkfz,muse,sanger",4,COSN4913234,NA,NA,FALSE,0.2192,NA,16,57,NA,NA,NA,Intron,FALSE,FALSE,FALSE,FALSE,2,1,1,1_1,1a319682-f55e-4e0b-8476-48a0bea6c265,NA
3,173584259,173584259,1,snv_mnv,NA,NA,"broad,dkfz,muse,sanger",4,COSN16202024,NA,NA,FALSE,0.2131,NA,13,48,NA,NA,NA,Intron,FALSE,FALSE,FALSE,FALSE,2,1,1,1_1,1a319682-f55e-4e0b-8476-48a0bea6c265,NA
3,173860412,173860412,1,snv_mnv,NA,NA,"broad,dkfz,muse,sanger",4,COSN16201744,NA,L2a,FALSE,0.3117,NA,24,53,NA,NA,NA,Intron,FALSE,FALSE,FALSE,FALSE,2,1,1,1_1,1a319682-f55e-4e0b-8476-48a0bea6c265,NA
3,175305609,175305609,1,snv_mnv,NA,NA,"broad,dkfz,muse,sanger",4,COSN4913296,NA,MER115,FALSE,0.3023,NA,13,30,NA,NA,NA,Intron,FALSE,FALSE,FALSE,FALSE,2,1,1,1_1,1a319682-f55e-4e0b-8476-48a0bea6c265,NA
3,175963038,175963038,1,snv_mnv,NA,NA,"broad,dkfz,muse,sanger",4,COSN16201404,NA,NA,FALSE,0.2857,NA,16,40,NA,NA,NA,IGR,FALSE,FALSE,FALSE,FALSE,2,1,1,1_1,1a319682-f55e-4e0b-8476-48a0bea6c265,NA
3,178808517,178808517,1,snv_mnv,NA,NA,"broad,dkfz,muse,sanger",4,COSN16201689,NA,L1PA16,FALSE,0.2468,NA,19,58,NA,NA,NA,IGR,FALSE,FALSE,FALSE,FALSE,2,1,1,1_1,1a319682-f55e-4e0b-8476-48a0bea6c265,NA
3,179293943,179293943,1,snv_mnv,NA,NA,"broad,dkfz,muse,sanger",4,COSN4913350,NA,NA,FALSE,0.193,NA,11,46,NA,NA,NA,Intron,FALSE,FALSE,FALSE,FALSE,2,1,1,1_1,1a319682-f55e-4e0b-8476-48a0bea6c265,ACTL6A
3,188301529,188301529,1,snv_mnv,NA,NA,"broad,dkfz,muse,sanger",4,COSN16201736,NA,NA,FALSE,0.1636,NA,9,46,NA,NA,NA,Intron,FALSE,FALSE,FALSE,FALSE,2,1,1,1_1,1a319682-f55e-4e0b-8476-48a0bea6c265,LPP
3,189259811,189259811,1,snv_mnv,NA,NA,"broad,dkfz,muse,sanger",4,COSN16202149,NA,NA,FALSE,0.3056,NA,11,25,NA,NA,NA,IGR,FALSE,FALSE,FALSE,FALSE,2,1,1,1_1,1a319682-f55e-4e0b-8476-48a0bea6c265,NA
3,190814846,190814846,1,snv_mnv,NA,NA,"broad,dkfz,muse,sanger",4,COSN16200371,NA,NA,FALSE,0.3289,NA,25,51,NA,NA,NA,IGR,FALSE,FALSE,FALSE,FALSE,2,1,1,1_1,1a319682-f55e-4e0b-8476-48a0bea6c265,NA
3,191731570,191731570,1,snv_mnv,NA,NA,"broad,dkfz,muse,sanger",4,COSN16200354,NA,L1ME4a,FALSE,0.25,NA,12,36,NA,NA,NA,IGR,FALSE,FALSE,FALSE,FALSE,2,1,1,1_1,1a319682-f55e-4e0b-8476-48a0bea6c265,NA
4,1121239,1121239,1,snv_mnv,NA,NA,"broad,dkfz,muse,sanger",4,COSN4914802,NA,MSTB,FALSE,0.2679,NA,15,41,NA,NA,NA,RNA,FALSE,FALSE,FALSE,FALSE,2,1,1,1_1,1a319682-f55e-4e0b-8476-48a0bea6c265,"TMED11P,AC092535.3"
4,1222342,1222342,1,snv_mnv,NA,NA,"broad,dkfz,muse,sanger",4,COSN4914918,NA,NA,FALSE,0.2703,NA,10,27,NA,NA,NA,Intron,FALSE,FALSE,FALSE,FALSE,2,1,1,1_1,1a319682-f55e-4e0b-8476-48a0bea6c265,CTBP1
4,5329459,5329459,1,snv_mnv,NA,NA,"broad,dkfz,muse,sanger",4,COSN4916215,NA,Tigger1,FALSE,0.3607,NA,22,39,NA,NA,NA,Intron,FALSE,FALSE,FALSE,FALSE,2,1,1,1_1,1a319682-f55e-4e0b-8476-48a0bea6c265,NA
4,6461856,6461856,1,snv_mnv,NA,NA,"broad,dkfz,muse,sanger",4,COSN4916351,NA,L1ME4a,FALSE,0.3175,NA,20,43,NA,NA,NA,Intron,FALSE,FALSE,FALSE,FALSE,2,1,1,1_1,1a319682-f55e-4e0b-8476-48a0bea6c265,NA
4,6555201,6555201,1,snv_mnv,1.9968e-4,rs149817812,"broad,dkfz,muse,sanger",4,COSN16200653,rs149817812,NA,FALSE,0.1579,NA,6,32,NA,NA,NA,Intron,FALSE,FALSE,FALSE,FALSE,2,1,1,1_1,1a319682-f55e-4e0b-8476-48a0bea6c265,NA
4,8185269,8185269,1,snv_mnv,NA,NA,"dkfz,sanger",2,COSN4916597,NA,NA,FALSE,0.1887,NA,10,43,NA,NA,NA,IGR,FALSE,FALSE,FALSE,FALSE,2,1,1,1_1,1a319682-f55e-4e0b-8476-48a0bea6c265,NA
4,8523076,8523076,1,snv_mnv,NA,NA,"broad,dkfz,muse,sanger",4,COSN16200355,NA,NA,FALSE,0.3333,NA,23,46,NA,NA,NA,IGR,FALSE,FALSE,FALSE,FALSE,2,1,1,1_1,1a319682-f55e-4e0b-8476-48a0bea6c265,NA
4,12026481,12026481,1,snv_mnv,NA,NA,"broad,dkfz,muse,sanger",4,COSN16200490,NA,AluY,FALSE,0.2812,NA,9,23,NA,NA,NA,IGR,FALSE,FALSE,FALSE,FALSE,2,1,1,1_1,1a319682-f55e-4e0b-8476-48a0bea6c265,NA
4,16612438,16612438,1,snv_mnv,NA,NA,"broad,dkfz,muse,sanger",4,COSN16200434,NA,L1PA8A,FALSE,0.1918,NA,14,59,NA,NA,NA,Intron,FALSE,FALSE,FALSE,FALSE,2,1,1,1_1,1a319682-f55e-4e0b-8476-48a0bea6c265,NA
4,18847731,18847731,1,snv_mnv,NA,NA,"broad,dkfz,muse,sanger",4,COSN16202111,NA,NA,FALSE,0.3077,NA,16,36,NA,NA,NA,IGR,FALSE,FALSE,FALSE,FALSE,2,1,1,1_1,1a319682-f55e-4e0b-8476-48a0bea6c265,NA
4,19331711,19331711,1,snv_mnv,NA,NA,"broad,dkfz,muse,sanger",4,COSN16200966,NA,NA,FALSE,0.3409,NA,15,29,NA,NA,NA,lincRNA,FALSE,FALSE,FALSE,FALSE,2,1,1,1_1,1a319682-f55e-4e0b-8476-48a0bea6c265,NA
4,19577298,19577298,1,snv_mnv,NA,NA,"broad,dkfz,muse,sanger",4,COSN16202528,NA,NA,FALSE,0.1765,NA,9,42,NA,NA,NA,lincRNA,FALSE,FALSE,FALSE,FALSE,2,1,1,1_1,1a319682-f55e-4e0b-8476-48a0bea6c265,NA
4,19611938,19611938,1,snv_mnv,NA,NA,"broad,dkfz,muse,sanger",4,COSN4915828,NA,L1MC2,FALSE,0.32,NA,40,85,NA,NA,NA,lincRNA,FALSE,FALSE,FALSE,FALSE,2,1,1,1_1,1a319682-f55e-4e0b-8476-48a0bea6c265,NA
4,20178879,20178879,1,snv_mnv,NA,NA,"broad,dkfz,muse,sanger",4,COSN16202474,NA,L1M4,FALSE,0.25,NA,16,48,NA,NA,NA,IGR,FALSE,FALSE,FALSE,FALSE,2,1,1,1_1,1a319682-f55e-4e0b-8476-48a0bea6c265,NA
4,20897872,20897872,1,snv_mnv,NA,NA,"broad,dkfz,muse,sanger",4,COSN4915860,NA,MER102c,FALSE,0.18,NA,9,41,NA,NA,NA,Intron,FALSE,FALSE,FALSE,FALSE,2,1,1,1_1,1a319682-f55e-4e0b-8476-48a0bea6c265,NA
4,22788541,22788541,1,snv_mnv,NA,NA,"broad,dkfz,muse",3,COSN4915918,NA,MIRc,FALSE,0.1667,NA,9,45,NA,NA,NA,RNA,FALSE,FALSE,FALSE,FALSE,2,1,1,1_1,1a319682-f55e-4e0b-8476-48a0bea6c265,NA
4,23024045,23024045,1,snv_mnv,NA,NA,"broad,dkfz,muse,sanger",4,COSN4915920,NA,NA,FALSE,0.3036,NA,17,39,NA,NA,NA,lincRNA,FALSE,FALSE,FALSE,FALSE,2,1,1,1_1,1a319682-f55e-4e0b-8476-48a0bea6c265,NA
4,27427977,27427977,1,snv_mnv,NA,NA,"broad,dkfz,muse,sanger",4,COSN16201912,NA,NA,FALSE,0.2791,NA,12,31,NA,NA,NA,IGR,FALSE,FALSE,FALSE,FALSE,2,1,1,1_1,1a319682-f55e-4e0b-8476-48a0bea6c265,NA
4,28635366,28635366,1,snv_mnv,NA,NA,"broad,dkfz,muse,sanger",4,COSN16200768,NA,NA,FALSE,0.2727,NA,12,32,NA,NA,NA,IGR,FALSE,FALSE,FALSE,FALSE,2,1,1,1_1,1a319682-f55e-4e0b-8476-48a0bea6c265,NA
4,28985663,28985663,1,snv_mnv,NA,NA,"broad,dkfz,muse,sanger",4,COSN16201405,NA,NA,FALSE,0.2069,NA,6,23,NA,NA,NA,IGR,FALSE,FALSE,FALSE,FALSE,2,1,1,1_1,1a319682-f55e-4e0b-8476-48a0bea6c265,NA
4,30024467,30024467,1,snv_mnv,NA,NA,"broad,dkfz,muse,sanger",4,COSN16200550,NA,NA,FALSE,0.2692,NA,14,38,NA,NA,NA,IGR,FALSE,FALSE,FALSE,FALSE,2,1,1,1_1,1a319682-f55e-4e0b-8476-48a0bea6c265,NA
4,31119499,31119499,1,snv_mnv,NA,NA,"broad,dkfz,muse,sanger",4,COSN4915992,NA,NA,FALSE,0.2778,NA,15,39,NA,NA,NA,Intron,FALSE,FALSE,FALSE,FALSE,2,1,1,1_1,1a319682-f55e-4e0b-8476-48a0bea6c265,NA
4,31497434,31497434,1,snv_mnv,NA,NA,"broad,dkfz,muse,sanger",4,COSN16201211,NA,L2a,FALSE,0.3913,NA,18,28,NA,NA,NA,IGR,FALSE,FALSE,FALSE,FALSE,2,1,1,1_1,1a319682-f55e-4e0b-8476-48a0bea6c265,NA
4,32320668,32320668,1,snv_mnv,1.9968e-4,rs559251132,"broad,dkfz,muse,sanger",4,COSN16201518,rs559251132,MER52A,FALSE,0.2308,NA,9,30,NA,NA,NA,IGR,FALSE,FALSE,FALSE,FALSE,2,1,1,1_1,1a319682-f55e-4e0b-8476-48a0bea6c265,NA
4,34669451,34669451,1,snv_mnv,NA,NA,"broad,dkfz,muse,sanger",4,COSN16201205,NA,L2,FALSE,0.1912,NA,13,55,NA,NA,NA,lincRNA,FALSE,FALSE,FALSE,FALSE,2,1,1,1_1,1a319682-f55e-4e0b-8476-48a0bea6c265,AC093689.1
4,34953290,34953290,1,snv_mnv,NA,NA,"broad,dkfz,muse,sanger",4,COSN16200654,NA,NA,FALSE,0.2727,NA,9,24,NA,NA,NA,IGR,FALSE,FALSE,FALSE,FALSE,2,1,1,1_1,1a319682-f55e-4e0b-8476-48a0bea6c265,NA
4,37004252,37004252,1,snv_mnv,NA,NA,"broad,dkfz,muse,sanger",4,COSN16201107,rs758040721,NA,FALSE,0.1899,NA,15,64,NA,NA,NA,lincRNA,FALSE,FALSE,FALSE,FALSE,2,1,1,1_1,1a319682-f55e-4e0b-8476-48a0bea6c265,NA
4,38629042,38629042,1,snv_mnv,NA,NA,"broad,muse,sanger",3,COSN4916055,NA,LTR12C,FALSE,0.2222,NA,10,35,NA,NA,NA,5'UTR,FALSE,FALSE,FALSE,FALSE,2,1,1,1_1,1a319682-f55e-4e0b-8476-48a0bea6c265,NA
4,38635481,38635481,1,snv_mnv,NA,NA,"broad,dkfz,muse,sanger",4,COSN16201624,NA,NA,FALSE,0.2059,NA,14,54,NA,NA,NA,Intron,FALSE,FALSE,FALSE,FALSE,2,1,1,1_1,1a319682-f55e-4e0b-8476-48a0bea6c265,NA
4,41351546,41351546,1,snv_mnv,NA,NA,"broad,dkfz,muse,sanger",4,COSN16200342,rs749720700,L1PA6,FALSE,0.3636,NA,16,28,NA,NA,NA,IGR,FALSE,FALSE,FALSE,FALSE,2,1,1,1_1,1a319682-f55e-4e0b-8476-48a0bea6c265,NA
4,43058537,43058537,1,snv_mnv,NA,NA,"broad,dkfz,muse,sanger",4,COSN16200904,NA,L1M1,FALSE,0.2449,NA,12,37,NA,NA,NA,IGR,FALSE,FALSE,FALSE,FALSE,2,1,1,1_1,1a319682-f55e-4e0b-8476-48a0bea6c265,NA
4,43333284,43333284,1,snv_mnv,NA,NA,"broad,dkfz,muse,sanger",4,COSN16201108,NA,NA,FALSE,0.2535,NA,18,53,NA,NA,NA,IGR,FALSE,FALSE,FALSE,FALSE,2,1,1,1_1,1a319682-f55e-4e0b-8476-48a0bea6c265,NA
4,44341698,44341698,1,snv_mnv,NA,NA,"broad,dkfz,muse,sanger",4,COSN4916126,NA,L1ME2z,FALSE,0.4098,NA,25,36,NA,NA,NA,Intron,FALSE,FALSE,FALSE,FALSE,2,1,1,1_1,1a319682-f55e-4e0b-8476-48a0bea6c265,NA
4,45865011,45865011,1,snv_mnv,NA,NA,"broad,dkfz,muse,sanger",4,COSN16201233,NA,AluSx,FALSE,0.3333,NA,9,18,NA,NA,NA,IGR,FALSE,FALSE,FALSE,FALSE,2,1,1,1_1,1a319682-f55e-4e0b-8476-48a0bea6c265,NA
4,45865253,45865253,1,snv_mnv,NA,NA,"broad,dkfz,muse,sanger",4,COSN16202226,NA,L1MCb,FALSE,0.1951,NA,8,33,NA,NA,NA,IGR,FALSE,FALSE,FALSE,FALSE,2,1,1,1_1,1a319682-f55e-4e0b-8476-48a0bea6c265,NA
4,46989035,46989035,1,snv_mnv,NA,NA,"broad,dkfz,muse,sanger",4,COSN4916158,NA,L2a,FALSE,0.3333,NA,19,38,NA,NA,NA,Intron,FALSE,FALSE,FALSE,FALSE,2,1,1,1_1,1a319682-f55e-4e0b-8476-48a0bea6c265,NA
4,55464607,55464607,1,snv_mnv,NA,NA,"broad,dkfz,muse,sanger",4,COSN16201519,NA,MER57-int,FALSE,0.2885,NA,15,37,NA,NA,NA,IGR,FALSE,FALSE,FALSE,FALSE,2,1,1,1_1,1a319682-f55e-4e0b-8476-48a0bea6c265,LINC02260
4,57847035,57847035,1,snv_mnv,1.9968e-4,rs371060056,"broad,dkfz,muse,sanger",4,COSN4916283,rs371060056,AluSx,FALSE,0.1707,NA,7,34,NA,NA,NA,Intron,FALSE,FALSE,FALSE,FALSE,2,1,1,1_1,1a319682-f55e-4e0b-8476-48a0bea6c265,"POLR2B,NOA1"
4,58467524,58467524,1,snv_mnv,NA,NA,"broad,dkfz,muse,sanger",4,COSN4916293,NA,NA,FALSE,0.3714,NA,13,22,NA,NA,NA,lincRNA,FALSE,FALSE,FALSE,FALSE,2,1,1,1_1,1a319682-f55e-4e0b-8476-48a0bea6c265,AC093725.2
4,60358082,60358082,1,snv_mnv,NA,NA,"broad,dkfz,muse,sanger",4,COSN16202356,NA,L1MB3,FALSE,0.1702,NA,8,39,NA,NA,NA,IGR,FALSE,FALSE,FALSE,FALSE,2,1,1,1_1,1a319682-f55e-4e0b-8476-48a0bea6c265,NA
4,60584134,60584134,1,snv_mnv,NA,NA,"broad,dkfz,muse,sanger",4,COSN16201560,NA,L1PA5,FALSE,0.2063,NA,13,50,NA,NA,NA,IGR,FALSE,FALSE,FALSE,FALSE,2,1,1,1_1,1a319682-f55e-4e0b-8476-48a0bea6c265,NA
4,60683520,60683520,1,snv_mnv,NA,NA,"broad,dkfz,muse,sanger",4,COSN16201870,NA,NA,FALSE,0.3171,NA,13,28,NA,NA,NA,IGR,FALSE,FALSE,FALSE,FALSE,2,1,1,1_1,1a319682-f55e-4e0b-8476-48a0bea6c265,NA
4,61028817,61028817,1,snv_mnv,NA,NA,"broad,dkfz,muse,sanger",4,COSN16201506,NA,NA,FALSE,0.2632,NA,10,28,NA,NA,NA,IGR,FALSE,FALSE,FALSE,FALSE,2,1,1,1_1,1a319682-f55e-4e0b-8476-48a0bea6c265,NA
4,61982455,61982455,1,snv_mnv,NA,NA,"broad,dkfz,muse",3,COSN16201126,NA,(GGGA)n,FALSE,0.2581,NA,8,23,NA,NA,NA,IGR,FALSE,FALSE,FALSE,FALSE,2,1,1,1_1,1a319682-f55e-4e0b-8476-48a0bea6c265,NA
4,62054217,62054217,1,snv_mnv,1.9968e-4,rs536350643,"broad,dkfz,muse,sanger",4,COSN16200769,rs536350643,NA,FALSE,0.3194,NA,23,49,NA,NA,NA,IGR,FALSE,FALSE,FALSE,FALSE,2,1,1,1_1,1a319682-f55e-4e0b-8476-48a0bea6c265,NA
4,62481725,62481725,1,snv_mnv,1.9968e-4,rs566439472,"broad,dkfz,muse,sanger",4,COSN4916331,rs566439472,NA,FALSE,0.3103,NA,18,40,NA,NA,NA,Intron,FALSE,FALSE,FALSE,FALSE,2,1,1,1_1,1a319682-f55e-4e0b-8476-48a0bea6c265,NA
4,66199674,66199674,1,snv_mnv,NA,NA,"broad,dkfz,muse,sanger",4,COSN16202377,NA,L2a,FALSE,0.3077,NA,16,36,NA,NA,NA,Intron,FALSE,FALSE,FALSE,FALSE,2,1,1,1_1,1a319682-f55e-4e0b-8476-48a0bea6c265,NA
4,66342583,66342583,1,snv_mnv,NA,NA,"broad,dkfz,muse,sanger",4,COSN16202489,NA,NA,FALSE,0.194,NA,13,54,NA,NA,NA,Intron,FALSE,FALSE,FALSE,FALSE,2,1,1,1_1,1a319682-f55e-4e0b-8476-48a0bea6c265,NA
4,66516472,66516472,1,snv_mnv,NA,NA,"broad,dkfz,muse,sanger",4,COSN4916368,NA,L2,FALSE,0.2407,NA,13,41,NA,NA,NA,Intron,FALSE,FALSE,FALSE,FALSE,2,1,1,1_1,1a319682-f55e-4e0b-8476-48a0bea6c265,NA
4,68839626,68839626,1,snv_mnv,1.9968e-4,rs181659536,"broad,dkfz,muse,sanger",4,COSN16201871,rs181659536,L1PA10,FALSE,0.3108,NA,23,51,NA,NA,NA,RNA,FALSE,FALSE,FALSE,FALSE,2,1,1,1_1,1a319682-f55e-4e0b-8476-48a0bea6c265,NA
4,68941041,68941041,1,snv_mnv,NA,NA,"broad,dkfz,muse,sanger",4,COSN16202417,NA,L2b,FALSE,0.3214,NA,18,38,NA,NA,NA,Intron,FALSE,FALSE,FALSE,FALSE,2,1,1,1_1,1a319682-f55e-4e0b-8476-48a0bea6c265,NA
4,72461113,72461113,1,snv_mnv,NA,NA,"broad,dkfz,muse,sanger",4,COSN16201773,NA,NA,FALSE,0.2769,NA,18,47,NA,NA,NA,IGR,FALSE,FALSE,FALSE,FALSE,2,1,1,1_1,1a319682-f55e-4e0b-8476-48a0bea6c265,NA
4,73001701,73001701,1,snv_mnv,NA,NA,"broad,dkfz,muse,sanger",4,COSN16201895,NA,L1MA3,FALSE,0.32,NA,32,68,NA,NA,NA,Intron,FALSE,FALSE,FALSE,FALSE,2,1,1,1_1,1a319682-f55e-4e0b-8476-48a0bea6c265,NA
4,76132110,76132110,1,snv_mnv,NA,NA,"broad,dkfz,muse,sanger",4,COSN16201774,NA,MamGypLTR1c,FALSE,0.2826,NA,13,33,NA,NA,NA,IGR,FALSE,FALSE,FALSE,FALSE,2,1,1,1_1,1a319682-f55e-4e0b-8476-48a0bea6c265,NA
4,82001227,82001227,1,snv_mnv,NA,NA,"broad,dkfz,muse,sanger",4,COSN16201406,NA,L1PA15,FALSE,0.2364,NA,13,42,NA,NA,NA,IGR,FALSE,FALSE,FALSE,FALSE,2,1,1,1_1,1a319682-f55e-4e0b-8476-48a0bea6c265,NA
4,82131522,82131522,1,snv_mnv,NA,NA,"broad,dkfz,muse,sanger",4,COSN16201623,NA,L1MC2,FALSE,0.2113,NA,15,56,NA,NA,NA,Intron,FALSE,FALSE,FALSE,FALSE,2,1,1,1_1,1a319682-f55e-4e0b-8476-48a0bea6c265,NA
4,82136705,82136705,1,snv_mnv,NA,NA,"broad,dkfz,muse,sanger",4,COSN4916611,NA,NA,FALSE,0.2885,NA,15,37,NA,NA,NA,5'Flank,FALSE,FALSE,FALSE,FALSE,2,1,1,1_1,1a319682-f55e-4e0b-8476-48a0bea6c265,PRKG2
4,82150715,82150715,1,snv_mnv,5.9904e-4,rs113364547,"broad,dkfz,muse,sanger",4,COSN16202298,rs113364547,NA,FALSE,0.2899,NA,20,49,NA,NA,NA,IGR,FALSE,FALSE,FALSE,FALSE,2,1,1,1_1,1a319682-f55e-4e0b-8476-48a0bea6c265,NA
4,82184121,82184121,1,snv_mnv,NA,NA,"broad,dkfz,muse,sanger",4,COSN16200419,NA,NA,FALSE,0.2857,NA,14,35,NA,NA,NA,IGR,FALSE,FALSE,FALSE,FALSE,2,1,1,1_1,1a319682-f55e-4e0b-8476-48a0bea6c265,NA
4,82348842,82348842,1,snv_mnv,NA,NA,"broad,dkfz,muse,sanger",4,COSN4916612,NA,NA,FALSE,0.2683,NA,11,30,NA,NA,NA,3'UTR,FALSE,FALSE,FALSE,FALSE,2,1,1,1_1,1a319682-f55e-4e0b-8476-48a0bea6c265,NA
4,89052745,89052745,1,snv_mnv,NA,NA,"broad,dkfz,muse,sanger",4,COSN4916745,NA,NA,FALSE,0.2955,NA,13,31,NA,NA,NA,Intron,FALSE,FALSE,FALSE,FALSE,2,1,1,1_1,1a319682-f55e-4e0b-8476-48a0bea6c265,ABCG2
4,93568710,93568710,1,snv_mnv,NA,NA,"broad,dkfz,muse,sanger",4,COSN16200649,NA,NA,FALSE,0.2,NA,10,40,NA,NA,NA,Intron,FALSE,FALSE,FALSE,FALSE,2,1,1,1_1,1a319682-f55e-4e0b-8476-48a0bea6c265,NA
4,98534730,98534730,1,snv_mnv,NA,NA,"broad,dkfz,muse,sanger",4,COSN4916924,NA,L1MD3,FALSE,0.2162,NA,8,29,NA,NA,NA,Intron,FALSE,FALSE,FALSE,FALSE,2,1,1,1_1,1a319682-f55e-4e0b-8476-48a0bea6c265,NA
4,100184545,100184545,1,snv_mnv,1.9968e-4,rs190207898,"broad,dkfz,muse,sanger",4,COSN16200752,rs190207898,L1PA6,FALSE,0.2391,NA,11,35,NA,NA,NA,RNA,FALSE,FALSE,FALSE,FALSE,2,1,1,1_1,1a319682-f55e-4e0b-8476-48a0bea6c265,AP002026.1
4,100729411,100729411,1,snv_mnv,NA,NA,"broad,dkfz,muse,sanger",4,COSN16202112,NA,NA,FALSE,0.2632,NA,10,28,NA,NA,NA,IGR,FALSE,FALSE,FALSE,FALSE,2,1,1,1_1,1a319682-f55e-4e0b-8476-48a0bea6c265,NA
4,102409886,102409886,1,snv_mnv,NA,NA,"broad,dkfz,muse,sanger",4,COSN16201103,NA,L1MC1,FALSE,0.3036,NA,17,39,NA,NA,NA,Intron,FALSE,FALSE,FALSE,FALSE,2,1,1,1_1,1a319682-f55e-4e0b-8476-48a0bea6c265,NA
4,104625032,104625032,1,snv_mnv,NA,NA,"broad,dkfz,muse,sanger",4,COSN16200629,NA,AluY,FALSE,0.2273,NA,10,34,NA,NA,NA,Intron,FALSE,FALSE,FALSE,FALSE,2,1,1,1_1,1a319682-f55e-4e0b-8476-48a0bea6c265,NA
4,104888099,104888099,1,snv_mnv,1.9968e-4,rs576843515,"broad,dkfz,muse,sanger",4,COSN16201487,rs576843515,AluJb,FALSE,0.34,NA,17,33,NA,NA,NA,lincRNA,FALSE,FALSE,FALSE,FALSE,2,1,1,1_1,1a319682-f55e-4e0b-8476-48a0bea6c265,NA
4,109879545,109879545,1,snv_mnv,NA,NA,"broad,dkfz,muse,sanger",4,COSN16202070,NA,NA,FALSE,0.2857,NA,20,50,NA,NA,NA,Intron,FALSE,FALSE,FALSE,FALSE,2,1,1,1_1,1a319682-f55e-4e0b-8476-48a0bea6c265,NA
4,112437421,112437421,1,snv_mnv,NA,NA,"broad,muse,sanger",3,COSN16200386,NA,MLT1J2,FALSE,0.2759,NA,8,21,NA,NA,NA,IGR,FALSE,FALSE,FALSE,FALSE,2,1,1,1_1,1a319682-f55e-4e0b-8476-48a0bea6c265,NA
4,114083968,114083968,1,snv_mnv,NA,NA,"broad,muse,sanger",3,COSN16201446,NA,L2a,FALSE,0.1935,NA,6,25,NA,NA,NA,Intron,FALSE,FALSE,FALSE,FALSE,2,1,1,1_1,1a319682-f55e-4e0b-8476-48a0bea6c265,NA
4,115610185,115610185,1,snv_mnv,NA,NA,"broad,dkfz,muse,sanger",4,COSN16201355,NA,NA,FALSE,0.2553,NA,12,35,NA,NA,NA,IGR,FALSE,FALSE,FALSE,FALSE,2,1,1,1_1,1a319682-f55e-4e0b-8476-48a0bea6c265,NA
4,115775486,115775486,1,snv_mnv,NA,NA,"broad,dkfz,muse,sanger",4,COSN4914845,NA,L1MA3,FALSE,0.1304,NA,9,60,NA,NA,NA,Intron,FALSE,FALSE,FALSE,FALSE,2,1,1,1_1,1a319682-f55e-4e0b-8476-48a0bea6c265,NA
4,116544434,116544434,1,snv_mnv,NA,NA,"broad,dkfz,muse,sanger",4,COSN16201090,NA,NA,FALSE,0.1852,NA,10,44,NA,NA,NA,IGR,FALSE,FALSE,FALSE,TRUE,2,1,1,1_1,1a319682-f55e-4e0b-8476-48a0bea6c265,NA
4,116584854,116584854,1,snv_mnv,NA,NA,"broad,dkfz,muse,sanger",4,COSN16201180,NA,NA,FALSE,0.25,NA,13,39,NA,NA,NA,IGR,FALSE,FALSE,FALSE,FALSE,2,1,1,1_1,1a319682-f55e-4e0b-8476-48a0bea6c265,NA
4,116935841,116935841,1,snv_mnv,NA,NA,"broad,dkfz,muse,sanger",4,COSN16202342,NA,L1MA9,FALSE,0.2051,NA,8,31,NA,NA,NA,IGR,FALSE,FALSE,FALSE,FALSE,2,1,1,1_1,1a319682-f55e-4e0b-8476-48a0bea6c265,NA
4,116978119,116978119,1,snv_mnv,NA,NA,"broad,dkfz,muse",3,COSN16202361,NA,AluY,FALSE,0.5,NA,21,21,NA,NA,NA,IGR,FALSE,FALSE,FALSE,FALSE,2,1,1,1_1,1a319682-f55e-4e0b-8476-48a0bea6c265,NA
4,117238225,117238225,1,snv_mnv,NA,NA,"broad,dkfz,muse,sanger",4,COSN16200924,NA,L1MEg,FALSE,0.2903,NA,9,22,NA,NA,NA,IGR,FALSE,FALSE,FALSE,FALSE,2,1,1,1_1,1a319682-f55e-4e0b-8476-48a0bea6c265,NA
4,118433197,118433197,1,snv_mnv,NA,NA,"broad,muse,sanger",3,COSN16201248,NA,NA,FALSE,0.15,NA,6,34,NA,NA,NA,lincRNA,FALSE,FALSE,FALSE,FALSE,2,1,1,1_1,1a319682-f55e-4e0b-8476-48a0bea6c265,NA
4,122671541,122671541,1,snv_mnv,NA,NA,"broad,dkfz,muse,sanger",4,COSN16201291,NA,AluJb,FALSE,0.2766,NA,13,34,NA,NA,NA,IGR,FALSE,FALSE,FALSE,FALSE,2,1,1,1_1,1a319682-f55e-4e0b-8476-48a0bea6c265,NA
4,122856745,122856745,1,snv_mnv,NA,NA,"broad,dkfz,muse,sanger",4,COSN16200714,NA,NA,FALSE,0.2923,NA,19,46,NA,NA,NA,Intron,FALSE,FALSE,FALSE,FALSE,2,1,1,1_1,1a319682-f55e-4e0b-8476-48a0bea6c265,TRPC3
4,123752634,123752634,1,snv_mnv,NA,NA,"broad,dkfz,muse,sanger",4,COSN16202290,NA,NA,FALSE,0.2037,NA,11,43,NA,NA,NA,Intron,FALSE,FALSE,FALSE,FALSE,2,1,1,1_1,1a319682-f55e-4e0b-8476-48a0bea6c265,NA
4,126873884,126873884,1,snv_mnv,NA,NA,"broad,dkfz,muse,sanger",4,COSN16200937,NA,MIR,FALSE,0.3684,NA,14,24,NA,NA,NA,IGR,FALSE,FALSE,FALSE,FALSE,2,1,1,1_1,1a319682-f55e-4e0b-8476-48a0bea6c265,NA
4,127916622,127916622,1,snv_mnv,NA,NA,"broad,dkfz,muse,sanger",4,COSN16201000,NA,MER65A,FALSE,0.2063,NA,13,50,NA,NA,NA,IGR,FALSE,FALSE,FALSE,FALSE,2,1,1,1_1,1a319682-f55e-4e0b-8476-48a0bea6c265,NA
4,128024476,128024476,1,snv_mnv,NA,NA,"broad,dkfz,muse,sanger",4,COSN16202069,NA,NA,FALSE,0.26,NA,13,37,NA,NA,NA,lincRNA,FALSE,FALSE,FALSE,FALSE,2,1,1,1_1,1a319682-f55e-4e0b-8476-48a0bea6c265,NA
4,128042808,128042808,1,snv_mnv,1.9968e-4,rs569477262,"broad,dkfz,muse,sanger",4,COSN16202311,rs569477262,NA,FALSE,0.2364,NA,13,42,NA,NA,NA,lincRNA,FALSE,FALSE,FALSE,FALSE,2,1,1,1_1,1a319682-f55e-4e0b-8476-48a0bea6c265,NA
4,131183616,131183616,1,snv_mnv,NA,NA,"broad,dkfz,muse,sanger",4,COSN16200254,NA,L1MD1,FALSE,0.2281,NA,13,44,NA,NA,NA,IGR,FALSE,FALSE,FALSE,FALSE,2,1,1,1_1,1a319682-f55e-4e0b-8476-48a0bea6c265,NA
4,131775623,131775623,1,snv_mnv,NA,NA,"broad,dkfz,muse,sanger",4,COSN16202408,rs746115430,AluY,FALSE,0.2703,NA,10,27,NA,NA,NA,IGR,FALSE,FALSE,FALSE,FALSE,2,1,1,1_1,1a319682-f55e-4e0b-8476-48a0bea6c265,NA
4,132552380,132552380,1,snv_mnv,NA,NA,"broad,dkfz,muse,sanger",4,COSN16201407,NA,L1M3,FALSE,0.2308,NA,15,50,NA,NA,NA,IGR,FALSE,FALSE,FALSE,FALSE,2,1,1,1_1,1a319682-f55e-4e0b-8476-48a0bea6c265,NA
4,134352151,134352151,1,snv_mnv,NA,NA,"broad,dkfz,muse,sanger",4,COSN16201609,NA,NA,FALSE,0.2414,NA,14,44,NA,NA,NA,IGR,FALSE,FALSE,FALSE,FALSE,2,1,1,1_1,1a319682-f55e-4e0b-8476-48a0bea6c265,NA
4,134718923,134718923,1,snv_mnv,NA,NA,"broad,dkfz,muse,sanger",4,COSN16201477,NA,MER5B,FALSE,0.4375,NA,14,18,NA,NA,NA,IGR,FALSE,FALSE,FALSE,FALSE,2,1,1,1_1,1a319682-f55e-4e0b-8476-48a0bea6c265,NA
4,136392118,136392118,1,snv_mnv,NA,NA,"broad,dkfz,muse,sanger",4,COSN16200320,NA,L1PA3,FALSE,0.1538,NA,14,77,NA,NA,NA,IGR,FALSE,FALSE,FALSE,FALSE,2,1,1,1_1,1a319682-f55e-4e0b-8476-48a0bea6c265,NA
4,139244456,139244456,1,snv_mnv,NA,NA,"broad,dkfz,muse,sanger",4,COSN16202547,NA,L1MEc,FALSE,0.2807,NA,16,41,NA,NA,NA,lincRNA,FALSE,FALSE,FALSE,FALSE,2,1,1,1_1,1a319682-f55e-4e0b-8476-48a0bea6c265,NA
4,142021178,142021178,1,snv_mnv,NA,NA,"broad,dkfz,muse,sanger",4,COSN4915161,NA,NA,FALSE,0.2353,NA,16,52,NA,NA,NA,Intron,FALSE,FALSE,FALSE,FALSE,2,1,1,1_1,1a319682-f55e-4e0b-8476-48a0bea6c265,NA
4,144996608,144996608,1,snv_mnv,NA,NA,"broad,muse,sanger",3,COSN4915221,NA,L1MA7,FALSE,0.1633,NA,8,41,NA,NA,NA,Intron,FALSE,FALSE,FALSE,FALSE,2,1,1,1_1,1a319682-f55e-4e0b-8476-48a0bea6c265,AC139713.2
4,146658365,146658365,1,snv_mnv,NA,NA,"broad,dkfz,muse,sanger",4,COSN16202499,NA,NA,FALSE,0.2632,NA,15,42,NA,NA,NA,Intron,FALSE,FALSE,FALSE,FALSE,2,1,1,1_1,1a319682-f55e-4e0b-8476-48a0bea6c265,C4orf51
4,147016570,147016570,1,snv_mnv,NA,NA,"broad,dkfz,muse,sanger",4,COSN16201846,NA,NA,FALSE,0.2769,NA,18,47,NA,NA,NA,lincRNA,FALSE,FALSE,FALSE,FALSE,2,1,1,1_1,1a319682-f55e-4e0b-8476-48a0bea6c265,NA
4,148257778,148257778,1,snv_mnv,NA,NA,"broad,dkfz,muse,sanger",4,COSN16200255,NA,L2a,FALSE,0.3256,NA,14,29,NA,NA,NA,IGR,FALSE,FALSE,FALSE,FALSE,2,1,1,1_1,1a319682-f55e-4e0b-8476-48a0bea6c265,NA
4,149500119,149500119,1,snv_mnv,NA,NA,"broad,dkfz,muse,sanger",4,COSN16200631,NA,L1MC,FALSE,0.2759,NA,16,42,NA,NA,NA,IGR,FALSE,FALSE,FALSE,FALSE,2,1,1,1_1,1a319682-f55e-4e0b-8476-48a0bea6c265,NA
4,150756722,150756722,1,snv_mnv,NA,NA,"broad,dkfz,muse,sanger",4,COSN16201087,NA,NA,FALSE,0.3077,NA,8,18,NA,NA,NA,IGR,FALSE,FALSE,FALSE,FALSE,2,1,1,1_1,1a319682-f55e-4e0b-8476-48a0bea6c265,NA
4,151040934,151040934,1,snv_mnv,NA,NA,"broad,dkfz,muse,sanger",4,COSN16201550,NA,NA,FALSE,0.2941,NA,15,36,NA,NA,NA,Intron,FALSE,FALSE,FALSE,FALSE,2,1,1,1_1,1a319682-f55e-4e0b-8476-48a0bea6c265,NA
4,154496711,154496711,1,snv_mnv,NA,NA,"broad,dkfz,muse,sanger",4,COSN4915381,NA,MIRc,FALSE,0.1774,NA,11,51,NA,NA,NA,Intron,FALSE,FALSE,FALSE,FALSE,2,1,1,1_1,1a319682-f55e-4e0b-8476-48a0bea6c265,NA
4,154822973,154822973,1,snv_mnv,1.9968e-4,rs531755593,"broad,dkfz,muse,sanger",4,COSN16202015,rs531755593,NA,FALSE,0.2,NA,15,60,NA,NA,NA,IGR,FALSE,FALSE,FALSE,FALSE,2,1,1,1_1,1a319682-f55e-4e0b-8476-48a0bea6c265,NA
4,155353718,155353718,1,snv_mnv,NA,NA,"broad,dkfz,muse,sanger",4,COSN16201923,NA,L1MEe,FALSE,0.3281,NA,21,43,NA,NA,NA,Intron,FALSE,FALSE,FALSE,FALSE,2,1,1,1_1,1a319682-f55e-4e0b-8476-48a0bea6c265,NA
4,156006684,156006684,1,snv_mnv,NA,NA,"broad,dkfz,muse,sanger",4,COSN16200443,NA,NA,FALSE,0.25,NA,10,30,NA,NA,NA,IGR,FALSE,FALSE,FALSE,FALSE,2,1,1,1_1,1a319682-f55e-4e0b-8476-48a0bea6c265,NA
4,158659307,158659307,1,snv_mnv,NA,NA,"broad,dkfz,muse,sanger",4,COSN16201478,NA,MSTA,FALSE,0.1724,NA,10,48,NA,NA,NA,IGR,FALSE,FALSE,FALSE,FALSE,2,1,1,1_1,1a319682-f55e-4e0b-8476-48a0bea6c265,NA
4,161592685,161592685,1,snv_mnv,NA,NA,"broad,dkfz,muse,sanger",4,COSN16202227,rs546445769,AluSz,FALSE,0.2727,NA,9,24,NA,NA,NA,IGR,FALSE,FALSE,FALSE,FALSE,2,1,1,1_1,1a319682-f55e-4e0b-8476-48a0bea6c265,NA
4,161920356,161920356,1,snv_mnv,NA,NA,"broad,dkfz,muse,sanger",4,COSN16202332,NA,NA,FALSE,0.2344,NA,15,49,NA,NA,NA,IGR,FALSE,FALSE,FALSE,FALSE,2,1,1,1_1,1a319682-f55e-4e0b-8476-48a0bea6c265,NA
4,162891671,162891671,1,snv_mnv,NA,NA,"broad,dkfz,muse,sanger",4,COSN4915461,NA,NA,FALSE,0.3333,NA,13,26,NA,NA,NA,Intron,FALSE,FALSE,FALSE,FALSE,2,1,1,1_1,1a319682-f55e-4e0b-8476-48a0bea6c265,NA
4,164441637,164441637,1,snv_mnv,NA,NA,"broad,dkfz,muse,sanger",4,COSN16201065,NA,NA,FALSE,0.2045,NA,9,35,NA,NA,NA,3'UTR,FALSE,FALSE,FALSE,FALSE,2,1,1,1_1,1a319682-f55e-4e0b-8476-48a0bea6c265,"TMA16,MARCH1"
4,164825742,164825742,1,snv_mnv,NA,NA,"broad,dkfz,muse,sanger",4,COSN4915484,NA,NA,FALSE,0.3404,NA,16,31,NA,NA,NA,Intron,FALSE,FALSE,FALSE,FALSE,2,1,1,1_1,1a319682-f55e-4e0b-8476-48a0bea6c265,NA
4,164935574,164935574,1,snv_mnv,NA,NA,"broad,dkfz,muse,sanger",4,COSN4915488,NA,L1MA4,FALSE,0.307,NA,35,79,NA,NA,NA,Intron,FALSE,FALSE,FALSE,FALSE,2,1,1,1_1,1a319682-f55e-4e0b-8476-48a0bea6c265,NA
4,165376567,165376567,1,snv_mnv,NA,NA,"broad,dkfz,muse,sanger",4,COSN16202150,NA,L1MA5,FALSE,0.2687,NA,18,49,NA,NA,NA,IGR,FALSE,FALSE,FALSE,FALSE,2,1,1,1_1,1a319682-f55e-4e0b-8476-48a0bea6c265,NA
4,165377047,165377047,1,snv_mnv,NA,NA,"broad,dkfz,muse,sanger",4,COSN16200955,NA,L1MA5,FALSE,0.2676,NA,19,52,NA,NA,NA,IGR,FALSE,FALSE,FALSE,FALSE,2,1,1,1_1,1a319682-f55e-4e0b-8476-48a0bea6c265,NA
4,165606583,165606583,1,snv_mnv,NA,NA,"broad,dkfz,muse,sanger",4,COSN16200321,NA,NA,FALSE,0.3019,NA,16,37,NA,NA,NA,IGR,FALSE,FALSE,FALSE,FALSE,2,1,1,1_1,1a319682-f55e-4e0b-8476-48a0bea6c265,NA
4,167961262,167961262,1,snv_mnv,NA,NA,"broad,dkfz,muse,sanger",4,COSN16200544,rs549788702,NA,FALSE,0.2121,NA,7,26,NA,NA,NA,Intron,FALSE,FALSE,FALSE,FALSE,2,1,1,1_1,1a319682-f55e-4e0b-8476-48a0bea6c265,NA
4,168552051,168552051,1,snv_mnv,NA,NA,"broad,dkfz,muse,sanger",4,COSN16201737,NA,L1PA7,FALSE,0.129,NA,8,54,NA,NA,NA,IGR,FALSE,FALSE,FALSE,FALSE,2,1,1,1_1,1a319682-f55e-4e0b-8476-48a0bea6c265,NA
4,169126391,169126391,1,snv_mnv,1.9968e-4,rs554504801,"broad,dkfz,muse,sanger",4,COSN16201198,rs554504801,NA,FALSE,0.2195,NA,9,32,NA,NA,NA,IGR,FALSE,FALSE,FALSE,FALSE,2,1,1,1_1,1a319682-f55e-4e0b-8476-48a0bea6c265,NA
4,171857477,171857477,1,snv_mnv,NA,NA,"broad,dkfz,muse,sanger",4,COSN16201837,NA,NA,FALSE,0.2292,NA,11,37,NA,NA,NA,IGR,FALSE,FALSE,FALSE,FALSE,2,1,1,1_1,1a319682-f55e-4e0b-8476-48a0bea6c265,NA
4,173048068,173048068,1,snv_mnv,NA,NA,"broad,dkfz,muse,sanger",4,COSN16201338,NA,L1M2,FALSE,0.2564,NA,10,29,NA,NA,NA,Intron,FALSE,FALSE,FALSE,FALSE,2,1,1,1_1,1a319682-f55e-4e0b-8476-48a0bea6c265,NA
4,176066792,176066792,1,snv_mnv,NA,NA,"broad,dkfz,muse,sanger",4,COSN16201872,NA,L1MEg,FALSE,0.2812,NA,18,46,NA,NA,NA,IGR,FALSE,FALSE,FALSE,FALSE,2,1,1,1_1,1a319682-f55e-4e0b-8476-48a0bea6c265,NA
4,176891860,176891860,1,snv_mnv,NA,NA,"broad,dkfz,muse",3,COSN16200648,NA,NA,FALSE,0.2807,NA,16,41,NA,NA,NA,Intron,FALSE,FALSE,FALSE,FALSE,2,1,1,1_1,1a319682-f55e-4e0b-8476-48a0bea6c265,NA
4,178650175,178650175,1,snv_mnv,NA,NA,"broad,dkfz,muse,sanger",4,COSN16200547,NA,NA,FALSE,0.2667,NA,12,33,NA,NA,NA,Intron,FALSE,FALSE,FALSE,FALSE,2,1,1,1_1,1a319682-f55e-4e0b-8476-48a0bea6c265,NA
4,180189339,180189339,1,snv_mnv,NA,NA,"broad,dkfz,muse,sanger",4,COSN16201072,NA,MER119,FALSE,0.3415,NA,14,27,NA,NA,NA,IGR,FALSE,FALSE,FALSE,FALSE,2,1,1,1_1,1a319682-f55e-4e0b-8476-48a0bea6c265,NA
4,180286700,180286700,1,snv_mnv,NA,NA,"broad,dkfz,muse,sanger",4,COSN16202171,NA,NA,FALSE,0.3016,NA,19,44,NA,NA,NA,IGR,FALSE,FALSE,FALSE,FALSE,2,1,1,1_1,1a319682-f55e-4e0b-8476-48a0bea6c265,NA
4,187489747,187489747,1,snv_mnv,1.9968e-4,rs187030115,"broad,dkfz,muse,sanger",4,COSN16200343,rs187030115,AluSx,FALSE,0.2,NA,10,40,NA,NA,NA,IGR,FALSE,FALSE,FALSE,FALSE,2,1,1,1_1,1a319682-f55e-4e0b-8476-48a0bea6c265,NA
4,188601675,188601675,1,snv_mnv,NA,NA,"broad,dkfz,muse,sanger",4,COSN16201690,NA,NA,FALSE,0.3125,NA,15,33,NA,NA,NA,IGR,FALSE,FALSE,FALSE,FALSE,2,1,1,1_1,1a319682-f55e-4e0b-8476-48a0bea6c265,NA
4,190518629,190518629,1,snv_mnv,NA,NA,"broad,muse",2,COSN16200833,NA,NA,FALSE,0.2,NA,8,32,NA,NA,NA,IGR,FALSE,FALSE,FALSE,FALSE,2,1,1,1_1,1a319682-f55e-4e0b-8476-48a0bea6c265,NA
5,2240831,2240831,1,snv_mnv,NA,NA,"broad,dkfz,muse,sanger",4,COSN16200444,NA,L1MCa,FALSE,0.3953,NA,17,26,NA,NA,NA,IGR,FALSE,FALSE,FALSE,FALSE,2,1,1,1_1,1a319682-f55e-4e0b-8476-48a0bea6c265,NA
5,4003975,4003975,1,snv_mnv,NA,NA,"broad,dkfz,muse,sanger",4,COSN16201956,rs796632847,NA,FALSE,0.375,NA,15,25,NA,NA,NA,IGR,FALSE,FALSE,FALSE,FALSE,2,1,1,1_1,1a319682-f55e-4e0b-8476-48a0bea6c265,NA
5,5643561,5643561,1,snv_mnv,NA,NA,"broad,dkfz,muse,sanger",4,COSN16201721,NA,NA,FALSE,0.1778,NA,8,37,NA,NA,NA,IGR,FALSE,FALSE,FALSE,FALSE,2,1,1,1_1,1a319682-f55e-4e0b-8476-48a0bea6c265,NA
5,5994115,5994115,1,snv_mnv,3.9936e-4,rs530571662,"broad,dkfz,muse,sanger",4,COSN16201277,rs530571662,L1PA15,FALSE,0.2535,NA,18,53,NA,NA,NA,IGR,FALSE,FALSE,FALSE,FALSE,2,1,1,1_1,1a319682-f55e-4e0b-8476-48a0bea6c265,NA
5,6503309,6503309,1,snv_mnv,1.9968e-4,rs569802667,"broad,dkfz,muse,sanger",4,COSN16201055,rs569802667,MLT1E1A,FALSE,0.2619,NA,11,31,NA,NA,NA,IGR,FALSE,FALSE,FALSE,FALSE,2,1,1,1_1,1a319682-f55e-4e0b-8476-48a0bea6c265,NA
5,7330609,7330609,1,snv_mnv,NA,NA,"broad,dkfz,muse,sanger",4,COSN16200877,NA,Tigger4,FALSE,0.1791,NA,12,55,NA,NA,NA,IGR,FALSE,FALSE,FALSE,FALSE,2,1,1,1_1,1a319682-f55e-4e0b-8476-48a0bea6c265,AC091951.4
5,7433544,7433544,1,snv_mnv,NA,NA,"broad,dkfz,muse,sanger",4,COSN16200765,NA,NA,FALSE,0.0488,NA,2,39,NA,NA,NA,Intron,FALSE,FALSE,FALSE,FALSE,2,1,1,1_1,1a319682-f55e-4e0b-8476-48a0bea6c265,NA
5,7433545,7433545,1,snv_mnv,NA,NA,"broad,dkfz,muse,sanger",4,COSN16201834,NA,NA,FALSE,0.0732,NA,3,38,NA,NA,NA,Intron,FALSE,FALSE,FALSE,FALSE,2,1,1,1_1,1a319682-f55e-4e0b-8476-48a0bea6c265,NA
5,10123925,10123925,1,snv_mnv,NA,NA,"broad,dkfz,muse,sanger",4,COSN16202081,NA,NA,FALSE,0.225,NA,9,31,NA,NA,NA,IGR,FALSE,FALSE,FALSE,FALSE,2,1,1,1_1,1a319682-f55e-4e0b-8476-48a0bea6c265,NA
5,10330549,10330549,1,snv_mnv,NA,NA,"broad,dkfz,muse,sanger",4,COSN16200864,NA,L2b,FALSE,0.3784,NA,14,23,NA,NA,NA,IGR,FALSE,FALSE,FALSE,FALSE,2,1,1,1_1,1a319682-f55e-4e0b-8476-48a0bea6c265,NA
5,11785021,11785021,1,snv_mnv,NA,NA,"broad,dkfz,muse,sanger",4,COSN4917175,NA,MLT1E1,FALSE,0.3143,NA,11,24,NA,NA,NA,Intron,FALSE,FALSE,FALSE,FALSE,2,1,1,1_1,1a319682-f55e-4e0b-8476-48a0bea6c265,NA
5,12036099,12036099,1,snv_mnv,NA,NA,"broad,dkfz,muse,sanger",4,COSN16201838,NA,NA,FALSE,0.2453,NA,13,40,NA,NA,NA,IGR,FALSE,FALSE,FALSE,FALSE,2,1,1,1_1,1a319682-f55e-4e0b-8476-48a0bea6c265,NA
5,16860682,16860682,1,snv_mnv,NA,NA,"broad,dkfz,muse,sanger",4,COSN4917793,NA,MER5A,FALSE,0.1967,NA,12,49,NA,NA,NA,Intron,FALSE,FALSE,FALSE,FALSE,2,1,1,1_1,1a319682-f55e-4e0b-8476-48a0bea6c265,NA
5,17661739,17661739,1,snv_mnv,NA,NA,"broad,dkfz,muse,sanger",4,COSN16202001,NA,L1PB1,FALSE,0.3088,NA,21,47,NA,NA,NA,IGR,FALSE,FALSE,FALSE,FALSE,2,1,1,1_1,1a319682-f55e-4e0b-8476-48a0bea6c265,NA
5,19217925,19217925,1,snv_mnv,NA,NA,"broad,dkfz,muse,sanger",4,COSN16202333,NA,NA,FALSE,0.3396,NA,18,35,NA,NA,NA,IGR,FALSE,FALSE,FALSE,FALSE,2,1,1,1_1,1a319682-f55e-4e0b-8476-48a0bea6c265,NA
5,20110661,20110661,1,snv_mnv,NA,NA,"broad,dkfz,muse,sanger",4,COSN4918015,NA,AluSx,FALSE,0.3333,NA,15,30,NA,NA,NA,Intron,FALSE,FALSE,FALSE,FALSE,2,1,1,1_1,1a319682-f55e-4e0b-8476-48a0bea6c265,NA
5,22882427,22882427,1,snv_mnv,3.9936e-4,rs535076139,"broad,dkfz,muse,sanger",4,COSN16201212,rs535076139,LTR16A,FALSE,0.1957,NA,9,37,NA,NA,NA,IGR,FALSE,FALSE,FALSE,FALSE,2,1,1,1_1,1a319682-f55e-4e0b-8476-48a0bea6c265,NA
5,28176685,28176685,1,snv_mnv,NA,NA,"broad,dkfz,muse,sanger",4,COSN16202475,NA,NA,FALSE,0.2368,NA,9,29,NA,NA,NA,IGR,FALSE,FALSE,FALSE,FALSE,2,1,1,1_1,1a319682-f55e-4e0b-8476-48a0bea6c265,NA
5,28397115,28397115,1,snv_mnv,NA,NA,"broad,dkfz,muse,sanger",4,COSN16200540,NA,NA,FALSE,0.2727,NA,15,40,NA,NA,NA,IGR,FALSE,FALSE,FALSE,FALSE,2,1,1,1_1,1a319682-f55e-4e0b-8476-48a0bea6c265,NA
5,29128785,29128785,1,snv_mnv,NA,NA,"broad,dkfz,muse,sanger",4,COSN16202384,NA,NA,FALSE,0.2982,NA,17,40,NA,NA,NA,IGR,FALSE,FALSE,FALSE,FALSE,2,1,1,1_1,1a319682-f55e-4e0b-8476-48a0bea6c265,NA
5,31804039,31804039,1,snv_mnv,NA,NA,"broad,dkfz,muse,sanger",4,COSN4918135,NA,AluJr,FALSE,0.2642,NA,14,39,NA,NA,NA,Intron,FALSE,FALSE,FALSE,FALSE,2,1,1,1_1,1a319682-f55e-4e0b-8476-48a0bea6c265,NA
5,33144795,33144795,1,snv_mnv,NA,NA,"broad,dkfz,muse,sanger",4,COSN16200931,NA,L1M4b,FALSE,0.1341,NA,11,71,NA,NA,NA,lincRNA,FALSE,FALSE,FALSE,FALSE,2,1,1,1_1,1a319682-f55e-4e0b-8476-48a0bea6c265,NA
5,35474192,35474192,1,snv_mnv,NA,NA,"broad,dkfz,muse,sanger",4,COSN16201249,NA,AluY,FALSE,0.2564,NA,10,29,NA,NA,NA,IGR,FALSE,FALSE,FALSE,FALSE,2,1,1,1_1,1a319682-f55e-4e0b-8476-48a0bea6c265,NA
5,35973081,35973081,1,snv_mnv,NA,NA,"broad,dkfz,muse,sanger",4,COSN16201730,NA,ERVL-B4-int,FALSE,0.2381,NA,15,48,NA,NA,NA,Intron,FALSE,FALSE,FALSE,FALSE,2,1,1,1_1,1a319682-f55e-4e0b-8476-48a0bea6c265,NA
5,36961125,36961125,1,snv_mnv,NA,NA,"broad,dkfz,muse,sanger",4,COSN4918211,NA,L3,FALSE,0.2,NA,9,36,NA,NA,NA,Intron,FALSE,FALSE,FALSE,FALSE,2,1,1,1_1,1a319682-f55e-4e0b-8476-48a0bea6c265,NA
5,39357188,39357188,1,snv_mnv,1.9968e-4,rs144780592,"broad,dkfz,muse,sanger",4,COSN16201466,rs144780592,NA,FALSE,0.1633,NA,8,41,NA,NA,NA,Intron,FALSE,FALSE,FALSE,FALSE,2,1,1,1_1,1a319682-f55e-4e0b-8476-48a0bea6c265,NA
5,44001791,44001791,1,snv_mnv,1.9968e-4,rs549932155,"broad,dkfz,muse,sanger",4,COSN16201002,rs549932155,NA,FALSE,0.28,NA,14,36,NA,NA,NA,IGR,FALSE,FALSE,FALSE,FALSE,2,1,1,1_1,1a319682-f55e-4e0b-8476-48a0bea6c265,NA
5,44150583,44150583,1,snv_mnv,NA,NA,"broad,dkfz,muse,sanger",4,COSN16200820,NA,MER82,FALSE,0.2188,NA,14,50,NA,NA,NA,IGR,FALSE,FALSE,FALSE,FALSE,2,1,1,1_1,1a319682-f55e-4e0b-8476-48a0bea6c265,NA
5,44368474,44368474,1,snv_mnv,NA,NA,"broad,dkfz,muse,sanger",4,COSN16201558,NA,NA,FALSE,0.2449,NA,12,37,NA,NA,NA,Intron,FALSE,FALSE,FALSE,FALSE,2,1,1,1_1,1a319682-f55e-4e0b-8476-48a0bea6c265,NA
5,45177172,45177172,1,snv_mnv,NA,NA,"broad,dkfz,muse,sanger",4,COSN16201561,NA,L1MA8,FALSE,0.2553,NA,12,35,NA,NA,NA,IGR,FALSE,FALSE,FALSE,FALSE,2,1,1,1_1,1a319682-f55e-4e0b-8476-48a0bea6c265,NA
5,45552994,45552994,1,snv_mnv,NA,NA,"broad,dkfz,muse,sanger",4,COSN16201978,NA,NA,FALSE,0.2045,NA,9,35,NA,NA,NA,Intron,FALSE,FALSE,FALSE,FALSE,2,1,1,1_1,1a319682-f55e-4e0b-8476-48a0bea6c265,NA
5,45610302,45610302,1,snv_mnv,NA,NA,"broad,dkfz,muse,sanger",4,COSN16200524,NA,NA,FALSE,0.1404,NA,8,49,NA,NA,NA,Intron,FALSE,FALSE,FALSE,FALSE,2,1,1,1_1,1a319682-f55e-4e0b-8476-48a0bea6c265,NA
5,51245656,51245656,1,snv_mnv,NA,NA,"broad,dkfz,muse,sanger",4,COSN16201033,NA,NA,FALSE,0.25,NA,11,33,NA,NA,NA,IGR,FALSE,FALSE,FALSE,FALSE,2,1,1,1_1,1a319682-f55e-4e0b-8476-48a0bea6c265,NA
5,51786217,51786217,1,snv_mnv,NA,NA,"dkfz,sanger",2,COSN6300059,NA,NA,FALSE,0.0741,NA,4,50,NA,NA,NA,IGR,FALSE,FALSE,FALSE,FALSE,2,1,1,1_1,1a319682-f55e-4e0b-8476-48a0bea6c265,NA
5,52025422,52025422,1,snv_mnv,NA,NA,"broad,dkfz,muse,sanger",4,COSN4918356,NA,NA,FALSE,0.2222,NA,8,28,NA,NA,NA,RNA,FALSE,FALSE,FALSE,FALSE,2,1,1,1_1,1a319682-f55e-4e0b-8476-48a0bea6c265,NA
5,52701907,52701907,1,snv_mnv,NA,NA,"broad,dkfz,muse,sanger",4,COSN16201428,NA,MLT1A,FALSE,0.3654,NA,19,33,NA,NA,NA,IGR,FALSE,FALSE,FALSE,FALSE,2,1,1,1_1,1a319682-f55e-4e0b-8476-48a0bea6c265,NA
5,57978059,57978059,1,snv_mnv,NA,NA,"broad,dkfz,muse,sanger",4,COSN16202137,NA,L2,FALSE,0.28,NA,14,36,NA,NA,NA,Intron,FALSE,FALSE,FALSE,FALSE,2,1,1,1_1,1a319682-f55e-4e0b-8476-48a0bea6c265,NA
5,58475181,58475181,1,snv_mnv,NA,NA,"broad,dkfz,muse,sanger",4,COSN16201570,NA,AluSz,FALSE,0.1957,NA,9,37,NA,NA,NA,Intron,FALSE,FALSE,FALSE,FALSE,2,1,1,1_1,1a319682-f55e-4e0b-8476-48a0bea6c265,PDE4D
5,58523357,58523357,1,snv_mnv,0.0011981,rs191118208,"broad,dkfz,muse,sanger",4,COSN16201056,rs191118208,L1PREC2,FALSE,0.3594,NA,23,41,NA,NA,NA,Intron,FALSE,FALSE,FALSE,FALSE,2,1,1,1_1,1a319682-f55e-4e0b-8476-48a0bea6c265,NA
5,58699055,58699055,1,snv_mnv,NA,NA,"broad,dkfz,muse,sanger",4,COSN4918443,NA,L1MA3,FALSE,0.284,NA,23,58,NA,NA,NA,Intron,FALSE,FALSE,FALSE,FALSE,2,1,1,1_1,1a319682-f55e-4e0b-8476-48a0bea6c265,NA
5,59520407,59520407,1,snv_mnv,NA,NA,"broad,muse,sanger",3,COSN16202385,rs754852583,MLT1H1,FALSE,0.1429,NA,5,30,NA,NA,NA,Intron,FALSE,FALSE,FALSE,FALSE,2,1,1,1_1,1a319682-f55e-4e0b-8476-48a0bea6c265,NA
5,61980663,61980663,1,snv_mnv,NA,NA,"broad,dkfz,muse,sanger",4,COSN16200633,NA,AluSx1,FALSE,0.2143,NA,9,33,NA,NA,NA,IGR,FALSE,FALSE,FALSE,FALSE,2,1,1,1_1,1a319682-f55e-4e0b-8476-48a0bea6c265,NA
5,62334497,62334497,1,snv_mnv,NA,NA,"broad,dkfz,muse,sanger",4,COSN16202500,NA,NA,FALSE,0.3171,NA,13,28,NA,NA,NA,IGR,FALSE,FALSE,FALSE,FALSE,2,1,1,1_1,1a319682-f55e-4e0b-8476-48a0bea6c265,NA
5,62459927,62459927,1,snv_mnv,NA,NA,"broad,dkfz,muse,sanger",4,COSN16200478,NA,NA,FALSE,0.2167,NA,13,47,NA,NA,NA,IGR,FALSE,FALSE,FALSE,FALSE,2,1,1,1_1,1a319682-f55e-4e0b-8476-48a0bea6c265,NA
5,62459966,62459966,1,snv_mnv,NA,NA,"broad,dkfz,muse,sanger",4,COSN16200387,NA,NA,FALSE,0.2157,NA,11,40,NA,NA,NA,IGR,FALSE,FALSE,FALSE,FALSE,2,1,1,1_1,1a319682-f55e-4e0b-8476-48a0bea6c265,NA
5,63564813,63564813,1,snv_mnv,NA,NA,"broad,dkfz,muse,sanger",4,COSN4918503,NA,NA,FALSE,0.3448,NA,10,19,NA,NA,NA,Intron,FALSE,FALSE,FALSE,FALSE,2,1,1,1_1,1a319682-f55e-4e0b-8476-48a0bea6c265,NA
5,64905858,64905858,1,snv_mnv,NA,NA,"broad,dkfz,muse,sanger",4,COSN16202600,NA,L2c,FALSE,0.3396,NA,18,35,NA,NA,NA,Intron,FALSE,FALSE,FALSE,FALSE,2,1,1,1_1,1a319682-f55e-4e0b-8476-48a0bea6c265,TRIM23
5,65502149,65502149,1,snv_mnv,NA,NA,"broad,dkfz,muse,sanger",4,COSN4918545,NA,L2b,FALSE,0.2727,NA,15,40,NA,NA,NA,lincRNA,FALSE,FALSE,FALSE,FALSE,2,1,1,1_1,1a319682-f55e-4e0b-8476-48a0bea6c265,NA
5,65560659,65560659,1,snv_mnv,NA,NA,"broad,dkfz,muse,sanger",4,COSN4918547,NA,L1MC4,FALSE,0.3421,NA,26,50,NA,NA,NA,IGR,FALSE,FALSE,FALSE,FALSE,2,1,1,1_1,1a319682-f55e-4e0b-8476-48a0bea6c265,NA
5,71042358,71042358,1,snv_mnv,NA,NA,"broad,dkfz,muse,sanger",4,COSN16202608,NA,NA,FALSE,0.2,NA,10,40,NA,NA,NA,IGR,FALSE,FALSE,FALSE,FALSE,2,1,1,1_1,1a319682-f55e-4e0b-8476-48a0bea6c265,NA
5,71778030,71778030,1,snv_mnv,NA,NA,"broad,dkfz,muse,sanger",4,COSN4918628,NA,NA,FALSE,0.2708,NA,13,35,NA,NA,NA,Intron,FALSE,FALSE,FALSE,FALSE,2,1,1,1_1,1a319682-f55e-4e0b-8476-48a0bea6c265,NA
5,71794102,71794102,1,snv_mnv,NA,NA,"broad,dkfz,muse,sanger",4,COSN16202388,NA,L1M5,FALSE,0.197,NA,13,53,NA,NA,NA,Intron,FALSE,FALSE,FALSE,FALSE,2,1,1,1_1,1a319682-f55e-4e0b-8476-48a0bea6c265,NA
5,75816892,75816892,1,snv_mnv,NA,NA,"broad,dkfz,muse,sanger",4,COSN16201646,NA,L1ME1,FALSE,0.2778,NA,15,39,NA,NA,NA,Intron,FALSE,FALSE,FALSE,FALSE,2,1,1,1_1,1a319682-f55e-4e0b-8476-48a0bea6c265,NA
5,82713635,82713635,1,snv_mnv,NA,NA,"broad,dkfz,muse,sanger",4,COSN16201356,NA,NA,FALSE,0.2647,NA,9,25,NA,NA,NA,IGR,FALSE,FALSE,FALSE,FALSE,2,1,1,1_1,1a319682-f55e-4e0b-8476-48a0bea6c265,NA
5,83031801,83031801,1,snv_mnv,NA,NA,"broad,dkfz,muse,sanger",4,COSN16202420,NA,THE1B-int,FALSE,0.1944,NA,7,29,NA,NA,NA,IGR,FALSE,FALSE,FALSE,FALSE,2,1,1,1_1,1a319682-f55e-4e0b-8476-48a0bea6c265,NA
5,83477035,83477035,1,snv_mnv,NA,NA,"broad,dkfz,muse,sanger",4,COSN4918804,NA,NA,FALSE,0.2353,NA,8,26,NA,NA,NA,Intron,FALSE,FALSE,FALSE,FALSE,2,1,1,1_1,1a319682-f55e-4e0b-8476-48a0bea6c265,NA
5,83645778,83645778,1,snv_mnv,1.9968e-4,rs549137247,"broad,dkfz,muse,sanger",4,COSN16200452,rs549137247,MIR,FALSE,0.2549,NA,13,38,NA,NA,NA,Intron,FALSE,FALSE,FALSE,FALSE,2,1,1,1_1,1a319682-f55e-4e0b-8476-48a0bea6c265,NA
5,84380410,84380410,1,snv_mnv,NA,NA,"broad,dkfz,muse,sanger",4,COSN16200356,NA,NA,FALSE,0.2807,NA,16,41,NA,NA,NA,IGR,FALSE,FALSE,FALSE,FALSE,2,1,1,1_1,1a319682-f55e-4e0b-8476-48a0bea6c265,NA
5,84887298,84887298,1,snv_mnv,NA,NA,"broad,dkfz,muse,sanger",4,COSN16202421,NA,THE1A-int,FALSE,0.3529,NA,12,22,NA,NA,NA,IGR,FALSE,FALSE,FALSE,FALSE,2,1,1,1_1,1a319682-f55e-4e0b-8476-48a0bea6c265,NA
5,85122786,85122786,1,snv_mnv,NA,NA,"broad,dkfz,muse,sanger",4,COSN16200956,NA,NA,FALSE,0.3396,NA,18,35,NA,NA,NA,IGR,FALSE,FALSE,FALSE,FALSE,2,1,1,1_1,1a319682-f55e-4e0b-8476-48a0bea6c265,NA
5,85163208,85163208,1,snv_mnv,NA,NA,"broad,dkfz,muse,sanger",4,COSN16202228,NA,NA,FALSE,0.2466,NA,18,55,NA,NA,NA,IGR,FALSE,FALSE,FALSE,FALSE,2,1,1,1_1,1a319682-f55e-4e0b-8476-48a0bea6c265,NA
5,85865681,85865681,1,snv_mnv,NA,NA,"broad,muse,sanger",3,COSN16202267,NA,LTR12C,FALSE,0.3182,NA,7,15,NA,NA,NA,IGR,FALSE,FALSE,FALSE,FALSE,2,1,1,1_1,1a319682-f55e-4e0b-8476-48a0bea6c265,NA
5,87170602,87170602,1,snv_mnv,NA,NA,"broad,dkfz,muse,sanger",4,COSN16200298,NA,NA,FALSE,0.2381,NA,10,32,NA,NA,NA,IGR,FALSE,FALSE,FALSE,FALSE,2,1,1,1_1,1a319682-f55e-4e0b-8476-48a0bea6c265,NA
5,88036741,88036741,1,snv_mnv,NA,NA,"broad,dkfz,muse,sanger",4,COSN16201165,NA,NA,FALSE,0.2069,NA,12,46,NA,NA,NA,Intron,FALSE,FALSE,FALSE,FALSE,2,1,1,1_1,1a319682-f55e-4e0b-8476-48a0bea6c265,NA
5,88992487,88992487,1,snv_mnv,NA,NA,"broad,dkfz,muse,sanger",4,COSN16200718,NA,NA,FALSE,0.1765,NA,6,28,NA,NA,NA,IGR,FALSE,FALSE,FALSE,FALSE,2,1,1,1_1,1a319682-f55e-4e0b-8476-48a0bea6c265,NA
5,89198671,89198671,1,snv_mnv,NA,NA,"broad,dkfz,muse,sanger",4,COSN16200825,NA,AluY,FALSE,0.2558,NA,11,32,NA,NA,NA,lincRNA,FALSE,FALSE,FALSE,FALSE,2,1,1,1_1,1a319682-f55e-4e0b-8476-48a0bea6c265,NA
5,89216719,89216719,1,snv_mnv,NA,NA,"broad,dkfz,muse,sanger",4,COSN16202539,NA,NA,FALSE,0.2857,NA,6,15,NA,NA,NA,IGR,FALSE,FALSE,FALSE,FALSE,2,1,1,1_1,1a319682-f55e-4e0b-8476-48a0bea6c265,NA
5,90146498,90146498,1,snv_mnv,3.9936e-4,rs186027600,"broad,dkfz,muse,sanger",4,COSN16200634,rs186027600,NA,FALSE,0.1667,NA,9,45,NA,NA,NA,Intron,FALSE,FALSE,FALSE,FALSE,2,1,1,1_1,1a319682-f55e-4e0b-8476-48a0bea6c265,ADGRV1
5,94075792,94075792,1,snv_mnv,NA,NA,"broad,muse,sanger",3,COSN4918958,NA,NA,FALSE,0.3594,NA,23,41,NA,NA,NA,Intron,FALSE,FALSE,FALSE,FALSE,2,1,1,1_1,1a319682-f55e-4e0b-8476-48a0bea6c265,SLF1
5,94120144,94120144,1,snv_mnv,NA,NA,"broad,muse,sanger",3,COSN4918960,NA,NA,FALSE,0.28,NA,14,36,NA,NA,NA,Intron,FALSE,FALSE,FALSE,FALSE,2,1,1,1_1,1a319682-f55e-4e0b-8476-48a0bea6c265,NA
5,95483745,95483745,1,snv_mnv,NA,NA,"broad,muse,sanger",3,COSN4918989,NA,NA,FALSE,0.2586,NA,15,43,NA,NA,NA,lincRNA,FALSE,FALSE,FALSE,FALSE,2,1,1,1_1,1a319682-f55e-4e0b-8476-48a0bea6c265,NA
5,96796479,96796479,1,snv_mnv,3.9936e-4,rs574791264,"broad,muse,sanger",3,COSN16200770,rs574791264,NA,FALSE,0.2093,NA,9,34,NA,NA,NA,IGR,FALSE,FALSE,FALSE,FALSE,2,1,1,1_1,1a319682-f55e-4e0b-8476-48a0bea6c265,NA
5,97386074,97386074,1,snv_mnv,NA,NA,"broad,muse,sanger",3,COSN16202514,NA,L1MA3,FALSE,0.3611,NA,13,23,NA,NA,NA,IGR,FALSE,FALSE,FALSE,FALSE,2,1,1,1_1,1a319682-f55e-4e0b-8476-48a0bea6c265,NA
5,97590916,97590916,1,snv_mnv,NA,NA,"broad,muse,sanger",3,COSN16201371,NA,L1PREC2,FALSE,0.3165,NA,25,54,NA,NA,NA,IGR,FALSE,FALSE,FALSE,FALSE,2,1,1,1_1,1a319682-f55e-4e0b-8476-48a0bea6c265,NA
5,97697056,97697056,1,snv_mnv,NA,NA,"broad,muse,sanger",3,COSN16201738,NA,NA,FALSE,0.2162,NA,8,29,NA,NA,NA,IGR,FALSE,FALSE,FALSE,FALSE,2,1,1,1_1,1a319682-f55e-4e0b-8476-48a0bea6c265,NA
5,100493482,100493482,1,snv_mnv,NA,NA,"broad,muse,sanger",3,COSN16200591,NA,AluSc,FALSE,0.3684,NA,14,24,NA,NA,NA,IGR,FALSE,FALSE,FALSE,FALSE,2,1,1,1_1,1a319682-f55e-4e0b-8476-48a0bea6c265,NA
5,102498403,102498403,1,snv_mnv,NA,NA,"broad,muse,sanger",3,COSN4916991,NA,L1ME3B,FALSE,0.3125,NA,20,44,NA,NA,NA,Intron,FALSE,FALSE,FALSE,FALSE,2,1,1,1_1,1a319682-f55e-4e0b-8476-48a0bea6c265,PPIP5K2
5,105753070,105753070,1,snv_mnv,NA,NA,"broad,muse,sanger",3,COSN16200682,NA,NA,FALSE,0.2812,NA,9,23,NA,NA,NA,IGR,FALSE,FALSE,FALSE,FALSE,2,1,1,1_1,1a319682-f55e-4e0b-8476-48a0bea6c265,AC027313.1
5,105924280,105924280,1,snv_mnv,NA,NA,"broad,muse,sanger",3,COSN16202476,NA,NA,FALSE,0.2,NA,7,28,NA,NA,NA,IGR,FALSE,FALSE,FALSE,FALSE,2,1,1,1_1,1a319682-f55e-4e0b-8476-48a0bea6c265,NA
5,107078742,107078742,1,snv_mnv,NA,NA,"broad,muse,sanger",3,COSN16200625,NA,NA,FALSE,0.2115,NA,11,41,NA,NA,NA,IGR,FALSE,FALSE,FALSE,FALSE,2,1,1,1_1,1a319682-f55e-4e0b-8476-48a0bea6c265,NA
5,110114464,110114464,1,snv_mnv,NA,NA,"broad,muse",2,COSN16191644,NA,L1PA6,FALSE,NA,NA,NA,NA,NA,NA,NA,IGR,FALSE,FALSE,FALSE,FALSE,2,1,1,1_1,1a319682-f55e-4e0b-8476-48a0bea6c265,NA
5,110965682,110965682,1,snv_mnv,NA,NA,"broad,muse,sanger",3,COSN4917093,NA,L1ME2,FALSE,0.2346,NA,19,62,NA,NA,NA,RNA,FALSE,FALSE,FALSE,FALSE,2,1,1,1_1,1a319682-f55e-4e0b-8476-48a0bea6c265,NA
5,111478975,111478975,1,snv_mnv,NA,NA,"broad,muse,sanger",3,COSN16201278,NA,NA,FALSE,0.2909,NA,16,39,NA,NA,NA,5'UTR,FALSE,FALSE,FALSE,FALSE,2,1,1,1_1,1a319682-f55e-4e0b-8476-48a0bea6c265,NA
5,112177026,112177026,1,snv_mnv,NA,NA,"broad,muse,sanger",3,COSM3396572,NA,NA,FALSE,0.1644,NA,12,61,NA,NA,NA,Missense_Mutation,FALSE,FALSE,FALSE,FALSE,2,1,1,1_1,1a319682-f55e-4e0b-8476-48a0bea6c265,APC
5,112599951,112599951,1,snv_mnv,NA,NA,"broad,muse,sanger",3,COSN4917118,NA,NA,FALSE,0.4857,NA,17,18,NA,NA,NA,Intron,FALSE,FALSE,FALSE,FALSE,2,1,1,1_1,1a319682-f55e-4e0b-8476-48a0bea6c265,NA
5,112721210,112721210,1,snv_mnv,NA,NA,"broad,muse,sanger",3,COSN16201645,NA,NA,FALSE,0.2188,NA,14,50,NA,NA,NA,Intron,FALSE,FALSE,FALSE,FALSE,2,1,1,1_1,1a319682-f55e-4e0b-8476-48a0bea6c265,NA
5,113034954,113034954,1,snv_mnv,NA,NA,"broad,muse",2,COSN16200388,NA,THE1B-int,FALSE,0.2703,NA,10,27,NA,NA,NA,IGR,FALSE,FALSE,FALSE,FALSE,2,1,1,1_1,1a319682-f55e-4e0b-8476-48a0bea6c265,NA
5,115648371,115648371,1,snv_mnv,NA,NA,"broad,muse,sanger",3,COSN16201146,NA,AluJb,FALSE,0.2295,NA,14,47,NA,NA,NA,Intron,FALSE,FALSE,FALSE,FALSE,2,1,1,1_1,1a319682-f55e-4e0b-8476-48a0bea6c265,NA
5,124206187,124206187,1,snv_mnv,NA,NA,"broad,muse,sanger",3,COSN4917206,NA,L4,FALSE,0.3043,NA,14,32,NA,NA,NA,lincRNA,FALSE,FALSE,FALSE,FALSE,2,1,1,1_1,1a319682-f55e-4e0b-8476-48a0bea6c265,AC109464.2
5,124520267,124520267,1,snv_mnv,NA,NA,"broad,muse,sanger",3,COSN16200344,NA,NA,FALSE,0.2653,NA,13,36,NA,NA,NA,IGR,FALSE,FALSE,FALSE,FALSE,2,1,1,1_1,1a319682-f55e-4e0b-8476-48a0bea6c265,NA
5,127119687,127119687,1,snv_mnv,NA,NA,"broad,muse,sanger",3,COSN4917246,NA,L1PB1,FALSE,0.1757,NA,13,61,NA,NA,NA,lincRNA,FALSE,FALSE,FALSE,FALSE,2,1,1,1_1,1a319682-f55e-4e0b-8476-48a0bea6c265,CUL1P1
5,135263677,135263677,1,snv_mnv,NA,NA,"broad,dkfz,muse,sanger",4,COSN16202087,NA,L1MEc,FALSE,0.2593,NA,14,40,NA,NA,NA,Intron,FALSE,FALSE,FALSE,FALSE,2,1,1,1_1,1a319682-f55e-4e0b-8476-48a0bea6c265,FBXL21P
5,135718925,135718925,1,snv_mnv,NA,NA,"broad,dkfz,muse,sanger",4,COSN16201684,NA,LTR7C,FALSE,0.28,NA,14,36,NA,NA,NA,Intron,FALSE,FALSE,FALSE,FALSE,2,1,1,1_1,1a319682-f55e-4e0b-8476-48a0bea6c265,HSPD1P18
5,136132324,136132324,1,snv_mnv,NA,NA,"broad,dkfz,muse,sanger",4,COSN16202190,NA,AluSx,FALSE,0.3654,NA,19,33,NA,NA,NA,IGR,FALSE,FALSE,FALSE,FALSE,2,1,1,1_1,1a319682-f55e-4e0b-8476-48a0bea6c265,NA
5,146633409,146633409,1,snv_mnv,NA,NA,"broad,dkfz,muse,sanger",4,COSN4917507,NA,NA,FALSE,0.1636,NA,9,46,NA,NA,NA,Intron,FALSE,FALSE,FALSE,FALSE,2,1,1,1_1,1a319682-f55e-4e0b-8476-48a0bea6c265,NA
5,146676986,146676986,1,snv_mnv,NA,NA,"broad,dkfz,muse,sanger",4,COSN4917509,NA,tRNA-Glu-GAA,FALSE,0.3846,NA,15,24,NA,NA,NA,Intron,FALSE,FALSE,FALSE,FALSE,2,1,1,1_1,1a319682-f55e-4e0b-8476-48a0bea6c265,NA
5,147437005,147437005,1,snv_mnv,NA,NA,"broad,dkfz,muse,sanger",4,COSN16201353,NA,NA,FALSE,0.1964,NA,11,45,NA,NA,NA,IGR,FALSE,FALSE,FALSE,FALSE,2,1,1,1_1,1a319682-f55e-4e0b-8476-48a0bea6c265,NA
5,152165747,152165747,1,snv_mnv,NA,NA,"broad,muse,sanger",3,COSN4917574,NA,L1MA3,FALSE,0.3333,NA,10,20,NA,NA,NA,IGR,FALSE,FALSE,FALSE,FALSE,2,1,1,1_1,1a319682-f55e-4e0b-8476-48a0bea6c265,NA
5,152457838,152457838,1,snv_mnv,NA,NA,"broad,dkfz,muse,sanger",4,COSN16200623,NA,NA,FALSE,0.2885,NA,15,37,NA,NA,NA,IGR,FALSE,FALSE,FALSE,FALSE,2,1,1,1_1,1a319682-f55e-4e0b-8476-48a0bea6c265,NA
5,152687140,152687140,1,snv_mnv,NA,NA,"broad,dkfz,muse,sanger",4,COSN16202151,NA,MER31A,FALSE,0.2459,NA,15,46,NA,NA,NA,IGR,FALSE,FALSE,FALSE,FALSE,2,1,1,1_1,1a319682-f55e-4e0b-8476-48a0bea6c265,NA
5,152993061,152993061,1,snv_mnv,NA,NA,"broad,dkfz,muse,sanger",4,COSN4917596,NA,NA,FALSE,0.2264,NA,12,41,NA,NA,NA,Intron,FALSE,FALSE,FALSE,FALSE,2,1,1,1_1,1a319682-f55e-4e0b-8476-48a0bea6c265,NA
5,154474804,154474804,1,snv_mnv,NA,NA,"broad,dkfz,muse,sanger",4,COSN16200402,rs764203854,L1PREC2,FALSE,0.3051,NA,18,41,NA,NA,NA,IGR,FALSE,FALSE,FALSE,FALSE,2,1,1,1_1,1a319682-f55e-4e0b-8476-48a0bea6c265,NA
5,157736304,157736304,1,snv_mnv,NA,NA,"broad,dkfz,muse,sanger",4,COSN16201801,NA,NA,FALSE,0.3333,NA,16,32,NA,NA,NA,IGR,FALSE,FALSE,FALSE,FALSE,2,1,1,1_1,1a319682-f55e-4e0b-8476-48a0bea6c265,NA
5,158293624,158293624,1,snv_mnv,NA,NA,"broad,dkfz,muse,sanger",4,COSN16201614,NA,NA,FALSE,0.25,NA,9,27,NA,NA,NA,Intron,FALSE,FALSE,FALSE,FALSE,2,1,1,1_1,1a319682-f55e-4e0b-8476-48a0bea6c265,NA
5,160990384,160990384,1,snv_mnv,NA,NA,"broad,dkfz,muse,sanger",4,COSN16202477,NA,NA,FALSE,0.2857,NA,18,45,NA,NA,NA,Intron,FALSE,FALSE,FALSE,FALSE,2,1,1,1_1,1a319682-f55e-4e0b-8476-48a0bea6c265,NA
5,162016935,162016935,1,snv_mnv,NA,NA,"broad,dkfz,muse",3,COSN4917686,NA,NA,FALSE,0.1667,NA,7,35,NA,NA,NA,lincRNA,FALSE,FALSE,FALSE,FALSE,2,1,1,1_1,1a319682-f55e-4e0b-8476-48a0bea6c265,NA
5,163171578,163171578,1,snv_mnv,NA,NA,"broad,dkfz,muse,sanger",4,COSN16200957,NA,L1PA16,FALSE,0.3396,NA,18,35,NA,NA,NA,IGR,FALSE,FALSE,FALSE,FALSE,2,1,1,1_1,1a319682-f55e-4e0b-8476-48a0bea6c265,NA
5,164878812,164878812,1,snv_mnv,NA,NA,"broad,dkfz,muse,sanger",4,COSN16201739,NA,NA,FALSE,0.1406,NA,9,55,NA,NA,NA,lincRNA,FALSE,FALSE,FALSE,FALSE,2,1,1,1_1,1a319682-f55e-4e0b-8476-48a0bea6c265,NA
5,165666090,165666090,1,snv_mnv,NA,NA,"broad,dkfz,muse,sanger",4,COSN16202515,NA,L1MB3,FALSE,0.1786,NA,10,46,NA,NA,NA,IGR,FALSE,FALSE,FALSE,FALSE,2,1,1,1_1,1a319682-f55e-4e0b-8476-48a0bea6c265,NA
5,165958831,165958831,1,snv_mnv,NA,NA,"broad,dkfz,muse,sanger",4,COSN16201250,NA,NA,FALSE,0.2619,NA,11,31,NA,NA,NA,IGR,FALSE,FALSE,FALSE,FALSE,2,1,1,1_1,1a319682-f55e-4e0b-8476-48a0bea6c265,NA
5,175191815,175191815,1,snv_mnv,NA,NA,"broad,dkfz,muse,sanger",4,COSN16200372,NA,L1MDa,FALSE,0.3016,NA,19,44,NA,NA,NA,IGR,FALSE,FALSE,FALSE,FALSE,2,1,1,1_1,1a319682-f55e-4e0b-8476-48a0bea6c265,NA
5,176125051,176125051,1,snv_mnv,NA,NA,"broad,dkfz,muse,sanger",4,COSN16202140,NA,NA,FALSE,0.24,NA,12,38,NA,NA,NA,IGR,FALSE,FALSE,FALSE,FALSE,2,1,1,1_1,1a319682-f55e-4e0b-8476-48a0bea6c265,NA
6,1685152,1685152,1,snv_mnv,NA,NA,"broad,dkfz,muse",3,COSN16201333,NA,NA,FALSE,0.275,NA,22,58,NA,NA,NA,Intron,FALSE,FALSE,FALSE,FALSE,2,1,1,1_1,1a319682-f55e-4e0b-8476-48a0bea6c265,NA
6,2344240,2344240,1,snv_mnv,NA,NA,"broad,dkfz,muse,sanger",4,COSN4919911,NA,L1MA5A,FALSE,0.3462,NA,18,34,NA,NA,NA,IGR,FALSE,FALSE,FALSE,FALSE,2,1,1,1_1,1a319682-f55e-4e0b-8476-48a0bea6c265,HMGN2P28
6,7689868,7689868,1,snv_mnv,NA,NA,"broad,dkfz,muse,sanger",4,COSN16202541,NA,NA,FALSE,0.2879,NA,19,47,NA,NA,NA,IGR,FALSE,FALSE,FALSE,FALSE,2,1,1,1_1,1a319682-f55e-4e0b-8476-48a0bea6c265,NA
6,9390415,9390415,1,snv_mnv,NA,NA,"broad,dkfz,muse,sanger",4,COSN16201802,NA,NA,FALSE,0.2456,NA,14,43,NA,NA,NA,IGR,FALSE,FALSE,FALSE,FALSE,2,1,1,1_1,1a319682-f55e-4e0b-8476-48a0bea6c265,NA
6,10111291,10111291,1,snv_mnv,NA,NA,"dkfz,sanger",2,COSN4919061,NA,LTR33,FALSE,0.1429,NA,11,66,NA,NA,NA,IGR,FALSE,FALSE,FALSE,FALSE,2,1,1,1_1,1a319682-f55e-4e0b-8476-48a0bea6c265,NA
6,12899053,12899053,1,snv_mnv,1.9968e-4,rs558094904,"broad,dkfz,muse,sanger",4,COSN4919378,rs558094904,NA,FALSE,0.2222,NA,8,28,NA,NA,NA,Intron,FALSE,FALSE,FALSE,FALSE,2,1,1,1_1,1a319682-f55e-4e0b-8476-48a0bea6c265,NA
6,16282589,16282589,1,snv_mnv,NA,NA,"broad,dkfz,muse,sanger",4,COSN16201419,NA,NA,FALSE,0.25,NA,16,48,NA,NA,NA,Intron,FALSE,FALSE,FALSE,FALSE,2,1,1,1_1,1a319682-f55e-4e0b-8476-48a0bea6c265,NA
6,23967174,23967174,1,snv_mnv,NA,NA,"broad,dkfz,muse,sanger",4,COSN16200323,NA,MLT1C,FALSE,0.2419,NA,15,47,NA,NA,NA,IGR,FALSE,FALSE,FALSE,FALSE,2,1,1,1_1,1a319682-f55e-4e0b-8476-48a0bea6c265,AL032822.1
6,27951176,27951176,1,snv_mnv,NA,NA,"broad,dkfz,muse",3,COSN16200834,NA,MIRb,FALSE,0.2128,NA,10,37,NA,NA,NA,IGR,FALSE,FALSE,FALSE,FALSE,2,1,1,1_1,1a319682-f55e-4e0b-8476-48a0bea6c265,NA
6,32587622,32587622,1,snv_mnv,NA,NA,"broad,dkfz,muse,sanger",4,COSN16201372,NA,L1M5,FALSE,0.3125,NA,10,22,NA,NA,NA,IGR,FALSE,FALSE,FALSE,FALSE,2,1,1,1_1,1a319682-f55e-4e0b-8476-48a0bea6c265,NA
6,34547596,34547596,1,snv_mnv,NA,NA,"broad,dkfz,muse,sanger",4,COSN16201213,NA,NA,FALSE,0.2985,NA,20,47,NA,NA,NA,IGR,FALSE,FALSE,FALSE,FALSE,2,1,1,1_1,1a319682-f55e-4e0b-8476-48a0bea6c265,AL031577.1
6,40087082,40087082,1,snv_mnv,NA,NA,"broad,dkfz,muse,sanger",4,COSN16201347,NA,NA,FALSE,0.3387,NA,21,41,NA,NA,NA,IGR,FALSE,FALSE,FALSE,FALSE,2,1,1,1_1,1a319682-f55e-4e0b-8476-48a0bea6c265,NA
6,47964648,47964648,1,snv_mnv,NA,NA,"broad,dkfz,muse,sanger",4,COSN16201683,NA,NA,FALSE,0.1875,NA,12,52,NA,NA,NA,Intron,FALSE,FALSE,FALSE,FALSE,2,1,1,1_1,1a319682-f55e-4e0b-8476-48a0bea6c265,NA
6,48840863,48840863,1,snv_mnv,NA,NA,"broad,dkfz,muse,sanger",4,COSN16201855,NA,FLAM_C,FALSE,0.3276,NA,19,39,NA,NA,NA,IGR,FALSE,FALSE,FALSE,FALSE,2,1,1,1_1,1a319682-f55e-4e0b-8476-48a0bea6c265,NA
6,49280561,49280561,1,snv_mnv,NA,NA,"broad,dkfz,muse,sanger",4,COSN16201408,NA,L1M2,FALSE,0.2667,NA,12,33,NA,NA,NA,IGR,FALSE,FALSE,FALSE,FALSE,2,1,1,1_1,1a319682-f55e-4e0b-8476-48a0bea6c265,NA
6,50967072,50967072,1,snv_mnv,NA,NA,"broad,dkfz,muse,sanger",4,COSN16200248,NA,NA,FALSE,0.2381,NA,15,48,NA,NA,NA,IGR,FALSE,FALSE,FALSE,FALSE,2,1,1,1_1,1a319682-f55e-4e0b-8476-48a0bea6c265,NA
6,53365956,53365956,1,snv_mnv,NA,NA,"broad,dkfz,muse,sanger",4,COSN16201569,NA,AluSz,FALSE,0.186,NA,8,35,NA,NA,NA,Intron,FALSE,FALSE,FALSE,FALSE,2,1,1,1_1,1a319682-f55e-4e0b-8476-48a0bea6c265,"AL033397.2,GCLC"
6,53875316,53875316,1,snv_mnv,NA,NA,"broad,dkfz,muse,sanger",4,COSN4920186,NA,NA,FALSE,0.225,NA,9,31,NA,NA,NA,IGR,FALSE,FALSE,FALSE,FALSE,2,1,1,1_1,1a319682-f55e-4e0b-8476-48a0bea6c265,NA
6,54916108,54916108,1,snv_mnv,NA,NA,"broad,dkfz,muse,sanger",4,COSN16200754,NA,AluSz,FALSE,0.4043,NA,19,28,NA,NA,NA,IGR,FALSE,FALSE,FALSE,FALSE,2,1,1,1_1,1a319682-f55e-4e0b-8476-48a0bea6c265,NA
6,56023851,56023851,1,snv_mnv,NA,NA,"broad,dkfz,muse,sanger",4,COSN4920214,NA,NA,FALSE,0.2222,NA,10,35,NA,NA,NA,Intron,FALSE,FALSE,FALSE,FALSE,2,1,1,1_1,1a319682-f55e-4e0b-8476-48a0bea6c265,NA
6,62670367,62670367,1,snv_mnv,NA,NA,"broad,dkfz,muse,sanger",4,COSN16200503,NA,NA,FALSE,0.1864,NA,11,48,NA,NA,NA,Intron,FALSE,FALSE,FALSE,FALSE,2,1,1,1_1,1a319682-f55e-4e0b-8476-48a0bea6c265,NA
6,63419011,63419011,1,snv_mnv,3.9936e-4,rs201491886,"broad,dkfz,muse,sanger",4,COSN16201316,rs201491886,L1M1,FALSE,0.2258,NA,7,24,NA,NA,NA,IGR,FALSE,FALSE,FALSE,FALSE,2,1,1,1_1,1a319682-f55e-4e0b-8476-48a0bea6c265,NA
6,64364402,64364402,1,snv_mnv,NA,NA,"broad,dkfz,muse,sanger",4,COSN16202469,NA,NA,FALSE,0.2778,NA,20,52,NA,NA,NA,Intron,FALSE,FALSE,FALSE,FALSE,2,1,1,1_1,1a319682-f55e-4e0b-8476-48a0bea6c265,NA
6,65046630,65046630,1,snv_mnv,NA,NA,"broad,dkfz,muse,sanger",4,COSN16201438,NA,L1PB1,FALSE,0.2308,NA,18,60,NA,NA,NA,Intron,FALSE,FALSE,FALSE,FALSE,2,1,1,1_1,1a319682-f55e-4e0b-8476-48a0bea6c265,NA
6,66142345,66142345,1,snv_mnv,0.0021965,rs187064919,"broad,dkfz,muse",3,COSN16201630,rs187064919,L2a,FALSE,0.2558,NA,11,32,NA,NA,NA,Intron,FALSE,FALSE,FALSE,FALSE,2,1,1,1_1,1a319682-f55e-4e0b-8476-48a0bea6c265,NA
6,66560510,66560510,1,snv_mnv,NA,NA,"broad,dkfz,muse,sanger",4,COSN16200635,NA,AluY,FALSE,0.3088,NA,21,47,NA,NA,NA,IGR,FALSE,FALSE,FALSE,FALSE,2,1,1,1_1,1a319682-f55e-4e0b-8476-48a0bea6c265,NA
6,67113752,67113752,1,snv_mnv,NA,NA,"broad,dkfz,muse,sanger",4,COSN16202588,NA,NA,FALSE,0.22,NA,11,39,NA,NA,NA,IGR,FALSE,FALSE,FALSE,FALSE,2,1,1,1_1,1a319682-f55e-4e0b-8476-48a0bea6c265,NA
6,67254573,67254573,1,snv_mnv,NA,NA,"broad,dkfz,muse,sanger",4,COSN16200692,NA,L1PA6,FALSE,0.28,NA,21,54,NA,NA,NA,IGR,FALSE,FALSE,FALSE,FALSE,2,1,1,1_1,1a319682-f55e-4e0b-8476-48a0bea6c265,NA
6,69203272,69203272,1,snv_mnv,NA,NA,"broad,dkfz,muse,sanger",4,COSN16201691,NA,L1MEc,FALSE,0.2982,NA,17,40,NA,NA,NA,RNA,FALSE,FALSE,FALSE,FALSE,2,1,1,1_1,1a319682-f55e-4e0b-8476-48a0bea6c265,NA
6,69384399,69384399,1,snv_mnv,NA,NA,"broad,dkfz,muse,sanger",4,COSN4920363,rs770252699,NA,FALSE,0.2326,NA,10,33,NA,NA,NA,Intron,FALSE,FALSE,FALSE,FALSE,2,1,1,1_1,1a319682-f55e-4e0b-8476-48a0bea6c265,NA
6,70287342,70287342,1,snv_mnv,NA,NA,"broad,dkfz,muse,sanger",4,COSN16201692,NA,L1MC4a,FALSE,0.2712,NA,16,43,NA,NA,NA,IGR,FALSE,FALSE,FALSE,FALSE,2,1,1,1_1,1a319682-f55e-4e0b-8476-48a0bea6c265,NA
6,71109062,71109062,1,snv_mnv,NA,NA,"broad,dkfz,muse,sanger",4,COSN4920384,NA,NA,FALSE,0.3,NA,15,35,NA,NA,NA,lincRNA,FALSE,FALSE,FALSE,FALSE,2,1,1,1_1,1a319682-f55e-4e0b-8476-48a0bea6c265,NA
6,74366891,74366891,1,snv_mnv,NA,NA,"broad,dkfz,muse,sanger",4,COSN16200541,NA,L1MC3,FALSE,0.3191,NA,30,64,NA,NA,NA,IGR,FALSE,FALSE,FALSE,FALSE,2,1,1,1_1,1a319682-f55e-4e0b-8476-48a0bea6c265,SLC17A5
6,74587387,74587387,1,snv_mnv,NA,NA,"broad,dkfz,muse,sanger",4,COSN16202542,NA,NA,FALSE,0.25,NA,12,36,NA,NA,NA,IGR,FALSE,FALSE,FALSE,FALSE,2,1,1,1_1,1a319682-f55e-4e0b-8476-48a0bea6c265,NA
6,74663288,74663288,1,snv_mnv,NA,NA,"broad,muse,sanger",3,COSN16200525,NA,L1PB1,FALSE,0.4444,NA,16,20,NA,NA,NA,IGR,FALSE,FALSE,FALSE,FALSE,2,1,1,1_1,1a319682-f55e-4e0b-8476-48a0bea6c265,NA
6,74914551,74914551,1,snv_mnv,NA,NA,"broad,dkfz,muse,sanger",4,COSN4920463,NA,AluJo,FALSE,0.3261,NA,15,31,NA,NA,NA,lincRNA,FALSE,FALSE,FALSE,FALSE,2,1,1,1_1,1a319682-f55e-4e0b-8476-48a0bea6c265,NA
6,74939445,74939445,1,snv_mnv,NA,NA,"broad,dkfz,muse,sanger",4,COSN4920465,NA,NA,FALSE,0.339,NA,20,39,NA,NA,NA,lincRNA,FALSE,FALSE,FALSE,FALSE,2,1,1,1_1,1a319682-f55e-4e0b-8476-48a0bea6c265,NA
6,76066373,76066373,1,snv_mnv,NA,NA,"broad,muse,sanger",3,COSN4920489,rs200403593,AluSq2,FALSE,0.2549,NA,13,38,NA,NA,NA,Intron,FALSE,FALSE,FALSE,FALSE,2,1,1,1_1,1a319682-f55e-4e0b-8476-48a0bea6c265,AL445465.1
6,77337579,77337579,1,snv_mnv,NA,NA,"broad,dkfz,muse,sanger",4,COSN16200798,NA,L1PA5,FALSE,0.2439,NA,20,62,NA,NA,NA,IGR,FALSE,FALSE,FALSE,FALSE,2,1,1,1_1,1a319682-f55e-4e0b-8476-48a0bea6c265,NA
6,78420547,78420547,1,snv_mnv,NA,NA,"broad,dkfz,muse,sanger",4,COSN4920504,NA,MER5B,FALSE,0.3208,NA,17,36,NA,NA,NA,Intron,FALSE,FALSE,FALSE,FALSE,2,1,1,1_1,1a319682-f55e-4e0b-8476-48a0bea6c265,NA
6,81920068,81920068,1,snv_mnv,NA,NA,"broad,muse,sanger",3,COSN16202047,NA,L1PA3,FALSE,0.3913,NA,9,14,NA,NA,NA,IGR,FALSE,FALSE,FALSE,FALSE,1,1,0,1_0,1a319682-f55e-4e0b-8476-48a0bea6c265,NA
6,82082296,82082296,1,snv_mnv,NA,NA,"broad,dkfz,muse,sanger",4,COSN16202345,NA,NA,FALSE,0.3143,NA,11,24,NA,NA,NA,IGR,FALSE,FALSE,FALSE,FALSE,1,1,0,1_0,1a319682-f55e-4e0b-8476-48a0bea6c265,NA
6,84969576,84969576,1,snv_mnv,NA,NA,"broad,dkfz,muse,sanger",4,COSN16200771,NA,NA,FALSE,0.4,NA,18,27,NA,NA,NA,IGR,FALSE,FALSE,FALSE,FALSE,1,1,0,1_0,1a319682-f55e-4e0b-8476-48a0bea6c265,NA
6,85188566,85188566,1,snv_mnv,NA,NA,"broad,dkfz,muse,sanger",4,COSN4920554,NA,L1PB3,FALSE,0.4583,NA,11,13,NA,NA,NA,IGR,FALSE,FALSE,FALSE,FALSE,1,1,0,1_0,1a319682-f55e-4e0b-8476-48a0bea6c265,LINC01611
6,86940397,86940397,1,snv_mnv,0.0027955,rs529554495,"broad,dkfz,muse,sanger",4,COSN16202002,rs529554495,L1MA2,FALSE,0.1556,NA,7,38,NA,NA,NA,IGR,FALSE,FALSE,FALSE,TRUE,1,1,0,1_0,1a319682-f55e-4e0b-8476-48a0bea6c265,NA
6,87068324,87068324,1,snv_mnv,NA,NA,"broad,dkfz,muse,sanger",4,COSN16201722,NA,L1MCc,FALSE,0.3667,NA,11,19,NA,NA,NA,IGR,FALSE,FALSE,FALSE,FALSE,1,1,0,1_0,1a319682-f55e-4e0b-8476-48a0bea6c265,NA
6,87721803,87721803,1,snv_mnv,NA,NA,"broad,dkfz,muse,sanger",4,COSN16202023,NA,MamGypLTR1d,FALSE,0.2286,NA,8,27,NA,NA,NA,Intron,FALSE,FALSE,FALSE,FALSE,1,1,0,1_0,1a319682-f55e-4e0b-8476-48a0bea6c265,NA
6,91248593,91248593,1,snv_mnv,NA,NA,"broad,dkfz,muse,sanger",4,COSN16201666,NA,NA,FALSE,0.3636,NA,8,14,NA,NA,NA,Intron,FALSE,FALSE,FALSE,FALSE,1,1,0,1_0,1a319682-f55e-4e0b-8476-48a0bea6c265,MAP3K7
6,97021922,97021922,1,snv_mnv,NA,NA,"broad,dkfz,muse,sanger",4,COSN16201437,NA,L1ME4a,FALSE,0.4048,NA,17,25,NA,NA,NA,Intron,FALSE,FALSE,FALSE,FALSE,1,1,0,1_0,1a319682-f55e-4e0b-8476-48a0bea6c265,NA
6,98132820,98132820,1,snv_mnv,NA,NA,"broad,dkfz,muse,sanger",4,COSN16201553,NA,NA,FALSE,0.4364,NA,24,31,NA,NA,NA,IGR,FALSE,FALSE,FALSE,FALSE,1,1,0,1_0,1a319682-f55e-4e0b-8476-48a0bea6c265,NA
6,111677678,111677678,1,snv_mnv,NA,NA,"broad,dkfz,muse,sanger",4,COSN4919216,NA,NA,FALSE,0.4,NA,16,24,NA,NA,NA,Intron,FALSE,FALSE,FALSE,FALSE,1,1,0,1_0,1a319682-f55e-4e0b-8476-48a0bea6c265,"REV3L,REV3L-IT1"
6,112633489,112633489,1,snv_mnv,NA,NA,"broad,dkfz,muse,sanger",4,COSN16202082,NA,NA,FALSE,0.4054,NA,15,22,NA,NA,NA,RNA,FALSE,FALSE,FALSE,FALSE,1,1,0,1_0,1a319682-f55e-4e0b-8476-48a0bea6c265,NA
6,114762505,114762505,1,snv_mnv,NA,NA,"broad,dkfz,muse,sanger",4,COSN16200809,NA,NA,FALSE,0.4857,NA,17,18,NA,NA,NA,RNA,FALSE,FALSE,FALSE,FALSE,1,1,0,1_0,1a319682-f55e-4e0b-8476-48a0bea6c265,NA
6,115186796,115186796,1,snv_mnv,NA,NA,"broad,dkfz,muse,sanger",4,COSN16202318,NA,L1P1,FALSE,0.3171,NA,13,28,NA,NA,NA,RNA,FALSE,FALSE,FALSE,FALSE,1,1,0,1_0,1a319682-f55e-4e0b-8476-48a0bea6c265,RNU6-475P
6,116508463,116508463,1,snv_mnv,NA,NA,"broad,dkfz,muse,sanger",4,COSN4919241,NA,L1PB1,FALSE,0.3784,NA,14,23,NA,NA,NA,Intron,FALSE,FALSE,FALSE,FALSE,1,1,0,1_0,1a319682-f55e-4e0b-8476-48a0bea6c265,NA
6,117475304,117475304,1,snv_mnv,NA,NA,"broad,dkfz,muse,sanger",4,COSN16200299,NA,NA,FALSE,0.4167,NA,15,21,NA,NA,NA,IGR,FALSE,FALSE,FALSE,FALSE,1,1,0,1_0,1a319682-f55e-4e0b-8476-48a0bea6c265,NA
6,123304201,123304201,1,snv_mnv,NA,NA,"broad,dkfz,muse,sanger",4,COSN16200445,NA,NA,FALSE,0.4783,NA,22,24,NA,NA,NA,IGR,FALSE,FALSE,FALSE,FALSE,1,1,0,1_0,1a319682-f55e-4e0b-8476-48a0bea6c265,NA
6,123549349,123549349,1,snv_mnv,NA,NA,"broad,muse,sanger",3,COSN4919292,NA,MIR,FALSE,0.4643,NA,13,15,NA,NA,NA,Intron,FALSE,FALSE,FALSE,FALSE,1,1,0,1_0,1a319682-f55e-4e0b-8476-48a0bea6c265,NA
6,128037980,128037980,1,snv_mnv,NA,NA,"broad,dkfz,muse,sanger",4,COSN4919362,NA,NA,FALSE,0.5,NA,15,15,NA,NA,NA,Intron,FALSE,FALSE,FALSE,FALSE,1,1,0,1_0,1a319682-f55e-4e0b-8476-48a0bea6c265,NA
6,130551913,130551913,1,snv_mnv,NA,NA,"broad,dkfz,muse,sanger",4,COSN16201044,NA,L2a,FALSE,0.2,NA,9,36,NA,NA,NA,Intron,FALSE,FALSE,FALSE,FALSE,2,1,1,1_1,1a319682-f55e-4e0b-8476-48a0bea6c265,NA
6,131806344,131806344,1,snv_mnv,NA,NA,"broad,dkfz,muse,sanger",4,COSN16201899,NA,L1M2c,FALSE,0.2368,NA,9,29,NA,NA,NA,IGR,FALSE,FALSE,FALSE,FALSE,2,1,1,1_1,1a319682-f55e-4e0b-8476-48a0bea6c265,NA
6,133615066,133615066,1,snv_mnv,NA,NA,"broad,dkfz,muse,sanger",4,COSN16201729,NA,AluJb,FALSE,0.2766,NA,13,34,NA,NA,NA,Intron,FALSE,FALSE,FALSE,FALSE,2,1,1,1_1,1a319682-f55e-4e0b-8476-48a0bea6c265,NA
6,134073598,134073598,1,snv_mnv,NA,NA,"broad,dkfz,muse",3,COSN16200512,NA,NA,FALSE,0.2703,NA,10,27,NA,NA,NA,RNA,FALSE,FALSE,FALSE,FALSE,2,1,1,1_1,1a319682-f55e-4e0b-8476-48a0bea6c265,NA
6,135214370,135214370,1,snv_mnv,NA,NA,"broad,dkfz,muse,sanger",4,COSN16202016,rs755382645,MLT1C,FALSE,0.2857,NA,10,25,NA,NA,NA,IGR,FALSE,FALSE,FALSE,FALSE,2,1,1,1_1,1a319682-f55e-4e0b-8476-48a0bea6c265,AL021939.1
6,144818949,144818949,1,snv_mnv,NA,NA,"broad,dkfz,muse,sanger",4,COSN16202563,NA,L2c,FALSE,0.25,NA,14,42,NA,NA,NA,Intron,FALSE,FALSE,FALSE,FALSE,2,1,1,1_1,1a319682-f55e-4e0b-8476-48a0bea6c265,NA
6,148358093,148358093,1,snv_mnv,NA,NA,"broad,dkfz,muse,sanger",4,COSN16200555,NA,NA,FALSE,0.2459,NA,15,46,NA,NA,NA,IGR,FALSE,FALSE,FALSE,FALSE,2,1,1,1_1,1a319682-f55e-4e0b-8476-48a0bea6c265,NA
6,149632563,149632563,1,snv_mnv,NA,NA,"broad,dkfz,muse,sanger",4,COSN16201127,NA,NA,FALSE,0.1636,NA,9,46,NA,NA,NA,Intron,FALSE,FALSE,FALSE,FALSE,2,1,1,1_1,1a319682-f55e-4e0b-8476-48a0bea6c265,NA
6,151251010,151251010,1,snv_mnv,NA,NA,"broad,dkfz,muse,sanger",4,COSN4919637,NA,NA,FALSE,0.2833,NA,17,43,NA,NA,NA,Intron,FALSE,FALSE,FALSE,FALSE,2,1,1,1_1,1a319682-f55e-4e0b-8476-48a0bea6c265,MTHFD1L
6,152116636,152116636,1,snv_mnv,NA,NA,"broad,muse",2,COSN16201043,NA,AluSx,FALSE,0.4474,NA,17,21,NA,NA,NA,Intron,FALSE,FALSE,FALSE,FALSE,2,1,1,1_1,1a319682-f55e-4e0b-8476-48a0bea6c265,NA
6,153650070,153650070,1,snv_mnv,NA,NA,"broad,dkfz,muse,sanger",4,COSN4919675,NA,NA,FALSE,0.3333,NA,16,32,NA,NA,NA,Intron,FALSE,FALSE,FALSE,FALSE,2,1,1,1_1,1a319682-f55e-4e0b-8476-48a0bea6c265,NA
6,153767415,153767415,1,snv_mnv,NA,NA,"broad,muse,sanger",3,COSN16201760,NA,MER4-int,FALSE,0.2985,NA,20,47,NA,NA,NA,IGR,FALSE,FALSE,FALSE,FALSE,2,1,1,1_1,1a319682-f55e-4e0b-8476-48a0bea6c265,NA
6,156003703,156003703,1,snv_mnv,NA,NA,"broad,dkfz,muse,sanger",4,COSN16200389,NA,NA,FALSE,0.2903,NA,18,44,NA,NA,NA,IGR,FALSE,FALSE,FALSE,FALSE,2,1,1,1_1,1a319682-f55e-4e0b-8476-48a0bea6c265,NA
6,158840234,158840234,1,snv_mnv,NA,NA,"broad,dkfz,muse,sanger",4,COSN4919721,NA,NA,FALSE,0.2568,NA,19,55,NA,NA,NA,Intron,FALSE,FALSE,FALSE,FALSE,2,1,1,1_1,1a319682-f55e-4e0b-8476-48a0bea6c265,NA
6,158887318,158887318,1,snv_mnv,NA,NA,"broad,dkfz,muse,sanger",4,COSN4919726,NA,MER49,FALSE,0.2267,NA,17,58,NA,NA,NA,Intron,FALSE,FALSE,FALSE,FALSE,2,1,1,1_1,1a319682-f55e-4e0b-8476-48a0bea6c265,NA
6,161122815,161122815,1,snv_mnv,NA,NA,"broad,muse,sanger",3,COSN4919749,NA,NA,FALSE,0.2292,NA,11,37,NA,NA,NA,5'Flank,FALSE,FALSE,FALSE,FALSE,2,1,1,1_1,1a319682-f55e-4e0b-8476-48a0bea6c265,"AL109933.1,PLG"
6,161288809,161288809,1,snv_mnv,NA,NA,"broad,dkfz,muse,sanger",4,COSN16201279,rs548797312,L1PA8,FALSE,0.3621,NA,21,37,NA,NA,NA,IGR,FALSE,FALSE,FALSE,FALSE,2,1,1,1_1,1a319682-f55e-4e0b-8476-48a0bea6c265,NA
6,164172125,164172125,1,snv_mnv,NA,NA,"broad,dkfz,muse,sanger",4,COSN16202543,NA,NA,FALSE,0.2,NA,10,40,NA,NA,NA,lincRNA,FALSE,FALSE,FALSE,FALSE,2,1,1,1_1,1a319682-f55e-4e0b-8476-48a0bea6c265,NA
6,170266338,170266338,1,snv_mnv,NA,NA,"broad,dkfz,muse,sanger",4,COSN16202449,NA,NA,FALSE,0.3548,NA,11,20,NA,NA,NA,IGR,FALSE,FALSE,FALSE,FALSE,1,1,0,1_0,1a319682-f55e-4e0b-8476-48a0bea6c265,NA
6,170837151,170837151,1,snv_mnv,NA,NA,"broad,dkfz,muse,sanger",4,COSN16201128,NA,NA,FALSE,0.2676,NA,19,52,NA,NA,NA,IGR,FALSE,FALSE,FALSE,FALSE,2,1,1,1_1,1a319682-f55e-4e0b-8476-48a0bea6c265,NA
7,6730896,6730896,1,snv_mnv,NA,NA,"broad,dkfz,muse,sanger",4,COSM3396702,NA,NA,FALSE,0.3485,NA,23,43,NA,NA,NA,Silent,FALSE,FALSE,FALSE,FALSE,2,1,1,1_1,1a319682-f55e-4e0b-8476-48a0bea6c265,NA
7,8745675,8745675,1,snv_mnv,NA,NA,"broad,dkfz,muse,sanger",4,COSN4922441,NA,ERVL-E-int,FALSE,0.2549,NA,13,38,NA,NA,NA,Intron,FALSE,FALSE,FALSE,FALSE,2,1,1,1_1,1a319682-f55e-4e0b-8476-48a0bea6c265,NA
7,8972360,8972360,1,snv_mnv,NA,NA,"broad,dkfz,muse,sanger",4,COSN16201018,NA,NA,FALSE,0.2424,NA,8,25,NA,NA,NA,IGR,FALSE,FALSE,FALSE,FALSE,2,1,1,1_1,1a319682-f55e-4e0b-8476-48a0bea6c265,NA
7,9319951,9319951,1,snv_mnv,NA,NA,"broad,dkfz,muse,sanger",4,COSN16201357,NA,MER45B,FALSE,0.04,NA,1,24,NA,NA,NA,IGR,FALSE,FALSE,FALSE,FALSE,2,1,1,1_1,1a319682-f55e-4e0b-8476-48a0bea6c265,NA
7,11443141,11443141,1,snv_mnv,NA,NA,"broad,dkfz,muse,sanger",4,COSN16200628,NA,NA,FALSE,0.2,NA,11,44,NA,NA,NA,Intron,FALSE,FALSE,FALSE,FALSE,2,1,1,1_1,1a319682-f55e-4e0b-8476-48a0bea6c265,AC004160.2
7,13485133,13485133,1,snv_mnv,NA,NA,"broad,dkfz,muse,sanger",4,COSN16201997,NA,NA,FALSE,0.3519,NA,19,35,NA,NA,NA,IGR,FALSE,FALSE,FALSE,FALSE,2,1,1,1_1,1a319682-f55e-4e0b-8476-48a0bea6c265,NA
7,14521449,14521449,1,snv_mnv,NA,NA,"broad,dkfz,muse,sanger",4,COSN16200291,NA,BLACKJACK,FALSE,0.3023,NA,13,30,NA,NA,NA,Intron,FALSE,FALSE,FALSE,FALSE,2,1,1,1_1,1a319682-f55e-4e0b-8476-48a0bea6c265,NA
7,15020147,15020147,1,snv_mnv,NA,NA,"broad,dkfz,muse,sanger",4,COSN16200719,NA,HERVL74-int,FALSE,0.2576,NA,17,49,NA,NA,NA,IGR,FALSE,FALSE,FALSE,FALSE,2,1,1,1_1,1a319682-f55e-4e0b-8476-48a0bea6c265,GTF3AP5
7,15696929,15696929,1,snv_mnv,NA,NA,"broad,dkfz,muse,sanger",4,COSN16201922,NA,L1MD1,FALSE,0.25,NA,13,39,NA,NA,NA,Intron,FALSE,FALSE,FALSE,FALSE,2,1,1,1_1,1a319682-f55e-4e0b-8476-48a0bea6c265,NA
7,16199618,16199618,1,snv_mnv,NA,NA,"broad,dkfz,muse,sanger",4,COSN16200622,NA,L1PA7,FALSE,0.2885,NA,15,37,NA,NA,NA,Intron,FALSE,FALSE,FALSE,FALSE,2,1,1,1_1,1a319682-f55e-4e0b-8476-48a0bea6c265,NA
7,16846524,16846524,1,snv_mnv,NA,NA,"broad,dkfz,muse,sanger",4,COSN4921598,NA,NA,FALSE,0.2203,NA,13,46,NA,NA,NA,5'Flank,FALSE,FALSE,FALSE,FALSE,2,1,1,1_1,1a319682-f55e-4e0b-8476-48a0bea6c265,AGR2
7,17936899,17936899,1,snv_mnv,NA,NA,"broad,dkfz,muse,sanger",4,COSN16202310,NA,NA,FALSE,0.1818,NA,12,54,NA,NA,NA,Intron,FALSE,FALSE,FALSE,FALSE,2,1,1,1_1,1a319682-f55e-4e0b-8476-48a0bea6c265,SNX13
7,31891016,31891016,1,snv_mnv,NA,NA,"broad,dkfz,muse,sanger",4,COSN4921754,NA,MER5A,FALSE,0.325,NA,13,27,NA,NA,NA,Intron,FALSE,FALSE,FALSE,FALSE,2,1,1,1_1,1a319682-f55e-4e0b-8476-48a0bea6c265,PDE1C
7,32521557,32521557,1,snv_mnv,NA,NA,"broad,dkfz,muse,sanger",4,COSN16201775,NA,LTR76,FALSE,0.32,NA,16,34,NA,NA,NA,IGR,FALSE,FALSE,FALSE,FALSE,2,1,1,1_1,1a319682-f55e-4e0b-8476-48a0bea6c265,LSM5
7,34721923,34721923,1,snv_mnv,NA,NA,"broad,dkfz,muse,sanger",4,COSN4921828,NA,NA,FALSE,0.3,NA,12,28,NA,NA,NA,Intron,FALSE,FALSE,FALSE,FALSE,2,1,1,1_1,1a319682-f55e-4e0b-8476-48a0bea6c265,NA
7,34828088,34828088,1,snv_mnv,NA,NA,"broad,dkfz,muse,sanger",4,COSN16200646,NA,L1M1,FALSE,0.2297,NA,17,57,NA,NA,NA,Intron,FALSE,FALSE,FALSE,FALSE,2,1,1,1_1,1a319682-f55e-4e0b-8476-48a0bea6c265,NA
7,36851463,36851463,1,snv_mnv,NA,NA,"broad,dkfz,muse,sanger",4,COSN16201889,NA,NA,FALSE,0.1613,NA,5,26,NA,NA,NA,IGR,FALSE,FALSE,FALSE,FALSE,2,1,1,1_1,1a319682-f55e-4e0b-8476-48a0bea6c265,NA
7,39339890,39339890,1,snv_mnv,NA,NA,"broad,dkfz,muse,sanger",4,COSN16200332,NA,NA,FALSE,0.2353,NA,12,39,NA,NA,NA,Intron,FALSE,FALSE,FALSE,FALSE,2,1,1,1_1,1a319682-f55e-4e0b-8476-48a0bea6c265,NA
7,41055971,41055971,1,snv_mnv,NA,NA,"broad,dkfz,muse,sanger",4,COSN16200526,NA,NA,FALSE,0.2273,NA,20,68,NA,NA,NA,IGR,FALSE,FALSE,FALSE,FALSE,2,1,1,1_1,1a319682-f55e-4e0b-8476-48a0bea6c265,NA
7,41867222,41867222,1,snv_mnv,NA,NA,"broad,dkfz,muse,sanger",4,COSN16200612,rs546855228,MER2,FALSE,0.28,NA,14,36,NA,NA,NA,IGR,FALSE,FALSE,FALSE,FALSE,2,1,1,1_1,1a319682-f55e-4e0b-8476-48a0bea6c265,NA
7,49341826,49341826,1,snv_mnv,NA,NA,"broad,dkfz,muse,sanger",4,COSN16201967,NA,L1PREC2,FALSE,0.3115,NA,19,42,NA,NA,NA,IGR,FALSE,FALSE,FALSE,FALSE,2,1,1,1_1,1a319682-f55e-4e0b-8476-48a0bea6c265,NA
7,49396792,49396792,1,snv_mnv,NA,NA,"broad,dkfz,muse,sanger",4,COSN16202501,NA,L1MB4,FALSE,0.3158,NA,18,39,NA,NA,NA,IGR,FALSE,FALSE,FALSE,FALSE,2,1,1,1_1,1a319682-f55e-4e0b-8476-48a0bea6c265,NA
7,49592929,49592929,1,snv_mnv,NA,NA,"broad,dkfz,muse,sanger",4,COSN16201429,NA,MIRb,FALSE,0.1071,NA,3,25,NA,NA,NA,IGR,FALSE,FALSE,FALSE,FALSE,2,1,1,1_1,1a319682-f55e-4e0b-8476-48a0bea6c265,NA
7,50030998,50030998,1,snv_mnv,NA,NA,"broad,dkfz,muse,sanger",4,COSN16200621,NA,NA,FALSE,0.2807,NA,16,41,NA,NA,NA,Intron,FALSE,FALSE,FALSE,FALSE,2,1,1,1_1,1a319682-f55e-4e0b-8476-48a0bea6c265,NA
7,51736243,51736243,1,snv_mnv,NA,NA,"broad,dkfz,muse,sanger",4,COSN16201156,NA,NA,FALSE,0.3261,NA,15,31,NA,NA,NA,IGR,FALSE,FALSE,FALSE,FALSE,2,1,1,1_1,1a319682-f55e-4e0b-8476-48a0bea6c265,NA
7,53403041,53403041,1,snv_mnv,NA,NA,"broad,dkfz,muse,sanger",4,COSN16200613,NA,NA,FALSE,0.2931,NA,17,41,NA,NA,NA,IGR,FALSE,FALSE,FALSE,FALSE,2,1,1,1_1,1a319682-f55e-4e0b-8476-48a0bea6c265,NA
7,53865894,53865894,1,snv_mnv,NA,NA,"broad,dkfz,muse,sanger",4,COSN4922045,NA,MIR,FALSE,0.339,NA,20,39,NA,NA,NA,lincRNA,FALSE,FALSE,FALSE,FALSE,2,1,1,1_1,1a319682-f55e-4e0b-8476-48a0bea6c265,NA
7,54270692,54270692,1,snv_mnv,NA,NA,"broad,dkfz,muse,sanger",4,COSN16201522,NA,NA,FALSE,0.2949,NA,23,55,NA,NA,NA,IGR,FALSE,FALSE,FALSE,FALSE,2,1,1,1_1,1a319682-f55e-4e0b-8476-48a0bea6c265,HPVC1
7,54678517,54678517,1,snv_mnv,NA,NA,"broad,dkfz,muse,sanger",4,COSN16200581,NA,L1MEe,FALSE,0.2407,NA,13,41,NA,NA,NA,IGR,FALSE,FALSE,FALSE,FALSE,2,1,1,1_1,1a319682-f55e-4e0b-8476-48a0bea6c265,NA
7,55166890,55166890,1,snv_mnv,NA,NA,"broad,dkfz,muse,sanger",4,COSN16200241,NA,NA,FALSE,0.2532,NA,20,59,NA,NA,NA,Intron,FALSE,FALSE,FALSE,FALSE,2,1,1,1_1,1a319682-f55e-4e0b-8476-48a0bea6c265,NA
7,57202325,57202325,1,snv_mnv,NA,NA,"broad,muse,sanger",3,COSN16202098,NA,MER41B,FALSE,0.3333,NA,17,34,NA,NA,NA,Intron,FALSE,FALSE,FALSE,FALSE,2,1,1,1_1,1a319682-f55e-4e0b-8476-48a0bea6c265,ZNF479
7,57209240,57209240,1,snv_mnv,NA,NA,"broad,muse,sanger",3,COSN16201693,NA,BSR/Beta,FALSE,0.3243,NA,12,25,NA,NA,NA,5'Flank,FALSE,FALSE,FALSE,FALSE,2,1,1,1_1,1a319682-f55e-4e0b-8476-48a0bea6c265,ZNF479
7,57272774,57272774,1,snv_mnv,NA,NA,"broad,dkfz,muse,sanger",4,COSN16201776,NA,NA,FALSE,0.3793,NA,11,18,NA,NA,NA,IGR,FALSE,FALSE,FALSE,FALSE,2,1,1,1_1,1a319682-f55e-4e0b-8476-48a0bea6c265,"GUSBP12,AC099654.1"
7,57541518,57541518,1,snv_mnv,NA,NA,"broad,dkfz,muse,sanger",4,COSN16200592,NA,NA,FALSE,0.2951,NA,18,43,NA,NA,NA,IGR,FALSE,FALSE,FALSE,FALSE,2,1,1,1_1,1a319682-f55e-4e0b-8476-48a0bea6c265,AC092175.1
7,63690420,63690420,1,snv_mnv,NA,NA,"broad,muse,sanger",3,COSN16200975,NA,BSR/Beta,FALSE,0.25,NA,11,33,NA,NA,NA,Intron,FALSE,FALSE,FALSE,FALSE,2,1,1,1_1,1a319682-f55e-4e0b-8476-48a0bea6c265,NA
7,65203064,65203064,1,snv_mnv,NA,NA,"broad,dkfz,muse,sanger",4,COSN16202033,NA,NA,FALSE,0.3333,NA,16,32,NA,NA,NA,IGR,FALSE,FALSE,FALSE,FALSE,2,1,1,1_1,1a319682-f55e-4e0b-8476-48a0bea6c265,NA
7,65815410,65815410,1,snv_mnv,NA,NA,"broad,dkfz,muse,sanger",4,COSN4922133,NA,NA,FALSE,0.225,NA,9,31,NA,NA,NA,Intron,FALSE,FALSE,FALSE,FALSE,2,1,1,1_1,1a319682-f55e-4e0b-8476-48a0bea6c265,NA
7,68157124,68157124,1,snv_mnv,NA,NA,"broad,dkfz,muse,sanger",4,COSN16200593,NA,MamRep605,FALSE,0.2667,NA,12,33,NA,NA,NA,IGR,FALSE,FALSE,FALSE,FALSE,2,1,1,1_1,1a319682-f55e-4e0b-8476-48a0bea6c265,NA
7,69772269,69772269,1,snv_mnv,NA,NA,"broad,dkfz,muse,sanger",4,COSN4922194,rs577769335,Charlie22a,FALSE,0.325,NA,13,27,NA,NA,NA,Intron,FALSE,FALSE,FALSE,FALSE,1,1,0,1_0,1a319682-f55e-4e0b-8476-48a0bea6c265,NA
7,71480848,71480848,1,snv_mnv,NA,NA,"broad,dkfz,muse,sanger",4,COSN16201064,NA,NA,FALSE,0.2826,NA,13,33,NA,NA,NA,Intron,FALSE,FALSE,FALSE,FALSE,2,1,1,1_1,1a319682-f55e-4e0b-8476-48a0bea6c265,NA
7,75212101,75212101,1,snv_mnv,NA,NA,"broad,dkfz,muse,sanger",4,COSN16200358,NA,AluSz,FALSE,0.2985,NA,20,47,NA,NA,NA,Intron,FALSE,FALSE,FALSE,FALSE,2,1,1,1_1,1a319682-f55e-4e0b-8476-48a0bea6c265,NA
7,77792654,77792654,1,snv_mnv,NA,NA,"broad,dkfz,muse,sanger",4,COSN4922325,NA,AluY,FALSE,0.175,NA,7,33,NA,NA,NA,Intron,FALSE,FALSE,FALSE,FALSE,2,1,1,1_1,1a319682-f55e-4e0b-8476-48a0bea6c265,NA
7,78025952,78025952,1,snv_mnv,NA,NA,"broad,dkfz,muse,sanger",4,COSN16200897,NA,L2a,FALSE,0.2,NA,9,36,NA,NA,NA,Intron,FALSE,FALSE,FALSE,FALSE,2,1,1,1_1,1a319682-f55e-4e0b-8476-48a0bea6c265,NA
7,80724941,80724941,1,snv_mnv,NA,NA,"broad,dkfz,muse,sanger",4,COSN16200280,NA,NA,FALSE,0.2698,NA,17,46,NA,NA,NA,IGR,FALSE,FALSE,FALSE,FALSE,2,1,1,1_1,1a319682-f55e-4e0b-8476-48a0bea6c265,NA
7,83384216,83384216,1,snv_mnv,NA,NA,"broad,dkfz,muse,sanger",4,COSN16201318,NA,AluJo,FALSE,0.3256,NA,14,29,NA,NA,NA,IGR,FALSE,FALSE,FALSE,FALSE,2,1,1,1_1,1a319682-f55e-4e0b-8476-48a0bea6c265,NA
7,84934551,84934551,1,snv_mnv,NA,NA,"broad,dkfz,muse,sanger",4,COSN16201467,NA,NA,FALSE,0.2075,NA,11,42,NA,NA,NA,IGR,FALSE,FALSE,FALSE,FALSE,2,1,1,1_1,1a319682-f55e-4e0b-8476-48a0bea6c265,NA
7,85763231,85763231,1,snv_mnv,NA,NA,"broad,dkfz,muse,sanger",4,COSN16200374,NA,NA,FALSE,0.3,NA,18,42,NA,NA,NA,IGR,FALSE,FALSE,FALSE,FALSE,2,1,1,1_1,1a319682-f55e-4e0b-8476-48a0bea6c265,NA
7,86354309,86354309,1,snv_mnv,NA,NA,"broad,dkfz,muse,sanger",4,COSN16200240,NA,NA,FALSE,0.2712,NA,16,43,NA,NA,NA,Intron,FALSE,FALSE,FALSE,FALSE,2,1,1,1_1,1a319682-f55e-4e0b-8476-48a0bea6c265,NA
7,89721645,89721645,1,snv_mnv,NA,NA,"broad,dkfz,muse,sanger",4,COSN16202274,NA,L1PA16,FALSE,0.2785,NA,22,57,NA,NA,NA,RNA,FALSE,FALSE,FALSE,FALSE,2,1,1,1_1,1a319682-f55e-4e0b-8476-48a0bea6c265,NA
7,92178216,92178216,1,snv_mnv,NA,NA,"broad,muse,sanger",3,COSN16200836,NA,NA,FALSE,0.2419,NA,15,47,NA,NA,NA,IGR,FALSE,FALSE,FALSE,FALSE,2,1,1,1_1,1a319682-f55e-4e0b-8476-48a0bea6c265,NA
7,93768840,93768840,1,snv_mnv,NA,NA,"broad,muse,sanger",3,COSN16200656,NA,L2a,FALSE,0.378,NA,31,51,NA,NA,NA,IGR,FALSE,FALSE,FALSE,FALSE,2,1,1,1_1,1a319682-f55e-4e0b-8476-48a0bea6c265,NA
7,94679953,94679953,1,snv_mnv,1.9968e-4,rs571541721,"broad,muse,sanger",3,COSN4922562,rs571541721,AluSq2,FALSE,0.2456,NA,14,43,NA,NA,NA,Intron,FALSE,FALSE,FALSE,FALSE,2,1,1,1_1,1a319682-f55e-4e0b-8476-48a0bea6c265,NA
7,95657552,95657552,1,snv_mnv,1.9968e-4,rs370643324,"broad,muse,sanger",3,COSM3396712,rs370643324,NA,FALSE,0.3704,NA,20,34,NA,NA,NA,Silent,FALSE,FALSE,FALSE,FALSE,2,1,1,1_1,1a319682-f55e-4e0b-8476-48a0bea6c265,DYNC1I1
7,96906821,96906821,1,snv_mnv,NA,NA,"broad,muse,sanger",3,COSN16200865,NA,NA,FALSE,0.4762,NA,20,22,NA,NA,NA,IGR,FALSE,FALSE,FALSE,FALSE,1,1,0,1_0,1a319682-f55e-4e0b-8476-48a0bea6c265,NA
7,97652412,97652412,1,snv_mnv,NA,NA,"broad,muse,sanger",3,COSN4922590,rs768656444,MER102b,FALSE,0.25,NA,11,33,NA,NA,NA,RNA,FALSE,FALSE,FALSE,FALSE,2,1,1,1_1,1a319682-f55e-4e0b-8476-48a0bea6c265,NA
7,102757053,102757053,1,snv_mnv,NA,NA,"broad,muse,sanger",3,COSN4920716,NA,NA,FALSE,0.2029,NA,14,55,NA,NA,NA,Intron,FALSE,FALSE,FALSE,FALSE,2,1,1,1_1,1a319682-f55e-4e0b-8476-48a0bea6c265,NAPEPLD
7,104020070,104020070,1,snv_mnv,NA,NA,"broad,muse,sanger",3,COSN4920752,NA,NA,FALSE,0.2542,NA,15,44,NA,NA,NA,Intron,FALSE,FALSE,FALSE,FALSE,2,1,1,1_1,1a319682-f55e-4e0b-8476-48a0bea6c265,NA
7,104335569,104335569,1,snv_mnv,NA,NA,"broad,muse,sanger",3,COSN4920776,NA,NA,FALSE,0.2642,NA,14,39,NA,NA,NA,Intron,FALSE,FALSE,FALSE,FALSE,2,1,1,1_1,1a319682-f55e-4e0b-8476-48a0bea6c265,NA
7,106725283,106725283,1,snv_mnv,NA,NA,"broad,muse,sanger",3,COSN16202164,NA,AluY,FALSE,0.3095,NA,13,29,NA,NA,NA,Intron,FALSE,FALSE,FALSE,FALSE,2,1,1,1_1,1a319682-f55e-4e0b-8476-48a0bea6c265,NA
7,109430407,109430407,1,snv_mnv,NA,NA,"broad,muse,sanger",3,COSN16200421,NA,MLT2A2,FALSE,0.2419,NA,15,47,NA,NA,NA,IGR,FALSE,FALSE,FALSE,FALSE,2,1,1,1_1,1a319682-f55e-4e0b-8476-48a0bea6c265,NA
7,113365932,113365932,1,snv_mnv,NA,NA,"broad,muse,sanger",3,COSN16202034,NA,L1MA6,FALSE,0.2041,NA,10,39,NA,NA,NA,IGR,FALSE,FALSE,FALSE,FALSE,2,1,1,1_1,1a319682-f55e-4e0b-8476-48a0bea6c265,NA
7,114167290,114167290,1,snv_mnv,NA,NA,"broad,muse,sanger",3,COSN4920929,NA,L1MB7,FALSE,0.2787,NA,17,44,NA,NA,NA,Intron,FALSE,FALSE,FALSE,FALSE,2,1,1,1_1,1a319682-f55e-4e0b-8476-48a0bea6c265,NA
7,114494886,114494886,1,snv_mnv,NA,NA,"broad,muse,sanger",3,COSN16200404,NA,MER5B,FALSE,0.38,NA,19,31,NA,NA,NA,IGR,FALSE,FALSE,FALSE,FALSE,2,1,1,1_1,1a319682-f55e-4e0b-8476-48a0bea6c265,NA
7,115680938,115680938,1,snv_mnv,NA,NA,"broad,muse,sanger",3,COSN4920945,NA,NA,FALSE,0.2115,NA,11,41,NA,NA,NA,Intron,FALSE,FALSE,FALSE,FALSE,2,1,1,1_1,1a319682-f55e-4e0b-8476-48a0bea6c265,NA
7,119453641,119453641,1,snv_mnv,NA,NA,"broad,muse,sanger",3,COSN4920981,NA,L1MEg,FALSE,0.1944,NA,14,58,NA,NA,NA,lincRNA,FALSE,FALSE,FALSE,FALSE,2,1,1,1_1,1a319682-f55e-4e0b-8476-48a0bea6c265,NA
7,119524063,119524063,1,snv_mnv,NA,NA,"broad,muse,sanger",3,COSN16200896,NA,L1MA3,FALSE,0.2836,NA,19,48,NA,NA,NA,lincRNA,FALSE,FALSE,FALSE,FALSE,2,1,1,1_1,1a319682-f55e-4e0b-8476-48a0bea6c265,NA
7,119623986,119623986,1,snv_mnv,NA,NA,"broad,muse,sanger",3,COSN16201523,NA,L1PA15,FALSE,0.25,NA,16,48,NA,NA,NA,IGR,FALSE,FALSE,FALSE,FALSE,2,1,1,1_1,1a319682-f55e-4e0b-8476-48a0bea6c265,NA
7,120234310,120234310,1,snv_mnv,NA,NA,"broad,muse,sanger",3,COSN4920993,NA,NA,FALSE,0.1538,NA,6,33,NA,NA,NA,Intron,FALSE,FALSE,FALSE,FALSE,2,1,1,1_1,1a319682-f55e-4e0b-8476-48a0bea6c265,NA
7,121355793,121355793,1,snv_mnv,NA,NA,"broad,muse,sanger",3,COSN16201236,NA,AluJb,FALSE,0.2885,NA,15,37,NA,NA,NA,IGR,FALSE,FALSE,FALSE,FALSE,2,1,1,1_1,1a319682-f55e-4e0b-8476-48a0bea6c265,NA
7,124085906,124085906,1,snv_mnv,NA,NA,"broad,muse,sanger",3,COSN16202153,NA,L1ME1,FALSE,0.2917,NA,14,34,NA,NA,NA,IGR,FALSE,FALSE,FALSE,FALSE,2,1,1,1_1,1a319682-f55e-4e0b-8476-48a0bea6c265,NA
7,126167140,126167140,1,snv_mnv,0.004393,rs144896371,"broad,muse,sanger",3,COSN16201874,rs144896371,AluSz,FALSE,0.3902,NA,16,25,NA,NA,NA,Intron,FALSE,FALSE,FALSE,FALSE,2,1,1,1_1,1a319682-f55e-4e0b-8476-48a0bea6c265,NA
7,126538708,126538708,1,snv_mnv,NA,NA,"broad,muse,sanger",3,COSN16200570,NA,NA,FALSE,0.1833,NA,11,49,NA,NA,NA,Intron,FALSE,FALSE,FALSE,FALSE,2,1,1,1_1,1a319682-f55e-4e0b-8476-48a0bea6c265,NA
7,127293211,127293211,1,snv_mnv,NA,NA,"broad,muse,sanger",3,COSN4921115,NA,MIR3,FALSE,0.2778,NA,15,39,NA,NA,NA,Intron,FALSE,FALSE,FALSE,FALSE,2,1,1,1_1,1a319682-f55e-4e0b-8476-48a0bea6c265,NA
7,128279604,128279604,1,snv_mnv,NA,NA,"broad,muse,sanger",3,COSN16201803,NA,L2b,FALSE,0.3488,NA,15,28,NA,NA,NA,IGR,FALSE,FALSE,FALSE,FALSE,2,1,1,1_1,1a319682-f55e-4e0b-8476-48a0bea6c265,NA
7,128825826,128825826,1,snv_mnv,NA,NA,"broad,muse,sanger",3,COSN16200405,NA,NA,FALSE,0.3103,NA,18,40,NA,NA,NA,5'Flank,FALSE,FALSE,FALSE,FALSE,2,1,1,1_1,1a319682-f55e-4e0b-8476-48a0bea6c265,SMO
7,129034026,129034026,1,snv_mnv,NA,NA,"broad,muse,sanger",3,COSN16201882,NA,AluJr,FALSE,0.2712,NA,16,43,NA,NA,NA,Intron,FALSE,FALSE,FALSE,FALSE,2,1,1,1_1,1a319682-f55e-4e0b-8476-48a0bea6c265,NA
7,130390691,130390691,1,snv_mnv,1.9968e-4,rs527900734,"broad,muse,sanger",3,COSN16200422,rs527900734,AluSq,FALSE,0.3396,NA,18,35,NA,NA,NA,IGR,FALSE,FALSE,FALSE,FALSE,2,1,1,1_1,1a319682-f55e-4e0b-8476-48a0bea6c265,NA
7,130683913,130683913,1,snv_mnv,NA,NA,"broad,muse,sanger",3,COSN4921146,NA,NA,FALSE,0.1897,NA,11,47,NA,NA,NA,RNA,FALSE,FALSE,FALSE,FALSE,2,1,1,1_1,1a319682-f55e-4e0b-8476-48a0bea6c265,LINC-PINT
7,132802629,132802629,1,snv_mnv,1.9968e-4,rs570861453,"broad,dkfz,muse",3,COSN16202061,rs570861453,NA,FALSE,0.4634,NA,19,22,NA,NA,NA,IGR,FALSE,FALSE,FALSE,FALSE,2,1,1,1_1,1a319682-f55e-4e0b-8476-48a0bea6c265,NA
7,136509380,136509380,1,snv_mnv,NA,NA,"broad,dkfz,muse,sanger",4,COSN4921254,NA,NA,FALSE,0.2326,NA,10,33,NA,NA,NA,RNA,FALSE,FALSE,FALSE,FALSE,2,1,1,1_1,1a319682-f55e-4e0b-8476-48a0bea6c265,NA
7,136614946,136614946,1,snv_mnv,NA,NA,"broad,dkfz,muse,sanger",4,COSN16873200,rs761942317,AluSx,FALSE,0.32,NA,16,34,NA,NA,NA,Intron,FALSE,FALSE,FALSE,FALSE,2,1,1,1_1,1a319682-f55e-4e0b-8476-48a0bea6c265,NA
7,136846905,136846905,1,snv_mnv,NA,NA,"broad,dkfz,muse,sanger",4,COSN16200331,NA,AluY,FALSE,0.4091,NA,18,26,NA,NA,NA,RNA,FALSE,FALSE,FALSE,FALSE,2,1,1,1_1,1a319682-f55e-4e0b-8476-48a0bea6c265,AC009517.1
7,137869609,137869609,1,snv_mnv,NA,NA,"broad,dkfz,muse,sanger",4,COSN16200375,NA,AluY,FALSE,0.2391,NA,11,35,NA,NA,NA,IGR,FALSE,FALSE,FALSE,TRUE,2,1,1,1_1,1a319682-f55e-4e0b-8476-48a0bea6c265,RF00432
7,138454998,138454998,1,snv_mnv,NA,NA,"broad,dkfz,muse,sanger",4,COSN4921300,NA,GA-rich,FALSE,0.3115,NA,19,42,NA,NA,NA,Intron,FALSE,FALSE,FALSE,FALSE,2,1,1,1_1,1a319682-f55e-4e0b-8476-48a0bea6c265,NA
7,140497689,140497689,1,snv_mnv,1.9968e-4,rs533974413,"broad,dkfz,muse,sanger",4,COSN4921335,rs533974413,NA,FALSE,0.2,NA,12,48,NA,NA,NA,Intron,FALSE,FALSE,FALSE,FALSE,2,1,1,1_1,1a319682-f55e-4e0b-8476-48a0bea6c265,NA
7,145530630,145530630,1,snv_mnv,NA,NA,"broad,dkfz,muse,sanger",4,COSN16200756,NA,NA,FALSE,0.2549,NA,13,38,NA,NA,NA,IGR,FALSE,FALSE,FALSE,FALSE,2,1,1,1_1,1a319682-f55e-4e0b-8476-48a0bea6c265,NA
7,145589639,145589639,1,snv_mnv,NA,NA,"broad,dkfz,muse,sanger",4,COSN16200867,NA,NA,FALSE,0.3846,NA,20,32,NA,NA,NA,IGR,FALSE,FALSE,FALSE,FALSE,2,1,1,1_1,1a319682-f55e-4e0b-8476-48a0bea6c265,NA
7,145632234,145632234,1,snv_mnv,NA,NA,"broad,dkfz,muse,sanger",4,COSN16201786,NA,THE1B,FALSE,0.3684,NA,21,36,NA,NA,NA,IGR,FALSE,FALSE,FALSE,FALSE,2,1,1,1_1,1a319682-f55e-4e0b-8476-48a0bea6c265,NA
7,148986518,148986518,1,snv_mnv,NA,NA,"broad,dkfz,muse,sanger",4,COSN4921459,NA,NA,FALSE,0.25,NA,11,33,NA,NA,NA,Intron,FALSE,FALSE,FALSE,FALSE,2,1,1,1_1,1a319682-f55e-4e0b-8476-48a0bea6c265,ZNF783
7,152564045,152564045,1,snv_mnv,NA,NA,"broad,dkfz,muse,sanger",4,COSN16202268,NA,NA,FALSE,0.1951,NA,8,33,NA,NA,NA,IGR,FALSE,FALSE,FALSE,FALSE,2,1,1,1_1,1a319682-f55e-4e0b-8476-48a0bea6c265,NA
7,155762564,155762564,1,snv_mnv,NA,NA,"broad,dkfz,muse,sanger",4,COSN16202259,NA,NA,FALSE,0.3455,NA,19,36,NA,NA,NA,IGR,FALSE,FALSE,FALSE,FALSE,2,1,1,1_1,1a319682-f55e-4e0b-8476-48a0bea6c265,AC021218.1
7,156793740,156793740,1,snv_mnv,NA,NA,"broad,dkfz,muse,sanger",4,COSN16201990,NA,FRAM,FALSE,0.2708,NA,13,35,NA,NA,NA,Intron,FALSE,FALSE,FALSE,FALSE,2,1,1,1_1,1a319682-f55e-4e0b-8476-48a0bea6c265,MNX1
7,157789319,157789319,1,snv_mnv,NA,NA,"broad,dkfz,muse,sanger",4,COSN4921563,NA,NA,FALSE,0.2083,NA,10,38,NA,NA,NA,Intron,FALSE,FALSE,FALSE,FALSE,2,1,1,1_1,1a319682-f55e-4e0b-8476-48a0bea6c265,NA
7,158238639,158238639,1,snv_mnv,NA,NA,"broad,muse,sanger",3,COSN16201593,NA,NA,FALSE,0.1944,NA,7,29,NA,NA,NA,Intron,FALSE,FALSE,FALSE,FALSE,2,1,1,1_1,1a319682-f55e-4e0b-8476-48a0bea6c265,NA
8,332742,332742,1,snv_mnv,NA,NA,"broad,dkfz,muse",3,COSN4923474,NA,(CAGAGA)n,FALSE,0.2432,NA,9,28,NA,NA,NA,lincRNA,FALSE,FALSE,FALSE,FALSE,2,1,1,1_1,1a319682-f55e-4e0b-8476-48a0bea6c265,FAM87A
8,2976440,2976440,1,snv_mnv,NA,NA,"broad,dkfz,muse,sanger",4,COSN4923397,NA,AluY,FALSE,0.3774,NA,20,33,NA,NA,NA,Intron,FALSE,FALSE,FALSE,FALSE,2,1,1,1_1,1a319682-f55e-4e0b-8476-48a0bea6c265,NA
8,3772715,3772715,1,snv_mnv,1.9968e-4,rs567730575,"broad,dkfz,muse,sanger",4,COSN4923561,rs567730575,AluSx,FALSE,0.2308,NA,9,30,NA,NA,NA,Intron,FALSE,FALSE,FALSE,FALSE,2,1,1,1_1,1a319682-f55e-4e0b-8476-48a0bea6c265,NA
8,3828520,3828520,1,snv_mnv,NA,NA,"broad,dkfz,muse,sanger",4,COSN16202386,NA,AluSq,FALSE,0.2973,NA,11,26,NA,NA,NA,Intron,FALSE,FALSE,FALSE,FALSE,2,1,1,1_1,1a319682-f55e-4e0b-8476-48a0bea6c265,NA
8,4364124,4364124,1,snv_mnv,NA,NA,"broad,dkfz,muse,sanger",4,COSN4923644,NA,MLT1J2,FALSE,0.1458,NA,7,41,NA,NA,NA,Intron,FALSE,FALSE,FALSE,FALSE,2,1,1,1_1,1a319682-f55e-4e0b-8476-48a0bea6c265,NA
8,9136275,9136275,1,snv_mnv,NA,NA,"broad,dkfz,muse,sanger",4,COSN16202251,NA,NA,FALSE,0.3871,NA,12,19,NA,NA,NA,IGR,FALSE,FALSE,FALSE,FALSE,1,1,0,1_0,1a319682-f55e-4e0b-8476-48a0bea6c265,NA
8,9873235,9873235,1,snv_mnv,NA,NA,"broad,dkfz,muse,sanger",4,COSN16202186,NA,NA,FALSE,0.375,NA,15,25,NA,NA,NA,IGR,FALSE,FALSE,FALSE,FALSE,1,1,0,1_0,1a319682-f55e-4e0b-8476-48a0bea6c265,NA
8,13904128,13904128,1,snv_mnv,NA,NA,"broad,dkfz,muse,sanger",4,COSN16201562,NA,NA,FALSE,0.3514,NA,13,24,NA,NA,NA,IGR,FALSE,FALSE,FALSE,FALSE,1,1,0,1_0,1a319682-f55e-4e0b-8476-48a0bea6c265,NA
8,19385754,19385754,1,snv_mnv,NA,NA,"broad,dkfz,muse,sanger",4,COSN4923285,NA,LTR79,FALSE,0.3492,NA,22,41,NA,NA,NA,Intron,FALSE,FALSE,FALSE,FALSE,1,1,0,1_0,1a319682-f55e-4e0b-8476-48a0bea6c265,NA
8,20338926,20338926,1,snv_mnv,NA,NA,"broad,dkfz,muse,sanger",4,COSN16200720,NA,NA,FALSE,0.3043,NA,14,32,NA,NA,NA,IGR,FALSE,FALSE,FALSE,FALSE,1,1,0,1_0,1a319682-f55e-4e0b-8476-48a0bea6c265,NA
8,30417114,30417114,1,snv_mnv,NA,NA,"broad,dkfz,muse,sanger",4,COSN4923406,NA,NA,FALSE,0.2683,NA,11,30,NA,NA,NA,Intron,FALSE,FALSE,FALSE,FALSE,1,1,0,1_0,1a319682-f55e-4e0b-8476-48a0bea6c265,RBPMS
8,30744410,30744410,1,snv_mnv,NA,NA,"broad,dkfz,muse,sanger",4,COSN16202127,NA,L1MDa,FALSE,0.3902,NA,16,25,NA,NA,NA,Intron,FALSE,FALSE,FALSE,FALSE,1,1,0,1_0,1a319682-f55e-4e0b-8476-48a0bea6c265,NA
8,30961024,30961024,1,snv_mnv,NA,NA,"broad,dkfz,muse,sanger",4,COSN16200689,NA,Tigger3b,FALSE,0.2857,NA,10,25,NA,NA,NA,Intron,FALSE,FALSE,FALSE,FALSE,1,1,0,1_0,1a319682-f55e-4e0b-8476-48a0bea6c265,NA
8,34827622,34827622,1,snv_mnv,NA,NA,"broad,dkfz,muse,sanger",4,COSN16202128,NA,AluSq,FALSE,0.3214,NA,9,19,NA,NA,NA,RNA,FALSE,FALSE,FALSE,FALSE,1,1,0,1_0,1a319682-f55e-4e0b-8476-48a0bea6c265,NA
8,36407416,36407416,1,snv_mnv,NA,NA,"broad,dkfz,muse,sanger",4,COSN16201227,NA,NA,FALSE,0.275,NA,11,29,NA,NA,NA,lincRNA,FALSE,FALSE,FALSE,FALSE,1,1,0,1_0,1a319682-f55e-4e0b-8476-48a0bea6c265,NA
8,41192623,41192623,1,snv_mnv,NA,NA,"broad,dkfz,muse,sanger",4,COSN16201182,NA,NA,FALSE,0.3115,NA,19,42,NA,NA,NA,IGR,FALSE,FALSE,FALSE,FALSE,2,1,1,1_1,1a319682-f55e-4e0b-8476-48a0bea6c265,NA
8,42259677,42259677,1,snv_mnv,NA,NA,"broad,dkfz,muse,sanger",4,COSN16202516,NA,NA,FALSE,0.1897,NA,11,47,NA,NA,NA,Intron,FALSE,FALSE,FALSE,FALSE,2,1,1,1_1,1a319682-f55e-4e0b-8476-48a0bea6c265,VDAC3
8,43780804,43780804,1,snv_mnv,NA,NA,"broad,muse",2,COSN16201631,rs200446763,ALR/Alpha,FALSE,0.2857,NA,10,25,NA,NA,NA,IGR,FALSE,FALSE,FALSE,FALSE,2,1,1,1_1,1a319682-f55e-4e0b-8476-48a0bea6c265,NA
8,46895224,46895224,1,snv_mnv,NA,NA,"broad,muse,sanger",3,COSN16201074,NA,L1PA3,FALSE,0.2632,NA,15,42,NA,NA,NA,IGR,FALSE,FALSE,FALSE,FALSE,2,1,1,1_1,1a319682-f55e-4e0b-8476-48a0bea6c265,NA
8,46998832,46998832,1,snv_mnv,NA,NA,"broad,muse",2,COSN16202553,NA,ALR/Alpha,FALSE,0.1642,NA,11,56,NA,NA,NA,IGR,FALSE,FALSE,FALSE,FALSE,2,1,1,1_1,1a319682-f55e-4e0b-8476-48a0bea6c265,NA
8,47820535,47820535,1,snv_mnv,NA,NA,"broad,dkfz,muse,sanger",4,COSN16201704,rs80210373,NA,FALSE,0.3571,NA,20,36,NA,NA,NA,IGR,FALSE,FALSE,FALSE,FALSE,2,1,1,1_1,1a319682-f55e-4e0b-8476-48a0bea6c265,NA
8,47893930,47893930,1,snv_mnv,NA,NA,"broad,dkfz,muse,sanger",4,COSN16200704,NA,NA,FALSE,0.3115,NA,19,42,NA,NA,NA,IGR,FALSE,FALSE,FALSE,FALSE,2,1,1,1_1,1a319682-f55e-4e0b-8476-48a0bea6c265,NA
8,49903891,49903891,1,snv_mnv,NA,NA,"broad,dkfz,muse,sanger",4,COSN16202202,NA,NA,FALSE,0.1887,NA,10,43,NA,NA,NA,IGR,FALSE,FALSE,FALSE,FALSE,2,1,1,1_1,1a319682-f55e-4e0b-8476-48a0bea6c265,NA
8,50518548,50518548,1,snv_mnv,NA,NA,"broad,dkfz,muse,sanger",4,COSN16202091,NA,L1MB7,FALSE,0.2025,NA,16,63,NA,NA,NA,IGR,FALSE,FALSE,FALSE,FALSE,2,1,1,1_1,1a319682-f55e-4e0b-8476-48a0bea6c265,NA
8,50525604,50525604,1,snv_mnv,NA,NA,"broad,dkfz,muse,sanger",4,COSN16201563,NA,LTR51,FALSE,0.2931,NA,17,41,NA,NA,NA,IGR,FALSE,FALSE,FALSE,FALSE,2,1,1,1_1,1a319682-f55e-4e0b-8476-48a0bea6c265,NA
8,52330896,52330896,1,snv_mnv,NA,NA,"broad,dkfz,muse,sanger",4,COSN4923751,NA,NA,FALSE,0.2453,NA,13,40,NA,NA,NA,Intron,FALSE,FALSE,FALSE,FALSE,2,1,1,1_1,1a319682-f55e-4e0b-8476-48a0bea6c265,NA
8,52496910,52496910,1,snv_mnv,NA,NA,"broad,dkfz,muse,sanger",4,COSN16200557,NA,NA,FALSE,0.3659,NA,15,26,NA,NA,NA,Intron,FALSE,FALSE,FALSE,FALSE,2,1,1,1_1,1a319682-f55e-4e0b-8476-48a0bea6c265,NA
8,52697631,52697631,1,snv_mnv,NA,NA,"broad,dkfz,muse,sanger",4,COSN4923760,NA,NA,FALSE,0.2115,NA,11,41,NA,NA,NA,Intron,FALSE,FALSE,FALSE,FALSE,2,1,1,1_1,1a319682-f55e-4e0b-8476-48a0bea6c265,NA
8,53146979,53146979,1,snv_mnv,9.984e-4,rs544033553,"broad,dkfz,muse,sanger",4,COSN16201794,rs544033553,AluSg4,FALSE,0.4167,NA,20,28,NA,NA,NA,Intron,FALSE,FALSE,FALSE,FALSE,2,1,1,1_1,1a319682-f55e-4e0b-8476-48a0bea6c265,NA
8,56187435,56187435,1,snv_mnv,NA,NA,"broad,dkfz,muse,sanger",4,COSN4923805,NA,MLT1B,FALSE,0.3636,NA,16,28,NA,NA,NA,Intron,FALSE,FALSE,FALSE,FALSE,2,1,1,1_1,1a319682-f55e-4e0b-8476-48a0bea6c265,NA
8,56347035,56347035,1,snv_mnv,NA,NA,"broad,dkfz,muse,sanger",4,COSN4923814,NA,NA,FALSE,0.2727,NA,15,40,NA,NA,NA,Intron,FALSE,FALSE,FALSE,FALSE,2,1,1,1_1,1a319682-f55e-4e0b-8476-48a0bea6c265,NA
8,56365174,56365174,1,snv_mnv,NA,NA,"broad,dkfz,muse,sanger",4,COSN16037368,NA,NA,FALSE,0.3333,NA,12,24,NA,NA,NA,Intron,FALSE,FALSE,FALSE,FALSE,2,1,1,1_1,1a319682-f55e-4e0b-8476-48a0bea6c265,NA
8,57960734,57960734,1,snv_mnv,NA,NA,"broad,dkfz,muse,sanger",4,COSN16202048,NA,Charlie5,FALSE,0.2462,NA,16,49,NA,NA,NA,IGR,FALSE,FALSE,FALSE,FALSE,2,1,1,1_1,1a319682-f55e-4e0b-8476-48a0bea6c265,NA
8,58236190,58236190,1,snv_mnv,NA,NA,"broad,muse,sanger",3,COSN16200888,NA,L1PA4,FALSE,0.2344,NA,15,49,NA,NA,NA,IGR,FALSE,FALSE,FALSE,FALSE,2,1,1,1_1,1a319682-f55e-4e0b-8476-48a0bea6c265,NA
8,58667080,58667080,1,snv_mnv,NA,NA,"broad,dkfz,muse,sanger",4,COSN4923841,NA,L1MEd,FALSE,0.2239,NA,15,52,NA,NA,NA,lincRNA,FALSE,FALSE,FALSE,FALSE,2,1,1,1_1,1a319682-f55e-4e0b-8476-48a0bea6c265,AC104051.2
8,58894794,58894794,1,snv_mnv,NA,NA,"broad,dkfz,muse,sanger",4,COSN16202219,NA,NA,FALSE,0.3333,NA,11,22,NA,NA,NA,lincRNA,FALSE,FALSE,FALSE,FALSE,2,1,1,1_1,1a319682-f55e-4e0b-8476-48a0bea6c265,NA
8,61866539,61866539,1,snv_mnv,NA,NA,"broad,dkfz,muse,sanger",4,COSN4923872,NA,L1MEg,FALSE,0.2931,NA,17,41,NA,NA,NA,lincRNA,FALSE,FALSE,FALSE,FALSE,2,1,1,1_1,1a319682-f55e-4e0b-8476-48a0bea6c265,NA
8,62203812,62203812,1,snv_mnv,NA,NA,"broad,dkfz,muse,sanger",4,COSN16201063,NA,NA,FALSE,0.3704,NA,20,34,NA,NA,NA,Intron,FALSE,FALSE,FALSE,FALSE,2,1,1,1_1,1a319682-f55e-4e0b-8476-48a0bea6c265,NA
8,63183301,63183301,1,snv_mnv,NA,NA,"broad,dkfz,muse,sanger",4,COSN16200858,NA,L1MA7,FALSE,0.3077,NA,16,36,NA,NA,NA,Intron,FALSE,FALSE,FALSE,FALSE,2,1,1,1_1,1a319682-f55e-4e0b-8476-48a0bea6c265,NA
8,63267873,63267873,1,snv_mnv,NA,NA,"broad,dkfz,muse,sanger",4,COSN4923916,NA,NA,FALSE,0.28,NA,14,36,NA,NA,NA,Intron,FALSE,FALSE,FALSE,FALSE,2,1,1,1_1,1a319682-f55e-4e0b-8476-48a0bea6c265,NA
8,63834701,63834701,1,snv_mnv,NA,NA,"broad,dkfz,muse,sanger",4,COSN4923936,NA,NA,FALSE,0.2429,NA,17,53,NA,NA,NA,Intron,FALSE,FALSE,FALSE,FALSE,2,1,1,1_1,1a319682-f55e-4e0b-8476-48a0bea6c265,NA
8,64584859,64584859,1,snv_mnv,NA,NA,"broad,dkfz,muse,sanger",4,COSN16201657,NA,L1MC5,FALSE,0.18,NA,9,41,NA,NA,NA,IGR,FALSE,FALSE,FALSE,FALSE,2,1,1,1_1,1a319682-f55e-4e0b-8476-48a0bea6c265,NA
8,66626495,66626495,1,snv_mnv,NA,NA,"broad,dkfz,muse,sanger",4,COSN16201644,NA,NA,FALSE,0.1455,NA,8,47,NA,NA,NA,RNA,FALSE,FALSE,FALSE,FALSE,2,1,1,1_1,1a319682-f55e-4e0b-8476-48a0bea6c265,PDE7A
8,66763981,66763981,1,snv_mnv,NA,NA,"broad,dkfz,muse,sanger",4,COSN16202292,NA,MLT1C,FALSE,0.375,NA,21,35,NA,NA,NA,IGR,FALSE,FALSE,FALSE,FALSE,2,1,1,1_1,1a319682-f55e-4e0b-8476-48a0bea6c265,NA
8,67375342,67375342,1,snv_mnv,NA,NA,"broad,dkfz,muse,sanger",4,COSN16201226,NA,AluSq,FALSE,0.2632,NA,15,42,NA,NA,NA,Intron,FALSE,FALSE,FALSE,FALSE,2,1,1,1_1,1a319682-f55e-4e0b-8476-48a0bea6c265,NA
8,67620264,67620264,1,snv_mnv,NA,NA,"broad,dkfz,muse,sanger",4,COSN4924000,NA,NA,FALSE,0.2623,NA,16,45,NA,NA,NA,Intron,FALSE,FALSE,FALSE,FALSE,2,1,1,1_1,1a319682-f55e-4e0b-8476-48a0bea6c265,SGK3
8,67837763,67837763,1,snv_mnv,NA,NA,"broad,dkfz,muse,sanger",4,COSN16201947,NA,NA,FALSE,0.2895,NA,11,27,NA,NA,NA,RNA,FALSE,FALSE,FALSE,FALSE,2,1,1,1_1,1a319682-f55e-4e0b-8476-48a0bea6c265,"MCMDC2,SNORD87"
8,70155851,70155851,1,snv_mnv,NA,NA,"broad,dkfz,muse,sanger",4,COSN16200705,NA,L1MEg,FALSE,0.2714,NA,19,51,NA,NA,NA,IGR,FALSE,FALSE,FALSE,FALSE,2,1,1,1_1,1a319682-f55e-4e0b-8476-48a0bea6c265,NA
8,72764456,72764456,1,snv_mnv,NA,NA,"broad,dkfz,muse,sanger",4,COSN16202360,NA,L1MEc,FALSE,0.2453,NA,13,40,NA,NA,NA,Intron,FALSE,FALSE,FALSE,FALSE,2,1,1,1_1,1a319682-f55e-4e0b-8476-48a0bea6c265,NA
8,72802222,72802222,1,snv_mnv,NA,NA,"broad,dkfz,muse,sanger",4,COSN4924079,NA,L1PA13,FALSE,0.25,NA,11,33,NA,NA,NA,Intron,FALSE,FALSE,FALSE,FALSE,2,1,1,1_1,1a319682-f55e-4e0b-8476-48a0bea6c265,NA
8,72836140,72836140,1,snv_mnv,NA,NA,"broad,dkfz,muse,sanger",4,COSN4924081,NA,Charlie1b,FALSE,0.1562,NA,10,54,NA,NA,NA,Intron,FALSE,FALSE,FALSE,FALSE,2,1,1,1_1,1a319682-f55e-4e0b-8476-48a0bea6c265,NA
8,72988451,72988451,1,snv_mnv,NA,NA,"broad,dkfz,muse,sanger",4,COSN4924087,NA,NA,FALSE,0.3261,NA,15,31,NA,NA,NA,5'Flank,FALSE,FALSE,FALSE,FALSE,2,1,1,1_1,1a319682-f55e-4e0b-8476-48a0bea6c265,TRPA1
8,73250534,73250534,1,snv_mnv,NA,NA,"broad,dkfz,muse,sanger",4,COSN16202319,NA,NA,FALSE,0.2041,NA,10,39,NA,NA,NA,IGR,FALSE,FALSE,FALSE,FALSE,2,1,1,1_1,1a319682-f55e-4e0b-8476-48a0bea6c265,NA
8,73250535,73250535,1,snv_mnv,NA,NA,"broad,dkfz,muse,sanger",4,COSN16201481,NA,NA,FALSE,0.2041,NA,10,39,NA,NA,NA,IGR,FALSE,FALSE,FALSE,FALSE,2,1,1,1_1,1a319682-f55e-4e0b-8476-48a0bea6c265,NA
8,73954967,73954967,1,snv_mnv,NA,NA,"broad,dkfz,muse,sanger",4,COSN4924099,NA,NA,FALSE,0.2642,NA,14,39,NA,NA,NA,Intron,FALSE,FALSE,FALSE,FALSE,2,1,1,1_1,1a319682-f55e-4e0b-8476-48a0bea6c265,"AC022893.3,TERF1"
8,76446631,76446631,1,snv_mnv,NA,NA,"broad,dkfz,muse,sanger",4,COSN16200711,NA,NA,FALSE,0.3171,NA,13,28,NA,NA,NA,Intron,FALSE,FALSE,FALSE,FALSE,2,1,1,1_1,1a319682-f55e-4e0b-8476-48a0bea6c265,NA
8,76904535,76904535,1,snv_mnv,NA,NA,"broad,dkfz,muse,sanger",4,COSN16200925,NA,MER4-int,FALSE,0.3721,NA,16,27,NA,NA,NA,IGR,FALSE,FALSE,FALSE,FALSE,2,1,1,1_1,1a319682-f55e-4e0b-8476-48a0bea6c265,NA
8,77389268,77389268,1,snv_mnv,NA,NA,"broad,dkfz,muse,sanger",4,COSN16201831,NA,NA,FALSE,0.3103,NA,18,40,NA,NA,NA,lincRNA,FALSE,FALSE,FALSE,FALSE,2,1,1,1_1,1a319682-f55e-4e0b-8476-48a0bea6c265,NA
8,78092643,78092643,1,snv_mnv,NA,NA,"broad,dkfz,muse,sanger",4,COSN16201594,NA,AluSx,FALSE,0.3846,NA,20,32,NA,NA,NA,IGR,FALSE,FALSE,FALSE,FALSE,2,1,1,1_1,1a319682-f55e-4e0b-8476-48a0bea6c265,NA
8,78735103,78735103,1,snv_mnv,NA,NA,"broad,dkfz,muse,sanger",4,COSN16202435,NA,ERVL-B4-int,FALSE,0.2586,NA,15,43,NA,NA,NA,IGR,FALSE,FALSE,FALSE,FALSE,2,1,1,1_1,1a319682-f55e-4e0b-8476-48a0bea6c265,NA
8,78943907,78943907,1,snv_mnv,5.9904e-4,rs557106554,"broad,dkfz,muse,sanger",4,COSN16201409,rs557106554,NA,FALSE,0.2264,NA,12,41,NA,NA,NA,IGR,FALSE,FALSE,FALSE,FALSE,2,1,1,1_1,1a319682-f55e-4e0b-8476-48a0bea6c265,NA
8,80061497,80061497,1,snv_mnv,NA,NA,"broad,dkfz,muse,sanger",4,COSN16201319,NA,NA,FALSE,0.2653,NA,13,36,NA,NA,NA,IGR,FALSE,FALSE,FALSE,FALSE,2,1,1,1_1,1a319682-f55e-4e0b-8476-48a0bea6c265,NA
8,82375044,82375044,1,snv_mnv,NA,NA,"broad,dkfz,muse,sanger",4,COSN4924189,NA,NA,FALSE,0.3043,NA,14,32,NA,NA,NA,5'Flank,FALSE,FALSE,FALSE,FALSE,2,1,1,1_1,1a319682-f55e-4e0b-8476-48a0bea6c265,NA
8,83122261,83122261,1,snv_mnv,NA,NA,"broad,dkfz,muse,sanger",4,COSN16202129,NA,L2a,FALSE,0.2778,NA,15,39,NA,NA,NA,IGR,FALSE,FALSE,FALSE,FALSE,2,1,1,1_1,1a319682-f55e-4e0b-8476-48a0bea6c265,NA
8,84203641,84203641,1,snv_mnv,NA,NA,"broad,muse,sanger",3,COSN18817460,NA,LTR12E,FALSE,0.1562,NA,5,27,NA,NA,NA,IGR,FALSE,FALSE,FALSE,FALSE,2,1,1,1_1,1a319682-f55e-4e0b-8476-48a0bea6c265,AC090132.2
8,87692919,87692919,1,snv_mnv,NA,NA,"broad,dkfz,muse,sanger",4,COSN16201996,NA,NA,FALSE,0.2105,NA,8,30,NA,NA,NA,Intron,FALSE,FALSE,FALSE,FALSE,2,1,1,1_1,1a319682-f55e-4e0b-8476-48a0bea6c265,NA
8,88481262,88481262,1,snv_mnv,NA,NA,"broad,dkfz,muse,sanger",4,COSN16202341,NA,NA,FALSE,0.3898,NA,23,36,NA,NA,NA,IGR,FALSE,FALSE,FALSE,FALSE,2,1,1,1_1,1a319682-f55e-4e0b-8476-48a0bea6c265,NA
8,88660555,88660555,1,snv_mnv,NA,NA,"broad,dkfz,muse,sanger",4,COSN4924314,NA,NA,FALSE,0.2453,NA,13,40,NA,NA,NA,RNA,FALSE,FALSE,FALSE,FALSE,2,1,1,1_1,1a319682-f55e-4e0b-8476-48a0bea6c265,NA
8,88955987,88955987,1,snv_mnv,NA,NA,"broad,dkfz,muse,sanger",4,COSN16202368,NA,NA,FALSE,0.2593,NA,14,40,NA,NA,NA,IGR,FALSE,FALSE,FALSE,FALSE,2,1,1,1_1,1a319682-f55e-4e0b-8476-48a0bea6c265,NA
8,89530614,89530614,1,snv_mnv,NA,NA,"broad,dkfz,muse,sanger",4,COSN4924338,NA,AluSp,FALSE,0.2222,NA,8,28,NA,NA,NA,RNA,FALSE,FALSE,FALSE,FALSE,2,1,1,1_1,1a319682-f55e-4e0b-8476-48a0bea6c265,NA
8,91574022,91574022,1,snv_mnv,NA,NA,"broad,dkfz,muse,sanger",4,COSN4924365,NA,AT_rich,FALSE,0.3152,NA,29,63,NA,NA,NA,RNA,FALSE,FALSE,FALSE,FALSE,2,1,1,1_1,1a319682-f55e-4e0b-8476-48a0bea6c265,NA
8,91683320,91683320,1,snv_mnv,NA,NA,"broad,dkfz,muse,sanger",4,COSN4924368,NA,NA,FALSE,0.32,NA,16,34,NA,NA,NA,Intron,FALSE,FALSE,FALSE,FALSE,2,1,1,1_1,1a319682-f55e-4e0b-8476-48a0bea6c265,NA
8,92670500,92670500,1,snv_mnv,NA,NA,"broad,dkfz,muse,sanger",4,COSN4924392,NA,NA,FALSE,0.1857,NA,13,57,NA,NA,NA,lincRNA,FALSE,FALSE,FALSE,FALSE,2,1,1,1_1,1a319682-f55e-4e0b-8476-48a0bea6c265,NA
8,95658432,95658432,1,snv_mnv,NA,NA,"broad,muse,sanger",3,COSM3396739,NA,NA,FALSE,0.3019,NA,16,37,NA,NA,NA,Missense_Mutation,FALSE,FALSE,FALSE,TRUE,2,1,1,1_1,1a319682-f55e-4e0b-8476-48a0bea6c265,ESRP1
8,95980059,95980059,1,snv_mnv,NA,NA,"broad,dkfz,muse,sanger",4,COSN4924443,NA,AluSz6,FALSE,0.1837,NA,9,40,NA,NA,NA,Intron,FALSE,FALSE,FALSE,FALSE,2,1,1,1_1,1a319682-f55e-4e0b-8476-48a0bea6c265,NA
8,98610943,98610943,1,snv_mnv,NA,NA,"broad,dkfz,muse,sanger",4,COSN16200479,NA,NA,FALSE,0.1875,NA,12,52,NA,NA,NA,IGR,FALSE,FALSE,FALSE,FALSE,2,1,1,1_1,1a319682-f55e-4e0b-8476-48a0bea6c265,NA
8,101189454,101189454,1,snv_mnv,NA,NA,"broad,muse,sanger",3,COSN4922655,NA,Tigger2,FALSE,0.2545,NA,14,41,NA,NA,NA,Intron,FALSE,FALSE,FALSE,FALSE,2,1,1,1_1,1a319682-f55e-4e0b-8476-48a0bea6c265,NA
8,102533482,102533482,1,snv_mnv,NA,NA,"broad,muse,sanger",3,COSN16202517,NA,LTR16B2,FALSE,0.2195,NA,9,32,NA,NA,NA,Intron,FALSE,FALSE,FALSE,FALSE,2,1,1,1_1,1a319682-f55e-4e0b-8476-48a0bea6c265,NA
8,103448231,103448231,1,snv_mnv,NA,NA,"broad,muse,sanger",3,COSN16200868,NA,L1MEd,FALSE,0.2917,NA,21,51,NA,NA,NA,IGR,FALSE,FALSE,FALSE,FALSE,2,1,1,1_1,1a319682-f55e-4e0b-8476-48a0bea6c265,NA
8,108414755,108414755,1,snv_mnv,NA,NA,"broad,muse,sanger",3,COSN4922767,NA,MIR,FALSE,0.1774,NA,11,51,NA,NA,NA,IGR,FALSE,FALSE,FALSE,FALSE,2,1,1,1_1,1a319682-f55e-4e0b-8476-48a0bea6c265,NA
8,109308326,109308326,1,snv_mnv,NA,NA,"broad,muse,sanger",3,COSN16200980,NA,MLT1L,FALSE,0.2063,NA,13,50,NA,NA,NA,IGR,FALSE,FALSE,FALSE,FALSE,2,1,1,1_1,1a319682-f55e-4e0b-8476-48a0bea6c265,NA
8,111103553,111103553,1,snv_mnv,NA,NA,"broad,muse,sanger",3,COSN16202463,NA,NA,FALSE,0.2619,NA,11,31,NA,NA,NA,IGR,FALSE,FALSE,FALSE,FALSE,2,1,1,1_1,1a319682-f55e-4e0b-8476-48a0bea6c265,NA
8,113301221,113301221,1,snv_mnv,NA,NA,"broad,muse,sanger",3,COSN4922823,NA,NA,FALSE,0.3191,NA,15,32,NA,NA,NA,Intron,FALSE,FALSE,FALSE,FALSE,2,1,1,1_1,1a319682-f55e-4e0b-8476-48a0bea6c265,NA
8,113562025,113562025,1,snv_mnv,NA,NA,"broad,muse,sanger",3,COSN4922827,NA,MIRb,FALSE,0.3095,NA,13,29,NA,NA,NA,Intron,FALSE,FALSE,FALSE,FALSE,2,1,1,1_1,1a319682-f55e-4e0b-8476-48a0bea6c265,NA
8,113598327,113598327,1,snv_mnv,NA,NA,"broad,muse,sanger",3,COSN16200451,NA,NA,FALSE,0.2549,NA,13,38,NA,NA,NA,Intron,FALSE,FALSE,FALSE,FALSE,2,1,1,1_1,1a319682-f55e-4e0b-8476-48a0bea6c265,NA
8,114284743,114284743,1,snv_mnv,NA,NA,"broad,muse,sanger",3,COSN16201199,NA,THE1A,FALSE,0.0619,NA,6,91,NA,NA,NA,Intron,FALSE,FALSE,FALSE,FALSE,2,1,1,1_1,1a319682-f55e-4e0b-8476-48a0bea6c265,NA
8,114897184,114897184,1,snv_mnv,NA,NA,"broad,muse,sanger",3,COSN16201610,NA,LTR13A,FALSE,0.2,NA,8,32,NA,NA,NA,IGR,FALSE,FALSE,FALSE,FALSE,2,1,1,1_1,1a319682-f55e-4e0b-8476-48a0bea6c265,NA
8,118956416,118956416,1,snv_mnv,NA,NA,"broad,muse,sanger",3,COSN16201867,NA,AluSx1,FALSE,0.3088,NA,21,47,NA,NA,NA,Intron,FALSE,FALSE,FALSE,FALSE,2,1,1,1_1,1a319682-f55e-4e0b-8476-48a0bea6c265,NA
8,121286824,121286824,1,snv_mnv,NA,NA,"broad,muse,sanger",3,COSN4922918,NA,L1PB3,FALSE,0.2745,NA,14,37,NA,NA,NA,Intron,FALSE,FALSE,FALSE,FALSE,2,1,1,1_1,1a319682-f55e-4e0b-8476-48a0bea6c265,NA
8,123216811,123216811,1,snv_mnv,NA,NA,"broad,muse,sanger",3,COSN16200469,NA,L1MB5,FALSE,0.3059,NA,26,59,NA,NA,NA,IGR,FALSE,FALSE,FALSE,FALSE,2,1,1,1_1,1a319682-f55e-4e0b-8476-48a0bea6c265,NA
8,125072031,125072031,1,snv_mnv,NA,NA,"broad,muse,sanger",3,COSN4922969,NA,NA,FALSE,0.2182,NA,12,43,NA,NA,NA,Intron,FALSE,FALSE,FALSE,FALSE,2,1,1,1_1,1a319682-f55e-4e0b-8476-48a0bea6c265,NA
8,125273009,125273009,1,snv_mnv,NA,NA,"broad,muse,sanger",3,COSN4922974,NA,NA,FALSE,0.3019,NA,16,37,NA,NA,NA,RNA,FALSE,FALSE,FALSE,FALSE,2,1,1,1_1,1a319682-f55e-4e0b-8476-48a0bea6c265,RNU6-756P
8,126645569,126645569,1,snv_mnv,NA,NA,"broad,muse,sanger",3,COSN16202393,NA,NA,FALSE,0.2632,NA,10,28,NA,NA,NA,IGR,FALSE,FALSE,FALSE,FALSE,2,1,1,1_1,1a319682-f55e-4e0b-8476-48a0bea6c265,NA
8,126797451,126797451,1,snv_mnv,NA,NA,"broad,muse,sanger",3,COSN16201564,NA,LTR1,FALSE,0.3404,NA,16,31,NA,NA,NA,IGR,FALSE,FALSE,FALSE,FALSE,2,1,1,1_1,1a319682-f55e-4e0b-8476-48a0bea6c265,NA
8,126825053,126825053,1,snv_mnv,NA,NA,"broad,muse,sanger",3,COSN16201448,NA,MLT2A1,FALSE,0.2909,NA,16,39,NA,NA,NA,IGR,FALSE,FALSE,FALSE,FALSE,2,1,1,1_1,1a319682-f55e-4e0b-8476-48a0bea6c265,NA
8,129333400,129333400,1,snv_mnv,NA,NA,"broad,muse,sanger",3,COSN16200558,NA,NA,FALSE,0.26,NA,13,37,NA,NA,NA,IGR,FALSE,FALSE,FALSE,FALSE,2,1,1,1_1,1a319682-f55e-4e0b-8476-48a0bea6c265,NA
8,129365030,129365030,1,snv_mnv,NA,NA,"broad,muse,sanger",3,COSN16201075,NA,MER103C,FALSE,0.2759,NA,8,21,NA,NA,NA,IGR,FALSE,FALSE,FALSE,FALSE,2,1,1,1_1,1a319682-f55e-4e0b-8476-48a0bea6c265,NA
8,131577108,131577108,1,snv_mnv,NA,NA,"broad,muse,sanger",3,COSN16200527,NA,MLT1E1A,FALSE,0.339,NA,20,39,NA,NA,NA,IGR,FALSE,FALSE,FALSE,FALSE,2,1,1,1_1,1a319682-f55e-4e0b-8476-48a0bea6c265,NA
8,132986970,132986970,1,snv_mnv,NA,NA,"broad,muse,sanger",3,COSN16200520,NA,NA,FALSE,0.2083,NA,15,57,NA,NA,NA,Intron,FALSE,FALSE,FALSE,FALSE,2,1,1,1_1,1a319682-f55e-4e0b-8476-48a0bea6c265,NA
8,134028872,134028872,1,snv_mnv,NA,NA,"broad,muse,sanger",3,COSN16200793,NA,NA,FALSE,0.2653,NA,13,36,NA,NA,NA,Intron,FALSE,FALSE,FALSE,FALSE,2,1,1,1_1,1a319682-f55e-4e0b-8476-48a0bea6c265,TG
8,135116023,135116023,1,snv_mnv,NA,NA,"broad,muse,sanger",3,COSN16202589,NA,MSTB2,FALSE,0.3889,NA,28,44,NA,NA,NA,IGR,FALSE,FALSE,FALSE,FALSE,2,1,1,1_1,1a319682-f55e-4e0b-8476-48a0bea6c265,NA
8,137395519,137395519,1,snv_mnv,NA,NA,"broad,muse,sanger",3,COSN16201386,NA,ERVL-E-int,FALSE,0.303,NA,10,23,NA,NA,NA,IGR,FALSE,FALSE,FALSE,FALSE,2,1,1,1_1,1a319682-f55e-4e0b-8476-48a0bea6c265,NA
8,137633149,137633149,1,snv_mnv,NA,NA,"broad,muse,sanger",3,COSN4923109,NA,NA,FALSE,0.25,NA,14,42,NA,NA,NA,IGR,FALSE,FALSE,FALSE,FALSE,2,1,1,1_1,1a319682-f55e-4e0b-8476-48a0bea6c265,NA
8,137868271,137868271,1,snv_mnv,NA,NA,"broad,muse,sanger",3,COSN4923121,NA,L1PA5,FALSE,0.1579,NA,6,32,NA,NA,NA,IGR,FALSE,FALSE,FALSE,FALSE,2,1,1,1_1,1a319682-f55e-4e0b-8476-48a0bea6c265,NA
8,137951424,137951424,1,snv_mnv,NA,NA,"broad,muse,sanger",3,COSN4923125,NA,NA,FALSE,0.2857,NA,18,45,NA,NA,NA,IGR,FALSE,FALSE,FALSE,FALSE,2,1,1,1_1,1a319682-f55e-4e0b-8476-48a0bea6c265,NA
8,138104116,138104116,1,snv_mnv,NA,NA,"broad,muse,sanger",3,COSN16200300,NA,NA,FALSE,0.3523,NA,31,57,NA,NA,NA,IGR,FALSE,FALSE,FALSE,FALSE,2,1,1,1_1,1a319682-f55e-4e0b-8476-48a0bea6c265,NA
8,138141589,138141589,1,snv_mnv,NA,NA,"broad,muse,sanger",3,COSN16201147,NA,NA,FALSE,0.2703,NA,10,27,NA,NA,NA,IGR,FALSE,FALSE,FALSE,FALSE,2,1,1,1_1,1a319682-f55e-4e0b-8476-48a0bea6c265,NA
8,138340243,138340243,1,snv_mnv,NA,NA,"broad,muse,sanger",3,COSN16201293,NA,MIRb,FALSE,0.3696,NA,17,29,NA,NA,NA,IGR,FALSE,FALSE,FALSE,FALSE,2,1,1,1_1,1a319682-f55e-4e0b-8476-48a0bea6c265,NA
8,138419528,138419528,1,snv_mnv,NA,NA,"broad,muse,sanger",3,COSN16202260,NA,AluSq2,FALSE,0.2927,NA,12,29,NA,NA,NA,IGR,FALSE,FALSE,FALSE,FALSE,2,1,1,1_1,1a319682-f55e-4e0b-8476-48a0bea6c265,NA
8,138500070,138500070,1,snv_mnv,NA,NA,"broad,dkfz,muse,sanger",4,COSN16200636,NA,NA,FALSE,0.2,NA,8,32,NA,NA,NA,IGR,FALSE,FALSE,FALSE,FALSE,2,1,1,1_1,1a319682-f55e-4e0b-8476-48a0bea6c265,NA
8,139668660,139668660,1,snv_mnv,NA,NA,"broad,dkfz,muse,sanger",4,COSN4923150,NA,NA,FALSE,0.3514,NA,13,24,NA,NA,NA,Intron,FALSE,FALSE,FALSE,FALSE,2,1,1,1_1,1a319682-f55e-4e0b-8476-48a0bea6c265,NA
8,140083027,140083027,1,snv_mnv,NA,NA,"broad,dkfz,muse,sanger",4,COSN16200757,NA,NA,FALSE,0.25,NA,16,48,NA,NA,NA,IGR,FALSE,FALSE,FALSE,FALSE,2,1,1,1_1,1a319682-f55e-4e0b-8476-48a0bea6c265,NA
8,140867415,140867415,1,snv_mnv,NA,NA,"broad,dkfz,muse,sanger",4,COSN16201663,NA,NA,FALSE,0.3077,NA,16,36,NA,NA,NA,Intron,FALSE,FALSE,FALSE,FALSE,2,1,1,1_1,1a319682-f55e-4e0b-8476-48a0bea6c265,NA
9,952355,952355,1,snv_mnv,NA,NA,"broad,dkfz,muse,sanger",4,COSN4925571,NA,NA,FALSE,0.3,NA,21,49,NA,NA,NA,Intron,FALSE,FALSE,FALSE,FALSE,2,1,1,1_1,1a319682-f55e-4e0b-8476-48a0bea6c265,NA
9,2555427,2555427,1,snv_mnv,NA,NA,"broad,dkfz,muse,sanger",4,COSN16200912,NA,AluSz6,FALSE,0.3333,NA,24,48,NA,NA,NA,RNA,FALSE,FALSE,FALSE,FALSE,2,1,1,1_1,1a319682-f55e-4e0b-8476-48a0bea6c265,NA
9,5988653,5988653,1,snv_mnv,NA,NA,"broad,dkfz,muse,sanger",4,COSN4925295,NA,NA,FALSE,0.3288,NA,24,49,NA,NA,NA,Intron,FALSE,FALSE,FALSE,FALSE,2,1,1,1_1,1a319682-f55e-4e0b-8476-48a0bea6c265,NA
9,6105168,6105168,1,snv_mnv,NA,NA,"broad,dkfz,muse,sanger",4,COSN16200758,NA,MLT2A1,FALSE,0.3913,NA,27,42,NA,NA,NA,IGR,FALSE,FALSE,FALSE,FALSE,2,1,1,1_1,1a319682-f55e-4e0b-8476-48a0bea6c265,NA
9,9062161,9062161,1,snv_mnv,NA,NA,"broad,dkfz,muse,sanger",4,COSN16202097,NA,NA,FALSE,0.2676,NA,19,52,NA,NA,NA,Intron,FALSE,FALSE,FALSE,FALSE,2,1,1,1_1,1a319682-f55e-4e0b-8476-48a0bea6c265,NA
9,9204133,9204133,1,snv_mnv,NA,NA,"broad,dkfz,muse,sanger",4,COSN16201866,NA,NA,FALSE,0.25,NA,10,30,NA,NA,NA,Intron,FALSE,FALSE,FALSE,FALSE,2,1,1,1_1,1a319682-f55e-4e0b-8476-48a0bea6c265,NA
9,9346641,9346641,1,snv_mnv,NA,NA,"broad,dkfz,muse,sanger",4,COSN4925541,NA,NA,FALSE,0.2115,NA,11,41,NA,NA,NA,Intron,FALSE,FALSE,FALSE,FALSE,2,1,1,1_1,1a319682-f55e-4e0b-8476-48a0bea6c265,NA
9,9401655,9401655,1,snv_mnv,NA,NA,"broad,dkfz,muse,sanger",4,COSN4925552,NA,THE1C,FALSE,0.25,NA,10,30,NA,NA,NA,Intron,FALSE,FALSE,FALSE,FALSE,2,1,1,1_1,1a319682-f55e-4e0b-8476-48a0bea6c265,NA
9,9640601,9640601,1,snv_mnv,NA,NA,"broad,dkfz,muse,sanger",4,COSN16200645,NA,NA,FALSE,0.2917,NA,14,34,NA,NA,NA,Intron,FALSE,FALSE,FALSE,FALSE,2,1,1,1_1,1a319682-f55e-4e0b-8476-48a0bea6c265,NA
9,11273398,11273398,1,snv_mnv,NA,NA,"broad,dkfz,muse,sanger",4,COSN16202187,rs539380512,LTR8,FALSE,0.2222,NA,10,35,NA,NA,NA,lincRNA,FALSE,FALSE,FALSE,FALSE,2,1,1,1_1,1a319682-f55e-4e0b-8476-48a0bea6c265,AL451129.1
9,11688165,11688165,1,snv_mnv,NA,NA,"broad,dkfz,muse,sanger",4,COSN16201969,NA,HAL1,FALSE,0.1636,NA,9,46,NA,NA,NA,IGR,FALSE,FALSE,FALSE,FALSE,2,1,1,1_1,1a319682-f55e-4e0b-8476-48a0bea6c265,NA
9,11717686,11717686,1,snv_mnv,NA,NA,"broad,dkfz,muse,sanger",4,COSN16202590,NA,AT_rich,FALSE,0.2791,NA,12,31,NA,NA,NA,IGR,FALSE,FALSE,FALSE,FALSE,2,1,1,1_1,1a319682-f55e-4e0b-8476-48a0bea6c265,NA
9,11901717,11901717,1,snv_mnv,NA,NA,"broad,dkfz,muse,sanger",4,COSN16201294,NA,NA,FALSE,0.3455,NA,19,36,NA,NA,NA,IGR,FALSE,FALSE,FALSE,FALSE,2,1,1,1_1,1a319682-f55e-4e0b-8476-48a0bea6c265,NA
9,13473539,13473539,1,snv_mnv,NA,NA,"broad,dkfz,muse,sanger",4,COSN4924911,NA,L1PA15,FALSE,0.2131,NA,13,48,NA,NA,NA,lincRNA,FALSE,FALSE,FALSE,FALSE,2,1,1,1_1,1a319682-f55e-4e0b-8476-48a0bea6c265,NA
9,15874044,15874044,1,snv_mnv,NA,NA,"broad,dkfz,muse,sanger",4,COSN16201758,NA,NA,FALSE,0.2623,NA,16,45,NA,NA,NA,Intron,FALSE,FALSE,FALSE,FALSE,2,1,1,1_1,1a319682-f55e-4e0b-8476-48a0bea6c265,NA
9,17784799,17784799,1,snv_mnv,NA,NA,"broad,dkfz,muse,sanger",4,COSN4925031,NA,AluJr,FALSE,0.2826,NA,13,33,NA,NA,NA,Intron,FALSE,FALSE,FALSE,FALSE,2,1,1,1_1,1a319682-f55e-4e0b-8476-48a0bea6c265,NA
9,24472995,24472995,1,snv_mnv,NA,NA,"broad,dkfz,muse,sanger",4,COSN16202334,NA,NA,FALSE,0.2281,NA,13,44,NA,NA,NA,IGR,FALSE,FALSE,FALSE,FALSE,2,1,1,1_1,1a319682-f55e-4e0b-8476-48a0bea6c265,NA
9,27103070,27103070,1,snv_mnv,NA,NA,"broad,dkfz,muse,sanger",4,COSN16202416,NA,L1MB2,FALSE,0.2222,NA,10,35,NA,NA,NA,lincRNA,FALSE,FALSE,FALSE,FALSE,2,1,1,1_1,1a319682-f55e-4e0b-8476-48a0bea6c265,NA
9,28777091,28777091,1,snv_mnv,3.9936e-4,rs551661621,"broad,dkfz,muse,sanger",4,COSN16201595,rs551661621,MSTA,FALSE,0.0833,NA,2,22,NA,NA,NA,IGR,FALSE,FALSE,FALSE,FALSE,2,1,1,1_1,1a319682-f55e-4e0b-8476-48a0bea6c265,NA
9,30050864,30050864,1,snv_mnv,NA,NA,"broad,dkfz,muse,sanger",4,COSN16201596,NA,NA,FALSE,0.2742,NA,17,45,NA,NA,NA,IGR,FALSE,FALSE,FALSE,FALSE,2,1,1,1_1,1a319682-f55e-4e0b-8476-48a0bea6c265,NA
9,30149338,30149338,1,snv_mnv,1.9968e-4,rs571662890,"broad,dkfz,muse,sanger",4,COSN16200281,rs571662890,NA,FALSE,0.2308,NA,12,40,NA,NA,NA,IGR,FALSE,FALSE,FALSE,FALSE,2,1,1,1_1,1a319682-f55e-4e0b-8476-48a0bea6c265,NA
9,30724537,30724537,1,snv_mnv,NA,NA,"broad,dkfz,muse,sanger",4,COSN16201804,NA,L1M1,FALSE,0.2576,NA,17,49,NA,NA,NA,IGR,FALSE,FALSE,FALSE,FALSE,2,1,1,1_1,1a319682-f55e-4e0b-8476-48a0bea6c265,NA
9,30997412,30997412,1,snv_mnv,NA,NA,"broad,dkfz,muse,sanger",4,COSN16200693,NA,NA,FALSE,0.2833,NA,17,43,NA,NA,NA,IGR,FALSE,FALSE,FALSE,FALSE,2,1,1,1_1,1a319682-f55e-4e0b-8476-48a0bea6c265,NA
9,32844420,32844420,1,snv_mnv,NA,NA,"broad,dkfz,muse,sanger",4,COSN4925157,NA,NA,FALSE,0.325,NA,13,27,NA,NA,NA,lincRNA,FALSE,FALSE,FALSE,FALSE,2,1,1,1_1,1a319682-f55e-4e0b-8476-48a0bea6c265,NA
9,34357220,34357220,1,snv_mnv,NA,NA,"broad,dkfz,muse,sanger",4,COSN16201130,NA,L1MB7,FALSE,0.1404,NA,8,49,NA,NA,NA,IGR,FALSE,FALSE,FALSE,FALSE,2,1,1,1_1,1a319682-f55e-4e0b-8476-48a0bea6c265,NA
9,34441326,34441326,1,snv_mnv,NA,NA,"broad,dkfz,muse,sanger",4,COSN4925194,NA,NA,FALSE,0.2128,NA,10,37,NA,NA,NA,Intron,FALSE,FALSE,FALSE,FALSE,2,1,1,1_1,1a319682-f55e-4e0b-8476-48a0bea6c265,NA
9,34962727,34962727,1,snv_mnv,NA,NA,"broad,dkfz,muse,sanger",4,COSN16202120,NA,NA,FALSE,0.2703,NA,10,27,NA,NA,NA,Intron,FALSE,FALSE,FALSE,FALSE,2,1,1,1_1,1a319682-f55e-4e0b-8476-48a0bea6c265,NA
9,35948198,35948198,1,snv_mnv,NA,NA,"broad,dkfz,muse,sanger",4,COSN16200637,NA,NA,FALSE,0.3333,NA,20,40,NA,NA,NA,IGR,FALSE,FALSE,FALSE,FALSE,2,1,1,1_1,1a319682-f55e-4e0b-8476-48a0bea6c265,PGAM1P2
9,36010748,36010748,1,snv_mnv,NA,NA,"broad,dkfz,muse,sanger",4,COSN16200638,NA,NA,FALSE,0.2241,NA,13,45,NA,NA,NA,IGR,FALSE,FALSE,FALSE,FALSE,2,1,1,1_1,1a319682-f55e-4e0b-8476-48a0bea6c265,OR2S1P
9,37335484,37335484,1,snv_mnv,NA,NA,"broad,dkfz,muse,sanger",4,COSN16200660,NA,MIRb,FALSE,0.2941,NA,15,36,NA,NA,NA,Intron,FALSE,FALSE,FALSE,FALSE,2,1,1,1_1,1a319682-f55e-4e0b-8476-48a0bea6c265,NA
9,38637663,38637663,1,snv_mnv,NA,NA,"broad,dkfz,muse,sanger",4,COSN16200424,NA,AluSx3,FALSE,0.1607,NA,9,47,NA,NA,NA,IGR,FALSE,FALSE,FALSE,FALSE,2,1,1,1_1,1a319682-f55e-4e0b-8476-48a0bea6c265,NA
9,44182775,44182775,1,snv_mnv,NA,NA,"broad,dkfz,muse,sanger",4,COSN16201753,NA,NA,FALSE,0.25,NA,12,36,NA,NA,NA,IGR,FALSE,FALSE,FALSE,FALSE,2,1,1,1_1,1a319682-f55e-4e0b-8476-48a0bea6c265,NA
9,68291166,68291166,1,snv_mnv,NA,NA,"broad,muse,sanger",3,COSN16201991,NA,AluJb,FALSE,0.1875,NA,9,39,NA,NA,NA,IGR,FALSE,FALSE,FALSE,FALSE,2,1,1,1_1,1a319682-f55e-4e0b-8476-48a0bea6c265,NA
9,82170300,82170300,1,snv_mnv,NA,NA,"broad,dkfz,muse,sanger",4,COSN16201005,NA,NA,FALSE,0.1667,NA,12,60,NA,NA,NA,IGR,FALSE,FALSE,FALSE,FALSE,2,1,1,1_1,1a319682-f55e-4e0b-8476-48a0bea6c265,NA
9,82859720,82859720,1,snv_mnv,NA,NA,"broad,dkfz,muse,sanger",4,COSN16201348,NA,L1MB3,FALSE,0.2909,NA,16,39,NA,NA,NA,IGR,FALSE,FALSE,FALSE,FALSE,2,1,1,1_1,1a319682-f55e-4e0b-8476-48a0bea6c265,NA
9,83099978,83099978,1,snv_mnv,NA,NA,"broad,dkfz,muse,sanger",4,COSN16200926,NA,NA,FALSE,0.1818,NA,8,36,NA,NA,NA,IGR,FALSE,FALSE,FALSE,FALSE,2,1,1,1_1,1a319682-f55e-4e0b-8476-48a0bea6c265,NA
9,84144649,84144649,1,snv_mnv,NA,NA,"broad,dkfz,muse,sanger",4,COSN16201580,NA,NA,FALSE,0.2558,NA,11,32,NA,NA,NA,IGR,FALSE,FALSE,FALSE,FALSE,2,1,1,1_1,1a319682-f55e-4e0b-8476-48a0bea6c265,NA
9,86078749,86078749,1,snv_mnv,NA,NA,"broad,dkfz,muse,sanger",4,COSN16201642,NA,NA,FALSE,0.3548,NA,22,40,NA,NA,NA,Intron,FALSE,FALSE,FALSE,FALSE,2,1,1,1_1,1a319682-f55e-4e0b-8476-48a0bea6c265,NA
9,87974926,87974926,1,snv_mnv,NA,NA,"broad,dkfz,muse,sanger",4,COSN16200559,NA,L1ME2,FALSE,0.3676,NA,25,43,NA,NA,NA,IGR,FALSE,FALSE,FALSE,FALSE,2,1,1,1_1,1a319682-f55e-4e0b-8476-48a0bea6c265,NA
9,89668562,89668562,1,snv_mnv,NA,NA,"broad,dkfz,muse,sanger",4,COSN16201131,NA,BLACKJACK,FALSE,0.2206,NA,15,53,NA,NA,NA,IGR,FALSE,FALSE,FALSE,FALSE,2,1,1,1_1,1a319682-f55e-4e0b-8476-48a0bea6c265,NA
9,89746070,89746070,1,snv_mnv,NA,NA,"broad,dkfz,muse,sanger",4,COSN16202243,NA,MER30,FALSE,0.3,NA,18,42,NA,NA,NA,IGR,FALSE,FALSE,FALSE,FALSE,2,1,1,1_1,1a319682-f55e-4e0b-8476-48a0bea6c265,NA
9,90809926,90809926,1,snv_mnv,NA,NA,"broad,muse,sanger",3,COSN16201524,NA,AluSq2,FALSE,0.2051,NA,8,31,NA,NA,NA,IGR,FALSE,FALSE,FALSE,FALSE,2,1,1,1_1,1a319682-f55e-4e0b-8476-48a0bea6c265,AL451142.2
9,91159369,91159369,1,snv_mnv,NA,NA,"broad,dkfz,muse,sanger",4,COSM3396766,NA,NA,FALSE,0.32,NA,16,34,NA,NA,NA,Silent,FALSE,FALSE,FALSE,FALSE,2,1,1,1_1,1a319682-f55e-4e0b-8476-48a0bea6c265,NXNL2
9,104139896,104139896,1,snv_mnv,NA,NA,"broad,dkfz,muse,sanger",4,COSN16200330,NA,L1P3,FALSE,0.3333,NA,29,58,NA,NA,NA,Intron,FALSE,FALSE,FALSE,FALSE,2,1,1,1_1,1a319682-f55e-4e0b-8476-48a0bea6c265,FYTTD1P1
9,104400949,104400949,1,snv_mnv,NA,NA,"broad,dkfz,muse,sanger",4,COSN4924588,NA,MIR,FALSE,0.2222,NA,10,35,NA,NA,NA,Intron,FALSE,FALSE,FALSE,FALSE,2,1,1,1_1,1a319682-f55e-4e0b-8476-48a0bea6c265,NA
9,105455825,105455825,1,snv_mnv,NA,NA,"broad,dkfz,muse,sanger",4,COSN16200301,NA,MLT1A0,FALSE,0.2083,NA,10,38,NA,NA,NA,IGR,FALSE,FALSE,FALSE,FALSE,2,1,1,1_1,1a319682-f55e-4e0b-8476-48a0bea6c265,NA
9,111474684,111474684,1,snv_mnv,NA,NA,"broad,dkfz,muse,sanger",4,COSN16200594,NA,MLT1J,FALSE,0.32,NA,16,34,NA,NA,NA,IGR,FALSE,FALSE,FALSE,FALSE,2,1,1,1_1,1a319682-f55e-4e0b-8476-48a0bea6c265,NA
9,114063829,114063829,1,snv_mnv,NA,NA,"broad,dkfz,muse,sanger",4,COSN16200958,NA,NA,FALSE,0.2281,NA,13,44,NA,NA,NA,IGR,FALSE,FALSE,FALSE,FALSE,2,1,1,1_1,1a319682-f55e-4e0b-8476-48a0bea6c265,NA
9,115506904,115506904,1,snv_mnv,NA,NA,"broad,dkfz,muse,sanger",4,COSN16201857,NA,AluSq2,FALSE,0.2545,NA,14,41,NA,NA,NA,IGR,FALSE,FALSE,FALSE,FALSE,2,1,1,1_1,1a319682-f55e-4e0b-8476-48a0bea6c265,AL390067.1
9,118439115,118439115,1,snv_mnv,NA,NA,"broad,dkfz,muse,sanger",4,COSN16201858,NA,ERVL-B4-int,FALSE,0.2703,NA,10,27,NA,NA,NA,IGR,FALSE,FALSE,FALSE,FALSE,2,1,1,1_1,1a319682-f55e-4e0b-8476-48a0bea6c265,NA
9,118494666,118494666,1,snv_mnv,NA,NA,"broad,dkfz,muse,sanger",4,COSN16201430,NA,NA,FALSE,0.2787,NA,17,44,NA,NA,NA,IGR,FALSE,FALSE,FALSE,FALSE,2,1,1,1_1,1a319682-f55e-4e0b-8476-48a0bea6c265,RF00004
9,120564969,120564969,1,snv_mnv,NA,NA,"broad,dkfz,muse,sanger",4,COSN4924754,NA,MIRc,FALSE,0.2903,NA,9,22,NA,NA,NA,lincRNA,FALSE,FALSE,FALSE,FALSE,2,1,1,1_1,1a319682-f55e-4e0b-8476-48a0bea6c265,NA
9,123391160,123391160,1,snv_mnv,1.9968e-4,rs540675583,"broad,dkfz,muse,sanger",4,COSN4924773,rs540675583,LTR40a,FALSE,0.3108,NA,23,51,NA,NA,NA,Intron,FALSE,FALSE,FALSE,FALSE,2,1,1,1_1,1a319682-f55e-4e0b-8476-48a0bea6c265,NA
9,125395251,125395251,1,snv_mnv,NA,NA,"broad,dkfz,muse,sanger",4,COSN16201641,NA,THE1B,FALSE,0.1566,NA,13,70,NA,NA,NA,RNA,FALSE,FALSE,FALSE,FALSE,2,1,1,1_1,1a319682-f55e-4e0b-8476-48a0bea6c265,NA
9,126249188,126249188,1,snv_mnv,NA,NA,"broad,dkfz,muse,sanger",4,COSN16201830,NA,MLT1K,FALSE,0.2391,NA,11,35,NA,NA,NA,Intron,FALSE,FALSE,FALSE,FALSE,2,1,1,1_1,1a319682-f55e-4e0b-8476-48a0bea6c265,"MIR7150,AL445489.1"
9,128000549,128000549,1,snv_mnv,NA,NA,"broad,dkfz,muse,sanger",4,COSM3396743,NA,NA,FALSE,0.377,NA,23,38,NA,NA,NA,Missense_Mutation,FALSE,FALSE,FALSE,FALSE,2,1,1,1_1,1a319682-f55e-4e0b-8476-48a0bea6c265,"RABEPK,AL354710.2"
9,128263453,128263453,1,snv_mnv,NA,NA,"broad,dkfz,muse,sanger",4,COSN15378322,NA,L1ME4a,FALSE,0.2532,NA,20,59,NA,NA,NA,Intron,FALSE,FALSE,FALSE,FALSE,2,1,1,1_1,1a319682-f55e-4e0b-8476-48a0bea6c265,NA
9,131456130,131456130,1,snv_mnv,NA,NA,"broad,dkfz,muse,sanger",4,COSN4924884,rs762023635,NA,FALSE,0.3,NA,18,42,NA,NA,NA,Intron,FALSE,FALSE,FALSE,FALSE,2,1,1,1_1,1a319682-f55e-4e0b-8476-48a0bea6c265,SET
9,137267738,137267738,1,snv_mnv,NA,NA,"broad,dkfz,muse,sanger",4,COSN16201358,NA,NA,FALSE,0.375,NA,9,15,NA,NA,NA,Intron,FALSE,FALSE,FALSE,FALSE,2,1,1,1_1,1a319682-f55e-4e0b-8476-48a0bea6c265,MIR4669
9,138344283,138344283,1,snv_mnv,NA,NA,"broad,dkfz,muse,sanger",4,COSN16087215,NA,AluSg,FALSE,0.2754,NA,19,50,NA,NA,NA,IGR,FALSE,FALSE,FALSE,FALSE,2,1,1,1_1,1a319682-f55e-4e0b-8476-48a0bea6c265,NA
9,138555972,138555972,1,snv_mnv,NA,NA,"broad,dkfz,muse,sanger",4,COSN16201632,rs763377397,NA,FALSE,0.5,NA,17,17,NA,NA,NA,Intron,FALSE,FALSE,FALSE,FALSE,2,1,1,1_1,1a319682-f55e-4e0b-8476-48a0bea6c265,LCN9
9,139844494,139844494,1,snv_mnv,NA,NA,"broad,dkfz,muse,sanger",4,COSN16201295,NA,NA,FALSE,0.4,NA,6,9,NA,NA,NA,5'Flank,FALSE,FALSE,FALSE,FALSE,2,1,1,1_1,1a319682-f55e-4e0b-8476-48a0bea6c265,"LCN12,C8G"
X,749612,749612,1,snv_mnv,NA,NA,"broad,muse,sanger",3,COSN9727682,NA,NA,FALSE,0.1,NA,4,36,NA,NA,NA,IGR,FALSE,FALSE,FALSE,FALSE,1,1,0,1_0,1a319682-f55e-4e0b-8476-48a0bea6c265,NA
X,2785594,2785594,1,snv_mnv,2.649e-4,NA,"broad,dkfz,muse,sanger",4,COSN16201398,rs748908811,NA,FALSE,0.5263,NA,10,9,NA,NA,NA,Intron,FALSE,FALSE,FALSE,FALSE,1,1,0,1_0,1a319682-f55e-4e0b-8476-48a0bea6c265,NA
X,4859921,4859921,1,snv_mnv,NA,NA,"broad,dkfz,muse,sanger",4,COSN16202161,NA,LTR80B,FALSE,0.5714,NA,16,12,NA,NA,NA,IGR,FALSE,FALSE,FALSE,FALSE,1,1,0,1_0,1a319682-f55e-4e0b-8476-48a0bea6c265,NA
X,6021644,6021644,1,snv_mnv,NA,NA,"broad,dkfz,muse,sanger",4,COSN4909285,NA,NA,FALSE,0.6667,NA,12,6,NA,NA,NA,Intron,FALSE,FALSE,FALSE,FALSE,1,1,0,1_0,1a319682-f55e-4e0b-8476-48a0bea6c265,NA
X,10373917,10373917,1,snv_mnv,NA,NA,"broad,dkfz,muse,sanger",4,COSN16201392,NA,L1PA5,FALSE,0.5385,NA,7,6,NA,NA,NA,IGR,FALSE,FALSE,FALSE,FALSE,1,1,0,1_0,1a319682-f55e-4e0b-8476-48a0bea6c265,NA
X,12788799,12788799,1,snv_mnv,NA,NA,"broad,dkfz,muse,sanger",4,COSN16201613,NA,NA,FALSE,0.4783,NA,11,12,NA,NA,NA,IGR,FALSE,FALSE,FALSE,FALSE,1,1,0,1_0,1a319682-f55e-4e0b-8476-48a0bea6c265,NA
X,15541657,15541657,1,snv_mnv,NA,NA,"broad,dkfz,muse,sanger",4,COSN4909163,NA,NA,FALSE,0.5909,NA,13,9,NA,NA,NA,Intron,FALSE,FALSE,FALSE,FALSE,1,1,0,1_0,1a319682-f55e-4e0b-8476-48a0bea6c265,NA
X,19180588,19180588,1,snv_mnv,NA,NA,"broad,dkfz,muse,sanger",4,COSN16202486,NA,AluJb,FALSE,0.4762,NA,10,11,NA,NA,NA,IGR,FALSE,FALSE,FALSE,FALSE,1,1,0,1_0,1a319682-f55e-4e0b-8476-48a0bea6c265,NA
X,25524795,25524795,1,snv_mnv,NA,NA,"broad,dkfz,muse,sanger",4,COSN16200500,NA,NA,FALSE,0.1905,NA,4,17,NA,NA,NA,IGR,FALSE,FALSE,FALSE,FALSE,1,1,0,1_0,1a319682-f55e-4e0b-8476-48a0bea6c265,NA
X,26200320,26200320,1,snv_mnv,NA,NA,"broad,dkfz,muse,sanger",4,COSN16200568,NA,L1PA3,FALSE,0.5,NA,13,13,NA,NA,NA,IGR,FALSE,FALSE,FALSE,FALSE,1,1,0,1_0,1a319682-f55e-4e0b-8476-48a0bea6c265,NA
X,28758789,28758789,1,snv_mnv,NA,NA,"broad,dkfz,muse,sanger",4,COSN4909200,NA,L1PREC2,FALSE,0.2333,NA,7,23,NA,NA,NA,Intron,FALSE,FALSE,FALSE,FALSE,1,1,0,1_0,1a319682-f55e-4e0b-8476-48a0bea6c265,NA
X,33396809,33396809,1,snv_mnv,5.298e-4,rs181396346,"broad,dkfz,muse,sanger",4,COSN16200346,rs181396346,NA,FALSE,0.5217,NA,12,11,NA,NA,NA,IGR,FALSE,FALSE,FALSE,FALSE,1,1,0,1_0,1a319682-f55e-4e0b-8476-48a0bea6c265,NA
X,34016035,34016035,1,snv_mnv,2.649e-4,NA,"broad,muse,sanger",3,COSN16509051,rs765997289,L1ME4a,FALSE,0.35,NA,7,13,NA,NA,NA,IGR,FALSE,FALSE,FALSE,FALSE,1,1,0,1_0,1a319682-f55e-4e0b-8476-48a0bea6c265,NA
X,34855471,34855471,1,snv_mnv,NA,NA,"broad,dkfz,muse,sanger",4,COSN16200599,NA,L1M1,FALSE,0.4839,NA,15,16,NA,NA,NA,IGR,FALSE,FALSE,FALSE,FALSE,1,1,0,1_0,1a319682-f55e-4e0b-8476-48a0bea6c265,NA
X,34855537,34855537,1,snv_mnv,NA,NA,"broad,muse,sanger",3,COSN16200327,NA,L1M1,FALSE,0.4872,NA,19,20,NA,NA,NA,IGR,FALSE,FALSE,FALSE,FALSE,1,1,0,1_0,1a319682-f55e-4e0b-8476-48a0bea6c265,NA
X,35927351,35927351,1,snv_mnv,NA,NA,"broad,dkfz,muse,sanger",4,COSN16201253,NA,AT_rich,FALSE,0.4815,NA,13,14,NA,NA,NA,IGR,FALSE,FALSE,FALSE,FALSE,1,1,0,1_0,1a319682-f55e-4e0b-8476-48a0bea6c265,NA
X,38708374,38708374,1,snv_mnv,0.0047682,rs113949563,"dkfz,muse,sanger",3,COSN7523396,rs113949563,L1MC3,FALSE,0.4074,NA,11,16,NA,NA,NA,IGR,FALSE,FALSE,FALSE,FALSE,1,1,0,1_0,1a319682-f55e-4e0b-8476-48a0bea6c265,NA
X,39286795,39286795,1,snv_mnv,NA,NA,"broad,dkfz,muse,sanger",4,COSN16200473,NA,NA,FALSE,0.5,NA,20,20,NA,NA,NA,lincRNA,FALSE,FALSE,FALSE,FALSE,1,1,0,1_0,1a319682-f55e-4e0b-8476-48a0bea6c265,NA
X,41257382,41257382,1,snv_mnv,NA,NA,"broad,dkfz,muse,sanger",4,COSN16201818,NA,MLT1E3,FALSE,0.5926,NA,16,11,NA,NA,NA,IGR,FALSE,FALSE,FALSE,FALSE,1,1,0,1_0,1a319682-f55e-4e0b-8476-48a0bea6c265,NA
X,42019339,42019339,1,snv_mnv,0.0013245,rs141267140,"broad,dkfz,muse,sanger",4,COSN15867461,rs141267140,L1PA13,FALSE,0.4643,NA,13,15,NA,NA,NA,IGR,FALSE,FALSE,FALSE,FALSE,1,1,0,1_0,1a319682-f55e-4e0b-8476-48a0bea6c265,NA
X,42140347,42140347,1,snv_mnv,NA,NA,"broad,dkfz,muse,sanger",4,COSN16201590,NA,L1MC4a,FALSE,0.4167,NA,10,14,NA,NA,NA,lincRNA,FALSE,FALSE,FALSE,FALSE,1,1,0,1_0,1a319682-f55e-4e0b-8476-48a0bea6c265,AL023875.1
X,43172802,43172802,1,snv_mnv,NA,NA,"broad,dkfz,muse,sanger",4,COSN16200260,NA,NA,FALSE,0.28,NA,7,18,NA,NA,NA,IGR,FALSE,FALSE,FALSE,FALSE,1,1,0,1_0,1a319682-f55e-4e0b-8476-48a0bea6c265,NA
X,43335639,43335639,1,snv_mnv,NA,NA,"broad,dkfz,muse,sanger",4,COSN16201038,NA,NA,FALSE,0.4,NA,10,15,NA,NA,NA,IGR,FALSE,FALSE,FALSE,FALSE,1,1,0,1_0,1a319682-f55e-4e0b-8476-48a0bea6c265,NA
X,44997378,44997378,1,snv_mnv,NA,NA,"broad,dkfz,muse,sanger",4,COSN16202053,NA,HAL1,FALSE,0.6296,NA,17,10,NA,NA,NA,IGR,FALSE,FALSE,FALSE,FALSE,1,1,0,1_0,1a319682-f55e-4e0b-8476-48a0bea6c265,NA
X,64203168,64203168,1,snv_mnv,NA,NA,"broad,dkfz,muse,sanger",4,COSN4909296,rs754022199,MIR,FALSE,0.4688,NA,15,17,NA,NA,NA,Intron,FALSE,FALSE,FALSE,FALSE,1,1,0,1_0,1a319682-f55e-4e0b-8476-48a0bea6c265,NA
X,64772911,64772911,1,snv_mnv,NA,NA,"broad,dkfz,muse,sanger",4,COSN16202066,NA,MamRep38,FALSE,0.2286,NA,8,27,NA,NA,NA,IGR,FALSE,FALSE,FALSE,FALSE,1,1,0,1_0,1a319682-f55e-4e0b-8476-48a0bea6c265,FRMD8P1
X,65565598,65565598,1,snv_mnv,NA,NA,"broad,dkfz,muse,sanger",4,COSN16202215,NA,L1MDb,FALSE,0.5,NA,22,22,NA,NA,NA,IGR,FALSE,FALSE,FALSE,FALSE,1,1,0,1_0,1a319682-f55e-4e0b-8476-48a0bea6c265,NA
X,65731510,65731510,1,snv_mnv,NA,NA,"muse,sanger",2,COSN17245503,NA,L1PA15,FALSE,0.129,NA,4,27,NA,NA,NA,IGR,FALSE,FALSE,FALSE,TRUE,1,1,0,1_0,1a319682-f55e-4e0b-8476-48a0bea6c265,NA
X,66368262,66368262,1,snv_mnv,NA,NA,"broad,dkfz,muse,sanger",4,COSN16200501,NA,L1PA8A,FALSE,0.3462,NA,9,17,NA,NA,NA,IGR,FALSE,FALSE,FALSE,FALSE,1,1,0,1_0,1a319682-f55e-4e0b-8476-48a0bea6c265,NA
X,66435425,66435425,1,snv_mnv,NA,NA,"broad,dkfz,muse,sanger",4,COSN16201361,NA,L1MA8,FALSE,0.4444,NA,12,15,NA,NA,NA,IGR,FALSE,FALSE,FALSE,FALSE,1,1,0,1_0,1a319682-f55e-4e0b-8476-48a0bea6c265,NA
X,68104810,68104810,1,snv_mnv,NA,NA,"broad,dkfz,muse,sanger",4,COSN16201545,NA,NA,FALSE,0.4286,NA,12,16,NA,NA,NA,IGR,FALSE,FALSE,FALSE,FALSE,1,1,0,1_0,1a319682-f55e-4e0b-8476-48a0bea6c265,NA
X,69783092,69783092,1,snv_mnv,NA,NA,"broad,dkfz,muse,sanger",4,COSN16202430,NA,MIRc,FALSE,0.5238,NA,11,10,NA,NA,NA,Intron,FALSE,FALSE,FALSE,FALSE,1,1,0,1_0,1a319682-f55e-4e0b-8476-48a0bea6c265,NA
X,69837241,69837241,1,snv_mnv,NA,NA,"broad,dkfz,muse",3,COSN16200664,NA,(TA)n,FALSE,0.3448,NA,10,19,NA,NA,NA,Intron,FALSE,FALSE,FALSE,FALSE,1,1,0,1_0,1a319682-f55e-4e0b-8476-48a0bea6c265,NA
X,78492114,78492114,1,snv_mnv,NA,NA,"broad,dkfz,muse,sanger",4,COSN16202524,NA,THE1C-int,FALSE,0.3939,NA,13,20,NA,NA,NA,IGR,FALSE,FALSE,FALSE,FALSE,1,1,0,1_0,1a319682-f55e-4e0b-8476-48a0bea6c265,NA
X,78693325,78693325,1,snv_mnv,NA,NA,"broad,dkfz,muse,sanger",4,COSN16202350,NA,L1PA16,FALSE,0.5,NA,10,10,NA,NA,NA,IGR,FALSE,FALSE,FALSE,FALSE,1,1,0,1_0,1a319682-f55e-4e0b-8476-48a0bea6c265,NA
X,79862897,79862897,1,snv_mnv,NA,NA,"broad,dkfz,muse,sanger",4,COSN16201039,NA,PABL_A-int,FALSE,0.3462,NA,9,17,NA,NA,NA,IGR,FALSE,FALSE,FALSE,FALSE,1,1,0,1_0,1a319682-f55e-4e0b-8476-48a0bea6c265,NA
X,82004825,82004825,1,snv_mnv,NA,NA,"broad,muse,sanger",3,COSN16200727,NA,MIRb,FALSE,0.2,NA,4,16,NA,NA,NA,IGR,FALSE,FALSE,FALSE,FALSE,1,1,0,1_0,1a319682-f55e-4e0b-8476-48a0bea6c265,NA
X,82808941,82808941,1,snv_mnv,NA,NA,"broad,dkfz,muse,sanger",4,COSN16202233,NA,L1PA16,FALSE,0.4783,NA,11,12,NA,NA,NA,IGR,FALSE,FALSE,FALSE,FALSE,1,1,0,1_0,1a319682-f55e-4e0b-8476-48a0bea6c265,NA
X,83799882,83799882,1,snv_mnv,NA,NA,"broad,dkfz,muse,sanger",4,COSN16200843,NA,NA,FALSE,0.6957,NA,16,7,NA,NA,NA,IGR,FALSE,FALSE,FALSE,FALSE,1,1,0,1_0,1a319682-f55e-4e0b-8476-48a0bea6c265,NA
X,85876701,85876701,1,snv_mnv,NA,NA,"broad,dkfz,muse,sanger",4,COSN4909357,NA,MIRb,FALSE,0.6,NA,18,12,NA,NA,NA,Intron,FALSE,FALSE,FALSE,FALSE,1,1,0,1_0,1a319682-f55e-4e0b-8476-48a0bea6c265,NA
X,86574707,86574707,1,snv_mnv,2.649e-4,rs12009019,"broad,dkfz,muse",3,COSN16202020,rs12009019,NA,FALSE,0.3158,NA,6,13,NA,NA,NA,IGR,FALSE,FALSE,FALSE,FALSE,1,1,0,1_0,1a319682-f55e-4e0b-8476-48a0bea6c265,NA
X,88194927,88194927,1,snv_mnv,NA,NA,"broad,dkfz,muse,sanger",4,COSN16200273,NA,PABL_A-int,FALSE,0.5385,NA,7,6,NA,NA,NA,IGR,FALSE,FALSE,FALSE,FALSE,1,1,0,1_0,1a319682-f55e-4e0b-8476-48a0bea6c265,NA
X,90334663,90334663,1,snv_mnv,NA,NA,"broad,dkfz,muse,sanger",4,COSN16202411,NA,NA,FALSE,0.6154,NA,16,10,NA,NA,NA,IGR,FALSE,FALSE,FALSE,FALSE,1,1,0,1_0,1a319682-f55e-4e0b-8476-48a0bea6c265,NA
X,99969191,99969191,1,snv_mnv,NA,NA,"broad,dkfz,muse,sanger",4,COSN16202525,NA,NA,FALSE,0.5172,NA,15,14,NA,NA,NA,Intron,FALSE,FALSE,FALSE,FALSE,1,1,0,1_0,1a319682-f55e-4e0b-8476-48a0bea6c265,NA
X,103427997,103427997,1,snv_mnv,NA,NA,"broad,dkfz,muse,sanger",4,COSN4908963,NA,NA,FALSE,0.5556,NA,25,20,NA,NA,NA,Intron,FALSE,FALSE,FALSE,FALSE,1,1,0,1_0,1a319682-f55e-4e0b-8476-48a0bea6c265,FAM199X
X,104560068,104560068,1,snv_mnv,NA,NA,"broad,dkfz,muse,sanger",4,COSN16201471,NA,NA,FALSE,0.48,NA,12,13,NA,NA,NA,Intron,FALSE,FALSE,FALSE,FALSE,1,1,0,1_0,1a319682-f55e-4e0b-8476-48a0bea6c265,NA
X,107343000,107343000,1,snv_mnv,NA,NA,"broad,dkfz,muse,sanger",4,COSN16200488,NA,L1MD2,FALSE,0.5405,NA,20,17,NA,NA,NA,Intron,FALSE,FALSE,FALSE,FALSE,1,1,0,1_0,1a319682-f55e-4e0b-8476-48a0bea6c265,NA
X,108394404,108394404,1,snv_mnv,NA,NA,"broad,dkfz,muse,sanger",4,COSN16201973,NA,THE1C,FALSE,0.5172,NA,15,14,NA,NA,NA,IGR,FALSE,FALSE,FALSE,FALSE,1,1,0,1_0,1a319682-f55e-4e0b-8476-48a0bea6c265,NA
X,111415079,111415079,1,snv_mnv,NA,NA,"broad,dkfz,muse,sanger",4,COSN16202559,NA,L1PA10,FALSE,0.3684,NA,14,24,NA,NA,NA,IGR,FALSE,FALSE,FALSE,FALSE,1,1,0,1_0,1a319682-f55e-4e0b-8476-48a0bea6c265,NA
X,116270997,116270997,1,snv_mnv,5.298e-4,NA,"broad,dkfz,muse,sanger",4,COSN16201203,rs750811494,L1MA4,FALSE,0.4348,NA,10,13,NA,NA,NA,IGR,FALSE,FALSE,FALSE,FALSE,1,1,0,1_0,1a319682-f55e-4e0b-8476-48a0bea6c265,NA
X,117956125,117956125,1,snv_mnv,NA,NA,"broad,dkfz,muse,sanger",4,COSN16200518,NA,MLT1B,FALSE,0.52,NA,13,12,NA,NA,NA,5'Flank,FALSE,FALSE,FALSE,FALSE,1,1,0,1_0,1a319682-f55e-4e0b-8476-48a0bea6c265,ZCCHC12
X,122491585,122491585,1,snv_mnv,NA,NA,"broad,dkfz,muse,sanger",4,COSN4909056,NA,NA,FALSE,0.5185,NA,14,13,NA,NA,NA,Intron,FALSE,FALSE,FALSE,FALSE,1,1,0,1_0,1a319682-f55e-4e0b-8476-48a0bea6c265,NA
X,123157955,123157955,1,snv_mnv,NA,NA,"broad,dkfz,muse,sanger",4,COSN4909058,NA,NA,FALSE,0.45,NA,18,22,NA,NA,NA,Intron,FALSE,FALSE,FALSE,FALSE,1,1,0,1_0,1a319682-f55e-4e0b-8476-48a0bea6c265,NA
X,125215670,125215670,1,snv_mnv,NA,NA,"broad,dkfz,muse,sanger",4,COSN16202162,NA,Tigger1,FALSE,0.64,NA,16,9,NA,NA,NA,IGR,FALSE,FALSE,FALSE,FALSE,1,1,0,1_0,1a319682-f55e-4e0b-8476-48a0bea6c265,NA
X,125915495,125915495,1,snv_mnv,NA,NA,"broad,dkfz,muse,sanger",4,COSN16200873,NA,NA,FALSE,0.4444,NA,16,20,NA,NA,NA,IGR,FALSE,FALSE,FALSE,FALSE,1,1,0,1_0,1a319682-f55e-4e0b-8476-48a0bea6c265,NA
X,127170781,127170781,1,snv_mnv,NA,NA,"broad,dkfz,muse,sanger",4,COSN16201393,NA,L2,FALSE,0.48,NA,12,13,NA,NA,NA,IGR,FALSE,FALSE,FALSE,FALSE,1,1,0,1_0,1a319682-f55e-4e0b-8476-48a0bea6c265,NA
X,132225355,132225355,1,snv_mnv,NA,NA,"broad,dkfz,muse,sanger",4,COSN16200261,NA,NA,FALSE,0.381,NA,8,13,NA,NA,NA,Intron,FALSE,FALSE,FALSE,FALSE,1,1,0,1_0,1a319682-f55e-4e0b-8476-48a0bea6c265,NA
X,140486204,140486204,1,snv_mnv,NA,NA,"broad,dkfz,muse,sanger",4,COSN16201010,NA,L1PA13,FALSE,0.5429,NA,19,16,NA,NA,NA,IGR,FALSE,FALSE,FALSE,FALSE,1,1,0,1_0,1a319682-f55e-4e0b-8476-48a0bea6c265,NA
X,145173515,145173515,1,snv_mnv,NA,NA,"broad,dkfz,muse,sanger",4,COSN16200347,NA,Tigger1,FALSE,0.5909,NA,26,18,NA,NA,NA,IGR,FALSE,FALSE,FALSE,FALSE,1,1,0,1_0,1a319682-f55e-4e0b-8476-48a0bea6c265,NA
X,148150912,148150912,1,snv_mnv,NA,NA,"broad,dkfz,muse,sanger",4,COSN16201530,NA,LTR16A,FALSE,0.4348,NA,10,13,NA,NA,NA,IGR,FALSE,FALSE,FALSE,FALSE,1,1,0,1_0,1a319682-f55e-4e0b-8476-48a0bea6c265,NA
X,151144282,151144282,1,snv_mnv,NA,NA,"broad,dkfz,muse,sanger",4,COSN16202203,NA,NA,FALSE,0.3333,NA,6,12,NA,NA,NA,5'Flank,FALSE,FALSE,FALSE,FALSE,1,1,0,1_0,1a319682-f55e-4e0b-8476-48a0bea6c265,GABRE
X,151360079,151360079,1,snv_mnv,5.298e-4,rs144579517,"dkfz,muse,sanger",3,COSN16200411,rs144579517,NA,FALSE,0.4167,NA,10,14,NA,NA,NA,Intron,FALSE,FALSE,FALSE,FALSE,1,1,0,1_0,1a319682-f55e-4e0b-8476-48a0bea6c265,AC116666.1
X,154517020,154517020,1,snv_mnv,NA,NA,"broad,dkfz,muse,sanger",4,COSN4909160,NA,L1PA14,FALSE,0.3636,NA,8,14,NA,NA,NA,Intron,FALSE,FALSE,FALSE,FALSE,1,1,0,1_0,1a319682-f55e-4e0b-8476-48a0bea6c265,NA
Y,4142633,4142633,1,snv_mnv,NA,NA,"broad,muse,sanger",3,COSN16201375,NA,LTR21A,FALSE,0.4375,NA,7,9,NA,NA,NA,IGR,FALSE,FALSE,FALSE,FALSE,1,1,0,1_0,1a319682-f55e-4e0b-8476-48a0bea6c265,NA
Y,8437352,8437352,1,snv_mnv,NA,NA,"broad,dkfz,muse,sanger",4,COSN16200672,NA,NA,FALSE,0.5714,NA,16,12,NA,NA,NA,IGR,FALSE,FALSE,FALSE,FALSE,1,1,0,1_0,1a319682-f55e-4e0b-8476-48a0bea6c265,NA
Y,9468427,9468427,1,snv_mnv,NA,NA,"broad,dkfz,muse,sanger",4,COSN16201267,NA,NA,FALSE,0.64,NA,16,9,NA,NA,NA,IGR,FALSE,FALSE,FALSE,FALSE,1,1,0,1_0,1a319682-f55e-4e0b-8476-48a0bea6c265,TSPY25P
Y,14056187,14056187,1,snv_mnv,NA,NA,"broad,muse,sanger",3,COSN16201742,NA,AluYa5,FALSE,0.5161,NA,16,15,NA,NA,NA,IGR,FALSE,FALSE,FALSE,FALSE,1,1,0,1_0,1a319682-f55e-4e0b-8476-48a0bea6c265,NA
Y,16172617,16172617,1,snv_mnv,NA,NA,"broad,dkfz,muse,sanger",4,COSN16200844,NA,NA,FALSE,0.4667,NA,14,16,NA,NA,NA,IGR,FALSE,FALSE,FALSE,FALSE,1,1,0,1_0,1a319682-f55e-4e0b-8476-48a0bea6c265,VCY1B
Y,16520924,16520924,1,snv_mnv,NA,NA,"broad,muse,sanger",3,COSN19133914,NA,AluY,FALSE,0.2941,NA,5,12,NA,NA,NA,IGR,FALSE,FALSE,FALSE,FALSE,1,1,0,1_0,1a319682-f55e-4e0b-8476-48a0bea6c265,NA
Y,17445499,17445499,1,snv_mnv,NA,NA,"broad,dkfz,muse,sanger",4,COSN16202468,NA,NA,FALSE,0.2857,NA,6,15,NA,NA,NA,IGR,FALSE,FALSE,FALSE,FALSE,1,1,0,1_0,1a319682-f55e-4e0b-8476-48a0bea6c265,NA
Y,17481875,17481875,1,snv_mnv,NA,NA,"broad,dkfz,muse,sanger",4,COSN16200874,NA,L1PA6,FALSE,0.4242,NA,14,19,NA,NA,NA,IGR,FALSE,FALSE,FALSE,FALSE,1,1,0,1_0,1a319682-f55e-4e0b-8476-48a0bea6c265,NA
Y,18608486,18608486,1,snv_mnv,NA,NA,"broad,muse,sanger",3,COSN16200328,NA,NA,FALSE,0.2632,NA,5,14,NA,NA,NA,IGR,FALSE,FALSE,FALSE,FALSE,1,1,0,1_0,1a319682-f55e-4e0b-8476-48a0bea6c265,NA
Y,18678015,18678015,1,snv_mnv,NA,NA,"broad,dkfz,muse,sanger",4,COSN16201764,NA,NA,FALSE,0.5926,NA,16,11,NA,NA,NA,IGR,FALSE,FALSE,FALSE,FALSE,1,1,0,1_0,1a319682-f55e-4e0b-8476-48a0bea6c265,NA
Y,18740377,18740377,1,snv_mnv,NA,NA,"broad,dkfz,muse,sanger",4,COSN16201117,NA,NA,FALSE,0.4545,NA,10,12,NA,NA,NA,IGR,FALSE,FALSE,FALSE,FALSE,1,1,0,1_0,1a319682-f55e-4e0b-8476-48a0bea6c265,NA
Y,18742123,18742123,1,snv_mnv,NA,NA,"broad,dkfz,muse,sanger",4,COSN16201455,NA,NA,FALSE,0.2414,NA,7,22,NA,NA,NA,IGR,FALSE,FALSE,FALSE,FALSE,1,1,0,1_0,1a319682-f55e-4e0b-8476-48a0bea6c265,NA
Y,19309118,19309118,1,snv_mnv,NA,NA,"broad,muse,sanger",3,COSN16202351,NA,AluJb,FALSE,0.3214,NA,9,19,NA,NA,NA,IGR,FALSE,FALSE,FALSE,FALSE,1,1,0,1_0,1a319682-f55e-4e0b-8476-48a0bea6c265,SURF6P1
Y,23521170,23521170,1,snv_mnv,NA,NA,"broad,muse,sanger",3,COSN16200329,NA,L1PA4,FALSE,0.5556,NA,25,20,NA,NA,NA,IGR,FALSE,FALSE,FALSE,FALSE,1,1,0,1_0,1a319682-f55e-4e0b-8476-48a0bea6c265,NA
Y,23610918,23610918,1,snv_mnv,NA,NA,"broad,dkfz,muse,sanger",4,COSN16200644,NA,HERVK14C-int,FALSE,0.5,NA,10,10,NA,NA,NA,IGR,FALSE,FALSE,FALSE,FALSE,1,1,0,1_0,1a319682-f55e-4e0b-8476-48a0bea6c265,NA
Y,28724748,28724748,1,snv_mnv,NA,NA,"broad,dkfz,muse,sanger",4,COSN16201456,NA,NA,FALSE,0.5909,NA,13,9,NA,NA,NA,IGR,FALSE,FALSE,FALSE,FALSE,1,1,0,1_0,1a319682-f55e-4e0b-8476-48a0bea6c265,NA
