chromosome,start,end,width,type,1000genomes_AF,1000genomes_ID,Callers,NumCallers,cosmic,dbsnp,repeat_masker,dbsnp_somatic,VAF,n_vaf,t_alt_count,t_ref_count,n_alt_count,n_ref_count,model_score,Variant_Classification,signature_R1,signature_R2,signature_N3,snv_near_indel,total_cn,major_cn,minor_cn,karyotype,sample,gene
10,58031746,58031746,1,indel,9.984e-4,rs565531489,"broad,dkfz,sanger",3,COSN8338194,rs565531489,NA,FALSE,0.2373,NA,14,45,NA,NA,0.996,IGR,NA,NA,NA,NA,2,1,1,1_1,fc9f998b-cc72-f6ea-e040-11ac0c482425,NA
11,39397546,39397546,1,indel,5.9904e-4,rs572770755,"broad,dkfz,sanger,smufin",4,COSN8338992,rs760145064,NA,FALSE,0.2083,NA,15,57,NA,NA,0.997,IGR,NA,NA,NA,NA,2,1,1,1_1,fc9f998b-cc72-f6ea-e040-11ac0c482425,NA
18,70611998,70611998,1,indel,NA,NA,"dkfz,sanger,smufin",3,COSN8343638,NA,NA,FALSE,0.2239,NA,15,52,NA,NA,0.967,IGR,NA,NA,NA,NA,2,1,1,1_1,fc9f998b-cc72-f6ea-e040-11ac0c482425,NA
3,3300979,3300979,1,indel,NA,NA,sanger,1,COSN8347787,NA,NA,FALSE,0.1512,NA,13,73,NA,NA,0.815,IGR,NA,NA,NA,NA,2,1,1,1_1,fc9f998b-cc72-f6ea-e040-11ac0c482425,AC034195.1
4,15639240,15639240,1,indel,NA,NA,"dkfz,sanger,smufin",3,COSN8348898,NA,NA,FALSE,0.1539,NA,10,55,NA,NA,0.856,Intron,NA,NA,NA,NA,2,1,1,1_1,fc9f998b-cc72-f6ea-e040-11ac0c482425,FBXL5
5,20451519,20451519,1,indel,NA,NA,"broad,dkfz,sanger,smufin",4,COSN8350686,NA,NA,FALSE,0.2264,NA,12,41,NA,NA,0.996,Intron,NA,NA,NA,NA,2,1,1,1_1,fc9f998b-cc72-f6ea-e040-11ac0c482425,NA
8,120578699,120578699,1,indel,NA,NA,"broad,dkfz,sanger,smufin",4,COSN8353715,NA,NA,FALSE,0.2143,NA,15,55,NA,NA,0.995,Intron,NA,NA,NA,NA,2,1,1,1_1,fc9f998b-cc72-f6ea-e040-11ac0c482425,NA
1,5018339,5018339,1,snv_mnv,NA,NA,"broad,dkfz,muse,sanger",4,COSN8337244,NA,NA,FALSE,0.1286,NA,9,61,NA,NA,NA,IGR,FALSE,FALSE,FALSE,FALSE,2,1,1,1_1,fc9f998b-cc72-f6ea-e040-11ac0c482425,NA
1,5806905,5806905,1,snv_mnv,NA,NA,"broad,dkfz,muse,sanger",4,COSN8337289,NA,NA,FALSE,0.0795,NA,7,81,NA,NA,NA,IGR,FALSE,FALSE,FALSE,FALSE,2,1,1,1_1,fc9f998b-cc72-f6ea-e040-11ac0c482425,NA
1,6627963,6627963,1,snv_mnv,NA,NA,"broad,dkfz,muse,sanger",4,COSN8337333,NA,HERVFH21-int,FALSE,0.0755,NA,8,98,NA,NA,NA,Intron,FALSE,FALSE,FALSE,FALSE,2,1,1,1_1,fc9f998b-cc72-f6ea-e040-11ac0c482425,TAS1R1
1,6793243,6793243,1,snv_mnv,NA,NA,"broad,dkfz,muse,sanger",4,COSN8337341,NA,FRAM,FALSE,0.1224,NA,6,43,NA,NA,NA,IGR,FALSE,FALSE,FALSE,FALSE,2,1,1,1_1,fc9f998b-cc72-f6ea-e040-11ac0c482425,LINC01672
1,8234196,8234196,1,snv_mnv,NA,NA,"broad,dkfz,muse,sanger",4,COSN8337476,NA,AluSz,FALSE,0.25,NA,17,51,NA,NA,NA,IGR,FALSE,FALSE,FALSE,FALSE,2,1,1,1_1,fc9f998b-cc72-f6ea-e040-11ac0c482425,NA
1,8479118,8479118,1,snv_mnv,NA,NA,"broad,dkfz,muse,sanger",4,COSN8337493,NA,NA,FALSE,0.2388,NA,16,51,NA,NA,NA,Intron,FALSE,FALSE,FALSE,FALSE,2,1,1,1_1,fc9f998b-cc72-f6ea-e040-11ac0c482425,RERE
1,10638576,10638576,1,snv_mnv,NA,NA,"broad,muse,sanger",3,COSN8336286,NA,L1MEf,FALSE,0.0833,NA,5,55,NA,NA,NA,Intron,FALSE,FALSE,FALSE,FALSE,2,1,1,1_1,fc9f998b-cc72-f6ea-e040-11ac0c482425,NA
1,17486325,17486325,1,snv_mnv,NA,NA,"broad,dkfz,muse,sanger",4,COSN8336595,NA,NA,FALSE,0.1616,NA,16,83,NA,NA,NA,RNA,FALSE,FALSE,FALSE,FALSE,2,1,1,1_1,fc9f998b-cc72-f6ea-e040-11ac0c482425,NA
1,17744623,17744623,1,snv_mnv,NA,NA,"broad,dkfz,muse,sanger",4,COSN8336620,NA,NA,FALSE,0.241,NA,20,63,NA,NA,NA,Intron,FALSE,FALSE,FALSE,FALSE,2,1,1,1_1,fc9f998b-cc72-f6ea-e040-11ac0c482425,NA
1,17965529,17965529,1,snv_mnv,NA,NA,"broad,dkfz,muse,sanger",4,COSN8336625,NA,NA,FALSE,0.1622,NA,12,62,NA,NA,NA,Intron,FALSE,FALSE,FALSE,FALSE,2,1,1,1_1,fc9f998b-cc72-f6ea-e040-11ac0c482425,ARHGEF10L
1,20713634,20713634,1,snv_mnv,NA,NA,"broad,dkfz,muse,sanger",4,COSN8336864,NA,NA,FALSE,0.0896,NA,6,61,NA,NA,NA,lincRNA,FALSE,FALSE,FALSE,FALSE,2,1,1,1_1,fc9f998b-cc72-f6ea-e040-11ac0c482425,NA
1,23150979,23150979,1,snv_mnv,NA,NA,"broad,dkfz,muse,sanger",4,COSN8336997,NA,NA,FALSE,0.2421,NA,23,72,NA,NA,NA,Intron,FALSE,FALSE,FALSE,FALSE,2,1,1,1_1,fc9f998b-cc72-f6ea-e040-11ac0c482425,NA
1,23726797,23726797,1,snv_mnv,NA,NA,"broad,muse,sanger",3,COSN8337015,NA,AluJr4,FALSE,0.0909,NA,6,60,NA,NA,NA,Intron,FALSE,FALSE,FALSE,FALSE,2,1,1,1_1,fc9f998b-cc72-f6ea-e040-11ac0c482425,TCEA3
1,26321236,26321236,1,snv_mnv,NA,NA,"broad,dkfz,muse,sanger",4,COSN8337137,NA,NA,FALSE,0.0851,NA,8,86,NA,NA,NA,Intron,FALSE,FALSE,FALSE,FALSE,2,1,1,1_1,fc9f998b-cc72-f6ea-e040-11ac0c482425,NA
1,26912057,26912057,1,snv_mnv,NA,NA,"broad,dkfz,muse,sanger",4,COSN8337138,NA,AluJb,FALSE,0.1961,NA,10,41,NA,NA,NA,IGR,FALSE,FALSE,FALSE,FALSE,2,1,1,1_1,fc9f998b-cc72-f6ea-e040-11ac0c482425,NA
1,29190162,29190162,1,snv_mnv,NA,NA,"broad,dkfz,muse,sanger",4,COSN8337147,NA,NA,FALSE,0.1928,NA,16,67,NA,NA,NA,3'UTR,FALSE,FALSE,FALSE,FALSE,2,1,1,1_1,fc9f998b-cc72-f6ea-e040-11ac0c482425,OPRD1
1,34115673,34115673,1,snv_mnv,NA,NA,"broad,dkfz,muse,sanger",4,COSN8337172,NA,NA,FALSE,0.1442,NA,15,89,NA,NA,NA,Intron,FALSE,FALSE,FALSE,FALSE,2,1,1,1_1,fc9f998b-cc72-f6ea-e040-11ac0c482425,NA
1,35768142,35768142,1,snv_mnv,NA,NA,"broad,dkfz,muse,sanger",4,COSN8337181,NA,AluY,FALSE,0.1897,NA,11,47,NA,NA,NA,Intron,FALSE,FALSE,FALSE,FALSE,2,1,1,1_1,fc9f998b-cc72-f6ea-e040-11ac0c482425,NA
1,38532971,38532971,1,snv_mnv,NA,NA,"broad,dkfz,muse,sanger",4,COSN8337198,NA,FAM,FALSE,0.2449,NA,24,74,NA,NA,NA,lincRNA,FALSE,FALSE,FALSE,FALSE,2,1,1,1_1,fc9f998b-cc72-f6ea-e040-11ac0c482425,NA
1,42413402,42413402,1,snv_mnv,3.9936e-4,rs533733013,"broad,dkfz,muse,sanger",4,COSN8337208,rs533733013,HERV17-int,FALSE,0.1058,NA,11,93,NA,NA,NA,IGR,FALSE,FALSE,FALSE,FALSE,2,1,1,1_1,fc9f998b-cc72-f6ea-e040-11ac0c482425,NA
1,46649125,46649125,1,snv_mnv,NA,NA,"broad,dkfz,muse,sanger",4,COSN8337226,NA,NA,FALSE,0.1667,NA,14,70,NA,NA,NA,Intron,FALSE,FALSE,FALSE,FALSE,2,1,1,1_1,fc9f998b-cc72-f6ea-e040-11ac0c482425,TSPAN1
1,49637447,49637447,1,snv_mnv,1.9968e-4,rs571220021,"broad,dkfz,muse,sanger",4,COSN8337241,rs571220021,NA,FALSE,0.1589,NA,17,90,NA,NA,NA,Intron,FALSE,FALSE,FALSE,FALSE,2,1,1,1_1,fc9f998b-cc72-f6ea-e040-11ac0c482425,NA
1,53112697,53112697,1,snv_mnv,NA,NA,"broad,dkfz,muse,sanger",4,COSN8337261,NA,AluSx1,FALSE,0.1818,NA,12,54,NA,NA,NA,Intron,FALSE,FALSE,FALSE,FALSE,2,1,1,1_1,fc9f998b-cc72-f6ea-e040-11ac0c482425,NA
1,56829512,56829512,1,snv_mnv,NA,NA,"broad,dkfz,muse,sanger",4,COSN8337285,NA,MIRc,FALSE,0.1562,NA,10,54,NA,NA,NA,IGR,FALSE,FALSE,FALSE,FALSE,2,1,1,1_1,fc9f998b-cc72-f6ea-e040-11ac0c482425,NA
1,63808706,63808706,1,snv_mnv,NA,NA,"broad,dkfz,muse,sanger",4,COSN8337317,NA,NA,FALSE,0.2143,NA,12,44,NA,NA,NA,IGR,FALSE,FALSE,FALSE,FALSE,2,1,1,1_1,fc9f998b-cc72-f6ea-e040-11ac0c482425,RF00019
1,65030224,65030224,1,snv_mnv,NA,NA,"broad,dkfz,muse,sanger",4,COSN8337324,NA,MER34C2,FALSE,0.1333,NA,12,78,NA,NA,NA,Intron,FALSE,FALSE,FALSE,FALSE,2,1,1,1_1,fc9f998b-cc72-f6ea-e040-11ac0c482425,NA
1,67639163,67639163,1,snv_mnv,NA,NA,"broad,dkfz,muse,sanger",4,COSN8337339,NA,NA,FALSE,0.1831,NA,13,58,NA,NA,NA,Intron,FALSE,FALSE,FALSE,FALSE,2,1,1,1_1,fc9f998b-cc72-f6ea-e040-11ac0c482425,NA
1,69776231,69776231,1,snv_mnv,NA,NA,"broad,dkfz,muse,sanger",4,COSN8337348,NA,L1PA8A,FALSE,0.1975,NA,16,65,NA,NA,NA,IGR,FALSE,FALSE,FALSE,FALSE,2,1,1,1_1,fc9f998b-cc72-f6ea-e040-11ac0c482425,NA
1,70966347,70966347,1,snv_mnv,NA,NA,"broad,dkfz,muse,sanger",4,COSN8337357,NA,L1MD2,FALSE,0.1343,NA,9,58,NA,NA,NA,IGR,FALSE,FALSE,FALSE,FALSE,2,1,1,1_1,fc9f998b-cc72-f6ea-e040-11ac0c482425,NA
1,72104185,72104185,1,snv_mnv,NA,NA,"broad,dkfz,muse,sanger",4,COSN8337366,rs530745170,NA,FALSE,0.2105,NA,16,60,NA,NA,NA,Intron,FALSE,FALSE,FALSE,FALSE,2,1,1,1_1,fc9f998b-cc72-f6ea-e040-11ac0c482425,NA
1,72556775,72556775,1,snv_mnv,NA,NA,"broad,dkfz,muse,sanger",4,COSN8337369,NA,NA,FALSE,0.3175,NA,20,43,NA,NA,NA,Intron,FALSE,FALSE,FALSE,FALSE,2,1,1,1_1,fc9f998b-cc72-f6ea-e040-11ac0c482425,NA
1,72762784,72762784,1,snv_mnv,NA,NA,"broad,muse",2,COSN8337375,NA,AT_rich,FALSE,0.0952,NA,4,38,NA,NA,NA,IGR,FALSE,FALSE,FALSE,FALSE,2,1,1,1_1,fc9f998b-cc72-f6ea-e040-11ac0c482425,RPL31P12
1,73859046,73859046,1,snv_mnv,NA,NA,"broad,dkfz,muse,sanger",4,COSN8337387,NA,L2a,FALSE,0.0952,NA,6,57,NA,NA,NA,IGR,FALSE,FALSE,FALSE,FALSE,2,1,1,1_1,fc9f998b-cc72-f6ea-e040-11ac0c482425,NA
1,74513735,74513735,1,snv_mnv,NA,NA,"broad,dkfz,muse,sanger",4,COSN8337399,NA,MLT1B,FALSE,0.1644,NA,12,61,NA,NA,NA,Intron,FALSE,FALSE,FALSE,FALSE,2,1,1,1_1,fc9f998b-cc72-f6ea-e040-11ac0c482425,NA
1,75506480,75506480,1,snv_mnv,NA,NA,"broad,dkfz,muse,sanger",4,COSN8337411,NA,L1PA8,FALSE,0.2233,NA,23,80,NA,NA,NA,IGR,FALSE,FALSE,FALSE,FALSE,2,1,1,1_1,fc9f998b-cc72-f6ea-e040-11ac0c482425,NA
1,77312427,77312427,1,snv_mnv,NA,NA,"broad,dkfz,muse,sanger",4,COSN8337421,NA,L1M3,FALSE,0.0926,NA,5,49,NA,NA,NA,IGR,FALSE,FALSE,FALSE,FALSE,2,1,1,1_1,fc9f998b-cc72-f6ea-e040-11ac0c482425,NA
1,80705804,80705804,1,snv_mnv,NA,NA,"broad,dkfz,muse,sanger",4,COSN8337458,NA,MSTA,FALSE,0.2069,NA,18,69,NA,NA,NA,IGR,FALSE,FALSE,FALSE,FALSE,2,1,1,1_1,fc9f998b-cc72-f6ea-e040-11ac0c482425,NA
1,86273720,86273720,1,snv_mnv,NA,NA,"broad,dkfz,muse,sanger",4,COSN8337498,NA,ERVL-E-int,FALSE,0.1154,NA,9,69,NA,NA,NA,Intron,FALSE,FALSE,FALSE,FALSE,2,1,1,1_1,fc9f998b-cc72-f6ea-e040-11ac0c482425,NA
1,87011141,87011141,1,snv_mnv,NA,NA,"broad,dkfz,muse,sanger",4,COSN8337502,NA,L1PB1,FALSE,0.2429,NA,17,53,NA,NA,NA,5'Flank,FALSE,FALSE,FALSE,FALSE,2,1,1,1_1,fc9f998b-cc72-f6ea-e040-11ac0c482425,CLCA4
1,88973943,88973943,1,snv_mnv,NA,NA,"broad,dkfz,muse,sanger",4,COSN15901259,NA,NA,FALSE,0.1228,NA,7,50,NA,NA,NA,IGR,FALSE,FALSE,FALSE,FALSE,2,1,1,1_1,fc9f998b-cc72-f6ea-e040-11ac0c482425,PKN2-AS1
1,91221647,91221647,1,snv_mnv,NA,NA,"broad,dkfz,muse,sanger",4,COSN8337546,NA,AluSx1,FALSE,0.3333,NA,12,24,NA,NA,NA,IGR,FALSE,FALSE,FALSE,FALSE,2,1,1,1_1,fc9f998b-cc72-f6ea-e040-11ac0c482425,NA
1,92704442,92704442,1,snv_mnv,NA,NA,"broad,dkfz,muse,sanger",4,COSN17890178,NA,NA,FALSE,0.193,NA,11,46,NA,NA,NA,Intron,FALSE,FALSE,FALSE,FALSE,2,1,1,1_1,fc9f998b-cc72-f6ea-e040-11ac0c482425,NA
1,93598183,93598183,1,snv_mnv,NA,NA,"broad,dkfz,muse,sanger",4,COSN8337559,NA,NA,FALSE,0.1587,NA,10,53,NA,NA,NA,Intron,FALSE,FALSE,FALSE,FALSE,2,1,1,1_1,fc9f998b-cc72-f6ea-e040-11ac0c482425,NA
1,94757168,94757168,1,snv_mnv,NA,NA,"broad,dkfz,muse,sanger",4,COSN8337565,NA,L1PA6,FALSE,0.1765,NA,12,56,NA,NA,NA,IGR,FALSE,FALSE,FALSE,FALSE,2,1,1,1_1,fc9f998b-cc72-f6ea-e040-11ac0c482425,NA
1,96115389,96115389,1,snv_mnv,NA,NA,"broad,dkfz,muse,sanger",4,COSN8337576,NA,NA,FALSE,0.1148,NA,7,54,NA,NA,NA,IGR,FALSE,FALSE,FALSE,FALSE,2,1,1,1_1,fc9f998b-cc72-f6ea-e040-11ac0c482425,NA
1,96824107,96824107,1,snv_mnv,NA,NA,"broad,dkfz,muse,sanger",4,COSN8337584,NA,AluSx,FALSE,0.2812,NA,18,46,NA,NA,NA,lincRNA,FALSE,FALSE,FALSE,FALSE,2,1,1,1_1,fc9f998b-cc72-f6ea-e040-11ac0c482425,NA
1,100261965,100261965,1,snv_mnv,NA,NA,"broad,dkfz,muse,sanger",4,COSN8336200,NA,L1PA7,FALSE,0.25,NA,20,60,NA,NA,NA,IGR,FALSE,FALSE,FALSE,FALSE,2,1,1,1_1,fc9f998b-cc72-f6ea-e040-11ac0c482425,RF00019
1,100408293,100408293,1,snv_mnv,NA,NA,"broad,dkfz,muse,sanger",4,COSN8336201,NA,MER34B-int,FALSE,0.2794,NA,19,49,NA,NA,NA,IGR,FALSE,FALSE,FALSE,FALSE,2,1,1,1_1,fc9f998b-cc72-f6ea-e040-11ac0c482425,NA
1,105547575,105547575,1,snv_mnv,NA,NA,"broad,dkfz,muse,sanger",4,COSN8336275,NA,MER52A,FALSE,0.1442,NA,15,89,NA,NA,NA,IGR,FALSE,FALSE,FALSE,FALSE,2,1,1,1_1,fc9f998b-cc72-f6ea-e040-11ac0c482425,NA
1,106011266,106011266,1,snv_mnv,NA,NA,"broad,dkfz,muse,sanger",4,COSN8336279,NA,MLT1B,FALSE,0.3,NA,18,42,NA,NA,NA,IGR,FALSE,FALSE,FALSE,FALSE,2,1,1,1_1,fc9f998b-cc72-f6ea-e040-11ac0c482425,NA
1,107855841,107855841,1,snv_mnv,NA,NA,"broad,dkfz,muse,sanger",4,COSN8336295,NA,L1MC4,FALSE,0.193,NA,11,46,NA,NA,NA,Intron,FALSE,FALSE,FALSE,FALSE,2,1,1,1_1,fc9f998b-cc72-f6ea-e040-11ac0c482425,NA
1,114870943,114870943,1,snv_mnv,NA,NA,"broad,dkfz,muse,sanger",4,COSN8336338,NA,NA,FALSE,0.1605,NA,13,68,NA,NA,NA,IGR,FALSE,FALSE,FALSE,FALSE,2,1,1,1_1,fc9f998b-cc72-f6ea-e040-11ac0c482425,NA
1,118629565,118629565,1,snv_mnv,NA,NA,"broad,dkfz,muse,sanger",4,COSM3849449,NA,NA,FALSE,0.2432,NA,18,56,NA,NA,NA,Missense_Mutation,FALSE,FALSE,FALSE,FALSE,2,1,1,1_1,fc9f998b-cc72-f6ea-e040-11ac0c482425,NA
1,119276585,119276585,1,snv_mnv,NA,NA,"broad,dkfz,muse,sanger",4,COSN8336368,NA,L1MEd,FALSE,0.2083,NA,10,38,NA,NA,NA,IGR,FALSE,FALSE,FALSE,FALSE,2,1,1,1_1,fc9f998b-cc72-f6ea-e040-11ac0c482425,NA
1,119368094,119368094,1,snv_mnv,NA,NA,"broad,dkfz,muse,sanger",4,COSN8336371,NA,L3,FALSE,0.0789,NA,6,70,NA,NA,NA,IGR,FALSE,FALSE,FALSE,FALSE,2,1,1,1_1,fc9f998b-cc72-f6ea-e040-11ac0c482425,NA
1,147800114,147800114,1,snv_mnv,NA,NA,"broad,muse,sanger",3,COSN8336402,NA,AluSz6,FALSE,0.241,NA,20,63,NA,NA,NA,lincRNA,FALSE,FALSE,FALSE,FALSE,2,1,1,1_1,fc9f998b-cc72-f6ea-e040-11ac0c482425,"AC245100.1,RF00019"
1,150364255,150364255,1,snv_mnv,NA,NA,"broad,muse,sanger",3,COSN8336412,NA,AluSx1,FALSE,0.2075,NA,11,42,NA,NA,NA,Intron,FALSE,FALSE,FALSE,FALSE,2,1,1,1_1,fc9f998b-cc72-f6ea-e040-11ac0c482425,NA
1,152348274,152348274,1,snv_mnv,NA,NA,"broad,dkfz,muse,sanger",4,COSN8336428,NA,NA,FALSE,0.209,NA,14,53,NA,NA,NA,RNA,FALSE,FALSE,FALSE,FALSE,2,1,1,1_1,fc9f998b-cc72-f6ea-e040-11ac0c482425,NA
1,153820376,153820376,1,snv_mnv,NA,NA,"broad,dkfz,muse,sanger",4,COSN8336441,NA,L1MEd,FALSE,0.209,NA,14,53,NA,NA,NA,Intron,FALSE,FALSE,FALSE,FALSE,2,1,1,1_1,fc9f998b-cc72-f6ea-e040-11ac0c482425,AL513523.1
1,157373653,157373653,1,snv_mnv,NA,NA,"broad,dkfz,muse,sanger",4,COSN8336462,rs750260746,NA,FALSE,0.2344,NA,15,49,NA,NA,NA,IGR,FALSE,FALSE,FALSE,FALSE,2,1,1,1_1,fc9f998b-cc72-f6ea-e040-11ac0c482425,NA
1,158753776,158753776,1,snv_mnv,NA,NA,"broad,dkfz,muse,sanger",4,COSN8336492,NA,AluY,FALSE,0.2037,NA,11,43,NA,NA,NA,IGR,FALSE,FALSE,FALSE,FALSE,2,1,1,1_1,fc9f998b-cc72-f6ea-e040-11ac0c482425,OR6N2
1,159123005,159123005,1,snv_mnv,NA,NA,"broad,dkfz,muse,sanger",4,COSN8336498,NA,NA,FALSE,0.1842,NA,14,62,NA,NA,NA,IGR,FALSE,FALSE,FALSE,FALSE,2,1,1,1_1,fc9f998b-cc72-f6ea-e040-11ac0c482425,NA
1,166048234,166048234,1,snv_mnv,NA,NA,"broad,dkfz,muse,sanger",4,COSN8336547,NA,AluJr,FALSE,0.1045,NA,7,60,NA,NA,NA,Intron,FALSE,FALSE,FALSE,FALSE,2,1,1,1_1,fc9f998b-cc72-f6ea-e040-11ac0c482425,AL626787.1
1,168918333,168918333,1,snv_mnv,NA,NA,"broad,dkfz,muse,sanger",4,COSN8336565,NA,NA,FALSE,0.092,NA,8,79,NA,NA,NA,RNA,FALSE,FALSE,FALSE,FALSE,2,1,1,1_1,fc9f998b-cc72-f6ea-e040-11ac0c482425,NA
1,173968027,173968027,1,snv_mnv,NA,NA,"broad,muse",2,COSN8336592,NA,AluJr,FALSE,0.1071,NA,6,50,NA,NA,NA,Intron,FALSE,FALSE,FALSE,FALSE,2,1,1,1_1,fc9f998b-cc72-f6ea-e040-11ac0c482425,NA
1,175266537,175266537,1,snv_mnv,3.9936e-4,rs576977842,"broad,dkfz,muse,sanger",4,COSN8336598,rs576977842,MER101-int,FALSE,0.24,NA,18,57,NA,NA,NA,IGR,FALSE,FALSE,FALSE,FALSE,2,1,1,1_1,fc9f998b-cc72-f6ea-e040-11ac0c482425,RPS29P4
1,177599168,177599168,1,snv_mnv,NA,NA,"broad,dkfz,muse,sanger",4,COSN8336621,NA,L1MD2,FALSE,0.2121,NA,14,52,NA,NA,NA,IGR,FALSE,FALSE,FALSE,FALSE,2,1,1,1_1,fc9f998b-cc72-f6ea-e040-11ac0c482425,NA
1,177599169,177599169,1,snv_mnv,NA,NA,"broad,dkfz,muse,sanger",4,COSN8336622,NA,L1MD2,FALSE,0.2121,NA,14,52,NA,NA,NA,IGR,FALSE,FALSE,FALSE,FALSE,2,1,1,1_1,fc9f998b-cc72-f6ea-e040-11ac0c482425,NA
1,182485254,182485254,1,snv_mnv,NA,NA,"broad,dkfz,muse,sanger",4,COSN8336654,NA,HUERS-P2-int,FALSE,0.2,NA,15,60,NA,NA,NA,Intron,FALSE,FALSE,FALSE,FALSE,2,1,1,1_1,fc9f998b-cc72-f6ea-e040-11ac0c482425,NA
1,185798624,185798624,1,snv_mnv,NA,NA,"broad,dkfz,muse,sanger",4,COSN8336672,NA,L1PA8A,FALSE,0.2286,NA,16,54,NA,NA,NA,Intron,FALSE,FALSE,FALSE,FALSE,2,1,1,1_1,fc9f998b-cc72-f6ea-e040-11ac0c482425,NA
1,189319258,189319258,1,snv_mnv,NA,NA,"broad,dkfz,muse,sanger",4,COSN8336704,NA,NA,FALSE,0.3014,NA,22,51,NA,NA,NA,IGR,FALSE,FALSE,FALSE,FALSE,2,1,1,1_1,fc9f998b-cc72-f6ea-e040-11ac0c482425,NA
1,190433268,190433268,1,snv_mnv,NA,NA,"broad,dkfz,muse,sanger",4,COSN8336720,NA,NA,FALSE,0.2128,NA,10,37,NA,NA,NA,Intron,FALSE,FALSE,FALSE,FALSE,2,1,1,1_1,fc9f998b-cc72-f6ea-e040-11ac0c482425,NA
1,192319060,192319060,1,snv_mnv,NA,NA,"broad,dkfz,muse,sanger",4,COSN8336743,NA,NA,FALSE,0.1042,NA,5,43,NA,NA,NA,Intron,FALSE,FALSE,FALSE,FALSE,2,1,1,1_1,fc9f998b-cc72-f6ea-e040-11ac0c482425,NA
1,195939031,195939031,1,snv_mnv,NA,NA,"broad,dkfz,muse,sanger",4,COSN44422,rs753563591,NA,FALSE,0.3291,NA,26,53,NA,NA,NA,IGR,FALSE,FALSE,FALSE,FALSE,2,1,1,1_1,fc9f998b-cc72-f6ea-e040-11ac0c482425,NA
1,196644799,196644799,1,snv_mnv,NA,NA,"broad,dkfz,muse,sanger",4,COSN8336802,NA,NA,FALSE,0.2432,NA,18,56,NA,NA,NA,Intron,FALSE,FALSE,FALSE,FALSE,2,1,1,1_1,fc9f998b-cc72-f6ea-e040-11ac0c482425,CFH
1,196804697,196804697,1,snv_mnv,NA,NA,"broad,muse,sanger",3,COSN8336807,NA,L1MA9,FALSE,0.1636,NA,9,46,NA,NA,NA,Intron,FALSE,FALSE,FALSE,FALSE,2,1,1,1_1,fc9f998b-cc72-f6ea-e040-11ac0c482425,CFHR1
1,198918010,198918010,1,snv_mnv,NA,NA,"broad,dkfz,muse,sanger",4,COSN8336818,NA,NA,FALSE,0.2188,NA,7,25,NA,NA,NA,IGR,FALSE,FALSE,FALSE,FALSE,2,1,1,1_1,fc9f998b-cc72-f6ea-e040-11ac0c482425,AC096631.2
1,204807770,204807770,1,snv_mnv,NA,NA,"broad,dkfz,muse,sanger",4,COSN8336852,NA,NA,FALSE,0.2,NA,13,52,NA,NA,NA,Intron,FALSE,FALSE,FALSE,FALSE,2,1,1,1_1,fc9f998b-cc72-f6ea-e040-11ac0c482425,NA
1,206662889,206662889,1,snv_mnv,NA,NA,"broad,dkfz,muse,sanger",4,COSN8336859,NA,AluJo,FALSE,0.1628,NA,7,36,NA,NA,NA,Intron,FALSE,FALSE,FALSE,FALSE,2,1,1,1_1,fc9f998b-cc72-f6ea-e040-11ac0c482425,C1orf147
1,206905754,206905754,1,snv_mnv,NA,NA,"broad,dkfz,muse,sanger",4,COSN8336861,NA,NA,FALSE,0.2907,NA,25,61,NA,NA,NA,Intron,FALSE,FALSE,FALSE,FALSE,2,1,1,1_1,fc9f998b-cc72-f6ea-e040-11ac0c482425,MAPKAPK2
1,207122614,207122614,1,snv_mnv,NA,NA,"broad,dkfz,muse,sanger",4,COSN8336863,NA,NA,FALSE,0.1149,NA,10,77,NA,NA,NA,5'Flank,FALSE,FALSE,FALSE,FALSE,2,1,1,1_1,fc9f998b-cc72-f6ea-e040-11ac0c482425,PIGR
1,209181038,209181038,1,snv_mnv,NA,NA,"broad,dkfz,muse,sanger",4,COSN8336872,NA,AluSx1,FALSE,0.1719,NA,11,53,NA,NA,NA,IGR,FALSE,FALSE,FALSE,FALSE,2,1,1,1_1,fc9f998b-cc72-f6ea-e040-11ac0c482425,NA
1,211292234,211292234,1,snv_mnv,NA,NA,"broad,dkfz,muse,sanger",4,COSN8336886,NA,NA,FALSE,0.1528,NA,11,61,NA,NA,NA,Intron,FALSE,FALSE,FALSE,FALSE,2,1,1,1_1,fc9f998b-cc72-f6ea-e040-11ac0c482425,NA
1,214954272,214954272,1,snv_mnv,NA,NA,"broad,dkfz,muse,sanger",4,COSN8336901,NA,Arthur1,FALSE,0.1579,NA,12,64,NA,NA,NA,IGR,FALSE,FALSE,FALSE,FALSE,2,1,1,1_1,fc9f998b-cc72-f6ea-e040-11ac0c482425,NA
1,215095203,215095203,1,snv_mnv,NA,NA,"broad,dkfz,muse,sanger",4,COSN8336902,NA,MER34B,FALSE,0.2063,NA,13,50,NA,NA,NA,IGR,FALSE,FALSE,FALSE,FALSE,2,1,1,1_1,fc9f998b-cc72-f6ea-e040-11ac0c482425,NA
1,215193748,215193748,1,snv_mnv,NA,NA,"broad,dkfz,muse,sanger",4,COSN8336903,rs778923484,MARNA,FALSE,0.1558,NA,12,65,NA,NA,NA,Intron,FALSE,FALSE,FALSE,FALSE,2,1,1,1_1,fc9f998b-cc72-f6ea-e040-11ac0c482425,NA
1,215299499,215299499,1,snv_mnv,1.9968e-4,rs183909399,"broad,dkfz,muse,sanger",4,COSN8336905,rs183909399,NA,FALSE,0.0857,NA,6,64,NA,NA,NA,Intron,FALSE,FALSE,FALSE,FALSE,2,1,1,1_1,fc9f998b-cc72-f6ea-e040-11ac0c482425,NA
1,218263067,218263067,1,snv_mnv,NA,NA,"broad,dkfz,muse,sanger",4,COSN8336932,NA,NA,FALSE,0.1875,NA,15,65,NA,NA,NA,IGR,FALSE,FALSE,FALSE,FALSE,2,1,1,1_1,fc9f998b-cc72-f6ea-e040-11ac0c482425,NA
1,218266448,218266448,1,snv_mnv,NA,NA,"dkfz,muse,sanger",3,COSN8336933,NA,LTR27B,FALSE,0.0988,NA,8,73,NA,NA,NA,IGR,FALSE,FALSE,FALSE,FALSE,2,1,1,1_1,fc9f998b-cc72-f6ea-e040-11ac0c482425,NA
1,219840902,219840902,1,snv_mnv,NA,NA,"broad,dkfz,muse,sanger",4,COSN8336940,NA,AluSz,FALSE,0.1702,NA,8,39,NA,NA,NA,IGR,FALSE,FALSE,FALSE,FALSE,2,1,1,1_1,fc9f998b-cc72-f6ea-e040-11ac0c482425,NA
1,224465302,224465302,1,snv_mnv,NA,NA,"broad,dkfz,muse,sanger",4,COSN8336964,NA,NA,FALSE,0.1636,NA,9,46,NA,NA,NA,Intron,FALSE,FALSE,FALSE,FALSE,2,1,1,1_1,fc9f998b-cc72-f6ea-e040-11ac0c482425,NA
1,224469163,224469163,1,snv_mnv,NA,NA,"broad,dkfz,muse,sanger",4,COSN8336965,NA,AluY,FALSE,0.2553,NA,12,35,NA,NA,NA,Intron,FALSE,FALSE,FALSE,FALSE,2,1,1,1_1,fc9f998b-cc72-f6ea-e040-11ac0c482425,NA
1,226506372,226506372,1,snv_mnv,NA,NA,"broad,dkfz,muse,sanger",4,COSN8336975,NA,NA,FALSE,0.1746,NA,11,52,NA,NA,NA,RNA,FALSE,FALSE,FALSE,FALSE,2,1,1,1_1,fc9f998b-cc72-f6ea-e040-11ac0c482425,NA
1,227792137,227792137,1,snv_mnv,5.9904e-4,rs535039819,"broad,dkfz,muse,sanger",4,COSN8336981,rs535039819,AluJb,FALSE,0.1905,NA,12,51,NA,NA,NA,Intron,FALSE,FALSE,FALSE,FALSE,2,1,1,1_1,fc9f998b-cc72-f6ea-e040-11ac0c482425,NA
1,238123077,238123077,1,snv_mnv,NA,NA,"broad,dkfz,muse,sanger",4,COSN8337034,NA,NA,FALSE,0.2464,NA,17,52,NA,NA,NA,IGR,FALSE,FALSE,FALSE,FALSE,2,1,1,1_1,fc9f998b-cc72-f6ea-e040-11ac0c482425,NA
1,239573115,239573115,1,snv_mnv,NA,NA,"broad,dkfz,muse,sanger",4,COSN8337050,NA,AluSc8,FALSE,0.2353,NA,12,39,NA,NA,NA,Intron,FALSE,FALSE,FALSE,FALSE,2,1,1,1_1,fc9f998b-cc72-f6ea-e040-11ac0c482425,NA
1,241483856,241483856,1,snv_mnv,NA,NA,"broad,dkfz,muse,sanger",4,COSN8337068,NA,NA,FALSE,0.2022,NA,18,71,NA,NA,NA,Intron,FALSE,FALSE,FALSE,FALSE,2,1,1,1_1,fc9f998b-cc72-f6ea-e040-11ac0c482425,NA
1,244690868,244690868,1,snv_mnv,NA,NA,"broad,muse,sanger",3,COSN8337095,NA,MER11B,FALSE,0.0845,NA,6,65,NA,NA,NA,Intron,FALSE,FALSE,FALSE,FALSE,2,1,1,1_1,fc9f998b-cc72-f6ea-e040-11ac0c482425,NA
1,247925663,247925663,1,snv_mnv,NA,NA,"broad,dkfz,muse",3,COSN8337116,NA,NA,FALSE,0.197,NA,13,53,NA,NA,NA,IGR,FALSE,FALSE,FALSE,FALSE,2,1,1,1_1,fc9f998b-cc72-f6ea-e040-11ac0c482425,OR1C1
10,792151,792151,1,snv_mnv,NA,NA,"broad,dkfz,muse,sanger",4,COSN8338328,rs754556369,L1PA3,FALSE,0.1389,NA,10,62,NA,NA,NA,lincRNA,FALSE,FALSE,FALSE,FALSE,2,1,1,1_1,fc9f998b-cc72-f6ea-e040-11ac0c482425,AL157709.1
10,1725373,1725373,1,snv_mnv,NA,NA,"broad,dkfz,muse,sanger",4,COSN8337892,rs867609674,MIR,FALSE,0.2165,NA,21,76,NA,NA,NA,Intron,FALSE,FALSE,FALSE,FALSE,2,1,1,1_1,fc9f998b-cc72-f6ea-e040-11ac0c482425,NA
10,2221802,2221802,1,snv_mnv,NA,NA,"broad,dkfz,muse,sanger",4,COSN8337920,NA,NA,FALSE,0.1667,NA,6,30,NA,NA,NA,lincRNA,FALSE,FALSE,FALSE,FALSE,2,1,1,1_1,fc9f998b-cc72-f6ea-e040-11ac0c482425,AL441943.3
10,2609411,2609411,1,snv_mnv,NA,NA,"broad,dkfz,muse,sanger",4,COSN8337945,NA,NA,FALSE,0.1111,NA,7,56,NA,NA,NA,lincRNA,FALSE,FALSE,FALSE,FALSE,2,1,1,1_1,fc9f998b-cc72-f6ea-e040-11ac0c482425,NA
10,3720793,3720793,1,snv_mnv,NA,NA,"broad,dkfz,muse,sanger",4,COSN8338028,rs746249346,NA,FALSE,0.1684,NA,16,79,NA,NA,NA,IGR,FALSE,FALSE,FALSE,FALSE,2,1,1,1_1,fc9f998b-cc72-f6ea-e040-11ac0c482425,NA
10,6045127,6045127,1,snv_mnv,NA,NA,"broad,dkfz,muse,sanger",4,COSN8338224,NA,NA,FALSE,0.2537,NA,17,50,NA,NA,NA,IGR,FALSE,FALSE,FALSE,FALSE,2,1,1,1_1,fc9f998b-cc72-f6ea-e040-11ac0c482425,NA
10,7022686,7022686,1,snv_mnv,NA,NA,"broad,dkfz,muse,sanger",4,COSN8338287,NA,NA,FALSE,0.225,NA,18,62,NA,NA,NA,IGR,FALSE,FALSE,FALSE,FALSE,2,1,1,1_1,fc9f998b-cc72-f6ea-e040-11ac0c482425,NA
10,7524510,7524510,1,snv_mnv,NA,NA,"broad,dkfz,muse,sanger",4,COSN8338308,NA,NA,FALSE,0.2051,NA,16,62,NA,NA,NA,IGR,FALSE,FALSE,FALSE,FALSE,2,1,1,1_1,fc9f998b-cc72-f6ea-e040-11ac0c482425,RNU6-535P
10,8269261,8269261,1,snv_mnv,NA,NA,"broad,dkfz,muse,sanger",4,COSN8338345,NA,NA,FALSE,0.197,NA,13,53,NA,NA,NA,IGR,FALSE,FALSE,FALSE,FALSE,2,1,1,1_1,fc9f998b-cc72-f6ea-e040-11ac0c482425,NA
10,8482829,8482829,1,snv_mnv,NA,NA,"broad,dkfz,muse,sanger",4,COSN8338378,NA,NA,FALSE,0.1935,NA,18,75,NA,NA,NA,lincRNA,FALSE,FALSE,FALSE,FALSE,2,1,1,1_1,fc9f998b-cc72-f6ea-e040-11ac0c482425,NA
10,8791927,8791927,1,snv_mnv,5.9904e-4,rs529533015,"broad,dkfz,muse,sanger",4,COSN8338410,rs529533015,L1PB1,FALSE,0.1754,NA,10,47,NA,NA,NA,IGR,FALSE,FALSE,FALSE,FALSE,2,1,1,1_1,fc9f998b-cc72-f6ea-e040-11ac0c482425,NA
10,9432373,9432373,1,snv_mnv,NA,NA,"broad,dkfz,muse,sanger",4,COSN8338442,NA,NA,FALSE,0.1724,NA,10,48,NA,NA,NA,IGR,FALSE,FALSE,FALSE,FALSE,2,1,1,1_1,fc9f998b-cc72-f6ea-e040-11ac0c482425,NA
10,9991739,9991739,1,snv_mnv,NA,NA,"broad,dkfz,muse,sanger",4,COSN8338475,NA,Kanga1,FALSE,0.241,NA,20,63,NA,NA,NA,IGR,FALSE,FALSE,FALSE,FALSE,2,1,1,1_1,fc9f998b-cc72-f6ea-e040-11ac0c482425,NA
10,10604675,10604675,1,snv_mnv,NA,NA,"broad,dkfz,muse,sanger",4,COSN8337641,NA,T-rich,FALSE,0.0659,NA,6,85,NA,NA,NA,IGR,FALSE,FALSE,FALSE,FALSE,2,1,1,1_1,fc9f998b-cc72-f6ea-e040-11ac0c482425,NA
10,15652801,15652801,1,snv_mnv,NA,NA,"broad,dkfz,muse,sanger",4,COSN8337884,NA,NA,FALSE,0.3065,NA,19,43,NA,NA,NA,Intron,FALSE,FALSE,FALSE,FALSE,2,1,1,1_1,fc9f998b-cc72-f6ea-e040-11ac0c482425,ITGA8
10,16601709,16601709,1,snv_mnv,NA,NA,"broad,dkfz,muse,sanger",4,COSN8337889,rs578050018,L1PB1,FALSE,0.1,NA,8,72,NA,NA,NA,IGR,FALSE,FALSE,FALSE,FALSE,2,1,1,1_1,fc9f998b-cc72-f6ea-e040-11ac0c482425,NA
10,17534414,17534414,1,snv_mnv,NA,NA,"broad,dkfz,muse,sanger",4,COSN8337894,NA,AluJo,FALSE,0.2063,NA,13,50,NA,NA,NA,IGR,FALSE,FALSE,FALSE,FALSE,2,1,1,1_1,fc9f998b-cc72-f6ea-e040-11ac0c482425,NA
10,19421223,19421223,1,snv_mnv,NA,NA,"broad,dkfz,muse,sanger",4,COSN8337902,NA,NA,FALSE,0.1571,NA,11,59,NA,NA,NA,IGR,FALSE,FALSE,FALSE,FALSE,2,1,1,1_1,fc9f998b-cc72-f6ea-e040-11ac0c482425,NA
10,19844800,19844800,1,snv_mnv,NA,NA,"broad,dkfz,muse,sanger",4,COSN8337910,NA,NA,FALSE,0.2754,NA,19,50,NA,NA,NA,Intron,FALSE,FALSE,FALSE,FALSE,2,1,1,1_1,fc9f998b-cc72-f6ea-e040-11ac0c482425,NA
10,23504855,23504855,1,snv_mnv,NA,NA,"broad,dkfz,muse,sanger",4,COSN8337926,NA,L1ME3C,FALSE,0.2222,NA,10,35,NA,NA,NA,Intron,FALSE,FALSE,FALSE,FALSE,2,1,1,1_1,fc9f998b-cc72-f6ea-e040-11ac0c482425,NA
10,24919887,24919887,1,snv_mnv,NA,NA,"broad,dkfz,muse,sanger",4,COSN8337934,NA,NA,FALSE,0.1667,NA,6,30,NA,NA,NA,Intron,FALSE,FALSE,FALSE,FALSE,2,1,1,1_1,fc9f998b-cc72-f6ea-e040-11ac0c482425,NA
10,25228295,25228295,1,snv_mnv,NA,NA,"broad,dkfz,muse,sanger",4,COSN8337937,NA,L1MCa,FALSE,0.1778,NA,8,37,NA,NA,NA,Intron,FALSE,FALSE,FALSE,FALSE,2,1,1,1_1,fc9f998b-cc72-f6ea-e040-11ac0c482425,NA
10,26773759,26773759,1,snv_mnv,NA,NA,"broad,dkfz,muse,sanger",4,COSN8337957,NA,NA,FALSE,0.2182,NA,12,43,NA,NA,NA,Intron,FALSE,FALSE,FALSE,FALSE,2,1,1,1_1,fc9f998b-cc72-f6ea-e040-11ac0c482425,NA
10,29361456,29361456,1,snv_mnv,NA,NA,"broad,dkfz,muse,sanger",4,COSN8337972,NA,NA,FALSE,0.087,NA,6,63,NA,NA,NA,IGR,FALSE,FALSE,FALSE,FALSE,2,1,1,1_1,fc9f998b-cc72-f6ea-e040-11ac0c482425,NA
10,37132843,37132843,1,snv_mnv,NA,NA,"broad,dkfz,muse,sanger",4,COSN8338025,NA,NA,FALSE,0.1231,NA,8,57,NA,NA,NA,IGR,FALSE,FALSE,FALSE,FALSE,2,1,1,1_1,fc9f998b-cc72-f6ea-e040-11ac0c482425,NA
10,37155322,37155322,1,snv_mnv,NA,NA,"broad,muse,sanger",3,COSN8338026,NA,BLACKJACK,FALSE,0.1125,NA,9,71,NA,NA,NA,IGR,FALSE,FALSE,FALSE,FALSE,2,1,1,1_1,fc9f998b-cc72-f6ea-e040-11ac0c482425,NA
10,37166016,37166016,1,snv_mnv,NA,NA,"broad,dkfz,muse,sanger",4,COSN8338027,NA,NA,FALSE,0.1538,NA,8,44,NA,NA,NA,IGR,FALSE,FALSE,FALSE,FALSE,2,1,1,1_1,fc9f998b-cc72-f6ea-e040-11ac0c482425,NA
10,37421843,37421843,1,snv_mnv,NA,NA,"broad,muse,sanger",3,COSN6968883,rs566731359,AluSz6,FALSE,0.0769,NA,6,72,NA,NA,NA,Intron,FALSE,FALSE,FALSE,FALSE,2,1,1,1_1,fc9f998b-cc72-f6ea-e040-11ac0c482425,NA
10,37488246,37488246,1,snv_mnv,0.0015974,rs559739251,"broad,dkfz,muse,sanger",4,COSN8338034,rs559739251,NA,FALSE,0.1961,NA,10,41,NA,NA,NA,Intron,FALSE,FALSE,FALSE,FALSE,2,1,1,1_1,fc9f998b-cc72-f6ea-e040-11ac0c482425,NA
10,38282167,38282167,1,snv_mnv,1.9968e-4,rs538082286,"broad,dkfz,muse,sanger",4,COSN8338048,rs538082286,AluSz6,FALSE,0.2051,NA,16,62,NA,NA,NA,lincRNA,FALSE,FALSE,FALSE,FALSE,2,1,1,1_1,fc9f998b-cc72-f6ea-e040-11ac0c482425,"RF00019,AL117337.1"
10,38545259,38545259,1,snv_mnv,NA,NA,"broad,dkfz,muse,sanger",4,COSN8338051,NA,NA,FALSE,0.1395,NA,12,74,NA,NA,NA,lincRNA,FALSE,FALSE,FALSE,FALSE,2,1,1,1_1,fc9f998b-cc72-f6ea-e040-11ac0c482425,NA
10,44387129,44387129,1,snv_mnv,NA,NA,"broad,dkfz,muse,sanger",4,COSN8338075,NA,L1PA17,FALSE,0.2353,NA,20,65,NA,NA,NA,lincRNA,FALSE,FALSE,FALSE,FALSE,2,1,1,1_1,fc9f998b-cc72-f6ea-e040-11ac0c482425,NA
10,47149694,47149694,1,snv_mnv,NA,NA,"broad,muse,sanger",3,COSN8338098,NA,L1MD2,FALSE,0.1393,NA,17,105,NA,NA,NA,lincRNA,FALSE,FALSE,FALSE,FALSE,2,1,1,1_1,fc9f998b-cc72-f6ea-e040-11ac0c482425,NA
10,54253050,54253050,1,snv_mnv,NA,NA,"broad,dkfz,muse,sanger",4,COSN8338141,NA,AluJb,FALSE,0.284,NA,23,58,NA,NA,NA,IGR,FALSE,FALSE,FALSE,FALSE,2,1,1,1_1,fc9f998b-cc72-f6ea-e040-11ac0c482425,NA
10,55090570,55090570,1,snv_mnv,NA,NA,"broad,dkfz,muse,sanger",4,COSN8338146,NA,NA,FALSE,0.1351,NA,5,32,NA,NA,NA,IGR,FALSE,FALSE,FALSE,FALSE,2,1,1,1_1,fc9f998b-cc72-f6ea-e040-11ac0c482425,NA
10,56527722,56527722,1,snv_mnv,NA,NA,"broad,muse,sanger",3,COSN8338164,rs752411573,L1MC3,FALSE,0.0952,NA,6,57,NA,NA,NA,Intron,FALSE,FALSE,FALSE,FALSE,2,1,1,1_1,fc9f998b-cc72-f6ea-e040-11ac0c482425,NA
10,56630407,56630407,1,snv_mnv,NA,NA,"broad,muse,sanger",3,COSN8338165,NA,AluY,FALSE,0.3043,NA,14,32,NA,NA,NA,Intron,FALSE,FALSE,FALSE,FALSE,2,1,1,1_1,fc9f998b-cc72-f6ea-e040-11ac0c482425,AC051618.1
10,58022697,58022697,1,snv_mnv,NA,NA,"dkfz,muse,sanger",3,COSN8338193,NA,NA,FALSE,0.1915,NA,9,38,NA,NA,NA,IGR,FALSE,FALSE,FALSE,FALSE,2,1,1,1_1,fc9f998b-cc72-f6ea-e040-11ac0c482425,NA
10,58822568,58822568,1,snv_mnv,NA,NA,"broad,dkfz,muse,sanger",4,COSN8338208,NA,L1MEg,FALSE,0.0938,NA,6,58,NA,NA,NA,IGR,FALSE,FALSE,FALSE,FALSE,2,1,1,1_1,fc9f998b-cc72-f6ea-e040-11ac0c482425,NA
10,59053790,59053790,1,snv_mnv,NA,NA,"broad,dkfz,muse,sanger",4,COSN8338214,NA,AluYb8,FALSE,0.1154,NA,6,46,NA,NA,NA,IGR,FALSE,FALSE,FALSE,FALSE,2,1,1,1_1,fc9f998b-cc72-f6ea-e040-11ac0c482425,NA
10,59306230,59306230,1,snv_mnv,NA,NA,"broad,muse,sanger",3,COSN8338219,NA,L1PA5,FALSE,0.3226,NA,20,42,NA,NA,NA,IGR,FALSE,FALSE,FALSE,FALSE,2,1,1,1_1,fc9f998b-cc72-f6ea-e040-11ac0c482425,NA
10,59577045,59577045,1,snv_mnv,NA,NA,"broad,dkfz,muse,sanger",4,COSN8338221,NA,HERVL18-int,FALSE,0.1622,NA,6,31,NA,NA,NA,IGR,FALSE,FALSE,FALSE,FALSE,2,1,1,1_1,fc9f998b-cc72-f6ea-e040-11ac0c482425,NA
10,61714267,61714267,1,snv_mnv,NA,NA,"broad,dkfz,muse,sanger",4,COSN8338229,NA,NA,FALSE,0.1912,NA,13,55,NA,NA,NA,IGR,FALSE,FALSE,FALSE,FALSE,2,1,1,1_1,fc9f998b-cc72-f6ea-e040-11ac0c482425,LINC01553
10,61863539,61863539,1,snv_mnv,NA,NA,"broad,dkfz,muse,sanger",4,COSN8338233,NA,NA,FALSE,0.2167,NA,13,47,NA,NA,NA,Intron,FALSE,FALSE,FALSE,FALSE,2,1,1,1_1,fc9f998b-cc72-f6ea-e040-11ac0c482425,ANK3
10,62752686,62752686,1,snv_mnv,NA,NA,"broad,dkfz,muse,sanger",4,COSN8338237,NA,UCON28a,FALSE,0.1905,NA,12,51,NA,NA,NA,Intron,FALSE,FALSE,FALSE,FALSE,2,1,1,1_1,fc9f998b-cc72-f6ea-e040-11ac0c482425,NA
10,66719806,66719806,1,snv_mnv,NA,NA,"broad,dkfz,muse,sanger",4,COSN8338256,NA,NA,FALSE,0.1757,NA,13,61,NA,NA,NA,IGR,FALSE,FALSE,FALSE,FALSE,2,1,1,1_1,fc9f998b-cc72-f6ea-e040-11ac0c482425,NA
10,67155606,67155606,1,snv_mnv,NA,NA,"broad,dkfz,muse,sanger",4,COSN8338263,NA,NA,FALSE,0.0854,NA,7,75,NA,NA,NA,IGR,FALSE,FALSE,FALSE,FALSE,2,1,1,1_1,fc9f998b-cc72-f6ea-e040-11ac0c482425,NA
10,67161585,67161585,1,snv_mnv,1.9968e-4,rs545524052,"broad,dkfz,muse,sanger",4,COSN8338264,rs545524052,MIRb,FALSE,0.2195,NA,18,64,NA,NA,NA,IGR,FALSE,FALSE,FALSE,FALSE,2,1,1,1_1,fc9f998b-cc72-f6ea-e040-11ac0c482425,NA
10,69416771,69416771,1,snv_mnv,NA,NA,"broad,dkfz,muse,sanger",4,COSN8338281,NA,L2a,FALSE,0.2533,NA,19,56,NA,NA,NA,Intron,FALSE,FALSE,FALSE,FALSE,2,1,1,1_1,fc9f998b-cc72-f6ea-e040-11ac0c482425,NA
10,70461896,70461896,1,snv_mnv,NA,NA,"broad,dkfz,muse,sanger",4,COSN8338288,NA,L1ME3B,FALSE,0.234,NA,11,36,NA,NA,NA,RNA,FALSE,FALSE,FALSE,FALSE,2,1,1,1_1,fc9f998b-cc72-f6ea-e040-11ac0c482425,AL513534.1
10,71330712,71330712,1,snv_mnv,NA,NA,"broad,dkfz,muse,sanger",4,COSN8338290,NA,NA,FALSE,0.069,NA,6,81,NA,NA,NA,IGR,FALSE,FALSE,FALSE,FALSE,2,1,1,1_1,fc9f998b-cc72-f6ea-e040-11ac0c482425,"NEUROG3,AL450311.2"
10,72816351,72816351,1,snv_mnv,NA,NA,"broad,dkfz,muse,sanger",4,COSN8338297,NA,MIR,FALSE,0.1098,NA,9,73,NA,NA,NA,IGR,FALSE,FALSE,FALSE,FALSE,2,1,1,1_1,fc9f998b-cc72-f6ea-e040-11ac0c482425,NA
10,73140777,73140777,1,snv_mnv,NA,NA,"broad,dkfz,muse,sanger",4,COSN8338299,NA,L1MC5,FALSE,0.1111,NA,9,72,NA,NA,NA,IGR,FALSE,FALSE,FALSE,FALSE,2,1,1,1_1,fc9f998b-cc72-f6ea-e040-11ac0c482425,NA
10,73147039,73147039,1,snv_mnv,NA,NA,"broad,muse,sanger",3,COSN8338300,rs575564545,AluY,FALSE,0.1034,NA,6,52,NA,NA,NA,IGR,FALSE,FALSE,FALSE,FALSE,2,1,1,1_1,fc9f998b-cc72-f6ea-e040-11ac0c482425,NA
10,73526525,73526525,1,snv_mnv,NA,NA,"broad,dkfz,muse,sanger",4,COSN8338303,NA,MIRb,FALSE,0.129,NA,8,54,NA,NA,NA,Intron,FALSE,FALSE,FALSE,FALSE,2,1,1,1_1,fc9f998b-cc72-f6ea-e040-11ac0c482425,VSIR
10,74849605,74849605,1,snv_mnv,NA,NA,"broad,muse,sanger",3,COSN8338307,NA,L1ME1,FALSE,0.102,NA,5,44,NA,NA,NA,Intron,FALSE,FALSE,FALSE,FALSE,2,1,1,1_1,fc9f998b-cc72-f6ea-e040-11ac0c482425,NA
10,81032351,81032351,1,snv_mnv,NA,NA,"broad,dkfz,muse,sanger",4,COSN8338340,NA,NA,FALSE,0.1789,NA,22,101,NA,NA,NA,Intron,FALSE,FALSE,FALSE,FALSE,2,1,1,1_1,fc9f998b-cc72-f6ea-e040-11ac0c482425,ZMIZ1
10,83862512,83862512,1,snv_mnv,NA,NA,"broad,dkfz,muse,sanger",4,COSN8338360,NA,L1MD3,FALSE,0.2807,NA,16,41,NA,NA,NA,Intron,FALSE,FALSE,FALSE,FALSE,2,1,1,1_1,fc9f998b-cc72-f6ea-e040-11ac0c482425,NA
10,85539879,85539879,1,snv_mnv,NA,NA,"broad,dkfz,muse,sanger",4,COSN8338384,NA,NA,FALSE,0.2353,NA,16,52,NA,NA,NA,IGR,FALSE,FALSE,FALSE,FALSE,2,1,1,1_1,fc9f998b-cc72-f6ea-e040-11ac0c482425,NA
10,85741930,85741930,1,snv_mnv,NA,NA,"broad,dkfz,muse,sanger",4,COSN8338387,NA,NA,FALSE,0.0769,NA,6,72,NA,NA,NA,IGR,FALSE,FALSE,FALSE,FALSE,2,1,1,1_1,fc9f998b-cc72-f6ea-e040-11ac0c482425,NA
10,87484980,87484980,1,snv_mnv,NA,NA,"broad,dkfz,muse,sanger",4,COSN8338403,NA,NA,FALSE,0.1412,NA,12,73,NA,NA,NA,Intron,FALSE,FALSE,FALSE,FALSE,2,1,1,1_1,fc9f998b-cc72-f6ea-e040-11ac0c482425,NA
10,87661207,87661207,1,snv_mnv,NA,NA,"broad,dkfz,muse,sanger",4,COSN8338406,NA,AluY,FALSE,0.1077,NA,7,58,NA,NA,NA,Intron,FALSE,FALSE,FALSE,FALSE,2,1,1,1_1,fc9f998b-cc72-f6ea-e040-11ac0c482425,NA
10,88504226,88504226,1,snv_mnv,NA,NA,"broad,dkfz,muse,sanger",4,COSN8338414,NA,NA,FALSE,0.1728,NA,14,67,NA,NA,NA,RNA,FALSE,FALSE,FALSE,FALSE,2,1,1,1_1,fc9f998b-cc72-f6ea-e040-11ac0c482425,NA
10,88854313,88854313,1,snv_mnv,NA,NA,"broad,dkfz,muse,sanger",4,COSM3849488,NA,NA,FALSE,0.2188,NA,7,25,NA,NA,NA,Missense_Mutation,FALSE,FALSE,FALSE,FALSE,2,1,1,1_1,fc9f998b-cc72-f6ea-e040-11ac0c482425,SHLD2
10,89702076,89702076,1,snv_mnv,NA,NA,"broad,dkfz,muse,sanger",4,COSN8338418,NA,Tigger3b,FALSE,0.0698,NA,6,80,NA,NA,NA,Intron,FALSE,FALSE,FALSE,FALSE,2,1,1,1_1,fc9f998b-cc72-f6ea-e040-11ac0c482425,RPL11P3
10,92186532,92186532,1,snv_mnv,NA,NA,"broad,dkfz,muse,sanger",4,COSN8338430,NA,L2c,FALSE,0.1944,NA,7,29,NA,NA,NA,lincRNA,FALSE,FALSE,FALSE,FALSE,2,1,1,1_1,fc9f998b-cc72-f6ea-e040-11ac0c482425,NA
10,100839179,100839179,1,snv_mnv,NA,NA,"broad,dkfz,muse,sanger",4,COSN8337614,NA,L1M3d,FALSE,0.2222,NA,18,63,NA,NA,NA,Intron,FALSE,FALSE,FALSE,FALSE,2,1,1,1_1,fc9f998b-cc72-f6ea-e040-11ac0c482425,NA
10,101693617,101693617,1,snv_mnv,NA,NA,"broad,muse,sanger",3,COSN8337619,NA,AluY,FALSE,0.24,NA,12,38,NA,NA,NA,Intron,FALSE,FALSE,FALSE,FALSE,2,1,1,1_1,fc9f998b-cc72-f6ea-e040-11ac0c482425,"DNMBP-AS1,DNMBP"
10,102106791,102106791,1,snv_mnv,NA,NA,"broad,dkfz,muse,sanger",4,COSN8337621,NA,NA,FALSE,0.2241,NA,13,45,NA,NA,NA,5'Flank,FALSE,FALSE,FALSE,FALSE,2,1,1,1_1,fc9f998b-cc72-f6ea-e040-11ac0c482425,"AL139819.1,SCD"
10,102239111,102239111,1,snv_mnv,NA,NA,"broad,dkfz,muse,sanger",4,COSN8337623,NA,NA,FALSE,0.25,NA,21,63,NA,NA,NA,Intron,FALSE,FALSE,FALSE,FALSE,2,1,1,1_1,fc9f998b-cc72-f6ea-e040-11ac0c482425,NA
10,105306162,105306162,1,snv_mnv,NA,NA,"broad,dkfz,muse,sanger",4,COSN8337635,NA,MIRc,FALSE,0.2184,NA,19,68,NA,NA,NA,Intron,FALSE,FALSE,FALSE,FALSE,2,1,1,1_1,fc9f998b-cc72-f6ea-e040-11ac0c482425,AL121929.1
10,107313546,107313546,1,snv_mnv,NA,NA,"broad,muse,sanger",3,COSN8337652,NA,L1PA3,FALSE,0.1897,NA,11,47,NA,NA,NA,IGR,FALSE,FALSE,FALSE,FALSE,2,1,1,1_1,fc9f998b-cc72-f6ea-e040-11ac0c482425,NA
10,107684808,107684808,1,snv_mnv,NA,NA,"broad,dkfz,muse,sanger",4,COSN8337662,NA,L1PB1,FALSE,0.254,NA,16,47,NA,NA,NA,IGR,FALSE,FALSE,FALSE,FALSE,2,1,1,1_1,fc9f998b-cc72-f6ea-e040-11ac0c482425,NA
10,108121066,108121066,1,snv_mnv,NA,NA,"broad,dkfz,muse,sanger",4,COSN8337670,NA,MLT1E1,FALSE,0.2405,NA,19,60,NA,NA,NA,IGR,FALSE,FALSE,FALSE,FALSE,2,1,1,1_1,fc9f998b-cc72-f6ea-e040-11ac0c482425,NA
10,108329966,108329966,1,snv_mnv,NA,NA,"broad,dkfz,muse,sanger",4,COSN8337678,NA,Tigger9b,FALSE,0.2209,NA,19,67,NA,NA,NA,IGR,FALSE,FALSE,FALSE,FALSE,2,1,1,1_1,fc9f998b-cc72-f6ea-e040-11ac0c482425,SORCS1
10,108620815,108620815,1,snv_mnv,NA,NA,"broad,dkfz,muse,sanger",4,COSN8337684,rs145060009,NA,FALSE,0.1406,NA,9,55,NA,NA,NA,Intron,FALSE,FALSE,FALSE,FALSE,2,1,1,1_1,fc9f998b-cc72-f6ea-e040-11ac0c482425,NA
10,109148951,109148951,1,snv_mnv,NA,NA,"broad,dkfz,muse,sanger",4,COSN8337695,NA,NA,FALSE,0.1719,NA,11,53,NA,NA,NA,IGR,FALSE,FALSE,FALSE,FALSE,2,1,1,1_1,fc9f998b-cc72-f6ea-e040-11ac0c482425,NA
10,109687771,109687771,1,snv_mnv,NA,NA,"broad,muse,sanger",3,COSN8527895,rs190756151,AluY,FALSE,0.125,NA,6,42,NA,NA,NA,IGR,FALSE,FALSE,FALSE,FALSE,2,1,1,1_1,fc9f998b-cc72-f6ea-e040-11ac0c482425,LINC01435
10,109859281,109859281,1,snv_mnv,NA,NA,"broad,muse,sanger",3,COSN8337708,NA,L1MCa,FALSE,0.0962,NA,5,47,NA,NA,NA,IGR,FALSE,FALSE,FALSE,FALSE,2,1,1,1_1,fc9f998b-cc72-f6ea-e040-11ac0c482425,NA
10,111298374,111298374,1,snv_mnv,NA,NA,"broad,dkfz,muse,sanger",4,COSN8337723,NA,L1PA7,FALSE,0.2222,NA,16,56,NA,NA,NA,IGR,FALSE,FALSE,FALSE,FALSE,2,1,1,1_1,fc9f998b-cc72-f6ea-e040-11ac0c482425,BTF3P15
10,111798447,111798447,1,snv_mnv,NA,NA,"broad,dkfz,muse,sanger",4,COSN8337729,NA,L1M5,FALSE,0.322,NA,19,40,NA,NA,NA,Intron,FALSE,FALSE,FALSE,FALSE,2,1,1,1_1,fc9f998b-cc72-f6ea-e040-11ac0c482425,NA
10,117587768,117587768,1,snv_mnv,NA,NA,"broad,dkfz,muse,sanger",4,COSN8337758,NA,AluSp,FALSE,0.1972,NA,14,57,NA,NA,NA,Intron,FALSE,FALSE,FALSE,FALSE,2,1,1,1_1,fc9f998b-cc72-f6ea-e040-11ac0c482425,NA
10,118346047,118346047,1,snv_mnv,NA,NA,"broad,dkfz,muse,sanger",4,COSN8337767,NA,LTR49-int,FALSE,0.1923,NA,15,63,NA,NA,NA,IGR,FALSE,FALSE,FALSE,FALSE,2,1,1,1_1,fc9f998b-cc72-f6ea-e040-11ac0c482425,"PNLIPRP1,PNLIPP1"
10,119955096,119955096,1,snv_mnv,NA,NA,"broad,dkfz,muse,sanger",4,COSN8337779,NA,L1ME4a,FALSE,0.1867,NA,14,61,NA,NA,NA,RNA,FALSE,FALSE,FALSE,FALSE,2,1,1,1_1,fc9f998b-cc72-f6ea-e040-11ac0c482425,NA
10,122798023,122798023,1,snv_mnv,NA,NA,"broad,dkfz,muse,sanger",4,COSN8337795,NA,NA,FALSE,0.2727,NA,21,56,NA,NA,NA,IGR,FALSE,FALSE,FALSE,FALSE,2,1,1,1_1,fc9f998b-cc72-f6ea-e040-11ac0c482425,NA
10,127236751,127236751,1,snv_mnv,1.9968e-4,rs575103241,"broad,dkfz,muse,sanger",4,COSN8337816,rs575103241,NA,FALSE,0.2043,NA,19,74,NA,NA,NA,IGR,FALSE,FALSE,FALSE,FALSE,2,1,1,1_1,fc9f998b-cc72-f6ea-e040-11ac0c482425,NA
10,129372025,129372025,1,snv_mnv,NA,NA,"broad,dkfz,muse,sanger",4,COSN8337827,rs746820348,HAL1,FALSE,0.2254,NA,16,55,NA,NA,NA,IGR,FALSE,FALSE,FALSE,FALSE,2,1,1,1_1,fc9f998b-cc72-f6ea-e040-11ac0c482425,NA
10,129397277,129397277,1,snv_mnv,NA,NA,"broad,dkfz,muse,sanger",4,COSN8337828,NA,MLT1K,FALSE,0.2809,NA,25,64,NA,NA,NA,IGR,FALSE,FALSE,FALSE,FALSE,2,1,1,1_1,fc9f998b-cc72-f6ea-e040-11ac0c482425,NA
10,130142821,130142821,1,snv_mnv,NA,NA,"broad,dkfz,muse,sanger",4,COSN8337832,NA,L1M4b,FALSE,0.2059,NA,14,54,NA,NA,NA,IGR,FALSE,FALSE,FALSE,FALSE,2,1,1,1_1,fc9f998b-cc72-f6ea-e040-11ac0c482425,NA
10,130338601,130338601,1,snv_mnv,NA,NA,"broad,dkfz,muse,sanger",4,COSN8337836,NA,NA,FALSE,0.3061,NA,15,34,NA,NA,NA,IGR,FALSE,FALSE,FALSE,FALSE,2,1,1,1_1,fc9f998b-cc72-f6ea-e040-11ac0c482425,NA
10,133489948,133489948,1,snv_mnv,NA,NA,"broad,dkfz,muse,sanger",4,COSN8337862,NA,NA,FALSE,0.2195,NA,18,64,NA,NA,NA,RNA,FALSE,FALSE,FALSE,FALSE,2,1,1,1_1,fc9f998b-cc72-f6ea-e040-11ac0c482425,NA
11,1365168,1365168,1,snv_mnv,NA,NA,"broad,dkfz,muse,sanger",4,COSN8338757,NA,NA,FALSE,0.2754,NA,19,50,NA,NA,NA,IGR,FALSE,FALSE,FALSE,FALSE,2,1,1,1_1,fc9f998b-cc72-f6ea-e040-11ac0c482425,NA
11,10702916,10702916,1,snv_mnv,NA,NA,"broad,dkfz,muse,sanger",4,COSN8338553,NA,NA,FALSE,0.2464,NA,17,52,NA,NA,NA,Intron,FALSE,FALSE,FALSE,FALSE,2,1,1,1_1,fc9f998b-cc72-f6ea-e040-11ac0c482425,NA
11,10962458,10962458,1,snv_mnv,NA,NA,"broad,dkfz,muse,sanger",4,COSN8338575,NA,NA,FALSE,0.0659,NA,6,85,NA,NA,NA,IGR,FALSE,FALSE,FALSE,FALSE,2,1,1,1_1,fc9f998b-cc72-f6ea-e040-11ac0c482425,NA
11,13256972,13256972,1,snv_mnv,NA,NA,"broad,dkfz,muse,sanger",4,COSN8338737,NA,AluJb,FALSE,0.1585,NA,13,69,NA,NA,NA,IGR,FALSE,FALSE,FALSE,FALSE,2,1,1,1_1,fc9f998b-cc72-f6ea-e040-11ac0c482425,NA
11,17398050,17398050,1,snv_mnv,NA,NA,"broad,dkfz,muse,sanger",4,COSN8338775,NA,HUERS-P3-int,FALSE,0.2673,NA,27,74,NA,NA,NA,3'UTR,FALSE,FALSE,FALSE,FALSE,2,1,1,1_1,fc9f998b-cc72-f6ea-e040-11ac0c482425,"NCR3LG1,AC124798.1"
11,18705642,18705642,1,snv_mnv,NA,NA,"broad,dkfz,muse,sanger",4,COSN8338784,NA,MER41-int,FALSE,0.2836,NA,19,48,NA,NA,NA,IGR,FALSE,FALSE,FALSE,FALSE,2,1,1,1_1,fc9f998b-cc72-f6ea-e040-11ac0c482425,NA
11,19107021,19107021,1,snv_mnv,NA,NA,"broad,muse,sanger",3,COSN8338787,NA,AluY,FALSE,0.1613,NA,10,52,NA,NA,NA,IGR,FALSE,FALSE,FALSE,FALSE,2,1,1,1_1,fc9f998b-cc72-f6ea-e040-11ac0c482425,NA
11,19374624,19374624,1,snv_mnv,NA,NA,"broad,dkfz,muse,sanger",4,COSN8338789,NA,NA,FALSE,0.1875,NA,15,65,NA,NA,NA,Intron,FALSE,FALSE,FALSE,FALSE,2,1,1,1_1,fc9f998b-cc72-f6ea-e040-11ac0c482425,NA
11,20690603,20690603,1,snv_mnv,NA,NA,"broad,dkfz,muse,sanger",4,COSN8338801,NA,NA,FALSE,0.2235,NA,19,66,NA,NA,NA,5'Flank,FALSE,FALSE,FALSE,FALSE,2,1,1,1_1,fc9f998b-cc72-f6ea-e040-11ac0c482425,"NELL1,AC090707.1"
11,20950466,20950466,1,snv_mnv,NA,NA,"broad,muse,sanger",3,COSN8338807,NA,NA,FALSE,0.0877,NA,5,52,NA,NA,NA,Intron,FALSE,FALSE,FALSE,FALSE,2,1,1,1_1,fc9f998b-cc72-f6ea-e040-11ac0c482425,NELL1
11,21128539,21128539,1,snv_mnv,NA,NA,"broad,dkfz,muse,sanger",4,COSN8338813,NA,NA,FALSE,0.1094,NA,7,57,NA,NA,NA,Intron,FALSE,FALSE,FALSE,FALSE,2,1,1,1_1,fc9f998b-cc72-f6ea-e040-11ac0c482425,NA
11,21176288,21176288,1,snv_mnv,NA,NA,"dkfz,sanger",2,COSN8338816,NA,L2c,FALSE,0.0968,NA,3,28,NA,NA,NA,Intron,FALSE,FALSE,FALSE,FALSE,2,1,1,1_1,fc9f998b-cc72-f6ea-e040-11ac0c482425,NA
11,23715650,23715650,1,snv_mnv,NA,NA,"broad,dkfz,muse,sanger",4,COSN8338840,NA,NA,FALSE,0.2045,NA,9,35,NA,NA,NA,IGR,FALSE,FALSE,FALSE,FALSE,2,1,1,1_1,fc9f998b-cc72-f6ea-e040-11ac0c482425,NA
11,23946873,23946873,1,snv_mnv,NA,NA,"broad,dkfz,muse,sanger",4,COSN8338844,NA,NA,FALSE,0.2727,NA,15,40,NA,NA,NA,IGR,FALSE,FALSE,FALSE,FALSE,2,1,1,1_1,fc9f998b-cc72-f6ea-e040-11ac0c482425,NA
11,28457882,28457882,1,snv_mnv,NA,NA,"broad,dkfz,muse,sanger",4,COSN8338880,NA,MLT1H,FALSE,0.1341,NA,11,71,NA,NA,NA,lincRNA,FALSE,FALSE,FALSE,FALSE,2,1,1,1_1,fc9f998b-cc72-f6ea-e040-11ac0c482425,NA
11,28745276,28745276,1,snv_mnv,NA,NA,"broad,dkfz,muse,sanger",4,COSN8338881,NA,NA,FALSE,0.1667,NA,12,60,NA,NA,NA,lincRNA,FALSE,FALSE,FALSE,FALSE,2,1,1,1_1,fc9f998b-cc72-f6ea-e040-11ac0c482425,NA
11,29117057,29117057,1,snv_mnv,NA,NA,"broad,dkfz,muse,sanger",4,COSN8338886,NA,NA,FALSE,0.1111,NA,8,64,NA,NA,NA,IGR,FALSE,FALSE,FALSE,FALSE,2,1,1,1_1,fc9f998b-cc72-f6ea-e040-11ac0c482425,NA
11,34897023,34897023,1,snv_mnv,NA,NA,"broad,dkfz,muse,sanger",4,COSN8338937,NA,THE1B,FALSE,0.129,NA,8,54,NA,NA,NA,Intron,FALSE,FALSE,FALSE,FALSE,2,1,1,1_1,fc9f998b-cc72-f6ea-e040-11ac0c482425,NA
11,34944108,34944108,1,snv_mnv,NA,NA,"broad,dkfz,muse,sanger",4,COSN8338938,NA,NA,FALSE,0.2353,NA,20,65,NA,NA,NA,Intron,FALSE,FALSE,FALSE,FALSE,2,1,1,1_1,fc9f998b-cc72-f6ea-e040-11ac0c482425,NA
11,36787375,36787375,1,snv_mnv,NA,NA,"broad,dkfz,muse,sanger",4,COSN8338948,NA,NA,FALSE,0.1972,NA,14,57,NA,NA,NA,IGR,FALSE,FALSE,FALSE,FALSE,2,1,1,1_1,fc9f998b-cc72-f6ea-e040-11ac0c482425,NA
11,37329663,37329663,1,snv_mnv,NA,NA,"broad,dkfz,muse,sanger",4,COSN8338952,NA,MER77B,FALSE,0.1731,NA,9,43,NA,NA,NA,IGR,FALSE,FALSE,FALSE,FALSE,2,1,1,1_1,fc9f998b-cc72-f6ea-e040-11ac0c482425,NA
11,37425440,37425440,1,snv_mnv,NA,NA,"broad,dkfz,muse,sanger",4,COSN8338953,NA,NA,FALSE,0.2388,NA,16,51,NA,NA,NA,IGR,FALSE,FALSE,FALSE,FALSE,2,1,1,1_1,fc9f998b-cc72-f6ea-e040-11ac0c482425,NA
11,39018122,39018122,1,snv_mnv,NA,NA,"broad,dkfz,muse,sanger",4,COSN8338984,NA,NA,FALSE,0.0625,NA,4,60,NA,NA,NA,IGR,FALSE,FALSE,FALSE,FALSE,2,1,1,1_1,fc9f998b-cc72-f6ea-e040-11ac0c482425,NA
11,39412778,39412778,1,snv_mnv,NA,NA,"broad,dkfz,muse,sanger",4,COSN8338993,NA,L1PA13,FALSE,0.1707,NA,14,68,NA,NA,NA,IGR,FALSE,FALSE,FALSE,FALSE,2,1,1,1_1,fc9f998b-cc72-f6ea-e040-11ac0c482425,NA
11,39958044,39958044,1,snv_mnv,NA,NA,"broad,dkfz,muse,sanger",4,COSN8338998,NA,MER1A,FALSE,0.0972,NA,7,65,NA,NA,NA,IGR,FALSE,FALSE,FALSE,FALSE,2,1,1,1_1,fc9f998b-cc72-f6ea-e040-11ac0c482425,NA
11,40319190,40319190,1,snv_mnv,NA,NA,"broad,dkfz,muse,sanger",4,COSN8339002,NA,NA,FALSE,0.1143,NA,8,62,NA,NA,NA,Intron,FALSE,FALSE,FALSE,FALSE,2,1,1,1_1,fc9f998b-cc72-f6ea-e040-11ac0c482425,LRRC4C
11,41172243,41172243,1,snv_mnv,NA,NA,"broad,dkfz,muse,sanger",4,COSN8339028,NA,AluSg,FALSE,0.2857,NA,14,35,NA,NA,NA,Intron,FALSE,FALSE,FALSE,FALSE,2,1,1,1_1,fc9f998b-cc72-f6ea-e040-11ac0c482425,NA
11,45078808,45078808,1,snv_mnv,NA,NA,"broad,dkfz,muse",3,COSN8339055,NA,NA,FALSE,0.2466,NA,18,55,NA,NA,NA,IGR,FALSE,FALSE,FALSE,FALSE,2,1,1,1_1,fc9f998b-cc72-f6ea-e040-11ac0c482425,NA
11,50095634,50095634,1,snv_mnv,NA,NA,"broad,muse,sanger",3,COSN8339086,NA,MLT1K,FALSE,0.1711,NA,13,63,NA,NA,NA,IGR,FALSE,FALSE,FALSE,FALSE,2,1,1,1_1,fc9f998b-cc72-f6ea-e040-11ac0c482425,NA
11,50181287,50181287,1,snv_mnv,1.9968e-4,rs548584407,"broad,muse,sanger",3,COSN8339089,rs548584407,AluY,FALSE,0.1852,NA,10,44,NA,NA,NA,IGR,FALSE,FALSE,FALSE,FALSE,2,1,1,1_1,fc9f998b-cc72-f6ea-e040-11ac0c482425,NA
11,55309483,55309483,1,snv_mnv,NA,NA,"broad,dkfz,muse",3,COSN8339106,NA,AluJo,FALSE,0.2143,NA,12,44,NA,NA,NA,IGR,FALSE,FALSE,FALSE,FALSE,2,1,1,1_1,fc9f998b-cc72-f6ea-e040-11ac0c482425,OR4C14P
11,56618938,56618938,1,snv_mnv,NA,NA,"broad,dkfz,muse,sanger",4,COSN8339120,NA,NA,FALSE,0.1061,NA,7,59,NA,NA,NA,lincRNA,FALSE,FALSE,FALSE,FALSE,2,1,1,1_1,fc9f998b-cc72-f6ea-e040-11ac0c482425,NA
11,56820441,56820441,1,snv_mnv,NA,NA,"broad,dkfz,muse,sanger",4,COSN17890192,NA,L1MEc,FALSE,0.2188,NA,14,50,NA,NA,NA,IGR,FALSE,FALSE,FALSE,FALSE,2,1,1,1_1,fc9f998b-cc72-f6ea-e040-11ac0c482425,OR5BP1P
11,57946052,57946052,1,snv_mnv,NA,NA,"broad,dkfz,muse,sanger",4,COSN8339127,NA,L2c,FALSE,0.1649,NA,16,81,NA,NA,NA,Intron,FALSE,FALSE,FALSE,FALSE,2,1,1,1_1,fc9f998b-cc72-f6ea-e040-11ac0c482425,OR9Q1
11,64383879,64383879,1,snv_mnv,NA,NA,"broad,dkfz,muse,sanger",4,COSN8339172,NA,NA,FALSE,0.24,NA,30,95,NA,NA,NA,Intron,FALSE,FALSE,FALSE,FALSE,2,1,1,1_1,fc9f998b-cc72-f6ea-e040-11ac0c482425,NA
11,65986295,65986295,1,snv_mnv,NA,NA,"broad,dkfz,muse,sanger",4,COSN8339182,NA,AluSc5,FALSE,0.2286,NA,16,54,NA,NA,NA,Intron,FALSE,FALSE,FALSE,FALSE,2,1,1,1_1,fc9f998b-cc72-f6ea-e040-11ac0c482425,PACS1
11,67482572,67482572,1,snv_mnv,NA,NA,"broad,muse,sanger",3,COSN8339192,NA,NA,FALSE,0.2577,NA,25,72,NA,NA,NA,IGR,FALSE,FALSE,FALSE,FALSE,2,1,1,1_1,fc9f998b-cc72-f6ea-e040-11ac0c482425,NA
11,67660400,67660400,1,snv_mnv,NA,NA,"broad,muse,sanger",3,COSN8339195,NA,MER11A,FALSE,0.0909,NA,8,80,NA,NA,NA,lincRNA,FALSE,FALSE,FALSE,FALSE,2,1,1,1_1,fc9f998b-cc72-f6ea-e040-11ac0c482425,"AP003716.1,RNU6-46P"
11,69794208,69794208,1,snv_mnv,NA,NA,"broad,dkfz,muse,sanger",4,COSN8339204,NA,NA,FALSE,0.1406,NA,9,55,NA,NA,NA,IGR,FALSE,FALSE,FALSE,FALSE,2,1,1,1_1,fc9f998b-cc72-f6ea-e040-11ac0c482425,NA
11,79772302,79772302,1,snv_mnv,NA,NA,"broad,dkfz,muse,sanger",4,COSN8339262,NA,L2b,FALSE,0.2133,NA,16,59,NA,NA,NA,IGR,FALSE,FALSE,FALSE,FALSE,2,1,1,1_1,fc9f998b-cc72-f6ea-e040-11ac0c482425,NA
11,81253652,81253652,1,snv_mnv,NA,NA,"broad,dkfz,muse,sanger",4,COSN8339272,NA,MADE1,FALSE,0.2286,NA,16,54,NA,NA,NA,IGR,FALSE,FALSE,FALSE,FALSE,2,1,1,1_1,fc9f998b-cc72-f6ea-e040-11ac0c482425,NA
11,81293666,81293666,1,snv_mnv,NA,NA,"broad,muse,sanger",3,COSN8339273,NA,L2c,FALSE,0.0909,NA,6,60,NA,NA,NA,IGR,FALSE,FALSE,FALSE,FALSE,2,1,1,1_1,fc9f998b-cc72-f6ea-e040-11ac0c482425,NA
11,81400687,81400687,1,snv_mnv,NA,NA,"broad,dkfz,muse,sanger",4,COSN8339276,NA,L1MEg,FALSE,0.25,NA,11,33,NA,NA,NA,IGR,FALSE,FALSE,FALSE,FALSE,2,1,1,1_1,fc9f998b-cc72-f6ea-e040-11ac0c482425,NA
11,81919484,81919484,1,snv_mnv,NA,NA,"broad,dkfz,muse,sanger",4,COSN8339283,NA,NA,FALSE,0.1538,NA,10,55,NA,NA,NA,lincRNA,FALSE,FALSE,FALSE,FALSE,2,1,1,1_1,fc9f998b-cc72-f6ea-e040-11ac0c482425,NA
11,90663859,90663859,1,snv_mnv,1.9968e-4,rs529976184,"broad,dkfz,muse,sanger",4,COSN8339353,rs529976184,LTR1D,FALSE,0.13,NA,13,87,NA,NA,NA,IGR,FALSE,FALSE,FALSE,FALSE,2,1,1,1_1,fc9f998b-cc72-f6ea-e040-11ac0c482425,NA
11,90888971,90888971,1,snv_mnv,NA,NA,"broad,dkfz,muse,sanger",4,COSN8339356,NA,NA,FALSE,0.193,NA,11,46,NA,NA,NA,lincRNA,FALSE,FALSE,FALSE,FALSE,2,1,1,1_1,fc9f998b-cc72-f6ea-e040-11ac0c482425,AP003386.1
11,90889015,90889015,1,snv_mnv,NA,NA,"broad,dkfz,muse,sanger",4,COSN8339357,NA,NA,FALSE,0.1571,NA,11,59,NA,NA,NA,lincRNA,FALSE,FALSE,FALSE,FALSE,2,1,1,1_1,fc9f998b-cc72-f6ea-e040-11ac0c482425,AP003386.1
11,91371379,91371379,1,snv_mnv,NA,NA,"broad,dkfz,muse,sanger",4,COSN8339364,NA,NA,FALSE,0.1094,NA,7,57,NA,NA,NA,IGR,FALSE,FALSE,FALSE,FALSE,2,1,1,1_1,fc9f998b-cc72-f6ea-e040-11ac0c482425,NA
11,91442680,91442680,1,snv_mnv,NA,NA,"broad,dkfz,muse,sanger",4,COSN8339365,NA,NA,FALSE,0.087,NA,6,63,NA,NA,NA,IGR,FALSE,FALSE,FALSE,FALSE,2,1,1,1_1,fc9f998b-cc72-f6ea-e040-11ac0c482425,NA
11,91666758,91666758,1,snv_mnv,NA,NA,"broad,dkfz,muse,sanger",4,COSN8339373,NA,NA,FALSE,0.1974,NA,15,61,NA,NA,NA,IGR,FALSE,FALSE,FALSE,FALSE,2,1,1,1_1,fc9f998b-cc72-f6ea-e040-11ac0c482425,NA
11,91774555,91774555,1,snv_mnv,1.9968e-4,rs552748577,"broad,dkfz,muse,sanger",4,COSN8339375,rs552748577,L1PA8,FALSE,0.2174,NA,15,54,NA,NA,NA,IGR,FALSE,FALSE,FALSE,FALSE,2,1,1,1_1,fc9f998b-cc72-f6ea-e040-11ac0c482425,NA
11,93638408,93638408,1,snv_mnv,NA,NA,"broad,dkfz,muse,sanger",4,COSN8339391,NA,NA,FALSE,0.0909,NA,6,60,NA,NA,NA,IGR,FALSE,FALSE,FALSE,FALSE,2,1,1,1_1,fc9f998b-cc72-f6ea-e040-11ac0c482425,NA
11,94503462,94503462,1,snv_mnv,NA,NA,"broad,dkfz,muse,sanger",4,COSN8339395,NA,NA,FALSE,0.15,NA,12,68,NA,NA,NA,Intron,FALSE,FALSE,FALSE,FALSE,2,1,1,1_1,fc9f998b-cc72-f6ea-e040-11ac0c482425,NA
11,98320199,98320199,1,snv_mnv,NA,NA,"broad,dkfz,muse,sanger",4,COSN8339429,NA,NA,FALSE,0.2292,NA,11,37,NA,NA,NA,IGR,FALSE,FALSE,FALSE,FALSE,2,1,1,1_1,fc9f998b-cc72-f6ea-e040-11ac0c482425,NA
11,101411490,101411490,1,snv_mnv,NA,NA,"broad,dkfz,muse,sanger",4,COSN8338490,NA,NA,FALSE,0.2549,NA,13,38,NA,NA,NA,Intron,FALSE,FALSE,FALSE,FALSE,2,1,1,1_1,fc9f998b-cc72-f6ea-e040-11ac0c482425,NA
11,102401307,102401307,1,snv_mnv,NA,NA,"broad,dkfz,muse,sanger",4,COSN8338497,NA,NA,FALSE,0.1169,NA,9,68,NA,NA,NA,Intron,FALSE,FALSE,FALSE,FALSE,2,1,1,1_1,fc9f998b-cc72-f6ea-e040-11ac0c482425,NA
11,103389336,103389336,1,snv_mnv,NA,NA,"broad,dkfz,muse,sanger",4,COSN8338498,NA,MSTA,FALSE,0.0833,NA,5,55,NA,NA,NA,IGR,FALSE,FALSE,FALSE,FALSE,2,1,1,1_1,fc9f998b-cc72-f6ea-e040-11ac0c482425,NA
11,103789919,103789919,1,snv_mnv,NA,NA,"broad,dkfz,muse,sanger",4,COSN8338507,NA,NA,FALSE,0.2143,NA,18,66,NA,NA,NA,Intron,FALSE,FALSE,FALSE,FALSE,2,1,1,1_1,fc9f998b-cc72-f6ea-e040-11ac0c482425,NA
11,103997044,103997044,1,snv_mnv,NA,NA,"broad,dkfz,muse,sanger",4,COSN8338511,NA,NA,FALSE,0.1429,NA,13,78,NA,NA,NA,Intron,FALSE,FALSE,FALSE,FALSE,2,1,1,1_1,fc9f998b-cc72-f6ea-e040-11ac0c482425,NA
11,104149031,104149031,1,snv_mnv,NA,NA,"broad,dkfz,muse,sanger",4,COSN8338516,NA,NA,FALSE,0.1311,NA,8,53,NA,NA,NA,IGR,FALSE,FALSE,FALSE,FALSE,2,1,1,1_1,fc9f998b-cc72-f6ea-e040-11ac0c482425,NA
11,104281584,104281584,1,snv_mnv,NA,NA,"broad,muse,sanger",3,COSN8338520,NA,LTR12F,FALSE,0.1216,NA,9,65,NA,NA,NA,IGR,FALSE,FALSE,FALSE,FALSE,2,1,1,1_1,fc9f998b-cc72-f6ea-e040-11ac0c482425,NA
11,107340857,107340857,1,snv_mnv,5.9904e-4,rs138776146,"broad,dkfz,muse,sanger",4,COSN6983741,rs138776146,NA,FALSE,0.2321,NA,13,43,NA,NA,NA,IGR,FALSE,FALSE,FALSE,FALSE,2,1,1,1_1,fc9f998b-cc72-f6ea-e040-11ac0c482425,NA
11,108445860,108445860,1,snv_mnv,NA,NA,"broad,dkfz,muse,sanger",4,COSN8338558,NA,L1ME4a,FALSE,0.1918,NA,14,59,NA,NA,NA,Intron,FALSE,FALSE,FALSE,FALSE,2,1,1,1_1,fc9f998b-cc72-f6ea-e040-11ac0c482425,NA
11,109266295,109266295,1,snv_mnv,NA,NA,"broad,dkfz,muse,sanger",4,COSN8338569,NA,L1MA10,FALSE,0.2083,NA,15,57,NA,NA,NA,RNA,FALSE,FALSE,FALSE,FALSE,2,1,1,1_1,fc9f998b-cc72-f6ea-e040-11ac0c482425,NA
11,109758771,109758771,1,snv_mnv,NA,NA,"broad,dkfz,muse,sanger",4,COSN8338579,NA,NA,FALSE,0.1972,NA,14,57,NA,NA,NA,IGR,FALSE,FALSE,FALSE,FALSE,2,1,1,1_1,fc9f998b-cc72-f6ea-e040-11ac0c482425,NA
11,110803018,110803018,1,snv_mnv,NA,NA,"broad,dkfz,muse,sanger",4,COSN8338591,NA,L1MC4,FALSE,0.1343,NA,9,58,NA,NA,NA,IGR,FALSE,FALSE,FALSE,FALSE,2,1,1,1_1,fc9f998b-cc72-f6ea-e040-11ac0c482425,NA
11,117201876,117201876,1,snv_mnv,NA,NA,"broad,dkfz,muse,sanger",4,COSN8338621,NA,NA,FALSE,0.1558,NA,12,65,NA,NA,NA,Intron,FALSE,FALSE,FALSE,FALSE,2,1,1,1_1,fc9f998b-cc72-f6ea-e040-11ac0c482425,AP000892.1
11,118409284,118409284,1,snv_mnv,NA,NA,"broad,dkfz,muse,sanger",4,COSN8338628,NA,L1MA4A,FALSE,0.1429,NA,12,72,NA,NA,NA,IGR,FALSE,FALSE,FALSE,FALSE,2,1,1,1_1,fc9f998b-cc72-f6ea-e040-11ac0c482425,TMEM25
11,121315268,121315268,1,snv_mnv,NA,NA,"broad,dkfz,muse,sanger",4,COSN8338644,NA,NA,FALSE,0.1386,NA,14,87,NA,NA,NA,RNA,FALSE,FALSE,FALSE,FALSE,2,1,1,1_1,fc9f998b-cc72-f6ea-e040-11ac0c482425,AP000977.1
11,124463947,124463947,1,snv_mnv,NA,NA,"broad,dkfz,muse,sanger",4,COSN8338671,NA,MIRb,FALSE,0.1233,NA,9,64,NA,NA,NA,IGR,FALSE,FALSE,FALSE,FALSE,2,1,1,1_1,fc9f998b-cc72-f6ea-e040-11ac0c482425,NA
11,126883090,126883090,1,snv_mnv,NA,NA,"broad,dkfz,muse,sanger",4,COSN8338685,NA,NA,FALSE,0.2603,NA,19,54,NA,NA,NA,IGR,FALSE,FALSE,FALSE,FALSE,2,1,1,1_1,fc9f998b-cc72-f6ea-e040-11ac0c482425,NA
11,127010314,127010314,1,snv_mnv,NA,NA,"broad,dkfz,muse,sanger",4,COSN8338686,NA,NA,FALSE,0.1961,NA,20,82,NA,NA,NA,lincRNA,FALSE,FALSE,FALSE,FALSE,2,1,1,1_1,fc9f998b-cc72-f6ea-e040-11ac0c482425,AP001993.1
11,127935527,127935527,1,snv_mnv,NA,NA,"broad,muse,sanger",3,COSN8338704,NA,L1PREC2,FALSE,0.0843,NA,7,76,NA,NA,NA,IGR,FALSE,FALSE,FALSE,FALSE,2,1,1,1_1,fc9f998b-cc72-f6ea-e040-11ac0c482425,NA
11,133440060,133440060,1,snv_mnv,NA,NA,"broad,dkfz,muse,sanger",4,COSN8338745,NA,L1MEf,FALSE,0.1803,NA,11,50,NA,NA,NA,IGR,FALSE,FALSE,FALSE,FALSE,2,1,1,1_1,fc9f998b-cc72-f6ea-e040-11ac0c482425,NA
12,3890375,3890375,1,snv_mnv,NA,NA,"broad,dkfz,muse,sanger",4,COSN8339853,NA,L1ME1,FALSE,0.2154,NA,14,51,NA,NA,NA,IGR,FALSE,FALSE,FALSE,FALSE,2,1,1,1_1,fc9f998b-cc72-f6ea-e040-11ac0c482425,NA
12,4455501,4455501,1,snv_mnv,NA,NA,"broad,muse,sanger",3,COSN8339903,NA,L1PA5,FALSE,0.2651,NA,22,61,NA,NA,NA,Intron,FALSE,FALSE,FALSE,FALSE,2,1,1,1_1,fc9f998b-cc72-f6ea-e040-11ac0c482425,NA
12,4804082,4804082,1,snv_mnv,NA,NA,"broad,dkfz,muse,sanger",4,COSN8339933,NA,NA,FALSE,0.1613,NA,15,78,NA,NA,NA,Intron,FALSE,FALSE,FALSE,FALSE,2,1,1,1_1,fc9f998b-cc72-f6ea-e040-11ac0c482425,NDUFA9
12,5561124,5561124,1,snv_mnv,NA,NA,"broad,dkfz,muse,sanger",4,COSN8339975,NA,AluJr4,FALSE,0.16,NA,12,63,NA,NA,NA,Intron,FALSE,FALSE,FALSE,FALSE,2,1,1,1_1,fc9f998b-cc72-f6ea-e040-11ac0c482425,NA
12,10223893,10223893,1,snv_mnv,NA,NA,"broad,dkfz,muse,sanger",4,COSN8339459,rs369664338,NA,FALSE,0.1951,NA,16,66,NA,NA,NA,3'UTR,FALSE,FALSE,FALSE,FALSE,2,1,1,1_1,fc9f998b-cc72-f6ea-e040-11ac0c482425,NA
12,13628115,13628115,1,snv_mnv,NA,NA,"broad,dkfz,muse,sanger",4,COSN8339675,rs566306512,NA,FALSE,0.1356,NA,8,51,NA,NA,NA,IGR,FALSE,FALSE,FALSE,FALSE,2,1,1,1_1,fc9f998b-cc72-f6ea-e040-11ac0c482425,NA
12,13986883,13986883,1,snv_mnv,NA,NA,"broad,dkfz,muse,sanger",4,COSN8339677,NA,NA,FALSE,0.2439,NA,20,62,NA,NA,NA,Intron,FALSE,FALSE,FALSE,FALSE,2,1,1,1_1,fc9f998b-cc72-f6ea-e040-11ac0c482425,NA
12,17637000,17637000,1,snv_mnv,NA,NA,"broad,dkfz,muse,sanger",4,COSN8339714,NA,L1MA5,FALSE,0.1923,NA,10,42,NA,NA,NA,IGR,FALSE,FALSE,FALSE,FALSE,2,1,1,1_1,fc9f998b-cc72-f6ea-e040-11ac0c482425,NA
12,18846789,18846789,1,snv_mnv,NA,NA,"broad,dkfz,muse,sanger",4,COSN8339729,NA,NA,FALSE,0.1622,NA,12,62,NA,NA,NA,Intron,FALSE,FALSE,FALSE,FALSE,2,1,1,1_1,fc9f998b-cc72-f6ea-e040-11ac0c482425,PLCZ1
12,18902660,18902660,1,snv_mnv,NA,NA,"broad,dkfz,muse,sanger",4,COSN8339730,NA,L1ME5,FALSE,0.1758,NA,16,75,NA,NA,NA,IGR,FALSE,FALSE,FALSE,FALSE,2,1,1,1_1,fc9f998b-cc72-f6ea-e040-11ac0c482425,NA
12,20003956,20003956,1,snv_mnv,NA,NA,"broad,dkfz,muse,sanger",4,COSN8339735,NA,NA,FALSE,0.1324,NA,9,59,NA,NA,NA,lincRNA,FALSE,FALSE,FALSE,FALSE,2,1,1,1_1,fc9f998b-cc72-f6ea-e040-11ac0c482425,NA
12,22058385,22058385,1,snv_mnv,NA,NA,"broad,dkfz,muse,sanger",4,COSN8339745,NA,MER75,FALSE,0.1667,NA,10,50,NA,NA,NA,Intron,FALSE,FALSE,FALSE,FALSE,2,1,1,1_1,fc9f998b-cc72-f6ea-e040-11ac0c482425,NA
12,23870068,23870068,1,snv_mnv,1.9968e-4,rs140818623,"broad,dkfz,muse,sanger",4,COSN8339766,rs140818623,NA,FALSE,0.1486,NA,11,63,NA,NA,NA,Intron,FALSE,FALSE,FALSE,FALSE,2,1,1,1_1,fc9f998b-cc72-f6ea-e040-11ac0c482425,NA
12,24219469,24219469,1,snv_mnv,NA,NA,"broad,dkfz,muse,sanger",4,COSN8339772,NA,NA,FALSE,0.0984,NA,6,55,NA,NA,NA,IGR,FALSE,FALSE,FALSE,FALSE,2,1,1,1_1,fc9f998b-cc72-f6ea-e040-11ac0c482425,NA
12,25742806,25742806,1,snv_mnv,NA,NA,"broad,dkfz,muse,sanger",4,COSN8339786,NA,NA,FALSE,0.3111,NA,14,31,NA,NA,NA,Intron,FALSE,FALSE,FALSE,FALSE,2,1,1,1_1,fc9f998b-cc72-f6ea-e040-11ac0c482425,NA
12,25859873,25859873,1,snv_mnv,NA,NA,"broad,dkfz,muse,sanger",4,COSN8339787,NA,MSTB-int,FALSE,0.2254,NA,16,55,NA,NA,NA,IGR,FALSE,FALSE,FALSE,FALSE,2,1,1,1_1,fc9f998b-cc72-f6ea-e040-11ac0c482425,NA
12,25869174,25869174,1,snv_mnv,NA,NA,"broad,dkfz,muse,sanger",4,COSN8339788,NA,NA,FALSE,0.2041,NA,20,78,NA,NA,NA,IGR,FALSE,FALSE,FALSE,FALSE,2,1,1,1_1,fc9f998b-cc72-f6ea-e040-11ac0c482425,NA
12,33776046,33776046,1,snv_mnv,NA,NA,"broad,dkfz,muse,sanger",4,COSN8339831,NA,NA,FALSE,0.1646,NA,13,66,NA,NA,NA,IGR,FALSE,FALSE,FALSE,FALSE,2,1,1,1_1,fc9f998b-cc72-f6ea-e040-11ac0c482425,NA
12,34360716,34360716,1,snv_mnv,NA,NA,"broad,dkfz,muse,sanger",4,COSN8339843,NA,C-rich,FALSE,0.1807,NA,15,68,NA,NA,NA,lincRNA,FALSE,FALSE,FALSE,FALSE,2,1,1,1_1,fc9f998b-cc72-f6ea-e040-11ac0c482425,"DUX4L27,RNA5SP357"
12,38934417,38934417,1,snv_mnv,NA,NA,"broad,dkfz,muse,sanger",4,COSN8339854,NA,NA,FALSE,0.1791,NA,12,55,NA,NA,NA,IGR,FALSE,FALSE,FALSE,FALSE,2,1,1,1_1,fc9f998b-cc72-f6ea-e040-11ac0c482425,AC087897.2
12,40527921,40527921,1,snv_mnv,NA,NA,"broad,dkfz,muse,sanger",4,COSN8339867,NA,AluSx1,FALSE,0.2281,NA,13,44,NA,NA,NA,IGR,FALSE,FALSE,FALSE,FALSE,2,1,1,1_1,fc9f998b-cc72-f6ea-e040-11ac0c482425,NA
12,42598079,42598079,1,snv_mnv,NA,NA,"broad,dkfz,muse,sanger",4,COSN8339891,NA,L1MB7,FALSE,0.2121,NA,14,52,NA,NA,NA,Intron,FALSE,FALSE,FALSE,FALSE,2,1,1,1_1,fc9f998b-cc72-f6ea-e040-11ac0c482425,YAF2
12,43541542,43541542,1,snv_mnv,NA,NA,"broad,dkfz,muse,sanger",4,COSN8339895,NA,L4,FALSE,0.1857,NA,13,57,NA,NA,NA,IGR,FALSE,FALSE,FALSE,FALSE,2,1,1,1_1,fc9f998b-cc72-f6ea-e040-11ac0c482425,NA
12,58094998,58094998,1,snv_mnv,NA,NA,"broad,dkfz,muse,sanger",4,COSN8339987,NA,L1ME3C,FALSE,0.2833,NA,17,43,NA,NA,NA,Intron,FALSE,FALSE,FALSE,FALSE,2,1,1,1_1,fc9f998b-cc72-f6ea-e040-11ac0c482425,OS9
12,59925105,59925105,1,snv_mnv,NA,NA,"broad,dkfz,muse,sanger",4,COSN8339996,NA,SATR1,FALSE,0.2917,NA,21,51,NA,NA,NA,IGR,FALSE,FALSE,FALSE,FALSE,2,1,1,1_1,fc9f998b-cc72-f6ea-e040-11ac0c482425,NA
12,61537336,61537336,1,snv_mnv,NA,NA,"broad,dkfz,muse,sanger",4,COSN8340016,NA,MLT2B1,FALSE,0.2667,NA,16,44,NA,NA,NA,IGR,FALSE,FALSE,FALSE,FALSE,2,1,1,1_1,fc9f998b-cc72-f6ea-e040-11ac0c482425,NA
12,62437199,62437199,1,snv_mnv,NA,NA,"broad,dkfz,muse,sanger",4,COSN8340021,NA,L1PA4,FALSE,0.1356,NA,8,51,NA,NA,NA,Intron,FALSE,FALSE,FALSE,FALSE,2,1,1,1_1,fc9f998b-cc72-f6ea-e040-11ac0c482425,NA
12,62734575,62734575,1,snv_mnv,NA,NA,"broad,dkfz,muse,sanger",4,COSN8340025,NA,L1PA8,FALSE,0.1591,NA,14,74,NA,NA,NA,Intron,FALSE,FALSE,FALSE,FALSE,2,1,1,1_1,fc9f998b-cc72-f6ea-e040-11ac0c482425,USP15
12,64132084,64132084,1,snv_mnv,NA,NA,"broad,muse,sanger",3,COSN8340038,NA,LTR33,FALSE,0.1964,NA,11,45,NA,NA,NA,RNA,FALSE,FALSE,FALSE,FALSE,2,1,1,1_1,fc9f998b-cc72-f6ea-e040-11ac0c482425,NA
12,67499507,67499507,1,snv_mnv,NA,NA,"broad,dkfz,muse",3,COSN8340052,NA,L1MA5,FALSE,0.2308,NA,15,50,NA,NA,NA,IGR,FALSE,FALSE,FALSE,FALSE,2,1,1,1_1,fc9f998b-cc72-f6ea-e040-11ac0c482425,NA
12,67964653,67964653,1,snv_mnv,NA,NA,"broad,dkfz,muse,sanger",4,COSN8340056,NA,NA,FALSE,0.1268,NA,9,62,NA,NA,NA,lincRNA,FALSE,FALSE,FALSE,FALSE,2,1,1,1_1,fc9f998b-cc72-f6ea-e040-11ac0c482425,"LINC02408,LINC02442"
12,68061362,68061362,1,snv_mnv,NA,NA,"broad,dkfz,muse,sanger",4,COSN8340057,NA,NA,FALSE,0.1412,NA,12,73,NA,NA,NA,IGR,FALSE,FALSE,FALSE,FALSE,2,1,1,1_1,fc9f998b-cc72-f6ea-e040-11ac0c482425,DYRK2
12,71137824,71137824,1,snv_mnv,NA,NA,"broad,dkfz,muse,sanger",4,COSN8340076,NA,Zaphod3,FALSE,0.1848,NA,17,75,NA,NA,NA,Intron,FALSE,FALSE,FALSE,FALSE,2,1,1,1_1,fc9f998b-cc72-f6ea-e040-11ac0c482425,NA
12,71660511,71660511,1,snv_mnv,NA,NA,"broad,dkfz,muse,sanger",4,COSN8340077,NA,NA,FALSE,0.0984,NA,6,55,NA,NA,NA,Intron,FALSE,FALSE,FALSE,FALSE,2,1,1,1_1,fc9f998b-cc72-f6ea-e040-11ac0c482425,NA
12,73705573,73705573,1,snv_mnv,NA,NA,"broad,dkfz,muse",3,COSN8340093,NA,L1PA16,FALSE,0.1695,NA,10,49,NA,NA,NA,IGR,FALSE,FALSE,FALSE,FALSE,2,1,1,1_1,fc9f998b-cc72-f6ea-e040-11ac0c482425,NA
12,77404733,77404733,1,snv_mnv,NA,NA,"broad,dkfz,muse,sanger",4,COSN8340119,NA,NA,FALSE,0.1757,NA,13,61,NA,NA,NA,IGR,FALSE,FALSE,FALSE,FALSE,2,1,1,1_1,fc9f998b-cc72-f6ea-e040-11ac0c482425,NA
12,82590959,82590959,1,snv_mnv,NA,NA,"broad,dkfz,muse,sanger",4,COSN8340155,NA,L1PA16,FALSE,0.0926,NA,5,49,NA,NA,NA,IGR,FALSE,FALSE,FALSE,FALSE,2,1,1,1_1,fc9f998b-cc72-f6ea-e040-11ac0c482425,NA
12,83276037,83276037,1,snv_mnv,NA,NA,"broad,dkfz,muse,sanger",4,COSN8340158,NA,AluYa5,FALSE,0.2093,NA,9,34,NA,NA,NA,Intron,FALSE,FALSE,FALSE,FALSE,2,1,1,1_1,fc9f998b-cc72-f6ea-e040-11ac0c482425,NA
12,83836776,83836776,1,snv_mnv,NA,NA,"broad,dkfz,muse,sanger",4,COSN8340162,NA,L1M4b,FALSE,0.125,NA,8,56,NA,NA,NA,IGR,FALSE,FALSE,FALSE,FALSE,2,1,1,1_1,fc9f998b-cc72-f6ea-e040-11ac0c482425,NA
12,84030828,84030828,1,snv_mnv,NA,NA,"broad,dkfz,muse,sanger",4,COSN8340167,NA,L1MA4A,FALSE,0.2464,NA,17,52,NA,NA,NA,IGR,FALSE,FALSE,FALSE,FALSE,2,1,1,1_1,fc9f998b-cc72-f6ea-e040-11ac0c482425,NA
12,84916407,84916407,1,snv_mnv,NA,NA,"broad,dkfz,muse,sanger",4,COSN8340176,NA,NA,FALSE,0.2353,NA,16,52,NA,NA,NA,IGR,FALSE,FALSE,FALSE,FALSE,2,1,1,1_1,fc9f998b-cc72-f6ea-e040-11ac0c482425,NA
12,86410131,86410131,1,snv_mnv,NA,NA,"broad,dkfz,muse,sanger",4,COSN8340191,NA,NA,FALSE,0.0941,NA,8,77,NA,NA,NA,Intron,FALSE,FALSE,FALSE,FALSE,2,1,1,1_1,fc9f998b-cc72-f6ea-e040-11ac0c482425,NA
12,87802935,87802935,1,snv_mnv,NA,NA,"broad,muse,sanger",3,COSN8340211,NA,MSTA-int,FALSE,0.082,NA,5,56,NA,NA,NA,IGR,FALSE,FALSE,FALSE,FALSE,2,1,1,1_1,fc9f998b-cc72-f6ea-e040-11ac0c482425,NA
12,92364842,92364842,1,snv_mnv,NA,NA,"broad,dkfz,muse,sanger",4,COSN8340243,NA,MSTA-int,FALSE,0.1294,NA,11,74,NA,NA,NA,IGR,FALSE,FALSE,FALSE,FALSE,2,1,1,1_1,fc9f998b-cc72-f6ea-e040-11ac0c482425,NA
12,93460360,93460360,1,snv_mnv,NA,NA,"broad,dkfz,muse,sanger",4,COSN8340249,NA,NA,FALSE,0.1818,NA,16,72,NA,NA,NA,RNA,FALSE,FALSE,FALSE,FALSE,2,1,1,1_1,fc9f998b-cc72-f6ea-e040-11ac0c482425,NA
12,94237686,94237686,1,snv_mnv,NA,NA,"broad,dkfz,muse,sanger",4,COSN8340253,NA,AluSx,FALSE,0.2326,NA,10,33,NA,NA,NA,Intron,FALSE,FALSE,FALSE,FALSE,2,1,1,1_1,fc9f998b-cc72-f6ea-e040-11ac0c482425,CRADD
12,95737308,95737308,1,snv_mnv,NA,NA,"broad,dkfz,muse,sanger",4,COSN8340258,NA,L3,FALSE,0.2267,NA,17,58,NA,NA,NA,IGR,FALSE,FALSE,FALSE,FALSE,2,1,1,1_1,fc9f998b-cc72-f6ea-e040-11ac0c482425,AC084879.1
12,97279601,97279601,1,snv_mnv,NA,NA,"broad,dkfz,muse,sanger",4,COSN8340268,NA,polypyrimidine,FALSE,0.1455,NA,8,47,NA,NA,NA,IGR,FALSE,FALSE,FALSE,FALSE,2,1,1,1_1,fc9f998b-cc72-f6ea-e040-11ac0c482425,NA
12,98245496,98245496,1,snv_mnv,NA,NA,"broad,dkfz,muse,sanger",4,COSN8340277,NA,NA,FALSE,0.3051,NA,18,41,NA,NA,NA,IGR,FALSE,FALSE,FALSE,FALSE,2,1,1,1_1,fc9f998b-cc72-f6ea-e040-11ac0c482425,NA
12,98710076,98710076,1,snv_mnv,NA,NA,"broad,dkfz,muse,sanger",4,COSN8340284,NA,L1PA6,FALSE,0.1591,NA,14,74,NA,NA,NA,IGR,FALSE,FALSE,FALSE,FALSE,2,1,1,1_1,fc9f998b-cc72-f6ea-e040-11ac0c482425,AC008055.1
12,100960294,100960294,1,snv_mnv,NA,NA,"broad,dkfz,muse,sanger",4,COSN8339451,NA,MLT1A0,FALSE,0.0723,NA,6,77,NA,NA,NA,IGR,FALSE,FALSE,FALSE,FALSE,2,1,1,1_1,fc9f998b-cc72-f6ea-e040-11ac0c482425,NR1H4
12,102303240,102303240,1,snv_mnv,NA,NA,"broad,dkfz,muse,sanger",4,COSN8339460,NA,NA,FALSE,0.2593,NA,14,40,NA,NA,NA,Intron,FALSE,FALSE,FALSE,FALSE,2,1,1,1_1,fc9f998b-cc72-f6ea-e040-11ac0c482425,DRAM1
12,103027480,103027480,1,snv_mnv,NA,NA,"broad,dkfz,muse,sanger",4,COSN8339468,NA,NA,FALSE,0.2295,NA,14,47,NA,NA,NA,IGR,FALSE,FALSE,FALSE,FALSE,2,1,1,1_1,fc9f998b-cc72-f6ea-e040-11ac0c482425,NA
12,103117984,103117984,1,snv_mnv,NA,NA,"broad,dkfz,muse,sanger",4,COSN8339469,NA,LTR79,FALSE,0.2088,NA,19,72,NA,NA,NA,IGR,FALSE,FALSE,FALSE,FALSE,2,1,1,1_1,fc9f998b-cc72-f6ea-e040-11ac0c482425,NA
12,103384768,103384768,1,snv_mnv,NA,NA,"broad,dkfz,muse,sanger",4,COSN8339472,NA,MLT1C,FALSE,0.1446,NA,12,71,NA,NA,NA,IGR,FALSE,FALSE,FALSE,FALSE,2,1,1,1_1,fc9f998b-cc72-f6ea-e040-11ac0c482425,NA
12,108862208,108862208,1,snv_mnv,NA,NA,"broad,dkfz,muse,sanger",4,COSN8339493,NA,NA,FALSE,0.2456,NA,14,43,NA,NA,NA,RNA,FALSE,FALSE,FALSE,FALSE,2,1,1,1_1,fc9f998b-cc72-f6ea-e040-11ac0c482425,NA
12,111784619,111784619,1,snv_mnv,NA,NA,"broad,dkfz,muse,sanger",4,COSN8339514,NA,AluSx,FALSE,0.2838,NA,21,53,NA,NA,NA,Intron,FALSE,FALSE,FALSE,FALSE,2,1,1,1_1,fc9f998b-cc72-f6ea-e040-11ac0c482425,NA
12,112072598,112072598,1,snv_mnv,NA,NA,"broad,muse,sanger",3,COSN8339515,NA,AluJo,FALSE,0.2162,NA,16,58,NA,NA,NA,IGR,FALSE,FALSE,FALSE,FALSE,2,1,1,1_1,fc9f998b-cc72-f6ea-e040-11ac0c482425,NA
12,115399409,115399409,1,snv_mnv,NA,NA,"broad,dkfz,muse,sanger",4,COSN8339528,NA,NA,FALSE,0.2048,NA,17,66,NA,NA,NA,IGR,FALSE,FALSE,FALSE,FALSE,2,1,1,1_1,fc9f998b-cc72-f6ea-e040-11ac0c482425,NA
12,121373021,121373021,1,snv_mnv,NA,NA,"broad,dkfz,muse,sanger",4,COSN8339558,NA,AluSz,FALSE,0.2162,NA,16,58,NA,NA,NA,IGR,FALSE,FALSE,FALSE,FALSE,2,1,1,1_1,fc9f998b-cc72-f6ea-e040-11ac0c482425,NA
12,123547133,123547133,1,snv_mnv,NA,NA,"broad,dkfz,muse,sanger",4,COSN8339566,NA,MER46C,FALSE,0.2299,NA,20,67,NA,NA,NA,Intron,FALSE,FALSE,FALSE,FALSE,2,1,1,1_1,fc9f998b-cc72-f6ea-e040-11ac0c482425,NA
12,123849894,123849894,1,snv_mnv,NA,NA,"broad,dkfz,muse,sanger",4,COSN8339567,NA,NA,FALSE,0.2571,NA,9,26,NA,NA,NA,5'Flank,FALSE,FALSE,FALSE,FALSE,2,1,1,1_1,fc9f998b-cc72-f6ea-e040-11ac0c482425,"SBNO1,MIR8072"
12,125613887,125613887,1,snv_mnv,NA,NA,"broad,dkfz,muse,sanger",4,COSM3849513,rs757502578,NA,FALSE,0.1932,NA,17,71,NA,NA,NA,Missense_Mutation,FALSE,FALSE,FALSE,FALSE,2,1,1,1_1,fc9f998b-cc72-f6ea-e040-11ac0c482425,AACS
12,125746349,125746349,1,snv_mnv,NA,NA,"broad,dkfz,muse,sanger",4,COSN8339575,NA,NA,FALSE,0.0806,NA,5,57,NA,NA,NA,Intron,FALSE,FALSE,FALSE,FALSE,2,1,1,1_1,fc9f998b-cc72-f6ea-e040-11ac0c482425,NA
12,128670373,128670373,1,snv_mnv,3.9936e-4,rs559408736,"broad,dkfz,muse,sanger",4,COSN8339625,rs559408736,AluSz,FALSE,0.0909,NA,3,30,NA,NA,NA,IGR,FALSE,FALSE,FALSE,FALSE,2,1,1,1_1,fc9f998b-cc72-f6ea-e040-11ac0c482425,AC061709.1
12,129131711,129131711,1,snv_mnv,NA,NA,"broad,dkfz,muse,sanger",4,COSN8339637,rs375174590,NA,FALSE,0.1524,NA,16,89,NA,NA,NA,Intron,FALSE,FALSE,FALSE,FALSE,2,1,1,1_1,fc9f998b-cc72-f6ea-e040-11ac0c482425,NA
12,129473658,129473658,1,snv_mnv,NA,NA,"broad,dkfz,muse,sanger",4,COSN8339639,NA,NA,FALSE,0.2316,NA,22,73,NA,NA,NA,IGR,FALSE,FALSE,FALSE,FALSE,2,1,1,1_1,fc9f998b-cc72-f6ea-e040-11ac0c482425,GLT1D1
12,131185816,131185816,1,snv_mnv,1.9968e-4,rs565889941,"broad,dkfz,muse,sanger",4,COSN8339652,rs565889941,NA,FALSE,0.2308,NA,24,80,NA,NA,NA,Intron,FALSE,FALSE,FALSE,FALSE,2,1,1,1_1,fc9f998b-cc72-f6ea-e040-11ac0c482425,NA
12,133444772,133444772,1,snv_mnv,NA,NA,"broad,dkfz,muse,sanger",4,COSN8339670,NA,L1MB7,FALSE,0.1556,NA,14,76,NA,NA,NA,Intron,FALSE,FALSE,FALSE,FALSE,2,1,1,1_1,fc9f998b-cc72-f6ea-e040-11ac0c482425,"CHFR,AC127070.4"
13,19097111,19097111,1,snv_mnv,NA,NA,"broad,muse,sanger",3,COSN8340416,NA,THE1B,FALSE,0.1278,NA,17,116,NA,NA,NA,IGR,FALSE,FALSE,FALSE,FALSE,2,1,1,1_1,fc9f998b-cc72-f6ea-e040-11ac0c482425,NA
13,19719892,19719892,1,snv_mnv,3.9936e-4,rs570184525,"broad,dkfz,muse,sanger",4,COSN8340424,rs570184525,AluSg,FALSE,0.1803,NA,11,50,NA,NA,NA,RNA,FALSE,FALSE,FALSE,FALSE,2,1,1,1_1,fc9f998b-cc72-f6ea-e040-11ac0c482425,NA
13,19722291,19722291,1,snv_mnv,NA,NA,"broad,dkfz,muse,sanger",4,COSN8340425,NA,MLT1D-int,FALSE,0.2031,NA,13,51,NA,NA,NA,IGR,FALSE,FALSE,FALSE,FALSE,2,1,1,1_1,fc9f998b-cc72-f6ea-e040-11ac0c482425,"AL139327.3,SMPD4P2"
13,21633167,21633167,1,snv_mnv,NA,NA,"broad,dkfz,muse,sanger",4,COSN8340440,NA,NA,FALSE,0.1746,NA,11,52,NA,NA,NA,Intron,FALSE,FALSE,FALSE,FALSE,2,1,1,1_1,fc9f998b-cc72-f6ea-e040-11ac0c482425,NA
13,22038080,22038080,1,snv_mnv,NA,NA,"broad,dkfz,muse,sanger",4,COSN8340441,NA,NA,FALSE,0.1167,NA,7,53,NA,NA,NA,IGR,FALSE,FALSE,FALSE,FALSE,2,1,1,1_1,fc9f998b-cc72-f6ea-e040-11ac0c482425,ZDHHC20
13,25206789,25206789,1,snv_mnv,NA,NA,"broad,dkfz,muse,sanger",4,COSN8340466,NA,NA,FALSE,0.2529,NA,22,65,NA,NA,NA,IGR,FALSE,FALSE,FALSE,FALSE,2,1,1,1_1,fc9f998b-cc72-f6ea-e040-11ac0c482425,NA
13,26036954,26036954,1,snv_mnv,NA,NA,"broad,dkfz,muse,sanger",4,COSN8340470,NA,MER21C,FALSE,0.0674,NA,6,83,NA,NA,NA,Intron,FALSE,FALSE,FALSE,FALSE,2,1,1,1_1,fc9f998b-cc72-f6ea-e040-11ac0c482425,NA
13,27158629,27158629,1,snv_mnv,NA,NA,"broad,dkfz,muse,sanger",4,COSN8340477,rs756682396,NA,FALSE,0.2239,NA,15,52,NA,NA,NA,Intron,FALSE,FALSE,FALSE,FALSE,2,1,1,1_1,fc9f998b-cc72-f6ea-e040-11ac0c482425,NA
13,27860864,27860864,1,snv_mnv,NA,NA,"broad,dkfz,muse,sanger",4,COSN8340482,NA,NA,FALSE,0.1087,NA,5,41,NA,NA,NA,IGR,FALSE,FALSE,FALSE,FALSE,2,1,1,1_1,fc9f998b-cc72-f6ea-e040-11ac0c482425,NA
13,29108457,29108457,1,snv_mnv,1.9968e-4,rs527708123,"broad,dkfz,muse,sanger",4,COSN8340490,rs527708123,NA,FALSE,0.1,NA,7,63,NA,NA,NA,IGR,FALSE,FALSE,FALSE,FALSE,2,1,1,1_1,fc9f998b-cc72-f6ea-e040-11ac0c482425,NA
13,29889887,29889887,1,snv_mnv,NA,NA,"broad,dkfz,muse,sanger",4,COSN8340501,NA,NA,FALSE,0.2529,NA,22,65,NA,NA,NA,Intron,FALSE,FALSE,FALSE,FALSE,2,1,1,1_1,fc9f998b-cc72-f6ea-e040-11ac0c482425,NA
13,30452104,30452104,1,snv_mnv,NA,NA,"broad,dkfz,muse,sanger",4,COSN8340506,NA,NA,FALSE,0.0988,NA,8,73,NA,NA,NA,lincRNA,FALSE,FALSE,FALSE,FALSE,2,1,1,1_1,fc9f998b-cc72-f6ea-e040-11ac0c482425,NA
13,30506360,30506360,1,snv_mnv,NA,NA,"broad,dkfz,muse,sanger",4,COSN8340507,NA,Tigger1,FALSE,0.1299,NA,10,67,NA,NA,NA,IGR,FALSE,FALSE,FALSE,FALSE,2,1,1,1_1,fc9f998b-cc72-f6ea-e040-11ac0c482425,LINC00544
13,31396402,31396402,1,snv_mnv,NA,NA,"broad,dkfz,muse,sanger",4,COSN8340510,NA,L2a,FALSE,0.1744,NA,15,71,NA,NA,NA,IGR,FALSE,FALSE,FALSE,FALSE,2,1,1,1_1,fc9f998b-cc72-f6ea-e040-11ac0c482425,NA
13,33115252,33115252,1,snv_mnv,NA,NA,"broad,dkfz,muse,sanger",4,COSN8340520,NA,AluSx1,FALSE,0.2041,NA,10,39,NA,NA,NA,5'Flank,FALSE,FALSE,FALSE,FALSE,2,1,1,1_1,fc9f998b-cc72-f6ea-e040-11ac0c482425,N4BP2L2
13,36691199,36691199,1,snv_mnv,NA,NA,"broad,dkfz,muse,sanger",4,COSN8340533,NA,NA,FALSE,0.1875,NA,12,52,NA,NA,NA,Intron,FALSE,FALSE,FALSE,FALSE,2,1,1,1_1,fc9f998b-cc72-f6ea-e040-11ac0c482425,NA
13,37403811,37403811,1,snv_mnv,NA,NA,"broad,dkfz,muse,sanger",4,COSN8340538,NA,MLT1H,FALSE,0.1231,NA,8,57,NA,NA,NA,IGR,FALSE,FALSE,FALSE,FALSE,2,1,1,1_1,fc9f998b-cc72-f6ea-e040-11ac0c482425,RFXAP
13,45817423,45817423,1,snv_mnv,NA,NA,"broad,dkfz,muse,sanger",4,COSN8340578,NA,MER1B,FALSE,0.0843,NA,7,76,NA,NA,NA,Intron,FALSE,FALSE,FALSE,FALSE,2,1,1,1_1,fc9f998b-cc72-f6ea-e040-11ac0c482425,NA
13,52598521,52598521,1,snv_mnv,NA,NA,"broad,dkfz,muse,sanger",4,COSM3849528,NA,NA,FALSE,0.2192,NA,16,57,NA,NA,NA,Missense_Mutation,FALSE,FALSE,FALSE,FALSE,2,1,1,1_1,fc9f998b-cc72-f6ea-e040-11ac0c482425,UTP14C
13,54122913,54122913,1,snv_mnv,NA,NA,"broad,dkfz,muse,sanger",4,COSN8340620,NA,L1PA15,FALSE,0.1724,NA,10,48,NA,NA,NA,IGR,FALSE,FALSE,FALSE,FALSE,2,1,1,1_1,fc9f998b-cc72-f6ea-e040-11ac0c482425,NA
13,54632845,54632845,1,snv_mnv,NA,NA,"broad,dkfz,muse,sanger",4,COSN8340624,NA,NA,FALSE,0.1884,NA,13,56,NA,NA,NA,IGR,FALSE,FALSE,FALSE,FALSE,2,1,1,1_1,fc9f998b-cc72-f6ea-e040-11ac0c482425,NA
13,55330822,55330822,1,snv_mnv,NA,NA,"broad,dkfz,muse,sanger",4,COSN8340637,rs754289478,NA,FALSE,0.2766,NA,13,34,NA,NA,NA,IGR,FALSE,FALSE,FALSE,FALSE,2,1,1,1_1,fc9f998b-cc72-f6ea-e040-11ac0c482425,NA
13,55790141,55790141,1,snv_mnv,NA,NA,"broad,dkfz,muse,sanger",4,COSN8340642,NA,L1ME4a,FALSE,0.2273,NA,15,51,NA,NA,NA,IGR,FALSE,FALSE,FALSE,FALSE,2,1,1,1_1,fc9f998b-cc72-f6ea-e040-11ac0c482425,NA
13,56229591,56229591,1,snv_mnv,NA,NA,"broad,dkfz,muse,sanger",4,COSN8340653,rs187606488,HERVH-int,FALSE,0.129,NA,8,54,NA,NA,NA,IGR,FALSE,FALSE,FALSE,FALSE,2,1,1,1_1,fc9f998b-cc72-f6ea-e040-11ac0c482425,NA
13,57560268,57560268,1,snv_mnv,NA,NA,"broad,dkfz,muse,sanger",4,COSN8340684,NA,MIR,FALSE,0.25,NA,18,54,NA,NA,NA,IGR,FALSE,FALSE,FALSE,FALSE,2,1,1,1_1,fc9f998b-cc72-f6ea-e040-11ac0c482425,NA
13,57988475,57988475,1,snv_mnv,NA,NA,"broad,dkfz,muse,sanger",4,COSN8340691,NA,L1M1,FALSE,0.2027,NA,15,59,NA,NA,NA,IGR,FALSE,FALSE,FALSE,FALSE,2,1,1,1_1,fc9f998b-cc72-f6ea-e040-11ac0c482425,NA
13,58212506,58212506,1,snv_mnv,NA,NA,"broad,dkfz,muse,sanger",4,COSN8340694,NA,NA,FALSE,0.1967,NA,12,49,NA,NA,NA,Intron,FALSE,FALSE,FALSE,FALSE,2,1,1,1_1,fc9f998b-cc72-f6ea-e040-11ac0c482425,AL445288.1
13,58402923,58402923,1,snv_mnv,NA,NA,"broad,dkfz,muse,sanger",4,COSN8340697,NA,NA,FALSE,0.2222,NA,18,63,NA,NA,NA,IGR,FALSE,FALSE,FALSE,FALSE,2,1,1,1_1,fc9f998b-cc72-f6ea-e040-11ac0c482425,NA
13,58939670,58939670,1,snv_mnv,NA,NA,"broad,dkfz,muse,sanger",4,COSN8340709,NA,NA,FALSE,0.1346,NA,7,45,NA,NA,NA,IGR,FALSE,FALSE,FALSE,FALSE,2,1,1,1_1,fc9f998b-cc72-f6ea-e040-11ac0c482425,NA
13,59536989,59536989,1,snv_mnv,NA,NA,"broad,dkfz,muse,sanger",4,COSN8340725,rs774699182,NA,FALSE,0.1129,NA,7,55,NA,NA,NA,IGR,FALSE,FALSE,FALSE,FALSE,2,1,1,1_1,fc9f998b-cc72-f6ea-e040-11ac0c482425,NA
13,62188353,62188353,1,snv_mnv,NA,NA,"broad,dkfz,muse,sanger",4,COSN8340750,NA,MLT1I,FALSE,0.2239,NA,15,52,NA,NA,NA,IGR,FALSE,FALSE,FALSE,FALSE,2,1,1,1_1,fc9f998b-cc72-f6ea-e040-11ac0c482425,NA
13,62734112,62734112,1,snv_mnv,NA,NA,"broad,dkfz,muse,sanger",4,COSN8340758,NA,NA,FALSE,0.1515,NA,10,56,NA,NA,NA,IGR,FALSE,FALSE,FALSE,FALSE,2,1,1,1_1,fc9f998b-cc72-f6ea-e040-11ac0c482425,NA
13,63576546,63576546,1,snv_mnv,NA,NA,"broad,dkfz,muse,sanger",4,COSN8340766,NA,L1PB1,FALSE,0.2239,NA,15,52,NA,NA,NA,IGR,FALSE,FALSE,FALSE,FALSE,2,1,1,1_1,fc9f998b-cc72-f6ea-e040-11ac0c482425,NA
13,65855184,65855184,1,snv_mnv,NA,NA,"broad,dkfz,muse",3,COSN8340800,NA,L1MB1,FALSE,0.1733,NA,13,62,NA,NA,NA,IGR,FALSE,FALSE,FALSE,FALSE,2,1,1,1_1,fc9f998b-cc72-f6ea-e040-11ac0c482425,NA
13,66835973,66835973,1,snv_mnv,NA,NA,"broad,dkfz,muse,sanger",4,COSN8340823,NA,NA,FALSE,0.2222,NA,14,49,NA,NA,NA,IGR,FALSE,FALSE,FALSE,FALSE,2,1,1,1_1,fc9f998b-cc72-f6ea-e040-11ac0c482425,NA
13,66903514,66903514,1,snv_mnv,NA,NA,"broad,dkfz,muse,sanger",4,COSN8340825,NA,NA,FALSE,0.2321,NA,13,43,NA,NA,NA,Intron,FALSE,FALSE,FALSE,FALSE,2,1,1,1_1,fc9f998b-cc72-f6ea-e040-11ac0c482425,NA
13,68698739,68698739,1,snv_mnv,NA,NA,"broad,dkfz,muse,sanger",4,COSN8340844,NA,NA,FALSE,0.1458,NA,7,41,NA,NA,NA,IGR,FALSE,FALSE,FALSE,FALSE,2,1,1,1_1,fc9f998b-cc72-f6ea-e040-11ac0c482425,NA
13,71136570,71136570,1,snv_mnv,NA,NA,"broad,dkfz,muse,sanger",4,COSN8340858,NA,NA,FALSE,0.2459,NA,15,46,NA,NA,NA,IGR,FALSE,FALSE,FALSE,FALSE,2,1,1,1_1,fc9f998b-cc72-f6ea-e040-11ac0c482425,AL445264.1
13,71155121,71155121,1,snv_mnv,NA,NA,"broad,dkfz,muse,sanger",4,COSN8340859,NA,NA,FALSE,0.2368,NA,18,58,NA,NA,NA,IGR,FALSE,FALSE,FALSE,FALSE,2,1,1,1_1,fc9f998b-cc72-f6ea-e040-11ac0c482425,NA
13,73814320,73814320,1,snv_mnv,NA,NA,"broad,dkfz,muse,sanger",4,COSN8340873,NA,NA,FALSE,0.25,NA,14,42,NA,NA,NA,IGR,FALSE,FALSE,FALSE,FALSE,2,1,1,1_1,fc9f998b-cc72-f6ea-e040-11ac0c482425,NA
13,74893633,74893633,1,snv_mnv,NA,NA,"broad,dkfz,muse,sanger",4,COSN8340878,NA,NA,FALSE,0.2203,NA,13,46,NA,NA,NA,IGR,FALSE,FALSE,FALSE,FALSE,2,1,1,1_1,fc9f998b-cc72-f6ea-e040-11ac0c482425,NA
13,75489290,75489290,1,snv_mnv,NA,NA,"broad,dkfz,muse,sanger",4,COSN8340881,NA,NA,FALSE,0.1273,NA,7,48,NA,NA,NA,IGR,FALSE,FALSE,FALSE,FALSE,2,1,1,1_1,fc9f998b-cc72-f6ea-e040-11ac0c482425,NA
13,76894530,76894530,1,snv_mnv,NA,NA,"broad,dkfz,muse,sanger",4,COSN8340887,NA,L1MA9,FALSE,0.2857,NA,20,50,NA,NA,NA,IGR,FALSE,FALSE,FALSE,FALSE,2,1,1,1_1,fc9f998b-cc72-f6ea-e040-11ac0c482425,NA
13,79622872,79622872,1,snv_mnv,NA,NA,"broad,dkfz,muse,sanger",4,COSN8340906,NA,NA,FALSE,0.2405,NA,19,60,NA,NA,NA,IGR,FALSE,FALSE,FALSE,FALSE,2,1,1,1_1,fc9f998b-cc72-f6ea-e040-11ac0c482425,NA
13,82724010,82724010,1,snv_mnv,NA,NA,"broad,dkfz,muse,sanger",4,COSN8340946,NA,L1MB1,FALSE,0.1094,NA,7,57,NA,NA,NA,IGR,FALSE,FALSE,FALSE,FALSE,2,1,1,1_1,fc9f998b-cc72-f6ea-e040-11ac0c482425,NA
13,83236481,83236481,1,snv_mnv,NA,NA,"broad,dkfz,muse,sanger",4,COSN8340952,NA,NA,FALSE,0.2381,NA,15,48,NA,NA,NA,IGR,FALSE,FALSE,FALSE,FALSE,2,1,1,1_1,fc9f998b-cc72-f6ea-e040-11ac0c482425,NA
13,83716521,83716521,1,snv_mnv,NA,NA,"broad,dkfz,muse,sanger",4,COSN8340961,NA,L1MA6,FALSE,0.1864,NA,11,48,NA,NA,NA,IGR,FALSE,FALSE,FALSE,FALSE,2,1,1,1_1,fc9f998b-cc72-f6ea-e040-11ac0c482425,AL512782.1
13,85413573,85413573,1,snv_mnv,NA,NA,"broad,dkfz,muse,sanger",4,COSN8340988,NA,AluSg,FALSE,0.1667,NA,10,50,NA,NA,NA,IGR,FALSE,FALSE,FALSE,FALSE,2,1,1,1_1,fc9f998b-cc72-f6ea-e040-11ac0c482425,NA
13,87788631,87788631,1,snv_mnv,NA,NA,"broad,dkfz,muse,sanger",4,COSN8341019,NA,MLT1C,FALSE,0.2295,NA,14,47,NA,NA,NA,IGR,FALSE,FALSE,FALSE,FALSE,2,1,1,1_1,fc9f998b-cc72-f6ea-e040-11ac0c482425,NA
13,90000751,90000751,1,snv_mnv,NA,NA,"broad,dkfz,muse,sanger",4,COSN8341045,NA,THE1C,FALSE,0.2556,NA,23,67,NA,NA,NA,IGR,FALSE,FALSE,FALSE,FALSE,2,1,1,1_1,fc9f998b-cc72-f6ea-e040-11ac0c482425,NA
13,92173330,92173330,1,snv_mnv,NA,NA,"broad,dkfz,muse,sanger",4,COSN8341058,NA,NA,FALSE,0.3115,NA,19,42,NA,NA,NA,Intron,FALSE,FALSE,FALSE,FALSE,2,1,1,1_1,fc9f998b-cc72-f6ea-e040-11ac0c482425,NA
13,92309795,92309795,1,snv_mnv,3.9936e-4,rs550278037,"broad,dkfz,muse,sanger",4,COSN8341059,rs550278037,MER20,FALSE,0.209,NA,14,53,NA,NA,NA,Intron,FALSE,FALSE,FALSE,FALSE,2,1,1,1_1,fc9f998b-cc72-f6ea-e040-11ac0c482425,NA
13,92855428,92855428,1,snv_mnv,NA,NA,"broad,muse,sanger",3,COSN8341066,NA,L1HS,FALSE,0.2381,NA,15,48,NA,NA,NA,Intron,FALSE,FALSE,FALSE,FALSE,2,1,1,1_1,fc9f998b-cc72-f6ea-e040-11ac0c482425,NA
13,93959993,93959993,1,snv_mnv,NA,NA,"broad,dkfz,muse,sanger",4,COSN8341069,NA,NA,FALSE,0.1951,NA,16,66,NA,NA,NA,Intron,FALSE,FALSE,FALSE,FALSE,2,1,1,1_1,fc9f998b-cc72-f6ea-e040-11ac0c482425,NA
13,96273074,96273074,1,snv_mnv,NA,NA,"broad,dkfz,muse,sanger",4,COSN8341077,NA,NA,FALSE,0.0787,NA,7,82,NA,NA,NA,Intron,FALSE,FALSE,FALSE,FALSE,2,1,1,1_1,fc9f998b-cc72-f6ea-e040-11ac0c482425,NA
13,97688113,97688113,1,snv_mnv,NA,NA,"broad,dkfz,muse,sanger",4,COSN8341089,NA,L1M1,FALSE,0.137,NA,10,63,NA,NA,NA,IGR,FALSE,FALSE,FALSE,FALSE,2,1,1,1_1,fc9f998b-cc72-f6ea-e040-11ac0c482425,NA
13,98757383,98757383,1,snv_mnv,NA,NA,"dkfz,muse,sanger",3,COSN8341096,NA,NA,FALSE,0.1011,NA,9,80,NA,NA,NA,IGR,FALSE,FALSE,FALSE,FALSE,2,1,1,1_1,fc9f998b-cc72-f6ea-e040-11ac0c482425,NA
13,101441849,101441849,1,snv_mnv,NA,NA,"broad,dkfz,muse,sanger",4,COSN8340301,NA,NA,FALSE,0.0808,NA,8,91,NA,NA,NA,RNA,FALSE,FALSE,FALSE,FALSE,2,1,1,1_1,fc9f998b-cc72-f6ea-e040-11ac0c482425,NA
13,101637518,101637518,1,snv_mnv,NA,NA,"broad,dkfz,muse,sanger",4,COSN8340302,NA,NA,FALSE,0.2576,NA,17,49,NA,NA,NA,RNA,FALSE,FALSE,FALSE,FALSE,2,1,1,1_1,fc9f998b-cc72-f6ea-e040-11ac0c482425,NA
13,102499260,102499260,1,snv_mnv,NA,NA,"broad,dkfz,muse,sanger",4,COSN8340313,NA,NA,FALSE,0.25,NA,14,42,NA,NA,NA,Intron,FALSE,FALSE,FALSE,FALSE,2,1,1,1_1,fc9f998b-cc72-f6ea-e040-11ac0c482425,NA
13,102509354,102509354,1,snv_mnv,NA,NA,"broad,dkfz,muse,sanger",4,COSN8340314,rs773263944,NA,FALSE,0.1935,NA,12,50,NA,NA,NA,Intron,FALSE,FALSE,FALSE,FALSE,2,1,1,1_1,fc9f998b-cc72-f6ea-e040-11ac0c482425,NA
13,102886172,102886172,1,snv_mnv,NA,NA,"broad,dkfz,muse,sanger",4,COSN8340319,NA,NA,FALSE,0.2604,NA,25,71,NA,NA,NA,Intron,FALSE,FALSE,FALSE,FALSE,2,1,1,1_1,fc9f998b-cc72-f6ea-e040-11ac0c482425,NA
13,102886180,102886180,1,snv_mnv,NA,NA,"broad,dkfz,muse,sanger",4,COSN8340320,NA,NA,FALSE,0.2604,NA,25,71,NA,NA,NA,Intron,FALSE,FALSE,FALSE,FALSE,2,1,1,1_1,fc9f998b-cc72-f6ea-e040-11ac0c482425,NA
13,105608037,105608037,1,snv_mnv,NA,NA,"broad,muse,sanger",3,COSN8340344,NA,AluY,FALSE,0.2292,NA,11,37,NA,NA,NA,IGR,FALSE,FALSE,FALSE,FALSE,2,1,1,1_1,fc9f998b-cc72-f6ea-e040-11ac0c482425,NA
13,105645120,105645120,1,snv_mnv,NA,NA,"broad,dkfz,muse,sanger",4,COSN8340345,NA,L1MA8,FALSE,0.3099,NA,22,49,NA,NA,NA,IGR,FALSE,FALSE,FALSE,FALSE,2,1,1,1_1,fc9f998b-cc72-f6ea-e040-11ac0c482425,NA
13,108152211,108152211,1,snv_mnv,NA,NA,"broad,dkfz,muse,sanger",4,COSN8340361,NA,NA,FALSE,0.1429,NA,9,54,NA,NA,NA,Intron,FALSE,FALSE,FALSE,FALSE,2,1,1,1_1,fc9f998b-cc72-f6ea-e040-11ac0c482425,NA
13,108406471,108406471,1,snv_mnv,NA,NA,"broad,dkfz,muse,sanger",4,COSN8340364,NA,NA,FALSE,0.2568,NA,19,55,NA,NA,NA,Intron,FALSE,FALSE,FALSE,FALSE,2,1,1,1_1,fc9f998b-cc72-f6ea-e040-11ac0c482425,NA
13,108899610,108899610,1,snv_mnv,NA,NA,"broad,dkfz,muse,sanger",4,COSN8340369,NA,MER44D,FALSE,0.2317,NA,19,63,NA,NA,NA,IGR,FALSE,FALSE,FALSE,FALSE,2,1,1,1_1,fc9f998b-cc72-f6ea-e040-11ac0c482425,TNFSF13B
13,110478334,110478334,1,snv_mnv,NA,NA,"broad,dkfz,muse,sanger",4,COSN8340384,NA,L1PA6,FALSE,0.2951,NA,18,43,NA,NA,NA,IGR,FALSE,FALSE,FALSE,FALSE,2,1,1,1_1,fc9f998b-cc72-f6ea-e040-11ac0c482425,NA
13,112056777,112056777,1,snv_mnv,NA,NA,"broad,dkfz,muse,sanger",4,COSN8340393,rs180858642,AluSx1,FALSE,0.2289,NA,19,64,NA,NA,NA,IGR,FALSE,FALSE,FALSE,FALSE,2,1,1,1_1,fc9f998b-cc72-f6ea-e040-11ac0c482425,NA
13,112691585,112691585,1,snv_mnv,NA,NA,"broad,muse,sanger",3,COSN8340401,NA,LTR33,FALSE,0.1731,NA,9,43,NA,NA,NA,IGR,FALSE,FALSE,FALSE,FALSE,2,1,1,1_1,fc9f998b-cc72-f6ea-e040-11ac0c482425,NA
13,113672581,113672581,1,snv_mnv,NA,NA,"broad,dkfz,muse",3,COSN8340407,NA,NA,FALSE,0.2603,NA,19,54,NA,NA,NA,Intron,FALSE,FALSE,FALSE,FALSE,2,1,1,1_1,fc9f998b-cc72-f6ea-e040-11ac0c482425,NA
14,20527489,20527489,1,snv_mnv,NA,NA,"broad,dkfz,muse,sanger",4,COSN8341144,NA,Tigger1,FALSE,0.1724,NA,10,48,NA,NA,NA,5'Flank,FALSE,FALSE,FALSE,FALSE,2,1,1,1_1,fc9f998b-cc72-f6ea-e040-11ac0c482425,OR4L1
14,21020818,21020818,1,snv_mnv,NA,NA,"broad,dkfz,muse,sanger",4,COSN8341148,NA,NA,FALSE,0.1304,NA,9,60,NA,NA,NA,IGR,FALSE,FALSE,FALSE,FALSE,2,1,1,1_1,fc9f998b-cc72-f6ea-e040-11ac0c482425,RNASE9
14,22018298,22018298,1,snv_mnv,NA,NA,"broad,dkfz,muse,sanger",4,COSN8341152,NA,AluSx3,FALSE,0.0972,NA,7,65,NA,NA,NA,IGR,FALSE,FALSE,FALSE,FALSE,2,1,1,1_1,fc9f998b-cc72-f6ea-e040-11ac0c482425,NA
14,26975280,26975280,1,snv_mnv,NA,NA,"broad,muse,sanger",3,COSN8341181,NA,NA,FALSE,0.0882,NA,6,62,NA,NA,NA,Intron,FALSE,FALSE,FALSE,FALSE,2,1,1,1_1,fc9f998b-cc72-f6ea-e040-11ac0c482425,NA
14,27174257,27174257,1,snv_mnv,NA,NA,"broad,dkfz,muse,sanger",4,COSN8341183,NA,NA,FALSE,0.3125,NA,20,44,NA,NA,NA,RNA,FALSE,FALSE,FALSE,FALSE,2,1,1,1_1,fc9f998b-cc72-f6ea-e040-11ac0c482425,NA
14,28775768,28775768,1,snv_mnv,NA,NA,"broad,muse,sanger",3,COSN8341216,NA,L1PB4,FALSE,0.0877,NA,5,52,NA,NA,NA,IGR,FALSE,FALSE,FALSE,FALSE,2,1,1,1_1,fc9f998b-cc72-f6ea-e040-11ac0c482425,NA
14,29280462,29280462,1,snv_mnv,NA,NA,"broad,dkfz,muse,sanger",4,COSN8341229,NA,L2b,FALSE,0.1765,NA,12,56,NA,NA,NA,Intron,FALSE,FALSE,FALSE,FALSE,2,1,1,1_1,fc9f998b-cc72-f6ea-e040-11ac0c482425,NA
14,29856151,29856151,1,snv_mnv,NA,NA,"broad,dkfz,muse,sanger",4,COSN8341237,NA,NA,FALSE,0.1642,NA,11,56,NA,NA,NA,IGR,FALSE,FALSE,FALSE,FALSE,2,1,1,1_1,fc9f998b-cc72-f6ea-e040-11ac0c482425,AL158058.1
14,33336453,33336453,1,snv_mnv,NA,NA,"dkfz,muse,sanger",3,COSN8341254,NA,NA,FALSE,0.1852,NA,10,44,NA,NA,NA,IGR,FALSE,FALSE,FALSE,FALSE,2,1,1,1_1,fc9f998b-cc72-f6ea-e040-11ac0c482425,NA
14,35080457,35080457,1,snv_mnv,NA,NA,"broad,dkfz,muse,sanger",4,COSN8341264,NA,NA,FALSE,0.2609,NA,12,34,NA,NA,NA,Intron,FALSE,FALSE,FALSE,FALSE,2,1,1,1_1,fc9f998b-cc72-f6ea-e040-11ac0c482425,NA
14,39462848,39462848,1,snv_mnv,NA,NA,"broad,dkfz,muse,sanger",4,COSN8341287,NA,L1PA16,FALSE,0.0933,NA,7,68,NA,NA,NA,IGR,FALSE,FALSE,FALSE,FALSE,2,1,1,1_1,fc9f998b-cc72-f6ea-e040-11ac0c482425,NA
14,40532976,40532976,1,snv_mnv,NA,NA,"broad,muse,sanger",3,COSN8341295,NA,MLT1D,FALSE,0.1429,NA,8,48,NA,NA,NA,IGR,FALSE,FALSE,FALSE,FALSE,2,1,1,1_1,fc9f998b-cc72-f6ea-e040-11ac0c482425,NA
14,42244534,42244534,1,snv_mnv,NA,NA,"broad,dkfz,muse,sanger",4,COSN8341313,rs570796376,AluY,FALSE,0.3182,NA,14,30,NA,NA,NA,Intron,FALSE,FALSE,FALSE,FALSE,2,1,1,1_1,fc9f998b-cc72-f6ea-e040-11ac0c482425,NA
14,42264988,42264988,1,snv_mnv,NA,NA,"broad,dkfz,muse,sanger",4,COSN8341314,NA,L1PA5,FALSE,0.283,NA,15,38,NA,NA,NA,Intron,FALSE,FALSE,FALSE,FALSE,2,1,1,1_1,fc9f998b-cc72-f6ea-e040-11ac0c482425,NA
14,42910003,42910003,1,snv_mnv,3.9936e-4,rs529772376,"broad,dkfz,muse,sanger",4,COSN8341326,rs529772376,NA,FALSE,0.1452,NA,9,53,NA,NA,NA,lincRNA,FALSE,FALSE,FALSE,FALSE,2,1,1,1_1,fc9f998b-cc72-f6ea-e040-11ac0c482425,NA
14,43706039,43706039,1,snv_mnv,NA,NA,"broad,dkfz,muse,sanger",4,COSN8341339,NA,NA,FALSE,0.3387,NA,21,41,NA,NA,NA,IGR,FALSE,FALSE,FALSE,FALSE,2,1,1,1_1,fc9f998b-cc72-f6ea-e040-11ac0c482425,NA
14,45241078,45241078,1,snv_mnv,NA,NA,"dkfz,muse",2,COSN8341358,NA,NA,FALSE,0.1304,NA,9,60,NA,NA,NA,lincRNA,FALSE,FALSE,FALSE,FALSE,2,1,1,1_1,fc9f998b-cc72-f6ea-e040-11ac0c482425,NA
14,46661667,46661667,1,snv_mnv,NA,NA,"broad,dkfz,muse,sanger",4,COSN8341374,NA,L1M1,FALSE,0.2174,NA,15,54,NA,NA,NA,lincRNA,FALSE,FALSE,FALSE,FALSE,2,1,1,1_1,fc9f998b-cc72-f6ea-e040-11ac0c482425,NA
14,46875856,46875856,1,snv_mnv,NA,NA,"broad,dkfz,muse,sanger",4,COSN8341381,NA,NA,FALSE,0.1791,NA,12,55,NA,NA,NA,lincRNA,FALSE,FALSE,FALSE,FALSE,2,1,1,1_1,fc9f998b-cc72-f6ea-e040-11ac0c482425,NA
14,49301881,49301881,1,snv_mnv,NA,NA,"broad,dkfz,muse,sanger",4,COSN8341423,NA,L2,FALSE,0.274,NA,20,53,NA,NA,NA,IGR,FALSE,FALSE,FALSE,FALSE,2,1,1,1_1,fc9f998b-cc72-f6ea-e040-11ac0c482425,NA
14,50797148,50797148,1,snv_mnv,NA,NA,"broad,dkfz,muse,sanger",4,COSN8341426,NA,NA,FALSE,0.1549,NA,11,60,NA,NA,NA,Intron,FALSE,FALSE,FALSE,FALSE,2,1,1,1_1,fc9f998b-cc72-f6ea-e040-11ac0c482425,"DMAC2L,CDKL1,AL359397.2"
14,52334780,52334780,1,snv_mnv,NA,NA,"broad,dkfz,muse,sanger",4,COSN8341435,NA,L2c,FALSE,0.2,NA,15,60,NA,NA,NA,Intron,FALSE,FALSE,FALSE,FALSE,2,1,1,1_1,fc9f998b-cc72-f6ea-e040-11ac0c482425,NA
14,53414114,53414114,1,snv_mnv,NA,NA,"broad,dkfz,muse,sanger",4,COSN8341438,NA,AluY,FALSE,0.1692,NA,11,54,NA,NA,NA,Intron,FALSE,FALSE,FALSE,FALSE,2,1,1,1_1,fc9f998b-cc72-f6ea-e040-11ac0c482425,NA
14,56321681,56321681,1,snv_mnv,NA,NA,"broad,dkfz,muse,sanger",4,COSN8341460,NA,NA,FALSE,0.1818,NA,12,54,NA,NA,NA,IGR,FALSE,FALSE,FALSE,FALSE,2,1,1,1_1,fc9f998b-cc72-f6ea-e040-11ac0c482425,NA
14,60136594,60136594,1,snv_mnv,NA,NA,"broad,dkfz,muse,sanger",4,COSN8341477,NA,NA,FALSE,0.2022,NA,18,71,NA,NA,NA,Intron,FALSE,FALSE,FALSE,FALSE,2,1,1,1_1,fc9f998b-cc72-f6ea-e040-11ac0c482425,NA
14,60194430,60194430,1,snv_mnv,NA,NA,"broad,dkfz,muse,sanger",4,COSN8341478,NA,NA,FALSE,0.1231,NA,8,57,NA,NA,NA,Intron,FALSE,FALSE,FALSE,FALSE,2,1,1,1_1,fc9f998b-cc72-f6ea-e040-11ac0c482425,NA
14,63021205,63021205,1,snv_mnv,NA,NA,"broad,dkfz,muse,sanger",4,COSN8341492,NA,L1MD,FALSE,0.2391,NA,11,35,NA,NA,NA,IGR,FALSE,FALSE,FALSE,FALSE,2,1,1,1_1,fc9f998b-cc72-f6ea-e040-11ac0c482425,NA
14,63469774,63469774,1,snv_mnv,NA,NA,"broad,dkfz,muse,sanger",4,COSN8341499,NA,NA,FALSE,0.1667,NA,9,45,NA,NA,NA,Intron,FALSE,FALSE,FALSE,FALSE,2,1,1,1_1,fc9f998b-cc72-f6ea-e040-11ac0c482425,NA
14,64232274,64232274,1,snv_mnv,NA,NA,"broad,dkfz,muse,sanger",4,COSN8341500,NA,AluY,FALSE,0.2439,NA,20,62,NA,NA,NA,IGR,FALSE,FALSE,FALSE,FALSE,2,1,1,1_1,fc9f998b-cc72-f6ea-e040-11ac0c482425,AL161670.1
14,71083334,71083334,1,snv_mnv,NA,NA,"broad,dkfz,muse,sanger",4,COSN8341523,NA,L1MA6,FALSE,0.1385,NA,9,56,NA,NA,NA,lincRNA,FALSE,FALSE,FALSE,FALSE,2,1,1,1_1,fc9f998b-cc72-f6ea-e040-11ac0c482425,NA
14,72275463,72275463,1,snv_mnv,NA,NA,"broad,dkfz,muse,sanger",4,COSN8341530,NA,L1PA6,FALSE,0.1897,NA,11,47,NA,NA,NA,IGR,FALSE,FALSE,FALSE,FALSE,2,1,1,1_1,fc9f998b-cc72-f6ea-e040-11ac0c482425,NA
14,77411651,77411651,1,snv_mnv,NA,NA,"broad,dkfz,muse,sanger",4,COSN8341565,NA,AluSx1,FALSE,0.2241,NA,13,45,NA,NA,NA,IGR,FALSE,FALSE,FALSE,FALSE,2,1,1,1_1,fc9f998b-cc72-f6ea-e040-11ac0c482425,NA
14,79321121,79321121,1,snv_mnv,1.9968e-4,rs559432341,"broad,dkfz,muse,sanger",4,COSN8341575,rs559432341,NA,FALSE,0.1912,NA,13,55,NA,NA,NA,Intron,FALSE,FALSE,FALSE,FALSE,2,1,1,1_1,fc9f998b-cc72-f6ea-e040-11ac0c482425,NA
14,81797216,81797216,1,snv_mnv,NA,NA,"broad,dkfz,muse",3,COSN8341585,NA,NA,FALSE,0.2133,NA,16,59,NA,NA,NA,Intron,FALSE,FALSE,FALSE,FALSE,2,1,1,1_1,fc9f998b-cc72-f6ea-e040-11ac0c482425,AL121769.1
14,82190554,82190554,1,snv_mnv,NA,NA,"broad,dkfz,muse,sanger",4,COSN8341586,NA,NA,FALSE,0.141,NA,11,67,NA,NA,NA,IGR,FALSE,FALSE,FALSE,FALSE,2,1,1,1_1,fc9f998b-cc72-f6ea-e040-11ac0c482425,LINC02311
14,83975486,83975486,1,snv_mnv,NA,NA,"broad,dkfz,muse,sanger",4,COSN8341603,NA,L1MEf,FALSE,0.1167,NA,7,53,NA,NA,NA,IGR,FALSE,FALSE,FALSE,FALSE,2,1,1,1_1,fc9f998b-cc72-f6ea-e040-11ac0c482425,NA
14,84098505,84098505,1,snv_mnv,NA,NA,"broad,dkfz,muse,sanger",4,COSN8341606,NA,MIRb,FALSE,0.2745,NA,14,37,NA,NA,NA,IGR,FALSE,FALSE,FALSE,FALSE,2,1,1,1_1,fc9f998b-cc72-f6ea-e040-11ac0c482425,NA
14,84481004,84481004,1,snv_mnv,NA,NA,"broad,dkfz,muse,sanger",4,COSN8341614,NA,NA,FALSE,0.2174,NA,15,54,NA,NA,NA,IGR,FALSE,FALSE,FALSE,FALSE,2,1,1,1_1,fc9f998b-cc72-f6ea-e040-11ac0c482425,NA
14,85762427,85762427,1,snv_mnv,NA,NA,"broad,dkfz,muse,sanger",4,COSN8341619,NA,AluSc8,FALSE,0.2564,NA,20,58,NA,NA,NA,IGR,FALSE,FALSE,FALSE,FALSE,2,1,1,1_1,fc9f998b-cc72-f6ea-e040-11ac0c482425,NA
14,86560064,86560064,1,snv_mnv,NA,NA,"broad,muse,sanger",3,COSN8341628,NA,AluYb8,FALSE,0.2286,NA,8,27,NA,NA,NA,lincRNA,FALSE,FALSE,FALSE,FALSE,2,1,1,1_1,fc9f998b-cc72-f6ea-e040-11ac0c482425,NA
14,86759604,86759604,1,snv_mnv,NA,NA,"broad,dkfz,muse,sanger",4,COSN8341632,NA,NA,FALSE,0.2857,NA,16,40,NA,NA,NA,IGR,FALSE,FALSE,FALSE,FALSE,2,1,1,1_1,fc9f998b-cc72-f6ea-e040-11ac0c482425,NA
14,87164332,87164332,1,snv_mnv,NA,NA,"broad,dkfz,muse,sanger",4,COSN8341634,NA,LTR82A,FALSE,0.1899,NA,15,64,NA,NA,NA,IGR,FALSE,FALSE,FALSE,FALSE,2,1,1,1_1,fc9f998b-cc72-f6ea-e040-11ac0c482425,NA
14,87867658,87867658,1,snv_mnv,NA,NA,"broad,muse,sanger",3,COSN8341641,NA,LTR37B,FALSE,0.0735,NA,5,63,NA,NA,NA,lincRNA,FALSE,FALSE,FALSE,FALSE,2,1,1,1_1,fc9f998b-cc72-f6ea-e040-11ac0c482425,NA
14,89224657,89224657,1,snv_mnv,NA,NA,"broad,dkfz,muse,sanger",4,COSN8341649,NA,AluSq2,FALSE,0.1864,NA,11,48,NA,NA,NA,Intron,FALSE,FALSE,FALSE,FALSE,2,1,1,1_1,fc9f998b-cc72-f6ea-e040-11ac0c482425,NA
14,89917480,89917480,1,snv_mnv,NA,NA,"broad,dkfz,muse,sanger",4,COSN8341652,NA,NA,FALSE,0.2024,NA,17,67,NA,NA,NA,Intron,FALSE,FALSE,FALSE,FALSE,2,1,1,1_1,fc9f998b-cc72-f6ea-e040-11ac0c482425,NA
14,97130619,97130619,1,snv_mnv,NA,NA,"dkfz,sanger",2,COSN8341685,NA,NA,FALSE,NA,NA,NA,38,NA,NA,NA,IGR,FALSE,FALSE,FALSE,FALSE,2,1,1,1_1,fc9f998b-cc72-f6ea-e040-11ac0c482425,NA
14,97746715,97746715,1,snv_mnv,NA,NA,"broad,muse,sanger",3,COSN8341689,NA,AluSx4,FALSE,0.2,NA,20,80,NA,NA,NA,IGR,FALSE,FALSE,FALSE,FALSE,2,1,1,1_1,fc9f998b-cc72-f6ea-e040-11ac0c482425,NA
14,99885012,99885012,1,snv_mnv,NA,NA,"broad,dkfz,muse,sanger",4,COSN8341705,NA,NA,FALSE,0.2069,NA,12,46,NA,NA,NA,Intron,FALSE,FALSE,FALSE,FALSE,2,1,1,1_1,fc9f998b-cc72-f6ea-e040-11ac0c482425,NA
14,100147684,100147684,1,snv_mnv,NA,NA,"broad,dkfz,muse,sanger",4,COSN8341102,NA,NA,FALSE,0.2174,NA,25,90,NA,NA,NA,5'Flank,FALSE,FALSE,FALSE,FALSE,2,1,1,1_1,fc9f998b-cc72-f6ea-e040-11ac0c482425,"CYP46A1,HHIPL1"
14,100377957,100377957,1,snv_mnv,NA,NA,"broad,dkfz,muse,sanger",4,COSN8341106,NA,NA,FALSE,0.2258,NA,14,48,NA,NA,NA,Intron,FALSE,FALSE,FALSE,FALSE,2,1,1,1_1,fc9f998b-cc72-f6ea-e040-11ac0c482425,EML1
14,101699166,101699166,1,snv_mnv,1.9968e-4,rs532852505,"broad,dkfz,muse,sanger",4,COSN8341111,rs532852505,NA,FALSE,0.1942,NA,20,83,NA,NA,NA,IGR,FALSE,FALSE,FALSE,FALSE,2,1,1,1_1,fc9f998b-cc72-f6ea-e040-11ac0c482425,NA
14,104827067,104827067,1,snv_mnv,NA,NA,"broad,dkfz,muse,sanger",4,COSN8341124,NA,NA,FALSE,0.2247,NA,20,69,NA,NA,NA,IGR,FALSE,FALSE,FALSE,FALSE,2,1,1,1_1,fc9f998b-cc72-f6ea-e040-11ac0c482425,NA
15,25498921,25498921,1,snv_mnv,NA,NA,"broad,dkfz,muse,sanger",4,COSN8341776,NA,NA,FALSE,0.2556,NA,23,67,NA,NA,NA,RNA,FALSE,FALSE,FALSE,FALSE,2,1,1,1_1,fc9f998b-cc72-f6ea-e040-11ac0c482425,"SNORD115-43,AC124303.2,SNORD115-44"
15,26366261,26366261,1,snv_mnv,NA,NA,"broad,dkfz,muse,sanger",4,COSN8341783,NA,NA,FALSE,0.2877,NA,21,52,NA,NA,NA,lincRNA,FALSE,FALSE,FALSE,FALSE,2,1,1,1_1,fc9f998b-cc72-f6ea-e040-11ac0c482425,LINC00929
15,27312584,27312584,1,snv_mnv,1.9968e-4,rs145471829,"broad,dkfz,muse,sanger",4,COSN8341794,rs145471829,LTR16A1,FALSE,0.2113,NA,15,56,NA,NA,NA,Intron,FALSE,FALSE,FALSE,FALSE,2,1,1,1_1,fc9f998b-cc72-f6ea-e040-11ac0c482425,NA
15,29044004,29044004,1,snv_mnv,NA,NA,"broad,dkfz,muse,sanger",4,COSN8341807,NA,NA,FALSE,0.2,NA,14,56,NA,NA,NA,RNA,FALSE,FALSE,FALSE,FALSE,2,1,1,1_1,fc9f998b-cc72-f6ea-e040-11ac0c482425,PDCD6IPP2
15,29051134,29051134,1,snv_mnv,NA,NA,"broad,dkfz,muse,sanger",4,COSN8341808,NA,NA,FALSE,0.2069,NA,18,69,NA,NA,NA,RNA,FALSE,FALSE,FALSE,FALSE,2,1,1,1_1,fc9f998b-cc72-f6ea-e040-11ac0c482425,NA
15,34539118,34539118,1,snv_mnv,NA,NA,"broad,dkfz,muse,sanger",4,COSN8341823,NA,AluJb,FALSE,0.1548,NA,13,71,NA,NA,NA,Intron,FALSE,FALSE,FALSE,FALSE,2,1,1,1_1,fc9f998b-cc72-f6ea-e040-11ac0c482425,SLC12A6
15,35821479,35821479,1,snv_mnv,NA,NA,"broad,dkfz,muse,sanger",4,COSN8341825,NA,MSTA,FALSE,0.2976,NA,25,59,NA,NA,NA,Intron,FALSE,FALSE,FALSE,FALSE,2,1,1,1_1,fc9f998b-cc72-f6ea-e040-11ac0c482425,NA
15,36410645,36410645,1,snv_mnv,NA,NA,"broad,dkfz,muse,sanger",4,COSN8341833,NA,MIR,FALSE,0.0789,NA,6,70,NA,NA,NA,lincRNA,FALSE,FALSE,FALSE,FALSE,2,1,1,1_1,fc9f998b-cc72-f6ea-e040-11ac0c482425,NA
15,39210916,39210916,1,snv_mnv,NA,NA,"broad,dkfz,muse,sanger",4,COSN8341863,NA,NA,FALSE,0.1268,NA,9,62,NA,NA,NA,RNA,FALSE,FALSE,FALSE,FALSE,2,1,1,1_1,fc9f998b-cc72-f6ea-e040-11ac0c482425,NA
15,46341889,46341889,1,snv_mnv,NA,NA,"broad,dkfz,muse,sanger",4,COSN8341892,rs764959452,L1PA16,FALSE,0.24,NA,12,38,NA,NA,NA,IGR,FALSE,FALSE,FALSE,FALSE,2,1,1,1_1,fc9f998b-cc72-f6ea-e040-11ac0c482425,NA
15,46459833,46459833,1,snv_mnv,NA,NA,"broad,dkfz,muse,sanger",4,COSN8341895,NA,L1MB3,FALSE,0.1831,NA,13,58,NA,NA,NA,IGR,FALSE,FALSE,FALSE,FALSE,2,1,1,1_1,fc9f998b-cc72-f6ea-e040-11ac0c482425,NA
15,48696086,48696086,1,snv_mnv,NA,NA,"broad,dkfz,muse,sanger",4,COSN8341915,NA,AluSp,FALSE,0.1837,NA,9,40,NA,NA,NA,IGR,FALSE,FALSE,FALSE,FALSE,2,1,1,1_1,fc9f998b-cc72-f6ea-e040-11ac0c482425,FBN1
15,49269987,49269987,1,snv_mnv,NA,NA,"broad,dkfz,muse,sanger",4,COSN8341920,NA,L1PA15,FALSE,0.2073,NA,17,65,NA,NA,NA,IGR,FALSE,FALSE,FALSE,FALSE,2,1,1,1_1,fc9f998b-cc72-f6ea-e040-11ac0c482425,KRT8P24
15,51125185,51125185,1,snv_mnv,5.9904e-4,rs540233652,"broad,dkfz,muse,sanger",4,COSN8341930,rs540233652,AluSx,FALSE,0.1129,NA,7,55,NA,NA,NA,IGR,FALSE,FALSE,FALSE,FALSE,2,1,1,1_1,fc9f998b-cc72-f6ea-e040-11ac0c482425,NA
15,51681436,51681436,1,snv_mnv,NA,NA,"broad,dkfz,muse,sanger",4,COSN8341937,NA,NA,FALSE,0.29,NA,29,71,NA,NA,NA,Intron,FALSE,FALSE,FALSE,FALSE,2,1,1,1_1,fc9f998b-cc72-f6ea-e040-11ac0c482425,GLDN
15,53599185,53599185,1,snv_mnv,NA,NA,"broad,dkfz,muse,sanger",4,COSN8341949,NA,NA,FALSE,0.07,NA,7,93,NA,NA,NA,IGR,FALSE,FALSE,FALSE,FALSE,2,1,1,1_1,fc9f998b-cc72-f6ea-e040-11ac0c482425,NA
15,55967747,55967747,1,snv_mnv,NA,NA,"broad,dkfz,muse,sanger",4,COSM3816389,NA,NA,FALSE,0.2424,NA,16,50,NA,NA,NA,Missense_Mutation,FALSE,FALSE,FALSE,FALSE,2,1,1,1_1,fc9f998b-cc72-f6ea-e040-11ac0c482425,"PRTG,AC012378.1"
15,58742229,58742229,1,snv_mnv,NA,NA,"broad,dkfz,muse,sanger",4,COSN8342000,NA,NA,FALSE,0.2,NA,16,64,NA,NA,NA,Intron,FALSE,FALSE,FALSE,FALSE,2,1,1,1_1,fc9f998b-cc72-f6ea-e040-11ac0c482425,AC084781.1
15,60186414,60186414,1,snv_mnv,NA,NA,"broad,dkfz,muse,sanger",4,COSN8342006,NA,AluJo,FALSE,0.2048,NA,17,66,NA,NA,NA,IGR,FALSE,FALSE,FALSE,FALSE,2,1,1,1_1,fc9f998b-cc72-f6ea-e040-11ac0c482425,NA
15,60278360,60278360,1,snv_mnv,NA,NA,"broad,dkfz,muse,sanger",4,COSN8342007,NA,AluJb,FALSE,0.1091,NA,6,49,NA,NA,NA,IGR,FALSE,FALSE,FALSE,FALSE,2,1,1,1_1,fc9f998b-cc72-f6ea-e040-11ac0c482425,NA
15,61491881,61491881,1,snv_mnv,NA,NA,"broad,dkfz,muse,sanger",4,COSN8342012,NA,NA,FALSE,0.2917,NA,21,51,NA,NA,NA,Intron,FALSE,FALSE,FALSE,FALSE,2,1,1,1_1,fc9f998b-cc72-f6ea-e040-11ac0c482425,AC012404.1
15,70680177,70680177,1,snv_mnv,NA,NA,"broad,dkfz,muse,sanger",4,COSN8342046,NA,NA,FALSE,0.2381,NA,20,64,NA,NA,NA,IGR,FALSE,FALSE,FALSE,FALSE,2,1,1,1_1,fc9f998b-cc72-f6ea-e040-11ac0c482425,NA
15,74644450,74644450,1,snv_mnv,NA,NA,"broad,muse,sanger",3,COSN8342065,NA,MER51-int,FALSE,0.1818,NA,8,36,NA,NA,NA,Intron,FALSE,FALSE,FALSE,FALSE,2,1,1,1_1,fc9f998b-cc72-f6ea-e040-11ac0c482425,PPIAP46
15,75024487,75024487,1,snv_mnv,NA,NA,"broad,dkfz,muse,sanger",4,COSN8342066,NA,AluSx1,FALSE,0.1884,NA,13,56,NA,NA,NA,IGR,FALSE,FALSE,FALSE,FALSE,2,1,1,1_1,fc9f998b-cc72-f6ea-e040-11ac0c482425,NA
15,76320146,76320146,1,snv_mnv,1.9968e-4,rs528215428,"broad,dkfz,muse,sanger",4,COSN8342071,rs528215428,L1M2c,FALSE,0.1404,NA,8,49,NA,NA,NA,Intron,FALSE,FALSE,FALSE,FALSE,2,1,1,1_1,fc9f998b-cc72-f6ea-e040-11ac0c482425,NA
15,78975091,78975091,1,snv_mnv,NA,NA,"broad,dkfz,muse,sanger",4,COSN8342091,NA,NA,FALSE,0.1692,NA,11,54,NA,NA,NA,Intron,FALSE,FALSE,FALSE,FALSE,2,1,1,1_1,fc9f998b-cc72-f6ea-e040-11ac0c482425,CHRNB4
15,85698778,85698778,1,snv_mnv,7.9872e-4,rs563023181,"broad,dkfz,muse,sanger",4,COSN8342114,rs563023181,NA,FALSE,0.2239,NA,15,52,NA,NA,NA,IGR,FALSE,FALSE,FALSE,FALSE,2,1,1,1_1,fc9f998b-cc72-f6ea-e040-11ac0c482425,NA
15,88261895,88261895,1,snv_mnv,NA,NA,"broad,dkfz,muse,sanger",4,COSN8342127,NA,NA,FALSE,0.1667,NA,11,55,NA,NA,NA,IGR,FALSE,FALSE,FALSE,FALSE,2,1,1,1_1,fc9f998b-cc72-f6ea-e040-11ac0c482425,NA
15,88338285,88338285,1,snv_mnv,NA,NA,"broad,dkfz,muse,sanger",4,COSN8342129,NA,NA,FALSE,0.1961,NA,20,82,NA,NA,NA,IGR,FALSE,FALSE,FALSE,FALSE,2,1,1,1_1,fc9f998b-cc72-f6ea-e040-11ac0c482425,NA
15,88502156,88502156,1,snv_mnv,NA,NA,"broad,dkfz,muse,sanger",4,COSN8342131,NA,L2a,FALSE,0.24,NA,12,38,NA,NA,NA,Intron,FALSE,FALSE,FALSE,FALSE,2,1,1,1_1,fc9f998b-cc72-f6ea-e040-11ac0c482425,NA
15,88727423,88727423,1,snv_mnv,NA,NA,"broad,dkfz,muse,sanger",4,COSN8342132,NA,NA,FALSE,0.2059,NA,14,54,NA,NA,NA,Intron,FALSE,FALSE,FALSE,FALSE,2,1,1,1_1,fc9f998b-cc72-f6ea-e040-11ac0c482425,NA
15,91287100,91287100,1,snv_mnv,NA,NA,"broad,dkfz,muse,sanger",4,COSN8342145,NA,NA,FALSE,0.2703,NA,20,54,NA,NA,NA,Intron,FALSE,FALSE,FALSE,FALSE,2,1,1,1_1,fc9f998b-cc72-f6ea-e040-11ac0c482425,BLM
15,92663009,92663009,1,snv_mnv,NA,NA,"broad,dkfz,muse,sanger",4,COSN8342158,NA,L2a,FALSE,0.0882,NA,6,62,NA,NA,NA,Intron,FALSE,FALSE,FALSE,FALSE,2,1,1,1_1,fc9f998b-cc72-f6ea-e040-11ac0c482425,NA
15,94844662,94844662,1,snv_mnv,NA,NA,"broad,dkfz,muse,sanger",4,COSN8342168,NA,NA,FALSE,0.1294,NA,11,74,NA,NA,NA,Intron,FALSE,FALSE,FALSE,FALSE,2,1,1,1_1,fc9f998b-cc72-f6ea-e040-11ac0c482425,NA
15,96345959,96345959,1,snv_mnv,NA,NA,"broad,dkfz,muse,sanger",4,COSN8342179,NA,L2c,FALSE,0.1429,NA,10,60,NA,NA,NA,IGR,FALSE,FALSE,FALSE,FALSE,2,1,1,1_1,fc9f998b-cc72-f6ea-e040-11ac0c482425,NA
15,98418856,98418856,1,snv_mnv,NA,NA,"broad,muse,sanger",3,COSN8342206,NA,LTR12D,FALSE,0.1818,NA,6,27,NA,NA,NA,5'Flank,FALSE,FALSE,FALSE,FALSE,2,1,1,1_1,fc9f998b-cc72-f6ea-e040-11ac0c482425,"LINC00923,AC024651.2"
16,6867976,6867976,1,snv_mnv,NA,NA,"broad,dkfz,muse,sanger",4,COSN8342594,NA,MIRb,FALSE,0.1818,NA,16,72,NA,NA,NA,Intron,FALSE,FALSE,FALSE,FALSE,2,1,1,1_1,fc9f998b-cc72-f6ea-e040-11ac0c482425,NA
16,7512448,7512448,1,snv_mnv,NA,NA,"broad,muse",2,COSN15874016,NA,AluSx1,FALSE,0.0781,NA,5,59,NA,NA,NA,Intron,FALSE,FALSE,FALSE,FALSE,2,1,1,1_1,fc9f998b-cc72-f6ea-e040-11ac0c482425,NA
16,7548239,7548239,1,snv_mnv,NA,NA,"broad,dkfz,muse,sanger",4,COSN8342639,NA,NA,FALSE,0.1528,NA,11,61,NA,NA,NA,Intron,FALSE,FALSE,FALSE,FALSE,2,1,1,1_1,fc9f998b-cc72-f6ea-e040-11ac0c482425,NA
16,7741047,7741047,1,snv_mnv,NA,NA,"broad,dkfz,muse,sanger",4,COSN8342657,NA,NA,FALSE,0.1928,NA,16,67,NA,NA,NA,Intron,FALSE,FALSE,FALSE,FALSE,2,1,1,1_1,fc9f998b-cc72-f6ea-e040-11ac0c482425,NA
16,7743519,7743519,1,snv_mnv,NA,NA,"broad,dkfz,muse,sanger",4,COSN8342658,NA,NA,FALSE,0.2857,NA,16,40,NA,NA,NA,Intron,FALSE,FALSE,FALSE,FALSE,2,1,1,1_1,fc9f998b-cc72-f6ea-e040-11ac0c482425,NA
16,7743520,7743520,1,snv_mnv,NA,NA,"broad,dkfz,muse,sanger",4,COSN8342659,NA,NA,FALSE,0.2857,NA,16,40,NA,NA,NA,Intron,FALSE,FALSE,FALSE,FALSE,2,1,1,1_1,fc9f998b-cc72-f6ea-e040-11ac0c482425,NA
16,17614228,17614228,1,snv_mnv,NA,NA,"broad,dkfz,muse,sanger",4,COSN8342274,NA,MamRep137,FALSE,0.1304,NA,12,80,NA,NA,NA,IGR,FALSE,FALSE,FALSE,FALSE,2,1,1,1_1,fc9f998b-cc72-f6ea-e040-11ac0c482425,NA
16,17915312,17915312,1,snv_mnv,NA,NA,"broad,dkfz,muse,sanger",4,COSN8342279,NA,MIRc,FALSE,0.2807,NA,16,41,NA,NA,NA,IGR,FALSE,FALSE,FALSE,FALSE,2,1,1,1_1,fc9f998b-cc72-f6ea-e040-11ac0c482425,AC025277.1
16,18076191,18076191,1,snv_mnv,NA,NA,"broad,dkfz,muse,sanger",4,COSN8342284,NA,MLT1F2,FALSE,0.1845,NA,19,84,NA,NA,NA,lincRNA,FALSE,FALSE,FALSE,FALSE,2,1,1,1_1,fc9f998b-cc72-f6ea-e040-11ac0c482425,NA
16,19453156,19453156,1,snv_mnv,NA,NA,"broad,dkfz,muse,sanger",4,COSN8342292,NA,AluSx,FALSE,0.1194,NA,8,59,NA,NA,NA,Intron,FALSE,FALSE,FALSE,FALSE,2,1,1,1_1,fc9f998b-cc72-f6ea-e040-11ac0c482425,NA
16,19632215,19632215,1,snv_mnv,NA,NA,"broad,dkfz,muse,sanger",4,COSN8342293,NA,AluSz,FALSE,0.2373,NA,14,45,NA,NA,NA,Intron,FALSE,FALSE,FALSE,FALSE,2,1,1,1_1,fc9f998b-cc72-f6ea-e040-11ac0c482425,VPS35L
16,20046073,20046073,1,snv_mnv,NA,NA,"broad,muse",2,COSN8342295,NA,L1ME3C,FALSE,0.0847,NA,5,54,NA,NA,NA,Intron,FALSE,FALSE,FALSE,FALSE,2,1,1,1_1,fc9f998b-cc72-f6ea-e040-11ac0c482425,NA
16,21234890,21234890,1,snv_mnv,NA,NA,"broad,dkfz,muse,sanger",4,COSN8342300,NA,AluSp,FALSE,0.0909,NA,6,60,NA,NA,NA,IGR,FALSE,FALSE,FALSE,FALSE,2,1,1,1_1,fc9f998b-cc72-f6ea-e040-11ac0c482425,NA
16,23654283,23654283,1,snv_mnv,NA,NA,"broad,dkfz,muse,sanger",4,COSM3849548,NA,NA,FALSE,0.0909,NA,5,50,NA,NA,NA,Missense_Mutation,FALSE,FALSE,FALSE,FALSE,2,1,1,1_1,fc9f998b-cc72-f6ea-e040-11ac0c482425,PALB2
16,24130221,24130221,1,snv_mnv,NA,NA,"broad,muse,sanger",3,COSN8342319,NA,NA,FALSE,0.0781,NA,5,59,NA,NA,NA,Intron,FALSE,FALSE,FALSE,FALSE,2,1,1,1_1,fc9f998b-cc72-f6ea-e040-11ac0c482425,NA
16,25709287,25709287,1,snv_mnv,NA,NA,"broad,dkfz,muse,sanger",4,COSN8342332,rs564330980,AluSc,FALSE,0.2903,NA,27,66,NA,NA,NA,Intron,FALSE,FALSE,FALSE,FALSE,2,1,1,1_1,fc9f998b-cc72-f6ea-e040-11ac0c482425,NA
16,25710322,25710322,1,snv_mnv,1.9968e-4,rs192760423,"broad,dkfz,muse,sanger",4,COSN8342333,rs192760423,MER102b,FALSE,0.2676,NA,19,52,NA,NA,NA,Intron,FALSE,FALSE,FALSE,FALSE,2,1,1,1_1,fc9f998b-cc72-f6ea-e040-11ac0c482425,NA
16,26999653,26999653,1,snv_mnv,NA,NA,"broad,dkfz,muse,sanger",4,COSN8342347,NA,NA,FALSE,0.3023,NA,26,60,NA,NA,NA,IGR,FALSE,FALSE,FALSE,FALSE,2,1,1,1_1,fc9f998b-cc72-f6ea-e040-11ac0c482425,NA
16,33847312,33847312,1,snv_mnv,NA,NA,"broad,muse,sanger",3,COSN8342382,NA,L1M4b,FALSE,0.2676,NA,19,52,NA,NA,NA,IGR,FALSE,FALSE,FALSE,FALSE,2,1,1,1_1,fc9f998b-cc72-f6ea-e040-11ac0c482425,NA
16,34873965,34873965,1,snv_mnv,NA,NA,"broad,dkfz,muse,sanger",4,COSN8342390,NA,NA,FALSE,0.1477,NA,13,75,NA,NA,NA,lincRNA,FALSE,FALSE,FALSE,FALSE,2,1,1,1_1,fc9f998b-cc72-f6ea-e040-11ac0c482425,AC092325.1
16,35189541,35189541,1,snv_mnv,NA,NA,"broad,muse,sanger",3,COSN8342394,rs747551139,L1PA3,FALSE,0.1806,NA,13,59,NA,NA,NA,IGR,FALSE,FALSE,FALSE,FALSE,2,1,1,1_1,fc9f998b-cc72-f6ea-e040-11ac0c482425,NA
16,46532674,46532674,1,snv_mnv,NA,NA,"broad,dkfz,muse,sanger",4,COSN8342403,NA,L2,FALSE,0.1905,NA,12,51,NA,NA,NA,RNA,FALSE,FALSE,FALSE,FALSE,2,1,1,1_1,fc9f998b-cc72-f6ea-e040-11ac0c482425,ANKRD26P1
16,48070543,48070543,1,snv_mnv,NA,NA,"broad,dkfz,muse,sanger",4,COSN8342406,NA,MIR3,FALSE,0.1772,NA,14,65,NA,NA,NA,IGR,FALSE,FALSE,FALSE,FALSE,2,1,1,1_1,fc9f998b-cc72-f6ea-e040-11ac0c482425,NA
16,49658553,49658553,1,snv_mnv,NA,NA,"broad,dkfz,muse,sanger",4,COSN8342420,NA,L1ME3A,FALSE,0.131,NA,11,73,NA,NA,NA,Intron,FALSE,FALSE,FALSE,FALSE,2,1,1,1_1,fc9f998b-cc72-f6ea-e040-11ac0c482425,NA
16,50716581,50716581,1,snv_mnv,NA,NA,"broad,dkfz,muse,sanger",4,COSN8342428,NA,L1ME3B,FALSE,0.2021,NA,19,75,NA,NA,NA,5'Flank,FALSE,FALSE,FALSE,FALSE,2,1,1,1_1,fc9f998b-cc72-f6ea-e040-11ac0c482425,SNX20
16,54335643,54335643,1,snv_mnv,NA,NA,"broad,dkfz,muse,sanger",4,COSN8342451,NA,NA,FALSE,0.1739,NA,12,57,NA,NA,NA,IGR,FALSE,FALSE,FALSE,FALSE,2,1,1,1_1,fc9f998b-cc72-f6ea-e040-11ac0c482425,NA
16,55565970,55565970,1,snv_mnv,NA,NA,"broad,dkfz,muse,sanger",4,COSN8342459,NA,NA,FALSE,0.2394,NA,17,54,NA,NA,NA,Intron,FALSE,FALSE,FALSE,FALSE,2,1,1,1_1,fc9f998b-cc72-f6ea-e040-11ac0c482425,NA
16,55740352,55740352,1,snv_mnv,NA,NA,"broad,dkfz,muse,sanger",4,COSN8342462,NA,NA,FALSE,0.2933,NA,22,53,NA,NA,NA,IGR,FALSE,FALSE,FALSE,FALSE,2,1,1,1_1,fc9f998b-cc72-f6ea-e040-11ac0c482425,"SLC6A2,AC136621.1"
16,57156892,57156892,1,snv_mnv,NA,NA,"broad,dkfz,muse,sanger",4,COSN8342475,NA,NA,FALSE,0.1739,NA,12,57,NA,NA,NA,Intron,FALSE,FALSE,FALSE,FALSE,2,1,1,1_1,fc9f998b-cc72-f6ea-e040-11ac0c482425,CPNE2
16,58245136,58245136,1,snv_mnv,NA,NA,"broad,dkfz,muse,sanger",4,COSN8342485,NA,NA,FALSE,0.2466,NA,18,55,NA,NA,NA,RNA,FALSE,FALSE,FALSE,FALSE,2,1,1,1_1,fc9f998b-cc72-f6ea-e040-11ac0c482425,NA
16,59657805,59657805,1,snv_mnv,NA,NA,"broad,dkfz,muse,sanger",4,COSN8342495,NA,HERVK11-int,FALSE,0.2714,NA,19,51,NA,NA,NA,IGR,FALSE,FALSE,FALSE,FALSE,2,1,1,1_1,fc9f998b-cc72-f6ea-e040-11ac0c482425,NA
16,60920989,60920989,1,snv_mnv,NA,NA,"broad,dkfz,muse,sanger",4,COSN8342518,rs761160711,L1MC1,FALSE,0.2632,NA,15,42,NA,NA,NA,IGR,FALSE,FALSE,FALSE,FALSE,2,1,1,1_1,fc9f998b-cc72-f6ea-e040-11ac0c482425,NA
16,61224002,61224002,1,snv_mnv,NA,NA,"broad,dkfz,muse,sanger",4,COSN8342521,NA,NA,FALSE,0.2059,NA,14,54,NA,NA,NA,IGR,FALSE,FALSE,FALSE,FALSE,2,1,1,1_1,fc9f998b-cc72-f6ea-e040-11ac0c482425,NA
16,62745055,62745055,1,snv_mnv,NA,NA,"broad,dkfz,muse,sanger",4,COSN8342543,NA,NA,FALSE,0.3544,NA,28,51,NA,NA,NA,IGR,FALSE,FALSE,FALSE,FALSE,2,1,1,1_1,fc9f998b-cc72-f6ea-e040-11ac0c482425,NA
16,72934089,72934089,1,snv_mnv,NA,NA,"broad,dkfz,muse,sanger",4,COSN8342621,NA,NA,FALSE,0.2239,NA,15,52,NA,NA,NA,Intron,FALSE,FALSE,FALSE,FALSE,2,1,1,1_1,fc9f998b-cc72-f6ea-e040-11ac0c482425,NA
16,74568867,74568867,1,snv_mnv,NA,NA,"broad,dkfz,muse,sanger",4,COSN8342635,NA,NA,FALSE,0.1875,NA,15,65,NA,NA,NA,Intron,FALSE,FALSE,FALSE,FALSE,2,1,1,1_1,fc9f998b-cc72-f6ea-e040-11ac0c482425,NA
16,76342988,76342988,1,snv_mnv,NA,NA,"broad,dkfz,sanger",3,COSN8342648,NA,AluJr,FALSE,0.1373,NA,7,44,NA,NA,NA,Intron,FALSE,FALSE,FALSE,FALSE,2,1,1,1_1,fc9f998b-cc72-f6ea-e040-11ac0c482425,CNTNAP4
16,76357260,76357260,1,snv_mnv,NA,NA,"broad,dkfz,muse,sanger",4,COSN8342650,NA,NA,FALSE,0.0976,NA,8,74,NA,NA,NA,Intron,FALSE,FALSE,FALSE,FALSE,2,1,1,1_1,fc9f998b-cc72-f6ea-e040-11ac0c482425,NA
16,78035301,78035301,1,snv_mnv,NA,NA,"broad,dkfz,muse,sanger",4,COSN8342664,NA,NA,FALSE,0.1867,NA,14,61,NA,NA,NA,IGR,FALSE,FALSE,FALSE,FALSE,2,1,1,1_1,fc9f998b-cc72-f6ea-e040-11ac0c482425,NA
16,79279099,79279099,1,snv_mnv,NA,NA,"broad,dkfz,muse,sanger",4,COSN8342672,NA,L1PA7,FALSE,0.1884,NA,13,56,NA,NA,NA,IGR,FALSE,FALSE,FALSE,FALSE,2,1,1,1_1,fc9f998b-cc72-f6ea-e040-11ac0c482425,NA
16,82385424,82385424,1,snv_mnv,NA,NA,"broad,dkfz,muse,sanger",4,COSN8342694,NA,Tigger1,FALSE,0.2692,NA,14,38,NA,NA,NA,IGR,FALSE,FALSE,FALSE,FALSE,2,1,1,1_1,fc9f998b-cc72-f6ea-e040-11ac0c482425,NA
16,82566242,82566242,1,snv_mnv,NA,NA,"broad,dkfz,muse,sanger",4,COSN8342695,NA,AluSc5,FALSE,0.2121,NA,14,52,NA,NA,NA,IGR,FALSE,FALSE,FALSE,FALSE,2,1,1,1_1,fc9f998b-cc72-f6ea-e040-11ac0c482425,NA
16,82635818,82635818,1,snv_mnv,NA,NA,"broad,dkfz,muse,sanger",4,COSN8342696,NA,NA,FALSE,0.1724,NA,15,72,NA,NA,NA,IGR,FALSE,FALSE,FALSE,FALSE,2,1,1,1_1,fc9f998b-cc72-f6ea-e040-11ac0c482425,NA
16,82921382,82921382,1,snv_mnv,NA,NA,"broad,dkfz,muse,sanger",4,COSN8342699,rs754778901,AluSx,FALSE,0.2,NA,14,56,NA,NA,NA,Intron,FALSE,FALSE,FALSE,FALSE,2,1,1,1_1,fc9f998b-cc72-f6ea-e040-11ac0c482425,NA
16,83125414,83125414,1,snv_mnv,NA,NA,"broad,dkfz,muse,sanger",4,COSN8342701,NA,L2a,FALSE,0.2941,NA,20,48,NA,NA,NA,Intron,FALSE,FALSE,FALSE,FALSE,2,1,1,1_1,fc9f998b-cc72-f6ea-e040-11ac0c482425,NA
16,85148839,85148839,1,snv_mnv,NA,NA,"broad,muse",2,COSN8342711,NA,NA,FALSE,0.1045,NA,7,60,NA,NA,NA,5'Flank,FALSE,FALSE,FALSE,FALSE,2,1,1,1_1,fc9f998b-cc72-f6ea-e040-11ac0c482425,FAM92B
16,85996480,85996480,1,snv_mnv,NA,NA,"broad,dkfz,muse,sanger",4,COSN8342714,NA,NA,FALSE,0.2121,NA,14,52,NA,NA,NA,IGR,FALSE,FALSE,FALSE,FALSE,2,1,1,1_1,fc9f998b-cc72-f6ea-e040-11ac0c482425,AC092723.4
17,12228415,12228415,1,snv_mnv,NA,NA,"broad,dkfz,muse,sanger",4,COSN8342753,NA,L1ME3A,FALSE,0.1429,NA,8,48,NA,NA,NA,IGR,FALSE,FALSE,FALSE,FALSE,2,1,1,1_1,fc9f998b-cc72-f6ea-e040-11ac0c482425,NA
17,14837631,14837631,1,snv_mnv,NA,NA,"broad,dkfz,muse,sanger",4,COSN8342770,NA,ERV3-16A3_I-int,FALSE,0.2985,NA,20,47,NA,NA,NA,IGR,FALSE,FALSE,FALSE,FALSE,2,1,1,1_1,fc9f998b-cc72-f6ea-e040-11ac0c482425,NA
17,15266202,15266202,1,snv_mnv,NA,NA,"broad,dkfz,muse,sanger",4,COSN8342772,NA,AluY,FALSE,0.2326,NA,10,33,NA,NA,NA,IGR,FALSE,FALSE,FALSE,FALSE,2,1,1,1_1,fc9f998b-cc72-f6ea-e040-11ac0c482425,AC005703.5
17,15269191,15269191,1,snv_mnv,NA,NA,"broad,dkfz,muse,sanger",4,COSN8342773,NA,AluYc,FALSE,0.2,NA,13,52,NA,NA,NA,IGR,FALSE,FALSE,FALSE,FALSE,2,1,1,1_1,fc9f998b-cc72-f6ea-e040-11ac0c482425,NA
17,15615886,15615886,1,snv_mnv,3.9936e-4,rs570143647,"broad,muse,sanger",3,COSN8342775,rs570143647,L2,FALSE,0.2192,NA,16,57,NA,NA,NA,Intron,FALSE,FALSE,FALSE,FALSE,2,1,1,1_1,fc9f998b-cc72-f6ea-e040-11ac0c482425,ZNF286A
17,15627043,15627043,1,snv_mnv,NA,NA,"broad,muse,sanger",3,COSN8342776,NA,AluY,FALSE,0.2571,NA,18,52,NA,NA,NA,Intron,FALSE,FALSE,FALSE,FALSE,2,1,1,1_1,fc9f998b-cc72-f6ea-e040-11ac0c482425,ZNF286A
17,15836782,15836782,1,snv_mnv,NA,NA,"broad,dkfz,muse,sanger",4,COSN8342780,NA,L1M4,FALSE,0.1296,NA,7,47,NA,NA,NA,IGR,FALSE,FALSE,FALSE,FALSE,2,1,1,1_1,fc9f998b-cc72-f6ea-e040-11ac0c482425,NA
17,16811531,16811531,1,snv_mnv,NA,NA,"broad,dkfz,muse,sanger",4,COSN8342784,NA,NA,FALSE,0.1489,NA,14,80,NA,NA,NA,IGR,FALSE,FALSE,FALSE,FALSE,2,1,1,1_1,fc9f998b-cc72-f6ea-e040-11ac0c482425,NA
17,22027588,22027588,1,snv_mnv,3.9936e-4,rs180726702,"broad,muse,sanger",3,COSN8342810,rs180726702,NA,FALSE,0.1412,NA,12,73,NA,NA,NA,RNA,FALSE,FALSE,FALSE,FALSE,2,1,1,1_1,fc9f998b-cc72-f6ea-e040-11ac0c482425,"AC132825.8,AC132825.2,AC132825.6,MTCO3P13,MTND2P13,NMTRS-TGA3-1,MTND1P15,MTATP6P3,AC132825.7,MTRNR2L1"
17,25795789,25795789,1,snv_mnv,NA,NA,"broad,dkfz,muse,sanger",4,COSN8342828,NA,NA,FALSE,0.1688,NA,13,64,NA,NA,NA,Intron,FALSE,FALSE,FALSE,FALSE,2,1,1,1_1,fc9f998b-cc72-f6ea-e040-11ac0c482425,"KSR1,AC069366.2"
17,25800403,25800403,1,snv_mnv,NA,NA,"broad,dkfz,muse,sanger",4,COSN8342829,NA,NA,FALSE,0.21,NA,21,79,NA,NA,NA,Intron,FALSE,FALSE,FALSE,FALSE,2,1,1,1_1,fc9f998b-cc72-f6ea-e040-11ac0c482425,NA
17,25800453,25800453,1,snv_mnv,NA,NA,"broad,dkfz,muse,sanger",4,COSN8342830,NA,NA,FALSE,0.2151,NA,20,73,NA,NA,NA,Intron,FALSE,FALSE,FALSE,FALSE,2,1,1,1_1,fc9f998b-cc72-f6ea-e040-11ac0c482425,NA
17,25806743,25806743,1,snv_mnv,NA,NA,"broad,dkfz,muse,sanger",4,COSN8342831,NA,NA,FALSE,0.25,NA,22,66,NA,NA,NA,Intron,FALSE,FALSE,FALSE,FALSE,2,1,1,1_1,fc9f998b-cc72-f6ea-e040-11ac0c482425,NA
17,26298003,26298003,1,snv_mnv,NA,NA,"broad,dkfz,muse,sanger",4,COSN8342835,NA,AluJb,FALSE,0.2027,NA,15,59,NA,NA,NA,lincRNA,FALSE,FALSE,FALSE,FALSE,2,1,1,1_1,fc9f998b-cc72-f6ea-e040-11ac0c482425,NA
17,26298571,26298571,1,snv_mnv,NA,NA,"broad,dkfz,muse,sanger",4,COSN8342836,NA,Charlie4a,FALSE,0.2222,NA,8,28,NA,NA,NA,lincRNA,FALSE,FALSE,FALSE,FALSE,2,1,1,1_1,fc9f998b-cc72-f6ea-e040-11ac0c482425,NA
17,26298953,26298953,1,snv_mnv,NA,NA,"broad,dkfz,muse,sanger",4,COSN8342837,NA,Charlie4a,FALSE,0.2625,NA,21,59,NA,NA,NA,lincRNA,FALSE,FALSE,FALSE,FALSE,2,1,1,1_1,fc9f998b-cc72-f6ea-e040-11ac0c482425,NA
17,26299211,26299211,1,snv_mnv,NA,NA,"broad,dkfz,muse,sanger",4,COSN8342838,NA,MLT1L,FALSE,0.2135,NA,19,70,NA,NA,NA,lincRNA,FALSE,FALSE,FALSE,FALSE,2,1,1,1_1,fc9f998b-cc72-f6ea-e040-11ac0c482425,NA
17,26299370,26299370,1,snv_mnv,NA,NA,"broad,muse",2,COSN8342839,NA,NA,FALSE,0.1839,NA,16,71,NA,NA,NA,lincRNA,FALSE,FALSE,FALSE,FALSE,2,1,1,1_1,fc9f998b-cc72-f6ea-e040-11ac0c482425,NA
17,27857834,27857834,1,snv_mnv,NA,NA,"broad,dkfz,muse,sanger",4,COSN8342851,NA,NA,FALSE,0.1786,NA,10,46,NA,NA,NA,Intron,FALSE,FALSE,FALSE,FALSE,2,1,1,1_1,fc9f998b-cc72-f6ea-e040-11ac0c482425,TAOK1
17,27985562,27985562,1,snv_mnv,NA,NA,"broad,dkfz,muse,sanger",4,COSN8342852,NA,NA,FALSE,0.1719,NA,11,53,NA,NA,NA,Intron,FALSE,FALSE,FALSE,FALSE,2,1,1,1_1,fc9f998b-cc72-f6ea-e040-11ac0c482425,NA
17,29253311,29253311,1,snv_mnv,NA,NA,"broad,dkfz,muse,sanger",4,COSN8342859,NA,NA,FALSE,0.2211,NA,21,74,NA,NA,NA,Intron,FALSE,FALSE,FALSE,FALSE,2,1,1,1_1,fc9f998b-cc72-f6ea-e040-11ac0c482425,ADAP2
17,29253421,29253421,1,snv_mnv,NA,NA,"broad,dkfz,muse,sanger",4,COSN8342860,NA,NA,FALSE,0.1727,NA,19,91,NA,NA,NA,Intron,FALSE,FALSE,FALSE,FALSE,2,1,1,1_1,fc9f998b-cc72-f6ea-e040-11ac0c482425,ADAP2
17,29253608,29253608,1,snv_mnv,NA,NA,"dkfz,sanger",2,COSN8342861,NA,MIRb,FALSE,0.0256,NA,2,76,NA,NA,NA,Intron,FALSE,FALSE,FALSE,FALSE,2,1,1,1_1,fc9f998b-cc72-f6ea-e040-11ac0c482425,ADAP2
17,29253615,29253615,1,snv_mnv,NA,NA,"dkfz,sanger",2,COSN8342862,NA,MIRb,FALSE,NA,NA,NA,NA,NA,NA,NA,Intron,FALSE,FALSE,FALSE,FALSE,2,1,1,1_1,fc9f998b-cc72-f6ea-e040-11ac0c482425,ADAP2
17,29253617,29253617,1,snv_mnv,NA,NA,"dkfz,sanger",2,COSN8342863,NA,MIRb,FALSE,NA,NA,NA,NA,NA,NA,NA,Intron,FALSE,FALSE,FALSE,FALSE,2,1,1,1_1,fc9f998b-cc72-f6ea-e040-11ac0c482425,ADAP2
17,29253622,29253622,1,snv_mnv,NA,NA,"dkfz,sanger",2,COSN8342864,NA,MIRb,FALSE,NA,NA,NA,NA,NA,NA,NA,Intron,FALSE,FALSE,FALSE,FALSE,2,1,1,1_1,fc9f998b-cc72-f6ea-e040-11ac0c482425,ADAP2
17,29253629,29253629,1,snv_mnv,NA,NA,"dkfz,sanger",2,COSN8342865,NA,MIRb,FALSE,NA,NA,NA,NA,NA,NA,NA,Intron,FALSE,FALSE,FALSE,FALSE,2,1,1,1_1,fc9f998b-cc72-f6ea-e040-11ac0c482425,ADAP2
17,29253690,29253690,1,snv_mnv,NA,NA,"dkfz,sanger",2,COSN8342866,NA,NA,FALSE,NA,NA,NA,NA,NA,NA,NA,Intron,FALSE,FALSE,FALSE,FALSE,2,1,1,1_1,fc9f998b-cc72-f6ea-e040-11ac0c482425,ADAP2
17,29253712,29253712,1,snv_mnv,NA,NA,"broad,dkfz,muse,sanger",4,COSN8342867,NA,NA,FALSE,NA,NA,NA,NA,NA,NA,NA,Intron,FALSE,FALSE,FALSE,FALSE,2,1,1,1_1,fc9f998b-cc72-f6ea-e040-11ac0c482425,ADAP2
17,29253715,29253715,1,snv_mnv,NA,NA,"broad,dkfz,muse,sanger",4,COSN8342868,NA,NA,FALSE,0.0247,NA,2,79,NA,NA,NA,Intron,FALSE,FALSE,FALSE,FALSE,2,1,1,1_1,fc9f998b-cc72-f6ea-e040-11ac0c482425,ADAP2
17,29253772,29253772,1,snv_mnv,NA,NA,"broad,dkfz,muse,sanger",4,COSN8342869,NA,NA,FALSE,0.1058,NA,11,93,NA,NA,NA,Intron,FALSE,FALSE,FALSE,FALSE,2,1,1,1_1,fc9f998b-cc72-f6ea-e040-11ac0c482425,ADAP2
17,29253850,29253850,1,snv_mnv,NA,NA,"broad,dkfz,muse,sanger",4,COSM3849562,NA,NA,FALSE,0.1573,NA,14,75,NA,NA,NA,Missense_Mutation,FALSE,FALSE,FALSE,FALSE,2,1,1,1_1,fc9f998b-cc72-f6ea-e040-11ac0c482425,NA
17,29253947,29253947,1,snv_mnv,NA,NA,"broad,dkfz,muse",3,COSN8342870,NA,NA,FALSE,0.0769,NA,5,60,NA,NA,NA,Intron,FALSE,FALSE,FALSE,FALSE,2,1,1,1_1,fc9f998b-cc72-f6ea-e040-11ac0c482425,NA
17,29253957,29253957,1,snv_mnv,1.9968e-4,rs570105101,"broad,dkfz,muse",3,COSN8342871,rs570105101,NA,FALSE,0.0462,NA,3,62,NA,NA,NA,Intron,FALSE,FALSE,FALSE,FALSE,2,1,1,1_1,fc9f998b-cc72-f6ea-e040-11ac0c482425,NA
17,29253970,29253970,1,snv_mnv,NA,NA,"broad,dkfz,muse",3,COSN8342873,rs751553076,NA,FALSE,0.0312,NA,2,62,NA,NA,NA,Intron,FALSE,FALSE,FALSE,FALSE,2,1,1,1_1,fc9f998b-cc72-f6ea-e040-11ac0c482425,NA
17,31651617,31651617,1,snv_mnv,NA,NA,"broad,dkfz,muse,sanger",4,COSN8342888,NA,NA,FALSE,0.2143,NA,18,66,NA,NA,NA,Intron,FALSE,FALSE,FALSE,FALSE,2,1,1,1_1,fc9f998b-cc72-f6ea-e040-11ac0c482425,NA
17,35732311,35732311,1,snv_mnv,NA,NA,"broad,muse,sanger",3,COSN8342915,NA,AluY,FALSE,0.2571,NA,18,52,NA,NA,NA,5'Flank,FALSE,FALSE,FALSE,FALSE,2,1,1,1_1,fc9f998b-cc72-f6ea-e040-11ac0c482425,NA
17,36990253,36990253,1,snv_mnv,NA,NA,"broad,muse,sanger",3,COSN8342919,NA,AluSx1,FALSE,0.2262,NA,19,65,NA,NA,NA,IGR,FALSE,FALSE,FALSE,FALSE,2,1,1,1_1,fc9f998b-cc72-f6ea-e040-11ac0c482425,NA
17,37894905,37894905,1,snv_mnv,NA,NA,"broad,dkfz,muse,sanger",4,COSN8342923,NA,NA,FALSE,0.2885,NA,15,37,NA,NA,NA,Intron,FALSE,FALSE,FALSE,FALSE,2,1,1,1_1,fc9f998b-cc72-f6ea-e040-11ac0c482425,GRB7
17,38532386,38532386,1,snv_mnv,NA,NA,"dkfz,muse,sanger",3,COSN8342924,NA,LTR12C,FALSE,0.0952,NA,8,76,NA,NA,NA,RNA,FALSE,FALSE,FALSE,FALSE,2,1,1,1_1,fc9f998b-cc72-f6ea-e040-11ac0c482425,"RNA5SP441,AC080112.2"
17,39259826,39259826,1,snv_mnv,NA,NA,"broad,muse,sanger",3,COSN8342928,NA,MSTD,FALSE,0.3659,NA,30,52,NA,NA,NA,5'Flank,FALSE,FALSE,FALSE,FALSE,2,1,1,1_1,fc9f998b-cc72-f6ea-e040-11ac0c482425,"KRTAP4-16,KRTAP4-9"
17,40551698,40551698,1,snv_mnv,NA,NA,"broad,dkfz,muse,sanger",4,COSN8342934,NA,AluSx1,FALSE,0.2069,NA,12,46,NA,NA,NA,IGR,FALSE,FALSE,FALSE,FALSE,2,1,1,1_1,fc9f998b-cc72-f6ea-e040-11ac0c482425,CAVIN1
17,46959037,46959037,1,snv_mnv,NA,NA,"broad,dkfz,muse,sanger",4,COSN8342960,NA,NA,FALSE,0.2609,NA,24,68,NA,NA,NA,RNA,FALSE,FALSE,FALSE,FALSE,2,1,1,1_1,fc9f998b-cc72-f6ea-e040-11ac0c482425,"AC068531.1,RF00263"
17,47778851,47778851,1,snv_mnv,NA,NA,"broad,dkfz,muse,sanger",4,COSM3849565,NA,NA,FALSE,0.2055,NA,15,58,NA,NA,NA,Missense_Mutation,FALSE,FALSE,FALSE,FALSE,2,1,1,1_1,fc9f998b-cc72-f6ea-e040-11ac0c482425,SLC35B1
17,49252481,49252481,1,snv_mnv,NA,NA,"broad,dkfz,muse,sanger",4,COSN8342964,NA,AluSq2,FALSE,0.1233,NA,9,64,NA,NA,NA,IGR,FALSE,FALSE,FALSE,FALSE,2,1,1,1_1,fc9f998b-cc72-f6ea-e040-11ac0c482425,"NME2,NME1-NME2,MBTD1"
17,50497326,50497326,1,snv_mnv,NA,NA,"broad,dkfz,muse,sanger",4,COSN8342969,NA,NA,FALSE,0.1809,NA,17,77,NA,NA,NA,lincRNA,FALSE,FALSE,FALSE,FALSE,2,1,1,1_1,fc9f998b-cc72-f6ea-e040-11ac0c482425,NA
17,52175759,52175759,1,snv_mnv,NA,NA,"broad,dkfz,muse,sanger",4,COSN8342989,NA,L2a,FALSE,0.2647,NA,18,50,NA,NA,NA,IGR,FALSE,FALSE,FALSE,FALSE,2,1,1,1_1,fc9f998b-cc72-f6ea-e040-11ac0c482425,NA
17,54768158,54768158,1,snv_mnv,NA,NA,"broad,dkfz,muse,sanger",4,COSN8343006,NA,NA,FALSE,0.1781,NA,13,60,NA,NA,NA,IGR,FALSE,FALSE,FALSE,FALSE,2,1,1,1_1,fc9f998b-cc72-f6ea-e040-11ac0c482425,NA
17,58328234,58328234,1,snv_mnv,NA,NA,"broad,dkfz,muse,sanger",4,COSN8343020,NA,NA,FALSE,0.1613,NA,10,52,NA,NA,NA,Intron,FALSE,FALSE,FALSE,FALSE,2,1,1,1_1,fc9f998b-cc72-f6ea-e040-11ac0c482425,NA
17,65451640,65451640,1,snv_mnv,NA,NA,"broad,dkfz,muse,sanger",4,COSN8343053,NA,AluSz,FALSE,0.2031,NA,13,51,NA,NA,NA,Intron,FALSE,FALSE,FALSE,FALSE,2,1,1,1_1,fc9f998b-cc72-f6ea-e040-11ac0c482425,"PITPNC1,RN7SL756P"
17,69583372,69583372,1,snv_mnv,NA,NA,"broad,muse,sanger",3,COSN8343079,NA,L1PA17,FALSE,0.0694,NA,5,67,NA,NA,NA,IGR,FALSE,FALSE,FALSE,FALSE,2,1,1,1_1,fc9f998b-cc72-f6ea-e040-11ac0c482425,NA
17,74034588,74034588,1,snv_mnv,NA,NA,"broad,dkfz,muse,sanger",4,COSN8343102,NA,LTR8,FALSE,0.1733,NA,13,62,NA,NA,NA,IGR,FALSE,FALSE,FALSE,FALSE,2,1,1,1_1,fc9f998b-cc72-f6ea-e040-11ac0c482425,SRP68
17,76297527,76297527,1,snv_mnv,9.984e-4,rs181611210,"broad,dkfz,muse,sanger",4,COSN8343110,rs181611210,NA,FALSE,0.1839,NA,16,71,NA,NA,NA,IGR,FALSE,FALSE,FALSE,FALSE,2,1,1,1_1,fc9f998b-cc72-f6ea-e040-11ac0c482425,NA
17,77116356,77116356,1,snv_mnv,0.0017971,rs143999330,"broad,dkfz,muse,sanger",4,COSN8343113,rs143999330,NA,FALSE,0.1136,NA,10,78,NA,NA,NA,Intron,FALSE,FALSE,FALSE,FALSE,2,1,1,1_1,fc9f998b-cc72-f6ea-e040-11ac0c482425,NA
18,324915,324915,1,snv_mnv,NA,NA,"broad,dkfz,muse,sanger",4,COSN8343306,rs767192871,AluJr,FALSE,0.1818,NA,14,63,NA,NA,NA,Intron,FALSE,FALSE,FALSE,FALSE,2,1,1,1_1,fc9f998b-cc72-f6ea-e040-11ac0c482425,NA
18,2509124,2509124,1,snv_mnv,NA,NA,"broad,dkfz,muse,sanger",4,COSN8343227,NA,NA,FALSE,0.1868,NA,17,74,NA,NA,NA,IGR,FALSE,FALSE,FALSE,FALSE,2,1,1,1_1,fc9f998b-cc72-f6ea-e040-11ac0c482425,NA
18,7414916,7414916,1,snv_mnv,NA,NA,"broad,dkfz,muse,sanger",4,COSN8343663,NA,NA,FALSE,0.2529,NA,22,65,NA,NA,NA,IGR,FALSE,FALSE,FALSE,FALSE,2,1,1,1_1,fc9f998b-cc72-f6ea-e040-11ac0c482425,NA
18,8798040,8798040,1,snv_mnv,NA,NA,"broad,dkfz,muse,sanger",4,COSN8343706,NA,NA,FALSE,0.1325,NA,11,72,NA,NA,NA,Intron,FALSE,FALSE,FALSE,FALSE,2,1,1,1_1,fc9f998b-cc72-f6ea-e040-11ac0c482425,"AP000864.1,MTCL1"
18,10665119,10665119,1,snv_mnv,NA,NA,"broad,dkfz,muse,sanger",4,COSN8343147,NA,NA,FALSE,0.2209,NA,19,67,NA,NA,NA,RNA,FALSE,FALSE,FALSE,FALSE,2,1,1,1_1,fc9f998b-cc72-f6ea-e040-11ac0c482425,PIEZO2
18,11494634,11494634,1,snv_mnv,NA,NA,"broad,dkfz,muse,sanger",4,COSN8343158,NA,NA,FALSE,0.2535,NA,18,53,NA,NA,NA,IGR,FALSE,FALSE,FALSE,FALSE,2,1,1,1_1,fc9f998b-cc72-f6ea-e040-11ac0c482425,LINC01255
18,12035153,12035153,1,snv_mnv,NA,NA,"broad,dkfz,muse,sanger",4,COSN8343163,NA,AluSx,FALSE,0.2208,NA,17,60,NA,NA,NA,RNA,FALSE,FALSE,FALSE,FALSE,2,1,1,1_1,fc9f998b-cc72-f6ea-e040-11ac0c482425,"IMPA2,AP001542.1,AP001542.3"
18,15106067,15106067,1,snv_mnv,NA,NA,"broad,dkfz,muse,sanger",4,COSN8343183,NA,NA,FALSE,0.1429,NA,6,36,NA,NA,NA,lincRNA,FALSE,FALSE,FALSE,FALSE,2,1,1,1_1,fc9f998b-cc72-f6ea-e040-11ac0c482425,NA
18,20444631,20444631,1,snv_mnv,NA,NA,"broad,dkfz,muse,sanger",4,COSN8343195,NA,L1MC1,FALSE,0.2133,NA,16,59,NA,NA,NA,RNA,FALSE,FALSE,FALSE,FALSE,2,1,1,1_1,fc9f998b-cc72-f6ea-e040-11ac0c482425,NA
18,23553404,23553404,1,snv_mnv,NA,NA,"dkfz,muse,sanger",3,COSN8343213,NA,NA,FALSE,0.1833,NA,11,49,NA,NA,NA,IGR,FALSE,FALSE,FALSE,FALSE,2,1,1,1_1,fc9f998b-cc72-f6ea-e040-11ac0c482425,NA
18,24015613,24015613,1,snv_mnv,NA,NA,"broad,dkfz,muse,sanger",4,COSN8343215,NA,L2c,FALSE,0.0673,NA,7,97,NA,NA,NA,IGR,FALSE,FALSE,FALSE,FALSE,2,1,1,1_1,fc9f998b-cc72-f6ea-e040-11ac0c482425,NA
18,25154309,25154309,1,snv_mnv,NA,NA,"broad,dkfz,muse,sanger",4,COSN8343229,NA,MLT1G,FALSE,0.1798,NA,16,73,NA,NA,NA,lincRNA,FALSE,FALSE,FALSE,FALSE,2,1,1,1_1,fc9f998b-cc72-f6ea-e040-11ac0c482425,AC090403.1
18,26917029,26917029,1,snv_mnv,NA,NA,"broad,dkfz,muse,sanger",4,COSN8343259,NA,NA,FALSE,0.1702,NA,8,39,NA,NA,NA,lincRNA,FALSE,FALSE,FALSE,FALSE,2,1,1,1_1,fc9f998b-cc72-f6ea-e040-11ac0c482425,NA
18,26976527,26976527,1,snv_mnv,NA,NA,"broad,dkfz,muse,sanger",4,COSN8343260,NA,NA,FALSE,0.3115,NA,19,42,NA,NA,NA,IGR,FALSE,FALSE,FALSE,FALSE,2,1,1,1_1,fc9f998b-cc72-f6ea-e040-11ac0c482425,NA
18,28159807,28159807,1,snv_mnv,NA,NA,"broad,dkfz,muse,sanger",4,COSN8343273,NA,NA,FALSE,0.2533,NA,19,56,NA,NA,NA,IGR,FALSE,FALSE,FALSE,FALSE,2,1,1,1_1,fc9f998b-cc72-f6ea-e040-11ac0c482425,NA
18,34727081,34727081,1,snv_mnv,NA,NA,"broad,dkfz,muse,sanger",4,COSN8343321,NA,MSTB1,FALSE,0.0899,NA,8,81,NA,NA,NA,Intron,FALSE,FALSE,FALSE,FALSE,2,1,1,1_1,fc9f998b-cc72-f6ea-e040-11ac0c482425,NA
18,35658629,35658629,1,snv_mnv,NA,NA,"broad,muse,sanger",3,COSN8343340,NA,AluY,FALSE,0.098,NA,5,46,NA,NA,NA,IGR,FALSE,FALSE,FALSE,FALSE,2,1,1,1_1,fc9f998b-cc72-f6ea-e040-11ac0c482425,NA
18,36153963,36153963,1,snv_mnv,NA,NA,"broad,dkfz,muse,sanger",4,COSN8343353,rs532093916,MER5B,FALSE,0.1571,NA,11,59,NA,NA,NA,IGR,FALSE,FALSE,FALSE,FALSE,2,1,1,1_1,fc9f998b-cc72-f6ea-e040-11ac0c482425,NA
18,36215571,36215571,1,snv_mnv,NA,NA,"broad,dkfz,muse,sanger",4,COSN8343354,NA,NA,FALSE,0.2055,NA,15,58,NA,NA,NA,IGR,FALSE,FALSE,FALSE,FALSE,2,1,1,1_1,fc9f998b-cc72-f6ea-e040-11ac0c482425,NA
18,36819140,36819140,1,snv_mnv,NA,NA,"broad,dkfz,muse,sanger",4,COSN8343359,NA,NA,FALSE,0.0811,NA,6,68,NA,NA,NA,lincRNA,FALSE,FALSE,FALSE,FALSE,2,1,1,1_1,fc9f998b-cc72-f6ea-e040-11ac0c482425,NA
18,38626498,38626498,1,snv_mnv,NA,NA,"broad,dkfz,muse,sanger",4,COSN8343377,NA,AluY,FALSE,0.2118,NA,18,67,NA,NA,NA,IGR,FALSE,FALSE,FALSE,FALSE,2,1,1,1_1,fc9f998b-cc72-f6ea-e040-11ac0c482425,NA
18,41563452,41563452,1,snv_mnv,NA,NA,"broad,dkfz,muse,sanger",4,COSN8343401,NA,L1MC2,FALSE,0.2174,NA,20,72,NA,NA,NA,IGR,FALSE,FALSE,FALSE,FALSE,2,1,1,1_1,fc9f998b-cc72-f6ea-e040-11ac0c482425,NA
18,42335351,42335351,1,snv_mnv,NA,NA,"broad,dkfz,muse,sanger",4,COSN8343412,NA,MLT2B3,FALSE,0.1127,NA,8,63,NA,NA,NA,Intron,FALSE,FALSE,FALSE,FALSE,2,1,1,1_1,fc9f998b-cc72-f6ea-e040-11ac0c482425,NA
18,43080939,43080939,1,snv_mnv,NA,NA,"broad,dkfz,muse,sanger",4,COSN8343416,NA,NA,FALSE,0.2283,NA,21,71,NA,NA,NA,Intron,FALSE,FALSE,FALSE,FALSE,2,1,1,1_1,fc9f998b-cc72-f6ea-e040-11ac0c482425,NA
18,44318750,44318750,1,snv_mnv,NA,NA,"broad,dkfz,muse,sanger",4,COSN8343424,NA,NA,FALSE,0.1714,NA,18,87,NA,NA,NA,Intron,FALSE,FALSE,FALSE,FALSE,2,1,1,1_1,fc9f998b-cc72-f6ea-e040-11ac0c482425,NA
18,45034812,45034812,1,snv_mnv,NA,NA,"broad,dkfz,muse,sanger",4,COSN8343430,NA,NA,FALSE,0.1905,NA,12,51,NA,NA,NA,lincRNA,FALSE,FALSE,FALSE,FALSE,2,1,1,1_1,fc9f998b-cc72-f6ea-e040-11ac0c482425,NA
18,45409035,45409035,1,snv_mnv,NA,NA,"broad,dkfz,muse,sanger",4,COSN8343432,NA,L1ME2z,FALSE,0.1642,NA,11,56,NA,NA,NA,Intron,FALSE,FALSE,FALSE,FALSE,2,1,1,1_1,fc9f998b-cc72-f6ea-e040-11ac0c482425,AC120349.1
18,45789387,45789387,1,snv_mnv,NA,NA,"broad,dkfz,muse,sanger",4,COSN8343434,NA,NA,FALSE,0.0732,NA,9,114,NA,NA,NA,Intron,FALSE,FALSE,FALSE,FALSE,2,1,1,1_1,fc9f998b-cc72-f6ea-e040-11ac0c482425,NA
18,46048221,46048221,1,snv_mnv,NA,NA,"broad,dkfz,muse,sanger",4,COSN8343435,NA,NA,FALSE,0.1538,NA,10,55,NA,NA,NA,IGR,FALSE,FALSE,FALSE,FALSE,2,1,1,1_1,fc9f998b-cc72-f6ea-e040-11ac0c482425,NA
18,47479821,47479821,1,snv_mnv,NA,NA,"broad,dkfz,muse,sanger",4,COSN8343440,NA,NA,FALSE,0.1875,NA,15,65,NA,NA,NA,Intron,FALSE,FALSE,FALSE,FALSE,2,1,1,1_1,fc9f998b-cc72-f6ea-e040-11ac0c482425,NA
18,47617575,47617575,1,snv_mnv,NA,NA,"broad,dkfz,muse,sanger",4,COSN8343442,NA,NA,FALSE,0.1688,NA,13,64,NA,NA,NA,Intron,FALSE,FALSE,FALSE,FALSE,2,1,1,1_1,fc9f998b-cc72-f6ea-e040-11ac0c482425,NA
18,48872392,48872392,1,snv_mnv,NA,NA,"broad,dkfz,muse,sanger",4,COSN8343457,NA,NA,FALSE,0.1667,NA,15,75,NA,NA,NA,IGR,FALSE,FALSE,FALSE,FALSE,2,1,1,1_1,fc9f998b-cc72-f6ea-e040-11ac0c482425,LINC01630
18,50975396,50975396,1,snv_mnv,NA,NA,"broad,muse,sanger",3,COSN8343477,NA,MIRb,FALSE,0.0909,NA,6,60,NA,NA,NA,Intron,FALSE,FALSE,FALSE,FALSE,2,1,1,1_1,fc9f998b-cc72-f6ea-e040-11ac0c482425,NA
18,52358513,52358513,1,snv_mnv,NA,NA,"broad,muse,sanger",3,COSN8343490,NA,LTR84a,FALSE,0.193,NA,11,46,NA,NA,NA,IGR,FALSE,FALSE,FALSE,FALSE,2,1,1,1_1,fc9f998b-cc72-f6ea-e040-11ac0c482425,NA
18,53637221,53637221,1,snv_mnv,NA,NA,"broad,dkfz,muse,sanger",4,COSN8343505,NA,NA,FALSE,0.1594,NA,11,58,NA,NA,NA,lincRNA,FALSE,FALSE,FALSE,FALSE,2,1,1,1_1,fc9f998b-cc72-f6ea-e040-11ac0c482425,NA
18,53705491,53705491,1,snv_mnv,NA,NA,"broad,dkfz,muse,sanger",4,COSN8343506,NA,NA,FALSE,0.1525,NA,9,50,NA,NA,NA,lincRNA,FALSE,FALSE,FALSE,FALSE,2,1,1,1_1,fc9f998b-cc72-f6ea-e040-11ac0c482425,"LINC01905,AC006305.1"
18,54012615,54012615,1,snv_mnv,NA,NA,"broad,dkfz,muse,sanger",4,COSN8343509,NA,NA,FALSE,0.2254,NA,16,55,NA,NA,NA,IGR,FALSE,FALSE,FALSE,FALSE,2,1,1,1_1,fc9f998b-cc72-f6ea-e040-11ac0c482425,NA
18,58165706,58165706,1,snv_mnv,NA,NA,"broad,muse,sanger",3,COSN8343540,NA,AluSc,FALSE,0.0735,NA,5,63,NA,NA,NA,IGR,FALSE,FALSE,FALSE,FALSE,2,1,1,1_1,fc9f998b-cc72-f6ea-e040-11ac0c482425,AC010928.2
18,58911781,58911781,1,snv_mnv,NA,NA,"broad,dkfz,muse,sanger",4,COSN8343546,NA,Tigger3c,FALSE,0.2105,NA,16,60,NA,NA,NA,IGR,FALSE,FALSE,FALSE,FALSE,2,1,1,1_1,fc9f998b-cc72-f6ea-e040-11ac0c482425,NA
18,59146456,59146456,1,snv_mnv,NA,NA,"broad,muse,sanger",3,COSN8343549,NA,HAL1,FALSE,0.1087,NA,5,41,NA,NA,NA,Intron,FALSE,FALSE,FALSE,FALSE,2,1,1,1_1,fc9f998b-cc72-f6ea-e040-11ac0c482425,NA
18,63783176,63783176,1,snv_mnv,NA,NA,"broad,dkfz,muse,sanger",4,COSN8343581,NA,L1M5,FALSE,0.2692,NA,14,38,NA,NA,NA,IGR,FALSE,FALSE,FALSE,FALSE,2,1,1,1_1,fc9f998b-cc72-f6ea-e040-11ac0c482425,NA
18,64746127,64746127,1,snv_mnv,NA,NA,"broad,dkfz,muse,sanger",4,COSN8343590,NA,NA,FALSE,0.2542,NA,15,44,NA,NA,NA,RNA,FALSE,FALSE,FALSE,FALSE,2,1,1,1_1,fc9f998b-cc72-f6ea-e040-11ac0c482425,MIR5011
18,65356639,65356639,1,snv_mnv,NA,NA,"broad,muse,sanger",3,COSN8343594,NA,L1PA4,FALSE,0.2346,NA,19,62,NA,NA,NA,lincRNA,FALSE,FALSE,FALSE,FALSE,2,1,1,1_1,fc9f998b-cc72-f6ea-e040-11ac0c482425,NA
18,66167643,66167643,1,snv_mnv,NA,NA,"broad,dkfz,muse,sanger",4,COSN8343600,NA,NA,FALSE,0.2192,NA,16,57,NA,NA,NA,IGR,FALSE,FALSE,FALSE,FALSE,2,1,1,1_1,fc9f998b-cc72-f6ea-e040-11ac0c482425,NA
18,66742376,66742376,1,snv_mnv,NA,NA,"broad,dkfz,muse,sanger",4,COSN8343606,NA,NA,FALSE,0.2,NA,12,48,NA,NA,NA,IGR,FALSE,FALSE,FALSE,FALSE,2,1,1,1_1,fc9f998b-cc72-f6ea-e040-11ac0c482425,NA
18,68042909,68042909,1,snv_mnv,NA,NA,"broad,dkfz,muse,sanger",4,COSN8343613,NA,NA,FALSE,0.2632,NA,20,56,NA,NA,NA,IGR,FALSE,FALSE,FALSE,FALSE,2,1,1,1_1,fc9f998b-cc72-f6ea-e040-11ac0c482425,LINC01910
18,68075375,68075375,1,snv_mnv,NA,NA,"broad,dkfz,muse,sanger",4,COSN8343614,NA,L1MA8,FALSE,0.2456,NA,14,43,NA,NA,NA,IGR,FALSE,FALSE,FALSE,FALSE,2,1,1,1_1,fc9f998b-cc72-f6ea-e040-11ac0c482425,LARP7P3
18,72831480,72831480,1,snv_mnv,NA,NA,"broad,dkfz,muse,sanger",4,COSN8343651,NA,MER58A,FALSE,0.2245,NA,22,76,NA,NA,NA,IGR,FALSE,FALSE,FALSE,FALSE,2,1,1,1_1,fc9f998b-cc72-f6ea-e040-11ac0c482425,NA
18,73233318,73233318,1,snv_mnv,NA,NA,"broad,dkfz,muse,sanger",4,COSN8343654,NA,L1ME4a,FALSE,0.1739,NA,16,76,NA,NA,NA,IGR,FALSE,FALSE,FALSE,FALSE,2,1,1,1_1,fc9f998b-cc72-f6ea-e040-11ac0c482425,NA
18,74957440,74957440,1,snv_mnv,1.9968e-4,rs188459046,"broad,dkfz,muse",3,COSN8343666,rs188459046,L1MEd,FALSE,0.3385,NA,22,43,NA,NA,NA,IGR,FALSE,FALSE,FALSE,FALSE,2,1,1,1_1,fc9f998b-cc72-f6ea-e040-11ac0c482425,NA
18,76767909,76767909,1,snv_mnv,NA,NA,"broad,dkfz,muse,sanger",4,COSN8343692,NA,NA,FALSE,0.2647,NA,18,50,NA,NA,NA,IGR,FALSE,FALSE,FALSE,FALSE,2,1,1,1_1,fc9f998b-cc72-f6ea-e040-11ac0c482425,NA
19,2185964,2185964,1,snv_mnv,NA,NA,"broad,dkfz,muse,sanger",4,COSN8343781,NA,NA,FALSE,0.0959,NA,7,66,NA,NA,NA,Intron,FALSE,FALSE,FALSE,FALSE,2,1,1,1_1,fc9f998b-cc72-f6ea-e040-11ac0c482425,NA
19,2665823,2665823,1,snv_mnv,NA,NA,"broad,dkfz,muse,sanger",4,COSN8343813,NA,MIR,FALSE,0.0652,NA,6,86,NA,NA,NA,Intron,FALSE,FALSE,FALSE,FALSE,2,1,1,1_1,fc9f998b-cc72-f6ea-e040-11ac0c482425,NA
19,9236682,9236682,1,snv_mnv,NA,NA,"broad,dkfz,muse,sanger",4,COSN8344005,NA,NA,FALSE,0.1505,NA,14,79,NA,NA,NA,IGR,FALSE,FALSE,FALSE,FALSE,2,1,1,1_1,fc9f998b-cc72-f6ea-e040-11ac0c482425,"OR7G3,OR7G15P"
19,12758655,12758655,1,snv_mnv,NA,NA,"dkfz,muse,sanger",3,COSN8343726,NA,NA,FALSE,0.1923,NA,5,21,NA,NA,NA,Intron,FALSE,FALSE,FALSE,FALSE,2,1,1,1_1,fc9f998b-cc72-f6ea-e040-11ac0c482425,"MAN2B1,RPL10P16"
19,14778544,14778544,1,snv_mnv,NA,NA,"broad,dkfz,muse,sanger",4,COSN8343738,NA,L1PA6,FALSE,0.25,NA,11,33,NA,NA,NA,Intron,FALSE,FALSE,FALSE,FALSE,2,1,1,1_1,fc9f998b-cc72-f6ea-e040-11ac0c482425,ADGRE3
19,15017661,15017661,1,snv_mnv,NA,NA,"broad,dkfz,muse,sanger",4,COSN8343740,NA,AluJr,FALSE,0.2623,NA,16,45,NA,NA,NA,IGR,FALSE,FALSE,FALSE,FALSE,2,1,1,1_1,fc9f998b-cc72-f6ea-e040-11ac0c482425,OR7A3P
19,15820004,15820004,1,snv_mnv,NA,NA,"broad,dkfz,muse,sanger",4,COSN8343745,NA,L1M2,FALSE,0.1733,NA,13,62,NA,NA,NA,IGR,FALSE,FALSE,FALSE,FALSE,2,1,1,1_1,fc9f998b-cc72-f6ea-e040-11ac0c482425,NA
19,15980145,15980145,1,snv_mnv,NA,NA,"broad,dkfz,muse,sanger",4,COSN8343746,NA,LTR16C,FALSE,0.1857,NA,13,57,NA,NA,NA,IGR,FALSE,FALSE,FALSE,FALSE,2,1,1,1_1,fc9f998b-cc72-f6ea-e040-11ac0c482425,"CYP4F36P,LINC01835"
19,18815412,18815412,1,snv_mnv,NA,NA,"broad,dkfz,muse,sanger",4,COSN8343761,NA,AluSx1,FALSE,0.2373,NA,14,45,NA,NA,NA,Intron,FALSE,FALSE,FALSE,FALSE,2,1,1,1_1,fc9f998b-cc72-f6ea-e040-11ac0c482425,NA
19,23369050,23369050,1,snv_mnv,1.9968e-4,rs568053459,"broad,dkfz,muse,sanger",4,COSN8343802,rs568053459,HERVS71-int,FALSE,0.1618,NA,11,57,NA,NA,NA,RNA,FALSE,FALSE,FALSE,FALSE,2,1,1,1_1,fc9f998b-cc72-f6ea-e040-11ac0c482425,NA
19,23642776,23642776,1,snv_mnv,1.9968e-4,rs560119939,"broad,muse,sanger",3,COSN8343805,rs560119939,BSR/Beta,FALSE,0.2796,NA,26,67,NA,NA,NA,IGR,FALSE,FALSE,FALSE,FALSE,2,1,1,1_1,fc9f998b-cc72-f6ea-e040-11ac0c482425,NA
19,29280619,29280619,1,snv_mnv,NA,NA,"broad,muse",2,COSN8343825,NA,NA,FALSE,0.0862,NA,5,53,NA,NA,NA,IGR,FALSE,FALSE,FALSE,FALSE,2,1,1,1_1,fc9f998b-cc72-f6ea-e040-11ac0c482425,MAN1A2P1
19,32632772,32632772,1,snv_mnv,NA,NA,"broad,dkfz,muse,sanger",4,COSN8343852,NA,MIR,FALSE,0.1667,NA,16,80,NA,NA,NA,IGR,FALSE,FALSE,FALSE,FALSE,2,1,1,1_1,fc9f998b-cc72-f6ea-e040-11ac0c482425,NA
19,35754371,35754371,1,snv_mnv,1.9968e-4,rs569912574,"dkfz,muse,sanger",3,COSN8343861,rs569912574,AluJr,FALSE,0.1452,NA,9,53,NA,NA,NA,Intron,FALSE,FALSE,FALSE,FALSE,2,1,1,1_1,fc9f998b-cc72-f6ea-e040-11ac0c482425,LSR
19,40003679,40003679,1,snv_mnv,NA,NA,"broad,dkfz,muse,sanger",4,COSN8343885,NA,MLT1A,FALSE,0.1429,NA,10,60,NA,NA,NA,5'Flank,FALSE,FALSE,FALSE,FALSE,2,1,1,1_1,fc9f998b-cc72-f6ea-e040-11ac0c482425,"SELENOV,DLL3"
19,43858160,43858160,1,snv_mnv,NA,NA,"broad,dkfz,muse,sanger",4,COSN8343908,NA,NA,FALSE,0.1094,NA,7,57,NA,NA,NA,RNA,FALSE,FALSE,FALSE,FALSE,2,1,1,1_1,fc9f998b-cc72-f6ea-e040-11ac0c482425,NA
19,51133927,51133927,1,snv_mnv,NA,NA,"broad,dkfz,muse",3,COSN8343934,NA,AluSq2,FALSE,0.2771,NA,23,60,NA,NA,NA,Intron,FALSE,FALSE,FALSE,FALSE,2,1,1,1_1,fc9f998b-cc72-f6ea-e040-11ac0c482425,SYT3
19,52058542,52058542,1,snv_mnv,NA,NA,"broad,dkfz,muse,sanger",4,COSN8343942,NA,NA,FALSE,0.2,NA,15,60,NA,NA,NA,IGR,FALSE,FALSE,FALSE,FALSE,2,1,1,1_1,fc9f998b-cc72-f6ea-e040-11ac0c482425,AC020914.4
19,52292037,52292037,1,snv_mnv,NA,NA,"broad,dkfz,muse,sanger",4,COSN8343946,NA,AluSx,FALSE,0.24,NA,18,57,NA,NA,NA,IGR,FALSE,FALSE,FALSE,FALSE,2,1,1,1_1,fc9f998b-cc72-f6ea-e040-11ac0c482425,NA
19,57465320,57465320,1,snv_mnv,NA,NA,"broad,dkfz,muse,sanger",4,COSN8343976,NA,NA,FALSE,0.1842,NA,14,62,NA,NA,NA,IGR,FALSE,FALSE,FALSE,FALSE,2,1,1,1_1,fc9f998b-cc72-f6ea-e040-11ac0c482425,NA
19,57882746,57882746,1,snv_mnv,1.9968e-4,rs551794477,"broad,dkfz,muse,sanger",4,COSN8343981,rs551794477,MER74B,FALSE,0.1927,NA,21,88,NA,NA,NA,Intron,FALSE,FALSE,FALSE,FALSE,2,1,1,1_1,fc9f998b-cc72-f6ea-e040-11ac0c482425,ZNF547
19,58181548,58181548,1,snv_mnv,NA,NA,"broad,muse,sanger",3,COSN8343983,NA,AluSx1,FALSE,0.0725,NA,5,64,NA,NA,NA,Intron,FALSE,FALSE,FALSE,FALSE,2,1,1,1_1,fc9f998b-cc72-f6ea-e040-11ac0c482425,ZSCAN4
2,536556,536556,1,snv_mnv,9.984e-4,rs531591857,"broad,dkfz,muse,sanger",4,COSN8345336,rs531591857,MLT2A1,FALSE,0.2125,NA,17,63,NA,NA,NA,IGR,FALSE,FALSE,FALSE,FALSE,2,1,1,1_1,fc9f998b-cc72-f6ea-e040-11ac0c482425,NA
2,573426,573426,1,snv_mnv,NA,NA,"broad,dkfz,muse,sanger",4,COSN8345368,NA,NA,FALSE,0.2022,NA,18,71,NA,NA,NA,lincRNA,FALSE,FALSE,FALSE,FALSE,2,1,1,1_1,fc9f998b-cc72-f6ea-e040-11ac0c482425,NA
2,1178678,1178678,1,snv_mnv,NA,NA,"broad,dkfz,muse,sanger",4,COSN8344165,NA,AluJb,FALSE,0.1622,NA,12,62,NA,NA,NA,Intron,FALSE,FALSE,FALSE,FALSE,2,1,1,1_1,fc9f998b-cc72-f6ea-e040-11ac0c482425,NA
2,3375127,3375127,1,snv_mnv,NA,NA,"broad,dkfz,muse,sanger",4,COSN8345168,NA,L1PA3,FALSE,0.2105,NA,16,60,NA,NA,NA,Intron,FALSE,FALSE,FALSE,FALSE,2,1,1,1_1,fc9f998b-cc72-f6ea-e040-11ac0c482425,NA
2,3800536,3800536,1,snv_mnv,NA,NA,"broad,dkfz,muse,sanger",4,COSN8345209,NA,NA,FALSE,0.22,NA,11,39,NA,NA,NA,Intron,FALSE,FALSE,FALSE,FALSE,2,1,1,1_1,fc9f998b-cc72-f6ea-e040-11ac0c482425,NA
2,4459007,4459007,1,snv_mnv,NA,NA,"broad,dkfz,muse,sanger",4,COSN8345257,NA,AluY,FALSE,0.2097,NA,13,49,NA,NA,NA,IGR,FALSE,FALSE,FALSE,FALSE,2,1,1,1_1,fc9f998b-cc72-f6ea-e040-11ac0c482425,NA
2,6520101,6520101,1,snv_mnv,3.9936e-4,rs535655534,"broad,dkfz,muse,sanger",4,COSN8345423,rs535655534,NA,FALSE,0.2059,NA,14,54,NA,NA,NA,IGR,FALSE,FALSE,FALSE,FALSE,2,1,1,1_1,fc9f998b-cc72-f6ea-e040-11ac0c482425,LINC01247
2,11225095,11225095,1,snv_mnv,NA,NA,"broad,dkfz,muse,sanger",4,COSN8344082,NA,NA,FALSE,0.2222,NA,18,63,NA,NA,NA,IGR,FALSE,FALSE,FALSE,FALSE,2,1,1,1_1,fc9f998b-cc72-f6ea-e040-11ac0c482425,NA
2,13248537,13248537,1,snv_mnv,NA,NA,"broad,dkfz,muse,sanger",4,COSN8344285,NA,MLT1F2,FALSE,0.2,NA,15,60,NA,NA,NA,IGR,FALSE,FALSE,FALSE,FALSE,2,1,1,1_1,fc9f998b-cc72-f6ea-e040-11ac0c482425,NA
2,14014919,14014919,1,snv_mnv,NA,NA,"broad,dkfz,muse,sanger",4,COSN8344354,NA,L2,FALSE,0.2152,NA,17,62,NA,NA,NA,IGR,FALSE,FALSE,FALSE,FALSE,2,1,1,1_1,fc9f998b-cc72-f6ea-e040-11ac0c482425,NA
2,19596844,19596844,1,snv_mnv,NA,NA,"broad,dkfz,muse,sanger",4,COSN8344795,NA,L1MB8,FALSE,0.1159,NA,8,61,NA,NA,NA,IGR,FALSE,FALSE,FALSE,FALSE,2,1,1,1_1,fc9f998b-cc72-f6ea-e040-11ac0c482425,NA
2,21695497,21695497,1,snv_mnv,NA,NA,"broad,dkfz,muse,sanger",4,COSN8344961,NA,L1M5,FALSE,0.2128,NA,10,37,NA,NA,NA,IGR,FALSE,FALSE,FALSE,FALSE,2,1,1,1_1,fc9f998b-cc72-f6ea-e040-11ac0c482425,NA
2,22832084,22832084,1,snv_mnv,5.9904e-4,rs113477210,"broad,dkfz,muse,sanger",4,COSN8345035,rs113477210,NA,FALSE,0.0826,NA,9,100,NA,NA,NA,IGR,FALSE,FALSE,FALSE,FALSE,2,1,1,1_1,fc9f998b-cc72-f6ea-e040-11ac0c482425,NA
2,23656669,23656669,1,snv_mnv,NA,NA,"broad,dkfz,muse,sanger",4,COSN8345076,NA,AluJr,FALSE,0.1857,NA,13,57,NA,NA,NA,Intron,FALSE,FALSE,FALSE,FALSE,2,1,1,1_1,fc9f998b-cc72-f6ea-e040-11ac0c482425,NA
2,23963727,23963727,1,snv_mnv,NA,NA,"broad,dkfz,muse,sanger",4,COSN8345091,NA,L1PA4,FALSE,0.2021,NA,19,75,NA,NA,NA,IGR,FALSE,FALSE,FALSE,FALSE,2,1,1,1_1,fc9f998b-cc72-f6ea-e040-11ac0c482425,NA
2,25008219,25008219,1,snv_mnv,NA,NA,"broad,dkfz,muse,sanger",4,COSN8345114,NA,LTR7C,FALSE,0.2192,NA,16,57,NA,NA,NA,IGR,FALSE,FALSE,FALSE,FALSE,2,1,1,1_1,fc9f998b-cc72-f6ea-e040-11ac0c482425,PTRHD1
2,35471911,35471911,1,snv_mnv,NA,NA,"broad,dkfz,muse,sanger",4,COSN8345188,NA,NA,FALSE,0.1216,NA,9,65,NA,NA,NA,IGR,FALSE,FALSE,FALSE,FALSE,2,1,1,1_1,fc9f998b-cc72-f6ea-e040-11ac0c482425,NA
2,36472762,36472762,1,snv_mnv,NA,NA,"broad,dkfz,muse,sanger",4,COSN8345199,NA,MLT1M,FALSE,0.2976,NA,25,59,NA,NA,NA,IGR,FALSE,FALSE,FALSE,FALSE,2,1,1,1_1,fc9f998b-cc72-f6ea-e040-11ac0c482425,NA
2,40105087,40105087,1,snv_mnv,NA,NA,"broad,dkfz,muse,sanger",4,COSN8345221,NA,L1PA8A,FALSE,0.1029,NA,7,61,NA,NA,NA,RNA,FALSE,FALSE,FALSE,FALSE,2,1,1,1_1,fc9f998b-cc72-f6ea-e040-11ac0c482425,NA
2,43009985,43009985,1,snv_mnv,NA,NA,"broad,dkfz,muse,sanger",4,COSN8345239,NA,MER4A1,FALSE,0.3175,NA,20,43,NA,NA,NA,Intron,FALSE,FALSE,FALSE,FALSE,2,1,1,1_1,fc9f998b-cc72-f6ea-e040-11ac0c482425,NA
2,46544291,46544291,1,snv_mnv,NA,NA,"broad,dkfz,muse,sanger",4,COSN8345270,NA,Tigger1,FALSE,0.2581,NA,16,46,NA,NA,NA,Intron,FALSE,FALSE,FALSE,FALSE,1,1,0,1_0,fc9f998b-cc72-f6ea-e040-11ac0c482425,NA
2,46761236,46761236,1,snv_mnv,1.9968e-4,rs145743779,"broad,dkfz,muse,sanger",4,COSN8345272,rs145743779,L1MEc,FALSE,0.2063,NA,13,50,NA,NA,NA,Intron,FALSE,FALSE,FALSE,FALSE,2,1,1,1_1,fc9f998b-cc72-f6ea-e040-11ac0c482425,ATP6V1E2
2,49034050,49034050,1,snv_mnv,NA,NA,"broad,dkfz,muse,sanger",4,COSN8345284,NA,NA,FALSE,0.2264,NA,12,41,NA,NA,NA,IGR,FALSE,FALSE,FALSE,FALSE,2,1,1,1_1,fc9f998b-cc72-f6ea-e040-11ac0c482425,AC009975.1
2,49133792,49133792,1,snv_mnv,NA,NA,"broad,dkfz,muse,sanger",4,COSN8345285,rs746289195,NA,FALSE,0.1642,NA,11,56,NA,NA,NA,IGR,FALSE,FALSE,FALSE,FALSE,2,1,1,1_1,fc9f998b-cc72-f6ea-e040-11ac0c482425,NA
2,51762137,51762137,1,snv_mnv,NA,NA,"broad,dkfz,muse,sanger",4,COSN8345299,NA,NA,FALSE,0.1081,NA,8,66,NA,NA,NA,lincRNA,FALSE,FALSE,FALSE,FALSE,2,1,1,1_1,fc9f998b-cc72-f6ea-e040-11ac0c482425,NA
2,52477032,52477032,1,snv_mnv,NA,NA,"broad,dkfz,muse,sanger",4,COSN8345317,NA,MLT1B,FALSE,0.2031,NA,13,51,NA,NA,NA,lincRNA,FALSE,FALSE,FALSE,FALSE,2,1,1,1_1,fc9f998b-cc72-f6ea-e040-11ac0c482425,NA
2,52629361,52629361,1,snv_mnv,NA,NA,"broad,dkfz,muse,sanger",4,COSN8345319,NA,LTR1D,FALSE,0.1609,NA,14,73,NA,NA,NA,lincRNA,FALSE,FALSE,FALSE,FALSE,2,1,1,1_1,fc9f998b-cc72-f6ea-e040-11ac0c482425,NA
2,52635893,52635893,1,snv_mnv,NA,NA,"broad,dkfz,muse,sanger",4,COSN8345320,NA,NA,FALSE,0.1837,NA,9,40,NA,NA,NA,lincRNA,FALSE,FALSE,FALSE,FALSE,2,1,1,1_1,fc9f998b-cc72-f6ea-e040-11ac0c482425,AC007402.1
2,52799069,52799069,1,snv_mnv,NA,NA,"dkfz,muse,sanger",3,COSN8345323,rs752053438,NA,FALSE,0.1951,NA,8,33,NA,NA,NA,IGR,FALSE,FALSE,FALSE,FALSE,2,1,1,1_1,fc9f998b-cc72-f6ea-e040-11ac0c482425,NA
2,53119264,53119264,1,snv_mnv,NA,NA,"broad,dkfz,muse,sanger",4,COSN8345329,NA,L1MA4A,FALSE,0.2778,NA,20,52,NA,NA,NA,lincRNA,FALSE,FALSE,FALSE,FALSE,2,1,1,1_1,fc9f998b-cc72-f6ea-e040-11ac0c482425,NA
2,56279337,56279337,1,snv_mnv,NA,NA,"broad,dkfz,muse,sanger",4,COSN8345349,NA,NA,FALSE,0.2093,NA,18,68,NA,NA,NA,lincRNA,FALSE,FALSE,FALSE,FALSE,2,1,1,1_1,fc9f998b-cc72-f6ea-e040-11ac0c482425,MIR217HG
2,57404041,57404041,1,snv_mnv,NA,NA,"broad,dkfz,muse,sanger",4,COSN8345372,NA,MER20,FALSE,0.1667,NA,5,25,NA,NA,NA,IGR,FALSE,FALSE,FALSE,FALSE,2,1,1,1_1,fc9f998b-cc72-f6ea-e040-11ac0c482425,NA
2,57885565,57885565,1,snv_mnv,NA,NA,"broad,dkfz,muse,sanger",4,COSN8345377,rs367766556,NA,FALSE,0.2045,NA,9,35,NA,NA,NA,IGR,FALSE,FALSE,FALSE,FALSE,2,1,1,1_1,fc9f998b-cc72-f6ea-e040-11ac0c482425,NA
2,60340034,60340034,1,snv_mnv,NA,NA,"broad,dkfz,muse,sanger",4,COSN8345399,NA,L1MEe,FALSE,0.25,NA,18,54,NA,NA,NA,IGR,FALSE,FALSE,FALSE,FALSE,2,1,1,1_1,fc9f998b-cc72-f6ea-e040-11ac0c482425,NA
2,60765666,60765666,1,snv_mnv,NA,NA,"broad,dkfz,muse,sanger",4,COSN8345402,NA,NA,FALSE,0.1429,NA,9,54,NA,NA,NA,Intron,FALSE,FALSE,FALSE,FALSE,2,1,1,1_1,fc9f998b-cc72-f6ea-e040-11ac0c482425,BCL11A
2,61938093,61938093,1,snv_mnv,NA,NA,"broad,dkfz,muse,sanger",4,COSN8345411,rs746063907,NA,FALSE,0.2237,NA,17,59,NA,NA,NA,IGR,FALSE,FALSE,FALSE,FALSE,2,1,1,1_1,fc9f998b-cc72-f6ea-e040-11ac0c482425,NA
2,66415052,66415052,1,snv_mnv,NA,NA,"broad,dkfz,muse,sanger",4,COSN8345431,NA,L1PA16,FALSE,0.234,NA,22,72,NA,NA,NA,IGR,FALSE,FALSE,FALSE,FALSE,2,1,1,1_1,fc9f998b-cc72-f6ea-e040-11ac0c482425,NA
2,66889326,66889326,1,snv_mnv,NA,NA,"broad,dkfz,muse,sanger",4,COSN8345433,NA,L1PA13,FALSE,0.2237,NA,17,59,NA,NA,NA,lincRNA,FALSE,FALSE,FALSE,FALSE,2,1,1,1_1,fc9f998b-cc72-f6ea-e040-11ac0c482425,NA
2,70902367,70902367,1,snv_mnv,NA,NA,"broad,dkfz,muse,sanger",4,COSN8345456,NA,NA,FALSE,0.1864,NA,11,48,NA,NA,NA,Intron,FALSE,FALSE,FALSE,FALSE,2,1,1,1_1,fc9f998b-cc72-f6ea-e040-11ac0c482425,ADD2
2,72847954,72847954,1,snv_mnv,NA,NA,"broad,dkfz,muse,sanger",4,COSN8345468,NA,L1PA16,FALSE,0.0845,NA,6,65,NA,NA,NA,Intron,FALSE,FALSE,FALSE,FALSE,2,1,1,1_1,fc9f998b-cc72-f6ea-e040-11ac0c482425,NA
2,76596469,76596469,1,snv_mnv,NA,NA,"broad,dkfz,muse,sanger",4,COSN8345487,NA,NA,FALSE,0.3043,NA,21,48,NA,NA,NA,IGR,FALSE,FALSE,FALSE,FALSE,2,1,1,1_1,fc9f998b-cc72-f6ea-e040-11ac0c482425,NA
2,76816449,76816449,1,snv_mnv,NA,NA,"broad,dkfz,muse,sanger",4,COSN8345490,NA,L1M5,FALSE,0.1449,NA,10,59,NA,NA,NA,IGR,FALSE,FALSE,FALSE,FALSE,2,1,1,1_1,fc9f998b-cc72-f6ea-e040-11ac0c482425,NA
2,77664985,77664985,1,snv_mnv,NA,NA,"broad,dkfz,muse,sanger",4,COSN8345493,NA,NA,FALSE,0.2576,NA,17,49,NA,NA,NA,Intron,FALSE,FALSE,FALSE,FALSE,2,1,1,1_1,fc9f998b-cc72-f6ea-e040-11ac0c482425,NA
2,79174808,79174808,1,snv_mnv,NA,NA,"broad,dkfz,muse,sanger",4,COSN8345517,NA,LTR8,FALSE,0.25,NA,21,63,NA,NA,NA,IGR,FALSE,FALSE,FALSE,FALSE,2,1,1,1_1,fc9f998b-cc72-f6ea-e040-11ac0c482425,NA
2,81475621,81475621,1,snv_mnv,NA,NA,"broad,dkfz,muse,sanger",4,COSN8345570,NA,NA,FALSE,0.1724,NA,10,48,NA,NA,NA,IGR,FALSE,FALSE,FALSE,FALSE,2,1,1,1_1,fc9f998b-cc72-f6ea-e040-11ac0c482425,NA
2,84862837,84862837,1,snv_mnv,NA,NA,"broad,dkfz,muse,sanger",4,COSN8345601,NA,NA,FALSE,0.0875,NA,7,73,NA,NA,NA,Intron,FALSE,FALSE,FALSE,FALSE,2,1,1,1_1,fc9f998b-cc72-f6ea-e040-11ac0c482425,NA
2,95578510,95578510,1,snv_mnv,NA,NA,"broad,dkfz,muse,sanger",4,COSN8345650,NA,NA,FALSE,0.1096,NA,8,65,NA,NA,NA,RNA,FALSE,FALSE,FALSE,FALSE,2,1,1,1_1,fc9f998b-cc72-f6ea-e040-11ac0c482425,NA
2,99081827,99081827,1,snv_mnv,NA,NA,"broad,dkfz,muse,sanger",4,COSN8345664,rs750691263,MLT1D,FALSE,0.2368,NA,18,58,NA,NA,NA,Intron,FALSE,FALSE,FALSE,FALSE,2,1,1,1_1,fc9f998b-cc72-f6ea-e040-11ac0c482425,NA
2,107940097,107940097,1,snv_mnv,NA,NA,"broad,dkfz,muse,sanger",4,COSN8344056,NA,NA,FALSE,0.2203,NA,13,46,NA,NA,NA,lincRNA,FALSE,FALSE,FALSE,FALSE,2,1,1,1_1,fc9f998b-cc72-f6ea-e040-11ac0c482425,NA
2,108275861,108275861,1,snv_mnv,1.9968e-4,rs181933667,"broad,dkfz,muse,sanger",4,COSN8344059,rs181933667,NA,FALSE,0.1644,NA,12,61,NA,NA,NA,IGR,FALSE,FALSE,FALSE,FALSE,2,1,1,1_1,fc9f998b-cc72-f6ea-e040-11ac0c482425,NA
2,115984412,115984412,1,snv_mnv,NA,NA,"broad,dkfz,muse,sanger",4,COSN7329056,rs767001823,NA,FALSE,0.1552,NA,9,49,NA,NA,NA,Intron,FALSE,FALSE,FALSE,FALSE,1,1,0,1_0,fc9f998b-cc72-f6ea-e040-11ac0c482425,NA
2,117424662,117424662,1,snv_mnv,NA,NA,"broad,muse,sanger",3,COSN8344151,NA,AluJb,FALSE,0.0909,NA,5,50,NA,NA,NA,IGR,FALSE,FALSE,FALSE,FALSE,1,1,0,1_0,fc9f998b-cc72-f6ea-e040-11ac0c482425,NA
2,119517822,119517822,1,snv_mnv,NA,NA,"broad,dkfz,muse,sanger",4,COSN8344186,NA,L1MA3,FALSE,0.4,NA,30,45,NA,NA,NA,IGR,FALSE,FALSE,FALSE,FALSE,1,1,0,1_0,fc9f998b-cc72-f6ea-e040-11ac0c482425,NA
2,119552884,119552884,1,snv_mnv,NA,NA,"broad,dkfz,muse,sanger",4,COSN8344188,NA,NA,FALSE,0.25,NA,15,45,NA,NA,NA,IGR,FALSE,FALSE,FALSE,FALSE,1,1,0,1_0,fc9f998b-cc72-f6ea-e040-11ac0c482425,NA
2,121464259,121464259,1,snv_mnv,NA,NA,"broad,dkfz,muse,sanger",4,COSN8344201,NA,NA,FALSE,0.2308,NA,18,60,NA,NA,NA,lincRNA,FALSE,FALSE,FALSE,FALSE,1,1,0,1_0,fc9f998b-cc72-f6ea-e040-11ac0c482425,AC018866.1
2,122778140,122778140,1,snv_mnv,NA,NA,"broad,dkfz,muse,sanger",4,COSN8344207,NA,NA,FALSE,0.3704,NA,20,34,NA,NA,NA,IGR,FALSE,FALSE,FALSE,FALSE,1,1,0,1_0,fc9f998b-cc72-f6ea-e040-11ac0c482425,NA
2,122778149,122778149,1,snv_mnv,NA,NA,"broad,dkfz,muse,sanger",4,COSN8344208,NA,NA,FALSE,0.4,NA,22,33,NA,NA,NA,IGR,FALSE,FALSE,FALSE,FALSE,1,1,0,1_0,fc9f998b-cc72-f6ea-e040-11ac0c482425,NA
2,122911143,122911143,1,snv_mnv,NA,NA,"broad,dkfz,muse,sanger",4,COSN8344211,NA,L2a,FALSE,0.254,NA,16,47,NA,NA,NA,IGR,FALSE,FALSE,FALSE,FALSE,1,1,0,1_0,fc9f998b-cc72-f6ea-e040-11ac0c482425,NA
2,131032631,131032631,1,snv_mnv,NA,NA,"broad,dkfz,muse,sanger",4,COSN8344281,NA,NA,FALSE,0.1935,NA,12,50,NA,NA,NA,IGR,FALSE,FALSE,FALSE,FALSE,1,1,0,1_0,fc9f998b-cc72-f6ea-e040-11ac0c482425,"MTND1P29,MTND4P27,MTND2P22,MTCO2P7,AC068137.4,MTATP6P7,MTCO3P7,AC068137.3"
2,136816379,136816379,1,snv_mnv,NA,NA,"broad,dkfz,muse,sanger",4,COSN8344319,NA,MIR,FALSE,0.2703,NA,20,54,NA,NA,NA,IGR,FALSE,FALSE,FALSE,FALSE,1,1,0,1_0,fc9f998b-cc72-f6ea-e040-11ac0c482425,NA
2,140277043,140277043,1,snv_mnv,NA,NA,"broad,dkfz,muse,sanger",4,COSN8344357,NA,NA,FALSE,0.2667,NA,16,44,NA,NA,NA,IGR,FALSE,FALSE,FALSE,FALSE,1,1,0,1_0,fc9f998b-cc72-f6ea-e040-11ac0c482425,NA
2,140512174,140512174,1,snv_mnv,NA,NA,"broad,dkfz,muse,sanger",4,COSN8344358,NA,THE1C,FALSE,0.1481,NA,12,69,NA,NA,NA,IGR,FALSE,FALSE,FALSE,FALSE,1,1,0,1_0,fc9f998b-cc72-f6ea-e040-11ac0c482425,NA
2,140827142,140827142,1,snv_mnv,NA,NA,"broad,dkfz,muse,sanger",4,COSN8344364,NA,NA,FALSE,0.2203,NA,13,46,NA,NA,NA,IGR,FALSE,FALSE,FALSE,FALSE,1,1,0,1_0,fc9f998b-cc72-f6ea-e040-11ac0c482425,NA
2,142013371,142013371,1,snv_mnv,NA,NA,"broad,dkfz,muse,sanger",4,COSN8344388,NA,L2,FALSE,0.125,NA,7,49,NA,NA,NA,Intron,FALSE,FALSE,FALSE,FALSE,1,1,0,1_0,fc9f998b-cc72-f6ea-e040-11ac0c482425,NA
2,143391594,143391594,1,snv_mnv,NA,NA,"broad,dkfz,muse,sanger",4,COSN8344406,NA,NA,FALSE,0.2295,NA,14,47,NA,NA,NA,IGR,FALSE,FALSE,FALSE,FALSE,1,1,0,1_0,fc9f998b-cc72-f6ea-e040-11ac0c482425,NA
2,146456352,146456352,1,snv_mnv,NA,NA,"broad,dkfz,muse,sanger",4,COSN8344435,NA,LTR28,FALSE,0.2292,NA,11,37,NA,NA,NA,IGR,FALSE,FALSE,FALSE,FALSE,1,1,0,1_0,fc9f998b-cc72-f6ea-e040-11ac0c482425,NA
2,146666202,146666202,1,snv_mnv,1.9968e-4,rs552899789,"broad,dkfz,muse,sanger",4,COSN8344438,rs552899789,NA,FALSE,0.2766,NA,13,34,NA,NA,NA,IGR,FALSE,FALSE,FALSE,FALSE,1,1,0,1_0,fc9f998b-cc72-f6ea-e040-11ac0c482425,NA
2,148807416,148807416,1,snv_mnv,NA,NA,"broad,dkfz,muse,sanger",4,COSN8344458,NA,L1MB7,FALSE,0.3725,NA,19,32,NA,NA,NA,Intron,FALSE,FALSE,FALSE,FALSE,1,1,0,1_0,fc9f998b-cc72-f6ea-e040-11ac0c482425,"MBD5,AC019226.1"
2,149251593,149251593,1,snv_mnv,NA,NA,"broad,dkfz,muse,sanger",4,COSN8344462,NA,MIRb,FALSE,0.1231,NA,8,57,NA,NA,NA,Intron,FALSE,FALSE,FALSE,FALSE,1,1,0,1_0,fc9f998b-cc72-f6ea-e040-11ac0c482425,NA
2,154052332,154052332,1,snv_mnv,NA,NA,"broad,muse",2,COSN17573686,NA,MER52D,FALSE,0.0758,NA,5,61,NA,NA,NA,lincRNA,FALSE,FALSE,FALSE,FALSE,1,1,0,1_0,fc9f998b-cc72-f6ea-e040-11ac0c482425,NA
2,155098614,155098614,1,snv_mnv,NA,NA,"broad,dkfz,muse,sanger",4,COSM3849591,NA,NA,FALSE,0.2727,NA,12,32,NA,NA,NA,Nonsense_Mutation,FALSE,FALSE,FALSE,FALSE,1,1,0,1_0,fc9f998b-cc72-f6ea-e040-11ac0c482425,NA
2,156977789,156977789,1,snv_mnv,NA,NA,"broad,dkfz,muse,sanger",4,COSN8344525,NA,THE1C-int,FALSE,0.0946,NA,7,67,NA,NA,NA,IGR,FALSE,FALSE,FALSE,FALSE,1,1,0,1_0,fc9f998b-cc72-f6ea-e040-11ac0c482425,NA
2,163944680,163944680,1,snv_mnv,NA,NA,"broad,dkfz,muse,sanger",4,COSN8344575,NA,MER65-int,FALSE,0.1918,NA,14,59,NA,NA,NA,IGR,FALSE,FALSE,FALSE,FALSE,2,1,1,1_1,fc9f998b-cc72-f6ea-e040-11ac0c482425,NA
2,164613609,164613609,1,snv_mnv,NA,NA,"broad,dkfz,muse,sanger",4,COSN8344581,NA,NA,FALSE,0.1507,NA,11,62,NA,NA,NA,lincRNA,FALSE,FALSE,FALSE,FALSE,2,1,1,1_1,fc9f998b-cc72-f6ea-e040-11ac0c482425,NA
2,167885600,167885600,1,snv_mnv,NA,NA,"broad,dkfz,muse,sanger",4,COSN8344613,NA,L1M1,FALSE,0.1806,NA,13,59,NA,NA,NA,Intron,FALSE,FALSE,FALSE,FALSE,2,1,1,1_1,fc9f998b-cc72-f6ea-e040-11ac0c482425,NA
2,172737738,172737738,1,snv_mnv,NA,NA,"broad,dkfz,muse,sanger",4,COSN8344639,NA,AluSx,FALSE,0.1509,NA,8,45,NA,NA,NA,Intron,FALSE,FALSE,FALSE,FALSE,2,1,1,1_1,fc9f998b-cc72-f6ea-e040-11ac0c482425,NA
2,174607810,174607810,1,snv_mnv,NA,NA,"broad,dkfz,muse,sanger",4,COSN8344651,NA,NA,FALSE,0.1169,NA,9,68,NA,NA,NA,IGR,FALSE,FALSE,FALSE,FALSE,2,1,1,1_1,fc9f998b-cc72-f6ea-e040-11ac0c482425,NA
2,175938858,175938858,1,snv_mnv,NA,NA,"broad,dkfz,muse,sanger",4,COSN8344657,NA,NA,FALSE,0.1864,NA,11,48,NA,NA,NA,3'UTR,FALSE,FALSE,FALSE,FALSE,2,1,1,1_1,fc9f998b-cc72-f6ea-e040-11ac0c482425,ATF2
2,177814354,177814354,1,snv_mnv,NA,NA,"broad,dkfz,muse,sanger",4,COSN8344674,NA,NA,FALSE,0.1268,NA,9,62,NA,NA,NA,IGR,FALSE,FALSE,FALSE,FALSE,2,1,1,1_1,fc9f998b-cc72-f6ea-e040-11ac0c482425,NA
2,180745259,180745259,1,snv_mnv,NA,NA,"broad,dkfz,muse,sanger",4,COSN8344685,NA,L2c,FALSE,0.1507,NA,11,62,NA,NA,NA,IGR,FALSE,FALSE,FALSE,FALSE,2,1,1,1_1,fc9f998b-cc72-f6ea-e040-11ac0c482425,NA
2,184604009,184604009,1,snv_mnv,NA,NA,"broad,dkfz,muse,sanger",4,COSN8344712,NA,NA,FALSE,0.2,NA,17,68,NA,NA,NA,IGR,FALSE,FALSE,FALSE,FALSE,2,1,1,1_1,fc9f998b-cc72-f6ea-e040-11ac0c482425,NA
2,187954326,187954326,1,snv_mnv,NA,NA,"broad,dkfz,muse,sanger",4,COSN8344745,NA,L2a,FALSE,0.0952,NA,6,57,NA,NA,NA,RNA,FALSE,FALSE,FALSE,FALSE,2,1,1,1_1,fc9f998b-cc72-f6ea-e040-11ac0c482425,NA
2,188528041,188528041,1,snv_mnv,NA,NA,"broad,dkfz,muse,sanger",4,COSN8344754,rs781305563,NA,FALSE,0.0882,NA,6,62,NA,NA,NA,IGR,FALSE,FALSE,FALSE,FALSE,2,1,1,1_1,fc9f998b-cc72-f6ea-e040-11ac0c482425,NA
2,189619264,189619264,1,snv_mnv,NA,NA,"broad,dkfz,muse,sanger",4,COSN8344763,NA,NA,FALSE,0.22,NA,11,39,NA,NA,NA,Intron,FALSE,FALSE,FALSE,FALSE,2,1,1,1_1,fc9f998b-cc72-f6ea-e040-11ac0c482425,NA
2,193866637,193866637,1,snv_mnv,NA,NA,"broad,dkfz,muse,sanger",4,COSN8344783,NA,NA,FALSE,0.2667,NA,16,44,NA,NA,NA,IGR,FALSE,FALSE,FALSE,FALSE,2,1,1,1_1,fc9f998b-cc72-f6ea-e040-11ac0c482425,NA
2,195095088,195095088,1,snv_mnv,NA,NA,"broad,dkfz,muse,sanger",4,COSN8344790,NA,NA,FALSE,0.2121,NA,14,52,NA,NA,NA,IGR,FALSE,FALSE,FALSE,FALSE,2,1,1,1_1,fc9f998b-cc72-f6ea-e040-11ac0c482425,NA
2,198031045,198031045,1,snv_mnv,NA,NA,"broad,dkfz,muse,sanger",4,COSN8344805,NA,NA,FALSE,0.0706,NA,6,79,NA,NA,NA,Intron,FALSE,FALSE,FALSE,FALSE,2,1,1,1_1,fc9f998b-cc72-f6ea-e040-11ac0c482425,NA
2,200986104,200986104,1,snv_mnv,NA,NA,"broad,dkfz,muse,sanger",4,COSN8344838,NA,NA,FALSE,0.1408,NA,10,61,NA,NA,NA,IGR,FALSE,FALSE,FALSE,FALSE,2,1,1,1_1,fc9f998b-cc72-f6ea-e040-11ac0c482425,NA
2,202218968,202218968,1,snv_mnv,NA,NA,"broad,dkfz,muse,sanger",4,COSN8344843,NA,NA,FALSE,0.3571,NA,15,27,NA,NA,NA,Intron,FALSE,FALSE,FALSE,FALSE,2,1,1,1_1,fc9f998b-cc72-f6ea-e040-11ac0c482425,ALS2CR12
2,202386259,202386259,1,snv_mnv,NA,NA,"broad,dkfz,muse,sanger",4,COSN8344845,NA,MSTA,FALSE,0.1047,NA,9,77,NA,NA,NA,Intron,FALSE,FALSE,FALSE,FALSE,2,1,1,1_1,fc9f998b-cc72-f6ea-e040-11ac0c482425,NA
2,202555220,202555220,1,snv_mnv,NA,NA,"broad,dkfz,muse,sanger",4,COSN8344848,NA,NA,FALSE,0.2029,NA,14,55,NA,NA,NA,Intron,FALSE,FALSE,FALSE,FALSE,2,1,1,1_1,fc9f998b-cc72-f6ea-e040-11ac0c482425,NA
2,202580610,202580610,1,snv_mnv,NA,NA,"broad,dkfz,muse,sanger",4,COSN8344849,NA,NA,FALSE,0.1857,NA,13,57,NA,NA,NA,Intron,FALSE,FALSE,FALSE,FALSE,2,1,1,1_1,fc9f998b-cc72-f6ea-e040-11ac0c482425,ALS2
2,204298745,204298745,1,snv_mnv,NA,NA,"broad,dkfz,muse,sanger",4,COSN8344857,NA,NA,FALSE,0.2308,NA,9,30,NA,NA,NA,3'UTR,FALSE,FALSE,FALSE,FALSE,2,1,1,1_1,fc9f998b-cc72-f6ea-e040-11ac0c482425,ABI2
2,204986271,204986271,1,snv_mnv,NA,NA,"broad,dkfz,muse,sanger",4,COSN8344863,NA,NA,FALSE,0.1013,NA,8,71,NA,NA,NA,IGR,FALSE,FALSE,FALSE,FALSE,2,1,1,1_1,fc9f998b-cc72-f6ea-e040-11ac0c482425,NA
2,205654852,205654852,1,snv_mnv,NA,NA,"broad,dkfz,muse,sanger",4,COSN8344868,NA,AluY,FALSE,0.2714,NA,19,51,NA,NA,NA,Intron,FALSE,FALSE,FALSE,FALSE,2,1,1,1_1,fc9f998b-cc72-f6ea-e040-11ac0c482425,NA
2,207814895,207814895,1,snv_mnv,NA,NA,"broad,dkfz,muse,sanger",4,COSN8344881,NA,L1PA6,FALSE,0.1875,NA,12,52,NA,NA,NA,Intron,FALSE,FALSE,FALSE,FALSE,2,1,1,1_1,fc9f998b-cc72-f6ea-e040-11ac0c482425,NA
2,211763603,211763603,1,snv_mnv,NA,NA,"broad,dkfz,muse,sanger",4,COSN8344911,NA,MLT1L,FALSE,0.2407,NA,13,41,NA,NA,NA,IGR,FALSE,FALSE,FALSE,FALSE,2,1,1,1_1,fc9f998b-cc72-f6ea-e040-11ac0c482425,NA
2,212056210,212056210,1,snv_mnv,NA,NA,"broad,dkfz,muse,sanger",4,COSN8344915,NA,NA,FALSE,0.1818,NA,12,54,NA,NA,NA,IGR,FALSE,FALSE,FALSE,FALSE,2,1,1,1_1,fc9f998b-cc72-f6ea-e040-11ac0c482425,NA
2,214813175,214813175,1,snv_mnv,NA,NA,"broad,dkfz,muse,sanger",4,COSN8344944,NA,NA,FALSE,0.2041,NA,10,39,NA,NA,NA,Intron,FALSE,FALSE,FALSE,FALSE,2,1,1,1_1,fc9f998b-cc72-f6ea-e040-11ac0c482425,NA
2,216971315,216971315,1,snv_mnv,NA,NA,"broad,dkfz,muse,sanger",4,COSN8344963,NA,NA,FALSE,0.225,NA,18,62,NA,NA,NA,5'Flank,FALSE,FALSE,FALSE,FALSE,2,1,1,1_1,fc9f998b-cc72-f6ea-e040-11ac0c482425,"XRCC5,TMEM169"
2,218137125,218137125,1,snv_mnv,NA,NA,"broad,dkfz,muse,sanger",4,COSN8344967,NA,NA,FALSE,0.2262,NA,19,65,NA,NA,NA,IGR,FALSE,FALSE,FALSE,FALSE,2,1,1,1_1,fc9f998b-cc72-f6ea-e040-11ac0c482425,NA
2,221854982,221854982,1,snv_mnv,NA,NA,"broad,dkfz,muse,sanger",4,COSN8344989,NA,NA,FALSE,0.2609,NA,18,51,NA,NA,NA,IGR,FALSE,FALSE,FALSE,FALSE,2,1,1,1_1,fc9f998b-cc72-f6ea-e040-11ac0c482425,NA
2,226333020,226333020,1,snv_mnv,NA,NA,"broad,dkfz,muse,sanger",4,COSN8345017,NA,MLT1C,FALSE,0.1972,NA,14,57,NA,NA,NA,Intron,FALSE,FALSE,FALSE,FALSE,2,1,1,1_1,fc9f998b-cc72-f6ea-e040-11ac0c482425,NA
2,226364624,226364624,1,snv_mnv,NA,NA,"broad,dkfz,muse,sanger",4,COSN8345019,NA,A-rich,FALSE,0.2024,NA,17,67,NA,NA,NA,Intron,FALSE,FALSE,FALSE,FALSE,2,1,1,1_1,fc9f998b-cc72-f6ea-e040-11ac0c482425,NA
2,226438252,226438252,1,snv_mnv,NA,NA,"broad,dkfz,muse,sanger",4,COSN8345023,NA,AluSq2,FALSE,0.1467,NA,11,64,NA,NA,NA,Intron,FALSE,FALSE,FALSE,FALSE,2,1,1,1_1,fc9f998b-cc72-f6ea-e040-11ac0c482425,NA
2,235267571,235267571,1,snv_mnv,NA,NA,"broad,dkfz,muse,sanger",4,COSN8345069,NA,L1PREC2,FALSE,0.1233,NA,9,64,NA,NA,NA,IGR,FALSE,FALSE,FALSE,FALSE,2,1,1,1_1,fc9f998b-cc72-f6ea-e040-11ac0c482425,NA
2,235664200,235664200,1,snv_mnv,NA,NA,"broad,muse,sanger",3,COSN8345073,NA,L1PA3,FALSE,0.2152,NA,17,62,NA,NA,NA,IGR,FALSE,FALSE,FALSE,FALSE,2,1,1,1_1,fc9f998b-cc72-f6ea-e040-11ac0c482425,NA
2,238279714,238279714,1,snv_mnv,NA,NA,"broad,dkfz,muse,sanger",4,COSN8345084,NA,MER90,FALSE,0.1918,NA,14,59,NA,NA,NA,Intron,FALSE,FALSE,FALSE,FALSE,2,1,1,1_1,fc9f998b-cc72-f6ea-e040-11ac0c482425,COL6A3
2,239641317,239641317,1,snv_mnv,NA,NA,"broad,dkfz,muse,sanger",4,COSN8345092,NA,L1MC3,FALSE,0.1857,NA,13,57,NA,NA,NA,lincRNA,FALSE,FALSE,FALSE,FALSE,2,1,1,1_1,fc9f998b-cc72-f6ea-e040-11ac0c482425,AC113618.1
2,239641944,239641944,1,snv_mnv,NA,NA,"broad,dkfz,muse,sanger",4,COSN8345093,NA,L1MC3,FALSE,0.2063,NA,13,50,NA,NA,NA,lincRNA,FALSE,FALSE,FALSE,FALSE,2,1,1,1_1,fc9f998b-cc72-f6ea-e040-11ac0c482425,AC113618.1
2,242620934,242620934,1,snv_mnv,NA,NA,"broad,dkfz,muse,sanger",4,COSN8345105,NA,FLAM_C,FALSE,0.1882,NA,16,69,NA,NA,NA,Intron,FALSE,FALSE,FALSE,FALSE,2,1,1,1_1,fc9f998b-cc72-f6ea-e040-11ac0c482425,DTYMK
20,1100352,1100352,1,snv_mnv,NA,NA,"broad,dkfz,muse,sanger",4,COSN8345674,NA,NA,FALSE,0.2933,NA,22,53,NA,NA,NA,Intron,FALSE,FALSE,FALSE,FALSE,2,1,1,1_1,fc9f998b-cc72-f6ea-e040-11ac0c482425,AL031665.2
20,1742870,1742870,1,snv_mnv,NA,NA,"broad,dkfz,muse,sanger",4,COSN8345730,NA,L1MD2,FALSE,0.2069,NA,12,46,NA,NA,NA,IGR,FALSE,FALSE,FALSE,FALSE,2,1,1,1_1,fc9f998b-cc72-f6ea-e040-11ac0c482425,AL109809.4
20,2483919,2483919,1,snv_mnv,NA,NA,"broad,muse,sanger",3,COSN8345776,NA,L1PA4,FALSE,0.2128,NA,20,74,NA,NA,NA,Intron,FALSE,FALSE,FALSE,FALSE,2,1,1,1_1,fc9f998b-cc72-f6ea-e040-11ac0c482425,NA
20,5817538,5817538,1,snv_mnv,NA,NA,"broad,dkfz,muse,sanger",4,COSN8345979,NA,HAL1,FALSE,0.3099,NA,22,49,NA,NA,NA,Intron,FALSE,FALSE,FALSE,FALSE,2,1,1,1_1,fc9f998b-cc72-f6ea-e040-11ac0c482425,NA
20,6186561,6186561,1,snv_mnv,NA,NA,"broad,dkfz,muse,sanger",4,COSN8346015,NA,L1MA5,FALSE,0.34,NA,17,33,NA,NA,NA,IGR,FALSE,FALSE,FALSE,FALSE,2,1,1,1_1,fc9f998b-cc72-f6ea-e040-11ac0c482425,TARDBPP1
20,6434676,6434676,1,snv_mnv,NA,NA,"broad,dkfz,muse,sanger",4,COSN8346026,NA,NA,FALSE,0.1714,NA,12,58,NA,NA,NA,lincRNA,FALSE,FALSE,FALSE,FALSE,2,1,1,1_1,fc9f998b-cc72-f6ea-e040-11ac0c482425,NA
20,6648191,6648191,1,snv_mnv,NA,NA,"broad,dkfz,muse,sanger",4,COSN8346031,NA,NA,FALSE,0.2273,NA,15,51,NA,NA,NA,IGR,FALSE,FALSE,FALSE,FALSE,2,1,1,1_1,fc9f998b-cc72-f6ea-e040-11ac0c482425,NA
20,6831119,6831119,1,snv_mnv,NA,NA,"broad,dkfz,muse,sanger",4,COSN8346034,NA,NA,FALSE,0.2317,NA,19,63,NA,NA,NA,IGR,FALSE,FALSE,FALSE,FALSE,2,1,1,1_1,fc9f998b-cc72-f6ea-e040-11ac0c482425,NA
20,7402078,7402078,1,snv_mnv,NA,NA,"broad,dkfz,muse,sanger",4,COSN8346046,NA,L2a,FALSE,0.2366,NA,22,71,NA,NA,NA,IGR,FALSE,FALSE,FALSE,FALSE,2,1,1,1_1,fc9f998b-cc72-f6ea-e040-11ac0c482425,NA
20,10967522,10967522,1,snv_mnv,NA,NA,"broad,dkfz,muse,sanger",4,COSN8345673,NA,MER5A,FALSE,0.1613,NA,15,78,NA,NA,NA,RNA,FALSE,FALSE,FALSE,FALSE,2,1,1,1_1,fc9f998b-cc72-f6ea-e040-11ac0c482425,NA
20,17046682,17046682,1,snv_mnv,NA,NA,"broad,dkfz,muse,sanger",4,COSN8345725,NA,NA,FALSE,0.191,NA,17,72,NA,NA,NA,IGR,FALSE,FALSE,FALSE,FALSE,2,1,1,1_1,fc9f998b-cc72-f6ea-e040-11ac0c482425,NA
20,30609407,30609407,1,snv_mnv,NA,NA,"broad,dkfz,muse,sanger",4,COSN8345797,NA,AluJb,FALSE,0.1684,NA,16,79,NA,NA,NA,Intron,FALSE,FALSE,FALSE,FALSE,2,1,1,1_1,fc9f998b-cc72-f6ea-e040-11ac0c482425,NA
20,38341939,38341939,1,snv_mnv,NA,NA,"broad,dkfz,muse,sanger",4,COSN8345832,NA,NA,FALSE,0.1528,NA,11,61,NA,NA,NA,IGR,FALSE,FALSE,FALSE,FALSE,2,1,1,1_1,fc9f998b-cc72-f6ea-e040-11ac0c482425,NA
20,38598380,38598380,1,snv_mnv,NA,NA,"broad,dkfz,muse,sanger",4,COSN8345836,rs759021177,L1PA8,FALSE,0.2179,NA,17,61,NA,NA,NA,IGR,FALSE,FALSE,FALSE,FALSE,2,1,1,1_1,fc9f998b-cc72-f6ea-e040-11ac0c482425,NA
20,40698215,40698215,1,snv_mnv,5.9904e-4,rs148148007,"broad,dkfz,muse,sanger",4,COSN8345850,rs148148007,L1ME4a,FALSE,0.2167,NA,13,47,NA,NA,NA,IGR,FALSE,FALSE,FALSE,FALSE,2,1,1,1_1,fc9f998b-cc72-f6ea-e040-11ac0c482425,PTPRT
20,41751752,41751752,1,snv_mnv,NA,NA,"broad,dkfz,muse,sanger",4,COSN8345859,NA,AluSq2,FALSE,0.1558,NA,12,65,NA,NA,NA,Intron,FALSE,FALSE,FALSE,FALSE,2,1,1,1_1,fc9f998b-cc72-f6ea-e040-11ac0c482425,NA
20,42065497,42065497,1,snv_mnv,NA,NA,"broad,dkfz,muse,sanger",4,COSN8345863,NA,AluSz,FALSE,0.1268,NA,9,62,NA,NA,NA,IGR,FALSE,FALSE,FALSE,FALSE,2,1,1,1_1,fc9f998b-cc72-f6ea-e040-11ac0c482425,NA
20,43705259,43705259,1,snv_mnv,NA,NA,"broad,dkfz,muse,sanger",4,COSN8345872,NA,NA,FALSE,0.2581,NA,24,69,NA,NA,NA,3'UTR,FALSE,FALSE,FALSE,FALSE,2,1,1,1_1,fc9f998b-cc72-f6ea-e040-11ac0c482425,STK4
20,44320727,44320727,1,snv_mnv,NA,NA,"broad,dkfz,muse,sanger",4,COSN8345878,NA,L1PA3,FALSE,0.2295,NA,14,47,NA,NA,NA,Intron,FALSE,FALSE,FALSE,FALSE,2,1,1,1_1,fc9f998b-cc72-f6ea-e040-11ac0c482425,NA
20,45987305,45987305,1,snv_mnv,NA,NA,"broad,dkfz,muse,sanger",4,COSN8345888,NA,NA,FALSE,0.2295,NA,14,47,NA,NA,NA,5'Flank,FALSE,FALSE,FALSE,FALSE,2,1,1,1_1,fc9f998b-cc72-f6ea-e040-11ac0c482425,"ZMYND8,AL031666.1"
20,46080500,46080500,1,snv_mnv,NA,NA,"broad,muse,sanger",3,COSN8345891,NA,NA,FALSE,0.0962,NA,5,47,NA,NA,NA,IGR,FALSE,FALSE,FALSE,FALSE,2,1,1,1_1,fc9f998b-cc72-f6ea-e040-11ac0c482425,NA
20,46818780,46818780,1,snv_mnv,NA,NA,"broad,dkfz,muse,sanger",4,COSN8345896,NA,NA,FALSE,0.1558,NA,12,65,NA,NA,NA,IGR,FALSE,FALSE,FALSE,FALSE,2,1,1,1_1,fc9f998b-cc72-f6ea-e040-11ac0c482425,NA
20,46961206,46961206,1,snv_mnv,NA,NA,"broad,dkfz,muse,sanger",4,COSN8345900,NA,NA,FALSE,0.2,NA,14,56,NA,NA,NA,IGR,FALSE,FALSE,FALSE,FALSE,2,1,1,1_1,fc9f998b-cc72-f6ea-e040-11ac0c482425,NA
20,49571645,49571645,1,snv_mnv,NA,NA,"broad,dkfz,muse,sanger",4,COSN8345908,NA,NA,FALSE,0.197,NA,13,53,NA,NA,NA,Intron,FALSE,FALSE,FALSE,FALSE,2,1,1,1_1,fc9f998b-cc72-f6ea-e040-11ac0c482425,MOCS3
20,49643894,49643894,1,snv_mnv,NA,NA,"broad,dkfz,muse,sanger",4,COSN8345909,rs60402178,NA,FALSE,0.1111,NA,6,48,NA,NA,NA,IGR,FALSE,FALSE,FALSE,FALSE,2,1,1,1_1,fc9f998b-cc72-f6ea-e040-11ac0c482425,KCNG1
20,51525763,51525763,1,snv_mnv,NA,NA,"broad,dkfz,muse,sanger",4,COSN8345920,NA,AluJr,FALSE,0.1964,NA,11,45,NA,NA,NA,IGR,FALSE,FALSE,FALSE,FALSE,2,1,1,1_1,fc9f998b-cc72-f6ea-e040-11ac0c482425,NA
20,54807066,54807066,1,snv_mnv,NA,NA,"broad,dkfz,muse,sanger",4,COSN8345956,NA,MIRb,FALSE,0.2625,NA,21,59,NA,NA,NA,IGR,FALSE,FALSE,FALSE,FALSE,2,1,1,1_1,fc9f998b-cc72-f6ea-e040-11ac0c482425,NA
20,57519396,57519396,1,snv_mnv,NA,NA,"broad,dkfz,muse,sanger",4,COSN8345971,rs556203690,NA,FALSE,0.1493,NA,10,57,NA,NA,NA,IGR,FALSE,FALSE,FALSE,FALSE,2,1,1,1_1,fc9f998b-cc72-f6ea-e040-11ac0c482425,AL109840.1
20,59696908,59696908,1,snv_mnv,NA,NA,"broad,dkfz,muse,sanger",4,COSN8345997,rs533085648,L2a,FALSE,0.2906,NA,34,83,NA,NA,NA,IGR,FALSE,FALSE,FALSE,FALSE,2,1,1,1_1,fc9f998b-cc72-f6ea-e040-11ac0c482425,NA
20,59854944,59854944,1,snv_mnv,NA,NA,"broad,dkfz,muse,sanger",4,COSN8345999,NA,NA,FALSE,0.3086,NA,25,56,NA,NA,NA,Intron,FALSE,FALSE,FALSE,FALSE,2,1,1,1_1,fc9f998b-cc72-f6ea-e040-11ac0c482425,NA
20,60577429,60577429,1,snv_mnv,NA,NA,"broad,dkfz,muse,sanger",4,COSN8346004,NA,NA,FALSE,0.2,NA,18,72,NA,NA,NA,Intron,FALSE,FALSE,FALSE,FALSE,2,1,1,1_1,fc9f998b-cc72-f6ea-e040-11ac0c482425,TAF4
20,61577602,61577602,1,snv_mnv,NA,NA,"broad,dkfz,muse,sanger",4,COSN8346011,NA,NA,FALSE,0.1099,NA,10,81,NA,NA,NA,IGR,FALSE,FALSE,FALSE,FALSE,2,1,1,1_1,fc9f998b-cc72-f6ea-e040-11ac0c482425,NA
20,62232247,62232247,1,snv_mnv,NA,NA,"broad,dkfz,muse,sanger",4,COSN8346021,NA,L1MC4,FALSE,0.236,NA,21,68,NA,NA,NA,Intron,FALSE,FALSE,FALSE,FALSE,2,1,1,1_1,fc9f998b-cc72-f6ea-e040-11ac0c482425,NA
21,16478216,16478216,1,snv_mnv,NA,NA,"broad,dkfz,muse,sanger",4,COSN8346102,NA,NA,FALSE,0.2407,NA,13,41,NA,NA,NA,IGR,FALSE,FALSE,FALSE,FALSE,2,1,1,1_1,fc9f998b-cc72-f6ea-e040-11ac0c482425,NA
21,19019245,19019245,1,snv_mnv,NA,NA,"dkfz,muse",2,COSN8346116,NA,NA,FALSE,0.1915,NA,9,38,NA,NA,NA,IGR,FALSE,FALSE,FALSE,FALSE,2,1,1,1_1,fc9f998b-cc72-f6ea-e040-11ac0c482425,NA
21,21888622,21888622,1,snv_mnv,NA,NA,"broad,dkfz,muse,sanger",4,COSN8346166,NA,AT_rich,FALSE,0.2245,NA,11,38,NA,NA,NA,IGR,FALSE,FALSE,FALSE,FALSE,2,1,1,1_1,fc9f998b-cc72-f6ea-e040-11ac0c482425,NA
21,23680802,23680802,1,snv_mnv,NA,NA,"broad,dkfz,muse,sanger",4,COSN8346188,NA,L1ME1,FALSE,0.1552,NA,9,49,NA,NA,NA,lincRNA,FALSE,FALSE,FALSE,FALSE,2,1,1,1_1,fc9f998b-cc72-f6ea-e040-11ac0c482425,NA
21,24602895,24602895,1,snv_mnv,NA,NA,"broad,dkfz,muse,sanger",4,COSN8346203,NA,NA,FALSE,0.1667,NA,12,60,NA,NA,NA,IGR,FALSE,FALSE,FALSE,FALSE,2,1,1,1_1,fc9f998b-cc72-f6ea-e040-11ac0c482425,NA
21,25565460,25565460,1,snv_mnv,NA,NA,"broad,muse,sanger",3,COSN8346224,NA,LTR48B,FALSE,0.1064,NA,5,42,NA,NA,NA,IGR,FALSE,FALSE,FALSE,FALSE,2,1,1,1_1,fc9f998b-cc72-f6ea-e040-11ac0c482425,AP000470.1
21,25724038,25724038,1,snv_mnv,NA,NA,"broad,dkfz,muse,sanger",4,COSN8346227,NA,THE1D,FALSE,0.2308,NA,12,40,NA,NA,NA,IGR,FALSE,FALSE,FALSE,FALSE,2,1,1,1_1,fc9f998b-cc72-f6ea-e040-11ac0c482425,NA
21,28100879,28100879,1,snv_mnv,NA,NA,"broad,dkfz,muse,sanger",4,COSN8346240,rs746151583,L1PB3,FALSE,0.2188,NA,14,50,NA,NA,NA,IGR,FALSE,FALSE,FALSE,FALSE,2,1,1,1_1,fc9f998b-cc72-f6ea-e040-11ac0c482425,NA
21,28317162,28317162,1,snv_mnv,NA,NA,"broad,dkfz,muse,sanger",4,COSN8346242,NA,NA,FALSE,0.1077,NA,7,58,NA,NA,NA,Intron,FALSE,FALSE,FALSE,FALSE,2,1,1,1_1,fc9f998b-cc72-f6ea-e040-11ac0c482425,NA
21,29222376,29222376,1,snv_mnv,NA,NA,"broad,muse,sanger",3,COSN8346251,NA,L1PA4,FALSE,0.1972,NA,14,57,NA,NA,NA,IGR,FALSE,FALSE,FALSE,FALSE,2,1,1,1_1,fc9f998b-cc72-f6ea-e040-11ac0c482425,NA
21,29649666,29649666,1,snv_mnv,NA,NA,"broad,dkfz,muse,sanger",4,COSN8346254,NA,NA,FALSE,0.0769,NA,6,72,NA,NA,NA,IGR,FALSE,FALSE,FALSE,FALSE,2,1,1,1_1,fc9f998b-cc72-f6ea-e040-11ac0c482425,NA
21,29649676,29649676,1,snv_mnv,0.0017971,rs150025688,"broad,dkfz,muse,sanger",4,COSN8346255,rs150025688,NA,FALSE,0.1351,NA,10,64,NA,NA,NA,IGR,FALSE,FALSE,FALSE,FALSE,2,1,1,1_1,fc9f998b-cc72-f6ea-e040-11ac0c482425,NA
21,32386541,32386541,1,snv_mnv,NA,NA,"broad,dkfz,muse,sanger",4,COSN8346272,NA,MLT1B,FALSE,0.2326,NA,20,66,NA,NA,NA,IGR,FALSE,FALSE,FALSE,FALSE,2,1,1,1_1,fc9f998b-cc72-f6ea-e040-11ac0c482425,NA
21,32890609,32890609,1,snv_mnv,1.9968e-4,rs559217821,"broad,muse,sanger",3,COSN8346275,rs559217821,AluSp,FALSE,0.2143,NA,15,55,NA,NA,NA,Intron,FALSE,FALSE,FALSE,FALSE,2,1,1,1_1,fc9f998b-cc72-f6ea-e040-11ac0c482425,NA
21,43677026,43677026,1,snv_mnv,NA,NA,"broad,dkfz,muse,sanger",4,COSN8346325,NA,NA,FALSE,0.1081,NA,8,66,NA,NA,NA,Intron,FALSE,FALSE,FALSE,FALSE,2,1,1,1_1,fc9f998b-cc72-f6ea-e040-11ac0c482425,NA
21,43803359,43803359,1,snv_mnv,NA,NA,"broad,dkfz,muse,sanger",4,COSN8346327,NA,NA,FALSE,0.2056,NA,22,85,NA,NA,NA,Intron,FALSE,FALSE,FALSE,FALSE,2,1,1,1_1,fc9f998b-cc72-f6ea-e040-11ac0c482425,TMPRSS3
21,45923036,45923036,1,snv_mnv,NA,NA,"broad,muse",2,COSN8346336,NA,NA,FALSE,0.2063,NA,13,50,NA,NA,NA,Intron,FALSE,FALSE,FALSE,FALSE,2,1,1,1_1,fc9f998b-cc72-f6ea-e040-11ac0c482425,TSPEAR-AS1
21,47903369,47903369,1,snv_mnv,NA,NA,"broad,dkfz,muse,sanger",4,COSN8346348,NA,NA,FALSE,0.1486,NA,11,63,NA,NA,NA,Intron,FALSE,FALSE,FALSE,FALSE,2,1,1,1_1,fc9f998b-cc72-f6ea-e040-11ac0c482425,NA
22,16216302,16216302,1,snv_mnv,1.9968e-4,rs538651495,"broad,muse,sanger",3,COSN8346358,rs538651495,NA,FALSE,0.0814,NA,14,158,NA,NA,NA,lincRNA,FALSE,FALSE,FALSE,FALSE,2,1,1,1_1,fc9f998b-cc72-f6ea-e040-11ac0c482425,AP000527.1
22,25569112,25569112,1,snv_mnv,NA,NA,"broad,dkfz,muse,sanger",4,COSN8346407,NA,MSTA,FALSE,0.2424,NA,24,75,NA,NA,NA,Intron,FALSE,FALSE,FALSE,FALSE,2,1,1,1_1,fc9f998b-cc72-f6ea-e040-11ac0c482425,NA
22,28695586,28695586,1,snv_mnv,NA,NA,"broad,dkfz,muse,sanger",4,COSN8346421,NA,NA,FALSE,0.0933,NA,7,68,NA,NA,NA,Intron,FALSE,FALSE,FALSE,FALSE,2,1,1,1_1,fc9f998b-cc72-f6ea-e040-11ac0c482425,RF00019
22,30944829,30944829,1,snv_mnv,NA,NA,"broad,dkfz,muse,sanger",4,COSN8346426,NA,L2a,FALSE,0.0938,NA,9,87,NA,NA,NA,5'Flank,FALSE,FALSE,FALSE,FALSE,2,1,1,1_1,fc9f998b-cc72-f6ea-e040-11ac0c482425,"SEC14L6,SIRPAP1"
22,31853223,31853223,1,snv_mnv,NA,NA,"broad,dkfz,muse,sanger",4,COSN8346434,NA,NA,FALSE,0.2647,NA,18,50,NA,NA,NA,Intron,FALSE,FALSE,FALSE,FALSE,2,1,1,1_1,fc9f998b-cc72-f6ea-e040-11ac0c482425,"EIF4ENIF1,AL096701.3"
22,34248127,34248127,1,snv_mnv,NA,NA,"broad,dkfz,muse,sanger",4,COSN8346445,NA,NA,FALSE,0.1795,NA,14,64,NA,NA,NA,Intron,FALSE,FALSE,FALSE,FALSE,2,1,1,1_1,fc9f998b-cc72-f6ea-e040-11ac0c482425,NA
22,34627295,34627295,1,snv_mnv,NA,NA,"broad,dkfz,muse,sanger",4,COSN8346447,NA,NA,FALSE,0.2568,NA,19,55,NA,NA,NA,IGR,FALSE,FALSE,FALSE,FALSE,2,1,1,1_1,fc9f998b-cc72-f6ea-e040-11ac0c482425,NA
22,34746774,34746774,1,snv_mnv,NA,NA,"broad,dkfz,muse,sanger",4,COSN8346448,NA,NA,FALSE,0.3038,NA,24,55,NA,NA,NA,IGR,FALSE,FALSE,FALSE,FALSE,2,1,1,1_1,fc9f998b-cc72-f6ea-e040-11ac0c482425,NA
22,35057221,35057221,1,snv_mnv,NA,NA,"broad,dkfz,muse,sanger",4,COSN8346450,NA,Tigger3,FALSE,0.2754,NA,19,50,NA,NA,NA,IGR,FALSE,FALSE,FALSE,FALSE,2,1,1,1_1,fc9f998b-cc72-f6ea-e040-11ac0c482425,NA
22,36549683,36549683,1,snv_mnv,NA,NA,"broad,dkfz,muse,sanger",4,COSN8346459,rs751829548,NA,FALSE,0.2308,NA,18,60,NA,NA,NA,Intron,FALSE,FALSE,FALSE,FALSE,2,1,1,1_1,fc9f998b-cc72-f6ea-e040-11ac0c482425,APOL3
22,37937451,37937451,1,snv_mnv,3.9936e-4,rs540283262,"broad,muse,sanger",3,COSN8346465,rs540283262,AluY,FALSE,0.1692,NA,11,54,NA,NA,NA,IGR,FALSE,FALSE,FALSE,FALSE,2,1,1,1_1,fc9f998b-cc72-f6ea-e040-11ac0c482425,NA
22,38770297,38770297,1,snv_mnv,NA,NA,"broad,muse,sanger",3,COSN8346466,NA,L1M2c,FALSE,0.1566,NA,13,70,NA,NA,NA,Intron,FALSE,FALSE,FALSE,FALSE,2,1,1,1_1,fc9f998b-cc72-f6ea-e040-11ac0c482425,NA
22,46606083,46606083,1,snv_mnv,NA,NA,"broad,muse,sanger",3,COSN8346495,NA,AluSp,FALSE,0.22,NA,11,39,NA,NA,NA,Intron,FALSE,FALSE,FALSE,FALSE,2,1,1,1_1,fc9f998b-cc72-f6ea-e040-11ac0c482425,NA
22,49723780,49723780,1,snv_mnv,NA,NA,"broad,dkfz,muse,sanger",4,COSN8346525,NA,LTR57,FALSE,0.1778,NA,16,74,NA,NA,NA,IGR,FALSE,FALSE,FALSE,FALSE,2,1,1,1_1,fc9f998b-cc72-f6ea-e040-11ac0c482425,NA
3,952119,952119,1,snv_mnv,NA,NA,"broad,dkfz,muse,sanger",4,COSN8348293,NA,MSTB,FALSE,0.1235,NA,10,71,NA,NA,NA,IGR,FALSE,FALSE,FALSE,FALSE,2,1,1,1_1,fc9f998b-cc72-f6ea-e040-11ac0c482425,NA
3,1512729,1512729,1,snv_mnv,1.9968e-4,rs182311257,"broad,dkfz,muse,sanger",4,COSN8347335,rs182311257,NA,FALSE,0.2364,NA,13,42,NA,NA,NA,IGR,FALSE,FALSE,FALSE,FALSE,2,1,1,1_1,fc9f998b-cc72-f6ea-e040-11ac0c482425,NA
3,1706407,1706407,1,snv_mnv,NA,NA,"broad,dkfz,muse,sanger",4,COSN8347481,NA,NA,FALSE,0.0769,NA,5,60,NA,NA,NA,IGR,FALSE,FALSE,FALSE,FALSE,2,1,1,1_1,fc9f998b-cc72-f6ea-e040-11ac0c482425,NA
3,2291331,2291331,1,snv_mnv,NA,NA,"broad,dkfz,muse,sanger",4,COSN8347720,NA,NA,FALSE,0.2051,NA,16,62,NA,NA,NA,Intron,FALSE,FALSE,FALSE,FALSE,2,1,1,1_1,fc9f998b-cc72-f6ea-e040-11ac0c482425,NA
3,3424118,3424118,1,snv_mnv,NA,NA,"broad,dkfz,muse,sanger",4,COSN8347797,NA,NA,FALSE,0.2857,NA,22,55,NA,NA,NA,lincRNA,FALSE,FALSE,FALSE,FALSE,2,1,1,1_1,fc9f998b-cc72-f6ea-e040-11ac0c482425,NA
3,3531197,3531197,1,snv_mnv,0.0037939,rs115586686,"broad,dkfz,muse,sanger",4,COSN8347811,rs115586686,L1MA4A,FALSE,0.2899,NA,20,49,NA,NA,NA,IGR,FALSE,FALSE,FALSE,FALSE,2,1,1,1_1,fc9f998b-cc72-f6ea-e040-11ac0c482425,NA
3,3950203,3950203,1,snv_mnv,NA,NA,"broad,dkfz,muse,sanger",4,COSN8347862,NA,L2c,FALSE,0.1798,NA,16,73,NA,NA,NA,Intron,FALSE,FALSE,FALSE,FALSE,2,1,1,1_1,fc9f998b-cc72-f6ea-e040-11ac0c482425,NA
3,14306772,14306772,1,snv_mnv,NA,NA,"broad,dkfz,muse,sanger",4,COSN8347262,NA,NA,FALSE,0.2247,NA,20,69,NA,NA,NA,IGR,FALSE,FALSE,FALSE,FALSE,2,1,1,1_1,fc9f998b-cc72-f6ea-e040-11ac0c482425,NA
3,15197102,15197102,1,snv_mnv,NA,NA,"broad,dkfz,muse,sanger",4,COSN8347341,NA,NA,FALSE,0.2083,NA,20,76,NA,NA,NA,IGR,FALSE,FALSE,FALSE,FALSE,2,1,1,1_1,fc9f998b-cc72-f6ea-e040-11ac0c482425,NA
3,16424982,16424982,1,snv_mnv,NA,NA,"broad,muse,sanger",3,COSN8347420,NA,NA,FALSE,0.087,NA,4,42,NA,NA,NA,Intron,FALSE,FALSE,FALSE,FALSE,2,1,1,1_1,fc9f998b-cc72-f6ea-e040-11ac0c482425,NA
3,16469426,16469426,1,snv_mnv,NA,NA,"broad,dkfz,muse,sanger",4,COSN7832087,NA,NA,FALSE,0.2805,NA,23,59,NA,NA,NA,Intron,FALSE,FALSE,FALSE,FALSE,2,1,1,1_1,fc9f998b-cc72-f6ea-e040-11ac0c482425,NA
3,17177999,17177999,1,snv_mnv,NA,NA,"broad,dkfz,muse,sanger",4,COSN8347492,NA,NA,FALSE,0.1728,NA,14,67,NA,NA,NA,RNA,FALSE,FALSE,FALSE,FALSE,2,1,1,1_1,fc9f998b-cc72-f6ea-e040-11ac0c482425,NA
3,17278927,17278927,1,snv_mnv,NA,NA,"broad,dkfz,muse,sanger",4,COSN8347499,NA,Tigger15a,FALSE,0.2308,NA,15,50,NA,NA,NA,Intron,FALSE,FALSE,FALSE,FALSE,2,1,1,1_1,fc9f998b-cc72-f6ea-e040-11ac0c482425,NA
3,18695630,18695630,1,snv_mnv,NA,NA,"broad,dkfz,muse,sanger",4,COSN8347594,NA,L1MA6,FALSE,0.2656,NA,17,47,NA,NA,NA,RNA,FALSE,FALSE,FALSE,FALSE,2,1,1,1_1,fc9f998b-cc72-f6ea-e040-11ac0c482425,NA
3,18950792,18950792,1,snv_mnv,NA,NA,"broad,dkfz,muse,sanger",4,COSN8347613,NA,NA,FALSE,0.2222,NA,16,56,NA,NA,NA,RNA,FALSE,FALSE,FALSE,FALSE,2,1,1,1_1,fc9f998b-cc72-f6ea-e040-11ac0c482425,NA
3,19331149,19331149,1,snv_mnv,1.9968e-4,rs561255685,"broad,dkfz,muse,sanger",4,COSN8347652,rs561255685,L1PA4,FALSE,0.2424,NA,16,50,NA,NA,NA,Intron,FALSE,FALSE,FALSE,FALSE,2,1,1,1_1,fc9f998b-cc72-f6ea-e040-11ac0c482425,NA
3,19359918,19359918,1,snv_mnv,NA,NA,"broad,dkfz,muse,sanger",4,COSN8347658,NA,L1PB1,FALSE,0.1636,NA,9,46,NA,NA,NA,Intron,FALSE,FALSE,FALSE,FALSE,2,1,1,1_1,fc9f998b-cc72-f6ea-e040-11ac0c482425,MIR4791
3,21016146,21016146,1,snv_mnv,NA,NA,"broad,dkfz,muse,sanger",4,COSN8347703,NA,L1PA15-16,FALSE,0.172,NA,16,77,NA,NA,NA,IGR,FALSE,FALSE,FALSE,FALSE,2,1,1,1_1,fc9f998b-cc72-f6ea-e040-11ac0c482425,NA
3,28004848,28004848,1,snv_mnv,1.9968e-4,rs556303420,"broad,dkfz,muse,sanger",4,COSN8347746,rs556303420,AluSx,FALSE,0.2424,NA,8,25,NA,NA,NA,IGR,FALSE,FALSE,FALSE,FALSE,2,1,1,1_1,fc9f998b-cc72-f6ea-e040-11ac0c482425,NA
3,31870244,31870244,1,snv_mnv,NA,NA,"broad,dkfz,muse,sanger",4,COSN8347775,NA,AluSz,FALSE,0.2812,NA,18,46,NA,NA,NA,Intron,FALSE,FALSE,FALSE,FALSE,2,1,1,1_1,fc9f998b-cc72-f6ea-e040-11ac0c482425,NA
3,32377479,32377479,1,snv_mnv,NA,NA,"broad,dkfz,muse,sanger",4,COSN8347783,NA,NA,FALSE,0.1733,NA,13,62,NA,NA,NA,Intron,FALSE,FALSE,FALSE,FALSE,2,1,1,1_1,fc9f998b-cc72-f6ea-e040-11ac0c482425,NA
3,35278231,35278231,1,snv_mnv,NA,NA,"broad,dkfz,muse,sanger",4,COSN8347810,NA,NA,FALSE,0.1884,NA,13,56,NA,NA,NA,IGR,FALSE,FALSE,FALSE,FALSE,2,1,1,1_1,fc9f998b-cc72-f6ea-e040-11ac0c482425,NA
3,35786271,35786271,1,snv_mnv,NA,NA,"broad,dkfz,muse,sanger",4,COSN8347822,NA,NA,FALSE,0.1444,NA,13,77,NA,NA,NA,Intron,FALSE,FALSE,FALSE,FALSE,2,1,1,1_1,fc9f998b-cc72-f6ea-e040-11ac0c482425,MIR128-2
3,36639506,36639506,1,snv_mnv,NA,NA,"broad,dkfz,muse",3,COSN8347841,rs781228408,NA,FALSE,0.2222,NA,16,56,NA,NA,NA,IGR,FALSE,FALSE,FALSE,FALSE,2,1,1,1_1,fc9f998b-cc72-f6ea-e040-11ac0c482425,NA
3,36654908,36654908,1,snv_mnv,NA,NA,"broad,dkfz,muse,sanger",4,COSN8347843,NA,NA,FALSE,0.283,NA,15,38,NA,NA,NA,IGR,FALSE,FALSE,FALSE,FALSE,2,1,1,1_1,fc9f998b-cc72-f6ea-e040-11ac0c482425,NBPF21P
3,36730146,36730146,1,snv_mnv,NA,NA,"broad,dkfz,muse,sanger",4,COSN8347844,NA,NA,FALSE,0.2889,NA,13,32,NA,NA,NA,IGR,FALSE,FALSE,FALSE,FALSE,2,1,1,1_1,fc9f998b-cc72-f6ea-e040-11ac0c482425,RN7SKP227
3,37758401,37758401,1,snv_mnv,NA,NA,"broad,dkfz,muse,sanger",4,COSN8347849,NA,NA,FALSE,0.1316,NA,10,66,NA,NA,NA,Intron,FALSE,FALSE,FALSE,FALSE,2,1,1,1_1,fc9f998b-cc72-f6ea-e040-11ac0c482425,NA
3,39832326,39832326,1,snv_mnv,NA,NA,"broad,dkfz,muse,sanger",4,COSN8347864,NA,NA,FALSE,0.1702,NA,8,39,NA,NA,NA,IGR,FALSE,FALSE,FALSE,FALSE,2,1,1,1_1,fc9f998b-cc72-f6ea-e040-11ac0c482425,NA
3,40482656,40482656,1,snv_mnv,NA,NA,"broad,muse,sanger",3,COSN8347865,NA,L1PA5,FALSE,0.175,NA,14,66,NA,NA,NA,RNA,FALSE,FALSE,FALSE,FALSE,2,1,1,1_1,fc9f998b-cc72-f6ea-e040-11ac0c482425,NA
3,40772894,40772894,1,snv_mnv,NA,NA,"broad,dkfz,muse,sanger",4,COSN8347867,NA,L1PB3,FALSE,0.1327,NA,13,85,NA,NA,NA,IGR,FALSE,FALSE,FALSE,FALSE,2,1,1,1_1,fc9f998b-cc72-f6ea-e040-11ac0c482425,NA
3,40772895,40772895,1,snv_mnv,NA,NA,"broad,dkfz,muse,sanger",4,COSN8347868,NA,L1PB3,FALSE,0.1237,NA,12,85,NA,NA,NA,IGR,FALSE,FALSE,FALSE,FALSE,2,1,1,1_1,fc9f998b-cc72-f6ea-e040-11ac0c482425,NA
3,41205225,41205225,1,snv_mnv,NA,NA,"broad,dkfz,muse,sanger",4,COSN8347871,rs750035548,NA,FALSE,0.1494,NA,13,74,NA,NA,NA,lincRNA,FALSE,FALSE,FALSE,FALSE,2,1,1,1_1,fc9f998b-cc72-f6ea-e040-11ac0c482425,NA
3,43693003,43693003,1,snv_mnv,NA,NA,"broad,dkfz,muse,sanger",4,COSN8347881,NA,MER91B,FALSE,0.2436,NA,19,59,NA,NA,NA,Intron,FALSE,FALSE,FALSE,FALSE,2,1,1,1_1,fc9f998b-cc72-f6ea-e040-11ac0c482425,NA
3,43696400,43696400,1,snv_mnv,NA,NA,"broad,dkfz,muse,sanger",4,COSN8347882,NA,NA,FALSE,0.0864,NA,7,74,NA,NA,NA,Intron,FALSE,FALSE,FALSE,FALSE,2,1,1,1_1,fc9f998b-cc72-f6ea-e040-11ac0c482425,NA
3,44220999,44220999,1,snv_mnv,NA,NA,"broad,dkfz,muse,sanger",4,COSN8347885,NA,NA,FALSE,0.2128,NA,20,74,NA,NA,NA,IGR,FALSE,FALSE,FALSE,FALSE,2,1,1,1_1,fc9f998b-cc72-f6ea-e040-11ac0c482425,NA
3,44584542,44584542,1,snv_mnv,NA,NA,"broad,dkfz,muse,sanger",4,COSN8347887,NA,NA,FALSE,0.0641,NA,5,73,NA,NA,NA,IGR,FALSE,FALSE,FALSE,FALSE,2,1,1,1_1,fc9f998b-cc72-f6ea-e040-11ac0c482425,NA
3,53588534,53588534,1,snv_mnv,NA,NA,"broad,dkfz,muse,sanger",4,COSN8347933,NA,NA,FALSE,0.1628,NA,14,72,NA,NA,NA,Intron,FALSE,FALSE,FALSE,FALSE,2,1,1,1_1,fc9f998b-cc72-f6ea-e040-11ac0c482425,NA
3,54283176,54283176,1,snv_mnv,NA,NA,"broad,dkfz,muse,sanger",4,COSN8347937,NA,ERVL-int,FALSE,0.28,NA,21,54,NA,NA,NA,Intron,FALSE,FALSE,FALSE,FALSE,2,1,1,1_1,fc9f998b-cc72-f6ea-e040-11ac0c482425,NA
3,54403357,54403357,1,snv_mnv,0.0021965,rs374907711,"broad,dkfz,muse,sanger",4,COSN7763237,rs374907711,NA,FALSE,0.2308,NA,18,60,NA,NA,NA,Intron,FALSE,FALSE,FALSE,FALSE,2,1,1,1_1,fc9f998b-cc72-f6ea-e040-11ac0c482425,NA
3,58545922,58545922,1,snv_mnv,NA,NA,"broad,dkfz,muse,sanger",4,COSN8347960,NA,MLT1A,FALSE,0.1235,NA,10,71,NA,NA,NA,IGR,FALSE,FALSE,FALSE,FALSE,2,1,1,1_1,fc9f998b-cc72-f6ea-e040-11ac0c482425,FAM107A
3,59129198,59129198,1,snv_mnv,NA,NA,"broad,dkfz,muse,sanger",4,COSN8347966,NA,NA,FALSE,0.2,NA,14,56,NA,NA,NA,IGR,FALSE,FALSE,FALSE,FALSE,2,1,1,1_1,fc9f998b-cc72-f6ea-e040-11ac0c482425,NA
3,62350699,62350699,1,snv_mnv,NA,NA,"broad,dkfz,muse,sanger",4,COSN8347984,NA,NA,FALSE,0.1932,NA,17,71,NA,NA,NA,RNA,FALSE,FALSE,FALSE,FALSE,2,1,1,1_1,fc9f998b-cc72-f6ea-e040-11ac0c482425,FEZF2
3,66704847,66704847,1,snv_mnv,NA,NA,"broad,dkfz,muse,sanger",4,COSN8348002,NA,MER121,FALSE,0.2,NA,11,44,NA,NA,NA,IGR,FALSE,FALSE,FALSE,FALSE,2,1,1,1_1,fc9f998b-cc72-f6ea-e040-11ac0c482425,NA
3,69254268,69254268,1,snv_mnv,NA,NA,"broad,dkfz,muse,sanger",4,COSN8348019,NA,NA,FALSE,0.2391,NA,11,35,NA,NA,NA,Intron,FALSE,FALSE,FALSE,FALSE,2,1,1,1_1,fc9f998b-cc72-f6ea-e040-11ac0c482425,FRMD4B
3,76216740,76216740,1,snv_mnv,NA,NA,"broad,dkfz,muse,sanger",4,COSN8348056,NA,L2c,FALSE,0.2609,NA,18,51,NA,NA,NA,Intron,FALSE,FALSE,FALSE,FALSE,2,1,1,1_1,fc9f998b-cc72-f6ea-e040-11ac0c482425,NA
3,76671883,76671883,1,snv_mnv,NA,NA,"broad,dkfz,muse,sanger",4,COSN8348062,NA,L2c,FALSE,0.2222,NA,16,56,NA,NA,NA,Intron,FALSE,FALSE,FALSE,FALSE,2,1,1,1_1,fc9f998b-cc72-f6ea-e040-11ac0c482425,NA
3,76925394,76925394,1,snv_mnv,1.9968e-4,rs562042583,"broad,dkfz,muse,sanger",4,COSN8348068,rs562042583,NA,FALSE,0.2286,NA,16,54,NA,NA,NA,Intron,FALSE,FALSE,FALSE,FALSE,2,1,1,1_1,fc9f998b-cc72-f6ea-e040-11ac0c482425,NA
3,77615204,77615204,1,snv_mnv,NA,NA,"broad,dkfz,muse,sanger",4,COSN8348078,NA,NA,FALSE,0.1053,NA,6,51,NA,NA,NA,Intron,FALSE,FALSE,FALSE,FALSE,2,1,1,1_1,fc9f998b-cc72-f6ea-e040-11ac0c482425,NA
3,79229221,79229221,1,snv_mnv,NA,NA,"broad,dkfz,muse,sanger",4,COSN8348086,NA,NA,FALSE,0.1525,NA,9,50,NA,NA,NA,Intron,FALSE,FALSE,FALSE,FALSE,2,1,1,1_1,fc9f998b-cc72-f6ea-e040-11ac0c482425,NA
3,80374619,80374619,1,snv_mnv,NA,NA,"broad,dkfz,muse,sanger",4,COSN8348098,NA,MSTB-int,FALSE,0.2069,NA,18,69,NA,NA,NA,IGR,FALSE,FALSE,FALSE,FALSE,2,1,1,1_1,fc9f998b-cc72-f6ea-e040-11ac0c482425,NA
3,81215651,81215651,1,snv_mnv,NA,NA,"broad,dkfz,muse,sanger",4,COSN8348109,NA,L2c,FALSE,0.2319,NA,16,53,NA,NA,NA,IGR,FALSE,FALSE,FALSE,FALSE,2,1,1,1_1,fc9f998b-cc72-f6ea-e040-11ac0c482425,NA
3,82677063,82677063,1,snv_mnv,NA,NA,"broad,dkfz,muse,sanger",4,COSN8348127,NA,NA,FALSE,0.2576,NA,17,49,NA,NA,NA,IGR,FALSE,FALSE,FALSE,FALSE,2,1,1,1_1,fc9f998b-cc72-f6ea-e040-11ac0c482425,NA
3,83101929,83101929,1,snv_mnv,NA,NA,"broad,dkfz,muse,sanger",4,COSN8348141,NA,NA,FALSE,0.2703,NA,10,27,NA,NA,NA,IGR,FALSE,FALSE,FALSE,FALSE,2,1,1,1_1,fc9f998b-cc72-f6ea-e040-11ac0c482425,NA
3,83110950,83110950,1,snv_mnv,NA,NA,"broad,dkfz,muse,sanger",4,COSN8348142,NA,THE1B-int,FALSE,0.1286,NA,9,61,NA,NA,NA,IGR,FALSE,FALSE,FALSE,FALSE,2,1,1,1_1,fc9f998b-cc72-f6ea-e040-11ac0c482425,NA
3,83781218,83781218,1,snv_mnv,NA,NA,"broad,dkfz,muse,sanger",4,COSN8348160,NA,L1MC5,FALSE,0.2745,NA,14,37,NA,NA,NA,IGR,FALSE,FALSE,FALSE,FALSE,2,1,1,1_1,fc9f998b-cc72-f6ea-e040-11ac0c482425,NA
3,85832923,85832923,1,snv_mnv,NA,NA,"broad,dkfz,muse,sanger",4,COSN8348204,NA,NA,FALSE,0.1837,NA,9,40,NA,NA,NA,Intron,FALSE,FALSE,FALSE,FALSE,2,1,1,1_1,fc9f998b-cc72-f6ea-e040-11ac0c482425,NA
3,86695047,86695047,1,snv_mnv,NA,NA,"broad,dkfz,muse,sanger",4,COSN8348224,NA,NA,FALSE,0.1,NA,5,45,NA,NA,NA,IGR,FALSE,FALSE,FALSE,FALSE,2,1,1,1_1,fc9f998b-cc72-f6ea-e040-11ac0c482425,NA
3,88502723,88502723,1,snv_mnv,NA,NA,"broad,dkfz,muse,sanger",4,COSN8348248,NA,NA,FALSE,0.1321,NA,7,46,NA,NA,NA,IGR,FALSE,FALSE,FALSE,FALSE,2,1,1,1_1,fc9f998b-cc72-f6ea-e040-11ac0c482425,NA
3,88502724,88502724,1,snv_mnv,NA,NA,"broad,dkfz,muse,sanger",4,COSN8348249,NA,NA,FALSE,0.1321,NA,7,46,NA,NA,NA,IGR,FALSE,FALSE,FALSE,FALSE,2,1,1,1_1,fc9f998b-cc72-f6ea-e040-11ac0c482425,NA
3,89299562,89299562,1,snv_mnv,NA,NA,"broad,dkfz,muse,sanger",4,COSN8348266,NA,NA,FALSE,0.1412,NA,12,73,NA,NA,NA,Intron,FALSE,FALSE,FALSE,FALSE,2,1,1,1_1,fc9f998b-cc72-f6ea-e040-11ac0c482425,NA
3,97742689,97742689,1,snv_mnv,NA,NA,"broad,dkfz,muse,sanger",4,COSN8348324,NA,NA,FALSE,0.1967,NA,12,49,NA,NA,NA,RNA,FALSE,FALSE,FALSE,FALSE,2,1,1,1_1,fc9f998b-cc72-f6ea-e040-11ac0c482425,NA
3,98726257,98726257,1,snv_mnv,NA,NA,"broad,dkfz,muse,sanger",4,COSN8348331,NA,L1PA8A,FALSE,0.0645,NA,2,29,NA,NA,NA,RNA,FALSE,FALSE,FALSE,FALSE,2,1,1,1_1,fc9f998b-cc72-f6ea-e040-11ac0c482425,NA
3,98966732,98966732,1,snv_mnv,NA,NA,"broad,dkfz,muse,sanger",4,COSN8348334,NA,L1M5,FALSE,0.2162,NA,16,58,NA,NA,NA,IGR,FALSE,FALSE,FALSE,FALSE,2,1,1,1_1,fc9f998b-cc72-f6ea-e040-11ac0c482425,NA
3,101579494,101579494,1,snv_mnv,NA,NA,"broad,dkfz,muse,sanger",4,COSN8346974,NA,NA,FALSE,0.2115,NA,11,41,NA,NA,NA,3'UTR,FALSE,FALSE,FALSE,FALSE,2,1,1,1_1,fc9f998b-cc72-f6ea-e040-11ac0c482425,NFKBIZ
3,105154720,105154720,1,snv_mnv,NA,NA,"broad,dkfz,muse,sanger",4,COSN8347008,NA,AluYc,FALSE,0.2025,NA,16,63,NA,NA,NA,Intron,FALSE,FALSE,FALSE,FALSE,2,1,1,1_1,fc9f998b-cc72-f6ea-e040-11ac0c482425,ALCAM
3,105305878,105305878,1,snv_mnv,NA,NA,"broad,dkfz,muse,sanger",4,COSN8347009,NA,NA,FALSE,0.1806,NA,13,59,NA,NA,NA,IGR,FALSE,FALSE,FALSE,FALSE,2,1,1,1_1,fc9f998b-cc72-f6ea-e040-11ac0c482425,NA
3,105737168,105737168,1,snv_mnv,NA,NA,"broad,dkfz,muse,sanger",4,COSN8347010,NA,MLT1A0,FALSE,0.0805,NA,7,80,NA,NA,NA,IGR,FALSE,FALSE,FALSE,FALSE,2,1,1,1_1,fc9f998b-cc72-f6ea-e040-11ac0c482425,NA
3,106370038,106370038,1,snv_mnv,NA,NA,"broad,muse,sanger",3,COSN8347015,NA,AluY,FALSE,0.2727,NA,15,40,NA,NA,NA,IGR,FALSE,FALSE,FALSE,FALSE,2,1,1,1_1,fc9f998b-cc72-f6ea-e040-11ac0c482425,NA
3,106485430,106485430,1,snv_mnv,NA,NA,"broad,dkfz,muse,sanger",4,COSN8347016,NA,NA,FALSE,0.2321,NA,13,43,NA,NA,NA,IGR,FALSE,FALSE,FALSE,FALSE,2,1,1,1_1,fc9f998b-cc72-f6ea-e040-11ac0c482425,NA
3,106706173,106706173,1,snv_mnv,NA,NA,"broad,dkfz,muse,sanger",4,COSN8347017,NA,NA,FALSE,0.2174,NA,15,54,NA,NA,NA,lincRNA,FALSE,FALSE,FALSE,FALSE,2,1,1,1_1,fc9f998b-cc72-f6ea-e040-11ac0c482425,NA
3,107832935,107832935,1,snv_mnv,NA,NA,"broad,dkfz,muse,sanger",4,COSN8347026,NA,LTR16B2,FALSE,0.266,NA,25,69,NA,NA,NA,IGR,FALSE,FALSE,FALSE,FALSE,2,1,1,1_1,fc9f998b-cc72-f6ea-e040-11ac0c482425,NA
3,108973901,108973901,1,snv_mnv,NA,NA,"broad,dkfz,muse,sanger",4,COSN8347034,NA,NA,FALSE,0.1702,NA,8,39,NA,NA,NA,IGR,FALSE,FALSE,FALSE,FALSE,2,1,1,1_1,fc9f998b-cc72-f6ea-e040-11ac0c482425,NA
3,109203206,109203206,1,snv_mnv,NA,NA,"broad,dkfz,muse,sanger",4,COSN8347039,NA,NA,FALSE,0.2188,NA,14,50,NA,NA,NA,lincRNA,FALSE,FALSE,FALSE,FALSE,2,1,1,1_1,fc9f998b-cc72-f6ea-e040-11ac0c482425,NA
3,109323077,109323077,1,snv_mnv,NA,NA,"broad,dkfz,muse,sanger",4,COSN8347042,NA,AluSq2,FALSE,0.1286,NA,9,61,NA,NA,NA,RNA,FALSE,FALSE,FALSE,FALSE,2,1,1,1_1,fc9f998b-cc72-f6ea-e040-11ac0c482425,MIR4445
3,109559419,109559419,1,snv_mnv,NA,NA,"broad,dkfz,muse,sanger",4,COSN8347045,NA,NA,FALSE,0.1515,NA,10,56,NA,NA,NA,IGR,FALSE,FALSE,FALSE,FALSE,2,1,1,1_1,fc9f998b-cc72-f6ea-e040-11ac0c482425,NA
3,110147117,110147117,1,snv_mnv,NA,NA,"broad,dkfz,muse,sanger",4,COSN8347050,NA,ERV3-16A3_I-int,FALSE,0.2295,NA,14,47,NA,NA,NA,IGR,FALSE,FALSE,FALSE,FALSE,2,1,1,1_1,fc9f998b-cc72-f6ea-e040-11ac0c482425,NA
3,110608084,110608084,1,snv_mnv,NA,NA,"broad,sanger",2,COSN8347055,NA,L1HS,FALSE,0.1875,NA,6,26,NA,NA,NA,IGR,FALSE,FALSE,FALSE,FALSE,2,1,1,1_1,fc9f998b-cc72-f6ea-e040-11ac0c482425,"NECTIN3-AS1,AC117402.1"
3,116204312,116204312,1,snv_mnv,NA,NA,"broad,dkfz,muse,sanger",4,COSN8347095,NA,L1PREC2,FALSE,0.2564,NA,20,58,NA,NA,NA,Intron,FALSE,FALSE,FALSE,FALSE,2,1,1,1_1,fc9f998b-cc72-f6ea-e040-11ac0c482425,NA
3,116420503,116420503,1,snv_mnv,NA,NA,"broad,dkfz,muse,sanger",4,COSN8347096,NA,NA,FALSE,0.2679,NA,15,41,NA,NA,NA,Intron,FALSE,FALSE,FALSE,FALSE,2,1,1,1_1,fc9f998b-cc72-f6ea-e040-11ac0c482425,NA
3,116717029,116717029,1,snv_mnv,NA,NA,"broad,dkfz,muse,sanger",4,COSN8347098,NA,NA,FALSE,0.0822,NA,6,67,NA,NA,NA,Intron,FALSE,FALSE,FALSE,FALSE,2,1,1,1_1,fc9f998b-cc72-f6ea-e040-11ac0c482425,NA
3,118312869,118312869,1,snv_mnv,NA,NA,"broad,dkfz,muse,sanger",4,COSN8347112,NA,MER41-int,FALSE,0.1124,NA,10,79,NA,NA,NA,IGR,FALSE,FALSE,FALSE,FALSE,2,1,1,1_1,fc9f998b-cc72-f6ea-e040-11ac0c482425,NA
3,118821603,118821603,1,snv_mnv,NA,NA,"broad,dkfz,muse,sanger",4,COSN8347120,NA,L1M7,FALSE,0.0972,NA,7,65,NA,NA,NA,Intron,FALSE,FALSE,FALSE,FALSE,2,1,1,1_1,fc9f998b-cc72-f6ea-e040-11ac0c482425,NA
3,121330368,121330368,1,snv_mnv,NA,NA,"broad,dkfz,muse,sanger",4,COSN8347137,NA,LTR5A,FALSE,0.2333,NA,21,69,NA,NA,NA,Intron,FALSE,FALSE,FALSE,FALSE,2,1,1,1_1,fc9f998b-cc72-f6ea-e040-11ac0c482425,NA
3,121788291,121788291,1,snv_mnv,NA,NA,"broad,dkfz,muse,sanger",4,COSN8347141,NA,NA,FALSE,0.1584,NA,16,85,NA,NA,NA,Intron,FALSE,FALSE,FALSE,FALSE,2,1,1,1_1,fc9f998b-cc72-f6ea-e040-11ac0c482425,NA
3,125767249,125767249,1,snv_mnv,NA,NA,"broad,dkfz,muse,sanger",4,COSN8347155,rs539471321,L1M5,FALSE,0.1864,NA,11,48,NA,NA,NA,Intron,FALSE,FALSE,FALSE,FALSE,2,1,1,1_1,fc9f998b-cc72-f6ea-e040-11ac0c482425,SLC41A3
3,127206252,127206252,1,snv_mnv,NA,NA,"broad,dkfz,muse,sanger",4,COSN8347164,rs534642603,L2b,FALSE,0.1842,NA,14,62,NA,NA,NA,lincRNA,FALSE,FALSE,FALSE,FALSE,2,1,1,1_1,fc9f998b-cc72-f6ea-e040-11ac0c482425,AC016968.1
3,130585429,130585429,1,snv_mnv,NA,NA,"broad,dkfz,muse,sanger",4,COSN8347180,NA,NA,FALSE,0.2787,NA,17,44,NA,NA,NA,Intron,FALSE,FALSE,FALSE,FALSE,2,1,1,1_1,fc9f998b-cc72-f6ea-e040-11ac0c482425,AC055733.4
3,131280975,131280975,1,snv_mnv,NA,NA,"broad,dkfz,muse,sanger",4,COSN8347185,NA,NA,FALSE,0.0845,NA,6,65,NA,NA,NA,Intron,FALSE,FALSE,FALSE,FALSE,2,1,1,1_1,fc9f998b-cc72-f6ea-e040-11ac0c482425,NA
3,131731058,131731058,1,snv_mnv,NA,NA,"broad,dkfz,muse,sanger",4,COSN8347187,NA,AluSz,FALSE,0.2113,NA,15,56,NA,NA,NA,Intron,FALSE,FALSE,FALSE,FALSE,2,1,1,1_1,fc9f998b-cc72-f6ea-e040-11ac0c482425,NA
3,133233141,133233141,1,snv_mnv,NA,NA,"broad,dkfz,muse,sanger",4,COSN8347197,NA,MLT2B3,FALSE,0.2143,NA,15,55,NA,NA,NA,IGR,FALSE,FALSE,FALSE,FALSE,2,1,1,1_1,fc9f998b-cc72-f6ea-e040-11ac0c482425,NA
3,136906845,136906845,1,snv_mnv,NA,NA,"broad,dkfz,muse,sanger",4,COSN8347220,NA,NA,FALSE,0.0847,NA,5,54,NA,NA,NA,IGR,FALSE,FALSE,FALSE,FALSE,2,1,1,1_1,fc9f998b-cc72-f6ea-e040-11ac0c482425,NA
3,139708718,139708718,1,snv_mnv,NA,NA,"broad,dkfz,muse,sanger",4,COSN8347248,NA,NA,FALSE,0.1688,NA,13,64,NA,NA,NA,Intron,FALSE,FALSE,FALSE,FALSE,2,1,1,1_1,fc9f998b-cc72-f6ea-e040-11ac0c482425,NA
3,143971058,143971058,1,snv_mnv,NA,NA,"broad,dkfz,muse,sanger",4,COSN8347266,NA,NA,FALSE,0.2105,NA,12,45,NA,NA,NA,IGR,FALSE,FALSE,FALSE,FALSE,2,1,1,1_1,fc9f998b-cc72-f6ea-e040-11ac0c482425,NA
3,144324107,144324107,1,snv_mnv,NA,NA,"broad,dkfz,muse,sanger",4,COSN8347271,NA,NA,FALSE,0.1452,NA,9,53,NA,NA,NA,IGR,FALSE,FALSE,FALSE,FALSE,2,1,1,1_1,fc9f998b-cc72-f6ea-e040-11ac0c482425,NA
3,144467516,144467516,1,snv_mnv,NA,NA,"broad,dkfz,muse,sanger",4,COSN8347274,NA,L3,FALSE,0.0896,NA,6,61,NA,NA,NA,IGR,FALSE,FALSE,FALSE,FALSE,2,1,1,1_1,fc9f998b-cc72-f6ea-e040-11ac0c482425,NA
3,144598497,144598497,1,snv_mnv,NA,NA,"broad,muse,sanger",3,COSN8347275,NA,MSTB1,FALSE,0.1273,NA,7,48,NA,NA,NA,IGR,FALSE,FALSE,FALSE,FALSE,2,1,1,1_1,fc9f998b-cc72-f6ea-e040-11ac0c482425,NA
3,145027873,145027873,1,snv_mnv,NA,NA,"broad,dkfz,muse,sanger",4,COSN8347283,NA,NA,FALSE,0.1538,NA,10,55,NA,NA,NA,IGR,FALSE,FALSE,FALSE,FALSE,2,1,1,1_1,fc9f998b-cc72-f6ea-e040-11ac0c482425,NA
3,146641018,146641018,1,snv_mnv,NA,NA,"broad,dkfz,muse,sanger",4,COSN8347302,NA,NA,FALSE,0.2,NA,15,60,NA,NA,NA,lincRNA,FALSE,FALSE,FALSE,FALSE,2,1,1,1_1,fc9f998b-cc72-f6ea-e040-11ac0c482425,NA
3,146949912,146949912,1,snv_mnv,NA,NA,"broad,dkfz,muse,sanger",4,COSN8347312,NA,NA,FALSE,0.0984,NA,6,55,NA,NA,NA,RNA,FALSE,FALSE,FALSE,FALSE,2,1,1,1_1,fc9f998b-cc72-f6ea-e040-11ac0c482425,NA
3,147826773,147826773,1,snv_mnv,NA,NA,"broad,dkfz,muse,sanger",4,COSN8347322,NA,NA,FALSE,0.0469,NA,3,61,NA,NA,NA,lincRNA,FALSE,FALSE,FALSE,FALSE,2,1,1,1_1,fc9f998b-cc72-f6ea-e040-11ac0c482425,NA
3,154651533,154651533,1,snv_mnv,NA,NA,"broad,dkfz,muse,sanger",4,COSN8347352,NA,MIRc,FALSE,0.0811,NA,6,68,NA,NA,NA,IGR,FALSE,FALSE,FALSE,FALSE,2,1,1,1_1,fc9f998b-cc72-f6ea-e040-11ac0c482425,NA
3,156029010,156029010,1,snv_mnv,NA,NA,"broad,dkfz,muse,sanger",4,COSN8347361,NA,NA,FALSE,0.0824,NA,7,78,NA,NA,NA,Intron,FALSE,FALSE,FALSE,FALSE,2,1,1,1_1,fc9f998b-cc72-f6ea-e040-11ac0c482425,NA
3,157779840,157779840,1,snv_mnv,NA,NA,"broad,dkfz,muse,sanger",4,COSN8347367,NA,NA,FALSE,0.2093,NA,9,34,NA,NA,NA,lincRNA,FALSE,FALSE,FALSE,FALSE,2,1,1,1_1,fc9f998b-cc72-f6ea-e040-11ac0c482425,NA
3,163941917,163941917,1,snv_mnv,NA,NA,"broad,dkfz,muse,sanger",4,COSN8347414,NA,MLT1H1,FALSE,0.1765,NA,12,56,NA,NA,NA,IGR,FALSE,FALSE,FALSE,FALSE,2,1,1,1_1,fc9f998b-cc72-f6ea-e040-11ac0c482425,NA
3,165994324,165994324,1,snv_mnv,NA,NA,"broad,dkfz,muse,sanger",4,COSN8347442,NA,NA,FALSE,0.1765,NA,12,56,NA,NA,NA,IGR,FALSE,FALSE,FALSE,FALSE,2,1,1,1_1,fc9f998b-cc72-f6ea-e040-11ac0c482425,NA
3,166320313,166320313,1,snv_mnv,NA,NA,"broad,dkfz,muse,sanger",4,COSN8347443,NA,AluSx1,FALSE,0.1447,NA,11,65,NA,NA,NA,IGR,FALSE,FALSE,FALSE,FALSE,2,1,1,1_1,fc9f998b-cc72-f6ea-e040-11ac0c482425,NA
3,166678567,166678567,1,snv_mnv,NA,NA,"broad,dkfz,muse,sanger",4,COSN8347445,rs368811102,NA,FALSE,0.1791,NA,12,55,NA,NA,NA,IGR,FALSE,FALSE,FALSE,FALSE,2,1,1,1_1,fc9f998b-cc72-f6ea-e040-11ac0c482425,NA
3,168215100,168215100,1,snv_mnv,NA,NA,"broad,dkfz,muse,sanger",4,COSN8347465,NA,NA,FALSE,0.2029,NA,14,55,NA,NA,NA,IGR,FALSE,FALSE,FALSE,FALSE,2,1,1,1_1,fc9f998b-cc72-f6ea-e040-11ac0c482425,NA
3,168234064,168234064,1,snv_mnv,NA,NA,"broad,dkfz,muse,sanger",4,COSN8347466,NA,NA,FALSE,0.0864,NA,7,74,NA,NA,NA,IGR,FALSE,FALSE,FALSE,FALSE,2,1,1,1_1,fc9f998b-cc72-f6ea-e040-11ac0c482425,EGFEM1P
3,172718607,172718607,1,snv_mnv,NA,NA,"broad,dkfz,muse,sanger",4,COSN8347497,NA,L1MC1,FALSE,0.1837,NA,9,40,NA,NA,NA,Intron,FALSE,FALSE,FALSE,FALSE,2,1,1,1_1,fc9f998b-cc72-f6ea-e040-11ac0c482425,NA
3,174337332,174337332,1,snv_mnv,NA,NA,"broad,dkfz,muse,sanger",4,COSN8347510,NA,NA,FALSE,0.1905,NA,12,51,NA,NA,NA,IGR,FALSE,FALSE,FALSE,FALSE,2,1,1,1_1,fc9f998b-cc72-f6ea-e040-11ac0c482425,NA
3,176019005,176019005,1,snv_mnv,NA,NA,"broad,dkfz,muse,sanger",4,COSN8347526,NA,NA,FALSE,0.2105,NA,12,45,NA,NA,NA,IGR,FALSE,FALSE,FALSE,FALSE,2,1,1,1_1,fc9f998b-cc72-f6ea-e040-11ac0c482425,NA
3,181436665,181436665,1,snv_mnv,NA,NA,"broad,dkfz,muse,sanger",4,COSN8347566,NA,NA,FALSE,0.0857,NA,6,64,NA,NA,NA,IGR,FALSE,FALSE,FALSE,FALSE,2,1,1,1_1,fc9f998b-cc72-f6ea-e040-11ac0c482425,"RF01954,SOX2-OT,SOX2"
3,183181455,183181455,1,snv_mnv,NA,NA,"broad,dkfz,muse,sanger",4,COSN8347579,NA,AluYc,FALSE,0.1556,NA,7,38,NA,NA,NA,IGR,FALSE,FALSE,FALSE,FALSE,2,1,1,1_1,fc9f998b-cc72-f6ea-e040-11ac0c482425,AC092960.1
3,185759364,185759364,1,snv_mnv,NA,NA,"broad,dkfz,muse,sanger",4,COSN8347588,NA,L1ME4a,FALSE,0.1607,NA,9,47,NA,NA,NA,IGR,FALSE,FALSE,FALSE,FALSE,2,1,1,1_1,fc9f998b-cc72-f6ea-e040-11ac0c482425,ETV5
3,185929601,185929601,1,snv_mnv,NA,NA,"broad,dkfz,muse,sanger",4,COSM3849631,rs147898553,NA,FALSE,0.1429,NA,10,60,NA,NA,NA,Missense_Mutation,FALSE,FALSE,FALSE,FALSE,2,1,1,1_1,fc9f998b-cc72-f6ea-e040-11ac0c482425,NA
3,189140720,189140720,1,snv_mnv,NA,NA,"broad,muse,sanger",3,COSN8347610,NA,L1P1,FALSE,0.1111,NA,11,88,NA,NA,NA,IGR,FALSE,FALSE,FALSE,FALSE,2,1,1,1_1,fc9f998b-cc72-f6ea-e040-11ac0c482425,NA
3,191143618,191143618,1,snv_mnv,NA,NA,"broad,dkfz,muse,sanger",4,COSN8347625,NA,NA,FALSE,0.0862,NA,5,53,NA,NA,NA,IGR,FALSE,FALSE,FALSE,FALSE,2,1,1,1_1,fc9f998b-cc72-f6ea-e040-11ac0c482425,NA
3,193033448,193033448,1,snv_mnv,NA,NA,"broad,dkfz,muse,sanger",4,COSN8347648,NA,NA,FALSE,0.1017,NA,6,53,NA,NA,NA,Intron,FALSE,FALSE,FALSE,FALSE,2,1,1,1_1,fc9f998b-cc72-f6ea-e040-11ac0c482425,"ATP13A5,ATP13A5-AS1"
3,194168094,194168094,1,snv_mnv,NA,NA,"broad,dkfz,muse,sanger",4,COSN8347664,rs554316192,NA,FALSE,0.1765,NA,9,42,NA,NA,NA,Intron,FALSE,FALSE,FALSE,FALSE,2,1,1,1_1,fc9f998b-cc72-f6ea-e040-11ac0c482425,NA
3,196481161,196481161,1,snv_mnv,NA,NA,"broad,dkfz,muse,sanger",4,COSN8347677,NA,L1M6,FALSE,0.1571,NA,11,59,NA,NA,NA,Intron,FALSE,FALSE,FALSE,FALSE,2,1,1,1_1,fc9f998b-cc72-f6ea-e040-11ac0c482425,NA
4,2512482,2512482,1,snv_mnv,NA,NA,"broad,dkfz,muse,sanger",4,COSN8349367,NA,NA,FALSE,0.181,NA,19,86,NA,NA,NA,Intron,FALSE,FALSE,FALSE,FALSE,2,1,1,1_1,fc9f998b-cc72-f6ea-e040-11ac0c482425,"AL645924.2,RNF4"
4,3478223,3478223,1,snv_mnv,NA,NA,"broad,dkfz,muse,sanger",4,COSM3849649,rs371609452,NA,FALSE,0.2069,NA,12,46,NA,NA,NA,Silent,FALSE,FALSE,FALSE,FALSE,2,1,1,1_1,fc9f998b-cc72-f6ea-e040-11ac0c482425,NA
4,4136889,4136889,1,snv_mnv,NA,NA,"broad,dkfz,muse,sanger",4,COSN8349506,NA,SATR1,FALSE,0.2785,NA,22,57,NA,NA,NA,IGR,FALSE,FALSE,FALSE,FALSE,2,1,1,1_1,fc9f998b-cc72-f6ea-e040-11ac0c482425,NA
4,4893379,4893379,1,snv_mnv,NA,NA,"broad,dkfz,muse,sanger",4,COSN8349589,rs374336721,NA,FALSE,0.2222,NA,20,70,NA,NA,NA,IGR,FALSE,FALSE,FALSE,FALSE,2,1,1,1_1,fc9f998b-cc72-f6ea-e040-11ac0c482425,LDHAP1
4,6126240,6126240,1,snv_mnv,NA,NA,"broad,dkfz,muse,sanger",4,COSN8349683,NA,NA,FALSE,0.2278,NA,18,61,NA,NA,NA,Intron,FALSE,FALSE,FALSE,FALSE,2,1,1,1_1,fc9f998b-cc72-f6ea-e040-11ac0c482425,NA
4,6907053,6907053,1,snv_mnv,NA,NA,"broad,dkfz,muse,sanger",4,COSN8349795,NA,NA,FALSE,0.1977,NA,17,69,NA,NA,NA,IGR,FALSE,FALSE,FALSE,FALSE,2,1,1,1_1,fc9f998b-cc72-f6ea-e040-11ac0c482425,TBC1D14
4,7057351,7057351,1,snv_mnv,NA,NA,"broad,dkfz,muse,sanger",4,COSN8349808,NA,NA,FALSE,0.0964,NA,8,75,NA,NA,NA,3'UTR,FALSE,FALSE,FALSE,FALSE,2,1,1,1_1,fc9f998b-cc72-f6ea-e040-11ac0c482425,"GRPEL1,TADA2B"
4,9591900,9591900,1,snv_mnv,NA,NA,"broad,muse,sanger",3,COSN8349978,NA,MLT1F2,FALSE,0.0659,NA,6,85,NA,NA,NA,IGR,FALSE,FALSE,FALSE,FALSE,2,1,1,1_1,fc9f998b-cc72-f6ea-e040-11ac0c482425,NA
4,11549993,11549993,1,snv_mnv,NA,NA,"broad,dkfz,muse,sanger",4,COSN8348468,NA,L2a,FALSE,0.1096,NA,8,65,NA,NA,NA,IGR,FALSE,FALSE,FALSE,FALSE,2,1,1,1_1,fc9f998b-cc72-f6ea-e040-11ac0c482425,NA
4,13870796,13870796,1,snv_mnv,NA,NA,"dkfz,muse,sanger",3,COSN8348770,NA,NA,FALSE,0.087,NA,6,63,NA,NA,NA,lincRNA,FALSE,FALSE,FALSE,FALSE,2,1,1,1_1,fc9f998b-cc72-f6ea-e040-11ac0c482425,NA
4,15215740,15215740,1,snv_mnv,NA,NA,"broad,dkfz,muse,sanger",4,COSN8348872,NA,NA,FALSE,0.1607,NA,9,47,NA,NA,NA,RNA,FALSE,FALSE,FALSE,FALSE,2,1,1,1_1,fc9f998b-cc72-f6ea-e040-11ac0c482425,NA
4,15811763,15811763,1,snv_mnv,NA,NA,"broad,dkfz,muse,sanger",4,COSN8348910,NA,NA,FALSE,0.2692,NA,14,38,NA,NA,NA,Intron,FALSE,FALSE,FALSE,FALSE,2,1,1,1_1,fc9f998b-cc72-f6ea-e040-11ac0c482425,NA
4,17219972,17219972,1,snv_mnv,NA,NA,"broad,dkfz,muse,sanger",4,COSN8349063,NA,MLT1E2,FALSE,0.1977,NA,17,69,NA,NA,NA,IGR,FALSE,FALSE,FALSE,FALSE,2,1,1,1_1,fc9f998b-cc72-f6ea-e040-11ac0c482425,NA
4,17433601,17433601,1,snv_mnv,NA,NA,"broad,dkfz,muse,sanger",4,COSN8349087,NA,AluSc,FALSE,0.1786,NA,10,46,NA,NA,NA,IGR,FALSE,FALSE,FALSE,FALSE,2,1,1,1_1,fc9f998b-cc72-f6ea-e040-11ac0c482425,RPS7P6
4,18038928,18038928,1,snv_mnv,NA,NA,"dkfz,muse,sanger",3,COSN8349171,NA,MLT1B,FALSE,0.1282,NA,10,68,NA,NA,NA,IGR,FALSE,FALSE,FALSE,FALSE,2,1,1,1_1,fc9f998b-cc72-f6ea-e040-11ac0c482425,NA
4,18293232,18293232,1,snv_mnv,NA,NA,"broad,dkfz,muse,sanger",4,COSN8349207,NA,NA,FALSE,0.1781,NA,13,60,NA,NA,NA,IGR,FALSE,FALSE,FALSE,FALSE,2,1,1,1_1,fc9f998b-cc72-f6ea-e040-11ac0c482425,NA
4,20500330,20500330,1,snv_mnv,NA,NA,"broad,dkfz,muse,sanger",4,COSN8349323,NA,NA,FALSE,0.1176,NA,10,75,NA,NA,NA,Intron,FALSE,FALSE,FALSE,FALSE,2,1,1,1_1,fc9f998b-cc72-f6ea-e040-11ac0c482425,NA
4,21060569,21060569,1,snv_mnv,NA,NA,"broad,dkfz,muse,sanger",4,COSN8349326,NA,THE1C,FALSE,0.2262,NA,19,65,NA,NA,NA,Intron,FALSE,FALSE,FALSE,FALSE,2,1,1,1_1,fc9f998b-cc72-f6ea-e040-11ac0c482425,NA
4,21943475,21943475,1,snv_mnv,NA,NA,"broad,dkfz,muse,sanger",4,COSN8349337,NA,NA,FALSE,0.25,NA,18,54,NA,NA,NA,Intron,FALSE,FALSE,FALSE,FALSE,2,1,1,1_1,fc9f998b-cc72-f6ea-e040-11ac0c482425,NA
4,26007258,26007258,1,snv_mnv,NA,NA,"broad,dkfz,muse,sanger",4,COSN8349371,NA,L2a,FALSE,0.1475,NA,9,52,NA,NA,NA,IGR,FALSE,FALSE,FALSE,FALSE,2,1,1,1_1,fc9f998b-cc72-f6ea-e040-11ac0c482425,NA
4,28052717,28052717,1,snv_mnv,NA,NA,"broad,dkfz,muse,sanger",4,COSN8349391,NA,L1MA2,FALSE,0.1471,NA,10,58,NA,NA,NA,IGR,FALSE,FALSE,FALSE,FALSE,2,1,1,1_1,fc9f998b-cc72-f6ea-e040-11ac0c482425,NA
4,28742999,28742999,1,snv_mnv,NA,NA,"broad,dkfz,muse,sanger",4,COSN8349394,NA,NA,FALSE,0.1837,NA,9,40,NA,NA,NA,IGR,FALSE,FALSE,FALSE,FALSE,2,1,1,1_1,fc9f998b-cc72-f6ea-e040-11ac0c482425,NA
4,29036756,29036756,1,snv_mnv,NA,NA,"broad,dkfz,muse,sanger",4,COSN16807816,NA,MLT1H,FALSE,0.2687,NA,18,49,NA,NA,NA,IGR,FALSE,FALSE,FALSE,FALSE,2,1,1,1_1,fc9f998b-cc72-f6ea-e040-11ac0c482425,NA
4,30377233,30377233,1,snv_mnv,NA,NA,"broad,dkfz,muse,sanger",4,COSN8349413,NA,NA,FALSE,0.2206,NA,15,53,NA,NA,NA,IGR,FALSE,FALSE,FALSE,FALSE,2,1,1,1_1,fc9f998b-cc72-f6ea-e040-11ac0c482425,NA
4,30732845,30732845,1,snv_mnv,NA,NA,"broad,dkfz,muse,sanger",4,COSN8349417,NA,NA,FALSE,0.1774,NA,11,51,NA,NA,NA,3'UTR,FALSE,FALSE,FALSE,FALSE,2,1,1,1_1,fc9f998b-cc72-f6ea-e040-11ac0c482425,NA
4,33637044,33637044,1,snv_mnv,NA,NA,"broad,dkfz,muse,sanger",4,COSN8349456,NA,THE1D-int,FALSE,0.1974,NA,15,61,NA,NA,NA,IGR,FALSE,FALSE,FALSE,FALSE,2,1,1,1_1,fc9f998b-cc72-f6ea-e040-11ac0c482425,NA
4,33979358,33979358,1,snv_mnv,NA,NA,"broad,dkfz,muse,sanger",4,COSN8349461,NA,LTR48B,FALSE,0.2222,NA,14,49,NA,NA,NA,lincRNA,FALSE,FALSE,FALSE,FALSE,2,1,1,1_1,fc9f998b-cc72-f6ea-e040-11ac0c482425,AC016687.2
4,34209481,34209481,1,snv_mnv,NA,NA,"broad,dkfz,muse,sanger",4,COSN8349463,NA,NA,FALSE,0.1733,NA,13,62,NA,NA,NA,lincRNA,FALSE,FALSE,FALSE,FALSE,2,1,1,1_1,fc9f998b-cc72-f6ea-e040-11ac0c482425,NA
4,34442196,34442196,1,snv_mnv,NA,NA,"broad,muse,sanger",3,COSN8349467,NA,THE1D,FALSE,0.2,NA,12,48,NA,NA,NA,IGR,FALSE,FALSE,FALSE,FALSE,2,1,1,1_1,fc9f998b-cc72-f6ea-e040-11ac0c482425,NA
4,35768810,35768810,1,snv_mnv,NA,NA,"broad,dkfz,muse,sanger",4,COSN8349472,NA,L1PA15,FALSE,0.1607,NA,9,47,NA,NA,NA,IGR,FALSE,FALSE,FALSE,FALSE,2,1,1,1_1,fc9f998b-cc72-f6ea-e040-11ac0c482425,NA
4,36667180,36667180,1,snv_mnv,NA,NA,"broad,dkfz,muse,sanger",4,COSN8349482,NA,NA,FALSE,0.1867,NA,14,61,NA,NA,NA,IGR,FALSE,FALSE,FALSE,FALSE,2,1,1,1_1,fc9f998b-cc72-f6ea-e040-11ac0c482425,NA
4,43125221,43125221,1,snv_mnv,NA,NA,"broad,dkfz,muse,sanger",4,COSN8349512,NA,MLT1C,FALSE,0.2027,NA,15,59,NA,NA,NA,IGR,FALSE,FALSE,FALSE,FALSE,2,1,1,1_1,fc9f998b-cc72-f6ea-e040-11ac0c482425,NA
4,43351765,43351765,1,snv_mnv,NA,NA,"broad,dkfz,muse,sanger",4,COSN8349518,NA,NA,FALSE,0.1667,NA,9,45,NA,NA,NA,IGR,FALSE,FALSE,FALSE,FALSE,2,1,1,1_1,fc9f998b-cc72-f6ea-e040-11ac0c482425,AC097451.1
4,43928170,43928170,1,snv_mnv,NA,NA,"broad,dkfz,muse,sanger",4,COSN8349528,NA,NA,FALSE,0.2703,NA,20,54,NA,NA,NA,IGR,FALSE,FALSE,FALSE,FALSE,2,1,1,1_1,fc9f998b-cc72-f6ea-e040-11ac0c482425,NA
4,44954995,44954995,1,snv_mnv,1.9968e-4,rs538252393,"broad,dkfz,muse,sanger",4,COSN8349539,rs538252393,NA,FALSE,0.0845,NA,6,65,NA,NA,NA,IGR,FALSE,FALSE,FALSE,FALSE,2,1,1,1_1,fc9f998b-cc72-f6ea-e040-11ac0c482425,NA
4,45080886,45080886,1,snv_mnv,5.9904e-4,rs190836722,"broad,dkfz,muse,sanger",4,COSN8349541,rs190836722,AluJb,FALSE,0.2111,NA,19,71,NA,NA,NA,IGR,FALSE,FALSE,FALSE,FALSE,2,1,1,1_1,fc9f998b-cc72-f6ea-e040-11ac0c482425,NA
4,45781162,45781162,1,snv_mnv,NA,NA,"broad,dkfz,muse,sanger",4,COSN8349549,NA,NA,FALSE,0.1406,NA,9,55,NA,NA,NA,IGR,FALSE,FALSE,FALSE,FALSE,2,1,1,1_1,fc9f998b-cc72-f6ea-e040-11ac0c482425,NA
4,48177265,48177265,1,snv_mnv,NA,NA,"broad,dkfz,muse,sanger",4,COSN8349582,NA,NA,FALSE,0.2697,NA,24,65,NA,NA,NA,Intron,FALSE,FALSE,FALSE,FALSE,2,1,1,1_1,fc9f998b-cc72-f6ea-e040-11ac0c482425,NA
4,49208816,49208816,1,snv_mnv,NA,NA,"broad,muse,sanger",3,COSN8349594,NA,L1PA7,FALSE,0.1311,NA,8,53,NA,NA,NA,RNA,FALSE,FALSE,FALSE,FALSE,2,1,1,1_1,fc9f998b-cc72-f6ea-e040-11ac0c482425,AC118282.3
4,52816607,52816607,1,snv_mnv,NA,NA,"broad,muse,sanger",3,COSN8349604,NA,L1PA5,FALSE,0.2029,NA,14,55,NA,NA,NA,IGR,FALSE,FALSE,FALSE,FALSE,2,1,1,1_1,fc9f998b-cc72-f6ea-e040-11ac0c482425,NA
4,53594670,53594670,1,snv_mnv,NA,NA,"broad,dkfz,muse,sanger",4,COSN17890176,NA,AluSq2,FALSE,0.2676,NA,19,52,NA,NA,NA,Intron,FALSE,FALSE,FALSE,FALSE,2,1,1,1_1,fc9f998b-cc72-f6ea-e040-11ac0c482425,NA
4,58357559,58357559,1,snv_mnv,1.9968e-4,rs528614688,"broad,dkfz,muse,sanger",4,COSN8349636,rs528614688,NA,FALSE,0.2329,NA,17,56,NA,NA,NA,lincRNA,FALSE,FALSE,FALSE,FALSE,2,1,1,1_1,fc9f998b-cc72-f6ea-e040-11ac0c482425,NA
4,59087858,59087858,1,snv_mnv,NA,NA,"broad,dkfz,muse,sanger",4,COSN8349648,NA,AluSg7,FALSE,0.25,NA,17,51,NA,NA,NA,IGR,FALSE,FALSE,FALSE,FALSE,2,1,1,1_1,fc9f998b-cc72-f6ea-e040-11ac0c482425,NA
4,60207309,60207309,1,snv_mnv,NA,NA,"broad,dkfz,muse,sanger",4,COSN8349670,NA,MLT2B1,FALSE,0.1579,NA,9,48,NA,NA,NA,IGR,FALSE,FALSE,FALSE,FALSE,2,1,1,1_1,fc9f998b-cc72-f6ea-e040-11ac0c482425,NA
4,60288981,60288981,1,snv_mnv,NA,NA,"broad,muse,sanger",3,COSN8349671,NA,L1PA5,FALSE,0.1549,NA,11,60,NA,NA,NA,IGR,FALSE,FALSE,FALSE,FALSE,2,1,1,1_1,fc9f998b-cc72-f6ea-e040-11ac0c482425,NA
4,60316000,60316000,1,snv_mnv,NA,NA,"broad,dkfz,muse,sanger",4,COSN8349672,NA,NA,FALSE,0.3571,NA,20,36,NA,NA,NA,IGR,FALSE,FALSE,FALSE,FALSE,2,1,1,1_1,fc9f998b-cc72-f6ea-e040-11ac0c482425,NA
4,62412898,62412898,1,snv_mnv,NA,NA,"broad,dkfz,muse,sanger",4,COSN8349703,NA,MER63C,FALSE,0.1552,NA,9,49,NA,NA,NA,Intron,FALSE,FALSE,FALSE,FALSE,2,1,1,1_1,fc9f998b-cc72-f6ea-e040-11ac0c482425,NA
4,63158668,63158668,1,snv_mnv,NA,NA,"broad,dkfz,muse,sanger",4,COSN8349718,NA,NA,FALSE,0.3118,NA,29,64,NA,NA,NA,IGR,FALSE,FALSE,FALSE,FALSE,2,1,1,1_1,fc9f998b-cc72-f6ea-e040-11ac0c482425,AC105313.1
4,63836461,63836461,1,snv_mnv,0.0013978,rs192876600,"broad,dkfz,muse,sanger",4,COSN8349733,rs192876600,NA,FALSE,0.175,NA,7,33,NA,NA,NA,IGR,FALSE,FALSE,FALSE,FALSE,2,1,1,1_1,fc9f998b-cc72-f6ea-e040-11ac0c482425,NA
4,65583427,65583427,1,snv_mnv,NA,NA,"broad,dkfz,muse,sanger",4,COSN8349769,NA,HUERS-P3-int,FALSE,0.13,NA,13,87,NA,NA,NA,IGR,FALSE,FALSE,FALSE,FALSE,2,1,1,1_1,fc9f998b-cc72-f6ea-e040-11ac0c482425,NA
4,68593346,68593346,1,snv_mnv,NA,NA,"broad,dkfz,muse,sanger",4,COSN8349790,NA,LTR26,FALSE,0.2444,NA,22,68,NA,NA,NA,RNA,FALSE,FALSE,FALSE,FALSE,2,1,1,1_1,fc9f998b-cc72-f6ea-e040-11ac0c482425,"UBA6-AS1,AC079880.2,AC079880.1"
4,69642707,69642707,1,snv_mnv,NA,NA,"broad,dkfz,muse,sanger",4,COSN8349799,NA,NA,FALSE,0.2708,NA,13,35,NA,NA,NA,IGR,FALSE,FALSE,FALSE,FALSE,2,1,1,1_1,fc9f998b-cc72-f6ea-e040-11ac0c482425,NA
4,72900936,72900936,1,snv_mnv,NA,NA,"broad,dkfz,muse,sanger",4,COSN8349819,NA,MIRc,FALSE,0.2794,NA,19,49,NA,NA,NA,Intron,FALSE,FALSE,FALSE,FALSE,2,1,1,1_1,fc9f998b-cc72-f6ea-e040-11ac0c482425,NPFFR2
4,77188938,77188938,1,snv_mnv,NA,NA,"broad,dkfz,muse,sanger",4,COSN8349846,NA,L1MB7,FALSE,0.1923,NA,15,63,NA,NA,NA,Intron,FALSE,FALSE,FALSE,FALSE,2,1,1,1_1,fc9f998b-cc72-f6ea-e040-11ac0c482425,NA
4,82222095,82222095,1,snv_mnv,NA,NA,"broad,dkfz,muse,sanger",4,COSN8349880,NA,MIRb,FALSE,0.3077,NA,20,45,NA,NA,NA,IGR,FALSE,FALSE,FALSE,FALSE,2,1,1,1_1,fc9f998b-cc72-f6ea-e040-11ac0c482425,NA
4,85684443,85684443,1,snv_mnv,NA,NA,"broad,dkfz,muse,sanger",4,COSN8349894,NA,L1PA8,FALSE,0.1905,NA,12,51,NA,NA,NA,Intron,FALSE,FALSE,FALSE,FALSE,2,1,1,1_1,fc9f998b-cc72-f6ea-e040-11ac0c482425,NA
4,86448660,86448660,1,snv_mnv,NA,NA,"broad,dkfz,muse,sanger",4,COSN8349901,NA,NA,FALSE,0.1846,NA,12,53,NA,NA,NA,Intron,FALSE,FALSE,FALSE,FALSE,2,1,1,1_1,fc9f998b-cc72-f6ea-e040-11ac0c482425,NA
4,89402530,89402530,1,snv_mnv,NA,NA,"dkfz,muse,sanger",3,COSN8349922,NA,L1MEd,FALSE,0.1429,NA,9,54,NA,NA,NA,Intron,FALSE,FALSE,FALSE,FALSE,2,1,1,1_1,fc9f998b-cc72-f6ea-e040-11ac0c482425,NA
4,93090345,93090345,1,snv_mnv,NA,NA,"broad,dkfz,muse,sanger",4,COSN8349949,rs766932373,L1PA17,FALSE,0.1507,NA,11,62,NA,NA,NA,IGR,FALSE,FALSE,FALSE,FALSE,2,1,1,1_1,fc9f998b-cc72-f6ea-e040-11ac0c482425,NA
4,93647406,93647406,1,snv_mnv,NA,NA,"broad,dkfz,muse,sanger",4,COSN8349958,NA,NA,FALSE,0.2391,NA,11,35,NA,NA,NA,Intron,FALSE,FALSE,FALSE,FALSE,2,1,1,1_1,fc9f998b-cc72-f6ea-e040-11ac0c482425,NA
4,95914322,95914322,1,snv_mnv,NA,NA,"broad,dkfz,muse,sanger",4,COSN8349977,NA,AluJr,FALSE,0.2254,NA,16,55,NA,NA,NA,Intron,FALSE,FALSE,FALSE,FALSE,2,1,1,1_1,fc9f998b-cc72-f6ea-e040-11ac0c482425,BMPR1B
4,97614260,97614260,1,snv_mnv,NA,NA,"broad,dkfz,muse",3,COSN8349989,NA,L2a,FALSE,0.2656,NA,17,47,NA,NA,NA,IGR,FALSE,FALSE,FALSE,FALSE,2,1,1,1_1,fc9f998b-cc72-f6ea-e040-11ac0c482425,NA
4,97905035,97905035,1,snv_mnv,NA,NA,"broad,dkfz,muse,sanger",4,COSN8349990,NA,NA,FALSE,0.2029,NA,14,55,NA,NA,NA,IGR,FALSE,FALSE,FALSE,FALSE,2,1,1,1_1,fc9f998b-cc72-f6ea-e040-11ac0c482425,NA
4,98189546,98189546,1,snv_mnv,NA,NA,"broad,dkfz,muse,sanger",4,COSN8349993,NA,NA,FALSE,0.1795,NA,14,64,NA,NA,NA,Intron,FALSE,FALSE,FALSE,FALSE,2,1,1,1_1,fc9f998b-cc72-f6ea-e040-11ac0c482425,NA
4,98554185,98554185,1,snv_mnv,NA,NA,"broad,dkfz,muse,sanger",4,COSN8349995,NA,NA,FALSE,0.2759,NA,16,42,NA,NA,NA,Intron,FALSE,FALSE,FALSE,FALSE,2,1,1,1_1,fc9f998b-cc72-f6ea-e040-11ac0c482425,NA
4,98626384,98626384,1,snv_mnv,NA,NA,"broad,dkfz,muse,sanger",4,COSN8349996,NA,L2c,FALSE,0.24,NA,12,38,NA,NA,NA,Intron,FALSE,FALSE,FALSE,FALSE,2,1,1,1_1,fc9f998b-cc72-f6ea-e040-11ac0c482425,NA
4,103066294,103066294,1,snv_mnv,NA,NA,"broad,dkfz,muse,sanger",4,COSN8348360,NA,L1PA16,FALSE,0.1899,NA,15,64,NA,NA,NA,IGR,FALSE,FALSE,FALSE,FALSE,2,1,1,1_1,fc9f998b-cc72-f6ea-e040-11ac0c482425,NA
4,104214337,104214337,1,snv_mnv,NA,NA,"broad,dkfz,muse,sanger",4,COSN8348368,rs545403320,NA,FALSE,0.1552,NA,9,49,NA,NA,NA,IGR,FALSE,FALSE,FALSE,FALSE,2,1,1,1_1,fc9f998b-cc72-f6ea-e040-11ac0c482425,NA
4,105424241,105424241,1,snv_mnv,NA,NA,"broad,dkfz,muse,sanger",4,COSN8348382,NA,NA,FALSE,0.2778,NA,15,39,NA,NA,NA,RNA,FALSE,FALSE,FALSE,FALSE,2,1,1,1_1,fc9f998b-cc72-f6ea-e040-11ac0c482425,NA
4,107240110,107240110,1,snv_mnv,NA,NA,"broad,dkfz,muse,sanger",4,COSN8348391,NA,Kanga1b,FALSE,0.1356,NA,8,51,NA,NA,NA,Intron,FALSE,FALSE,FALSE,FALSE,2,1,1,1_1,fc9f998b-cc72-f6ea-e040-11ac0c482425,TBCK
4,109756073,109756073,1,snv_mnv,NA,NA,"broad,dkfz,muse,sanger",4,COSN8348410,NA,NA,FALSE,0.2769,NA,18,47,NA,NA,NA,Intron,FALSE,FALSE,FALSE,FALSE,2,1,1,1_1,fc9f998b-cc72-f6ea-e040-11ac0c482425,COL25A1
4,110524329,110524329,1,snv_mnv,NA,NA,"broad,muse,sanger",3,COSN8348420,NA,SVA_B,FALSE,0.0972,NA,7,65,NA,NA,NA,Intron,FALSE,FALSE,FALSE,FALSE,2,1,1,1_1,fc9f998b-cc72-f6ea-e040-11ac0c482425,NA
4,112025521,112025521,1,snv_mnv,NA,NA,"broad,dkfz,muse,sanger",4,COSN8348437,NA,AluSq10,FALSE,0.1429,NA,6,36,NA,NA,NA,IGR,FALSE,FALSE,FALSE,FALSE,2,1,1,1_1,fc9f998b-cc72-f6ea-e040-11ac0c482425,NA
4,112469012,112469012,1,snv_mnv,NA,NA,"broad,dkfz,muse,sanger",4,COSN8348439,NA,NA,FALSE,0.1569,NA,8,43,NA,NA,NA,IGR,FALSE,FALSE,FALSE,FALSE,2,1,1,1_1,fc9f998b-cc72-f6ea-e040-11ac0c482425,AC083795.1
4,113073253,113073253,1,snv_mnv,NA,NA,"broad,dkfz,muse,sanger",4,COSN8348442,NA,NA,FALSE,0.1864,NA,11,48,NA,NA,NA,Intron,FALSE,FALSE,FALSE,FALSE,2,1,1,1_1,fc9f998b-cc72-f6ea-e040-11ac0c482425,NA
4,114189362,114189362,1,snv_mnv,NA,NA,"broad,dkfz,muse,sanger",4,COSN8348458,NA,L1PA7,FALSE,0.209,NA,14,53,NA,NA,NA,Intron,FALSE,FALSE,FALSE,FALSE,2,1,1,1_1,fc9f998b-cc72-f6ea-e040-11ac0c482425,NA
4,114613151,114613151,1,snv_mnv,NA,NA,"broad,dkfz,muse,sanger",4,COSN8348462,NA,NA,FALSE,0.1667,NA,10,50,NA,NA,NA,Intron,FALSE,FALSE,FALSE,FALSE,2,1,1,1_1,fc9f998b-cc72-f6ea-e040-11ac0c482425,NA
4,115120200,115120200,1,snv_mnv,NA,NA,"broad,dkfz,muse,sanger",4,COSN8348466,NA,L1MA2,FALSE,0.25,NA,15,45,NA,NA,NA,IGR,FALSE,FALSE,FALSE,FALSE,2,1,1,1_1,fc9f998b-cc72-f6ea-e040-11ac0c482425,NA
4,115702313,115702313,1,snv_mnv,NA,NA,"broad,dkfz,muse,sanger",4,COSN8348472,NA,NA,FALSE,0.2125,NA,17,63,NA,NA,NA,IGR,FALSE,FALSE,FALSE,FALSE,2,1,1,1_1,fc9f998b-cc72-f6ea-e040-11ac0c482425,NA
4,116338138,116338138,1,snv_mnv,NA,NA,"broad,dkfz,muse,sanger",4,COSN8348483,NA,NA,FALSE,0.1429,NA,6,36,NA,NA,NA,IGR,FALSE,FALSE,FALSE,FALSE,2,1,1,1_1,fc9f998b-cc72-f6ea-e040-11ac0c482425,NA
4,123261369,123261369,1,snv_mnv,NA,NA,"broad,dkfz,muse,sanger",4,COSN8348552,NA,MER20,FALSE,0.2329,NA,17,56,NA,NA,NA,Intron,FALSE,FALSE,FALSE,FALSE,2,1,1,1_1,fc9f998b-cc72-f6ea-e040-11ac0c482425,KIAA1109
4,123261601,123261601,1,snv_mnv,NA,NA,"broad,dkfz,muse,sanger",4,COSN8348553,NA,NA,FALSE,0.2623,NA,16,45,NA,NA,NA,Intron,FALSE,FALSE,FALSE,FALSE,2,1,1,1_1,fc9f998b-cc72-f6ea-e040-11ac0c482425,KIAA1109
4,123261613,123261613,1,snv_mnv,NA,NA,"broad,dkfz,muse,sanger",4,COSN8348554,NA,NA,FALSE,0.2308,NA,15,50,NA,NA,NA,Intron,FALSE,FALSE,FALSE,FALSE,2,1,1,1_1,fc9f998b-cc72-f6ea-e040-11ac0c482425,KIAA1109
4,123261769,123261769,1,snv_mnv,NA,NA,"broad,dkfz,muse,sanger",4,COSN8348555,NA,NA,FALSE,0.2174,NA,15,54,NA,NA,NA,Intron,FALSE,FALSE,FALSE,FALSE,2,1,1,1_1,fc9f998b-cc72-f6ea-e040-11ac0c482425,KIAA1109
4,123261978,123261978,1,snv_mnv,NA,NA,"broad,dkfz,muse",3,COSN8348556,NA,NA,FALSE,0.2174,NA,15,54,NA,NA,NA,Intron,FALSE,FALSE,FALSE,FALSE,2,1,1,1_1,fc9f998b-cc72-f6ea-e040-11ac0c482425,KIAA1109
4,123262263,123262263,1,snv_mnv,NA,NA,"broad,muse",2,COSN8348557,NA,L1M5,FALSE,0.2909,NA,16,39,NA,NA,NA,Intron,FALSE,FALSE,FALSE,FALSE,2,1,1,1_1,fc9f998b-cc72-f6ea-e040-11ac0c482425,KIAA1109
4,123262280,123262280,1,snv_mnv,NA,NA,"broad,muse",2,COSN8348558,NA,L1M5,FALSE,0.3043,NA,14,32,NA,NA,NA,Intron,FALSE,FALSE,FALSE,FALSE,2,1,1,1_1,fc9f998b-cc72-f6ea-e040-11ac0c482425,KIAA1109
4,123262603,123262603,1,snv_mnv,NA,NA,"broad,dkfz,muse,sanger",4,COSN8348559,NA,NA,FALSE,0.2069,NA,12,46,NA,NA,NA,Intron,FALSE,FALSE,FALSE,FALSE,2,1,1,1_1,fc9f998b-cc72-f6ea-e040-11ac0c482425,KIAA1109
4,123262765,123262765,1,snv_mnv,NA,NA,"broad,dkfz,muse,sanger",4,COSN8348560,NA,NA,FALSE,0.2059,NA,14,54,NA,NA,NA,Intron,FALSE,FALSE,FALSE,FALSE,2,1,1,1_1,fc9f998b-cc72-f6ea-e040-11ac0c482425,KIAA1109
4,123262937,123262937,1,snv_mnv,NA,NA,"broad,dkfz,muse,sanger",4,COSN8348561,NA,NA,FALSE,0.1685,NA,15,74,NA,NA,NA,Intron,FALSE,FALSE,FALSE,FALSE,2,1,1,1_1,fc9f998b-cc72-f6ea-e040-11ac0c482425,KIAA1109
4,123262948,123262948,1,snv_mnv,NA,NA,"broad,dkfz,muse,sanger",4,COSN8348562,NA,NA,FALSE,0.1852,NA,15,66,NA,NA,NA,Intron,FALSE,FALSE,FALSE,FALSE,2,1,1,1_1,fc9f998b-cc72-f6ea-e040-11ac0c482425,KIAA1109
4,123263265,123263265,1,snv_mnv,NA,NA,"broad,dkfz,muse,sanger",4,COSN8348563,NA,L2,FALSE,0.1618,NA,11,57,NA,NA,NA,Intron,FALSE,FALSE,FALSE,FALSE,2,1,1,1_1,fc9f998b-cc72-f6ea-e040-11ac0c482425,KIAA1109
4,123263311,123263311,1,snv_mnv,NA,NA,"broad,dkfz,muse,sanger",4,COSN8348564,NA,L2,FALSE,0.1698,NA,9,44,NA,NA,NA,Intron,FALSE,FALSE,FALSE,FALSE,2,1,1,1_1,fc9f998b-cc72-f6ea-e040-11ac0c482425,NA
4,123263634,123263634,1,snv_mnv,NA,NA,"broad,dkfz,muse,sanger",4,COSN8348565,NA,AluSx,FALSE,0.1,NA,4,36,NA,NA,NA,Intron,FALSE,FALSE,FALSE,FALSE,2,1,1,1_1,fc9f998b-cc72-f6ea-e040-11ac0c482425,NA
4,123263642,123263642,1,snv_mnv,NA,NA,"broad,dkfz,muse,sanger",4,COSN8348566,NA,AluSx,FALSE,0.0811,NA,3,34,NA,NA,NA,Intron,FALSE,FALSE,FALSE,FALSE,2,1,1,1_1,fc9f998b-cc72-f6ea-e040-11ac0c482425,NA
4,123263742,123263742,1,snv_mnv,NA,NA,"broad,dkfz,muse,sanger",4,COSN8348567,NA,AluSx,FALSE,0.2,NA,10,40,NA,NA,NA,Intron,FALSE,FALSE,FALSE,FALSE,2,1,1,1_1,fc9f998b-cc72-f6ea-e040-11ac0c482425,NA
4,123264075,123264075,1,snv_mnv,NA,NA,"broad,dkfz,muse,sanger",4,COSN8348568,NA,NA,FALSE,0.1852,NA,10,44,NA,NA,NA,Intron,FALSE,FALSE,FALSE,FALSE,2,1,1,1_1,fc9f998b-cc72-f6ea-e040-11ac0c482425,NA
4,123264257,123264257,1,snv_mnv,NA,NA,"broad,dkfz,muse,sanger",4,COSN8348569,NA,NA,FALSE,0.0612,NA,3,46,NA,NA,NA,Intron,FALSE,FALSE,FALSE,FALSE,2,1,1,1_1,fc9f998b-cc72-f6ea-e040-11ac0c482425,NA
4,123264263,123264263,1,snv_mnv,NA,NA,"broad,dkfz,muse,sanger",4,COSN8348570,NA,NA,FALSE,0.0612,NA,3,46,NA,NA,NA,Intron,FALSE,FALSE,FALSE,FALSE,2,1,1,1_1,fc9f998b-cc72-f6ea-e040-11ac0c482425,NA
4,123264267,123264267,1,snv_mnv,NA,NA,"broad,dkfz,muse,sanger",4,COSN8348571,NA,NA,FALSE,0.0612,NA,3,46,NA,NA,NA,Intron,FALSE,FALSE,FALSE,FALSE,2,1,1,1_1,fc9f998b-cc72-f6ea-e040-11ac0c482425,NA
4,123264467,123264467,1,snv_mnv,NA,NA,"broad,dkfz,muse,sanger",4,COSN8348572,NA,NA,FALSE,0.1772,NA,14,65,NA,NA,NA,Intron,FALSE,FALSE,FALSE,FALSE,2,1,1,1_1,fc9f998b-cc72-f6ea-e040-11ac0c482425,NA
4,123268740,123268740,1,snv_mnv,NA,NA,"broad,dkfz,muse,sanger",4,COSM3849645,NA,NA,FALSE,0.1605,NA,13,68,NA,NA,NA,Nonsense_Mutation,FALSE,FALSE,FALSE,FALSE,2,1,1,1_1,fc9f998b-cc72-f6ea-e040-11ac0c482425,KIAA1109
4,124359235,124359235,1,snv_mnv,NA,NA,"broad,dkfz,muse,sanger",4,COSN8348575,NA,NA,FALSE,0.2029,NA,14,55,NA,NA,NA,IGR,FALSE,FALSE,FALSE,FALSE,2,1,1,1_1,fc9f998b-cc72-f6ea-e040-11ac0c482425,NA
4,127054456,127054456,1,snv_mnv,NA,NA,"broad,dkfz,muse,sanger",4,COSN8348605,NA,HERVK9-int,FALSE,0.2625,NA,21,59,NA,NA,NA,IGR,FALSE,FALSE,FALSE,FALSE,2,1,1,1_1,fc9f998b-cc72-f6ea-e040-11ac0c482425,NA
4,127700981,127700981,1,snv_mnv,NA,NA,"broad,dkfz,muse,sanger",4,COSN8348611,NA,LTR1C,FALSE,0.1667,NA,12,60,NA,NA,NA,IGR,FALSE,FALSE,FALSE,FALSE,2,1,1,1_1,fc9f998b-cc72-f6ea-e040-11ac0c482425,NA
4,130907351,130907351,1,snv_mnv,NA,NA,"broad,dkfz,muse,sanger",4,COSN8348650,NA,NA,FALSE,0.1452,NA,9,53,NA,NA,NA,IGR,FALSE,FALSE,FALSE,FALSE,2,1,1,1_1,fc9f998b-cc72-f6ea-e040-11ac0c482425,NA
4,131943199,131943199,1,snv_mnv,NA,NA,"broad,dkfz,muse,sanger",4,COSN8348677,NA,NA,FALSE,0.1607,NA,9,47,NA,NA,NA,IGR,FALSE,FALSE,FALSE,FALSE,2,1,1,1_1,fc9f998b-cc72-f6ea-e040-11ac0c482425,NA
4,132032341,132032341,1,snv_mnv,NA,NA,"broad,dkfz,muse,sanger",4,COSN8348680,NA,NA,FALSE,0.2222,NA,18,63,NA,NA,NA,IGR,FALSE,FALSE,FALSE,FALSE,2,1,1,1_1,fc9f998b-cc72-f6ea-e040-11ac0c482425,AC025554.1
4,136333384,136333384,1,snv_mnv,NA,NA,"broad,dkfz,muse,sanger",4,COSN8348727,NA,LTR22C,FALSE,0.1667,NA,11,55,NA,NA,NA,IGR,FALSE,FALSE,FALSE,FALSE,2,1,1,1_1,fc9f998b-cc72-f6ea-e040-11ac0c482425,NA
4,136941784,136941784,1,snv_mnv,NA,NA,"broad,dkfz,muse,sanger",4,COSN8348745,NA,NA,FALSE,0.1,NA,6,54,NA,NA,NA,IGR,FALSE,FALSE,FALSE,FALSE,2,1,1,1_1,fc9f998b-cc72-f6ea-e040-11ac0c482425,NA
4,138338232,138338232,1,snv_mnv,NA,NA,"broad,dkfz,muse,sanger",4,COSN8348768,NA,AluSx,FALSE,0.0972,NA,7,65,NA,NA,NA,IGR,FALSE,FALSE,FALSE,FALSE,2,1,1,1_1,fc9f998b-cc72-f6ea-e040-11ac0c482425,NA
4,138391562,138391562,1,snv_mnv,NA,NA,"broad,dkfz,muse,sanger",4,COSN8348769,NA,NA,FALSE,0.1552,NA,9,49,NA,NA,NA,IGR,FALSE,FALSE,FALSE,FALSE,2,1,1,1_1,fc9f998b-cc72-f6ea-e040-11ac0c482425,NA
4,143934457,143934457,1,snv_mnv,NA,NA,"broad,dkfz,muse,sanger",4,COSN8348806,NA,L1MA5,FALSE,0.1515,NA,10,56,NA,NA,NA,RNA,FALSE,FALSE,FALSE,FALSE,2,1,1,1_1,fc9f998b-cc72-f6ea-e040-11ac0c482425,NA
4,144956320,144956320,1,snv_mnv,0.0033946,rs191256875,"broad,dkfz,muse,sanger",4,COSN8348815,rs191256875,NA,FALSE,0.1356,NA,8,51,NA,NA,NA,Intron,FALSE,FALSE,FALSE,FALSE,2,1,1,1_1,fc9f998b-cc72-f6ea-e040-11ac0c482425,NA
4,145816763,145816763,1,snv_mnv,NA,NA,"broad,dkfz,muse,sanger",4,COSN8348830,NA,MER89,FALSE,0.2195,NA,18,64,NA,NA,NA,IGR,FALSE,FALSE,FALSE,FALSE,2,1,1,1_1,fc9f998b-cc72-f6ea-e040-11ac0c482425,NA
4,146551937,146551937,1,snv_mnv,1.9968e-4,rs553180282,"broad,dkfz,muse,sanger",4,COSN8348833,rs553180282,L1M1,FALSE,0.1636,NA,9,46,NA,NA,NA,Intron,FALSE,FALSE,FALSE,FALSE,2,1,1,1_1,fc9f998b-cc72-f6ea-e040-11ac0c482425,NCOA4P3
4,147411711,147411711,1,snv_mnv,NA,NA,"broad,dkfz,muse,sanger",4,COSN8348835,NA,NA,FALSE,0.1558,NA,12,65,NA,NA,NA,Intron,FALSE,FALSE,FALSE,FALSE,2,1,1,1_1,fc9f998b-cc72-f6ea-e040-11ac0c482425,NA
4,147950663,147950663,1,snv_mnv,NA,NA,"broad,dkfz,muse,sanger",4,COSN8348840,NA,NA,FALSE,0.175,NA,14,66,NA,NA,NA,IGR,FALSE,FALSE,FALSE,FALSE,2,1,1,1_1,fc9f998b-cc72-f6ea-e040-11ac0c482425,NA
4,148608686,148608686,1,snv_mnv,1.9968e-4,rs576044116,"broad,muse,sanger",3,COSN8348845,rs576044116,AluY,FALSE,0.2474,NA,24,73,NA,NA,NA,IGR,FALSE,FALSE,FALSE,FALSE,2,1,1,1_1,fc9f998b-cc72-f6ea-e040-11ac0c482425,PRMT9
4,152260413,152260413,1,snv_mnv,NA,NA,"broad,dkfz,muse,sanger",4,COSN8348873,NA,NA,FALSE,0.1711,NA,13,63,NA,NA,NA,lincRNA,FALSE,FALSE,FALSE,FALSE,2,1,1,1_1,fc9f998b-cc72-f6ea-e040-11ac0c482425,NA
4,156905168,156905168,1,snv_mnv,NA,NA,"broad,dkfz,muse,sanger",4,COSN8348903,NA,NA,FALSE,0.1111,NA,7,56,NA,NA,NA,IGR,FALSE,FALSE,FALSE,FALSE,2,1,1,1_1,fc9f998b-cc72-f6ea-e040-11ac0c482425,NA
4,156998161,156998161,1,snv_mnv,NA,NA,"broad,dkfz,muse,sanger",4,COSN8348905,NA,L1MB7,FALSE,0.2121,NA,14,52,NA,NA,NA,IGR,FALSE,FALSE,FALSE,FALSE,2,1,1,1_1,fc9f998b-cc72-f6ea-e040-11ac0c482425,NA
4,158743145,158743145,1,snv_mnv,1.9968e-4,rs377060925,"broad,dkfz,muse,sanger",4,COSN8348917,rs377060925,LTR12D,FALSE,0.1923,NA,15,63,NA,NA,NA,IGR,FALSE,FALSE,FALSE,FALSE,2,1,1,1_1,fc9f998b-cc72-f6ea-e040-11ac0c482425,AC017037.3
4,159296731,159296731,1,snv_mnv,NA,NA,"broad,dkfz,muse,sanger",4,COSN8348922,NA,NA,FALSE,0.1538,NA,10,55,NA,NA,NA,Intron,FALSE,FALSE,FALSE,FALSE,2,1,1,1_1,fc9f998b-cc72-f6ea-e040-11ac0c482425,NA
4,161006735,161006735,1,snv_mnv,NA,NA,"broad,dkfz,muse,sanger",4,COSN5153083,NA,THE1B,FALSE,0.1875,NA,12,52,NA,NA,NA,IGR,FALSE,FALSE,FALSE,FALSE,2,1,1,1_1,fc9f998b-cc72-f6ea-e040-11ac0c482425,NA
4,161912286,161912286,1,snv_mnv,NA,NA,"broad,dkfz,muse,sanger",4,COSN8348940,NA,HAL1,FALSE,0.2157,NA,11,40,NA,NA,NA,IGR,FALSE,FALSE,FALSE,FALSE,2,1,1,1_1,fc9f998b-cc72-f6ea-e040-11ac0c482425,NA
4,162375333,162375333,1,snv_mnv,NA,NA,"broad,dkfz,muse,sanger",4,COSN8348946,NA,NA,FALSE,0.1395,NA,6,37,NA,NA,NA,Intron,FALSE,FALSE,FALSE,FALSE,2,1,1,1_1,fc9f998b-cc72-f6ea-e040-11ac0c482425,NA
4,162648919,162648919,1,snv_mnv,NA,NA,"broad,dkfz,muse,sanger",4,COSN8348948,NA,NA,FALSE,0.1622,NA,12,62,NA,NA,NA,Intron,FALSE,FALSE,FALSE,FALSE,2,1,1,1_1,fc9f998b-cc72-f6ea-e040-11ac0c482425,NA
4,162942647,162942647,1,snv_mnv,NA,NA,"broad,dkfz,muse,sanger",4,COSN8348950,NA,MIRb,FALSE,0.1918,NA,14,59,NA,NA,NA,Intron,FALSE,FALSE,FALSE,FALSE,2,1,1,1_1,fc9f998b-cc72-f6ea-e040-11ac0c482425,AC023136.1
4,164208390,164208390,1,snv_mnv,NA,NA,"broad,dkfz,muse,sanger",4,COSN8348968,NA,L1PB1,FALSE,0.2,NA,13,52,NA,NA,NA,IGR,FALSE,FALSE,FALSE,FALSE,2,1,1,1_1,fc9f998b-cc72-f6ea-e040-11ac0c482425,NA
4,165061034,165061034,1,snv_mnv,NA,NA,"broad,dkfz,muse,sanger",4,COSN8348979,NA,NA,FALSE,0.2157,NA,11,40,NA,NA,NA,Intron,FALSE,FALSE,FALSE,FALSE,2,1,1,1_1,fc9f998b-cc72-f6ea-e040-11ac0c482425,MARCH1
4,168175069,168175069,1,snv_mnv,NA,NA,"broad,dkfz,muse,sanger",4,COSN8349011,NA,NA,FALSE,0.2414,NA,14,44,NA,NA,NA,IGR,FALSE,FALSE,FALSE,FALSE,2,1,1,1_1,fc9f998b-cc72-f6ea-e040-11ac0c482425,NA
4,168581623,168581623,1,snv_mnv,NA,NA,"broad,dkfz,muse,sanger",4,COSN8349016,NA,THE1B-int,FALSE,0.1067,NA,8,67,NA,NA,NA,RNA,FALSE,FALSE,FALSE,FALSE,2,1,1,1_1,fc9f998b-cc72-f6ea-e040-11ac0c482425,RN7SKP188
4,168952870,168952870,1,snv_mnv,NA,NA,"broad,dkfz,muse,sanger",4,COSN8349023,NA,Tigger3b,FALSE,0.2273,NA,10,34,NA,NA,NA,RNA,FALSE,FALSE,FALSE,FALSE,2,1,1,1_1,fc9f998b-cc72-f6ea-e040-11ac0c482425,NA
4,171486460,171486460,1,snv_mnv,1.9968e-4,rs114102697,"broad,dkfz,muse,sanger",4,COSN19483003,rs114102697,NA,FALSE,0.1923,NA,20,84,NA,NA,NA,IGR,FALSE,FALSE,FALSE,FALSE,2,1,1,1_1,fc9f998b-cc72-f6ea-e040-11ac0c482425,NA
4,171723948,171723948,1,snv_mnv,NA,NA,"broad,dkfz,muse,sanger",4,COSN8349051,NA,NA,FALSE,0.1628,NA,7,36,NA,NA,NA,IGR,FALSE,FALSE,FALSE,FALSE,2,1,1,1_1,fc9f998b-cc72-f6ea-e040-11ac0c482425,NA
4,172711678,172711678,1,snv_mnv,NA,NA,"broad,dkfz,muse,sanger",4,COSN8349075,NA,L1PA16,FALSE,0.2542,NA,15,44,NA,NA,NA,IGR,FALSE,FALSE,FALSE,FALSE,2,1,1,1_1,fc9f998b-cc72-f6ea-e040-11ac0c482425,NA
4,175030839,175030839,1,snv_mnv,NA,NA,"broad,dkfz,muse,sanger",4,COSN8349098,NA,NA,FALSE,0.1667,NA,8,40,NA,NA,NA,lincRNA,FALSE,FALSE,FALSE,FALSE,2,1,1,1_1,fc9f998b-cc72-f6ea-e040-11ac0c482425,NA
4,177693263,177693263,1,snv_mnv,NA,NA,"broad,dkfz,muse,sanger",4,COSN8349132,NA,NA,FALSE,0.197,NA,13,53,NA,NA,NA,Intron,FALSE,FALSE,FALSE,FALSE,2,1,1,1_1,fc9f998b-cc72-f6ea-e040-11ac0c482425,NA
4,178200274,178200274,1,snv_mnv,1.9968e-4,rs538618327,"broad,dkfz,muse,sanger",4,COSN8349137,rs538618327,NA,FALSE,0.08,NA,8,92,NA,NA,NA,IGR,FALSE,FALSE,FALSE,FALSE,2,1,1,1_1,fc9f998b-cc72-f6ea-e040-11ac0c482425,NA
4,178509651,178509651,1,snv_mnv,NA,NA,"broad,dkfz,muse,sanger",4,COSN8349139,NA,L1PA14,FALSE,0.2456,NA,14,43,NA,NA,NA,RNA,FALSE,FALSE,FALSE,FALSE,2,1,1,1_1,fc9f998b-cc72-f6ea-e040-11ac0c482425,NA
4,179650474,179650474,1,snv_mnv,0.0015974,rs111818800,"broad,dkfz,muse,sanger",4,COSN8349155,rs111818800,L1MA4,FALSE,0.125,NA,8,56,NA,NA,NA,IGR,FALSE,FALSE,FALSE,FALSE,2,1,1,1_1,fc9f998b-cc72-f6ea-e040-11ac0c482425,NA
4,180132270,180132270,1,snv_mnv,NA,NA,"broad,dkfz,muse,sanger",4,COSN8349162,NA,AluYb8,FALSE,0.1724,NA,10,48,NA,NA,NA,IGR,FALSE,FALSE,FALSE,FALSE,2,1,1,1_1,fc9f998b-cc72-f6ea-e040-11ac0c482425,NA
4,180229874,180229874,1,snv_mnv,NA,NA,"broad,dkfz,muse,sanger",4,COSN8349166,NA,L1M3f,FALSE,0.2154,NA,14,51,NA,NA,NA,IGR,FALSE,FALSE,FALSE,FALSE,2,1,1,1_1,fc9f998b-cc72-f6ea-e040-11ac0c482425,NA
4,180429628,180429628,1,snv_mnv,NA,NA,"broad,dkfz,muse,sanger",4,COSN8349172,NA,Tigger2,FALSE,0.15,NA,9,51,NA,NA,NA,IGR,FALSE,FALSE,FALSE,FALSE,2,1,1,1_1,fc9f998b-cc72-f6ea-e040-11ac0c482425,NA
4,180904637,180904637,1,snv_mnv,NA,NA,"broad,muse,sanger",3,COSN8349183,NA,AluSx1,FALSE,0.0725,NA,5,64,NA,NA,NA,IGR,FALSE,FALSE,FALSE,FALSE,2,1,1,1_1,fc9f998b-cc72-f6ea-e040-11ac0c482425,NA
4,181240644,181240644,1,snv_mnv,NA,NA,"broad,dkfz,muse,sanger",4,COSN8349192,NA,L2c,FALSE,0.194,NA,13,54,NA,NA,NA,IGR,FALSE,FALSE,FALSE,FALSE,2,1,1,1_1,fc9f998b-cc72-f6ea-e040-11ac0c482425,NA
4,181620437,181620437,1,snv_mnv,NA,NA,"broad,dkfz,muse,sanger",4,COSN5153922,NA,NA,FALSE,0.0769,NA,5,60,NA,NA,NA,IGR,FALSE,FALSE,FALSE,FALSE,2,1,1,1_1,fc9f998b-cc72-f6ea-e040-11ac0c482425,NA
4,182097464,182097464,1,snv_mnv,NA,NA,"broad,dkfz,muse,sanger",4,COSN8349201,NA,NA,FALSE,0.2179,NA,17,61,NA,NA,NA,IGR,FALSE,FALSE,FALSE,FALSE,2,1,1,1_1,fc9f998b-cc72-f6ea-e040-11ac0c482425,NA
4,184860689,184860689,1,snv_mnv,NA,NA,"broad,dkfz,muse,sanger",4,COSN8349233,NA,MLT1C,FALSE,0.1959,NA,19,78,NA,NA,NA,Intron,FALSE,FALSE,FALSE,FALSE,2,1,1,1_1,fc9f998b-cc72-f6ea-e040-11ac0c482425,NA
4,188019748,188019748,1,snv_mnv,NA,NA,"broad,dkfz,muse,sanger",4,COSN8349260,NA,L1PA11,FALSE,0.1222,NA,11,79,NA,NA,NA,IGR,FALSE,FALSE,FALSE,FALSE,2,1,1,1_1,fc9f998b-cc72-f6ea-e040-11ac0c482425,NA
4,188490206,188490206,1,snv_mnv,NA,NA,"broad,dkfz,muse,sanger",4,COSN8349265,NA,NA,FALSE,0.1452,NA,9,53,NA,NA,NA,IGR,FALSE,FALSE,FALSE,FALSE,2,1,1,1_1,fc9f998b-cc72-f6ea-e040-11ac0c482425,NA
4,189224377,189224377,1,snv_mnv,NA,NA,"broad,dkfz,muse,sanger",4,COSN8349277,NA,L2a,FALSE,0.2278,NA,18,61,NA,NA,NA,IGR,FALSE,FALSE,FALSE,FALSE,2,1,1,1_1,fc9f998b-cc72-f6ea-e040-11ac0c482425,NA
5,1274588,1274588,1,snv_mnv,1.9968e-4,rs117053235,"broad,dkfz,muse,sanger",4,COSN8350245,rs117053235,MER1B,FALSE,0.17,NA,17,83,NA,NA,NA,Intron,FALSE,FALSE,FALSE,FALSE,2,1,1,1_1,fc9f998b-cc72-f6ea-e040-11ac0c482425,NA
5,3503070,3503070,1,snv_mnv,NA,NA,"broad,dkfz,muse,sanger",4,COSN8350863,NA,NA,FALSE,0.1209,NA,11,80,NA,NA,NA,lincRNA,FALSE,FALSE,FALSE,FALSE,2,1,1,1_1,fc9f998b-cc72-f6ea-e040-11ac0c482425,NA
5,9984625,9984625,1,snv_mnv,NA,NA,"broad,dkfz,muse,sanger",4,COSN8351386,NA,NA,FALSE,0.2727,NA,15,40,NA,NA,NA,IGR,FALSE,FALSE,FALSE,FALSE,2,1,1,1_1,fc9f998b-cc72-f6ea-e040-11ac0c482425,NA
5,11633798,11633798,1,snv_mnv,NA,NA,"broad,dkfz,muse,sanger",4,COSN8350168,NA,AluSg,FALSE,0.2679,NA,15,41,NA,NA,NA,Intron,FALSE,FALSE,FALSE,FALSE,2,1,1,1_1,fc9f998b-cc72-f6ea-e040-11ac0c482425,NA
5,11654517,11654517,1,snv_mnv,NA,NA,"broad,dkfz,muse,sanger",4,COSN8350171,NA,L1MA9,FALSE,0.2759,NA,16,42,NA,NA,NA,Intron,FALSE,FALSE,FALSE,FALSE,2,1,1,1_1,fc9f998b-cc72-f6ea-e040-11ac0c482425,NA
5,11973917,11973917,1,snv_mnv,NA,NA,"broad,dkfz,muse,sanger",4,COSN8350191,NA,LTR18B,FALSE,0.2812,NA,18,46,NA,NA,NA,IGR,FALSE,FALSE,FALSE,FALSE,2,1,1,1_1,fc9f998b-cc72-f6ea-e040-11ac0c482425,NA
5,12662319,12662319,1,snv_mnv,1.9968e-4,rs556713396,"broad,dkfz,muse,sanger",4,COSN8350239,rs556713396,LTR12C,FALSE,0.0833,NA,8,88,NA,NA,NA,IGR,FALSE,FALSE,FALSE,FALSE,2,1,1,1_1,fc9f998b-cc72-f6ea-e040-11ac0c482425,NA
5,18793164,18793164,1,snv_mnv,1.9968e-4,rs563270259,"broad,dkfz,muse,sanger",4,COSN8350666,rs563270259,HERVL18-int,FALSE,0.1646,NA,13,66,NA,NA,NA,IGR,FALSE,FALSE,FALSE,FALSE,2,1,1,1_1,fc9f998b-cc72-f6ea-e040-11ac0c482425,NA
5,19087138,19087138,1,snv_mnv,NA,NA,"broad,dkfz,muse,sanger",4,COSN8350667,NA,NA,FALSE,0.1857,NA,13,57,NA,NA,NA,lincRNA,FALSE,FALSE,FALSE,FALSE,2,1,1,1_1,fc9f998b-cc72-f6ea-e040-11ac0c482425,NA
5,19772171,19772171,1,snv_mnv,NA,NA,"broad,dkfz,muse,sanger",4,COSN8350682,NA,NA,FALSE,0.2069,NA,12,46,NA,NA,NA,Intron,FALSE,FALSE,FALSE,FALSE,2,1,1,1_1,fc9f998b-cc72-f6ea-e040-11ac0c482425,NA
5,20423255,20423255,1,snv_mnv,NA,NA,"broad,dkfz,muse,sanger",4,COSN8350685,NA,HAL1,FALSE,0.2055,NA,15,58,NA,NA,NA,Intron,FALSE,FALSE,FALSE,FALSE,2,1,1,1_1,fc9f998b-cc72-f6ea-e040-11ac0c482425,NA
5,21600854,21600854,1,snv_mnv,NA,NA,"broad,dkfz,muse,sanger",4,COSN8350704,NA,NA,FALSE,0.1017,NA,6,53,NA,NA,NA,IGR,FALSE,FALSE,FALSE,FALSE,2,1,1,1_1,fc9f998b-cc72-f6ea-e040-11ac0c482425,NA
5,22267275,22267275,1,snv_mnv,NA,NA,"broad,dkfz,muse,sanger",4,COSN8350711,NA,NA,FALSE,0.125,NA,7,49,NA,NA,NA,Intron,FALSE,FALSE,FALSE,FALSE,2,1,1,1_1,fc9f998b-cc72-f6ea-e040-11ac0c482425,NA
5,23807469,23807469,1,snv_mnv,NA,NA,"broad,dkfz,muse,sanger",4,COSN8350732,NA,HERVL-int,FALSE,0.2019,NA,21,83,NA,NA,NA,IGR,FALSE,FALSE,FALSE,FALSE,2,1,1,1_1,fc9f998b-cc72-f6ea-e040-11ac0c482425,NA
5,24348974,24348974,1,snv_mnv,NA,NA,"broad,dkfz,muse,sanger",4,COSN8350736,NA,AluYk4,FALSE,0.1579,NA,6,32,NA,NA,NA,IGR,FALSE,FALSE,FALSE,FALSE,2,1,1,1_1,fc9f998b-cc72-f6ea-e040-11ac0c482425,AC010387.1
5,25065886,25065886,1,snv_mnv,NA,NA,"broad,dkfz,muse,sanger",4,COSN8350747,NA,NA,FALSE,0.22,NA,11,39,NA,NA,NA,IGR,FALSE,FALSE,FALSE,FALSE,2,1,1,1_1,fc9f998b-cc72-f6ea-e040-11ac0c482425,NA
5,26539002,26539002,1,snv_mnv,NA,NA,"broad,dkfz,muse,sanger",4,COSN8350774,rs765411319,ERV3-16A3_I-int,FALSE,0.1842,NA,14,62,NA,NA,NA,IGR,FALSE,FALSE,FALSE,FALSE,2,1,1,1_1,fc9f998b-cc72-f6ea-e040-11ac0c482425,NA
5,26995534,26995534,1,snv_mnv,NA,NA,"broad,dkfz,muse,sanger",4,COSN8350782,NA,NA,FALSE,0.1395,NA,6,37,NA,NA,NA,Intron,FALSE,FALSE,FALSE,FALSE,2,1,1,1_1,fc9f998b-cc72-f6ea-e040-11ac0c482425,NA
5,28297278,28297278,1,snv_mnv,NA,NA,"broad,dkfz,muse,sanger",4,COSN8350800,NA,NA,FALSE,0.25,NA,11,33,NA,NA,NA,IGR,FALSE,FALSE,FALSE,FALSE,2,1,1,1_1,fc9f998b-cc72-f6ea-e040-11ac0c482425,NA
5,28840062,28840062,1,snv_mnv,NA,NA,"broad,dkfz,muse,sanger",4,COSN8350811,NA,NA,FALSE,0.2031,NA,13,51,NA,NA,NA,IGR,FALSE,FALSE,FALSE,FALSE,2,1,1,1_1,fc9f998b-cc72-f6ea-e040-11ac0c482425,NA
5,28907738,28907738,1,snv_mnv,NA,NA,"broad,dkfz,muse,sanger",4,COSN8350812,NA,NA,FALSE,0.2111,NA,19,71,NA,NA,NA,IGR,FALSE,FALSE,FALSE,FALSE,2,1,1,1_1,fc9f998b-cc72-f6ea-e040-11ac0c482425,NA
5,35396290,35396290,1,snv_mnv,1.9968e-4,rs545660772,"broad,dkfz,muse,sanger",4,COSN8350865,rs545660772,L1PA3,FALSE,0.1867,NA,14,61,NA,NA,NA,IGR,FALSE,FALSE,FALSE,FALSE,2,1,1,1_1,fc9f998b-cc72-f6ea-e040-11ac0c482425,NA
5,36571413,36571413,1,snv_mnv,NA,NA,"broad,dkfz,muse,sanger",4,COSN8350877,NA,NA,FALSE,0.2206,NA,15,53,NA,NA,NA,IGR,FALSE,FALSE,FALSE,FALSE,2,1,1,1_1,fc9f998b-cc72-f6ea-e040-11ac0c482425,NA
5,41247426,41247426,1,snv_mnv,1.9968e-4,rs534825846,"broad,dkfz,muse,sanger",4,COSN8350911,rs534825846,L1PA16,FALSE,0.2429,NA,17,53,NA,NA,NA,Intron,FALSE,FALSE,FALSE,FALSE,2,1,1,1_1,fc9f998b-cc72-f6ea-e040-11ac0c482425,NA
5,41673665,41673665,1,snv_mnv,NA,NA,"broad,dkfz,muse,sanger",4,COSN8350914,NA,MER135,FALSE,0.1429,NA,10,60,NA,NA,NA,IGR,FALSE,FALSE,FALSE,FALSE,2,1,1,1_1,fc9f998b-cc72-f6ea-e040-11ac0c482425,NA
5,42271388,42271388,1,snv_mnv,NA,NA,"broad,dkfz,muse,sanger",4,COSN8350916,NA,NA,FALSE,0.3077,NA,20,45,NA,NA,NA,IGR,FALSE,FALSE,FALSE,FALSE,2,1,1,1_1,fc9f998b-cc72-f6ea-e040-11ac0c482425,NA
5,44099609,44099609,1,snv_mnv,NA,NA,"broad,dkfz,muse,sanger",4,COSN8350936,NA,AluSx,FALSE,0.1081,NA,8,66,NA,NA,NA,IGR,FALSE,FALSE,FALSE,FALSE,2,1,1,1_1,fc9f998b-cc72-f6ea-e040-11ac0c482425,NA
5,44132414,44132414,1,snv_mnv,NA,NA,"broad,dkfz,muse,sanger",4,COSN8350937,rs749193957,NA,FALSE,0.125,NA,7,49,NA,NA,NA,IGR,FALSE,FALSE,FALSE,FALSE,2,1,1,1_1,fc9f998b-cc72-f6ea-e040-11ac0c482425,NA
5,44248433,44248433,1,snv_mnv,NA,NA,"broad,dkfz,muse,sanger",4,COSN8350938,NA,NA,FALSE,0.08,NA,6,69,NA,NA,NA,IGR,FALSE,FALSE,FALSE,FALSE,2,1,1,1_1,fc9f998b-cc72-f6ea-e040-11ac0c482425,NA
5,44467381,44467381,1,snv_mnv,NA,NA,"broad,dkfz,muse,sanger",4,COSN8350944,rs574657669,AluSp,FALSE,0.1296,NA,7,47,NA,NA,NA,IGR,FALSE,FALSE,FALSE,FALSE,2,1,1,1_1,fc9f998b-cc72-f6ea-e040-11ac0c482425,NA
5,44965157,44965157,1,snv_mnv,NA,NA,"broad,dkfz,muse,sanger",4,COSN8350950,NA,MIRb,FALSE,0.2308,NA,12,40,NA,NA,NA,IGR,FALSE,FALSE,FALSE,FALSE,2,1,1,1_1,fc9f998b-cc72-f6ea-e040-11ac0c482425,NA
5,45441644,45441644,1,snv_mnv,NA,NA,"broad,dkfz,muse,sanger",4,COSN8350957,NA,NA,FALSE,0.2241,NA,13,45,NA,NA,NA,Intron,FALSE,FALSE,FALSE,FALSE,2,1,1,1_1,fc9f998b-cc72-f6ea-e040-11ac0c482425,NA
5,45735233,45735233,1,snv_mnv,NA,NA,"broad,muse,sanger",3,COSN8350963,NA,AluY,FALSE,0.122,NA,5,36,NA,NA,NA,IGR,FALSE,FALSE,FALSE,FALSE,2,1,1,1_1,fc9f998b-cc72-f6ea-e040-11ac0c482425,NA
5,50230979,50230979,1,snv_mnv,NA,NA,"broad,dkfz,muse,sanger",4,COSN8350981,NA,MSTB1,FALSE,0.175,NA,14,66,NA,NA,NA,lincRNA,FALSE,FALSE,FALSE,FALSE,2,1,1,1_1,fc9f998b-cc72-f6ea-e040-11ac0c482425,AC022441.2
5,51123185,51123185,1,snv_mnv,1.9968e-4,rs189241578,"broad,dkfz,muse,sanger",4,COSN8350992,rs189241578,L3,FALSE,0.1765,NA,6,28,NA,NA,NA,IGR,FALSE,FALSE,FALSE,FALSE,2,1,1,1_1,fc9f998b-cc72-f6ea-e040-11ac0c482425,NA
5,51221204,51221204,1,snv_mnv,NA,NA,"broad,dkfz,muse,sanger",4,COSN8350994,NA,L1MA2,FALSE,0.2235,NA,19,66,NA,NA,NA,IGR,FALSE,FALSE,FALSE,FALSE,2,1,1,1_1,fc9f998b-cc72-f6ea-e040-11ac0c482425,NA
5,55043895,55043895,1,snv_mnv,NA,NA,"broad,dkfz,muse,sanger",4,COSN8351015,NA,NA,FALSE,0.3385,NA,22,43,NA,NA,NA,Intron,FALSE,FALSE,FALSE,FALSE,2,1,1,1_1,fc9f998b-cc72-f6ea-e040-11ac0c482425,AC016632.1
5,56015096,56015096,1,snv_mnv,NA,NA,"broad,dkfz,muse,sanger",4,COSN8351025,NA,NA,FALSE,0.1458,NA,14,82,NA,NA,NA,IGR,FALSE,FALSE,FALSE,FALSE,2,1,1,1_1,fc9f998b-cc72-f6ea-e040-11ac0c482425,NA
5,56673355,56673355,1,snv_mnv,NA,NA,"broad,dkfz,muse,sanger",4,COSN8351030,NA,L2b,FALSE,0.1149,NA,10,77,NA,NA,NA,IGR,FALSE,FALSE,FALSE,FALSE,2,1,1,1_1,fc9f998b-cc72-f6ea-e040-11ac0c482425,NA
5,57669476,57669476,1,snv_mnv,NA,NA,"broad,muse,sanger",3,COSN8351038,NA,L1PA4,FALSE,0.1695,NA,10,49,NA,NA,NA,IGR,FALSE,FALSE,FALSE,FALSE,2,1,1,1_1,fc9f998b-cc72-f6ea-e040-11ac0c482425,NA
5,59840209,59840209,1,snv_mnv,NA,NA,"broad,dkfz,muse,sanger",4,COSN8351061,NA,NA,FALSE,0.1884,NA,13,56,NA,NA,NA,IGR,FALSE,FALSE,FALSE,FALSE,2,1,1,1_1,fc9f998b-cc72-f6ea-e040-11ac0c482425,RF02161
5,60231681,60231681,1,snv_mnv,NA,NA,"broad,dkfz,muse,sanger",4,COSN8351065,NA,L1PB1,FALSE,0.087,NA,6,63,NA,NA,NA,Intron,FALSE,FALSE,FALSE,FALSE,2,1,1,1_1,fc9f998b-cc72-f6ea-e040-11ac0c482425,NA
5,61087227,61087227,1,snv_mnv,NA,NA,"broad,dkfz,muse,sanger",4,COSN8351072,NA,MER102c,FALSE,0.1695,NA,10,49,NA,NA,NA,IGR,FALSE,FALSE,FALSE,FALSE,2,1,1,1_1,fc9f998b-cc72-f6ea-e040-11ac0c482425,NA
5,65765261,65765261,1,snv_mnv,NA,NA,"broad,dkfz,muse,sanger",4,COSN8351110,NA,AluSz,FALSE,0.2267,NA,17,58,NA,NA,NA,IGR,FALSE,FALSE,FALSE,FALSE,2,1,1,1_1,fc9f998b-cc72-f6ea-e040-11ac0c482425,NA
5,73210778,73210778,1,snv_mnv,1.9968e-4,rs553884879,"broad,dkfz,muse,sanger",4,COSN8351137,rs553884879,AluJb,FALSE,0.2206,NA,15,53,NA,NA,NA,Intron,FALSE,FALSE,FALSE,FALSE,2,1,1,1_1,fc9f998b-cc72-f6ea-e040-11ac0c482425,ARHGEF28
5,75273049,75273049,1,snv_mnv,NA,NA,"broad,dkfz,muse,sanger",4,COSN8351147,NA,LTR54B,FALSE,0.1364,NA,6,38,NA,NA,NA,IGR,FALSE,FALSE,FALSE,FALSE,2,1,1,1_1,fc9f998b-cc72-f6ea-e040-11ac0c482425,NA
5,75561133,75561133,1,snv_mnv,NA,NA,"broad,dkfz,muse,sanger",4,COSN8351149,NA,L1PA8,FALSE,0.2632,NA,20,56,NA,NA,NA,Intron,FALSE,FALSE,FALSE,FALSE,2,1,1,1_1,fc9f998b-cc72-f6ea-e040-11ac0c482425,NA
5,75996385,75996385,1,snv_mnv,NA,NA,"broad,dkfz,muse,sanger",4,COSN8351151,NA,MIRc,FALSE,0.1268,NA,9,62,NA,NA,NA,Intron,FALSE,FALSE,FALSE,FALSE,2,1,1,1_1,fc9f998b-cc72-f6ea-e040-11ac0c482425,IQGAP2
5,81104715,81104715,1,snv_mnv,NA,NA,"broad,dkfz,muse,sanger",4,COSN8351172,NA,L1MA5A,FALSE,0.1333,NA,10,65,NA,NA,NA,IGR,FALSE,FALSE,FALSE,FALSE,2,1,1,1_1,fc9f998b-cc72-f6ea-e040-11ac0c482425,NA
5,81188861,81188861,1,snv_mnv,NA,NA,"broad,dkfz,muse,sanger",4,COSN8351173,rs564415971,NA,FALSE,0.1471,NA,10,58,NA,NA,NA,IGR,FALSE,FALSE,FALSE,FALSE,2,1,1,1_1,fc9f998b-cc72-f6ea-e040-11ac0c482425,SEM1P1
5,82372895,82372895,1,snv_mnv,NA,NA,"broad,dkfz,muse,sanger",4,COSN8351188,NA,NA,FALSE,0.1266,NA,10,69,NA,NA,NA,Intron,FALSE,FALSE,FALSE,FALSE,2,1,1,1_1,fc9f998b-cc72-f6ea-e040-11ac0c482425,XRCC4
5,82488020,82488020,1,snv_mnv,NA,NA,"broad,dkfz,muse",3,COSN6587184,NA,(TA)n,FALSE,0.381,NA,16,26,NA,NA,NA,Intron,FALSE,FALSE,FALSE,FALSE,2,1,1,1_1,fc9f998b-cc72-f6ea-e040-11ac0c482425,NA
5,83083161,83083161,1,snv_mnv,NA,NA,"broad,dkfz,muse,sanger",4,COSN8351194,NA,NA,FALSE,0.1852,NA,10,44,NA,NA,NA,IGR,FALSE,FALSE,FALSE,FALSE,2,1,1,1_1,fc9f998b-cc72-f6ea-e040-11ac0c482425,NA
5,83319122,83319122,1,snv_mnv,NA,NA,"broad,dkfz,muse,sanger",4,COSN8351197,NA,NA,FALSE,0.2326,NA,10,33,NA,NA,NA,Intron,FALSE,FALSE,FALSE,FALSE,2,1,1,1_1,fc9f998b-cc72-f6ea-e040-11ac0c482425,NA
5,83835834,83835834,1,snv_mnv,NA,NA,"broad,dkfz,muse,sanger",4,COSN8351204,NA,LTR10C,FALSE,0.2319,NA,16,53,NA,NA,NA,IGR,FALSE,FALSE,FALSE,FALSE,2,1,1,1_1,fc9f998b-cc72-f6ea-e040-11ac0c482425,NA
5,84279606,84279606,1,snv_mnv,NA,NA,"broad,dkfz,muse,sanger",4,COSN8351216,NA,AluSx1,FALSE,0.1333,NA,6,39,NA,NA,NA,IGR,FALSE,FALSE,FALSE,FALSE,2,1,1,1_1,fc9f998b-cc72-f6ea-e040-11ac0c482425,NA
5,85499212,85499212,1,snv_mnv,NA,NA,"broad,dkfz,muse,sanger",4,COSN8351247,NA,NA,FALSE,0.1458,NA,7,41,NA,NA,NA,IGR,FALSE,FALSE,FALSE,FALSE,2,1,1,1_1,fc9f998b-cc72-f6ea-e040-11ac0c482425,NA
5,88159555,88159555,1,snv_mnv,NA,NA,"broad,dkfz,muse,sanger",4,COSN8351279,NA,L1MA7,FALSE,0.3293,NA,27,55,NA,NA,NA,Intron,FALSE,FALSE,FALSE,FALSE,2,1,1,1_1,fc9f998b-cc72-f6ea-e040-11ac0c482425,NA
5,91444650,91444650,1,snv_mnv,NA,NA,"broad,dkfz,muse,sanger",4,COSN8351306,NA,NA,FALSE,0.186,NA,8,35,NA,NA,NA,IGR,FALSE,FALSE,FALSE,FALSE,2,1,1,1_1,fc9f998b-cc72-f6ea-e040-11ac0c482425,NA
5,98980602,98980602,1,snv_mnv,NA,NA,"broad,dkfz,muse,sanger",4,COSN8351376,NA,NA,FALSE,0.25,NA,17,51,NA,NA,NA,IGR,FALSE,FALSE,FALSE,FALSE,2,1,1,1_1,fc9f998b-cc72-f6ea-e040-11ac0c482425,NA
5,101588777,101588777,1,snv_mnv,NA,NA,"broad,dkfz,muse,sanger",4,COSN8350033,NA,NA,FALSE,0.087,NA,6,63,NA,NA,NA,Intron,FALSE,FALSE,FALSE,FALSE,2,1,1,1_1,fc9f998b-cc72-f6ea-e040-11ac0c482425,NA
5,103399341,103399341,1,snv_mnv,NA,NA,"broad,muse,sanger",3,COSN8350050,NA,LTR7,FALSE,0.2034,NA,12,47,NA,NA,NA,IGR,FALSE,FALSE,FALSE,FALSE,2,1,1,1_1,fc9f998b-cc72-f6ea-e040-11ac0c482425,NA
5,103508849,103508849,1,snv_mnv,NA,NA,"broad,dkfz,muse,sanger",4,COSN8350051,NA,THE1B,FALSE,0.2712,NA,16,43,NA,NA,NA,IGR,FALSE,FALSE,FALSE,FALSE,2,1,1,1_1,fc9f998b-cc72-f6ea-e040-11ac0c482425,NA
5,103987529,103987529,1,snv_mnv,NA,NA,"broad,dkfz,muse,sanger",4,COSN8350057,NA,MIRc,FALSE,0.2459,NA,15,46,NA,NA,NA,lincRNA,FALSE,FALSE,FALSE,FALSE,2,1,1,1_1,fc9f998b-cc72-f6ea-e040-11ac0c482425,NA
5,105158162,105158162,1,snv_mnv,NA,NA,"broad,dkfz,muse,sanger",4,COSN8350072,NA,L1MEc,FALSE,0.2727,NA,18,48,NA,NA,NA,IGR,FALSE,FALSE,FALSE,FALSE,2,1,1,1_1,fc9f998b-cc72-f6ea-e040-11ac0c482425,NA
5,107672301,107672301,1,snv_mnv,NA,NA,"broad,dkfz,muse,sanger",4,COSN8350100,NA,AT_rich,FALSE,0.2308,NA,12,40,NA,NA,NA,Intron,FALSE,FALSE,FALSE,FALSE,2,1,1,1_1,fc9f998b-cc72-f6ea-e040-11ac0c482425,NA
5,108107428,108107428,1,snv_mnv,NA,NA,"broad,dkfz,muse,sanger",4,COSN8350104,NA,L1MC4,FALSE,0.1818,NA,12,54,NA,NA,NA,Intron,FALSE,FALSE,FALSE,FALSE,2,1,1,1_1,fc9f998b-cc72-f6ea-e040-11ac0c482425,NA
5,113563581,113563581,1,snv_mnv,NA,NA,"broad,dkfz,muse,sanger",4,COSN8350145,NA,NA,FALSE,0.2586,NA,15,43,NA,NA,NA,IGR,FALSE,FALSE,FALSE,FALSE,2,1,1,1_1,fc9f998b-cc72-f6ea-e040-11ac0c482425,NA
5,113878510,113878510,1,snv_mnv,NA,NA,"broad,dkfz,muse,sanger",4,COSN8350148,NA,L1MEg,FALSE,0.2308,NA,18,60,NA,NA,NA,RNA,FALSE,FALSE,FALSE,FALSE,2,1,1,1_1,fc9f998b-cc72-f6ea-e040-11ac0c482425,NA
5,114388333,114388333,1,snv_mnv,NA,NA,"broad,dkfz,muse,sanger",4,COSN8350153,rs375623523,NA,FALSE,0.131,NA,11,73,NA,NA,NA,IGR,FALSE,FALSE,FALSE,FALSE,2,1,1,1_1,fc9f998b-cc72-f6ea-e040-11ac0c482425,NA
5,115600671,115600671,1,snv_mnv,NA,NA,"broad,dkfz,muse,sanger",4,COSN8350162,NA,NA,FALSE,0.2581,NA,16,46,NA,NA,NA,Intron,FALSE,FALSE,FALSE,FALSE,2,1,1,1_1,fc9f998b-cc72-f6ea-e040-11ac0c482425,NA
5,116352209,116352209,1,snv_mnv,NA,NA,"broad,dkfz,muse,sanger",4,COSN8350169,NA,NA,FALSE,0.2115,NA,11,41,NA,NA,NA,IGR,FALSE,FALSE,FALSE,FALSE,2,1,1,1_1,fc9f998b-cc72-f6ea-e040-11ac0c482425,AC093534.1
5,116573981,116573981,1,snv_mnv,NA,NA,"broad,dkfz,muse,sanger",4,COSN8350172,NA,NA,FALSE,0.0962,NA,5,47,NA,NA,NA,IGR,FALSE,FALSE,FALSE,FALSE,2,1,1,1_1,fc9f998b-cc72-f6ea-e040-11ac0c482425,NA
5,117889697,117889697,1,snv_mnv,NA,NA,"broad,dkfz,muse,sanger",4,COSN8350183,NA,MLT1J1,FALSE,0.1124,NA,10,79,NA,NA,NA,lincRNA,FALSE,FALSE,FALSE,FALSE,2,1,1,1_1,fc9f998b-cc72-f6ea-e040-11ac0c482425,NA
5,125260282,125260282,1,snv_mnv,NA,NA,"broad,dkfz,muse,sanger",4,COSN8350234,NA,HERVP71A-int,FALSE,0.1029,NA,7,61,NA,NA,NA,IGR,FALSE,FALSE,FALSE,FALSE,2,1,1,1_1,fc9f998b-cc72-f6ea-e040-11ac0c482425,NA
5,125940909,125940909,1,snv_mnv,NA,NA,"broad,dkfz,muse,sanger",4,COSN8350238,NA,AluJo,FALSE,0.2,NA,10,40,NA,NA,NA,Intron,FALSE,FALSE,FALSE,FALSE,2,1,1,1_1,fc9f998b-cc72-f6ea-e040-11ac0c482425,PHAX
5,128638779,128638779,1,snv_mnv,NA,NA,"broad,dkfz,muse,sanger",4,COSN8350248,NA,L1PA8A,FALSE,0.1212,NA,8,58,NA,NA,NA,IGR,FALSE,FALSE,FALSE,FALSE,2,1,1,1_1,fc9f998b-cc72-f6ea-e040-11ac0c482425,NA
5,128997534,128997534,1,snv_mnv,NA,NA,"broad,dkfz,muse,sanger",4,COSN8350253,NA,NA,FALSE,0.1471,NA,10,58,NA,NA,NA,Intron,FALSE,FALSE,FALSE,FALSE,2,1,1,1_1,fc9f998b-cc72-f6ea-e040-11ac0c482425,NA
5,132587819,132587819,1,snv_mnv,1.9968e-4,rs535512616,"broad,dkfz,muse,sanger",4,COSN8350283,rs535512616,LTR81AB,FALSE,0.1782,NA,18,83,NA,NA,NA,Intron,FALSE,FALSE,FALSE,FALSE,2,1,1,1_1,fc9f998b-cc72-f6ea-e040-11ac0c482425,"AC010307.4,AC010307.3"
5,132590918,132590918,1,snv_mnv,NA,NA,"broad,dkfz,muse,sanger",4,COSN8350284,NA,NA,FALSE,0.191,NA,17,72,NA,NA,NA,Intron,FALSE,FALSE,FALSE,FALSE,2,1,1,1_1,fc9f998b-cc72-f6ea-e040-11ac0c482425,"AC010307.4,FSTL4"
5,132940704,132940704,1,snv_mnv,NA,NA,"broad,dkfz,muse,sanger",4,COSN8350288,NA,L2a,FALSE,0.1827,NA,19,85,NA,NA,NA,Intron,FALSE,FALSE,FALSE,FALSE,2,1,1,1_1,fc9f998b-cc72-f6ea-e040-11ac0c482425,FSTL4
5,134536048,134536048,1,snv_mnv,NA,NA,"broad,dkfz,muse,sanger",4,COSN8350296,NA,L1MC4a,FALSE,0.2121,NA,14,52,NA,NA,NA,Intron,FALSE,FALSE,FALSE,FALSE,2,1,1,1_1,fc9f998b-cc72-f6ea-e040-11ac0c482425,NA
5,141137385,141137385,1,snv_mnv,NA,NA,"broad,dkfz,muse,sanger",4,COSN8350338,NA,NA,FALSE,0.163,NA,15,77,NA,NA,NA,IGR,FALSE,FALSE,FALSE,FALSE,2,1,1,1_1,fc9f998b-cc72-f6ea-e040-11ac0c482425,NA
5,144285285,144285285,1,snv_mnv,3.9936e-4,rs566342918,"broad,dkfz,muse,sanger",4,COSN8350355,rs566342918,L1PA7,FALSE,0.2208,NA,17,60,NA,NA,NA,IGR,FALSE,FALSE,FALSE,FALSE,2,1,1,1_1,fc9f998b-cc72-f6ea-e040-11ac0c482425,NA
5,144495476,144495476,1,snv_mnv,NA,NA,"broad,dkfz,muse,sanger",4,COSN8350360,NA,NA,FALSE,0.1622,NA,12,62,NA,NA,NA,IGR,FALSE,FALSE,FALSE,FALSE,2,1,1,1_1,fc9f998b-cc72-f6ea-e040-11ac0c482425,NA
5,147596100,147596100,1,snv_mnv,NA,NA,"broad,dkfz,muse,sanger",4,COSN8350375,NA,NA,FALSE,0.1895,NA,18,77,NA,NA,NA,IGR,FALSE,FALSE,FALSE,FALSE,2,1,1,1_1,fc9f998b-cc72-f6ea-e040-11ac0c482425,"SPINK6,HMGN1P16"
5,151431500,151431500,1,snv_mnv,NA,NA,"broad,muse,sanger",3,COSN8350399,NA,L1PB1,FALSE,0.1739,NA,8,38,NA,NA,NA,lincRNA,FALSE,FALSE,FALSE,FALSE,2,1,1,1_1,fc9f998b-cc72-f6ea-e040-11ac0c482425,NA
5,153668432,153668432,1,snv_mnv,NA,NA,"broad,dkfz,muse,sanger",4,COSN8350425,NA,NA,FALSE,0.2619,NA,22,62,NA,NA,NA,Intron,FALSE,FALSE,FALSE,FALSE,2,1,1,1_1,fc9f998b-cc72-f6ea-e040-11ac0c482425,NA
5,155085756,155085756,1,snv_mnv,NA,NA,"broad,dkfz,muse,sanger",4,COSN8350431,NA,MLT1B,FALSE,0.2644,NA,23,64,NA,NA,NA,IGR,FALSE,FALSE,FALSE,FALSE,2,1,1,1_1,fc9f998b-cc72-f6ea-e040-11ac0c482425,NA
5,156589948,156589948,1,snv_mnv,NA,NA,"broad,dkfz,muse,sanger",4,COSM3849667,NA,NA,FALSE,0.1707,NA,14,68,NA,NA,NA,Missense_Mutation,FALSE,FALSE,FALSE,FALSE,2,1,1,1_1,fc9f998b-cc72-f6ea-e040-11ac0c482425,MED7
5,158347002,158347002,1,snv_mnv,NA,NA,"broad,dkfz,muse,sanger",4,COSN8350453,NA,NA,FALSE,0.2456,NA,14,43,NA,NA,NA,Intron,FALSE,FALSE,FALSE,FALSE,2,1,1,1_1,fc9f998b-cc72-f6ea-e040-11ac0c482425,NA
5,160210140,160210140,1,snv_mnv,NA,NA,"broad,dkfz,muse,sanger",4,COSN8350466,NA,L1PB1,FALSE,0.1316,NA,10,66,NA,NA,NA,Intron,FALSE,FALSE,FALSE,FALSE,2,1,1,1_1,fc9f998b-cc72-f6ea-e040-11ac0c482425,NA
5,160612978,160612978,1,snv_mnv,NA,NA,"broad,dkfz,muse,sanger",4,COSN8350475,NA,MER54A,FALSE,0.1622,NA,12,62,NA,NA,NA,IGR,FALSE,FALSE,FALSE,FALSE,2,1,1,1_1,fc9f998b-cc72-f6ea-e040-11ac0c482425,NA
5,160834403,160834403,1,snv_mnv,1.9968e-4,rs568331731,"broad,dkfz,muse,sanger",4,COSN8350479,rs568331731,NA,FALSE,0.1639,NA,10,51,NA,NA,NA,Intron,FALSE,FALSE,FALSE,FALSE,2,1,1,1_1,fc9f998b-cc72-f6ea-e040-11ac0c482425,NA
5,161080599,161080599,1,snv_mnv,NA,NA,"broad,muse,sanger",3,COSN8350487,NA,NA,FALSE,0.0806,NA,5,57,NA,NA,NA,Intron,FALSE,FALSE,FALSE,FALSE,2,1,1,1_1,fc9f998b-cc72-f6ea-e040-11ac0c482425,NA
5,161769808,161769808,1,snv_mnv,NA,NA,"broad,dkfz,muse,sanger",4,COSN8350492,NA,NA,FALSE,0.2576,NA,17,49,NA,NA,NA,IGR,FALSE,FALSE,FALSE,FALSE,2,1,1,1_1,fc9f998b-cc72-f6ea-e040-11ac0c482425,NA
5,162304600,162304600,1,snv_mnv,NA,NA,"dkfz,muse,sanger",3,COSN8350504,NA,LOR1-int,FALSE,0.1296,NA,7,47,NA,NA,NA,IGR,FALSE,FALSE,FALSE,FALSE,2,1,1,1_1,fc9f998b-cc72-f6ea-e040-11ac0c482425,NA
5,162450125,162450125,1,snv_mnv,NA,NA,"broad,dkfz,muse,sanger",4,COSN8350507,NA,NA,FALSE,0.241,NA,20,63,NA,NA,NA,RNA,FALSE,FALSE,FALSE,FALSE,2,1,1,1_1,fc9f998b-cc72-f6ea-e040-11ac0c482425,NA
5,163522061,163522061,1,snv_mnv,NA,NA,"broad,dkfz,muse,sanger",4,COSN8350521,NA,NA,FALSE,0.1379,NA,8,50,NA,NA,NA,IGR,FALSE,FALSE,FALSE,FALSE,2,1,1,1_1,fc9f998b-cc72-f6ea-e040-11ac0c482425,NA
5,163807385,163807385,1,snv_mnv,NA,NA,"broad,muse,sanger",3,COSN8350528,NA,NA,FALSE,0.15,NA,9,51,NA,NA,NA,RNA,FALSE,FALSE,FALSE,FALSE,2,1,1,1_1,fc9f998b-cc72-f6ea-e040-11ac0c482425,NA
5,165499838,165499838,1,snv_mnv,NA,NA,"dkfz,muse,sanger",3,COSN8350540,NA,NA,FALSE,0.1045,NA,7,60,NA,NA,NA,IGR,FALSE,FALSE,FALSE,FALSE,2,1,1,1_1,fc9f998b-cc72-f6ea-e040-11ac0c482425,NA
5,166981586,166981586,1,snv_mnv,NA,NA,"broad,dkfz,muse,sanger",4,COSN8350558,NA,MIR,FALSE,0.2143,NA,15,55,NA,NA,NA,Intron,FALSE,FALSE,FALSE,FALSE,2,1,1,1_1,fc9f998b-cc72-f6ea-e040-11ac0c482425,NA
5,167935401,167935401,1,snv_mnv,NA,NA,"broad,dkfz,muse,sanger",4,COSN8350564,NA,AluY,FALSE,0.2857,NA,12,30,NA,NA,NA,Intron,FALSE,FALSE,FALSE,FALSE,2,1,1,1_1,fc9f998b-cc72-f6ea-e040-11ac0c482425,RARS
5,169743439,169743439,1,snv_mnv,NA,NA,"broad,dkfz,muse,sanger",4,COSN8350579,NA,MLT1N2,FALSE,0.2754,NA,19,50,NA,NA,NA,IGR,FALSE,FALSE,FALSE,FALSE,2,1,1,1_1,fc9f998b-cc72-f6ea-e040-11ac0c482425,AC034199.1
5,171511009,171511009,1,snv_mnv,NA,NA,"broad,dkfz,muse,sanger",4,COSN8350589,NA,L1MC4a,FALSE,0.1961,NA,10,41,NA,NA,NA,Intron,FALSE,FALSE,FALSE,FALSE,2,1,1,1_1,fc9f998b-cc72-f6ea-e040-11ac0c482425,STK10
5,171826427,171826427,1,snv_mnv,NA,NA,"broad,dkfz,muse,sanger",4,COSN8350595,NA,HERVK11-int,FALSE,0.2892,NA,24,59,NA,NA,NA,Intron,FALSE,FALSE,FALSE,FALSE,2,1,1,1_1,fc9f998b-cc72-f6ea-e040-11ac0c482425,NA
5,173320158,173320158,1,snv_mnv,NA,NA,"broad,dkfz,muse,sanger",4,COSN8350601,NA,NA,FALSE,0.2963,NA,16,38,NA,NA,NA,Intron,FALSE,FALSE,FALSE,FALSE,2,1,1,1_1,fc9f998b-cc72-f6ea-e040-11ac0c482425,CPEB4
5,176137807,176137807,1,snv_mnv,NA,NA,"broad,dkfz,muse,sanger",4,COSN8350614,NA,L2c,FALSE,0.1548,NA,13,71,NA,NA,NA,lincRNA,FALSE,FALSE,FALSE,FALSE,2,1,1,1_1,fc9f998b-cc72-f6ea-e040-11ac0c482425,NA
6,4781158,4781158,1,snv_mnv,NA,NA,"broad,dkfz,muse,sanger",4,COSN8352037,rs796082143,NA,FALSE,0.3333,NA,23,46,NA,NA,NA,Intron,FALSE,FALSE,FALSE,FALSE,2,1,1,1_1,fc9f998b-cc72-f6ea-e040-11ac0c482425,NA
6,6374429,6374429,1,snv_mnv,NA,NA,"broad,dkfz,muse,sanger",4,COSN8352167,NA,L1PB1,FALSE,0.1857,NA,13,57,NA,NA,NA,RNA,FALSE,FALSE,FALSE,FALSE,2,1,1,1_1,fc9f998b-cc72-f6ea-e040-11ac0c482425,NA
6,9290711,9290711,1,snv_mnv,NA,NA,"broad,dkfz,muse,sanger",4,COSN8352451,NA,LTR12C,FALSE,0.1455,NA,8,47,NA,NA,NA,IGR,FALSE,FALSE,FALSE,FALSE,2,1,1,1_1,fc9f998b-cc72-f6ea-e040-11ac0c482425,AL591485.1
6,13078328,13078328,1,snv_mnv,NA,NA,"broad,dkfz,muse,sanger",4,COSN8351622,NA,NA,FALSE,0.0833,NA,6,66,NA,NA,NA,Intron,FALSE,FALSE,FALSE,FALSE,2,1,1,1_1,fc9f998b-cc72-f6ea-e040-11ac0c482425,NA
6,16538231,16538231,1,snv_mnv,NA,NA,"broad,dkfz,muse,sanger",4,COSN8351846,NA,AluSx1,FALSE,0.0808,NA,8,91,NA,NA,NA,Intron,FALSE,FALSE,FALSE,FALSE,2,1,1,1_1,fc9f998b-cc72-f6ea-e040-11ac0c482425,NA
6,18454128,18454128,1,snv_mnv,NA,NA,"broad,dkfz,muse,sanger",4,COSN8351891,rs369006657,MLT1L,FALSE,0.2405,NA,19,60,NA,NA,NA,Intron,FALSE,FALSE,FALSE,FALSE,2,1,1,1_1,fc9f998b-cc72-f6ea-e040-11ac0c482425,NA
6,19486850,19486850,1,snv_mnv,NA,NA,"broad,muse,sanger",3,COSN8351895,NA,L1PA5,FALSE,0.2099,NA,17,64,NA,NA,NA,IGR,FALSE,FALSE,FALSE,FALSE,2,1,1,1_1,fc9f998b-cc72-f6ea-e040-11ac0c482425,NA
6,20298510,20298510,1,snv_mnv,NA,NA,"broad,dkfz,muse,sanger",4,COSN8351901,NA,L1MA4,FALSE,0.2697,NA,24,65,NA,NA,NA,RNA,FALSE,FALSE,FALSE,FALSE,2,1,1,1_1,fc9f998b-cc72-f6ea-e040-11ac0c482425,NA
6,21643874,21643874,1,snv_mnv,NA,NA,"broad,dkfz,muse,sanger",4,COSN8351910,NA,Tigger1,FALSE,0.1619,NA,17,88,NA,NA,NA,IGR,FALSE,FALSE,FALSE,FALSE,2,1,1,1_1,fc9f998b-cc72-f6ea-e040-11ac0c482425,NA
6,21690597,21690597,1,snv_mnv,1.9968e-4,rs554788874,"broad,dkfz,muse,sanger",4,COSN8351911,rs554788874,NA,FALSE,0.2545,NA,14,41,NA,NA,NA,IGR,FALSE,FALSE,FALSE,FALSE,2,1,1,1_1,fc9f998b-cc72-f6ea-e040-11ac0c482425,NA
6,26377513,26377513,1,snv_mnv,NA,NA,"broad,dkfz,muse,sanger",4,COSN8351932,NA,NA,FALSE,0.1463,NA,12,70,NA,NA,NA,3'UTR,FALSE,FALSE,FALSE,FALSE,2,1,1,1_1,fc9f998b-cc72-f6ea-e040-11ac0c482425,BTN3A2
6,26974694,26974694,1,snv_mnv,NA,NA,"broad,dkfz,muse,sanger",4,COSN8351936,NA,L1MA9,FALSE,0.1707,NA,14,68,NA,NA,NA,IGR,FALSE,FALSE,FALSE,FALSE,2,1,1,1_1,fc9f998b-cc72-f6ea-e040-11ac0c482425,NA
6,28064718,28064718,1,snv_mnv,NA,NA,"broad,dkfz,muse,sanger",4,COSN8351941,NA,MER34A,FALSE,0.1714,NA,12,58,NA,NA,NA,IGR,FALSE,FALSE,FALSE,FALSE,2,1,1,1_1,fc9f998b-cc72-f6ea-e040-11ac0c482425,ZSCAN12P1
6,31265994,31265994,1,snv_mnv,NA,NA,"broad,dkfz,muse,sanger",4,COSN17890177,NA,MLT1D,FALSE,0.2278,NA,18,61,NA,NA,NA,lincRNA,FALSE,FALSE,FALSE,FALSE,2,1,1,1_1,fc9f998b-cc72-f6ea-e040-11ac0c482425,NA
6,34955671,34955671,1,snv_mnv,NA,NA,"broad,dkfz,muse,sanger",4,COSN8351976,NA,NA,FALSE,0.2361,NA,17,55,NA,NA,NA,Intron,FALSE,FALSE,FALSE,FALSE,2,1,1,1_1,fc9f998b-cc72-f6ea-e040-11ac0c482425,NA
6,37337441,37337441,1,snv_mnv,NA,NA,"broad,dkfz,muse,sanger",4,COSN8351983,NA,NA,FALSE,0.1927,NA,21,88,NA,NA,NA,Intron,FALSE,FALSE,FALSE,FALSE,2,1,1,1_1,fc9f998b-cc72-f6ea-e040-11ac0c482425,RNF8
6,43507860,43507860,1,snv_mnv,NA,NA,"broad,dkfz,muse,sanger",4,COSN8352013,NA,AluSx,FALSE,0.2195,NA,9,32,NA,NA,NA,Intron,FALSE,FALSE,FALSE,FALSE,2,1,1,1_1,fc9f998b-cc72-f6ea-e040-11ac0c482425,"AL355802.1,RF00426"
6,44614398,44614398,1,snv_mnv,NA,NA,"broad,dkfz,muse,sanger",4,COSN8352020,NA,NA,FALSE,0.2162,NA,16,58,NA,NA,NA,IGR,FALSE,FALSE,FALSE,FALSE,2,1,1,1_1,fc9f998b-cc72-f6ea-e040-11ac0c482425,NA
6,47971176,47971176,1,snv_mnv,NA,NA,"broad,dkfz,muse,sanger",4,COSN8352039,NA,L2a,FALSE,0.125,NA,10,70,NA,NA,NA,Intron,FALSE,FALSE,FALSE,FALSE,2,1,1,1_1,fc9f998b-cc72-f6ea-e040-11ac0c482425,NA
6,48592763,48592763,1,snv_mnv,NA,NA,"broad,dkfz,muse,sanger",4,COSN8352042,NA,NA,FALSE,0.1212,NA,8,58,NA,NA,NA,IGR,FALSE,FALSE,FALSE,FALSE,2,1,1,1_1,fc9f998b-cc72-f6ea-e040-11ac0c482425,NA
6,49407007,49407007,1,snv_mnv,NA,NA,"broad,dkfz,muse,sanger",4,COSN8352052,NA,HERVL-int,FALSE,0.2529,NA,22,65,NA,NA,NA,Intron,FALSE,FALSE,FALSE,FALSE,2,1,1,1_1,fc9f998b-cc72-f6ea-e040-11ac0c482425,NA
6,50334864,50334864,1,snv_mnv,NA,NA,"broad,dkfz,muse,sanger",4,COSN8352061,NA,NA,FALSE,0.2133,NA,16,59,NA,NA,NA,IGR,FALSE,FALSE,FALSE,FALSE,2,1,1,1_1,fc9f998b-cc72-f6ea-e040-11ac0c482425,NA
6,51643791,51643791,1,snv_mnv,NA,NA,"broad,dkfz,muse,sanger",4,COSN8352071,NA,L2c,FALSE,0.0702,NA,4,53,NA,NA,NA,Intron,FALSE,FALSE,FALSE,FALSE,2,1,1,1_1,fc9f998b-cc72-f6ea-e040-11ac0c482425,NA
6,53639659,53639659,1,snv_mnv,NA,NA,"broad,muse,sanger",3,COSN8352082,NA,L1PA4,FALSE,0.191,NA,17,72,NA,NA,NA,IGR,FALSE,FALSE,FALSE,FALSE,2,1,1,1_1,fc9f998b-cc72-f6ea-e040-11ac0c482425,NA
6,58047332,58047332,1,snv_mnv,3.9936e-4,rs574290375,"broad,muse,sanger",3,COSN8352118,rs574290375,L1MA8,FALSE,0.1974,NA,15,61,NA,NA,NA,IGR,FALSE,FALSE,FALSE,FALSE,2,1,1,1_1,fc9f998b-cc72-f6ea-e040-11ac0c482425,NA
6,58364570,58364570,1,snv_mnv,1.9968e-4,rs187353568,"broad,muse,sanger",3,COSN8352124,rs187353568,THE1A,FALSE,0.2317,NA,19,63,NA,NA,NA,IGR,FALSE,FALSE,FALSE,FALSE,2,1,1,1_1,fc9f998b-cc72-f6ea-e040-11ac0c482425,AL445250.1
6,62800945,62800945,1,snv_mnv,NA,NA,"broad,dkfz,muse,sanger",4,COSN8352149,NA,NA,FALSE,0.2143,NA,18,66,NA,NA,NA,Intron,FALSE,FALSE,FALSE,FALSE,2,1,1,1_1,fc9f998b-cc72-f6ea-e040-11ac0c482425,NA
6,62801928,62801928,1,snv_mnv,NA,NA,"broad,dkfz,muse,sanger",4,COSN8352150,NA,NA,FALSE,0.1746,NA,11,52,NA,NA,NA,Intron,FALSE,FALSE,FALSE,FALSE,2,1,1,1_1,fc9f998b-cc72-f6ea-e040-11ac0c482425,NA
6,62830966,62830966,1,snv_mnv,3.9936e-4,rs183465067,"broad,dkfz,muse,sanger",4,COSN8352151,rs183465067,HERVL-int,FALSE,0.1519,NA,12,67,NA,NA,NA,Intron,FALSE,FALSE,FALSE,FALSE,2,1,1,1_1,fc9f998b-cc72-f6ea-e040-11ac0c482425,NA
6,64815362,64815362,1,snv_mnv,NA,NA,"broad,dkfz,muse,sanger",4,COSN8352179,NA,L1MC1,FALSE,0.0972,NA,7,65,NA,NA,NA,Intron,FALSE,FALSE,FALSE,FALSE,2,1,1,1_1,fc9f998b-cc72-f6ea-e040-11ac0c482425,NA
6,66225291,66225291,1,snv_mnv,NA,NA,"broad,muse,sanger",3,COSN8352210,NA,L1PA3,FALSE,0.1739,NA,16,76,NA,NA,NA,Intron,FALSE,FALSE,FALSE,FALSE,2,1,1,1_1,fc9f998b-cc72-f6ea-e040-11ac0c482425,NA
6,67581914,67581914,1,snv_mnv,3.9936e-4,rs149053984,"broad,dkfz,muse,sanger",4,COSN8352237,rs149053984,L1PA6,FALSE,0.1552,NA,9,49,NA,NA,NA,IGR,FALSE,FALSE,FALSE,FALSE,2,1,1,1_1,fc9f998b-cc72-f6ea-e040-11ac0c482425,NA
6,68817664,68817664,1,snv_mnv,3.9936e-4,rs536324545,"dkfz,muse,sanger",3,COSN8352251,rs536324545,AluSx1,FALSE,0.2459,NA,15,46,NA,NA,NA,IGR,FALSE,FALSE,FALSE,FALSE,2,1,1,1_1,fc9f998b-cc72-f6ea-e040-11ac0c482425,NA
6,69508866,69508866,1,snv_mnv,NA,NA,"broad,dkfz,muse,sanger",4,COSN8352258,NA,NA,FALSE,0.1186,NA,7,52,NA,NA,NA,Intron,FALSE,FALSE,FALSE,FALSE,2,1,1,1_1,fc9f998b-cc72-f6ea-e040-11ac0c482425,NA
6,70217765,70217765,1,snv_mnv,NA,NA,"broad,dkfz,muse,sanger",4,COSN8352267,NA,MLT1I,FALSE,0.3,NA,21,49,NA,NA,NA,IGR,FALSE,FALSE,FALSE,FALSE,2,1,1,1_1,fc9f998b-cc72-f6ea-e040-11ac0c482425,NA
6,70761549,70761549,1,snv_mnv,NA,NA,"broad,dkfz,muse,sanger",4,COSN8352276,NA,LTR40a,FALSE,0.1739,NA,12,57,NA,NA,NA,Intron,FALSE,FALSE,FALSE,FALSE,2,1,1,1_1,fc9f998b-cc72-f6ea-e040-11ac0c482425,NA
6,72560836,72560836,1,snv_mnv,NA,NA,"broad,dkfz,muse,sanger",4,COSN8352292,NA,L1ME4a,FALSE,0.0385,NA,2,50,NA,NA,NA,IGR,FALSE,FALSE,FALSE,FALSE,2,1,1,1_1,fc9f998b-cc72-f6ea-e040-11ac0c482425,NA
6,76703942,76703942,1,snv_mnv,NA,NA,"broad,dkfz,muse,sanger",4,COSN8352327,NA,NA,FALSE,0.2125,NA,17,63,NA,NA,NA,Intron,FALSE,FALSE,FALSE,FALSE,2,1,1,1_1,fc9f998b-cc72-f6ea-e040-11ac0c482425,NA
6,80455062,80455062,1,snv_mnv,NA,NA,"broad,dkfz,muse,sanger",4,COSN8352350,NA,THE1B,FALSE,0.2022,NA,18,71,NA,NA,NA,IGR,FALSE,FALSE,FALSE,FALSE,2,1,1,1_1,fc9f998b-cc72-f6ea-e040-11ac0c482425,NA
6,81709884,81709884,1,snv_mnv,NA,NA,"dkfz,muse,sanger",3,COSN8352367,NA,NA,FALSE,0.1061,NA,7,59,NA,NA,NA,IGR,FALSE,FALSE,FALSE,FALSE,2,1,1,1_1,fc9f998b-cc72-f6ea-e040-11ac0c482425,NA
6,83378581,83378581,1,snv_mnv,NA,NA,"broad,dkfz,muse,sanger",4,COSN8352382,NA,NA,FALSE,0.3235,NA,22,46,NA,NA,NA,IGR,FALSE,FALSE,FALSE,FALSE,2,1,1,1_1,fc9f998b-cc72-f6ea-e040-11ac0c482425,NA
6,85507352,85507352,1,snv_mnv,NA,NA,"broad,dkfz,muse,sanger",4,COSN8352397,NA,MIRb,FALSE,0.2353,NA,16,52,NA,NA,NA,IGR,FALSE,FALSE,FALSE,FALSE,2,1,1,1_1,fc9f998b-cc72-f6ea-e040-11ac0c482425,NA
6,85924160,85924160,1,snv_mnv,NA,NA,"broad,dkfz,muse,sanger",4,COSN8352401,NA,L1PA7,FALSE,0.2188,NA,14,50,NA,NA,NA,IGR,FALSE,FALSE,FALSE,FALSE,2,1,1,1_1,fc9f998b-cc72-f6ea-e040-11ac0c482425,NA
6,87291455,87291455,1,snv_mnv,NA,NA,"broad,dkfz,muse,sanger",4,COSN8352416,NA,LTR10F,FALSE,0.1842,NA,14,62,NA,NA,NA,IGR,FALSE,FALSE,FALSE,FALSE,2,1,1,1_1,fc9f998b-cc72-f6ea-e040-11ac0c482425,NA
6,87507117,87507117,1,snv_mnv,NA,NA,"broad,dkfz,muse,sanger",4,COSN8352422,NA,THE1C,FALSE,0.1978,NA,18,73,NA,NA,NA,IGR,FALSE,FALSE,FALSE,FALSE,2,1,1,1_1,fc9f998b-cc72-f6ea-e040-11ac0c482425,NA
6,89300196,89300196,1,snv_mnv,NA,NA,"broad,dkfz,muse,sanger",4,COSN8352433,NA,NA,FALSE,0.2125,NA,17,63,NA,NA,NA,IGR,FALSE,FALSE,FALSE,FALSE,2,1,1,1_1,fc9f998b-cc72-f6ea-e040-11ac0c482425,NA
6,92495596,92495596,1,snv_mnv,NA,NA,"broad,muse",2,COSN8352448,NA,L2a,FALSE,0.0685,NA,5,68,NA,NA,NA,IGR,FALSE,FALSE,FALSE,FALSE,2,1,1,1_1,fc9f998b-cc72-f6ea-e040-11ac0c482425,NA
6,98843200,98843200,1,snv_mnv,NA,NA,"dkfz,muse,sanger",3,COSN8352499,NA,NA,FALSE,0.1887,NA,10,43,NA,NA,NA,lincRNA,FALSE,FALSE,FALSE,FALSE,2,1,1,1_1,fc9f998b-cc72-f6ea-e040-11ac0c482425,NA
6,98984820,98984820,1,snv_mnv,NA,NA,"broad,dkfz,muse,sanger",4,COSN8352506,NA,LTR52,FALSE,0.2143,NA,15,55,NA,NA,NA,IGR,FALSE,FALSE,FALSE,FALSE,2,1,1,1_1,fc9f998b-cc72-f6ea-e040-11ac0c482425,NA
6,99121577,99121577,1,snv_mnv,NA,NA,"broad,dkfz,muse,sanger",4,COSN8352508,NA,NA,FALSE,0.1059,NA,9,76,NA,NA,NA,IGR,FALSE,FALSE,FALSE,FALSE,2,1,1,1_1,fc9f998b-cc72-f6ea-e040-11ac0c482425,NA
6,102583330,102583330,1,snv_mnv,NA,NA,"broad,dkfz,muse,sanger",4,COSN8351405,NA,NA,FALSE,0.1857,NA,13,57,NA,NA,NA,IGR,FALSE,FALSE,FALSE,FALSE,2,1,1,1_1,fc9f998b-cc72-f6ea-e040-11ac0c482425,NA
6,103320566,103320566,1,snv_mnv,NA,NA,"broad,dkfz,muse,sanger",4,COSN8351413,NA,HERVL-int,FALSE,0.2055,NA,15,58,NA,NA,NA,IGR,FALSE,FALSE,FALSE,FALSE,2,1,1,1_1,fc9f998b-cc72-f6ea-e040-11ac0c482425,NA
6,103941316,103941316,1,snv_mnv,NA,NA,"broad,muse,sanger",3,COSN8351430,NA,L1PA3,FALSE,0.08,NA,6,69,NA,NA,NA,IGR,FALSE,FALSE,FALSE,FALSE,2,1,1,1_1,fc9f998b-cc72-f6ea-e040-11ac0c482425,NA
6,104672619,104672619,1,snv_mnv,NA,NA,"broad,dkfz,muse,sanger",4,COSN8351447,NA,L2c,FALSE,0.2031,NA,13,51,NA,NA,NA,IGR,FALSE,FALSE,FALSE,FALSE,2,1,1,1_1,fc9f998b-cc72-f6ea-e040-11ac0c482425,NA
6,105008308,105008308,1,snv_mnv,NA,NA,"broad,dkfz,muse,sanger",4,COSN8351452,NA,AluSc8,FALSE,0.2373,NA,14,45,NA,NA,NA,IGR,FALSE,FALSE,FALSE,FALSE,2,1,1,1_1,fc9f998b-cc72-f6ea-e040-11ac0c482425,NA
6,105975002,105975002,1,snv_mnv,NA,NA,"broad,dkfz,muse,sanger",4,COSN8351468,NA,NA,FALSE,0.2424,NA,16,50,NA,NA,NA,IGR,FALSE,FALSE,FALSE,FALSE,2,1,1,1_1,fc9f998b-cc72-f6ea-e040-11ac0c482425,NA
6,106571466,106571466,1,snv_mnv,NA,NA,"broad,dkfz,muse,sanger",4,COSN8351470,NA,MER135,FALSE,0.1368,NA,13,82,NA,NA,NA,IGR,FALSE,FALSE,FALSE,FALSE,2,1,1,1_1,fc9f998b-cc72-f6ea-e040-11ac0c482425,NA
6,106859210,106859210,1,snv_mnv,NA,NA,"broad,dkfz,muse,sanger",4,COSN8351473,NA,NA,FALSE,0.1364,NA,9,57,NA,NA,NA,IGR,FALSE,FALSE,FALSE,FALSE,2,1,1,1_1,fc9f998b-cc72-f6ea-e040-11ac0c482425,NA
6,109847134,109847134,1,snv_mnv,NA,NA,"broad,dkfz,muse,sanger",4,COSN8351483,NA,L1PA15,FALSE,0.2317,NA,19,63,NA,NA,NA,Intron,FALSE,FALSE,FALSE,FALSE,2,1,1,1_1,fc9f998b-cc72-f6ea-e040-11ac0c482425,AK9
6,112282797,112282797,1,snv_mnv,NA,NA,"broad,muse,sanger",3,COSN8351493,NA,L1MEd,FALSE,0.1136,NA,5,39,NA,NA,NA,IGR,FALSE,FALSE,FALSE,FALSE,2,1,1,1_1,fc9f998b-cc72-f6ea-e040-11ac0c482425,NA
6,112798315,112798315,1,snv_mnv,NA,NA,"broad,dkfz,muse,sanger",4,COSN8351497,NA,NA,FALSE,0.1639,NA,10,51,NA,NA,NA,lincRNA,FALSE,FALSE,FALSE,FALSE,2,1,1,1_1,fc9f998b-cc72-f6ea-e040-11ac0c482425,NA
6,112988005,112988005,1,snv_mnv,NA,NA,"broad,dkfz,muse,sanger",4,COSN8351499,NA,AluSc,FALSE,0.1587,NA,10,53,NA,NA,NA,IGR,FALSE,FALSE,FALSE,FALSE,2,1,1,1_1,fc9f998b-cc72-f6ea-e040-11ac0c482425,NA
6,115221942,115221942,1,snv_mnv,NA,NA,"broad,dkfz,muse,sanger",4,COSN8351513,NA,Charlie3,FALSE,0.1829,NA,15,67,NA,NA,NA,IGR,FALSE,FALSE,FALSE,FALSE,2,1,1,1_1,fc9f998b-cc72-f6ea-e040-11ac0c482425,NA
6,118072303,118072303,1,snv_mnv,NA,NA,"broad,dkfz,muse,sanger",4,COSN8351531,NA,SVA_C,FALSE,0.0968,NA,6,56,NA,NA,NA,IGR,FALSE,FALSE,FALSE,FALSE,2,1,1,1_1,fc9f998b-cc72-f6ea-e040-11ac0c482425,NA
6,120769436,120769436,1,snv_mnv,NA,NA,"broad,dkfz,muse,sanger",4,COSN8351549,NA,NA,FALSE,0.2361,NA,17,55,NA,NA,NA,IGR,FALSE,FALSE,FALSE,FALSE,2,1,1,1_1,fc9f998b-cc72-f6ea-e040-11ac0c482425,NA
6,121234015,121234015,1,snv_mnv,NA,NA,"broad,dkfz,muse,sanger",4,COSN8351553,NA,L1MC2,FALSE,0.1774,NA,11,51,NA,NA,NA,IGR,FALSE,FALSE,FALSE,FALSE,2,1,1,1_1,fc9f998b-cc72-f6ea-e040-11ac0c482425,NA
6,122179503,122179503,1,snv_mnv,NA,NA,"broad,dkfz,muse,sanger",4,COSN8351560,NA,NA,FALSE,0.2111,NA,19,71,NA,NA,NA,IGR,FALSE,FALSE,FALSE,FALSE,2,1,1,1_1,fc9f998b-cc72-f6ea-e040-11ac0c482425,NA
6,126735767,126735767,1,snv_mnv,NA,NA,"broad,dkfz,muse,sanger",4,COSN8351600,NA,L1M2,FALSE,0.2083,NA,10,38,NA,NA,NA,IGR,FALSE,FALSE,FALSE,FALSE,2,1,1,1_1,fc9f998b-cc72-f6ea-e040-11ac0c482425,NA
6,126967078,126967078,1,snv_mnv,NA,NA,"broad,muse,sanger",3,COSN8351603,NA,L1MEg,FALSE,0.1,NA,6,54,NA,NA,NA,RNA,FALSE,FALSE,FALSE,FALSE,2,1,1,1_1,fc9f998b-cc72-f6ea-e040-11ac0c482425,PRELID1P1
6,128603406,128603406,1,snv_mnv,NA,NA,"broad,dkfz,muse,sanger",4,COSN8351610,NA,NA,FALSE,0.1,NA,7,63,NA,NA,NA,Intron,FALSE,FALSE,FALSE,FALSE,2,1,1,1_1,fc9f998b-cc72-f6ea-e040-11ac0c482425,NA
6,138036131,138036131,1,snv_mnv,NA,NA,"broad,dkfz,muse,sanger",4,COSN8351667,NA,NA,FALSE,0.1692,NA,11,54,NA,NA,NA,RNA,FALSE,FALSE,FALSE,FALSE,2,1,1,1_1,fc9f998b-cc72-f6ea-e040-11ac0c482425,NA
6,145965182,145965182,1,snv_mnv,NA,NA,"broad,dkfz,muse,sanger",4,COSN8351700,NA,MER5A1,FALSE,0.2754,NA,19,50,NA,NA,NA,Intron,FALSE,FALSE,FALSE,FALSE,2,1,1,1_1,fc9f998b-cc72-f6ea-e040-11ac0c482425,EPM2A
6,146277871,146277871,1,snv_mnv,NA,NA,"broad,dkfz,muse,sanger",4,COSN8351704,NA,NA,FALSE,0.1897,NA,11,47,NA,NA,NA,Intron,FALSE,FALSE,FALSE,FALSE,2,1,1,1_1,fc9f998b-cc72-f6ea-e040-11ac0c482425,SHPRH
6,147123094,147123094,1,snv_mnv,NA,NA,"broad,dkfz,muse,sanger",4,COSM3849686,NA,NA,FALSE,0.2143,NA,12,44,NA,NA,NA,Nonsense_Mutation,FALSE,FALSE,FALSE,FALSE,2,1,1,1_1,fc9f998b-cc72-f6ea-e040-11ac0c482425,NA
6,153692417,153692417,1,snv_mnv,NA,NA,"broad,dkfz,muse,sanger",4,COSN8351758,NA,L1PA12,FALSE,0.2407,NA,13,41,NA,NA,NA,IGR,FALSE,FALSE,FALSE,FALSE,2,1,1,1_1,fc9f998b-cc72-f6ea-e040-11ac0c482425,NA
6,153820314,153820314,1,snv_mnv,NA,NA,"broad,dkfz,muse,sanger",4,COSN8351759,NA,L1P4,FALSE,0.2206,NA,15,53,NA,NA,NA,IGR,FALSE,FALSE,FALSE,FALSE,2,1,1,1_1,fc9f998b-cc72-f6ea-e040-11ac0c482425,NA
6,154335164,154335164,1,snv_mnv,NA,NA,"broad,dkfz,muse,sanger",4,COSN8351767,NA,MLT1H,FALSE,0.2222,NA,18,63,NA,NA,NA,Intron,FALSE,FALSE,FALSE,FALSE,2,1,1,1_1,fc9f998b-cc72-f6ea-e040-11ac0c482425,NA
6,155360387,155360387,1,snv_mnv,NA,NA,"broad,dkfz,muse,sanger",4,COSN8351775,NA,AluJb,FALSE,0.1765,NA,15,70,NA,NA,NA,Intron,FALSE,FALSE,FALSE,FALSE,2,1,1,1_1,fc9f998b-cc72-f6ea-e040-11ac0c482425,NA
6,155890857,155890857,1,snv_mnv,NA,NA,"broad,dkfz,muse,sanger",4,COSN8351779,NA,L1PB1,FALSE,0.125,NA,9,63,NA,NA,NA,IGR,FALSE,FALSE,FALSE,FALSE,2,1,1,1_1,fc9f998b-cc72-f6ea-e040-11ac0c482425,NA
6,159619650,159619650,1,snv_mnv,NA,NA,"broad,dkfz,muse,sanger",4,COSN8351796,NA,NA,FALSE,0.2308,NA,24,80,NA,NA,NA,Intron,FALSE,FALSE,FALSE,FALSE,2,1,1,1_1,fc9f998b-cc72-f6ea-e040-11ac0c482425,NA
6,161254979,161254979,1,snv_mnv,NA,NA,"broad,muse,sanger",3,COSN8351807,NA,MER20B,FALSE,0.2419,NA,15,47,NA,NA,NA,IGR,FALSE,FALSE,FALSE,FALSE,2,1,1,1_1,fc9f998b-cc72-f6ea-e040-11ac0c482425,NA
6,163361731,163361731,1,snv_mnv,NA,NA,"broad,dkfz,muse,sanger",4,COSN8351823,NA,NA,FALSE,0.0781,NA,5,59,NA,NA,NA,Intron,FALSE,FALSE,FALSE,FALSE,2,1,1,1_1,fc9f998b-cc72-f6ea-e040-11ac0c482425,NA
6,163656022,163656022,1,snv_mnv,NA,NA,"dkfz,muse,sanger",3,COSN8351826,rs184445729,L2,FALSE,0.1216,NA,9,65,NA,NA,NA,Intron,FALSE,FALSE,FALSE,FALSE,2,1,1,1_1,fc9f998b-cc72-f6ea-e040-11ac0c482425,NA
6,164540533,164540533,1,snv_mnv,NA,NA,"broad,dkfz,muse,sanger",4,COSN8351833,NA,NA,FALSE,0.1954,NA,17,70,NA,NA,NA,IGR,FALSE,FALSE,FALSE,FALSE,2,1,1,1_1,fc9f998b-cc72-f6ea-e040-11ac0c482425,NA
6,165210555,165210555,1,snv_mnv,1.9968e-4,rs568578638,"broad,dkfz,muse,sanger",4,COSN8351842,rs568578638,NA,FALSE,0.1692,NA,11,54,NA,NA,NA,IGR,FALSE,FALSE,FALSE,FALSE,2,1,1,1_1,fc9f998b-cc72-f6ea-e040-11ac0c482425,NA
6,166293360,166293360,1,snv_mnv,1.9968e-4,rs530177465,"broad,dkfz,muse,sanger",4,COSN8351857,rs530177465,MER2,FALSE,0.1803,NA,11,50,NA,NA,NA,Intron,FALSE,FALSE,FALSE,FALSE,2,1,1,1_1,fc9f998b-cc72-f6ea-e040-11ac0c482425,NA
6,169074926,169074926,1,snv_mnv,NA,NA,"broad,dkfz,muse,sanger",4,COSN8351869,NA,NA,FALSE,0.1613,NA,10,52,NA,NA,NA,IGR,FALSE,FALSE,FALSE,FALSE,2,1,1,1_1,fc9f998b-cc72-f6ea-e040-11ac0c482425,SMOC2
6,170273536,170273536,1,snv_mnv,NA,NA,"broad,dkfz,muse,sanger",4,COSN8351876,NA,L1MA4,FALSE,0.2169,NA,18,65,NA,NA,NA,IGR,FALSE,FALSE,FALSE,FALSE,2,1,1,1_1,fc9f998b-cc72-f6ea-e040-11ac0c482425,NA
7,2167605,2167605,1,snv_mnv,NA,NA,"broad,dkfz,muse,sanger",4,COSN8352983,NA,NA,FALSE,0.0778,NA,7,83,NA,NA,NA,Intron,FALSE,FALSE,FALSE,FALSE,2,1,1,1_1,fc9f998b-cc72-f6ea-e040-11ac0c482425,NA
7,3207301,3207301,1,snv_mnv,NA,NA,"broad,dkfz,muse,sanger",4,COSN8353034,NA,NA,FALSE,0.2405,NA,19,60,NA,NA,NA,Intron,FALSE,FALSE,FALSE,FALSE,2,1,1,1_1,fc9f998b-cc72-f6ea-e040-11ac0c482425,NA
7,9945352,9945352,1,snv_mnv,NA,NA,"broad,dkfz,muse,sanger",4,COSN8353512,NA,MLT1L,FALSE,0.2656,NA,17,47,NA,NA,NA,IGR,FALSE,FALSE,FALSE,FALSE,2,1,1,1_1,fc9f998b-cc72-f6ea-e040-11ac0c482425,NA
7,10231829,10231829,1,snv_mnv,NA,NA,"broad,dkfz,muse,sanger",4,COSN8352532,NA,NA,FALSE,0.2174,NA,15,54,NA,NA,NA,IGR,FALSE,FALSE,FALSE,FALSE,2,1,1,1_1,fc9f998b-cc72-f6ea-e040-11ac0c482425,NA
7,12467674,12467674,1,snv_mnv,NA,NA,"broad,dkfz,muse,sanger",4,COSN8352685,NA,L1PA6,FALSE,0.0769,NA,7,84,NA,NA,NA,IGR,FALSE,FALSE,FALSE,FALSE,2,1,1,1_1,fc9f998b-cc72-f6ea-e040-11ac0c482425,NA
7,13640324,13640324,1,snv_mnv,NA,NA,"broad,dkfz,muse,sanger",4,COSN8352760,NA,MIRb,FALSE,0.0909,NA,5,50,NA,NA,NA,IGR,FALSE,FALSE,FALSE,FALSE,2,1,1,1_1,fc9f998b-cc72-f6ea-e040-11ac0c482425,NA
7,13963618,13963618,1,snv_mnv,NA,NA,"broad,dkfz,muse,sanger",4,COSN8352791,NA,AluSp,FALSE,0.25,NA,12,36,NA,NA,NA,Intron,FALSE,FALSE,FALSE,FALSE,2,1,1,1_1,fc9f998b-cc72-f6ea-e040-11ac0c482425,NA
7,14667294,14667294,1,snv_mnv,NA,NA,"broad,dkfz,muse,sanger",4,COSN8352851,NA,AluSx3,FALSE,0.1538,NA,10,55,NA,NA,NA,Intron,FALSE,FALSE,FALSE,FALSE,2,1,1,1_1,fc9f998b-cc72-f6ea-e040-11ac0c482425,NA
7,15432818,15432818,1,snv_mnv,NA,NA,"broad,dkfz,muse,sanger",4,COSN8352916,NA,NA,FALSE,0.0952,NA,6,57,NA,NA,NA,Intron,FALSE,FALSE,FALSE,FALSE,2,1,1,1_1,fc9f998b-cc72-f6ea-e040-11ac0c482425,AGMO
7,15994900,15994900,1,snv_mnv,NA,NA,"broad,dkfz,muse,sanger",4,COSN8352951,NA,HAL1,FALSE,0.0933,NA,7,68,NA,NA,NA,IGR,FALSE,FALSE,FALSE,FALSE,2,1,1,1_1,fc9f998b-cc72-f6ea-e040-11ac0c482425,NA
7,16421462,16421462,1,snv_mnv,NA,NA,"broad,dkfz,muse,sanger",4,COSN8352957,NA,L1PA3,FALSE,0.1875,NA,15,65,NA,NA,NA,Intron,FALSE,FALSE,FALSE,FALSE,2,1,1,1_1,fc9f998b-cc72-f6ea-e040-11ac0c482425,NA
7,20323074,20323074,1,snv_mnv,NA,NA,"broad,dkfz,muse,sanger",4,COSN8352975,NA,L1MC4,FALSE,0.3871,NA,24,38,NA,NA,NA,IGR,FALSE,FALSE,FALSE,FALSE,2,1,1,1_1,fc9f998b-cc72-f6ea-e040-11ac0c482425,NA
7,20538298,20538298,1,snv_mnv,NA,NA,"broad,dkfz,muse,sanger",4,COSN8352977,NA,L1PREC2,FALSE,0.1667,NA,11,55,NA,NA,NA,IGR,FALSE,FALSE,FALSE,FALSE,2,1,1,1_1,fc9f998b-cc72-f6ea-e040-11ac0c482425,NA
7,21345848,21345848,1,snv_mnv,NA,NA,"broad,dkfz,muse,sanger",4,COSN8352982,NA,NA,FALSE,0.1528,NA,11,61,NA,NA,NA,IGR,FALSE,FALSE,FALSE,FALSE,2,1,1,1_1,fc9f998b-cc72-f6ea-e040-11ac0c482425,NA
7,22864113,22864113,1,snv_mnv,NA,NA,"broad,dkfz,muse,sanger",4,COSN8352988,NA,LTR8,FALSE,0.125,NA,10,70,NA,NA,NA,5'Flank,FALSE,FALSE,FALSE,FALSE,2,1,1,1_1,fc9f998b-cc72-f6ea-e040-11ac0c482425,TOMM7
7,29962220,29962220,1,snv_mnv,NA,NA,"broad,dkfz,muse,sanger",4,COSN8353020,NA,NA,FALSE,0.0702,NA,8,106,NA,NA,NA,3'UTR,FALSE,FALSE,FALSE,FALSE,2,1,1,1_1,fc9f998b-cc72-f6ea-e040-11ac0c482425,SCRN1
7,37926071,37926071,1,snv_mnv,NA,NA,"broad,dkfz,muse,sanger",4,COSN8353077,NA,NA,FALSE,0.1325,NA,11,72,NA,NA,NA,Intron,FALSE,FALSE,FALSE,FALSE,2,1,1,1_1,fc9f998b-cc72-f6ea-e040-11ac0c482425,NA
7,38190367,38190367,1,snv_mnv,NA,NA,"broad,dkfz,muse,sanger",4,COSN8353079,NA,L1M1,FALSE,0.1786,NA,15,69,NA,NA,NA,IGR,FALSE,FALSE,FALSE,FALSE,2,1,1,1_1,fc9f998b-cc72-f6ea-e040-11ac0c482425,NA
7,38958729,38958729,1,snv_mnv,NA,NA,"broad,dkfz,muse,sanger",4,COSN8353086,NA,NA,FALSE,0.0845,NA,6,65,NA,NA,NA,IGR,FALSE,FALSE,FALSE,FALSE,2,1,1,1_1,fc9f998b-cc72-f6ea-e040-11ac0c482425,NA
7,40950071,40950071,1,snv_mnv,NA,NA,"broad,muse,sanger",3,COSN8353095,NA,NA,FALSE,0.0725,NA,5,64,NA,NA,NA,IGR,FALSE,FALSE,FALSE,FALSE,2,1,1,1_1,fc9f998b-cc72-f6ea-e040-11ac0c482425,NA
7,48056253,48056253,1,snv_mnv,NA,NA,"broad,dkfz,muse,sanger",4,COSN8353143,NA,NA,FALSE,0.2527,NA,23,68,NA,NA,NA,Intron,FALSE,FALSE,FALSE,FALSE,2,1,1,1_1,fc9f998b-cc72-f6ea-e040-11ac0c482425,NA
7,49684056,49684056,1,snv_mnv,NA,NA,"broad,dkfz,muse,sanger",4,COSN8353165,NA,NA,FALSE,0.0707,NA,7,92,NA,NA,NA,IGR,FALSE,FALSE,FALSE,FALSE,2,1,1,1_1,fc9f998b-cc72-f6ea-e040-11ac0c482425,NA
7,52954036,52954036,1,snv_mnv,NA,NA,"broad,dkfz,muse,sanger",4,COSN8353182,NA,NA,FALSE,0.2727,NA,21,56,NA,NA,NA,IGR,FALSE,FALSE,FALSE,FALSE,2,1,1,1_1,fc9f998b-cc72-f6ea-e040-11ac0c482425,NA
7,53508004,53508004,1,snv_mnv,NA,NA,"broad,dkfz,muse,sanger",4,COSN8353187,NA,L1MC3,FALSE,0.1159,NA,8,61,NA,NA,NA,IGR,FALSE,FALSE,FALSE,FALSE,2,1,1,1_1,fc9f998b-cc72-f6ea-e040-11ac0c482425,NA
7,55035305,55035305,1,snv_mnv,NA,NA,"broad,dkfz,muse,sanger",4,COSN8353213,NA,NA,FALSE,0.0833,NA,6,66,NA,NA,NA,IGR,FALSE,FALSE,FALSE,FALSE,2,1,1,1_1,fc9f998b-cc72-f6ea-e040-11ac0c482425,NA
7,56264819,56264819,1,snv_mnv,NA,NA,"broad,muse,sanger",3,COSN8353221,NA,MER4E1,FALSE,0.1667,NA,10,50,NA,NA,NA,IGR,FALSE,FALSE,FALSE,FALSE,2,1,1,1_1,fc9f998b-cc72-f6ea-e040-11ac0c482425,NA
7,62664461,62664461,1,snv_mnv,NA,NA,"broad,dkfz,muse,sanger",4,COSN17890175,NA,NA,FALSE,0.1625,NA,13,67,NA,NA,NA,IGR,FALSE,FALSE,FALSE,FALSE,2,1,1,1_1,fc9f998b-cc72-f6ea-e040-11ac0c482425,NA
7,68789001,68789001,1,snv_mnv,NA,NA,"broad,dkfz,muse,sanger",4,COSN8353306,rs777367546,AluSq2,FALSE,0.2712,NA,16,43,NA,NA,NA,lincRNA,FALSE,FALSE,FALSE,FALSE,2,1,1,1_1,fc9f998b-cc72-f6ea-e040-11ac0c482425,NA
7,68802990,68802990,1,snv_mnv,NA,NA,"dkfz,sanger",2,COSN8353307,NA,AluYk4,FALSE,0.2667,NA,16,44,NA,NA,NA,lincRNA,FALSE,FALSE,FALSE,FALSE,2,1,1,1_1,fc9f998b-cc72-f6ea-e040-11ac0c482425,MTCO1P25
7,69992749,69992749,1,snv_mnv,NA,NA,"broad,dkfz,muse,sanger",4,COSN8353314,NA,NA,FALSE,0.2462,NA,16,49,NA,NA,NA,Intron,FALSE,FALSE,FALSE,FALSE,2,1,1,1_1,fc9f998b-cc72-f6ea-e040-11ac0c482425,NA
7,79618112,79618112,1,snv_mnv,NA,NA,"broad,dkfz,muse,sanger",4,COSN8353369,NA,Tigger3c,FALSE,0.2603,NA,19,54,NA,NA,NA,IGR,FALSE,FALSE,FALSE,FALSE,2,1,1,1_1,fc9f998b-cc72-f6ea-e040-11ac0c482425,NA
7,80127624,80127624,1,snv_mnv,NA,NA,"broad,dkfz,muse,sanger",4,COSN8353372,NA,NA,FALSE,0.2281,NA,13,44,NA,NA,NA,Intron,FALSE,FALSE,FALSE,FALSE,2,1,1,1_1,fc9f998b-cc72-f6ea-e040-11ac0c482425,NA
7,80983670,80983670,1,snv_mnv,NA,NA,"broad,dkfz,muse,sanger",4,COSN8353380,NA,L1PBa,FALSE,0.1798,NA,16,73,NA,NA,NA,IGR,FALSE,FALSE,FALSE,FALSE,2,1,1,1_1,fc9f998b-cc72-f6ea-e040-11ac0c482425,NA
7,81488718,81488718,1,snv_mnv,NA,NA,"broad,dkfz,muse,sanger",4,COSN8353382,NA,NA,FALSE,0.0759,NA,6,73,NA,NA,NA,IGR,FALSE,FALSE,FALSE,FALSE,2,1,1,1_1,fc9f998b-cc72-f6ea-e040-11ac0c482425,NA
7,84766703,84766703,1,snv_mnv,5.9904e-4,rs533673889,"broad,dkfz,muse",3,COSN1354688,rs533673889,(TA)n,FALSE,0.2239,NA,15,52,NA,NA,NA,Intron,FALSE,FALSE,FALSE,FALSE,2,1,1,1_1,fc9f998b-cc72-f6ea-e040-11ac0c482425,NA
7,85253874,85253874,1,snv_mnv,NA,NA,"broad,dkfz,muse,sanger",4,COSN8353408,NA,L1MA3,FALSE,0.2083,NA,10,38,NA,NA,NA,IGR,FALSE,FALSE,FALSE,FALSE,2,1,1,1_1,fc9f998b-cc72-f6ea-e040-11ac0c482425,NA
7,85256686,85256686,1,snv_mnv,0.0013978,rs150163843,"broad,dkfz,muse,sanger",4,COSN8353409,rs150163843,NA,FALSE,0.2152,NA,17,62,NA,NA,NA,IGR,FALSE,FALSE,FALSE,FALSE,2,1,1,1_1,fc9f998b-cc72-f6ea-e040-11ac0c482425,NA
7,85423561,85423561,1,snv_mnv,NA,NA,"broad,dkfz,muse,sanger",4,COSN8353411,NA,L1MA3,FALSE,0.2414,NA,14,44,NA,NA,NA,IGR,FALSE,FALSE,FALSE,FALSE,2,1,1,1_1,fc9f998b-cc72-f6ea-e040-11ac0c482425,NA
7,87175014,87175014,1,snv_mnv,NA,NA,"broad,dkfz,muse,sanger",4,COSN8353423,NA,NA,FALSE,0.2817,NA,20,51,NA,NA,NA,Intron,FALSE,FALSE,FALSE,FALSE,2,1,1,1_1,fc9f998b-cc72-f6ea-e040-11ac0c482425,ABCB1
7,92914494,92914494,1,snv_mnv,NA,NA,"broad,dkfz,muse,sanger",4,COSN8353460,NA,NA,FALSE,0.2273,NA,10,34,NA,NA,NA,Intron,FALSE,FALSE,FALSE,FALSE,2,1,1,1_1,fc9f998b-cc72-f6ea-e040-11ac0c482425,NA
7,93074232,93074232,1,snv_mnv,NA,NA,"broad,dkfz,muse,sanger",4,COSN8353463,NA,NA,FALSE,0.2366,NA,22,71,NA,NA,NA,Intron,FALSE,FALSE,FALSE,FALSE,2,1,1,1_1,fc9f998b-cc72-f6ea-e040-11ac0c482425,NA
7,93677041,93677041,1,snv_mnv,1.9968e-4,rs538509581,"broad,dkfz,muse,sanger",4,COSN8353470,rs538509581,Charlie16a,FALSE,0.2031,NA,13,51,NA,NA,NA,IGR,FALSE,FALSE,FALSE,FALSE,2,1,1,1_1,fc9f998b-cc72-f6ea-e040-11ac0c482425,NA
7,93944940,93944940,1,snv_mnv,NA,NA,"broad,dkfz,muse,sanger",4,COSN8353472,NA,NA,FALSE,0.25,NA,17,51,NA,NA,NA,IGR,FALSE,FALSE,FALSE,FALSE,2,1,1,1_1,fc9f998b-cc72-f6ea-e040-11ac0c482425,NA
7,94324990,94324990,1,snv_mnv,NA,NA,"broad,dkfz,muse,sanger",4,COSN8353476,rs757235349,NA,FALSE,0.2917,NA,21,51,NA,NA,NA,IGR,FALSE,FALSE,FALSE,FALSE,2,1,1,1_1,fc9f998b-cc72-f6ea-e040-11ac0c482425,NA
7,95346401,95346401,1,snv_mnv,NA,NA,"broad,dkfz,muse,sanger",4,COSN8353480,NA,L1MDa,FALSE,0.24,NA,18,57,NA,NA,NA,IGR,FALSE,FALSE,FALSE,FALSE,2,1,1,1_1,fc9f998b-cc72-f6ea-e040-11ac0c482425,NA
7,98759214,98759214,1,snv_mnv,NA,NA,"broad,dkfz,muse,sanger",4,COSN8353505,NA,MLT1F,FALSE,0.2807,NA,16,41,NA,NA,NA,IGR,FALSE,FALSE,FALSE,FALSE,2,1,1,1_1,fc9f998b-cc72-f6ea-e040-11ac0c482425,NA
7,98775688,98775688,1,snv_mnv,NA,NA,"broad,dkfz,muse,sanger",4,COSM3849708,NA,NA,FALSE,0.0789,NA,6,70,NA,NA,NA,Splice_Site,FALSE,FALSE,FALSE,FALSE,2,1,1,1_1,fc9f998b-cc72-f6ea-e040-11ac0c482425,NA
7,100781674,100781674,1,snv_mnv,NA,NA,"broad,dkfz,muse,sanger",4,COSN8352523,NA,NA,FALSE,0.2241,NA,13,45,NA,NA,NA,3'UTR,FALSE,FALSE,FALSE,FALSE,2,1,1,1_1,fc9f998b-cc72-f6ea-e040-11ac0c482425,NA
7,106648111,106648111,1,snv_mnv,NA,NA,"broad,dkfz,muse,sanger",4,COSN8352552,NA,NA,FALSE,0.275,NA,22,58,NA,NA,NA,IGR,FALSE,FALSE,FALSE,FALSE,2,1,1,1_1,fc9f998b-cc72-f6ea-e040-11ac0c482425,NA
7,111802180,111802180,1,snv_mnv,NA,NA,"broad,dkfz,muse,sanger",4,COSN8352583,NA,NA,FALSE,0.2069,NA,12,46,NA,NA,NA,Intron,FALSE,FALSE,FALSE,FALSE,2,1,1,1_1,fc9f998b-cc72-f6ea-e040-11ac0c482425,NA
7,113603982,113603982,1,snv_mnv,1.9968e-4,rs573121077,"broad,dkfz,muse,sanger",4,COSN8352596,rs573121077,NA,FALSE,0.1818,NA,12,54,NA,NA,NA,IGR,FALSE,FALSE,FALSE,FALSE,2,1,1,1_1,fc9f998b-cc72-f6ea-e040-11ac0c482425,NA
7,116553536,116553536,1,snv_mnv,NA,NA,"broad,dkfz,muse,sanger",4,COSN8352615,NA,NA,FALSE,0.2105,NA,16,60,NA,NA,NA,Intron,FALSE,FALSE,FALSE,FALSE,2,1,1,1_1,fc9f998b-cc72-f6ea-e040-11ac0c482425,"RF00019,CAPZA2"
7,116766955,116766955,1,snv_mnv,NA,NA,"broad,dkfz,muse,sanger",4,COSN8352617,NA,NA,FALSE,0.0896,NA,6,61,NA,NA,NA,Intron,FALSE,FALSE,FALSE,FALSE,2,1,1,1_1,fc9f998b-cc72-f6ea-e040-11ac0c482425,NA
7,116884754,116884754,1,snv_mnv,NA,NA,"broad,dkfz,muse,sanger",4,COSN8352618,NA,L1MB1,FALSE,0.2344,NA,15,49,NA,NA,NA,IGR,FALSE,FALSE,FALSE,FALSE,2,1,1,1_1,fc9f998b-cc72-f6ea-e040-11ac0c482425,NA
7,118793091,118793091,1,snv_mnv,NA,NA,"broad,dkfz,muse,sanger",4,COSN8352631,NA,NA,FALSE,0.1356,NA,8,51,NA,NA,NA,IGR,FALSE,FALSE,FALSE,FALSE,2,1,1,1_1,fc9f998b-cc72-f6ea-e040-11ac0c482425,NA
7,119533412,119533412,1,snv_mnv,NA,NA,"broad,dkfz,muse,sanger",4,COSN8352643,NA,L1MEc,FALSE,0.2188,NA,14,50,NA,NA,NA,lincRNA,FALSE,FALSE,FALSE,FALSE,2,1,1,1_1,fc9f998b-cc72-f6ea-e040-11ac0c482425,NA
7,125387643,125387643,1,snv_mnv,NA,NA,"broad,dkfz,muse,sanger",4,COSN8352699,NA,NA,FALSE,0.0972,NA,7,65,NA,NA,NA,IGR,FALSE,FALSE,FALSE,FALSE,2,1,1,1_1,fc9f998b-cc72-f6ea-e040-11ac0c482425,NA
7,126356602,126356602,1,snv_mnv,NA,NA,"broad,dkfz,muse,sanger",4,COSN8352709,NA,NA,FALSE,0.1053,NA,8,68,NA,NA,NA,Intron,FALSE,FALSE,FALSE,FALSE,2,1,1,1_1,fc9f998b-cc72-f6ea-e040-11ac0c482425,NA
7,126870026,126870026,1,snv_mnv,5.9904e-4,rs558302494,"broad,dkfz,muse",3,COSN2200481,rs558302494,NA,FALSE,0.0725,NA,5,64,NA,NA,NA,Intron,FALSE,FALSE,FALSE,FALSE,2,1,1,1_1,fc9f998b-cc72-f6ea-e040-11ac0c482425,AC000099.1
7,127710974,127710974,1,snv_mnv,NA,NA,"broad,dkfz,muse,sanger",4,COSN8352716,NA,MER82,FALSE,0.2118,NA,18,67,NA,NA,NA,Intron,FALSE,FALSE,FALSE,FALSE,2,1,1,1_1,fc9f998b-cc72-f6ea-e040-11ac0c482425,NA
7,129804621,129804621,1,snv_mnv,NA,NA,"broad,dkfz,muse,sanger",4,COSN8352725,rs747697831,NA,FALSE,0.1538,NA,8,44,NA,NA,NA,3'UTR,FALSE,FALSE,FALSE,FALSE,2,1,1,1_1,fc9f998b-cc72-f6ea-e040-11ac0c482425,TMEM209
7,130339784,130339784,1,snv_mnv,NA,NA,"broad,dkfz,muse,sanger",4,COSN8352728,NA,L1MEc,FALSE,0.1408,NA,10,61,NA,NA,NA,Intron,FALSE,FALSE,FALSE,FALSE,2,1,1,1_1,fc9f998b-cc72-f6ea-e040-11ac0c482425,NA
7,132375636,132375636,1,snv_mnv,1.9968e-4,rs577929767,"broad,dkfz,muse,sanger",4,COSN8352741,rs577929767,NA,FALSE,0.1625,NA,13,67,NA,NA,NA,Intron,FALSE,FALSE,FALSE,FALSE,2,1,1,1_1,fc9f998b-cc72-f6ea-e040-11ac0c482425,NA
7,133404565,133404565,1,snv_mnv,NA,NA,"broad,dkfz,muse,sanger",4,COSN8352748,NA,NA,FALSE,0.1923,NA,15,63,NA,NA,NA,Intron,FALSE,FALSE,FALSE,FALSE,2,1,1,1_1,fc9f998b-cc72-f6ea-e040-11ac0c482425,NA
7,134777986,134777986,1,snv_mnv,NA,NA,"broad,dkfz,muse,sanger",4,COSN8352752,NA,L1M4,FALSE,0.1831,NA,13,58,NA,NA,NA,5'UTR,FALSE,FALSE,FALSE,FALSE,2,1,1,1_1,fc9f998b-cc72-f6ea-e040-11ac0c482425,CYREN
7,136522988,136522988,1,snv_mnv,NA,NA,"broad,dkfz,muse,sanger",4,COSN8352762,NA,L1MEc,FALSE,0.2131,NA,13,48,NA,NA,NA,RNA,FALSE,FALSE,FALSE,FALSE,2,1,1,1_1,fc9f998b-cc72-f6ea-e040-11ac0c482425,NA
7,137131833,137131833,1,snv_mnv,NA,NA,"broad,dkfz,muse,sanger",4,COSN8352771,NA,NA,FALSE,0.2192,NA,16,57,NA,NA,NA,Intron,FALSE,FALSE,FALSE,FALSE,2,1,1,1_1,fc9f998b-cc72-f6ea-e040-11ac0c482425,NA
7,145681902,145681902,1,snv_mnv,NA,NA,"broad,dkfz,muse,sanger",4,COSN8352837,NA,NA,FALSE,0.1452,NA,9,53,NA,NA,NA,IGR,FALSE,FALSE,FALSE,FALSE,2,1,1,1_1,fc9f998b-cc72-f6ea-e040-11ac0c482425,NA
7,146581389,146581389,1,snv_mnv,1.9968e-4,rs186785191,"broad,dkfz,muse,sanger",4,COSN8352850,rs186785191,MER8,FALSE,0.2237,NA,17,59,NA,NA,NA,Intron,FALSE,FALSE,FALSE,FALSE,2,1,1,1_1,fc9f998b-cc72-f6ea-e040-11ac0c482425,NA
7,146966299,146966299,1,snv_mnv,NA,NA,"broad,dkfz,muse,sanger",4,COSN8352854,NA,NA,FALSE,0.2,NA,14,56,NA,NA,NA,Intron,FALSE,FALSE,FALSE,FALSE,2,1,1,1_1,fc9f998b-cc72-f6ea-e040-11ac0c482425,NA
7,147220340,147220340,1,snv_mnv,5.9904e-4,rs544903442,"broad,dkfz,muse,sanger",4,COSN8352856,rs544903442,MLT1F2,FALSE,0.2368,NA,18,58,NA,NA,NA,Intron,FALSE,FALSE,FALSE,FALSE,2,1,1,1_1,fc9f998b-cc72-f6ea-e040-11ac0c482425,NA
7,150515071,150515071,1,snv_mnv,NA,NA,"broad,muse,sanger",3,COSN8352877,NA,L1MD2,FALSE,0.0781,NA,5,59,NA,NA,NA,IGR,FALSE,FALSE,FALSE,FALSE,2,1,1,1_1,fc9f998b-cc72-f6ea-e040-11ac0c482425,NA
7,150632538,150632538,1,snv_mnv,NA,NA,"broad,dkfz,muse,sanger",4,COSN8352878,NA,NA,FALSE,0.0952,NA,8,76,NA,NA,NA,IGR,FALSE,FALSE,FALSE,FALSE,2,1,1,1_1,fc9f998b-cc72-f6ea-e040-11ac0c482425,NA
7,151902170,151902170,1,snv_mnv,NA,NA,"broad,dkfz,muse,sanger",4,COSN8352884,NA,AT_rich,FALSE,0.1489,NA,7,40,NA,NA,NA,Intron,FALSE,FALSE,FALSE,FALSE,2,1,1,1_1,fc9f998b-cc72-f6ea-e040-11ac0c482425,NA
7,155333292,155333292,1,snv_mnv,NA,NA,"broad,dkfz,muse,sanger",4,COSN8352925,NA,NA,FALSE,0.2375,NA,19,61,NA,NA,NA,IGR,FALSE,FALSE,FALSE,FALSE,2,1,1,1_1,fc9f998b-cc72-f6ea-e040-11ac0c482425,NA
7,156270062,156270062,1,snv_mnv,NA,NA,"broad,muse,sanger",3,COSN8352930,NA,L1M2,FALSE,0.0833,NA,5,55,NA,NA,NA,RNA,FALSE,FALSE,FALSE,FALSE,2,1,1,1_1,fc9f998b-cc72-f6ea-e040-11ac0c482425,NA
7,156749253,156749253,1,snv_mnv,NA,NA,"broad,dkfz,muse,sanger",4,COSN8352933,NA,NA,FALSE,0.303,NA,20,46,NA,NA,NA,Intron,FALSE,FALSE,FALSE,FALSE,2,1,1,1_1,fc9f998b-cc72-f6ea-e040-11ac0c482425,NOM1
7,157386041,157386041,1,snv_mnv,NA,NA,"broad,dkfz,muse,sanger",4,COSN8352939,NA,NA,FALSE,0.2456,NA,28,86,NA,NA,NA,Intron,FALSE,FALSE,FALSE,FALSE,2,1,1,1_1,fc9f998b-cc72-f6ea-e040-11ac0c482425,NA
7,158162725,158162725,1,snv_mnv,NA,NA,"broad,dkfz,muse,sanger",4,COSN8352946,NA,NA,FALSE,0.2,NA,15,60,NA,NA,NA,Intron,FALSE,FALSE,FALSE,FALSE,2,1,1,1_1,fc9f998b-cc72-f6ea-e040-11ac0c482425,NA
8,1420464,1420464,1,snv_mnv,NA,NA,"broad,dkfz,muse,sanger",4,COSN8353926,NA,NA,FALSE,0.0847,NA,5,54,NA,NA,NA,IGR,FALSE,FALSE,FALSE,FALSE,2,1,1,1_1,fc9f998b-cc72-f6ea-e040-11ac0c482425,NA
8,1681519,1681519,1,snv_mnv,NA,NA,"broad,dkfz,muse,sanger",4,COSN8353972,NA,LTR40c,FALSE,0.1765,NA,12,56,NA,NA,NA,IGR,FALSE,FALSE,FALSE,FALSE,2,1,1,1_1,fc9f998b-cc72-f6ea-e040-11ac0c482425,AC100810.2
8,3609339,3609339,1,snv_mnv,NA,NA,"dkfz,muse,sanger",3,COSN16100391,NA,NA,FALSE,0.1212,NA,8,58,NA,NA,NA,Intron,FALSE,FALSE,FALSE,FALSE,2,1,1,1_1,fc9f998b-cc72-f6ea-e040-11ac0c482425,NA
8,3616536,3616536,1,snv_mnv,NA,NA,"broad,dkfz,muse,sanger",4,COSN8354109,NA,MLT1D,FALSE,0.2,NA,16,64,NA,NA,NA,Intron,FALSE,FALSE,FALSE,FALSE,2,1,1,1_1,fc9f998b-cc72-f6ea-e040-11ac0c482425,NA
8,4221151,4221151,1,snv_mnv,0.0011981,rs568362667,"broad,dkfz,muse,sanger",4,COSN8354149,rs568362667,MER67C,FALSE,0.1507,NA,11,62,NA,NA,NA,Intron,FALSE,FALSE,FALSE,FALSE,2,1,1,1_1,fc9f998b-cc72-f6ea-e040-11ac0c482425,NA
8,8908552,8908552,1,snv_mnv,NA,NA,"broad,dkfz,muse,sanger",4,COSN8354614,NA,NA,FALSE,0.1897,NA,11,47,NA,NA,NA,Intron,FALSE,FALSE,FALSE,FALSE,2,1,1,1_1,fc9f998b-cc72-f6ea-e040-11ac0c482425,MIR4660
8,15849941,15849941,1,snv_mnv,NA,NA,"broad,dkfz,muse,sanger",4,COSN8353960,NA,L1M2,FALSE,0.1835,NA,20,89,NA,NA,NA,lincRNA,FALSE,FALSE,FALSE,FALSE,2,1,1,1_1,fc9f998b-cc72-f6ea-e040-11ac0c482425,NA
8,15889265,15889265,1,snv_mnv,NA,NA,"broad,muse,sanger",3,COSN8353962,NA,L1PA4,FALSE,0.2113,NA,15,56,NA,NA,NA,IGR,FALSE,FALSE,FALSE,FALSE,2,1,1,1_1,fc9f998b-cc72-f6ea-e040-11ac0c482425,NA
8,17993327,17993327,1,snv_mnv,NA,NA,"broad,dkfz,muse,sanger",4,COSN8353974,NA,NA,FALSE,0.2,NA,15,60,NA,NA,NA,IGR,FALSE,FALSE,FALSE,FALSE,2,1,1,1_1,fc9f998b-cc72-f6ea-e040-11ac0c482425,NA
8,18970656,18970656,1,snv_mnv,NA,NA,"broad,dkfz,muse,sanger",4,COSN8353977,NA,L1MA1,FALSE,0.0441,NA,3,65,NA,NA,NA,lincRNA,FALSE,FALSE,FALSE,FALSE,2,1,1,1_1,fc9f998b-cc72-f6ea-e040-11ac0c482425,NA
8,19918457,19918457,1,snv_mnv,1.9968e-4,rs371667697,"broad,dkfz,muse,sanger",4,COSN19077056,rs371667697,AluJr,FALSE,0.2727,NA,18,48,NA,NA,NA,IGR,FALSE,FALSE,FALSE,FALSE,2,1,1,1_1,fc9f998b-cc72-f6ea-e040-11ac0c482425,NA
8,21297985,21297985,1,snv_mnv,NA,NA,"broad,dkfz,muse,sanger",4,COSN8353986,NA,NA,FALSE,0.1553,NA,16,87,NA,NA,NA,IGR,FALSE,FALSE,FALSE,FALSE,2,1,1,1_1,fc9f998b-cc72-f6ea-e040-11ac0c482425,NA
8,23230344,23230344,1,snv_mnv,NA,NA,"broad,dkfz,muse,sanger",4,COSN8353992,NA,L1MEg,FALSE,0.2603,NA,19,54,NA,NA,NA,Intron,FALSE,FALSE,FALSE,FALSE,2,1,1,1_1,fc9f998b-cc72-f6ea-e040-11ac0c482425,LOXL2
8,26540083,26540083,1,snv_mnv,NA,NA,"broad,dkfz,muse,sanger",4,COSN8354002,NA,NA,FALSE,0.0722,NA,7,90,NA,NA,NA,IGR,FALSE,FALSE,FALSE,FALSE,2,1,1,1_1,fc9f998b-cc72-f6ea-e040-11ac0c482425,NA
8,31406815,31406815,1,snv_mnv,NA,NA,"broad,dkfz,muse,sanger",4,COSN8354034,NA,NA,FALSE,0.0893,NA,5,51,NA,NA,NA,IGR,FALSE,FALSE,FALSE,FALSE,2,1,1,1_1,fc9f998b-cc72-f6ea-e040-11ac0c482425,NA
8,32575735,32575735,1,snv_mnv,NA,NA,"broad,dkfz,muse,sanger",4,COSN8354044,NA,NA,FALSE,0.1154,NA,9,69,NA,NA,NA,Intron,FALSE,FALSE,FALSE,FALSE,2,1,1,1_1,fc9f998b-cc72-f6ea-e040-11ac0c482425,NRG1
8,33599362,33599362,1,snv_mnv,NA,NA,"broad,dkfz,muse,sanger",4,COSN8354055,NA,NA,FALSE,0.1067,NA,8,67,NA,NA,NA,IGR,FALSE,FALSE,FALSE,FALSE,2,1,1,1_1,fc9f998b-cc72-f6ea-e040-11ac0c482425,NA
8,33664110,33664110,1,snv_mnv,NA,NA,"broad,dkfz,muse,sanger",4,COSN8354057,NA,NA,FALSE,0.1754,NA,10,47,NA,NA,NA,IGR,FALSE,FALSE,FALSE,FALSE,2,1,1,1_1,fc9f998b-cc72-f6ea-e040-11ac0c482425,NA
8,33778612,33778612,1,snv_mnv,NA,NA,"broad,dkfz,muse,sanger",4,COSN8354060,NA,NA,FALSE,0.1852,NA,10,44,NA,NA,NA,IGR,FALSE,FALSE,FALSE,FALSE,2,1,1,1_1,fc9f998b-cc72-f6ea-e040-11ac0c482425,NA
8,34552756,34552756,1,snv_mnv,NA,NA,"broad,dkfz,muse,sanger",4,COSN8354079,NA,L1MEe,FALSE,0.2206,NA,15,53,NA,NA,NA,IGR,FALSE,FALSE,FALSE,FALSE,2,1,1,1_1,fc9f998b-cc72-f6ea-e040-11ac0c482425,NA
8,35141059,35141059,1,snv_mnv,NA,NA,"broad,dkfz,muse,sanger",4,COSN8354095,NA,AluSc,FALSE,0.1733,NA,13,62,NA,NA,NA,Intron,FALSE,FALSE,FALSE,FALSE,2,1,1,1_1,fc9f998b-cc72-f6ea-e040-11ac0c482425,NA
8,35963237,35963237,1,snv_mnv,NA,NA,"broad,dkfz,muse,sanger",4,COSN8354103,rs777448863,L1MB5,FALSE,0.2167,NA,13,47,NA,NA,NA,IGR,FALSE,FALSE,FALSE,FALSE,2,1,1,1_1,fc9f998b-cc72-f6ea-e040-11ac0c482425,NA
8,36113239,36113239,1,snv_mnv,NA,NA,"broad,dkfz,muse,sanger",4,COSN8354108,NA,LTR8A,FALSE,0.2791,NA,24,62,NA,NA,NA,IGR,FALSE,FALSE,FALSE,FALSE,2,1,1,1_1,fc9f998b-cc72-f6ea-e040-11ac0c482425,NA
8,39331308,39331308,1,snv_mnv,NA,NA,"broad,dkfz,muse,sanger",4,COSN8354133,NA,NA,FALSE,0.1957,NA,18,74,NA,NA,NA,RNA,FALSE,FALSE,FALSE,FALSE,2,1,1,1_1,fc9f998b-cc72-f6ea-e040-11ac0c482425,ADAM3A
8,47190153,47190153,1,snv_mnv,NA,NA,"broad,muse,sanger",3,COSN8354165,NA,MER9a3,FALSE,0.2289,NA,19,64,NA,NA,NA,IGR,FALSE,FALSE,FALSE,FALSE,2,1,1,1_1,fc9f998b-cc72-f6ea-e040-11ac0c482425,NA
8,47863841,47863841,1,snv_mnv,NA,NA,"broad,dkfz,muse,sanger",4,COSN8354173,NA,NA,FALSE,0.2462,NA,16,49,NA,NA,NA,IGR,FALSE,FALSE,FALSE,FALSE,2,1,1,1_1,fc9f998b-cc72-f6ea-e040-11ac0c482425,NA
8,50761315,50761315,1,snv_mnv,NA,NA,"broad,dkfz,muse,sanger",4,COSN8354203,NA,L2a,FALSE,0.2097,NA,13,49,NA,NA,NA,IGR,FALSE,FALSE,FALSE,FALSE,2,1,1,1_1,fc9f998b-cc72-f6ea-e040-11ac0c482425,NA
8,50791700,50791700,1,snv_mnv,NA,NA,"broad,muse,sanger",3,COSN8354204,NA,L1PA4,FALSE,0.1765,NA,12,56,NA,NA,NA,IGR,FALSE,FALSE,FALSE,FALSE,2,1,1,1_1,fc9f998b-cc72-f6ea-e040-11ac0c482425,NA
8,51564735,51564735,1,snv_mnv,NA,NA,"broad,dkfz,muse,sanger",4,COSN8354219,NA,L1ME3B,FALSE,0.2059,NA,14,54,NA,NA,NA,Intron,FALSE,FALSE,FALSE,FALSE,2,1,1,1_1,fc9f998b-cc72-f6ea-e040-11ac0c482425,NA
8,51803993,51803993,1,snv_mnv,NA,NA,"broad,dkfz,muse,sanger",4,COSN8354227,NA,AluSc8,FALSE,0.225,NA,9,31,NA,NA,NA,IGR,FALSE,FALSE,FALSE,FALSE,2,1,1,1_1,fc9f998b-cc72-f6ea-e040-11ac0c482425,NA
8,51841770,51841770,1,snv_mnv,NA,NA,"broad,dkfz,muse,sanger",4,COSN8354228,NA,MLT1A,FALSE,0.1613,NA,10,52,NA,NA,NA,IGR,FALSE,FALSE,FALSE,FALSE,2,1,1,1_1,fc9f998b-cc72-f6ea-e040-11ac0c482425,NA
8,51907478,51907478,1,snv_mnv,NA,NA,"broad,dkfz,muse,sanger",4,COSN8354229,NA,L1M4c,FALSE,0.1944,NA,14,58,NA,NA,NA,IGR,FALSE,FALSE,FALSE,FALSE,2,1,1,1_1,fc9f998b-cc72-f6ea-e040-11ac0c482425,NA
8,52237839,52237839,1,snv_mnv,1.9968e-4,rs570248030,"broad,dkfz,muse,sanger",4,COSN8089635,rs570248030,L1MDa,FALSE,0.2299,NA,20,67,NA,NA,NA,Intron,FALSE,FALSE,FALSE,FALSE,2,1,1,1_1,fc9f998b-cc72-f6ea-e040-11ac0c482425,NA
8,52438917,52438917,1,snv_mnv,NA,NA,"broad,dkfz,muse,sanger",4,COSN8354239,rs77019634,NA,FALSE,0.2235,NA,19,66,NA,NA,NA,Intron,FALSE,FALSE,FALSE,FALSE,2,1,1,1_1,fc9f998b-cc72-f6ea-e040-11ac0c482425,NA
8,55593294,55593294,1,snv_mnv,NA,NA,"broad,muse,sanger",3,COSN8354269,NA,AluY,FALSE,0.3051,NA,18,41,NA,NA,NA,IGR,FALSE,FALSE,FALSE,FALSE,2,1,1,1_1,fc9f998b-cc72-f6ea-e040-11ac0c482425,NA
8,56636727,56636727,1,snv_mnv,NA,NA,"broad,dkfz,muse,sanger",4,COSN8354284,NA,MER41B,FALSE,0.1594,NA,11,58,NA,NA,NA,IGR,FALSE,FALSE,FALSE,FALSE,2,1,1,1_1,fc9f998b-cc72-f6ea-e040-11ac0c482425,NA
8,56997481,56997481,1,snv_mnv,NA,NA,"broad,dkfz,muse,sanger",4,COSN8354287,NA,AluSx3,FALSE,0.2254,NA,16,55,NA,NA,NA,IGR,FALSE,FALSE,FALSE,FALSE,2,1,1,1_1,fc9f998b-cc72-f6ea-e040-11ac0c482425,NA
8,64996171,64996171,1,snv_mnv,NA,NA,"broad,muse,sanger",3,COSN8354360,NA,MER66B,FALSE,0.0805,NA,7,80,NA,NA,NA,RNA,FALSE,FALSE,FALSE,FALSE,2,1,1,1_1,fc9f998b-cc72-f6ea-e040-11ac0c482425,NA
8,66348146,66348146,1,snv_mnv,NA,NA,"broad,dkfz,muse,sanger",4,COSN8354377,rs774031781,MSTB2,FALSE,0.0896,NA,6,61,NA,NA,NA,IGR,FALSE,FALSE,FALSE,FALSE,2,1,1,1_1,fc9f998b-cc72-f6ea-e040-11ac0c482425,NA
8,68848442,68848442,1,snv_mnv,0.0045927,rs531470258,"broad,dkfz,muse,sanger",4,COSN8354397,rs531470258,AluSz,FALSE,0.2,NA,14,56,NA,NA,NA,IGR,FALSE,FALSE,FALSE,FALSE,2,1,1,1_1,fc9f998b-cc72-f6ea-e040-11ac0c482425,NA
8,69336056,69336056,1,snv_mnv,NA,NA,"broad,dkfz,muse,sanger",4,COSN8354402,NA,THE1D,FALSE,0.2237,NA,17,59,NA,NA,NA,Intron,FALSE,FALSE,FALSE,FALSE,2,1,1,1_1,fc9f998b-cc72-f6ea-e040-11ac0c482425,NA
8,70318717,70318717,1,snv_mnv,NA,NA,"broad,dkfz,muse,sanger",4,COSN8354408,NA,NA,FALSE,0.2432,NA,18,56,NA,NA,NA,IGR,FALSE,FALSE,FALSE,FALSE,2,1,1,1_1,fc9f998b-cc72-f6ea-e040-11ac0c482425,NA
8,73341861,73341861,1,snv_mnv,3.9936e-4,rs369500837,"broad,dkfz,muse,sanger",4,COSN8354439,rs369500837,NA,FALSE,0.1667,NA,14,70,NA,NA,NA,IGR,FALSE,FALSE,FALSE,FALSE,2,1,1,1_1,fc9f998b-cc72-f6ea-e040-11ac0c482425,NA
8,73902028,73902028,1,snv_mnv,NA,NA,"broad,dkfz,muse,sanger",4,COSN8354456,NA,HAL1,FALSE,0.125,NA,8,56,NA,NA,NA,IGR,FALSE,FALSE,FALSE,FALSE,2,1,1,1_1,fc9f998b-cc72-f6ea-e040-11ac0c482425,NA
8,76182904,76182904,1,snv_mnv,NA,NA,"broad,dkfz,muse,sanger",4,COSN8354463,NA,NA,FALSE,0.1772,NA,14,65,NA,NA,NA,lincRNA,FALSE,FALSE,FALSE,FALSE,2,1,1,1_1,fc9f998b-cc72-f6ea-e040-11ac0c482425,NA
8,78961378,78961378,1,snv_mnv,NA,NA,"broad,dkfz,muse,sanger",4,COSN2291041,NA,NA,FALSE,0.1842,NA,7,31,NA,NA,NA,IGR,FALSE,FALSE,FALSE,FALSE,2,1,1,1_1,fc9f998b-cc72-f6ea-e040-11ac0c482425,NA
8,80263059,80263059,1,snv_mnv,NA,NA,"broad,dkfz,muse,sanger",4,COSN8354527,NA,NA,FALSE,0.2742,NA,17,45,NA,NA,NA,IGR,FALSE,FALSE,FALSE,FALSE,2,1,1,1_1,fc9f998b-cc72-f6ea-e040-11ac0c482425,NA
8,80359530,80359530,1,snv_mnv,NA,NA,"broad,muse,sanger",3,COSN8354529,NA,MIRb,FALSE,0.2453,NA,13,40,NA,NA,NA,IGR,FALSE,FALSE,FALSE,FALSE,2,1,1,1_1,fc9f998b-cc72-f6ea-e040-11ac0c482425,NA
8,80400235,80400235,1,snv_mnv,NA,NA,"broad,dkfz,muse,sanger",4,COSN8354530,NA,NA,FALSE,0.1481,NA,8,46,NA,NA,NA,IGR,FALSE,FALSE,FALSE,FALSE,2,1,1,1_1,fc9f998b-cc72-f6ea-e040-11ac0c482425,NA
8,82858377,82858377,1,snv_mnv,NA,NA,"broad,dkfz,muse,sanger",4,COSN8354540,NA,NA,FALSE,0.1452,NA,9,53,NA,NA,NA,IGR,FALSE,FALSE,FALSE,FALSE,2,1,1,1_1,fc9f998b-cc72-f6ea-e040-11ac0c482425,NA
8,83329166,83329166,1,snv_mnv,NA,NA,"broad,dkfz,muse,sanger",4,COSN8354550,NA,NA,FALSE,0.1803,NA,11,50,NA,NA,NA,IGR,FALSE,FALSE,FALSE,FALSE,2,1,1,1_1,fc9f998b-cc72-f6ea-e040-11ac0c482425,NA
8,84031572,84031572,1,snv_mnv,NA,NA,"broad,dkfz,muse,sanger",4,COSN8354562,NA,NA,FALSE,0.2105,NA,12,45,NA,NA,NA,IGR,FALSE,FALSE,FALSE,FALSE,2,1,1,1_1,fc9f998b-cc72-f6ea-e040-11ac0c482425,NA
8,86906553,86906553,1,snv_mnv,NA,NA,"broad,dkfz,muse,sanger",4,COSN8354587,NA,NA,FALSE,0.2097,NA,13,49,NA,NA,NA,lincRNA,FALSE,FALSE,FALSE,FALSE,2,1,1,1_1,fc9f998b-cc72-f6ea-e040-11ac0c482425,NA
8,87798983,87798983,1,snv_mnv,NA,NA,"dkfz,muse,sanger",3,COSN8354591,NA,NA,FALSE,0.1395,NA,6,37,NA,NA,NA,lincRNA,FALSE,FALSE,FALSE,FALSE,2,1,1,1_1,fc9f998b-cc72-f6ea-e040-11ac0c482425,NA
8,87982204,87982204,1,snv_mnv,NA,NA,"broad,dkfz,muse,sanger",4,COSN8354592,NA,L1MEg,FALSE,0.1698,NA,9,44,NA,NA,NA,Intron,FALSE,FALSE,FALSE,FALSE,2,1,1,1_1,fc9f998b-cc72-f6ea-e040-11ac0c482425,NA
8,88043813,88043813,1,snv_mnv,NA,NA,"broad,dkfz,muse,sanger",4,COSN8354595,NA,L2,FALSE,0.0933,NA,7,68,NA,NA,NA,Intron,FALSE,FALSE,FALSE,FALSE,2,1,1,1_1,fc9f998b-cc72-f6ea-e040-11ac0c482425,NA
8,88288714,88288714,1,snv_mnv,7.9872e-4,rs536889254,"broad,dkfz,muse,sanger",4,COSN8354596,rs536889254,NA,FALSE,0.1385,NA,9,56,NA,NA,NA,Intron,FALSE,FALSE,FALSE,FALSE,2,1,1,1_1,fc9f998b-cc72-f6ea-e040-11ac0c482425,NA
8,88421686,88421686,1,snv_mnv,NA,NA,"broad,dkfz,muse,sanger",4,COSN8354600,NA,Tigger1,FALSE,0.0814,NA,7,79,NA,NA,NA,IGR,FALSE,FALSE,FALSE,FALSE,2,1,1,1_1,fc9f998b-cc72-f6ea-e040-11ac0c482425,NA
8,88453526,88453526,1,snv_mnv,NA,NA,"broad,dkfz,muse,sanger",4,COSN8354601,NA,L1MA4,FALSE,0.1829,NA,15,67,NA,NA,NA,IGR,FALSE,FALSE,FALSE,FALSE,2,1,1,1_1,fc9f998b-cc72-f6ea-e040-11ac0c482425,NA
8,89228614,89228614,1,snv_mnv,NA,NA,"broad,dkfz,muse,sanger",4,COSN8354620,NA,L1MC4,FALSE,0.1129,NA,7,55,NA,NA,NA,Intron,FALSE,FALSE,FALSE,FALSE,2,1,1,1_1,fc9f998b-cc72-f6ea-e040-11ac0c482425,NA
8,89335392,89335392,1,snv_mnv,NA,NA,"broad,dkfz,muse,sanger",4,COSN8354625,NA,NA,FALSE,0.2623,NA,16,45,NA,NA,NA,Intron,FALSE,FALSE,FALSE,FALSE,2,1,1,1_1,fc9f998b-cc72-f6ea-e040-11ac0c482425,AC090568.2
8,89661501,89661501,1,snv_mnv,NA,NA,"broad,dkfz,muse,sanger",4,COSN8354629,NA,NA,FALSE,0.1273,NA,7,48,NA,NA,NA,RNA,FALSE,FALSE,FALSE,FALSE,2,1,1,1_1,fc9f998b-cc72-f6ea-e040-11ac0c482425,NA
8,89783906,89783906,1,snv_mnv,5.9904e-4,rs542468836,"broad,dkfz,muse,sanger",4,COSN8354632,rs542468836,HERVL-int,FALSE,0.2143,NA,15,55,NA,NA,NA,IGR,FALSE,FALSE,FALSE,FALSE,2,1,1,1_1,fc9f998b-cc72-f6ea-e040-11ac0c482425,NA
8,91230497,91230497,1,snv_mnv,NA,NA,"broad,dkfz,muse,sanger",4,COSN8354643,NA,L1MB2,FALSE,0.2,NA,13,52,NA,NA,NA,IGR,FALSE,FALSE,FALSE,FALSE,2,1,1,1_1,fc9f998b-cc72-f6ea-e040-11ac0c482425,LINC00534
8,93391610,93391610,1,snv_mnv,NA,NA,"broad,dkfz,muse,sanger",4,COSN8354661,NA,L1M5,FALSE,0.2766,NA,13,34,NA,NA,NA,IGR,FALSE,FALSE,FALSE,FALSE,2,1,1,1_1,fc9f998b-cc72-f6ea-e040-11ac0c482425,NA
8,93411383,93411383,1,snv_mnv,NA,NA,"dkfz,muse,sanger",3,COSN8354662,NA,HERV9-int,FALSE,0.1053,NA,8,68,NA,NA,NA,IGR,FALSE,FALSE,FALSE,FALSE,2,1,1,1_1,fc9f998b-cc72-f6ea-e040-11ac0c482425,AC022695.2
8,93833644,93833644,1,snv_mnv,NA,NA,"broad,dkfz,muse,sanger",4,COSN8354667,NA,NA,FALSE,0.1017,NA,6,53,NA,NA,NA,RNA,FALSE,FALSE,FALSE,FALSE,2,1,1,1_1,fc9f998b-cc72-f6ea-e040-11ac0c482425,NA
8,93835654,93835654,1,snv_mnv,NA,NA,"broad,dkfz,muse,sanger",4,COSN8354668,NA,NA,FALSE,0.1569,NA,8,43,NA,NA,NA,RNA,FALSE,FALSE,FALSE,FALSE,2,1,1,1_1,fc9f998b-cc72-f6ea-e040-11ac0c482425,NA
8,94481806,94481806,1,snv_mnv,3.9936e-4,rs544212381,"broad,dkfz,muse,sanger",4,COSN8354671,rs544212381,L1P2,FALSE,0.194,NA,13,54,NA,NA,NA,RNA,FALSE,FALSE,FALSE,FALSE,2,1,1,1_1,fc9f998b-cc72-f6ea-e040-11ac0c482425,NA
8,95003323,95003323,1,snv_mnv,NA,NA,"broad,dkfz,muse,sanger",4,COSN8354673,NA,NA,FALSE,0.1613,NA,15,78,NA,NA,NA,IGR,FALSE,FALSE,FALSE,FALSE,2,1,1,1_1,fc9f998b-cc72-f6ea-e040-11ac0c482425,NA
8,96340234,96340234,1,snv_mnv,NA,NA,"broad,dkfz,muse,sanger",4,COSN8354678,NA,LTR67B,FALSE,0.2326,NA,20,66,NA,NA,NA,lincRNA,FALSE,FALSE,FALSE,FALSE,2,1,1,1_1,fc9f998b-cc72-f6ea-e040-11ac0c482425,NA
8,97079932,97079932,1,snv_mnv,NA,NA,"broad,dkfz,muse,sanger",4,COSN8354683,NA,L1MEc,FALSE,0.1918,NA,14,59,NA,NA,NA,IGR,FALSE,FALSE,FALSE,FALSE,2,1,1,1_1,fc9f998b-cc72-f6ea-e040-11ac0c482425,AC007992.1
8,97388910,97388910,1,snv_mnv,NA,NA,"broad,dkfz,muse,sanger",4,COSN8354686,NA,MER104,FALSE,0.25,NA,17,51,NA,NA,NA,lincRNA,FALSE,FALSE,FALSE,FALSE,2,1,1,1_1,fc9f998b-cc72-f6ea-e040-11ac0c482425,NA
8,98780719,98780719,1,snv_mnv,NA,NA,"broad,dkfz,muse,sanger",4,COSN8354699,NA,AluSc,FALSE,0.1,NA,10,90,NA,NA,NA,IGR,FALSE,FALSE,FALSE,FALSE,2,1,1,1_1,fc9f998b-cc72-f6ea-e040-11ac0c482425,RF00019
8,105481908,105481908,1,snv_mnv,NA,NA,"broad,dkfz,muse,sanger",4,COSN8353533,NA,MLT1K,FALSE,0.1892,NA,14,60,NA,NA,NA,5'Flank,FALSE,FALSE,FALSE,FALSE,2,1,1,1_1,fc9f998b-cc72-f6ea-e040-11ac0c482425,DPYS
8,107880184,107880184,1,snv_mnv,NA,NA,"broad,dkfz,muse,sanger",4,COSN8353555,NA,NA,FALSE,0.2133,NA,16,59,NA,NA,NA,IGR,FALSE,FALSE,FALSE,FALSE,2,1,1,1_1,fc9f998b-cc72-f6ea-e040-11ac0c482425,NA
8,109927765,109927765,1,snv_mnv,NA,NA,"broad,dkfz,muse,sanger",4,COSN8353576,NA,NA,FALSE,0.2785,NA,22,57,NA,NA,NA,RNA,FALSE,FALSE,FALSE,FALSE,2,1,1,1_1,fc9f998b-cc72-f6ea-e040-11ac0c482425,NA
8,110035168,110035168,1,snv_mnv,NA,NA,"broad,dkfz,muse,sanger",4,COSN8353577,NA,NA,FALSE,0.1061,NA,7,59,NA,NA,NA,RNA,FALSE,FALSE,FALSE,FALSE,2,1,1,1_1,fc9f998b-cc72-f6ea-e040-11ac0c482425,NA
8,111323657,111323657,1,snv_mnv,NA,NA,"broad,dkfz,muse,sanger",4,COSN8353590,NA,Tigger3b,FALSE,0.1864,NA,11,48,NA,NA,NA,IGR,FALSE,FALSE,FALSE,FALSE,2,1,1,1_1,fc9f998b-cc72-f6ea-e040-11ac0c482425,NA
8,112244585,112244585,1,snv_mnv,NA,NA,"broad,dkfz,muse,sanger",4,COSN8353603,NA,L1PA7,FALSE,0.2143,NA,15,55,NA,NA,NA,lincRNA,FALSE,FALSE,FALSE,FALSE,2,1,1,1_1,fc9f998b-cc72-f6ea-e040-11ac0c482425,NA
8,112584691,112584691,1,snv_mnv,NA,NA,"broad,dkfz,muse,sanger",4,COSN8353609,NA,NA,FALSE,0.2063,NA,13,50,NA,NA,NA,IGR,FALSE,FALSE,FALSE,FALSE,2,1,1,1_1,fc9f998b-cc72-f6ea-e040-11ac0c482425,NA
8,113038020,113038020,1,snv_mnv,NA,NA,"broad,dkfz,muse,sanger",4,COSN8353613,NA,NA,FALSE,0.1525,NA,9,50,NA,NA,NA,IGR,FALSE,FALSE,FALSE,FALSE,2,1,1,1_1,fc9f998b-cc72-f6ea-e040-11ac0c482425,NA
8,113111567,113111567,1,snv_mnv,NA,NA,"broad,dkfz,muse,sanger",4,COSN8353616,NA,LTR56,FALSE,0.2222,NA,18,63,NA,NA,NA,IGR,FALSE,FALSE,FALSE,FALSE,2,1,1,1_1,fc9f998b-cc72-f6ea-e040-11ac0c482425,NA
8,113293740,113293740,1,snv_mnv,NA,NA,"broad,dkfz,muse,sanger",4,COSN8353620,NA,NA,FALSE,0.2537,NA,17,50,NA,NA,NA,Intron,FALSE,FALSE,FALSE,FALSE,2,1,1,1_1,fc9f998b-cc72-f6ea-e040-11ac0c482425,NA
8,115916741,115916741,1,snv_mnv,NA,NA,"broad,dkfz,muse,sanger",4,COSN8353674,NA,NA,FALSE,0.2222,NA,12,42,NA,NA,NA,IGR,FALSE,FALSE,FALSE,FALSE,2,1,1,1_1,fc9f998b-cc72-f6ea-e040-11ac0c482425,NA
8,116342555,116342555,1,snv_mnv,NA,NA,"broad,muse,sanger",3,COSN8353679,NA,LTR12C,FALSE,0.2338,NA,18,59,NA,NA,NA,IGR,FALSE,FALSE,FALSE,FALSE,2,1,1,1_1,fc9f998b-cc72-f6ea-e040-11ac0c482425,NA
8,116623141,116623141,1,snv_mnv,NA,NA,"broad,dkfz,muse,sanger",4,COSN8353680,NA,AluSx1,FALSE,0.1754,NA,10,47,NA,NA,NA,Intron,FALSE,FALSE,FALSE,FALSE,2,1,1,1_1,fc9f998b-cc72-f6ea-e040-11ac0c482425,NA
8,117405935,117405935,1,snv_mnv,NA,NA,"broad,muse,sanger",3,COSN8353687,NA,L1PA6,FALSE,0.1772,NA,14,65,NA,NA,NA,IGR,FALSE,FALSE,FALSE,FALSE,2,1,1,1_1,fc9f998b-cc72-f6ea-e040-11ac0c482425,NA
8,119400214,119400214,1,snv_mnv,NA,NA,"broad,dkfz,muse,sanger",4,COSN8353704,NA,NA,FALSE,0.3494,NA,29,54,NA,NA,NA,Intron,FALSE,FALSE,FALSE,FALSE,2,1,1,1_1,fc9f998b-cc72-f6ea-e040-11ac0c482425,NA
8,121253087,121253087,1,snv_mnv,NA,NA,"broad,dkfz,muse,sanger",4,COSN8353717,NA,NA,FALSE,0.1475,NA,9,52,NA,NA,NA,Intron,FALSE,FALSE,FALSE,FALSE,2,1,1,1_1,fc9f998b-cc72-f6ea-e040-11ac0c482425,NA
8,122262271,122262271,1,snv_mnv,NA,NA,"broad,dkfz,muse,sanger",4,COSN8353728,NA,NA,FALSE,0.2432,NA,18,56,NA,NA,NA,IGR,FALSE,FALSE,FALSE,FALSE,2,1,1,1_1,fc9f998b-cc72-f6ea-e040-11ac0c482425,NA
8,123172273,123172273,1,snv_mnv,3.9936e-4,rs28651146,"broad,dkfz,muse,sanger",4,COSN8353741,rs28651146,NA,FALSE,0.1964,NA,11,45,NA,NA,NA,IGR,FALSE,FALSE,FALSE,FALSE,2,1,1,1_1,fc9f998b-cc72-f6ea-e040-11ac0c482425,NA
8,124959832,124959832,1,snv_mnv,NA,NA,"broad,dkfz,muse,sanger",4,COSN8353749,NA,L2c,FALSE,0.0875,NA,7,73,NA,NA,NA,Intron,FALSE,FALSE,FALSE,FALSE,2,1,1,1_1,fc9f998b-cc72-f6ea-e040-11ac0c482425,NA
8,127001071,127001071,1,snv_mnv,NA,NA,"broad,dkfz,muse,sanger",4,COSN8353758,NA,HERVP71A-int,FALSE,0.2375,NA,19,61,NA,NA,NA,IGR,FALSE,FALSE,FALSE,FALSE,2,1,1,1_1,fc9f998b-cc72-f6ea-e040-11ac0c482425,NA
8,129017058,129017058,1,snv_mnv,NA,NA,"broad,dkfz,muse,sanger",4,COSN8353764,NA,MIRb,FALSE,0.2206,NA,15,53,NA,NA,NA,IGR,FALSE,FALSE,FALSE,FALSE,2,1,1,1_1,fc9f998b-cc72-f6ea-e040-11ac0c482425,"PVT1,MIR1206"
8,129486068,129486068,1,snv_mnv,NA,NA,"broad,dkfz,muse,sanger",4,COSN8353768,NA,NA,FALSE,0.0814,NA,7,79,NA,NA,NA,IGR,FALSE,FALSE,FALSE,FALSE,2,1,1,1_1,fc9f998b-cc72-f6ea-e040-11ac0c482425,NA
8,132111938,132111938,1,snv_mnv,NA,NA,"broad,dkfz,muse,sanger",4,COSN8353804,NA,L1PA10,FALSE,0.1831,NA,13,58,NA,NA,NA,IGR,FALSE,FALSE,FALSE,FALSE,2,1,1,1_1,fc9f998b-cc72-f6ea-e040-11ac0c482425,NA
8,132287326,132287326,1,snv_mnv,NA,NA,"broad,dkfz,muse,sanger",4,COSN8353808,NA,AluJb,FALSE,0.0814,NA,7,79,NA,NA,NA,IGR,FALSE,FALSE,FALSE,FALSE,2,1,1,1_1,fc9f998b-cc72-f6ea-e040-11ac0c482425,NA
8,132666070,132666070,1,snv_mnv,1.9968e-4,rs536949776,"broad,dkfz,muse,sanger",4,COSN8353814,rs536949776,L1MB7,FALSE,0.2597,NA,20,57,NA,NA,NA,IGR,FALSE,FALSE,FALSE,FALSE,2,1,1,1_1,fc9f998b-cc72-f6ea-e040-11ac0c482425,NA
8,132757827,132757827,1,snv_mnv,NA,NA,"broad,muse,sanger",3,COSN8353817,NA,HERVH-int,FALSE,0.2308,NA,18,60,NA,NA,NA,IGR,FALSE,FALSE,FALSE,FALSE,2,1,1,1_1,fc9f998b-cc72-f6ea-e040-11ac0c482425,NA
8,133171997,133171997,1,snv_mnv,NA,NA,"broad,dkfz,muse,sanger",4,COSN8353819,NA,NA,FALSE,0.1806,NA,13,59,NA,NA,NA,Intron,FALSE,FALSE,FALSE,FALSE,2,1,1,1_1,fc9f998b-cc72-f6ea-e040-11ac0c482425,NA
8,135675224,135675224,1,snv_mnv,NA,NA,"broad,dkfz,muse,sanger",4,COSN8353834,NA,NA,FALSE,0.1667,NA,18,90,NA,NA,NA,Intron,FALSE,FALSE,FALSE,FALSE,2,1,1,1_1,fc9f998b-cc72-f6ea-e040-11ac0c482425,NA
8,135922787,135922787,1,snv_mnv,NA,NA,"broad,dkfz,muse,sanger",4,COSN8353838,NA,NA,FALSE,0.193,NA,11,46,NA,NA,NA,IGR,FALSE,FALSE,FALSE,FALSE,2,1,1,1_1,fc9f998b-cc72-f6ea-e040-11ac0c482425,NA
8,136903222,136903222,1,snv_mnv,NA,NA,"broad,dkfz,muse,sanger",4,COSN8353843,NA,L1M4,FALSE,0.2821,NA,22,56,NA,NA,NA,IGR,FALSE,FALSE,FALSE,FALSE,2,1,1,1_1,fc9f998b-cc72-f6ea-e040-11ac0c482425,NA
8,138357412,138357412,1,snv_mnv,NA,NA,"broad,dkfz,muse,sanger",4,COSN8353869,NA,NA,FALSE,0.2405,NA,19,60,NA,NA,NA,IGR,FALSE,FALSE,FALSE,FALSE,2,1,1,1_1,fc9f998b-cc72-f6ea-e040-11ac0c482425,NA
8,140345945,140345945,1,snv_mnv,NA,NA,"broad,dkfz,muse,sanger",4,COSN8353910,NA,NA,FALSE,0.0769,NA,6,72,NA,NA,NA,IGR,FALSE,FALSE,FALSE,FALSE,2,1,1,1_1,fc9f998b-cc72-f6ea-e040-11ac0c482425,NA
8,140588239,140588239,1,snv_mnv,NA,NA,"broad,dkfz,muse,sanger",4,COSN8353915,NA,THE1B,FALSE,0.1507,NA,11,62,NA,NA,NA,IGR,FALSE,FALSE,FALSE,FALSE,2,1,1,1_1,fc9f998b-cc72-f6ea-e040-11ac0c482425,NA
8,142397619,142397619,1,snv_mnv,NA,NA,"broad,dkfz,muse,sanger",4,COSN8353929,NA,NA,FALSE,0.1319,NA,12,79,NA,NA,NA,RNA,FALSE,FALSE,FALSE,FALSE,2,1,1,1_1,fc9f998b-cc72-f6ea-e040-11ac0c482425,"PTP4A3,AC100803.1"
8,142844236,142844236,1,snv_mnv,NA,NA,"broad,dkfz,muse,sanger",4,COSN8353931,NA,NA,FALSE,0.268,NA,26,71,NA,NA,NA,IGR,FALSE,FALSE,FALSE,FALSE,2,1,1,1_1,fc9f998b-cc72-f6ea-e040-11ac0c482425,NA
8,143301085,143301085,1,snv_mnv,NA,NA,"broad,dkfz,muse,sanger",4,COSN8353932,NA,NA,FALSE,0.1772,NA,14,65,NA,NA,NA,Intron,FALSE,FALSE,FALSE,FALSE,2,1,1,1_1,fc9f998b-cc72-f6ea-e040-11ac0c482425,NA
9,102839,102839,1,snv_mnv,1.9968e-4,rs192603882,"broad,dkfz,muse,sanger",4,COSN8354718,rs192603882,NA,FALSE,0.2523,NA,27,80,NA,NA,NA,lincRNA,FALSE,FALSE,FALSE,FALSE,2,1,1,1_1,fc9f998b-cc72-f6ea-e040-11ac0c482425,NA
9,6658719,6658719,1,snv_mnv,NA,NA,"broad,dkfz,muse,sanger",4,COSN8355173,NA,MIR,FALSE,0.1967,NA,12,49,NA,NA,NA,lincRNA,FALSE,FALSE,FALSE,FALSE,2,1,1,1_1,fc9f998b-cc72-f6ea-e040-11ac0c482425,"RN7SL123P,RPS3AP54"
9,7318001,7318001,1,snv_mnv,NA,NA,"broad,dkfz,muse,sanger",4,COSN8355207,NA,NA,FALSE,0.0968,NA,6,56,NA,NA,NA,IGR,FALSE,FALSE,FALSE,FALSE,2,1,1,1_1,fc9f998b-cc72-f6ea-e040-11ac0c482425,NA
9,8229243,8229243,1,snv_mnv,NA,NA,"broad,dkfz,muse,sanger",4,COSN8355266,NA,MER30,FALSE,0.25,NA,14,42,NA,NA,NA,IGR,FALSE,FALSE,FALSE,FALSE,2,1,1,1_1,fc9f998b-cc72-f6ea-e040-11ac0c482425,NA
9,8413779,8413779,1,snv_mnv,NA,NA,"broad,dkfz,muse,sanger",4,COSN8355285,NA,NA,FALSE,0.0847,NA,5,54,NA,NA,NA,Intron,FALSE,FALSE,FALSE,FALSE,2,1,1,1_1,fc9f998b-cc72-f6ea-e040-11ac0c482425,NA
9,8654174,8654174,1,snv_mnv,NA,NA,"broad,dkfz,muse,sanger",4,COSN8355302,NA,NA,FALSE,0.1974,NA,15,61,NA,NA,NA,Intron,FALSE,FALSE,FALSE,FALSE,2,1,1,1_1,fc9f998b-cc72-f6ea-e040-11ac0c482425,NA
9,9452971,9452971,1,snv_mnv,NA,NA,"broad,dkfz,muse,sanger",4,COSN8355364,NA,NA,FALSE,0.1702,NA,8,39,NA,NA,NA,Intron,FALSE,FALSE,FALSE,FALSE,2,1,1,1_1,fc9f998b-cc72-f6ea-e040-11ac0c482425,NA
9,10990188,10990188,1,snv_mnv,NA,NA,"broad,dkfz,muse,sanger",4,COSN8354763,NA,NA,FALSE,0.2712,NA,16,43,NA,NA,NA,IGR,FALSE,FALSE,FALSE,FALSE,2,1,1,1_1,fc9f998b-cc72-f6ea-e040-11ac0c482425,NA
9,11483804,11483804,1,snv_mnv,NA,NA,"broad,muse,sanger",3,COSN8354795,NA,L1PA7,FALSE,0.2267,NA,17,58,NA,NA,NA,IGR,FALSE,FALSE,FALSE,FALSE,2,1,1,1_1,fc9f998b-cc72-f6ea-e040-11ac0c482425,NA
9,12579609,12579609,1,snv_mnv,NA,NA,"broad,dkfz,muse,sanger",4,COSN8354864,NA,L1MA10,FALSE,0.1379,NA,8,50,NA,NA,NA,IGR,FALSE,FALSE,FALSE,FALSE,2,1,1,1_1,fc9f998b-cc72-f6ea-e040-11ac0c482425,NA
9,16325608,16325608,1,snv_mnv,NA,NA,"broad,dkfz,muse,sanger",4,COSN8354953,NA,L2,FALSE,0.2532,NA,20,59,NA,NA,NA,IGR,FALSE,FALSE,FALSE,FALSE,2,1,1,1_1,fc9f998b-cc72-f6ea-e040-11ac0c482425,NA
9,16433410,16433410,1,snv_mnv,NA,NA,"broad,dkfz,muse,sanger",4,COSN8354954,NA,NA,FALSE,0.2,NA,13,52,NA,NA,NA,Intron,FALSE,FALSE,FALSE,FALSE,2,1,1,1_1,fc9f998b-cc72-f6ea-e040-11ac0c482425,BNC2
9,18299571,18299571,1,snv_mnv,NA,NA,"broad,muse",2,COSN8354960,NA,NA,FALSE,0.0968,NA,6,56,NA,NA,NA,IGR,FALSE,FALSE,FALSE,FALSE,2,1,1,1_1,fc9f998b-cc72-f6ea-e040-11ac0c482425,NA
9,19659105,19659105,1,snv_mnv,NA,NA,"broad,dkfz,muse,sanger",4,COSN8354966,NA,MLT1C,FALSE,0.1648,NA,15,76,NA,NA,NA,Intron,FALSE,FALSE,FALSE,FALSE,2,1,1,1_1,fc9f998b-cc72-f6ea-e040-11ac0c482425,NA
9,20932860,20932860,1,snv_mnv,NA,NA,"broad,dkfz,muse,sanger",4,COSN8354973,NA,NA,FALSE,0.2373,NA,14,45,NA,NA,NA,Intron,FALSE,FALSE,FALSE,FALSE,2,1,1,1_1,fc9f998b-cc72-f6ea-e040-11ac0c482425,NA
9,22433536,22433536,1,snv_mnv,NA,NA,"broad,dkfz,muse,sanger",4,COSN8354987,NA,L1M4b,FALSE,0.1633,NA,8,41,NA,NA,NA,IGR,FALSE,FALSE,FALSE,FALSE,2,1,1,1_1,fc9f998b-cc72-f6ea-e040-11ac0c482425,NA
9,22580427,22580427,1,snv_mnv,NA,NA,"dkfz,muse,sanger",3,COSN8354990,NA,L1PA15,FALSE,0.1148,NA,7,54,NA,NA,NA,IGR,FALSE,FALSE,FALSE,FALSE,2,1,1,1_1,fc9f998b-cc72-f6ea-e040-11ac0c482425,NA
9,23172638,23172638,1,snv_mnv,NA,NA,"broad,dkfz,muse,sanger",4,COSN8354994,NA,NA,FALSE,0.3115,NA,19,42,NA,NA,NA,IGR,FALSE,FALSE,FALSE,FALSE,2,1,1,1_1,fc9f998b-cc72-f6ea-e040-11ac0c482425,NA
9,24524497,24524497,1,snv_mnv,NA,NA,"broad,dkfz,muse,sanger",4,COSN8355002,NA,L1P1,FALSE,0.2069,NA,18,69,NA,NA,NA,IGR,FALSE,FALSE,FALSE,FALSE,2,1,1,1_1,fc9f998b-cc72-f6ea-e040-11ac0c482425,NA
9,25455357,25455357,1,snv_mnv,NA,NA,"broad,dkfz,muse,sanger",4,COSN8355013,rs535151779,NA,FALSE,0.2083,NA,20,76,NA,NA,NA,IGR,FALSE,FALSE,FALSE,FALSE,2,1,1,1_1,fc9f998b-cc72-f6ea-e040-11ac0c482425,NA
9,25901534,25901534,1,snv_mnv,NA,NA,"broad,dkfz,muse,sanger",4,COSN8355015,NA,NA,FALSE,0.2584,NA,23,66,NA,NA,NA,IGR,FALSE,FALSE,FALSE,FALSE,2,1,1,1_1,fc9f998b-cc72-f6ea-e040-11ac0c482425,NA
9,28669009,28669009,1,snv_mnv,NA,NA,"broad,dkfz,muse,sanger",4,COSN8355045,NA,NA,FALSE,0.2075,NA,11,42,NA,NA,NA,Intron,FALSE,FALSE,FALSE,FALSE,2,1,1,1_1,fc9f998b-cc72-f6ea-e040-11ac0c482425,NA
9,29704030,29704030,1,snv_mnv,NA,NA,"broad,dkfz,muse,sanger",4,COSN8355061,NA,MER104,FALSE,0.2361,NA,17,55,NA,NA,NA,IGR,FALSE,FALSE,FALSE,FALSE,2,1,1,1_1,fc9f998b-cc72-f6ea-e040-11ac0c482425,NA
9,29963322,29963322,1,snv_mnv,NA,NA,"broad,dkfz,muse,sanger",4,COSN8355067,NA,NA,FALSE,0.1695,NA,10,49,NA,NA,NA,IGR,FALSE,FALSE,FALSE,FALSE,2,1,1,1_1,fc9f998b-cc72-f6ea-e040-11ac0c482425,NA
9,32674874,32674874,1,snv_mnv,NA,NA,"broad,dkfz,muse,sanger",4,COSN8355116,rs773967172,AluSx1,FALSE,0.1935,NA,18,75,NA,NA,NA,IGR,FALSE,FALSE,FALSE,FALSE,2,1,1,1_1,fc9f998b-cc72-f6ea-e040-11ac0c482425,SNRPCP1
9,36742006,36742006,1,snv_mnv,NA,NA,"broad,dkfz,muse,sanger",4,COSN8355128,NA,NA,FALSE,0.1856,NA,18,79,NA,NA,NA,IGR,FALSE,FALSE,FALSE,FALSE,2,1,1,1_1,fc9f998b-cc72-f6ea-e040-11ac0c482425,NA
9,37364515,37364515,1,snv_mnv,NA,NA,"broad,dkfz,muse,sanger",4,COSN8355136,NA,NA,FALSE,0.2043,NA,19,74,NA,NA,NA,IGR,FALSE,FALSE,FALSE,FALSE,2,1,1,1_1,fc9f998b-cc72-f6ea-e040-11ac0c482425,NA
9,37729695,37729695,1,snv_mnv,NA,NA,"broad,dkfz,muse,sanger",4,COSN8355143,rs371646632,NA,FALSE,0.1983,NA,23,93,NA,NA,NA,Intron,FALSE,FALSE,FALSE,FALSE,2,1,1,1_1,fc9f998b-cc72-f6ea-e040-11ac0c482425,NA
9,44238628,44238628,1,snv_mnv,NA,NA,"broad,muse,sanger",3,COSN8355157,NA,MSTA-int,FALSE,0.1304,NA,6,40,NA,NA,NA,IGR,FALSE,FALSE,FALSE,FALSE,2,1,1,1_1,fc9f998b-cc72-f6ea-e040-11ac0c482425,NA
9,67251461,67251461,1,snv_mnv,NA,NA,"broad,muse,sanger",3,COSN8355174,NA,LTR12C,FALSE,0.1346,NA,14,90,NA,NA,NA,IGR,FALSE,FALSE,FALSE,FALSE,2,1,1,1_1,fc9f998b-cc72-f6ea-e040-11ac0c482425,NA
9,73953774,73953774,1,snv_mnv,7.9872e-4,rs551577701,"broad,dkfz,muse,sanger",4,COSN8355211,rs551577701,L1MC4a,FALSE,0.2405,NA,19,60,NA,NA,NA,Intron,FALSE,FALSE,FALSE,FALSE,2,1,1,1_1,fc9f998b-cc72-f6ea-e040-11ac0c482425,NA
9,74237766,74237766,1,snv_mnv,NA,NA,"broad,dkfz,muse,sanger",4,COSN8355212,NA,NA,FALSE,0.0833,NA,5,55,NA,NA,NA,IGR,FALSE,FALSE,FALSE,FALSE,2,1,1,1_1,fc9f998b-cc72-f6ea-e040-11ac0c482425,NA
9,74293132,74293132,1,snv_mnv,NA,NA,"broad,dkfz,muse,sanger",4,COSN8355213,NA,NA,FALSE,0.0659,NA,6,85,NA,NA,NA,IGR,FALSE,FALSE,FALSE,FALSE,2,1,1,1_1,fc9f998b-cc72-f6ea-e040-11ac0c482425,NA
9,75707647,75707647,1,snv_mnv,NA,NA,"broad,dkfz,muse,sanger",4,COSN8355224,NA,NA,FALSE,0.2167,NA,13,47,NA,NA,NA,IGR,FALSE,FALSE,FALSE,FALSE,2,1,1,1_1,fc9f998b-cc72-f6ea-e040-11ac0c482425,NA
9,76812878,76812878,1,snv_mnv,NA,NA,"broad,muse,sanger",3,COSN8355230,NA,SVA_D,FALSE,0.2333,NA,7,23,NA,NA,NA,IGR,FALSE,FALSE,FALSE,FALSE,2,1,1,1_1,fc9f998b-cc72-f6ea-e040-11ac0c482425,NA
9,77002408,77002408,1,snv_mnv,NA,NA,"broad,dkfz,muse,sanger",4,COSN8355233,NA,NA,FALSE,0.08,NA,6,69,NA,NA,NA,IGR,FALSE,FALSE,FALSE,FALSE,2,1,1,1_1,fc9f998b-cc72-f6ea-e040-11ac0c482425,AL355674.1
9,77547823,77547823,1,snv_mnv,NA,NA,"broad,dkfz,muse,sanger",4,COSN8355239,NA,L1PA16,FALSE,0.1667,NA,13,65,NA,NA,NA,IGR,FALSE,FALSE,FALSE,FALSE,2,1,1,1_1,fc9f998b-cc72-f6ea-e040-11ac0c482425,AL158825.1
9,79259578,79259578,1,snv_mnv,NA,NA,"broad,dkfz,muse,sanger",4,COSN8355247,NA,NA,FALSE,0.2174,NA,15,54,NA,NA,NA,Intron,FALSE,FALSE,FALSE,FALSE,2,1,1,1_1,fc9f998b-cc72-f6ea-e040-11ac0c482425,NA
9,79559209,79559209,1,snv_mnv,NA,NA,"broad,dkfz,muse,sanger",4,COSN8355250,NA,L2,FALSE,0.2936,NA,32,77,NA,NA,NA,IGR,FALSE,FALSE,FALSE,FALSE,2,1,1,1_1,fc9f998b-cc72-f6ea-e040-11ac0c482425,NA
9,80896973,80896973,1,snv_mnv,1.9968e-4,rs576717478,"broad,dkfz,muse,sanger",4,COSN8355257,rs576717478,NA,FALSE,0.1829,NA,15,67,NA,NA,NA,IGR,FALSE,FALSE,FALSE,FALSE,2,1,1,1_1,fc9f998b-cc72-f6ea-e040-11ac0c482425,CEP78
9,81126105,81126105,1,snv_mnv,NA,NA,"broad,dkfz,muse,sanger",4,COSN8355260,NA,HAL1,FALSE,0.0845,NA,6,65,NA,NA,NA,IGR,FALSE,FALSE,FALSE,FALSE,2,1,1,1_1,fc9f998b-cc72-f6ea-e040-11ac0c482425,NA
9,82490141,82490141,1,snv_mnv,NA,NA,"broad,dkfz,muse,sanger",4,COSN8355270,NA,NA,FALSE,0.2407,NA,13,41,NA,NA,NA,lincRNA,FALSE,FALSE,FALSE,FALSE,2,1,1,1_1,fc9f998b-cc72-f6ea-e040-11ac0c482425,NA
9,89756690,89756690,1,snv_mnv,NA,NA,"broad,dkfz,muse,sanger",4,COSN8355333,NA,LTR16C,FALSE,0.1481,NA,12,69,NA,NA,NA,IGR,FALSE,FALSE,FALSE,FALSE,2,1,1,1_1,fc9f998b-cc72-f6ea-e040-11ac0c482425,NA
9,89802634,89802634,1,snv_mnv,NA,NA,"broad,muse,sanger",3,COSN8355334,NA,L1MC5,FALSE,0.0735,NA,5,63,NA,NA,NA,IGR,FALSE,FALSE,FALSE,FALSE,2,1,1,1_1,fc9f998b-cc72-f6ea-e040-11ac0c482425,NA
9,90424811,90424811,1,snv_mnv,NA,NA,"broad,dkfz,muse,sanger",4,COSN8355338,NA,MLT1E2,FALSE,0.2208,NA,17,60,NA,NA,NA,IGR,FALSE,FALSE,FALSE,FALSE,2,1,1,1_1,fc9f998b-cc72-f6ea-e040-11ac0c482425,FBP2P1
9,102102617,102102617,1,snv_mnv,NA,NA,"broad,dkfz,muse,sanger",4,COSN8354712,NA,NA,FALSE,0.1942,NA,20,83,NA,NA,NA,IGR,FALSE,FALSE,FALSE,FALSE,2,1,1,1_1,fc9f998b-cc72-f6ea-e040-11ac0c482425,NA
9,103420917,103420917,1,snv_mnv,NA,NA,"broad,dkfz,muse,sanger",4,COSN8354725,NA,AluY,FALSE,0.1493,NA,10,57,NA,NA,NA,IGR,FALSE,FALSE,FALSE,FALSE,2,1,1,1_1,fc9f998b-cc72-f6ea-e040-11ac0c482425,NA
9,106380804,106380804,1,snv_mnv,1.9968e-4,rs146860052,"broad,dkfz,muse,sanger",4,COSN8354740,rs146860052,L2b,FALSE,0.1711,NA,13,63,NA,NA,NA,IGR,FALSE,FALSE,FALSE,FALSE,2,1,1,1_1,fc9f998b-cc72-f6ea-e040-11ac0c482425,NA
9,106408230,106408230,1,snv_mnv,NA,NA,"broad,dkfz,muse,sanger",4,COSN8354741,NA,NA,FALSE,0.2941,NA,15,36,NA,NA,NA,IGR,FALSE,FALSE,FALSE,FALSE,2,1,1,1_1,fc9f998b-cc72-f6ea-e040-11ac0c482425,NA
9,107852027,107852027,1,snv_mnv,NA,NA,"broad,dkfz,muse,sanger",4,COSN8354753,NA,LTR33,FALSE,0.2316,NA,22,73,NA,NA,NA,IGR,FALSE,FALSE,FALSE,FALSE,2,1,1,1_1,fc9f998b-cc72-f6ea-e040-11ac0c482425,NA
9,108789283,108789283,1,snv_mnv,NA,NA,"broad,dkfz,muse,sanger",4,COSN8354759,NA,AluSx,FALSE,0.284,NA,23,58,NA,NA,NA,IGR,FALSE,FALSE,FALSE,FALSE,2,1,1,1_1,fc9f998b-cc72-f6ea-e040-11ac0c482425,NA
9,110434622,110434622,1,snv_mnv,NA,NA,"broad,dkfz,muse,sanger",4,COSN8354766,NA,NA,FALSE,0.3067,NA,23,52,NA,NA,NA,IGR,FALSE,FALSE,FALSE,FALSE,2,1,1,1_1,fc9f998b-cc72-f6ea-e040-11ac0c482425,NA
9,111808196,111808196,1,snv_mnv,NA,NA,"broad,dkfz,muse,sanger",4,COSN8354774,NA,NA,FALSE,0.2698,NA,17,46,NA,NA,NA,Intron,FALSE,FALSE,FALSE,FALSE,2,1,1,1_1,fc9f998b-cc72-f6ea-e040-11ac0c482425,"RF00019,MIR32"
9,112218602,112218602,1,snv_mnv,NA,NA,"broad,dkfz,muse,sanger",4,COSN8354778,NA,L2c,FALSE,0.086,NA,8,85,NA,NA,NA,Intron,FALSE,FALSE,FALSE,FALSE,2,1,1,1_1,fc9f998b-cc72-f6ea-e040-11ac0c482425,PTPN3
9,113258274,113258274,1,snv_mnv,NA,NA,"dkfz,muse,sanger",3,COSN8354784,NA,NA,FALSE,0.1017,NA,6,53,NA,NA,NA,Intron,FALSE,FALSE,FALSE,FALSE,2,1,1,1_1,fc9f998b-cc72-f6ea-e040-11ac0c482425,NA
9,117232853,117232853,1,snv_mnv,NA,NA,"broad,dkfz,muse,sanger",4,COSN8354808,NA,NA,FALSE,0.2105,NA,16,60,NA,NA,NA,Intron,FALSE,FALSE,FALSE,FALSE,2,1,1,1_1,fc9f998b-cc72-f6ea-e040-11ac0c482425,NA
9,118056356,118056356,1,snv_mnv,NA,NA,"broad,dkfz,muse,sanger",4,COSN8354813,NA,MIRc,FALSE,0.2529,NA,22,65,NA,NA,NA,Intron,FALSE,FALSE,FALSE,FALSE,2,1,1,1_1,fc9f998b-cc72-f6ea-e040-11ac0c482425,NA
9,121030153,121030153,1,snv_mnv,NA,NA,"broad,dkfz,muse,sanger",4,COSN8354836,NA,NA,FALSE,0.2055,NA,15,58,NA,NA,NA,IGR,FALSE,FALSE,FALSE,FALSE,2,1,1,1_1,fc9f998b-cc72-f6ea-e040-11ac0c482425,NA
9,121359806,121359806,1,snv_mnv,NA,NA,"broad,dkfz,muse,sanger",4,COSN8354838,NA,L2b,FALSE,0.08,NA,6,69,NA,NA,NA,IGR,FALSE,FALSE,FALSE,FALSE,2,1,1,1_1,fc9f998b-cc72-f6ea-e040-11ac0c482425,NA
9,123669210,123669210,1,snv_mnv,1.9968e-4,rs549524808,"broad,dkfz,muse,sanger",4,COSN8354854,rs549524808,AluSz6,FALSE,0.2727,NA,24,64,NA,NA,NA,Intron,FALSE,FALSE,FALSE,FALSE,2,1,1,1_1,fc9f998b-cc72-f6ea-e040-11ac0c482425,NA
9,123917117,123917117,1,snv_mnv,NA,NA,"broad,dkfz,muse,sanger",4,COSM3849724,NA,NA,FALSE,0.2778,NA,20,52,NA,NA,NA,Missense_Mutation,FALSE,FALSE,FALSE,FALSE,2,1,1,1_1,fc9f998b-cc72-f6ea-e040-11ac0c482425,CNTRL
9,138509906,138509906,1,snv_mnv,NA,NA,"broad,dkfz,muse,sanger",4,COSN8354932,NA,NA,FALSE,0.1685,NA,15,74,NA,NA,NA,RNA,FALSE,FALSE,FALSE,FALSE,2,1,1,1_1,fc9f998b-cc72-f6ea-e040-11ac0c482425,AL354761.1
X,6064240,6064240,1,snv_mnv,NA,NA,"broad,dkfz,muse",3,COSN5469170,rs377432970,NA,FALSE,0.1111,NA,4,32,NA,NA,NA,Intron,FALSE,FALSE,FALSE,FALSE,1,1,0,1_0,fc9f998b-cc72-f6ea-e040-11ac0c482425,NLGN4X
X,18737538,18737538,1,snv_mnv,NA,NA,"broad,dkfz,muse,sanger",4,COSN8346728,NA,AluJb,FALSE,0.3182,NA,7,15,NA,NA,NA,Intron,FALSE,FALSE,FALSE,FALSE,1,1,0,1_0,fc9f998b-cc72-f6ea-e040-11ac0c482425,NA
X,24204419,24204419,1,snv_mnv,NA,NA,"broad,dkfz,muse,sanger",4,COSN8346737,NA,NA,FALSE,0.4419,NA,19,24,NA,NA,NA,Intron,FALSE,FALSE,FALSE,FALSE,1,1,0,1_0,fc9f998b-cc72-f6ea-e040-11ac0c482425,NA
X,27752183,27752183,1,snv_mnv,NA,NA,"broad,muse,sanger",3,COSN8346751,NA,L1M3,FALSE,0.1429,NA,5,30,NA,NA,NA,Intron,FALSE,FALSE,FALSE,FALSE,1,1,0,1_0,fc9f998b-cc72-f6ea-e040-11ac0c482425,NA
X,27998997,27998997,1,snv_mnv,0.0058278,rs137944442,"broad,dkfz,muse,sanger",4,COSM3849618,rs137944442,NA,FALSE,0.413,NA,19,27,NA,NA,NA,Missense_Mutation,FALSE,FALSE,FALSE,FALSE,1,1,0,1_0,fc9f998b-cc72-f6ea-e040-11ac0c482425,NA
X,28185747,28185747,1,snv_mnv,NA,NA,"broad,dkfz,muse,sanger",4,COSN8346755,NA,NA,FALSE,0.4762,NA,20,22,NA,NA,NA,IGR,FALSE,FALSE,FALSE,FALSE,1,1,0,1_0,fc9f998b-cc72-f6ea-e040-11ac0c482425,NA
X,33465674,33465674,1,snv_mnv,NA,NA,"broad,dkfz,muse,sanger",4,COSN8346770,NA,NA,FALSE,0.3846,NA,10,16,NA,NA,NA,IGR,FALSE,FALSE,FALSE,FALSE,1,1,0,1_0,fc9f998b-cc72-f6ea-e040-11ac0c482425,NA
X,45155541,45155541,1,snv_mnv,NA,NA,"broad,dkfz,muse,sanger",4,COSN8346800,NA,L1ME4a,FALSE,0.3333,NA,9,18,NA,NA,NA,RNA,FALSE,FALSE,FALSE,FALSE,1,1,0,1_0,fc9f998b-cc72-f6ea-e040-11ac0c482425,NA
X,46303819,46303819,1,snv_mnv,NA,NA,"broad,dkfz,muse,sanger",4,COSN8346805,NA,NA,FALSE,0.1463,NA,6,35,NA,NA,NA,5'Flank,FALSE,FALSE,FALSE,FALSE,1,1,0,1_0,fc9f998b-cc72-f6ea-e040-11ac0c482425,"KRBOX4,GAPDHP65"
X,48475252,48475252,1,snv_mnv,NA,NA,"broad,dkfz,muse,sanger",4,COSN8346810,NA,LTR16A,FALSE,0.4091,NA,18,26,NA,NA,NA,IGR,FALSE,FALSE,FALSE,FALSE,1,1,0,1_0,fc9f998b-cc72-f6ea-e040-11ac0c482425,NA
X,58009136,58009136,1,snv_mnv,NA,NA,"broad,muse,sanger",3,COSN8346831,NA,L1PA4,FALSE,0.4872,NA,19,20,NA,NA,NA,IGR,FALSE,FALSE,FALSE,FALSE,1,1,0,1_0,fc9f998b-cc72-f6ea-e040-11ac0c482425,KRT8P17
X,63133547,63133547,1,snv_mnv,NA,NA,"broad,dkfz,muse,sanger",4,COSN8346838,NA,THE1B-int,FALSE,0.4,NA,16,24,NA,NA,NA,IGR,FALSE,FALSE,FALSE,FALSE,1,1,0,1_0,fc9f998b-cc72-f6ea-e040-11ac0c482425,NA
X,63160531,63160531,1,snv_mnv,NA,NA,"broad,muse,sanger",3,COSN8346840,NA,L1PA3,FALSE,0.413,NA,19,27,NA,NA,NA,IGR,FALSE,FALSE,FALSE,FALSE,1,1,0,1_0,fc9f998b-cc72-f6ea-e040-11ac0c482425,NA
X,64102186,64102186,1,snv_mnv,NA,NA,"broad,dkfz,muse,sanger",4,COSN8346844,NA,L1PA5,FALSE,0.3333,NA,12,24,NA,NA,NA,IGR,FALSE,FALSE,FALSE,FALSE,1,1,0,1_0,fc9f998b-cc72-f6ea-e040-11ac0c482425,NA
X,73006468,73006468,1,snv_mnv,NA,NA,"broad,dkfz,muse,sanger",4,COSN8346860,NA,MER21-int,FALSE,0.3714,NA,13,22,NA,NA,NA,IGR,FALSE,FALSE,FALSE,FALSE,1,1,0,1_0,fc9f998b-cc72-f6ea-e040-11ac0c482425,NA
X,79849193,79849193,1,snv_mnv,NA,NA,"broad,dkfz,muse,sanger",4,COSN8346885,NA,L1PA4,FALSE,0.5,NA,18,18,NA,NA,NA,IGR,FALSE,FALSE,FALSE,FALSE,1,1,0,1_0,fc9f998b-cc72-f6ea-e040-11ac0c482425,NA
X,85027856,85027856,1,snv_mnv,NA,NA,"broad,dkfz,muse,sanger",4,COSN8346910,NA,L1PA4,FALSE,0.449,NA,22,27,NA,NA,NA,IGR,FALSE,FALSE,FALSE,FALSE,1,1,0,1_0,fc9f998b-cc72-f6ea-e040-11ac0c482425,NA
X,86162859,86162859,1,snv_mnv,NA,NA,"broad,dkfz,muse,sanger",4,COSN8346915,NA,MSTD-int,FALSE,0.381,NA,16,26,NA,NA,NA,IGR,FALSE,FALSE,FALSE,FALSE,1,1,0,1_0,fc9f998b-cc72-f6ea-e040-11ac0c482425,NA
X,86428559,86428559,1,snv_mnv,NA,NA,"broad,dkfz,muse,sanger",4,COSN8346917,rs750957347,NA,FALSE,0.4286,NA,12,16,NA,NA,NA,IGR,FALSE,FALSE,FALSE,FALSE,1,1,0,1_0,fc9f998b-cc72-f6ea-e040-11ac0c482425,NA
X,90162472,90162472,1,snv_mnv,NA,NA,"broad,muse,sanger",3,COSN8346936,NA,MER4A1,FALSE,0.3793,NA,11,18,NA,NA,NA,IGR,FALSE,FALSE,FALSE,FALSE,1,1,0,1_0,fc9f998b-cc72-f6ea-e040-11ac0c482425,NA
X,91864650,91864650,1,snv_mnv,NA,NA,"broad,muse",2,COSN9103938,NA,L1PA16,FALSE,0.0857,NA,3,32,NA,NA,NA,Intron,FALSE,FALSE,FALSE,FALSE,1,1,0,1_0,fc9f998b-cc72-f6ea-e040-11ac0c482425,NA
X,99467692,99467692,1,snv_mnv,NA,NA,"broad,dkfz,muse,sanger",4,COSN8346964,NA,L1PA7,FALSE,0.4,NA,16,24,NA,NA,NA,IGR,FALSE,FALSE,FALSE,FALSE,1,1,0,1_0,fc9f998b-cc72-f6ea-e040-11ac0c482425,NA
X,107511717,107511717,1,snv_mnv,NA,NA,"broad,dkfz,muse,sanger",4,COSN8346555,NA,MIRb,FALSE,0.4324,NA,16,21,NA,NA,NA,Intron,FALSE,FALSE,FALSE,FALSE,1,1,0,1_0,fc9f998b-cc72-f6ea-e040-11ac0c482425,NA
X,108246772,108246772,1,snv_mnv,7.947e-4,NA,"broad,muse",2,COSN9170980,rs764755951,L1P2,FALSE,0.0789,NA,3,35,NA,NA,NA,IGR,FALSE,FALSE,FALSE,FALSE,1,1,0,1_0,fc9f998b-cc72-f6ea-e040-11ac0c482425,NA
X,115075261,115075261,1,snv_mnv,NA,NA,"broad,dkfz,muse,sanger",4,COSN8346572,NA,NA,FALSE,0.5,NA,22,22,NA,NA,NA,lincRNA,FALSE,FALSE,FALSE,FALSE,1,1,0,1_0,fc9f998b-cc72-f6ea-e040-11ac0c482425,NA
X,115881671,115881671,1,snv_mnv,NA,NA,"broad,muse,sanger",3,COSN8346576,NA,L1PA5,FALSE,0.3448,NA,20,38,NA,NA,NA,IGR,FALSE,FALSE,FALSE,FALSE,1,1,0,1_0,fc9f998b-cc72-f6ea-e040-11ac0c482425,BX119904.1
X,123621306,123621306,1,snv_mnv,NA,NA,"broad,dkfz,muse,sanger",4,COSN8346600,NA,NA,FALSE,0.3784,NA,14,23,NA,NA,NA,Intron,FALSE,FALSE,FALSE,FALSE,1,1,0,1_0,fc9f998b-cc72-f6ea-e040-11ac0c482425,NA
X,129112341,129112341,1,snv_mnv,NA,NA,"broad,dkfz,muse,sanger",4,COSN8346613,NA,NA,FALSE,0.4681,NA,22,25,NA,NA,NA,IGR,FALSE,FALSE,FALSE,FALSE,1,1,0,1_0,fc9f998b-cc72-f6ea-e040-11ac0c482425,BCORL1
X,131576158,131576158,1,snv_mnv,NA,NA,"broad,dkfz,muse,sanger",4,COSN8346620,NA,L1MB8,FALSE,0.4444,NA,12,15,NA,NA,NA,5'Flank,FALSE,FALSE,FALSE,FALSE,1,1,0,1_0,fc9f998b-cc72-f6ea-e040-11ac0c482425,MBNL3
X,134984194,134984194,1,snv_mnv,NA,NA,"broad,muse",2,COSN16789959,NA,L2a,FALSE,0.0889,NA,4,41,NA,NA,NA,Intron,FALSE,FALSE,FALSE,FALSE,1,1,0,1_0,fc9f998b-cc72-f6ea-e040-11ac0c482425,NA
X,135401635,135401635,1,snv_mnv,NA,NA,"broad,dkfz,muse,sanger",4,COSN8346629,NA,MIRc,FALSE,0.3611,NA,13,23,NA,NA,NA,Intron,FALSE,FALSE,FALSE,FALSE,1,1,0,1_0,fc9f998b-cc72-f6ea-e040-11ac0c482425,NA
X,139631674,139631674,1,snv_mnv,NA,NA,"broad,dkfz,muse,sanger",4,COSN8346648,NA,NA,FALSE,0.3889,NA,14,22,NA,NA,NA,IGR,FALSE,FALSE,FALSE,FALSE,1,1,0,1_0,fc9f998b-cc72-f6ea-e040-11ac0c482425,NA
X,141435574,141435574,1,snv_mnv,NA,NA,"broad,dkfz,muse,sanger",4,COSN8346659,NA,MER45B,FALSE,0.3636,NA,16,28,NA,NA,NA,IGR,FALSE,FALSE,FALSE,FALSE,1,1,0,1_0,fc9f998b-cc72-f6ea-e040-11ac0c482425,NA
X,141435588,141435588,1,snv_mnv,NA,NA,"broad,dkfz,muse,sanger",4,COSN8346660,NA,MER45B,FALSE,0.4468,NA,21,26,NA,NA,NA,IGR,FALSE,FALSE,FALSE,FALSE,1,1,0,1_0,fc9f998b-cc72-f6ea-e040-11ac0c482425,NA
X,143696655,143696655,1,snv_mnv,NA,NA,"broad,dkfz,muse,sanger",4,COSN8346673,NA,MSTB,FALSE,0.3947,NA,15,23,NA,NA,NA,IGR,FALSE,FALSE,FALSE,FALSE,1,1,0,1_0,fc9f998b-cc72-f6ea-e040-11ac0c482425,NA
X,144856203,144856203,1,snv_mnv,NA,NA,"broad,dkfz,muse,sanger",4,COSN16780095,rs782697648,MSTB1,FALSE,0.2941,NA,10,24,NA,NA,NA,IGR,FALSE,FALSE,FALSE,FALSE,1,1,0,1_0,fc9f998b-cc72-f6ea-e040-11ac0c482425,NA
X,145040061,145040061,1,snv_mnv,NA,NA,"broad,dkfz,muse,sanger",4,COSN8346683,NA,NA,FALSE,0.3659,NA,15,26,NA,NA,NA,IGR,FALSE,FALSE,FALSE,FALSE,1,1,0,1_0,fc9f998b-cc72-f6ea-e040-11ac0c482425,NA
X,146496475,146496475,1,snv_mnv,0.1489,rs4824241,"dkfz,muse",2,COSN8167390,rs4824241,(TA)n,FALSE,0.381,NA,8,13,NA,NA,NA,IGR,FALSE,FALSE,FALSE,FALSE,1,1,0,1_0,fc9f998b-cc72-f6ea-e040-11ac0c482425,NA
X,154485805,154485805,1,snv_mnv,NA,NA,"broad,dkfz,muse,sanger",4,COSN8346725,NA,L2,FALSE,0.3864,NA,17,27,NA,NA,NA,IGR,FALSE,FALSE,FALSE,FALSE,1,1,0,1_0,fc9f998b-cc72-f6ea-e040-11ac0c482425,RAB39B
