chromosome,start,end,width,type,1000genomes_AF,1000genomes_ID,Callers,NumCallers,cosmic,dbsnp,repeat_masker,dbsnp_somatic,VAF,n_vaf,t_alt_count,t_ref_count,n_alt_count,n_ref_count,model_score,Variant_Classification,signature_R1,signature_R2,signature_N3,snv_near_indel,total_cn,major_cn,minor_cn,karyotype,sample,gene
1,18698697,18698701,5,indel,NA,NA,"broad,sanger,smufin",3,COSN18985094,NA,NA,FALSE,0.4146,NA,17,24,NA,NA,0.994,Intron,NA,NA,NA,NA,2,1,1,1_1,15563a10-47a8-401d-a507-2c7101f7ae60,IGSF21
1,89653561,89653565,5,indel,NA,NA,"broad,dkfz,sanger,smufin",4,COSN18985155,NA,L1M3,FALSE,0.2553,NA,12,35,NA,NA,0.995,Intron,NA,NA,NA,NA,2,1,1,1_1,15563a10-47a8-401d-a507-2c7101f7ae60,GBP4
1,169588816,169588817,2,indel,NA,NA,"broad,dkfz,smufin",3,COSN18985085,NA,Charlie14a,FALSE,0.4444,NA,16,20,NA,NA,0.966,Intron,NA,NA,NA,NA,2,1,1,1_1,15563a10-47a8-401d-a507-2c7101f7ae60,SELP
10,86775151,86775156,6,indel,NA,NA,"broad,dkfz,sanger,smufin",4,COSN18985919,NA,L1PA13,FALSE,0.4107,NA,23,33,NA,NA,0.999,IGR,NA,NA,NA,NA,2,1,1,1_1,15563a10-47a8-401d-a507-2c7101f7ae60,NA
11,133852209,133852210,2,indel,NA,NA,"broad,dkfz,smufin",3,COSN18984863,NA,NA,FALSE,0.4545,NA,10,12,NA,NA,0.943,IGR,NA,NA,NA,NA,2,1,1,1_1,15563a10-47a8-401d-a507-2c7101f7ae60,NA
12,91768863,91768864,2,indel,NA,NA,"dkfz,sanger,smufin",3,COSN18985590,NA,AluJb,FALSE,0.5357,NA,15,13,NA,NA,0.992,IGR,NA,NA,NA,NA,2,1,1,1_1,15563a10-47a8-401d-a507-2c7101f7ae60,NA
13,52308492,52308493,2,indel,NA,NA,"broad,dkfz,sanger,smufin",4,COSN18985246,NA,NA,FALSE,0.5454,NA,18,15,NA,NA,0.999,Intron,NA,NA,NA,NA,2,1,1,1_1,15563a10-47a8-401d-a507-2c7101f7ae60,WDFY2
13,82815269,82815273,5,indel,NA,NA,"broad,sanger,smufin",3,COSN18985270,NA,NA,FALSE,0.5532,NA,26,21,NA,NA,0.998,IGR,NA,NA,NA,NA,2,1,1,1_1,15563a10-47a8-401d-a507-2c7101f7ae60,NA
14,73362298,73362299,2,indel,NA,NA,"broad,dkfz,sanger,smufin",4,COSN18985662,NA,NA,FALSE,0.4727,NA,26,29,NA,NA,0.999,5'Flank,NA,NA,NA,NA,2,1,1,1_1,15563a10-47a8-401d-a507-2c7101f7ae60,DPF3
14,82952010,82952011,2,indel,NA,NA,"broad,sanger,smufin",3,COSN18985647,NA,NA,FALSE,0.4193,NA,13,18,NA,NA,0.992,IGR,NA,NA,NA,NA,2,1,1,1_1,15563a10-47a8-401d-a507-2c7101f7ae60,NA
17,3814281,3814285,5,indel,NA,NA,"broad,smufin",2,COSN18984964,NA,AluJb,FALSE,0.44,NA,11,14,NA,NA,0.811,Intron,NA,NA,NA,NA,2,1,1,1_1,15563a10-47a8-401d-a507-2c7101f7ae60,NA
17,9954800,9954802,3,indel,NA,NA,"broad,dkfz,sanger,smufin",4,COSN18984960,NA,NA,FALSE,0.3,NA,15,35,NA,NA,0.997,Intron,NA,NA,NA,NA,2,1,1,1_1,15563a10-47a8-401d-a507-2c7101f7ae60,NA
17,14584508,14584510,3,indel,NA,NA,"broad,sanger,smufin",3,COSN18984959,NA,NA,FALSE,0.3111,NA,14,31,NA,NA,0.991,IGR,NA,NA,NA,NA,2,1,1,1_1,15563a10-47a8-401d-a507-2c7101f7ae60,NA
18,36048046,36048047,2,indel,NA,NA,"broad,dkfz,sanger,smufin",4,COSN18985165,NA,NA,FALSE,0.5,NA,20,20,NA,NA,0.999,IGR,NA,NA,NA,NA,2,1,1,1_1,15563a10-47a8-401d-a507-2c7101f7ae60,NA
19,58006525,58006530,6,indel,NA,NA,"broad,sanger,smufin",3,COSN18985862,NA,L1MD,FALSE,0.5,NA,11,11,NA,NA,0.994,IGR,NA,NA,NA,NA,2,1,1,1_1,15563a10-47a8-401d-a507-2c7101f7ae60,"ZNF419,ZNF773"
2,14054806,14054807,2,indel,NA,NA,"broad,smufin",2,COSN18984987,NA,L1MB7,FALSE,0.6111,NA,11,7,NA,NA,0.814,IGR,NA,NA,NA,NA,2,1,1,1_1,15563a10-47a8-401d-a507-2c7101f7ae60,NA
2,78339580,78339581,2,indel,NA,NA,"broad,sanger,smufin",3,COSN18985032,NA,NA,FALSE,0.3696,NA,17,29,NA,NA,0.993,lincRNA,NA,NA,NA,NA,2,1,1,1_1,15563a10-47a8-401d-a507-2c7101f7ae60,NA
2,81211513,81211514,2,indel,NA,NA,"broad,smufin",2,COSN18985035,NA,MER68-int,FALSE,0.3889,NA,14,22,NA,NA,0.802,IGR,NA,NA,NA,NA,2,1,1,1_1,15563a10-47a8-401d-a507-2c7101f7ae60,NA
2,158941598,158941599,2,indel,NA,NA,"broad,dkfz,sanger,smufin",4,COSN18985003,NA,L1PB1,FALSE,0.5366,NA,22,19,NA,NA,0.999,Intron,NA,NA,NA,NA,2,1,1,1_1,15563a10-47a8-401d-a507-2c7101f7ae60,NA
2,163755743,163755745,3,indel,NA,NA,"broad,sanger,smufin",3,COSN18985020,NA,NA,FALSE,0.5357,NA,15,13,NA,NA,0.995,IGR,NA,NA,NA,NA,2,1,1,1_1,15563a10-47a8-401d-a507-2c7101f7ae60,NA
2,217733735,217733739,5,indel,NA,NA,"broad,sanger,smufin",3,COSN18985041,NA,NA,FALSE,0.2973,NA,11,26,NA,NA,0.987,5'Flank,NA,NA,NA,NA,2,1,1,1_1,15563a10-47a8-401d-a507-2c7101f7ae60,"AC007557.4,LINC01921,AC007557.3"
20,7655617,7655618,2,indel,NA,NA,"broad,sanger,smufin",3,COSN18985636,NA,L1MEc,FALSE,0.4167,NA,15,21,NA,NA,0.993,IGR,NA,NA,NA,NA,2,1,1,1_1,15563a10-47a8-401d-a507-2c7101f7ae60,NA
3,3183361,3183367,7,indel,NA,NA,"broad,dkfz,sanger,smufin",4,COSN18985510,rs769099535,NA,FALSE,0.4792,NA,23,25,NA,NA,0.996,Intron,NA,NA,NA,NA,2,1,1,1_1,15563a10-47a8-401d-a507-2c7101f7ae60,"TRNT1,CRBN"
3,21158952,21158953,2,indel,NA,NA,"broad,sanger,smufin",3,COSN18985527,NA,L1MA2,FALSE,0.4193,NA,26,36,NA,NA,0.996,IGR,NA,NA,NA,NA,2,1,1,1_1,15563a10-47a8-401d-a507-2c7101f7ae60,NA
4,13068735,13068737,3,indel,NA,NA,"broad,dkfz,sanger,smufin",4,COSN18985774,NA,NA,FALSE,0.4483,NA,26,32,NA,NA,0.999,IGR,NA,NA,NA,NA,2,1,1,1_1,15563a10-47a8-401d-a507-2c7101f7ae60,NA
4,61148392,61148394,3,indel,NA,NA,"broad,sanger,smufin",3,COSN18985846,NA,L1M2,FALSE,0.4423,NA,23,29,NA,NA,0.996,IGR,NA,NA,NA,NA,2,1,1,1_1,15563a10-47a8-401d-a507-2c7101f7ae60,NA
4,116320204,116320208,5,indel,NA,NA,"broad,sanger,smufin",3,COSN18985764,NA,AT_rich,FALSE,0.4074,NA,11,16,NA,NA,0.992,IGR,NA,NA,NA,NA,2,1,1,1_1,15563a10-47a8-401d-a507-2c7101f7ae60,NA
4,138407788,138407789,2,indel,NA,NA,"sanger,smufin",2,COSN18985807,NA,LTR2,FALSE,0.4667,NA,21,24,NA,NA,0.961,IGR,NA,NA,NA,NA,2,1,1,1_1,15563a10-47a8-401d-a507-2c7101f7ae60,NA
4,167955901,167955902,2,indel,NA,NA,"broad,sanger,smufin",3,COSN18985786,NA,NA,FALSE,0.3333,NA,13,26,NA,NA,0.99,Intron,NA,NA,NA,NA,2,1,1,1_1,15563a10-47a8-401d-a507-2c7101f7ae60,NA
4,189738459,189738460,2,indel,NA,NA,"broad,dkfz,sanger,smufin",4,COSN18985791,NA,NA,FALSE,0.2641,NA,14,39,NA,NA,0.996,IGR,NA,NA,NA,NA,2,1,1,1_1,15563a10-47a8-401d-a507-2c7101f7ae60,NA
5,24073526,24073530,5,indel,NA,NA,"broad,dkfz,sanger,smufin",4,COSN18985935,NA,MER70A,FALSE,0.4839,NA,15,16,NA,NA,0.999,IGR,NA,NA,NA,NA,2,1,1,1_1,15563a10-47a8-401d-a507-2c7101f7ae60,NA
5,125241299,125241301,3,indel,NA,NA,"broad,sanger,smufin",3,COSN18985944,NA,NA,FALSE,0.3235,NA,11,23,NA,NA,0.99,IGR,NA,NA,NA,NA,2,1,1,1_1,15563a10-47a8-401d-a507-2c7101f7ae60,NA
5,135987331,135987332,2,indel,NA,NA,"broad,sanger",2,COSN18985942,NA,L1MEg,FALSE,0.4872,NA,19,20,NA,NA,0.996,IGR,NA,NA,NA,NA,2,1,1,1_1,15563a10-47a8-401d-a507-2c7101f7ae60,NA
5,161037994,161037995,2,indel,NA,NA,"sanger,smufin",2,COSN18985930,NA,L1PA2,FALSE,0.6364,NA,21,12,NA,NA,0.979,Intron,NA,NA,NA,NA,2,1,1,1_1,15563a10-47a8-401d-a507-2c7101f7ae60,NA
6,120506149,120506150,2,indel,NA,NA,"broad,sanger,smufin",3,COSN18985324,NA,L1MA7,FALSE,0.5,NA,24,24,NA,NA,0.997,IGR,NA,NA,NA,NA,2,1,1,1_1,15563a10-47a8-401d-a507-2c7101f7ae60,NA
7,76451763,76451765,3,indel,NA,NA,"sanger,smufin",2,COSN18984951,NA,L2a,FALSE,0.1301,NA,16,107,NA,NA,0.863,Intron,NA,NA,NA,NA,2,1,1,1_1,15563a10-47a8-401d-a507-2c7101f7ae60,NA
7,119166803,119166804,2,indel,NA,NA,"broad,dkfz,sanger",3,COSN18984917,NA,L1PB1,FALSE,0.5283,NA,28,25,NA,NA,0.999,IGR,NA,NA,NA,NA,2,1,1,1_1,15563a10-47a8-401d-a507-2c7101f7ae60,NA
8,35267724,35267725,2,indel,NA,NA,"broad,sanger,smufin",3,COSN18985754,NA,L2a,FALSE,0.5,NA,18,18,NA,NA,0.995,Intron,NA,NA,NA,NA,2,1,1,1_1,15563a10-47a8-401d-a507-2c7101f7ae60,NA
8,70632925,70632929,5,indel,NA,NA,"broad,sanger,smufin",3,COSN18985701,NA,NA,FALSE,0.5417,NA,26,22,NA,NA,0.997,Intron,NA,NA,NA,NA,2,1,1,1_1,15563a10-47a8-401d-a507-2c7101f7ae60,AC091047.1
8,121188227,121188228,2,indel,NA,NA,"broad,sanger,smufin",3,COSN18985715,NA,MIR,FALSE,0.5405,NA,20,17,NA,NA,0.996,Intron,NA,NA,NA,NA,2,1,1,1_1,15563a10-47a8-401d-a507-2c7101f7ae60,NA
X,99256072,99256073,2,indel,NA,NA,"broad,sanger,smufin",3,COSN18985359,NA,Tigger1,FALSE,0.5745,NA,27,20,NA,NA,0.998,IGR,NA,NA,NA,NA,2,1,1,1_1,15563a10-47a8-401d-a507-2c7101f7ae60,NA
X,111191139,111191142,4,indel,NA,NA,"broad,sanger,smufin",3,COSN18985396,NA,NA,FALSE,0.5102,NA,25,24,NA,NA,0.997,Intron,NA,NA,NA,NA,2,1,1,1_1,15563a10-47a8-401d-a507-2c7101f7ae60,NA
X,126907201,126907202,2,indel,NA,NA,"broad,dkfz,sanger,smufin",4,COSN18985420,NA,NA,FALSE,0.4889,NA,22,23,NA,NA,0.999,IGR,NA,NA,NA,NA,2,1,1,1_1,15563a10-47a8-401d-a507-2c7101f7ae60,NA
X,142134790,142134792,3,indel,NA,NA,"broad,sanger,smufin",3,COSN18985378,NA,L1MA1,FALSE,0.5854,NA,24,17,NA,NA,0.997,IGR,NA,NA,NA,NA,2,1,1,1_1,15563a10-47a8-401d-a507-2c7101f7ae60,NA
1,5160751,5160751,1,snv_mnv,NA,NA,"broad,dkfz,muse,sanger",4,COSN514480,NA,NA,FALSE,0.5172,NA,15,14,NA,NA,NA,IGR,FALSE,FALSE,FALSE,TRUE,2,1,1,1_1,15563a10-47a8-401d-a507-2c7101f7ae60,NA
1,5511289,5511289,1,snv_mnv,NA,NA,"broad,dkfz,muse,sanger",4,COSN18985146,rs745669144,MER61A,FALSE,0.4375,NA,7,9,NA,NA,NA,IGR,FALSE,FALSE,FALSE,FALSE,2,1,1,1_1,15563a10-47a8-401d-a507-2c7101f7ae60,NA
1,6814484,6814484,1,snv_mnv,NA,NA,"broad,dkfz,muse,sanger",4,COSN514500,NA,NA,FALSE,0.4545,NA,10,12,NA,NA,NA,RNA,FALSE,FALSE,FALSE,FALSE,2,1,1,1_1,15563a10-47a8-401d-a507-2c7101f7ae60,NA
1,7174695,7174695,1,snv_mnv,NA,NA,"broad,dkfz,muse,sanger",4,COSN18985133,NA,MLT2B4,FALSE,0.3846,NA,15,24,NA,NA,NA,Intron,FALSE,FALSE,FALSE,FALSE,2,1,1,1_1,15563a10-47a8-401d-a507-2c7101f7ae60,NA
1,7276053,7276053,1,snv_mnv,NA,NA,"broad,dkfz,muse,sanger",4,COSN18985105,NA,MSTA,FALSE,0.36,NA,9,16,NA,NA,NA,Intron,FALSE,FALSE,FALSE,FALSE,2,1,1,1_1,15563a10-47a8-401d-a507-2c7101f7ae60,RNU1-8P
1,7722393,7722393,1,snv_mnv,NA,NA,"broad,muse",2,COSN514517,NA,NA,FALSE,0.6667,NA,6,3,NA,NA,NA,Intron,FALSE,FALSE,FALSE,FALSE,2,1,1,1_1,15563a10-47a8-401d-a507-2c7101f7ae60,NA
1,11314789,11314789,1,snv_mnv,NA,NA,"broad,muse,sanger",3,COSN18985090,NA,Kanga1c,FALSE,0.4,NA,8,12,NA,NA,NA,Intron,FALSE,FALSE,FALSE,FALSE,2,1,1,1_1,15563a10-47a8-401d-a507-2c7101f7ae60,NA
1,15327625,15327625,1,snv_mnv,NA,NA,"broad,dkfz,muse,sanger",4,COSN514331,NA,NA,FALSE,0.4737,NA,9,10,NA,NA,NA,Intron,FALSE,FALSE,FALSE,FALSE,2,1,1,1_1,15563a10-47a8-401d-a507-2c7101f7ae60,NA
1,16456674,16456674,1,snv_mnv,NA,NA,"broad,dkfz,muse,sanger",4,COSN514341,NA,NA,FALSE,0.4286,NA,6,8,NA,NA,NA,Intron,FALSE,FALSE,FALSE,FALSE,2,1,1,1_1,15563a10-47a8-401d-a507-2c7101f7ae60,EPHA2
1,20580872,20580872,1,snv_mnv,NA,NA,"broad,dkfz,muse,sanger",4,COSN514409,NA,NA,FALSE,0.5238,NA,11,10,NA,NA,NA,IGR,FALSE,FALSE,FALSE,FALSE,2,1,1,1_1,15563a10-47a8-401d-a507-2c7101f7ae60,NA
1,24635465,24635465,1,snv_mnv,NA,NA,"broad,dkfz,muse,sanger",4,COSN514461,NA,NA,FALSE,0.4815,NA,13,14,NA,NA,NA,RNA,FALSE,FALSE,FALSE,FALSE,2,1,1,1_1,15563a10-47a8-401d-a507-2c7101f7ae60,NA
1,27724042,27724042,1,snv_mnv,NA,NA,"broad,dkfz,muse,sanger",4,COSN18985116,NA,AluSx,FALSE,0.4118,NA,7,10,NA,NA,NA,IGR,FALSE,FALSE,FALSE,FALSE,2,1,1,1_1,15563a10-47a8-401d-a507-2c7101f7ae60,GPR3
1,31865259,31865259,1,snv_mnv,NA,NA,"broad,dkfz,muse,sanger",4,COSN18985153,NA,MER63C,FALSE,0.4118,NA,14,20,NA,NA,NA,IGR,FALSE,FALSE,FALSE,FALSE,2,1,1,1_1,15563a10-47a8-401d-a507-2c7101f7ae60,NA
1,32557933,32557933,1,snv_mnv,NA,NA,"broad,dkfz,muse,sanger",4,COSN18985087,NA,AluJr,FALSE,0.5,NA,8,8,NA,NA,NA,Intron,FALSE,FALSE,FALSE,FALSE,2,1,1,1_1,15563a10-47a8-401d-a507-2c7101f7ae60,"RF00017,TMEM39B"
1,35415729,35415729,1,snv_mnv,NA,NA,"broad,dkfz,muse,sanger",4,COSN18985117,NA,Zaphod,FALSE,0.5556,NA,15,12,NA,NA,NA,IGR,FALSE,FALSE,FALSE,FALSE,2,1,1,1_1,15563a10-47a8-401d-a507-2c7101f7ae60,NA
1,38024101,38024101,1,snv_mnv,NA,NA,"broad,dkfz,muse,sanger",4,COSN18985137,NA,L2a,FALSE,0.5,NA,11,11,NA,NA,NA,Intron,FALSE,FALSE,FALSE,FALSE,2,1,1,1_1,15563a10-47a8-401d-a507-2c7101f7ae60,"DNALI1,SNIP1,AL034379.1"
1,38442242,38442242,1,snv_mnv,NA,NA,"broad,dkfz,muse,sanger",4,COSN514472,NA,NA,FALSE,0.4231,NA,11,15,NA,NA,NA,Intron,FALSE,FALSE,FALSE,FALSE,2,1,1,1_1,15563a10-47a8-401d-a507-2c7101f7ae60,SF3A3
1,38777477,38777477,1,snv_mnv,1.9968e-4,rs548562394,"broad,dkfz,muse,sanger",4,COSN18985097,rs548562394,L1PA16,FALSE,0.5789,NA,22,16,NA,NA,NA,IGR,FALSE,FALSE,FALSE,FALSE,2,1,1,1_1,15563a10-47a8-401d-a507-2c7101f7ae60,NA
1,39829758,39829758,1,snv_mnv,NA,NA,"broad,dkfz,muse,sanger",4,COSN18985118,NA,L1MC4a,FALSE,0.3548,NA,11,20,NA,NA,NA,Intron,FALSE,FALSE,FALSE,FALSE,2,1,1,1_1,15563a10-47a8-401d-a507-2c7101f7ae60,NA
1,40134615,40134615,1,snv_mnv,NA,NA,"broad,dkfz,muse,sanger",4,COSN18985132,NA,NA,FALSE,0.3077,NA,4,9,NA,NA,NA,Intron,FALSE,FALSE,FALSE,FALSE,2,1,1,1_1,15563a10-47a8-401d-a507-2c7101f7ae60,NA
1,53384489,53384489,1,snv_mnv,NA,NA,"broad,dkfz,muse,sanger",4,COSN18985125,NA,Tigger3b,FALSE,0.4828,NA,14,15,NA,NA,NA,Intron,FALSE,FALSE,FALSE,FALSE,2,1,1,1_1,15563a10-47a8-401d-a507-2c7101f7ae60,"AC099677.1,ECHDC2"
1,54669763,54669763,1,snv_mnv,NA,NA,"broad,dkfz,muse,sanger",4,COSN514483,NA,NA,FALSE,0.4167,NA,10,14,NA,NA,NA,Intron,FALSE,FALSE,FALSE,FALSE,2,1,1,1_1,15563a10-47a8-401d-a507-2c7101f7ae60,"AL357673.1,CYB5RL"
1,54996598,54996598,1,snv_mnv,NA,NA,"broad,dkfz,muse,sanger",4,COSN18985086,NA,AluSz,FALSE,0.381,NA,8,13,NA,NA,NA,IGR,FALSE,FALSE,FALSE,FALSE,2,1,1,1_1,15563a10-47a8-401d-a507-2c7101f7ae60,NA
1,55618672,55618672,1,snv_mnv,NA,NA,"broad,dkfz,muse,sanger",4,COSN514484,NA,NA,FALSE,0.4783,NA,11,12,NA,NA,NA,Intron,FALSE,FALSE,FALSE,FALSE,2,1,1,1_1,15563a10-47a8-401d-a507-2c7101f7ae60,NA
1,61116180,61116180,1,snv_mnv,9.984e-4,rs139586844,"broad,dkfz,muse,sanger",4,COSN159730,rs139586844,NA,FALSE,0.4857,NA,17,18,NA,NA,NA,IGR,FALSE,FALSE,FALSE,FALSE,2,1,1,1_1,15563a10-47a8-401d-a507-2c7101f7ae60,NA
1,61693181,61693181,1,snv_mnv,NA,NA,"broad,dkfz,muse,sanger",4,COSN18985081,NA,L4,FALSE,0.5556,NA,15,12,NA,NA,NA,Intron,FALSE,FALSE,FALSE,FALSE,2,1,1,1_1,15563a10-47a8-401d-a507-2c7101f7ae60,NA
1,61854742,61854742,1,snv_mnv,NA,NA,"broad,dkfz,muse,sanger",4,COSN18985100,NA,AluJr,FALSE,0.5946,NA,22,15,NA,NA,NA,Intron,FALSE,FALSE,FALSE,FALSE,2,1,1,1_1,15563a10-47a8-401d-a507-2c7101f7ae60,NA
1,64737132,64737132,1,snv_mnv,NA,NA,"broad,dkfz,muse,sanger",4,COSN18985156,NA,AT_rich,FALSE,0.4667,NA,14,16,NA,NA,NA,IGR,FALSE,FALSE,FALSE,FALSE,2,1,1,1_1,15563a10-47a8-401d-a507-2c7101f7ae60,UBE2U
1,66388525,66388525,1,snv_mnv,NA,NA,"broad,dkfz,muse,sanger",4,COSN514499,NA,NA,FALSE,0.4231,NA,11,15,NA,NA,NA,Intron,FALSE,FALSE,FALSE,FALSE,2,1,1,1_1,15563a10-47a8-401d-a507-2c7101f7ae60,NA
1,68482338,68482338,1,snv_mnv,NA,NA,"broad,dkfz,muse,sanger",4,COSN514502,NA,NA,FALSE,0.5946,NA,22,15,NA,NA,NA,RNA,FALSE,FALSE,FALSE,FALSE,2,1,1,1_1,15563a10-47a8-401d-a507-2c7101f7ae60,NA
1,69050748,69050748,1,snv_mnv,NA,NA,"broad,dkfz,muse,sanger",4,COSN514503,NA,NA,FALSE,0.5455,NA,18,15,NA,NA,NA,IGR,FALSE,FALSE,FALSE,FALSE,2,1,1,1_1,15563a10-47a8-401d-a507-2c7101f7ae60,NA
1,71900136,71900136,1,snv_mnv,NA,NA,"broad,dkfz,muse,sanger",4,COSN18985092,NA,Tigger2,FALSE,0.4706,NA,16,18,NA,NA,NA,Intron,FALSE,FALSE,FALSE,FALSE,2,1,1,1_1,15563a10-47a8-401d-a507-2c7101f7ae60,NA
1,73223706,73223706,1,snv_mnv,NA,NA,"broad,dkfz,muse,sanger",4,COSN514512,NA,NA,FALSE,0.4242,NA,14,19,NA,NA,NA,lincRNA,FALSE,FALSE,FALSE,FALSE,2,1,1,1_1,15563a10-47a8-401d-a507-2c7101f7ae60,NA
1,74042831,74042831,1,snv_mnv,NA,NA,"broad,dkfz,muse,sanger",4,COSN18985088,NA,L1PA12,FALSE,0.4857,NA,17,18,NA,NA,NA,IGR,FALSE,FALSE,FALSE,FALSE,2,1,1,1_1,15563a10-47a8-401d-a507-2c7101f7ae60,NA
1,75307841,75307841,1,snv_mnv,NA,NA,"broad,dkfz,muse,sanger",4,COSN514515,NA,NA,FALSE,0.3103,NA,9,20,NA,NA,NA,IGR,FALSE,FALSE,FALSE,FALSE,2,1,1,1_1,15563a10-47a8-401d-a507-2c7101f7ae60,NA
1,81972191,81972191,1,snv_mnv,NA,NA,"broad,dkfz,muse,sanger",4,COSN18985082,NA,AluJo,FALSE,0.4545,NA,10,12,NA,NA,NA,Intron,FALSE,FALSE,FALSE,FALSE,2,1,1,1_1,15563a10-47a8-401d-a507-2c7101f7ae60,"AL138799.1,AL138799.2"
1,82292001,82292001,1,snv_mnv,1.9968e-4,rs543213737,"broad,dkfz,muse,sanger",4,COSN514522,rs543213737,NA,FALSE,0.5385,NA,14,12,NA,NA,NA,Intron,FALSE,FALSE,FALSE,FALSE,2,1,1,1_1,15563a10-47a8-401d-a507-2c7101f7ae60,NA
1,82483174,82483174,1,snv_mnv,3.9936e-4,rs534892064,"broad,dkfz,muse,sanger",4,COSN18985128,rs534892064,MIRc,FALSE,0.5185,NA,14,13,NA,NA,NA,IGR,FALSE,FALSE,FALSE,FALSE,2,1,1,1_1,15563a10-47a8-401d-a507-2c7101f7ae60,NA
1,85835934,85835934,1,snv_mnv,NA,NA,"broad,dkfz,muse,sanger",4,COSN18985091,NA,MLT1B,FALSE,0.4571,NA,16,19,NA,NA,NA,Intron,FALSE,FALSE,FALSE,FALSE,2,1,1,1_1,15563a10-47a8-401d-a507-2c7101f7ae60,NA
1,91194100,91194100,1,snv_mnv,NA,NA,"broad,dkfz,muse,sanger",4,COSN159726,NA,NA,FALSE,0.4468,NA,21,26,NA,NA,NA,IGR,FALSE,FALSE,FALSE,FALSE,2,1,1,1_1,15563a10-47a8-401d-a507-2c7101f7ae60,NA
1,91539348,91539348,1,snv_mnv,NA,NA,"broad,dkfz,muse,sanger",4,COSN18985140,NA,MIR,FALSE,0.5854,NA,24,17,NA,NA,NA,IGR,FALSE,FALSE,FALSE,FALSE,2,1,1,1_1,15563a10-47a8-401d-a507-2c7101f7ae60,NA
1,91736930,91736930,1,snv_mnv,NA,NA,"broad,dkfz,muse,sanger",4,COSN18985131,NA,MLT1K,FALSE,0.3947,NA,15,23,NA,NA,NA,Intron,FALSE,FALSE,FALSE,FALSE,2,1,1,1_1,15563a10-47a8-401d-a507-2c7101f7ae60,NA
1,93047102,93047102,1,snv_mnv,NA,NA,"broad,dkfz,muse,sanger",4,COSN514533,NA,NA,FALSE,0.4286,NA,12,16,NA,NA,NA,Intron,FALSE,FALSE,FALSE,FALSE,2,1,1,1_1,15563a10-47a8-401d-a507-2c7101f7ae60,AL354890.1
1,94824205,94824205,1,snv_mnv,NA,NA,"broad,dkfz,muse,sanger",4,COSN6050837,NA,NA,FALSE,0.4865,NA,18,19,NA,NA,NA,IGR,FALSE,FALSE,FALSE,FALSE,2,1,1,1_1,15563a10-47a8-401d-a507-2c7101f7ae60,NA
1,98091410,98091410,1,snv_mnv,NA,NA,"broad,dkfz,muse,sanger",4,COSN514538,NA,NA,FALSE,0.5,NA,12,12,NA,NA,NA,Intron,FALSE,FALSE,FALSE,FALSE,2,1,1,1_1,15563a10-47a8-401d-a507-2c7101f7ae60,NA
1,99123646,99123646,1,snv_mnv,NA,NA,"broad,dkfz,muse,sanger",4,COSN18985158,NA,ERVL-E-int,FALSE,0.3871,NA,12,19,NA,NA,NA,IGR,FALSE,FALSE,FALSE,FALSE,2,1,1,1_1,15563a10-47a8-401d-a507-2c7101f7ae60,"SNX7,AC095031.1"
1,101121920,101121920,1,snv_mnv,NA,NA,"broad,dkfz,muse",3,COSN18985130,NA,NA,FALSE,0.2222,NA,6,21,NA,NA,NA,IGR,FALSE,FALSE,FALSE,FALSE,2,1,1,1_1,15563a10-47a8-401d-a507-2c7101f7ae60,AC099670.2
1,108538892,108538892,1,snv_mnv,NA,NA,"broad,dkfz,muse,sanger",4,COSN159725,NA,NA,FALSE,0.4839,NA,15,16,NA,NA,NA,RNA,FALSE,FALSE,FALSE,FALSE,2,1,1,1_1,15563a10-47a8-401d-a507-2c7101f7ae60,VAV3-AS1
1,109742530,109742530,1,snv_mnv,NA,NA,"broad,dkfz,muse,sanger",4,COSM96816,NA,NA,FALSE,0.5714,NA,16,12,NA,NA,NA,Missense_Mutation,FALSE,FALSE,FALSE,FALSE,2,1,1,1_1,15563a10-47a8-401d-a507-2c7101f7ae60,KIAA1324
1,115323009,115323009,1,snv_mnv,NA,NA,"broad,dkfz,muse,sanger",4,COSN159585,NA,NA,FALSE,0.5385,NA,7,6,NA,NA,NA,Intron,FALSE,FALSE,FALSE,FALSE,2,1,1,1_1,15563a10-47a8-401d-a507-2c7101f7ae60,SIKE1
1,116636479,116636479,1,snv_mnv,NA,NA,"broad,dkfz,muse,sanger",4,COSN18985102,NA,L1M4,FALSE,0.3871,NA,12,19,NA,NA,NA,IGR,FALSE,FALSE,FALSE,FALSE,2,1,1,1_1,15563a10-47a8-401d-a507-2c7101f7ae60,NA
1,118622816,118622816,1,snv_mnv,NA,NA,"broad,dkfz,muse,sanger",4,COSN18985136,NA,FLAM_C,FALSE,0.3889,NA,14,22,NA,NA,NA,Intron,FALSE,FALSE,FALSE,FALSE,2,1,1,1_1,15563a10-47a8-401d-a507-2c7101f7ae60,NA
1,145528530,145528530,1,snv_mnv,NA,NA,"broad,dkfz,muse,sanger",4,COSN159584,NA,NA,FALSE,0.2917,NA,14,34,NA,NA,NA,Intron,FALSE,FALSE,FALSE,FALSE,3,2,1,2_1,15563a10-47a8-401d-a507-2c7101f7ae60,"ITGA10,PEX11B"
1,156430181,156430181,1,snv_mnv,NA,NA,"broad,dkfz,muse,sanger",4,COSN18985157,NA,L2c,FALSE,0.625,NA,10,6,NA,NA,NA,IGR,FALSE,FALSE,FALSE,FALSE,2,1,1,1_1,15563a10-47a8-401d-a507-2c7101f7ae60,"MEF2D,AL139412.1"
1,158344832,158344832,1,snv_mnv,NA,NA,"broad,dkfz,muse,sanger",4,COSN18985154,NA,L1MA4A,FALSE,0.4872,NA,19,20,NA,NA,NA,IGR,FALSE,FALSE,FALSE,FALSE,2,1,1,1_1,15563a10-47a8-401d-a507-2c7101f7ae60,NA
1,159220294,159220294,1,snv_mnv,NA,NA,"broad,dkfz,muse,sanger",4,COSN18985111,NA,L1MCb,FALSE,0.4848,NA,16,17,NA,NA,NA,IGR,FALSE,FALSE,FALSE,FALSE,2,1,1,1_1,15563a10-47a8-401d-a507-2c7101f7ae60,NA
1,160027564,160027564,1,snv_mnv,NA,NA,"broad,dkfz,muse,sanger",4,COSN514334,NA,NA,FALSE,0.5333,NA,8,7,NA,NA,NA,Intron,FALSE,FALSE,FALSE,FALSE,2,1,1,1_1,15563a10-47a8-401d-a507-2c7101f7ae60,AL121987.1
1,165107425,165107425,1,snv_mnv,NA,NA,"broad,dkfz,muse,sanger",4,COSN514343,NA,NA,FALSE,0.2308,NA,3,10,NA,NA,NA,IGR,FALSE,FALSE,FALSE,FALSE,2,1,1,1_1,15563a10-47a8-401d-a507-2c7101f7ae60,NA
1,166658510,166658510,1,snv_mnv,NA,NA,"broad,dkfz,muse,sanger",4,COSN514348,NA,NA,FALSE,0.6316,NA,24,14,NA,NA,NA,IGR,FALSE,FALSE,FALSE,FALSE,2,1,1,1_1,15563a10-47a8-401d-a507-2c7101f7ae60,NA
1,166849354,166849354,1,snv_mnv,NA,NA,"broad,dkfz,muse,sanger",4,COSN18985101,NA,AluSc8,FALSE,0.5625,NA,9,7,NA,NA,NA,IGR,FALSE,FALSE,FALSE,FALSE,2,1,1,1_1,15563a10-47a8-401d-a507-2c7101f7ae60,TADA1
1,169909698,169909698,1,snv_mnv,NA,NA,"broad,dkfz,muse,sanger",4,COSN18985160,NA,MER1B,FALSE,0.4211,NA,16,22,NA,NA,NA,Intron,FALSE,FALSE,FALSE,FALSE,2,1,1,1_1,15563a10-47a8-401d-a507-2c7101f7ae60,NA
1,170488229,170488229,1,snv_mnv,1.9968e-4,rs183164253,"broad,dkfz,muse,sanger",4,COSN514356,rs183164253,NA,FALSE,0.3793,NA,11,18,NA,NA,NA,RNA,FALSE,FALSE,FALSE,FALSE,2,1,1,1_1,15563a10-47a8-401d-a507-2c7101f7ae60,AL354732.1
1,171024887,171024887,1,snv_mnv,NA,NA,"broad,dkfz,muse,sanger",4,COSN18985119,NA,L1PA10,FALSE,0.5185,NA,14,13,NA,NA,NA,Intron,FALSE,FALSE,FALSE,FALSE,2,1,1,1_1,15563a10-47a8-401d-a507-2c7101f7ae60,NA
1,173950526,173950526,1,snv_mnv,NA,NA,"broad,dkfz,muse,sanger",4,COSN18985152,NA,Tigger4a,FALSE,0.4483,NA,13,16,NA,NA,NA,Intron,FALSE,FALSE,FALSE,FALSE,2,1,1,1_1,15563a10-47a8-401d-a507-2c7101f7ae60,NA
1,182312824,182312824,1,snv_mnv,NA,NA,"broad,dkfz,muse,sanger",4,COSN514368,NA,NA,FALSE,0.5,NA,11,11,NA,NA,NA,IGR,FALSE,FALSE,FALSE,FALSE,2,1,1,1_1,15563a10-47a8-401d-a507-2c7101f7ae60,NA
1,184389797,184389797,1,snv_mnv,NA,NA,"broad,dkfz,muse,sanger",4,COSN514370,NA,NA,FALSE,0.4074,NA,11,16,NA,NA,NA,Intron,FALSE,FALSE,FALSE,FALSE,2,1,1,1_1,15563a10-47a8-401d-a507-2c7101f7ae60,NA
1,186242567,186242567,1,snv_mnv,NA,NA,"broad,dkfz,muse,sanger",4,COSN514373,NA,NA,FALSE,0.3667,NA,11,19,NA,NA,NA,IGR,FALSE,FALSE,FALSE,FALSE,2,1,1,1_1,15563a10-47a8-401d-a507-2c7101f7ae60,NA
1,186976098,186976098,1,snv_mnv,NA,NA,"broad,dkfz,muse,sanger",4,COSN18985129,NA,LTR19B,FALSE,0.5517,NA,16,13,NA,NA,NA,IGR,FALSE,FALSE,FALSE,FALSE,2,1,1,1_1,15563a10-47a8-401d-a507-2c7101f7ae60,NA
1,188143514,188143514,1,snv_mnv,5.9904e-4,rs149548187,"broad,dkfz,muse,sanger",4,COSN514381,rs149548187,NA,FALSE,0.4444,NA,20,25,NA,NA,NA,IGR,FALSE,FALSE,FALSE,FALSE,2,1,1,1_1,15563a10-47a8-401d-a507-2c7101f7ae60,NA
1,190244845,190244845,1,snv_mnv,NA,NA,"broad,dkfz,muse,sanger",4,COSN514392,NA,NA,FALSE,0.4595,NA,17,20,NA,NA,NA,Intron,FALSE,FALSE,FALSE,FALSE,2,1,1,1_1,15563a10-47a8-401d-a507-2c7101f7ae60,NA
1,190871984,190871984,1,snv_mnv,NA,NA,"broad,dkfz,muse,sanger",4,COSN18985124,NA,L1M3b,FALSE,0.5,NA,12,12,NA,NA,NA,IGR,FALSE,FALSE,FALSE,FALSE,2,1,1,1_1,15563a10-47a8-401d-a507-2c7101f7ae60,NA
1,191894213,191894213,1,snv_mnv,1.9968e-4,rs560952345,"broad,dkfz,muse,sanger",4,COSN18985149,rs560952345,L2a,FALSE,0.5625,NA,18,14,NA,NA,NA,lincRNA,FALSE,FALSE,FALSE,FALSE,2,1,1,1_1,15563a10-47a8-401d-a507-2c7101f7ae60,NA
1,194428214,194428214,1,snv_mnv,NA,NA,"broad,dkfz,muse,sanger",4,COSN514395,NA,NA,FALSE,0.5294,NA,9,8,NA,NA,NA,IGR,FALSE,FALSE,FALSE,FALSE,2,1,1,1_1,15563a10-47a8-401d-a507-2c7101f7ae60,NA
1,194694674,194694674,1,snv_mnv,NA,NA,"broad,dkfz,muse,sanger",4,COSN18985139,NA,L1PA13,FALSE,0.4091,NA,18,26,NA,NA,NA,IGR,FALSE,FALSE,FALSE,FALSE,2,1,1,1_1,15563a10-47a8-401d-a507-2c7101f7ae60,NA
1,195701192,195701192,1,snv_mnv,NA,NA,"broad,dkfz,muse,sanger",4,COSN18985151,NA,AluJo,FALSE,0.5143,NA,18,17,NA,NA,NA,IGR,FALSE,FALSE,FALSE,FALSE,2,1,1,1_1,15563a10-47a8-401d-a507-2c7101f7ae60,NA
1,196175716,196175716,1,snv_mnv,NA,NA,"broad,dkfz,muse,sanger",4,COSN18985134,NA,L2,FALSE,0.3704,NA,10,17,NA,NA,NA,IGR,FALSE,FALSE,FALSE,FALSE,2,1,1,1_1,15563a10-47a8-401d-a507-2c7101f7ae60,NA
1,197226627,197226627,1,snv_mnv,NA,NA,"broad,dkfz,muse,sanger",4,COSN514401,NA,NA,FALSE,0.381,NA,8,13,NA,NA,NA,Intron,FALSE,FALSE,FALSE,FALSE,2,1,1,1_1,15563a10-47a8-401d-a507-2c7101f7ae60,NA
1,199041017,199041017,1,snv_mnv,NA,NA,"dkfz,sanger",2,COSN18985143,NA,L1ME1,FALSE,0.5405,NA,20,17,NA,NA,NA,lincRNA,FALSE,FALSE,FALSE,FALSE,2,1,1,1_1,15563a10-47a8-401d-a507-2c7101f7ae60,NA
1,204411393,204411393,1,snv_mnv,NA,NA,"broad,dkfz,muse,sanger",4,COSN514407,NA,NA,FALSE,0.4286,NA,12,16,NA,NA,NA,Intron,FALSE,FALSE,FALSE,FALSE,2,1,1,1_1,15563a10-47a8-401d-a507-2c7101f7ae60,NA
1,206273988,206273988,1,snv_mnv,NA,NA,"broad,dkfz,muse,sanger",4,COSN18985110,NA,L2,FALSE,0.4146,NA,17,24,NA,NA,NA,Intron,FALSE,FALSE,FALSE,FALSE,2,1,1,1_1,15563a10-47a8-401d-a507-2c7101f7ae60,NA
1,208102350,208102350,1,snv_mnv,NA,NA,"broad,dkfz,muse,sanger",4,COSN18985115,NA,U2,FALSE,0.5161,NA,16,15,NA,NA,NA,IGR,FALSE,FALSE,FALSE,FALSE,2,1,1,1_1,15563a10-47a8-401d-a507-2c7101f7ae60,NA
1,208707386,208707386,1,snv_mnv,NA,NA,"broad,dkfz,muse,sanger",4,COSN514416,NA,NA,FALSE,0.5,NA,14,14,NA,NA,NA,IGR,FALSE,FALSE,FALSE,FALSE,2,1,1,1_1,15563a10-47a8-401d-a507-2c7101f7ae60,NA
1,209606447,209606447,1,snv_mnv,NA,NA,"broad,dkfz,muse",3,COSN514419,NA,NA,FALSE,0.4167,NA,10,14,NA,NA,NA,lincRNA,FALSE,FALSE,FALSE,FALSE,2,1,1,1_1,15563a10-47a8-401d-a507-2c7101f7ae60,"MIR205,MIR205HG"
1,209616701,209616701,1,snv_mnv,NA,NA,"broad,dkfz,muse",3,COSN514420,NA,NA,FALSE,0.5,NA,17,17,NA,NA,NA,IGR,FALSE,FALSE,FALSE,FALSE,2,1,1,1_1,15563a10-47a8-401d-a507-2c7101f7ae60,NA
1,210325157,210325157,1,snv_mnv,NA,NA,"broad,dkfz,muse,sanger",4,COSN514421,NA,NA,FALSE,0.4054,NA,15,22,NA,NA,NA,Intron,FALSE,FALSE,FALSE,FALSE,2,1,1,1_1,15563a10-47a8-401d-a507-2c7101f7ae60,NA
1,213141579,213141579,1,snv_mnv,NA,NA,"broad,dkfz,muse,sanger",4,COSN18985159,NA,L2,FALSE,0.5094,NA,27,26,NA,NA,NA,Intron,FALSE,FALSE,FALSE,FALSE,2,1,1,1_1,15563a10-47a8-401d-a507-2c7101f7ae60,VASH2
1,213744986,213744986,1,snv_mnv,NA,NA,"broad,dkfz,muse,sanger",4,COSN9058669,rs752937493,MIRb,FALSE,0.525,NA,21,19,NA,NA,NA,IGR,FALSE,FALSE,FALSE,FALSE,2,1,1,1_1,15563a10-47a8-401d-a507-2c7101f7ae60,NA
1,215077260,215077260,1,snv_mnv,NA,NA,"broad,dkfz,muse,sanger",4,COSN18985106,NA,NA,FALSE,0.1842,NA,7,31,NA,NA,NA,IGR,FALSE,FALSE,FALSE,FALSE,2,1,1,1_1,15563a10-47a8-401d-a507-2c7101f7ae60,NA
1,215915366,215915366,1,snv_mnv,NA,NA,"broad,dkfz,muse,sanger",4,COSN18984805,rs763183321,NA,FALSE,0.2778,NA,10,26,NA,NA,NA,Intron,FALSE,FALSE,FALSE,FALSE,2,1,1,1_1,15563a10-47a8-401d-a507-2c7101f7ae60,NA
1,216215981,216215981,1,snv_mnv,NA,NA,"broad,dkfz,muse,sanger",4,COSN514425,NA,NA,FALSE,0.4872,NA,19,20,NA,NA,NA,Intron,FALSE,FALSE,FALSE,FALSE,2,1,1,1_1,15563a10-47a8-401d-a507-2c7101f7ae60,NA
1,216757041,216757041,1,snv_mnv,NA,NA,"broad,dkfz,muse,sanger",4,COSN18985096,NA,THE1B,FALSE,0.3889,NA,14,22,NA,NA,NA,Intron,FALSE,FALSE,FALSE,FALSE,2,1,1,1_1,15563a10-47a8-401d-a507-2c7101f7ae60,NA
1,217965564,217965564,1,snv_mnv,NA,NA,"broad,dkfz,muse,sanger",4,COSN514427,NA,NA,FALSE,0.5,NA,14,14,NA,NA,NA,Intron,FALSE,FALSE,FALSE,FALSE,2,1,1,1_1,15563a10-47a8-401d-a507-2c7101f7ae60,NA
1,219592259,219592259,1,snv_mnv,NA,NA,"broad,dkfz,muse,sanger",4,COSN18985107,NA,L1MC1,FALSE,0.4667,NA,21,24,NA,NA,NA,IGR,FALSE,FALSE,FALSE,FALSE,2,1,1,1_1,15563a10-47a8-401d-a507-2c7101f7ae60,NA
1,219751243,219751243,1,snv_mnv,NA,NA,"broad,dkfz,muse,sanger",4,COSN514428,NA,NA,FALSE,0.4688,NA,15,17,NA,NA,NA,IGR,FALSE,FALSE,FALSE,FALSE,2,1,1,1_1,15563a10-47a8-401d-a507-2c7101f7ae60,NA
1,221132647,221132647,1,snv_mnv,NA,NA,"broad,muse,sanger",3,COSN18985098,NA,L2c,FALSE,0.45,NA,9,11,NA,NA,NA,IGR,FALSE,FALSE,FALSE,FALSE,2,1,1,1_1,15563a10-47a8-401d-a507-2c7101f7ae60,NA
1,222086817,222086817,1,snv_mnv,NA,NA,"broad,dkfz,muse,sanger",4,COSN18985120,NA,NA,FALSE,0.1905,NA,4,17,NA,NA,NA,lincRNA,FALSE,FALSE,FALSE,FALSE,2,1,1,1_1,15563a10-47a8-401d-a507-2c7101f7ae60,LINC02257
1,223650630,223650630,1,snv_mnv,NA,NA,"broad,dkfz,muse,sanger",4,COSN514431,NA,NA,FALSE,0.4643,NA,13,15,NA,NA,NA,IGR,FALSE,FALSE,FALSE,FALSE,2,1,1,1_1,15563a10-47a8-401d-a507-2c7101f7ae60,NA
1,225542399,225542399,1,snv_mnv,NA,NA,"broad,dkfz,muse,sanger",4,COSN514432,NA,NA,FALSE,0.4062,NA,13,19,NA,NA,NA,Intron,FALSE,FALSE,FALSE,FALSE,2,1,1,1_1,15563a10-47a8-401d-a507-2c7101f7ae60,DNAH14
1,227902192,227902192,1,snv_mnv,NA,NA,"broad,dkfz,muse,sanger",4,COSN18985147,NA,L1PA10,FALSE,0.4167,NA,10,14,NA,NA,NA,IGR,FALSE,FALSE,FALSE,FALSE,2,1,1,1_1,15563a10-47a8-401d-a507-2c7101f7ae60,NA
1,230559142,230559142,1,snv_mnv,NA,NA,"broad,dkfz,muse,sanger",4,COSN514435,NA,NA,FALSE,0.4615,NA,12,14,NA,NA,NA,Intron,FALSE,FALSE,FALSE,FALSE,2,1,1,1_1,15563a10-47a8-401d-a507-2c7101f7ae60,AL133516.1
1,230869925,230869925,1,snv_mnv,NA,NA,"broad,dkfz,muse,sanger",4,COSN18985144,NA,L1MB3,FALSE,0.5588,NA,19,15,NA,NA,NA,RNA,FALSE,FALSE,FALSE,FALSE,2,1,1,1_1,15563a10-47a8-401d-a507-2c7101f7ae60,NA
1,232318267,232318267,1,snv_mnv,NA,NA,"broad,dkfz,muse,sanger",4,COSN18985126,NA,MIR,FALSE,0.4828,NA,14,15,NA,NA,NA,lincRNA,FALSE,FALSE,FALSE,FALSE,2,1,1,1_1,15563a10-47a8-401d-a507-2c7101f7ae60,AL353052.2
1,232516457,232516457,1,snv_mnv,NA,NA,"broad,dkfz,muse,sanger",4,COSN514437,NA,NA,FALSE,0.4545,NA,10,12,NA,NA,NA,IGR,FALSE,FALSE,FALSE,FALSE,2,1,1,1_1,15563a10-47a8-401d-a507-2c7101f7ae60,NA
1,233917037,233917037,1,snv_mnv,NA,NA,"broad,dkfz,muse,sanger",4,COSN159719,NA,NA,FALSE,0.4848,NA,16,17,NA,NA,NA,IGR,FALSE,FALSE,FALSE,FALSE,2,1,1,1_1,15563a10-47a8-401d-a507-2c7101f7ae60,NA
1,234195431,234195431,1,snv_mnv,0.014577,rs570025738,"broad,muse",2,COSN14664375,rs570025738,(CAGAGA)n,FALSE,NA,NA,NA,NA,NA,NA,NA,Intron,FALSE,FALSE,FALSE,FALSE,2,1,1,1_1,15563a10-47a8-401d-a507-2c7101f7ae60,NA
1,234254745,234254745,1,snv_mnv,NA,NA,"broad,dkfz,muse,sanger",4,COSN514438,NA,NA,FALSE,0.4138,NA,12,17,NA,NA,NA,Intron,FALSE,FALSE,FALSE,FALSE,2,1,1,1_1,15563a10-47a8-401d-a507-2c7101f7ae60,NA
1,237304631,237304631,1,snv_mnv,NA,NA,"broad,dkfz,muse,sanger",4,COSN18985121,NA,L1ME3B,FALSE,0.5294,NA,18,16,NA,NA,NA,Intron,FALSE,FALSE,FALSE,FALSE,2,1,1,1_1,15563a10-47a8-401d-a507-2c7101f7ae60,NA
1,238078903,238078903,1,snv_mnv,NA,NA,"broad,dkfz,muse,sanger",4,COSN18985109,NA,LTR13,FALSE,0.5,NA,10,10,NA,NA,NA,RNA,FALSE,FALSE,FALSE,FALSE,2,1,1,1_1,15563a10-47a8-401d-a507-2c7101f7ae60,NA
1,241838792,241838792,1,snv_mnv,NA,NA,"broad,muse,sanger",3,COSN514454,NA,NA,FALSE,0.2917,NA,7,17,NA,NA,NA,Intron,FALSE,FALSE,FALSE,FALSE,2,1,1,1_1,15563a10-47a8-401d-a507-2c7101f7ae60,NA
1,242654636,242654636,1,snv_mnv,NA,NA,"broad,dkfz,muse,sanger",4,COSN18985150,NA,(CATATA)n,FALSE,0.5,NA,15,15,NA,NA,NA,Intron,FALSE,FALSE,FALSE,FALSE,2,1,1,1_1,15563a10-47a8-401d-a507-2c7101f7ae60,NA
1,244328817,244328817,1,snv_mnv,NA,NA,"broad,dkfz,muse,sanger",4,COSN18985148,NA,L2a,FALSE,0.5385,NA,21,18,NA,NA,NA,IGR,FALSE,FALSE,FALSE,FALSE,2,1,1,1_1,15563a10-47a8-401d-a507-2c7101f7ae60,NA
1,244956196,244956196,1,snv_mnv,NA,NA,"broad,muse,sanger",3,COSN18985095,NA,L1M5,FALSE,0.3333,NA,6,12,NA,NA,NA,IGR,FALSE,FALSE,FALSE,FALSE,2,1,1,1_1,15563a10-47a8-401d-a507-2c7101f7ae60,NA
1,248103165,248103165,1,snv_mnv,NA,NA,"broad,dkfz,muse,sanger",4,COSN514462,NA,NA,FALSE,0.4286,NA,15,20,NA,NA,NA,Intron,FALSE,FALSE,FALSE,FALSE,2,1,1,1_1,15563a10-47a8-401d-a507-2c7101f7ae60,"CLK3P2,OR2X1P,OR2AJ1"
10,660969,660969,1,snv_mnv,NA,NA,"broad,dkfz,muse,sanger",4,COSN514654,NA,NA,FALSE,0.4375,NA,7,9,NA,NA,NA,Intron,FALSE,FALSE,FALSE,FALSE,2,1,1,1_1,15563a10-47a8-401d-a507-2c7101f7ae60,NA
10,2596337,2596337,1,snv_mnv,9.984e-4,rs182450393,"broad,dkfz,muse,sanger",4,COSN514593,rs182450393,NA,FALSE,0.5,NA,21,21,NA,NA,NA,lincRNA,FALSE,FALSE,FALSE,FALSE,2,1,1,1_1,15563a10-47a8-401d-a507-2c7101f7ae60,NA
10,3663911,3663911,1,snv_mnv,NA,NA,"broad,dkfz,muse,sanger",4,COSN514605,NA,NA,FALSE,0.3704,NA,10,17,NA,NA,NA,IGR,FALSE,FALSE,FALSE,FALSE,2,1,1,1_1,15563a10-47a8-401d-a507-2c7101f7ae60,NA
10,4722976,4722976,1,snv_mnv,NA,NA,"broad,muse,sanger",3,COSN18985868,NA,AluY,FALSE,0.55,NA,11,9,NA,NA,NA,lincRNA,FALSE,FALSE,FALSE,FALSE,2,1,1,1_1,15563a10-47a8-401d-a507-2c7101f7ae60,MANCR
10,5303789,5303789,1,snv_mnv,NA,NA,"broad,dkfz,muse,sanger",4,COSN514619,NA,NA,FALSE,0.64,NA,16,9,NA,NA,NA,lincRNA,FALSE,FALSE,FALSE,FALSE,2,1,1,1_1,15563a10-47a8-401d-a507-2c7101f7ae60,LINC02561
10,6806369,6806369,1,snv_mnv,NA,NA,"broad,dkfz,muse,sanger",4,COSN18985922,NA,L2a,FALSE,0.4828,NA,14,15,NA,NA,NA,IGR,FALSE,FALSE,FALSE,FALSE,2,1,1,1_1,15563a10-47a8-401d-a507-2c7101f7ae60,NA
10,6868112,6868112,1,snv_mnv,NA,NA,"broad,dkfz,muse,sanger",4,COSN18985908,NA,HERVK-int,FALSE,0.4884,NA,21,22,NA,NA,NA,lincRNA,FALSE,FALSE,FALSE,FALSE,2,1,1,1_1,15563a10-47a8-401d-a507-2c7101f7ae60,NA
10,10389719,10389719,1,snv_mnv,NA,NA,"broad,dkfz,muse,sanger",4,COSN18985893,NA,NA,FALSE,0.2857,NA,4,10,NA,NA,NA,IGR,FALSE,FALSE,FALSE,FALSE,2,1,1,1_1,15563a10-47a8-401d-a507-2c7101f7ae60,NA
10,11019445,11019445,1,snv_mnv,NA,NA,"broad,dkfz,muse,sanger",4,COSN514551,NA,NA,FALSE,0.6,NA,18,12,NA,NA,NA,IGR,FALSE,FALSE,FALSE,FALSE,2,1,1,1_1,15563a10-47a8-401d-a507-2c7101f7ae60,NA
10,11915935,11915935,1,snv_mnv,NA,NA,"broad,dkfz,muse,sanger",4,COSN514558,NA,NA,FALSE,0.5714,NA,8,6,NA,NA,NA,IGR,FALSE,FALSE,FALSE,FALSE,2,1,1,1_1,15563a10-47a8-401d-a507-2c7101f7ae60,PROSER2
10,13000276,13000276,1,snv_mnv,NA,NA,"broad,dkfz,muse,sanger",4,COSN514571,NA,NA,FALSE,0.4118,NA,7,10,NA,NA,NA,Intron,FALSE,FALSE,FALSE,FALSE,2,1,1,1_1,15563a10-47a8-401d-a507-2c7101f7ae60,NA
10,15489192,15489192,1,snv_mnv,NA,NA,"broad,dkfz,muse",3,COSN18985899,NA,AluSz,FALSE,0.5882,NA,10,7,NA,NA,NA,IGR,FALSE,FALSE,FALSE,FALSE,2,1,1,1_1,15563a10-47a8-401d-a507-2c7101f7ae60,NA
10,16125607,16125607,1,snv_mnv,NA,NA,"broad,dkfz,muse,sanger",4,COSN18985898,NA,L1PA4,FALSE,0.4,NA,12,18,NA,NA,NA,IGR,FALSE,FALSE,FALSE,FALSE,2,1,1,1_1,15563a10-47a8-401d-a507-2c7101f7ae60,NA
10,16162378,16162378,1,snv_mnv,NA,NA,"broad,dkfz,muse,sanger",4,COSN18985876,NA,MER1A,FALSE,0.3939,NA,13,20,NA,NA,NA,IGR,FALSE,FALSE,FALSE,FALSE,2,1,1,1_1,15563a10-47a8-401d-a507-2c7101f7ae60,NA
10,17677360,17677360,1,snv_mnv,NA,NA,"broad,dkfz,muse,sanger",4,COSN18985914,NA,L1ME1,FALSE,0.5714,NA,20,15,NA,NA,NA,IGR,FALSE,FALSE,FALSE,FALSE,2,1,1,1_1,15563a10-47a8-401d-a507-2c7101f7ae60,NA
10,20373899,20373899,1,snv_mnv,NA,NA,"broad,dkfz,muse,sanger",4,COSN514588,NA,NA,FALSE,0.3243,NA,12,25,NA,NA,NA,Intron,FALSE,FALSE,FALSE,FALSE,2,1,1,1_1,15563a10-47a8-401d-a507-2c7101f7ae60,NA
10,24767057,24767057,1,snv_mnv,NA,NA,"broad,dkfz,muse,sanger",4,COSN159579,NA,NA,FALSE,0.5429,NA,19,16,NA,NA,NA,Intron,FALSE,FALSE,FALSE,FALSE,2,1,1,1_1,15563a10-47a8-401d-a507-2c7101f7ae60,AL353583.1
10,26635267,26635267,1,snv_mnv,0.010383,rs377556957,"broad,dkfz,muse",3,COSN18985886,rs377556957,AluSx1,FALSE,0.4286,NA,9,12,NA,NA,NA,IGR,FALSE,FALSE,FALSE,FALSE,2,1,1,1_1,15563a10-47a8-401d-a507-2c7101f7ae60,NA
10,28267488,28267488,1,snv_mnv,NA,NA,"broad,muse,sanger",3,COSN18985884,rs778018058,AluSx,FALSE,0.3333,NA,9,18,NA,NA,NA,Intron,FALSE,FALSE,FALSE,FALSE,2,1,1,1_1,15563a10-47a8-401d-a507-2c7101f7ae60,NA
10,30106991,30106991,1,snv_mnv,NA,NA,"broad,dkfz,muse,sanger",4,COSN18985906,NA,L1ME4a,FALSE,0.6286,NA,22,13,NA,NA,NA,IGR,FALSE,FALSE,FALSE,FALSE,2,1,1,1_1,15563a10-47a8-401d-a507-2c7101f7ae60,NA
10,36133688,36133688,1,snv_mnv,NA,NA,"broad,dkfz,muse,sanger",4,COSN18985921,rs766191871,Tigger1a_Art,FALSE,0.375,NA,9,15,NA,NA,NA,IGR,FALSE,FALSE,FALSE,FALSE,2,1,1,1_1,15563a10-47a8-401d-a507-2c7101f7ae60,NA
10,36658070,36658070,1,snv_mnv,NA,NA,"broad,dkfz,muse,sanger",4,COSN514607,NA,NA,FALSE,0.2143,NA,3,11,NA,NA,NA,IGR,FALSE,FALSE,FALSE,FALSE,2,1,1,1_1,15563a10-47a8-401d-a507-2c7101f7ae60,NA
10,37824660,37824660,1,snv_mnv,NA,NA,"broad,dkfz,muse,sanger",4,COSN514609,NA,NA,FALSE,0.375,NA,18,30,NA,NA,NA,IGR,FALSE,FALSE,FALSE,FALSE,2,1,1,1_1,15563a10-47a8-401d-a507-2c7101f7ae60,NA
10,38042953,38042953,1,snv_mnv,NA,NA,"broad,dkfz,muse,sanger",4,COSN18985897,NA,Charlie4a,FALSE,0.44,NA,11,14,NA,NA,NA,IGR,FALSE,FALSE,FALSE,FALSE,2,1,1,1_1,15563a10-47a8-401d-a507-2c7101f7ae60,NA
10,46966122,46966122,1,snv_mnv,NA,NA,"broad,dkfz,muse,sanger",4,COSN18985879,NA,MER5A1,FALSE,0.24,NA,6,19,NA,NA,NA,Intron,FALSE,FALSE,FALSE,FALSE,2,1,1,1_1,15563a10-47a8-401d-a507-2c7101f7ae60,NA
10,49685405,49685405,1,snv_mnv,NA,NA,"broad,dkfz,muse,sanger",4,COSN18985902,NA,L1ME3B,FALSE,0.4412,NA,15,19,NA,NA,NA,Intron,FALSE,FALSE,FALSE,FALSE,2,1,1,1_1,15563a10-47a8-401d-a507-2c7101f7ae60,NA
10,53140595,53140595,1,snv_mnv,NA,NA,"broad,dkfz,muse,sanger",4,COSN18985877,NA,LTR71A,FALSE,0.5455,NA,30,25,NA,NA,NA,Intron,FALSE,FALSE,FALSE,FALSE,2,1,1,1_1,15563a10-47a8-401d-a507-2c7101f7ae60,NA
10,54549945,54549945,1,snv_mnv,NA,NA,"broad,dkfz,muse,sanger",4,COSN18985883,NA,AluJr,FALSE,0.4138,NA,12,17,NA,NA,NA,IGR,FALSE,FALSE,FALSE,FALSE,2,1,1,1_1,15563a10-47a8-401d-a507-2c7101f7ae60,NA
10,55051743,55051743,1,snv_mnv,NA,NA,"broad,dkfz,muse,sanger",4,COSN514623,NA,NA,FALSE,0.4894,NA,23,24,NA,NA,NA,lincRNA,FALSE,FALSE,FALSE,FALSE,2,1,1,1_1,15563a10-47a8-401d-a507-2c7101f7ae60,NA
10,55116870,55116870,1,snv_mnv,NA,NA,"broad,dkfz,muse,sanger",4,COSN514624,NA,NA,FALSE,0.4286,NA,12,16,NA,NA,NA,IGR,FALSE,FALSE,FALSE,FALSE,2,1,1,1_1,15563a10-47a8-401d-a507-2c7101f7ae60,NA
10,55127184,55127184,1,snv_mnv,NA,NA,"broad,dkfz,muse,sanger",4,COSN18985917,NA,MER34,FALSE,0.3871,NA,12,19,NA,NA,NA,IGR,FALSE,FALSE,FALSE,FALSE,2,1,1,1_1,15563a10-47a8-401d-a507-2c7101f7ae60,NA
10,56010970,56010970,1,snv_mnv,NA,NA,"broad,dkfz,muse,sanger",4,COSN18985878,NA,L3,FALSE,0.5,NA,12,12,NA,NA,NA,Intron,FALSE,FALSE,FALSE,FALSE,2,1,1,1_1,15563a10-47a8-401d-a507-2c7101f7ae60,NA
10,56048572,56048572,1,snv_mnv,NA,NA,"broad,dkfz,muse,sanger",4,COSN18985872,NA,L1PA6,FALSE,0.6,NA,12,8,NA,NA,NA,Intron,FALSE,FALSE,FALSE,FALSE,2,1,1,1_1,15563a10-47a8-401d-a507-2c7101f7ae60,NA
10,56457740,56457740,1,snv_mnv,NA,NA,"broad,dkfz,muse,sanger",4,COSN514627,NA,NA,FALSE,0.4091,NA,9,13,NA,NA,NA,Intron,FALSE,FALSE,FALSE,TRUE,2,1,1,1_1,15563a10-47a8-401d-a507-2c7101f7ae60,NA
10,56646360,56646360,1,snv_mnv,NA,NA,"broad,dkfz,muse",3,COSN18984828,NA,AluSz,FALSE,0.625,NA,10,6,NA,NA,NA,Intron,FALSE,FALSE,FALSE,FALSE,2,1,1,1_1,15563a10-47a8-401d-a507-2c7101f7ae60,NA
10,58213148,58213148,1,snv_mnv,NA,NA,"broad,dkfz,muse,sanger",4,COSN514639,NA,NA,FALSE,0.4545,NA,15,18,NA,NA,NA,IGR,FALSE,FALSE,FALSE,FALSE,2,1,1,1_1,15563a10-47a8-401d-a507-2c7101f7ae60,NA
10,58595527,58595527,1,snv_mnv,NA,NA,"broad,dkfz,muse,sanger",4,COSN514641,NA,NA,FALSE,0.4643,NA,13,15,NA,NA,NA,IGR,FALSE,FALSE,FALSE,FALSE,2,1,1,1_1,15563a10-47a8-401d-a507-2c7101f7ae60,NA
10,59378851,59378851,1,snv_mnv,NA,NA,"broad,dkfz,muse,sanger",4,COSN514643,NA,NA,FALSE,0.5385,NA,14,12,NA,NA,NA,IGR,FALSE,FALSE,FALSE,FALSE,2,1,1,1_1,15563a10-47a8-401d-a507-2c7101f7ae60,NA
10,59479349,59479349,1,snv_mnv,5.9904e-4,rs530189759,"broad,dkfz,muse,sanger",4,COSN18985875,rs530189759,L1PA7,FALSE,0.5,NA,14,14,NA,NA,NA,IGR,FALSE,FALSE,FALSE,FALSE,2,1,1,1_1,15563a10-47a8-401d-a507-2c7101f7ae60,NA
10,62111287,62111287,1,snv_mnv,NA,NA,"broad,dkfz,muse,sanger",4,COSN18985874,NA,NA,FALSE,0.1905,NA,4,17,NA,NA,NA,Intron,FALSE,FALSE,FALSE,FALSE,2,1,1,1_1,15563a10-47a8-401d-a507-2c7101f7ae60,NA
10,62957430,62957430,1,snv_mnv,NA,NA,"dkfz,sanger",2,COSN514649,NA,NA,FALSE,0.6552,NA,19,10,NA,NA,NA,IGR,FALSE,FALSE,FALSE,FALSE,2,1,1,1_1,15563a10-47a8-401d-a507-2c7101f7ae60,NA
10,63886112,63886112,1,snv_mnv,NA,NA,"broad,dkfz,muse,sanger",4,COSN18985918,NA,L1MB3,FALSE,0.5833,NA,14,10,NA,NA,NA,IGR,FALSE,FALSE,FALSE,FALSE,2,1,1,1_1,15563a10-47a8-401d-a507-2c7101f7ae60,NA
10,67694937,67694937,1,snv_mnv,NA,NA,"broad,dkfz,muse,sanger",4,COSN514656,NA,NA,FALSE,0.4857,NA,17,18,NA,NA,NA,Intron,FALSE,FALSE,FALSE,FALSE,2,1,1,1_1,15563a10-47a8-401d-a507-2c7101f7ae60,NA
10,68439225,68439225,1,snv_mnv,NA,NA,"broad,dkfz,muse,sanger",4,COSN18985924,NA,L2,FALSE,0.5556,NA,25,20,NA,NA,NA,Intron,FALSE,FALSE,FALSE,FALSE,2,1,1,1_1,15563a10-47a8-401d-a507-2c7101f7ae60,NA
10,68717921,68717921,1,snv_mnv,NA,NA,"broad,dkfz,muse,sanger",4,COSN18985910,NA,MIR3,FALSE,0.44,NA,11,14,NA,NA,NA,Intron,FALSE,FALSE,FALSE,FALSE,2,1,1,1_1,15563a10-47a8-401d-a507-2c7101f7ae60,NA
10,71576868,71576868,1,snv_mnv,NA,NA,"broad,dkfz,muse",3,COSN18985900,NA,MER58A,FALSE,0.7,NA,14,6,NA,NA,NA,Intron,FALSE,FALSE,FALSE,FALSE,2,1,1,1_1,15563a10-47a8-401d-a507-2c7101f7ae60,NA
10,72683975,72683975,1,snv_mnv,NA,NA,"broad,dkfz,muse,sanger",4,COSN514659,NA,NA,FALSE,0.4615,NA,6,7,NA,NA,NA,IGR,FALSE,FALSE,FALSE,FALSE,2,1,1,1_1,15563a10-47a8-401d-a507-2c7101f7ae60,AC073176.3
10,73314498,73314498,1,snv_mnv,NA,NA,"broad,dkfz,muse,sanger",4,COSN18985873,NA,MIRc,FALSE,0.6111,NA,11,7,NA,NA,NA,Intron,FALSE,FALSE,FALSE,TRUE,2,1,1,1_1,15563a10-47a8-401d-a507-2c7101f7ae60,NA
10,78263037,78263037,1,snv_mnv,NA,NA,"broad,dkfz,muse,sanger",4,COSN18985889,NA,L1PA16,FALSE,0.4074,NA,11,16,NA,NA,NA,Intron,FALSE,FALSE,FALSE,FALSE,2,1,1,1_1,15563a10-47a8-401d-a507-2c7101f7ae60,NA
10,79806336,79806336,1,snv_mnv,NA,NA,"broad,dkfz,muse,sanger",4,COSN18985896,NA,AluSx,FALSE,0.4348,NA,10,13,NA,NA,NA,Intron,FALSE,FALSE,FALSE,FALSE,2,1,1,1_1,15563a10-47a8-401d-a507-2c7101f7ae60,NA
10,79856585,79856585,1,snv_mnv,NA,NA,"broad,dkfz,muse,sanger",4,COSN18985895,NA,L1PA7,FALSE,0.5,NA,6,6,NA,NA,NA,IGR,FALSE,FALSE,FALSE,FALSE,2,1,1,1_1,15563a10-47a8-401d-a507-2c7101f7ae60,NA
10,80506433,80506433,1,snv_mnv,NA,NA,"broad,dkfz,muse,sanger",4,COSN514668,rs764839689,NA,FALSE,0.2963,NA,8,19,NA,NA,NA,IGR,FALSE,FALSE,FALSE,FALSE,2,1,1,1_1,15563a10-47a8-401d-a507-2c7101f7ae60,NA
10,82991213,82991213,1,snv_mnv,NA,NA,"broad,dkfz,muse,sanger",4,COSN18985891,NA,Tigger4,FALSE,0.4651,NA,20,23,NA,NA,NA,IGR,FALSE,FALSE,FALSE,FALSE,2,1,1,1_1,15563a10-47a8-401d-a507-2c7101f7ae60,NA
10,83713841,83713841,1,snv_mnv,NA,NA,"broad,dkfz,muse,sanger",4,COSN514670,NA,NA,FALSE,0.4324,NA,16,21,NA,NA,NA,Intron,FALSE,FALSE,FALSE,FALSE,2,1,1,1_1,15563a10-47a8-401d-a507-2c7101f7ae60,NA
10,86434726,86434726,1,snv_mnv,NA,NA,"broad,dkfz,muse,sanger",4,COSN514672,NA,NA,FALSE,0.55,NA,11,9,NA,NA,NA,IGR,FALSE,FALSE,FALSE,FALSE,2,1,1,1_1,15563a10-47a8-401d-a507-2c7101f7ae60,NA
10,86905429,86905429,1,snv_mnv,NA,NA,"broad,dkfz,muse,sanger",4,COSN18985903,NA,MIRb,FALSE,0.5778,NA,26,19,NA,NA,NA,IGR,FALSE,FALSE,FALSE,FALSE,2,1,1,1_1,15563a10-47a8-401d-a507-2c7101f7ae60,NA
10,90213640,90213640,1,snv_mnv,NA,NA,"broad,dkfz,muse,sanger",4,COSN514674,NA,NA,FALSE,0.5882,NA,20,14,NA,NA,NA,Intron,FALSE,FALSE,FALSE,FALSE,2,1,1,1_1,15563a10-47a8-401d-a507-2c7101f7ae60,NA
10,91929889,91929889,1,snv_mnv,NA,NA,"broad,dkfz,muse,sanger",4,COSN159716,NA,NA,FALSE,0.5556,NA,15,12,NA,NA,NA,IGR,FALSE,FALSE,FALSE,FALSE,2,1,1,1_1,15563a10-47a8-401d-a507-2c7101f7ae60,NA
10,92244789,92244789,1,snv_mnv,NA,NA,"broad,dkfz,muse,sanger",4,COSN18985909,NA,L1PBa,FALSE,0.45,NA,9,11,NA,NA,NA,lincRNA,FALSE,FALSE,FALSE,FALSE,2,1,1,1_1,15563a10-47a8-401d-a507-2c7101f7ae60,NA
10,92286740,92286740,1,snv_mnv,NA,NA,"broad,muse,sanger",3,COSN18985892,NA,L1MA3,FALSE,0.1538,NA,4,22,NA,NA,NA,lincRNA,FALSE,FALSE,FALSE,FALSE,2,1,1,1_1,15563a10-47a8-401d-a507-2c7101f7ae60,NA
10,94626310,94626310,1,snv_mnv,NA,NA,"broad,dkfz,muse,sanger",4,COSN514677,NA,NA,FALSE,0.4643,NA,13,15,NA,NA,NA,Intron,FALSE,FALSE,FALSE,FALSE,2,1,1,1_1,15563a10-47a8-401d-a507-2c7101f7ae60,NA
10,94954920,94954920,1,snv_mnv,NA,NA,"broad,muse,sanger",3,COSN18985920,NA,MER117,FALSE,0.4667,NA,7,8,NA,NA,NA,IGR,FALSE,FALSE,FALSE,FALSE,2,1,1,1_1,15563a10-47a8-401d-a507-2c7101f7ae60,NA
10,95066190,95066190,1,snv_mnv,NA,NA,"broad,dkfz,muse,sanger",4,COSN514678,NA,NA,FALSE,0.625,NA,15,9,NA,NA,NA,3'UTR,FALSE,FALSE,FALSE,FALSE,2,1,1,1_1,15563a10-47a8-401d-a507-2c7101f7ae60,NA
10,96469122,96469122,1,snv_mnv,NA,NA,"broad,dkfz,muse,sanger",4,COSN18985882,NA,L1MB7,FALSE,0.3056,NA,11,25,NA,NA,NA,Intron,FALSE,FALSE,FALSE,FALSE,2,1,1,1_1,15563a10-47a8-401d-a507-2c7101f7ae60,NA
10,97911272,97911272,1,snv_mnv,NA,NA,"broad,dkfz,muse,sanger",4,COSN514681,NA,NA,FALSE,0.3846,NA,10,16,NA,NA,NA,RNA,FALSE,FALSE,FALSE,FALSE,2,1,1,1_1,15563a10-47a8-401d-a507-2c7101f7ae60,ZNF518A
10,97960284,97960284,1,snv_mnv,NA,NA,"broad,dkfz,muse,sanger",4,COSN18985901,NA,MIRc,FALSE,0.6176,NA,21,13,NA,NA,NA,Intron,FALSE,FALSE,FALSE,FALSE,2,1,1,1_1,15563a10-47a8-401d-a507-2c7101f7ae60,BLNK
10,98087915,98087915,1,snv_mnv,5.9904e-4,rs576745306,"broad,dkfz,muse",3,COSN514682,rs576745306,NA,FALSE,0.3784,NA,14,23,NA,NA,NA,Intron,FALSE,FALSE,FALSE,FALSE,2,1,1,1_1,15563a10-47a8-401d-a507-2c7101f7ae60,NA
10,99735287,99735287,1,snv_mnv,NA,NA,"broad,muse,sanger",3,COSN514686,NA,NA,FALSE,0.5,NA,4,4,NA,NA,NA,Intron,FALSE,FALSE,FALSE,FALSE,2,1,1,1_1,15563a10-47a8-401d-a507-2c7101f7ae60,NA
10,100535961,100535961,1,snv_mnv,NA,NA,"broad,dkfz,muse,sanger",4,COSN18985913,NA,AluSq2,FALSE,0.4333,NA,13,17,NA,NA,NA,Intron,FALSE,FALSE,FALSE,FALSE,2,1,1,1_1,15563a10-47a8-401d-a507-2c7101f7ae60,NA
10,107695388,107695388,1,snv_mnv,NA,NA,"broad,dkfz,muse,sanger",4,COSN14627172,NA,AluSq2,FALSE,0.3871,NA,12,19,NA,NA,NA,IGR,FALSE,FALSE,FALSE,FALSE,2,1,1,1_1,15563a10-47a8-401d-a507-2c7101f7ae60,NA
10,109158219,109158219,1,snv_mnv,NA,NA,"broad,dkfz,muse,sanger",4,COSN514548,NA,NA,FALSE,0.4565,NA,21,25,NA,NA,NA,IGR,FALSE,FALSE,FALSE,FALSE,2,1,1,1_1,15563a10-47a8-401d-a507-2c7101f7ae60,NA
10,110126650,110126650,1,snv_mnv,NA,NA,"broad,dkfz,muse,sanger",4,COSN514550,NA,NA,FALSE,0.4103,NA,16,23,NA,NA,NA,IGR,FALSE,FALSE,FALSE,FALSE,2,1,1,1_1,15563a10-47a8-401d-a507-2c7101f7ae60,NA
10,112738700,112738700,1,snv_mnv,NA,NA,"broad,dkfz,muse,sanger",4,COSN18985887,NA,L1MCa,FALSE,0.3902,NA,16,25,NA,NA,NA,Intron,FALSE,FALSE,FALSE,FALSE,2,1,1,1_1,15563a10-47a8-401d-a507-2c7101f7ae60,NA
10,114060112,114060112,1,snv_mnv,NA,NA,"broad,muse",2,COSN18985905,NA,(GGAA)n,FALSE,0.5,NA,14,14,NA,NA,NA,Intron,FALSE,FALSE,FALSE,FALSE,2,1,1,1_1,15563a10-47a8-401d-a507-2c7101f7ae60,"MIR6715A,MIR6715B"
10,114092358,114092358,1,snv_mnv,NA,NA,"broad,muse,sanger",3,COSN514553,NA,NA,FALSE,0.5926,NA,16,11,NA,NA,NA,RNA,FALSE,FALSE,FALSE,FALSE,2,1,1,1_1,15563a10-47a8-401d-a507-2c7101f7ae60,NA
10,115191295,115191295,1,snv_mnv,NA,NA,"broad,dkfz,muse,sanger",4,COSN514554,NA,NA,FALSE,0.28,NA,7,18,NA,NA,NA,IGR,FALSE,FALSE,FALSE,FALSE,2,1,1,1_1,15563a10-47a8-401d-a507-2c7101f7ae60,NA
10,120122497,120122497,1,snv_mnv,NA,NA,"broad,dkfz,muse,sanger",4,COSN514560,NA,NA,FALSE,0.5238,NA,22,20,NA,NA,NA,IGR,FALSE,FALSE,FALSE,FALSE,2,1,1,1_1,15563a10-47a8-401d-a507-2c7101f7ae60,LINC00867
10,120236619,120236619,1,snv_mnv,NA,NA,"broad,dkfz,muse,sanger",4,COSN18985881,NA,L1ME4a,FALSE,0.4074,NA,11,16,NA,NA,NA,IGR,FALSE,FALSE,FALSE,FALSE,2,1,1,1_1,15563a10-47a8-401d-a507-2c7101f7ae60,NA
10,121948059,121948059,1,snv_mnv,NA,NA,"broad,dkfz,muse,sanger",4,COSN18985869,NA,L1M4b,FALSE,0.3462,NA,9,17,NA,NA,NA,IGR,FALSE,FALSE,FALSE,FALSE,2,1,1,1_1,15563a10-47a8-401d-a507-2c7101f7ae60,NA
10,122768633,122768633,1,snv_mnv,NA,NA,"broad,dkfz,muse,sanger",4,COSN514561,NA,NA,FALSE,0.3333,NA,7,14,NA,NA,NA,IGR,FALSE,FALSE,FALSE,FALSE,2,1,1,1_1,15563a10-47a8-401d-a507-2c7101f7ae60,NA
10,132360256,132360256,1,snv_mnv,NA,NA,"broad,dkfz,muse,sanger",4,COSN514576,NA,NA,FALSE,0.4815,NA,13,14,NA,NA,NA,IGR,FALSE,FALSE,FALSE,FALSE,2,1,1,1_1,15563a10-47a8-401d-a507-2c7101f7ae60,NA
10,133447368,133447368,1,snv_mnv,NA,NA,"broad,dkfz,muse,sanger",4,COSN18985907,NA,L1MEd,FALSE,0.4615,NA,18,21,NA,NA,NA,IGR,FALSE,FALSE,FALSE,FALSE,2,1,1,1_1,15563a10-47a8-401d-a507-2c7101f7ae60,NA
10,134118765,134118765,1,snv_mnv,NA,NA,"broad,dkfz,muse,sanger",4,COSN514581,NA,NA,FALSE,0.4583,NA,11,13,NA,NA,NA,Intron,FALSE,FALSE,FALSE,FALSE,2,1,1,1_1,15563a10-47a8-401d-a507-2c7101f7ae60,NA
11,2077324,2077324,1,snv_mnv,NA,NA,"broad,dkfz,muse,sanger",4,COSN514733,NA,NA,FALSE,0.4,NA,20,30,NA,NA,NA,IGR,FALSE,FALSE,FALSE,FALSE,2,1,1,1_1,15563a10-47a8-401d-a507-2c7101f7ae60,NA
11,4966395,4966395,1,snv_mnv,NA,NA,"broad,dkfz,muse,sanger",4,COSN514784,rs545778169,NA,FALSE,0.4643,NA,13,15,NA,NA,NA,Intron,FALSE,FALSE,FALSE,FALSE,2,1,1,1_1,15563a10-47a8-401d-a507-2c7101f7ae60,OR51A4
11,6063766,6063766,1,snv_mnv,NA,NA,"broad,dkfz,muse,sanger",4,COSN18984860,NA,L1MEc,FALSE,0.4348,NA,10,13,NA,NA,NA,IGR,FALSE,FALSE,FALSE,FALSE,2,1,1,1_1,15563a10-47a8-401d-a507-2c7101f7ae60,OR56A7P
11,10223280,10223280,1,snv_mnv,NA,NA,"broad,muse,sanger",3,COSN18984855,NA,AluSz,FALSE,0.5,NA,13,13,NA,NA,NA,Intron,FALSE,FALSE,FALSE,FALSE,2,1,1,1_1,15563a10-47a8-401d-a507-2c7101f7ae60,NA
11,10901038,10901038,1,snv_mnv,NA,NA,"broad,dkfz,muse,sanger",4,COSN18984858,NA,ERVL-E-int,FALSE,0.6286,NA,22,13,NA,NA,NA,RNA,FALSE,FALSE,FALSE,FALSE,2,1,1,1_1,15563a10-47a8-401d-a507-2c7101f7ae60,ZBED5-AS1
11,12473414,12473414,1,snv_mnv,NA,NA,"broad,dkfz,muse,sanger",4,COSN514704,NA,NA,FALSE,0.4839,NA,15,16,NA,NA,NA,Intron,FALSE,FALSE,FALSE,FALSE,2,1,1,1_1,15563a10-47a8-401d-a507-2c7101f7ae60,PARVA
11,14603594,14603594,1,snv_mnv,NA,NA,"broad,dkfz,muse,sanger",4,COSN514723,NA,NA,FALSE,0.5,NA,20,20,NA,NA,NA,Intron,FALSE,FALSE,FALSE,FALSE,2,1,1,1_1,15563a10-47a8-401d-a507-2c7101f7ae60,NA
11,15038150,15038150,1,snv_mnv,NA,NA,"broad,dkfz,muse,sanger",4,COSN18984846,NA,THE1C,FALSE,0.5122,NA,21,20,NA,NA,NA,Intron,FALSE,FALSE,FALSE,FALSE,2,1,1,1_1,15563a10-47a8-401d-a507-2c7101f7ae60,NA
11,15641940,15641940,1,snv_mnv,NA,NA,"broad,dkfz,muse,sanger",4,COSN18984873,NA,Charlie2a,FALSE,0.5806,NA,18,13,NA,NA,NA,lincRNA,FALSE,FALSE,FALSE,FALSE,2,1,1,1_1,15563a10-47a8-401d-a507-2c7101f7ae60,NA
11,15666080,15666080,1,snv_mnv,NA,NA,"broad,dkfz,muse,sanger",4,COSN514725,NA,NA,FALSE,0.4839,NA,15,16,NA,NA,NA,lincRNA,FALSE,FALSE,FALSE,FALSE,2,1,1,1_1,15563a10-47a8-401d-a507-2c7101f7ae60,NA
11,17652335,17652335,1,snv_mnv,NA,NA,"broad,dkfz,muse,sanger",4,COSN18984851,NA,L2c,FALSE,0.5581,NA,24,19,NA,NA,NA,Intron,FALSE,FALSE,FALSE,FALSE,2,1,1,1_1,15563a10-47a8-401d-a507-2c7101f7ae60,NA
11,21418873,21418873,1,snv_mnv,NA,NA,"broad,dkfz,muse,sanger",4,COSN514734,NA,NA,FALSE,0.2353,NA,4,13,NA,NA,NA,Intron,FALSE,FALSE,FALSE,FALSE,2,1,1,1_1,15563a10-47a8-401d-a507-2c7101f7ae60,NA
11,23669186,23669186,1,snv_mnv,NA,NA,"broad,muse,sanger",3,COSN18984887,NA,L1PA5,FALSE,0.4722,NA,17,19,NA,NA,NA,IGR,FALSE,FALSE,FALSE,FALSE,2,1,1,1_1,15563a10-47a8-401d-a507-2c7101f7ae60,NA
11,25130942,25130942,1,snv_mnv,NA,NA,"broad,dkfz,muse,sanger",4,COSN514746,NA,NA,FALSE,0.7619,NA,16,5,NA,NA,NA,IGR,FALSE,FALSE,FALSE,TRUE,2,1,1,1_1,15563a10-47a8-401d-a507-2c7101f7ae60,NA
11,25566585,25566585,1,snv_mnv,NA,NA,"broad,dkfz,muse,sanger",4,COSN18984842,NA,L1MB3,FALSE,0.4444,NA,12,15,NA,NA,NA,IGR,FALSE,FALSE,FALSE,FALSE,2,1,1,1_1,15563a10-47a8-401d-a507-2c7101f7ae60,NA
11,29186746,29186746,1,snv_mnv,NA,NA,"broad,dkfz,muse,sanger",4,COSN514755,NA,NA,FALSE,0.4688,NA,15,17,NA,NA,NA,lincRNA,FALSE,FALSE,FALSE,FALSE,2,1,1,1_1,15563a10-47a8-401d-a507-2c7101f7ae60,NA
11,29923597,29923597,1,snv_mnv,NA,NA,"broad,dkfz,muse,sanger",4,COSN514757,NA,NA,FALSE,0.6,NA,15,10,NA,NA,NA,IGR,FALSE,FALSE,FALSE,FALSE,2,1,1,1_1,15563a10-47a8-401d-a507-2c7101f7ae60,NA
11,31245004,31245004,1,snv_mnv,NA,NA,"broad,muse,sanger",3,COSN18984840,NA,L1ME3C,FALSE,0.4545,NA,15,18,NA,NA,NA,Intron,FALSE,FALSE,FALSE,FALSE,2,1,1,1_1,15563a10-47a8-401d-a507-2c7101f7ae60,NA
11,34126656,34126656,1,snv_mnv,NA,NA,"broad,dkfz,muse,sanger",4,COSN514761,NA,NA,FALSE,0.3793,NA,11,18,NA,NA,NA,5'Flank,FALSE,FALSE,FALSE,FALSE,2,1,1,1_1,15563a10-47a8-401d-a507-2c7101f7ae60,NA
11,34432577,34432577,1,snv_mnv,NA,NA,"broad,dkfz,muse,sanger",4,COSN18984852,NA,MER21B,FALSE,0.45,NA,9,11,NA,NA,NA,IGR,FALSE,FALSE,FALSE,FALSE,2,1,1,1_1,15563a10-47a8-401d-a507-2c7101f7ae60,NA
11,36021292,36021292,1,snv_mnv,NA,NA,"broad,dkfz,muse,sanger",4,COSN514765,NA,NA,FALSE,0.55,NA,11,9,NA,NA,NA,Intron,FALSE,FALSE,FALSE,FALSE,2,1,1,1_1,15563a10-47a8-401d-a507-2c7101f7ae60,RPL12P31
11,37310915,37310915,1,snv_mnv,NA,NA,"broad,dkfz,muse,sanger",4,COSN18984874,NA,Tigger1,FALSE,0.5172,NA,15,14,NA,NA,NA,IGR,FALSE,FALSE,FALSE,FALSE,2,1,1,1_1,15563a10-47a8-401d-a507-2c7101f7ae60,NA
11,38337131,38337131,1,snv_mnv,NA,NA,"broad,dkfz,muse,sanger",4,COSN18984838,NA,L1MA3,FALSE,0.4474,NA,17,21,NA,NA,NA,IGR,FALSE,FALSE,FALSE,FALSE,2,1,1,1_1,15563a10-47a8-401d-a507-2c7101f7ae60,NA
11,39131302,39131302,1,snv_mnv,NA,NA,"broad,dkfz,muse,sanger",4,COSN159714,NA,NA,FALSE,0.3571,NA,5,9,NA,NA,NA,IGR,FALSE,FALSE,FALSE,FALSE,2,1,1,1_1,15563a10-47a8-401d-a507-2c7101f7ae60,NA
11,39153669,39153669,1,snv_mnv,NA,NA,"broad,dkfz,muse,sanger",4,COSN18984837,NA,L2,FALSE,0.4615,NA,12,14,NA,NA,NA,IGR,FALSE,FALSE,FALSE,FALSE,2,1,1,1_1,15563a10-47a8-401d-a507-2c7101f7ae60,NA
11,40344924,40344924,1,snv_mnv,NA,NA,"broad,dkfz,muse,sanger",4,COSN514773,NA,NA,FALSE,0.6571,NA,23,12,NA,NA,NA,Intron,FALSE,FALSE,FALSE,FALSE,2,1,1,1_1,15563a10-47a8-401d-a507-2c7101f7ae60,LRRC4C
11,41043270,41043270,1,snv_mnv,NA,NA,"broad,dkfz,muse,sanger",4,COSN18984880,NA,NA,FALSE,0.2143,NA,6,22,NA,NA,NA,Intron,FALSE,FALSE,FALSE,FALSE,2,1,1,1_1,15563a10-47a8-401d-a507-2c7101f7ae60,NA
11,41850247,41850247,1,snv_mnv,NA,NA,"broad,dkfz,muse,sanger",4,COSN514776,NA,NA,FALSE,0.3864,NA,17,27,NA,NA,NA,lincRNA,FALSE,FALSE,FALSE,FALSE,2,1,1,1_1,15563a10-47a8-401d-a507-2c7101f7ae60,LINC01499
11,42261979,42261979,1,snv_mnv,NA,NA,"broad,dkfz,muse,sanger",4,COSN18984869,NA,MIRb,FALSE,0.4412,NA,15,19,NA,NA,NA,lincRNA,FALSE,FALSE,FALSE,FALSE,2,1,1,1_1,15563a10-47a8-401d-a507-2c7101f7ae60,AC090458.1
11,44819434,44819434,1,snv_mnv,NA,NA,"broad,dkfz,muse,sanger",4,COSN18984857,NA,MER103C,FALSE,0.5882,NA,20,14,NA,NA,NA,Intron,FALSE,FALSE,FALSE,FALSE,2,1,1,1_1,15563a10-47a8-401d-a507-2c7101f7ae60,NA
11,44840629,44840629,1,snv_mnv,NA,NA,"broad,dkfz,muse,sanger",4,COSN514779,NA,NA,FALSE,0.3846,NA,5,8,NA,NA,NA,Intron,FALSE,FALSE,FALSE,FALSE,2,1,1,1_1,15563a10-47a8-401d-a507-2c7101f7ae60,NA
11,47274666,47274666,1,snv_mnv,NA,NA,"broad,muse",2,COSN18984885,NA,AluJb,FALSE,0.25,NA,3,9,NA,NA,NA,Intron,FALSE,FALSE,FALSE,FALSE,2,1,1,1_1,15563a10-47a8-401d-a507-2c7101f7ae60,"NR1H3,ACP2"
11,48930579,48930579,1,snv_mnv,NA,NA,"broad,dkfz,muse,sanger",4,COSN18984839,NA,NA,FALSE,0.3929,NA,11,17,NA,NA,NA,IGR,FALSE,FALSE,FALSE,TRUE,2,1,1,1_1,15563a10-47a8-401d-a507-2c7101f7ae60,AC027369.5
11,49095876,49095876,1,snv_mnv,NA,NA,"broad,dkfz,muse,sanger",4,COSN514782,NA,NA,FALSE,0.381,NA,8,13,NA,NA,NA,IGR,FALSE,FALSE,FALSE,FALSE,2,1,1,1_1,15563a10-47a8-401d-a507-2c7101f7ae60,AC084851.1
11,49954881,49954881,1,snv_mnv,NA,NA,"broad,muse,sanger",3,COSN18984834,NA,L1MC1,FALSE,0.52,NA,13,12,NA,NA,NA,IGR,FALSE,FALSE,FALSE,FALSE,2,1,1,1_1,15563a10-47a8-401d-a507-2c7101f7ae60,NA
11,56147203,56147203,1,snv_mnv,NA,NA,"broad,dkfz,muse,sanger",4,COSN18984843,NA,L1ME4a,FALSE,0.4062,NA,13,19,NA,NA,NA,IGR,FALSE,FALSE,FALSE,FALSE,2,1,1,1_1,15563a10-47a8-401d-a507-2c7101f7ae60,"OR8U1,OR8L1P"
11,56292962,56292962,1,snv_mnv,NA,NA,"broad,dkfz,muse,sanger",4,COSN514794,NA,NA,FALSE,0.431,NA,25,33,NA,NA,NA,IGR,FALSE,FALSE,FALSE,FALSE,2,1,1,1_1,15563a10-47a8-401d-a507-2c7101f7ae60,OR5M5P
11,61360316,61360316,1,snv_mnv,NA,NA,"broad,dkfz,muse,sanger",4,COSN18984836,NA,AluSx,FALSE,0.4211,NA,8,11,NA,NA,NA,lincRNA,FALSE,FALSE,FALSE,FALSE,2,1,1,1_1,15563a10-47a8-401d-a507-2c7101f7ae60,NA
11,63063681,63063681,1,snv_mnv,NA,NA,"broad,dkfz,muse,sanger",4,COSN18984850,NA,L1M2c,FALSE,0.5517,NA,16,13,NA,NA,NA,Intron,FALSE,FALSE,FALSE,FALSE,2,1,1,1_1,15563a10-47a8-401d-a507-2c7101f7ae60,SLC22A10
11,63697387,63697387,1,snv_mnv,NA,NA,"broad,dkfz,muse,sanger",4,COSN18984866,NA,MLT1C,FALSE,0.4571,NA,16,19,NA,NA,NA,IGR,FALSE,FALSE,FALSE,FALSE,2,1,1,1_1,15563a10-47a8-401d-a507-2c7101f7ae60,NA
11,75196479,75196479,1,snv_mnv,NA,NA,"broad,dkfz,muse,sanger",4,COSN18984864,NA,L1MC2,FALSE,0.4194,NA,13,18,NA,NA,NA,Intron,FALSE,FALSE,FALSE,FALSE,2,1,1,1_1,15563a10-47a8-401d-a507-2c7101f7ae60,NA
11,76709195,76709195,1,snv_mnv,NA,NA,"broad,dkfz,muse,sanger",4,COSN514810,NA,NA,FALSE,0.5,NA,10,10,NA,NA,NA,Intron,FALSE,FALSE,FALSE,FALSE,2,1,1,1_1,15563a10-47a8-401d-a507-2c7101f7ae60,ACER3
11,81473058,81473058,1,snv_mnv,NA,NA,"muse,sanger",2,COSN18984833,NA,Charlie1a,FALSE,0.4762,NA,10,11,NA,NA,NA,IGR,FALSE,FALSE,FALSE,FALSE,2,1,1,1_1,15563a10-47a8-401d-a507-2c7101f7ae60,NA
11,83908558,83908558,1,snv_mnv,NA,NA,"broad,dkfz,muse,sanger",4,COSN514820,NA,NA,FALSE,0.5556,NA,15,12,NA,NA,NA,Intron,FALSE,FALSE,FALSE,FALSE,2,1,1,1_1,15563a10-47a8-401d-a507-2c7101f7ae60,NA
11,87312482,87312482,1,snv_mnv,NA,NA,"broad,dkfz,muse,sanger",4,COSN18984872,NA,MER53,FALSE,0.4571,NA,16,19,NA,NA,NA,IGR,FALSE,FALSE,FALSE,FALSE,2,1,1,1_1,15563a10-47a8-401d-a507-2c7101f7ae60,NA
11,87483676,87483676,1,snv_mnv,NA,NA,"dkfz,sanger",2,COSN18984862,NA,MIR,FALSE,0.4444,NA,20,25,NA,NA,NA,IGR,FALSE,FALSE,FALSE,FALSE,2,1,1,1_1,15563a10-47a8-401d-a507-2c7101f7ae60,NA
11,89181987,89181987,1,snv_mnv,NA,NA,"broad,dkfz,muse",3,COSN18984876,NA,AluJb,FALSE,0.35,NA,7,13,NA,NA,NA,Intron,FALSE,FALSE,FALSE,FALSE,2,1,1,1_1,15563a10-47a8-401d-a507-2c7101f7ae60,NA
11,89194565,89194565,1,snv_mnv,NA,NA,"broad,dkfz,muse,sanger",4,COSN18984886,NA,AluY,FALSE,0.5789,NA,11,8,NA,NA,NA,Intron,FALSE,FALSE,FALSE,FALSE,2,1,1,1_1,15563a10-47a8-401d-a507-2c7101f7ae60,NA
11,89225432,89225432,1,snv_mnv,NA,NA,"broad,dkfz,muse,sanger",4,COSN514832,NA,NA,FALSE,0.6316,NA,24,14,NA,NA,NA,5'Flank,FALSE,FALSE,FALSE,FALSE,2,1,1,1_1,15563a10-47a8-401d-a507-2c7101f7ae60,NOX4
11,89280982,89280982,1,snv_mnv,NA,NA,"broad,dkfz,muse,sanger",4,COSN18984870,NA,MER5B,FALSE,0.4194,NA,13,18,NA,NA,NA,Intron,FALSE,FALSE,FALSE,FALSE,2,1,1,1_1,15563a10-47a8-401d-a507-2c7101f7ae60,"AP003400.5,AP003400.2"
11,91285365,91285365,1,snv_mnv,NA,NA,"broad,dkfz,muse,sanger",4,COSN514836,NA,NA,FALSE,0.4324,NA,16,21,NA,NA,NA,IGR,FALSE,FALSE,FALSE,FALSE,2,1,1,1_1,15563a10-47a8-401d-a507-2c7101f7ae60,NA
11,91989674,91989674,1,snv_mnv,NA,NA,"broad,dkfz,muse,sanger",4,COSN514842,NA,NA,FALSE,0.5517,NA,16,13,NA,NA,NA,IGR,FALSE,FALSE,FALSE,FALSE,2,1,1,1_1,15563a10-47a8-401d-a507-2c7101f7ae60,NA
11,94676610,94676610,1,snv_mnv,NA,NA,"broad,dkfz,muse,sanger",4,COSN18984875,NA,LTR16B1,FALSE,0.5,NA,12,12,NA,NA,NA,IGR,FALSE,FALSE,FALSE,FALSE,2,1,1,1_1,15563a10-47a8-401d-a507-2c7101f7ae60,NA
11,96533076,96533076,1,snv_mnv,NA,NA,"broad,dkfz,muse,sanger",4,COSN514850,NA,NA,FALSE,0.4444,NA,12,15,NA,NA,NA,lincRNA,FALSE,FALSE,FALSE,FALSE,2,1,1,1_1,15563a10-47a8-401d-a507-2c7101f7ae60,NA
11,97078297,97078297,1,snv_mnv,NA,NA,"broad,dkfz,muse,sanger",4,COSN514852,NA,NA,FALSE,0.6,NA,12,8,NA,NA,NA,IGR,FALSE,FALSE,FALSE,FALSE,2,1,1,1_1,15563a10-47a8-401d-a507-2c7101f7ae60,NA
11,97130154,97130154,1,snv_mnv,NA,NA,"broad,dkfz,muse,sanger",4,COSN18984879,NA,NA,FALSE,0.6216,NA,23,14,NA,NA,NA,lincRNA,FALSE,FALSE,FALSE,FALSE,2,1,1,1_1,15563a10-47a8-401d-a507-2c7101f7ae60,NA
11,98125449,98125449,1,snv_mnv,NA,NA,"broad,dkfz,muse,sanger",4,COSN18984847,NA,L1PA11,FALSE,0.5135,NA,19,18,NA,NA,NA,IGR,FALSE,FALSE,FALSE,FALSE,2,1,1,1_1,15563a10-47a8-401d-a507-2c7101f7ae60,NA
11,98687271,98687271,1,snv_mnv,NA,NA,"broad,dkfz,muse,sanger",4,COSN514857,NA,NA,FALSE,0.5714,NA,16,12,NA,NA,NA,IGR,FALSE,FALSE,FALSE,FALSE,2,1,1,1_1,15563a10-47a8-401d-a507-2c7101f7ae60,NA
11,98802648,98802648,1,snv_mnv,NA,NA,"broad,dkfz,muse,sanger",4,COSN18984845,NA,HERVK22-int,FALSE,0.439,NA,18,23,NA,NA,NA,IGR,FALSE,FALSE,FALSE,FALSE,2,1,1,1_1,15563a10-47a8-401d-a507-2c7101f7ae60,NA
11,106289470,106289470,1,snv_mnv,NA,NA,"broad,dkfz,muse,sanger",4,COSN514690,NA,NA,FALSE,0.4483,NA,13,16,NA,NA,NA,IGR,FALSE,FALSE,FALSE,FALSE,2,1,1,1_1,15563a10-47a8-401d-a507-2c7101f7ae60,NA
11,107011675,107011675,1,snv_mnv,NA,NA,"broad,dkfz,muse,sanger",4,COSN514691,NA,NA,FALSE,0.5405,NA,20,17,NA,NA,NA,IGR,FALSE,FALSE,FALSE,FALSE,2,1,1,1_1,15563a10-47a8-401d-a507-2c7101f7ae60,NA
11,107184314,107184314,1,snv_mnv,NA,NA,"broad,dkfz,muse,sanger",4,COSN18984867,NA,L2c,FALSE,0.5625,NA,18,14,NA,NA,NA,lincRNA,FALSE,FALSE,FALSE,FALSE,2,1,1,1_1,15563a10-47a8-401d-a507-2c7101f7ae60,NA
11,109217462,109217462,1,snv_mnv,NA,NA,"broad,dkfz,muse,sanger",4,COSN514692,NA,NA,FALSE,0.3913,NA,18,28,NA,NA,NA,IGR,FALSE,FALSE,FALSE,FALSE,2,1,1,1_1,15563a10-47a8-401d-a507-2c7101f7ae60,NA
11,110759800,110759800,1,snv_mnv,NA,NA,"broad,dkfz,muse,sanger",4,COSN18984849,NA,AluY,FALSE,0.5789,NA,11,8,NA,NA,NA,IGR,FALSE,FALSE,FALSE,FALSE,2,1,1,1_1,15563a10-47a8-401d-a507-2c7101f7ae60,NA
11,113864377,113864377,1,snv_mnv,NA,NA,"broad,dkfz,muse,sanger",4,COSN159711,NA,NA,FALSE,0.3043,NA,7,16,NA,NA,NA,IGR,FALSE,FALSE,FALSE,FALSE,2,1,1,1_1,15563a10-47a8-401d-a507-2c7101f7ae60,HTR3A
11,115772123,115772123,1,snv_mnv,NA,NA,"broad,dkfz,muse,sanger",4,COSN18984848,NA,MIRb,FALSE,0.3784,NA,14,23,NA,NA,NA,IGR,FALSE,FALSE,FALSE,FALSE,2,1,1,1_1,15563a10-47a8-401d-a507-2c7101f7ae60,NA
11,116118563,116118563,1,snv_mnv,NA,NA,"broad,dkfz,muse,sanger",4,COSN18984804,NA,L2c,FALSE,0.5484,NA,17,14,NA,NA,NA,IGR,FALSE,FALSE,FALSE,FALSE,2,1,1,1_1,15563a10-47a8-401d-a507-2c7101f7ae60,NA
11,123610795,123610795,1,snv_mnv,NA,NA,"broad,dkfz,muse,sanger",4,COSN514703,NA,NA,FALSE,0.4872,NA,19,20,NA,NA,NA,Intron,FALSE,FALSE,FALSE,FALSE,2,1,1,1_1,15563a10-47a8-401d-a507-2c7101f7ae60,NA
11,129152905,129152905,1,snv_mnv,NA,NA,"broad,dkfz,muse,sanger",4,COSN18984884,NA,L2a,FALSE,0.2903,NA,9,22,NA,NA,NA,IGR,FALSE,FALSE,FALSE,FALSE,2,1,1,1_1,15563a10-47a8-401d-a507-2c7101f7ae60,ARHGAP32
11,130195399,130195399,1,snv_mnv,NA,NA,"broad,dkfz,muse,sanger",4,COSN18984854,NA,AluSx3,FALSE,0.4091,NA,9,13,NA,NA,NA,lincRNA,FALSE,FALSE,FALSE,FALSE,2,1,1,1_1,15563a10-47a8-401d-a507-2c7101f7ae60,NA
11,132272731,132272731,1,snv_mnv,NA,NA,"broad,dkfz,muse,sanger",4,COSN514713,NA,NA,FALSE,0.5,NA,9,9,NA,NA,NA,IGR,FALSE,FALSE,FALSE,FALSE,2,1,1,1_1,15563a10-47a8-401d-a507-2c7101f7ae60,AP000843.1
11,132404831,132404831,1,snv_mnv,NA,NA,"broad,dkfz,muse,sanger",4,COSN514714,NA,NA,FALSE,0.3667,NA,11,19,NA,NA,NA,Intron,FALSE,FALSE,FALSE,FALSE,2,1,1,1_1,15563a10-47a8-401d-a507-2c7101f7ae60,NA
11,132758096,132758096,1,snv_mnv,NA,NA,"broad,dkfz,muse,sanger",4,COSN514718,NA,NA,FALSE,0.3846,NA,10,16,NA,NA,NA,Intron,FALSE,FALSE,FALSE,FALSE,2,1,1,1_1,15563a10-47a8-401d-a507-2c7101f7ae60,NA
11,132789549,132789549,1,snv_mnv,NA,NA,"broad,dkfz,muse,sanger",4,COSN514719,NA,NA,FALSE,0.4259,NA,23,31,NA,NA,NA,Intron,FALSE,FALSE,FALSE,FALSE,2,1,1,1_1,15563a10-47a8-401d-a507-2c7101f7ae60,NA
11,133401156,133401156,1,snv_mnv,NA,NA,"broad,dkfz,muse,sanger",4,COSN514721,NA,NA,FALSE,0.5714,NA,16,12,NA,NA,NA,Intron,FALSE,FALSE,FALSE,FALSE,2,1,1,1_1,15563a10-47a8-401d-a507-2c7101f7ae60,NA
11,133508866,133508866,1,snv_mnv,5.9904e-4,rs186935948,"broad,muse,sanger",3,COSN18984856,rs186935948,NA,FALSE,0.7143,NA,15,6,NA,NA,NA,IGR,FALSE,FALSE,FALSE,FALSE,2,1,1,1_1,15563a10-47a8-401d-a507-2c7101f7ae60,NA
11,134102301,134102301,1,snv_mnv,NA,NA,"broad,dkfz,muse",3,COSN514722,NA,NA,FALSE,0.5385,NA,14,12,NA,NA,NA,Intron,FALSE,FALSE,FALSE,FALSE,2,1,1,1_1,15563a10-47a8-401d-a507-2c7101f7ae60,VPS26B
12,366525,366525,1,snv_mnv,NA,NA,"broad,dkfz,muse,sanger",4,COSN514929,NA,NA,FALSE,0.4444,NA,4,5,NA,NA,NA,Intron,FALSE,FALSE,FALSE,FALSE,2,1,1,1_1,15563a10-47a8-401d-a507-2c7101f7ae60,"AC007406.2,SLC6A13"
12,3665761,3665761,1,snv_mnv,NA,NA,"broad,dkfz,muse,sanger",4,COSN18985624,NA,L2a,FALSE,0.5185,NA,14,13,NA,NA,NA,Intron,FALSE,FALSE,FALSE,FALSE,2,1,1,1_1,15563a10-47a8-401d-a507-2c7101f7ae60,NA
12,4409147,4409147,1,snv_mnv,NA,NA,"broad,dkfz,muse,sanger",4,COSM96814,NA,NA,FALSE,0.5789,NA,22,16,NA,NA,NA,Missense_Mutation,FALSE,FALSE,FALSE,FALSE,2,1,1,1_1,15563a10-47a8-401d-a507-2c7101f7ae60,CCND2
12,5623671,5623671,1,snv_mnv,NA,NA,"broad,dkfz,muse,sanger",4,COSN514943,NA,NA,FALSE,0.4865,NA,18,19,NA,NA,NA,Intron,FALSE,FALSE,FALSE,FALSE,2,1,1,1_1,15563a10-47a8-401d-a507-2c7101f7ae60,NTF3
12,5647257,5647257,1,snv_mnv,NA,NA,"broad,muse",2,COSN18985594,NA,L2a,FALSE,0.375,NA,3,5,NA,NA,NA,IGR,FALSE,FALSE,FALSE,FALSE,2,1,1,1_1,15563a10-47a8-401d-a507-2c7101f7ae60,NA
12,6085323,6085323,1,snv_mnv,1.9968e-4,rs373896832,"broad,dkfz,muse,sanger",4,COSM96813,rs373896832,NA,FALSE,0.5,NA,5,5,NA,NA,NA,Missense_Mutation,FALSE,FALSE,FALSE,FALSE,2,1,1,1_1,15563a10-47a8-401d-a507-2c7101f7ae60,NA
12,6232097,6232097,1,snv_mnv,NA,NA,"broad,muse,sanger",3,COSN18637717,NA,NA,FALSE,0.15,NA,3,17,NA,NA,NA,Intron,FALSE,FALSE,FALSE,FALSE,2,1,1,1_1,15563a10-47a8-401d-a507-2c7101f7ae60,NA
12,9914378,9914378,1,snv_mnv,NA,NA,"broad,dkfz,muse,sanger",4,COSN515010,NA,NA,FALSE,0.5106,NA,24,23,NA,NA,NA,5'Flank,FALSE,FALSE,FALSE,FALSE,2,1,1,1_1,15563a10-47a8-401d-a507-2c7101f7ae60,CD69
12,11518687,11518687,1,snv_mnv,NA,NA,"broad,dkfz,muse,sanger",4,COSN514875,NA,NA,FALSE,0.5,NA,20,20,NA,NA,NA,Intron,FALSE,FALSE,FALSE,FALSE,2,1,1,1_1,15563a10-47a8-401d-a507-2c7101f7ae60,NA
12,11699721,11699721,1,snv_mnv,NA,NA,"broad,dkfz,muse,sanger",4,COSN18985606,NA,LTR9,FALSE,0.5789,NA,11,8,NA,NA,NA,lincRNA,FALSE,FALSE,FALSE,FALSE,2,1,1,1_1,15563a10-47a8-401d-a507-2c7101f7ae60,"RNU7-60P,LINC01252"
12,15759778,15759778,1,snv_mnv,NA,NA,"broad,dkfz,muse,sanger",4,COSN514897,NA,NA,FALSE,0.6,NA,15,10,NA,NA,NA,IGR,FALSE,FALSE,FALSE,FALSE,2,1,1,1_1,15563a10-47a8-401d-a507-2c7101f7ae60,NA
12,16611210,16611210,1,snv_mnv,NA,NA,"broad,dkfz,muse,sanger",4,COSN514902,NA,NA,FALSE,0.45,NA,18,22,NA,NA,NA,IGR,FALSE,FALSE,FALSE,FALSE,2,1,1,1_1,15563a10-47a8-401d-a507-2c7101f7ae60,NA
12,17041562,17041562,1,snv_mnv,NA,NA,"broad,dkfz,muse,sanger",4,COSN18985605,NA,L2,FALSE,0.439,NA,18,23,NA,NA,NA,IGR,FALSE,FALSE,FALSE,FALSE,2,1,1,1_1,15563a10-47a8-401d-a507-2c7101f7ae60,NA
12,17748592,17748592,1,snv_mnv,1.9968e-4,rs573834104,"broad,dkfz,muse,sanger",4,COSN514906,rs573834104,NA,FALSE,0.4286,NA,24,32,NA,NA,NA,lincRNA,FALSE,FALSE,FALSE,FALSE,2,1,1,1_1,15563a10-47a8-401d-a507-2c7101f7ae60,NA
12,17822090,17822090,1,snv_mnv,NA,NA,"broad,dkfz,muse,sanger",4,COSN514907,NA,AluJb,FALSE,0.65,NA,13,7,NA,NA,NA,IGR,FALSE,FALSE,FALSE,FALSE,2,1,1,1_1,15563a10-47a8-401d-a507-2c7101f7ae60,MIR3974
12,17897468,17897468,1,snv_mnv,NA,NA,"broad,dkfz,muse,sanger",4,COSN514908,NA,NA,FALSE,0.6429,NA,18,10,NA,NA,NA,IGR,FALSE,FALSE,FALSE,FALSE,2,1,1,1_1,15563a10-47a8-401d-a507-2c7101f7ae60,NA
12,21941941,21941941,1,snv_mnv,NA,NA,"broad,dkfz,muse,sanger",4,COSN18985616,NA,AluJo,FALSE,0.2857,NA,8,20,NA,NA,NA,IGR,FALSE,FALSE,FALSE,FALSE,2,1,1,1_1,15563a10-47a8-401d-a507-2c7101f7ae60,NA
12,27470252,27470252,1,snv_mnv,NA,NA,"broad,dkfz,muse,sanger",4,COSN514919,NA,NA,FALSE,0.5484,NA,17,14,NA,NA,NA,Intron,FALSE,FALSE,FALSE,FALSE,2,1,1,1_1,15563a10-47a8-401d-a507-2c7101f7ae60,STK38L
12,27767644,27767644,1,snv_mnv,NA,NA,"broad,dkfz,muse,sanger",4,COSN514920,NA,NA,FALSE,0.4545,NA,10,12,NA,NA,NA,Intron,FALSE,FALSE,FALSE,FALSE,2,1,1,1_1,15563a10-47a8-401d-a507-2c7101f7ae60,NA
12,28032668,28032668,1,snv_mnv,NA,NA,"broad,dkfz,muse,sanger",4,COSN18985599,NA,L1MA8,FALSE,0.4,NA,16,24,NA,NA,NA,IGR,FALSE,FALSE,FALSE,FALSE,2,1,1,1_1,15563a10-47a8-401d-a507-2c7101f7ae60,NA
12,33116091,33116091,1,snv_mnv,NA,NA,"broad,dkfz,muse,sanger",4,COSN514925,NA,NA,FALSE,0.4074,NA,11,16,NA,NA,NA,IGR,FALSE,FALSE,FALSE,FALSE,2,1,1,1_1,15563a10-47a8-401d-a507-2c7101f7ae60,NA
12,33116287,33116287,1,snv_mnv,NA,NA,"broad,dkfz,muse,sanger",4,COSN514926,NA,NA,FALSE,0.3478,NA,8,15,NA,NA,NA,IGR,FALSE,FALSE,FALSE,FALSE,2,1,1,1_1,15563a10-47a8-401d-a507-2c7101f7ae60,NA
12,33429250,33429250,1,snv_mnv,NA,NA,"broad,dkfz,muse,sanger",4,COSN18985611,NA,L1MDa,FALSE,0.4595,NA,17,20,NA,NA,NA,IGR,FALSE,FALSE,FALSE,FALSE,2,1,1,1_1,15563a10-47a8-401d-a507-2c7101f7ae60,NA
12,33565843,33565843,1,snv_mnv,NA,NA,"broad,dkfz,muse,sanger",4,COSN18985585,NA,L1P1,FALSE,0.4828,NA,14,15,NA,NA,NA,Intron,FALSE,FALSE,FALSE,FALSE,2,1,1,1_1,15563a10-47a8-401d-a507-2c7101f7ae60,NA
12,37939867,37939867,1,snv_mnv,NA,NA,"broad,dkfz,muse",3,COSN18985589,NA,SST1,FALSE,0.4375,NA,7,9,NA,NA,NA,IGR,FALSE,FALSE,FALSE,FALSE,2,1,1,1_1,15563a10-47a8-401d-a507-2c7101f7ae60,NA
12,41065314,41065314,1,snv_mnv,NA,NA,"broad,dkfz,muse,sanger",4,COSN18985602,NA,L3,FALSE,0.3462,NA,9,17,NA,NA,NA,IGR,FALSE,FALSE,FALSE,FALSE,2,1,1,1_1,15563a10-47a8-401d-a507-2c7101f7ae60,NA
12,45696480,45696480,1,snv_mnv,NA,NA,"broad,dkfz,muse,sanger",4,COSN514937,NA,NA,FALSE,0.4595,NA,17,20,NA,NA,NA,Intron,FALSE,FALSE,FALSE,FALSE,2,1,1,1_1,15563a10-47a8-401d-a507-2c7101f7ae60,NA
12,45727490,45727490,1,snv_mnv,NA,NA,"broad,dkfz,muse,sanger",4,COSN514938,NA,NA,FALSE,0.4,NA,12,18,NA,NA,NA,Intron,FALSE,FALSE,FALSE,FALSE,2,1,1,1_1,15563a10-47a8-401d-a507-2c7101f7ae60,ANO6
12,48239519,48239519,1,snv_mnv,NA,NA,"broad,dkfz,muse,sanger",4,COSN514939,NA,NA,FALSE,0.3529,NA,6,11,NA,NA,NA,Intron,FALSE,FALSE,FALSE,FALSE,2,1,1,1_1,15563a10-47a8-401d-a507-2c7101f7ae60,NA
12,52232060,52232060,1,snv_mnv,NA,NA,"broad,dkfz,muse",3,COSN514941,NA,NA,FALSE,0.6538,NA,17,9,NA,NA,NA,lincRNA,FALSE,FALSE,FALSE,FALSE,2,1,1,1_1,15563a10-47a8-401d-a507-2c7101f7ae60,AC068987.3
12,54007466,54007466,1,snv_mnv,NA,NA,"broad,dkfz,muse,sanger",4,COSN18985592,rs775463940,AluJo,FALSE,0.4375,NA,14,18,NA,NA,NA,Intron,FALSE,FALSE,FALSE,FALSE,3,2,1,2_1,15563a10-47a8-401d-a507-2c7101f7ae60,NA
12,56719924,56719924,1,snv_mnv,NA,NA,"broad,dkfz,muse,sanger",4,COSN18985625,NA,L2c,FALSE,0.4483,NA,13,16,NA,NA,NA,Intron,FALSE,FALSE,FALSE,FALSE,2,1,1,1_1,15563a10-47a8-401d-a507-2c7101f7ae60,PAN2
12,56976907,56976907,1,snv_mnv,NA,NA,"broad,muse,sanger",3,COSN18985604,NA,L1ME4a,FALSE,0.1818,NA,4,18,NA,NA,NA,Intron,FALSE,FALSE,FALSE,FALSE,2,1,1,1_1,15563a10-47a8-401d-a507-2c7101f7ae60,RBMS2
12,58636359,58636359,1,snv_mnv,NA,NA,"broad,dkfz,muse,sanger",4,COSN159710,NA,NA,FALSE,0.625,NA,20,12,NA,NA,NA,IGR,FALSE,FALSE,FALSE,FALSE,2,1,1,1_1,15563a10-47a8-401d-a507-2c7101f7ae60,RPL21P103
12,61180395,61180395,1,snv_mnv,NA,NA,"broad,dkfz,muse,sanger",4,COSN18985623,NA,L1MA7,FALSE,0.5714,NA,24,18,NA,NA,NA,IGR,FALSE,FALSE,FALSE,FALSE,2,1,1,1_1,15563a10-47a8-401d-a507-2c7101f7ae60,NA
12,63539422,63539422,1,snv_mnv,NA,NA,"dkfz,muse,sanger",3,COSN18985591,NA,NA,FALSE,0.3529,NA,6,11,NA,NA,NA,IGR,FALSE,FALSE,FALSE,FALSE,2,1,1,1_1,15563a10-47a8-401d-a507-2c7101f7ae60,NA
12,63548027,63548027,1,snv_mnv,NA,NA,"broad,dkfz,muse,sanger",4,COSN18985600,NA,MER103C,FALSE,0.6071,NA,17,11,NA,NA,NA,IGR,FALSE,FALSE,FALSE,FALSE,2,1,1,1_1,15563a10-47a8-401d-a507-2c7101f7ae60,"AC135584.1,AVPR1A"
12,63892740,63892740,1,snv_mnv,NA,NA,"broad,dkfz,muse,sanger",4,COSN18985614,NA,L1MA8,FALSE,0.5417,NA,13,11,NA,NA,NA,IGR,FALSE,FALSE,FALSE,FALSE,2,1,1,1_1,15563a10-47a8-401d-a507-2c7101f7ae60,NA
12,64340619,64340619,1,snv_mnv,NA,NA,"broad,dkfz,muse,sanger",4,COSN18985586,rs187433260,AluSx3,FALSE,0.4333,NA,13,17,NA,NA,NA,Intron,FALSE,FALSE,FALSE,FALSE,2,1,1,1_1,15563a10-47a8-401d-a507-2c7101f7ae60,NA
12,65521462,65521462,1,snv_mnv,NA,NA,"broad,dkfz,muse",3,COSN18985598,NA,NA,FALSE,0.6364,NA,7,4,NA,NA,NA,IGR,FALSE,FALSE,FALSE,FALSE,2,1,1,1_1,15563a10-47a8-401d-a507-2c7101f7ae60,NA
12,66046559,66046559,1,snv_mnv,0.0051917,rs181469775,"broad,dkfz,muse,sanger",4,COSN514955,rs181469775,NA,FALSE,0.48,NA,12,13,NA,NA,NA,IGR,FALSE,FALSE,FALSE,FALSE,2,1,1,1_1,15563a10-47a8-401d-a507-2c7101f7ae60,AC090023.2
12,66381717,66381717,1,snv_mnv,NA,NA,"broad,dkfz,muse,sanger",4,COSN18985583,NA,MER57-int,FALSE,0.5143,NA,18,17,NA,NA,NA,IGR,FALSE,FALSE,FALSE,FALSE,2,1,1,1_1,15563a10-47a8-401d-a507-2c7101f7ae60,NA
12,66901843,66901843,1,snv_mnv,NA,NA,"broad,dkfz,muse,sanger",4,COSN514956,NA,NA,FALSE,0.3077,NA,12,27,NA,NA,NA,Intron,FALSE,FALSE,FALSE,FALSE,2,1,1,1_1,15563a10-47a8-401d-a507-2c7101f7ae60,NA
12,67660203,67660203,1,snv_mnv,NA,NA,"broad,dkfz,muse,sanger",4,COSN514958,NA,NA,FALSE,0.52,NA,13,12,NA,NA,NA,5'Flank,FALSE,FALSE,FALSE,FALSE,2,1,1,1_1,15563a10-47a8-401d-a507-2c7101f7ae60,CAND1
12,70966175,70966175,1,snv_mnv,NA,NA,"broad,dkfz,muse,sanger",4,COSN514962,rs145795142,NA,FALSE,0.5263,NA,20,18,NA,NA,NA,Intron,FALSE,FALSE,FALSE,FALSE,2,1,1,1_1,15563a10-47a8-401d-a507-2c7101f7ae60,AC083809.1
12,75574403,75574403,1,snv_mnv,NA,NA,"broad,dkfz,muse,sanger",4,COSN18985615,NA,L1M4,FALSE,0.5185,NA,14,13,NA,NA,NA,Intron,FALSE,FALSE,FALSE,FALSE,2,1,1,1_1,15563a10-47a8-401d-a507-2c7101f7ae60,NA
12,77147139,77147139,1,snv_mnv,NA,NA,"broad,dkfz,muse,sanger",4,COSN18985629,NA,NA,FALSE,0.2857,NA,8,20,NA,NA,NA,IGR,FALSE,FALSE,FALSE,FALSE,2,1,1,1_1,15563a10-47a8-401d-a507-2c7101f7ae60,AC093014.1
12,78018625,78018625,1,snv_mnv,NA,NA,"broad,dkfz,muse,sanger",4,COSN514977,NA,NA,FALSE,0.5769,NA,15,11,NA,NA,NA,IGR,FALSE,FALSE,FALSE,FALSE,2,1,1,1_1,15563a10-47a8-401d-a507-2c7101f7ae60,NA
12,79208776,79208776,1,snv_mnv,NA,NA,"broad,dkfz,muse,sanger",4,COSN18985621,NA,L1MB7,FALSE,0.7179,NA,28,11,NA,NA,NA,IGR,FALSE,FALSE,FALSE,FALSE,2,1,1,1_1,15563a10-47a8-401d-a507-2c7101f7ae60,NA
12,79994244,79994244,1,snv_mnv,NA,NA,"dkfz,muse,sanger",3,COSN514981,NA,NA,FALSE,0.3871,NA,12,19,NA,NA,NA,Intron,FALSE,FALSE,FALSE,FALSE,2,1,1,1_1,15563a10-47a8-401d-a507-2c7101f7ae60,PAWR
12,82138348,82138348,1,snv_mnv,NA,NA,"broad,dkfz,muse,sanger",4,COSN18985579,NA,AluSq2,FALSE,0.5,NA,9,9,NA,NA,NA,Intron,FALSE,FALSE,FALSE,FALSE,2,1,1,1_1,15563a10-47a8-401d-a507-2c7101f7ae60,NA
12,82330866,82330866,1,snv_mnv,NA,NA,"broad,dkfz,muse,sanger",4,COSN18985601,NA,HERVL-int,FALSE,0.5111,NA,23,22,NA,NA,NA,IGR,FALSE,FALSE,FALSE,FALSE,2,1,1,1_1,15563a10-47a8-401d-a507-2c7101f7ae60,NA
12,82474952,82474952,1,snv_mnv,NA,NA,"broad,dkfz,muse,sanger",4,COSN514983,NA,NA,FALSE,0.5,NA,19,19,NA,NA,NA,IGR,FALSE,FALSE,FALSE,FALSE,2,1,1,1_1,15563a10-47a8-401d-a507-2c7101f7ae60,NA
12,83875290,83875290,1,snv_mnv,NA,NA,"broad,dkfz,muse,sanger",4,COSN514990,NA,NA,FALSE,0.3429,NA,12,23,NA,NA,NA,IGR,FALSE,FALSE,FALSE,FALSE,2,1,1,1_1,15563a10-47a8-401d-a507-2c7101f7ae60,NA
12,84619427,84619427,1,snv_mnv,1.9968e-4,rs145304779,"broad,dkfz,muse,sanger",4,COSN18985612,rs145304779,LTR16E2,FALSE,0.2444,NA,11,34,NA,NA,NA,IGR,FALSE,FALSE,FALSE,FALSE,2,1,1,1_1,15563a10-47a8-401d-a507-2c7101f7ae60,NA
12,86609374,86609374,1,snv_mnv,NA,NA,"broad,dkfz,muse,sanger",4,COSN18985603,NA,MER57C2,FALSE,0.4118,NA,14,20,NA,NA,NA,Intron,FALSE,FALSE,FALSE,FALSE,2,1,1,1_1,15563a10-47a8-401d-a507-2c7101f7ae60,NA
12,87126386,87126386,1,snv_mnv,NA,NA,"broad,dkfz,muse,sanger",4,COSN18985593,NA,MER1A,FALSE,0.5667,NA,17,13,NA,NA,NA,Intron,FALSE,FALSE,FALSE,FALSE,2,1,1,1_1,15563a10-47a8-401d-a507-2c7101f7ae60,NA
12,87181207,87181207,1,snv_mnv,NA,NA,"broad,dkfz,muse,sanger",4,COSN18985617,NA,L1PB4,FALSE,0.5135,NA,19,18,NA,NA,NA,Intron,FALSE,FALSE,FALSE,FALSE,2,1,1,1_1,15563a10-47a8-401d-a507-2c7101f7ae60,NA
12,89384701,89384701,1,snv_mnv,NA,NA,"broad,dkfz,muse,sanger",4,COSN18985597,NA,MLT1G1,FALSE,0.4583,NA,11,13,NA,NA,NA,IGR,FALSE,FALSE,FALSE,FALSE,2,1,1,1_1,15563a10-47a8-401d-a507-2c7101f7ae60,NA
12,92629690,92629690,1,snv_mnv,NA,NA,"broad,dkfz,muse,sanger",4,COSN515005,NA,NA,FALSE,0.4211,NA,8,11,NA,NA,NA,IGR,FALSE,FALSE,FALSE,FALSE,2,1,1,1_1,15563a10-47a8-401d-a507-2c7101f7ae60,NA
12,93016493,93016493,1,snv_mnv,NA,NA,"broad,dkfz,muse,sanger",4,COSN515006,NA,NA,FALSE,0.5312,NA,17,15,NA,NA,NA,IGR,FALSE,FALSE,FALSE,FALSE,2,1,1,1_1,15563a10-47a8-401d-a507-2c7101f7ae60,NA
12,95131129,95131129,1,snv_mnv,NA,NA,"broad,dkfz,muse,sanger",4,COSN515007,NA,NA,FALSE,0.4516,NA,14,17,NA,NA,NA,IGR,FALSE,FALSE,FALSE,FALSE,2,1,1,1_1,15563a10-47a8-401d-a507-2c7101f7ae60,NA
12,98833084,98833084,1,snv_mnv,NA,NA,"broad,dkfz,muse,sanger",4,COSN18985613,NA,AluSz6,FALSE,0.5652,NA,13,10,NA,NA,NA,IGR,FALSE,FALSE,FALSE,FALSE,2,1,1,1_1,15563a10-47a8-401d-a507-2c7101f7ae60,NA
12,99438770,99438770,1,snv_mnv,NA,NA,"broad,dkfz,muse,sanger",4,COSN515012,NA,NA,FALSE,0.5806,NA,18,13,NA,NA,NA,Intron,FALSE,FALSE,FALSE,FALSE,2,1,1,1_1,15563a10-47a8-401d-a507-2c7101f7ae60,ANKS1B
12,99897219,99897219,1,snv_mnv,NA,NA,"broad,dkfz,muse,sanger",4,COSN515014,NA,NA,FALSE,0.5161,NA,16,15,NA,NA,NA,Intron,FALSE,FALSE,FALSE,FALSE,2,1,1,1_1,15563a10-47a8-401d-a507-2c7101f7ae60,ANKS1B
12,101991647,101991647,1,snv_mnv,NA,NA,"broad,dkfz,muse,sanger",4,COSN514864,NA,NA,FALSE,0.4828,NA,14,15,NA,NA,NA,Intron,FALSE,FALSE,FALSE,FALSE,2,1,1,1_1,15563a10-47a8-401d-a507-2c7101f7ae60,NA
12,102180733,102180733,1,snv_mnv,NA,NA,"broad,dkfz,muse,sanger",4,COSN18985607,NA,L1ME4a,FALSE,0.4667,NA,14,16,NA,NA,NA,Intron,FALSE,FALSE,FALSE,FALSE,2,1,1,1_1,15563a10-47a8-401d-a507-2c7101f7ae60,GNPTAB
12,102800125,102800125,1,snv_mnv,NA,NA,"broad,dkfz,muse,sanger",4,COSN514865,NA,NA,FALSE,0.4286,NA,15,20,NA,NA,NA,Intron,FALSE,FALSE,FALSE,FALSE,2,1,1,1_1,15563a10-47a8-401d-a507-2c7101f7ae60,HELLPAR
12,107688547,107688547,1,snv_mnv,NA,NA,"broad,dkfz,muse,sanger",4,COSN514870,NA,NA,FALSE,0.5556,NA,20,16,NA,NA,NA,IGR,FALSE,FALSE,FALSE,FALSE,2,1,1,1_1,15563a10-47a8-401d-a507-2c7101f7ae60,NA
12,107931770,107931770,1,snv_mnv,NA,NA,"broad,dkfz,muse,sanger",4,COSN514871,NA,NA,FALSE,0.6087,NA,14,9,NA,NA,NA,Intron,FALSE,FALSE,FALSE,FALSE,2,1,1,1_1,15563a10-47a8-401d-a507-2c7101f7ae60,NA
12,121157831,121157831,1,snv_mnv,NA,NA,"broad,dkfz,muse,sanger",4,COSM96811,NA,NA,FALSE,0.25,NA,4,12,NA,NA,NA,Missense_Mutation,FALSE,FALSE,FALSE,FALSE,2,1,1,1_1,15563a10-47a8-401d-a507-2c7101f7ae60,"MIR4700,AC069234.3,UNC119B"
12,121157832,121157832,1,snv_mnv,NA,NA,"broad,dkfz,muse,sanger",4,COSM1316993,NA,NA,FALSE,0.25,NA,4,12,NA,NA,NA,Missense_Mutation,FALSE,FALSE,FALSE,FALSE,2,1,1,1_1,15563a10-47a8-401d-a507-2c7101f7ae60,"AC069234.3,MIR4700,UNC119B"
12,122442642,122442642,1,snv_mnv,NA,NA,"broad,dkfz,muse,sanger",4,COSN514879,rs759171066,NA,FALSE,0.3889,NA,7,11,NA,NA,NA,IGR,FALSE,FALSE,FALSE,FALSE,2,1,1,1_1,15563a10-47a8-401d-a507-2c7101f7ae60,"WDR66,AC069503.1"
12,123583830,123583830,1,snv_mnv,NA,NA,"broad,dkfz,muse,sanger",4,COSN514880,NA,NA,FALSE,0.4,NA,12,18,NA,NA,NA,Intron,FALSE,FALSE,FALSE,FALSE,2,1,1,1_1,15563a10-47a8-401d-a507-2c7101f7ae60,NA
12,126088503,126088503,1,snv_mnv,NA,NA,"broad,dkfz,muse,sanger",4,COSN18985609,NA,L1PA8,FALSE,0.4375,NA,21,27,NA,NA,NA,Intron,FALSE,FALSE,FALSE,FALSE,2,1,1,1_1,15563a10-47a8-401d-a507-2c7101f7ae60,NA
12,127403933,127403933,1,snv_mnv,NA,NA,"broad,muse,sanger",3,COSN18985608,NA,AluY,FALSE,0.4667,NA,7,8,NA,NA,NA,lincRNA,FALSE,FALSE,FALSE,FALSE,2,1,1,1_1,15563a10-47a8-401d-a507-2c7101f7ae60,NA
12,127768877,127768877,1,snv_mnv,NA,NA,"broad,dkfz,muse,sanger",4,COSN514883,NA,NA,FALSE,0.4545,NA,5,6,NA,NA,NA,lincRNA,FALSE,FALSE,FALSE,FALSE,2,1,1,1_1,15563a10-47a8-401d-a507-2c7101f7ae60,LINC02376
12,128394664,128394664,1,snv_mnv,NA,NA,"broad,dkfz,muse,sanger",4,COSN18985618,NA,AluSp,FALSE,0.5,NA,10,10,NA,NA,NA,IGR,FALSE,FALSE,FALSE,FALSE,2,1,1,1_1,15563a10-47a8-401d-a507-2c7101f7ae60,NA
12,128489358,128489358,1,snv_mnv,1.9968e-4,rs541087336,"broad,dkfz,muse,sanger",4,COSN18985949,rs541087336,LTR2B,FALSE,0.4359,NA,17,22,NA,NA,NA,IGR,FALSE,FALSE,FALSE,FALSE,2,1,1,1_1,15563a10-47a8-401d-a507-2c7101f7ae60,NA
12,128870189,128870189,1,snv_mnv,NA,NA,"broad,dkfz,muse,sanger",4,COSN514884,NA,NA,FALSE,0.4872,NA,19,20,NA,NA,NA,Intron,FALSE,FALSE,FALSE,FALSE,2,1,1,1_1,15563a10-47a8-401d-a507-2c7101f7ae60,NA
12,130722383,130722383,1,snv_mnv,NA,NA,"broad,dkfz,muse,sanger",4,COSN18985626,NA,L1P4,FALSE,0.4074,NA,11,16,NA,NA,NA,IGR,FALSE,FALSE,FALSE,FALSE,2,1,1,1_1,15563a10-47a8-401d-a507-2c7101f7ae60,NA
12,130739765,130739765,1,snv_mnv,NA,NA,"broad,dkfz,muse,sanger",4,COSN514890,NA,NA,FALSE,0.6176,NA,21,13,NA,NA,NA,lincRNA,FALSE,FALSE,FALSE,FALSE,2,1,1,1_1,15563a10-47a8-401d-a507-2c7101f7ae60,NA
12,131671473,131671473,1,snv_mnv,3.9936e-4,rs564492365,"broad,dkfz,muse,sanger",4,COSN18985596,rs564492365,L1MA6,FALSE,0.5517,NA,16,13,NA,NA,NA,lincRNA,FALSE,FALSE,FALSE,FALSE,2,1,1,1_1,15563a10-47a8-401d-a507-2c7101f7ae60,NA
13,22586381,22586381,1,snv_mnv,NA,NA,"broad,dkfz,muse,sanger",4,COSN515043,NA,NA,FALSE,0.3243,NA,12,25,NA,NA,NA,IGR,FALSE,FALSE,FALSE,FALSE,2,1,1,1_1,15563a10-47a8-401d-a507-2c7101f7ae60,NA
13,29127332,29127332,1,snv_mnv,NA,NA,"broad,dkfz,muse,sanger",4,COSN18985266,rs773691905,L1MEd,FALSE,0.3684,NA,7,12,NA,NA,NA,IGR,FALSE,FALSE,FALSE,FALSE,2,1,1,1_1,15563a10-47a8-401d-a507-2c7101f7ae60,NA
13,31457718,31457718,1,snv_mnv,NA,NA,"broad,dkfz,muse,sanger",4,COSN515047,NA,NA,FALSE,0.6,NA,9,6,NA,NA,NA,lincRNA,FALSE,FALSE,FALSE,FALSE,2,1,1,1_1,15563a10-47a8-401d-a507-2c7101f7ae60,LINC00545
13,34453860,34453860,1,snv_mnv,NA,NA,"broad,dkfz,muse,sanger",4,COSN18985261,NA,MLT1D,FALSE,0.3929,NA,11,17,NA,NA,NA,Intron,FALSE,FALSE,FALSE,FALSE,2,1,1,1_1,15563a10-47a8-401d-a507-2c7101f7ae60,NA
13,35078422,35078422,1,snv_mnv,NA,NA,"broad,dkfz,muse,sanger",4,COSN515051,NA,NA,FALSE,0.5926,NA,16,11,NA,NA,NA,lincRNA,FALSE,FALSE,FALSE,FALSE,2,1,1,1_1,15563a10-47a8-401d-a507-2c7101f7ae60,NA
13,35156140,35156140,1,snv_mnv,NA,NA,"broad,dkfz,muse,sanger",4,COSN515052,NA,NA,FALSE,0.551,NA,27,22,NA,NA,NA,lincRNA,FALSE,FALSE,FALSE,FALSE,2,1,1,1_1,15563a10-47a8-401d-a507-2c7101f7ae60,NA
13,35488528,35488528,1,snv_mnv,NA,NA,"broad,dkfz,muse,sanger",4,COSN515053,NA,NA,FALSE,0.4545,NA,15,18,NA,NA,NA,IGR,FALSE,FALSE,FALSE,FALSE,2,1,1,1_1,15563a10-47a8-401d-a507-2c7101f7ae60,RF00017
13,36691772,36691772,1,snv_mnv,NA,NA,"broad,dkfz,muse,sanger",4,COSN515054,NA,NA,FALSE,0.4737,NA,18,20,NA,NA,NA,Intron,FALSE,FALSE,FALSE,FALSE,2,1,1,1_1,15563a10-47a8-401d-a507-2c7101f7ae60,NA
13,41457993,41457993,1,snv_mnv,NA,NA,"broad,dkfz,muse,sanger",4,COSN515058,NA,NA,FALSE,0.5517,NA,16,13,NA,NA,NA,IGR,FALSE,FALSE,FALSE,FALSE,2,1,1,1_1,15563a10-47a8-401d-a507-2c7101f7ae60,NA
13,45205380,45205380,1,snv_mnv,NA,NA,"broad,dkfz,muse,sanger",4,COSN18985231,NA,MSTD-int,FALSE,0.4074,NA,11,16,NA,NA,NA,RNA,FALSE,FALSE,FALSE,FALSE,2,1,1,1_1,15563a10-47a8-401d-a507-2c7101f7ae60,NA
13,46184277,46184277,1,snv_mnv,NA,NA,"broad,dkfz,muse,sanger",4,COSN18985247,NA,LTR8A,FALSE,0.4828,NA,14,15,NA,NA,NA,Intron,FALSE,FALSE,FALSE,FALSE,2,1,1,1_1,15563a10-47a8-401d-a507-2c7101f7ae60,NA
13,47557441,47557441,1,snv_mnv,NA,NA,"broad,dkfz,muse,sanger",4,COSN515062,NA,NA,FALSE,0.439,NA,18,23,NA,NA,NA,IGR,FALSE,FALSE,FALSE,FALSE,2,1,1,1_1,15563a10-47a8-401d-a507-2c7101f7ae60,NA
13,50327360,50327360,1,snv_mnv,NA,NA,"broad,dkfz,muse,sanger",4,COSN18985257,NA,L1M7,FALSE,0.5,NA,11,11,NA,NA,NA,Intron,FALSE,FALSE,FALSE,FALSE,2,1,1,1_1,15563a10-47a8-401d-a507-2c7101f7ae60,NA
13,54075008,54075008,1,snv_mnv,NA,NA,"broad,dkfz,muse,sanger",4,COSN18985264,NA,AluSz6,FALSE,0.5238,NA,11,10,NA,NA,NA,IGR,FALSE,FALSE,FALSE,FALSE,2,1,1,1_1,15563a10-47a8-401d-a507-2c7101f7ae60,NA
13,54146704,54146704,1,snv_mnv,NA,NA,"broad,dkfz,muse,sanger",4,COSN515069,NA,NA,FALSE,0.4043,NA,19,28,NA,NA,NA,IGR,FALSE,FALSE,FALSE,FALSE,2,1,1,1_1,15563a10-47a8-401d-a507-2c7101f7ae60,NA
13,54282955,54282955,1,snv_mnv,NA,NA,"dkfz,sanger",2,COSN515070,NA,NA,FALSE,0.6897,NA,20,9,NA,NA,NA,IGR,FALSE,FALSE,FALSE,FALSE,2,1,1,1_1,15563a10-47a8-401d-a507-2c7101f7ae60,NA
13,55113120,55113120,1,snv_mnv,NA,NA,"broad,dkfz,muse,sanger",4,COSN515071,NA,NA,FALSE,0.4516,NA,14,17,NA,NA,NA,IGR,FALSE,FALSE,FALSE,FALSE,2,1,1,1_1,15563a10-47a8-401d-a507-2c7101f7ae60,NA
13,55825491,55825491,1,snv_mnv,NA,NA,"muse,sanger",2,COSN18985236,NA,L1MA4,FALSE,0.3529,NA,12,22,NA,NA,NA,IGR,FALSE,FALSE,FALSE,FALSE,2,1,1,1_1,15563a10-47a8-401d-a507-2c7101f7ae60,NA
13,56328895,56328895,1,snv_mnv,NA,NA,"broad,dkfz,muse,sanger",4,COSN18985230,NA,Tigger1,FALSE,0.4043,NA,19,28,NA,NA,NA,IGR,FALSE,FALSE,FALSE,FALSE,2,1,1,1_1,15563a10-47a8-401d-a507-2c7101f7ae60,NA
13,56468312,56468312,1,snv_mnv,NA,NA,"dkfz,sanger",2,COSN18985232,NA,MIR,FALSE,0.4634,NA,19,22,NA,NA,NA,IGR,FALSE,FALSE,FALSE,FALSE,2,1,1,1_1,15563a10-47a8-401d-a507-2c7101f7ae60,NA
13,56929163,56929163,1,snv_mnv,NA,NA,"broad,dkfz,muse,sanger",4,COSN515077,NA,NA,FALSE,0.3226,NA,10,21,NA,NA,NA,IGR,FALSE,FALSE,FALSE,FALSE,2,1,1,1_1,15563a10-47a8-401d-a507-2c7101f7ae60,NA
13,58439714,58439714,1,snv_mnv,NA,NA,"broad,muse,sanger",3,COSN18985265,NA,L1PA15-16,FALSE,0.2778,NA,5,13,NA,NA,NA,IGR,FALSE,FALSE,FALSE,FALSE,2,1,1,1_1,15563a10-47a8-401d-a507-2c7101f7ae60,NA
13,59479516,59479516,1,snv_mnv,NA,NA,"broad,dkfz,muse,sanger",4,COSN18985229,NA,L1M2,FALSE,0.3415,NA,14,27,NA,NA,NA,IGR,FALSE,FALSE,FALSE,FALSE,2,1,1,1_1,15563a10-47a8-401d-a507-2c7101f7ae60,NA
13,59816608,59816608,1,snv_mnv,NA,NA,"broad,dkfz,muse,sanger",4,COSN159701,NA,NA,FALSE,0.375,NA,12,20,NA,NA,NA,IGR,FALSE,FALSE,FALSE,FALSE,2,1,1,1_1,15563a10-47a8-401d-a507-2c7101f7ae60,NA
13,61719231,61719231,1,snv_mnv,NA,NA,"broad,muse,sanger",3,COSN18985263,NA,MER52A,FALSE,0.4167,NA,5,7,NA,NA,NA,IGR,FALSE,FALSE,FALSE,FALSE,2,1,1,1_1,15563a10-47a8-401d-a507-2c7101f7ae60,NA
13,63785142,63785142,1,snv_mnv,NA,NA,"broad,dkfz,muse,sanger",4,COSN18985254,NA,L2a,FALSE,0.4074,NA,11,16,NA,NA,NA,lincRNA,FALSE,FALSE,FALSE,FALSE,2,1,1,1_1,15563a10-47a8-401d-a507-2c7101f7ae60,NA
13,64093119,64093119,1,snv_mnv,NA,NA,"broad,dkfz,muse,sanger",4,COSN18985262,NA,L2,FALSE,0.3429,NA,12,23,NA,NA,NA,IGR,FALSE,FALSE,FALSE,FALSE,2,1,1,1_1,15563a10-47a8-401d-a507-2c7101f7ae60,NA
13,64633101,64633101,1,snv_mnv,NA,NA,"broad,dkfz,muse,sanger",4,COSN18985256,NA,L1MEf,FALSE,0.3929,NA,11,17,NA,NA,NA,lincRNA,FALSE,FALSE,FALSE,FALSE,2,1,1,1_1,15563a10-47a8-401d-a507-2c7101f7ae60,NA
13,65129036,65129036,1,snv_mnv,NA,NA,"broad,dkfz,muse,sanger",4,COSN159699,NA,NA,FALSE,0.6786,NA,19,9,NA,NA,NA,IGR,FALSE,FALSE,FALSE,FALSE,2,1,1,1_1,15563a10-47a8-401d-a507-2c7101f7ae60,NA
13,67983262,67983262,1,snv_mnv,NA,NA,"broad,dkfz,muse,sanger",4,COSN515099,NA,NA,FALSE,0.6471,NA,22,12,NA,NA,NA,IGR,FALSE,FALSE,FALSE,FALSE,2,1,1,1_1,15563a10-47a8-401d-a507-2c7101f7ae60,NA
13,68714458,68714458,1,snv_mnv,NA,NA,"broad,dkfz,muse,sanger",4,COSN18985250,NA,NA,FALSE,0.2593,NA,7,20,NA,NA,NA,IGR,FALSE,FALSE,FALSE,FALSE,2,1,1,1_1,15563a10-47a8-401d-a507-2c7101f7ae60,NA
13,69361550,69361550,1,snv_mnv,NA,NA,"broad,dkfz,muse,sanger",4,COSN515102,NA,NA,FALSE,0.4,NA,8,12,NA,NA,NA,IGR,FALSE,FALSE,FALSE,FALSE,2,1,1,1_1,15563a10-47a8-401d-a507-2c7101f7ae60,NA
13,70099646,70099646,1,snv_mnv,NA,NA,"broad,dkfz,muse,sanger",4,COSN515109,NA,NA,FALSE,0.5714,NA,20,15,NA,NA,NA,IGR,FALSE,FALSE,FALSE,FALSE,2,1,1,1_1,15563a10-47a8-401d-a507-2c7101f7ae60,NA
13,70404352,70404352,1,snv_mnv,NA,NA,"broad,dkfz,muse,sanger",4,COSN18985268,NA,L1PB1,FALSE,0.4706,NA,16,18,NA,NA,NA,Intron,FALSE,FALSE,FALSE,FALSE,2,1,1,1_1,15563a10-47a8-401d-a507-2c7101f7ae60,NA
13,72021129,72021129,1,snv_mnv,NA,NA,"broad,dkfz,muse,sanger",4,COSN515114,NA,NA,FALSE,0.5926,NA,16,11,NA,NA,NA,Intron,FALSE,FALSE,FALSE,FALSE,2,1,1,1_1,15563a10-47a8-401d-a507-2c7101f7ae60,NA
13,72906672,72906672,1,snv_mnv,NA,NA,"broad,dkfz,muse,sanger",4,COSN515118,NA,NA,FALSE,0.5946,NA,22,15,NA,NA,NA,IGR,FALSE,FALSE,FALSE,FALSE,2,1,1,1_1,15563a10-47a8-401d-a507-2c7101f7ae60,NA
13,75037716,75037716,1,snv_mnv,NA,NA,"broad,dkfz,muse,sanger",4,COSN18985234,NA,MER34D,FALSE,0.4231,NA,11,15,NA,NA,NA,IGR,FALSE,FALSE,FALSE,FALSE,2,1,1,1_1,15563a10-47a8-401d-a507-2c7101f7ae60,NA
13,75604091,75604091,1,snv_mnv,NA,NA,"broad,dkfz,muse,sanger",4,COSN18985242,NA,THE1B-int,FALSE,0.4643,NA,13,15,NA,NA,NA,IGR,FALSE,FALSE,FALSE,FALSE,2,1,1,1_1,15563a10-47a8-401d-a507-2c7101f7ae60,NA
13,77481572,77481572,1,snv_mnv,NA,NA,"broad,dkfz,muse,sanger",4,COSN515119,NA,NA,FALSE,0.4091,NA,9,13,NA,NA,NA,IGR,FALSE,FALSE,FALSE,FALSE,2,1,1,1_1,15563a10-47a8-401d-a507-2c7101f7ae60,NA
13,77520576,77520576,1,snv_mnv,NA,NA,"broad,dkfz,muse,sanger",4,COSN18985267,NA,MER20,FALSE,0.6207,NA,18,11,NA,NA,NA,5'Flank,FALSE,FALSE,FALSE,FALSE,2,1,1,1_1,15563a10-47a8-401d-a507-2c7101f7ae60,ACOD1
13,79941674,79941674,1,snv_mnv,NA,NA,"broad,dkfz,muse,sanger",4,COSN18985248,NA,MSTB,FALSE,0.52,NA,13,12,NA,NA,NA,Intron,FALSE,FALSE,FALSE,FALSE,2,1,1,1_1,15563a10-47a8-401d-a507-2c7101f7ae60,RBM26
13,81697412,81697412,1,snv_mnv,NA,NA,"broad,dkfz,muse,sanger",4,COSN515124,NA,NA,FALSE,0.4242,NA,14,19,NA,NA,NA,IGR,FALSE,FALSE,FALSE,FALSE,2,1,1,1_1,15563a10-47a8-401d-a507-2c7101f7ae60,NA
13,83724541,83724541,1,snv_mnv,NA,NA,"broad,dkfz,muse,sanger",4,COSN18985255,NA,AluJr,FALSE,0.4,NA,8,12,NA,NA,NA,IGR,FALSE,FALSE,FALSE,FALSE,2,1,1,1_1,15563a10-47a8-401d-a507-2c7101f7ae60,AL512782.1
13,84176875,84176875,1,snv_mnv,NA,NA,"broad,dkfz,muse,sanger",4,COSN515133,NA,NA,FALSE,0.5357,NA,15,13,NA,NA,NA,IGR,FALSE,FALSE,FALSE,FALSE,2,1,1,1_1,15563a10-47a8-401d-a507-2c7101f7ae60,NA
13,84661329,84661329,1,snv_mnv,NA,NA,"broad,dkfz,muse,sanger",4,COSN515134,NA,NA,FALSE,0.4545,NA,10,12,NA,NA,NA,IGR,FALSE,FALSE,FALSE,FALSE,2,1,1,1_1,15563a10-47a8-401d-a507-2c7101f7ae60,NA
13,85346014,85346014,1,snv_mnv,NA,NA,"broad,dkfz,muse,sanger",4,COSN18985269,NA,L2a,FALSE,0.5263,NA,10,9,NA,NA,NA,IGR,FALSE,FALSE,FALSE,FALSE,2,1,1,1_1,15563a10-47a8-401d-a507-2c7101f7ae60,NA
13,85374987,85374987,1,snv_mnv,NA,NA,"broad,dkfz,muse,sanger",4,COSN159696,NA,NA,FALSE,0.4444,NA,16,20,NA,NA,NA,IGR,FALSE,FALSE,FALSE,FALSE,2,1,1,1_1,15563a10-47a8-401d-a507-2c7101f7ae60,NA
13,86247999,86247999,1,snv_mnv,NA,NA,"broad,dkfz,muse,sanger",4,COSN18985244,NA,L1MA7,FALSE,0.3488,NA,15,28,NA,NA,NA,IGR,FALSE,FALSE,FALSE,FALSE,2,1,1,1_1,15563a10-47a8-401d-a507-2c7101f7ae60,NA
13,87970804,87970804,1,snv_mnv,NA,NA,"broad,dkfz,muse,sanger",4,COSN515141,NA,NA,FALSE,0.5417,NA,13,11,NA,NA,NA,IGR,FALSE,FALSE,FALSE,FALSE,2,1,1,1_1,15563a10-47a8-401d-a507-2c7101f7ae60,NA
13,88850375,88850375,1,snv_mnv,NA,NA,"broad,dkfz,muse,sanger",4,COSN18985241,NA,L1PREC2,FALSE,0.4054,NA,15,22,NA,NA,NA,lincRNA,FALSE,FALSE,FALSE,FALSE,2,1,1,1_1,15563a10-47a8-401d-a507-2c7101f7ae60,NA
13,88880625,88880625,1,snv_mnv,NA,NA,"broad,dkfz,muse,sanger",4,COSN515145,NA,NA,FALSE,0.4762,NA,20,22,NA,NA,NA,lincRNA,FALSE,FALSE,FALSE,FALSE,2,1,1,1_1,15563a10-47a8-401d-a507-2c7101f7ae60,NA
13,89257756,89257756,1,snv_mnv,NA,NA,"broad,dkfz,muse,sanger",4,COSN18985245,NA,Tigger6a,FALSE,0.375,NA,3,5,NA,NA,NA,IGR,FALSE,FALSE,FALSE,FALSE,2,1,1,1_1,15563a10-47a8-401d-a507-2c7101f7ae60,NA
13,90135824,90135824,1,snv_mnv,NA,NA,"broad,dkfz,muse,sanger",4,COSN18985258,NA,MLT1E2,FALSE,0.4194,NA,13,18,NA,NA,NA,lincRNA,FALSE,FALSE,FALSE,FALSE,2,1,1,1_1,15563a10-47a8-401d-a507-2c7101f7ae60,NA
13,90198102,90198102,1,snv_mnv,NA,NA,"dkfz,sanger",2,COSN515148,NA,NA,FALSE,0.3913,NA,9,14,NA,NA,NA,lincRNA,FALSE,FALSE,FALSE,FALSE,2,1,1,1_1,15563a10-47a8-401d-a507-2c7101f7ae60,LINC00353
13,91459576,91459576,1,snv_mnv,NA,NA,"broad,dkfz,muse,sanger",4,COSN18985235,NA,MLT1F2,FALSE,0.5135,NA,19,18,NA,NA,NA,IGR,FALSE,FALSE,FALSE,FALSE,2,1,1,1_1,15563a10-47a8-401d-a507-2c7101f7ae60,NA
13,91477805,91477805,1,snv_mnv,3.9936e-4,rs528996676,"broad,dkfz,muse",3,COSN159694,rs528996676,NA,FALSE,0.4878,NA,20,21,NA,NA,NA,IGR,FALSE,FALSE,FALSE,FALSE,2,1,1,1_1,15563a10-47a8-401d-a507-2c7101f7ae60,NA
13,92283266,92283266,1,snv_mnv,NA,NA,"broad,dkfz,muse,sanger",4,COSN18985249,NA,LTR79,FALSE,0.6552,NA,19,10,NA,NA,NA,Intron,FALSE,FALSE,FALSE,FALSE,2,1,1,1_1,15563a10-47a8-401d-a507-2c7101f7ae60,NA
13,92585119,92585119,1,snv_mnv,1.9968e-4,rs185450323,"broad,dkfz,muse,sanger",4,COSN515154,rs185450323,NA,FALSE,0.3529,NA,12,22,NA,NA,NA,Intron,FALSE,FALSE,FALSE,FALSE,2,1,1,1_1,15563a10-47a8-401d-a507-2c7101f7ae60,NA
13,93436233,93436233,1,snv_mnv,NA,NA,"broad,muse,sanger",3,COSN515158,NA,NA,FALSE,0.4615,NA,12,14,NA,NA,NA,Intron,FALSE,FALSE,FALSE,FALSE,2,1,1,1_1,15563a10-47a8-401d-a507-2c7101f7ae60,NA
13,98557668,98557668,1,snv_mnv,NA,NA,"broad,dkfz,muse,sanger",4,COSN515163,NA,NA,FALSE,0.48,NA,12,13,NA,NA,NA,IGR,FALSE,FALSE,FALSE,FALSE,2,1,1,1_1,15563a10-47a8-401d-a507-2c7101f7ae60,RPL7AP61
13,99399673,99399673,1,snv_mnv,NA,NA,"broad,dkfz,muse,sanger",4,COSN515164,NA,NA,FALSE,0.4706,NA,8,9,NA,NA,NA,Intron,FALSE,FALSE,FALSE,FALSE,2,1,1,1_1,15563a10-47a8-401d-a507-2c7101f7ae60,NA
13,100181007,100181007,1,snv_mnv,NA,NA,"broad,dkfz,muse,sanger",4,COSN18985260,NA,Tigger8,FALSE,0.3333,NA,8,16,NA,NA,NA,Intron,FALSE,FALSE,FALSE,FALSE,2,1,1,1_1,15563a10-47a8-401d-a507-2c7101f7ae60,NA
13,103838083,103838083,1,snv_mnv,NA,NA,"broad,dkfz,muse,sanger",4,COSN515020,NA,NA,FALSE,0.4054,NA,15,22,NA,NA,NA,IGR,FALSE,FALSE,FALSE,FALSE,2,1,1,1_1,15563a10-47a8-401d-a507-2c7101f7ae60,NA
13,104667773,104667773,1,snv_mnv,NA,NA,"broad,dkfz,muse,sanger",4,COSN18985237,NA,Tigger16b,FALSE,0.4878,NA,20,21,NA,NA,NA,IGR,FALSE,FALSE,FALSE,FALSE,2,1,1,1_1,15563a10-47a8-401d-a507-2c7101f7ae60,NA
13,105403969,105403969,1,snv_mnv,NA,NA,"broad,dkfz,muse,sanger",4,COSN515026,NA,NA,FALSE,0.4324,NA,16,21,NA,NA,NA,IGR,FALSE,FALSE,FALSE,FALSE,2,1,1,1_1,15563a10-47a8-401d-a507-2c7101f7ae60,NA
13,106436461,106436461,1,snv_mnv,NA,NA,"broad,dkfz,muse,sanger",4,COSN18985259,NA,Tigger2b_Pri,FALSE,0.5429,NA,19,16,NA,NA,NA,IGR,FALSE,FALSE,FALSE,FALSE,2,1,1,1_1,15563a10-47a8-401d-a507-2c7101f7ae60,NA
13,107056149,107056149,1,snv_mnv,NA,NA,"broad,dkfz,muse,sanger",4,COSN515031,NA,NA,FALSE,0.3953,NA,17,26,NA,NA,NA,IGR,FALSE,FALSE,FALSE,FALSE,2,1,1,1_1,15563a10-47a8-401d-a507-2c7101f7ae60,NA
13,107968561,107968561,1,snv_mnv,NA,NA,"muse,sanger",2,COSN18985238,NA,L1PA5,FALSE,0.4667,NA,7,8,NA,NA,NA,Intron,FALSE,FALSE,FALSE,FALSE,2,1,1,1_1,15563a10-47a8-401d-a507-2c7101f7ae60,SNORD31B
13,108710914,108710914,1,snv_mnv,NA,NA,"broad,dkfz,muse,sanger",4,COSN18985251,NA,L1M5,FALSE,0.4375,NA,14,18,NA,NA,NA,IGR,FALSE,FALSE,FALSE,FALSE,2,1,1,1_1,15563a10-47a8-401d-a507-2c7101f7ae60,NA
13,109282727,109282727,1,snv_mnv,NA,NA,"broad,dkfz,muse,sanger",4,COSN515035,NA,NA,FALSE,0.619,NA,13,8,NA,NA,NA,Intron,FALSE,FALSE,FALSE,FALSE,2,1,1,1_1,15563a10-47a8-401d-a507-2c7101f7ae60,NA
13,111604473,111604473,1,snv_mnv,NA,NA,"broad,muse,sanger",3,COSN18985252,NA,NA,FALSE,0.1795,NA,7,32,NA,NA,NA,IGR,FALSE,FALSE,FALSE,FALSE,2,1,1,1_1,15563a10-47a8-401d-a507-2c7101f7ae60,AL442128.1
13,112072005,112072005,1,snv_mnv,1.9968e-4,rs538381548,"broad,dkfz,muse,sanger",4,COSN159693,rs538381548,NA,FALSE,0.4,NA,8,12,NA,NA,NA,IGR,FALSE,FALSE,FALSE,FALSE,2,1,1,1_1,15563a10-47a8-401d-a507-2c7101f7ae60,NA
13,113270999,113270999,1,snv_mnv,1.9968e-4,rs533353934,"broad,dkfz,muse,sanger",4,COSN515039,rs533353934,NA,FALSE,0.3333,NA,7,14,NA,NA,NA,IGR,FALSE,FALSE,FALSE,FALSE,2,1,1,1_1,15563a10-47a8-401d-a507-2c7101f7ae60,NA
13,114012854,114012854,1,snv_mnv,NA,NA,"broad,dkfz,muse,sanger",4,COSN18985243,NA,L1ME1,FALSE,0.5172,NA,15,14,NA,NA,NA,Intron,FALSE,FALSE,FALSE,FALSE,2,1,1,1_1,15563a10-47a8-401d-a507-2c7101f7ae60,"GRTP1,GRTP1-AS1"
14,21756830,21756830,1,snv_mnv,0.0013978,rs554489512,"broad,dkfz,muse,sanger",4,COSN18985669,rs554489512,AluSx1,FALSE,0.4737,NA,9,10,NA,NA,NA,Intron,FALSE,FALSE,FALSE,FALSE,2,1,1,1_1,15563a10-47a8-401d-a507-2c7101f7ae60,NA
14,25276491,25276491,1,snv_mnv,NA,NA,"broad,dkfz,muse,sanger",4,COSN515218,NA,NA,FALSE,0.48,NA,12,13,NA,NA,NA,IGR,FALSE,FALSE,FALSE,FALSE,2,1,1,1_1,15563a10-47a8-401d-a507-2c7101f7ae60,STXBP6
14,26405497,26405497,1,snv_mnv,NA,NA,"broad,dkfz,muse,sanger",4,COSN18985677,NA,MLT1A,FALSE,0.3846,NA,10,16,NA,NA,NA,lincRNA,FALSE,FALSE,FALSE,FALSE,2,1,1,1_1,15563a10-47a8-401d-a507-2c7101f7ae60,NA
14,26859977,26859977,1,snv_mnv,NA,NA,"broad,dkfz,muse,sanger",4,COSN515221,NA,NA,FALSE,0.5,NA,17,17,NA,NA,NA,IGR,FALSE,FALSE,FALSE,FALSE,2,1,1,1_1,15563a10-47a8-401d-a507-2c7101f7ae60,NA
14,28276954,28276954,1,snv_mnv,NA,NA,"broad,muse,sanger",3,COSN18985665,NA,LTR80B,FALSE,0.4762,NA,20,22,NA,NA,NA,IGR,FALSE,FALSE,FALSE,FALSE,2,1,1,1_1,15563a10-47a8-401d-a507-2c7101f7ae60,NA
14,29654787,29654787,1,snv_mnv,NA,NA,"broad,dkfz,muse,sanger",4,COSN515229,NA,NA,FALSE,0.3611,NA,13,23,NA,NA,NA,IGR,FALSE,FALSE,FALSE,FALSE,2,1,1,1_1,15563a10-47a8-401d-a507-2c7101f7ae60,NA
14,30030364,30030364,1,snv_mnv,NA,NA,"broad,dkfz,muse,sanger",4,COSN18985672,NA,L1MD2,FALSE,0.5926,NA,16,11,NA,NA,NA,IGR,FALSE,FALSE,FALSE,FALSE,2,1,1,1_1,15563a10-47a8-401d-a507-2c7101f7ae60,NA
14,32358813,32358813,1,snv_mnv,NA,NA,"broad,dkfz,muse,sanger",4,COSN18985649,NA,L1MC5,FALSE,0.4722,NA,17,19,NA,NA,NA,IGR,FALSE,FALSE,FALSE,FALSE,2,1,1,1_1,15563a10-47a8-401d-a507-2c7101f7ae60,NA
14,33905967,33905967,1,snv_mnv,NA,NA,"broad,dkfz,muse,sanger",4,COSN5207604,NA,NA,FALSE,0.5128,NA,20,19,NA,NA,NA,Intron,FALSE,FALSE,FALSE,FALSE,2,1,1,1_1,15563a10-47a8-401d-a507-2c7101f7ae60,NA
14,37517884,37517884,1,snv_mnv,NA,NA,"broad,dkfz,muse,sanger",4,COSN18985660,NA,MIRc,FALSE,0.4688,NA,15,17,NA,NA,NA,Intron,FALSE,FALSE,FALSE,FALSE,2,1,1,1_1,15563a10-47a8-401d-a507-2c7101f7ae60,NA
14,37594963,37594963,1,snv_mnv,NA,NA,"broad,dkfz,muse,sanger",4,COSN515242,NA,NA,FALSE,0.3333,NA,13,26,NA,NA,NA,Intron,FALSE,FALSE,FALSE,FALSE,2,1,1,1_1,15563a10-47a8-401d-a507-2c7101f7ae60,NA
14,37833258,37833258,1,snv_mnv,NA,NA,"broad,dkfz,muse,sanger",4,COSN18985658,NA,L1PA6,FALSE,0.2812,NA,9,23,NA,NA,NA,Intron,FALSE,FALSE,FALSE,FALSE,2,1,1,1_1,15563a10-47a8-401d-a507-2c7101f7ae60,NA
14,38538995,38538995,1,snv_mnv,NA,NA,"dkfz,sanger",2,COSN515243,NA,NA,FALSE,0.5556,NA,20,16,NA,NA,NA,RNA,FALSE,FALSE,FALSE,FALSE,2,1,1,1_1,15563a10-47a8-401d-a507-2c7101f7ae60,NA
14,40812072,40812072,1,snv_mnv,NA,NA,"broad,dkfz,muse,sanger",4,COSN515247,NA,NA,FALSE,0.3125,NA,10,22,NA,NA,NA,IGR,FALSE,FALSE,FALSE,FALSE,2,1,1,1_1,15563a10-47a8-401d-a507-2c7101f7ae60,NA
14,42502869,42502869,1,snv_mnv,NA,NA,"broad,dkfz,muse,sanger",4,COSN515248,NA,NA,FALSE,0.6774,NA,21,10,NA,NA,NA,IGR,FALSE,FALSE,FALSE,FALSE,2,1,1,1_1,15563a10-47a8-401d-a507-2c7101f7ae60,NA
14,42507160,42507160,1,snv_mnv,NA,NA,"broad,dkfz,muse,sanger",4,COSN18985675,NA,L1M5,FALSE,0.5143,NA,18,17,NA,NA,NA,IGR,FALSE,FALSE,FALSE,FALSE,2,1,1,1_1,15563a10-47a8-401d-a507-2c7101f7ae60,NA
14,42929883,42929883,1,snv_mnv,NA,NA,"broad,dkfz,muse,sanger",4,COSN515249,NA,NA,FALSE,0.4545,NA,15,18,NA,NA,NA,lincRNA,FALSE,FALSE,FALSE,FALSE,2,1,1,1_1,15563a10-47a8-401d-a507-2c7101f7ae60,NA
14,43182986,43182986,1,snv_mnv,NA,NA,"broad,dkfz,muse,sanger",4,COSN18985664,NA,L1PA15,FALSE,0.3684,NA,14,24,NA,NA,NA,IGR,FALSE,FALSE,FALSE,FALSE,2,1,1,1_1,15563a10-47a8-401d-a507-2c7101f7ae60,NA
14,48390072,48390072,1,snv_mnv,NA,NA,"dkfz,sanger",2,COSN18985656,NA,LTR33B,FALSE,0.3571,NA,10,18,NA,NA,NA,IGR,FALSE,FALSE,FALSE,FALSE,2,1,1,1_1,15563a10-47a8-401d-a507-2c7101f7ae60,NA
14,48546776,48546776,1,snv_mnv,NA,NA,"broad,dkfz,muse,sanger",4,COSN515261,NA,NA,FALSE,0.5172,NA,15,14,NA,NA,NA,IGR,FALSE,FALSE,FALSE,FALSE,2,1,1,1_1,15563a10-47a8-401d-a507-2c7101f7ae60,NA
14,48958307,48958307,1,snv_mnv,NA,NA,"dkfz,sanger",2,COSN515262,NA,NA,FALSE,0.48,NA,12,13,NA,NA,NA,lincRNA,FALSE,FALSE,FALSE,FALSE,2,1,1,1_1,15563a10-47a8-401d-a507-2c7101f7ae60,RPL18P1
14,50406624,50406624,1,snv_mnv,NA,NA,"broad,dkfz,muse,sanger",4,COSN515263,NA,NA,FALSE,0.3793,NA,11,18,NA,NA,NA,lincRNA,FALSE,FALSE,FALSE,FALSE,2,1,1,1_1,15563a10-47a8-401d-a507-2c7101f7ae60,LINC01588
14,54366201,54366201,1,snv_mnv,NA,NA,"broad,dkfz,muse,sanger",4,COSN515265,NA,NA,FALSE,0.4783,NA,11,12,NA,NA,NA,IGR,FALSE,FALSE,FALSE,FALSE,2,1,1,1_1,15563a10-47a8-401d-a507-2c7101f7ae60,NA
14,56713208,56713208,1,snv_mnv,NA,NA,"broad,dkfz,muse,sanger",4,COSN18985670,NA,L3,FALSE,0.5385,NA,14,12,NA,NA,NA,Intron,FALSE,FALSE,FALSE,FALSE,2,1,1,1_1,15563a10-47a8-401d-a507-2c7101f7ae60,NA
14,57357153,57357153,1,snv_mnv,NA,NA,"broad,dkfz,muse,sanger",4,COSN515266,NA,NA,FALSE,0.4286,NA,15,20,NA,NA,NA,RNA,FALSE,FALSE,FALSE,FALSE,2,1,1,1_1,15563a10-47a8-401d-a507-2c7101f7ae60,NA
14,57911018,57911018,1,snv_mnv,NA,NA,"broad,dkfz,muse",3,COSN18985671,NA,(TAA)n,FALSE,0.4211,NA,8,11,NA,NA,NA,IGR,FALSE,FALSE,FALSE,FALSE,2,1,1,1_1,15563a10-47a8-401d-a507-2c7101f7ae60,NA
14,60903684,60903684,1,snv_mnv,NA,NA,"broad,dkfz,muse,sanger",4,COSM96809,NA,NA,FALSE,0.3529,NA,12,22,NA,NA,NA,Missense_Mutation,FALSE,FALSE,FALSE,FALSE,2,1,1,1_1,15563a10-47a8-401d-a507-2c7101f7ae60,NA
14,61063646,61063646,1,snv_mnv,NA,NA,"broad,dkfz,muse,sanger",4,COSN18985673,NA,HAL1,FALSE,0.6429,NA,18,10,NA,NA,NA,IGR,FALSE,FALSE,FALSE,FALSE,2,1,1,1_1,15563a10-47a8-401d-a507-2c7101f7ae60,NA
14,61933043,61933043,1,snv_mnv,NA,NA,"broad,dkfz,muse,sanger",4,COSN515276,NA,NA,FALSE,0.5333,NA,16,14,NA,NA,NA,Intron,FALSE,FALSE,FALSE,FALSE,2,1,1,1_1,15563a10-47a8-401d-a507-2c7101f7ae60,NA
14,62984962,62984962,1,snv_mnv,NA,NA,"dkfz,sanger",2,COSN515277,rs867432466,NA,FALSE,0.6176,NA,21,13,NA,NA,NA,IGR,FALSE,FALSE,FALSE,FALSE,2,1,1,1_1,15563a10-47a8-401d-a507-2c7101f7ae60,AL389895.1
14,65464507,65464507,1,snv_mnv,NA,NA,"broad,dkfz,muse,sanger",4,COSN18985646,NA,MER34C_,FALSE,0.4545,NA,10,12,NA,NA,NA,Intron,FALSE,FALSE,FALSE,FALSE,2,1,1,1_1,15563a10-47a8-401d-a507-2c7101f7ae60,NA
14,71162986,71162986,1,snv_mnv,NA,NA,"broad,dkfz,muse,sanger",4,COSN18985666,NA,L3,FALSE,0.4848,NA,16,17,NA,NA,NA,lincRNA,FALSE,FALSE,FALSE,FALSE,2,1,1,1_1,15563a10-47a8-401d-a507-2c7101f7ae60,LINC01269
14,75676842,75676842,1,snv_mnv,NA,NA,"broad,dkfz,muse,sanger",4,COSN515286,NA,NA,FALSE,0.4717,NA,25,28,NA,NA,NA,IGR,FALSE,FALSE,FALSE,FALSE,2,1,1,1_1,15563a10-47a8-401d-a507-2c7101f7ae60,NA
14,76403032,76403032,1,snv_mnv,NA,NA,"broad,dkfz,muse,sanger",4,COSN18985659,NA,MLT1K,FALSE,0.4848,NA,16,17,NA,NA,NA,Intron,FALSE,FALSE,FALSE,FALSE,2,1,1,1_1,15563a10-47a8-401d-a507-2c7101f7ae60,NA
14,76905001,76905001,1,snv_mnv,NA,NA,"muse,sanger",2,COSN18985648,NA,AluSx1,FALSE,0.3889,NA,7,11,NA,NA,NA,Intron,FALSE,FALSE,FALSE,TRUE,2,1,1,1_1,15563a10-47a8-401d-a507-2c7101f7ae60,ESRRB
14,77326975,77326975,1,snv_mnv,NA,NA,"broad,dkfz,muse,sanger",4,COSN515287,NA,NA,FALSE,0.5806,NA,18,13,NA,NA,NA,Intron,FALSE,FALSE,FALSE,FALSE,2,1,1,1_1,15563a10-47a8-401d-a507-2c7101f7ae60,NA
14,78706317,78706317,1,snv_mnv,NA,NA,"broad,dkfz,muse,sanger",4,COSN18985653,NA,AluSx1,FALSE,0.5909,NA,13,9,NA,NA,NA,IGR,FALSE,FALSE,FALSE,FALSE,2,1,1,1_1,15563a10-47a8-401d-a507-2c7101f7ae60,NRXN3
14,78950754,78950754,1,snv_mnv,NA,NA,"muse,sanger",2,COSN18985657,NA,NA,FALSE,0.381,NA,8,13,NA,NA,NA,Intron,FALSE,FALSE,FALSE,FALSE,2,1,1,1_1,15563a10-47a8-401d-a507-2c7101f7ae60,NA
14,79941907,79941907,1,snv_mnv,NA,NA,"broad,dkfz,muse,sanger",4,COSN515290,NA,NA,FALSE,0.4286,NA,9,12,NA,NA,NA,Intron,FALSE,FALSE,FALSE,FALSE,2,1,1,1_1,15563a10-47a8-401d-a507-2c7101f7ae60,NA
14,83006048,83006048,1,snv_mnv,NA,NA,"broad,dkfz,muse,sanger",4,COSN515294,NA,NA,FALSE,0.5357,NA,15,13,NA,NA,NA,IGR,FALSE,FALSE,FALSE,FALSE,2,1,1,1_1,15563a10-47a8-401d-a507-2c7101f7ae60,NA
14,83768373,83768373,1,snv_mnv,NA,NA,"broad,dkfz,muse",3,COSN18985668,NA,NA,FALSE,0.7,NA,7,3,NA,NA,NA,IGR,FALSE,FALSE,FALSE,FALSE,2,1,1,1_1,15563a10-47a8-401d-a507-2c7101f7ae60,NA
14,84517307,84517307,1,snv_mnv,NA,NA,"broad,dkfz,muse,sanger",4,COSN18985655,NA,LTR41,FALSE,0.5357,NA,15,13,NA,NA,NA,IGR,FALSE,FALSE,FALSE,FALSE,2,1,1,1_1,15563a10-47a8-401d-a507-2c7101f7ae60,NA
14,84525775,84525775,1,snv_mnv,NA,NA,"dkfz,sanger",2,COSN515300,NA,NA,FALSE,0.4783,NA,11,12,NA,NA,NA,IGR,FALSE,FALSE,FALSE,FALSE,2,1,1,1_1,15563a10-47a8-401d-a507-2c7101f7ae60,NA
14,84771798,84771798,1,snv_mnv,NA,NA,"broad,dkfz,muse,sanger",4,COSN18985663,NA,L1PA16,FALSE,0.5952,NA,25,17,NA,NA,NA,IGR,FALSE,FALSE,FALSE,FALSE,2,1,1,1_1,15563a10-47a8-401d-a507-2c7101f7ae60,NA
14,84875842,84875842,1,snv_mnv,NA,NA,"broad,dkfz,muse,sanger",4,COSN18985650,NA,NA,FALSE,0.1556,NA,7,38,NA,NA,NA,IGR,FALSE,FALSE,FALSE,FALSE,2,1,1,1_1,15563a10-47a8-401d-a507-2c7101f7ae60,NA
14,85085237,85085237,1,snv_mnv,NA,NA,"broad,dkfz,muse,sanger",4,COSN18985652,NA,AluSg,FALSE,0.55,NA,11,9,NA,NA,NA,IGR,FALSE,FALSE,FALSE,FALSE,2,1,1,1_1,15563a10-47a8-401d-a507-2c7101f7ae60,NA
14,87955874,87955874,1,snv_mnv,NA,NA,"broad,dkfz,muse,sanger",4,COSN18984832,NA,MLT1J,FALSE,0.5946,NA,22,15,NA,NA,NA,lincRNA,FALSE,FALSE,FALSE,FALSE,2,1,1,1_1,15563a10-47a8-401d-a507-2c7101f7ae60,NA
14,87973734,87973734,1,snv_mnv,NA,NA,"broad,dkfz,muse,sanger",4,COSN18985674,NA,AluSx,FALSE,0.4545,NA,10,12,NA,NA,NA,lincRNA,FALSE,FALSE,FALSE,FALSE,2,1,1,1_1,15563a10-47a8-401d-a507-2c7101f7ae60,NA
14,92590969,92590969,1,snv_mnv,NA,NA,"broad,dkfz,muse,sanger",4,COSN515316,NA,NA,FALSE,0.5517,NA,16,13,NA,NA,NA,Intron,FALSE,FALSE,FALSE,FALSE,2,1,1,1_1,15563a10-47a8-401d-a507-2c7101f7ae60,NDUFB1
14,93964660,93964660,1,snv_mnv,3.9936e-4,rs541764134,"broad,dkfz,muse,sanger",4,COSN18985651,rs541764134,AluSc8,FALSE,0.55,NA,11,9,NA,NA,NA,Intron,FALSE,FALSE,FALSE,FALSE,2,1,1,1_1,15563a10-47a8-401d-a507-2c7101f7ae60,NA
14,94094067,94094067,1,snv_mnv,NA,NA,"broad,dkfz,muse,sanger",4,COSN18985645,NA,MLT1H,FALSE,0.3714,NA,13,22,NA,NA,NA,Intron,FALSE,FALSE,FALSE,FALSE,2,1,1,1_1,15563a10-47a8-401d-a507-2c7101f7ae60,NA
14,97923418,97923418,1,snv_mnv,NA,NA,"broad,dkfz,muse,sanger",4,COSN515319,NA,NA,FALSE,0.5294,NA,9,8,NA,NA,NA,lincRNA,FALSE,FALSE,FALSE,FALSE,2,1,1,1_1,15563a10-47a8-401d-a507-2c7101f7ae60,LINC02325
14,98789865,98789865,1,snv_mnv,NA,NA,"broad,dkfz,muse,sanger",4,COSN515320,NA,NA,FALSE,0.4516,NA,14,17,NA,NA,NA,IGR,FALSE,FALSE,FALSE,FALSE,2,1,1,1_1,15563a10-47a8-401d-a507-2c7101f7ae60,NA
14,100642170,100642170,1,snv_mnv,NA,NA,"broad,sanger",2,COSN18985654,NA,NA,FALSE,0.4286,NA,3,4,NA,NA,NA,IGR,FALSE,FALSE,FALSE,FALSE,2,1,1,1_1,15563a10-47a8-401d-a507-2c7101f7ae60,NA
14,103453955,103453955,1,snv_mnv,NA,NA,"broad,dkfz,muse,sanger",4,COSN515166,NA,NA,FALSE,0.5385,NA,14,12,NA,NA,NA,Intron,FALSE,FALSE,FALSE,FALSE,2,1,1,1_1,15563a10-47a8-401d-a507-2c7101f7ae60,NA
15,23808235,23808235,1,snv_mnv,NA,NA,"broad,dkfz,muse,sanger",4,COSN18985678,NA,MER3,FALSE,0.4878,NA,20,21,NA,NA,NA,5'Flank,FALSE,FALSE,FALSE,FALSE,2,1,1,1_1,15563a10-47a8-401d-a507-2c7101f7ae60,"MKRN3,MIR4508,AC126407.1"
15,23924096,23924096,1,snv_mnv,9.984e-4,rs563477171,"broad,dkfz,muse,sanger",4,COSN7038383,rs563477171,AluY,FALSE,0.4583,NA,11,13,NA,NA,NA,IGR,FALSE,FALSE,FALSE,FALSE,2,1,1,1_1,15563a10-47a8-401d-a507-2c7101f7ae60,NA
15,27306108,27306108,1,snv_mnv,NA,NA,"broad,dkfz,muse,sanger",4,COSN515334,NA,NA,FALSE,0.5217,NA,24,22,NA,NA,NA,Intron,FALSE,FALSE,FALSE,FALSE,2,1,1,1_1,15563a10-47a8-401d-a507-2c7101f7ae60,NA
15,28505709,28505709,1,snv_mnv,NA,NA,"broad,dkfz,muse,sanger",4,COSN18985688,NA,L1MEf,FALSE,0.6562,NA,21,11,NA,NA,NA,Intron,FALSE,FALSE,FALSE,FALSE,2,1,1,1_1,15563a10-47a8-401d-a507-2c7101f7ae60,NA
15,28536327,28536327,1,snv_mnv,NA,NA,"broad,muse,sanger",3,COSN18985679,NA,MIR,FALSE,0.4872,NA,19,20,NA,NA,NA,Intron,FALSE,FALSE,FALSE,FALSE,2,1,1,1_1,15563a10-47a8-401d-a507-2c7101f7ae60,NA
15,31721176,31721176,1,snv_mnv,NA,NA,"broad,dkfz,muse,sanger",4,COSN515344,NA,NA,FALSE,0.4444,NA,12,15,NA,NA,NA,IGR,FALSE,FALSE,FALSE,FALSE,2,1,1,1_1,15563a10-47a8-401d-a507-2c7101f7ae60,NA
15,33815130,33815130,1,snv_mnv,NA,NA,"broad,dkfz,muse,sanger",4,COSN515347,NA,NA,FALSE,0.5405,NA,20,17,NA,NA,NA,Intron,FALSE,FALSE,FALSE,FALSE,2,1,1,1_1,15563a10-47a8-401d-a507-2c7101f7ae60,NA
15,36742029,36742029,1,snv_mnv,NA,NA,"broad,dkfz,muse,sanger",4,COSN18985689,NA,MER58B,FALSE,0.375,NA,9,15,NA,NA,NA,IGR,FALSE,FALSE,FALSE,FALSE,2,1,1,1_1,15563a10-47a8-401d-a507-2c7101f7ae60,NA
15,42021429,42021429,1,snv_mnv,NA,NA,"broad,dkfz,muse,sanger",4,COSM96806,NA,NA,FALSE,0.3784,NA,14,23,NA,NA,NA,Missense_Mutation,FALSE,FALSE,FALSE,FALSE,2,1,1,1_1,15563a10-47a8-401d-a507-2c7101f7ae60,NA
15,45094951,45094951,1,snv_mnv,NA,NA,"broad,dkfz,muse,sanger",4,COSN515352,NA,NA,FALSE,0.4483,NA,13,16,NA,NA,NA,IGR,FALSE,FALSE,FALSE,FALSE,2,1,1,1_1,15563a10-47a8-401d-a507-2c7101f7ae60,NA
15,46797433,46797433,1,snv_mnv,NA,NA,"broad,dkfz,muse,sanger",4,COSN515354,NA,NA,FALSE,0.4643,NA,13,15,NA,NA,NA,IGR,FALSE,FALSE,FALSE,FALSE,2,1,1,1_1,15563a10-47a8-401d-a507-2c7101f7ae60,NA
15,46837321,46837321,1,snv_mnv,NA,NA,"broad,dkfz,muse,sanger",4,COSN18985681,NA,L1MCa,FALSE,0.4839,NA,15,16,NA,NA,NA,IGR,FALSE,FALSE,FALSE,FALSE,2,1,1,1_1,15563a10-47a8-401d-a507-2c7101f7ae60,NA
15,48242283,48242283,1,snv_mnv,0.0011981,rs572950299,"broad,dkfz,muse,sanger",4,COSN18985685,rs572950299,MLT1K,FALSE,0.4231,NA,11,15,NA,NA,NA,lincRNA,FALSE,FALSE,FALSE,FALSE,2,1,1,1_1,15563a10-47a8-401d-a507-2c7101f7ae60,AC092078.1
15,53363637,53363637,1,snv_mnv,NA,NA,"broad,dkfz,muse,sanger",4,COSN515362,NA,NA,FALSE,0.4286,NA,15,20,NA,NA,NA,IGR,FALSE,FALSE,FALSE,FALSE,2,1,1,1_1,15563a10-47a8-401d-a507-2c7101f7ae60,NA
15,54374971,54374971,1,snv_mnv,NA,NA,"broad,dkfz,muse,sanger",4,COSN18985691,NA,L1PA17,FALSE,0.5641,NA,22,17,NA,NA,NA,Intron,FALSE,FALSE,FALSE,FALSE,2,1,1,1_1,15563a10-47a8-401d-a507-2c7101f7ae60,NA
15,58393334,58393334,1,snv_mnv,NA,NA,"broad,dkfz,muse,sanger",4,COSN18985686,NA,L1PA16,FALSE,0.5769,NA,15,11,NA,NA,NA,Intron,FALSE,FALSE,FALSE,FALSE,2,1,1,1_1,15563a10-47a8-401d-a507-2c7101f7ae60,NA
15,65029767,65029767,1,snv_mnv,NA,NA,"broad,dkfz,muse,sanger",4,COSN18985690,NA,NA,FALSE,0.4,NA,4,6,NA,NA,NA,IGR,FALSE,FALSE,FALSE,FALSE,2,1,1,1_1,15563a10-47a8-401d-a507-2c7101f7ae60,RBPMS2
15,81478682,81478682,1,snv_mnv,NA,NA,"broad,dkfz,muse,sanger",4,COSN18985683,NA,MIRb,FALSE,0.5526,NA,21,17,NA,NA,NA,IGR,FALSE,FALSE,FALSE,FALSE,2,1,1,1_1,15563a10-47a8-401d-a507-2c7101f7ae60,IL16
15,83347788,83347788,1,snv_mnv,NA,NA,"broad,dkfz,muse,sanger",4,COSN18985687,NA,NA,FALSE,0.3333,NA,7,14,NA,NA,NA,Intron,FALSE,FALSE,FALSE,FALSE,2,1,1,1_1,15563a10-47a8-401d-a507-2c7101f7ae60,AP3B2
15,86800045,86800045,1,snv_mnv,NA,NA,"broad,dkfz,muse,sanger",4,COSN515375,NA,NA,FALSE,0.3667,NA,11,19,NA,NA,NA,Intron,FALSE,FALSE,FALSE,FALSE,2,1,1,1_1,15563a10-47a8-401d-a507-2c7101f7ae60,NA
15,94456166,94456166,1,snv_mnv,NA,NA,"broad,dkfz,muse,sanger",4,COSN18985684,NA,Tigger13a,FALSE,0.3103,NA,9,20,NA,NA,NA,lincRNA,FALSE,FALSE,FALSE,FALSE,2,1,1,1_1,15563a10-47a8-401d-a507-2c7101f7ae60,NA
15,94512340,94512340,1,snv_mnv,NA,NA,"broad,dkfz,muse,sanger",4,COSN515382,NA,NA,FALSE,0.3077,NA,12,27,NA,NA,NA,lincRNA,FALSE,FALSE,FALSE,FALSE,2,1,1,1_1,15563a10-47a8-401d-a507-2c7101f7ae60,NA
15,95987701,95987701,1,snv_mnv,NA,NA,"broad,dkfz,muse,sanger",4,COSN515384,NA,NA,FALSE,0.4857,NA,17,18,NA,NA,NA,lincRNA,FALSE,FALSE,FALSE,FALSE,2,1,1,1_1,15563a10-47a8-401d-a507-2c7101f7ae60,NA
15,96385818,96385818,1,snv_mnv,NA,NA,"broad,dkfz,muse,sanger",4,COSN515386,NA,NA,FALSE,0.6,NA,18,12,NA,NA,NA,IGR,FALSE,FALSE,FALSE,FALSE,2,1,1,1_1,15563a10-47a8-401d-a507-2c7101f7ae60,NA
15,100289462,100289462,1,snv_mnv,3.9936e-4,rs527610179,"broad,dkfz,muse,sanger",4,COSN515324,rs527610179,NA,FALSE,0.3214,NA,9,19,NA,NA,NA,RNA,FALSE,FALSE,FALSE,FALSE,2,1,1,1_1,15563a10-47a8-401d-a507-2c7101f7ae60,NA
16,5434847,5434847,1,snv_mnv,NA,NA,"dkfz,sanger",2,COSN18985220,NA,MIR,FALSE,0.4762,NA,10,11,NA,NA,NA,RNA,FALSE,FALSE,FALSE,FALSE,2,1,1,1_1,15563a10-47a8-401d-a507-2c7101f7ae60,NA
16,6710609,6710609,1,snv_mnv,NA,NA,"broad,dkfz,muse,sanger",4,COSN18985199,NA,MIRb,FALSE,0.3226,NA,10,21,NA,NA,NA,Intron,FALSE,FALSE,FALSE,FALSE,2,1,1,1_1,15563a10-47a8-401d-a507-2c7101f7ae60,NA
16,7306164,7306164,1,snv_mnv,NA,NA,"broad,dkfz,muse,sanger",4,COSN515450,NA,NA,FALSE,0.4865,NA,18,19,NA,NA,NA,Intron,FALSE,FALSE,FALSE,FALSE,2,1,1,1_1,15563a10-47a8-401d-a507-2c7101f7ae60,NA
16,8124778,8124778,1,snv_mnv,NA,NA,"broad,dkfz,muse,sanger",4,COSN18985222,NA,L1MEg,FALSE,0.4,NA,12,18,NA,NA,NA,IGR,FALSE,FALSE,FALSE,FALSE,2,1,1,1_1,15563a10-47a8-401d-a507-2c7101f7ae60,NA
16,10350761,10350761,1,snv_mnv,NA,NA,"broad,dkfz,muse,sanger",4,COSN515390,NA,NA,FALSE,0.6364,NA,7,4,NA,NA,NA,IGR,FALSE,FALSE,FALSE,FALSE,2,1,1,1_1,15563a10-47a8-401d-a507-2c7101f7ae60,NA
16,24512844,24512844,1,snv_mnv,NA,NA,"broad,dkfz,muse,sanger",4,COSN18985228,NA,AluSx1,FALSE,0.4545,NA,10,12,NA,NA,NA,IGR,FALSE,FALSE,FALSE,FALSE,2,1,1,1_1,15563a10-47a8-401d-a507-2c7101f7ae60,NA
16,26491515,26491515,1,snv_mnv,NA,NA,"broad,dkfz,muse,sanger",4,COSN18985214,NA,L1MB3,FALSE,0.6667,NA,28,14,NA,NA,NA,IGR,FALSE,FALSE,FALSE,FALSE,2,1,1,1_1,15563a10-47a8-401d-a507-2c7101f7ae60,NA
16,26501654,26501654,1,snv_mnv,NA,NA,"broad,dkfz,muse,sanger",4,COSN7303037,rs757535468,NA,FALSE,0.4762,NA,10,11,NA,NA,NA,IGR,FALSE,FALSE,FALSE,FALSE,2,1,1,1_1,15563a10-47a8-401d-a507-2c7101f7ae60,NA
16,26773730,26773730,1,snv_mnv,NA,NA,"broad,dkfz,muse,sanger",4,COSN18985221,NA,MSTB,FALSE,0.5357,NA,15,13,NA,NA,NA,IGR,FALSE,FALSE,FALSE,FALSE,2,1,1,1_1,15563a10-47a8-401d-a507-2c7101f7ae60,NA
16,26877146,26877146,1,snv_mnv,NA,NA,"broad,dkfz,muse,sanger",4,COSN515401,NA,NA,FALSE,0.5417,NA,13,11,NA,NA,NA,IGR,FALSE,FALSE,FALSE,TRUE,2,1,1,1_1,15563a10-47a8-401d-a507-2c7101f7ae60,NA
16,34202250,34202250,1,snv_mnv,NA,NA,"broad,dkfz,muse",3,COSN515407,NA,NA,FALSE,0.5,NA,19,19,NA,NA,NA,IGR,FALSE,FALSE,FALSE,FALSE,2,1,1,1_1,15563a10-47a8-401d-a507-2c7101f7ae60,NA
16,34486665,34486665,1,snv_mnv,NA,NA,"broad,dkfz,muse,sanger",4,COSN515408,NA,NA,FALSE,0.2264,NA,12,41,NA,NA,NA,lincRNA,FALSE,FALSE,FALSE,FALSE,2,1,1,1_1,15563a10-47a8-401d-a507-2c7101f7ae60,"FRG2JP,RARRES2P6"
16,47868185,47868185,1,snv_mnv,NA,NA,"broad,dkfz,muse,sanger",4,COSN18985226,NA,L1M4c,FALSE,0.5769,NA,15,11,NA,NA,NA,IGR,FALSE,FALSE,FALSE,FALSE,2,1,1,1_1,15563a10-47a8-401d-a507-2c7101f7ae60,NA
16,48758335,48758335,1,snv_mnv,NA,NA,"broad,dkfz,muse,sanger",4,COSN18985196,NA,L1PA6,FALSE,0.25,NA,10,30,NA,NA,NA,IGR,FALSE,FALSE,FALSE,FALSE,2,1,1,1_1,15563a10-47a8-401d-a507-2c7101f7ae60,NA
16,49500349,49500349,1,snv_mnv,NA,NA,"broad,dkfz,muse,sanger",4,COSN18985205,NA,MER90,FALSE,0.4595,NA,17,20,NA,NA,NA,lincRNA,FALSE,FALSE,FALSE,FALSE,2,1,1,1_1,15563a10-47a8-401d-a507-2c7101f7ae60,NA
16,51232775,51232775,1,snv_mnv,7.9872e-4,rs564578777,"broad,dkfz,muse,sanger",4,COSN515415,rs564578777,NA,FALSE,0.7222,NA,13,5,NA,NA,NA,IGR,FALSE,FALSE,FALSE,FALSE,2,1,1,1_1,15563a10-47a8-401d-a507-2c7101f7ae60,NA
16,52157364,52157364,1,snv_mnv,NA,NA,"broad,dkfz,muse,sanger",4,COSN515417,NA,NA,FALSE,0.4,NA,16,24,NA,NA,NA,IGR,FALSE,FALSE,FALSE,FALSE,2,1,1,1_1,15563a10-47a8-401d-a507-2c7101f7ae60,NA
16,52697726,52697726,1,snv_mnv,NA,NA,"broad,dkfz,muse,sanger",4,COSN18985197,NA,L1MA5A,FALSE,0.3548,NA,11,20,NA,NA,NA,IGR,FALSE,FALSE,FALSE,FALSE,2,1,1,1_1,15563a10-47a8-401d-a507-2c7101f7ae60,NA
16,57896855,57896855,1,snv_mnv,NA,NA,"broad,dkfz,muse,sanger",4,COSN18985203,NA,L2a,FALSE,0.4615,NA,12,14,NA,NA,NA,IGR,FALSE,FALSE,FALSE,FALSE,2,1,1,1_1,15563a10-47a8-401d-a507-2c7101f7ae60,NA
16,58794837,58794837,1,snv_mnv,NA,NA,"broad,dkfz,muse,sanger",4,COSN18985215,NA,L1PB4,FALSE,0.4444,NA,12,15,NA,NA,NA,lincRNA,FALSE,FALSE,FALSE,FALSE,2,1,1,1_1,15563a10-47a8-401d-a507-2c7101f7ae60,NA
16,60134401,60134401,1,snv_mnv,NA,NA,"broad,dkfz,muse,sanger",4,COSN18985223,NA,L1MA3,FALSE,0.3611,NA,13,23,NA,NA,NA,IGR,FALSE,FALSE,FALSE,FALSE,2,1,1,1_1,15563a10-47a8-401d-a507-2c7101f7ae60,NA
16,60423237,60423237,1,snv_mnv,NA,NA,"broad,dkfz,muse,sanger",4,COSN515422,NA,NA,FALSE,0.3929,NA,11,17,NA,NA,NA,IGR,FALSE,FALSE,FALSE,FALSE,2,1,1,1_1,15563a10-47a8-401d-a507-2c7101f7ae60,NA
16,60846400,60846400,1,snv_mnv,NA,NA,"broad,dkfz,muse,sanger",4,COSN18985213,NA,LTR16C,FALSE,0.5556,NA,20,16,NA,NA,NA,IGR,FALSE,FALSE,FALSE,FALSE,2,1,1,1_1,15563a10-47a8-401d-a507-2c7101f7ae60,NA
16,62077735,62077735,1,snv_mnv,NA,NA,"broad,dkfz,muse,sanger",4,COSN515428,NA,NA,FALSE,0.5556,NA,20,16,NA,NA,NA,IGR,FALSE,FALSE,FALSE,FALSE,2,1,1,1_1,15563a10-47a8-401d-a507-2c7101f7ae60,NA
16,62580895,62580895,1,snv_mnv,NA,NA,"broad,dkfz,muse,sanger",4,COSN515430,NA,NA,FALSE,0.3953,NA,17,26,NA,NA,NA,IGR,FALSE,FALSE,FALSE,FALSE,2,1,1,1_1,15563a10-47a8-401d-a507-2c7101f7ae60,NA
16,62681144,62681144,1,snv_mnv,NA,NA,"broad,dkfz,muse,sanger",4,COSN18985219,NA,MER52-int,FALSE,0.4516,NA,14,17,NA,NA,NA,IGR,FALSE,FALSE,FALSE,FALSE,2,1,1,1_1,15563a10-47a8-401d-a507-2c7101f7ae60,NA
16,63689621,63689621,1,snv_mnv,NA,NA,"broad,dkfz,muse,sanger",4,COSN515436,NA,NA,FALSE,0.5526,NA,21,17,NA,NA,NA,IGR,FALSE,FALSE,FALSE,FALSE,2,1,1,1_1,15563a10-47a8-401d-a507-2c7101f7ae60,NA
16,63791078,63791078,1,snv_mnv,1.9968e-4,rs546484469,"broad,dkfz,muse,sanger",4,COSN18985207,rs546484469,L1MA4,FALSE,0.5263,NA,20,18,NA,NA,NA,lincRNA,FALSE,FALSE,FALSE,FALSE,2,1,1,1_1,15563a10-47a8-401d-a507-2c7101f7ae60,LINC02165
16,64144685,64144685,1,snv_mnv,NA,NA,"broad,dkfz,muse,sanger",4,COSN18985212,NA,L1MC3,FALSE,0.439,NA,18,23,NA,NA,NA,IGR,FALSE,FALSE,FALSE,FALSE,2,1,1,1_1,15563a10-47a8-401d-a507-2c7101f7ae60,NA
16,64799489,64799489,1,snv_mnv,NA,NA,"broad,dkfz,muse,sanger",4,COSN515439,NA,NA,FALSE,0.25,NA,7,21,NA,NA,NA,IGR,FALSE,FALSE,FALSE,FALSE,2,1,1,1_1,15563a10-47a8-401d-a507-2c7101f7ae60,NA
16,65648603,65648603,1,snv_mnv,NA,NA,"broad,dkfz,muse,sanger",4,COSN18985202,NA,L1PA16,FALSE,0.5556,NA,20,16,NA,NA,NA,lincRNA,FALSE,FALSE,FALSE,FALSE,2,1,1,1_1,15563a10-47a8-401d-a507-2c7101f7ae60,NA
16,69261677,69261677,1,snv_mnv,NA,NA,"broad,dkfz,muse,sanger",4,COSN515445,NA,NA,FALSE,0.4286,NA,15,20,NA,NA,NA,Intron,FALSE,FALSE,FALSE,FALSE,2,1,1,1_1,15563a10-47a8-401d-a507-2c7101f7ae60,NA
16,70634748,70634748,1,snv_mnv,NA,NA,"broad,dkfz,muse,sanger",4,COSN515447,NA,NA,FALSE,0.5,NA,13,13,NA,NA,NA,Intron,FALSE,FALSE,FALSE,FALSE,2,1,1,1_1,15563a10-47a8-401d-a507-2c7101f7ae60,NA
16,71946976,71946976,1,snv_mnv,NA,NA,"broad,dkfz,muse,sanger",4,COSN18985206,NA,L1MB2,FALSE,0.4146,NA,17,24,NA,NA,NA,Intron,FALSE,FALSE,FALSE,FALSE,2,1,1,1_1,15563a10-47a8-401d-a507-2c7101f7ae60,IST1
16,77129127,77129127,1,snv_mnv,NA,NA,"broad,dkfz,muse,sanger",4,COSN18985209,NA,L2c,FALSE,0.4074,NA,11,16,NA,NA,NA,IGR,FALSE,FALSE,FALSE,FALSE,2,1,1,1_1,15563a10-47a8-401d-a507-2c7101f7ae60,NA
16,77436733,77436733,1,snv_mnv,NA,NA,"broad,dkfz,muse,sanger",4,COSN515456,NA,NA,FALSE,0.4706,NA,8,9,NA,NA,NA,Intron,FALSE,FALSE,FALSE,FALSE,2,1,1,1_1,15563a10-47a8-401d-a507-2c7101f7ae60,NA
16,80162760,80162760,1,snv_mnv,NA,NA,"broad,dkfz,muse,sanger",4,COSN515459,NA,NA,FALSE,0.3889,NA,14,22,NA,NA,NA,lincRNA,FALSE,FALSE,FALSE,FALSE,2,1,1,1_1,15563a10-47a8-401d-a507-2c7101f7ae60,NA
16,80412024,80412024,1,snv_mnv,NA,NA,"broad,dkfz,muse,sanger",4,COSN515461,NA,NA,FALSE,0.4545,NA,15,18,NA,NA,NA,RNA,FALSE,FALSE,FALSE,FALSE,2,1,1,1_1,15563a10-47a8-401d-a507-2c7101f7ae60,NA
16,83264552,83264552,1,snv_mnv,NA,NA,"broad,dkfz,muse,sanger",4,COSN515464,rs775229873,NA,FALSE,0.5714,NA,16,12,NA,NA,NA,Intron,FALSE,FALSE,FALSE,FALSE,2,1,1,1_1,15563a10-47a8-401d-a507-2c7101f7ae60,NA
16,85875654,85875654,1,snv_mnv,NA,NA,"broad,dkfz,muse,sanger",4,COSN18985225,NA,MIR3,FALSE,0.3,NA,6,14,NA,NA,NA,IGR,FALSE,FALSE,FALSE,FALSE,2,1,1,1_1,15563a10-47a8-401d-a507-2c7101f7ae60,NA
16,87346892,87346892,1,snv_mnv,NA,NA,"broad,dkfz,muse,sanger",4,COSN18985210,NA,L1ME1,FALSE,0.3103,NA,9,20,NA,NA,NA,Intron,FALSE,FALSE,FALSE,FALSE,2,1,1,1_1,15563a10-47a8-401d-a507-2c7101f7ae60,AC010531.6
16,87588038,87588038,1,snv_mnv,NA,NA,"broad,dkfz,muse",3,COSN18985201,NA,AluY,FALSE,0.55,NA,11,9,NA,NA,NA,IGR,FALSE,FALSE,FALSE,FALSE,2,1,1,1_1,15563a10-47a8-401d-a507-2c7101f7ae60,NA
16,89709834,89709834,1,snv_mnv,NA,NA,"broad,dkfz,muse,sanger",4,COSN515471,NA,NA,FALSE,0.5,NA,11,11,NA,NA,NA,IGR,FALSE,FALSE,FALSE,FALSE,2,1,1,1_1,15563a10-47a8-401d-a507-2c7101f7ae60,NA
17,1011057,1011057,1,snv_mnv,NA,NA,"broad,dkfz,sanger",3,COSN515473,NA,NA,FALSE,0.5,NA,3,3,NA,NA,NA,Intron,FALSE,FALSE,FALSE,FALSE,2,1,1,1_1,15563a10-47a8-401d-a507-2c7101f7ae60,NA
17,1853835,1853835,1,snv_mnv,NA,NA,"broad,muse,sanger",3,COSN18984958,NA,L2a,FALSE,0.3889,NA,7,11,NA,NA,NA,Intron,FALSE,FALSE,FALSE,FALSE,2,1,1,1_1,15563a10-47a8-401d-a507-2c7101f7ae60,NA
17,4638002,4638002,1,snv_mnv,NA,NA,"broad,dkfz,muse,sanger",4,COSN515505,NA,NA,FALSE,0.449,NA,22,27,NA,NA,NA,IGR,FALSE,FALSE,FALSE,FALSE,2,1,1,1_1,15563a10-47a8-401d-a507-2c7101f7ae60,"CXCL16,MED11,AC091153.4"
17,8561377,8561377,1,snv_mnv,NA,NA,"broad,dkfz,muse,sanger",4,COSN18984963,NA,AluY,FALSE,0.381,NA,8,13,NA,NA,NA,IGR,FALSE,FALSE,FALSE,FALSE,2,1,1,1_1,15563a10-47a8-401d-a507-2c7101f7ae60,NA
17,9945150,9945150,1,snv_mnv,NA,NA,"broad,dkfz,muse,sanger",4,COSN515538,NA,NA,FALSE,0.5405,NA,20,17,NA,NA,NA,Intron,FALSE,FALSE,FALSE,FALSE,2,1,1,1_1,15563a10-47a8-401d-a507-2c7101f7ae60,NA
17,9993247,9993247,1,snv_mnv,NA,NA,"broad,dkfz,muse,sanger",4,COSN18984961,NA,AluSz,FALSE,0.5294,NA,9,8,NA,NA,NA,Intron,FALSE,FALSE,FALSE,FALSE,2,1,1,1_1,15563a10-47a8-401d-a507-2c7101f7ae60,NA
17,10074048,10074048,1,snv_mnv,NA,NA,"broad,dkfz,muse,sanger",4,COSN18984972,NA,L2a,FALSE,0.5517,NA,16,13,NA,NA,NA,Intron,FALSE,FALSE,FALSE,FALSE,2,1,1,1_1,15563a10-47a8-401d-a507-2c7101f7ae60,NA
17,11410977,11410977,1,snv_mnv,NA,NA,"broad,dkfz,muse,sanger",4,COSN515475,NA,NA,FALSE,0.4483,NA,13,16,NA,NA,NA,Intron,FALSE,FALSE,FALSE,FALSE,2,1,1,1_1,15563a10-47a8-401d-a507-2c7101f7ae60,NA
17,11909015,11909015,1,snv_mnv,NA,NA,"broad,dkfz,muse,sanger",4,COSN18984970,NA,Charlie7,FALSE,0.2593,NA,7,20,NA,NA,NA,IGR,FALSE,FALSE,FALSE,FALSE,2,1,1,1_1,15563a10-47a8-401d-a507-2c7101f7ae60,NA
17,12193495,12193495,1,snv_mnv,NA,NA,"broad,dkfz,muse,sanger",4,COSN515478,NA,NA,FALSE,0.5588,NA,19,15,NA,NA,NA,IGR,FALSE,FALSE,FALSE,FALSE,2,1,1,1_1,15563a10-47a8-401d-a507-2c7101f7ae60,NA
17,13097554,13097554,1,snv_mnv,NA,NA,"broad,dkfz,muse,sanger",4,COSN515480,NA,NA,FALSE,0.4,NA,10,15,NA,NA,NA,IGR,FALSE,FALSE,FALSE,FALSE,2,1,1,1_1,15563a10-47a8-401d-a507-2c7101f7ae60,NA
17,15577319,15577319,1,snv_mnv,NA,NA,"broad,dkfz,muse,sanger",4,COSN515481,NA,NA,FALSE,0.5385,NA,7,6,NA,NA,NA,Intron,FALSE,FALSE,FALSE,FALSE,2,1,1,1_1,15563a10-47a8-401d-a507-2c7101f7ae60,"ZNF29P,TRIM16"
17,19524569,19524569,1,snv_mnv,NA,NA,"broad,dkfz,muse,sanger",4,COSN18984967,NA,AluSz,FALSE,0.3793,NA,11,18,NA,NA,NA,IGR,FALSE,FALSE,FALSE,FALSE,2,1,1,1_1,15563a10-47a8-401d-a507-2c7101f7ae60,NA
17,21810885,21810885,1,snv_mnv,NA,NA,"broad,dkfz,muse,sanger",4,COSN515487,NA,NA,FALSE,0.3846,NA,15,24,NA,NA,NA,lincRNA,FALSE,FALSE,FALSE,FALSE,2,1,1,1_1,15563a10-47a8-401d-a507-2c7101f7ae60,"AC138761.5,AC138761.3"
17,30598040,30598040,1,snv_mnv,NA,NA,"broad,dkfz,muse,sanger",4,COSN18984965,NA,FLAM_C,FALSE,0.4706,NA,8,9,NA,NA,NA,Intron,FALSE,FALSE,FALSE,FALSE,2,1,1,1_1,15563a10-47a8-401d-a507-2c7101f7ae60,NA
17,31464125,31464125,1,snv_mnv,NA,NA,"broad,dkfz,muse,sanger",4,COSN515492,NA,NA,FALSE,0.5,NA,16,16,NA,NA,NA,Intron,FALSE,FALSE,FALSE,FALSE,2,1,1,1_1,15563a10-47a8-401d-a507-2c7101f7ae60,NA
17,32060830,32060830,1,snv_mnv,NA,NA,"broad,dkfz,muse,sanger",4,COSN18984973,rs767339338,L2a,FALSE,0.5581,NA,24,19,NA,NA,NA,Intron,FALSE,FALSE,FALSE,FALSE,2,1,1,1_1,15563a10-47a8-401d-a507-2c7101f7ae60,NA
17,32226103,32226103,1,snv_mnv,NA,NA,"broad,dkfz,muse,sanger",4,COSN18984968,NA,AluYc,FALSE,0.4348,NA,10,13,NA,NA,NA,Intron,FALSE,FALSE,FALSE,FALSE,2,1,1,1_1,15563a10-47a8-401d-a507-2c7101f7ae60,NA
17,34211444,34211444,1,snv_mnv,NA,NA,"broad,dkfz,muse,sanger",4,COSN515495,NA,NA,FALSE,0.4583,NA,11,13,NA,NA,NA,RNA,FALSE,FALSE,FALSE,FALSE,2,1,1,1_1,15563a10-47a8-401d-a507-2c7101f7ae60,NA
17,39251280,39251280,1,snv_mnv,NA,NA,"broad,muse,sanger",3,COSN18984976,NA,MER4-int,FALSE,0.4516,NA,14,17,NA,NA,NA,IGR,FALSE,FALSE,FALSE,FALSE,2,1,1,1_1,15563a10-47a8-401d-a507-2c7101f7ae60,KRTAP4-8
17,45174216,45174216,1,snv_mnv,NA,NA,"broad,muse,sanger",3,COSN18984971,NA,AluSx,FALSE,0.3333,NA,3,6,NA,NA,NA,IGR,FALSE,FALSE,FALSE,FALSE,2,1,1,1_1,15563a10-47a8-401d-a507-2c7101f7ae60,AC068152.1
17,50194804,50194804,1,snv_mnv,NA,NA,"broad,dkfz,muse,sanger",4,COSN18984957,NA,LTR25-int,FALSE,0.4783,NA,11,12,NA,NA,NA,Intron,FALSE,FALSE,FALSE,FALSE,2,1,1,1_1,15563a10-47a8-401d-a507-2c7101f7ae60,NA
17,50271551,50271551,1,snv_mnv,NA,NA,"broad,dkfz,muse",3,COSN515508,NA,NA,FALSE,0.3333,NA,10,20,NA,NA,NA,IGR,FALSE,FALSE,FALSE,FALSE,2,1,1,1_1,15563a10-47a8-401d-a507-2c7101f7ae60,NA
17,51744122,51744122,1,snv_mnv,NA,NA,"broad,dkfz,muse,sanger",4,COSN18984969,NA,THE1C,FALSE,0.4762,NA,10,11,NA,NA,NA,IGR,FALSE,FALSE,FALSE,FALSE,2,1,1,1_1,15563a10-47a8-401d-a507-2c7101f7ae60,NA
17,51754740,51754740,1,snv_mnv,NA,NA,"broad,dkfz,muse,sanger",4,COSN515510,NA,NA,FALSE,0.4375,NA,14,18,NA,NA,NA,IGR,FALSE,FALSE,FALSE,FALSE,2,1,1,1_1,15563a10-47a8-401d-a507-2c7101f7ae60,AC034268.1
17,54930727,54930727,1,snv_mnv,NA,NA,"broad,muse,sanger",3,COSN18984962,NA,L1MA7,FALSE,0.6667,NA,16,8,NA,NA,NA,Intron,FALSE,FALSE,FALSE,FALSE,2,1,1,1_1,15563a10-47a8-401d-a507-2c7101f7ae60,NA
17,61676113,61676113,1,snv_mnv,NA,NA,"broad,dkfz,muse",3,COSN18984975,NA,L1MB8,FALSE,0.3617,NA,17,30,NA,NA,NA,5'Flank,FALSE,FALSE,FALSE,FALSE,2,1,1,1_1,15563a10-47a8-401d-a507-2c7101f7ae60,"TACO1,DCAF7"
17,62677286,62677286,1,snv_mnv,NA,NA,"broad,dkfz,muse,sanger",4,COSN18984978,NA,AluSx,FALSE,0.6667,NA,10,5,NA,NA,NA,IGR,FALSE,FALSE,FALSE,FALSE,2,1,1,1_1,15563a10-47a8-401d-a507-2c7101f7ae60,NA
17,62708647,62708647,1,snv_mnv,NA,NA,"muse,sanger",2,COSN18984977,rs201954970,AluSz,FALSE,0.6111,NA,11,7,NA,NA,NA,IGR,FALSE,FALSE,FALSE,TRUE,2,1,1,1_1,15563a10-47a8-401d-a507-2c7101f7ae60,NA
17,65472134,65472134,1,snv_mnv,NA,NA,"broad,dkfz,muse,sanger",4,COSN515521,NA,NA,FALSE,0.6216,NA,23,14,NA,NA,NA,Intron,FALSE,FALSE,FALSE,FALSE,2,1,1,1_1,15563a10-47a8-401d-a507-2c7101f7ae60,"MIR548D2,MIR548AA2"
17,67195549,67195549,1,snv_mnv,NA,NA,"broad,dkfz,muse,sanger",4,COSN515522,NA,NA,FALSE,0.4286,NA,18,24,NA,NA,NA,Intron,FALSE,FALSE,FALSE,FALSE,2,1,1,1_1,15563a10-47a8-401d-a507-2c7101f7ae60,NA
17,67819891,67819891,1,snv_mnv,NA,NA,"broad,dkfz,muse,sanger",4,COSN515523,NA,NA,FALSE,0.4186,NA,18,25,NA,NA,NA,IGR,FALSE,FALSE,FALSE,FALSE,2,1,1,1_1,15563a10-47a8-401d-a507-2c7101f7ae60,NA
17,70076692,70076692,1,snv_mnv,NA,NA,"broad,dkfz,muse,sanger",4,COSN18984966,NA,Charlie4a,FALSE,0.3846,NA,10,16,NA,NA,NA,RNA,FALSE,FALSE,FALSE,FALSE,2,1,1,1_1,15563a10-47a8-401d-a507-2c7101f7ae60,SOX9-AS1
17,70272612,70272612,1,snv_mnv,NA,NA,"broad,dkfz,muse,sanger",4,COSN515528,NA,NA,FALSE,0.7143,NA,15,6,NA,NA,NA,IGR,FALSE,FALSE,FALSE,FALSE,2,1,1,1_1,15563a10-47a8-401d-a507-2c7101f7ae60,NA
17,77862827,77862827,1,snv_mnv,NA,NA,"broad,muse,sanger",3,COSN18984974,NA,MLT2B5,FALSE,0.4167,NA,5,7,NA,NA,NA,IGR,FALSE,FALSE,FALSE,FALSE,2,1,1,1_1,15563a10-47a8-401d-a507-2c7101f7ae60,NA
18,355950,355950,1,snv_mnv,NA,NA,"broad,dkfz,muse,sanger",4,COSN515568,NA,NA,FALSE,0.3846,NA,15,24,NA,NA,NA,Intron,FALSE,FALSE,FALSE,FALSE,2,1,1,1_1,15563a10-47a8-401d-a507-2c7101f7ae60,NA
18,775751,775751,1,snv_mnv,NA,NA,"broad,dkfz,muse,sanger",4,COSN18985181,NA,AluJb,FALSE,0.4615,NA,12,14,NA,NA,NA,Intron,FALSE,FALSE,FALSE,FALSE,2,1,1,1_1,15563a10-47a8-401d-a507-2c7101f7ae60,YES1
18,3750759,3750759,1,snv_mnv,NA,NA,"broad,dkfz,muse,sanger",4,COSN18985167,NA,L2c,FALSE,0.4167,NA,20,28,NA,NA,NA,Intron,FALSE,FALSE,FALSE,FALSE,2,1,1,1_1,15563a10-47a8-401d-a507-2c7101f7ae60,NA
18,4294777,4294777,1,snv_mnv,NA,NA,"broad,dkfz,muse,sanger",4,COSN18985164,NA,LTR1B,FALSE,0.4,NA,12,18,NA,NA,NA,Intron,FALSE,FALSE,FALSE,FALSE,2,1,1,1_1,15563a10-47a8-401d-a507-2c7101f7ae60,DLGAP1-AS5
18,8011109,8011109,1,snv_mnv,NA,NA,"broad,dkfz,muse,sanger",4,COSN18985172,NA,NA,FALSE,0.2,NA,7,28,NA,NA,NA,Intron,FALSE,FALSE,FALSE,FALSE,2,1,1,1_1,15563a10-47a8-401d-a507-2c7101f7ae60,NA
18,10420532,10420532,1,snv_mnv,NA,NA,"broad,dkfz,muse,sanger",4,COSN18985176,NA,LTR8A,FALSE,0.5556,NA,15,12,NA,NA,NA,IGR,FALSE,FALSE,FALSE,FALSE,2,1,1,1_1,15563a10-47a8-401d-a507-2c7101f7ae60,NA
18,11214389,11214389,1,snv_mnv,NA,NA,"broad,dkfz,muse,sanger",4,COSN18985162,NA,AluSq,FALSE,0.56,NA,14,11,NA,NA,NA,IGR,FALSE,FALSE,FALSE,FALSE,2,1,1,1_1,15563a10-47a8-401d-a507-2c7101f7ae60,NA
18,11601334,11601334,1,snv_mnv,NA,NA,"broad,dkfz,muse,sanger",4,COSN18985185,NA,L1PREC2,FALSE,0.3846,NA,10,16,NA,NA,NA,IGR,FALSE,FALSE,FALSE,FALSE,2,1,1,1_1,15563a10-47a8-401d-a507-2c7101f7ae60,NA
18,11646213,11646213,1,snv_mnv,NA,NA,"broad,muse,sanger",3,COSN18985193,NA,AluY,FALSE,0.3,NA,6,14,NA,NA,NA,IGR,FALSE,FALSE,FALSE,FALSE,2,1,1,1_1,15563a10-47a8-401d-a507-2c7101f7ae60,AP001120.3
18,20942434,20942434,1,snv_mnv,NA,NA,"broad,dkfz,muse,sanger",4,COSN18985174,NA,AluSx1,FALSE,0.64,NA,16,9,NA,NA,NA,Intron,FALSE,FALSE,FALSE,FALSE,2,1,1,1_1,15563a10-47a8-401d-a507-2c7101f7ae60,TMEM241
18,22191976,22191976,1,snv_mnv,NA,NA,"broad,dkfz,muse,sanger",4,COSN18985192,NA,MamRep1161,FALSE,0.3143,NA,11,24,NA,NA,NA,IGR,FALSE,FALSE,FALSE,FALSE,2,1,1,1_1,15563a10-47a8-401d-a507-2c7101f7ae60,NA
18,24327558,24327558,1,snv_mnv,NA,NA,"broad,dkfz,muse,sanger",4,COSN18985175,NA,NA,FALSE,0.4737,NA,9,10,NA,NA,NA,RNA,FALSE,FALSE,FALSE,FALSE,2,1,1,1_1,15563a10-47a8-401d-a507-2c7101f7ae60,NA
18,24646138,24646138,1,snv_mnv,NA,NA,"broad,dkfz,muse,sanger",4,COSN515545,NA,NA,FALSE,0.56,NA,14,11,NA,NA,NA,Intron,FALSE,FALSE,FALSE,FALSE,2,1,1,1_1,15563a10-47a8-401d-a507-2c7101f7ae60,NA
18,25164587,25164587,1,snv_mnv,NA,NA,"broad,dkfz,muse,sanger",4,COSN18985180,NA,L1M5,FALSE,0.5455,NA,30,25,NA,NA,NA,lincRNA,FALSE,FALSE,FALSE,FALSE,2,1,1,1_1,15563a10-47a8-401d-a507-2c7101f7ae60,NA
18,26871532,26871532,1,snv_mnv,NA,NA,"broad,dkfz,muse,sanger",4,COSN18985177,NA,Tigger1,FALSE,0.5652,NA,13,10,NA,NA,NA,lincRNA,FALSE,FALSE,FALSE,FALSE,2,1,1,1_1,15563a10-47a8-401d-a507-2c7101f7ae60,NA
18,27516582,27516582,1,snv_mnv,NA,NA,"broad,dkfz,muse,sanger",4,COSN18985188,NA,L1MA5A,FALSE,0.3056,NA,11,25,NA,NA,NA,IGR,FALSE,FALSE,FALSE,FALSE,2,1,1,1_1,15563a10-47a8-401d-a507-2c7101f7ae60,NA
18,28537805,28537805,1,snv_mnv,NA,NA,"broad,dkfz,muse,sanger",4,COSN18985190,NA,MLT1D,FALSE,0.4571,NA,16,19,NA,NA,NA,lincRNA,FALSE,FALSE,FALSE,FALSE,2,1,1,1_1,15563a10-47a8-401d-a507-2c7101f7ae60,NA
18,31180700,31180700,1,snv_mnv,NA,NA,"broad,dkfz,muse,sanger",4,COSN515559,NA,NA,FALSE,0.5122,NA,21,20,NA,NA,NA,Intron,FALSE,FALSE,FALSE,FALSE,2,1,1,1_1,15563a10-47a8-401d-a507-2c7101f7ae60,ASXL3
18,32040728,32040728,1,snv_mnv,NA,NA,"broad,dkfz,muse,sanger",4,COSN18985194,NA,THE1B,FALSE,0.5294,NA,18,16,NA,NA,NA,IGR,FALSE,FALSE,FALSE,FALSE,2,1,1,1_1,15563a10-47a8-401d-a507-2c7101f7ae60,NA
18,32779967,32779967,1,snv_mnv,NA,NA,"broad,dkfz,muse,sanger",4,COSN515563,NA,NA,FALSE,0.3778,NA,17,28,NA,NA,NA,IGR,FALSE,FALSE,FALSE,FALSE,2,1,1,1_1,15563a10-47a8-401d-a507-2c7101f7ae60,NA
18,33981005,33981005,1,snv_mnv,NA,NA,"broad,dkfz,muse,sanger",4,COSN515564,NA,NA,FALSE,0.4643,NA,13,15,NA,NA,NA,Intron,FALSE,FALSE,FALSE,FALSE,2,1,1,1_1,15563a10-47a8-401d-a507-2c7101f7ae60,NA
18,34877224,34877224,1,snv_mnv,NA,NA,"broad,dkfz,muse,sanger",4,COSN515566,NA,NA,FALSE,0.45,NA,9,11,NA,NA,NA,Intron,FALSE,FALSE,FALSE,FALSE,2,1,1,1_1,15563a10-47a8-401d-a507-2c7101f7ae60,NA
18,37003033,37003033,1,snv_mnv,NA,NA,"broad,dkfz,muse,sanger",4,COSN515572,NA,NA,FALSE,0.4828,NA,14,15,NA,NA,NA,lincRNA,FALSE,FALSE,FALSE,FALSE,2,1,1,1_1,15563a10-47a8-401d-a507-2c7101f7ae60,NA
18,37934382,37934382,1,snv_mnv,NA,NA,"broad,dkfz,muse,sanger",4,COSN515578,NA,NA,FALSE,0.5312,NA,17,15,NA,NA,NA,IGR,FALSE,FALSE,FALSE,FALSE,2,1,1,1_1,15563a10-47a8-401d-a507-2c7101f7ae60,NA
18,40073043,40073043,1,snv_mnv,NA,NA,"broad,dkfz,muse,sanger",4,COSN18985189,NA,L2b,FALSE,0.6176,NA,21,13,NA,NA,NA,IGR,FALSE,FALSE,FALSE,FALSE,2,1,1,1_1,15563a10-47a8-401d-a507-2c7101f7ae60,NA
18,47958805,47958805,1,snv_mnv,NA,NA,"broad,dkfz,muse,sanger",4,COSN18985166,NA,MER1A,FALSE,0.5,NA,13,13,NA,NA,NA,IGR,FALSE,FALSE,FALSE,FALSE,2,1,1,1_1,15563a10-47a8-401d-a507-2c7101f7ae60,NA
18,47988402,47988402,1,snv_mnv,NA,NA,"broad,dkfz,muse,sanger",4,COSN159664,NA,NA,FALSE,0.5,NA,20,20,NA,NA,NA,IGR,FALSE,FALSE,FALSE,FALSE,2,1,1,1_1,15563a10-47a8-401d-a507-2c7101f7ae60,RPLP0P11
18,48065137,48065137,1,snv_mnv,NA,NA,"broad,dkfz,muse,sanger",4,COSN18985191,NA,AluSg4,FALSE,0.375,NA,9,15,NA,NA,NA,IGR,FALSE,FALSE,FALSE,FALSE,2,1,1,1_1,15563a10-47a8-401d-a507-2c7101f7ae60,NA
18,48536443,48536443,1,snv_mnv,NA,NA,"broad,dkfz,muse,sanger",4,COSN18985184,NA,AluJo,FALSE,0.5938,NA,19,13,NA,NA,NA,Intron,FALSE,FALSE,FALSE,FALSE,2,1,1,1_1,15563a10-47a8-401d-a507-2c7101f7ae60,NA
18,51079373,51079373,1,snv_mnv,1.9968e-4,rs548123897,"broad,dkfz,muse,sanger",4,COSN18985161,rs548123897,MLT1C,FALSE,0.4,NA,10,15,NA,NA,NA,RNA,FALSE,FALSE,FALSE,FALSE,2,1,1,1_1,15563a10-47a8-401d-a507-2c7101f7ae60,NA
18,54873743,54873743,1,snv_mnv,NA,NA,"broad,dkfz,muse",3,COSN515600,NA,NA,FALSE,0.6667,NA,10,5,NA,NA,NA,IGR,FALSE,FALSE,FALSE,FALSE,2,1,1,1_1,15563a10-47a8-401d-a507-2c7101f7ae60,NA
18,56687713,56687713,1,snv_mnv,NA,NA,"broad,dkfz,muse,sanger",4,COSN515601,NA,NA,FALSE,0.4571,NA,16,19,NA,NA,NA,RNA,FALSE,FALSE,FALSE,FALSE,2,1,1,1_1,15563a10-47a8-401d-a507-2c7101f7ae60,OACYLP
18,57750854,57750854,1,snv_mnv,NA,NA,"broad,muse,sanger",3,COSN18985171,NA,NA,FALSE,0.1786,NA,5,23,NA,NA,NA,IGR,FALSE,FALSE,FALSE,FALSE,2,1,1,1_1,15563a10-47a8-401d-a507-2c7101f7ae60,NA
18,58348171,58348171,1,snv_mnv,NA,NA,"broad,dkfz,muse,sanger",4,COSN18985168,NA,L1MC1,FALSE,0.5682,NA,25,19,NA,NA,NA,lincRNA,FALSE,FALSE,FALSE,FALSE,2,1,1,1_1,15563a10-47a8-401d-a507-2c7101f7ae60,NA
18,58464091,58464091,1,snv_mnv,NA,NA,"broad,dkfz,muse,sanger",4,COSN18985187,NA,L1ME1,FALSE,0.4211,NA,8,11,NA,NA,NA,lincRNA,FALSE,FALSE,FALSE,FALSE,2,1,1,1_1,15563a10-47a8-401d-a507-2c7101f7ae60,HMGN1P31
18,58480013,58480013,1,snv_mnv,NA,NA,"broad,dkfz,muse,sanger",4,COSN515603,NA,NA,FALSE,0.4516,NA,14,17,NA,NA,NA,lincRNA,FALSE,FALSE,FALSE,FALSE,2,1,1,1_1,15563a10-47a8-401d-a507-2c7101f7ae60,NA
18,58875030,58875030,1,snv_mnv,NA,NA,"broad,dkfz,muse,sanger",4,COSN18985183,NA,L1ME1,FALSE,0.5349,NA,23,20,NA,NA,NA,IGR,FALSE,FALSE,FALSE,FALSE,2,1,1,1_1,15563a10-47a8-401d-a507-2c7101f7ae60,NA
18,59604713,59604713,1,snv_mnv,NA,NA,"broad,dkfz,muse,sanger",4,COSN159663,NA,NA,FALSE,0.3333,NA,12,24,NA,NA,NA,IGR,FALSE,FALSE,FALSE,FALSE,2,1,1,1_1,15563a10-47a8-401d-a507-2c7101f7ae60,NA
18,63282368,63282368,1,snv_mnv,NA,NA,"broad,dkfz,muse,sanger",4,COSN515613,NA,NA,FALSE,0.5806,NA,18,13,NA,NA,NA,lincRNA,FALSE,FALSE,FALSE,FALSE,2,1,1,1_1,15563a10-47a8-401d-a507-2c7101f7ae60,NA
18,63421603,63421603,1,snv_mnv,NA,NA,"broad,dkfz,muse,sanger",4,COSN515614,NA,NA,FALSE,0.4706,NA,8,9,NA,NA,NA,Intron,FALSE,FALSE,FALSE,FALSE,2,1,1,1_1,15563a10-47a8-401d-a507-2c7101f7ae60,NA
18,64486643,64486643,1,snv_mnv,NA,NA,"broad,dkfz,muse,sanger",4,COSN18985178,NA,L1MC3,FALSE,0.4,NA,12,18,NA,NA,NA,IGR,FALSE,FALSE,FALSE,FALSE,2,1,1,1_1,15563a10-47a8-401d-a507-2c7101f7ae60,NA
18,65045867,65045867,1,snv_mnv,NA,NA,"broad,dkfz,muse,sanger",4,COSN18985163,NA,L1PREC2,FALSE,0.6,NA,18,12,NA,NA,NA,IGR,FALSE,FALSE,FALSE,FALSE,2,1,1,1_1,15563a10-47a8-401d-a507-2c7101f7ae60,AC091042.1
18,65702531,65702531,1,snv_mnv,NA,NA,"broad,dkfz,muse,sanger",4,COSN515620,NA,NA,FALSE,0.5,NA,10,10,NA,NA,NA,IGR,FALSE,FALSE,FALSE,FALSE,2,1,1,1_1,15563a10-47a8-401d-a507-2c7101f7ae60,NA
18,65820336,65820336,1,snv_mnv,NA,NA,"broad,dkfz,muse,sanger",4,COSN515621,NA,NA,FALSE,0.3333,NA,8,16,NA,NA,NA,IGR,FALSE,FALSE,FALSE,FALSE,2,1,1,1_1,15563a10-47a8-401d-a507-2c7101f7ae60,NA
18,65991584,65991584,1,snv_mnv,NA,NA,"broad,dkfz,muse,sanger",4,COSN515622,NA,NA,FALSE,0.5429,NA,19,16,NA,NA,NA,IGR,FALSE,FALSE,FALSE,FALSE,2,1,1,1_1,15563a10-47a8-401d-a507-2c7101f7ae60,NA
18,67135298,67135298,1,snv_mnv,NA,NA,"broad,dkfz,muse,sanger",4,COSN515625,NA,NA,FALSE,0.6562,NA,21,11,NA,NA,NA,Intron,FALSE,FALSE,FALSE,FALSE,2,1,1,1_1,15563a10-47a8-401d-a507-2c7101f7ae60,AC119868.1
18,67525042,67525042,1,snv_mnv,NA,NA,"broad,dkfz,muse,sanger",4,COSN515626,NA,NA,FALSE,0.2286,NA,8,27,NA,NA,NA,IGR,FALSE,FALSE,FALSE,FALSE,2,1,1,1_1,15563a10-47a8-401d-a507-2c7101f7ae60,NA
18,67711039,67711039,1,snv_mnv,NA,NA,"broad,dkfz,muse,sanger",4,COSN515627,NA,NA,FALSE,0.6316,NA,24,14,NA,NA,NA,Intron,FALSE,FALSE,FALSE,FALSE,2,1,1,1_1,15563a10-47a8-401d-a507-2c7101f7ae60,NA
18,68340174,68340174,1,snv_mnv,NA,NA,"broad,dkfz,muse,sanger",4,COSN515628,NA,NA,FALSE,0.4667,NA,14,16,NA,NA,NA,IGR,FALSE,FALSE,FALSE,FALSE,2,1,1,1_1,15563a10-47a8-401d-a507-2c7101f7ae60,NA
18,69080585,69080585,1,snv_mnv,NA,NA,"broad,dkfz,muse,sanger",4,COSN18985195,NA,L1MA4,FALSE,0.4054,NA,15,22,NA,NA,NA,IGR,FALSE,FALSE,FALSE,FALSE,2,1,1,1_1,15563a10-47a8-401d-a507-2c7101f7ae60,NA
18,69124007,69124007,1,snv_mnv,NA,NA,"broad,dkfz,muse,sanger",4,COSN515632,NA,NA,FALSE,0.4516,NA,14,17,NA,NA,NA,IGR,FALSE,FALSE,FALSE,FALSE,2,1,1,1_1,15563a10-47a8-401d-a507-2c7101f7ae60,NA
18,71783449,71783449,1,snv_mnv,NA,NA,"broad,dkfz,muse,sanger",4,COSN18985173,NA,L1ME3D,FALSE,0.5455,NA,12,10,NA,NA,NA,Intron,FALSE,FALSE,FALSE,FALSE,2,1,1,1_1,15563a10-47a8-401d-a507-2c7101f7ae60,NA
18,72102336,72102336,1,snv_mnv,0.0019968,rs116094154,"dkfz,muse,sanger",3,COSN515637,rs116094154,NA,FALSE,0.619,NA,13,8,NA,NA,NA,IGR,FALSE,FALSE,FALSE,FALSE,2,1,1,1_1,15563a10-47a8-401d-a507-2c7101f7ae60,DIPK1C
19,4755653,4755653,1,snv_mnv,NA,NA,"broad,dkfz,muse,sanger",4,COSN515672,NA,NA,FALSE,0.6364,NA,14,8,NA,NA,NA,IGR,FALSE,FALSE,FALSE,FALSE,2,1,1,1_1,15563a10-47a8-401d-a507-2c7101f7ae60,NA
19,13564686,13564686,1,snv_mnv,3.9936e-4,rs555500704,"broad,dkfz,muse,sanger",4,COSN18985860,rs555500704,MER113B,FALSE,0.4595,NA,17,20,NA,NA,NA,Intron,FALSE,FALSE,FALSE,FALSE,2,1,1,1_1,15563a10-47a8-401d-a507-2c7101f7ae60,NA
19,17387384,17387384,1,snv_mnv,NA,NA,"broad,dkfz,muse",3,COSM96802,NA,NA,FALSE,0.7778,NA,7,2,NA,NA,NA,Missense_Mutation,FALSE,FALSE,FALSE,FALSE,2,1,1,1_1,15563a10-47a8-401d-a507-2c7101f7ae60,BABAM1
19,18277996,18277996,1,snv_mnv,NA,NA,"dkfz,muse,sanger",3,COSM96801,NA,NA,FALSE,0.2222,NA,2,7,NA,NA,NA,Missense_Mutation,FALSE,FALSE,FALSE,FALSE,2,1,1,1_1,15563a10-47a8-401d-a507-2c7101f7ae60,PIK3R2
19,20911545,20911545,1,snv_mnv,NA,NA,"broad,muse,sanger",3,COSN18985866,NA,L1PB1,FALSE,0.3333,NA,11,22,NA,NA,NA,IGR,FALSE,FALSE,FALSE,FALSE,2,1,1,1_1,15563a10-47a8-401d-a507-2c7101f7ae60,NA
19,24421988,24421988,1,snv_mnv,NA,NA,"broad,muse",2,COSN18985853,NA,ALR/Alpha,FALSE,0.4571,NA,16,19,NA,NA,NA,IGR,FALSE,FALSE,FALSE,FALSE,2,1,1,1_1,15563a10-47a8-401d-a507-2c7101f7ae60,NA
19,24442180,24442180,1,snv_mnv,NA,NA,"broad,muse",2,COSN18985857,NA,ALR/Alpha,FALSE,0.3448,NA,10,19,NA,NA,NA,IGR,FALSE,FALSE,FALSE,FALSE,2,1,1,1_1,15563a10-47a8-401d-a507-2c7101f7ae60,NA
19,30674029,30674029,1,snv_mnv,NA,NA,"broad,dkfz,muse,sanger",4,COSN18985848,NA,L1MEf,FALSE,0.5278,NA,19,17,NA,NA,NA,IGR,FALSE,FALSE,FALSE,FALSE,2,1,1,1_1,15563a10-47a8-401d-a507-2c7101f7ae60,NA
19,31645293,31645293,1,snv_mnv,NA,NA,"broad,dkfz,muse,sanger",4,COSN515657,NA,NA,FALSE,0.48,NA,12,13,NA,NA,NA,IGR,FALSE,FALSE,FALSE,FALSE,2,1,1,1_1,15563a10-47a8-401d-a507-2c7101f7ae60,NA
19,32191530,32191530,1,snv_mnv,NA,NA,"broad,dkfz,muse,sanger",4,COSN515659,NA,NA,FALSE,0.4872,NA,19,20,NA,NA,NA,IGR,FALSE,FALSE,FALSE,FALSE,2,1,1,1_1,15563a10-47a8-401d-a507-2c7101f7ae60,NA
19,34190295,34190295,1,snv_mnv,NA,NA,"broad,dkfz,muse,sanger",4,COSN18985854,NA,NA,FALSE,0.4211,NA,8,11,NA,NA,NA,Intron,FALSE,FALSE,FALSE,FALSE,2,1,1,1_1,15563a10-47a8-401d-a507-2c7101f7ae60,NA
19,42063243,42063243,1,snv_mnv,NA,NA,"broad,dkfz,muse,sanger",4,COSN18985865,NA,LTR49-int,FALSE,0.5294,NA,18,16,NA,NA,NA,Intron,FALSE,FALSE,FALSE,FALSE,2,1,1,1_1,15563a10-47a8-401d-a507-2c7101f7ae60,"AC243960.1,AC243960.7"
19,42345619,42345619,1,snv_mnv,9.984e-4,rs530490741,"broad,dkfz,muse,sanger",4,COSN18985855,rs530490741,AluSg,FALSE,0.3333,NA,8,16,NA,NA,NA,Intron,FALSE,FALSE,FALSE,FALSE,2,1,1,1_1,15563a10-47a8-401d-a507-2c7101f7ae60,DMRTC2
19,43993638,43993638,1,snv_mnv,NA,NA,"broad,dkfz,muse,sanger",4,COSN515668,NA,NA,FALSE,0.3571,NA,5,9,NA,NA,NA,Intron,FALSE,FALSE,FALSE,FALSE,2,1,1,1_1,15563a10-47a8-401d-a507-2c7101f7ae60,PHLDB3
19,44617361,44617361,1,snv_mnv,NA,NA,"broad,dkfz,muse,sanger",4,COSN159660,NA,NA,FALSE,0.4,NA,10,15,NA,NA,NA,5'Flank,FALSE,FALSE,FALSE,FALSE,2,1,1,1_1,15563a10-47a8-401d-a507-2c7101f7ae60,"ZNF224,AC021092.1,ZNF225"
19,47037871,47037871,1,snv_mnv,NA,NA,"broad,dkfz,muse,sanger",4,COSN515671,NA,NA,FALSE,0.55,NA,11,9,NA,NA,NA,Intron,FALSE,FALSE,FALSE,FALSE,2,1,1,1_1,15563a10-47a8-401d-a507-2c7101f7ae60,AC011551.1
19,48330157,48330157,1,snv_mnv,NA,NA,"broad,dkfz,muse,sanger",4,COSN18985850,NA,MLT1F,FALSE,0.5,NA,12,12,NA,NA,NA,Intron,FALSE,FALSE,FALSE,FALSE,2,1,1,1_1,15563a10-47a8-401d-a507-2c7101f7ae60,CRX
19,48652736,48652736,1,snv_mnv,NA,NA,"broad,dkfz,muse,sanger",4,COSN515673,NA,NA,FALSE,0.4,NA,4,6,NA,NA,NA,Intron,FALSE,FALSE,FALSE,FALSE,2,1,1,1_1,15563a10-47a8-401d-a507-2c7101f7ae60,"LIG1,AC011466.2"
19,49846694,49846694,1,snv_mnv,NA,NA,"broad,dkfz,muse,sanger",4,COSN18985858,NA,NA,FALSE,0.6471,NA,11,6,NA,NA,NA,Intron,FALSE,FALSE,FALSE,FALSE,2,1,1,1_1,15563a10-47a8-401d-a507-2c7101f7ae60,"AC011450.1,CD37,TEAD2"
19,51792305,51792305,1,snv_mnv,NA,NA,"broad,dkfz,muse,sanger",4,COSN515676,NA,NA,FALSE,0.4783,NA,11,12,NA,NA,NA,IGR,FALSE,FALSE,FALSE,FALSE,2,1,1,1_1,15563a10-47a8-401d-a507-2c7101f7ae60,NA
19,55030192,55030192,1,snv_mnv,NA,NA,"broad,dkfz,muse,sanger",4,COSN515679,NA,NA,FALSE,0.48,NA,12,13,NA,NA,NA,IGR,FALSE,FALSE,FALSE,FALSE,2,1,1,1_1,15563a10-47a8-401d-a507-2c7101f7ae60,AC245036.1
19,55352460,55352460,1,snv_mnv,NA,NA,"broad,muse,sanger",3,COSN18985851,NA,AluSz,FALSE,0.55,NA,11,9,NA,NA,NA,Intron,FALSE,FALSE,FALSE,FALSE,2,1,1,1_1,15563a10-47a8-401d-a507-2c7101f7ae60,NA
19,58145453,58145453,1,snv_mnv,NA,NA,"broad,dkfz,muse",3,COSN18985856,NA,NA,FALSE,0.3889,NA,7,11,NA,NA,NA,Intron,FALSE,FALSE,FALSE,FALSE,2,1,1,1_1,15563a10-47a8-401d-a507-2c7101f7ae60,ZNF211
2,377296,377296,1,snv_mnv,NA,NA,"broad,dkfz,muse,sanger",4,COSN18985010,NA,L1MA9,FALSE,0.6667,NA,10,5,NA,NA,NA,IGR,FALSE,FALSE,FALSE,FALSE,2,1,1,1_1,15563a10-47a8-401d-a507-2c7101f7ae60,NA
2,391813,391813,1,snv_mnv,NA,NA,"broad,dkfz,muse,sanger",4,COSN515911,NA,NA,FALSE,0.4062,NA,13,19,NA,NA,NA,lincRNA,FALSE,FALSE,FALSE,FALSE,2,1,1,1_1,15563a10-47a8-401d-a507-2c7101f7ae60,NA
2,1416847,1416847,1,snv_mnv,NA,NA,"broad,dkfz,muse,sanger",4,COSN18985013,NA,MIRb,FALSE,0.3636,NA,8,14,NA,NA,NA,5'Flank,FALSE,FALSE,FALSE,FALSE,2,1,1,1_1,15563a10-47a8-401d-a507-2c7101f7ae60,TPO
2,1877049,1877049,1,snv_mnv,NA,NA,"broad,dkfz,muse,sanger",4,COSN18985045,NA,AT_rich,FALSE,0.4444,NA,12,15,NA,NA,NA,Intron,FALSE,FALSE,FALSE,FALSE,2,1,1,1_1,15563a10-47a8-401d-a507-2c7101f7ae60,NA
2,2558998,2558998,1,snv_mnv,NA,NA,"broad,dkfz,muse,sanger",4,COSN18985061,NA,L1PA13,FALSE,0.3913,NA,9,14,NA,NA,NA,IGR,FALSE,FALSE,FALSE,FALSE,2,1,1,1_1,15563a10-47a8-401d-a507-2c7101f7ae60,NA
2,4272706,4272706,1,snv_mnv,NA,NA,"broad,dkfz,muse,sanger",4,COSN515914,NA,NA,FALSE,0.55,NA,22,18,NA,NA,NA,IGR,FALSE,FALSE,FALSE,FALSE,2,1,1,1_1,15563a10-47a8-401d-a507-2c7101f7ae60,NA
2,4456892,4456892,1,snv_mnv,NA,NA,"broad,dkfz,muse",3,COSN18984988,NA,L1ME4a,FALSE,0.5556,NA,15,12,NA,NA,NA,IGR,FALSE,FALSE,FALSE,FALSE,2,1,1,1_1,15563a10-47a8-401d-a507-2c7101f7ae60,NA
2,4639170,4639170,1,snv_mnv,NA,NA,"broad,dkfz,muse,sanger",4,COSN18985036,NA,Tigger1,FALSE,0.3333,NA,7,14,NA,NA,NA,IGR,FALSE,FALSE,FALSE,FALSE,2,1,1,1_1,15563a10-47a8-401d-a507-2c7101f7ae60,NA
2,4925218,4925218,1,snv_mnv,NA,NA,"broad,dkfz,muse,sanger",4,COSN515918,NA,NA,FALSE,0.7143,NA,10,4,NA,NA,NA,IGR,FALSE,FALSE,FALSE,FALSE,2,1,1,1_1,15563a10-47a8-401d-a507-2c7101f7ae60,NA
2,6405000,6405000,1,snv_mnv,NA,NA,"broad,dkfz,muse,sanger",4,COSN18985021,NA,L2a,FALSE,0.3939,NA,13,20,NA,NA,NA,IGR,FALSE,FALSE,FALSE,FALSE,2,1,1,1_1,15563a10-47a8-401d-a507-2c7101f7ae60,NA
2,6843035,6843035,1,snv_mnv,NA,NA,"broad,dkfz,muse,sanger",4,COSN18985019,NA,L1MB7,FALSE,0.5333,NA,8,7,NA,NA,NA,IGR,FALSE,FALSE,FALSE,FALSE,2,1,1,1_1,15563a10-47a8-401d-a507-2c7101f7ae60,NA
2,7681527,7681527,1,snv_mnv,NA,NA,"broad,dkfz,muse,sanger",4,COSN515957,NA,NA,FALSE,0.3103,NA,9,20,NA,NA,NA,IGR,FALSE,FALSE,FALSE,FALSE,2,1,1,1_1,15563a10-47a8-401d-a507-2c7101f7ae60,NA
2,13440878,13440878,1,snv_mnv,NA,NA,"dkfz,muse,sanger",3,COSN515715,NA,NA,FALSE,0.5294,NA,18,16,NA,NA,NA,IGR,FALSE,FALSE,FALSE,FALSE,2,1,1,1_1,15563a10-47a8-401d-a507-2c7101f7ae60,NA
2,13886257,13886257,1,snv_mnv,NA,NA,"broad,dkfz,muse,sanger",4,COSN18984994,NA,L1P3,FALSE,0.625,NA,20,12,NA,NA,NA,lincRNA,FALSE,FALSE,FALSE,FALSE,2,1,1,1_1,15563a10-47a8-401d-a507-2c7101f7ae60,NA
2,14617233,14617233,1,snv_mnv,NA,NA,"broad,dkfz,muse,sanger",4,COSN18985043,rs762529833,AluSp,FALSE,0.3889,NA,7,11,NA,NA,NA,IGR,FALSE,FALSE,FALSE,FALSE,2,1,1,1_1,15563a10-47a8-401d-a507-2c7101f7ae60,NA
2,15614862,15614862,1,snv_mnv,NA,NA,"broad,dkfz,muse,sanger",4,COSN18985016,NA,AluSx1,FALSE,0.375,NA,6,10,NA,NA,NA,Intron,FALSE,FALSE,FALSE,FALSE,2,1,1,1_1,15563a10-47a8-401d-a507-2c7101f7ae60,NBAS
2,21292847,21292847,1,snv_mnv,NA,NA,"broad,muse,sanger",3,COSN18984995,NA,NA,FALSE,0.1818,NA,4,18,NA,NA,NA,IGR,FALSE,FALSE,FALSE,FALSE,2,1,1,1_1,15563a10-47a8-401d-a507-2c7101f7ae60,NA
2,21804785,21804785,1,snv_mnv,NA,NA,"broad,dkfz,muse,sanger",4,COSN515869,NA,NA,FALSE,0.4571,NA,16,19,NA,NA,NA,IGR,FALSE,FALSE,FALSE,FALSE,2,1,1,1_1,15563a10-47a8-401d-a507-2c7101f7ae60,NA
2,25997781,25997781,1,snv_mnv,NA,NA,"broad,dkfz,muse,sanger",4,COSN18985017,NA,L1ME3,FALSE,0.6061,NA,20,13,NA,NA,NA,Intron,FALSE,FALSE,FALSE,FALSE,2,1,1,1_1,15563a10-47a8-401d-a507-2c7101f7ae60,NA
2,27925705,27925705,1,snv_mnv,NA,NA,"broad,dkfz,muse,sanger",4,COSN18985030,NA,MIRb,FALSE,0.5,NA,15,15,NA,NA,NA,IGR,FALSE,FALSE,FALSE,FALSE,2,1,1,1_1,15563a10-47a8-401d-a507-2c7101f7ae60,LINC01460
2,28665514,28665514,1,snv_mnv,NA,NA,"broad,dkfz,muse,sanger",4,COSN18985008,rs371316273,L1ME2,FALSE,0.4286,NA,15,20,NA,NA,NA,IGR,FALSE,FALSE,FALSE,FALSE,2,1,1,1_1,15563a10-47a8-401d-a507-2c7101f7ae60,NA
2,28718766,28718766,1,snv_mnv,NA,NA,"broad,dkfz,muse,sanger",4,COSN515899,NA,NA,FALSE,0.45,NA,9,11,NA,NA,NA,5'Flank,FALSE,FALSE,FALSE,FALSE,2,1,1,1_1,15563a10-47a8-401d-a507-2c7101f7ae60,PLB1
2,33102530,33102530,1,snv_mnv,NA,NA,"broad,dkfz,muse,sanger",4,COSN515903,NA,NA,FALSE,0.3939,NA,13,20,NA,NA,NA,lincRNA,FALSE,FALSE,FALSE,FALSE,2,1,1,1_1,15563a10-47a8-401d-a507-2c7101f7ae60,NA
2,35194861,35194861,1,snv_mnv,3.9936e-4,rs181761018,"broad,dkfz,muse,sanger",4,COSN16972837,rs181761018,L1ME1,FALSE,0.5,NA,19,19,NA,NA,NA,lincRNA,FALSE,FALSE,FALSE,FALSE,2,1,1,1_1,15563a10-47a8-401d-a507-2c7101f7ae60,NA
2,36361427,36361427,1,snv_mnv,NA,NA,"broad,dkfz,muse,sanger",4,COSN515905,NA,NA,FALSE,0.5714,NA,24,18,NA,NA,NA,IGR,FALSE,FALSE,FALSE,FALSE,2,1,1,1_1,15563a10-47a8-401d-a507-2c7101f7ae60,NA
2,36649632,36649632,1,snv_mnv,NA,NA,"broad,dkfz,muse,sanger",4,COSN515907,NA,NA,FALSE,0.3846,NA,15,24,NA,NA,NA,Intron,FALSE,FALSE,FALSE,FALSE,2,1,1,1_1,15563a10-47a8-401d-a507-2c7101f7ae60,NA
2,36883147,36883147,1,snv_mnv,NA,NA,"broad,dkfz,muse,sanger",4,COSN515908,NA,NA,FALSE,0.5,NA,16,16,NA,NA,NA,IGR,FALSE,FALSE,FALSE,FALSE,2,1,1,1_1,15563a10-47a8-401d-a507-2c7101f7ae60,AC007363.1
2,41670357,41670357,1,snv_mnv,NA,NA,"broad,dkfz,muse,sanger",4,COSN18985046,NA,L1MA1,FALSE,0.4333,NA,13,17,NA,NA,NA,IGR,FALSE,FALSE,FALSE,FALSE,2,1,1,1_1,15563a10-47a8-401d-a507-2c7101f7ae60,NA
2,49520692,49520692,1,snv_mnv,NA,NA,"broad,dkfz,muse,sanger",4,COSN18985012,NA,AluJo,FALSE,0.5333,NA,16,14,NA,NA,NA,IGR,FALSE,FALSE,FALSE,FALSE,2,1,1,1_1,15563a10-47a8-401d-a507-2c7101f7ae60,NA
2,51032846,51032846,1,snv_mnv,NA,NA,"broad,dkfz,muse,sanger",4,COSN159554,NA,NA,FALSE,0.5263,NA,20,18,NA,NA,NA,Intron,FALSE,FALSE,FALSE,FALSE,2,1,1,1_1,15563a10-47a8-401d-a507-2c7101f7ae60,NA
2,51503492,51503492,1,snv_mnv,NA,NA,"broad,dkfz,muse",3,COSN18984984,NA,(TTA)n,FALSE,0.5172,NA,15,14,NA,NA,NA,lincRNA,FALSE,FALSE,FALSE,FALSE,2,1,1,1_1,15563a10-47a8-401d-a507-2c7101f7ae60,NA
2,51803608,51803608,1,snv_mnv,NA,NA,"broad,dkfz,muse,sanger",4,COSN515921,NA,NA,FALSE,0.6818,NA,15,7,NA,NA,NA,lincRNA,FALSE,FALSE,FALSE,FALSE,2,1,1,1_1,15563a10-47a8-401d-a507-2c7101f7ae60,NA
2,52027944,52027944,1,snv_mnv,0.0015974,rs140683514,"broad,muse",2,COSN6185589,rs140683514,L1PB1,FALSE,0.0857,NA,3,32,NA,NA,NA,lincRNA,FALSE,FALSE,FALSE,FALSE,2,1,1,1_1,15563a10-47a8-401d-a507-2c7101f7ae60,NA
2,52676646,52676646,1,snv_mnv,NA,NA,"broad,dkfz,muse,sanger",4,COSN18984991,NA,AluY,FALSE,0.4091,NA,9,13,NA,NA,NA,IGR,FALSE,FALSE,FALSE,FALSE,2,1,1,1_1,15563a10-47a8-401d-a507-2c7101f7ae60,NA
2,56343331,56343331,1,snv_mnv,NA,NA,"broad,dkfz,muse,sanger",4,COSN18985054,NA,L1PREC2,FALSE,0.48,NA,12,13,NA,NA,NA,lincRNA,FALSE,FALSE,FALSE,FALSE,2,1,1,1_1,15563a10-47a8-401d-a507-2c7101f7ae60,NA
2,56407368,56407368,1,snv_mnv,NA,NA,"broad,dkfz,muse,sanger",4,COSN515930,NA,NA,FALSE,0.5455,NA,12,10,NA,NA,NA,RNA,FALSE,FALSE,FALSE,FALSE,2,1,1,1_1,15563a10-47a8-401d-a507-2c7101f7ae60,CCDC85A
2,57132156,57132156,1,snv_mnv,NA,NA,"broad,dkfz,muse,sanger",4,COSN18985063,NA,L1MB4,FALSE,0.5417,NA,13,11,NA,NA,NA,IGR,FALSE,FALSE,FALSE,FALSE,2,1,1,1_1,15563a10-47a8-401d-a507-2c7101f7ae60,NA
2,61719472,61719472,1,snv_mnv,NA,NA,"broad,dkfz,muse,sanger",4,COSM4745932,NA,NA,FALSE,0.7049,NA,43,18,NA,NA,NA,Missense_Mutation,FALSE,FALSE,FALSE,FALSE,3,2,1,2_1,15563a10-47a8-401d-a507-2c7101f7ae60,NA
2,62969976,62969976,1,snv_mnv,NA,NA,"broad,dkfz,muse,sanger",4,COSN515936,NA,NA,FALSE,0.5161,NA,16,15,NA,NA,NA,Intron,FALSE,FALSE,FALSE,FALSE,2,1,1,1_1,15563a10-47a8-401d-a507-2c7101f7ae60,NA
2,64781905,64781905,1,snv_mnv,NA,NA,"broad,dkfz,muse,sanger",4,COSN515938,NA,NA,FALSE,0.5,NA,15,15,NA,NA,NA,Intron,FALSE,FALSE,FALSE,FALSE,2,1,1,1_1,15563a10-47a8-401d-a507-2c7101f7ae60,NA
2,74278374,74278374,1,snv_mnv,NA,NA,"broad,dkfz,muse,sanger",4,COSN515950,NA,NA,FALSE,0.4667,NA,14,16,NA,NA,NA,Intron,FALSE,FALSE,FALSE,FALSE,2,1,1,1_1,15563a10-47a8-401d-a507-2c7101f7ae60,NA
2,75581080,75581080,1,snv_mnv,NA,NA,"broad,dkfz,muse,sanger",4,COSN515953,NA,NA,FALSE,0.4194,NA,13,18,NA,NA,NA,IGR,FALSE,FALSE,FALSE,FALSE,2,1,1,1_1,15563a10-47a8-401d-a507-2c7101f7ae60,NA
2,75635088,75635088,1,snv_mnv,NA,NA,"broad,dkfz,muse,sanger",4,COSN515954,NA,NA,FALSE,0.64,NA,16,9,NA,NA,NA,IGR,FALSE,FALSE,FALSE,FALSE,2,1,1,1_1,15563a10-47a8-401d-a507-2c7101f7ae60,NA
2,76696801,76696801,1,snv_mnv,NA,NA,"broad,dkfz,muse,sanger",4,COSN159656,NA,NA,FALSE,0.4194,NA,13,18,NA,NA,NA,IGR,FALSE,FALSE,FALSE,FALSE,2,1,1,1_1,15563a10-47a8-401d-a507-2c7101f7ae60,NA
2,77603208,77603208,1,snv_mnv,NA,NA,"broad,dkfz,muse,sanger",4,COSN515958,NA,NA,FALSE,0.4688,NA,15,17,NA,NA,NA,Intron,FALSE,FALSE,FALSE,FALSE,2,1,1,1_1,15563a10-47a8-401d-a507-2c7101f7ae60,NA
2,78433568,78433568,1,snv_mnv,NA,NA,"broad,dkfz,muse,sanger",4,COSN18984981,NA,L1PA17,FALSE,0.3947,NA,15,23,NA,NA,NA,IGR,FALSE,FALSE,FALSE,FALSE,2,1,1,1_1,15563a10-47a8-401d-a507-2c7101f7ae60,NA
2,78796257,78796257,1,snv_mnv,NA,NA,"dkfz,sanger",2,COSN515964,NA,NA,FALSE,0.5882,NA,20,14,NA,NA,NA,IGR,FALSE,FALSE,FALSE,FALSE,2,1,1,1_1,15563a10-47a8-401d-a507-2c7101f7ae60,NA
2,78922627,78922627,1,snv_mnv,NA,NA,"broad,dkfz,muse,sanger",4,COSN18985022,NA,AluJb,FALSE,0.45,NA,9,11,NA,NA,NA,IGR,FALSE,FALSE,FALSE,FALSE,2,1,1,1_1,15563a10-47a8-401d-a507-2c7101f7ae60,NA
2,78923475,78923475,1,snv_mnv,NA,NA,"broad,muse,sanger",3,COSN18985052,NA,L1PA4,FALSE,0.2727,NA,9,24,NA,NA,NA,IGR,FALSE,FALSE,FALSE,FALSE,2,1,1,1_1,15563a10-47a8-401d-a507-2c7101f7ae60,NA
2,79965114,79965114,1,snv_mnv,NA,NA,"broad,dkfz,muse,sanger",4,COSN515970,NA,NA,FALSE,0.4091,NA,18,26,NA,NA,NA,Intron,FALSE,FALSE,FALSE,FALSE,2,1,1,1_1,15563a10-47a8-401d-a507-2c7101f7ae60,NA
2,80206574,80206574,1,snv_mnv,NA,NA,"broad,dkfz,muse,sanger",4,COSN515971,NA,NA,FALSE,0.48,NA,12,13,NA,NA,NA,Intron,FALSE,FALSE,FALSE,FALSE,2,1,1,1_1,15563a10-47a8-401d-a507-2c7101f7ae60,NA
2,81338109,81338109,1,snv_mnv,NA,NA,"broad,dkfz,muse,sanger",4,COSN18985051,NA,L1PREC2,FALSE,0.4375,NA,14,18,NA,NA,NA,IGR,FALSE,FALSE,FALSE,FALSE,2,1,1,1_1,15563a10-47a8-401d-a507-2c7101f7ae60,NA
2,82305797,82305797,1,snv_mnv,NA,NA,"broad,dkfz,muse",3,COSN18985060,NA,AluSx1,FALSE,0.6667,NA,14,7,NA,NA,NA,IGR,FALSE,FALSE,FALSE,FALSE,2,1,1,1_1,15563a10-47a8-401d-a507-2c7101f7ae60,NA
2,84606832,84606832,1,snv_mnv,NA,NA,"broad,dkfz,muse,sanger",4,COSN515985,NA,NA,FALSE,0.5641,NA,22,17,NA,NA,NA,IGR,FALSE,FALSE,FALSE,FALSE,2,1,1,1_1,15563a10-47a8-401d-a507-2c7101f7ae60,NA
2,104020982,104020982,1,snv_mnv,1.9968e-4,rs181993318,"broad,dkfz,muse,sanger",4,COSN515688,rs181993318,NA,FALSE,0.5909,NA,13,9,NA,NA,NA,IGR,FALSE,FALSE,FALSE,FALSE,2,1,1,1_1,15563a10-47a8-401d-a507-2c7101f7ae60,NA
2,106910845,106910845,1,snv_mnv,NA,NA,"broad,dkfz,muse,sanger",4,COSN515692,NA,NA,FALSE,0.4571,NA,16,19,NA,NA,NA,IGR,FALSE,FALSE,FALSE,FALSE,2,1,1,1_1,15563a10-47a8-401d-a507-2c7101f7ae60,NA
2,107710835,107710835,1,snv_mnv,5.9904e-4,rs377253065,"broad,dkfz,muse,sanger",4,COSN515694,rs377253065,NA,FALSE,0.6383,NA,30,17,NA,NA,NA,IGR,FALSE,FALSE,FALSE,FALSE,2,1,1,1_1,15563a10-47a8-401d-a507-2c7101f7ae60,NA
2,108236652,108236652,1,snv_mnv,NA,NA,"broad,dkfz,muse,sanger",4,COSN18985031,NA,PABL_A-int,FALSE,0.5938,NA,19,13,NA,NA,NA,IGR,FALSE,FALSE,FALSE,FALSE,2,1,1,1_1,15563a10-47a8-401d-a507-2c7101f7ae60,NA
2,110003296,110003296,1,snv_mnv,NA,NA,"broad,dkfz,muse,sanger",4,COSN159553,NA,NA,FALSE,0.3333,NA,9,18,NA,NA,NA,Intron,FALSE,FALSE,FALSE,FALSE,2,1,1,1_1,15563a10-47a8-401d-a507-2c7101f7ae60,NA
2,111385031,111385031,1,snv_mnv,NA,NA,"broad,muse,sanger",3,COSN18985065,NA,L1PA16,FALSE,0.2532,NA,20,59,NA,NA,NA,IGR,FALSE,FALSE,FALSE,FALSE,2,1,1,1_1,15563a10-47a8-401d-a507-2c7101f7ae60,NA
2,117646924,117646924,1,snv_mnv,NA,NA,"broad,dkfz,muse,sanger",4,COSN18985002,NA,L1MA7,FALSE,0.625,NA,20,12,NA,NA,NA,IGR,FALSE,FALSE,FALSE,FALSE,2,1,1,1_1,15563a10-47a8-401d-a507-2c7101f7ae60,NA
2,119213516,119213516,1,snv_mnv,NA,NA,"broad,dkfz,muse,sanger",4,COSN18984826,rs775998630,L1PA7,FALSE,0.4054,NA,15,22,NA,NA,NA,IGR,FALSE,FALSE,FALSE,FALSE,2,1,1,1_1,15563a10-47a8-401d-a507-2c7101f7ae60,NA
2,123234981,123234981,1,snv_mnv,NA,NA,"broad,dkfz,muse,sanger",4,COSN18985023,NA,MLT1K,FALSE,0.2333,NA,7,23,NA,NA,NA,IGR,FALSE,FALSE,FALSE,FALSE,2,1,1,1_1,15563a10-47a8-401d-a507-2c7101f7ae60,NA
2,125573663,125573663,1,snv_mnv,NA,NA,"broad,dkfz,muse,sanger",4,COSN515703,NA,NA,FALSE,0.5862,NA,17,12,NA,NA,NA,Intron,FALSE,FALSE,FALSE,FALSE,2,1,1,1_1,15563a10-47a8-401d-a507-2c7101f7ae60,NA
2,129921383,129921383,1,snv_mnv,5.9904e-4,rs564184561,"broad,dkfz,muse,sanger",4,COSN18985027,rs564184561,L2c,FALSE,0.4444,NA,12,15,NA,NA,NA,IGR,FALSE,FALSE,FALSE,FALSE,2,1,1,1_1,15563a10-47a8-401d-a507-2c7101f7ae60,NA
2,130450488,130450488,1,snv_mnv,NA,NA,"broad,dkfz,muse,sanger",4,COSN18985000,NA,L1MB8,FALSE,0.4667,NA,14,16,NA,NA,NA,IGR,FALSE,FALSE,FALSE,FALSE,2,1,1,1_1,15563a10-47a8-401d-a507-2c7101f7ae60,NA
2,134074584,134074584,1,snv_mnv,NA,NA,"broad,dkfz,muse,sanger",4,COSN18985067,NA,NA,FALSE,0.4667,NA,7,8,NA,NA,NA,Intron,FALSE,FALSE,FALSE,FALSE,2,1,1,1_1,15563a10-47a8-401d-a507-2c7101f7ae60,NA
2,137960900,137960900,1,snv_mnv,NA,NA,"broad,dkfz,muse,sanger",4,COSN515719,NA,NA,FALSE,0.5405,NA,20,17,NA,NA,NA,Intron,FALSE,FALSE,FALSE,FALSE,2,1,1,1_1,15563a10-47a8-401d-a507-2c7101f7ae60,NA
2,138178873,138178873,1,snv_mnv,NA,NA,"broad,dkfz,muse,sanger",4,COSN18984986,NA,MER21A,FALSE,0.5,NA,15,15,NA,NA,NA,Intron,FALSE,FALSE,FALSE,FALSE,2,1,1,1_1,15563a10-47a8-401d-a507-2c7101f7ae60,NA
2,140317774,140317774,1,snv_mnv,NA,NA,"broad,dkfz,muse,sanger",4,COSN18985029,NA,AluSg,FALSE,0.4054,NA,15,22,NA,NA,NA,IGR,FALSE,FALSE,FALSE,FALSE,2,1,1,1_1,15563a10-47a8-401d-a507-2c7101f7ae60,NA
2,140631855,140631855,1,snv_mnv,NA,NA,"broad,dkfz,muse,sanger",4,COSN515722,NA,NA,FALSE,0.6154,NA,16,10,NA,NA,NA,IGR,FALSE,FALSE,FALSE,FALSE,2,1,1,1_1,15563a10-47a8-401d-a507-2c7101f7ae60,NA
2,140655652,140655652,1,snv_mnv,NA,NA,"broad,dkfz,muse,sanger",4,COSN159654,NA,NA,FALSE,0.4815,NA,13,14,NA,NA,NA,IGR,FALSE,FALSE,FALSE,FALSE,2,1,1,1_1,15563a10-47a8-401d-a507-2c7101f7ae60,NA
2,141289543,141289543,1,snv_mnv,NA,NA,"broad,dkfz,muse,sanger",4,COSN515726,NA,NA,FALSE,0.4857,NA,17,18,NA,NA,NA,Intron,FALSE,FALSE,FALSE,FALSE,2,1,1,1_1,15563a10-47a8-401d-a507-2c7101f7ae60,NA
2,142092831,142092831,1,snv_mnv,NA,NA,"broad,dkfz,muse,sanger",4,COSN18985050,NA,L2c,FALSE,0.55,NA,11,9,NA,NA,NA,Intron,FALSE,FALSE,FALSE,FALSE,2,1,1,1_1,15563a10-47a8-401d-a507-2c7101f7ae60,NA
2,142852495,142852495,1,snv_mnv,NA,NA,"broad,dkfz,muse,sanger",4,COSN515730,NA,NA,FALSE,0.4706,NA,16,18,NA,NA,NA,Intron,FALSE,FALSE,FALSE,FALSE,2,1,1,1_1,15563a10-47a8-401d-a507-2c7101f7ae60,NA
2,145617857,145617857,1,snv_mnv,NA,NA,"broad,dkfz,muse,sanger",4,COSN515732,NA,NA,FALSE,0.4615,NA,12,14,NA,NA,NA,lincRNA,FALSE,FALSE,FALSE,FALSE,2,1,1,1_1,15563a10-47a8-401d-a507-2c7101f7ae60,TEX41
2,148086103,148086103,1,snv_mnv,NA,NA,"dkfz,sanger",2,COSN18985011,NA,L1M5,FALSE,0.6,NA,24,16,NA,NA,NA,IGR,FALSE,FALSE,FALSE,FALSE,2,1,1,1_1,15563a10-47a8-401d-a507-2c7101f7ae60,NA
2,148361623,148361623,1,snv_mnv,NA,NA,"broad,dkfz,muse,sanger",4,COSN515740,NA,NA,FALSE,0.4848,NA,16,17,NA,NA,NA,IGR,FALSE,FALSE,FALSE,FALSE,2,1,1,1_1,15563a10-47a8-401d-a507-2c7101f7ae60,NA
2,150925895,150925895,1,snv_mnv,NA,NA,"broad,dkfz,muse,sanger",4,COSN18984980,NA,L2b,FALSE,0.5758,NA,19,14,NA,NA,NA,IGR,FALSE,FALSE,FALSE,FALSE,2,1,1,1_1,15563a10-47a8-401d-a507-2c7101f7ae60,NA
2,153074550,153074550,1,snv_mnv,NA,NA,"broad,muse,sanger",3,COSN18985005,NA,L1MEg,FALSE,0.25,NA,7,21,NA,NA,NA,IGR,FALSE,FALSE,FALSE,FALSE,2,1,1,1_1,15563a10-47a8-401d-a507-2c7101f7ae60,NA
2,155126360,155126360,1,snv_mnv,NA,NA,"broad,dkfz,muse,sanger",4,COSN515754,NA,NA,FALSE,0.3636,NA,4,7,NA,NA,NA,Intron,FALSE,FALSE,FALSE,FALSE,2,1,1,1_1,15563a10-47a8-401d-a507-2c7101f7ae60,NA
2,155126368,155126368,1,snv_mnv,NA,NA,"broad,dkfz,muse,sanger",4,COSN18985053,NA,NA,FALSE,0.3636,NA,4,7,NA,NA,NA,Intron,FALSE,FALSE,FALSE,FALSE,2,1,1,1_1,15563a10-47a8-401d-a507-2c7101f7ae60,NA
2,157373943,157373943,1,snv_mnv,NA,NA,"broad,dkfz,muse,sanger",4,COSN515761,NA,NA,FALSE,0.4186,NA,18,25,NA,NA,NA,Intron,FALSE,FALSE,FALSE,FALSE,2,1,1,1_1,15563a10-47a8-401d-a507-2c7101f7ae60,NA
2,157580445,157580445,1,snv_mnv,NA,NA,"broad,dkfz,muse,sanger",4,COSN18985042,NA,HERVH-int,FALSE,0.3182,NA,7,15,NA,NA,NA,IGR,FALSE,FALSE,FALSE,FALSE,2,1,1,1_1,15563a10-47a8-401d-a507-2c7101f7ae60,NA
2,157807266,157807266,1,snv_mnv,NA,NA,"broad,dkfz,muse,sanger",4,COSN18985037,NA,L1PA16,FALSE,0.6,NA,27,18,NA,NA,NA,IGR,FALSE,FALSE,FALSE,FALSE,2,1,1,1_1,15563a10-47a8-401d-a507-2c7101f7ae60,NA
2,157843807,157843807,1,snv_mnv,NA,NA,"broad,dkfz,muse,sanger",4,COSN515762,NA,NA,FALSE,0.5294,NA,18,16,NA,NA,NA,IGR,FALSE,FALSE,FALSE,FALSE,2,1,1,1_1,15563a10-47a8-401d-a507-2c7101f7ae60,NA
2,160986850,160986850,1,snv_mnv,NA,NA,"broad,dkfz,muse",3,COSN18985028,NA,(TA)n,FALSE,0.4706,NA,16,18,NA,NA,NA,Intron,FALSE,FALSE,FALSE,FALSE,2,1,1,1_1,15563a10-47a8-401d-a507-2c7101f7ae60,NA
2,161235935,161235935,1,snv_mnv,NA,NA,"broad,dkfz,muse,sanger",4,COSN159551,NA,NA,FALSE,0.5526,NA,21,17,NA,NA,NA,Intron,FALSE,FALSE,FALSE,FALSE,2,1,1,1_1,15563a10-47a8-401d-a507-2c7101f7ae60,NA
2,167934958,167934958,1,snv_mnv,NA,NA,"broad,dkfz,muse,sanger",4,COSN18984983,NA,L1P4,FALSE,0.6071,NA,17,11,NA,NA,NA,Intron,FALSE,FALSE,FALSE,FALSE,2,1,1,1_1,15563a10-47a8-401d-a507-2c7101f7ae60,NA
2,171475303,171475303,1,snv_mnv,NA,NA,"broad,dkfz,muse,sanger",4,COSN18985058,NA,MER11D,FALSE,0.5294,NA,18,16,NA,NA,NA,Intron,FALSE,FALSE,FALSE,FALSE,2,1,1,1_1,15563a10-47a8-401d-a507-2c7101f7ae60,NA
2,172815446,172815446,1,snv_mnv,NA,NA,"broad,dkfz,muse,sanger",4,COSN515779,NA,NA,FALSE,0.3824,NA,13,21,NA,NA,NA,Intron,FALSE,FALSE,FALSE,FALSE,2,1,1,1_1,15563a10-47a8-401d-a507-2c7101f7ae60,NA
2,181642886,181642886,1,snv_mnv,NA,NA,"broad,dkfz,muse,sanger",4,COSN159651,NA,NA,FALSE,0.5,NA,17,17,NA,NA,NA,IGR,FALSE,FALSE,FALSE,FALSE,2,1,1,1_1,15563a10-47a8-401d-a507-2c7101f7ae60,NA
2,182144812,182144812,1,snv_mnv,NA,NA,"broad,dkfz,muse,sanger",4,COSN515786,NA,NA,FALSE,0.4828,NA,14,15,NA,NA,NA,lincRNA,FALSE,FALSE,FALSE,FALSE,2,1,1,1_1,15563a10-47a8-401d-a507-2c7101f7ae60,NA
2,182806967,182806967,1,snv_mnv,NA,NA,"broad,dkfz,muse,sanger",4,COSN18985040,NA,MLT1G1-int,FALSE,0.5833,NA,14,10,NA,NA,NA,IGR,FALSE,FALSE,FALSE,FALSE,2,1,1,1_1,15563a10-47a8-401d-a507-2c7101f7ae60,NA
2,183116799,183116799,1,snv_mnv,NA,NA,"broad,dkfz,muse,sanger",4,COSN18985059,NA,L2a,FALSE,0.4318,NA,19,25,NA,NA,NA,Intron,FALSE,FALSE,FALSE,FALSE,2,1,1,1_1,15563a10-47a8-401d-a507-2c7101f7ae60,NA
2,183625009,183625009,1,snv_mnv,NA,NA,"dkfz,sanger",2,COSN18984989,NA,L2c,FALSE,0.4286,NA,15,20,NA,NA,NA,Intron,FALSE,FALSE,FALSE,FALSE,2,1,1,1_1,15563a10-47a8-401d-a507-2c7101f7ae60,NA
2,184405453,184405453,1,snv_mnv,NA,NA,"broad,dkfz,muse,sanger",4,COSN515789,NA,NA,FALSE,0.5556,NA,15,12,NA,NA,NA,IGR,FALSE,FALSE,FALSE,FALSE,2,1,1,1_1,15563a10-47a8-401d-a507-2c7101f7ae60,NA
2,186560900,186560900,1,snv_mnv,NA,NA,"broad,dkfz,muse,sanger",4,COSN515792,NA,NA,FALSE,0.5758,NA,19,14,NA,NA,NA,IGR,FALSE,FALSE,FALSE,FALSE,2,1,1,1_1,15563a10-47a8-401d-a507-2c7101f7ae60,NA
2,188843711,188843711,1,snv_mnv,NA,NA,"broad,dkfz,muse,sanger",4,COSN515797,NA,NA,FALSE,0.3889,NA,7,11,NA,NA,NA,IGR,FALSE,FALSE,FALSE,FALSE,2,1,1,1_1,15563a10-47a8-401d-a507-2c7101f7ae60,NA
2,190389828,190389828,1,snv_mnv,NA,NA,"broad,dkfz,muse,sanger",4,COSN515802,NA,NA,FALSE,0.48,NA,12,13,NA,NA,NA,IGR,FALSE,FALSE,FALSE,FALSE,2,1,1,1_1,15563a10-47a8-401d-a507-2c7101f7ae60,NA
2,190511435,190511435,1,snv_mnv,NA,NA,"broad,dkfz,muse,sanger",4,COSN515803,NA,NA,FALSE,0.5,NA,13,13,NA,NA,NA,IGR,FALSE,FALSE,FALSE,FALSE,2,1,1,1_1,15563a10-47a8-401d-a507-2c7101f7ae60,NA
2,191693291,191693291,1,snv_mnv,NA,NA,"broad,dkfz,muse,sanger",4,COSN18985064,NA,L1M5,FALSE,0.6286,NA,22,13,NA,NA,NA,IGR,FALSE,FALSE,FALSE,FALSE,2,1,1,1_1,15563a10-47a8-401d-a507-2c7101f7ae60,NA
2,192353368,192353368,1,snv_mnv,NA,NA,"broad,dkfz,muse,sanger",4,COSN515805,NA,NA,FALSE,0.5238,NA,11,10,NA,NA,NA,IGR,FALSE,FALSE,FALSE,FALSE,2,1,1,1_1,15563a10-47a8-401d-a507-2c7101f7ae60,NA
2,195425603,195425603,1,snv_mnv,NA,NA,"broad,dkfz,sanger",3,COSN18985033,NA,NA,FALSE,0.2414,NA,7,22,NA,NA,NA,RNA,FALSE,FALSE,FALSE,FALSE,2,1,1,1_1,15563a10-47a8-401d-a507-2c7101f7ae60,NA
2,196193633,196193633,1,snv_mnv,NA,NA,"broad,dkfz,muse,sanger",4,COSN18985015,NA,NA,FALSE,0.25,NA,5,15,NA,NA,NA,IGR,FALSE,FALSE,FALSE,FALSE,2,1,1,1_1,15563a10-47a8-401d-a507-2c7101f7ae60,NA
2,206793662,206793662,1,snv_mnv,NA,NA,"broad,dkfz,muse,sanger",4,COSN18985039,NA,AluJr,FALSE,0.6,NA,12,8,NA,NA,NA,IGR,FALSE,FALSE,FALSE,FALSE,2,1,1,1_1,15563a10-47a8-401d-a507-2c7101f7ae60,NA
2,207215471,207215471,1,snv_mnv,NA,NA,"broad,dkfz,muse,sanger",4,COSN18984985,NA,THE1D,FALSE,0.5294,NA,9,8,NA,NA,NA,IGR,FALSE,FALSE,FALSE,FALSE,2,1,1,1_1,15563a10-47a8-401d-a507-2c7101f7ae60,NA
2,212081306,212081306,1,snv_mnv,NA,NA,"broad,dkfz,muse,sanger",4,COSN18984992,NA,L1PB1,FALSE,0.4516,NA,14,17,NA,NA,NA,IGR,FALSE,FALSE,FALSE,FALSE,2,1,1,1_1,15563a10-47a8-401d-a507-2c7101f7ae60,NA
2,212223949,212223949,1,snv_mnv,NA,NA,"broad,dkfz,muse,sanger",4,COSN515860,NA,NA,FALSE,0.5294,NA,18,16,NA,NA,NA,IGR,FALSE,FALSE,FALSE,FALSE,2,1,1,1_1,15563a10-47a8-401d-a507-2c7101f7ae60,NA
2,212467911,212467911,1,snv_mnv,NA,NA,"broad,dkfz,muse,sanger",4,COSN18984982,rs768946438,AluSc,FALSE,0.3684,NA,7,12,NA,NA,NA,Intron,FALSE,FALSE,FALSE,FALSE,2,1,1,1_1,15563a10-47a8-401d-a507-2c7101f7ae60,NA
2,212492701,212492701,1,snv_mnv,NA,NA,"broad,dkfz,muse,sanger",4,COSN515861,NA,NA,FALSE,0.275,NA,11,29,NA,NA,NA,Intron,FALSE,FALSE,FALSE,FALSE,2,1,1,1_1,15563a10-47a8-401d-a507-2c7101f7ae60,NA
2,217416092,217416092,1,snv_mnv,NA,NA,"broad,dkfz,muse,sanger",4,COSN515866,NA,NA,FALSE,0.4194,NA,13,18,NA,NA,NA,Intron,FALSE,FALSE,FALSE,FALSE,2,1,1,1_1,15563a10-47a8-401d-a507-2c7101f7ae60,NA
2,218117100,218117100,1,snv_mnv,NA,NA,"broad,dkfz,muse,sanger",4,COSN515871,rs866630419,NA,FALSE,0.5938,NA,19,13,NA,NA,NA,RNA,FALSE,FALSE,FALSE,FALSE,2,1,1,1_1,15563a10-47a8-401d-a507-2c7101f7ae60,RN7SKP43
2,218224751,218224751,1,snv_mnv,NA,NA,"broad,dkfz,muse,sanger",4,COSN515872,NA,NA,FALSE,0.3214,NA,9,19,NA,NA,NA,Intron,FALSE,FALSE,FALSE,FALSE,2,1,1,1_1,15563a10-47a8-401d-a507-2c7101f7ae60,NA
2,221204300,221204300,1,snv_mnv,NA,NA,"broad,dkfz,muse,sanger",4,COSN18984999,NA,NA,FALSE,0.1765,NA,3,14,NA,NA,NA,lincRNA,FALSE,FALSE,FALSE,FALSE,2,1,1,1_1,15563a10-47a8-401d-a507-2c7101f7ae60,NA
2,222165068,222165068,1,snv_mnv,NA,NA,"broad,dkfz,muse,sanger",4,COSN159649,NA,NA,FALSE,0.4286,NA,15,20,NA,NA,NA,IGR,FALSE,FALSE,FALSE,FALSE,2,1,1,1_1,15563a10-47a8-401d-a507-2c7101f7ae60,NA
2,222283824,222283824,1,snv_mnv,NA,NA,"broad,dkfz,muse,sanger",4,COSN515877,NA,NA,FALSE,0.4667,NA,14,16,NA,NA,NA,3'UTR,FALSE,FALSE,FALSE,FALSE,2,1,1,1_1,15563a10-47a8-401d-a507-2c7101f7ae60,EPHA4
2,222831572,222831572,1,snv_mnv,NA,NA,"broad,dkfz,muse,sanger",4,COSN515879,NA,NA,FALSE,0.4688,NA,15,17,NA,NA,NA,IGR,FALSE,FALSE,FALSE,FALSE,2,1,1,1_1,15563a10-47a8-401d-a507-2c7101f7ae60,HSPA9P1
2,225804124,225804124,1,snv_mnv,NA,NA,"broad,dkfz,muse,sanger",4,COSN515882,NA,NA,FALSE,0.475,NA,19,21,NA,NA,NA,Intron,FALSE,FALSE,FALSE,FALSE,2,1,1,1_1,15563a10-47a8-401d-a507-2c7101f7ae60,NA
2,226639336,226639336,1,snv_mnv,NA,NA,"broad,dkfz,muse,sanger",4,COSN18985018,NA,MLT1A0,FALSE,0.4444,NA,12,15,NA,NA,NA,IGR,FALSE,FALSE,FALSE,FALSE,2,1,1,1_1,15563a10-47a8-401d-a507-2c7101f7ae60,NA
2,226864927,226864927,1,snv_mnv,NA,NA,"broad,dkfz,muse,sanger",4,COSN515884,NA,NA,FALSE,0.4595,NA,17,20,NA,NA,NA,IGR,FALSE,FALSE,FALSE,FALSE,2,1,1,1_1,15563a10-47a8-401d-a507-2c7101f7ae60,NA
2,228604743,228604743,1,snv_mnv,NA,NA,"broad,dkfz,muse,sanger",4,COSN18984998,NA,L1MC4a,FALSE,0.4167,NA,10,14,NA,NA,NA,IGR,FALSE,FALSE,FALSE,FALSE,2,1,1,1_1,15563a10-47a8-401d-a507-2c7101f7ae60,NA
2,230600954,230600954,1,snv_mnv,NA,NA,"broad,dkfz,muse,sanger",4,COSN18985004,NA,L1M2,FALSE,0.4706,NA,8,9,NA,NA,NA,IGR,FALSE,FALSE,FALSE,FALSE,2,1,1,1_1,15563a10-47a8-401d-a507-2c7101f7ae60,NA
2,239496709,239496709,1,snv_mnv,NA,NA,"broad,muse,sanger",3,COSN18984997,NA,MLT1D,FALSE,0.4444,NA,8,10,NA,NA,NA,IGR,FALSE,FALSE,FALSE,FALSE,2,1,1,1_1,15563a10-47a8-401d-a507-2c7101f7ae60,NA
2,240492144,240492144,1,snv_mnv,NA,NA,"broad,dkfz,muse",3,COSN515896,rs562881308,NA,FALSE,0.8462,NA,11,2,NA,NA,NA,IGR,FALSE,FALSE,FALSE,FALSE,2,1,1,1_1,15563a10-47a8-401d-a507-2c7101f7ae60,NA
2,240979814,240979814,1,snv_mnv,NA,NA,"broad,dkfz,muse,sanger",4,COSN18984993,NA,MLT1D,FALSE,0.5333,NA,16,14,NA,NA,NA,IGR,FALSE,FALSE,FALSE,FALSE,2,1,1,1_1,15563a10-47a8-401d-a507-2c7101f7ae60,OR6B3
20,1015338,1015338,1,snv_mnv,NA,NA,"broad,dkfz,muse,sanger",4,COSN18985635,NA,MLT1H1,FALSE,0.6667,NA,16,8,NA,NA,NA,IGR,FALSE,FALSE,FALSE,FALSE,2,1,1,1_1,15563a10-47a8-401d-a507-2c7101f7ae60,NA
20,1111889,1111889,1,snv_mnv,NA,NA,"broad,dkfz,muse,sanger",4,COSN516001,NA,NA,FALSE,0.4444,NA,16,20,NA,NA,NA,Intron,FALSE,FALSE,FALSE,FALSE,2,1,1,1_1,15563a10-47a8-401d-a507-2c7101f7ae60,PSMF1
20,1186993,1186993,1,snv_mnv,NA,NA,"broad,dkfz,muse,sanger",4,COSN18985643,NA,Charlie1b,FALSE,0.375,NA,12,20,NA,NA,NA,Intron,FALSE,FALSE,FALSE,FALSE,2,1,1,1_1,15563a10-47a8-401d-a507-2c7101f7ae60,NA
20,1650103,1650103,1,snv_mnv,NA,NA,"broad,dkfz,muse,sanger",4,COSN516010,NA,NA,FALSE,0.6562,NA,21,11,NA,NA,NA,RNA,FALSE,FALSE,FALSE,FALSE,2,1,1,1_1,15563a10-47a8-401d-a507-2c7101f7ae60,RN7SL561P
20,3337093,3337093,1,snv_mnv,NA,NA,"broad,dkfz,muse,sanger",4,COSN516022,NA,NA,FALSE,0.4595,NA,17,20,NA,NA,NA,Intron,FALSE,FALSE,FALSE,FALSE,2,1,1,1_1,15563a10-47a8-401d-a507-2c7101f7ae60,RNU6-1019P
20,5993256,5993256,1,snv_mnv,NA,NA,"broad,dkfz,muse,sanger",4,COSN18985633,NA,L2,FALSE,0.3333,NA,10,20,NA,NA,NA,Intron,FALSE,FALSE,FALSE,FALSE,2,1,1,1_1,15563a10-47a8-401d-a507-2c7101f7ae60,NA
20,6698623,6698623,1,snv_mnv,NA,NA,"broad,dkfz,muse,sanger",4,COSN516042,NA,NA,FALSE,0.5,NA,22,22,NA,NA,NA,IGR,FALSE,FALSE,FALSE,FALSE,2,1,1,1_1,15563a10-47a8-401d-a507-2c7101f7ae60,NA
20,9149968,9149968,1,snv_mnv,NA,NA,"broad,dkfz,muse,sanger",4,COSN516045,NA,NA,FALSE,0.7143,NA,10,4,NA,NA,NA,Intron,FALSE,FALSE,FALSE,FALSE,2,1,1,1_1,15563a10-47a8-401d-a507-2c7101f7ae60,NA
20,11853961,11853961,1,snv_mnv,NA,NA,"broad,dkfz,muse,sanger",4,COSN516003,NA,NA,FALSE,0.3611,NA,13,23,NA,NA,NA,IGR,FALSE,FALSE,FALSE,FALSE,2,1,1,1_1,15563a10-47a8-401d-a507-2c7101f7ae60,LINC00687
20,12885290,12885290,1,snv_mnv,NA,NA,"broad,dkfz,muse,sanger",4,COSN18985630,NA,Tigger3b,FALSE,0.5769,NA,15,11,NA,NA,NA,lincRNA,FALSE,FALSE,FALSE,FALSE,2,1,1,1_1,15563a10-47a8-401d-a507-2c7101f7ae60,NA
20,13681424,13681424,1,snv_mnv,NA,NA,"broad,dkfz,muse,sanger",4,COSN516006,NA,NA,FALSE,0.4583,NA,11,13,NA,NA,NA,IGR,FALSE,FALSE,FALSE,FALSE,2,1,1,1_1,15563a10-47a8-401d-a507-2c7101f7ae60,NA
20,16902234,16902234,1,snv_mnv,NA,NA,"broad,dkfz,muse,sanger",4,COSN516011,rs755197936,NA,FALSE,0.4324,NA,16,21,NA,NA,NA,IGR,FALSE,FALSE,FALSE,FALSE,2,1,1,1_1,15563a10-47a8-401d-a507-2c7101f7ae60,NA
20,18476488,18476488,1,snv_mnv,NA,NA,"broad,dkfz,muse,sanger",4,COSM96796,NA,NA,FALSE,0.3913,NA,9,14,NA,NA,NA,Missense_Mutation,FALSE,FALSE,FALSE,FALSE,2,1,1,1_1,15563a10-47a8-401d-a507-2c7101f7ae60,NA
20,20236667,20236667,1,snv_mnv,NA,NA,"broad,dkfz,muse",3,COSN516014,NA,MLT1H1,FALSE,0.8077,NA,21,5,NA,NA,NA,Intron,FALSE,FALSE,FALSE,FALSE,2,1,1,1_1,15563a10-47a8-401d-a507-2c7101f7ae60,"CFAP61,RPL17P1,AL121721.1"
20,22791331,22791331,1,snv_mnv,NA,NA,"broad,dkfz,muse,sanger",4,COSN159645,NA,NA,FALSE,0.5652,NA,13,10,NA,NA,NA,IGR,FALSE,FALSE,FALSE,FALSE,2,1,1,1_1,15563a10-47a8-401d-a507-2c7101f7ae60,NA
20,32557288,32557288,1,snv_mnv,NA,NA,"broad,dkfz,muse,sanger",4,COSN18985640,rs200118553,MIR,FALSE,0.3333,NA,11,22,NA,NA,NA,IGR,FALSE,FALSE,FALSE,FALSE,2,1,1,1_1,15563a10-47a8-401d-a507-2c7101f7ae60,PIGPP3
20,41312420,41312420,1,snv_mnv,NA,NA,"broad,dkfz,muse,sanger",4,COSN516026,NA,NA,FALSE,0.4167,NA,10,14,NA,NA,NA,Intron,FALSE,FALSE,FALSE,FALSE,2,1,1,1_1,15563a10-47a8-401d-a507-2c7101f7ae60,AL031656.1
20,47093543,47093543,1,snv_mnv,NA,NA,"broad,dkfz,muse,sanger",4,COSN18985639,NA,MLT1F2,FALSE,0.5,NA,9,9,NA,NA,NA,IGR,FALSE,FALSE,FALSE,FALSE,2,1,1,1_1,15563a10-47a8-401d-a507-2c7101f7ae60,NA
20,51322208,51322208,1,snv_mnv,NA,NA,"broad,muse,sanger",3,COSN18985634,NA,AluSx3,FALSE,0.5,NA,4,4,NA,NA,NA,IGR,FALSE,FALSE,FALSE,FALSE,2,1,1,1_1,15563a10-47a8-401d-a507-2c7101f7ae60,NA
20,51873015,51873015,1,snv_mnv,NA,NA,"broad,dkfz,muse,sanger",4,COSM96795,NA,NA,FALSE,0.4722,NA,17,19,NA,NA,NA,Silent,FALSE,FALSE,FALSE,FALSE,2,1,1,1_1,15563a10-47a8-401d-a507-2c7101f7ae60,NA
20,53591694,53591694,1,snv_mnv,NA,NA,"broad,dkfz,muse,sanger",4,COSN18985632,NA,LTR39,FALSE,0.5556,NA,15,12,NA,NA,NA,IGR,FALSE,FALSE,FALSE,FALSE,2,1,1,1_1,15563a10-47a8-401d-a507-2c7101f7ae60,NA
20,58910252,58910252,1,snv_mnv,3.9936e-4,rs533289838,"broad,dkfz,muse,sanger",4,COSN516036,rs533289838,NA,FALSE,0.5652,NA,13,10,NA,NA,NA,IGR,FALSE,FALSE,FALSE,FALSE,2,1,1,1_1,15563a10-47a8-401d-a507-2c7101f7ae60,MIR646HG
21,17065579,17065579,1,snv_mnv,NA,NA,"broad,dkfz,muse,sanger",4,COSN18984891,NA,MADE1,FALSE,0.3913,NA,9,14,NA,NA,NA,RNA,FALSE,FALSE,FALSE,FALSE,2,1,1,1_1,15563a10-47a8-401d-a507-2c7101f7ae60,RAD23BP3
21,19844913,19844913,1,snv_mnv,NA,NA,"broad,dkfz,muse,sanger",4,COSN516055,NA,NA,FALSE,0.45,NA,9,11,NA,NA,NA,IGR,FALSE,FALSE,FALSE,FALSE,2,1,1,1_1,15563a10-47a8-401d-a507-2c7101f7ae60,AL109763.1
21,21072624,21072624,1,snv_mnv,NA,NA,"broad,dkfz,muse,sanger",4,COSN516059,NA,NA,FALSE,0.4444,NA,12,15,NA,NA,NA,IGR,FALSE,FALSE,FALSE,FALSE,2,1,1,1_1,15563a10-47a8-401d-a507-2c7101f7ae60,NA
21,21984257,21984257,1,snv_mnv,NA,NA,"broad,dkfz,muse,sanger",4,COSN18984890,NA,AluJr,FALSE,0.48,NA,12,13,NA,NA,NA,IGR,FALSE,FALSE,FALSE,FALSE,2,1,1,1_1,15563a10-47a8-401d-a507-2c7101f7ae60,NA
21,22058541,22058541,1,snv_mnv,NA,NA,"broad,dkfz,muse,sanger",4,COSN18984894,NA,AluSx1,FALSE,0.5,NA,9,9,NA,NA,NA,IGR,FALSE,FALSE,FALSE,FALSE,2,1,1,1_1,15563a10-47a8-401d-a507-2c7101f7ae60,NA
21,24230535,24230535,1,snv_mnv,NA,NA,"broad,dkfz,muse,sanger",4,COSN18984892,NA,MER50,FALSE,0.5588,NA,19,15,NA,NA,NA,IGR,FALSE,FALSE,FALSE,FALSE,2,1,1,1_1,15563a10-47a8-401d-a507-2c7101f7ae60,NA
21,24345600,24345600,1,snv_mnv,NA,NA,"broad,dkfz,muse,sanger",4,COSN18984889,NA,L1M3,FALSE,0.5667,NA,17,13,NA,NA,NA,IGR,FALSE,FALSE,FALSE,FALSE,2,1,1,1_1,15563a10-47a8-401d-a507-2c7101f7ae60,NA
21,24878521,24878521,1,snv_mnv,NA,NA,"broad,dkfz,muse,sanger",4,COSN516063,NA,NA,FALSE,0.5926,NA,16,11,NA,NA,NA,IGR,FALSE,FALSE,FALSE,FALSE,2,1,1,1_1,15563a10-47a8-401d-a507-2c7101f7ae60,NA
21,29837159,29837159,1,snv_mnv,NA,NA,"broad,dkfz,muse,sanger",4,COSN516072,NA,NA,FALSE,0.5,NA,4,4,NA,NA,NA,lincRNA,FALSE,FALSE,FALSE,FALSE,2,1,1,1_1,15563a10-47a8-401d-a507-2c7101f7ae60,NA
21,31732943,31732943,1,snv_mnv,NA,NA,"dkfz,sanger",2,COSN516074,NA,NA,FALSE,0.5676,NA,21,16,NA,NA,NA,IGR,FALSE,FALSE,FALSE,FALSE,2,1,1,1_1,15563a10-47a8-401d-a507-2c7101f7ae60,NA
21,32201909,32201909,1,snv_mnv,NA,NA,"broad,dkfz,muse,sanger",4,COSN516075,NA,NA,FALSE,0.2941,NA,10,24,NA,NA,NA,RNA,FALSE,FALSE,FALSE,FALSE,2,1,1,1_1,15563a10-47a8-401d-a507-2c7101f7ae60,NA
21,34528054,34528054,1,snv_mnv,NA,NA,"broad,dkfz,muse,sanger",4,COSN516078,NA,NA,FALSE,0.5263,NA,10,9,NA,NA,NA,RNA,FALSE,FALSE,FALSE,FALSE,2,1,1,1_1,15563a10-47a8-401d-a507-2c7101f7ae60,AP000290.1
21,42883244,42883244,1,snv_mnv,NA,NA,"broad,dkfz,muse,sanger",4,COSN18984893,NA,ERVL-B4-int,FALSE,0.5556,NA,20,16,NA,NA,NA,IGR,FALSE,FALSE,FALSE,FALSE,2,1,1,1_1,15563a10-47a8-401d-a507-2c7101f7ae60,TMPRSS2
21,44783095,44783095,1,snv_mnv,NA,NA,"broad,dkfz,muse,sanger",4,COSN18984897,NA,NA,FALSE,0.3333,NA,4,8,NA,NA,NA,lincRNA,FALSE,FALSE,FALSE,FALSE,2,1,1,1_1,15563a10-47a8-401d-a507-2c7101f7ae60,"AP001046.1,LINC01679"
22,19722197,19722197,1,snv_mnv,NA,NA,"broad,dkfz,muse,sanger",4,COSN516092,NA,NA,FALSE,0.6087,NA,14,9,NA,NA,NA,IGR,FALSE,FALSE,FALSE,FALSE,2,1,1,1_1,15563a10-47a8-401d-a507-2c7101f7ae60,NA
22,26804519,26804519,1,snv_mnv,NA,NA,"broad,dkfz,muse,sanger",4,COSN516111,NA,NA,FALSE,0.4333,NA,13,17,NA,NA,NA,IGR,FALSE,FALSE,FALSE,FALSE,2,1,1,1_1,15563a10-47a8-401d-a507-2c7101f7ae60,NA
22,28760990,28760990,1,snv_mnv,NA,NA,"broad,dkfz,muse,sanger",4,COSN18985073,NA,Tigger1,FALSE,0.5238,NA,22,20,NA,NA,NA,Intron,FALSE,FALSE,FALSE,FALSE,2,1,1,1_1,15563a10-47a8-401d-a507-2c7101f7ae60,NA
22,30217448,30217448,1,snv_mnv,NA,NA,"broad,dkfz,muse,sanger",4,COSN18985074,NA,MIRb,FALSE,0.45,NA,9,11,NA,NA,NA,Intron,FALSE,FALSE,FALSE,FALSE,2,1,1,1_1,15563a10-47a8-401d-a507-2c7101f7ae60,ASCC2
22,33190875,33190875,1,snv_mnv,NA,NA,"broad,dkfz,muse,sanger",4,COSN159547,NA,NA,FALSE,0.44,NA,11,14,NA,NA,NA,Intron,FALSE,FALSE,FALSE,FALSE,2,1,1,1_1,15563a10-47a8-401d-a507-2c7101f7ae60,NA
22,34170783,34170783,1,snv_mnv,NA,NA,"broad,dkfz,muse,sanger",4,COSN18985080,NA,MER33,FALSE,0.4286,NA,9,12,NA,NA,NA,Intron,FALSE,FALSE,FALSE,FALSE,2,1,1,1_1,15563a10-47a8-401d-a507-2c7101f7ae60,NA
22,34790785,34790785,1,snv_mnv,NA,NA,"broad,dkfz,muse,sanger",4,COSN18985071,NA,L2b,FALSE,0.4444,NA,16,20,NA,NA,NA,IGR,FALSE,FALSE,FALSE,FALSE,2,1,1,1_1,15563a10-47a8-401d-a507-2c7101f7ae60,NA
22,35497575,35497575,1,snv_mnv,NA,NA,"broad,dkfz,muse,sanger",4,COSN18985070,NA,L1MA4A,FALSE,0.5385,NA,14,12,NA,NA,NA,IGR,FALSE,FALSE,FALSE,FALSE,2,1,1,1_1,15563a10-47a8-401d-a507-2c7101f7ae60,NA
22,39992843,39992843,1,snv_mnv,NA,NA,"broad,dkfz,muse",3,COSN18985072,NA,MIRb,FALSE,0.5,NA,6,6,NA,NA,NA,Intron,FALSE,FALSE,FALSE,FALSE,2,1,1,1_1,15563a10-47a8-401d-a507-2c7101f7ae60,NA
22,41411636,41411636,1,snv_mnv,NA,NA,"broad,dkfz,muse,sanger",4,COSN18985075,NA,AluSx,FALSE,0.36,NA,9,16,NA,NA,NA,IGR,FALSE,FALSE,FALSE,FALSE,2,1,1,1_1,15563a10-47a8-401d-a507-2c7101f7ae60,NA
22,41863629,41863629,1,snv_mnv,NA,NA,"broad,dkfz,muse,sanger",4,COSN159546,NA,NA,FALSE,0.4583,NA,11,13,NA,NA,NA,Intron,FALSE,FALSE,FALSE,FALSE,2,1,1,1_1,15563a10-47a8-401d-a507-2c7101f7ae60,ACO2
22,43357544,43357544,1,snv_mnv,NA,NA,"broad,dkfz,muse,sanger",4,COSN516121,NA,AluSz6,FALSE,0.7,NA,7,3,NA,NA,NA,Intron,FALSE,FALSE,FALSE,FALSE,2,1,1,1_1,15563a10-47a8-401d-a507-2c7101f7ae60,PACSIN2
22,47732300,47732300,1,snv_mnv,0.0023962,rs568692997,"broad,dkfz,muse,sanger",4,COSN516127,rs568692997,NA,FALSE,0.4865,NA,18,19,NA,NA,NA,IGR,FALSE,FALSE,FALSE,FALSE,2,1,1,1_1,15563a10-47a8-401d-a507-2c7101f7ae60,NA
22,47883239,47883239,1,snv_mnv,NA,NA,"broad,dkfz,muse,sanger",4,COSN18985069,NA,NA,FALSE,0.3077,NA,8,18,NA,NA,NA,5'Flank,FALSE,FALSE,FALSE,FALSE,2,1,1,1_1,15563a10-47a8-401d-a507-2c7101f7ae60,LINC01644
22,49497762,49497762,1,snv_mnv,NA,NA,"broad,dkfz,muse,sanger",4,COSN516129,NA,NA,FALSE,0.5,NA,9,9,NA,NA,NA,IGR,FALSE,FALSE,FALSE,FALSE,2,1,1,1_1,15563a10-47a8-401d-a507-2c7101f7ae60,NA
22,49647497,49647497,1,snv_mnv,NA,NA,"broad,dkfz,muse,sanger",4,COSN516130,NA,NA,FALSE,0.4167,NA,10,14,NA,NA,NA,IGR,FALSE,FALSE,FALSE,FALSE,2,1,1,1_1,15563a10-47a8-401d-a507-2c7101f7ae60,NA
3,1554601,1554601,1,snv_mnv,NA,NA,"broad,dkfz,muse,sanger",4,COSN516206,NA,NA,FALSE,0.6316,NA,24,14,NA,NA,NA,IGR,FALSE,FALSE,FALSE,FALSE,2,1,1,1_1,15563a10-47a8-401d-a507-2c7101f7ae60,NA
3,2073709,2073709,1,snv_mnv,NA,NA,"broad,dkfz,muse,sanger",4,COSN516268,NA,NA,FALSE,0.5714,NA,12,9,NA,NA,NA,IGR,FALSE,FALSE,FALSE,FALSE,2,1,1,1_1,15563a10-47a8-401d-a507-2c7101f7ae60,NA
3,4433594,4433594,1,snv_mnv,NA,NA,"broad,dkfz,muse,sanger",4,COSN18985475,NA,AluJb,FALSE,0.5217,NA,12,11,NA,NA,NA,Intron,FALSE,FALSE,FALSE,FALSE,2,1,1,1_1,15563a10-47a8-401d-a507-2c7101f7ae60,NA
3,5796181,5796181,1,snv_mnv,NA,NA,"broad,dkfz,muse,sanger",4,COSN516299,NA,NA,FALSE,0.3438,NA,11,21,NA,NA,NA,IGR,FALSE,FALSE,FALSE,FALSE,2,1,1,1_1,15563a10-47a8-401d-a507-2c7101f7ae60,NA
3,6869244,6869244,1,snv_mnv,NA,NA,"broad,dkfz,muse,sanger",4,COSN516317,rs763497125,NA,FALSE,0.3659,NA,15,26,NA,NA,NA,IGR,FALSE,FALSE,FALSE,FALSE,2,1,1,1_1,15563a10-47a8-401d-a507-2c7101f7ae60,NA
3,8640515,8640515,1,snv_mnv,NA,NA,"broad,dkfz,muse,sanger",4,COSN516378,NA,NA,FALSE,0.3158,NA,12,26,NA,NA,NA,RNA,FALSE,FALSE,FALSE,FALSE,2,1,1,1_1,15563a10-47a8-401d-a507-2c7101f7ae60,NA
3,11076599,11076599,1,snv_mnv,NA,NA,"broad,dkfz,muse,sanger",4,COSN18985472,NA,L2c,FALSE,0.3333,NA,7,14,NA,NA,NA,Intron,FALSE,FALSE,FALSE,FALSE,2,1,1,1_1,15563a10-47a8-401d-a507-2c7101f7ae60,SLC6A1
3,12357558,12357558,1,snv_mnv,NA,NA,"broad,dkfz,muse,sanger",4,COSN516166,NA,NA,FALSE,0.4722,NA,17,19,NA,NA,NA,Intron,FALSE,FALSE,FALSE,FALSE,2,1,1,1_1,15563a10-47a8-401d-a507-2c7101f7ae60,NA
3,12600159,12600159,1,snv_mnv,NA,NA,"broad,dkfz,muse,sanger",4,COSN18985499,NA,MIRc,FALSE,0.5111,NA,23,22,NA,NA,NA,Intron,FALSE,FALSE,FALSE,FALSE,2,1,1,1_1,15563a10-47a8-401d-a507-2c7101f7ae60,NA
3,12975969,12975969,1,snv_mnv,NA,NA,"broad,dkfz,muse,sanger",4,COSN516174,NA,NA,FALSE,0.4706,NA,8,9,NA,NA,NA,Intron,FALSE,FALSE,FALSE,FALSE,2,1,1,1_1,15563a10-47a8-401d-a507-2c7101f7ae60,IQSEC1
3,13648019,13648019,1,snv_mnv,NA,NA,"broad,dkfz,muse,sanger",4,COSN18985501,NA,Tigger2,FALSE,0.3684,NA,7,12,NA,NA,NA,Intron,FALSE,FALSE,FALSE,FALSE,2,1,1,1_1,15563a10-47a8-401d-a507-2c7101f7ae60,NA
3,14356433,14356433,1,snv_mnv,NA,NA,"broad,dkfz,muse,sanger",4,COSN18985503,NA,LTR48B,FALSE,0.4286,NA,15,20,NA,NA,NA,IGR,FALSE,FALSE,FALSE,FALSE,2,1,1,1_1,15563a10-47a8-401d-a507-2c7101f7ae60,NA
3,14402540,14402540,1,snv_mnv,NA,NA,"broad,dkfz,muse,sanger",4,COSN516190,NA,NA,FALSE,0.4737,NA,9,10,NA,NA,NA,IGR,FALSE,FALSE,FALSE,FALSE,2,1,1,1_1,15563a10-47a8-401d-a507-2c7101f7ae60,NA
3,14699904,14699904,1,snv_mnv,NA,NA,"broad,dkfz,muse,sanger",4,COSN516198,NA,NA,FALSE,0.4231,NA,22,30,NA,NA,NA,Intron,FALSE,FALSE,FALSE,FALSE,2,1,1,1_1,15563a10-47a8-401d-a507-2c7101f7ae60,NA
3,16021587,16021587,1,snv_mnv,NA,NA,"broad,dkfz,muse,sanger",4,COSN18985505,NA,L1MB3,FALSE,0.2553,NA,12,35,NA,NA,NA,IGR,FALSE,FALSE,FALSE,FALSE,2,1,1,1_1,15563a10-47a8-401d-a507-2c7101f7ae60,NA
3,16360919,16360919,1,snv_mnv,NA,NA,"broad,dkfz,muse,sanger",4,COSN18985526,NA,MIRb,FALSE,0.6486,NA,24,13,NA,NA,NA,Intron,FALSE,FALSE,FALSE,FALSE,2,1,1,1_1,15563a10-47a8-401d-a507-2c7101f7ae60,AC090948.1
3,18726416,18726416,1,snv_mnv,NA,NA,"broad,dkfz,muse,sanger",4,COSN18985521,NA,MSTA-int,FALSE,0.5227,NA,23,21,NA,NA,NA,RNA,FALSE,FALSE,FALSE,FALSE,2,1,1,1_1,15563a10-47a8-401d-a507-2c7101f7ae60,NA
3,20049654,20049654,1,snv_mnv,NA,NA,"broad,dkfz,muse,sanger",4,COSN159543,NA,NA,FALSE,0.3571,NA,5,9,NA,NA,NA,Intron,FALSE,FALSE,FALSE,FALSE,2,1,1,1_1,15563a10-47a8-401d-a507-2c7101f7ae60,RPL39P18
3,25323261,25323261,1,snv_mnv,NA,NA,"broad,dkfz,muse,sanger",4,COSN159542,NA,NA,FALSE,0.6786,NA,19,9,NA,NA,NA,Intron,FALSE,FALSE,FALSE,FALSE,2,1,1,1_1,15563a10-47a8-401d-a507-2c7101f7ae60,NA
3,27207198,27207198,1,snv_mnv,NA,NA,"broad,dkfz,muse,sanger",4,COSN516275,NA,NA,FALSE,0.5758,NA,19,14,NA,NA,NA,Intron,FALSE,FALSE,FALSE,FALSE,2,1,1,1_1,15563a10-47a8-401d-a507-2c7101f7ae60,NA
3,27622989,27622989,1,snv_mnv,NA,NA,"broad,dkfz,muse,sanger",4,COSN516276,NA,NA,FALSE,0.3333,NA,12,24,NA,NA,NA,IGR,FALSE,FALSE,FALSE,FALSE,2,1,1,1_1,15563a10-47a8-401d-a507-2c7101f7ae60,NA
3,27667217,27667217,1,snv_mnv,NA,NA,"broad,dkfz,muse,sanger",4,COSN18985464,NA,AluSg4,FALSE,0.4737,NA,9,10,NA,NA,NA,IGR,FALSE,FALSE,FALSE,FALSE,2,1,1,1_1,15563a10-47a8-401d-a507-2c7101f7ae60,AC098614.2
3,29922230,29922230,1,snv_mnv,NA,NA,"broad,dkfz,muse,sanger",4,COSN516280,NA,NA,FALSE,0.3455,NA,19,36,NA,NA,NA,Intron,FALSE,FALSE,FALSE,FALSE,2,1,1,1_1,15563a10-47a8-401d-a507-2c7101f7ae60,NA
3,31694366,31694366,1,snv_mnv,NA,NA,"broad,dkfz,muse,sanger",4,COSN18985488,NA,L1MA4A,FALSE,0.2955,NA,13,31,NA,NA,NA,IGR,FALSE,FALSE,FALSE,FALSE,2,1,1,1_1,15563a10-47a8-401d-a507-2c7101f7ae60,NA
3,33805817,33805817,1,snv_mnv,NA,NA,"broad,dkfz,muse,sanger",4,COSN516282,NA,NA,FALSE,0.5526,NA,21,17,NA,NA,NA,IGR,FALSE,FALSE,FALSE,FALSE,2,1,1,1_1,15563a10-47a8-401d-a507-2c7101f7ae60,NA
3,35023613,35023613,1,snv_mnv,NA,NA,"broad,dkfz,muse,sanger",4,COSN516286,NA,NA,FALSE,0.4643,NA,13,15,NA,NA,NA,IGR,FALSE,FALSE,FALSE,FALSE,2,1,1,1_1,15563a10-47a8-401d-a507-2c7101f7ae60,NA
3,37750114,37750114,1,snv_mnv,NA,NA,"broad,muse,sanger",3,COSN18985491,NA,MER20,FALSE,0.3333,NA,12,24,NA,NA,NA,Intron,FALSE,FALSE,FALSE,FALSE,2,1,1,1_1,15563a10-47a8-401d-a507-2c7101f7ae60,NA
3,38807451,38807451,1,snv_mnv,NA,NA,"broad,muse,sanger",3,COSN18985468,NA,L1PB1,FALSE,0.5,NA,17,17,NA,NA,NA,Intron,FALSE,FALSE,FALSE,FALSE,2,1,1,1_1,15563a10-47a8-401d-a507-2c7101f7ae60,NA
3,39010230,39010230,1,snv_mnv,NA,NA,"broad,dkfz,muse,sanger",4,COSN18985498,NA,MIRc,FALSE,0.3478,NA,8,15,NA,NA,NA,IGR,FALSE,FALSE,FALSE,FALSE,2,1,1,1_1,15563a10-47a8-401d-a507-2c7101f7ae60,NA
3,40309149,40309149,1,snv_mnv,NA,NA,"broad,dkfz,muse,sanger",4,COSN516287,NA,NA,FALSE,0.48,NA,12,13,NA,NA,NA,IGR,FALSE,FALSE,FALSE,FALSE,2,1,1,1_1,15563a10-47a8-401d-a507-2c7101f7ae60,NA
3,49658139,49658139,1,snv_mnv,NA,NA,"broad,dkfz,muse,sanger",4,COSN18985511,NA,L2a,FALSE,0.6154,NA,8,5,NA,NA,NA,Intron,FALSE,FALSE,FALSE,FALSE,2,1,1,1_1,15563a10-47a8-401d-a507-2c7101f7ae60,NA
3,50245592,50245592,1,snv_mnv,NA,NA,"broad,dkfz,muse,sanger",4,COSN516295,NA,NA,FALSE,0.5455,NA,6,5,NA,NA,NA,RNA,FALSE,FALSE,FALSE,FALSE,2,1,1,1_1,15563a10-47a8-401d-a507-2c7101f7ae60,NA
3,54291449,54291449,1,snv_mnv,NA,NA,"broad,dkfz,muse,sanger",4,COSN159540,NA,NA,FALSE,0.5,NA,14,14,NA,NA,NA,Intron,FALSE,FALSE,FALSE,FALSE,2,1,1,1_1,15563a10-47a8-401d-a507-2c7101f7ae60,NA
3,58675310,58675310,1,snv_mnv,NA,NA,"broad,dkfz,muse,sanger",4,COSN516300,NA,NA,FALSE,0.375,NA,9,15,NA,NA,NA,IGR,FALSE,FALSE,FALSE,FALSE,2,1,1,1_1,15563a10-47a8-401d-a507-2c7101f7ae60,NA
3,60331432,60331432,1,snv_mnv,NA,NA,"broad,dkfz,muse,sanger",4,COSN516302,NA,NA,FALSE,0.4839,NA,15,16,NA,NA,NA,Intron,FALSE,FALSE,FALSE,FALSE,2,1,1,1_1,15563a10-47a8-401d-a507-2c7101f7ae60,NA
3,60454000,60454000,1,snv_mnv,NA,NA,"broad,dkfz,muse,sanger",4,COSN18985458,NA,L1MA3,FALSE,0.5,NA,20,20,NA,NA,NA,Intron,FALSE,FALSE,FALSE,FALSE,2,1,1,1_1,15563a10-47a8-401d-a507-2c7101f7ae60,NA
3,60593298,60593298,1,snv_mnv,NA,NA,"broad,dkfz,muse,sanger",4,COSN516303,NA,NA,FALSE,0.381,NA,8,13,NA,NA,NA,Intron,FALSE,FALSE,FALSE,FALSE,2,1,1,1_1,15563a10-47a8-401d-a507-2c7101f7ae60,NA
3,61953966,61953966,1,snv_mnv,NA,NA,"broad,dkfz,muse,sanger",4,COSN516304,NA,NA,FALSE,0.3043,NA,14,32,NA,NA,NA,Intron,FALSE,FALSE,FALSE,FALSE,2,1,1,1_1,15563a10-47a8-401d-a507-2c7101f7ae60,NA
3,62115839,62115839,1,snv_mnv,NA,NA,"broad,dkfz,muse,sanger",4,COSN18985533,NA,NA,FALSE,0.3793,NA,11,18,NA,NA,NA,Intron,FALSE,FALSE,FALSE,FALSE,2,1,1,1_1,15563a10-47a8-401d-a507-2c7101f7ae60,NA
3,63077770,63077770,1,snv_mnv,NA,NA,"broad,dkfz,muse,sanger",4,COSN18985479,NA,MLT1K,FALSE,0.4375,NA,14,18,NA,NA,NA,lincRNA,FALSE,FALSE,FALSE,FALSE,2,1,1,1_1,15563a10-47a8-401d-a507-2c7101f7ae60,KRT8P35
3,64616669,64616669,1,snv_mnv,NA,NA,"broad,dkfz,muse,sanger",4,COSN159538,NA,NA,FALSE,0.25,NA,9,27,NA,NA,NA,Intron,FALSE,FALSE,FALSE,FALSE,2,1,1,1_1,15563a10-47a8-401d-a507-2c7101f7ae60,NA
3,65670724,65670724,1,snv_mnv,NA,NA,"broad,dkfz,muse,sanger",4,COSN18985528,NA,L1MD2,FALSE,0.4444,NA,12,15,NA,NA,NA,Intron,FALSE,FALSE,FALSE,FALSE,2,1,1,1_1,15563a10-47a8-401d-a507-2c7101f7ae60,ILF2P1
3,65828510,65828510,1,snv_mnv,NA,NA,"broad,dkfz,muse,sanger",4,COSN159537,NA,NA,FALSE,0.5938,NA,19,13,NA,NA,NA,Intron,FALSE,FALSE,FALSE,FALSE,2,1,1,1_1,15563a10-47a8-401d-a507-2c7101f7ae60,RPL17P17
3,68344031,68344031,1,snv_mnv,NA,NA,"broad,muse,sanger",3,COSN18985465,NA,AluJb,FALSE,0.4545,NA,5,6,NA,NA,NA,Intron,FALSE,FALSE,FALSE,FALSE,2,1,1,1_1,15563a10-47a8-401d-a507-2c7101f7ae60,NA
3,68660016,68660016,1,snv_mnv,NA,NA,"broad,dkfz,muse,sanger",4,COSN18985483,NA,L2a,FALSE,0.4898,NA,24,25,NA,NA,NA,IGR,FALSE,FALSE,FALSE,FALSE,2,1,1,1_1,15563a10-47a8-401d-a507-2c7101f7ae60,NA
3,69228257,69228257,1,snv_mnv,NA,NA,"broad,dkfz,muse,sanger",4,COSN516318,NA,NA,FALSE,0.5556,NA,20,16,NA,NA,NA,Intron,FALSE,FALSE,FALSE,FALSE,2,1,1,1_1,15563a10-47a8-401d-a507-2c7101f7ae60,NA
3,69615139,69615139,1,snv_mnv,NA,NA,"broad,dkfz,muse,sanger",4,COSN18985513,NA,AluSq2,FALSE,0.6538,NA,17,9,NA,NA,NA,lincRNA,FALSE,FALSE,FALSE,FALSE,2,1,1,1_1,15563a10-47a8-401d-a507-2c7101f7ae60,NA
3,71176892,71176892,1,snv_mnv,NA,NA,"broad,dkfz,muse,sanger",4,COSN18985477,NA,MIRc,FALSE,0.5312,NA,17,15,NA,NA,NA,Intron,FALSE,FALSE,FALSE,FALSE,2,1,1,1_1,15563a10-47a8-401d-a507-2c7101f7ae60,NA
3,71850271,71850271,1,snv_mnv,1.9968e-4,rs535065437,"broad,dkfz,muse,sanger",4,COSN18984814,rs535065437,NA,FALSE,0.1538,NA,4,22,NA,NA,NA,IGR,FALSE,FALSE,FALSE,FALSE,2,1,1,1_1,15563a10-47a8-401d-a507-2c7101f7ae60,NA
3,73642589,73642589,1,snv_mnv,NA,NA,"broad,dkfz,muse,sanger",4,COSN18985467,NA,NA,FALSE,0.35,NA,7,13,NA,NA,NA,Intron,FALSE,FALSE,FALSE,FALSE,2,1,1,1_1,15563a10-47a8-401d-a507-2c7101f7ae60,RNU7-119P
3,73722272,73722272,1,snv_mnv,NA,NA,"broad,dkfz,muse,sanger",4,COSN516321,NA,NA,FALSE,0.3333,NA,8,16,NA,NA,NA,IGR,FALSE,FALSE,FALSE,FALSE,2,1,1,1_1,15563a10-47a8-401d-a507-2c7101f7ae60,NA
3,73735739,73735739,1,snv_mnv,NA,NA,"broad,dkfz,muse,sanger",4,COSN18985476,NA,MIRb,FALSE,0.5758,NA,19,14,NA,NA,NA,IGR,FALSE,FALSE,FALSE,FALSE,2,1,1,1_1,15563a10-47a8-401d-a507-2c7101f7ae60,NA
3,74034857,74034857,1,snv_mnv,NA,NA,"broad,dkfz,muse,sanger",4,COSN18985455,NA,MIRb,FALSE,0.2973,NA,11,26,NA,NA,NA,IGR,FALSE,FALSE,FALSE,FALSE,2,1,1,1_1,15563a10-47a8-401d-a507-2c7101f7ae60,NA
3,74106623,74106623,1,snv_mnv,NA,NA,"broad,dkfz,muse,sanger",4,COSN516322,NA,NA,FALSE,0.4643,NA,13,15,NA,NA,NA,IGR,FALSE,FALSE,FALSE,FALSE,2,1,1,1_1,15563a10-47a8-401d-a507-2c7101f7ae60,NA
3,77827743,77827743,1,snv_mnv,NA,NA,"broad,dkfz,muse,sanger",4,COSN516339,NA,NA,FALSE,0.6364,NA,21,12,NA,NA,NA,IGR,FALSE,FALSE,FALSE,FALSE,2,1,1,1_1,15563a10-47a8-401d-a507-2c7101f7ae60,NA
3,78769812,78769812,1,snv_mnv,NA,NA,"broad,muse,sanger",3,COSN18985536,NA,L1PA5,FALSE,0.5,NA,15,15,NA,NA,NA,Intron,FALSE,FALSE,FALSE,FALSE,2,1,1,1_1,15563a10-47a8-401d-a507-2c7101f7ae60,NA
3,79638531,79638531,1,snv_mnv,NA,NA,"broad,dkfz,muse,sanger",4,COSN516353,NA,NA,FALSE,0.5,NA,15,15,NA,NA,NA,Intron,FALSE,FALSE,FALSE,FALSE,2,1,1,1_1,15563a10-47a8-401d-a507-2c7101f7ae60,NA
3,79953714,79953714,1,snv_mnv,NA,NA,"broad,dkfz,muse,sanger",4,COSN516356,NA,NA,FALSE,0.4857,NA,17,18,NA,NA,NA,IGR,FALSE,FALSE,FALSE,FALSE,2,1,1,1_1,15563a10-47a8-401d-a507-2c7101f7ae60,NA
3,80239800,80239800,1,snv_mnv,NA,NA,"broad,dkfz,muse,sanger",4,COSN18985514,NA,L1MEg1,FALSE,0.5263,NA,20,18,NA,NA,NA,IGR,FALSE,FALSE,FALSE,FALSE,2,1,1,1_1,15563a10-47a8-401d-a507-2c7101f7ae60,NA
3,81092793,81092793,1,snv_mnv,NA,NA,"broad,dkfz,muse,sanger",4,COSN516359,NA,NA,FALSE,0.3438,NA,11,21,NA,NA,NA,lincRNA,FALSE,FALSE,FALSE,FALSE,2,1,1,1_1,15563a10-47a8-401d-a507-2c7101f7ae60,NA
3,83028061,83028061,1,snv_mnv,NA,NA,"broad,dkfz,muse,sanger",4,COSN516363,NA,NA,FALSE,0.4375,NA,14,18,NA,NA,NA,IGR,FALSE,FALSE,FALSE,FALSE,2,1,1,1_1,15563a10-47a8-401d-a507-2c7101f7ae60,NA
3,83317946,83317946,1,snv_mnv,NA,NA,"broad,dkfz,muse,sanger",4,COSN18985515,NA,L1PA16,FALSE,0.4595,NA,17,20,NA,NA,NA,IGR,FALSE,FALSE,FALSE,FALSE,2,1,1,1_1,15563a10-47a8-401d-a507-2c7101f7ae60,NA
3,83378807,83378807,1,snv_mnv,NA,NA,"broad,dkfz,muse,sanger",4,COSN18985534,NA,LTR40A1,FALSE,0.5312,NA,17,15,NA,NA,NA,IGR,FALSE,FALSE,FALSE,FALSE,2,1,1,1_1,15563a10-47a8-401d-a507-2c7101f7ae60,NA
3,84860851,84860851,1,snv_mnv,NA,NA,"broad,dkfz,muse,sanger",4,COSN18985517,NA,L1PA5,FALSE,0.5278,NA,19,17,NA,NA,NA,lincRNA,FALSE,FALSE,FALSE,FALSE,2,1,1,1_1,15563a10-47a8-401d-a507-2c7101f7ae60,NA
3,85493400,85493400,1,snv_mnv,NA,NA,"broad,dkfz,muse,sanger",4,COSN18985508,NA,L2a,FALSE,0.5,NA,11,11,NA,NA,NA,Intron,FALSE,FALSE,FALSE,FALSE,2,1,1,1_1,15563a10-47a8-401d-a507-2c7101f7ae60,NA
3,85656857,85656857,1,snv_mnv,NA,NA,"broad,dkfz,muse,sanger",4,COSN18985523,NA,AluSg,FALSE,0.6667,NA,14,7,NA,NA,NA,Intron,FALSE,FALSE,FALSE,FALSE,2,1,1,1_1,15563a10-47a8-401d-a507-2c7101f7ae60,NA
3,86195228,86195228,1,snv_mnv,NA,NA,"broad,dkfz,muse,sanger",4,COSN18985463,NA,L2a,FALSE,0.3889,NA,7,11,NA,NA,NA,IGR,FALSE,FALSE,FALSE,FALSE,2,1,1,1_1,15563a10-47a8-401d-a507-2c7101f7ae60,NA
3,86366805,86366805,1,snv_mnv,NA,NA,"broad,dkfz,muse,sanger",4,COSN18985484,NA,L2a,FALSE,0.4483,NA,13,16,NA,NA,NA,IGR,FALSE,FALSE,FALSE,FALSE,2,1,1,1_1,15563a10-47a8-401d-a507-2c7101f7ae60,NA
3,87528384,87528384,1,snv_mnv,NA,NA,"broad,dkfz,muse,sanger",4,COSN516381,NA,NA,FALSE,0.2857,NA,4,10,NA,NA,NA,IGR,FALSE,FALSE,FALSE,FALSE,2,1,1,1_1,15563a10-47a8-401d-a507-2c7101f7ae60,NA
3,89238790,89238790,1,snv_mnv,NA,NA,"broad,dkfz,muse,sanger",4,COSN516382,NA,NA,FALSE,0.48,NA,12,13,NA,NA,NA,Intron,FALSE,FALSE,FALSE,FALSE,2,1,1,1_1,15563a10-47a8-401d-a507-2c7101f7ae60,NA
3,89647879,89647879,1,snv_mnv,NA,NA,"broad,dkfz,muse,sanger",4,COSN18985487,NA,ERVL-E-int,FALSE,0.3333,NA,15,30,NA,NA,NA,IGR,FALSE,FALSE,FALSE,FALSE,2,1,1,1_1,15563a10-47a8-401d-a507-2c7101f7ae60,NA
3,89821084,89821084,1,snv_mnv,NA,NA,"dkfz,muse,sanger",3,COSN18985478,NA,THE1B-int,FALSE,0.4615,NA,18,21,NA,NA,NA,IGR,FALSE,FALSE,FALSE,FALSE,2,1,1,1_1,15563a10-47a8-401d-a507-2c7101f7ae60,NA
3,90450681,90450681,1,snv_mnv,NA,NA,"broad,muse",2,COSN18985452,NA,ALR/Alpha,FALSE,0.6562,NA,21,11,NA,NA,NA,IGR,FALSE,FALSE,FALSE,FALSE,2,1,1,1_1,15563a10-47a8-401d-a507-2c7101f7ae60,NA
3,93708923,93708923,1,snv_mnv,NA,NA,"broad,dkfz,muse,sanger",4,COSN18985496,NA,AluSz,FALSE,0.5833,NA,14,10,NA,NA,NA,Intron,FALSE,FALSE,FALSE,FALSE,2,1,1,1_1,15563a10-47a8-401d-a507-2c7101f7ae60,HMGN1P7
3,93981514,93981514,1,snv_mnv,NA,NA,"broad,dkfz,muse,sanger",4,COSN159796,NA,NA,FALSE,0.3929,NA,11,17,NA,NA,NA,IGR,FALSE,FALSE,FALSE,FALSE,2,1,1,1_1,15563a10-47a8-401d-a507-2c7101f7ae60,NA
3,94694875,94694875,1,snv_mnv,1.9968e-4,rs552988409,"broad,dkfz,muse,sanger",4,COSN18985535,rs552988409,L1PBa,FALSE,0.5455,NA,18,15,NA,NA,NA,lincRNA,FALSE,FALSE,FALSE,FALSE,2,1,1,1_1,15563a10-47a8-401d-a507-2c7101f7ae60,NA
3,94910184,94910184,1,snv_mnv,NA,NA,"broad,dkfz,sanger",3,COSN516388,NA,AluY,FALSE,0.8571,NA,6,1,NA,NA,NA,IGR,FALSE,FALSE,FALSE,FALSE,2,1,1,1_1,15563a10-47a8-401d-a507-2c7101f7ae60,NA
3,95256505,95256505,1,snv_mnv,NA,NA,"broad,dkfz,muse,sanger",4,COSN18985486,NA,L1M2,FALSE,0.5294,NA,18,16,NA,NA,NA,IGR,FALSE,FALSE,FALSE,FALSE,2,1,1,1_1,15563a10-47a8-401d-a507-2c7101f7ae60,NA
3,95804917,95804917,1,snv_mnv,NA,NA,"broad,dkfz,muse,sanger",4,COSN18985509,NA,MER57C2,FALSE,0.5714,NA,24,18,NA,NA,NA,IGR,FALSE,FALSE,FALSE,FALSE,2,1,1,1_1,15563a10-47a8-401d-a507-2c7101f7ae60,NA
3,97112766,97112766,1,snv_mnv,NA,NA,"broad,dkfz,muse,sanger",4,COSN18985457,NA,L1MA6,FALSE,0.4773,NA,21,23,NA,NA,NA,Intron,FALSE,FALSE,FALSE,FALSE,2,1,1,1_1,15563a10-47a8-401d-a507-2c7101f7ae60,NA
3,99265280,99265280,1,snv_mnv,NA,NA,"broad,dkfz,muse,sanger",4,COSN516397,NA,NA,FALSE,0.619,NA,13,8,NA,NA,NA,IGR,FALSE,FALSE,FALSE,FALSE,2,1,1,1_1,15563a10-47a8-401d-a507-2c7101f7ae60,NA
3,99922230,99922230,1,snv_mnv,NA,NA,"broad,dkfz,muse,sanger",4,COSN18985471,NA,BLACKJACK,FALSE,0.3784,NA,14,23,NA,NA,NA,IGR,FALSE,FALSE,FALSE,FALSE,2,1,1,1_1,15563a10-47a8-401d-a507-2c7101f7ae60,NA
3,100795523,100795523,1,snv_mnv,NA,NA,"broad,muse,sanger",3,COSN18985497,NA,L1PA4,FALSE,0.5714,NA,12,9,NA,NA,NA,IGR,FALSE,FALSE,FALSE,FALSE,2,1,1,1_1,15563a10-47a8-401d-a507-2c7101f7ae60,NA
3,100909030,100909030,1,snv_mnv,NA,NA,"broad,dkfz,muse,sanger",4,COSN18985512,NA,Charlie1a,FALSE,0.3704,NA,10,17,NA,NA,NA,IGR,FALSE,FALSE,FALSE,FALSE,2,1,1,1_1,15563a10-47a8-401d-a507-2c7101f7ae60,NA
3,102439572,102439572,1,snv_mnv,NA,NA,"broad,dkfz,muse,sanger",4,COSN516134,NA,NA,FALSE,0.5926,NA,16,11,NA,NA,NA,IGR,FALSE,FALSE,FALSE,FALSE,2,1,1,1_1,15563a10-47a8-401d-a507-2c7101f7ae60,NA
3,102692608,102692608,1,snv_mnv,NA,NA,"broad,dkfz,muse,sanger",4,COSN516135,NA,NA,FALSE,0.5926,NA,16,11,NA,NA,NA,IGR,FALSE,FALSE,FALSE,FALSE,2,1,1,1_1,15563a10-47a8-401d-a507-2c7101f7ae60,NA
3,106233277,106233277,1,snv_mnv,NA,NA,"broad,dkfz,muse,sanger",4,COSN516138,NA,NA,FALSE,0.5588,NA,19,15,NA,NA,NA,RNA,FALSE,FALSE,FALSE,FALSE,2,1,1,1_1,15563a10-47a8-401d-a507-2c7101f7ae60,RF00019
3,109807263,109807263,1,snv_mnv,NA,NA,"broad,dkfz,muse,sanger",4,COSN516145,NA,NA,FALSE,0.4211,NA,8,11,NA,NA,NA,IGR,FALSE,FALSE,FALSE,FALSE,2,1,1,1_1,15563a10-47a8-401d-a507-2c7101f7ae60,NA
3,110841956,110841956,1,snv_mnv,1.9968e-4,rs535079049,"broad,dkfz,muse,sanger",4,COSN516147,rs535079049,NA,FALSE,0.4286,NA,9,12,NA,NA,NA,Intron,FALSE,FALSE,FALSE,FALSE,2,1,1,1_1,15563a10-47a8-401d-a507-2c7101f7ae60,NECTIN3
3,113518863,113518863,1,snv_mnv,NA,NA,"broad,dkfz,muse,sanger",4,COSN18985461,NA,AluSx3,FALSE,0.4375,NA,7,9,NA,NA,NA,Intron,FALSE,FALSE,FALSE,FALSE,2,1,1,1_1,15563a10-47a8-401d-a507-2c7101f7ae60,ATP6V1A
3,115671105,115671105,1,snv_mnv,NA,NA,"broad,muse,sanger",3,COSN18985531,NA,L1PB2,FALSE,0.1515,NA,5,28,NA,NA,NA,Intron,FALSE,FALSE,FALSE,FALSE,2,1,1,1_1,15563a10-47a8-401d-a507-2c7101f7ae60,NA
3,116146620,116146620,1,snv_mnv,NA,NA,"broad,dkfz,muse,sanger",4,COSN516150,NA,NA,FALSE,0.4,NA,8,12,NA,NA,NA,Intron,FALSE,FALSE,FALSE,FALSE,2,1,1,1_1,15563a10-47a8-401d-a507-2c7101f7ae60,NA
3,117899411,117899411,1,snv_mnv,NA,NA,"dkfz,muse",2,COSN18985492,NA,NA,FALSE,0.303,NA,10,23,NA,NA,NA,lincRNA,FALSE,FALSE,FALSE,FALSE,2,1,1,1_1,15563a10-47a8-401d-a507-2c7101f7ae60,NA
3,119448984,119448984,1,snv_mnv,NA,NA,"broad,dkfz,muse,sanger",4,COSN516156,NA,NA,FALSE,0.2903,NA,9,22,NA,NA,NA,Intron,FALSE,FALSE,FALSE,FALSE,2,1,1,1_1,15563a10-47a8-401d-a507-2c7101f7ae60,MAATS1
3,122429269,122429269,1,snv_mnv,NA,NA,"broad,dkfz,muse,sanger",4,COSN18985537,rs756766879,L1PB2,FALSE,0.5625,NA,18,14,NA,NA,NA,Intron,FALSE,FALSE,FALSE,FALSE,2,1,1,1_1,15563a10-47a8-401d-a507-2c7101f7ae60,NA
3,122720919,122720919,1,snv_mnv,NA,NA,"broad,dkfz,muse,sanger",4,COSN516163,NA,NA,FALSE,0.4444,NA,16,20,NA,NA,NA,Intron,FALSE,FALSE,FALSE,FALSE,2,1,1,1_1,15563a10-47a8-401d-a507-2c7101f7ae60,NA
3,127523468,127523468,1,snv_mnv,NA,NA,"broad,dkfz,muse,sanger",4,COSN516172,NA,NA,FALSE,0.5385,NA,14,12,NA,NA,NA,Intron,FALSE,FALSE,FALSE,FALSE,2,1,1,1_1,15563a10-47a8-401d-a507-2c7101f7ae60,NA
3,129084964,129084964,1,snv_mnv,NA,NA,"broad,dkfz,muse,sanger",4,COSN18985462,NA,NA,FALSE,0.4286,NA,6,8,NA,NA,NA,IGR,FALSE,FALSE,FALSE,FALSE,2,1,1,1_1,15563a10-47a8-401d-a507-2c7101f7ae60,NA
3,132758658,132758658,1,snv_mnv,NA,NA,"broad,dkfz,muse,sanger",4,COSN516176,NA,NA,FALSE,0.5,NA,16,16,NA,NA,NA,Intron,FALSE,FALSE,FALSE,FALSE,2,1,1,1_1,15563a10-47a8-401d-a507-2c7101f7ae60,"TMEM108,AC079942.1"
3,132832181,132832181,1,snv_mnv,NA,NA,"broad,dkfz,muse,sanger",4,COSN18985522,NA,Tigger9b,FALSE,0.4857,NA,17,18,NA,NA,NA,Intron,FALSE,FALSE,FALSE,FALSE,2,1,1,1_1,15563a10-47a8-401d-a507-2c7101f7ae60,NA
3,136796705,136796705,1,snv_mnv,NA,NA,"broad,dkfz,muse,sanger",4,COSN18985493,NA,L2c,FALSE,0.4828,NA,14,15,NA,NA,NA,IGR,FALSE,FALSE,FALSE,FALSE,2,1,1,1_1,15563a10-47a8-401d-a507-2c7101f7ae60,NA
3,136919860,136919860,1,snv_mnv,NA,NA,"broad,dkfz,muse,sanger",4,COSN516181,NA,NA,FALSE,0.5526,NA,21,17,NA,NA,NA,IGR,FALSE,FALSE,FALSE,FALSE,2,1,1,1_1,15563a10-47a8-401d-a507-2c7101f7ae60,NA
3,137850574,137850574,1,snv_mnv,NA,NA,"broad,dkfz,muse,sanger",4,COSN18985495,NA,L1M5,FALSE,0.4545,NA,15,18,NA,NA,NA,Intron,FALSE,FALSE,FALSE,FALSE,2,1,1,1_1,15563a10-47a8-401d-a507-2c7101f7ae60,NA
3,139671585,139671585,1,snv_mnv,NA,NA,"broad,dkfz,muse,sanger",4,COSN516187,NA,NA,FALSE,0.4643,NA,13,15,NA,NA,NA,Intron,FALSE,FALSE,FALSE,FALSE,2,1,1,1_1,15563a10-47a8-401d-a507-2c7101f7ae60,NA
3,144739388,144739388,1,snv_mnv,NA,NA,"broad,dkfz,muse,sanger",4,COSN516191,NA,NA,FALSE,0.3704,NA,10,17,NA,NA,NA,IGR,FALSE,FALSE,FALSE,FALSE,2,1,1,1_1,15563a10-47a8-401d-a507-2c7101f7ae60,NA
3,146424616,146424616,1,snv_mnv,NA,NA,"broad,dkfz,muse,sanger",4,COSN18985490,NA,Tigger1,FALSE,0.5,NA,17,17,NA,NA,NA,IGR,FALSE,FALSE,FALSE,FALSE,2,1,1,1_1,15563a10-47a8-401d-a507-2c7101f7ae60,NA
3,147173347,147173347,1,snv_mnv,NA,NA,"broad,dkfz,muse,sanger",4,COSN516199,NA,NA,FALSE,0.4167,NA,10,14,NA,NA,NA,Intron,FALSE,FALSE,FALSE,FALSE,2,1,1,1_1,15563a10-47a8-401d-a507-2c7101f7ae60,NA
3,150011499,150011499,1,snv_mnv,NA,NA,"broad,dkfz,muse,sanger",4,COSN516201,NA,NA,FALSE,0.375,NA,15,25,NA,NA,NA,IGR,FALSE,FALSE,FALSE,FALSE,2,1,1,1_1,15563a10-47a8-401d-a507-2c7101f7ae60,NA
3,151443982,151443982,1,snv_mnv,NA,NA,"broad,dkfz,muse,sanger",4,COSN18985454,NA,L1MB4,FALSE,0.4167,NA,15,21,NA,NA,NA,IGR,FALSE,FALSE,FALSE,FALSE,2,1,1,1_1,15563a10-47a8-401d-a507-2c7101f7ae60,NA
3,152210942,152210942,1,snv_mnv,NA,NA,"broad,dkfz,muse,sanger",4,COSN516202,NA,NA,FALSE,0.48,NA,12,13,NA,NA,NA,RNA,FALSE,FALSE,FALSE,FALSE,2,1,1,1_1,15563a10-47a8-401d-a507-2c7101f7ae60,NA
3,154776662,154776662,1,snv_mnv,NA,NA,"broad,dkfz,muse,sanger",4,COSN516205,NA,NA,FALSE,0.4375,NA,14,18,NA,NA,NA,Intron,FALSE,FALSE,FALSE,FALSE,2,1,1,1_1,15563a10-47a8-401d-a507-2c7101f7ae60,NA
3,160742132,160742132,1,snv_mnv,NA,NA,"broad,dkfz,muse,sanger",4,COSN18985456,NA,L1M4c,FALSE,0.3462,NA,9,17,NA,NA,NA,Intron,FALSE,FALSE,FALSE,FALSE,2,1,1,1_1,15563a10-47a8-401d-a507-2c7101f7ae60,PPM1L
3,160808784,160808784,1,snv_mnv,NA,NA,"broad,dkfz,muse,sanger",4,COSN18985466,NA,AluJb,FALSE,0.6207,NA,18,11,NA,NA,NA,Intron,FALSE,FALSE,FALSE,FALSE,2,1,1,1_1,15563a10-47a8-401d-a507-2c7101f7ae60,NA
3,161204298,161204298,1,snv_mnv,NA,NA,"broad,dkfz,muse,sanger",4,COSN516210,NA,NA,FALSE,0.4412,NA,15,19,NA,NA,NA,IGR,FALSE,FALSE,FALSE,FALSE,2,1,1,1_1,15563a10-47a8-401d-a507-2c7101f7ae60,NA
3,162014573,162014573,1,snv_mnv,NA,NA,"broad,dkfz,muse,sanger",4,COSN516213,NA,NA,FALSE,0.7,NA,28,12,NA,NA,NA,IGR,FALSE,FALSE,FALSE,FALSE,2,1,1,1_1,15563a10-47a8-401d-a507-2c7101f7ae60,NA
3,163660051,163660051,1,snv_mnv,NA,NA,"broad,dkfz,muse,sanger",4,COSN18985524,NA,L1PA5,FALSE,0.5116,NA,22,21,NA,NA,NA,IGR,FALSE,FALSE,FALSE,FALSE,2,1,1,1_1,15563a10-47a8-401d-a507-2c7101f7ae60,NA
3,163837642,163837642,1,snv_mnv,NA,NA,"broad,dkfz,muse,sanger",4,COSN516217,NA,NA,FALSE,0.4688,NA,15,17,NA,NA,NA,IGR,FALSE,FALSE,FALSE,FALSE,2,1,1,1_1,15563a10-47a8-401d-a507-2c7101f7ae60,NA
3,164724320,164724320,1,snv_mnv,NA,NA,"broad,dkfz,muse,sanger",4,COSN516220,NA,L2b,FALSE,0.8182,NA,18,4,NA,NA,NA,Intron,FALSE,FALSE,FALSE,FALSE,2,1,1,1_1,15563a10-47a8-401d-a507-2c7101f7ae60,NA
3,164936164,164936164,1,snv_mnv,NA,NA,"broad,dkfz,muse,sanger",4,COSN516221,NA,NA,FALSE,0.5517,NA,16,13,NA,NA,NA,IGR,FALSE,FALSE,FALSE,FALSE,2,1,1,1_1,15563a10-47a8-401d-a507-2c7101f7ae60,NA
3,164936165,164936165,1,snv_mnv,NA,NA,"broad,dkfz,muse,sanger",4,COSN516222,NA,NA,FALSE,0.5667,NA,17,13,NA,NA,NA,IGR,FALSE,FALSE,FALSE,FALSE,2,1,1,1_1,15563a10-47a8-401d-a507-2c7101f7ae60,NA
3,165077911,165077911,1,snv_mnv,NA,NA,"broad,dkfz,muse,sanger",4,COSN18985530,NA,MLT1J2,FALSE,0.5,NA,18,18,NA,NA,NA,IGR,FALSE,FALSE,FALSE,FALSE,2,1,1,1_1,15563a10-47a8-401d-a507-2c7101f7ae60,NA
3,167992439,167992439,1,snv_mnv,NA,NA,"broad,dkfz,muse,sanger",4,COSN18985532,NA,L2b,FALSE,0.4516,NA,14,17,NA,NA,NA,IGR,FALSE,FALSE,FALSE,FALSE,2,1,1,1_1,15563a10-47a8-401d-a507-2c7101f7ae60,NA
3,168964599,168964599,1,snv_mnv,NA,NA,"broad,dkfz,muse,sanger",4,COSN18985481,NA,AluSg,FALSE,0.7059,NA,24,10,NA,NA,NA,Intron,FALSE,FALSE,FALSE,FALSE,3,2,1,2_1,15563a10-47a8-401d-a507-2c7101f7ae60,NA
3,170705377,170705377,1,snv_mnv,NA,NA,"broad,dkfz,muse,sanger",4,COSN18985506,NA,Charlie2a,FALSE,0.56,NA,28,22,NA,NA,NA,IGR,FALSE,FALSE,FALSE,FALSE,3,2,1,2_1,15563a10-47a8-401d-a507-2c7101f7ae60,NA
3,172623093,172623093,1,snv_mnv,NA,NA,"broad,dkfz,muse,sanger",4,COSN159634,NA,NA,FALSE,0.5161,NA,16,15,NA,NA,NA,Intron,FALSE,FALSE,FALSE,FALSE,2,1,1,1_1,15563a10-47a8-401d-a507-2c7101f7ae60,NA
3,174220616,174220616,1,snv_mnv,NA,NA,"broad,dkfz,muse,sanger",4,COSN18985507,NA,AluSg,FALSE,0.65,NA,13,7,NA,NA,NA,IGR,FALSE,FALSE,FALSE,FALSE,2,1,1,1_1,15563a10-47a8-401d-a507-2c7101f7ae60,NA
3,174789341,174789341,1,snv_mnv,NA,NA,"broad,dkfz,muse,sanger",4,COSN516243,NA,NA,FALSE,0.5,NA,13,13,NA,NA,NA,Intron,FALSE,FALSE,FALSE,FALSE,2,1,1,1_1,15563a10-47a8-401d-a507-2c7101f7ae60,NA
3,174988036,174988036,1,snv_mnv,NA,NA,"broad,dkfz,muse,sanger",4,COSN516244,NA,NA,FALSE,0.3929,NA,11,17,NA,NA,NA,Intron,FALSE,FALSE,FALSE,FALSE,2,1,1,1_1,15563a10-47a8-401d-a507-2c7101f7ae60,NA
3,178464036,178464036,1,snv_mnv,NA,NA,"broad,dkfz,muse,sanger",4,COSN18985480,NA,THE1B-int,FALSE,0.3846,NA,10,16,NA,NA,NA,Intron,FALSE,FALSE,FALSE,FALSE,2,1,1,1_1,15563a10-47a8-401d-a507-2c7101f7ae60,KCNMB2-AS1
3,182902257,182902257,1,snv_mnv,NA,NA,"broad,dkfz,muse,sanger",4,COSN516252,NA,NA,FALSE,0.4474,NA,17,21,NA,NA,NA,Intron,FALSE,FALSE,FALSE,FALSE,2,1,1,1_1,15563a10-47a8-401d-a507-2c7101f7ae60,MCF2L2
3,185061619,185061619,1,snv_mnv,NA,NA,"broad,dkfz,muse,sanger",4,COSN18985518,NA,X3_LINE,FALSE,0.5,NA,15,15,NA,NA,NA,Intron,FALSE,FALSE,FALSE,FALSE,2,1,1,1_1,15563a10-47a8-401d-a507-2c7101f7ae60,NA
3,192059111,192059111,1,snv_mnv,NA,NA,"broad,dkfz,muse,sanger",4,COSN18985525,NA,Arthur1,FALSE,0.4444,NA,12,15,NA,NA,NA,Intron,FALSE,FALSE,FALSE,FALSE,2,1,1,1_1,15563a10-47a8-401d-a507-2c7101f7ae60,NA
3,192277302,192277302,1,snv_mnv,NA,NA,"broad,dkfz,muse,sanger",4,COSN18985485,NA,L1MC1,FALSE,0.3636,NA,16,28,NA,NA,NA,Intron,FALSE,FALSE,FALSE,FALSE,2,1,1,1_1,15563a10-47a8-401d-a507-2c7101f7ae60,NA
3,194119354,194119354,1,snv_mnv,NA,NA,"broad,dkfz,muse,sanger",4,COSN15852438,NA,NA,FALSE,0.4828,NA,14,15,NA,NA,NA,Intron,FALSE,FALSE,FALSE,FALSE,2,1,1,1_1,15563a10-47a8-401d-a507-2c7101f7ae60,"ATP13A3,GP5"
4,2125670,2125670,1,snv_mnv,NA,NA,"broad,dkfz,muse,sanger",4,COSN18985777,NA,L1MB7,FALSE,0.6522,NA,15,8,NA,NA,NA,Intron,FALSE,FALSE,FALSE,FALSE,2,1,1,1_1,15563a10-47a8-401d-a507-2c7101f7ae60,NA
4,5281641,5281641,1,snv_mnv,NA,NA,"broad,muse,sanger",3,COSN18985790,NA,MSTA-int,FALSE,0.3571,NA,5,9,NA,NA,NA,Intron,FALSE,FALSE,FALSE,FALSE,2,1,1,1_1,15563a10-47a8-401d-a507-2c7101f7ae60,NA
4,11652933,11652933,1,snv_mnv,NA,NA,"broad,dkfz,muse,sanger",4,COSN516419,NA,NA,FALSE,0.5625,NA,18,14,NA,NA,NA,IGR,FALSE,FALSE,FALSE,FALSE,2,1,1,1_1,15563a10-47a8-401d-a507-2c7101f7ae60,NA
4,17885484,17885484,1,snv_mnv,NA,NA,"broad,dkfz,muse,sanger",4,COSM5416254,NA,NA,FALSE,0.2667,NA,8,22,NA,NA,NA,Silent,FALSE,FALSE,FALSE,FALSE,2,1,1,1_1,15563a10-47a8-401d-a507-2c7101f7ae60,NA
4,18578478,18578478,1,snv_mnv,NA,NA,"broad,dkfz,muse,sanger",4,COSN18985782,NA,L1ME2,FALSE,0.5,NA,11,11,NA,NA,NA,IGR,FALSE,FALSE,FALSE,FALSE,2,1,1,1_1,15563a10-47a8-401d-a507-2c7101f7ae60,NA
4,19738012,19738012,1,snv_mnv,NA,NA,"broad,dkfz,muse,sanger",4,COSN18985823,rs555245216,THE1B,FALSE,0.5152,NA,17,16,NA,NA,NA,lincRNA,FALSE,FALSE,FALSE,FALSE,2,1,1,1_1,15563a10-47a8-401d-a507-2c7101f7ae60,NA
4,19963341,19963341,1,snv_mnv,NA,NA,"broad,dkfz,muse,sanger",4,COSN516569,NA,NA,FALSE,0.36,NA,9,16,NA,NA,NA,IGR,FALSE,FALSE,FALSE,FALSE,2,1,1,1_1,15563a10-47a8-401d-a507-2c7101f7ae60,NA
4,20460906,20460906,1,snv_mnv,NA,NA,"dkfz,sanger",2,COSN516570,NA,NA,FALSE,0.4667,NA,14,16,NA,NA,NA,Intron,FALSE,FALSE,FALSE,FALSE,2,1,1,1_1,15563a10-47a8-401d-a507-2c7101f7ae60,NA
4,20588689,20588689,1,snv_mnv,NA,NA,"broad,dkfz,muse,sanger",4,COSN18985771,rs753150498,AluSq2,FALSE,0.4,NA,6,9,NA,NA,NA,Intron,FALSE,FALSE,FALSE,FALSE,2,1,1,1_1,15563a10-47a8-401d-a507-2c7101f7ae60,NA
4,20935291,20935291,1,snv_mnv,NA,NA,"broad,dkfz,muse,sanger",4,COSN516574,NA,NA,FALSE,0.4884,NA,21,22,NA,NA,NA,Intron,FALSE,FALSE,FALSE,FALSE,2,1,1,1_1,15563a10-47a8-401d-a507-2c7101f7ae60,NA
4,21881323,21881323,1,snv_mnv,NA,NA,"broad,dkfz,muse,sanger",4,COSN18985778,NA,L1ME4a,FALSE,0.3929,NA,11,17,NA,NA,NA,Intron,FALSE,FALSE,FALSE,FALSE,2,1,1,1_1,15563a10-47a8-401d-a507-2c7101f7ae60,NA
4,21898945,21898945,1,snv_mnv,NA,NA,"broad,dkfz,muse,sanger",4,COSN159629,NA,NA,FALSE,0.4286,NA,6,8,NA,NA,NA,Intron,FALSE,FALSE,FALSE,FALSE,2,1,1,1_1,15563a10-47a8-401d-a507-2c7101f7ae60,NA
4,21936852,21936852,1,snv_mnv,NA,NA,"broad,dkfz,muse,sanger",4,COSN516579,NA,NA,FALSE,0.6538,NA,17,9,NA,NA,NA,Intron,FALSE,FALSE,FALSE,FALSE,2,1,1,1_1,15563a10-47a8-401d-a507-2c7101f7ae60,NA
4,23113619,23113619,1,snv_mnv,NA,NA,"broad,dkfz,muse,sanger",4,COSN18985766,NA,HAL1,FALSE,0.5455,NA,18,15,NA,NA,NA,lincRNA,FALSE,FALSE,FALSE,FALSE,2,1,1,1_1,15563a10-47a8-401d-a507-2c7101f7ae60,NA
4,23590398,23590398,1,snv_mnv,NA,NA,"broad,dkfz,muse,sanger",4,COSN18985769,NA,MLT1A0,FALSE,0.3438,NA,11,21,NA,NA,NA,RNA,FALSE,FALSE,FALSE,FALSE,2,1,1,1_1,15563a10-47a8-401d-a507-2c7101f7ae60,NA
4,24062456,24062456,1,snv_mnv,NA,NA,"broad,dkfz,muse,sanger",4,COSN18985800,NA,MIRb,FALSE,0.5385,NA,14,12,NA,NA,NA,IGR,FALSE,FALSE,FALSE,FALSE,2,1,1,1_1,15563a10-47a8-401d-a507-2c7101f7ae60,NA
4,27271359,27271359,1,snv_mnv,NA,NA,"broad,dkfz,muse,sanger",4,COSN18985797,NA,L2,FALSE,0.5,NA,10,10,NA,NA,NA,lincRNA,FALSE,FALSE,FALSE,FALSE,2,1,1,1_1,15563a10-47a8-401d-a507-2c7101f7ae60,AC024132.3
4,27788987,27788987,1,snv_mnv,NA,NA,"broad,dkfz,muse,sanger",4,COSN516591,NA,NA,FALSE,0.4,NA,14,21,NA,NA,NA,IGR,FALSE,FALSE,FALSE,FALSE,2,1,1,1_1,15563a10-47a8-401d-a507-2c7101f7ae60,NA
4,31930823,31930823,1,snv_mnv,NA,NA,"broad,dkfz,muse,sanger",4,COSN18985772,NA,LTR8A,FALSE,0.5,NA,11,11,NA,NA,NA,IGR,FALSE,FALSE,FALSE,FALSE,2,1,1,1_1,15563a10-47a8-401d-a507-2c7101f7ae60,NA
4,32101992,32101992,1,snv_mnv,NA,NA,"broad,dkfz,muse,sanger",4,COSN516607,NA,NA,FALSE,0.6154,NA,16,10,NA,NA,NA,lincRNA,FALSE,FALSE,FALSE,FALSE,2,1,1,1_1,15563a10-47a8-401d-a507-2c7101f7ae60,NA
4,32624571,32624571,1,snv_mnv,NA,NA,"broad,dkfz,muse,sanger",4,COSN15545594,NA,LTR52-int,FALSE,0.5769,NA,15,11,NA,NA,NA,IGR,FALSE,FALSE,FALSE,FALSE,2,1,1,1_1,15563a10-47a8-401d-a507-2c7101f7ae60,NA
4,33523522,33523522,1,snv_mnv,NA,NA,"broad,dkfz,muse,sanger",4,COSN18985842,NA,L1MC3,FALSE,0.3889,NA,14,22,NA,NA,NA,IGR,FALSE,FALSE,FALSE,FALSE,2,1,1,1_1,15563a10-47a8-401d-a507-2c7101f7ae60,NA
4,33537017,33537017,1,snv_mnv,NA,NA,"broad,dkfz,muse,sanger",4,COSN516615,NA,NA,FALSE,0.4324,NA,16,21,NA,NA,NA,RNA,FALSE,FALSE,FALSE,FALSE,2,1,1,1_1,15563a10-47a8-401d-a507-2c7101f7ae60,NA
4,37286712,37286712,1,snv_mnv,NA,NA,"broad,dkfz,muse,sanger",4,COSN516620,NA,NA,FALSE,0.5263,NA,10,9,NA,NA,NA,Intron,FALSE,FALSE,FALSE,FALSE,2,1,1,1_1,15563a10-47a8-401d-a507-2c7101f7ae60,NA
4,41156077,41156077,1,snv_mnv,NA,NA,"broad,dkfz,muse,sanger",4,COSN516623,NA,NA,FALSE,0.3929,NA,11,17,NA,NA,NA,Intron,FALSE,FALSE,FALSE,FALSE,2,1,1,1_1,15563a10-47a8-401d-a507-2c7101f7ae60,NA
4,42832025,42832025,1,snv_mnv,NA,NA,"broad,dkfz,muse,sanger",4,COSN18985837,NA,Tigger4,FALSE,0.4,NA,12,18,NA,NA,NA,IGR,FALSE,FALSE,FALSE,FALSE,2,1,1,1_1,15563a10-47a8-401d-a507-2c7101f7ae60,NA
4,44368256,44368256,1,snv_mnv,NA,NA,"broad,dkfz,muse,sanger",4,COSN516631,NA,NA,FALSE,0.4571,NA,16,19,NA,NA,NA,Intron,FALSE,FALSE,FALSE,FALSE,2,1,1,1_1,15563a10-47a8-401d-a507-2c7101f7ae60,NA
4,45310437,45310437,1,snv_mnv,NA,NA,"broad,dkfz,muse,sanger",4,COSN18985788,NA,L1MC,FALSE,0.3824,NA,13,21,NA,NA,NA,IGR,FALSE,FALSE,FALSE,FALSE,2,1,1,1_1,15563a10-47a8-401d-a507-2c7101f7ae60,NA
4,45636895,45636895,1,snv_mnv,NA,NA,"broad,dkfz,muse,sanger",4,COSN18985783,NA,L1MA3,FALSE,0.4,NA,18,27,NA,NA,NA,IGR,FALSE,FALSE,FALSE,FALSE,2,1,1,1_1,15563a10-47a8-401d-a507-2c7101f7ae60,NA
4,46164400,46164400,1,snv_mnv,NA,NA,"broad,dkfz,muse,sanger",4,COSN516636,NA,NA,FALSE,0.5161,NA,16,15,NA,NA,NA,IGR,FALSE,FALSE,FALSE,FALSE,2,1,1,1_1,15563a10-47a8-401d-a507-2c7101f7ae60,NA
4,47424887,47424887,1,snv_mnv,NA,NA,"broad,dkfz,muse,sanger",4,COSN18985803,NA,L2a,FALSE,0.4483,NA,13,16,NA,NA,NA,Intron,FALSE,FALSE,FALSE,FALSE,2,1,1,1_1,15563a10-47a8-401d-a507-2c7101f7ae60,NA
4,52962403,52962403,1,snv_mnv,NA,NA,"broad,dkfz,muse,sanger",4,COSN516639,NA,NA,FALSE,0.4848,NA,16,17,NA,NA,NA,3'UTR,FALSE,FALSE,FALSE,FALSE,2,1,1,1_1,15563a10-47a8-401d-a507-2c7101f7ae60,SPATA18
4,55160123,55160123,1,snv_mnv,NA,NA,"dkfz,sanger",2,COSN18985839,NA,NA,FALSE,0.2,NA,4,16,NA,NA,NA,Intron,FALSE,FALSE,FALSE,FALSE,2,1,1,1_1,15563a10-47a8-401d-a507-2c7101f7ae60,NA
4,56621941,56621941,1,snv_mnv,NA,NA,"broad,dkfz,muse,sanger",4,COSN516642,rs752577051,NA,FALSE,0.5135,NA,19,18,NA,NA,NA,IGR,FALSE,FALSE,FALSE,FALSE,2,1,1,1_1,15563a10-47a8-401d-a507-2c7101f7ae60,NA
4,58624521,58624521,1,snv_mnv,NA,NA,"broad,dkfz,muse,sanger",4,COSN516645,NA,NA,FALSE,0.381,NA,16,26,NA,NA,NA,IGR,FALSE,FALSE,FALSE,FALSE,2,1,1,1_1,15563a10-47a8-401d-a507-2c7101f7ae60,NA
4,58779470,58779470,1,snv_mnv,NA,NA,"broad,dkfz,muse,sanger",4,COSN516646,NA,NA,FALSE,0.4524,NA,19,23,NA,NA,NA,IGR,FALSE,FALSE,FALSE,FALSE,2,1,1,1_1,15563a10-47a8-401d-a507-2c7101f7ae60,NA
4,59138821,59138821,1,snv_mnv,NA,NA,"broad,dkfz,muse,sanger",4,COSN516648,NA,NA,FALSE,0.4103,NA,16,23,NA,NA,NA,IGR,FALSE,FALSE,FALSE,FALSE,2,1,1,1_1,15563a10-47a8-401d-a507-2c7101f7ae60,NA
4,59814859,59814859,1,snv_mnv,NA,NA,"broad,dkfz,muse,sanger",4,COSN18985765,NA,NA,FALSE,0.25,NA,6,18,NA,NA,NA,lincRNA,FALSE,FALSE,FALSE,FALSE,2,1,1,1_1,15563a10-47a8-401d-a507-2c7101f7ae60,NA
4,60600861,60600861,1,snv_mnv,NA,NA,"broad,dkfz,muse,sanger",4,COSN159786,NA,NA,FALSE,0.5,NA,13,13,NA,NA,NA,IGR,FALSE,FALSE,FALSE,FALSE,2,1,1,1_1,15563a10-47a8-401d-a507-2c7101f7ae60,NA
4,60682160,60682160,1,snv_mnv,NA,NA,"broad,dkfz,muse,sanger",4,COSN18985787,NA,MER20,FALSE,0.5,NA,12,12,NA,NA,NA,IGR,FALSE,FALSE,FALSE,FALSE,2,1,1,1_1,15563a10-47a8-401d-a507-2c7101f7ae60,NA
4,60730186,60730186,1,snv_mnv,NA,NA,"broad,dkfz,muse,sanger",4,COSN18985820,NA,L1MA3,FALSE,0.1935,NA,6,25,NA,NA,NA,IGR,FALSE,FALSE,FALSE,FALSE,2,1,1,1_1,15563a10-47a8-401d-a507-2c7101f7ae60,NA
4,61268066,61268066,1,snv_mnv,NA,NA,"broad,dkfz,muse,sanger",4,COSN18985812,NA,AluY,FALSE,0.5882,NA,10,7,NA,NA,NA,IGR,FALSE,FALSE,FALSE,FALSE,2,1,1,1_1,15563a10-47a8-401d-a507-2c7101f7ae60,NA
4,62290374,62290374,1,snv_mnv,NA,NA,"broad,dkfz,muse,sanger",4,COSN18985838,NA,HERVL18-int,FALSE,0.4783,NA,22,24,NA,NA,NA,Intron,FALSE,FALSE,FALSE,FALSE,2,1,1,1_1,15563a10-47a8-401d-a507-2c7101f7ae60,NA
4,62447762,62447762,1,snv_mnv,NA,NA,"broad,dkfz,muse,sanger",4,COSN516665,NA,NA,FALSE,0.5,NA,12,12,NA,NA,NA,Intron,FALSE,FALSE,FALSE,FALSE,2,1,1,1_1,15563a10-47a8-401d-a507-2c7101f7ae60,NA
4,62545650,62545650,1,snv_mnv,NA,NA,"broad,dkfz,muse,sanger",4,COSN516666,NA,NA,FALSE,0.4138,NA,12,17,NA,NA,NA,Intron,FALSE,FALSE,FALSE,FALSE,2,1,1,1_1,15563a10-47a8-401d-a507-2c7101f7ae60,ADGRL3
4,63459906,63459906,1,snv_mnv,NA,NA,"broad,dkfz,muse,sanger",4,COSN516669,NA,NA,FALSE,0.4839,NA,15,16,NA,NA,NA,RNA,FALSE,FALSE,FALSE,FALSE,2,1,1,1_1,15563a10-47a8-401d-a507-2c7101f7ae60,NA
4,63802700,63802700,1,snv_mnv,NA,NA,"broad,dkfz,muse,sanger",4,COSN18985827,NA,THE1B,FALSE,0.475,NA,19,21,NA,NA,NA,IGR,FALSE,FALSE,FALSE,FALSE,2,1,1,1_1,15563a10-47a8-401d-a507-2c7101f7ae60,NA
4,64373572,64373572,1,snv_mnv,NA,NA,"broad,dkfz,muse,sanger",4,COSN18985762,NA,L1PA8,FALSE,0.3548,NA,11,20,NA,NA,NA,IGR,FALSE,FALSE,FALSE,FALSE,2,1,1,1_1,15563a10-47a8-401d-a507-2c7101f7ae60,NA
4,64930279,64930279,1,snv_mnv,NA,NA,"broad,dkfz,muse,sanger",4,COSN18985835,NA,L2,FALSE,0.4167,NA,15,21,NA,NA,NA,IGR,FALSE,FALSE,FALSE,FALSE,2,1,1,1_1,15563a10-47a8-401d-a507-2c7101f7ae60,NA
4,65242608,65242608,1,snv_mnv,NA,NA,"broad,dkfz,muse,sanger",4,COSN516676,NA,NA,FALSE,0.5714,NA,20,15,NA,NA,NA,Intron,FALSE,FALSE,FALSE,FALSE,2,1,1,1_1,15563a10-47a8-401d-a507-2c7101f7ae60,NA
4,65845295,65845295,1,snv_mnv,NA,NA,"broad,dkfz,muse,sanger",4,COSN516680,NA,NA,FALSE,0.3889,NA,14,22,NA,NA,NA,lincRNA,FALSE,FALSE,FALSE,FALSE,2,1,1,1_1,15563a10-47a8-401d-a507-2c7101f7ae60,NA
4,67035448,67035448,1,snv_mnv,NA,NA,"broad,dkfz,muse,sanger",4,COSN516690,NA,NA,FALSE,0.4583,NA,11,13,NA,NA,NA,IGR,FALSE,FALSE,FALSE,FALSE,2,1,1,1_1,15563a10-47a8-401d-a507-2c7101f7ae60,NA
4,67990177,67990177,1,snv_mnv,NA,NA,"broad,dkfz,muse,sanger",4,COSN18985768,NA,L1M5,FALSE,0.4516,NA,14,17,NA,NA,NA,IGR,FALSE,FALSE,FALSE,FALSE,2,1,1,1_1,15563a10-47a8-401d-a507-2c7101f7ae60,NA
4,70166604,70166604,1,snv_mnv,NA,NA,"broad,dkfz,muse,sanger",4,COSN516693,NA,NA,FALSE,0.4242,NA,14,19,NA,NA,NA,IGR,FALSE,FALSE,FALSE,FALSE,2,1,1,1_1,15563a10-47a8-401d-a507-2c7101f7ae60,NA
4,70912767,70912767,1,snv_mnv,NA,NA,"broad,dkfz,muse",3,COSN18985808,NA,NA,FALSE,0.5789,NA,11,8,NA,NA,NA,IGR,FALSE,FALSE,FALSE,FALSE,2,1,1,1_1,15563a10-47a8-401d-a507-2c7101f7ae60,HTN1
4,73237294,73237294,1,snv_mnv,NA,NA,"broad,dkfz,muse,sanger",4,COSN18985773,NA,L1ME3A,FALSE,0.5238,NA,11,10,NA,NA,NA,Intron,FALSE,FALSE,FALSE,FALSE,2,1,1,1_1,15563a10-47a8-401d-a507-2c7101f7ae60,NA
4,73661082,73661082,1,snv_mnv,NA,NA,"broad,dkfz,muse,sanger",4,COSN516696,NA,NA,FALSE,0.2727,NA,6,16,NA,NA,NA,IGR,FALSE,FALSE,FALSE,FALSE,2,1,1,1_1,15563a10-47a8-401d-a507-2c7101f7ae60,NA
4,74994280,74994280,1,snv_mnv,NA,NA,"broad,dkfz,muse,sanger",4,COSN18985780,NA,L1MA4,FALSE,0.4884,NA,21,22,NA,NA,NA,Intron,FALSE,FALSE,FALSE,FALSE,2,1,1,1_1,15563a10-47a8-401d-a507-2c7101f7ae60,NA
4,78937509,78937509,1,snv_mnv,NA,NA,"broad,dkfz,muse,sanger",4,COSN18985828,NA,L1ME4a,FALSE,0.6154,NA,16,10,NA,NA,NA,IGR,FALSE,FALSE,FALSE,FALSE,2,1,1,1_1,15563a10-47a8-401d-a507-2c7101f7ae60,NA
4,79185884,79185884,1,snv_mnv,NA,NA,"broad,dkfz,muse,sanger",4,COSN18985775,NA,MIR,FALSE,0.5152,NA,17,16,NA,NA,NA,Intron,FALSE,FALSE,FALSE,FALSE,2,1,1,1_1,15563a10-47a8-401d-a507-2c7101f7ae60,NA
4,81084911,81084911,1,snv_mnv,NA,NA,"broad,dkfz,muse,sanger",4,COSN18985824,NA,L1MA8,FALSE,0.5588,NA,19,15,NA,NA,NA,IGR,FALSE,FALSE,FALSE,FALSE,2,1,1,1_1,15563a10-47a8-401d-a507-2c7101f7ae60,RPSAP39
4,81949628,81949628,1,snv_mnv,NA,NA,"broad,dkfz,muse,sanger",4,COSN516700,NA,NA,FALSE,0.55,NA,22,18,NA,NA,NA,5'Flank,FALSE,FALSE,FALSE,FALSE,2,1,1,1_1,15563a10-47a8-401d-a507-2c7101f7ae60,BMP3
4,85877860,85877860,1,snv_mnv,NA,NA,"broad,dkfz,muse,sanger",4,COSN516705,NA,NA,FALSE,0.52,NA,13,12,NA,NA,NA,Intron,FALSE,FALSE,FALSE,FALSE,2,1,1,1_1,15563a10-47a8-401d-a507-2c7101f7ae60,NA
4,93168431,93168431,1,snv_mnv,NA,NA,"broad,muse,sanger",3,COSN18985804,NA,L1ME3A,FALSE,0.44,NA,11,14,NA,NA,NA,IGR,FALSE,FALSE,FALSE,FALSE,2,1,1,1_1,15563a10-47a8-401d-a507-2c7101f7ae60,NA
4,93926539,93926539,1,snv_mnv,NA,NA,"broad,dkfz,muse,sanger",4,COSN18985831,NA,L2a,FALSE,0.5294,NA,18,16,NA,NA,NA,Intron,FALSE,FALSE,FALSE,FALSE,2,1,1,1_1,15563a10-47a8-401d-a507-2c7101f7ae60,NA
4,93971782,93971782,1,snv_mnv,NA,NA,"broad,dkfz,muse,sanger",4,COSN516716,NA,NA,FALSE,0.5769,NA,15,11,NA,NA,NA,Intron,FALSE,FALSE,FALSE,FALSE,2,1,1,1_1,15563a10-47a8-401d-a507-2c7101f7ae60,NA
4,94102794,94102794,1,snv_mnv,NA,NA,"broad,dkfz,muse,sanger",4,COSN18985825,NA,Tigger1,FALSE,0.3889,NA,14,22,NA,NA,NA,Intron,FALSE,FALSE,FALSE,FALSE,2,1,1,1_1,15563a10-47a8-401d-a507-2c7101f7ae60,NA
4,97470432,97470432,1,snv_mnv,NA,NA,"broad,dkfz,muse,sanger",4,COSN516724,NA,NA,FALSE,0.5,NA,17,17,NA,NA,NA,IGR,FALSE,FALSE,FALSE,FALSE,2,1,1,1_1,15563a10-47a8-401d-a507-2c7101f7ae60,NA
4,97727836,97727836,1,snv_mnv,NA,NA,"broad,dkfz,muse,sanger",4,COSN516725,NA,NA,FALSE,0.5,NA,20,20,NA,NA,NA,IGR,FALSE,FALSE,FALSE,FALSE,2,1,1,1_1,15563a10-47a8-401d-a507-2c7101f7ae60,NA
4,97827769,97827769,1,snv_mnv,NA,NA,"dkfz,sanger",2,COSN18985789,NA,L1ME1,FALSE,0.4138,NA,12,17,NA,NA,NA,IGR,FALSE,FALSE,FALSE,FALSE,2,1,1,1_1,15563a10-47a8-401d-a507-2c7101f7ae60,COX7A2P2
4,98298212,98298212,1,snv_mnv,NA,NA,"dkfz,sanger",2,COSN18985784,NA,MLT2D,FALSE,0.4,NA,16,24,NA,NA,NA,Intron,FALSE,FALSE,FALSE,FALSE,2,1,1,1_1,15563a10-47a8-401d-a507-2c7101f7ae60,NA
4,100602641,100602641,1,snv_mnv,NA,NA,"broad,dkfz,muse,sanger",4,COSN516399,NA,NA,FALSE,0.4839,NA,15,16,NA,NA,NA,IGR,FALSE,FALSE,FALSE,FALSE,2,1,1,1_1,15563a10-47a8-401d-a507-2c7101f7ae60,NA
4,101851903,101851903,1,snv_mnv,NA,NA,"broad,dkfz,muse,sanger",4,COSN159780,NA,NA,FALSE,0.7,NA,28,12,NA,NA,NA,IGR,FALSE,FALSE,FALSE,FALSE,2,1,1,1_1,15563a10-47a8-401d-a507-2c7101f7ae60,NA
4,103971232,103971232,1,snv_mnv,NA,NA,"broad,dkfz,muse",3,COSN18985760,NA,NA,FALSE,0.5,NA,13,13,NA,NA,NA,Intron,FALSE,FALSE,FALSE,FALSE,2,1,1,1_1,15563a10-47a8-401d-a507-2c7101f7ae60,NA
4,104299582,104299582,1,snv_mnv,NA,NA,"broad,dkfz,muse,sanger",4,COSN516402,NA,NA,FALSE,0.5714,NA,16,12,NA,NA,NA,lincRNA,FALSE,FALSE,FALSE,FALSE,2,1,1,1_1,15563a10-47a8-401d-a507-2c7101f7ae60,NA
4,106055547,106055547,1,snv_mnv,NA,NA,"broad,dkfz,muse,sanger",4,COSN18984830,NA,Tigger1,FALSE,0.3947,NA,15,23,NA,NA,NA,lincRNA,FALSE,FALSE,FALSE,FALSE,2,1,1,1_1,15563a10-47a8-401d-a507-2c7101f7ae60,AC004069.1
4,108315044,108315044,1,snv_mnv,NA,NA,"broad,dkfz,muse,sanger",4,COSN516406,NA,NA,FALSE,0.4286,NA,15,20,NA,NA,NA,IGR,FALSE,FALSE,FALSE,FALSE,2,1,1,1_1,15563a10-47a8-401d-a507-2c7101f7ae60,NA
4,108844641,108844641,1,snv_mnv,NA,NA,"broad,dkfz,muse",3,COSN18985767,NA,(CA)n,FALSE,0.2333,NA,7,23,NA,NA,NA,RNA,FALSE,FALSE,FALSE,FALSE,2,1,1,1_1,15563a10-47a8-401d-a507-2c7101f7ae60,NA
4,110972739,110972739,1,snv_mnv,NA,NA,"broad,dkfz,muse,sanger",4,COSM96836,NA,NA,FALSE,0.5128,NA,20,19,NA,NA,NA,Missense_Mutation,FALSE,FALSE,FALSE,FALSE,2,1,1,1_1,15563a10-47a8-401d-a507-2c7101f7ae60,ELOVL6
4,115810544,115810544,1,snv_mnv,NA,NA,"broad,muse,sanger",3,COSN516416,NA,NA,FALSE,0.5556,NA,20,16,NA,NA,NA,Intron,FALSE,FALSE,FALSE,FALSE,2,1,1,1_1,15563a10-47a8-401d-a507-2c7101f7ae60,NA
4,118420054,118420054,1,snv_mnv,NA,NA,"broad,dkfz,muse,sanger",4,COSN18985763,NA,L2c,FALSE,0.1538,NA,6,33,NA,NA,NA,lincRNA,FALSE,FALSE,FALSE,FALSE,2,1,1,1_1,15563a10-47a8-401d-a507-2c7101f7ae60,NA
4,118579732,118579732,1,snv_mnv,NA,NA,"broad,dkfz,muse,sanger",4,COSN18985796,NA,L1PA3,FALSE,0.1951,NA,8,33,NA,NA,NA,lincRNA,FALSE,FALSE,FALSE,FALSE,2,1,1,1_1,15563a10-47a8-401d-a507-2c7101f7ae60,LINC01378
4,125046240,125046240,1,snv_mnv,NA,NA,"broad,dkfz,muse,sanger",4,COSN18985819,NA,L1MA5A,FALSE,0.4375,NA,14,18,NA,NA,NA,IGR,FALSE,FALSE,FALSE,FALSE,2,1,1,1_1,15563a10-47a8-401d-a507-2c7101f7ae60,NA
4,126853975,126853975,1,snv_mnv,NA,NA,"dkfz,sanger",2,COSN18985832,NA,L1MA1,FALSE,0.4884,NA,21,22,NA,NA,NA,IGR,FALSE,FALSE,FALSE,FALSE,2,1,1,1_1,15563a10-47a8-401d-a507-2c7101f7ae60,NA
4,127261153,127261153,1,snv_mnv,NA,NA,"broad,dkfz,muse,sanger",4,COSN516433,NA,NA,FALSE,0.5185,NA,14,13,NA,NA,NA,IGR,FALSE,FALSE,FALSE,FALSE,2,1,1,1_1,15563a10-47a8-401d-a507-2c7101f7ae60,NA
4,128101047,128101047,1,snv_mnv,NA,NA,"broad,dkfz,muse,sanger",4,COSN516435,NA,NA,FALSE,0.4348,NA,20,26,NA,NA,NA,lincRNA,FALSE,FALSE,FALSE,FALSE,2,1,1,1_1,15563a10-47a8-401d-a507-2c7101f7ae60,NA
4,128245260,128245260,1,snv_mnv,5.9904e-4,rs540268892,"broad,dkfz,muse,sanger",4,COSN18985785,rs540268892,MSTB,FALSE,0.3333,NA,8,16,NA,NA,NA,lincRNA,FALSE,FALSE,FALSE,FALSE,2,1,1,1_1,15563a10-47a8-401d-a507-2c7101f7ae60,NA
4,130989482,130989482,1,snv_mnv,NA,NA,"broad,dkfz,muse,sanger",4,COSN18985836,NA,MER65C,FALSE,0.44,NA,11,14,NA,NA,NA,IGR,FALSE,FALSE,FALSE,FALSE,2,1,1,1_1,15563a10-47a8-401d-a507-2c7101f7ae60,NA
4,131054273,131054273,1,snv_mnv,NA,NA,"broad,dkfz,muse,sanger",4,COSN18985840,NA,L1PB1,FALSE,0.6364,NA,21,12,NA,NA,NA,IGR,FALSE,FALSE,FALSE,FALSE,2,1,1,1_1,15563a10-47a8-401d-a507-2c7101f7ae60,NA
4,131340228,131340228,1,snv_mnv,NA,NA,"broad,dkfz,muse,sanger",4,COSN18985822,NA,LTR33B,FALSE,0.4333,NA,13,17,NA,NA,NA,IGR,FALSE,FALSE,FALSE,FALSE,2,1,1,1_1,15563a10-47a8-401d-a507-2c7101f7ae60,NA
4,131678118,131678118,1,snv_mnv,NA,NA,"broad,dkfz,muse,sanger",4,COSN18985792,NA,ERVL-B4-int,FALSE,0.5366,NA,22,19,NA,NA,NA,IGR,FALSE,FALSE,FALSE,FALSE,2,1,1,1_1,15563a10-47a8-401d-a507-2c7101f7ae60,NA
4,133107011,133107011,1,snv_mnv,NA,NA,"broad,dkfz,muse,sanger",4,COSN516444,NA,NA,FALSE,0.4615,NA,12,14,NA,NA,NA,IGR,FALSE,FALSE,FALSE,FALSE,2,1,1,1_1,15563a10-47a8-401d-a507-2c7101f7ae60,NA
4,133927131,133927131,1,snv_mnv,NA,NA,"broad,dkfz,muse,sanger",4,COSN18985815,NA,L1MC4a,FALSE,0.475,NA,19,21,NA,NA,NA,IGR,FALSE,FALSE,FALSE,FALSE,2,1,1,1_1,15563a10-47a8-401d-a507-2c7101f7ae60,NA
4,133983356,133983356,1,snv_mnv,NA,NA,"broad,dkfz,muse,sanger",4,COSN516452,NA,NA,FALSE,0.5484,NA,17,14,NA,NA,NA,IGR,FALSE,FALSE,FALSE,FALSE,2,1,1,1_1,15563a10-47a8-401d-a507-2c7101f7ae60,NA
4,134147577,134147577,1,snv_mnv,NA,NA,"broad,dkfz,muse,sanger",4,COSN516453,NA,NA,FALSE,0.5714,NA,16,12,NA,NA,NA,IGR,FALSE,FALSE,FALSE,FALSE,2,1,1,1_1,15563a10-47a8-401d-a507-2c7101f7ae60,NA
4,134280527,134280527,1,snv_mnv,NA,NA,"broad,dkfz,muse,sanger",4,COSN516454,NA,NA,FALSE,0.5556,NA,15,12,NA,NA,NA,IGR,FALSE,FALSE,FALSE,FALSE,2,1,1,1_1,15563a10-47a8-401d-a507-2c7101f7ae60,NA
4,134680899,134680899,1,snv_mnv,NA,NA,"broad,dkfz,muse,sanger",4,COSN18985795,NA,L1PA10,FALSE,0.5,NA,11,11,NA,NA,NA,IGR,FALSE,FALSE,FALSE,FALSE,2,1,1,1_1,15563a10-47a8-401d-a507-2c7101f7ae60,NA
4,136350084,136350084,1,snv_mnv,NA,NA,"broad,dkfz,muse,sanger",4,COSN18985813,NA,L3,FALSE,0.4062,NA,13,19,NA,NA,NA,IGR,FALSE,FALSE,FALSE,FALSE,2,1,1,1_1,15563a10-47a8-401d-a507-2c7101f7ae60,NA
4,136923584,136923584,1,snv_mnv,NA,NA,"broad,dkfz,muse,sanger",4,COSN18985810,NA,Tigger3,FALSE,0.375,NA,15,25,NA,NA,NA,IGR,FALSE,FALSE,FALSE,FALSE,2,1,1,1_1,15563a10-47a8-401d-a507-2c7101f7ae60,AC104136.1
4,137052849,137052849,1,snv_mnv,NA,NA,"broad,dkfz,muse,sanger",4,COSN516461,NA,NA,FALSE,0.4783,NA,11,12,NA,NA,NA,lincRNA,FALSE,FALSE,FALSE,FALSE,2,1,1,1_1,15563a10-47a8-401d-a507-2c7101f7ae60,NA
4,141132578,141132578,1,snv_mnv,NA,NA,"broad,dkfz,muse,sanger",4,COSN18985806,NA,ERV3-16A3_I-int,FALSE,0.375,NA,12,20,NA,NA,NA,IGR,FALSE,FALSE,FALSE,FALSE,2,1,1,1_1,15563a10-47a8-401d-a507-2c7101f7ae60,NA
4,142542097,142542097,1,snv_mnv,NA,NA,"broad,dkfz,muse,sanger",4,COSN18985843,NA,MER4D0,FALSE,0.4737,NA,18,20,NA,NA,NA,IGR,FALSE,FALSE,FALSE,FALSE,2,1,1,1_1,15563a10-47a8-401d-a507-2c7101f7ae60,NA
4,143012542,143012542,1,snv_mnv,NA,NA,"broad,dkfz,muse,sanger",4,COSN516473,NA,NA,FALSE,0.4815,NA,13,14,NA,NA,NA,Intron,FALSE,FALSE,FALSE,FALSE,2,1,1,1_1,15563a10-47a8-401d-a507-2c7101f7ae60,NA
4,149710925,149710925,1,snv_mnv,NA,NA,"broad,dkfz,muse,sanger",4,COSN516482,NA,NA,FALSE,0.5143,NA,18,17,NA,NA,NA,IGR,FALSE,FALSE,FALSE,FALSE,2,1,1,1_1,15563a10-47a8-401d-a507-2c7101f7ae60,NA
4,152859835,152859835,1,snv_mnv,NA,NA,"broad,muse",2,COSN516485,NA,NA,FALSE,0.3913,NA,9,14,NA,NA,NA,lincRNA,FALSE,FALSE,FALSE,FALSE,2,1,1,1_1,15563a10-47a8-401d-a507-2c7101f7ae60,NA
4,154493466,154493466,1,snv_mnv,NA,NA,"broad,dkfz,muse,sanger",4,COSN516487,NA,NA,FALSE,0.5,NA,17,17,NA,NA,NA,Intron,FALSE,FALSE,FALSE,FALSE,2,1,1,1_1,15563a10-47a8-401d-a507-2c7101f7ae60,NA
4,155281352,155281352,1,snv_mnv,NA,NA,"broad,dkfz,muse,sanger",4,COSN18985781,NA,MIRc,FALSE,0.3636,NA,12,21,NA,NA,NA,Intron,FALSE,FALSE,FALSE,FALSE,2,1,1,1_1,15563a10-47a8-401d-a507-2c7101f7ae60,DCHS2
4,157150492,157150492,1,snv_mnv,NA,NA,"broad,dkfz,muse,sanger",4,COSN516491,NA,NA,FALSE,0.6154,NA,24,15,NA,NA,NA,IGR,FALSE,FALSE,FALSE,FALSE,2,1,1,1_1,15563a10-47a8-401d-a507-2c7101f7ae60,NA
4,159000955,159000955,1,snv_mnv,NA,NA,"broad,dkfz,muse,sanger",4,COSN18985801,NA,L1MEc,FALSE,0.4688,NA,15,17,NA,NA,NA,IGR,FALSE,FALSE,FALSE,FALSE,2,1,1,1_1,15563a10-47a8-401d-a507-2c7101f7ae60,NA
4,159485343,159485343,1,snv_mnv,NA,NA,"broad,dkfz,muse,sanger",4,COSN159621,NA,NA,FALSE,0.55,NA,11,9,NA,NA,NA,Intron,FALSE,FALSE,FALSE,FALSE,2,1,1,1_1,15563a10-47a8-401d-a507-2c7101f7ae60,NA
4,161825114,161825114,1,snv_mnv,NA,NA,"broad,dkfz,muse,sanger",4,COSN18985826,NA,L1MEe,FALSE,0.6207,NA,18,11,NA,NA,NA,IGR,FALSE,FALSE,FALSE,FALSE,2,1,1,1_1,15563a10-47a8-401d-a507-2c7101f7ae60,NA
4,163549313,163549313,1,snv_mnv,NA,NA,"broad,dkfz,muse,sanger",4,COSN18985799,rs868402273,L1MA3,FALSE,0.4583,NA,11,13,NA,NA,NA,IGR,FALSE,FALSE,FALSE,FALSE,2,1,1,1_1,15563a10-47a8-401d-a507-2c7101f7ae60,NA
4,163629055,163629055,1,snv_mnv,NA,NA,"broad,dkfz,muse,sanger",4,COSN516510,rs184978868,NA,FALSE,0.6,NA,15,10,NA,NA,NA,IGR,FALSE,FALSE,FALSE,FALSE,2,1,1,1_1,15563a10-47a8-401d-a507-2c7101f7ae60,NA
4,164854181,164854181,1,snv_mnv,NA,NA,"broad,dkfz,muse,sanger",4,COSN516512,NA,NA,FALSE,0.4722,NA,17,19,NA,NA,NA,Intron,FALSE,FALSE,FALSE,FALSE,2,1,1,1_1,15563a10-47a8-401d-a507-2c7101f7ae60,NA
4,165917935,165917935,1,snv_mnv,NA,NA,"broad,muse,sanger",3,COSN18985802,NA,HERVK-int,FALSE,0.3125,NA,10,22,NA,NA,NA,IGR,FALSE,FALSE,FALSE,FALSE,2,1,1,1_1,15563a10-47a8-401d-a507-2c7101f7ae60,NA
4,170743540,170743540,1,snv_mnv,NA,NA,"broad,dkfz,muse,sanger",4,COSN516524,NA,NA,FALSE,0.5789,NA,22,16,NA,NA,NA,IGR,FALSE,FALSE,FALSE,FALSE,2,1,1,1_1,15563a10-47a8-401d-a507-2c7101f7ae60,NA
4,171689102,171689102,1,snv_mnv,NA,NA,"broad,dkfz,muse,sanger",4,COSN18985770,NA,MSTB,FALSE,0.4,NA,8,12,NA,NA,NA,IGR,FALSE,FALSE,FALSE,FALSE,2,1,1,1_1,15563a10-47a8-401d-a507-2c7101f7ae60,NA
4,172160770,172160770,1,snv_mnv,NA,NA,"broad,dkfz,muse,sanger",4,COSN516527,NA,NA,FALSE,0.4483,NA,13,16,NA,NA,NA,IGR,FALSE,FALSE,FALSE,FALSE,2,1,1,1_1,15563a10-47a8-401d-a507-2c7101f7ae60,NA
4,173254913,173254913,1,snv_mnv,NA,NA,"broad,dkfz,muse,sanger",4,COSN18985821,NA,L1MA4A,FALSE,0.4516,NA,14,17,NA,NA,NA,Intron,FALSE,FALSE,FALSE,FALSE,2,1,1,1_1,15563a10-47a8-401d-a507-2c7101f7ae60,NA
4,175361414,175361414,1,snv_mnv,NA,NA,"broad,dkfz,muse,sanger",4,COSN516531,NA,NA,FALSE,0.3333,NA,6,12,NA,NA,NA,IGR,FALSE,FALSE,FALSE,FALSE,2,1,1,1_1,15563a10-47a8-401d-a507-2c7101f7ae60,NA
4,176025364,176025364,1,snv_mnv,NA,NA,"broad,dkfz,muse,sanger",4,COSN18985814,NA,L1ME3F,FALSE,0.4872,NA,19,20,NA,NA,NA,IGR,FALSE,FALSE,FALSE,FALSE,2,1,1,1_1,15563a10-47a8-401d-a507-2c7101f7ae60,NA
4,176348223,176348223,1,snv_mnv,NA,NA,"broad,dkfz,muse,sanger",4,COSN159774,NA,NA,FALSE,0.475,NA,19,21,NA,NA,NA,IGR,FALSE,FALSE,FALSE,FALSE,2,1,1,1_1,15563a10-47a8-401d-a507-2c7101f7ae60,NA
4,176752248,176752248,1,snv_mnv,NA,NA,"broad,dkfz,muse,sanger",4,COSN516532,NA,NA,FALSE,0.439,NA,18,23,NA,NA,NA,Intron,FALSE,FALSE,FALSE,FALSE,2,1,1,1_1,15563a10-47a8-401d-a507-2c7101f7ae60,NA
4,177316301,177316301,1,snv_mnv,NA,NA,"broad,dkfz,muse,sanger",4,COSN516533,NA,NA,FALSE,0.3667,NA,11,19,NA,NA,NA,IGR,FALSE,FALSE,FALSE,FALSE,2,1,1,1_1,15563a10-47a8-401d-a507-2c7101f7ae60,NA
4,179827627,179827627,1,snv_mnv,NA,NA,"broad,dkfz,muse,sanger",4,COSN18985794,NA,L1MEg,FALSE,0.5,NA,16,16,NA,NA,NA,IGR,FALSE,FALSE,FALSE,FALSE,2,1,1,1_1,15563a10-47a8-401d-a507-2c7101f7ae60,NA
4,179921960,179921960,1,snv_mnv,NA,NA,"broad,dkfz,muse,sanger",4,COSN18985779,NA,L1MEd,FALSE,0.4667,NA,14,16,NA,NA,NA,IGR,FALSE,FALSE,FALSE,FALSE,2,1,1,1_1,15563a10-47a8-401d-a507-2c7101f7ae60,NA
4,180546625,180546625,1,snv_mnv,NA,NA,"broad,dkfz,muse,sanger",4,COSN516542,NA,NA,FALSE,0.5263,NA,20,18,NA,NA,NA,IGR,FALSE,FALSE,FALSE,FALSE,2,1,1,1_1,15563a10-47a8-401d-a507-2c7101f7ae60,NA
4,180686844,180686844,1,snv_mnv,NA,NA,"broad,dkfz,muse,sanger",4,COSN159772,NA,NA,FALSE,0.5484,NA,17,14,NA,NA,NA,IGR,FALSE,FALSE,FALSE,FALSE,2,1,1,1_1,15563a10-47a8-401d-a507-2c7101f7ae60,NA
4,180971411,180971411,1,snv_mnv,NA,NA,"broad,dkfz,muse,sanger",4,COSN159771,NA,NA,FALSE,0.6,NA,15,10,NA,NA,NA,IGR,FALSE,FALSE,FALSE,FALSE,2,1,1,1_1,15563a10-47a8-401d-a507-2c7101f7ae60,NA
4,181040856,181040856,1,snv_mnv,NA,NA,"broad,dkfz,muse,sanger",4,COSN516545,NA,NA,FALSE,0.5556,NA,15,12,NA,NA,NA,IGR,FALSE,FALSE,FALSE,FALSE,2,1,1,1_1,15563a10-47a8-401d-a507-2c7101f7ae60,NA
4,181205312,181205312,1,snv_mnv,NA,NA,"broad,dkfz,muse,sanger",4,COSN516546,NA,NA,FALSE,0.4839,NA,15,16,NA,NA,NA,IGR,FALSE,FALSE,FALSE,FALSE,2,1,1,1_1,15563a10-47a8-401d-a507-2c7101f7ae60,NA
4,181365980,181365980,1,snv_mnv,9.984e-4,rs185620429,"broad,dkfz,muse,sanger",4,COSN516548,rs185620429,NA,FALSE,0.2632,NA,10,28,NA,NA,NA,IGR,FALSE,FALSE,FALSE,FALSE,2,1,1,1_1,15563a10-47a8-401d-a507-2c7101f7ae60,NA
4,182829600,182829600,1,snv_mnv,NA,NA,"broad,dkfz,muse,sanger",4,COSN18985761,NA,AT_rich,FALSE,0.4688,NA,15,17,NA,NA,NA,RNA,FALSE,FALSE,FALSE,FALSE,2,1,1,1_1,15563a10-47a8-401d-a507-2c7101f7ae60,CCNHP1
4,183779901,183779901,1,snv_mnv,NA,NA,"broad,dkfz,muse,sanger",4,COSN18985834,NA,AluSx,FALSE,0.4615,NA,12,14,NA,NA,NA,IGR,FALSE,FALSE,FALSE,FALSE,2,1,1,1_1,15563a10-47a8-401d-a507-2c7101f7ae60,NA
4,186852561,186852561,1,snv_mnv,NA,NA,"broad,dkfz,muse,sanger",4,COSN18985818,NA,MER31B,FALSE,0.36,NA,9,16,NA,NA,NA,Intron,FALSE,FALSE,FALSE,FALSE,2,1,1,1_1,15563a10-47a8-401d-a507-2c7101f7ae60,NA
4,189131531,189131531,1,snv_mnv,NA,NA,"broad,dkfz,muse,sanger",4,COSN18984811,NA,L1M5,FALSE,0.3214,NA,9,19,NA,NA,NA,IGR,FALSE,FALSE,FALSE,FALSE,2,1,1,1_1,15563a10-47a8-401d-a507-2c7101f7ae60,NA
4,189358574,189358574,1,snv_mnv,NA,NA,"broad,dkfz,muse,sanger",4,COSN516564,NA,NA,FALSE,0.44,NA,11,14,NA,NA,NA,IGR,FALSE,FALSE,FALSE,FALSE,2,1,1,1_1,15563a10-47a8-401d-a507-2c7101f7ae60,NA
4,189544949,189544949,1,snv_mnv,NA,NA,"broad,dkfz,muse,sanger",4,COSN516566,NA,NA,FALSE,0.5333,NA,16,14,NA,NA,NA,IGR,FALSE,FALSE,FALSE,FALSE,2,1,1,1_1,15563a10-47a8-401d-a507-2c7101f7ae60,NA
5,987218,987218,1,snv_mnv,NA,NA,"broad,dkfz,muse,sanger",4,COSN517210,NA,L1ME3,FALSE,0.5652,NA,13,10,NA,NA,NA,RNA,FALSE,FALSE,FALSE,FALSE,2,1,1,1_1,15563a10-47a8-401d-a507-2c7101f7ae60,AC116351.1
5,2532365,2532365,1,snv_mnv,NA,NA,"broad,dkfz,muse,sanger",4,COSN517007,NA,NA,FALSE,0.4878,NA,20,21,NA,NA,NA,IGR,FALSE,FALSE,FALSE,FALSE,2,1,1,1_1,15563a10-47a8-401d-a507-2c7101f7ae60,NA
5,4345543,4345543,1,snv_mnv,NA,NA,"broad,dkfz,muse,sanger",4,COSN517086,NA,NA,FALSE,0.5556,NA,15,12,NA,NA,NA,IGR,FALSE,FALSE,FALSE,FALSE,2,1,1,1_1,15563a10-47a8-401d-a507-2c7101f7ae60,NA
5,4882246,4882246,1,snv_mnv,NA,NA,"broad,dkfz,muse,sanger",4,COSN517099,NA,LTR53,FALSE,0.4839,NA,15,16,NA,NA,NA,IGR,FALSE,FALSE,FALSE,FALSE,2,1,1,1_1,15563a10-47a8-401d-a507-2c7101f7ae60,NA
5,5734914,5734914,1,snv_mnv,NA,NA,"broad,dkfz,muse,sanger",4,COSN517113,NA,L1PA15,FALSE,0.5,NA,15,15,NA,NA,NA,IGR,FALSE,FALSE,FALSE,FALSE,2,1,1,1_1,15563a10-47a8-401d-a507-2c7101f7ae60,NA
5,6044799,6044799,1,snv_mnv,0.0013978,rs143224077,"broad,dkfz,muse,sanger",4,COSN517121,rs143224077,MLT1A,FALSE,0.4762,NA,10,11,NA,NA,NA,IGR,FALSE,FALSE,FALSE,FALSE,2,1,1,1_1,15563a10-47a8-401d-a507-2c7101f7ae60,NA
5,6062372,6062372,1,snv_mnv,NA,NA,"broad,dkfz,muse,sanger",4,COSN517122,NA,NA,FALSE,0.3871,NA,12,19,NA,NA,NA,IGR,FALSE,FALSE,FALSE,FALSE,2,1,1,1_1,15563a10-47a8-401d-a507-2c7101f7ae60,NA
5,6987685,6987685,1,snv_mnv,NA,NA,"dkfz,sanger",2,COSN517142,NA,Charlie7,FALSE,0.3704,NA,10,17,NA,NA,NA,lincRNA,FALSE,FALSE,FALSE,FALSE,2,1,1,1_1,15563a10-47a8-401d-a507-2c7101f7ae60,NA
5,9532866,9532866,1,snv_mnv,NA,NA,"broad,dkfz,muse,sanger",4,COSN517202,NA,NA,FALSE,0.5517,NA,16,13,NA,NA,NA,Intron,FALSE,FALSE,FALSE,FALSE,2,1,1,1_1,15563a10-47a8-401d-a507-2c7101f7ae60,NA
5,9607016,9607016,1,snv_mnv,NA,NA,"broad,muse,sanger",3,COSN159767,NA,MLT1N2,FALSE,0.55,NA,11,9,NA,NA,NA,IGR,FALSE,FALSE,FALSE,FALSE,2,1,1,1_1,15563a10-47a8-401d-a507-2c7101f7ae60,NA
5,11234817,11234817,1,snv_mnv,NA,NA,"broad,dkfz,muse,sanger",4,COSN516783,NA,NA,FALSE,0.2963,NA,8,19,NA,NA,NA,Intron,FALSE,FALSE,FALSE,FALSE,2,1,1,1_1,15563a10-47a8-401d-a507-2c7101f7ae60,NA
5,11812649,11812649,1,snv_mnv,NA,NA,"broad,dkfz,muse,sanger",4,COSN516797,NA,NA,FALSE,0.6667,NA,16,8,NA,NA,NA,Intron,FALSE,FALSE,FALSE,FALSE,2,1,1,1_1,15563a10-47a8-401d-a507-2c7101f7ae60,NA
5,12917253,12917253,1,snv_mnv,NA,NA,"broad,dkfz,muse,sanger",4,COSN516826,NA,HERVL-int,FALSE,0.4828,NA,14,15,NA,NA,NA,lincRNA,FALSE,FALSE,FALSE,FALSE,2,1,1,1_1,15563a10-47a8-401d-a507-2c7101f7ae60,NA
5,15676365,15676365,1,snv_mnv,NA,NA,"broad,dkfz,muse,sanger",4,COSN516880,NA,NA,FALSE,0.52,NA,13,12,NA,NA,NA,Intron,FALSE,FALSE,FALSE,FALSE,2,1,1,1_1,15563a10-47a8-401d-a507-2c7101f7ae60,NA
5,17906205,17906205,1,snv_mnv,NA,NA,"broad,dkfz,muse,sanger",4,COSN516961,NA,L1PB1,FALSE,0.48,NA,12,13,NA,NA,NA,lincRNA,FALSE,FALSE,FALSE,FALSE,2,1,1,1_1,15563a10-47a8-401d-a507-2c7101f7ae60,NA
5,18277907,18277907,1,snv_mnv,NA,NA,"broad,dkfz,muse,sanger",4,COSN516964,NA,MLT1D,FALSE,0.4688,NA,15,17,NA,NA,NA,IGR,FALSE,FALSE,FALSE,FALSE,2,1,1,1_1,15563a10-47a8-401d-a507-2c7101f7ae60,NA
5,18347810,18347810,1,snv_mnv,NA,NA,"broad,dkfz,muse,sanger",4,COSN516966,NA,L1MCa,FALSE,0.45,NA,9,11,NA,NA,NA,IGR,FALSE,FALSE,FALSE,FALSE,2,1,1,1_1,15563a10-47a8-401d-a507-2c7101f7ae60,NA
5,18419404,18419404,1,snv_mnv,NA,NA,"broad,muse,sanger",3,COSN516967,NA,AluSc8,FALSE,0.3333,NA,3,6,NA,NA,NA,IGR,FALSE,FALSE,FALSE,FALSE,2,1,1,1_1,15563a10-47a8-401d-a507-2c7101f7ae60,NA
5,19011351,19011351,1,snv_mnv,NA,NA,"broad,dkfz,muse,sanger",4,COSN516968,NA,NA,FALSE,0.3913,NA,9,14,NA,NA,NA,lincRNA,FALSE,FALSE,FALSE,FALSE,2,1,1,1_1,15563a10-47a8-401d-a507-2c7101f7ae60,NA
5,19223746,19223746,1,snv_mnv,NA,NA,"broad,muse,sanger",3,COSN516969,NA,L1MD1,FALSE,0.4615,NA,18,21,NA,NA,NA,IGR,FALSE,FALSE,FALSE,FALSE,2,1,1,1_1,15563a10-47a8-401d-a507-2c7101f7ae60,NA
5,20376983,20376983,1,snv_mnv,0.0051917,rs138547224,"dkfz,muse,sanger",3,COSN516978,rs138547224,AluSx1,FALSE,0.4,NA,6,9,NA,NA,NA,Intron,FALSE,FALSE,FALSE,FALSE,2,1,1,1_1,15563a10-47a8-401d-a507-2c7101f7ae60,NA
5,20584319,20584319,1,snv_mnv,NA,NA,"muse,sanger",2,COSN18985931,NA,L1MB3,FALSE,0.3871,NA,12,19,NA,NA,NA,IGR,FALSE,FALSE,FALSE,FALSE,2,1,1,1_1,15563a10-47a8-401d-a507-2c7101f7ae60,NA
5,22544529,22544529,1,snv_mnv,NA,NA,"broad,dkfz,muse,sanger",4,COSN516987,NA,NA,FALSE,0.4524,NA,19,23,NA,NA,NA,Intron,FALSE,FALSE,FALSE,FALSE,2,1,1,1_1,15563a10-47a8-401d-a507-2c7101f7ae60,NA
5,22818127,22818127,1,snv_mnv,NA,NA,"broad,dkfz,muse,sanger",4,COSN516990,NA,NA,FALSE,0.3864,NA,17,27,NA,NA,NA,Intron,FALSE,FALSE,FALSE,FALSE,2,1,1,1_1,15563a10-47a8-401d-a507-2c7101f7ae60,NA
5,23747243,23747243,1,snv_mnv,NA,NA,"broad,dkfz,muse,sanger",4,COSN516996,NA,NA,FALSE,0.5676,NA,21,16,NA,NA,NA,IGR,FALSE,FALSE,FALSE,FALSE,2,1,1,1_1,15563a10-47a8-401d-a507-2c7101f7ae60,NA
5,24682364,24682364,1,snv_mnv,NA,NA,"broad,dkfz,muse,sanger",4,COSN517000,rs868841968,L1MEb,FALSE,0.5278,NA,19,17,NA,NA,NA,IGR,FALSE,FALSE,FALSE,FALSE,2,1,1,1_1,15563a10-47a8-401d-a507-2c7101f7ae60,NA
5,25209162,25209162,1,snv_mnv,NA,NA,"broad,dkfz,muse,sanger",4,COSN517004,NA,NA,FALSE,0.4286,NA,9,12,NA,NA,NA,lincRNA,FALSE,FALSE,FALSE,FALSE,2,1,1,1_1,15563a10-47a8-401d-a507-2c7101f7ae60,NA
5,25311300,25311300,1,snv_mnv,NA,NA,"broad,dkfz,muse,sanger",4,COSN517006,NA,AluSx1,FALSE,0.3913,NA,9,14,NA,NA,NA,IGR,FALSE,FALSE,FALSE,FALSE,2,1,1,1_1,15563a10-47a8-401d-a507-2c7101f7ae60,NA
5,25907803,25907803,1,snv_mnv,NA,NA,"broad,dkfz,muse,sanger",4,COSN517009,NA,NA,FALSE,0.5526,NA,21,17,NA,NA,NA,IGR,FALSE,FALSE,FALSE,FALSE,2,1,1,1_1,15563a10-47a8-401d-a507-2c7101f7ae60,MSNP1
5,26888801,26888801,1,snv_mnv,NA,NA,"broad,dkfz,muse,sanger",4,COSN517014,NA,MLT1B,FALSE,0.4595,NA,17,20,NA,NA,NA,Intron,FALSE,FALSE,FALSE,FALSE,2,1,1,1_1,15563a10-47a8-401d-a507-2c7101f7ae60,NA
5,26902750,26902750,1,snv_mnv,NA,NA,"broad,dkfz,muse,sanger",4,COSM96835,NA,NA,FALSE,0.5333,NA,16,14,NA,NA,NA,Missense_Mutation,FALSE,FALSE,FALSE,FALSE,2,1,1,1_1,15563a10-47a8-401d-a507-2c7101f7ae60,CDH9
5,27496660,27496660,1,snv_mnv,NA,NA,"broad,dkfz,muse,sanger",4,COSN517018,NA,NA,FALSE,0.5,NA,16,16,NA,NA,NA,IGR,FALSE,FALSE,FALSE,FALSE,2,1,1,1_1,15563a10-47a8-401d-a507-2c7101f7ae60,PURPL
5,27564701,27564701,1,snv_mnv,NA,NA,"broad,dkfz,muse,sanger",4,COSN517020,NA,NA,FALSE,0.375,NA,9,15,NA,NA,NA,IGR,FALSE,FALSE,FALSE,FALSE,2,1,1,1_1,15563a10-47a8-401d-a507-2c7101f7ae60,NA
5,27843199,27843199,1,snv_mnv,NA,NA,"broad,dkfz,muse,sanger",4,COSN159764,NA,NA,FALSE,0.5556,NA,10,8,NA,NA,NA,IGR,FALSE,FALSE,FALSE,FALSE,2,1,1,1_1,15563a10-47a8-401d-a507-2c7101f7ae60,NA
5,27954240,27954240,1,snv_mnv,NA,NA,"broad,dkfz,muse,sanger",4,COSN517025,NA,L1ME2z,FALSE,0.3235,NA,11,23,NA,NA,NA,IGR,FALSE,FALSE,FALSE,FALSE,2,1,1,1_1,15563a10-47a8-401d-a507-2c7101f7ae60,NA
5,29092729,29092729,1,snv_mnv,NA,NA,"broad,dkfz,muse,sanger",4,COSN517034,NA,L1MC3,FALSE,0.3333,NA,10,20,NA,NA,NA,IGR,FALSE,FALSE,FALSE,FALSE,2,1,1,1_1,15563a10-47a8-401d-a507-2c7101f7ae60,NA
5,29458095,29458095,1,snv_mnv,NA,NA,"broad,dkfz,muse,sanger",4,COSN517037,NA,L1ME3,FALSE,0.5405,NA,20,17,NA,NA,NA,IGR,FALSE,FALSE,FALSE,FALSE,2,1,1,1_1,15563a10-47a8-401d-a507-2c7101f7ae60,NA
5,30369945,30369945,1,snv_mnv,NA,NA,"broad,dkfz,muse,sanger",4,COSN517043,NA,L1M5,FALSE,0.3571,NA,10,18,NA,NA,NA,IGR,FALSE,FALSE,FALSE,FALSE,2,1,1,1_1,15563a10-47a8-401d-a507-2c7101f7ae60,AC114300.1
5,30481276,30481276,1,snv_mnv,NA,NA,"broad,dkfz,muse",3,COSN517044,NA,THE1C-int,FALSE,0.6286,NA,22,13,NA,NA,NA,IGR,FALSE,FALSE,FALSE,FALSE,2,1,1,1_1,15563a10-47a8-401d-a507-2c7101f7ae60,NA
5,30561855,30561855,1,snv_mnv,NA,NA,"broad,dkfz,muse,sanger",4,COSN517045,NA,NA,FALSE,0.4762,NA,10,11,NA,NA,NA,IGR,FALSE,FALSE,FALSE,FALSE,2,1,1,1_1,15563a10-47a8-401d-a507-2c7101f7ae60,NA
5,32755306,32755306,1,snv_mnv,NA,NA,"broad,dkfz,muse,sanger",4,COSN517048,NA,NA,FALSE,0.48,NA,12,13,NA,NA,NA,Intron,FALSE,FALSE,FALSE,FALSE,2,1,1,1_1,15563a10-47a8-401d-a507-2c7101f7ae60,NA
5,32765260,32765260,1,snv_mnv,NA,NA,"broad,dkfz,muse,sanger",4,COSN517049,NA,NA,FALSE,0.3,NA,9,21,NA,NA,NA,Intron,FALSE,FALSE,FALSE,FALSE,2,1,1,1_1,15563a10-47a8-401d-a507-2c7101f7ae60,NA
5,32815043,32815043,1,snv_mnv,NA,NA,"broad,dkfz,muse,sanger",4,COSN517050,NA,NA,FALSE,0.4848,NA,16,17,NA,NA,NA,IGR,FALSE,FALSE,FALSE,FALSE,2,1,1,1_1,15563a10-47a8-401d-a507-2c7101f7ae60,NA
5,33947401,33947401,1,snv_mnv,NA,NA,"broad,dkfz,muse,sanger",4,COSM96834,rs149980670,NA,FALSE,0.4286,NA,12,16,NA,NA,NA,Missense_Mutation,FALSE,FALSE,FALSE,FALSE,2,1,1,1_1,15563a10-47a8-401d-a507-2c7101f7ae60,SLC45A2
5,37989753,37989753,1,snv_mnv,NA,NA,"broad,dkfz,muse,sanger",4,COSN517069,NA,NA,FALSE,0.4375,NA,14,18,NA,NA,NA,IGR,FALSE,FALSE,FALSE,FALSE,2,1,1,1_1,15563a10-47a8-401d-a507-2c7101f7ae60,NA
5,39893203,39893203,1,snv_mnv,NA,NA,"broad,dkfz,muse,sanger",4,COSN517076,NA,NA,FALSE,0.5152,NA,17,16,NA,NA,NA,IGR,FALSE,FALSE,FALSE,FALSE,2,1,1,1_1,15563a10-47a8-401d-a507-2c7101f7ae60,GCSHP1
5,40116551,40116551,1,snv_mnv,NA,NA,"broad,muse,sanger",3,COSN517077,NA,MER4D1,FALSE,0.4643,NA,13,15,NA,NA,NA,IGR,FALSE,FALSE,FALSE,FALSE,2,1,1,1_1,15563a10-47a8-401d-a507-2c7101f7ae60,NA
5,42686816,42686816,1,snv_mnv,NA,NA,"broad,dkfz,muse,sanger",4,COSN517084,NA,L1PA7,FALSE,0.4444,NA,12,15,NA,NA,NA,Intron,FALSE,FALSE,FALSE,FALSE,2,1,1,1_1,15563a10-47a8-401d-a507-2c7101f7ae60,NA
5,43615554,43615554,1,snv_mnv,NA,NA,"broad,dkfz,muse,sanger",4,COSN18985928,NA,NA,FALSE,0.3636,NA,8,14,NA,NA,NA,Intron,FALSE,FALSE,FALSE,FALSE,2,1,1,1_1,15563a10-47a8-401d-a507-2c7101f7ae60,NA
5,43801211,43801211,1,snv_mnv,NA,NA,"broad,dkfz,muse,sanger",4,COSN517087,NA,MIR3,FALSE,0.5405,NA,20,17,NA,NA,NA,IGR,FALSE,FALSE,FALSE,FALSE,2,1,1,1_1,15563a10-47a8-401d-a507-2c7101f7ae60,NA
5,45205614,45205614,1,snv_mnv,NA,NA,"broad,dkfz,muse,sanger",4,COSN517093,NA,MLT1E2,FALSE,0.4,NA,10,15,NA,NA,NA,IGR,FALSE,FALSE,FALSE,FALSE,2,1,1,1_1,15563a10-47a8-401d-a507-2c7101f7ae60,NA
5,51693543,51693543,1,snv_mnv,NA,NA,"broad,muse,sanger",3,COSN18985940,NA,LTR12_,FALSE,0.2222,NA,6,21,NA,NA,NA,IGR,FALSE,FALSE,FALSE,FALSE,2,1,1,1_1,15563a10-47a8-401d-a507-2c7101f7ae60,NA
5,52070239,52070239,1,snv_mnv,NA,NA,"broad,dkfz,muse,sanger",4,COSN517103,NA,NA,FALSE,0.4667,NA,14,16,NA,NA,NA,RNA,FALSE,FALSE,FALSE,FALSE,2,1,1,1_1,15563a10-47a8-401d-a507-2c7101f7ae60,NA
5,52975124,52975124,1,snv_mnv,NA,NA,"broad,dkfz,muse,sanger",4,COSN517106,NA,NA,FALSE,0.4359,NA,17,22,NA,NA,NA,Intron,FALSE,FALSE,FALSE,FALSE,2,1,1,1_1,15563a10-47a8-401d-a507-2c7101f7ae60,NA
5,53756629,53756629,1,snv_mnv,NA,NA,"broad,dkfz,muse,sanger",4,COSN517108,NA,LTR16D1,FALSE,0.3333,NA,11,22,NA,NA,NA,IGR,FALSE,FALSE,FALSE,FALSE,2,1,1,1_1,15563a10-47a8-401d-a507-2c7101f7ae60,HSPB3
5,57511339,57511339,1,snv_mnv,NA,NA,"broad,dkfz,muse,sanger",4,COSN517114,NA,NA,FALSE,0.5349,NA,23,20,NA,NA,NA,IGR,FALSE,FALSE,FALSE,FALSE,2,1,1,1_1,15563a10-47a8-401d-a507-2c7101f7ae60,NA
5,57712534,57712534,1,snv_mnv,NA,NA,"broad,dkfz,muse,sanger",4,COSN517115,NA,NA,FALSE,0.6667,NA,16,8,NA,NA,NA,IGR,FALSE,FALSE,FALSE,FALSE,2,1,1,1_1,15563a10-47a8-401d-a507-2c7101f7ae60,NA
5,59304998,59304998,1,snv_mnv,NA,NA,"broad,dkfz,muse,sanger",4,COSN517120,NA,L3,FALSE,0.5641,NA,22,17,NA,NA,NA,Intron,FALSE,FALSE,FALSE,FALSE,2,1,1,1_1,15563a10-47a8-401d-a507-2c7101f7ae60,NA
5,61477535,61477535,1,snv_mnv,NA,NA,"broad,dkfz,muse,sanger",4,COSN18985936,NA,NA,FALSE,0.2857,NA,6,15,NA,NA,NA,IGR,FALSE,FALSE,FALSE,FALSE,2,1,1,1_1,15563a10-47a8-401d-a507-2c7101f7ae60,NA
5,63660075,63660075,1,snv_mnv,NA,NA,"broad,dkfz,muse,sanger",4,COSN517129,NA,L1PREC2,FALSE,0.4,NA,14,21,NA,NA,NA,Intron,FALSE,FALSE,FALSE,FALSE,2,1,1,1_1,15563a10-47a8-401d-a507-2c7101f7ae60,NA
5,65267844,65267844,1,snv_mnv,NA,NA,"broad,dkfz,muse,sanger",4,COSN517133,NA,MER91B,FALSE,0.5263,NA,20,18,NA,NA,NA,Intron,FALSE,FALSE,FALSE,FALSE,2,1,1,1_1,15563a10-47a8-401d-a507-2c7101f7ae60,NA
5,67858732,67858732,1,snv_mnv,NA,NA,"broad,dkfz,muse,sanger",4,COSN517137,NA,L1MEc,FALSE,0.5278,NA,19,17,NA,NA,NA,IGR,FALSE,FALSE,FALSE,FALSE,2,1,1,1_1,15563a10-47a8-401d-a507-2c7101f7ae60,NA
5,74290219,74290219,1,snv_mnv,NA,NA,"broad,dkfz,muse,sanger",4,COSN517150,NA,HAL1,FALSE,0.4286,NA,12,16,NA,NA,NA,lincRNA,FALSE,FALSE,FALSE,FALSE,2,1,1,1_1,15563a10-47a8-401d-a507-2c7101f7ae60,RPL27AP5
5,76140384,76140384,1,snv_mnv,NA,NA,"broad,dkfz,muse,sanger",4,COSN517156,NA,L2a,FALSE,0.5357,NA,15,13,NA,NA,NA,IGR,FALSE,FALSE,FALSE,FALSE,2,1,1,1_1,15563a10-47a8-401d-a507-2c7101f7ae60,NA
5,79139754,79139754,1,snv_mnv,NA,NA,"broad,dkfz,muse,sanger",4,COSN517160,NA,NA,FALSE,0.5312,NA,17,15,NA,NA,NA,IGR,FALSE,FALSE,FALSE,FALSE,2,1,1,1_1,15563a10-47a8-401d-a507-2c7101f7ae60,NA
5,80578771,80578771,1,snv_mnv,NA,NA,"broad,dkfz,muse,sanger",4,COSN517163,NA,MER112,FALSE,0.6667,NA,20,10,NA,NA,NA,RNA,FALSE,FALSE,FALSE,FALSE,2,1,1,1_1,15563a10-47a8-401d-a507-2c7101f7ae60,NA
5,83968852,83968852,1,snv_mnv,NA,NA,"broad,dkfz,muse",3,COSN517171,NA,MER21-int,FALSE,0.5714,NA,12,9,NA,NA,NA,IGR,FALSE,FALSE,FALSE,TRUE,2,1,1,1_1,15563a10-47a8-401d-a507-2c7101f7ae60,NA
5,84977624,84977624,1,snv_mnv,NA,NA,"broad,dkfz,muse,sanger",4,COSN517174,NA,NA,FALSE,0.5263,NA,20,18,NA,NA,NA,IGR,FALSE,FALSE,FALSE,FALSE,2,1,1,1_1,15563a10-47a8-401d-a507-2c7101f7ae60,NA
5,88714056,88714056,1,snv_mnv,NA,NA,"broad,dkfz,muse,sanger",4,COSN517184,NA,THE1C-int,FALSE,0.4,NA,10,15,NA,NA,NA,RNA,FALSE,FALSE,FALSE,FALSE,2,1,1,1_1,15563a10-47a8-401d-a507-2c7101f7ae60,MEF2C-AS1
5,90300707,90300707,1,snv_mnv,NA,NA,"broad,dkfz,muse,sanger",4,COSN18196455,NA,NA,FALSE,0.4667,NA,14,16,NA,NA,NA,Intron,FALSE,FALSE,FALSE,FALSE,2,1,1,1_1,15563a10-47a8-401d-a507-2c7101f7ae60,NA
5,90339315,90339315,1,snv_mnv,NA,NA,"broad,dkfz,muse,sanger",4,COSN517187,NA,MIR,FALSE,0.4706,NA,8,9,NA,NA,NA,Intron,FALSE,FALSE,FALSE,FALSE,2,1,1,1_1,15563a10-47a8-401d-a507-2c7101f7ae60,NA
5,91983869,91983869,1,snv_mnv,NA,NA,"broad,dkfz,muse,sanger",4,COSN517191,NA,L1MB7,FALSE,0.4138,NA,12,17,NA,NA,NA,IGR,FALSE,FALSE,FALSE,FALSE,2,1,1,1_1,15563a10-47a8-401d-a507-2c7101f7ae60,NA
5,92083754,92083754,1,snv_mnv,NA,NA,"broad,dkfz,muse,sanger",4,COSN517193,NA,NA,FALSE,0.3721,NA,16,27,NA,NA,NA,IGR,FALSE,FALSE,FALSE,FALSE,2,1,1,1_1,15563a10-47a8-401d-a507-2c7101f7ae60,NA
5,93326104,93326104,1,snv_mnv,NA,NA,"broad,dkfz,muse,sanger",4,COSN517197,NA,NA,FALSE,0.3889,NA,14,22,NA,NA,NA,Intron,FALSE,FALSE,FALSE,FALSE,2,1,1,1_1,15563a10-47a8-401d-a507-2c7101f7ae60,NA
5,97434848,97434848,1,snv_mnv,1.9968e-4,rs544096741,"broad,dkfz,muse,sanger",4,COSN517205,rs544096741,AluSp,FALSE,0.6364,NA,14,8,NA,NA,NA,lincRNA,FALSE,FALSE,FALSE,FALSE,2,1,1,1_1,15563a10-47a8-401d-a507-2c7101f7ae60,NA
5,100435628,100435628,1,snv_mnv,NA,NA,"broad,dkfz,muse,sanger",4,COSN516731,NA,L1MB5,FALSE,0.4444,NA,12,15,NA,NA,NA,IGR,FALSE,FALSE,FALSE,FALSE,2,1,1,1_1,15563a10-47a8-401d-a507-2c7101f7ae60,NA
5,103026752,103026752,1,snv_mnv,5.9904e-4,rs367689203,"broad,dkfz,muse",3,COSN516737,rs367689203,NA,FALSE,0.4571,NA,16,19,NA,NA,NA,IGR,FALSE,FALSE,FALSE,FALSE,2,1,1,1_1,15563a10-47a8-401d-a507-2c7101f7ae60,NA
5,103444670,103444670,1,snv_mnv,NA,NA,"broad,dkfz,muse,sanger",4,COSN516741,NA,L1MB3,FALSE,0.3103,NA,9,20,NA,NA,NA,IGR,FALSE,FALSE,FALSE,FALSE,2,1,1,1_1,15563a10-47a8-401d-a507-2c7101f7ae60,LINC02163
5,103905399,103905399,1,snv_mnv,NA,NA,"broad,dkfz,muse,sanger",4,COSN516748,NA,LTR16C,FALSE,0.5556,NA,15,12,NA,NA,NA,lincRNA,FALSE,FALSE,FALSE,FALSE,2,1,1,1_1,15563a10-47a8-401d-a507-2c7101f7ae60,NA
5,104168895,104168895,1,snv_mnv,NA,NA,"broad,dkfz,muse,sanger",4,COSN516751,NA,MLT1A,FALSE,0.5385,NA,21,18,NA,NA,NA,lincRNA,FALSE,FALSE,FALSE,FALSE,2,1,1,1_1,15563a10-47a8-401d-a507-2c7101f7ae60,NA
5,104983558,104983558,1,snv_mnv,NA,NA,"broad,dkfz,muse,sanger",4,COSN516760,NA,L1M2,FALSE,0.4062,NA,13,19,NA,NA,NA,IGR,FALSE,FALSE,FALSE,FALSE,2,1,1,1_1,15563a10-47a8-401d-a507-2c7101f7ae60,NA
5,104993628,104993628,1,snv_mnv,NA,NA,"broad,dkfz,muse,sanger",4,COSN18985938,NA,NA,FALSE,0.2727,NA,9,24,NA,NA,NA,IGR,FALSE,FALSE,FALSE,FALSE,2,1,1,1_1,15563a10-47a8-401d-a507-2c7101f7ae60,NA
5,105651468,105651468,1,snv_mnv,NA,NA,"broad,dkfz,muse,sanger",4,COSN516764,NA,L2b,FALSE,0.4615,NA,12,14,NA,NA,NA,IGR,FALSE,FALSE,FALSE,FALSE,2,1,1,1_1,15563a10-47a8-401d-a507-2c7101f7ae60,NA
5,106081687,106081687,1,snv_mnv,NA,NA,"broad,dkfz,muse,sanger",4,COSN18985937,NA,MLT1F,FALSE,0.4062,NA,13,19,NA,NA,NA,IGR,FALSE,FALSE,FALSE,FALSE,2,1,1,1_1,15563a10-47a8-401d-a507-2c7101f7ae60,NA
5,108452599,108452599,1,snv_mnv,NA,NA,"broad,dkfz,muse,sanger",4,COSN516776,NA,NA,FALSE,0.4889,NA,22,23,NA,NA,NA,Intron,FALSE,FALSE,FALSE,FALSE,2,1,1,1_1,15563a10-47a8-401d-a507-2c7101f7ae60,NA
5,110019390,110019390,1,snv_mnv,NA,NA,"broad,dkfz,muse,sanger",4,COSN516780,NA,NA,FALSE,0.5385,NA,14,12,NA,NA,NA,Intron,FALSE,FALSE,FALSE,FALSE,2,1,1,1_1,15563a10-47a8-401d-a507-2c7101f7ae60,RF00432
5,111523718,111523718,1,snv_mnv,NA,NA,"dkfz,sanger",2,COSN516782,NA,NA,FALSE,0.4615,NA,18,21,NA,NA,NA,Intron,FALSE,FALSE,FALSE,FALSE,2,1,1,1_1,15563a10-47a8-401d-a507-2c7101f7ae60,"EPB41L4A,AC010261.2"
5,112593083,112593083,1,snv_mnv,1.9968e-4,rs375215035,"broad,dkfz,muse,sanger",4,COSN516784,rs375215035,NA,FALSE,0.5,NA,20,20,NA,NA,NA,Intron,FALSE,FALSE,FALSE,FALSE,2,1,1,1_1,15563a10-47a8-401d-a507-2c7101f7ae60,NA
5,113228456,113228456,1,snv_mnv,NA,NA,"broad,dkfz,muse,sanger",4,COSN516788,NA,NA,FALSE,0.4483,NA,13,16,NA,NA,NA,IGR,FALSE,FALSE,FALSE,FALSE,2,1,1,1_1,15563a10-47a8-401d-a507-2c7101f7ae60,NA
5,114986025,114986025,1,snv_mnv,NA,NA,"broad,dkfz,muse",3,COSN18985933,NA,L1M4,FALSE,0.4583,NA,11,13,NA,NA,NA,IGR,FALSE,FALSE,FALSE,FALSE,2,1,1,1_1,15563a10-47a8-401d-a507-2c7101f7ae60,NA
5,120343743,120343743,1,snv_mnv,NA,NA,"broad,dkfz,muse,sanger",4,COSN516805,NA,HERV16-int,FALSE,0.3548,NA,11,20,NA,NA,NA,IGR,FALSE,FALSE,FALSE,FALSE,2,1,1,1_1,15563a10-47a8-401d-a507-2c7101f7ae60,NA
5,120986391,120986391,1,snv_mnv,NA,NA,"broad,dkfz,muse,sanger",4,COSN516811,NA,L1PA17,FALSE,0.5641,NA,22,17,NA,NA,NA,IGR,FALSE,FALSE,FALSE,FALSE,2,1,1,1_1,15563a10-47a8-401d-a507-2c7101f7ae60,NA
5,121628741,121628741,1,snv_mnv,NA,NA,"broad,dkfz,muse,sanger",4,COSN516814,NA,NA,FALSE,0.4884,NA,21,22,NA,NA,NA,IGR,FALSE,FALSE,FALSE,FALSE,2,1,1,1_1,15563a10-47a8-401d-a507-2c7101f7ae60,NA
5,126542851,126542851,1,snv_mnv,NA,NA,"broad,dkfz,muse,sanger",4,COSN159762,NA,MSTA,FALSE,0.5455,NA,18,15,NA,NA,NA,IGR,FALSE,FALSE,FALSE,FALSE,2,1,1,1_1,15563a10-47a8-401d-a507-2c7101f7ae60,NA
5,126892724,126892724,1,snv_mnv,NA,NA,"broad,dkfz,muse,sanger",4,COSN159761,NA,NA,FALSE,0.5161,NA,16,15,NA,NA,NA,IGR,FALSE,FALSE,FALSE,FALSE,2,1,1,1_1,15563a10-47a8-401d-a507-2c7101f7ae60,PRRC1
5,131517583,131517583,1,snv_mnv,NA,NA,"broad,dkfz,muse,sanger",4,COSN516832,NA,MER66B,FALSE,0.381,NA,8,13,NA,NA,NA,RNA,FALSE,FALSE,FALSE,TRUE,2,1,1,1_1,15563a10-47a8-401d-a507-2c7101f7ae60,"AC063976.1,P4HA2-AS1"
5,138558091,138558091,1,snv_mnv,NA,NA,"broad,dkfz,muse,sanger",4,COSN516844,NA,NA,FALSE,0.4615,NA,18,21,NA,NA,NA,RNA,FALSE,FALSE,FALSE,FALSE,2,1,1,1_1,15563a10-47a8-401d-a507-2c7101f7ae60,RNU6-572P
5,141987424,141987424,1,snv_mnv,NA,NA,"broad,dkfz,muse,sanger",4,COSN159618,NA,NA,FALSE,0.3929,NA,11,17,NA,NA,NA,Intron,FALSE,FALSE,FALSE,FALSE,2,1,1,1_1,15563a10-47a8-401d-a507-2c7101f7ae60,NA
5,144791731,144791731,1,snv_mnv,NA,NA,"broad,dkfz,muse,sanger",4,COSN516853,NA,THE1D-int,FALSE,0.4074,NA,11,16,NA,NA,NA,IGR,FALSE,FALSE,FALSE,FALSE,2,1,1,1_1,15563a10-47a8-401d-a507-2c7101f7ae60,NA
5,145670892,145670892,1,snv_mnv,NA,NA,"broad,dkfz,muse,sanger",4,COSN516854,NA,NA,FALSE,0.4667,NA,14,16,NA,NA,NA,IGR,FALSE,FALSE,FALSE,FALSE,2,1,1,1_1,15563a10-47a8-401d-a507-2c7101f7ae60,RBM27
5,148316165,148316165,1,snv_mnv,NA,NA,"broad,dkfz,muse,sanger",4,COSN516861,NA,NA,FALSE,0.5312,NA,17,15,NA,NA,NA,IGR,FALSE,FALSE,FALSE,FALSE,2,1,1,1_1,15563a10-47a8-401d-a507-2c7101f7ae60,NA
5,148453966,148453966,1,snv_mnv,NA,NA,"broad,dkfz,muse,sanger",4,COSN516862,NA,L1M5,FALSE,0.5294,NA,18,16,NA,NA,NA,IGR,FALSE,FALSE,FALSE,FALSE,2,1,1,1_1,15563a10-47a8-401d-a507-2c7101f7ae60,SH3TC2-DT
5,148845714,148845714,1,snv_mnv,NA,NA,"broad,dkfz,muse,sanger",4,COSN516863,NA,MIR,FALSE,0.3548,NA,11,20,NA,NA,NA,IGR,FALSE,FALSE,FALSE,FALSE,2,1,1,1_1,15563a10-47a8-401d-a507-2c7101f7ae60,NA
5,154597058,154597058,1,snv_mnv,NA,NA,"broad,dkfz,muse,sanger",4,COSN516875,NA,Ricksha_c,FALSE,0.4286,NA,18,24,NA,NA,NA,IGR,FALSE,FALSE,FALSE,FALSE,2,1,1,1_1,15563a10-47a8-401d-a507-2c7101f7ae60,NA
5,154768442,154768442,1,snv_mnv,NA,NA,"broad,dkfz,muse,sanger",4,COSN159757,NA,NA,FALSE,0.5769,NA,15,11,NA,NA,NA,IGR,FALSE,FALSE,FALSE,FALSE,2,1,1,1_1,15563a10-47a8-401d-a507-2c7101f7ae60,NA
5,154993793,154993793,1,snv_mnv,NA,NA,"broad,dkfz,muse,sanger",4,COSN516876,NA,L2a,FALSE,0.575,NA,23,17,NA,NA,NA,IGR,FALSE,FALSE,FALSE,FALSE,2,1,1,1_1,15563a10-47a8-401d-a507-2c7101f7ae60,NA
5,156677069,156677069,1,snv_mnv,NA,NA,"broad,dkfz,muse,sanger",4,COSN516879,NA,L1MC1,FALSE,0.4118,NA,14,20,NA,NA,NA,Intron,FALSE,FALSE,FALSE,FALSE,2,1,1,1_1,15563a10-47a8-401d-a507-2c7101f7ae60,ITK
5,156908012,156908012,1,snv_mnv,1.9968e-4,rs191340251,"broad,dkfz,muse,sanger",4,COSM1317151,rs191340251,NA,FALSE,0.5385,NA,7,6,NA,NA,NA,IGR,FALSE,FALSE,FALSE,FALSE,2,1,1,1_1,15563a10-47a8-401d-a507-2c7101f7ae60,ADAM19
5,157955952,157955952,1,snv_mnv,NA,NA,"broad,dkfz,muse,sanger",4,COSN516881,NA,NA,FALSE,0.5238,NA,11,10,NA,NA,NA,IGR,FALSE,FALSE,FALSE,FALSE,2,1,1,1_1,15563a10-47a8-401d-a507-2c7101f7ae60,NA
5,158308446,158308446,1,snv_mnv,NA,NA,"broad,dkfz,muse,sanger",4,COSN516882,NA,NA,FALSE,0.5333,NA,8,7,NA,NA,NA,Intron,FALSE,FALSE,FALSE,FALSE,2,1,1,1_1,15563a10-47a8-401d-a507-2c7101f7ae60,NA
5,158430332,158430332,1,snv_mnv,NA,NA,"broad,dkfz,muse,sanger",4,COSN516884,NA,NA,FALSE,0.6061,NA,20,13,NA,NA,NA,Intron,FALSE,FALSE,FALSE,FALSE,2,1,1,1_1,15563a10-47a8-401d-a507-2c7101f7ae60,NA
5,158819387,158819387,1,snv_mnv,NA,NA,"broad,dkfz,muse,sanger",4,COSN516886,NA,AluSc,FALSE,0.48,NA,12,13,NA,NA,NA,IGR,FALSE,FALSE,FALSE,FALSE,2,1,1,1_1,15563a10-47a8-401d-a507-2c7101f7ae60,NA
5,160124323,160124323,1,snv_mnv,NA,NA,"broad,dkfz,muse,sanger",4,COSN516887,rs866852471,L2c,FALSE,0.5238,NA,11,10,NA,NA,NA,Intron,FALSE,FALSE,FALSE,FALSE,2,1,1,1_1,15563a10-47a8-401d-a507-2c7101f7ae60,AC011363.1
5,160996157,160996157,1,snv_mnv,NA,NA,"broad,dkfz,muse,sanger",4,COSN516890,NA,NA,FALSE,0.5,NA,18,18,NA,NA,NA,Intron,FALSE,FALSE,FALSE,FALSE,2,1,1,1_1,15563a10-47a8-401d-a507-2c7101f7ae60,NA
5,166268411,166268411,1,snv_mnv,NA,NA,"broad,dkfz,muse,sanger",4,COSN516924,NA,NA,FALSE,0.5526,NA,21,17,NA,NA,NA,IGR,FALSE,FALSE,FALSE,FALSE,2,1,1,1_1,15563a10-47a8-401d-a507-2c7101f7ae60,NA
5,169987466,169987466,1,snv_mnv,NA,NA,"broad,dkfz,muse,sanger",4,COSN516937,NA,NA,FALSE,0.4286,NA,12,16,NA,NA,NA,Intron,FALSE,FALSE,FALSE,FALSE,2,1,1,1_1,15563a10-47a8-401d-a507-2c7101f7ae60,NA
5,170110140,170110140,1,snv_mnv,NA,NA,"broad,dkfz,muse",3,COSN516938,NA,NA,FALSE,0.5385,NA,14,12,NA,NA,NA,Intron,FALSE,FALSE,FALSE,FALSE,2,1,1,1_1,15563a10-47a8-401d-a507-2c7101f7ae60,AC027312.1
5,174131481,174131481,1,snv_mnv,NA,NA,"broad,dkfz,muse,sanger",4,COSN516945,NA,MIRc,FALSE,0.4231,NA,11,15,NA,NA,NA,IGR,FALSE,FALSE,FALSE,FALSE,2,1,1,1_1,15563a10-47a8-401d-a507-2c7101f7ae60,NA
5,175180943,175180943,1,snv_mnv,NA,NA,"broad,dkfz,muse,sanger",4,COSN516953,NA,NA,FALSE,0.5238,NA,11,10,NA,NA,NA,IGR,FALSE,FALSE,FALSE,FALSE,2,1,1,1_1,15563a10-47a8-401d-a507-2c7101f7ae60,NA
6,6266886,6266886,1,snv_mnv,NA,NA,"broad,dkfz,muse,sanger",4,COSM96832,rs747218826,NA,FALSE,0.5217,NA,12,11,NA,NA,NA,Missense_Mutation,FALSE,FALSE,FALSE,FALSE,2,1,1,1_1,15563a10-47a8-401d-a507-2c7101f7ae60,F13A1
6,6592203,6592203,1,snv_mnv,NA,NA,"broad,dkfz,muse,sanger",4,COSN517347,NA,NA,FALSE,0.5417,NA,13,11,NA,NA,NA,Intron,FALSE,FALSE,FALSE,FALSE,2,1,1,1_1,15563a10-47a8-401d-a507-2c7101f7ae60,LY86-AS1
6,7561225,7561225,1,snv_mnv,NA,NA,"broad,dkfz,muse,sanger",4,COSN18985282,NA,AluSx3,FALSE,0.36,NA,9,16,NA,NA,NA,Intron,FALSE,FALSE,FALSE,FALSE,2,1,1,1_1,15563a10-47a8-401d-a507-2c7101f7ae60,NA
6,9012553,9012553,1,snv_mnv,NA,NA,"broad,dkfz,muse,sanger",4,COSN517386,NA,NA,FALSE,0.44,NA,11,14,NA,NA,NA,IGR,FALSE,FALSE,FALSE,FALSE,2,1,1,1_1,15563a10-47a8-401d-a507-2c7101f7ae60,NA
6,9627828,9627828,1,snv_mnv,NA,NA,"broad,dkfz,muse,sanger",4,COSN18985323,NA,L1MA9,FALSE,0.5455,NA,18,15,NA,NA,NA,IGR,FALSE,FALSE,FALSE,FALSE,2,1,1,1_1,15563a10-47a8-401d-a507-2c7101f7ae60,NA
6,9914079,9914079,1,snv_mnv,NA,NA,"broad,dkfz,muse,sanger",4,COSN517404,NA,NA,FALSE,0.3438,NA,11,21,NA,NA,NA,Intron,FALSE,FALSE,FALSE,FALSE,2,1,1,1_1,15563a10-47a8-401d-a507-2c7101f7ae60,NA
6,12404644,12404644,1,snv_mnv,NA,NA,"broad,muse,sanger",3,COSN517240,NA,NA,FALSE,0.5,NA,5,5,NA,NA,NA,RNA,FALSE,FALSE,FALSE,FALSE,2,1,1,1_1,15563a10-47a8-401d-a507-2c7101f7ae60,RN7SKP293
6,13160080,13160080,1,snv_mnv,NA,NA,"broad,dkfz,muse,sanger",4,COSN18985310,NA,AluSc8,FALSE,0.6552,NA,19,10,NA,NA,NA,Intron,FALSE,FALSE,FALSE,FALSE,2,1,1,1_1,15563a10-47a8-401d-a507-2c7101f7ae60,NA
6,17508616,17508616,1,snv_mnv,NA,NA,"broad,dkfz,muse,sanger",4,COSN517289,NA,NA,FALSE,0.25,NA,9,27,NA,NA,NA,Intron,FALSE,FALSE,FALSE,FALSE,2,1,1,1_1,15563a10-47a8-401d-a507-2c7101f7ae60,NA
6,22697893,22697893,1,snv_mnv,NA,NA,"broad,dkfz,muse,sanger",4,COSN517297,NA,NA,FALSE,0.6757,NA,25,12,NA,NA,NA,IGR,FALSE,FALSE,FALSE,FALSE,2,1,1,1_1,15563a10-47a8-401d-a507-2c7101f7ae60,NA
6,22987621,22987621,1,snv_mnv,NA,NA,"broad,dkfz,muse,sanger",4,COSN18985306,NA,L1MDa,FALSE,0.5,NA,12,12,NA,NA,NA,lincRNA,FALSE,FALSE,FALSE,FALSE,2,1,1,1_1,15563a10-47a8-401d-a507-2c7101f7ae60,NA
6,23843447,23843447,1,snv_mnv,NA,NA,"broad,dkfz,muse,sanger",4,COSN517300,NA,NA,FALSE,0.4359,NA,17,22,NA,NA,NA,IGR,FALSE,FALSE,FALSE,FALSE,2,1,1,1_1,15563a10-47a8-401d-a507-2c7101f7ae60,NA
6,27529903,27529903,1,snv_mnv,NA,NA,"broad,dkfz,muse,sanger",4,COSN517301,NA,NA,FALSE,0.4286,NA,6,8,NA,NA,NA,IGR,FALSE,FALSE,FALSE,FALSE,2,1,1,1_1,15563a10-47a8-401d-a507-2c7101f7ae60,CD83P1
6,28536496,28536496,1,snv_mnv,NA,NA,"broad,dkfz,sanger",3,COSN517304,NA,NA,FALSE,0.2632,NA,5,14,NA,NA,NA,IGR,FALSE,FALSE,FALSE,FALSE,2,1,1,1_1,15563a10-47a8-401d-a507-2c7101f7ae60,ZBED9
6,41343139,41343139,1,snv_mnv,NA,NA,"broad,muse,sanger",3,COSN517317,NA,NA,FALSE,0.5,NA,4,4,NA,NA,NA,IGR,FALSE,FALSE,FALSE,FALSE,2,1,1,1_1,15563a10-47a8-401d-a507-2c7101f7ae60,NA
6,48309028,48309028,1,snv_mnv,NA,NA,"broad,dkfz,muse,sanger",4,COSN517325,NA,NA,FALSE,0.4634,NA,19,22,NA,NA,NA,IGR,FALSE,FALSE,FALSE,FALSE,2,1,1,1_1,15563a10-47a8-401d-a507-2c7101f7ae60,NA
6,49293369,49293369,1,snv_mnv,NA,NA,"broad,dkfz,muse,sanger",4,COSN18985316,NA,THE1D,FALSE,0.5,NA,14,14,NA,NA,NA,IGR,FALSE,FALSE,FALSE,FALSE,2,1,1,1_1,15563a10-47a8-401d-a507-2c7101f7ae60,NA
6,49419089,49419089,1,snv_mnv,NA,NA,"broad,dkfz,muse,sanger",4,COSN159615,NA,NA,FALSE,0.3448,NA,10,19,NA,NA,NA,Intron,FALSE,FALSE,FALSE,FALSE,2,1,1,1_1,15563a10-47a8-401d-a507-2c7101f7ae60,NA
6,50171216,50171216,1,snv_mnv,NA,NA,"broad,dkfz,muse,sanger",4,COSN18985273,rs774743691,NA,FALSE,0.3429,NA,12,23,NA,NA,NA,IGR,FALSE,FALSE,FALSE,FALSE,2,1,1,1_1,15563a10-47a8-401d-a507-2c7101f7ae60,NA
6,52602711,52602711,1,snv_mnv,NA,NA,"broad,dkfz,muse,sanger",4,COSN18985276,NA,AluSz,FALSE,0.4688,NA,15,17,NA,NA,NA,IGR,FALSE,FALSE,FALSE,FALSE,2,1,1,1_1,15563a10-47a8-401d-a507-2c7101f7ae60,GSTA7P
6,52751454,52751454,1,snv_mnv,NA,NA,"broad,dkfz,muse,sanger",4,COSN517330,NA,NA,FALSE,0.4333,NA,13,17,NA,NA,NA,IGR,FALSE,FALSE,FALSE,FALSE,2,1,1,1_1,15563a10-47a8-401d-a507-2c7101f7ae60,NA
6,56535712,56535712,1,snv_mnv,NA,NA,"broad,dkfz,muse,sanger",4,COSN18985280,NA,MIR,FALSE,0.5357,NA,15,13,NA,NA,NA,Intron,FALSE,FALSE,FALSE,FALSE,2,1,1,1_1,15563a10-47a8-401d-a507-2c7101f7ae60,NA
6,57116290,57116290,1,snv_mnv,NA,NA,"broad,dkfz,muse,sanger",4,COSN18985289,NA,MLT1J2,FALSE,0.3333,NA,9,18,NA,NA,NA,IGR,FALSE,FALSE,FALSE,FALSE,2,1,1,1_1,15563a10-47a8-401d-a507-2c7101f7ae60,NA
6,64110771,64110771,1,snv_mnv,NA,NA,"broad,dkfz,muse,sanger",4,COSN18985299,NA,AluSq2,FALSE,0.5882,NA,10,7,NA,NA,NA,IGR,FALSE,FALSE,FALSE,FALSE,2,1,1,1_1,15563a10-47a8-401d-a507-2c7101f7ae60,AL121949.2
6,64196629,64196629,1,snv_mnv,NA,NA,"broad,dkfz,muse,sanger",4,COSN18985312,NA,AluJb,FALSE,0.6923,NA,9,4,NA,NA,NA,IGR,FALSE,FALSE,FALSE,FALSE,2,1,1,1_1,15563a10-47a8-401d-a507-2c7101f7ae60,EEF1B2P5
6,64218549,64218549,1,snv_mnv,NA,NA,"broad,dkfz,muse,sanger",4,COSN18985278,NA,AluSp,FALSE,0.6364,NA,14,8,NA,NA,NA,IGR,FALSE,FALSE,FALSE,FALSE,2,1,1,1_1,15563a10-47a8-401d-a507-2c7101f7ae60,NA
6,64807662,64807662,1,snv_mnv,NA,NA,"broad,dkfz,muse,sanger",4,COSN517343,NA,NA,FALSE,0.4872,NA,19,20,NA,NA,NA,Intron,FALSE,FALSE,FALSE,FALSE,2,1,1,1_1,15563a10-47a8-401d-a507-2c7101f7ae60,NA
6,66624938,66624938,1,snv_mnv,NA,NA,"broad,dkfz,muse,sanger",4,COSN517350,NA,NA,FALSE,0.4815,NA,13,14,NA,NA,NA,IGR,FALSE,FALSE,FALSE,FALSE,2,1,1,1_1,15563a10-47a8-401d-a507-2c7101f7ae60,NA
6,66624939,66624939,1,snv_mnv,NA,NA,"broad,dkfz,muse,sanger",4,COSN517351,NA,NA,FALSE,0.4815,NA,13,14,NA,NA,NA,IGR,FALSE,FALSE,FALSE,FALSE,2,1,1,1_1,15563a10-47a8-401d-a507-2c7101f7ae60,NA
6,66922478,66922478,1,snv_mnv,NA,NA,"broad,dkfz,muse,sanger",4,COSN18985320,NA,MER61-int,FALSE,0.5957,NA,28,19,NA,NA,NA,IGR,FALSE,FALSE,FALSE,FALSE,2,1,1,1_1,15563a10-47a8-401d-a507-2c7101f7ae60,NA
6,66977444,66977444,1,snv_mnv,NA,NA,"broad,dkfz,muse,sanger",4,COSN18985325,NA,L1MEg2,FALSE,0.4706,NA,16,18,NA,NA,NA,IGR,FALSE,FALSE,FALSE,FALSE,2,1,1,1_1,15563a10-47a8-401d-a507-2c7101f7ae60,NA
6,66990280,66990280,1,snv_mnv,NA,NA,"broad,dkfz,muse,sanger",4,COSN18985300,NA,THE1A-int,FALSE,0.6111,NA,11,7,NA,NA,NA,IGR,FALSE,FALSE,FALSE,FALSE,2,1,1,1_1,15563a10-47a8-401d-a507-2c7101f7ae60,NA
6,67569529,67569529,1,snv_mnv,NA,NA,"broad,dkfz,muse,sanger",4,COSN517353,NA,NA,FALSE,0.5,NA,17,17,NA,NA,NA,IGR,FALSE,FALSE,FALSE,FALSE,2,1,1,1_1,15563a10-47a8-401d-a507-2c7101f7ae60,NA
6,69900984,69900984,1,snv_mnv,NA,NA,"broad,dkfz,muse,sanger",4,COSN18985294,NA,MIRc,FALSE,0.4118,NA,14,20,NA,NA,NA,Intron,FALSE,FALSE,FALSE,FALSE,2,1,1,1_1,15563a10-47a8-401d-a507-2c7101f7ae60,NA
6,70659015,70659015,1,snv_mnv,NA,NA,"broad,dkfz,muse,sanger",4,COSN159614,NA,NA,FALSE,0.4839,NA,15,16,NA,NA,NA,Intron,FALSE,FALSE,FALSE,FALSE,2,1,1,1_1,15563a10-47a8-401d-a507-2c7101f7ae60,NA
6,72234096,72234096,1,snv_mnv,NA,NA,"broad,dkfz,muse,sanger",4,COSN517364,NA,NA,FALSE,0.4706,NA,16,18,NA,NA,NA,IGR,FALSE,FALSE,FALSE,FALSE,2,1,1,1_1,15563a10-47a8-401d-a507-2c7101f7ae60,NA
6,72444775,72444775,1,snv_mnv,NA,NA,"broad,dkfz,muse,sanger",4,COSN517365,rs558538916,NA,FALSE,0.4615,NA,18,21,NA,NA,NA,IGR,FALSE,FALSE,FALSE,FALSE,2,1,1,1_1,15563a10-47a8-401d-a507-2c7101f7ae60,NA
6,76755969,76755969,1,snv_mnv,3.9936e-4,rs560466445,"broad,dkfz,muse,sanger",4,COSN517374,rs560466445,NA,FALSE,0.5862,NA,17,12,NA,NA,NA,Intron,FALSE,FALSE,FALSE,FALSE,2,1,1,1_1,15563a10-47a8-401d-a507-2c7101f7ae60,NA
6,78080556,78080556,1,snv_mnv,NA,NA,"broad,dkfz,muse,sanger",4,COSN517375,NA,NA,FALSE,0.4667,NA,14,16,NA,NA,NA,IGR,FALSE,FALSE,FALSE,FALSE,2,1,1,1_1,15563a10-47a8-401d-a507-2c7101f7ae60,NA
6,80771368,80771368,1,snv_mnv,NA,NA,"broad,dkfz,muse,sanger",4,COSN18985275,NA,L4,FALSE,0.5,NA,14,14,NA,NA,NA,IGR,FALSE,FALSE,FALSE,FALSE,2,1,1,1_1,15563a10-47a8-401d-a507-2c7101f7ae60,AL591135.1
6,85961388,85961388,1,snv_mnv,NA,NA,"broad,dkfz,muse,sanger",4,COSN159751,NA,NA,FALSE,0.5152,NA,17,16,NA,NA,NA,IGR,FALSE,FALSE,FALSE,FALSE,2,1,1,1_1,15563a10-47a8-401d-a507-2c7101f7ae60,NA
6,92843854,92843854,1,snv_mnv,NA,NA,"broad,dkfz,muse,sanger",4,COSN18985290,rs768702853,L1MA5,FALSE,0.3333,NA,6,12,NA,NA,NA,IGR,FALSE,FALSE,FALSE,FALSE,2,1,1,1_1,15563a10-47a8-401d-a507-2c7101f7ae60,NA
6,94752888,94752888,1,snv_mnv,NA,NA,"broad,dkfz,muse,sanger",4,COSN517395,NA,NA,FALSE,0.3636,NA,12,21,NA,NA,NA,IGR,FALSE,FALSE,FALSE,FALSE,2,1,1,1_1,15563a10-47a8-401d-a507-2c7101f7ae60,NA
6,95218947,95218947,1,snv_mnv,NA,NA,"broad,muse,sanger",3,COSN18985317,NA,AluSx1,FALSE,0.3333,NA,6,12,NA,NA,NA,IGR,FALSE,FALSE,FALSE,FALSE,2,1,1,1_1,15563a10-47a8-401d-a507-2c7101f7ae60,NA
6,95663731,95663731,1,snv_mnv,NA,NA,"broad,dkfz,muse,sanger",4,COSN517399,NA,NA,FALSE,0.3043,NA,7,16,NA,NA,NA,IGR,FALSE,FALSE,FALSE,FALSE,2,1,1,1_1,15563a10-47a8-401d-a507-2c7101f7ae60,NA
6,101273941,101273941,1,snv_mnv,NA,NA,"broad,dkfz,muse,sanger",4,COSN18985315,NA,L3,FALSE,0.4062,NA,13,19,NA,NA,NA,Intron,FALSE,FALSE,FALSE,FALSE,2,1,1,1_1,15563a10-47a8-401d-a507-2c7101f7ae60,NA
6,101444525,101444525,1,snv_mnv,NA,NA,"broad,dkfz,muse,sanger",4,COSN517218,NA,NA,FALSE,0.3824,NA,13,21,NA,NA,NA,IGR,FALSE,FALSE,FALSE,FALSE,2,1,1,1_1,15563a10-47a8-401d-a507-2c7101f7ae60,NA
6,102152384,102152384,1,snv_mnv,NA,NA,"broad,dkfz,muse,sanger",4,COSN517221,NA,NA,FALSE,0.76,NA,19,6,NA,NA,NA,Intron,FALSE,FALSE,FALSE,FALSE,2,1,1,1_1,15563a10-47a8-401d-a507-2c7101f7ae60,NA
6,102296929,102296929,1,snv_mnv,NA,NA,"broad,dkfz,muse,sanger",4,COSN517222,NA,NA,FALSE,0.48,NA,12,13,NA,NA,NA,Intron,FALSE,FALSE,FALSE,FALSE,2,1,1,1_1,15563a10-47a8-401d-a507-2c7101f7ae60,NA
6,102638618,102638618,1,snv_mnv,NA,NA,"broad,dkfz,muse,sanger",4,COSN18985314,NA,MLT1G1,FALSE,0.4516,NA,14,17,NA,NA,NA,IGR,FALSE,FALSE,FALSE,FALSE,2,1,1,1_1,15563a10-47a8-401d-a507-2c7101f7ae60,NA
6,103170144,103170144,1,snv_mnv,1.9968e-4,rs562277715,"broad,muse,sanger",3,COSN18985302,rs562277715,L1PA2,FALSE,0.3333,NA,5,10,NA,NA,NA,IGR,FALSE,FALSE,FALSE,FALSE,2,1,1,1_1,15563a10-47a8-401d-a507-2c7101f7ae60,NA
6,106103783,106103783,1,snv_mnv,NA,NA,"broad,dkfz,muse,sanger",4,COSN18985305,NA,ERVL-B4-int,FALSE,0.4167,NA,15,21,NA,NA,NA,IGR,FALSE,FALSE,FALSE,FALSE,2,1,1,1_1,15563a10-47a8-401d-a507-2c7101f7ae60,NA
6,109603142,109603142,1,snv_mnv,NA,NA,"broad,dkfz,muse,sanger",4,COSN517229,NA,NA,FALSE,0.65,NA,13,7,NA,NA,NA,IGR,FALSE,FALSE,FALSE,FALSE,2,1,1,1_1,15563a10-47a8-401d-a507-2c7101f7ae60,CCDC162P
6,110033773,110033773,1,snv_mnv,NA,NA,"broad,dkfz,muse,sanger",4,COSN18985308,NA,L1PA13,FALSE,0.6538,NA,17,9,NA,NA,NA,Intron,FALSE,FALSE,FALSE,FALSE,2,1,1,1_1,15563a10-47a8-401d-a507-2c7101f7ae60,FIG4
6,112607789,112607789,1,snv_mnv,NA,NA,"broad,dkfz,muse,sanger",4,COSN18985318,NA,MIR,FALSE,0.3421,NA,13,25,NA,NA,NA,RNA,FALSE,FALSE,FALSE,FALSE,2,1,1,1_1,15563a10-47a8-401d-a507-2c7101f7ae60,NA
6,112626918,112626918,1,snv_mnv,NA,NA,"broad,dkfz,muse,sanger",4,COSN18985326,NA,AluSc8,FALSE,0.4,NA,8,12,NA,NA,NA,RNA,FALSE,FALSE,FALSE,FALSE,2,1,1,1_1,15563a10-47a8-401d-a507-2c7101f7ae60,NA
6,113533896,113533896,1,snv_mnv,NA,NA,"broad,muse,sanger",3,COSN18985319,NA,L1PA5,FALSE,0.3,NA,9,21,NA,NA,NA,IGR,FALSE,FALSE,FALSE,FALSE,2,1,1,1_1,15563a10-47a8-401d-a507-2c7101f7ae60,NA
6,115258772,115258772,1,snv_mnv,NA,NA,"broad,dkfz,muse,sanger",4,COSN18985309,NA,L1M5,FALSE,0.3448,NA,10,19,NA,NA,NA,IGR,FALSE,FALSE,FALSE,FALSE,2,1,1,1_1,15563a10-47a8-401d-a507-2c7101f7ae60,NA
6,115874818,115874818,1,snv_mnv,NA,NA,"broad,dkfz,muse,sanger",4,COSN18985296,NA,MLT2B4,FALSE,0.5641,NA,22,17,NA,NA,NA,IGR,FALSE,FALSE,FALSE,FALSE,2,1,1,1_1,15563a10-47a8-401d-a507-2c7101f7ae60,NA
6,116437232,116437232,1,snv_mnv,NA,NA,"broad,dkfz,muse,sanger",4,COSN517235,NA,NA,FALSE,0.6538,NA,17,9,NA,NA,NA,Intron,FALSE,FALSE,FALSE,FALSE,2,1,1,1_1,15563a10-47a8-401d-a507-2c7101f7ae60,"NT5DC1,COL10A1"
6,121127922,121127922,1,snv_mnv,NA,NA,"broad,muse,sanger",3,COSN18985287,NA,LTR12_,FALSE,0.3784,NA,14,23,NA,NA,NA,IGR,FALSE,FALSE,FALSE,FALSE,2,1,1,1_1,15563a10-47a8-401d-a507-2c7101f7ae60,NA
6,122059900,122059900,1,snv_mnv,NA,NA,"broad,muse,sanger",3,COSN18985313,NA,L1MEf,FALSE,0.25,NA,7,21,NA,NA,NA,IGR,FALSE,FALSE,FALSE,FALSE,2,1,1,1_1,15563a10-47a8-401d-a507-2c7101f7ae60,NA
6,122635841,122635841,1,snv_mnv,NA,NA,"broad,dkfz,muse",3,COSN18985284,NA,(CATG)n,FALSE,0.5238,NA,22,20,NA,NA,NA,IGR,FALSE,FALSE,FALSE,FALSE,2,1,1,1_1,15563a10-47a8-401d-a507-2c7101f7ae60,NA
6,124080188,124080188,1,snv_mnv,NA,NA,"broad,dkfz,muse,sanger",4,COSN18985321,NA,L1MD2,FALSE,0.5,NA,16,16,NA,NA,NA,IGR,FALSE,FALSE,FALSE,FALSE,2,1,1,1_1,15563a10-47a8-401d-a507-2c7101f7ae60,NA
6,124583858,124583858,1,snv_mnv,NA,NA,"broad,dkfz,muse,sanger",4,COSN18985303,NA,L2c,FALSE,0.3704,NA,10,17,NA,NA,NA,Intron,FALSE,FALSE,FALSE,FALSE,2,1,1,1_1,15563a10-47a8-401d-a507-2c7101f7ae60,NA
6,126973019,126973019,1,snv_mnv,NA,NA,"broad,dkfz,muse,sanger",4,COSN517244,NA,NA,FALSE,0.4737,NA,18,20,NA,NA,NA,IGR,FALSE,FALSE,FALSE,FALSE,2,1,1,1_1,15563a10-47a8-401d-a507-2c7101f7ae60,NA
6,128295546,128295546,1,snv_mnv,NA,NA,"broad,dkfz,muse,sanger",4,COSN18985279,NA,L2c,FALSE,0.5862,NA,17,12,NA,NA,NA,Intron,FALSE,FALSE,FALSE,FALSE,2,1,1,1_1,15563a10-47a8-401d-a507-2c7101f7ae60,NA
6,128954949,128954949,1,snv_mnv,NA,NA,"broad,dkfz,muse,sanger",4,COSN517250,NA,NA,FALSE,0.2692,NA,7,19,NA,NA,NA,IGR,FALSE,FALSE,FALSE,FALSE,2,1,1,1_1,15563a10-47a8-401d-a507-2c7101f7ae60,NA
6,133278062,133278062,1,snv_mnv,NA,NA,"broad,dkfz,muse,sanger",4,COSN517255,NA,NA,FALSE,0.6429,NA,18,10,NA,NA,NA,IGR,FALSE,FALSE,FALSE,FALSE,2,1,1,1_1,15563a10-47a8-401d-a507-2c7101f7ae60,NA
6,133751538,133751538,1,snv_mnv,3.9936e-4,rs569082239,"broad,dkfz,muse,sanger",4,COSN517256,rs569082239,NA,FALSE,0.4,NA,16,24,NA,NA,NA,Intron,FALSE,FALSE,FALSE,FALSE,2,1,1,1_1,15563a10-47a8-401d-a507-2c7101f7ae60,AL024497.1
6,135510587,135510587,1,snv_mnv,NA,NA,"broad,dkfz,muse,sanger",4,COSN517258,NA,NA,FALSE,0.5556,NA,15,12,NA,NA,NA,Intron,FALSE,FALSE,FALSE,FALSE,2,1,1,1_1,15563a10-47a8-401d-a507-2c7101f7ae60,NA
6,137992109,137992109,1,snv_mnv,NA,NA,"broad,dkfz,muse,sanger",4,COSN18985297,NA,L1PA10,FALSE,0.4359,NA,17,22,NA,NA,NA,lincRNA,FALSE,FALSE,FALSE,FALSE,2,1,1,1_1,15563a10-47a8-401d-a507-2c7101f7ae60,AL356234.2
6,140581445,140581445,1,snv_mnv,NA,NA,"broad,muse,sanger",3,COSN18985277,rs375713134,HERVH-int,FALSE,0.5,NA,9,9,NA,NA,NA,IGR,FALSE,FALSE,FALSE,FALSE,2,1,1,1_1,15563a10-47a8-401d-a507-2c7101f7ae60,NA
6,140589892,140589892,1,snv_mnv,NA,NA,"broad,dkfz,muse",3,COSN18985281,NA,(TATATG)n,FALSE,0.2812,NA,9,23,NA,NA,NA,IGR,FALSE,FALSE,FALSE,FALSE,2,1,1,1_1,15563a10-47a8-401d-a507-2c7101f7ae60,NA
6,142303573,142303573,1,snv_mnv,NA,NA,"broad,dkfz,muse,sanger",4,COSN517263,NA,NA,FALSE,0.44,NA,11,14,NA,NA,NA,IGR,FALSE,FALSE,FALSE,FALSE,2,1,1,1_1,15563a10-47a8-401d-a507-2c7101f7ae60,NA
6,145244716,145244716,1,snv_mnv,NA,NA,"broad,dkfz,muse,sanger",4,COSN18985311,NA,LTR7Y,FALSE,0.3704,NA,10,17,NA,NA,NA,IGR,FALSE,FALSE,FALSE,FALSE,2,1,1,1_1,15563a10-47a8-401d-a507-2c7101f7ae60,NA
6,145468582,145468582,1,snv_mnv,NA,NA,"broad,dkfz,muse,sanger",4,COSN517266,NA,NA,FALSE,0.5556,NA,25,20,NA,NA,NA,IGR,FALSE,FALSE,FALSE,FALSE,2,1,1,1_1,15563a10-47a8-401d-a507-2c7101f7ae60,NA
6,145632217,145632217,1,snv_mnv,NA,NA,"broad,dkfz,muse,sanger",4,COSN159748,NA,NA,FALSE,0.6667,NA,20,10,NA,NA,NA,IGR,FALSE,FALSE,FALSE,FALSE,2,1,1,1_1,15563a10-47a8-401d-a507-2c7101f7ae60,NA
6,145651000,145651000,1,snv_mnv,NA,NA,"broad,dkfz,muse,sanger",4,COSN18985291,NA,L2a,FALSE,0.4615,NA,12,14,NA,NA,NA,IGR,FALSE,FALSE,FALSE,FALSE,2,1,1,1_1,15563a10-47a8-401d-a507-2c7101f7ae60,NA
6,145761763,145761763,1,snv_mnv,NA,NA,"broad,dkfz,muse,sanger",4,COSN18985301,NA,THE1A-int,FALSE,0.5789,NA,22,16,NA,NA,NA,IGR,FALSE,FALSE,FALSE,FALSE,2,1,1,1_1,15563a10-47a8-401d-a507-2c7101f7ae60,NA
6,146275272,146275272,1,snv_mnv,NA,NA,"broad,dkfz,muse,sanger",4,COSN18985293,NA,L2c,FALSE,0.4286,NA,18,24,NA,NA,NA,Intron,FALSE,FALSE,FALSE,FALSE,2,1,1,1_1,15563a10-47a8-401d-a507-2c7101f7ae60,NA
6,149475449,149475449,1,snv_mnv,NA,NA,"broad,dkfz,muse,sanger",4,COSN517269,NA,NA,FALSE,0.6444,NA,29,16,NA,NA,NA,IGR,FALSE,FALSE,FALSE,FALSE,2,1,1,1_1,15563a10-47a8-401d-a507-2c7101f7ae60,NA
6,162634149,162634149,1,snv_mnv,NA,NA,"broad,dkfz,muse,sanger",4,COSN517278,NA,NA,FALSE,0.4186,NA,18,25,NA,NA,NA,Intron,FALSE,FALSE,FALSE,FALSE,2,1,1,1_1,15563a10-47a8-401d-a507-2c7101f7ae60,NA
6,163685263,163685263,1,snv_mnv,NA,NA,"broad,dkfz,muse,sanger",4,COSN159608,NA,NA,FALSE,0.4545,NA,15,18,NA,NA,NA,Intron,FALSE,FALSE,FALSE,FALSE,2,1,1,1_1,15563a10-47a8-401d-a507-2c7101f7ae60,NA
6,165639673,165639673,1,snv_mnv,NA,NA,"broad,dkfz,muse,sanger",4,COSN517282,NA,NA,FALSE,0.5455,NA,18,15,NA,NA,NA,IGR,FALSE,FALSE,FALSE,FALSE,2,1,1,1_1,15563a10-47a8-401d-a507-2c7101f7ae60,NA
6,166475744,166475744,1,snv_mnv,NA,NA,"broad,dkfz,muse,sanger",4,COSN18985274,NA,MSTD-int,FALSE,0.4688,NA,15,17,NA,NA,NA,IGR,FALSE,FALSE,FALSE,FALSE,2,1,1,1_1,15563a10-47a8-401d-a507-2c7101f7ae60,GAPDHP72
6,168089519,168089519,1,snv_mnv,NA,NA,"broad,muse,sanger",3,COSN18985272,NA,AluSc,FALSE,0.2727,NA,3,8,NA,NA,NA,IGR,FALSE,FALSE,FALSE,FALSE,2,1,1,1_1,15563a10-47a8-401d-a507-2c7101f7ae60,NA
6,170364589,170364589,1,snv_mnv,NA,NA,"broad,dkfz,muse,sanger",4,COSN18985295,NA,NA,FALSE,0.4444,NA,8,10,NA,NA,NA,IGR,FALSE,FALSE,FALSE,FALSE,2,1,1,1_1,15563a10-47a8-401d-a507-2c7101f7ae60,NA
7,1379053,1379053,1,snv_mnv,NA,NA,"broad,dkfz,muse,sanger",4,COSN18984940,NA,L1MEc,FALSE,0.5238,NA,11,10,NA,NA,NA,IGR,FALSE,FALSE,FALSE,FALSE,2,1,1,1_1,15563a10-47a8-401d-a507-2c7101f7ae60,NA
7,1824870,1824870,1,snv_mnv,NA,NA,"broad,dkfz,muse,sanger",4,COSN517497,NA,NA,FALSE,0.3548,NA,11,20,NA,NA,NA,IGR,FALSE,FALSE,FALSE,FALSE,2,1,1,1_1,15563a10-47a8-401d-a507-2c7101f7ae60,NA
7,8786129,8786129,1,snv_mnv,NA,NA,"broad,dkfz,muse,sanger",4,COSN517604,NA,NA,FALSE,0.4118,NA,14,20,NA,NA,NA,Intron,FALSE,FALSE,FALSE,FALSE,2,1,1,1_1,15563a10-47a8-401d-a507-2c7101f7ae60,NXPH1
7,8902881,8902881,1,snv_mnv,NA,NA,"broad,dkfz,muse,sanger",4,COSN517605,NA,NA,FALSE,0.359,NA,14,25,NA,NA,NA,IGR,FALSE,FALSE,FALSE,FALSE,2,1,1,1_1,15563a10-47a8-401d-a507-2c7101f7ae60,NA
7,10161189,10161189,1,snv_mnv,NA,NA,"broad,dkfz,muse,sanger",4,COSN159747,NA,NA,FALSE,0.4194,NA,13,18,NA,NA,NA,IGR,FALSE,FALSE,FALSE,FALSE,2,1,1,1_1,15563a10-47a8-401d-a507-2c7101f7ae60,NA
7,10619596,10619596,1,snv_mnv,1.9968e-4,rs532879248,"broad,muse,sanger",3,COSN18984927,rs532879248,AluY,FALSE,0.3889,NA,7,11,NA,NA,NA,IGR,FALSE,FALSE,FALSE,FALSE,2,1,1,1_1,15563a10-47a8-401d-a507-2c7101f7ae60,NA
7,11766093,11766093,1,snv_mnv,NA,NA,"dkfz,sanger",2,COSN517426,NA,NA,FALSE,0.4074,NA,11,16,NA,NA,NA,Intron,FALSE,FALSE,FALSE,FALSE,2,1,1,1_1,15563a10-47a8-401d-a507-2c7101f7ae60,NA
7,11977841,11977841,1,snv_mnv,NA,NA,"broad,dkfz,muse,sanger",4,COSN517430,NA,NA,FALSE,0.4516,NA,14,17,NA,NA,NA,IGR,FALSE,FALSE,FALSE,FALSE,2,1,1,1_1,15563a10-47a8-401d-a507-2c7101f7ae60,NA
7,13794589,13794589,1,snv_mnv,NA,NA,"broad,dkfz,muse,sanger",4,COSN18984919,NA,MIR,FALSE,0.3793,NA,11,18,NA,NA,NA,IGR,FALSE,FALSE,FALSE,FALSE,2,1,1,1_1,15563a10-47a8-401d-a507-2c7101f7ae60,AC011287.1
7,14945696,14945696,1,snv_mnv,NA,NA,"broad,dkfz,muse,sanger",4,COSN517473,NA,NA,FALSE,0.4,NA,12,18,NA,NA,NA,5'Flank,FALSE,FALSE,FALSE,FALSE,2,1,1,1_1,15563a10-47a8-401d-a507-2c7101f7ae60,DGKB
7,14950061,14950061,1,snv_mnv,NA,NA,"broad,dkfz,muse,sanger",4,COSN517474,NA,NA,FALSE,0.5312,NA,17,15,NA,NA,NA,IGR,FALSE,FALSE,FALSE,FALSE,2,1,1,1_1,15563a10-47a8-401d-a507-2c7101f7ae60,NA
7,22247944,22247944,1,snv_mnv,NA,NA,"broad,dkfz,muse,sanger",4,COSN517503,NA,NA,FALSE,0.5,NA,23,23,NA,NA,NA,Intron,FALSE,FALSE,FALSE,FALSE,2,1,1,1_1,15563a10-47a8-401d-a507-2c7101f7ae60,NA
7,29120628,29120628,1,snv_mnv,NA,NA,"broad,dkfz,muse,sanger",4,COSN517508,NA,NA,FALSE,0.65,NA,13,7,NA,NA,NA,Intron,FALSE,FALSE,FALSE,FALSE,2,1,1,1_1,15563a10-47a8-401d-a507-2c7101f7ae60,NA
7,34543576,34543576,1,snv_mnv,NA,NA,"broad,dkfz,muse,sanger",4,COSN18984926,NA,MSTA,FALSE,0.5417,NA,13,11,NA,NA,NA,RNA,FALSE,FALSE,FALSE,FALSE,2,1,1,1_1,15563a10-47a8-401d-a507-2c7101f7ae60,NA
7,36656302,36656302,1,snv_mnv,NA,NA,"broad,dkfz,muse,sanger",4,COSN517515,NA,NA,FALSE,0.3889,NA,14,22,NA,NA,NA,Intron,FALSE,FALSE,FALSE,FALSE,2,1,1,1_1,15563a10-47a8-401d-a507-2c7101f7ae60,NA
7,38009673,38009673,1,snv_mnv,1.9968e-4,rs568444065,"broad,dkfz,muse,sanger",4,COSN517517,rs568444065,NA,FALSE,0.3913,NA,9,14,NA,NA,NA,IGR,FALSE,FALSE,FALSE,FALSE,2,1,1,1_1,15563a10-47a8-401d-a507-2c7101f7ae60,NA
7,39345032,39345032,1,snv_mnv,0.0033946,rs112898292,"broad,dkfz,muse,sanger",4,COSN17275651,rs112898292,NA,FALSE,0.4054,NA,15,22,NA,NA,NA,Intron,FALSE,FALSE,FALSE,FALSE,2,1,1,1_1,15563a10-47a8-401d-a507-2c7101f7ae60,NA
7,40456322,40456322,1,snv_mnv,NA,NA,"broad,dkfz,muse,sanger",4,COSN18984918,NA,L1M5,FALSE,0.5,NA,14,14,NA,NA,NA,Intron,FALSE,FALSE,FALSE,FALSE,2,1,1,1_1,15563a10-47a8-401d-a507-2c7101f7ae60,NA
7,42331504,42331504,1,snv_mnv,NA,NA,"broad,dkfz,muse,sanger",4,COSN18984921,NA,MER20,FALSE,0.4474,NA,17,21,NA,NA,NA,IGR,FALSE,FALSE,FALSE,FALSE,2,1,1,1_1,15563a10-47a8-401d-a507-2c7101f7ae60,NA
7,43346653,43346653,1,snv_mnv,NA,NA,"broad,dkfz,sanger",3,COSN18984934,NA,NA,FALSE,0.2857,NA,6,15,NA,NA,NA,Intron,FALSE,FALSE,FALSE,FALSE,2,1,1,1_1,15563a10-47a8-401d-a507-2c7101f7ae60,NA
7,43450332,43450332,1,snv_mnv,NA,NA,"broad,dkfz,muse,sanger",4,COSN18984936,NA,L1MEf,FALSE,0.5161,NA,16,15,NA,NA,NA,Intron,FALSE,FALSE,FALSE,FALSE,2,1,1,1_1,15563a10-47a8-401d-a507-2c7101f7ae60,HECW1
7,45382058,45382058,1,snv_mnv,1.9968e-4,rs556563961,"broad,dkfz,muse,sanger",4,COSN18984935,rs556563961,MER47B,FALSE,0.3929,NA,11,17,NA,NA,NA,IGR,FALSE,FALSE,FALSE,FALSE,2,1,1,1_1,15563a10-47a8-401d-a507-2c7101f7ae60,NA
7,46400321,46400321,1,snv_mnv,NA,NA,"broad,dkfz,muse,sanger",4,COSN517530,NA,NA,FALSE,0.5938,NA,19,13,NA,NA,NA,IGR,FALSE,FALSE,FALSE,FALSE,2,1,1,1_1,15563a10-47a8-401d-a507-2c7101f7ae60,NA
7,51907405,51907405,1,snv_mnv,NA,NA,"broad,muse,sanger",3,COSN18984906,NA,AluSc,FALSE,0.2941,NA,5,12,NA,NA,NA,IGR,FALSE,FALSE,FALSE,FALSE,2,1,1,1_1,15563a10-47a8-401d-a507-2c7101f7ae60,NA
7,53817514,53817514,1,snv_mnv,NA,NA,"broad,dkfz,muse,sanger",4,COSN18984930,NA,L1PA15,FALSE,0.6,NA,24,16,NA,NA,NA,lincRNA,FALSE,FALSE,FALSE,FALSE,2,1,1,1_1,15563a10-47a8-401d-a507-2c7101f7ae60,NA
7,54890219,54890219,1,snv_mnv,NA,NA,"broad,dkfz,muse,sanger",4,COSN159745,NA,NA,FALSE,0.48,NA,12,13,NA,NA,NA,IGR,FALSE,FALSE,FALSE,FALSE,2,1,1,1_1,15563a10-47a8-401d-a507-2c7101f7ae60,NA
7,55152579,55152579,1,snv_mnv,NA,NA,"broad,dkfz,muse,sanger",4,COSN517550,NA,NA,FALSE,0.4062,NA,13,19,NA,NA,NA,Intron,FALSE,FALSE,FALSE,FALSE,2,1,1,1_1,15563a10-47a8-401d-a507-2c7101f7ae60,NA
7,62408463,62408463,1,snv_mnv,NA,NA,"broad,muse",2,COSN18984912,NA,ALR/Alpha,FALSE,0.5161,NA,16,15,NA,NA,NA,IGR,FALSE,FALSE,FALSE,FALSE,2,1,1,1_1,15563a10-47a8-401d-a507-2c7101f7ae60,NA
7,67312330,67312330,1,snv_mnv,NA,NA,"broad,dkfz,muse,sanger",4,COSN517560,NA,NA,FALSE,0.5357,NA,15,13,NA,NA,NA,IGR,FALSE,FALSE,FALSE,FALSE,2,1,1,1_1,15563a10-47a8-401d-a507-2c7101f7ae60,NA
7,69058456,69058456,1,snv_mnv,NA,NA,"broad,dkfz,muse,sanger",4,COSN18984937,NA,NA,FALSE,0.2593,NA,7,20,NA,NA,NA,lincRNA,FALSE,FALSE,FALSE,FALSE,2,1,1,1_1,15563a10-47a8-401d-a507-2c7101f7ae60,"AUTS2,AC006012.1"
7,73455328,73455328,1,snv_mnv,NA,NA,"broad,dkfz,muse",3,COSN517565,NA,NA,FALSE,0.5625,NA,18,14,NA,NA,NA,Intron,FALSE,FALSE,FALSE,FALSE,2,1,1,1_1,15563a10-47a8-401d-a507-2c7101f7ae60,ELN
7,73765524,73765524,1,snv_mnv,NA,NA,"broad,dkfz,muse,sanger",4,COSN18984916,rs550157061,AluJb,FALSE,0.55,NA,11,9,NA,NA,NA,Intron,FALSE,FALSE,FALSE,FALSE,2,1,1,1_1,15563a10-47a8-401d-a507-2c7101f7ae60,NA
7,77678595,77678595,1,snv_mnv,NA,NA,"broad,dkfz,muse,sanger",4,COSN517567,NA,NA,FALSE,0.5152,NA,17,16,NA,NA,NA,Intron,FALSE,FALSE,FALSE,FALSE,2,1,1,1_1,15563a10-47a8-401d-a507-2c7101f7ae60,NA
7,77765872,77765872,1,snv_mnv,NA,NA,"broad,dkfz,muse,sanger",4,COSN517568,NA,NA,FALSE,0.5172,NA,15,14,NA,NA,NA,Intron,FALSE,FALSE,FALSE,FALSE,2,1,1,1_1,15563a10-47a8-401d-a507-2c7101f7ae60,AC004808.2
7,79731706,79731706,1,snv_mnv,NA,NA,"broad,sanger",2,COSN18984910,NA,AluJo,FALSE,0.6667,NA,4,2,NA,NA,NA,IGR,FALSE,FALSE,FALSE,FALSE,2,1,1,1_1,15563a10-47a8-401d-a507-2c7101f7ae60,NA
7,80172071,80172071,1,snv_mnv,3.9936e-4,rs573446184,"broad,dkfz,muse,sanger",4,COSN517582,rs573446184,NA,FALSE,0.4583,NA,11,13,NA,NA,NA,Intron,FALSE,FALSE,FALSE,FALSE,2,1,1,1_1,15563a10-47a8-401d-a507-2c7101f7ae60,NA
7,81160658,81160658,1,snv_mnv,1.9968e-4,rs573108217,"broad,dkfz,muse,sanger",4,COSN517584,rs573108217,NA,FALSE,0.4667,NA,14,16,NA,NA,NA,lincRNA,FALSE,FALSE,FALSE,FALSE,2,1,1,1_1,15563a10-47a8-401d-a507-2c7101f7ae60,NA
7,81546029,81546029,1,snv_mnv,NA,NA,"broad,dkfz,muse,sanger",4,COSN18984901,NA,L1MC3,FALSE,0.4722,NA,17,19,NA,NA,NA,IGR,FALSE,FALSE,FALSE,FALSE,2,1,1,1_1,15563a10-47a8-401d-a507-2c7101f7ae60,NA
7,82005509,82005509,1,snv_mnv,NA,NA,"broad,dkfz,muse,sanger",4,COSN517585,NA,NA,FALSE,0.5263,NA,20,18,NA,NA,NA,Intron,FALSE,FALSE,FALSE,FALSE,2,1,1,1_1,15563a10-47a8-401d-a507-2c7101f7ae60,NA
7,83721658,83721658,1,snv_mnv,NA,NA,"broad,dkfz,muse,sanger",4,COSN517593,NA,NA,FALSE,0.5641,NA,22,17,NA,NA,NA,Intron,FALSE,FALSE,FALSE,FALSE,2,1,1,1_1,15563a10-47a8-401d-a507-2c7101f7ae60,NA
7,85792305,85792305,1,snv_mnv,NA,NA,"broad,dkfz,muse,sanger",4,COSN18984955,rs767563808,L1PA8A,FALSE,0.4364,NA,24,31,NA,NA,NA,IGR,FALSE,FALSE,FALSE,FALSE,2,1,1,1_1,15563a10-47a8-401d-a507-2c7101f7ae60,NA
7,85830419,85830419,1,snv_mnv,NA,NA,"broad,dkfz,muse,sanger",4,COSN517600,NA,NA,FALSE,0.56,NA,14,11,NA,NA,NA,IGR,FALSE,FALSE,FALSE,FALSE,2,1,1,1_1,15563a10-47a8-401d-a507-2c7101f7ae60,NA
7,85912274,85912274,1,snv_mnv,NA,NA,"broad,dkfz,muse,sanger",4,COSN18984933,NA,L1ME3A,FALSE,0.5,NA,16,16,NA,NA,NA,IGR,FALSE,FALSE,FALSE,FALSE,2,1,1,1_1,15563a10-47a8-401d-a507-2c7101f7ae60,NA
7,86150805,86150805,1,snv_mnv,3.9936e-4,rs529972374,"broad,dkfz,muse,sanger",4,COSN18984920,rs529972374,MER33,FALSE,0.1458,NA,7,41,NA,NA,NA,IGR,FALSE,FALSE,FALSE,FALSE,2,1,1,1_1,15563a10-47a8-401d-a507-2c7101f7ae60,NA
7,87341755,87341755,1,snv_mnv,NA,NA,"broad,muse",2,COSN18984939,NA,NA,FALSE,0.1786,NA,5,23,NA,NA,NA,Intron,FALSE,FALSE,FALSE,FALSE,2,1,1,1_1,15563a10-47a8-401d-a507-2c7101f7ae60,NA
7,87628101,87628101,1,snv_mnv,NA,NA,"broad,dkfz,muse,sanger",4,COSN18984943,NA,MLT1E2,FALSE,0.3333,NA,6,12,NA,NA,NA,Intron,FALSE,FALSE,FALSE,FALSE,2,1,1,1_1,15563a10-47a8-401d-a507-2c7101f7ae60,NA
7,89100972,89100972,1,snv_mnv,NA,NA,"broad,dkfz,muse,sanger",4,COSN18984904,NA,L1MD1,FALSE,0.4,NA,12,18,NA,NA,NA,lincRNA,FALSE,FALSE,FALSE,FALSE,2,1,1,1_1,15563a10-47a8-401d-a507-2c7101f7ae60,NA
7,89346343,89346343,1,snv_mnv,NA,NA,"broad,dkfz,muse",3,COSN517608,rs10215521,NA,FALSE,0.4667,NA,14,16,NA,NA,NA,IGR,FALSE,FALSE,FALSE,FALSE,2,1,1,1_1,15563a10-47a8-401d-a507-2c7101f7ae60,NA
7,89464921,89464921,1,snv_mnv,NA,NA,"broad,dkfz,muse,sanger",4,COSN517609,NA,NA,FALSE,0.5385,NA,14,12,NA,NA,NA,IGR,FALSE,FALSE,FALSE,FALSE,2,1,1,1_1,15563a10-47a8-401d-a507-2c7101f7ae60,NA
7,90239839,90239839,1,snv_mnv,NA,NA,"broad,dkfz,muse,sanger",4,COSN18984952,NA,MLT1C,FALSE,0.4783,NA,11,12,NA,NA,NA,Intron,FALSE,FALSE,FALSE,FALSE,2,1,1,1_1,15563a10-47a8-401d-a507-2c7101f7ae60,NA
7,94308383,94308383,1,snv_mnv,NA,NA,"broad,dkfz,muse,sanger",4,COSN18984928,NA,L1P4,FALSE,0.2683,NA,11,30,NA,NA,NA,IGR,FALSE,FALSE,FALSE,FALSE,2,1,1,1_1,15563a10-47a8-401d-a507-2c7101f7ae60,NA
7,95504655,95504655,1,snv_mnv,3.9936e-4,rs139736093,"broad,dkfz,muse,sanger",4,COSN517612,rs139736093,NA,FALSE,0.4615,NA,18,21,NA,NA,NA,Intron,FALSE,FALSE,FALSE,FALSE,2,1,1,1_1,15563a10-47a8-401d-a507-2c7101f7ae60,NA
7,95581382,95581382,1,snv_mnv,NA,NA,"broad,dkfz,muse,sanger",4,COSN517613,NA,NA,FALSE,0.3864,NA,17,27,NA,NA,NA,Intron,FALSE,FALSE,FALSE,FALSE,2,1,1,1_1,15563a10-47a8-401d-a507-2c7101f7ae60,NA
7,95742127,95742127,1,snv_mnv,NA,NA,"broad,dkfz,muse,sanger",4,COSN18984929,NA,L1MEc,FALSE,0.4375,NA,7,9,NA,NA,NA,IGR,FALSE,FALSE,FALSE,FALSE,2,1,1,1_1,15563a10-47a8-401d-a507-2c7101f7ae60,DYNC1I1
7,101878289,101878289,1,snv_mnv,NA,NA,"broad,muse",2,COSN18984911,NA,MIRc,FALSE,0.6667,NA,8,4,NA,NA,NA,Intron,FALSE,FALSE,FALSE,FALSE,2,1,1,1_1,15563a10-47a8-401d-a507-2c7101f7ae60,NA
7,103291099,103291099,1,snv_mnv,NA,NA,"broad,dkfz,muse,sanger",4,COSN18984950,NA,AluJr,FALSE,0.4286,NA,12,16,NA,NA,NA,Intron,FALSE,FALSE,FALSE,FALSE,2,1,1,1_1,15563a10-47a8-401d-a507-2c7101f7ae60,NA
7,103363792,103363792,1,snv_mnv,NA,NA,"broad,dkfz,muse,sanger",4,COSN517407,NA,NA,FALSE,0.5938,NA,19,13,NA,NA,NA,Intron,FALSE,FALSE,FALSE,FALSE,2,1,1,1_1,15563a10-47a8-401d-a507-2c7101f7ae60,NA
7,107274857,107274857,1,snv_mnv,NA,NA,"broad,dkfz,muse",3,COSN18984915,NA,HAL1,FALSE,0.48,NA,12,13,NA,NA,NA,IGR,FALSE,FALSE,FALSE,FALSE,2,1,1,1_1,15563a10-47a8-401d-a507-2c7101f7ae60,WBP1LP2
7,108421919,108421919,1,snv_mnv,NA,NA,"dkfz,sanger",2,COSN517414,NA,NA,FALSE,0.3636,NA,8,14,NA,NA,NA,IGR,FALSE,FALSE,FALSE,FALSE,2,1,1,1_1,15563a10-47a8-401d-a507-2c7101f7ae60,NA
7,110190276,110190276,1,snv_mnv,NA,NA,"broad,dkfz,muse,sanger",4,COSN18984903,NA,MSTB-int,FALSE,0.4737,NA,18,20,NA,NA,NA,IGR,FALSE,FALSE,FALSE,FALSE,2,1,1,1_1,15563a10-47a8-401d-a507-2c7101f7ae60,NA
7,112367415,112367415,1,snv_mnv,NA,NA,"broad,dkfz,muse,sanger",4,COSN18984899,NA,L1MEf,FALSE,0.3077,NA,8,18,NA,NA,NA,IGR,FALSE,FALSE,FALSE,FALSE,2,1,1,1_1,15563a10-47a8-401d-a507-2c7101f7ae60,NA
7,113004069,113004069,1,snv_mnv,NA,NA,"broad,dkfz,muse,sanger",4,COSN18984922,NA,L1P1,FALSE,0.4242,NA,14,19,NA,NA,NA,IGR,FALSE,FALSE,FALSE,FALSE,2,1,1,1_1,15563a10-47a8-401d-a507-2c7101f7ae60,NA
7,113376810,113376810,1,snv_mnv,NA,NA,"broad,dkfz,muse,sanger",4,COSN18984902,NA,L1MD1,FALSE,0.3939,NA,13,20,NA,NA,NA,IGR,FALSE,FALSE,FALSE,FALSE,2,1,1,1_1,15563a10-47a8-401d-a507-2c7101f7ae60,NA
7,115253239,115253239,1,snv_mnv,NA,NA,"broad,dkfz,muse,sanger",4,COSN517420,NA,NA,FALSE,0.4565,NA,21,25,NA,NA,NA,IGR,FALSE,FALSE,FALSE,FALSE,2,1,1,1_1,15563a10-47a8-401d-a507-2c7101f7ae60,NA
7,118788606,118788606,1,snv_mnv,NA,NA,"broad,dkfz,muse,sanger",4,COSN517428,NA,NA,FALSE,0.5122,NA,21,20,NA,NA,NA,IGR,FALSE,FALSE,FALSE,FALSE,2,1,1,1_1,15563a10-47a8-401d-a507-2c7101f7ae60,NA
7,122711703,122711703,1,snv_mnv,3.9936e-4,rs541432606,"broad,muse,sanger",3,COSN18984907,rs541432606,AluY,FALSE,0.5556,NA,10,8,NA,NA,NA,lincRNA,FALSE,FALSE,FALSE,FALSE,2,1,1,1_1,15563a10-47a8-401d-a507-2c7101f7ae60,NA
7,124047082,124047082,1,snv_mnv,NA,NA,"broad,dkfz,muse,sanger",4,COSN517436,NA,NA,FALSE,0.5,NA,17,17,NA,NA,NA,IGR,FALSE,FALSE,FALSE,FALSE,2,1,1,1_1,15563a10-47a8-401d-a507-2c7101f7ae60,NA
7,124047088,124047088,1,snv_mnv,NA,NA,"broad,dkfz,muse,sanger",4,COSN159744,NA,NA,FALSE,0.4848,NA,16,17,NA,NA,NA,IGR,FALSE,FALSE,FALSE,FALSE,2,1,1,1_1,15563a10-47a8-401d-a507-2c7101f7ae60,NA
7,124289351,124289351,1,snv_mnv,NA,NA,"dkfz,sanger",2,COSN18984945,NA,L2b,FALSE,0.3889,NA,14,22,NA,NA,NA,RNA,FALSE,FALSE,FALSE,FALSE,2,1,1,1_1,15563a10-47a8-401d-a507-2c7101f7ae60,RNU6-102P
7,124721688,124721688,1,snv_mnv,NA,NA,"broad,sanger",2,COSN18984924,NA,AluSq4,FALSE,0.5714,NA,4,3,NA,NA,NA,RNA,FALSE,FALSE,FALSE,FALSE,2,1,1,1_1,15563a10-47a8-401d-a507-2c7101f7ae60,NA
7,124769328,124769328,1,snv_mnv,NA,NA,"broad,dkfz,muse,sanger",4,COSN18984941,NA,L1MD1,FALSE,0.587,NA,27,19,NA,NA,NA,RNA,FALSE,FALSE,FALSE,FALSE,2,1,1,1_1,15563a10-47a8-401d-a507-2c7101f7ae60,POT1-AS1
7,125784032,125784032,1,snv_mnv,NA,NA,"broad,dkfz,muse,sanger",4,COSN159743,NA,NA,FALSE,0.5278,NA,19,17,NA,NA,NA,IGR,FALSE,FALSE,FALSE,FALSE,2,1,1,1_1,15563a10-47a8-401d-a507-2c7101f7ae60,NA
7,125971056,125971056,1,snv_mnv,NA,NA,"broad,dkfz,muse,sanger",4,COSN517443,NA,NA,FALSE,0.3846,NA,10,16,NA,NA,NA,IGR,FALSE,FALSE,FALSE,FALSE,2,1,1,1_1,15563a10-47a8-401d-a507-2c7101f7ae60,NA
7,136985139,136985139,1,snv_mnv,NA,NA,"broad,dkfz,muse,sanger",4,COSN18984932,NA,L2c,FALSE,0.4054,NA,15,22,NA,NA,NA,Intron,FALSE,FALSE,FALSE,FALSE,2,1,1,1_1,15563a10-47a8-401d-a507-2c7101f7ae60,NA
7,137878154,137878154,1,snv_mnv,NA,NA,"broad,dkfz,muse,sanger",4,COSN18984942,NA,AluSz,FALSE,0.65,NA,13,7,NA,NA,NA,IGR,FALSE,FALSE,FALSE,FALSE,2,1,1,1_1,15563a10-47a8-401d-a507-2c7101f7ae60,NA
7,143154110,143154110,1,snv_mnv,NA,NA,"broad,dkfz,muse,sanger",4,COSN517464,NA,NA,FALSE,0.5946,NA,22,15,NA,NA,NA,RNA,FALSE,FALSE,FALSE,FALSE,2,1,1,1_1,15563a10-47a8-401d-a507-2c7101f7ae60,NA
7,147201903,147201903,1,snv_mnv,NA,NA,"broad,dkfz,muse,sanger",4,COSN18984938,NA,AT_rich,FALSE,0.5833,NA,14,10,NA,NA,NA,Intron,FALSE,FALSE,FALSE,FALSE,2,1,1,1_1,15563a10-47a8-401d-a507-2c7101f7ae60,NA
7,147584290,147584290,1,snv_mnv,NA,NA,"broad,dkfz,muse",3,COSN18984931,NA,AluSq10,FALSE,0.6,NA,9,6,NA,NA,NA,Intron,FALSE,FALSE,FALSE,FALSE,2,1,1,1_1,15563a10-47a8-401d-a507-2c7101f7ae60,NA
7,149937214,149937214,1,snv_mnv,NA,NA,"broad,muse,sanger",3,COSN18984909,NA,MamRep434,FALSE,0.3429,NA,12,23,NA,NA,NA,IGR,FALSE,FALSE,FALSE,FALSE,2,1,1,1_1,15563a10-47a8-401d-a507-2c7101f7ae60,ACTR3C
7,150366805,150366805,1,snv_mnv,NA,NA,"broad,dkfz,muse,sanger",4,COSN18984900,NA,MER57F,FALSE,0.5294,NA,18,16,NA,NA,NA,IGR,FALSE,FALSE,FALSE,FALSE,2,1,1,1_1,15563a10-47a8-401d-a507-2c7101f7ae60,NA
7,152910886,152910886,1,snv_mnv,NA,NA,"broad,muse,sanger",3,COSN18984944,NA,AluY,FALSE,0.5294,NA,9,8,NA,NA,NA,IGR,FALSE,FALSE,FALSE,FALSE,2,1,1,1_1,15563a10-47a8-401d-a507-2c7101f7ae60,NA
8,1128377,1128377,1,snv_mnv,NA,NA,"broad,dkfz,muse,sanger",4,COSN517639,NA,NA,FALSE,0.5,NA,5,5,NA,NA,NA,IGR,FALSE,FALSE,FALSE,FALSE,2,1,1,1_1,15563a10-47a8-401d-a507-2c7101f7ae60,NA
8,2736373,2736373,1,snv_mnv,NA,NA,"broad,dkfz,muse,sanger",4,COSN18984808,NA,AluSq,FALSE,0.5,NA,9,9,NA,NA,NA,IGR,FALSE,FALSE,FALSE,FALSE,2,1,1,1_1,15563a10-47a8-401d-a507-2c7101f7ae60,NA
8,5308577,5308577,1,snv_mnv,NA,NA,"broad,dkfz,muse,sanger",4,COSN18985702,NA,MER5A,FALSE,0.4595,NA,17,20,NA,NA,NA,IGR,FALSE,FALSE,FALSE,FALSE,2,1,1,1_1,15563a10-47a8-401d-a507-2c7101f7ae60,AC091193.1
8,5389703,5389703,1,snv_mnv,NA,NA,"broad,dkfz,muse,sanger",4,COSN517735,NA,NA,FALSE,0.4722,NA,17,19,NA,NA,NA,IGR,FALSE,FALSE,FALSE,FALSE,2,1,1,1_1,15563a10-47a8-401d-a507-2c7101f7ae60,NA
8,8407355,8407355,1,snv_mnv,NA,NA,"broad,dkfz,muse,sanger",4,COSN517781,NA,NA,FALSE,0.4878,NA,20,21,NA,NA,NA,IGR,FALSE,FALSE,FALSE,FALSE,2,1,1,1_1,15563a10-47a8-401d-a507-2c7101f7ae60,NA
8,13016804,13016804,1,snv_mnv,NA,NA,"broad,dkfz,muse,sanger",4,COSN517663,NA,NA,FALSE,0.5217,NA,12,11,NA,NA,NA,Intron,FALSE,FALSE,FALSE,FALSE,2,1,1,1_1,15563a10-47a8-401d-a507-2c7101f7ae60,RF00019
8,13118793,13118793,1,snv_mnv,NA,NA,"broad,dkfz,muse,sanger",4,COSN18985714,NA,L2a,FALSE,0.4483,NA,13,16,NA,NA,NA,Intron,FALSE,FALSE,FALSE,FALSE,2,1,1,1_1,15563a10-47a8-401d-a507-2c7101f7ae60,NA
8,13155831,13155831,1,snv_mnv,NA,NA,"broad,dkfz,muse,sanger",4,COSN517664,NA,NA,FALSE,0.36,NA,9,16,NA,NA,NA,Intron,FALSE,FALSE,FALSE,FALSE,2,1,1,1_1,15563a10-47a8-401d-a507-2c7101f7ae60,NA
8,15148781,15148781,1,snv_mnv,NA,NA,"broad,dkfz,muse,sanger",4,COSN517697,NA,NA,FALSE,0.3488,NA,15,28,NA,NA,NA,IGR,FALSE,FALSE,FALSE,FALSE,2,1,1,1_1,15563a10-47a8-401d-a507-2c7101f7ae60,NA
8,15911637,15911637,1,snv_mnv,NA,NA,"broad,dkfz,muse,sanger",4,COSN18985706,NA,LTR16B,FALSE,0.52,NA,13,12,NA,NA,NA,IGR,FALSE,FALSE,FALSE,FALSE,2,1,1,1_1,15563a10-47a8-401d-a507-2c7101f7ae60,NA
8,16822346,16822346,1,snv_mnv,NA,NA,"broad,dkfz,muse,sanger",4,COSN18985743,NA,MER2B,FALSE,0.4194,NA,13,18,NA,NA,NA,IGR,FALSE,FALSE,FALSE,FALSE,2,1,1,1_1,15563a10-47a8-401d-a507-2c7101f7ae60,NA
8,17246346,17246346,1,snv_mnv,NA,NA,"broad,dkfz,muse,sanger",4,COSN517700,NA,NA,FALSE,0.5161,NA,16,15,NA,NA,NA,Intron,FALSE,FALSE,FALSE,FALSE,2,1,1,1_1,15563a10-47a8-401d-a507-2c7101f7ae60,NA
8,18222758,18222758,1,snv_mnv,NA,NA,"broad,dkfz,muse,sanger",4,COSN18985718,NA,L1PREC2,FALSE,0.5652,NA,13,10,NA,NA,NA,IGR,FALSE,FALSE,FALSE,FALSE,2,1,1,1_1,15563a10-47a8-401d-a507-2c7101f7ae60,NA
8,18716899,18716899,1,snv_mnv,NA,NA,"broad,dkfz,muse,sanger",4,COSN18985727,NA,Tigger1,FALSE,0.4872,NA,19,20,NA,NA,NA,Intron,FALSE,FALSE,FALSE,FALSE,2,1,1,1_1,15563a10-47a8-401d-a507-2c7101f7ae60,NA
8,32202062,32202062,1,snv_mnv,NA,NA,"broad,dkfz,muse,sanger",4,COSN18985698,NA,AluJb,FALSE,0.4,NA,6,9,NA,NA,NA,Intron,FALSE,FALSE,FALSE,FALSE,2,1,1,1_1,15563a10-47a8-401d-a507-2c7101f7ae60,NA
8,33270469,33270469,1,snv_mnv,NA,NA,"broad,dkfz,muse,sanger",4,COSN517717,NA,NA,FALSE,0.4583,NA,11,13,NA,NA,NA,Intron,FALSE,FALSE,FALSE,FALSE,2,1,1,1_1,15563a10-47a8-401d-a507-2c7101f7ae60,NA
8,33572025,33572025,1,snv_mnv,NA,NA,"broad,dkfz,muse,sanger",4,COSN517718,NA,NA,FALSE,0.5714,NA,12,9,NA,NA,NA,RNA,FALSE,FALSE,FALSE,FALSE,2,1,1,1_1,15563a10-47a8-401d-a507-2c7101f7ae60,RN7SL457P
8,34525879,34525879,1,snv_mnv,NA,NA,"broad,dkfz,muse,sanger",4,COSN517719,NA,NA,FALSE,0.4333,NA,13,17,NA,NA,NA,IGR,FALSE,FALSE,FALSE,FALSE,2,1,1,1_1,15563a10-47a8-401d-a507-2c7101f7ae60,NA
8,35672808,35672808,1,snv_mnv,NA,NA,"broad,dkfz,muse,sanger",4,COSN18985758,NA,L1PREC2,FALSE,0.3103,NA,9,20,NA,NA,NA,IGR,FALSE,FALSE,FALSE,FALSE,2,1,1,1_1,15563a10-47a8-401d-a507-2c7101f7ae60,NA
8,41158616,41158616,1,snv_mnv,NA,NA,"dkfz,sanger",2,COSN517722,NA,NA,FALSE,0.4286,NA,6,8,NA,NA,NA,Intron,FALSE,FALSE,FALSE,FALSE,2,1,1,1_1,15563a10-47a8-401d-a507-2c7101f7ae60,RNU6-895P
8,41914712,41914712,1,snv_mnv,5.9904e-4,rs538894615,"broad,dkfz,muse,sanger",4,COSN18985700,rs538894615,MER5A,FALSE,0.4412,NA,15,19,NA,NA,NA,IGR,FALSE,FALSE,FALSE,FALSE,2,1,1,1_1,15563a10-47a8-401d-a507-2c7101f7ae60,NA
8,42159233,42159233,1,snv_mnv,NA,NA,"broad,dkfz,muse,sanger",4,COSN517723,NA,NA,FALSE,0.6364,NA,28,16,NA,NA,NA,Intron,FALSE,FALSE,FALSE,FALSE,2,1,1,1_1,15563a10-47a8-401d-a507-2c7101f7ae60,NA
8,42912257,42912257,1,snv_mnv,NA,NA,"broad,dkfz,muse,sanger",4,COSN517724,NA,NA,FALSE,0.4375,NA,7,9,NA,NA,NA,Intron,FALSE,FALSE,FALSE,FALSE,2,1,1,1_1,15563a10-47a8-401d-a507-2c7101f7ae60,NA
8,43774136,43774136,1,snv_mnv,NA,NA,"broad,muse",2,COSN18985726,NA,ALR/Alpha,FALSE,0.4444,NA,16,20,NA,NA,NA,IGR,FALSE,FALSE,FALSE,FALSE,2,1,1,1_1,15563a10-47a8-401d-a507-2c7101f7ae60,NA
8,47297276,47297276,1,snv_mnv,1.9968e-4,rs531661383,"broad,muse",2,COSN18985720,rs531661383,GSAT,FALSE,0.5,NA,7,7,NA,NA,NA,IGR,FALSE,FALSE,FALSE,FALSE,2,1,1,1_1,15563a10-47a8-401d-a507-2c7101f7ae60,NA
8,51897604,51897604,1,snv_mnv,NA,NA,"broad,dkfz,muse,sanger",4,COSN517733,NA,NA,FALSE,0.5,NA,21,21,NA,NA,NA,IGR,FALSE,FALSE,FALSE,FALSE,2,1,1,1_1,15563a10-47a8-401d-a507-2c7101f7ae60,NA
8,52055507,52055507,1,snv_mnv,NA,NA,"broad,dkfz,muse,sanger",4,COSN517734,NA,NA,FALSE,0.3824,NA,13,21,NA,NA,NA,IGR,FALSE,FALSE,FALSE,FALSE,2,1,1,1_1,15563a10-47a8-401d-a507-2c7101f7ae60,NA
8,52323922,52323922,1,snv_mnv,NA,NA,"broad,dkfz,muse,sanger",4,COSM96824,rs370191695,NA,FALSE,0.4444,NA,8,10,NA,NA,NA,Silent,FALSE,FALSE,FALSE,FALSE,2,1,1,1_1,15563a10-47a8-401d-a507-2c7101f7ae60,PXDNL
8,52331036,52331036,1,snv_mnv,NA,NA,"broad,dkfz,muse,sanger",4,COSN18985731,NA,NA,FALSE,0.2593,NA,7,20,NA,NA,NA,Intron,FALSE,FALSE,FALSE,FALSE,2,1,1,1_1,15563a10-47a8-401d-a507-2c7101f7ae60,NA
8,54617201,54617201,1,snv_mnv,NA,NA,"broad,dkfz,muse,sanger",4,COSN517736,NA,NA,FALSE,0.619,NA,13,8,NA,NA,NA,IGR,FALSE,FALSE,FALSE,FALSE,2,1,1,1_1,15563a10-47a8-401d-a507-2c7101f7ae60,NA
8,55623167,55623167,1,snv_mnv,NA,NA,"broad,dkfz,muse,sanger",4,COSN18985751,NA,LTR1D,FALSE,0.3929,NA,11,17,NA,NA,NA,IGR,FALSE,FALSE,FALSE,FALSE,2,1,1,1_1,15563a10-47a8-401d-a507-2c7101f7ae60,NA
8,56068214,56068214,1,snv_mnv,NA,NA,"broad,dkfz,muse,sanger",4,COSN517737,NA,NA,FALSE,0.6,NA,12,8,NA,NA,NA,Intron,FALSE,FALSE,FALSE,FALSE,2,1,1,1_1,15563a10-47a8-401d-a507-2c7101f7ae60,NA
8,57540934,57540934,1,snv_mnv,NA,NA,"broad,dkfz,muse,sanger",4,COSN517741,NA,NA,FALSE,0.3929,NA,11,17,NA,NA,NA,IGR,FALSE,FALSE,FALSE,FALSE,2,1,1,1_1,15563a10-47a8-401d-a507-2c7101f7ae60,NA
8,59469072,59469072,1,snv_mnv,NA,NA,"broad,muse,sanger",3,COSN517743,NA,NA,FALSE,0.4167,NA,5,7,NA,NA,NA,Intron,FALSE,FALSE,FALSE,FALSE,2,1,1,1_1,15563a10-47a8-401d-a507-2c7101f7ae60,NA
8,63754837,63754837,1,snv_mnv,NA,NA,"broad,dkfz,muse,sanger",4,COSN18985713,NA,L1MA7,FALSE,0.2333,NA,7,23,NA,NA,NA,Intron,FALSE,FALSE,FALSE,FALSE,2,1,1,1_1,15563a10-47a8-401d-a507-2c7101f7ae60,NA
8,63762921,63762921,1,snv_mnv,NA,NA,"broad,muse,sanger",3,COSN18985748,NA,L1PA4,FALSE,0.5161,NA,16,15,NA,NA,NA,Intron,FALSE,FALSE,FALSE,FALSE,2,1,1,1_1,15563a10-47a8-401d-a507-2c7101f7ae60,XRCC6P4
8,64704289,64704289,1,snv_mnv,NA,NA,"broad,dkfz,muse,sanger",4,COSN18985725,NA,AluSz6,FALSE,0.4286,NA,9,12,NA,NA,NA,RNA,FALSE,FALSE,FALSE,FALSE,2,1,1,1_1,15563a10-47a8-401d-a507-2c7101f7ae60,NA
8,65431366,65431366,1,snv_mnv,NA,NA,"broad,dkfz,muse,sanger",4,COSN18985738,NA,MLT1H2-int,FALSE,0.4865,NA,18,19,NA,NA,NA,IGR,FALSE,FALSE,FALSE,FALSE,2,1,1,1_1,15563a10-47a8-401d-a507-2c7101f7ae60,NA
8,65565840,65565840,1,snv_mnv,NA,NA,"broad,dkfz,muse,sanger",4,COSN18985705,NA,L1PA14,FALSE,0.3939,NA,13,20,NA,NA,NA,Intron,FALSE,FALSE,FALSE,FALSE,2,1,1,1_1,15563a10-47a8-401d-a507-2c7101f7ae60,NA
8,69576696,69576696,1,snv_mnv,NA,NA,"broad,dkfz,muse,sanger",4,COSN18985723,NA,MER47A,FALSE,0.5417,NA,26,22,NA,NA,NA,Intron,FALSE,FALSE,FALSE,FALSE,2,1,1,1_1,15563a10-47a8-401d-a507-2c7101f7ae60,NA
8,69616450,69616450,1,snv_mnv,NA,NA,"broad,dkfz,muse,sanger",4,COSN18985756,NA,L2c,FALSE,0.4375,NA,14,18,NA,NA,NA,Intron,FALSE,FALSE,FALSE,FALSE,2,1,1,1_1,15563a10-47a8-401d-a507-2c7101f7ae60,NA
8,72928582,72928582,1,snv_mnv,NA,NA,"broad,dkfz,muse,sanger",4,COSN18985712,NA,MER41B,FALSE,0.5,NA,23,23,NA,NA,NA,Intron,FALSE,FALSE,FALSE,FALSE,2,1,1,1_1,15563a10-47a8-401d-a507-2c7101f7ae60,TRPA1
8,75907853,75907853,1,snv_mnv,NA,NA,"broad,dkfz,muse,sanger",4,COSN18985735,NA,AluJb,FALSE,0.3929,NA,11,17,NA,NA,NA,Intron,FALSE,FALSE,FALSE,FALSE,2,1,1,1_1,15563a10-47a8-401d-a507-2c7101f7ae60,CRISPLD1
8,76778507,76778507,1,snv_mnv,NA,NA,"broad,dkfz,muse,sanger",4,COSN18985709,NA,L2,FALSE,0.4286,NA,12,16,NA,NA,NA,IGR,FALSE,FALSE,FALSE,FALSE,2,1,1,1_1,15563a10-47a8-401d-a507-2c7101f7ae60,NA
8,77587360,77587360,1,snv_mnv,NA,NA,"broad,dkfz,muse,sanger",4,COSN517770,NA,NA,FALSE,0.6154,NA,16,10,NA,NA,NA,RNA,FALSE,FALSE,FALSE,FALSE,2,1,1,1_1,15563a10-47a8-401d-a507-2c7101f7ae60,NA
8,77643142,77643142,1,snv_mnv,NA,NA,"broad,dkfz,muse,sanger",4,COSN18985728,NA,MIR,FALSE,0.6061,NA,20,13,NA,NA,NA,Intron,FALSE,FALSE,FALSE,FALSE,2,1,1,1_1,15563a10-47a8-401d-a507-2c7101f7ae60,RF02271
8,78324394,78324394,1,snv_mnv,NA,NA,"broad,dkfz,muse,sanger",4,COSN517772,NA,NA,FALSE,0.6053,NA,23,15,NA,NA,NA,lincRNA,FALSE,FALSE,FALSE,FALSE,2,1,1,1_1,15563a10-47a8-401d-a507-2c7101f7ae60,NA
8,78369941,78369941,1,snv_mnv,NA,NA,"broad,dkfz,muse,sanger",4,COSN18985719,NA,Tigger3a,FALSE,0.5,NA,23,23,NA,NA,NA,lincRNA,FALSE,FALSE,FALSE,FALSE,2,1,1,1_1,15563a10-47a8-401d-a507-2c7101f7ae60,NA
8,79384446,79384446,1,snv_mnv,NA,NA,"broad,dkfz,muse,sanger",4,COSN18985733,NA,L1PA14,FALSE,0.4286,NA,15,20,NA,NA,NA,IGR,FALSE,FALSE,FALSE,FALSE,2,1,1,1_1,15563a10-47a8-401d-a507-2c7101f7ae60,NA
8,82766531,82766531,1,snv_mnv,NA,NA,"broad,dkfz,muse,sanger",4,COSN517778,NA,NA,FALSE,0.5385,NA,21,18,NA,NA,NA,IGR,FALSE,FALSE,FALSE,FALSE,2,1,1,1_1,15563a10-47a8-401d-a507-2c7101f7ae60,NA
8,83429503,83429503,1,snv_mnv,NA,NA,"broad,muse,sanger",3,COSN18985739,NA,MLT1C-int,FALSE,0.5152,NA,17,16,NA,NA,NA,lincRNA,FALSE,FALSE,FALSE,FALSE,2,1,1,1_1,15563a10-47a8-401d-a507-2c7101f7ae60,NA
8,83465249,83465249,1,snv_mnv,NA,NA,"broad,dkfz,muse,sanger",4,COSN517780,NA,NA,FALSE,0.5185,NA,14,13,NA,NA,NA,lincRNA,FALSE,FALSE,FALSE,FALSE,2,1,1,1_1,15563a10-47a8-401d-a507-2c7101f7ae60,NA
8,84576198,84576198,1,snv_mnv,NA,NA,"broad,dkfz,muse,sanger",4,COSN517783,NA,NA,FALSE,0.4828,NA,14,15,NA,NA,NA,IGR,FALSE,FALSE,FALSE,FALSE,2,1,1,1_1,15563a10-47a8-401d-a507-2c7101f7ae60,NA
8,85046298,85046298,1,snv_mnv,NA,NA,"broad,dkfz,muse,sanger",4,COSN517784,NA,NA,FALSE,0.5429,NA,19,16,NA,NA,NA,lincRNA,FALSE,FALSE,FALSE,FALSE,2,1,1,1_1,15563a10-47a8-401d-a507-2c7101f7ae60,NA
8,87253162,87253162,1,snv_mnv,NA,NA,"broad,dkfz,muse,sanger",4,COSN18985722,NA,L1MA1,FALSE,0.5758,NA,19,14,NA,NA,NA,Intron,FALSE,FALSE,FALSE,FALSE,2,1,1,1_1,15563a10-47a8-401d-a507-2c7101f7ae60,NA
8,88654557,88654557,1,snv_mnv,NA,NA,"broad,dkfz,muse,sanger",4,COSN18985729,NA,L1MC4,FALSE,0.6296,NA,17,10,NA,NA,NA,RNA,FALSE,FALSE,FALSE,FALSE,2,1,1,1_1,15563a10-47a8-401d-a507-2c7101f7ae60,NA
8,91351377,91351377,1,snv_mnv,NA,NA,"broad,dkfz,muse,sanger",4,COSN517800,rs779712536,NA,FALSE,0.4194,NA,13,18,NA,NA,NA,lincRNA,FALSE,FALSE,FALSE,FALSE,2,1,1,1_1,15563a10-47a8-401d-a507-2c7101f7ae60,NA
8,92555983,92555983,1,snv_mnv,NA,NA,"broad,dkfz,muse,sanger",4,COSN517802,NA,NA,FALSE,0.5172,NA,15,14,NA,NA,NA,IGR,FALSE,FALSE,FALSE,FALSE,2,1,1,1_1,15563a10-47a8-401d-a507-2c7101f7ae60,NA
8,92853306,92853306,1,snv_mnv,NA,NA,"broad,dkfz,muse,sanger",4,COSN517803,NA,NA,FALSE,0.5,NA,20,20,NA,NA,NA,lincRNA,FALSE,FALSE,FALSE,FALSE,2,1,1,1_1,15563a10-47a8-401d-a507-2c7101f7ae60,NA
8,93884378,93884378,1,snv_mnv,NA,NA,"broad,dkfz,muse,sanger",4,COSN18985721,NA,L1MC4,FALSE,0.7647,NA,13,4,NA,NA,NA,RNA,FALSE,FALSE,FALSE,FALSE,2,1,1,1_1,15563a10-47a8-401d-a507-2c7101f7ae60,AC104211.1
8,94041481,94041481,1,snv_mnv,NA,NA,"broad,dkfz,muse,sanger",4,COSN517806,NA,NA,FALSE,0.3571,NA,10,18,NA,NA,NA,IGR,FALSE,FALSE,FALSE,FALSE,2,1,1,1_1,15563a10-47a8-401d-a507-2c7101f7ae60,MIR8084
8,94376929,94376929,1,snv_mnv,NA,NA,"broad,dkfz,muse,sanger",4,COSN18985710,NA,NA,FALSE,0.3571,NA,5,9,NA,NA,NA,RNA,FALSE,FALSE,FALSE,FALSE,2,1,1,1_1,15563a10-47a8-401d-a507-2c7101f7ae60,NA
8,95789837,95789837,1,snv_mnv,NA,NA,"broad,dkfz,muse,sanger",4,COSN517810,NA,NA,FALSE,0.5517,NA,16,13,NA,NA,NA,Intron,FALSE,FALSE,FALSE,FALSE,2,1,1,1_1,15563a10-47a8-401d-a507-2c7101f7ae60,DPY19L4
8,96333990,96333990,1,snv_mnv,NA,NA,"broad,dkfz,muse,sanger",4,COSN517811,NA,NA,FALSE,0.5429,NA,19,16,NA,NA,NA,lincRNA,FALSE,FALSE,FALSE,FALSE,2,1,1,1_1,15563a10-47a8-401d-a507-2c7101f7ae60,NA
8,99320786,99320786,1,snv_mnv,NA,NA,"broad,dkfz,muse,sanger",4,COSN517817,NA,NA,FALSE,0.4286,NA,15,20,NA,NA,NA,IGR,FALSE,FALSE,FALSE,FALSE,2,1,1,1_1,15563a10-47a8-401d-a507-2c7101f7ae60,NA
8,99479667,99479667,1,snv_mnv,NA,NA,"broad,dkfz,muse,sanger",4,COSN18985746,NA,LTR78B,FALSE,0.4138,NA,12,17,NA,NA,NA,Intron,FALSE,FALSE,FALSE,FALSE,2,1,1,1_1,15563a10-47a8-401d-a507-2c7101f7ae60,RNU6-748P
8,104893494,104893494,1,snv_mnv,NA,NA,"broad,dkfz,muse,sanger",4,COSN517616,NA,NA,FALSE,0.6429,NA,18,10,NA,NA,NA,Intron,FALSE,FALSE,FALSE,FALSE,2,1,1,1_1,15563a10-47a8-401d-a507-2c7101f7ae60,NA
8,105089240,105089240,1,snv_mnv,NA,NA,"broad,dkfz,muse,sanger",4,COSN18985734,NA,AluSz,FALSE,0.5417,NA,13,11,NA,NA,NA,Intron,FALSE,FALSE,FALSE,FALSE,2,1,1,1_1,15563a10-47a8-401d-a507-2c7101f7ae60,NA
8,106415592,106415592,1,snv_mnv,NA,NA,"broad,dkfz,muse,sanger",4,COSN517623,NA,NA,FALSE,0.3462,NA,9,17,NA,NA,NA,Intron,FALSE,FALSE,FALSE,FALSE,2,1,1,1_1,15563a10-47a8-401d-a507-2c7101f7ae60,NA
8,106988332,106988332,1,snv_mnv,NA,NA,"broad,dkfz,sanger",3,COSN18985749,NA,NA,FALSE,0.7143,NA,5,2,NA,NA,NA,RNA,FALSE,FALSE,FALSE,FALSE,2,1,1,1_1,15563a10-47a8-401d-a507-2c7101f7ae60,NA
8,109003773,109003773,1,snv_mnv,NA,NA,"broad,dkfz,muse,sanger",4,COSN18985732,NA,L1PA13,FALSE,0.3095,NA,13,29,NA,NA,NA,Intron,FALSE,FALSE,FALSE,FALSE,2,1,1,1_1,15563a10-47a8-401d-a507-2c7101f7ae60,RSPO2
8,111522039,111522039,1,snv_mnv,NA,NA,"broad,dkfz,muse,sanger",4,COSN517635,NA,NA,FALSE,0.4348,NA,10,13,NA,NA,NA,IGR,FALSE,FALSE,FALSE,FALSE,2,1,1,1_1,15563a10-47a8-401d-a507-2c7101f7ae60,NA
8,111918205,111918205,1,snv_mnv,NA,NA,"broad,dkfz,muse,sanger",4,COSN18985694,NA,L1MA7,FALSE,0.4545,NA,10,12,NA,NA,NA,IGR,FALSE,FALSE,FALSE,FALSE,2,1,1,1_1,15563a10-47a8-401d-a507-2c7101f7ae60,NA
8,112701665,112701665,1,snv_mnv,NA,NA,"broad,dkfz,muse,sanger",4,COSN18985757,rs747115483,L1PB4,FALSE,0.5429,NA,19,16,NA,NA,NA,IGR,FALSE,FALSE,FALSE,FALSE,2,1,1,1_1,15563a10-47a8-401d-a507-2c7101f7ae60,NA
8,113485713,113485713,1,snv_mnv,NA,NA,"broad,dkfz,muse,sanger",4,COSN517645,NA,NA,FALSE,0.4333,NA,13,17,NA,NA,NA,Intron,FALSE,FALSE,FALSE,FALSE,2,1,1,1_1,15563a10-47a8-401d-a507-2c7101f7ae60,NA
8,113631628,113631628,1,snv_mnv,NA,NA,"broad,dkfz,muse,sanger",4,COSN18985759,NA,L2,FALSE,0.4,NA,10,15,NA,NA,NA,Intron,FALSE,FALSE,FALSE,FALSE,2,1,1,1_1,15563a10-47a8-401d-a507-2c7101f7ae60,NA
8,113945773,113945773,1,snv_mnv,NA,NA,"broad,dkfz,muse,sanger",4,COSN517646,NA,NA,FALSE,0.4583,NA,11,13,NA,NA,NA,Intron,FALSE,FALSE,FALSE,FALSE,2,1,1,1_1,15563a10-47a8-401d-a507-2c7101f7ae60,NA
8,115233414,115233414,1,snv_mnv,NA,NA,"broad,dkfz,muse,sanger",4,COSN18985711,NA,LTR37B,FALSE,0.5,NA,14,14,NA,NA,NA,IGR,FALSE,FALSE,FALSE,FALSE,2,1,1,1_1,15563a10-47a8-401d-a507-2c7101f7ae60,NA
8,117360054,117360054,1,snv_mnv,NA,NA,"broad,dkfz,muse,sanger",4,COSN517651,NA,NA,FALSE,0.3684,NA,14,24,NA,NA,NA,IGR,FALSE,FALSE,FALSE,FALSE,2,1,1,1_1,15563a10-47a8-401d-a507-2c7101f7ae60,NA
8,121109721,121109721,1,snv_mnv,NA,NA,"broad,dkfz,muse,sanger",4,COSN18985708,NA,L1PA15,FALSE,0.3684,NA,14,24,NA,NA,NA,IGR,FALSE,FALSE,FALSE,FALSE,2,1,1,1_1,15563a10-47a8-401d-a507-2c7101f7ae60,NA
8,122367099,122367099,1,snv_mnv,NA,NA,"broad,dkfz,muse,sanger",4,COSN517656,NA,NA,FALSE,0.425,NA,17,23,NA,NA,NA,IGR,FALSE,FALSE,FALSE,FALSE,2,1,1,1_1,15563a10-47a8-401d-a507-2c7101f7ae60,NA
8,122507102,122507102,1,snv_mnv,NA,NA,"broad,dkfz,muse,sanger",4,COSN517657,NA,NA,FALSE,0.625,NA,20,12,NA,NA,NA,IGR,FALSE,FALSE,FALSE,FALSE,2,1,1,1_1,15563a10-47a8-401d-a507-2c7101f7ae60,NA
8,124000202,124000202,1,snv_mnv,NA,NA,"broad,dkfz,muse,sanger",4,COSN18985695,NA,AluSq,FALSE,0.4062,NA,13,19,NA,NA,NA,lincRNA,FALSE,FALSE,FALSE,FALSE,2,1,1,1_1,15563a10-47a8-401d-a507-2c7101f7ae60,AC104316.2
8,125168698,125168698,1,snv_mnv,NA,NA,"broad,dkfz,muse,sanger",4,COSN18985716,NA,L1PA16,FALSE,0.439,NA,18,23,NA,NA,NA,RNA,FALSE,FALSE,FALSE,FALSE,2,1,1,1_1,15563a10-47a8-401d-a507-2c7101f7ae60,ARF1P3
8,127109527,127109527,1,snv_mnv,NA,NA,"dkfz,sanger",2,COSN18985745,NA,LTR57-int,FALSE,0.4828,NA,14,15,NA,NA,NA,IGR,FALSE,FALSE,FALSE,FALSE,2,1,1,1_1,15563a10-47a8-401d-a507-2c7101f7ae60,NA
8,127745784,127745784,1,snv_mnv,NA,NA,"broad,dkfz,muse,sanger",4,COSN18985703,NA,L1M3,FALSE,0.4074,NA,11,16,NA,NA,NA,IGR,FALSE,FALSE,FALSE,FALSE,2,1,1,1_1,15563a10-47a8-401d-a507-2c7101f7ae60,NA
8,129672420,129672420,1,snv_mnv,NA,NA,"broad,dkfz,muse,sanger",4,COSN517662,NA,NA,FALSE,0.4667,NA,14,16,NA,NA,NA,IGR,FALSE,FALSE,FALSE,FALSE,2,1,1,1_1,15563a10-47a8-401d-a507-2c7101f7ae60,NA
8,134190703,134190703,1,snv_mnv,NA,NA,"broad,dkfz,muse,sanger",4,COSN517665,NA,NA,FALSE,0.5484,NA,17,14,NA,NA,NA,IGR,FALSE,FALSE,FALSE,FALSE,2,1,1,1_1,15563a10-47a8-401d-a507-2c7101f7ae60,NA
8,136183692,136183692,1,snv_mnv,NA,NA,"broad,dkfz,muse,sanger",4,COSN159741,NA,NA,FALSE,0.5263,NA,10,9,NA,NA,NA,IGR,FALSE,FALSE,FALSE,FALSE,2,1,1,1_1,15563a10-47a8-401d-a507-2c7101f7ae60,NA
8,138111600,138111600,1,snv_mnv,NA,NA,"broad,dkfz,muse,sanger",4,COSN18985737,NA,Charlie8,FALSE,0.6786,NA,19,9,NA,NA,NA,IGR,FALSE,FALSE,FALSE,FALSE,2,1,1,1_1,15563a10-47a8-401d-a507-2c7101f7ae60,NA
8,139078044,139078044,1,snv_mnv,1.9968e-4,rs527576498,"broad,dkfz,muse,sanger",4,COSN18985741,rs527576498,L2,FALSE,0.4545,NA,10,12,NA,NA,NA,lincRNA,FALSE,FALSE,FALSE,FALSE,2,1,1,1_1,15563a10-47a8-401d-a507-2c7101f7ae60,NA
8,139101550,139101550,1,snv_mnv,NA,NA,"broad,dkfz,muse,sanger",4,COSN517675,NA,NA,FALSE,0.7241,NA,21,8,NA,NA,NA,IGR,FALSE,FALSE,FALSE,FALSE,2,1,1,1_1,15563a10-47a8-401d-a507-2c7101f7ae60,NA
8,140046301,140046301,1,snv_mnv,NA,NA,"broad,dkfz,muse,sanger",4,COSN18985699,NA,MLT1G1-int,FALSE,0.5517,NA,16,13,NA,NA,NA,IGR,FALSE,FALSE,FALSE,FALSE,2,1,1,1_1,15563a10-47a8-401d-a507-2c7101f7ae60,NA
8,143001833,143001833,1,snv_mnv,NA,NA,"broad,dkfz,muse,sanger",4,COSN18985740,NA,NA,FALSE,0.375,NA,6,10,NA,NA,NA,IGR,FALSE,FALSE,FALSE,FALSE,2,1,1,1_1,15563a10-47a8-401d-a507-2c7101f7ae60,NA
9,1808091,1808091,1,snv_mnv,NA,NA,"broad,dkfz,muse,sanger",4,COSN18985573,NA,L1M5,FALSE,0.5185,NA,14,13,NA,NA,NA,IGR,FALSE,FALSE,FALSE,FALSE,2,1,1,1_1,15563a10-47a8-401d-a507-2c7101f7ae60,NA
9,2022234,2022234,1,snv_mnv,NA,NA,"broad,dkfz,muse,sanger",4,COSN517870,NA,NA,FALSE,0.3429,NA,12,23,NA,NA,NA,Intron,FALSE,FALSE,FALSE,FALSE,2,1,1,1_1,15563a10-47a8-401d-a507-2c7101f7ae60,NA
9,4046304,4046304,1,snv_mnv,NA,NA,"broad,dkfz,muse,sanger",4,COSN18985572,NA,L3,FALSE,0.5,NA,19,19,NA,NA,NA,Intron,FALSE,FALSE,FALSE,FALSE,2,1,1,1_1,15563a10-47a8-401d-a507-2c7101f7ae60,NA
9,9568431,9568431,1,snv_mnv,NA,NA,"broad,dkfz,muse,sanger",4,COSN517939,NA,NA,FALSE,0.5,NA,15,15,NA,NA,NA,Intron,FALSE,FALSE,FALSE,FALSE,2,1,1,1_1,15563a10-47a8-401d-a507-2c7101f7ae60,NA
9,10053836,10053836,1,snv_mnv,NA,NA,"broad,dkfz,muse,sanger",4,COSN18985561,NA,AluSz,FALSE,0.4194,NA,13,18,NA,NA,NA,Intron,FALSE,FALSE,FALSE,FALSE,2,1,1,1_1,15563a10-47a8-401d-a507-2c7101f7ae60,NA
9,10082028,10082028,1,snv_mnv,NA,NA,"broad,dkfz,muse,sanger",4,COSN517818,NA,NA,FALSE,0.5,NA,13,13,NA,NA,NA,Intron,FALSE,FALSE,FALSE,FALSE,2,1,1,1_1,15563a10-47a8-401d-a507-2c7101f7ae60,NA
9,10939969,10939969,1,snv_mnv,NA,NA,"broad,dkfz,muse,sanger",4,COSN517827,NA,NA,FALSE,0.5429,NA,19,16,NA,NA,NA,IGR,FALSE,FALSE,FALSE,FALSE,2,1,1,1_1,15563a10-47a8-401d-a507-2c7101f7ae60,NA
9,11458480,11458480,1,snv_mnv,NA,NA,"broad,dkfz,muse,sanger",4,COSN517835,NA,NA,FALSE,0.4444,NA,12,15,NA,NA,NA,IGR,FALSE,FALSE,FALSE,FALSE,2,1,1,1_1,15563a10-47a8-401d-a507-2c7101f7ae60,NA
9,11612368,11612368,1,snv_mnv,NA,NA,"broad,dkfz,muse,sanger",4,COSN18985564,NA,MLT1J2-int,FALSE,0.439,NA,18,23,NA,NA,NA,IGR,FALSE,FALSE,FALSE,FALSE,2,1,1,1_1,15563a10-47a8-401d-a507-2c7101f7ae60,NA
9,12468303,12468303,1,snv_mnv,NA,NA,"broad,dkfz,muse,sanger",4,COSN517845,NA,NA,FALSE,0.5,NA,7,7,NA,NA,NA,IGR,FALSE,FALSE,FALSE,FALSE,2,1,1,1_1,15563a10-47a8-401d-a507-2c7101f7ae60,NA
9,12694959,12694959,1,snv_mnv,NA,NA,"broad,dkfz,muse,sanger",4,COSN517847,NA,NA,FALSE,0.3913,NA,18,28,NA,NA,NA,Intron,FALSE,FALSE,FALSE,FALSE,2,1,1,1_1,15563a10-47a8-401d-a507-2c7101f7ae60,TYRP1
9,14980801,14980801,1,snv_mnv,NA,NA,"broad,dkfz,muse,sanger",4,COSN517866,NA,NA,FALSE,0.7143,NA,15,6,NA,NA,NA,IGR,FALSE,FALSE,FALSE,FALSE,2,1,1,1_1,15563a10-47a8-401d-a507-2c7101f7ae60,NA
9,21569962,21569962,1,snv_mnv,1.9968e-4,rs138931970,"broad,dkfz,muse,sanger",4,COSN517871,rs138931970,NA,FALSE,0.4848,NA,16,17,NA,NA,NA,IGR,FALSE,FALSE,FALSE,FALSE,2,1,1,1_1,15563a10-47a8-401d-a507-2c7101f7ae60,NA
9,23063002,23063002,1,snv_mnv,NA,NA,"broad,dkfz,muse,sanger",4,COSN18985565,NA,THE1C,FALSE,0.5556,NA,20,16,NA,NA,NA,IGR,FALSE,FALSE,FALSE,FALSE,2,1,1,1_1,15563a10-47a8-401d-a507-2c7101f7ae60,NA
9,25322296,25322296,1,snv_mnv,NA,NA,"broad,dkfz,muse,sanger",4,COSN517879,NA,NA,FALSE,0.5476,NA,23,19,NA,NA,NA,IGR,FALSE,FALSE,FALSE,FALSE,2,1,1,1_1,15563a10-47a8-401d-a507-2c7101f7ae60,NA
9,27187107,27187107,1,snv_mnv,NA,NA,"broad,dkfz,muse,sanger",4,COSN517882,rs796594653,NA,FALSE,0.5556,NA,25,20,NA,NA,NA,Intron,FALSE,FALSE,FALSE,FALSE,2,1,1,1_1,15563a10-47a8-401d-a507-2c7101f7ae60,NA
9,27803677,27803677,1,snv_mnv,NA,NA,"broad,dkfz,muse,sanger",4,COSN517884,NA,NA,FALSE,0.5294,NA,18,16,NA,NA,NA,IGR,FALSE,FALSE,FALSE,FALSE,2,1,1,1_1,15563a10-47a8-401d-a507-2c7101f7ae60,NA
9,27888457,27888457,1,snv_mnv,NA,NA,"broad,dkfz,muse,sanger",4,COSN517885,NA,NA,FALSE,0.4286,NA,15,20,NA,NA,NA,IGR,FALSE,FALSE,FALSE,FALSE,2,1,1,1_1,15563a10-47a8-401d-a507-2c7101f7ae60,NA
9,28027166,28027166,1,snv_mnv,NA,NA,"broad,dkfz,muse,sanger",4,COSN517886,NA,NA,FALSE,0.561,NA,23,18,NA,NA,NA,Intron,FALSE,FALSE,FALSE,FALSE,2,1,1,1_1,15563a10-47a8-401d-a507-2c7101f7ae60,NA
9,28604462,28604462,1,snv_mnv,NA,NA,"dkfz,sanger",2,COSN517887,NA,NA,FALSE,0.4667,NA,21,24,NA,NA,NA,Intron,FALSE,FALSE,FALSE,FALSE,2,1,1,1_1,15563a10-47a8-401d-a507-2c7101f7ae60,NA
9,29382856,29382856,1,snv_mnv,NA,NA,"broad,dkfz,muse,sanger",4,COSN18985543,NA,Harlequin-int,FALSE,0.4667,NA,14,16,NA,NA,NA,IGR,FALSE,FALSE,FALSE,FALSE,2,1,1,1_1,15563a10-47a8-401d-a507-2c7101f7ae60,NA
9,29804341,29804341,1,snv_mnv,NA,NA,"broad,dkfz,muse,sanger",4,COSN517889,NA,NA,FALSE,0.3704,NA,10,17,NA,NA,NA,IGR,FALSE,FALSE,FALSE,FALSE,2,1,1,1_1,15563a10-47a8-401d-a507-2c7101f7ae60,NA
9,29853989,29853989,1,snv_mnv,NA,NA,"broad,dkfz,muse,sanger",4,COSN517890,NA,NA,FALSE,0.5217,NA,12,11,NA,NA,NA,IGR,FALSE,FALSE,FALSE,FALSE,2,1,1,1_1,15563a10-47a8-401d-a507-2c7101f7ae60,NA
9,29915558,29915558,1,snv_mnv,NA,NA,"broad,dkfz,muse,sanger",4,COSN18985556,NA,L1M5,FALSE,0.5625,NA,18,14,NA,NA,NA,IGR,FALSE,FALSE,FALSE,FALSE,2,1,1,1_1,15563a10-47a8-401d-a507-2c7101f7ae60,NA
9,30183117,30183117,1,snv_mnv,NA,NA,"broad,dkfz,muse,sanger",4,COSN18985538,NA,L1PA15,FALSE,0.5,NA,22,22,NA,NA,NA,IGR,FALSE,FALSE,FALSE,FALSE,2,1,1,1_1,15563a10-47a8-401d-a507-2c7101f7ae60,NA
9,31520979,31520979,1,snv_mnv,NA,NA,"broad,muse,sanger",3,COSN18985552,NA,MLT1F,FALSE,0.16,NA,4,21,NA,NA,NA,IGR,FALSE,FALSE,FALSE,FALSE,2,1,1,1_1,15563a10-47a8-401d-a507-2c7101f7ae60,NA
9,32071402,32071402,1,snv_mnv,NA,NA,"broad,dkfz,muse,sanger",4,COSN18985540,rs749730094,LTR33,FALSE,0.4483,NA,13,16,NA,NA,NA,IGR,FALSE,FALSE,FALSE,FALSE,2,1,1,1_1,15563a10-47a8-401d-a507-2c7101f7ae60,NA
9,34003787,34003787,1,snv_mnv,NA,NA,"broad,dkfz,muse,sanger",4,COSN18985541,NA,AluSq,FALSE,0.5714,NA,12,9,NA,NA,NA,Intron,FALSE,FALSE,FALSE,FALSE,2,1,1,1_1,15563a10-47a8-401d-a507-2c7101f7ae60,NA
9,36139321,36139321,1,snv_mnv,NA,NA,"broad,dkfz,muse,sanger",4,COSN517903,NA,NA,FALSE,0.55,NA,11,9,NA,NA,NA,Intron,FALSE,FALSE,FALSE,FALSE,2,1,1,1_1,15563a10-47a8-401d-a507-2c7101f7ae60,GLIPR2
9,36442669,36442669,1,snv_mnv,NA,NA,"broad,dkfz,muse,sanger",4,COSN18985545,NA,AluSc,FALSE,0.3182,NA,7,15,NA,NA,NA,IGR,FALSE,FALSE,FALSE,FALSE,2,1,1,1_1,15563a10-47a8-401d-a507-2c7101f7ae60,NA
9,38320219,38320219,1,snv_mnv,NA,NA,"broad,dkfz,muse,sanger",4,COSN18985560,NA,L1ME4a,FALSE,0.3846,NA,10,16,NA,NA,NA,IGR,FALSE,FALSE,FALSE,FALSE,2,1,1,1_1,15563a10-47a8-401d-a507-2c7101f7ae60,NA
9,72381293,72381293,1,snv_mnv,NA,NA,"broad,dkfz,muse,sanger",4,COSN18985563,NA,NA,FALSE,0.1538,NA,6,33,NA,NA,NA,IGR,FALSE,FALSE,FALSE,FALSE,2,1,1,1_1,15563a10-47a8-401d-a507-2c7101f7ae60,NA
9,74001092,74001092,1,snv_mnv,NA,NA,"broad,dkfz,muse,sanger",4,COSN18985542,rs539061763,AluSx3,FALSE,0.5,NA,11,11,NA,NA,NA,Intron,FALSE,FALSE,FALSE,FALSE,2,1,1,1_1,15563a10-47a8-401d-a507-2c7101f7ae60,NA
9,74091925,74091925,1,snv_mnv,NA,NA,"broad,dkfz,sanger",3,COSN517914,NA,NA,FALSE,0.36,NA,9,16,NA,NA,NA,IGR,FALSE,FALSE,FALSE,FALSE,2,1,1,1_1,15563a10-47a8-401d-a507-2c7101f7ae60,NA
9,74863584,74863584,1,snv_mnv,NA,NA,"broad,dkfz,muse,sanger",4,COSN159596,NA,NA,FALSE,0.6316,NA,24,14,NA,NA,NA,3'UTR,FALSE,FALSE,FALSE,FALSE,2,1,1,1_1,15563a10-47a8-401d-a507-2c7101f7ae60,NA
9,78018258,78018258,1,snv_mnv,NA,NA,"broad,muse",2,COSN18985547,NA,AluY,FALSE,0.25,NA,3,9,NA,NA,NA,IGR,FALSE,FALSE,FALSE,FALSE,2,1,1,1_1,15563a10-47a8-401d-a507-2c7101f7ae60,AL158073.1
9,85273765,85273765,1,snv_mnv,NA,NA,"broad,dkfz,muse,sanger",4,COSN18985570,NA,AluJb,FALSE,0.4118,NA,7,10,NA,NA,NA,IGR,FALSE,FALSE,FALSE,FALSE,2,1,1,1_1,15563a10-47a8-401d-a507-2c7101f7ae60,NA
9,87874557,87874557,1,snv_mnv,NA,NA,"broad,dkfz,muse,sanger",4,COSN517928,NA,NA,FALSE,0.625,NA,15,9,NA,NA,NA,IGR,FALSE,FALSE,FALSE,FALSE,2,1,1,1_1,15563a10-47a8-401d-a507-2c7101f7ae60,NA
9,89242096,89242096,1,snv_mnv,NA,NA,"broad,dkfz,muse,sanger",4,COSN18985539,NA,AluSp,FALSE,0.4848,NA,16,17,NA,NA,NA,IGR,FALSE,FALSE,FALSE,FALSE,2,1,1,1_1,15563a10-47a8-401d-a507-2c7101f7ae60,AL353613.1
9,90689729,90689729,1,snv_mnv,NA,NA,"broad,dkfz,muse",3,COSN18985574,NA,(CA)n,FALSE,0.5,NA,10,10,NA,NA,NA,IGR,FALSE,FALSE,FALSE,FALSE,2,1,1,1_1,15563a10-47a8-401d-a507-2c7101f7ae60,NA
9,94075661,94075661,1,snv_mnv,NA,NA,"broad,dkfz,muse,sanger",4,COSN18985550,NA,NA,FALSE,0.5,NA,4,4,NA,NA,NA,Intron,FALSE,FALSE,FALSE,FALSE,2,1,1,1_1,15563a10-47a8-401d-a507-2c7101f7ae60,NA
9,94329472,94329472,1,snv_mnv,NA,NA,"broad,dkfz,muse,sanger",4,COSN18985569,NA,AluSq2,FALSE,0.45,NA,9,11,NA,NA,NA,Intron,FALSE,FALSE,FALSE,FALSE,2,1,1,1_1,15563a10-47a8-401d-a507-2c7101f7ae60,NA
9,96719625,96719625,1,snv_mnv,1.9968e-4,rs139074513,"muse,sanger",2,COSN18985553,rs139074513,NA,FALSE,0.4615,NA,6,7,NA,NA,NA,5'Flank,FALSE,FALSE,FALSE,FALSE,2,1,1,1_1,15563a10-47a8-401d-a507-2c7101f7ae60,BARX1
9,100371469,100371469,1,snv_mnv,NA,NA,"broad,dkfz,muse,sanger",4,COSN18985566,NA,MER33,FALSE,0.5435,NA,25,21,NA,NA,NA,Intron,FALSE,FALSE,FALSE,FALSE,2,1,1,1_1,15563a10-47a8-401d-a507-2c7101f7ae60,TSTD2
9,102079872,102079872,1,snv_mnv,NA,NA,"broad,dkfz,muse,sanger",4,COSN18985555,NA,MIR,FALSE,0.5,NA,12,12,NA,NA,NA,IGR,FALSE,FALSE,FALSE,FALSE,2,1,1,1_1,15563a10-47a8-401d-a507-2c7101f7ae60,NA
9,105829196,105829196,1,snv_mnv,NA,NA,"broad,dkfz,muse,sanger",4,COSN517823,NA,NA,FALSE,0.3913,NA,9,14,NA,NA,NA,IGR,FALSE,FALSE,FALSE,FALSE,2,1,1,1_1,15563a10-47a8-401d-a507-2c7101f7ae60,AL589823.1
9,106526983,106526983,1,snv_mnv,NA,NA,"broad,dkfz,muse,sanger",4,COSN517825,NA,NA,FALSE,0.4857,NA,17,18,NA,NA,NA,IGR,FALSE,FALSE,FALSE,FALSE,2,1,1,1_1,15563a10-47a8-401d-a507-2c7101f7ae60,NA
9,109600640,109600640,1,snv_mnv,NA,NA,"broad,dkfz,muse,sanger",4,COSN517828,NA,NA,FALSE,0.3333,NA,11,22,NA,NA,NA,IGR,FALSE,FALSE,FALSE,FALSE,2,1,1,1_1,15563a10-47a8-401d-a507-2c7101f7ae60,NA
9,111684684,111684684,1,snv_mnv,NA,NA,"broad,dkfz,muse,sanger",4,COSN517831,NA,NA,FALSE,0.4545,NA,10,12,NA,NA,NA,Intron,FALSE,FALSE,FALSE,FALSE,2,1,1,1_1,15563a10-47a8-401d-a507-2c7101f7ae60,NA
9,119000609,119000609,1,snv_mnv,NA,NA,"broad,dkfz,muse,sanger",4,COSN18985568,NA,MER5A,FALSE,0.3,NA,9,21,NA,NA,NA,Intron,FALSE,FALSE,FALSE,FALSE,2,1,1,1_1,15563a10-47a8-401d-a507-2c7101f7ae60,NA
9,120012054,120012054,1,snv_mnv,NA,NA,"broad,dkfz,muse,sanger",4,COSN18985567,NA,MIR3,FALSE,0.4483,NA,13,16,NA,NA,NA,Intron,FALSE,FALSE,FALSE,FALSE,2,1,1,1_1,15563a10-47a8-401d-a507-2c7101f7ae60,NA
9,121805953,121805953,1,snv_mnv,NA,NA,"broad,dkfz,muse,sanger",4,COSN517843,NA,NA,FALSE,0.6429,NA,9,5,NA,NA,NA,IGR,FALSE,FALSE,FALSE,FALSE,2,1,1,1_1,15563a10-47a8-401d-a507-2c7101f7ae60,NA
9,129505757,129505757,1,snv_mnv,1.9968e-4,rs554010415,"broad,dkfz,muse,sanger",4,COSN18985571,rs554010415,LTR33C,FALSE,0.5938,NA,19,13,NA,NA,NA,IGR,FALSE,FALSE,FALSE,FALSE,2,1,1,1_1,15563a10-47a8-401d-a507-2c7101f7ae60,NA
9,132682977,132682977,1,snv_mnv,NA,NA,"dkfz,sanger",2,COSN517851,NA,NA,FALSE,0.6316,NA,24,14,NA,NA,NA,Intron,FALSE,FALSE,FALSE,FALSE,2,1,1,1_1,15563a10-47a8-401d-a507-2c7101f7ae60,FNBP1
9,132930093,132930093,1,snv_mnv,NA,NA,"broad,dkfz,muse,sanger",4,COSN517852,NA,NA,FALSE,0.375,NA,6,10,NA,NA,NA,IGR,FALSE,FALSE,FALSE,FALSE,2,1,1,1_1,15563a10-47a8-401d-a507-2c7101f7ae60,NCS1
9,135884134,135884134,1,snv_mnv,NA,NA,"broad,dkfz,muse,sanger",4,COSN517858,NA,NA,FALSE,0.5833,NA,7,5,NA,NA,NA,IGR,FALSE,FALSE,FALSE,FALSE,2,1,1,1_1,15563a10-47a8-401d-a507-2c7101f7ae60,NA
9,136400605,136400605,1,snv_mnv,NA,NA,"broad,muse",2,COSN517859,NA,NA,FALSE,0.5,NA,7,7,NA,NA,NA,Intron,FALSE,FALSE,FALSE,FALSE,2,1,1,1_1,15563a10-47a8-401d-a507-2c7101f7ae60,NA
9,137914232,137914232,1,snv_mnv,NA,NA,"broad,muse,sanger",3,COSN18985576,NA,NA,FALSE,0.2353,NA,4,13,NA,NA,NA,IGR,FALSE,FALSE,FALSE,FALSE,2,1,1,1_1,15563a10-47a8-401d-a507-2c7101f7ae60,NA
X,1760627,1760627,1,snv_mnv,NA,NA,"broad,dkfz,muse,sanger",4,COSN518028,NA,NA,FALSE,0.4706,NA,24,27,NA,NA,NA,Intron,FALSE,FALSE,FALSE,FALSE,2,1,1,1_1,15563a10-47a8-401d-a507-2c7101f7ae60,NA
X,4060155,4060155,1,snv_mnv,NA,NA,"broad,dkfz,muse,sanger",4,COSN18985329,NA,LTR38B,FALSE,0.3333,NA,8,16,NA,NA,NA,IGR,FALSE,FALSE,FALSE,FALSE,2,1,1,1_1,15563a10-47a8-401d-a507-2c7101f7ae60,NA
X,4603376,4603376,1,snv_mnv,NA,NA,"broad,dkfz,muse,sanger",4,COSN18985433,NA,MER33,FALSE,0.5385,NA,21,18,NA,NA,NA,IGR,FALSE,FALSE,FALSE,FALSE,2,1,1,1_1,15563a10-47a8-401d-a507-2c7101f7ae60,NA
X,6209793,6209793,1,snv_mnv,NA,NA,"broad,dkfz,muse,sanger",4,COSN18985351,NA,Charlie1b,FALSE,0.4375,NA,7,9,NA,NA,NA,IGR,FALSE,FALSE,FALSE,FALSE,2,1,1,1_1,15563a10-47a8-401d-a507-2c7101f7ae60,NA
X,6242856,6242856,1,snv_mnv,NA,NA,"dkfz,muse",2,COSN18985338,NA,(TATG)n,FALSE,0.2857,NA,8,20,NA,NA,NA,IGR,FALSE,FALSE,FALSE,FALSE,2,1,1,1_1,15563a10-47a8-401d-a507-2c7101f7ae60,NA
X,6274124,6274124,1,snv_mnv,NA,NA,"broad,dkfz,muse,sanger",4,COSN18985366,NA,MER11D,FALSE,0.5625,NA,18,14,NA,NA,NA,IGR,FALSE,FALSE,FALSE,FALSE,2,1,1,1_1,15563a10-47a8-401d-a507-2c7101f7ae60,NA
X,7768747,7768747,1,snv_mnv,NA,NA,"broad,dkfz,muse,sanger",4,COSN159738,NA,NA,FALSE,0.6429,NA,18,10,NA,NA,NA,IGR,FALSE,FALSE,FALSE,FALSE,2,1,1,1_1,15563a10-47a8-401d-a507-2c7101f7ae60,NA
X,8407782,8407782,1,snv_mnv,NA,NA,"broad,dkfz,muse,sanger",4,COSN18985402,NA,L1MC4a,FALSE,0.5,NA,13,13,NA,NA,NA,IGR,FALSE,FALSE,FALSE,FALSE,2,1,1,1_1,15563a10-47a8-401d-a507-2c7101f7ae60,NA
X,9209749,9209749,1,snv_mnv,NA,NA,"broad,dkfz,muse,sanger",4,COSN518102,NA,NA,FALSE,0.6207,NA,18,11,NA,NA,NA,IGR,FALSE,FALSE,FALSE,FALSE,2,1,1,1_1,15563a10-47a8-401d-a507-2c7101f7ae60,NA
X,9485340,9485340,1,snv_mnv,NA,NA,"broad,dkfz,muse,sanger",4,COSN518105,NA,NA,FALSE,0.5312,NA,17,15,NA,NA,NA,Intron,FALSE,FALSE,FALSE,FALSE,2,1,1,1_1,15563a10-47a8-401d-a507-2c7101f7ae60,NA
X,9596669,9596669,1,snv_mnv,NA,NA,"broad,dkfz,muse,sanger",4,COSN18985341,NA,AluSx,FALSE,0.6316,NA,12,7,NA,NA,NA,Intron,FALSE,FALSE,FALSE,FALSE,2,1,1,1_1,15563a10-47a8-401d-a507-2c7101f7ae60,NA
X,9698488,9698488,1,snv_mnv,NA,NA,"broad,muse,sanger",3,COSN518106,NA,NA,FALSE,0.5217,NA,12,11,NA,NA,NA,Intron,FALSE,FALSE,FALSE,TRUE,2,1,1,1_1,15563a10-47a8-401d-a507-2c7101f7ae60,NA
X,11387418,11387418,1,snv_mnv,NA,NA,"broad,dkfz,muse,sanger",4,COSN18985431,NA,MER5A1,FALSE,0.5862,NA,17,12,NA,NA,NA,Intron,FALSE,FALSE,FALSE,FALSE,2,1,1,1_1,15563a10-47a8-401d-a507-2c7101f7ae60,NA
X,11474233,11474233,1,snv_mnv,NA,NA,"broad,dkfz,muse,sanger",4,COSN18985355,NA,L1M5,FALSE,0.5,NA,19,19,NA,NA,NA,Intron,FALSE,FALSE,FALSE,FALSE,2,1,1,1_1,15563a10-47a8-401d-a507-2c7101f7ae60,NA
X,12666125,12666125,1,snv_mnv,NA,NA,"dkfz,sanger",2,COSN18985360,NA,L2,FALSE,0.5526,NA,21,17,NA,NA,NA,Intron,FALSE,FALSE,FALSE,FALSE,2,1,1,1_1,15563a10-47a8-401d-a507-2c7101f7ae60,NA
X,12839391,12839391,1,snv_mnv,NA,NA,"broad,dkfz,muse,sanger",4,COSN18985390,NA,L1MB4,FALSE,0.52,NA,13,12,NA,NA,NA,Intron,FALSE,FALSE,FALSE,FALSE,2,1,1,1_1,15563a10-47a8-401d-a507-2c7101f7ae60,PSMA6P2
X,13936841,13936841,1,snv_mnv,NA,NA,"broad,dkfz,muse,sanger",4,COSN18985364,NA,MSTA,FALSE,0.5417,NA,13,11,NA,NA,NA,Intron,FALSE,FALSE,FALSE,FALSE,2,1,1,1_1,15563a10-47a8-401d-a507-2c7101f7ae60,NA
X,17257418,17257418,1,snv_mnv,NA,NA,"broad,dkfz,muse,sanger",4,COSN518025,NA,NA,FALSE,0.5333,NA,16,14,NA,NA,NA,IGR,FALSE,FALSE,FALSE,FALSE,2,1,1,1_1,15563a10-47a8-401d-a507-2c7101f7ae60,NA
X,17430913,17430913,1,snv_mnv,NA,NA,"broad,dkfz,muse,sanger",4,COSN518027,NA,NA,FALSE,0.4615,NA,18,21,NA,NA,NA,Intron,FALSE,FALSE,FALSE,FALSE,2,1,1,1_1,15563a10-47a8-401d-a507-2c7101f7ae60,NA
X,18407524,18407524,1,snv_mnv,NA,NA,"broad,muse,sanger",3,COSN18985448,NA,AluSx,FALSE,0.4167,NA,5,7,NA,NA,NA,IGR,FALSE,FALSE,FALSE,FALSE,2,1,1,1_1,15563a10-47a8-401d-a507-2c7101f7ae60,NA
X,19459819,19459819,1,snv_mnv,NA,NA,"broad,dkfz,muse,sanger",4,COSN18985451,NA,AluJo,FALSE,0.6579,NA,25,13,NA,NA,NA,Intron,FALSE,FALSE,FALSE,FALSE,2,1,1,1_1,15563a10-47a8-401d-a507-2c7101f7ae60,NA
X,19784571,19784571,1,snv_mnv,NA,NA,"broad,dkfz,muse,sanger",4,COSN18985328,NA,L1MB4,FALSE,0.5,NA,16,16,NA,NA,NA,Intron,FALSE,FALSE,FALSE,FALSE,2,1,1,1_1,15563a10-47a8-401d-a507-2c7101f7ae60,NA
X,19886132,19886132,1,snv_mnv,NA,NA,"broad,dkfz,muse,sanger",4,COSN18985438,NA,MLT1A,FALSE,0.6154,NA,16,10,NA,NA,NA,Intron,FALSE,FALSE,FALSE,FALSE,2,1,1,1_1,15563a10-47a8-401d-a507-2c7101f7ae60,NA
X,20311458,20311458,1,snv_mnv,NA,NA,"broad,dkfz,muse",3,COSN18985370,NA,AluSx1,FALSE,0.5833,NA,7,5,NA,NA,NA,IGR,FALSE,FALSE,FALSE,FALSE,2,1,1,1_1,15563a10-47a8-401d-a507-2c7101f7ae60,NA
X,22873176,22873176,1,snv_mnv,NA,NA,"broad,dkfz,muse,sanger",4,COSN18985349,NA,HAL1b,FALSE,0.2581,NA,8,23,NA,NA,NA,lincRNA,FALSE,FALSE,FALSE,FALSE,2,1,1,1_1,15563a10-47a8-401d-a507-2c7101f7ae60,NA
X,23267332,23267332,1,snv_mnv,NA,NA,"broad,dkfz,muse,sanger",4,COSN518035,NA,NA,FALSE,0.4324,NA,16,21,NA,NA,NA,IGR,FALSE,FALSE,FALSE,FALSE,2,1,1,1_1,15563a10-47a8-401d-a507-2c7101f7ae60,NA
X,25400581,25400581,1,snv_mnv,NA,NA,"broad,dkfz,muse,sanger",4,COSN518037,NA,NA,FALSE,0.575,NA,23,17,NA,NA,NA,IGR,FALSE,FALSE,FALSE,FALSE,2,1,1,1_1,15563a10-47a8-401d-a507-2c7101f7ae60,NA
X,25608371,25608371,1,snv_mnv,NA,NA,"broad,muse,sanger",3,COSN18985336,NA,L1MA4A,FALSE,0.3846,NA,5,8,NA,NA,NA,IGR,FALSE,FALSE,FALSE,FALSE,2,1,1,1_1,15563a10-47a8-401d-a507-2c7101f7ae60,RPP40P1
X,26109424,26109424,1,snv_mnv,NA,NA,"broad,dkfz,muse,sanger",4,COSN518038,NA,NA,FALSE,0.3529,NA,12,22,NA,NA,NA,IGR,FALSE,FALSE,FALSE,FALSE,2,1,1,1_1,15563a10-47a8-401d-a507-2c7101f7ae60,NA
X,26773542,26773542,1,snv_mnv,NA,NA,"broad,dkfz,muse,sanger",4,COSN18985333,NA,MER4A1,FALSE,0.5,NA,11,11,NA,NA,NA,IGR,FALSE,FALSE,FALSE,FALSE,2,1,1,1_1,15563a10-47a8-401d-a507-2c7101f7ae60,NA
X,26823371,26823371,1,snv_mnv,NA,NA,"broad,dkfz,muse,sanger",4,COSN518042,NA,NA,FALSE,0.5,NA,17,17,NA,NA,NA,IGR,FALSE,FALSE,FALSE,FALSE,2,1,1,1_1,15563a10-47a8-401d-a507-2c7101f7ae60,NA
X,26866935,26866935,1,snv_mnv,NA,NA,"broad,dkfz,muse,sanger",4,COSN159737,NA,NA,FALSE,0.48,NA,12,13,NA,NA,NA,IGR,FALSE,FALSE,FALSE,FALSE,2,1,1,1_1,15563a10-47a8-401d-a507-2c7101f7ae60,NA
X,26999547,26999547,1,snv_mnv,NA,NA,"broad,dkfz,muse,sanger",4,COSN18985406,NA,L1PB4,FALSE,0.4444,NA,8,10,NA,NA,NA,IGR,FALSE,FALSE,FALSE,FALSE,2,1,1,1_1,15563a10-47a8-401d-a507-2c7101f7ae60,NA
X,27318917,27318917,1,snv_mnv,NA,NA,"broad,dkfz,muse,sanger",4,COSN18985334,NA,L1PA7,FALSE,0.5263,NA,20,18,NA,NA,NA,lincRNA,FALSE,FALSE,FALSE,FALSE,2,1,1,1_1,15563a10-47a8-401d-a507-2c7101f7ae60,NA
X,27489069,27489069,1,snv_mnv,2.649e-4,NA,"broad,dkfz,muse,sanger",4,COSN159736,rs762042690,NA,FALSE,0.5185,NA,14,13,NA,NA,NA,IGR,FALSE,FALSE,FALSE,FALSE,2,1,1,1_1,15563a10-47a8-401d-a507-2c7101f7ae60,NA
X,28908789,28908789,1,snv_mnv,NA,NA,"broad,dkfz,muse,sanger",4,COSN518046,NA,NA,FALSE,0.5455,NA,12,10,NA,NA,NA,Intron,FALSE,FALSE,FALSE,FALSE,2,1,1,1_1,15563a10-47a8-401d-a507-2c7101f7ae60,NA
X,29872477,29872477,1,snv_mnv,NA,NA,"broad,dkfz,muse,sanger",4,COSN518047,NA,NA,FALSE,0.5349,NA,23,20,NA,NA,NA,Intron,FALSE,FALSE,FALSE,FALSE,2,1,1,1_1,15563a10-47a8-401d-a507-2c7101f7ae60,NA
X,30098731,30098731,1,snv_mnv,NA,NA,"broad,dkfz,muse,sanger",4,COSN18985335,NA,L1MC1,FALSE,0.3448,NA,10,19,NA,NA,NA,IGR,FALSE,FALSE,FALSE,FALSE,2,1,1,1_1,15563a10-47a8-401d-a507-2c7101f7ae60,NA
X,30301069,30301069,1,snv_mnv,NA,NA,"broad,dkfz,muse,sanger",4,COSN18985417,NA,Helitron1Nb_Mam,FALSE,0.5135,NA,19,18,NA,NA,NA,IGR,FALSE,FALSE,FALSE,FALSE,2,1,1,1_1,15563a10-47a8-401d-a507-2c7101f7ae60,NA
X,30794969,30794969,1,snv_mnv,NA,NA,"broad,dkfz,muse,sanger",4,COSN18985383,NA,L1MB7,FALSE,0.4545,NA,20,24,NA,NA,NA,IGR,FALSE,FALSE,FALSE,FALSE,2,1,1,1_1,15563a10-47a8-401d-a507-2c7101f7ae60,NA
X,31338180,31338180,1,snv_mnv,NA,NA,"broad,dkfz,muse,sanger",4,COSN518049,NA,NA,FALSE,0.54,NA,27,23,NA,NA,NA,Intron,FALSE,FALSE,FALSE,FALSE,2,1,1,1_1,15563a10-47a8-401d-a507-2c7101f7ae60,NA
X,31747760,31747760,1,snv_mnv,NA,NA,"broad,dkfz,muse,sanger",4,COSM1317241,NA,NA,FALSE,0.6786,NA,19,9,NA,NA,NA,Missense_Mutation,FALSE,FALSE,FALSE,FALSE,2,1,1,1_1,15563a10-47a8-401d-a507-2c7101f7ae60,NA
X,31751036,31751036,1,snv_mnv,NA,NA,"broad,dkfz,muse,sanger",4,COSN518051,NA,NA,FALSE,0.5641,NA,22,17,NA,NA,NA,Intron,FALSE,FALSE,FALSE,FALSE,2,1,1,1_1,15563a10-47a8-401d-a507-2c7101f7ae60,NA
X,32373679,32373679,1,snv_mnv,NA,NA,"broad,dkfz,muse,sanger",4,COSN518055,NA,NA,FALSE,0.4828,NA,14,15,NA,NA,NA,Intron,FALSE,FALSE,FALSE,FALSE,2,1,1,1_1,15563a10-47a8-401d-a507-2c7101f7ae60,NA
X,32829998,32829998,1,snv_mnv,NA,NA,"broad,dkfz,muse,sanger",4,COSN518058,NA,NA,FALSE,0.6333,NA,19,11,NA,NA,NA,Intron,FALSE,FALSE,FALSE,FALSE,2,1,1,1_1,15563a10-47a8-401d-a507-2c7101f7ae60,NA
X,33485732,33485732,1,snv_mnv,NA,NA,"broad,dkfz,muse,sanger",4,COSN18985375,NA,L1MB7,FALSE,0.5,NA,13,13,NA,NA,NA,IGR,FALSE,FALSE,FALSE,FALSE,2,1,1,1_1,15563a10-47a8-401d-a507-2c7101f7ae60,NA
X,35185414,35185414,1,snv_mnv,NA,NA,"broad,dkfz,muse,sanger",4,COSN18985353,NA,L1M1,FALSE,0.5789,NA,33,24,NA,NA,NA,IGR,FALSE,FALSE,FALSE,FALSE,2,1,1,1_1,15563a10-47a8-401d-a507-2c7101f7ae60,NA
X,35749775,35749775,1,snv_mnv,NA,NA,"broad,dkfz,muse,sanger",4,COSN18985399,rs775345699,AluSc,FALSE,0.5769,NA,15,11,NA,NA,NA,IGR,FALSE,FALSE,FALSE,FALSE,2,1,1,1_1,15563a10-47a8-401d-a507-2c7101f7ae60,NA
X,36178872,36178872,1,snv_mnv,NA,NA,"broad,dkfz,muse,sanger",4,COSM1317249,NA,NA,FALSE,0.55,NA,11,9,NA,NA,NA,IGR,FALSE,FALSE,FALSE,FALSE,2,1,1,1_1,15563a10-47a8-401d-a507-2c7101f7ae60,NA
X,36997257,36997257,1,snv_mnv,NA,NA,"broad,dkfz,muse,sanger",4,COSN518066,NA,NA,FALSE,0.4419,NA,19,24,NA,NA,NA,IGR,FALSE,FALSE,FALSE,FALSE,2,1,1,1_1,15563a10-47a8-401d-a507-2c7101f7ae60,NA
X,39906612,39906612,1,snv_mnv,NA,NA,"broad,dkfz,muse,sanger",4,COSN18985418,NA,MER33,FALSE,0.5,NA,16,16,NA,NA,NA,IGR,FALSE,FALSE,FALSE,FALSE,2,1,1,1_1,15563a10-47a8-401d-a507-2c7101f7ae60,BCOR
X,47624003,47624003,1,snv_mnv,NA,NA,"broad,dkfz,muse",3,COSN18985445,NA,L1MCa,FALSE,0.5938,NA,19,13,NA,NA,NA,IGR,FALSE,FALSE,FALSE,FALSE,2,1,1,1_1,15563a10-47a8-401d-a507-2c7101f7ae60,NA
X,48833159,48833159,1,snv_mnv,NA,NA,"broad,dkfz,muse,sanger",4,COSN18985395,NA,L1MC5,FALSE,0.4074,NA,11,16,NA,NA,NA,Intron,FALSE,FALSE,FALSE,FALSE,2,1,1,1_1,15563a10-47a8-401d-a507-2c7101f7ae60,GRIPAP1
X,49683755,49683755,1,snv_mnv,NA,NA,"broad,dkfz,muse,sanger",4,COSN518070,NA,NA,FALSE,0.5238,NA,11,10,NA,NA,NA,IGR,FALSE,FALSE,FALSE,FALSE,2,1,1,1_1,15563a10-47a8-401d-a507-2c7101f7ae60,CLCN5
X,50954644,50954644,1,snv_mnv,NA,NA,"broad,dkfz,muse,sanger",4,COSN518072,NA,NA,FALSE,0.3667,NA,11,19,NA,NA,NA,IGR,FALSE,FALSE,FALSE,FALSE,2,1,1,1_1,15563a10-47a8-401d-a507-2c7101f7ae60,NA
X,51902629,51902629,1,snv_mnv,NA,NA,"broad,dkfz,muse,sanger",4,COSN18985369,NA,AluY,FALSE,0.5333,NA,16,14,NA,NA,NA,IGR,FALSE,FALSE,FALSE,FALSE,2,1,1,1_1,15563a10-47a8-401d-a507-2c7101f7ae60,NA
X,56329561,56329561,1,snv_mnv,NA,NA,"broad,dkfz,muse,sanger",4,COSN18985348,NA,L1PA15,FALSE,0.5312,NA,17,15,NA,NA,NA,IGR,FALSE,FALSE,FALSE,FALSE,2,1,1,1_1,15563a10-47a8-401d-a507-2c7101f7ae60,NA
X,57294381,57294381,1,snv_mnv,NA,NA,"broad,dkfz,muse,sanger",4,COSN18985415,NA,L1PA12,FALSE,0.4048,NA,17,25,NA,NA,NA,IGR,FALSE,FALSE,FALSE,FALSE,2,1,1,1_1,15563a10-47a8-401d-a507-2c7101f7ae60,NA
X,62785610,62785610,1,snv_mnv,NA,NA,"broad,dkfz,muse,sanger",4,COSN18985387,NA,L1MB8,FALSE,0.4667,NA,14,16,NA,NA,NA,IGR,FALSE,FALSE,FALSE,FALSE,2,1,1,1_1,15563a10-47a8-401d-a507-2c7101f7ae60,LINC01278
X,64060356,64060356,1,snv_mnv,NA,NA,"broad,dkfz,muse",3,COSN18985389,rs756399770,L1PB1,FALSE,0.4194,NA,13,18,NA,NA,NA,IGR,FALSE,FALSE,FALSE,FALSE,2,1,1,1_1,15563a10-47a8-401d-a507-2c7101f7ae60,NA
X,64117224,64117224,1,snv_mnv,NA,NA,"broad,dkfz,muse,sanger",4,COSN18985388,NA,THE1B-int,FALSE,0.5143,NA,18,17,NA,NA,NA,IGR,FALSE,FALSE,FALSE,FALSE,2,1,1,1_1,15563a10-47a8-401d-a507-2c7101f7ae60,NA
X,64650408,64650408,1,snv_mnv,NA,NA,"broad,muse",2,COSN18985425,NA,L1PA5,FALSE,0.6667,NA,10,5,NA,NA,NA,IGR,FALSE,FALSE,FALSE,FALSE,2,1,1,1_1,15563a10-47a8-401d-a507-2c7101f7ae60,NA
X,65035751,65035751,1,snv_mnv,NA,NA,"broad,dkfz,muse,sanger",4,COSN18985363,NA,MLT2A2,FALSE,0.4848,NA,16,17,NA,NA,NA,IGR,FALSE,FALSE,FALSE,FALSE,2,1,1,1_1,15563a10-47a8-401d-a507-2c7101f7ae60,NA
X,65150422,65150422,1,snv_mnv,NA,NA,"broad,dkfz,muse,sanger",4,COSN18985421,NA,HERVIP10FH-int,FALSE,0.4516,NA,14,17,NA,NA,NA,IGR,FALSE,FALSE,FALSE,FALSE,2,1,1,1_1,15563a10-47a8-401d-a507-2c7101f7ae60,NA
X,69589723,69589723,1,snv_mnv,NA,NA,"broad,dkfz,muse,sanger",4,COSN518082,NA,NA,FALSE,0.5806,NA,18,13,NA,NA,NA,Intron,FALSE,FALSE,FALSE,FALSE,2,1,1,1_1,15563a10-47a8-401d-a507-2c7101f7ae60,NA
X,69653282,69653282,1,snv_mnv,NA,NA,"broad,dkfz,muse,sanger",4,COSN159734,NA,NA,FALSE,0.35,NA,7,13,NA,NA,NA,IGR,FALSE,FALSE,FALSE,FALSE,2,1,1,1_1,15563a10-47a8-401d-a507-2c7101f7ae60,GDPD2
X,72645932,72645932,1,snv_mnv,NA,NA,"broad,dkfz,muse,sanger",4,COSN18985423,NA,L1PA14,FALSE,0.5238,NA,22,20,NA,NA,NA,IGR,FALSE,FALSE,FALSE,FALSE,2,1,1,1_1,15563a10-47a8-401d-a507-2c7101f7ae60,NA
X,73237305,73237305,1,snv_mnv,NA,NA,"broad,dkfz,muse,sanger",4,COSN18985408,NA,L1MA5,FALSE,0.5,NA,11,11,NA,NA,NA,IGR,FALSE,FALSE,FALSE,FALSE,2,1,1,1_1,15563a10-47a8-401d-a507-2c7101f7ae60,"FTX,JPX"
X,75495212,75495212,1,snv_mnv,NA,NA,"broad,dkfz,muse,sanger",4,COSN18985432,NA,L1MA8,FALSE,0.4483,NA,13,16,NA,NA,NA,IGR,FALSE,FALSE,FALSE,FALSE,2,1,1,1_1,15563a10-47a8-401d-a507-2c7101f7ae60,NA
X,75650948,75650948,1,snv_mnv,NA,NA,"broad,dkfz,muse,sanger",4,COSM1317252,NA,NA,FALSE,0.619,NA,13,8,NA,NA,NA,Silent,FALSE,FALSE,FALSE,FALSE,2,1,1,1_1,15563a10-47a8-401d-a507-2c7101f7ae60,NA
X,76569679,76569679,1,snv_mnv,NA,NA,"broad,dkfz,muse,sanger",4,COSN18985422,NA,L1PA7,FALSE,0.4828,NA,14,15,NA,NA,NA,IGR,FALSE,FALSE,FALSE,FALSE,2,1,1,1_1,15563a10-47a8-401d-a507-2c7101f7ae60,NA
X,81759073,81759073,1,snv_mnv,NA,NA,"broad,dkfz,muse,sanger",4,COSN18985345,NA,MSTA-int,FALSE,0.4444,NA,12,15,NA,NA,NA,IGR,FALSE,FALSE,FALSE,FALSE,2,1,1,1_1,15563a10-47a8-401d-a507-2c7101f7ae60,RPL22P22
X,81764443,81764443,1,snv_mnv,NA,NA,"broad,dkfz,muse,sanger",4,COSN18985407,NA,ERVL-B4-int,FALSE,0.5667,NA,17,13,NA,NA,NA,IGR,FALSE,FALSE,FALSE,FALSE,2,1,1,1_1,15563a10-47a8-401d-a507-2c7101f7ae60,RPL22P22
X,82056963,82056963,1,snv_mnv,NA,NA,"broad,dkfz,muse,sanger",4,COSN18985372,NA,MLT2C1,FALSE,0.3793,NA,11,18,NA,NA,NA,IGR,FALSE,FALSE,FALSE,FALSE,2,1,1,1_1,15563a10-47a8-401d-a507-2c7101f7ae60,NA
X,82102539,82102539,1,snv_mnv,NA,NA,"broad,dkfz,muse,sanger",4,COSN18985440,NA,MER113A,FALSE,0.4286,NA,12,16,NA,NA,NA,IGR,FALSE,FALSE,FALSE,FALSE,2,1,1,1_1,15563a10-47a8-401d-a507-2c7101f7ae60,NA
X,82429314,82429314,1,snv_mnv,NA,NA,"broad,dkfz,muse,sanger",4,COSN18985394,NA,HERVL-int,FALSE,0.5667,NA,17,13,NA,NA,NA,IGR,FALSE,FALSE,FALSE,FALSE,2,1,1,1_1,15563a10-47a8-401d-a507-2c7101f7ae60,NA
X,82847357,82847357,1,snv_mnv,NA,NA,"broad,muse,sanger",3,COSN18985398,NA,MIRc,FALSE,0.381,NA,8,13,NA,NA,NA,IGR,FALSE,FALSE,FALSE,FALSE,2,1,1,1_1,15563a10-47a8-401d-a507-2c7101f7ae60,NA
X,83232255,83232255,1,snv_mnv,NA,NA,"broad,dkfz,muse,sanger",4,COSN18985373,NA,MER57A-int,FALSE,0.5,NA,18,18,NA,NA,NA,IGR,FALSE,FALSE,FALSE,FALSE,2,1,1,1_1,15563a10-47a8-401d-a507-2c7101f7ae60,NA
X,84131118,84131118,1,snv_mnv,NA,NA,"broad,dkfz,muse,sanger",4,COSN518090,NA,NA,FALSE,0.5455,NA,18,15,NA,NA,NA,IGR,FALSE,FALSE,FALSE,FALSE,2,1,1,1_1,15563a10-47a8-401d-a507-2c7101f7ae60,NA
X,86822016,86822016,1,snv_mnv,NA,NA,"broad,dkfz,muse,sanger",4,COSN18985382,NA,L1PA13,FALSE,0.5,NA,9,9,NA,NA,NA,Intron,FALSE,FALSE,FALSE,FALSE,2,1,1,1_1,15563a10-47a8-401d-a507-2c7101f7ae60,NA
X,87459558,87459558,1,snv_mnv,NA,NA,"broad,dkfz,muse,sanger",4,COSN18985424,NA,L1MB3,FALSE,0.5152,NA,17,16,NA,NA,NA,IGR,FALSE,FALSE,FALSE,FALSE,2,1,1,1_1,15563a10-47a8-401d-a507-2c7101f7ae60,NA
X,88197311,88197311,1,snv_mnv,NA,NA,"broad,dkfz,muse,sanger",4,COSN18985414,NA,MER39B,FALSE,0.4516,NA,14,17,NA,NA,NA,IGR,FALSE,FALSE,FALSE,FALSE,2,1,1,1_1,15563a10-47a8-401d-a507-2c7101f7ae60,NA
X,88462145,88462145,1,snv_mnv,NA,NA,"muse,sanger",2,COSN518095,NA,NA,FALSE,0.3582,NA,24,43,NA,NA,NA,IGR,FALSE,FALSE,FALSE,FALSE,2,1,1,1_1,15563a10-47a8-401d-a507-2c7101f7ae60,NA
X,91366717,91366717,1,snv_mnv,NA,NA,"broad,muse,sanger",3,COSN18985428,NA,MIR3,FALSE,0.3103,NA,9,20,NA,NA,NA,Intron,FALSE,FALSE,FALSE,FALSE,2,1,1,1_1,15563a10-47a8-401d-a507-2c7101f7ae60,EIF4A1P10
X,92581834,92581834,1,snv_mnv,NA,NA,"broad,dkfz,muse,sanger",4,COSN18985391,NA,L1M6,FALSE,0.5882,NA,20,14,NA,NA,NA,IGR,FALSE,FALSE,FALSE,FALSE,2,1,1,1_1,15563a10-47a8-401d-a507-2c7101f7ae60,NA
X,93444927,93444927,1,snv_mnv,NA,NA,"broad,dkfz,muse,sanger",4,COSN18985377,NA,Tigger4,FALSE,0.5263,NA,20,18,NA,NA,NA,IGR,FALSE,FALSE,FALSE,FALSE,2,1,1,1_1,15563a10-47a8-401d-a507-2c7101f7ae60,NA
X,94015186,94015186,1,snv_mnv,NA,NA,"broad,dkfz,muse,sanger",4,COSN18985379,NA,LTR49-int,FALSE,0.3846,NA,15,24,NA,NA,NA,IGR,FALSE,FALSE,FALSE,FALSE,2,1,1,1_1,15563a10-47a8-401d-a507-2c7101f7ae60,NA
X,94092320,94092320,1,snv_mnv,NA,NA,"broad,muse,sanger",3,COSN18985332,NA,L1MA1,FALSE,0.2105,NA,4,15,NA,NA,NA,IGR,FALSE,FALSE,FALSE,FALSE,2,1,1,1_1,15563a10-47a8-401d-a507-2c7101f7ae60,NA
X,94159798,94159798,1,snv_mnv,NA,NA,"broad,dkfz,muse,sanger",4,COSN18985350,NA,L1MC1,FALSE,0.4865,NA,18,19,NA,NA,NA,IGR,FALSE,FALSE,FALSE,FALSE,2,1,1,1_1,15563a10-47a8-401d-a507-2c7101f7ae60,NA
X,95577759,95577759,1,snv_mnv,NA,NA,"broad,dkfz,muse,sanger",4,COSN18985358,NA,L1PB2,FALSE,0.475,NA,19,21,NA,NA,NA,IGR,FALSE,FALSE,FALSE,FALSE,2,1,1,1_1,15563a10-47a8-401d-a507-2c7101f7ae60,NA
X,96563640,96563640,1,snv_mnv,NA,NA,"broad,muse",2,COSN18985343,NA,AluY,FALSE,0.5,NA,4,4,NA,NA,NA,Intron,FALSE,FALSE,FALSE,FALSE,2,1,1,1_1,15563a10-47a8-401d-a507-2c7101f7ae60,NA
X,96605349,96605349,1,snv_mnv,NA,NA,"broad,dkfz,muse,sanger",4,COSN18985429,NA,NA,FALSE,0.4138,NA,12,17,NA,NA,NA,Intron,FALSE,FALSE,FALSE,FALSE,2,1,1,1_1,15563a10-47a8-401d-a507-2c7101f7ae60,NA
X,97740863,97740863,1,snv_mnv,NA,NA,"broad,dkfz,muse,sanger",4,COSN18985368,NA,L2a,FALSE,0.5758,NA,19,14,NA,NA,NA,IGR,FALSE,FALSE,FALSE,FALSE,2,1,1,1_1,15563a10-47a8-401d-a507-2c7101f7ae60,NA
X,97913123,97913123,1,snv_mnv,NA,NA,"broad,dkfz,muse,sanger",4,COSN18985447,NA,HERVL-int,FALSE,0.5161,NA,16,15,NA,NA,NA,IGR,FALSE,FALSE,FALSE,FALSE,2,1,1,1_1,15563a10-47a8-401d-a507-2c7101f7ae60,NA
X,98199350,98199350,1,snv_mnv,NA,NA,"broad,dkfz,muse,sanger",4,COSN18984824,NA,L1MEg,FALSE,0.5556,NA,15,12,NA,NA,NA,IGR,FALSE,FALSE,FALSE,FALSE,2,1,1,1_1,15563a10-47a8-401d-a507-2c7101f7ae60,NA
X,100283517,100283517,1,snv_mnv,NA,NA,"broad,dkfz,muse,sanger",4,COSN18985331,NA,L2a,FALSE,0.4737,NA,9,10,NA,NA,NA,Intron,FALSE,FALSE,FALSE,FALSE,2,1,1,1_1,15563a10-47a8-401d-a507-2c7101f7ae60,NA
X,101603668,101603668,1,snv_mnv,NA,NA,"broad,muse,sanger",3,COSN18985346,NA,L1PA15,FALSE,0.4043,NA,19,28,NA,NA,NA,IGR,FALSE,FALSE,FALSE,FALSE,2,1,1,1_1,15563a10-47a8-401d-a507-2c7101f7ae60,NA
X,103134554,103134554,1,snv_mnv,NA,NA,"broad,dkfz,muse,sanger",4,COSN18985401,NA,LTR25,FALSE,0.5909,NA,13,9,NA,NA,NA,IGR,FALSE,FALSE,FALSE,FALSE,2,1,1,1_1,15563a10-47a8-401d-a507-2c7101f7ae60,NA
X,103823183,103823183,1,snv_mnv,NA,NA,"broad,dkfz,muse,sanger",4,COSN517945,NA,NA,FALSE,0.5,NA,13,13,NA,NA,NA,Intron,FALSE,FALSE,FALSE,FALSE,2,1,1,1_1,15563a10-47a8-401d-a507-2c7101f7ae60,NA
X,105484951,105484951,1,snv_mnv,NA,NA,"broad,dkfz,muse",3,COSN517948,NA,NA,FALSE,0.5556,NA,15,12,NA,NA,NA,IGR,FALSE,FALSE,FALSE,FALSE,2,1,1,1_1,15563a10-47a8-401d-a507-2c7101f7ae60,NA
X,105610554,105610554,1,snv_mnv,NA,NA,"broad,dkfz,muse,sanger",4,COSN517949,NA,NA,FALSE,0.4651,NA,20,23,NA,NA,NA,IGR,FALSE,FALSE,FALSE,FALSE,2,1,1,1_1,15563a10-47a8-401d-a507-2c7101f7ae60,NA
X,106275412,106275412,1,snv_mnv,NA,NA,"broad,dkfz,muse,sanger",4,COSN517952,NA,NA,FALSE,0.3929,NA,11,17,NA,NA,NA,IGR,FALSE,FALSE,FALSE,FALSE,2,1,1,1_1,15563a10-47a8-401d-a507-2c7101f7ae60,EEF1A1P40
X,107436695,107436695,1,snv_mnv,NA,NA,"broad,dkfz,muse,sanger",4,COSN517955,NA,NA,FALSE,0.6296,NA,17,10,NA,NA,NA,Intron,FALSE,FALSE,FALSE,FALSE,2,1,1,1_1,15563a10-47a8-401d-a507-2c7101f7ae60,NA
X,107971709,107971709,1,snv_mnv,NA,NA,"broad,dkfz,muse,sanger",4,COSN18985376,NA,MIRc,FALSE,0.375,NA,12,20,NA,NA,NA,Intron,FALSE,FALSE,FALSE,FALSE,2,1,1,1_1,15563a10-47a8-401d-a507-2c7101f7ae60,"IRS4,AL035425.4,AL035425.3"
X,109106320,109106320,1,snv_mnv,NA,NA,"broad,dkfz,muse,sanger",4,COSN18985361,NA,NA,FALSE,0.619,NA,13,8,NA,NA,NA,IGR,FALSE,FALSE,FALSE,FALSE,2,1,1,1_1,15563a10-47a8-401d-a507-2c7101f7ae60,NA
X,109592114,109592114,1,snv_mnv,NA,NA,"broad,dkfz,muse,sanger",4,COSN517958,NA,NA,FALSE,0.5926,NA,16,11,NA,NA,NA,Intron,FALSE,FALSE,FALSE,FALSE,2,1,1,1_1,15563a10-47a8-401d-a507-2c7101f7ae60,NA
X,109938409,109938409,1,snv_mnv,NA,NA,"broad,dkfz,muse,sanger",4,COSN517960,NA,NA,FALSE,0.5806,NA,18,13,NA,NA,NA,Intron,FALSE,FALSE,FALSE,FALSE,2,1,1,1_1,15563a10-47a8-401d-a507-2c7101f7ae60,NA
X,110140577,110140577,1,snv_mnv,NA,NA,"broad,dkfz,muse,sanger",4,COSN18985374,NA,AluSx1,FALSE,0.625,NA,20,12,NA,NA,NA,IGR,FALSE,FALSE,FALSE,FALSE,2,1,1,1_1,15563a10-47a8-401d-a507-2c7101f7ae60,NA
X,110439890,110439890,1,snv_mnv,NA,NA,"broad,dkfz,muse,sanger",4,COSN517961,NA,NA,FALSE,0.6667,NA,18,9,NA,NA,NA,Intron,FALSE,FALSE,FALSE,FALSE,2,1,1,1_1,15563a10-47a8-401d-a507-2c7101f7ae60,NA
X,110873683,110873683,1,snv_mnv,NA,NA,"broad,dkfz,muse,sanger",4,COSN18985385,NA,NA,FALSE,0.2,NA,5,20,NA,NA,NA,IGR,FALSE,FALSE,FALSE,FALSE,2,1,1,1_1,15563a10-47a8-401d-a507-2c7101f7ae60,NA
X,111733547,111733547,1,snv_mnv,NA,NA,"broad,muse,sanger",3,COSN18985437,NA,L1PB,FALSE,0.3704,NA,10,17,NA,NA,NA,IGR,FALSE,FALSE,FALSE,FALSE,2,1,1,1_1,15563a10-47a8-401d-a507-2c7101f7ae60,NA
X,112179604,112179604,1,snv_mnv,NA,NA,"broad,muse,sanger",3,COSN18985337,NA,AluJb,FALSE,0.7778,NA,7,2,NA,NA,NA,IGR,FALSE,FALSE,FALSE,FALSE,2,1,1,1_1,15563a10-47a8-401d-a507-2c7101f7ae60,NA
X,113864437,113864437,1,snv_mnv,NA,NA,"broad,muse,sanger",3,COSN517965,NA,NA,FALSE,0.3846,NA,10,16,NA,NA,NA,Intron,FALSE,FALSE,FALSE,FALSE,2,1,1,1_1,15563a10-47a8-401d-a507-2c7101f7ae60,SNORA35
X,114422422,114422422,1,snv_mnv,NA,NA,"broad,dkfz,muse,sanger",4,COSN517966,NA,NA,FALSE,0.5714,NA,16,12,NA,NA,NA,Intron,FALSE,FALSE,FALSE,FALSE,2,1,1,1_1,15563a10-47a8-401d-a507-2c7101f7ae60,RBMXL3
X,114659479,114659479,1,snv_mnv,NA,NA,"broad,dkfz,muse,sanger",4,COSN517967,NA,NA,FALSE,0.5517,NA,16,13,NA,NA,NA,IGR,FALSE,FALSE,FALSE,FALSE,2,1,1,1_1,15563a10-47a8-401d-a507-2c7101f7ae60,NA
X,115979011,115979011,1,snv_mnv,NA,NA,"dkfz,sanger",2,COSN159731,NA,NA,FALSE,0.5833,NA,14,10,NA,NA,NA,IGR,FALSE,FALSE,FALSE,TRUE,2,1,1,1_1,15563a10-47a8-401d-a507-2c7101f7ae60,NA
X,116331713,116331713,1,snv_mnv,NA,NA,"broad,dkfz,muse,sanger",4,COSN18985344,NA,THE1B,FALSE,0.3214,NA,9,19,NA,NA,NA,IGR,FALSE,FALSE,FALSE,FALSE,2,1,1,1_1,15563a10-47a8-401d-a507-2c7101f7ae60,NA
X,116348655,116348655,1,snv_mnv,NA,NA,"broad,dkfz,muse,sanger",4,COSN18985449,NA,L1M4c,FALSE,0.4516,NA,14,17,NA,NA,NA,IGR,FALSE,FALSE,FALSE,FALSE,2,1,1,1_1,15563a10-47a8-401d-a507-2c7101f7ae60,NA
X,116648706,116648706,1,snv_mnv,NA,NA,"broad,dkfz,muse,sanger",4,COSN18985347,NA,MamRep1894,FALSE,0.4074,NA,11,16,NA,NA,NA,IGR,FALSE,FALSE,FALSE,FALSE,2,1,1,1_1,15563a10-47a8-401d-a507-2c7101f7ae60,NA
X,116714046,116714046,1,snv_mnv,NA,NA,"broad,dkfz,muse",3,COSN18985427,NA,L1PB2,FALSE,0.3077,NA,8,18,NA,NA,NA,IGR,FALSE,FALSE,FALSE,FALSE,2,1,1,1_1,15563a10-47a8-401d-a507-2c7101f7ae60,NA
X,117044163,117044163,1,snv_mnv,NA,NA,"broad,dkfz,muse,sanger",4,COSN517968,NA,NA,FALSE,0.5455,NA,30,25,NA,NA,NA,Intron,FALSE,FALSE,FALSE,FALSE,2,1,1,1_1,15563a10-47a8-401d-a507-2c7101f7ae60,RF00019
X,118354042,118354042,1,snv_mnv,NA,NA,"broad,dkfz,muse,sanger",4,COSN517970,NA,NA,FALSE,0.3784,NA,14,23,NA,NA,NA,IGR,FALSE,FALSE,FALSE,FALSE,2,1,1,1_1,15563a10-47a8-401d-a507-2c7101f7ae60,"HNRNPA1P28,AC004835.2"
X,120140776,120140776,1,snv_mnv,NA,NA,"broad,dkfz,muse,sanger",4,COSN517973,NA,NA,FALSE,0.4444,NA,12,15,NA,NA,NA,IGR,FALSE,FALSE,FALSE,FALSE,2,1,1,1_1,15563a10-47a8-401d-a507-2c7101f7ae60,NA
X,121072659,121072659,1,snv_mnv,NA,NA,"broad,dkfz,muse,sanger",4,COSN18985362,rs756845551,L1MA9,FALSE,0.4872,NA,19,20,NA,NA,NA,IGR,FALSE,FALSE,FALSE,FALSE,2,1,1,1_1,15563a10-47a8-401d-a507-2c7101f7ae60,NA
X,121454598,121454598,1,snv_mnv,NA,NA,"dkfz,sanger",2,COSN18985356,NA,L1MB1,FALSE,0.4615,NA,18,21,NA,NA,NA,IGR,FALSE,FALSE,FALSE,FALSE,2,1,1,1_1,15563a10-47a8-401d-a507-2c7101f7ae60,NA
X,121507179,121507179,1,snv_mnv,NA,NA,"broad,dkfz,muse,sanger",4,COSN18985397,NA,L1MA1,FALSE,0.4643,NA,13,15,NA,NA,NA,IGR,FALSE,FALSE,FALSE,FALSE,2,1,1,1_1,15563a10-47a8-401d-a507-2c7101f7ae60,NA
X,121746563,121746563,1,snv_mnv,NA,NA,"broad,dkfz,muse,sanger",4,COSN18985436,NA,HERVL-int,FALSE,0.3684,NA,14,24,NA,NA,NA,IGR,FALSE,FALSE,FALSE,FALSE,2,1,1,1_1,15563a10-47a8-401d-a507-2c7101f7ae60,NA
X,121878592,121878592,1,snv_mnv,NA,NA,"broad,dkfz,muse,sanger",4,COSN18985352,NA,MSTA,FALSE,0.5769,NA,15,11,NA,NA,NA,IGR,FALSE,FALSE,FALSE,FALSE,2,1,1,1_1,15563a10-47a8-401d-a507-2c7101f7ae60,NA
X,122033736,122033736,1,snv_mnv,NA,NA,"broad,dkfz,muse,sanger",4,COSN18985381,NA,L1MB1,FALSE,0.5667,NA,17,13,NA,NA,NA,IGR,FALSE,FALSE,FALSE,FALSE,2,1,1,1_1,15563a10-47a8-401d-a507-2c7101f7ae60,NA
X,122364577,122364577,1,snv_mnv,NA,NA,"broad,dkfz,muse,sanger",4,COSN18985386,NA,L2b,FALSE,0.5357,NA,15,13,NA,NA,NA,Intron,FALSE,FALSE,FALSE,FALSE,2,1,1,1_1,15563a10-47a8-401d-a507-2c7101f7ae60,NA
X,122746066,122746066,1,snv_mnv,NA,NA,"broad,dkfz,muse,sanger",4,COSN18985371,NA,L1MB5,FALSE,0.4762,NA,10,11,NA,NA,NA,Intron,FALSE,FALSE,FALSE,FALSE,2,1,1,1_1,15563a10-47a8-401d-a507-2c7101f7ae60,THOC2
X,123915634,123915634,1,snv_mnv,NA,NA,"broad,dkfz,muse,sanger",4,COSN18985446,NA,L2c,FALSE,0.5,NA,14,14,NA,NA,NA,Intron,FALSE,FALSE,FALSE,FALSE,2,1,1,1_1,15563a10-47a8-401d-a507-2c7101f7ae60,NA
X,124922258,124922258,1,snv_mnv,NA,NA,"broad,dkfz,muse,sanger",4,COSN18985330,NA,LTR25-int,FALSE,0.5,NA,23,23,NA,NA,NA,IGR,FALSE,FALSE,FALSE,FALSE,2,1,1,1_1,15563a10-47a8-401d-a507-2c7101f7ae60,NA
X,125375147,125375147,1,snv_mnv,NA,NA,"broad,dkfz,muse,sanger",4,COSN18985443,NA,L1PA5,FALSE,0.5,NA,20,20,NA,NA,NA,IGR,FALSE,FALSE,FALSE,FALSE,2,1,1,1_1,15563a10-47a8-401d-a507-2c7101f7ae60,NA
X,125695531,125695531,1,snv_mnv,NA,NA,"broad,dkfz,muse,sanger",4,COSN18985442,NA,AluSx1,FALSE,0.619,NA,13,8,NA,NA,NA,IGR,FALSE,FALSE,FALSE,FALSE,2,1,1,1_1,15563a10-47a8-401d-a507-2c7101f7ae60,NA
X,126450482,126450482,1,snv_mnv,NA,NA,"broad,dkfz,muse,sanger",4,COSN517985,NA,NA,FALSE,0.4706,NA,16,18,NA,NA,NA,IGR,FALSE,FALSE,FALSE,FALSE,2,1,1,1_1,15563a10-47a8-401d-a507-2c7101f7ae60,NA
X,128403991,128403991,1,snv_mnv,NA,NA,"broad,dkfz,muse,sanger",4,COSN18985410,NA,L1M1,FALSE,0.5,NA,17,17,NA,NA,NA,IGR,FALSE,FALSE,FALSE,FALSE,2,1,1,1_1,15563a10-47a8-401d-a507-2c7101f7ae60,NA
X,128627583,128627583,1,snv_mnv,NA,NA,"broad,dkfz,muse,sanger",4,COSN18985393,NA,MIRb,FALSE,0.5,NA,18,18,NA,NA,NA,Intron,FALSE,FALSE,FALSE,FALSE,2,1,1,1_1,15563a10-47a8-401d-a507-2c7101f7ae60,NA
X,129762274,129762274,1,snv_mnv,NA,NA,"broad,dkfz,muse,sanger",4,COSN18985384,NA,MIR,FALSE,0.4,NA,16,24,NA,NA,NA,Intron,FALSE,FALSE,FALSE,FALSE,2,1,1,1_1,15563a10-47a8-401d-a507-2c7101f7ae60,NA
X,129949347,129949347,1,snv_mnv,NA,NA,"broad,dkfz,muse,sanger",4,COSN18985404,NA,L1PA7,FALSE,0.4884,NA,21,22,NA,NA,NA,Intron,FALSE,FALSE,FALSE,FALSE,2,1,1,1_1,15563a10-47a8-401d-a507-2c7101f7ae60,NA
X,131618595,131618595,1,snv_mnv,2.649e-4,NA,"broad,dkfz,muse,sanger",4,COSN517989,rs759304524,NA,FALSE,0.6364,NA,21,12,NA,NA,NA,Intron,FALSE,FALSE,FALSE,FALSE,2,1,1,1_1,15563a10-47a8-401d-a507-2c7101f7ae60,NA
X,131986537,131986537,1,snv_mnv,NA,NA,"broad,dkfz,muse,sanger",4,COSN18985450,NA,NA,FALSE,0.1429,NA,5,30,NA,NA,NA,Intron,FALSE,FALSE,FALSE,FALSE,2,1,1,1_1,15563a10-47a8-401d-a507-2c7101f7ae60,NA
X,132193842,132193842,1,snv_mnv,NA,NA,"broad,dkfz,muse,sanger",4,COSN517990,NA,NA,FALSE,0.32,NA,8,17,NA,NA,NA,Intron,FALSE,FALSE,FALSE,FALSE,2,1,1,1_1,15563a10-47a8-401d-a507-2c7101f7ae60,NA
X,134087264,134087264,1,snv_mnv,NA,NA,"broad,dkfz,muse,sanger",4,COSN517994,NA,NA,FALSE,0.4783,NA,22,24,NA,NA,NA,lincRNA,FALSE,FALSE,FALSE,FALSE,2,1,1,1_1,15563a10-47a8-401d-a507-2c7101f7ae60,NA
X,134130491,134130491,1,snv_mnv,NA,NA,"broad,dkfz,muse,sanger",4,COSN517995,NA,NA,FALSE,0.5667,NA,17,13,NA,NA,NA,IGR,FALSE,FALSE,FALSE,FALSE,2,1,1,1_1,15563a10-47a8-401d-a507-2c7101f7ae60,SMIM10
X,134817874,134817874,1,snv_mnv,NA,NA,"broad,muse,sanger",3,COSN18985380,NA,L1PA11,FALSE,0.5806,NA,18,13,NA,NA,NA,IGR,FALSE,FALSE,FALSE,FALSE,2,1,1,1_1,15563a10-47a8-401d-a507-2c7101f7ae60,NA
X,135539246,135539246,1,snv_mnv,NA,NA,"broad,dkfz,muse,sanger",4,COSN517998,NA,NA,FALSE,0.4762,NA,10,11,NA,NA,NA,IGR,FALSE,FALSE,FALSE,FALSE,2,1,1,1_1,15563a10-47a8-401d-a507-2c7101f7ae60,NA
X,136005170,136005170,1,snv_mnv,NA,NA,"broad,dkfz,muse,sanger",4,COSN517999,NA,NA,FALSE,0.3636,NA,12,21,NA,NA,NA,RNA,FALSE,FALSE,FALSE,FALSE,2,1,1,1_1,15563a10-47a8-401d-a507-2c7101f7ae60,NA
X,137269757,137269757,1,snv_mnv,NA,NA,"broad,dkfz,muse,sanger",4,COSN18985430,NA,L2c,FALSE,0.3846,NA,15,24,NA,NA,NA,IGR,FALSE,FALSE,FALSE,FALSE,2,1,1,1_1,15563a10-47a8-401d-a507-2c7101f7ae60,NA
X,137311676,137311676,1,snv_mnv,NA,NA,"broad,dkfz,muse,sanger",4,COSN18985412,NA,MER5A,FALSE,0.6341,NA,26,15,NA,NA,NA,IGR,FALSE,FALSE,FALSE,FALSE,2,1,1,1_1,15563a10-47a8-401d-a507-2c7101f7ae60,NA
X,138450284,138450284,1,snv_mnv,NA,NA,"broad,dkfz,muse,sanger",4,COSN18985409,NA,L1MA9,FALSE,0.4595,NA,17,20,NA,NA,NA,IGR,FALSE,FALSE,FALSE,FALSE,2,1,1,1_1,15563a10-47a8-401d-a507-2c7101f7ae60,NA
X,139025579,139025579,1,snv_mnv,NA,NA,"broad,dkfz,muse,sanger",4,COSN518002,rs372195871,NA,FALSE,0.3125,NA,10,22,NA,NA,NA,IGR,FALSE,FALSE,FALSE,FALSE,2,1,1,1_1,15563a10-47a8-401d-a507-2c7101f7ae60,NA
X,141901269,141901269,1,snv_mnv,NA,NA,"broad,dkfz,muse,sanger",4,COSN518005,NA,NA,FALSE,0.5714,NA,16,12,NA,NA,NA,IGR,FALSE,FALSE,FALSE,FALSE,2,1,1,1_1,15563a10-47a8-401d-a507-2c7101f7ae60,NA
X,143776848,143776848,1,snv_mnv,NA,NA,"broad,dkfz,muse,sanger",4,COSN518008,NA,NA,FALSE,0.5238,NA,22,20,NA,NA,NA,IGR,FALSE,FALSE,FALSE,FALSE,2,1,1,1_1,15563a10-47a8-401d-a507-2c7101f7ae60,NA
X,143923505,143923505,1,snv_mnv,NA,NA,"broad,muse,sanger",3,COSN518009,NA,NA,FALSE,0.4138,NA,12,17,NA,NA,NA,IGR,FALSE,FALSE,FALSE,FALSE,2,1,1,1_1,15563a10-47a8-401d-a507-2c7101f7ae60,HNRNPCP10
X,144145635,144145635,1,snv_mnv,NA,NA,"broad,dkfz,muse,sanger",4,COSN18985439,NA,L1MC5,FALSE,0.3636,NA,12,21,NA,NA,NA,IGR,FALSE,FALSE,FALSE,FALSE,2,1,1,1_1,15563a10-47a8-401d-a507-2c7101f7ae60,NA
X,145072380,145072380,1,snv_mnv,NA,NA,"broad,dkfz,muse,sanger",4,COSN518011,NA,NA,FALSE,0.5769,NA,15,11,NA,NA,NA,RNA,FALSE,FALSE,FALSE,FALSE,2,1,1,1_1,15563a10-47a8-401d-a507-2c7101f7ae60,"MIR892C,MIR888,MIR890"
X,145149916,145149916,1,snv_mnv,NA,NA,"broad,dkfz,muse,sanger",4,COSN18985357,NA,MLT1I-int,FALSE,0.5714,NA,16,12,NA,NA,NA,IGR,FALSE,FALSE,FALSE,FALSE,2,1,1,1_1,15563a10-47a8-401d-a507-2c7101f7ae60,NA
X,147589828,147589828,1,snv_mnv,NA,NA,"broad,dkfz,muse,sanger",4,COSN518013,NA,NA,FALSE,0.4667,NA,14,16,NA,NA,NA,Intron,FALSE,FALSE,FALSE,FALSE,2,1,1,1_1,15563a10-47a8-401d-a507-2c7101f7ae60,NA
X,148014969,148014969,1,snv_mnv,NA,NA,"broad,dkfz,muse,sanger",4,COSN18985400,NA,L2a,FALSE,0.5556,NA,20,16,NA,NA,NA,Intron,FALSE,FALSE,FALSE,FALSE,2,1,1,1_1,15563a10-47a8-401d-a507-2c7101f7ae60,NA
X,150762861,150762861,1,snv_mnv,NA,NA,"broad,dkfz,muse,sanger",4,COSN18985435,NA,L1ME4a,FALSE,0.5789,NA,11,8,NA,NA,NA,Intron,FALSE,FALSE,FALSE,FALSE,2,1,1,1_1,15563a10-47a8-401d-a507-2c7101f7ae60,NA
X,150943242,150943242,1,snv_mnv,NA,NA,"broad,dkfz,muse,sanger",4,COSN518016,NA,NA,FALSE,0.4483,NA,13,16,NA,NA,NA,IGR,FALSE,FALSE,FALSE,FALSE,2,1,1,1_1,15563a10-47a8-401d-a507-2c7101f7ae60,NA
X,151351213,151351213,1,snv_mnv,NA,NA,"broad,muse",2,COSN18985403,NA,(TA)n,FALSE,0.2105,NA,4,15,NA,NA,NA,Intron,FALSE,FALSE,FALSE,FALSE,2,1,1,1_1,15563a10-47a8-401d-a507-2c7101f7ae60,GABRA3
X,154898986,154898986,1,snv_mnv,NA,NA,"broad,dkfz,muse,sanger",4,COSN518022,NA,NA,FALSE,0.4545,NA,20,24,NA,NA,NA,IGR,FALSE,FALSE,FALSE,FALSE,2,1,1,1_1,15563a10-47a8-401d-a507-2c7101f7ae60,NA
