chromosome,start,end,width,type,1000genomes_AF,1000genomes_ID,Callers,NumCallers,cosmic,dbsnp,repeat_masker,dbsnp_somatic,VAF,n_vaf,t_alt_count,t_ref_count,n_alt_count,n_ref_count,model_score,Variant_Classification,signature_R1,signature_R2,signature_N3,snv_near_indel,total_cn,major_cn,minor_cn,karyotype,sample,gene
1,73200962,73200964,3,indel,NA,NA,"broad,dkfz,sanger,smufin",4,COSN19241883,NA,NA,FALSE,0.425,NA,17,23,NA,NA,0.998,IGR,NA,NA,NA,NA,2,1,1,1_1,9c730cfb-3fd6-428a-a0a4-c061ca5db06c,NA
1,151022739,151022741,3,indel,NA,NA,"dkfz,sanger,smufin",3,COSN19241950,NA,NA,FALSE,0.4167,NA,15,21,NA,NA,0.981,Intron,NA,NA,NA,NA,2,1,1,1_1,9c730cfb-3fd6-428a-a0a4-c061ca5db06c,"BNIPL,CDC42SE1,C1orf56"
10,80911808,80911821,14,indel,NA,NA,"broad,dkfz,sanger,smufin",4,COSN19242904,NA,MIR3,FALSE,0.3548,NA,11,20,NA,NA,0.997,Intron,NA,NA,NA,NA,2,1,1,1_1,9c730cfb-3fd6-428a-a0a4-c061ca5db06c,NA
10,110689863,110689867,5,indel,NA,NA,"broad,dkfz,sanger,smufin",4,COSN19242903,rs776066430,NA,FALSE,0.3333,NA,10,20,NA,NA,0.978,IGR,NA,NA,NA,NA,2,1,1,1_1,9c730cfb-3fd6-428a-a0a4-c061ca5db06c,NA
11,44645212,44645217,6,indel,NA,NA,"broad,sanger",2,COSN19241533,NA,NA,FALSE,0.2941,NA,10,24,NA,NA,0.987,IGR,NA,NA,NA,NA,2,1,1,1_1,9c730cfb-3fd6-428a-a0a4-c061ca5db06c,CD82
11,89004439,89004440,2,indel,NA,NA,"broad,dkfz,sanger,smufin",4,COSN19241482,NA,MLT1B,FALSE,0.375,NA,9,15,NA,NA,0.997,Intron,NA,NA,NA,NA,2,1,1,1_1,9c730cfb-3fd6-428a-a0a4-c061ca5db06c,NA
11,126134408,126134411,4,indel,NA,NA,"broad,dkfz,smufin",3,COSM5418804,NA,NA,FALSE,0.2857,NA,8,20,NA,NA,0.9,In_Frame_Del,NA,NA,NA,NA,2,1,1,1_1,9c730cfb-3fd6-428a-a0a4-c061ca5db06c,"FOXRED1,FAM118B,SRPRA"
11,132198503,132198504,2,indel,NA,NA,"broad,dkfz,sanger,smufin",4,COSN19241526,NA,NA,FALSE,0.5172,NA,15,14,NA,NA,0.999,Intron,NA,NA,NA,NA,2,1,1,1_1,9c730cfb-3fd6-428a-a0a4-c061ca5db06c,NTM
12,28816345,28816346,2,indel,NA,NA,"broad,dkfz,sanger,smufin",4,COSN19242441,NA,L1MC4,FALSE,0.75,NA,36,12,NA,NA,0.999,IGR,NA,NA,NA,NA,3,2,1,2_1,9c730cfb-3fd6-428a-a0a4-c061ca5db06c,NA
12,113235766,113235774,9,indel,NA,NA,"broad,dkfz,sanger,smufin",4,COSN19242440,NA,AluJo,FALSE,0.2326,NA,10,33,NA,NA,0.993,Intron,NA,NA,NA,NA,3,2,1,2_1,9c730cfb-3fd6-428a-a0a4-c061ca5db06c,NA
16,58615087,58615088,2,indel,NA,NA,"broad,dkfz,sanger,smufin",4,COSN19242025,NA,NA,FALSE,0.3556,NA,16,29,NA,NA,0.998,Intron,NA,NA,NA,NA,2,1,1,1_1,9c730cfb-3fd6-428a-a0a4-c061ca5db06c,NA
16,61356331,61356334,4,indel,NA,NA,"broad,dkfz,sanger,smufin",4,COSN19242033,NA,NA,FALSE,0.5357,NA,15,13,NA,NA,0.999,IGR,NA,NA,NA,NA,2,1,1,1_1,9c730cfb-3fd6-428a-a0a4-c061ca5db06c,NA
16,65886497,65886498,2,indel,NA,NA,"broad,dkfz,sanger,smufin",4,COSN19242016,NA,NA,FALSE,0.4186,NA,18,25,NA,NA,0.998,IGR,NA,NA,NA,NA,2,1,1,1_1,9c730cfb-3fd6-428a-a0a4-c061ca5db06c,NA
17,4303026,4303030,5,indel,NA,NA,"broad,dkfz,sanger,smufin",4,COSN19241685,NA,MSTD,FALSE,0.3043,NA,7,16,NA,NA,0.995,IGR,NA,NA,NA,NA,2,1,1,1_1,9c730cfb-3fd6-428a-a0a4-c061ca5db06c,NA
18,8076305,8076307,3,indel,NA,NA,"broad,dkfz,sanger",3,COSN19242005,NA,NA,FALSE,0.45,NA,18,22,NA,NA,0.999,Intron,NA,NA,NA,NA,2,1,1,1_1,9c730cfb-3fd6-428a-a0a4-c061ca5db06c,NA
18,42650920,42650923,4,indel,NA,NA,"broad,dkfz,sanger,smufin",4,COSN19242007,NA,NA,FALSE,0.4038,NA,21,31,NA,NA,0.999,IGR,NA,NA,NA,NA,2,1,1,1_1,9c730cfb-3fd6-428a-a0a4-c061ca5db06c,SETBP1
2,41411765,41411781,17,indel,NA,NA,"broad,dkfz,sanger",3,COSN19241794,NA,(CA)n,FALSE,0.1667,NA,5,25,NA,NA,0.987,IGR,NA,NA,NA,NA,2,1,1,1_1,9c730cfb-3fd6-428a-a0a4-c061ca5db06c,NA
2,140785767,140785770,4,indel,NA,NA,"broad,dkfz,sanger,smufin",4,COSN19241819,NA,NA,FALSE,0.4043,NA,19,28,NA,NA,0.999,IGR,NA,NA,NA,NA,2,1,1,1_1,9c730cfb-3fd6-428a-a0a4-c061ca5db06c,NA
2,154661596,154661597,2,indel,NA,NA,"broad,dkfz,sanger",3,COSN19241830,NA,NA,FALSE,0.475,NA,19,21,NA,NA,0.999,IGR,NA,NA,NA,NA,2,1,1,1_1,9c730cfb-3fd6-428a-a0a4-c061ca5db06c,NA
2,157630701,157630702,2,indel,NA,NA,"dkfz,sanger,smufin",3,COSN19241806,NA,L1PA3,FALSE,0.375,NA,12,20,NA,NA,0.97,IGR,NA,NA,NA,NA,2,1,1,1_1,9c730cfb-3fd6-428a-a0a4-c061ca5db06c,RPLP0P7
2,197873802,197873804,3,indel,NA,NA,"broad,dkfz,sanger",3,COSN19241777,rs748493035,NA,FALSE,0.4545,NA,15,18,NA,NA,0.997,Intron,NA,NA,NA,NA,2,1,1,1_1,9c730cfb-3fd6-428a-a0a4-c061ca5db06c,ANKRD44
3,110181878,110181881,4,indel,NA,NA,"broad,dkfz,sanger,smufin",4,COSN19242348,NA,MamGypLTR1a,FALSE,0.4706,NA,16,18,NA,NA,0.999,IGR,NA,NA,NA,NA,2,1,1,1_1,9c730cfb-3fd6-428a-a0a4-c061ca5db06c,NA
3,155054665,155054666,2,indel,NA,NA,"broad,dkfz,sanger",3,COSN19242301,NA,MamRep434,FALSE,0.3674,NA,18,31,NA,NA,0.998,IGR,NA,NA,NA,NA,2,1,1,1_1,9c730cfb-3fd6-428a-a0a4-c061ca5db06c,NA
4,135791785,135791786,2,indel,NA,NA,"dkfz,sanger,smufin",3,COSN19242818,NA,NA,FALSE,0.5676,NA,21,16,NA,NA,0.995,IGR,NA,NA,NA,NA,2,1,1,1_1,9c730cfb-3fd6-428a-a0a4-c061ca5db06c,NA
4,154560757,154560761,5,indel,NA,NA,"broad,dkfz,sanger,smufin",4,COSN19242734,NA,L2a,FALSE,0.375,NA,9,15,NA,NA,0.997,IGR,NA,NA,NA,NA,2,1,1,1_1,9c730cfb-3fd6-428a-a0a4-c061ca5db06c,"TMEM131L,AC106865.1"
4,166666467,166666468,2,indel,NA,NA,"broad,dkfz,sanger,smufin",4,COSN19242774,NA,NA,FALSE,0.4865,NA,18,19,NA,NA,0.999,lincRNA,NA,NA,NA,NA,2,1,1,1_1,9c730cfb-3fd6-428a-a0a4-c061ca5db06c,NA
5,167743171,167743173,3,indel,NA,NA,"broad,dkfz,sanger,smufin",4,COSN19243056,NA,NA,FALSE,0.5,NA,15,15,NA,NA,0.999,Intron,NA,NA,NA,NA,2,1,1,1_1,9c730cfb-3fd6-428a-a0a4-c061ca5db06c,WWC1
6,16903962,16903966,5,indel,NA,NA,"dkfz,sanger,smufin",3,COSN19242122,NA,NA,FALSE,0.4242,NA,14,19,NA,NA,0.984,IGR,NA,NA,NA,NA,2,1,1,1_1,9c730cfb-3fd6-428a-a0a4-c061ca5db06c,NA
6,65017853,65017854,2,indel,NA,NA,"broad,dkfz,sanger,smufin",4,COSN19242150,NA,NA,FALSE,0.4,NA,16,24,NA,NA,0.998,Intron,NA,NA,NA,NA,2,1,1,1_1,9c730cfb-3fd6-428a-a0a4-c061ca5db06c,NA
6,75653763,75653765,3,indel,NA,NA,"broad,dkfz,sanger",3,COSN19242135,NA,NA,FALSE,0.35,NA,14,26,NA,NA,0.997,IGR,NA,NA,NA,NA,2,1,1,1_1,9c730cfb-3fd6-428a-a0a4-c061ca5db06c,NA
6,105357735,105357736,2,indel,NA,NA,"broad,dkfz,sanger,smufin",4,COSN19242164,NA,L1MA3,FALSE,0.5333,NA,16,14,NA,NA,0.999,IGR,NA,NA,NA,NA,2,1,1,1_1,9c730cfb-3fd6-428a-a0a4-c061ca5db06c,NA
6,135718991,135718994,4,indel,0.0017971,rs543436424,"broad,dkfz,sanger,smufin",4,COSN19242141,rs543436424,NA,FALSE,0.4359,NA,17,22,NA,NA,0.998,Intron,NA,NA,NA,NA,2,1,1,1_1,9c730cfb-3fd6-428a-a0a4-c061ca5db06c,NA
6,155286500,155286501,2,indel,NA,NA,"broad,dkfz,sanger,smufin",4,COSN19242202,NA,NA,FALSE,0.4688,NA,15,17,NA,NA,0.999,Intron,NA,NA,NA,NA,2,1,1,1_1,9c730cfb-3fd6-428a-a0a4-c061ca5db06c,TIAM2
6,162106453,162106457,5,indel,5.9904e-4,rs546338648,"broad,dkfz,smufin",3,COSN19242178,rs546338648,NA,FALSE,0.2667,NA,8,22,NA,NA,0.73,Intron,NA,NA,NA,NA,2,1,1,1_1,9c730cfb-3fd6-428a-a0a4-c061ca5db06c,NA
7,29019025,29019028,4,indel,NA,NA,"broad,dkfz,sanger",3,COSN19241623,NA,ERVL-E-int,FALSE,0.425,NA,17,23,NA,NA,0.998,RNA,NA,NA,NA,NA,2,1,1,1_1,9c730cfb-3fd6-428a-a0a4-c061ca5db06c,AC005162.3
X,66634688,66634692,5,indel,NA,NA,"broad,dkfz,smufin",3,COSN19242239,NA,L1PB3,FALSE,0.1936,NA,6,25,NA,NA,0.848,IGR,NA,NA,NA,NA,1,1,0,1_0,9c730cfb-3fd6-428a-a0a4-c061ca5db06c,NA
X,93543515,93543519,5,indel,NA,NA,"broad,dkfz,sanger,smufin",4,COSN19242256,NA,NA,FALSE,0.913,NA,21,2,NA,NA,0.999,IGR,NA,NA,NA,NA,1,1,0,1_0,9c730cfb-3fd6-428a-a0a4-c061ca5db06c,NA
X,145834450,145834454,5,indel,NA,NA,"broad,dkfz,sanger",3,COSN19242228,NA,AluSz6,FALSE,0.7895,NA,15,4,NA,NA,0.999,IGR,NA,NA,NA,NA,1,1,0,1_0,9c730cfb-3fd6-428a-a0a4-c061ca5db06c,NA
1,10261284,10261284,1,snv_mnv,NA,NA,"broad,dkfz,muse,sanger",4,COSN19241904,NA,NA,FALSE,0.4583,NA,11,13,NA,NA,NA,IGR,FALSE,FALSE,FALSE,FALSE,2,1,1,1_1,9c730cfb-3fd6-428a-a0a4-c061ca5db06c,NA
1,19455050,19455050,1,snv_mnv,NA,NA,"dkfz,sanger",2,COSN19241872,NA,NA,FALSE,0.439,NA,18,23,NA,NA,NA,Intron,FALSE,FALSE,FALSE,FALSE,2,1,1,1_1,9c730cfb-3fd6-428a-a0a4-c061ca5db06c,UBR4
1,22613896,22613896,1,snv_mnv,NA,NA,"broad,dkfz,muse,sanger",4,COSN19241956,NA,NA,FALSE,0.5667,NA,17,13,NA,NA,NA,IGR,FALSE,FALSE,FALSE,FALSE,2,1,1,1_1,9c730cfb-3fd6-428a-a0a4-c061ca5db06c,NA
1,22749184,22749184,1,snv_mnv,NA,NA,"broad,dkfz,muse,sanger",4,COSN19241906,NA,AluSz,FALSE,0.3448,NA,10,19,NA,NA,NA,IGR,FALSE,FALSE,FALSE,FALSE,2,1,1,1_1,9c730cfb-3fd6-428a-a0a4-c061ca5db06c,NA
1,26685256,26685256,1,snv_mnv,NA,NA,"broad,dkfz,muse,sanger",4,COSN19241961,NA,NA,FALSE,0.5,NA,17,17,NA,NA,NA,IGR,FALSE,FALSE,FALSE,FALSE,2,1,1,1_1,9c730cfb-3fd6-428a-a0a4-c061ca5db06c,"CRYBG2,ZNF683"
1,29217592,29217592,1,snv_mnv,NA,NA,"broad,dkfz,muse,sanger",4,COSN19241954,NA,NA,FALSE,0.3684,NA,7,12,NA,NA,NA,Intron,FALSE,FALSE,FALSE,FALSE,2,1,1,1_1,9c730cfb-3fd6-428a-a0a4-c061ca5db06c,EPB41
1,29793506,29793506,1,snv_mnv,NA,NA,"broad,dkfz,muse,sanger",4,COSN19241894,NA,L2c,FALSE,0.4146,NA,17,24,NA,NA,NA,IGR,FALSE,FALSE,FALSE,FALSE,2,1,1,1_1,9c730cfb-3fd6-428a-a0a4-c061ca5db06c,NA
1,31688643,31688643,1,snv_mnv,NA,NA,"broad,dkfz,muse,sanger",4,COSN19241935,NA,NA,FALSE,0.4737,NA,9,10,NA,NA,NA,Intron,FALSE,FALSE,FALSE,FALSE,2,1,1,1_1,9c730cfb-3fd6-428a-a0a4-c061ca5db06c,NA
1,31765160,31765160,1,snv_mnv,NA,NA,"broad,muse,sanger",3,COSN19241926,NA,AluSx1,FALSE,0.2857,NA,6,15,NA,NA,NA,Intron,FALSE,FALSE,FALSE,FALSE,2,1,1,1_1,9c730cfb-3fd6-428a-a0a4-c061ca5db06c,"ZCCHC17,SNRNP40"
1,34903386,34903386,1,snv_mnv,3.9936e-4,rs553880911,"broad,dkfz,muse,sanger",4,COSN19241938,rs553880911,NA,FALSE,0.2857,NA,10,25,NA,NA,NA,IGR,FALSE,FALSE,FALSE,FALSE,2,1,1,1_1,9c730cfb-3fd6-428a-a0a4-c061ca5db06c,NA
1,40102725,40102725,1,snv_mnv,NA,NA,"broad,dkfz,muse,sanger",4,COSN19241899,NA,MIRb,FALSE,0.4516,NA,14,17,NA,NA,NA,Intron,FALSE,FALSE,FALSE,FALSE,2,1,1,1_1,9c730cfb-3fd6-428a-a0a4-c061ca5db06c,AL035404.2
1,40411357,40411357,1,snv_mnv,NA,NA,"broad,dkfz,muse,sanger",4,COSN19241860,NA,AluSg,FALSE,0.36,NA,9,16,NA,NA,NA,RNA,FALSE,FALSE,FALSE,FALSE,2,1,1,1_1,9c730cfb-3fd6-428a-a0a4-c061ca5db06c,RF00019
1,43092682,43092682,1,snv_mnv,NA,NA,"broad,dkfz,muse,sanger",4,COSN19241944,NA,THE1A-int,FALSE,0.3793,NA,11,18,NA,NA,NA,Intron,FALSE,FALSE,FALSE,FALSE,2,1,1,1_1,9c730cfb-3fd6-428a-a0a4-c061ca5db06c,NA
1,56890736,56890736,1,snv_mnv,NA,NA,"broad,dkfz,muse,sanger",4,COSN19241876,NA,NA,FALSE,0.24,NA,6,19,NA,NA,NA,IGR,FALSE,FALSE,TRUE,FALSE,2,1,1,1_1,9c730cfb-3fd6-428a-a0a4-c061ca5db06c,NA
1,57839908,57839908,1,snv_mnv,NA,NA,"broad,dkfz,muse,sanger",4,COSN19241905,NA,NA,FALSE,0.4792,NA,23,25,NA,NA,NA,Intron,FALSE,FALSE,FALSE,FALSE,2,1,1,1_1,9c730cfb-3fd6-428a-a0a4-c061ca5db06c,NA
1,58578916,58578916,1,snv_mnv,NA,NA,"broad,dkfz,muse,sanger",4,COSN19241877,NA,L2b,FALSE,0.4091,NA,9,13,NA,NA,NA,Intron,FALSE,FALSE,FALSE,FALSE,2,1,1,1_1,9c730cfb-3fd6-428a-a0a4-c061ca5db06c,NA
1,60650425,60650425,1,snv_mnv,NA,NA,"broad,dkfz,muse,sanger",4,COSN19241864,NA,THE1B-int,FALSE,0.5417,NA,13,11,NA,NA,NA,IGR,FALSE,FALSE,FALSE,FALSE,2,1,1,1_1,9c730cfb-3fd6-428a-a0a4-c061ca5db06c,NA
1,61168107,61168107,1,snv_mnv,NA,NA,"broad,dkfz,muse,sanger",4,COSN19241901,NA,L2c,FALSE,0.4828,NA,14,15,NA,NA,NA,lincRNA,FALSE,FALSE,FALSE,FALSE,2,1,1,1_1,9c730cfb-3fd6-428a-a0a4-c061ca5db06c,NA
1,65492840,65492840,1,snv_mnv,NA,NA,"broad,dkfz,muse,sanger",4,COSN19241910,NA,AluSz,FALSE,0.6,NA,15,10,NA,NA,NA,IGR,FALSE,FALSE,FALSE,FALSE,2,1,1,1_1,9c730cfb-3fd6-428a-a0a4-c061ca5db06c,RNU6-1176P
1,69316175,69316175,1,snv_mnv,NA,NA,"broad,dkfz,muse,sanger",4,COSN19241891,NA,L2a,FALSE,0.3243,NA,12,25,NA,NA,NA,IGR,FALSE,FALSE,FALSE,FALSE,2,1,1,1_1,9c730cfb-3fd6-428a-a0a4-c061ca5db06c,NA
1,70203558,70203558,1,snv_mnv,NA,NA,"broad,dkfz,muse,sanger",4,COSN19241933,NA,NA,FALSE,0.4889,NA,22,23,NA,NA,NA,Intron,FALSE,FALSE,FALSE,FALSE,2,1,1,1_1,9c730cfb-3fd6-428a-a0a4-c061ca5db06c,NA
1,71087059,71087059,1,snv_mnv,NA,NA,"broad,dkfz,muse,sanger",4,COSN19241465,NA,L1MC1,FALSE,0.4091,NA,9,13,NA,NA,NA,IGR,FALSE,FALSE,FALSE,FALSE,2,1,1,1_1,9c730cfb-3fd6-428a-a0a4-c061ca5db06c,NA
1,71389836,71389836,1,snv_mnv,NA,NA,"broad,dkfz,muse,sanger",4,COSN19241912,NA,PABL_A-int,FALSE,0.4722,NA,17,19,NA,NA,NA,Intron,FALSE,FALSE,FALSE,FALSE,2,1,1,1_1,9c730cfb-3fd6-428a-a0a4-c061ca5db06c,NA
1,72398701,72398701,1,snv_mnv,NA,NA,"broad,dkfz,muse,sanger",4,COSN19241921,NA,NA,FALSE,0.2917,NA,14,34,NA,NA,NA,Intron,FALSE,FALSE,FALSE,FALSE,2,1,1,1_1,9c730cfb-3fd6-428a-a0a4-c061ca5db06c,NA
1,72510667,72510667,1,snv_mnv,NA,NA,"broad,dkfz,muse,sanger",4,COSN19241869,NA,NA,FALSE,0.3784,NA,14,23,NA,NA,NA,Intron,FALSE,FALSE,FALSE,FALSE,2,1,1,1_1,9c730cfb-3fd6-428a-a0a4-c061ca5db06c,NA
1,73615450,73615450,1,snv_mnv,NA,NA,"broad,dkfz,muse,sanger",4,COSN19241887,NA,NA,FALSE,0.5556,NA,20,16,NA,NA,NA,IGR,FALSE,FALSE,FALSE,FALSE,2,1,1,1_1,9c730cfb-3fd6-428a-a0a4-c061ca5db06c,NA
1,73994928,73994928,1,snv_mnv,NA,NA,"broad,dkfz,muse,sanger",4,COSN19241927,NA,NA,FALSE,0.5128,NA,20,19,NA,NA,NA,IGR,FALSE,FALSE,FALSE,FALSE,2,1,1,1_1,9c730cfb-3fd6-428a-a0a4-c061ca5db06c,NA
1,74129690,74129690,1,snv_mnv,NA,NA,"broad,dkfz,muse,sanger",4,COSN19241879,NA,L1MC1,FALSE,0.4146,NA,17,24,NA,NA,NA,lincRNA,FALSE,FALSE,FALSE,FALSE,2,1,1,1_1,9c730cfb-3fd6-428a-a0a4-c061ca5db06c,NA
1,74247738,74247738,1,snv_mnv,3.9936e-4,rs557567046,"broad,dkfz,muse,sanger",4,COSN19241893,rs557567046,L2,FALSE,0.5,NA,17,17,NA,NA,NA,IGR,FALSE,FALSE,FALSE,FALSE,2,1,1,1_1,9c730cfb-3fd6-428a-a0a4-c061ca5db06c,NA
1,74699301,74699301,1,snv_mnv,NA,NA,"broad,dkfz,muse,sanger",4,COSN19241916,NA,NA,FALSE,0.4839,NA,15,16,NA,NA,NA,3'UTR,FALSE,FALSE,FALSE,FALSE,2,1,1,1_1,9c730cfb-3fd6-428a-a0a4-c061ca5db06c,TNNI3K
1,76324418,76324418,1,snv_mnv,NA,NA,"broad,dkfz,muse,sanger",4,COSN19241955,NA,L1PA7,FALSE,0.5143,NA,18,17,NA,NA,NA,Intron,FALSE,FALSE,FALSE,FALSE,2,1,1,1_1,9c730cfb-3fd6-428a-a0a4-c061ca5db06c,NA
1,76986391,76986391,1,snv_mnv,1.9968e-4,rs544706795,"broad,dkfz,muse,sanger",4,COSN19241889,rs544706795,L1MEg1,FALSE,0.3793,NA,11,18,NA,NA,NA,Intron,FALSE,FALSE,FALSE,FALSE,2,1,1,1_1,9c730cfb-3fd6-428a-a0a4-c061ca5db06c,NA
1,77012612,77012612,1,snv_mnv,NA,NA,"broad,dkfz,muse,sanger",4,COSN19241953,NA,NA,FALSE,0.2609,NA,6,17,NA,NA,NA,Intron,FALSE,FALSE,FALSE,FALSE,2,1,1,1_1,9c730cfb-3fd6-428a-a0a4-c061ca5db06c,NA
1,79589771,79589771,1,snv_mnv,NA,NA,"broad,dkfz,muse,sanger",4,COSN19241943,NA,MIRb,FALSE,0.4118,NA,14,20,NA,NA,NA,IGR,FALSE,FALSE,TRUE,FALSE,2,1,1,1_1,9c730cfb-3fd6-428a-a0a4-c061ca5db06c,NA
1,82495980,82495980,1,snv_mnv,NA,NA,"broad,dkfz,muse,sanger",4,COSN19241868,NA,NA,FALSE,0.5172,NA,15,14,NA,NA,NA,IGR,FALSE,FALSE,FALSE,FALSE,2,1,1,1_1,9c730cfb-3fd6-428a-a0a4-c061ca5db06c,NA
1,83004906,83004906,1,snv_mnv,NA,NA,"broad,dkfz,muse,sanger",4,COSN19241881,NA,MIRb,FALSE,0.5278,NA,19,17,NA,NA,NA,IGR,FALSE,FALSE,FALSE,FALSE,2,1,1,1_1,9c730cfb-3fd6-428a-a0a4-c061ca5db06c,NA
1,84575509,84575509,1,snv_mnv,NA,NA,"broad,dkfz,muse,sanger",4,COSN19241858,NA,L1ME4a,FALSE,0.5278,NA,19,17,NA,NA,NA,Intron,FALSE,FALSE,FALSE,FALSE,2,1,1,1_1,9c730cfb-3fd6-428a-a0a4-c061ca5db06c,NA
1,85173210,85173210,1,snv_mnv,NA,NA,"broad,dkfz,muse,sanger",4,COSN19241914,NA,MLT1E1,FALSE,0.3429,NA,12,23,NA,NA,NA,IGR,FALSE,FALSE,FALSE,FALSE,2,1,1,1_1,9c730cfb-3fd6-428a-a0a4-c061ca5db06c,NA
1,85260746,85260746,1,snv_mnv,NA,NA,"broad,dkfz,muse,sanger",4,COSN19241940,NA,MIRb,FALSE,0.4667,NA,14,16,NA,NA,NA,RNA,FALSE,FALSE,FALSE,FALSE,2,1,1,1_1,9c730cfb-3fd6-428a-a0a4-c061ca5db06c,NA
1,86416983,86416983,1,snv_mnv,NA,NA,"broad,dkfz,muse,sanger",4,COSN19241880,NA,L2c,FALSE,0.4118,NA,14,20,NA,NA,NA,Intron,FALSE,FALSE,FALSE,FALSE,2,1,1,1_1,9c730cfb-3fd6-428a-a0a4-c061ca5db06c,NA
1,92249438,92249438,1,snv_mnv,NA,NA,"broad,dkfz,muse,sanger",4,COSN19241936,NA,NA,FALSE,0.4444,NA,16,20,NA,NA,NA,Intron,FALSE,FALSE,FALSE,FALSE,2,1,1,1_1,9c730cfb-3fd6-428a-a0a4-c061ca5db06c,NA
1,95637724,95637724,1,snv_mnv,NA,NA,"broad,dkfz,muse,sanger",4,COSN19241898,NA,MLT1C,FALSE,0.4,NA,10,15,NA,NA,NA,Intron,FALSE,FALSE,FALSE,FALSE,2,1,1,1_1,9c730cfb-3fd6-428a-a0a4-c061ca5db06c,AC092802.1
1,96363106,96363106,1,snv_mnv,NA,NA,"broad,dkfz,muse,sanger",4,COSN19241886,NA,MER41-int,FALSE,0.5,NA,20,20,NA,NA,NA,IGR,FALSE,FALSE,FALSE,FALSE,2,1,1,1_1,9c730cfb-3fd6-428a-a0a4-c061ca5db06c,NA
1,99281092,99281092,1,snv_mnv,NA,NA,"broad,dkfz,muse",3,COSN19241850,NA,MLT1G1-int,FALSE,0.4054,NA,15,22,NA,NA,NA,IGR,FALSE,FALSE,FALSE,TRUE,2,1,1,1_1,9c730cfb-3fd6-428a-a0a4-c061ca5db06c,NA
1,99448531,99448531,1,snv_mnv,NA,NA,"broad,muse,sanger",3,COSN19241932,NA,MER31-int,FALSE,0.1852,NA,5,22,NA,NA,NA,Intron,FALSE,FALSE,FALSE,FALSE,2,1,1,1_1,9c730cfb-3fd6-428a-a0a4-c061ca5db06c,NA
1,102379904,102379904,1,snv_mnv,NA,NA,"broad,dkfz,muse,sanger",4,COSN19241855,NA,L2c,FALSE,0.4375,NA,14,18,NA,NA,NA,Intron,FALSE,FALSE,FALSE,FALSE,2,1,1,1_1,9c730cfb-3fd6-428a-a0a4-c061ca5db06c,OLFM3
1,102842326,102842326,1,snv_mnv,NA,NA,"broad,dkfz,muse,sanger",4,COSN19241957,NA,L1MCa,FALSE,0.5111,NA,23,22,NA,NA,NA,lincRNA,FALSE,FALSE,FALSE,FALSE,2,1,1,1_1,9c730cfb-3fd6-428a-a0a4-c061ca5db06c,NA
1,102999016,102999016,1,snv_mnv,NA,NA,"broad,dkfz,muse,sanger",4,COSN19241952,NA,NA,FALSE,0.4615,NA,18,21,NA,NA,NA,IGR,FALSE,FALSE,TRUE,FALSE,2,1,1,1_1,9c730cfb-3fd6-428a-a0a4-c061ca5db06c,NA
1,103143434,103143434,1,snv_mnv,NA,NA,"broad,dkfz,muse,sanger",4,COSN19241924,NA,NA,FALSE,0.1395,NA,6,37,NA,NA,NA,IGR,FALSE,FALSE,FALSE,FALSE,2,1,1,1_1,9c730cfb-3fd6-428a-a0a4-c061ca5db06c,NA
1,106817941,106817941,1,snv_mnv,NA,NA,"broad,dkfz,muse,sanger",4,COSN19241862,NA,NA,FALSE,0.3077,NA,16,36,NA,NA,NA,IGR,FALSE,FALSE,FALSE,FALSE,2,1,1,1_1,9c730cfb-3fd6-428a-a0a4-c061ca5db06c,NA
1,112073091,112073091,1,snv_mnv,NA,NA,"broad,dkfz,muse,sanger",4,COSN19241930,NA,L1MC1,FALSE,0.5385,NA,21,18,NA,NA,NA,Intron,FALSE,FALSE,FALSE,FALSE,2,1,1,1_1,9c730cfb-3fd6-428a-a0a4-c061ca5db06c,NA
1,113898602,113898602,1,snv_mnv,NA,NA,"broad,dkfz,muse,sanger",4,COSN19241849,NA,NA,FALSE,0.2653,NA,13,36,NA,NA,NA,IGR,FALSE,FALSE,FALSE,FALSE,2,1,1,1_1,9c730cfb-3fd6-428a-a0a4-c061ca5db06c,NA
1,163773612,163773612,1,snv_mnv,NA,NA,"broad,dkfz,muse,sanger",4,COSN19241937,NA,NA,FALSE,0.1852,NA,5,22,NA,NA,NA,IGR,FALSE,FALSE,FALSE,FALSE,2,1,1,1_1,9c730cfb-3fd6-428a-a0a4-c061ca5db06c,NA
1,163993180,163993180,1,snv_mnv,NA,NA,"broad,dkfz,muse,sanger",4,COSN19241960,NA,NA,FALSE,0.2703,NA,10,27,NA,NA,NA,IGR,FALSE,FALSE,FALSE,FALSE,2,1,1,1_1,9c730cfb-3fd6-428a-a0a4-c061ca5db06c,NA
1,171375143,171375143,1,snv_mnv,NA,NA,"broad,dkfz,muse,sanger",4,COSN19241870,NA,L1PB1,FALSE,0.1765,NA,6,28,NA,NA,NA,IGR,FALSE,FALSE,FALSE,FALSE,2,1,1,1_1,9c730cfb-3fd6-428a-a0a4-c061ca5db06c,NA
1,173608222,173608222,1,snv_mnv,NA,NA,"broad,dkfz,muse,sanger",4,COSN19241908,NA,HERVI-int,FALSE,0.2593,NA,7,20,NA,NA,NA,Intron,FALSE,FALSE,FALSE,FALSE,2,1,1,1_1,9c730cfb-3fd6-428a-a0a4-c061ca5db06c,TEX50
1,176968254,176968254,1,snv_mnv,NA,NA,"broad,dkfz,muse,sanger",4,COSN19241963,NA,NA,FALSE,0.5,NA,16,16,NA,NA,NA,Intron,FALSE,FALSE,FALSE,FALSE,2,1,1,1_1,9c730cfb-3fd6-428a-a0a4-c061ca5db06c,NA
1,177239149,177239149,1,snv_mnv,NA,NA,"broad,dkfz,muse,sanger",4,COSN19241931,NA,NA,FALSE,0.4333,NA,13,17,NA,NA,NA,Intron,FALSE,FALSE,FALSE,FALSE,2,1,1,1_1,9c730cfb-3fd6-428a-a0a4-c061ca5db06c,NA
1,185727009,185727009,1,snv_mnv,NA,NA,"broad,dkfz,muse,sanger",4,COSN19241863,NA,NA,FALSE,0.3333,NA,9,18,NA,NA,NA,Intron,FALSE,FALSE,FALSE,FALSE,2,1,1,1_1,9c730cfb-3fd6-428a-a0a4-c061ca5db06c,NA
1,187926633,187926633,1,snv_mnv,NA,NA,"broad,dkfz,muse,sanger",4,COSN19241861,NA,NA,FALSE,0.3939,NA,13,20,NA,NA,NA,IGR,FALSE,FALSE,FALSE,FALSE,2,1,1,1_1,9c730cfb-3fd6-428a-a0a4-c061ca5db06c,NA
1,188731669,188731669,1,snv_mnv,NA,NA,"broad,dkfz,muse,sanger",4,COSN19241866,NA,MLT1D,FALSE,0.381,NA,16,26,NA,NA,NA,IGR,FALSE,FALSE,TRUE,FALSE,2,1,1,1_1,9c730cfb-3fd6-428a-a0a4-c061ca5db06c,NA
1,188825887,188825887,1,snv_mnv,NA,NA,"broad,dkfz,muse,sanger",4,COSN19241882,NA,NA,FALSE,0.1837,NA,9,40,NA,NA,NA,IGR,FALSE,FALSE,TRUE,FALSE,2,1,1,1_1,9c730cfb-3fd6-428a-a0a4-c061ca5db06c,NA
1,189216224,189216224,1,snv_mnv,NA,NA,"broad,dkfz,muse,sanger",4,COSN19241942,NA,NA,FALSE,0.4667,NA,14,16,NA,NA,NA,IGR,FALSE,FALSE,TRUE,FALSE,2,1,1,1_1,9c730cfb-3fd6-428a-a0a4-c061ca5db06c,NA
1,189581824,189581824,1,snv_mnv,NA,NA,"broad,dkfz,muse,sanger",4,COSN19241865,NA,NA,FALSE,0.5556,NA,20,16,NA,NA,NA,IGR,FALSE,FALSE,FALSE,FALSE,2,1,1,1_1,9c730cfb-3fd6-428a-a0a4-c061ca5db06c,NA
1,189599800,189599800,1,snv_mnv,NA,NA,"broad,dkfz,muse,sanger",4,COSN19241871,NA,NA,FALSE,0.4419,NA,19,24,NA,NA,NA,IGR,FALSE,FALSE,FALSE,FALSE,2,1,1,1_1,9c730cfb-3fd6-428a-a0a4-c061ca5db06c,NA
1,190202981,190202981,1,snv_mnv,NA,NA,"broad,dkfz,muse,sanger",4,COSN19241920,NA,NA,FALSE,0.3182,NA,14,30,NA,NA,NA,Intron,FALSE,FALSE,FALSE,FALSE,2,1,1,1_1,9c730cfb-3fd6-428a-a0a4-c061ca5db06c,NA
1,190203936,190203936,1,snv_mnv,NA,NA,"broad,dkfz,muse,sanger",4,COSN19241913,NA,NA,FALSE,0.4571,NA,16,19,NA,NA,NA,Intron,FALSE,FALSE,FALSE,FALSE,2,1,1,1_1,9c730cfb-3fd6-428a-a0a4-c061ca5db06c,NA
1,190668800,190668800,1,snv_mnv,NA,NA,"broad,dkfz,muse,sanger",4,COSN19241896,rs779200581,NA,FALSE,0.5,NA,15,15,NA,NA,NA,lincRNA,FALSE,FALSE,FALSE,FALSE,2,1,1,1_1,9c730cfb-3fd6-428a-a0a4-c061ca5db06c,NA
1,191318479,191318479,1,snv_mnv,NA,NA,"broad,dkfz,muse,sanger",4,COSN19241923,NA,L1MB4,FALSE,0.303,NA,10,23,NA,NA,NA,IGR,FALSE,FALSE,FALSE,FALSE,2,1,1,1_1,9c730cfb-3fd6-428a-a0a4-c061ca5db06c,NA
1,191838569,191838569,1,snv_mnv,NA,NA,"broad,dkfz,muse,sanger",4,COSN19241959,NA,MER52-int,FALSE,0.5882,NA,20,14,NA,NA,NA,lincRNA,FALSE,FALSE,FALSE,FALSE,2,1,1,1_1,9c730cfb-3fd6-428a-a0a4-c061ca5db06c,AL359081.1
1,191950241,191950241,1,snv_mnv,NA,NA,"broad,dkfz,muse",3,COSN19241854,NA,L1MA4A,FALSE,0.5833,NA,14,10,NA,NA,NA,lincRNA,FALSE,FALSE,FALSE,FALSE,2,1,1,1_1,9c730cfb-3fd6-428a-a0a4-c061ca5db06c,NA
1,194585939,194585939,1,snv_mnv,NA,NA,"broad,dkfz,muse,sanger",4,COSN19405280,NA,LTR12,FALSE,0.4737,NA,9,10,NA,NA,NA,IGR,FALSE,FALSE,FALSE,FALSE,2,1,1,1_1,9c730cfb-3fd6-428a-a0a4-c061ca5db06c,NA
1,195035500,195035500,1,snv_mnv,NA,NA,"broad,dkfz,muse,sanger",4,COSN19241946,NA,L1M1,FALSE,0.3158,NA,12,26,NA,NA,NA,IGR,FALSE,FALSE,FALSE,FALSE,2,1,1,1_1,9c730cfb-3fd6-428a-a0a4-c061ca5db06c,NA
1,195457913,195457913,1,snv_mnv,NA,NA,"broad,dkfz,muse,sanger",4,COSN19241919,NA,NA,FALSE,0.5227,NA,23,21,NA,NA,NA,IGR,FALSE,FALSE,FALSE,FALSE,2,1,1,1_1,9c730cfb-3fd6-428a-a0a4-c061ca5db06c,NA
1,196822978,196822978,1,snv_mnv,NA,NA,"broad,dkfz,muse,sanger",4,COSN19241918,NA,NA,FALSE,0.3824,NA,13,21,NA,NA,NA,Intron,FALSE,FALSE,FALSE,FALSE,2,1,1,1_1,9c730cfb-3fd6-428a-a0a4-c061ca5db06c,NA
1,203350365,203350365,1,snv_mnv,NA,NA,"broad,dkfz,muse,sanger",4,COSN19241897,NA,NA,FALSE,0.3438,NA,11,21,NA,NA,NA,IGR,FALSE,FALSE,FALSE,FALSE,2,1,1,1_1,9c730cfb-3fd6-428a-a0a4-c061ca5db06c,NA
1,204134497,204134497,1,snv_mnv,NA,NA,"broad,dkfz,muse,sanger",4,COSN19241853,NA,MIR,FALSE,0.4667,NA,14,16,NA,NA,NA,Intron,FALSE,FALSE,TRUE,FALSE,2,1,1,1_1,9c730cfb-3fd6-428a-a0a4-c061ca5db06c,NA
1,210874898,210874898,1,snv_mnv,NA,NA,"broad,dkfz,muse,sanger",4,COSN19241948,NA,MIRc,FALSE,0.5,NA,14,14,NA,NA,NA,Intron,FALSE,FALSE,FALSE,FALSE,2,1,1,1_1,9c730cfb-3fd6-428a-a0a4-c061ca5db06c,NA
1,211703548,211703548,1,snv_mnv,NA,NA,"broad,dkfz,muse,sanger",4,COSN19241884,NA,L2b,FALSE,0.3571,NA,10,18,NA,NA,NA,IGR,FALSE,FALSE,FALSE,FALSE,2,1,1,1_1,9c730cfb-3fd6-428a-a0a4-c061ca5db06c,NA
1,212651283,212651283,1,snv_mnv,NA,NA,"broad,dkfz,muse,sanger",4,COSN19241917,NA,AluJo,FALSE,0.48,NA,12,13,NA,NA,NA,IGR,FALSE,FALSE,FALSE,FALSE,2,1,1,1_1,9c730cfb-3fd6-428a-a0a4-c061ca5db06c,NA
1,213631910,213631910,1,snv_mnv,NA,NA,"broad,dkfz,muse,sanger",4,COSN19241885,NA,L1PA16,FALSE,0.4286,NA,15,20,NA,NA,NA,IGR,FALSE,FALSE,FALSE,FALSE,2,1,1,1_1,9c730cfb-3fd6-428a-a0a4-c061ca5db06c,NA
1,213652139,213652139,1,snv_mnv,NA,NA,"broad,dkfz,muse,sanger",4,COSN19241962,NA,NA,FALSE,0.2941,NA,10,24,NA,NA,NA,IGR,FALSE,FALSE,FALSE,FALSE,2,1,1,1_1,9c730cfb-3fd6-428a-a0a4-c061ca5db06c,NA
1,214399795,214399795,1,snv_mnv,NA,NA,"broad,dkfz,muse,sanger",4,COSN19241928,NA,AluJo,FALSE,0.4286,NA,12,16,NA,NA,NA,IGR,FALSE,FALSE,FALSE,FALSE,2,1,1,1_1,9c730cfb-3fd6-428a-a0a4-c061ca5db06c,NA
1,215929684,215929684,1,snv_mnv,NA,NA,"broad,dkfz,muse,sanger",4,COSN19241947,NA,NA,FALSE,0.1429,NA,6,36,NA,NA,NA,Intron,FALSE,FALSE,FALSE,FALSE,2,1,1,1_1,9c730cfb-3fd6-428a-a0a4-c061ca5db06c,NA
1,219166788,219166788,1,snv_mnv,NA,NA,"broad,dkfz,muse,sanger",4,COSN19241851,NA,NA,FALSE,0.4545,NA,20,24,NA,NA,NA,IGR,FALSE,FALSE,FALSE,FALSE,2,1,1,1_1,9c730cfb-3fd6-428a-a0a4-c061ca5db06c,NA
1,222247762,222247762,1,snv_mnv,NA,NA,"broad,dkfz,muse,sanger",4,COSN19241911,NA,LTR72B,FALSE,0.5135,NA,19,18,NA,NA,NA,IGR,FALSE,FALSE,FALSE,FALSE,2,1,1,1_1,9c730cfb-3fd6-428a-a0a4-c061ca5db06c,NA
1,223254756,223254756,1,snv_mnv,NA,NA,"broad,dkfz,muse,sanger",4,COSN19241856,NA,NA,FALSE,0.3333,NA,10,20,NA,NA,NA,IGR,FALSE,FALSE,FALSE,FALSE,2,1,1,1_1,9c730cfb-3fd6-428a-a0a4-c061ca5db06c,NA
1,227521372,227521372,1,snv_mnv,NA,NA,"broad,dkfz,muse,sanger",4,COSN19241892,NA,MLT1H,FALSE,0.4483,NA,13,16,NA,NA,NA,IGR,FALSE,FALSE,FALSE,FALSE,2,1,1,1_1,9c730cfb-3fd6-428a-a0a4-c061ca5db06c,NA
1,233451563,233451563,1,snv_mnv,NA,NA,"broad,dkfz,muse,sanger",4,COSN19241922,rs376230186,NA,FALSE,0.4524,NA,19,23,NA,NA,NA,IGR,FALSE,FALSE,FALSE,TRUE,2,1,1,1_1,9c730cfb-3fd6-428a-a0a4-c061ca5db06c,NA
1,233822394,233822394,1,snv_mnv,9.984e-4,rs574951697,"broad,muse,sanger",3,COSN19241900,rs574951697,HERVH-int,FALSE,0.3929,NA,11,17,NA,NA,NA,IGR,FALSE,FALSE,FALSE,FALSE,2,1,1,1_1,9c730cfb-3fd6-428a-a0a4-c061ca5db06c,NA
1,234037828,234037828,1,snv_mnv,NA,NA,"broad,dkfz,muse,sanger",4,COSN19241888,NA,L1MC1,FALSE,0.3939,NA,13,20,NA,NA,NA,5'Flank,FALSE,FALSE,FALSE,FALSE,2,1,1,1_1,9c730cfb-3fd6-428a-a0a4-c061ca5db06c,SLC35F3
1,236935067,236935067,1,snv_mnv,NA,NA,"broad,dkfz,muse,sanger",4,COSN19241939,NA,MIRb,FALSE,0.3947,NA,15,23,NA,NA,NA,IGR,FALSE,FALSE,TRUE,FALSE,2,1,1,1_1,9c730cfb-3fd6-428a-a0a4-c061ca5db06c,NA
1,237532602,237532602,1,snv_mnv,NA,NA,"broad,dkfz,muse,sanger",4,COSN19241902,NA,NA,FALSE,0.3889,NA,14,22,NA,NA,NA,Intron,FALSE,FALSE,FALSE,FALSE,2,1,1,1_1,9c730cfb-3fd6-428a-a0a4-c061ca5db06c,NA
1,238876888,238876888,1,snv_mnv,NA,NA,"broad,muse,sanger",3,COSN19241925,NA,NA,FALSE,0.275,NA,11,29,NA,NA,NA,IGR,FALSE,FALSE,TRUE,FALSE,2,1,1,1_1,9c730cfb-3fd6-428a-a0a4-c061ca5db06c,NA
1,239689057,239689057,1,snv_mnv,NA,NA,"broad,dkfz,muse,sanger",4,COSN19241941,NA,NA,FALSE,0.5581,NA,24,19,NA,NA,NA,Intron,FALSE,FALSE,FALSE,FALSE,2,1,1,1_1,9c730cfb-3fd6-428a-a0a4-c061ca5db06c,NA
1,240079686,240079686,1,snv_mnv,NA,NA,"broad,dkfz,muse,sanger",4,COSN19241857,NA,NA,FALSE,0.4074,NA,11,16,NA,NA,NA,IGR,FALSE,FALSE,FALSE,FALSE,2,1,1,1_1,9c730cfb-3fd6-428a-a0a4-c061ca5db06c,CHRM3
1,244131597,244131597,1,snv_mnv,NA,NA,"broad,dkfz,muse,sanger",4,COSN19241915,NA,NA,FALSE,0.4231,NA,11,15,NA,NA,NA,lincRNA,FALSE,FALSE,TRUE,FALSE,2,1,1,1_1,9c730cfb-3fd6-428a-a0a4-c061ca5db06c,NA
1,245195656,245195656,1,snv_mnv,NA,NA,"broad,dkfz,muse,sanger",4,COSN19241945,NA,NA,FALSE,0.4444,NA,12,15,NA,NA,NA,Intron,FALSE,FALSE,TRUE,FALSE,2,1,1,1_1,9c730cfb-3fd6-428a-a0a4-c061ca5db06c,EFCAB2
1,245804785,245804785,1,snv_mnv,NA,NA,"broad,dkfz,muse,sanger",4,COSN19241949,NA,L1MA5,FALSE,0.2353,NA,8,26,NA,NA,NA,Intron,FALSE,FALSE,FALSE,FALSE,2,1,1,1_1,9c730cfb-3fd6-428a-a0a4-c061ca5db06c,KIF26B
1,246985232,246985232,1,snv_mnv,NA,NA,"broad,dkfz,muse,sanger",4,COSN19241895,NA,NA,FALSE,0.3659,NA,15,26,NA,NA,NA,IGR,FALSE,FALSE,TRUE,FALSE,2,1,1,1_1,9c730cfb-3fd6-428a-a0a4-c061ca5db06c,AC113174.1
1,247153427,247153427,1,snv_mnv,NA,NA,"broad,dkfz,muse",3,COSN19241958,NA,GA-rich,FALSE,0.2857,NA,6,15,NA,NA,NA,Intron,FALSE,FALSE,FALSE,FALSE,2,1,1,1_1,9c730cfb-3fd6-428a-a0a4-c061ca5db06c,NA
10,1421164,1421164,1,snv_mnv,NA,NA,"broad,dkfz,muse,sanger",4,COSN19242869,NA,NA,FALSE,0.4444,NA,12,15,NA,NA,NA,Intron,FALSE,FALSE,FALSE,FALSE,2,1,1,1_1,9c730cfb-3fd6-428a-a0a4-c061ca5db06c,NA
10,1505580,1505580,1,snv_mnv,NA,NA,"broad,dkfz,muse,sanger",4,COSN19242924,NA,NA,FALSE,0.6071,NA,17,11,NA,NA,NA,Intron,FALSE,FALSE,FALSE,FALSE,2,1,1,1_1,9c730cfb-3fd6-428a-a0a4-c061ca5db06c,NA
10,1873032,1873032,1,snv_mnv,NA,NA,"broad,dkfz,muse,sanger",4,COSN19242940,NA,NA,FALSE,0.4706,NA,16,18,NA,NA,NA,IGR,FALSE,FALSE,FALSE,FALSE,2,1,1,1_1,9c730cfb-3fd6-428a-a0a4-c061ca5db06c,NA
10,2587357,2587357,1,snv_mnv,NA,NA,"broad,dkfz,muse,sanger",4,COSN19242898,NA,NA,FALSE,0.3889,NA,14,22,NA,NA,NA,lincRNA,FALSE,FALSE,FALSE,FALSE,2,1,1,1_1,9c730cfb-3fd6-428a-a0a4-c061ca5db06c,NA
10,2931840,2931840,1,snv_mnv,NA,NA,"broad,dkfz,muse,sanger",4,COSN19242906,NA,NA,FALSE,0.5357,NA,15,13,NA,NA,NA,IGR,FALSE,FALSE,FALSE,FALSE,2,1,1,1_1,9c730cfb-3fd6-428a-a0a4-c061ca5db06c,NA
10,3443526,3443526,1,snv_mnv,NA,NA,"broad,dkfz,muse,sanger",4,COSN19242907,NA,NA,FALSE,0.3793,NA,11,18,NA,NA,NA,IGR,FALSE,FALSE,FALSE,FALSE,2,1,1,1_1,9c730cfb-3fd6-428a-a0a4-c061ca5db06c,NA
10,5508248,5508248,1,snv_mnv,NA,NA,"broad,dkfz,muse,sanger",4,COSN19242926,NA,NA,FALSE,0.4286,NA,12,16,NA,NA,NA,IGR,FALSE,FALSE,TRUE,FALSE,2,1,1,1_1,9c730cfb-3fd6-428a-a0a4-c061ca5db06c,NA
10,6085420,6085420,1,snv_mnv,1.9968e-4,rs192965304,"broad,dkfz,muse,sanger",4,COSN19242901,rs192965304,AluSx1,FALSE,0.4667,NA,14,16,NA,NA,NA,Intron,FALSE,FALSE,FALSE,FALSE,2,1,1,1_1,9c730cfb-3fd6-428a-a0a4-c061ca5db06c,NA
10,8806142,8806142,1,snv_mnv,NA,NA,"broad,dkfz,muse,sanger",4,COSN19242944,NA,L1ME3B,FALSE,0.3611,NA,13,23,NA,NA,NA,IGR,FALSE,FALSE,TRUE,FALSE,2,1,1,1_1,9c730cfb-3fd6-428a-a0a4-c061ca5db06c,NA
10,9172203,9172203,1,snv_mnv,NA,NA,"broad,dkfz,muse,sanger",4,COSN19242877,NA,NA,FALSE,0.2195,NA,9,32,NA,NA,NA,IGR,FALSE,FALSE,FALSE,FALSE,2,1,1,1_1,9c730cfb-3fd6-428a-a0a4-c061ca5db06c,NA
10,10686769,10686769,1,snv_mnv,NA,NA,"broad,dkfz,muse,sanger",4,COSN19242941,NA,NA,FALSE,0.5263,NA,10,9,NA,NA,NA,IGR,FALSE,FALSE,FALSE,FALSE,2,1,1,1_1,9c730cfb-3fd6-428a-a0a4-c061ca5db06c,NA
10,12110827,12110827,1,snv_mnv,NA,NA,"broad,dkfz,muse,sanger",4,COSN19242929,NA,NA,FALSE,0.4286,NA,6,8,NA,NA,NA,5'Flank,FALSE,FALSE,FALSE,FALSE,2,1,1,1_1,9c730cfb-3fd6-428a-a0a4-c061ca5db06c,DHTKD1
10,15799390,15799390,1,snv_mnv,NA,NA,"broad,dkfz,muse,sanger",4,COSN19242942,NA,L1MC1,FALSE,0.5,NA,16,16,NA,NA,NA,IGR,FALSE,FALSE,FALSE,FALSE,2,1,1,1_1,9c730cfb-3fd6-428a-a0a4-c061ca5db06c,NA
10,19596705,19596705,1,snv_mnv,NA,NA,"broad,dkfz,muse",3,COSN19242895,NA,MIRc,FALSE,0.4615,NA,12,14,NA,NA,NA,Intron,FALSE,FALSE,FALSE,FALSE,2,1,1,1_1,9c730cfb-3fd6-428a-a0a4-c061ca5db06c,NA
10,20703671,20703671,1,snv_mnv,NA,NA,"dkfz,sanger",2,COSN19242923,NA,L1PA10,FALSE,0.3214,NA,9,19,NA,NA,NA,IGR,FALSE,FALSE,FALSE,FALSE,2,1,1,1_1,9c730cfb-3fd6-428a-a0a4-c061ca5db06c,NA
10,21720428,21720428,1,snv_mnv,NA,NA,"broad,dkfz,muse,sanger",4,COSN19242934,NA,FLAM_C,FALSE,0.1765,NA,6,28,NA,NA,NA,IGR,FALSE,FALSE,FALSE,FALSE,2,1,1,1_1,9c730cfb-3fd6-428a-a0a4-c061ca5db06c,NA
10,24082343,24082343,1,snv_mnv,NA,NA,"broad,dkfz,muse,sanger",4,COSN19242912,NA,NA,FALSE,0.5333,NA,16,14,NA,NA,NA,Intron,FALSE,FALSE,FALSE,FALSE,2,1,1,1_1,9c730cfb-3fd6-428a-a0a4-c061ca5db06c,NA
10,24552407,24552407,1,snv_mnv,NA,NA,"broad,dkfz,muse,sanger",4,COSN19242931,NA,NA,FALSE,0.4286,NA,12,16,NA,NA,NA,Intron,FALSE,FALSE,FALSE,FALSE,2,1,1,1_1,9c730cfb-3fd6-428a-a0a4-c061ca5db06c,NA
10,26132584,26132584,1,snv_mnv,NA,NA,"broad,dkfz,muse,sanger",4,COSN19242936,NA,NA,FALSE,0.5882,NA,10,7,NA,NA,NA,IGR,FALSE,FALSE,FALSE,FALSE,2,1,1,1_1,9c730cfb-3fd6-428a-a0a4-c061ca5db06c,NA
10,27804693,27804693,1,snv_mnv,NA,NA,"broad,dkfz,muse,sanger",4,COSN19242882,NA,NA,FALSE,0.4412,NA,15,19,NA,NA,NA,Intron,FALSE,FALSE,FALSE,FALSE,2,1,1,1_1,9c730cfb-3fd6-428a-a0a4-c061ca5db06c,RAB18
10,29877554,29877554,1,snv_mnv,NA,NA,"broad,dkfz,muse,sanger",4,COSN19242920,NA,NA,FALSE,0.6111,NA,22,14,NA,NA,NA,Intron,FALSE,FALSE,FALSE,FALSE,2,1,1,1_1,9c730cfb-3fd6-428a-a0a4-c061ca5db06c,NA
10,30825613,30825613,1,snv_mnv,NA,NA,"broad,dkfz,muse,sanger",4,COSN19242871,NA,NA,FALSE,0.3636,NA,12,21,NA,NA,NA,IGR,FALSE,FALSE,FALSE,FALSE,2,1,1,1_1,9c730cfb-3fd6-428a-a0a4-c061ca5db06c,NA
10,33669026,33669026,1,snv_mnv,NA,NA,"broad,dkfz,muse,sanger",4,COSN19242913,NA,NA,FALSE,0.4138,NA,12,17,NA,NA,NA,IGR,FALSE,FALSE,FALSE,FALSE,2,1,1,1_1,9c730cfb-3fd6-428a-a0a4-c061ca5db06c,NA
10,34790253,34790253,1,snv_mnv,NA,NA,"broad,dkfz,muse,sanger",4,COSN19242900,NA,MSTA,FALSE,0.2778,NA,10,26,NA,NA,NA,Intron,FALSE,FALSE,FALSE,FALSE,2,1,1,1_1,9c730cfb-3fd6-428a-a0a4-c061ca5db06c,NA
10,35834008,35834008,1,snv_mnv,NA,NA,"broad,dkfz,muse,sanger",4,COSN19242921,NA,MER102c,FALSE,0.4483,NA,13,16,NA,NA,NA,Intron,FALSE,FALSE,FALSE,FALSE,2,1,1,1_1,9c730cfb-3fd6-428a-a0a4-c061ca5db06c,NA
10,36920284,36920284,1,snv_mnv,NA,NA,"broad,muse,sanger",3,COSN19241454,NA,AluY,FALSE,0.28,NA,7,18,NA,NA,NA,IGR,FALSE,FALSE,FALSE,FALSE,2,1,1,1_1,9c730cfb-3fd6-428a-a0a4-c061ca5db06c,NA
10,37137604,37137604,1,snv_mnv,NA,NA,"broad,muse,sanger",3,COSN19242889,NA,L1P3,FALSE,0.619,NA,13,8,NA,NA,NA,IGR,FALSE,FALSE,FALSE,FALSE,2,1,1,1_1,9c730cfb-3fd6-428a-a0a4-c061ca5db06c,NA
10,37249095,37249095,1,snv_mnv,NA,NA,"broad,dkfz,muse,sanger",4,COSN19242946,NA,NA,FALSE,0.4878,NA,20,21,NA,NA,NA,IGR,FALSE,FALSE,FALSE,FALSE,2,1,1,1_1,9c730cfb-3fd6-428a-a0a4-c061ca5db06c,NA
10,37422666,37422666,1,snv_mnv,NA,NA,"broad,dkfz,muse,sanger",4,COSN19242891,NA,NA,FALSE,0.4194,NA,13,18,NA,NA,NA,Intron,FALSE,FALSE,FALSE,FALSE,2,1,1,1_1,9c730cfb-3fd6-428a-a0a4-c061ca5db06c,RNU6-811P
10,47103987,47103987,1,snv_mnv,NA,NA,"broad,muse,sanger",3,COSN19242894,NA,NA,FALSE,0.137,NA,10,63,NA,NA,NA,lincRNA,FALSE,FALSE,TRUE,FALSE,2,1,1,1_1,9c730cfb-3fd6-428a-a0a4-c061ca5db06c,NA
10,50541139,50541139,1,snv_mnv,NA,NA,"broad,dkfz,muse,sanger",4,COSN19242881,NA,NA,FALSE,0.5667,NA,17,13,NA,NA,NA,IGR,FALSE,FALSE,FALSE,FALSE,2,1,1,1_1,9c730cfb-3fd6-428a-a0a4-c061ca5db06c,NA
10,52038956,52038956,1,snv_mnv,NA,NA,"broad,dkfz,muse,sanger",4,COSN19242890,NA,NA,FALSE,0.3929,NA,11,17,NA,NA,NA,IGR,FALSE,FALSE,FALSE,FALSE,2,1,1,1_1,9c730cfb-3fd6-428a-a0a4-c061ca5db06c,NA
10,52928855,52928855,1,snv_mnv,NA,NA,"broad,dkfz,muse,sanger",4,COSN19242870,NA,NA,FALSE,0.425,NA,17,23,NA,NA,NA,Intron,FALSE,FALSE,FALSE,FALSE,2,1,1,1_1,9c730cfb-3fd6-428a-a0a4-c061ca5db06c,NA
10,53107164,53107164,1,snv_mnv,NA,NA,"broad,dkfz,muse,sanger",4,COSN19242909,NA,NA,FALSE,0.42,NA,21,29,NA,NA,NA,Intron,FALSE,FALSE,FALSE,FALSE,2,1,1,1_1,9c730cfb-3fd6-428a-a0a4-c061ca5db06c,NA
10,53291996,53291996,1,snv_mnv,NA,NA,"broad,dkfz,muse,sanger",4,COSN19242880,NA,NA,FALSE,0.4286,NA,15,20,NA,NA,NA,Intron,FALSE,FALSE,FALSE,FALSE,2,1,1,1_1,9c730cfb-3fd6-428a-a0a4-c061ca5db06c,NA
10,54260393,54260393,1,snv_mnv,NA,NA,"broad,dkfz,muse,sanger",4,COSN19242911,NA,L3,FALSE,0.5143,NA,18,17,NA,NA,NA,IGR,FALSE,FALSE,FALSE,FALSE,2,1,1,1_1,9c730cfb-3fd6-428a-a0a4-c061ca5db06c,NA
10,55644506,55644506,1,snv_mnv,NA,NA,"dkfz,sanger",2,COSN19242905,NA,NA,FALSE,0.4375,NA,14,18,NA,NA,NA,Intron,FALSE,FALSE,FALSE,FALSE,2,1,1,1_1,9c730cfb-3fd6-428a-a0a4-c061ca5db06c,NA
10,57901046,57901046,1,snv_mnv,NA,NA,"broad,dkfz,muse,sanger",4,COSN19242947,NA,AluSp,FALSE,0.44,NA,11,14,NA,NA,NA,IGR,FALSE,FALSE,FALSE,FALSE,2,1,1,1_1,9c730cfb-3fd6-428a-a0a4-c061ca5db06c,NA
10,60639076,60639076,1,snv_mnv,NA,NA,"broad,dkfz,muse,sanger",4,COSN19242910,NA,L1MA5,FALSE,0.3774,NA,20,33,NA,NA,NA,IGR,FALSE,FALSE,FALSE,FALSE,2,1,1,1_1,9c730cfb-3fd6-428a-a0a4-c061ca5db06c,NA
10,61989403,61989403,1,snv_mnv,NA,NA,"broad,dkfz,muse,sanger",4,COSN19242874,NA,NA,FALSE,0.3784,NA,14,23,NA,NA,NA,Intron,FALSE,FALSE,FALSE,FALSE,2,1,1,1_1,9c730cfb-3fd6-428a-a0a4-c061ca5db06c,NA
10,62448805,62448805,1,snv_mnv,NA,NA,"broad,dkfz,muse,sanger",4,COSN19242868,NA,NA,FALSE,0.4231,NA,11,15,NA,NA,NA,Intron,FALSE,FALSE,FALSE,FALSE,2,1,1,1_1,9c730cfb-3fd6-428a-a0a4-c061ca5db06c,ARL4AP1
10,62604648,62604648,1,snv_mnv,NA,NA,"broad,dkfz,muse,sanger",4,COSN19242873,NA,NA,FALSE,0.4737,NA,18,20,NA,NA,NA,IGR,FALSE,FALSE,FALSE,FALSE,2,1,1,1_1,9c730cfb-3fd6-428a-a0a4-c061ca5db06c,NA
10,64835954,64835954,1,snv_mnv,NA,NA,"broad,dkfz,muse,sanger",4,COSN19242872,NA,NA,FALSE,0.4667,NA,14,16,NA,NA,NA,IGR,FALSE,FALSE,FALSE,FALSE,2,1,1,1_1,9c730cfb-3fd6-428a-a0a4-c061ca5db06c,NA
10,66094497,66094497,1,snv_mnv,NA,NA,"broad,dkfz,muse,sanger",4,COSN19242930,NA,NA,FALSE,0.5,NA,19,19,NA,NA,NA,IGR,FALSE,FALSE,TRUE,FALSE,2,1,1,1_1,9c730cfb-3fd6-428a-a0a4-c061ca5db06c,NA
10,67727462,67727462,1,snv_mnv,NA,NA,"broad,dkfz,muse,sanger",4,COSN19242916,NA,NA,FALSE,0.4737,NA,18,20,NA,NA,NA,Intron,FALSE,FALSE,FALSE,FALSE,2,1,1,1_1,9c730cfb-3fd6-428a-a0a4-c061ca5db06c,NA
10,68131804,68131804,1,snv_mnv,NA,NA,"broad,dkfz,muse,sanger",4,COSN19242885,NA,NA,FALSE,0.4211,NA,16,22,NA,NA,NA,Intron,FALSE,FALSE,FALSE,FALSE,2,1,1,1_1,9c730cfb-3fd6-428a-a0a4-c061ca5db06c,NA
10,68563717,68563717,1,snv_mnv,NA,NA,"broad,dkfz,muse,sanger",4,COSN19242878,NA,NA,FALSE,0.4194,NA,13,18,NA,NA,NA,Intron,FALSE,FALSE,FALSE,FALSE,2,1,1,1_1,9c730cfb-3fd6-428a-a0a4-c061ca5db06c,NA
10,69295994,69295994,1,snv_mnv,NA,NA,"dkfz,muse,sanger",3,COSN19242928,NA,L3,FALSE,0.1667,NA,6,30,NA,NA,NA,Intron,FALSE,FALSE,FALSE,FALSE,2,1,1,1_1,9c730cfb-3fd6-428a-a0a4-c061ca5db06c,NA
10,74906425,74906425,1,snv_mnv,NA,NA,"broad,dkfz,muse,sanger",4,COSN19242879,NA,FLAM_C,FALSE,0.5484,NA,17,14,NA,NA,NA,Intron,FALSE,FALSE,TRUE,FALSE,2,1,1,1_1,9c730cfb-3fd6-428a-a0a4-c061ca5db06c,NA
10,85170629,85170629,1,snv_mnv,NA,NA,"broad,dkfz,muse,sanger",4,COSN19242876,NA,L1MB7,FALSE,0.4348,NA,20,26,NA,NA,NA,IGR,FALSE,FALSE,FALSE,FALSE,2,1,1,1_1,9c730cfb-3fd6-428a-a0a4-c061ca5db06c,NA
10,85462394,85462394,1,snv_mnv,NA,NA,"broad,dkfz,muse,sanger",4,COSN19242932,NA,MER34A1,FALSE,0.5556,NA,15,12,NA,NA,NA,IGR,FALSE,FALSE,FALSE,FALSE,2,1,1,1_1,9c730cfb-3fd6-428a-a0a4-c061ca5db06c,NA
10,85625681,85625681,1,snv_mnv,NA,NA,"broad,dkfz,muse,sanger",4,COSN19242884,NA,NA,FALSE,0.625,NA,15,9,NA,NA,NA,IGR,FALSE,FALSE,FALSE,FALSE,2,1,1,1_1,9c730cfb-3fd6-428a-a0a4-c061ca5db06c,NA
10,85806546,85806546,1,snv_mnv,NA,NA,"broad,dkfz,muse,sanger",4,COSN19242922,NA,NA,FALSE,0.6098,NA,25,16,NA,NA,NA,IGR,FALSE,FALSE,FALSE,FALSE,2,1,1,1_1,9c730cfb-3fd6-428a-a0a4-c061ca5db06c,NA
10,86977928,86977928,1,snv_mnv,NA,NA,"broad,muse,sanger",3,COSN19242919,NA,THE1A-int,FALSE,0.1562,NA,5,27,NA,NA,NA,IGR,FALSE,FALSE,FALSE,FALSE,2,1,1,1_1,9c730cfb-3fd6-428a-a0a4-c061ca5db06c,NA
10,91980297,91980297,1,snv_mnv,NA,NA,"broad,dkfz,muse,sanger",4,COSN19242887,NA,NA,FALSE,0.3721,NA,16,27,NA,NA,NA,IGR,FALSE,FALSE,FALSE,FALSE,2,1,1,1_1,9c730cfb-3fd6-428a-a0a4-c061ca5db06c,NA
10,96756019,96756019,1,snv_mnv,NA,NA,"broad,dkfz,muse,sanger",4,COSN19242908,NA,HERVI-int,FALSE,0.4737,NA,18,20,NA,NA,NA,IGR,FALSE,FALSE,FALSE,FALSE,2,1,1,1_1,9c730cfb-3fd6-428a-a0a4-c061ca5db06c,NA
10,102733885,102733885,1,snv_mnv,NA,NA,"broad,dkfz,muse,sanger",4,COSN19242927,NA,NA,FALSE,0.3448,NA,10,19,NA,NA,NA,Intron,FALSE,FALSE,FALSE,FALSE,2,1,1,1_1,9c730cfb-3fd6-428a-a0a4-c061ca5db06c,"MRPL43,MIR608,SEMA4G"
10,103513437,103513437,1,snv_mnv,NA,NA,"broad,dkfz,muse,sanger",4,COSN19242939,NA,NA,FALSE,0.3462,NA,9,17,NA,NA,NA,IGR,FALSE,FALSE,FALSE,FALSE,2,1,1,1_1,9c730cfb-3fd6-428a-a0a4-c061ca5db06c,NA
10,106925683,106925683,1,snv_mnv,NA,NA,"broad,dkfz,muse,sanger",4,COSN19242937,NA,NA,FALSE,0.3913,NA,9,14,NA,NA,NA,Intron,FALSE,FALSE,FALSE,FALSE,2,1,1,1_1,9c730cfb-3fd6-428a-a0a4-c061ca5db06c,NA
10,106931137,106931137,1,snv_mnv,NA,NA,"broad,dkfz,muse",3,COSN19242867,NA,NA,FALSE,0.5588,NA,19,15,NA,NA,NA,Intron,FALSE,FALSE,FALSE,FALSE,2,1,1,1_1,9c730cfb-3fd6-428a-a0a4-c061ca5db06c,NA
10,109251222,109251222,1,snv_mnv,NA,NA,"broad,muse,sanger",3,COSN19242875,NA,MIR,FALSE,0.125,NA,3,21,NA,NA,NA,IGR,FALSE,FALSE,FALSE,FALSE,2,1,1,1_1,9c730cfb-3fd6-428a-a0a4-c061ca5db06c,NA
10,110004078,110004078,1,snv_mnv,NA,NA,"broad,dkfz,muse,sanger",4,COSN19242897,NA,MER41-int,FALSE,0.5,NA,13,13,NA,NA,NA,IGR,FALSE,FALSE,FALSE,FALSE,2,1,1,1_1,9c730cfb-3fd6-428a-a0a4-c061ca5db06c,NA
10,110293302,110293302,1,snv_mnv,NA,NA,"broad,dkfz,muse,sanger",4,COSN19242892,rs546532080,L1P1,FALSE,0.3929,NA,11,17,NA,NA,NA,IGR,FALSE,FALSE,FALSE,FALSE,2,1,1,1_1,9c730cfb-3fd6-428a-a0a4-c061ca5db06c,NA
10,110318930,110318930,1,snv_mnv,NA,NA,"broad,dkfz,muse,sanger",4,COSN19242918,NA,AluJb,FALSE,0.3611,NA,13,23,NA,NA,NA,lincRNA,FALSE,FALSE,FALSE,FALSE,2,1,1,1_1,9c730cfb-3fd6-428a-a0a4-c061ca5db06c,NA
10,110648963,110648963,1,snv_mnv,NA,NA,"broad,dkfz,muse,sanger",4,COSN19242943,NA,NA,FALSE,0.303,NA,10,23,NA,NA,NA,IGR,FALSE,FALSE,FALSE,FALSE,2,1,1,1_1,9c730cfb-3fd6-428a-a0a4-c061ca5db06c,NA
10,112999644,112999644,1,snv_mnv,NA,NA,"broad,dkfz,muse,sanger",4,COSN19242888,NA,NA,FALSE,0.5676,NA,21,16,NA,NA,NA,IGR,FALSE,FALSE,FALSE,FALSE,2,1,1,1_1,9c730cfb-3fd6-428a-a0a4-c061ca5db06c,NA
10,114971698,114971698,1,snv_mnv,NA,NA,"broad,dkfz,muse,sanger",4,COSN19242948,NA,MLT1D,FALSE,0.3182,NA,7,15,NA,NA,NA,IGR,FALSE,FALSE,FALSE,FALSE,2,1,1,1_1,9c730cfb-3fd6-428a-a0a4-c061ca5db06c,NA
10,117826318,117826318,1,snv_mnv,NA,NA,"broad,dkfz,muse,sanger",4,COSN19242883,NA,NA,FALSE,0.303,NA,10,23,NA,NA,NA,Intron,FALSE,FALSE,FALSE,FALSE,2,1,1,1_1,9c730cfb-3fd6-428a-a0a4-c061ca5db06c,NA
10,119917626,119917626,1,snv_mnv,NA,NA,"broad,dkfz,muse,sanger",4,COSN19242933,NA,NA,FALSE,0.375,NA,12,20,NA,NA,NA,RNA,FALSE,FALSE,FALSE,FALSE,2,1,1,1_1,9c730cfb-3fd6-428a-a0a4-c061ca5db06c,NA
10,124655575,124655575,1,snv_mnv,NA,NA,"broad,dkfz,muse,sanger",4,COSN19242915,NA,L1MD2,FALSE,0.175,NA,7,33,NA,NA,NA,RNA,FALSE,FALSE,FALSE,FALSE,2,1,1,1_1,9c730cfb-3fd6-428a-a0a4-c061ca5db06c,NA
10,125395321,125395321,1,snv_mnv,NA,NA,"broad,dkfz,muse,sanger",4,COSN19242935,NA,NA,FALSE,0.3793,NA,11,18,NA,NA,NA,IGR,FALSE,FALSE,FALSE,TRUE,2,1,1,1_1,9c730cfb-3fd6-428a-a0a4-c061ca5db06c,NA
10,127280133,127280133,1,snv_mnv,NA,NA,"dkfz,sanger",2,COSN19242938,NA,NA,FALSE,0.5926,NA,16,11,NA,NA,NA,IGR,FALSE,FALSE,FALSE,FALSE,2,1,1,1_1,9c730cfb-3fd6-428a-a0a4-c061ca5db06c,NA
10,130259125,130259125,1,snv_mnv,NA,NA,"broad,dkfz,muse,sanger",4,COSN19242945,NA,NA,FALSE,0.3929,NA,11,17,NA,NA,NA,IGR,FALSE,FALSE,FALSE,FALSE,2,1,1,1_1,9c730cfb-3fd6-428a-a0a4-c061ca5db06c,NA
10,132624285,132624285,1,snv_mnv,NA,NA,"broad,dkfz,muse,sanger",4,COSN19241452,NA,L1MC3,FALSE,0.5333,NA,16,14,NA,NA,NA,IGR,FALSE,FALSE,FALSE,FALSE,2,1,1,1_1,9c730cfb-3fd6-428a-a0a4-c061ca5db06c,NA
10,132934673,132934673,1,snv_mnv,NA,NA,"broad,dkfz,muse,sanger",4,COSN19242896,NA,NA,FALSE,0.5385,NA,14,12,NA,NA,NA,Intron,FALSE,FALSE,FALSE,FALSE,2,1,1,1_1,9c730cfb-3fd6-428a-a0a4-c061ca5db06c,NA
11,4766721,4766721,1,snv_mnv,NA,NA,"broad,dkfz,sanger",3,COSN19241499,NA,L1MC1,FALSE,0.2903,NA,9,22,NA,NA,NA,Intron,FALSE,FALSE,FALSE,FALSE,2,1,1,1_1,9c730cfb-3fd6-428a-a0a4-c061ca5db06c,NA
11,5411230,5411230,1,snv_mnv,NA,NA,"broad,dkfz,muse,sanger",4,COSM145727,NA,NA,FALSE,0.4348,NA,10,13,NA,NA,NA,Missense_Mutation,FALSE,FALSE,FALSE,FALSE,2,1,1,1_1,9c730cfb-3fd6-428a-a0a4-c061ca5db06c,NA
11,10046039,10046039,1,snv_mnv,NA,NA,"broad,dkfz,muse,sanger",4,COSN19241519,NA,NA,FALSE,0.52,NA,13,12,NA,NA,NA,Intron,FALSE,FALSE,FALSE,FALSE,2,1,1,1_1,9c730cfb-3fd6-428a-a0a4-c061ca5db06c,NA
11,10314457,10314457,1,snv_mnv,NA,NA,"broad,dkfz,muse,sanger",4,COSN19241496,NA,NA,FALSE,0.303,NA,10,23,NA,NA,NA,Intron,FALSE,FALSE,FALSE,FALSE,2,1,1,1_1,9c730cfb-3fd6-428a-a0a4-c061ca5db06c,NA
11,11659517,11659517,1,snv_mnv,NA,NA,"broad,dkfz,muse,sanger",4,COSN10078799,NA,NA,FALSE,0.5862,NA,17,12,NA,NA,NA,IGR,FALSE,FALSE,FALSE,FALSE,2,1,1,1_1,9c730cfb-3fd6-428a-a0a4-c061ca5db06c,NA
11,15617594,15617594,1,snv_mnv,NA,NA,"broad,dkfz,muse,sanger",4,COSN19241488,NA,NA,FALSE,0.5,NA,18,18,NA,NA,NA,lincRNA,FALSE,FALSE,FALSE,FALSE,2,1,1,1_1,9c730cfb-3fd6-428a-a0a4-c061ca5db06c,AC073172.2
11,16445446,16445446,1,snv_mnv,NA,NA,"broad,dkfz,muse,sanger",4,COSN19241531,NA,L2,FALSE,0.4792,NA,23,25,NA,NA,NA,Intron,FALSE,FALSE,TRUE,FALSE,2,1,1,1_1,9c730cfb-3fd6-428a-a0a4-c061ca5db06c,NA
11,17709652,17709652,1,snv_mnv,NA,NA,"broad,dkfz,muse,sanger",4,COSN19241495,NA,NA,FALSE,0.5769,NA,15,11,NA,NA,NA,IGR,FALSE,FALSE,FALSE,FALSE,2,1,1,1_1,9c730cfb-3fd6-428a-a0a4-c061ca5db06c,NA
11,20196378,20196378,1,snv_mnv,NA,NA,"broad,dkfz,muse,sanger",4,COSN19241521,NA,THE1C,FALSE,0.4474,NA,17,21,NA,NA,NA,IGR,FALSE,FALSE,FALSE,FALSE,2,1,1,1_1,9c730cfb-3fd6-428a-a0a4-c061ca5db06c,NA
11,21071276,21071276,1,snv_mnv,NA,NA,"broad,dkfz,muse,sanger",4,COSN19241485,NA,AluSx,FALSE,0.2143,NA,6,22,NA,NA,NA,Intron,FALSE,FALSE,FALSE,FALSE,2,1,1,1_1,9c730cfb-3fd6-428a-a0a4-c061ca5db06c,NA
11,21758762,21758762,1,snv_mnv,NA,NA,"broad,dkfz,muse,sanger",4,COSN19241518,NA,L2a,FALSE,0.3871,NA,12,19,NA,NA,NA,IGR,FALSE,FALSE,FALSE,FALSE,2,1,1,1_1,9c730cfb-3fd6-428a-a0a4-c061ca5db06c,NA
11,24111342,24111342,1,snv_mnv,NA,NA,"broad,dkfz,muse,sanger",4,COSN19241539,NA,NA,FALSE,0.3939,NA,13,20,NA,NA,NA,IGR,FALSE,FALSE,TRUE,FALSE,2,1,1,1_1,9c730cfb-3fd6-428a-a0a4-c061ca5db06c,NA
11,26580544,26580544,1,snv_mnv,NA,NA,"broad,dkfz,muse,sanger",4,COSN19241528,NA,NA,FALSE,0.4524,NA,19,23,NA,NA,NA,Intron,FALSE,FALSE,FALSE,FALSE,2,1,1,1_1,9c730cfb-3fd6-428a-a0a4-c061ca5db06c,MUC15
11,26680438,26680438,1,snv_mnv,NA,NA,"broad,dkfz,muse,sanger",4,COSN19241508,NA,NA,FALSE,0.375,NA,15,25,NA,NA,NA,Intron,FALSE,FALSE,TRUE,FALSE,2,1,1,1_1,9c730cfb-3fd6-428a-a0a4-c061ca5db06c,NA
11,27774320,27774320,1,snv_mnv,NA,NA,"broad,dkfz,muse,sanger",4,COSN19241497,NA,NA,FALSE,0.4615,NA,18,21,NA,NA,NA,RNA,FALSE,FALSE,FALSE,FALSE,2,1,1,1_1,9c730cfb-3fd6-428a-a0a4-c061ca5db06c,NA
11,28475515,28475515,1,snv_mnv,NA,NA,"broad,dkfz,muse,sanger",4,COSN19241502,NA,NA,FALSE,0.3939,NA,13,20,NA,NA,NA,lincRNA,FALSE,FALSE,FALSE,FALSE,2,1,1,1_1,9c730cfb-3fd6-428a-a0a4-c061ca5db06c,NA
11,28695810,28695810,1,snv_mnv,NA,NA,"broad,dkfz,muse,sanger",4,COSN19241509,NA,NA,FALSE,0.4762,NA,10,11,NA,NA,NA,IGR,FALSE,FALSE,FALSE,FALSE,2,1,1,1_1,9c730cfb-3fd6-428a-a0a4-c061ca5db06c,NA
11,28713950,28713950,1,snv_mnv,NA,NA,"broad,muse",2,COSN19241501,NA,L1MB1,FALSE,0.1714,NA,6,29,NA,NA,NA,IGR,FALSE,FALSE,FALSE,FALSE,2,1,1,1_1,9c730cfb-3fd6-428a-a0a4-c061ca5db06c,NA
11,31079466,31079466,1,snv_mnv,NA,NA,"broad,dkfz,muse,sanger",4,COSN19241481,rs771183439,NA,FALSE,0.5185,NA,14,13,NA,NA,NA,Intron,FALSE,FALSE,FALSE,FALSE,2,1,1,1_1,9c730cfb-3fd6-428a-a0a4-c061ca5db06c,NA
11,36107599,36107599,1,snv_mnv,NA,NA,"broad,dkfz,muse,sanger",4,COSN19241536,NA,L1MEf,FALSE,0.3611,NA,13,23,NA,NA,NA,Intron,FALSE,FALSE,FALSE,FALSE,2,1,1,1_1,9c730cfb-3fd6-428a-a0a4-c061ca5db06c,NA
11,37335576,37335576,1,snv_mnv,NA,NA,"broad,dkfz,muse,sanger",4,COSN19241540,NA,L1MEc,FALSE,0.2857,NA,10,25,NA,NA,NA,IGR,FALSE,FALSE,FALSE,FALSE,2,1,1,1_1,9c730cfb-3fd6-428a-a0a4-c061ca5db06c,NA
11,37386352,37386352,1,snv_mnv,NA,NA,"broad,dkfz,muse,sanger",4,COSN19241479,NA,L1PB3,FALSE,0.5556,NA,20,16,NA,NA,NA,IGR,FALSE,FALSE,FALSE,FALSE,2,1,1,1_1,9c730cfb-3fd6-428a-a0a4-c061ca5db06c,NA
11,37782456,37782456,1,snv_mnv,NA,NA,"broad,dkfz,muse,sanger",4,COSN19241506,NA,NA,FALSE,0.1333,NA,6,39,NA,NA,NA,IGR,FALSE,FALSE,FALSE,FALSE,2,1,1,1_1,9c730cfb-3fd6-428a-a0a4-c061ca5db06c,NA
11,38796854,38796854,1,snv_mnv,NA,NA,"broad,dkfz,muse,sanger",4,COSN19241513,NA,THE1B-int,FALSE,0.4688,NA,15,17,NA,NA,NA,IGR,FALSE,FALSE,FALSE,FALSE,2,1,1,1_1,9c730cfb-3fd6-428a-a0a4-c061ca5db06c,NA
11,40135681,40135681,1,snv_mnv,NA,NA,"broad,dkfz,muse,sanger",4,COSN19241483,NA,NA,FALSE,0.1538,NA,6,33,NA,NA,NA,IGR,FALSE,FALSE,FALSE,FALSE,2,1,1,1_1,9c730cfb-3fd6-428a-a0a4-c061ca5db06c,"LRRC4C,AC080100.1"
11,41132194,41132194,1,snv_mnv,NA,NA,"broad,dkfz,muse,sanger",4,COSN19241512,NA,NA,FALSE,0.4146,NA,17,24,NA,NA,NA,Intron,FALSE,FALSE,FALSE,FALSE,2,1,1,1_1,9c730cfb-3fd6-428a-a0a4-c061ca5db06c,NA
11,42102605,42102605,1,snv_mnv,NA,NA,"broad,dkfz,muse,sanger",4,COSN19241510,NA,NA,FALSE,0.4848,NA,16,17,NA,NA,NA,lincRNA,FALSE,FALSE,FALSE,FALSE,2,1,1,1_1,9c730cfb-3fd6-428a-a0a4-c061ca5db06c,NA
11,49273216,49273216,1,snv_mnv,NA,NA,"broad,muse,sanger",3,COSN19241491,NA,MLT1G3,FALSE,0.4359,NA,17,22,NA,NA,NA,IGR,FALSE,FALSE,FALSE,FALSE,2,1,1,1_1,9c730cfb-3fd6-428a-a0a4-c061ca5db06c,NA
11,50128808,50128808,1,snv_mnv,NA,NA,"broad,dkfz,muse,sanger",4,COSN19241517,NA,NA,FALSE,0.3846,NA,10,16,NA,NA,NA,IGR,FALSE,FALSE,FALSE,FALSE,2,1,1,1_1,9c730cfb-3fd6-428a-a0a4-c061ca5db06c,AC109635.5
11,61620974,61620974,1,snv_mnv,NA,NA,"broad,dkfz,muse,sanger",4,COSN19241492,NA,NA,FALSE,0.4074,NA,11,16,NA,NA,NA,Intron,FALSE,FALSE,FALSE,FALSE,2,1,1,1_1,9c730cfb-3fd6-428a-a0a4-c061ca5db06c,FADS2
11,70517931,70517931,1,snv_mnv,NA,NA,"broad,dkfz,muse,sanger",4,COSN19241489,NA,NA,FALSE,0.4878,NA,20,21,NA,NA,NA,Intron,FALSE,FALSE,FALSE,FALSE,2,1,1,1_1,9c730cfb-3fd6-428a-a0a4-c061ca5db06c,NA
11,72978715,72978715,1,snv_mnv,NA,NA,"broad,dkfz,muse,sanger",4,COSN19241538,NA,NA,FALSE,0.45,NA,9,11,NA,NA,NA,Intron,FALSE,FALSE,FALSE,FALSE,2,1,1,1_1,9c730cfb-3fd6-428a-a0a4-c061ca5db06c,P2RY6
11,79037228,79037228,1,snv_mnv,NA,NA,"broad,dkfz,muse,sanger",4,COSN19241484,NA,NA,FALSE,0.5882,NA,10,7,NA,NA,NA,Intron,FALSE,FALSE,FALSE,FALSE,2,1,1,1_1,9c730cfb-3fd6-428a-a0a4-c061ca5db06c,NA
11,80104098,80104098,1,snv_mnv,NA,NA,"broad,dkfz,muse,sanger",4,COSN19241524,NA,NA,FALSE,0.5,NA,13,13,NA,NA,NA,IGR,FALSE,FALSE,FALSE,FALSE,2,1,1,1_1,9c730cfb-3fd6-428a-a0a4-c061ca5db06c,NA
11,85102436,85102436,1,snv_mnv,NA,NA,"broad,dkfz,muse,sanger",4,COSN19241532,NA,L1PA7,FALSE,0.5758,NA,19,14,NA,NA,NA,Intron,FALSE,FALSE,FALSE,FALSE,2,1,1,1_1,9c730cfb-3fd6-428a-a0a4-c061ca5db06c,NA
11,87302059,87302059,1,snv_mnv,NA,NA,"broad,dkfz,muse,sanger",4,COSN19241507,NA,L1PA8A,FALSE,0.2381,NA,10,32,NA,NA,NA,IGR,FALSE,FALSE,FALSE,FALSE,2,1,1,1_1,9c730cfb-3fd6-428a-a0a4-c061ca5db06c,NA
11,89037304,89037304,1,snv_mnv,NA,NA,"broad,muse,sanger",3,COSN19241514,NA,L2,FALSE,0.3333,NA,8,16,NA,NA,NA,IGR,FALSE,FALSE,FALSE,FALSE,2,1,1,1_1,9c730cfb-3fd6-428a-a0a4-c061ca5db06c,AP000720.2
11,96721389,96721389,1,snv_mnv,NA,NA,"broad,dkfz,muse,sanger",4,COSN19241511,NA,NA,FALSE,0.36,NA,9,16,NA,NA,NA,IGR,FALSE,FALSE,FALSE,FALSE,2,1,1,1_1,9c730cfb-3fd6-428a-a0a4-c061ca5db06c,NA
11,99384602,99384602,1,snv_mnv,NA,NA,"broad,dkfz,muse,sanger",4,COSN19241487,NA,Tigger1,FALSE,0.4324,NA,16,21,NA,NA,NA,Intron,FALSE,FALSE,FALSE,FALSE,2,1,1,1_1,9c730cfb-3fd6-428a-a0a4-c061ca5db06c,NA
11,99839446,99839446,1,snv_mnv,NA,NA,"broad,dkfz,muse,sanger",4,COSN19241498,NA,NA,FALSE,0.5,NA,9,9,NA,NA,NA,Intron,FALSE,FALSE,FALSE,FALSE,2,1,1,1_1,9c730cfb-3fd6-428a-a0a4-c061ca5db06c,NA
11,100026486,100026486,1,snv_mnv,NA,NA,"broad,dkfz,muse,sanger",4,COSN19241530,NA,L1PA3,FALSE,0.4706,NA,16,18,NA,NA,NA,Intron,FALSE,FALSE,FALSE,TRUE,2,1,1,1_1,9c730cfb-3fd6-428a-a0a4-c061ca5db06c,NA
11,101350825,101350825,1,snv_mnv,NA,NA,"broad,dkfz,muse,sanger",4,COSN19241515,NA,AluSp,FALSE,0.5667,NA,17,13,NA,NA,NA,Intron,FALSE,FALSE,FALSE,FALSE,2,1,1,1_1,9c730cfb-3fd6-428a-a0a4-c061ca5db06c,NA
11,102585391,102585391,1,snv_mnv,NA,NA,"broad,dkfz,muse,sanger",4,COSM5418803,rs769522615,NA,FALSE,0.8571,NA,12,2,NA,NA,NA,Silent,FALSE,FALSE,FALSE,FALSE,2,1,1,1_1,9c730cfb-3fd6-428a-a0a4-c061ca5db06c,NA
11,109225156,109225156,1,snv_mnv,1.9968e-4,rs192992054,"broad,dkfz,muse,sanger",4,COSN19241522,rs192992054,MER63A,FALSE,0.6098,NA,25,16,NA,NA,NA,RNA,FALSE,FALSE,FALSE,FALSE,2,1,1,1_1,9c730cfb-3fd6-428a-a0a4-c061ca5db06c,AP003049.2
11,112806669,112806669,1,snv_mnv,NA,NA,"broad,dkfz,muse,sanger",4,COSN19241493,NA,L1MEc,FALSE,0.4048,NA,17,25,NA,NA,NA,IGR,FALSE,FALSE,FALSE,FALSE,2,1,1,1_1,9c730cfb-3fd6-428a-a0a4-c061ca5db06c,NA
11,112951621,112951621,1,snv_mnv,NA,NA,"broad,dkfz,muse,sanger",4,COSN19241500,NA,NA,FALSE,0.5526,NA,21,17,NA,NA,NA,Intron,FALSE,FALSE,FALSE,FALSE,2,1,1,1_1,9c730cfb-3fd6-428a-a0a4-c061ca5db06c,NA
11,114961824,114961824,1,snv_mnv,NA,NA,"dkfz,muse,sanger",3,COSN19241504,NA,NA,FALSE,0.2917,NA,7,17,NA,NA,NA,IGR,FALSE,FALSE,FALSE,FALSE,2,1,1,1_1,9c730cfb-3fd6-428a-a0a4-c061ca5db06c,NA
11,115965527,115965527,1,snv_mnv,NA,NA,"dkfz,sanger",2,COSN19241534,NA,NA,FALSE,0.3208,NA,17,36,NA,NA,NA,IGR,FALSE,FALSE,FALSE,FALSE,2,1,1,1_1,9c730cfb-3fd6-428a-a0a4-c061ca5db06c,NA
11,116541569,116541569,1,snv_mnv,NA,NA,"broad,dkfz,muse,sanger",4,COSN19241516,NA,L1PA6,FALSE,0.4483,NA,13,16,NA,NA,NA,IGR,FALSE,FALSE,FALSE,FALSE,2,1,1,1_1,9c730cfb-3fd6-428a-a0a4-c061ca5db06c,NA
11,125384526,125384526,1,snv_mnv,NA,NA,"broad,dkfz,muse,sanger",4,COSN19241523,NA,L1MB7,FALSE,0.4194,NA,13,18,NA,NA,NA,IGR,FALSE,FALSE,FALSE,FALSE,2,1,1,1_1,9c730cfb-3fd6-428a-a0a4-c061ca5db06c,NA
11,129579807,129579807,1,snv_mnv,NA,NA,"broad,dkfz,muse,sanger",4,COSN19241490,NA,MER90,FALSE,0.4375,NA,14,18,NA,NA,NA,IGR,FALSE,FALSE,FALSE,FALSE,2,1,1,1_1,9c730cfb-3fd6-428a-a0a4-c061ca5db06c,NA
11,129617148,129617148,1,snv_mnv,NA,NA,"broad,dkfz,muse,sanger",4,COSN19241527,NA,NA,FALSE,0.6452,NA,20,11,NA,NA,NA,IGR,FALSE,FALSE,TRUE,FALSE,2,1,1,1_1,9c730cfb-3fd6-428a-a0a4-c061ca5db06c,NA
11,129630657,129630657,1,snv_mnv,NA,NA,"broad,dkfz,muse,sanger",4,COSN19241494,NA,NA,FALSE,0.5,NA,13,13,NA,NA,NA,IGR,FALSE,FALSE,FALSE,FALSE,2,1,1,1_1,9c730cfb-3fd6-428a-a0a4-c061ca5db06c,NA
11,132974578,132974578,1,snv_mnv,NA,NA,"broad,dkfz,muse,sanger",4,COSN19241520,NA,NA,FALSE,0.5143,NA,18,17,NA,NA,NA,Intron,FALSE,FALSE,FALSE,FALSE,2,1,1,1_1,9c730cfb-3fd6-428a-a0a4-c061ca5db06c,NA
11,134404468,134404468,1,snv_mnv,NA,NA,"broad,dkfz,muse,sanger",4,COSN19241486,NA,AluJr,FALSE,0.381,NA,8,13,NA,NA,NA,IGR,FALSE,FALSE,FALSE,FALSE,2,1,1,1_1,9c730cfb-3fd6-428a-a0a4-c061ca5db06c,NA
11,134408523,134408523,1,snv_mnv,NA,NA,"broad,dkfz,muse,sanger",4,COSN19241505,NA,L2a,FALSE,0.28,NA,7,18,NA,NA,NA,IGR,FALSE,FALSE,FALSE,FALSE,2,1,1,1_1,9c730cfb-3fd6-428a-a0a4-c061ca5db06c,NA
12,1906761,1906761,1,snv_mnv,NA,NA,"broad,dkfz,muse,sanger",4,COSN19242473,NA,NA,FALSE,0.5556,NA,20,16,NA,NA,NA,Intron,FALSE,FALSE,FALSE,FALSE,3,2,1,2_1,9c730cfb-3fd6-428a-a0a4-c061ca5db06c,CACNA2D4
12,6683903,6683903,1,snv_mnv,NA,NA,"broad,dkfz,muse,sanger",4,COSN19242460,NA,NA,FALSE,0.4048,NA,17,25,NA,NA,NA,Intron,FALSE,FALSE,FALSE,FALSE,3,2,1,2_1,9c730cfb-3fd6-428a-a0a4-c061ca5db06c,"CHD4,AC006064.2"
12,7512990,7512990,1,snv_mnv,NA,NA,"broad,dkfz,muse,sanger",4,COSN19241468,NA,AluSq2,FALSE,0.5833,NA,28,20,NA,NA,NA,Intron,FALSE,FALSE,FALSE,FALSE,3,2,1,2_1,9c730cfb-3fd6-428a-a0a4-c061ca5db06c,CD163L1
12,9183003,9183003,1,snv_mnv,NA,NA,"broad,dkfz,muse,sanger",4,COSN19242502,NA,NA,FALSE,0.5,NA,18,18,NA,NA,NA,IGR,FALSE,FALSE,FALSE,FALSE,3,2,1,2_1,9c730cfb-3fd6-428a-a0a4-c061ca5db06c,HNRNPA1P34
12,16787931,16787931,1,snv_mnv,NA,NA,"broad,dkfz,muse,sanger",4,COSN19242508,NA,NA,FALSE,0.3469,NA,17,32,NA,NA,NA,IGR,FALSE,FALSE,FALSE,FALSE,3,2,1,2_1,9c730cfb-3fd6-428a-a0a4-c061ca5db06c,NA
12,18978980,18978980,1,snv_mnv,NA,NA,"broad,dkfz,muse,sanger",4,COSN19242445,NA,L1MA10,FALSE,0.16,NA,8,42,NA,NA,NA,IGR,FALSE,FALSE,FALSE,FALSE,3,2,1,2_1,9c730cfb-3fd6-428a-a0a4-c061ca5db06c,NA
12,19477303,19477303,1,snv_mnv,NA,NA,"broad,dkfz,muse,sanger",4,COSN19242494,NA,NA,FALSE,0.5577,NA,29,23,NA,NA,NA,Intron,FALSE,FALSE,FALSE,FALSE,3,2,1,2_1,9c730cfb-3fd6-428a-a0a4-c061ca5db06c,PLEKHA5
12,22030183,22030183,1,snv_mnv,NA,NA,"broad,dkfz,muse,sanger",4,COSN19242475,NA,L2c,FALSE,0.2917,NA,14,34,NA,NA,NA,Intron,FALSE,FALSE,FALSE,FALSE,3,2,1,2_1,9c730cfb-3fd6-428a-a0a4-c061ca5db06c,NA
12,24344191,24344191,1,snv_mnv,NA,NA,"broad,dkfz,muse,sanger",4,COSN19242484,rs751767553,NA,FALSE,0.6415,NA,34,19,NA,NA,NA,IGR,FALSE,FALSE,FALSE,FALSE,3,2,1,2_1,9c730cfb-3fd6-428a-a0a4-c061ca5db06c,NA
12,25378648,25378648,1,snv_mnv,NA,NA,"broad,muse",2,COSM4696721,NA,NA,FALSE,0.0645,NA,4,58,NA,NA,NA,Missense_Mutation,FALSE,FALSE,FALSE,FALSE,3,2,1,2_1,9c730cfb-3fd6-428a-a0a4-c061ca5db06c,AC092794.2
12,28004202,28004202,1,snv_mnv,NA,NA,"broad,dkfz,muse,sanger",4,COSN19242439,NA,NA,FALSE,0.6618,NA,45,23,NA,NA,NA,IGR,FALSE,FALSE,FALSE,FALSE,3,2,1,2_1,9c730cfb-3fd6-428a-a0a4-c061ca5db06c,NA
12,29283952,29283952,1,snv_mnv,NA,NA,"broad,dkfz,muse,sanger",4,COSN19242469,NA,NA,FALSE,0.3182,NA,14,30,NA,NA,NA,IGR,FALSE,FALSE,FALSE,FALSE,3,2,1,2_1,9c730cfb-3fd6-428a-a0a4-c061ca5db06c,NA
12,30377811,30377811,1,snv_mnv,NA,NA,"broad,dkfz,muse,sanger",4,COSN19242447,NA,NA,FALSE,0.3158,NA,18,39,NA,NA,NA,IGR,FALSE,FALSE,FALSE,FALSE,3,2,1,2_1,9c730cfb-3fd6-428a-a0a4-c061ca5db06c,NA
12,32045651,32045651,1,snv_mnv,NA,NA,"broad,dkfz,muse,sanger",4,COSN19241474,NA,AluSp,FALSE,0.3333,NA,12,24,NA,NA,NA,IGR,FALSE,FALSE,FALSE,FALSE,3,2,1,2_1,9c730cfb-3fd6-428a-a0a4-c061ca5db06c,AC023050.3
12,34494671,34494671,1,snv_mnv,NA,NA,"broad,muse,sanger",3,COSN19242434,NA,NA,FALSE,0.2727,NA,6,16,NA,NA,NA,IGR,FALSE,FALSE,FALSE,FALSE,3,2,1,2_1,9c730cfb-3fd6-428a-a0a4-c061ca5db06c,NA
12,38026943,38026943,1,snv_mnv,NA,NA,"broad,muse",2,COSN19242483,NA,ALR/Alpha,FALSE,0.3,NA,15,35,NA,NA,NA,IGR,FALSE,FALSE,FALSE,FALSE,3,2,1,2_1,9c730cfb-3fd6-428a-a0a4-c061ca5db06c,NA
12,38701576,38701576,1,snv_mnv,NA,NA,"broad,dkfz,muse,sanger",4,COSN19242503,NA,NA,FALSE,0.2034,NA,12,47,NA,NA,NA,IGR,FALSE,FALSE,FALSE,FALSE,3,2,1,2_1,9c730cfb-3fd6-428a-a0a4-c061ca5db06c,NA
12,41839527,41839527,1,snv_mnv,NA,NA,"broad,dkfz,muse,sanger",4,COSN19242452,NA,NA,FALSE,0.3061,NA,15,34,NA,NA,NA,Intron,FALSE,FALSE,FALSE,FALSE,3,2,1,2_1,9c730cfb-3fd6-428a-a0a4-c061ca5db06c,NA
12,43918466,43918466,1,snv_mnv,NA,NA,"broad,dkfz,muse,sanger",4,COSN19242437,NA,L1PB3,FALSE,0.3548,NA,22,40,NA,NA,NA,Intron,FALSE,FALSE,TRUE,FALSE,3,2,1,2_1,9c730cfb-3fd6-428a-a0a4-c061ca5db06c,NA
12,44042567,44042567,1,snv_mnv,NA,NA,"broad,dkfz,muse,sanger",4,COSN19242453,NA,NA,FALSE,0.3721,NA,16,27,NA,NA,NA,IGR,FALSE,FALSE,FALSE,FALSE,3,2,1,2_1,9c730cfb-3fd6-428a-a0a4-c061ca5db06c,NA
12,46622266,46622266,1,snv_mnv,NA,NA,"broad,dkfz,muse,sanger",4,COSN19242478,NA,NA,FALSE,0.7,NA,28,12,NA,NA,NA,Intron,FALSE,FALSE,FALSE,FALSE,3,2,1,2_1,9c730cfb-3fd6-428a-a0a4-c061ca5db06c,SLC38A1
12,48068563,48068563,1,snv_mnv,NA,NA,"broad,dkfz,muse,sanger",4,COSN19242506,NA,L1PA6,FALSE,0.5098,NA,26,25,NA,NA,NA,Intron,FALSE,FALSE,FALSE,FALSE,3,2,1,2_1,9c730cfb-3fd6-428a-a0a4-c061ca5db06c,NA
12,54945491,54945491,1,snv_mnv,NA,NA,"broad,dkfz,muse,sanger",4,COSN19242515,NA,NA,FALSE,0.2727,NA,12,32,NA,NA,NA,Intron,FALSE,FALSE,FALSE,FALSE,3,2,1,2_1,9c730cfb-3fd6-428a-a0a4-c061ca5db06c,NCKAP1L
12,57184801,57184801,1,snv_mnv,NA,NA,"broad,muse,sanger",3,COSN19242501,NA,AluY,FALSE,0.2632,NA,10,28,NA,NA,NA,IGR,FALSE,FALSE,FALSE,FALSE,3,2,1,2_1,9c730cfb-3fd6-428a-a0a4-c061ca5db06c,HSD17B6
12,58341426,58341426,1,snv_mnv,NA,NA,"broad,dkfz,muse,sanger",4,COSN19242470,NA,L2c,FALSE,0.2206,NA,15,53,NA,NA,NA,Intron,FALSE,FALSE,FALSE,FALSE,3,2,1,2_1,9c730cfb-3fd6-428a-a0a4-c061ca5db06c,ATP23
12,59405972,59405972,1,snv_mnv,NA,NA,"broad,dkfz,muse,sanger",4,COSN19242466,NA,AluSz,FALSE,0.64,NA,16,9,NA,NA,NA,RNA,FALSE,FALSE,FALSE,FALSE,3,2,1,2_1,9c730cfb-3fd6-428a-a0a4-c061ca5db06c,NA
12,61131197,61131197,1,snv_mnv,NA,NA,"broad,muse,sanger",3,COSN19242481,NA,L1PA5,FALSE,0.617,NA,29,18,NA,NA,NA,IGR,FALSE,FALSE,FALSE,FALSE,3,2,1,2_1,9c730cfb-3fd6-428a-a0a4-c061ca5db06c,NA
12,61390477,61390477,1,snv_mnv,NA,NA,"broad,dkfz,muse,sanger",4,COSN19242513,NA,MER5A1,FALSE,0.6552,NA,19,10,NA,NA,NA,IGR,FALSE,FALSE,FALSE,FALSE,3,2,1,2_1,9c730cfb-3fd6-428a-a0a4-c061ca5db06c,NA
12,65350889,65350889,1,snv_mnv,NA,NA,"broad,dkfz,muse",3,COSN19242479,NA,L1ME4a,FALSE,0.5333,NA,24,21,NA,NA,NA,lincRNA,FALSE,FALSE,FALSE,FALSE,3,2,1,2_1,9c730cfb-3fd6-428a-a0a4-c061ca5db06c,NA
12,66082210,66082210,1,snv_mnv,NA,NA,"broad,dkfz,muse,sanger",4,COSN19242497,NA,NA,FALSE,0.2083,NA,10,38,NA,NA,NA,IGR,FALSE,FALSE,FALSE,FALSE,3,2,1,2_1,9c730cfb-3fd6-428a-a0a4-c061ca5db06c,NA
12,71117878,71117878,1,snv_mnv,NA,NA,"broad,dkfz,muse,sanger",4,COSN19242496,NA,NA,FALSE,0.2917,NA,14,34,NA,NA,NA,Intron,FALSE,FALSE,FALSE,FALSE,3,2,1,2_1,9c730cfb-3fd6-428a-a0a4-c061ca5db06c,NA
12,72576858,72576858,1,snv_mnv,NA,NA,"broad,dkfz,muse,sanger",4,COSN19242456,NA,NA,FALSE,0.3478,NA,16,30,NA,NA,NA,IGR,FALSE,FALSE,FALSE,FALSE,3,2,1,2_1,9c730cfb-3fd6-428a-a0a4-c061ca5db06c,NA
12,72673333,72673333,1,snv_mnv,NA,NA,"broad,dkfz,muse,sanger",4,COSN19242455,NA,NA,FALSE,0.3864,NA,17,27,NA,NA,NA,Intron,FALSE,FALSE,FALSE,FALSE,3,2,1,2_1,9c730cfb-3fd6-428a-a0a4-c061ca5db06c,TRHDE-AS1
12,72906263,72906263,1,snv_mnv,NA,NA,"broad,dkfz,muse",3,COSN19242454,NA,(TATAA)n,FALSE,0.3478,NA,8,15,NA,NA,NA,Intron,FALSE,FALSE,FALSE,FALSE,3,2,1,2_1,9c730cfb-3fd6-428a-a0a4-c061ca5db06c,NA
12,73181793,73181793,1,snv_mnv,NA,NA,"broad,dkfz,muse,sanger",4,COSN19242436,NA,NA,FALSE,0.3182,NA,14,30,NA,NA,NA,RNA,FALSE,FALSE,FALSE,FALSE,3,2,1,2_1,9c730cfb-3fd6-428a-a0a4-c061ca5db06c,NA
12,73740774,73740774,1,snv_mnv,NA,NA,"broad,dkfz,muse,sanger",4,COSN19242519,NA,L1PA7,FALSE,0.2708,NA,13,35,NA,NA,NA,IGR,FALSE,FALSE,FALSE,FALSE,3,2,1,2_1,9c730cfb-3fd6-428a-a0a4-c061ca5db06c,NA
12,74134370,74134370,1,snv_mnv,NA,NA,"broad,dkfz,muse,sanger",4,COSN19242492,NA,NA,FALSE,0.6429,NA,36,20,NA,NA,NA,IGR,FALSE,FALSE,FALSE,FALSE,3,2,1,2_1,9c730cfb-3fd6-428a-a0a4-c061ca5db06c,NA
12,74256173,74256173,1,snv_mnv,NA,NA,"broad,dkfz,muse,sanger",4,COSN19242512,NA,NA,FALSE,0.5714,NA,40,30,NA,NA,NA,IGR,FALSE,FALSE,TRUE,FALSE,3,2,1,2_1,9c730cfb-3fd6-428a-a0a4-c061ca5db06c,NA
12,74793171,74793171,1,snv_mnv,NA,NA,"broad,dkfz,muse,sanger",4,COSN19242450,NA,NA,FALSE,0.2687,NA,18,49,NA,NA,NA,IGR,FALSE,FALSE,FALSE,FALSE,3,2,1,2_1,9c730cfb-3fd6-428a-a0a4-c061ca5db06c,NA
12,77517152,77517152,1,snv_mnv,NA,NA,"broad,dkfz,muse,sanger",4,COSN19242499,NA,L2a,FALSE,0.3333,NA,16,32,NA,NA,NA,IGR,FALSE,FALSE,FALSE,FALSE,3,2,1,2_1,9c730cfb-3fd6-428a-a0a4-c061ca5db06c,NA
12,79610863,79610863,1,snv_mnv,NA,NA,"broad,dkfz,muse,sanger",4,COSN19242449,NA,NA,FALSE,0.2712,NA,16,43,NA,NA,NA,Intron,FALSE,FALSE,FALSE,FALSE,3,2,1,2_1,9c730cfb-3fd6-428a-a0a4-c061ca5db06c,NA
12,81670625,81670625,1,snv_mnv,NA,NA,"broad,dkfz,muse,sanger",4,COSN19242504,NA,NA,FALSE,0.7255,NA,37,14,NA,NA,NA,Intron,FALSE,FALSE,FALSE,FALSE,3,2,1,2_1,9c730cfb-3fd6-428a-a0a4-c061ca5db06c,"PPFIA2-AS1,PPFIA2"
12,82225256,82225256,1,snv_mnv,NA,NA,"broad,dkfz,muse,sanger",4,COSN19242516,NA,NA,FALSE,0.1522,NA,7,39,NA,NA,NA,IGR,FALSE,FALSE,FALSE,FALSE,3,2,1,2_1,9c730cfb-3fd6-428a-a0a4-c061ca5db06c,NA
12,84112269,84112269,1,snv_mnv,NA,NA,"broad,dkfz,muse,sanger",4,COSN19242489,NA,THE1B-int,FALSE,0.3191,NA,15,32,NA,NA,NA,IGR,FALSE,FALSE,FALSE,FALSE,3,2,1,2_1,9c730cfb-3fd6-428a-a0a4-c061ca5db06c,NA
12,85281899,85281899,1,snv_mnv,NA,NA,"broad,dkfz,muse,sanger",4,COSN19242509,NA,AluJb,FALSE,0.2069,NA,6,23,NA,NA,NA,Intron,FALSE,FALSE,FALSE,FALSE,3,2,1,2_1,9c730cfb-3fd6-428a-a0a4-c061ca5db06c,SLC6A15
12,85467914,85467914,1,snv_mnv,NA,NA,"broad,dkfz,muse,sanger",4,COSN19242435,NA,NA,FALSE,0.2857,NA,16,40,NA,NA,NA,Intron,FALSE,FALSE,FALSE,FALSE,3,2,1,2_1,9c730cfb-3fd6-428a-a0a4-c061ca5db06c,NA
12,85539724,85539724,1,snv_mnv,NA,NA,"broad,dkfz,muse,sanger",4,COSN19242505,NA,HERVL40-int,FALSE,0.625,NA,35,21,NA,NA,NA,Intron,FALSE,FALSE,FALSE,FALSE,3,2,1,2_1,9c730cfb-3fd6-428a-a0a4-c061ca5db06c,NA
12,86677420,86677420,1,snv_mnv,NA,NA,"broad,dkfz,muse,sanger",4,COSN19242500,NA,NA,FALSE,0.5574,NA,34,27,NA,NA,NA,Intron,FALSE,FALSE,FALSE,FALSE,3,2,1,2_1,9c730cfb-3fd6-428a-a0a4-c061ca5db06c,NA
12,88168796,88168796,1,snv_mnv,NA,NA,"broad,dkfz,muse,sanger",4,COSN19242467,NA,L1PA14,FALSE,0.6176,NA,21,13,NA,NA,NA,IGR,FALSE,FALSE,FALSE,FALSE,3,2,1,2_1,9c730cfb-3fd6-428a-a0a4-c061ca5db06c,NA
12,89380870,89380870,1,snv_mnv,NA,NA,"broad,dkfz,muse,sanger",4,COSN19242510,NA,L2a,FALSE,0.2105,NA,8,30,NA,NA,NA,IGR,FALSE,FALSE,FALSE,FALSE,3,2,1,2_1,9c730cfb-3fd6-428a-a0a4-c061ca5db06c,NA
12,90911212,90911212,1,snv_mnv,NA,NA,"broad,dkfz,muse,sanger",4,COSN19242438,NA,NA,FALSE,0.3125,NA,15,33,NA,NA,NA,IGR,FALSE,FALSE,FALSE,FALSE,3,2,1,2_1,9c730cfb-3fd6-428a-a0a4-c061ca5db06c,NA
12,94247977,94247977,1,snv_mnv,NA,NA,"broad,dkfz,muse,sanger",4,COSN19242457,NA,MLT1H2,FALSE,0.4211,NA,16,22,NA,NA,NA,Intron,FALSE,FALSE,FALSE,FALSE,3,2,1,2_1,9c730cfb-3fd6-428a-a0a4-c061ca5db06c,CRADD
12,95407546,95407546,1,snv_mnv,NA,NA,"broad,dkfz,muse,sanger",4,COSN19242472,NA,AluSg,FALSE,0.3409,NA,15,29,NA,NA,NA,IGR,FALSE,FALSE,FALSE,FALSE,3,2,1,2_1,9c730cfb-3fd6-428a-a0a4-c061ca5db06c,NA
12,100126768,100126768,1,snv_mnv,NA,NA,"broad,dkfz,muse,sanger",4,COSN19242465,NA,NA,FALSE,0.6279,NA,27,16,NA,NA,NA,Intron,FALSE,FALSE,TRUE,FALSE,3,2,1,2_1,9c730cfb-3fd6-428a-a0a4-c061ca5db06c,NA
12,103670483,103670483,1,snv_mnv,NA,NA,"broad,dkfz,muse,sanger",4,COSN19242446,NA,MLT1I,FALSE,0.3469,NA,17,32,NA,NA,NA,IGR,FALSE,FALSE,FALSE,FALSE,3,2,1,2_1,9c730cfb-3fd6-428a-a0a4-c061ca5db06c,NA
12,104540024,104540024,1,snv_mnv,NA,NA,"dkfz,sanger",2,COSN19242462,NA,MLT1F2,FALSE,0.6053,NA,23,15,NA,NA,NA,IGR,FALSE,FALSE,FALSE,FALSE,3,2,1,2_1,9c730cfb-3fd6-428a-a0a4-c061ca5db06c,NA
12,105103038,105103038,1,snv_mnv,NA,NA,"broad,dkfz,muse,sanger",4,COSN19242480,NA,NA,FALSE,0.6562,NA,21,11,NA,NA,NA,Intron,FALSE,FALSE,FALSE,FALSE,3,2,1,2_1,9c730cfb-3fd6-428a-a0a4-c061ca5db06c,NA
12,105962901,105962901,1,snv_mnv,NA,NA,"broad,dkfz,muse,sanger",4,COSN19242482,NA,NA,FALSE,0.25,NA,9,27,NA,NA,NA,IGR,FALSE,FALSE,FALSE,FALSE,3,2,1,2_1,9c730cfb-3fd6-428a-a0a4-c061ca5db06c,NA
12,106244082,106244082,1,snv_mnv,NA,NA,"broad,dkfz,muse,sanger",4,COSN19242448,NA,MER117,FALSE,0.2593,NA,14,40,NA,NA,NA,IGR,FALSE,FALSE,TRUE,FALSE,3,2,1,2_1,9c730cfb-3fd6-428a-a0a4-c061ca5db06c,NA
12,106962021,106962021,1,snv_mnv,NA,NA,"broad,dkfz,muse,sanger",4,COSN19242461,NA,MSTB,FALSE,0.3158,NA,12,26,NA,NA,NA,Intron,FALSE,FALSE,FALSE,FALSE,3,2,1,2_1,9c730cfb-3fd6-428a-a0a4-c061ca5db06c,NA
12,107702589,107702589,1,snv_mnv,NA,NA,"broad,dkfz,muse,sanger",4,COSN19242485,NA,NA,FALSE,0.3333,NA,17,34,NA,NA,NA,IGR,FALSE,FALSE,FALSE,FALSE,3,2,1,2_1,9c730cfb-3fd6-428a-a0a4-c061ca5db06c,NA
12,116696180,116696180,1,snv_mnv,NA,NA,"broad,dkfz,muse,sanger",4,COSN19242459,NA,MIRb,FALSE,0.1961,NA,10,41,NA,NA,NA,Intron,FALSE,FALSE,FALSE,FALSE,3,2,1,2_1,9c730cfb-3fd6-428a-a0a4-c061ca5db06c,NA
12,119234566,119234566,1,snv_mnv,NA,NA,"broad,muse,sanger",3,COSN19242514,NA,L1PA8,FALSE,0.2326,NA,10,33,NA,NA,NA,IGR,FALSE,FALSE,FALSE,FALSE,3,2,1,2_1,9c730cfb-3fd6-428a-a0a4-c061ca5db06c,NA
12,119585550,119585550,1,snv_mnv,NA,NA,"broad,dkfz,muse,sanger",4,COSN19242443,NA,NA,FALSE,0.25,NA,12,36,NA,NA,NA,Intron,FALSE,FALSE,FALSE,FALSE,3,2,1,2_1,9c730cfb-3fd6-428a-a0a4-c061ca5db06c,NA
12,121079489,121079489,1,snv_mnv,NA,NA,"broad,dkfz,muse,sanger",4,COSN19242458,NA,NA,FALSE,0.3438,NA,11,21,NA,NA,NA,Intron,FALSE,FALSE,FALSE,FALSE,3,2,1,2_1,9c730cfb-3fd6-428a-a0a4-c061ca5db06c,AC125616.1
12,121668423,121668423,1,snv_mnv,NA,NA,"broad,dkfz,muse,sanger",4,COSN19242471,NA,NA,FALSE,0.6136,NA,27,17,NA,NA,NA,Intron,FALSE,FALSE,FALSE,FALSE,3,2,1,2_1,9c730cfb-3fd6-428a-a0a4-c061ca5db06c,P2RX4
12,121824074,121824074,1,snv_mnv,NA,NA,"broad,dkfz,muse,sanger",4,COSN19242464,rs539983571,NA,FALSE,0.1277,NA,6,41,NA,NA,NA,IGR,FALSE,FALSE,FALSE,FALSE,3,2,1,2_1,9c730cfb-3fd6-428a-a0a4-c061ca5db06c,NA
12,123424702,123424702,1,snv_mnv,NA,NA,"broad,dkfz,muse,sanger",4,COSM5418811,rs762418423,NA,FALSE,0.2703,NA,10,27,NA,NA,NA,Missense_Mutation,FALSE,FALSE,FALSE,FALSE,3,2,1,2_1,9c730cfb-3fd6-428a-a0a4-c061ca5db06c,ABCB9
12,125578213,125578213,1,snv_mnv,NA,NA,"broad,dkfz,muse,sanger",4,COSN19242490,NA,NA,FALSE,0.5,NA,16,16,NA,NA,NA,Intron,FALSE,FALSE,FALSE,FALSE,3,2,1,2_1,9c730cfb-3fd6-428a-a0a4-c061ca5db06c,NA
12,127146802,127146802,1,snv_mnv,NA,NA,"broad,dkfz,muse,sanger",4,COSN19242491,NA,MLT2B3,FALSE,0.65,NA,39,21,NA,NA,NA,lincRNA,FALSE,FALSE,FALSE,FALSE,3,2,1,2_1,9c730cfb-3fd6-428a-a0a4-c061ca5db06c,AC006065.4
12,127439294,127439294,1,snv_mnv,NA,NA,"broad,dkfz,muse,sanger",4,COSN19242476,NA,MLT1A0,FALSE,0.1613,NA,10,52,NA,NA,NA,lincRNA,FALSE,FALSE,TRUE,FALSE,3,2,1,2_1,9c730cfb-3fd6-428a-a0a4-c061ca5db06c,NA
12,128801605,128801605,1,snv_mnv,NA,NA,"broad,dkfz,muse,sanger",4,COSN19242451,NA,NA,FALSE,0.58,NA,29,21,NA,NA,NA,Intron,FALSE,FALSE,TRUE,FALSE,3,2,1,2_1,9c730cfb-3fd6-428a-a0a4-c061ca5db06c,NA
12,128917655,128917655,1,snv_mnv,NA,NA,"broad,dkfz,muse,sanger",4,COSN19242477,NA,Tigger1,FALSE,0.2821,NA,11,28,NA,NA,NA,Intron,FALSE,FALSE,FALSE,FALSE,3,2,1,2_1,9c730cfb-3fd6-428a-a0a4-c061ca5db06c,AC090424.1
12,129206027,129206027,1,snv_mnv,NA,NA,"broad,dkfz,muse,sanger",4,COSN19242486,NA,AluSq2,FALSE,0.1765,NA,6,28,NA,NA,NA,IGR,FALSE,FALSE,FALSE,FALSE,3,2,1,2_1,9c730cfb-3fd6-428a-a0a4-c061ca5db06c,NA
12,130167430,130167430,1,snv_mnv,NA,NA,"broad,dkfz,muse",3,COSN19242498,NA,NA,FALSE,0.4286,NA,6,8,NA,NA,NA,Intron,FALSE,FALSE,FALSE,FALSE,3,2,1,2_1,9c730cfb-3fd6-428a-a0a4-c061ca5db06c,NA
12,130537642,130537642,1,snv_mnv,NA,NA,"broad,dkfz,muse,sanger",4,COSN19242511,NA,AluSx1,FALSE,0.4286,NA,9,12,NA,NA,NA,IGR,FALSE,FALSE,FALSE,FALSE,3,2,1,2_1,9c730cfb-3fd6-428a-a0a4-c061ca5db06c,AC135388.1
13,19611997,19611997,1,snv_mnv,NA,NA,"broad,dkfz,muse,sanger",4,COSN19242061,NA,NA,FALSE,0.3529,NA,12,22,NA,NA,NA,IGR,FALSE,FALSE,FALSE,FALSE,2,1,1,1_1,9c730cfb-3fd6-428a-a0a4-c061ca5db06c,NA
13,22252891,22252891,1,snv_mnv,NA,NA,"broad,dkfz,muse,sanger",4,COSN19242118,NA,NA,FALSE,0.5641,NA,22,17,NA,NA,NA,Intron,FALSE,FALSE,FALSE,FALSE,2,1,1,1_1,9c730cfb-3fd6-428a-a0a4-c061ca5db06c,FGF9
13,22298728,22298728,1,snv_mnv,NA,NA,"broad,dkfz,muse,sanger",4,COSN19242076,NA,MIRb,FALSE,0.55,NA,11,9,NA,NA,NA,IGR,FALSE,FALSE,FALSE,FALSE,2,1,1,1_1,9c730cfb-3fd6-428a-a0a4-c061ca5db06c,NA
13,23561161,23561161,1,snv_mnv,NA,NA,"broad,dkfz,muse,sanger",4,COSN19242079,NA,LTR26E,FALSE,0.4783,NA,11,12,NA,NA,NA,IGR,FALSE,FALSE,FALSE,FALSE,2,1,1,1_1,9c730cfb-3fd6-428a-a0a4-c061ca5db06c,NA
13,23625955,23625955,1,snv_mnv,1.9968e-4,rs553573478,"broad,dkfz,muse,sanger",4,COSN19242067,rs553573478,NA,FALSE,0.425,NA,17,23,NA,NA,NA,IGR,FALSE,FALSE,FALSE,FALSE,2,1,1,1_1,9c730cfb-3fd6-428a-a0a4-c061ca5db06c,NA
13,25016479,25016479,1,snv_mnv,NA,NA,"broad,muse,sanger",3,COSN19242073,NA,MamRep4096,FALSE,0.3043,NA,14,32,NA,NA,NA,Intron,FALSE,FALSE,FALSE,FALSE,2,1,1,1_1,9c730cfb-3fd6-428a-a0a4-c061ca5db06c,NA
13,27036302,27036302,1,snv_mnv,NA,NA,"broad,dkfz,muse,sanger",4,COSN19242065,NA,NA,FALSE,0.4545,NA,15,18,NA,NA,NA,IGR,FALSE,FALSE,FALSE,FALSE,2,1,1,1_1,9c730cfb-3fd6-428a-a0a4-c061ca5db06c,NA
13,27420619,27420619,1,snv_mnv,NA,NA,"broad,dkfz,muse,sanger",4,COSN19242062,NA,L1M4c,FALSE,0.3548,NA,11,20,NA,NA,NA,IGR,FALSE,FALSE,TRUE,FALSE,2,1,1,1_1,9c730cfb-3fd6-428a-a0a4-c061ca5db06c,NA
13,28823783,28823783,1,snv_mnv,NA,NA,"broad,dkfz,muse,sanger",4,COSN19242082,NA,AluSx1,FALSE,0.4615,NA,18,21,NA,NA,NA,Intron,FALSE,FALSE,FALSE,FALSE,2,1,1,1_1,9c730cfb-3fd6-428a-a0a4-c061ca5db06c,NA
13,30671495,30671495,1,snv_mnv,NA,NA,"broad,dkfz,muse,sanger",4,COSN19242055,NA,NA,FALSE,0.4194,NA,13,18,NA,NA,NA,IGR,FALSE,FALSE,FALSE,FALSE,2,1,1,1_1,9c730cfb-3fd6-428a-a0a4-c061ca5db06c,NA
13,31780498,31780498,1,snv_mnv,NA,NA,"broad,dkfz,muse,sanger",4,COSN19242058,NA,NA,FALSE,0.3571,NA,10,18,NA,NA,NA,Intron,FALSE,FALSE,FALSE,FALSE,2,1,1,1_1,9c730cfb-3fd6-428a-a0a4-c061ca5db06c,NA
13,32035675,32035675,1,snv_mnv,NA,NA,"broad,dkfz,muse,sanger",4,COSN19242100,NA,AluY,FALSE,0.5862,NA,17,12,NA,NA,NA,IGR,FALSE,FALSE,FALSE,FALSE,2,1,1,1_1,9c730cfb-3fd6-428a-a0a4-c061ca5db06c,NA
13,34539392,34539392,1,snv_mnv,NA,NA,"broad,dkfz,muse,sanger",4,COSN19242078,NA,MIR,FALSE,0.5294,NA,18,16,NA,NA,NA,Intron,FALSE,FALSE,FALSE,FALSE,2,1,1,1_1,9c730cfb-3fd6-428a-a0a4-c061ca5db06c,NA
13,35353596,35353596,1,snv_mnv,NA,NA,"broad,muse,sanger",3,COSN19242077,NA,LTR73,FALSE,0.1714,NA,6,29,NA,NA,NA,IGR,FALSE,FALSE,TRUE,FALSE,2,1,1,1_1,9c730cfb-3fd6-428a-a0a4-c061ca5db06c,NA
13,35518938,35518938,1,snv_mnv,NA,NA,"broad,dkfz,muse,sanger",4,COSN19242110,NA,NA,FALSE,0.3333,NA,12,24,NA,NA,NA,Intron,FALSE,FALSE,FALSE,FALSE,2,1,1,1_1,9c730cfb-3fd6-428a-a0a4-c061ca5db06c,NA
13,35781606,35781606,1,snv_mnv,NA,NA,"broad,dkfz,muse,sanger",4,COSN19242099,NA,NA,FALSE,0.3438,NA,11,21,NA,NA,NA,Intron,FALSE,FALSE,FALSE,FALSE,2,1,1,1_1,9c730cfb-3fd6-428a-a0a4-c061ca5db06c,NA
13,37296266,37296266,1,snv_mnv,NA,NA,"broad,dkfz,muse,sanger",4,COSN19241477,NA,AluSx,FALSE,0.4054,NA,15,22,NA,NA,NA,IGR,FALSE,FALSE,FALSE,FALSE,2,1,1,1_1,9c730cfb-3fd6-428a-a0a4-c061ca5db06c,NA
13,38765722,38765722,1,snv_mnv,NA,NA,"broad,dkfz,muse,sanger",4,COSN19242101,NA,AluSz,FALSE,0.5312,NA,17,15,NA,NA,NA,IGR,FALSE,FALSE,FALSE,FALSE,2,1,1,1_1,9c730cfb-3fd6-428a-a0a4-c061ca5db06c,NA
13,43784020,43784020,1,snv_mnv,NA,NA,"broad,dkfz,muse,sanger",4,COSN19242107,NA,NA,FALSE,0.5,NA,18,18,NA,NA,NA,IGR,FALSE,FALSE,FALSE,FALSE,2,1,1,1_1,9c730cfb-3fd6-428a-a0a4-c061ca5db06c,ENOX1
13,53776484,53776484,1,snv_mnv,NA,NA,"broad,dkfz,muse,sanger",4,COSN19242054,NA,NA,FALSE,0.5455,NA,12,10,NA,NA,NA,IGR,FALSE,FALSE,FALSE,FALSE,2,1,1,1_1,9c730cfb-3fd6-428a-a0a4-c061ca5db06c,"AL136359.1,PCDH8P1"
13,54787848,54787848,1,snv_mnv,NA,NA,"broad,dkfz,muse,sanger",4,COSN19242119,NA,NA,FALSE,0.3571,NA,10,18,NA,NA,NA,IGR,FALSE,FALSE,FALSE,FALSE,2,1,1,1_1,9c730cfb-3fd6-428a-a0a4-c061ca5db06c,NA
13,55596053,55596053,1,snv_mnv,NA,NA,"broad,dkfz,muse,sanger",4,COSN19242060,NA,NA,FALSE,0.2703,NA,10,27,NA,NA,NA,IGR,FALSE,FALSE,FALSE,FALSE,2,1,1,1_1,9c730cfb-3fd6-428a-a0a4-c061ca5db06c,NA
13,55984139,55984139,1,snv_mnv,NA,NA,"broad,dkfz,muse,sanger",4,COSN19242120,NA,L1PBa,FALSE,0.3846,NA,10,16,NA,NA,NA,IGR,FALSE,FALSE,FALSE,FALSE,2,1,1,1_1,9c730cfb-3fd6-428a-a0a4-c061ca5db06c,NA
13,56805260,56805260,1,snv_mnv,NA,NA,"broad,dkfz,muse,sanger",4,COSN19242090,NA,L1MEg2,FALSE,0.4375,NA,14,18,NA,NA,NA,IGR,FALSE,FALSE,FALSE,FALSE,2,1,1,1_1,9c730cfb-3fd6-428a-a0a4-c061ca5db06c,NA
13,56860200,56860200,1,snv_mnv,NA,NA,"broad,dkfz,muse,sanger",4,COSN19242066,NA,L1PA15,FALSE,0.4324,NA,16,21,NA,NA,NA,IGR,FALSE,FALSE,FALSE,FALSE,2,1,1,1_1,9c730cfb-3fd6-428a-a0a4-c061ca5db06c,NA
13,58577518,58577518,1,snv_mnv,NA,NA,"broad,dkfz,muse,sanger",4,COSN19242068,NA,L4,FALSE,0.3611,NA,13,23,NA,NA,NA,IGR,FALSE,FALSE,FALSE,FALSE,2,1,1,1_1,9c730cfb-3fd6-428a-a0a4-c061ca5db06c,NA
13,59105981,59105981,1,snv_mnv,NA,NA,"broad,muse,sanger",3,COSN19242059,NA,MER74A,FALSE,0.32,NA,8,17,NA,NA,NA,IGR,FALSE,FALSE,FALSE,FALSE,2,1,1,1_1,9c730cfb-3fd6-428a-a0a4-c061ca5db06c,"RNY4P29,CTAGE16P"
13,62260255,62260255,1,snv_mnv,NA,NA,"broad,dkfz,muse,sanger",4,COSN19242057,NA,L1MA6,FALSE,0.3235,NA,11,23,NA,NA,NA,IGR,FALSE,FALSE,TRUE,FALSE,2,1,1,1_1,9c730cfb-3fd6-428a-a0a4-c061ca5db06c,NA
13,62656455,62656455,1,snv_mnv,NA,NA,"broad,dkfz,muse,sanger",4,COSN19242108,NA,NA,FALSE,0.4,NA,16,24,NA,NA,NA,IGR,FALSE,FALSE,FALSE,FALSE,2,1,1,1_1,9c730cfb-3fd6-428a-a0a4-c061ca5db06c,NA
13,63435976,63435976,1,snv_mnv,NA,NA,"broad,dkfz,muse,sanger",4,COSN19242075,NA,ERVL-E-int,FALSE,0.3488,NA,15,28,NA,NA,NA,IGR,FALSE,FALSE,FALSE,FALSE,2,1,1,1_1,9c730cfb-3fd6-428a-a0a4-c061ca5db06c,NA
13,63680919,63680919,1,snv_mnv,NA,NA,"broad,dkfz,muse,sanger",4,COSN19242053,NA,NA,FALSE,0.25,NA,9,27,NA,NA,NA,IGR,FALSE,FALSE,FALSE,FALSE,2,1,1,1_1,9c730cfb-3fd6-428a-a0a4-c061ca5db06c,NA
13,65373546,65373546,1,snv_mnv,NA,NA,"broad,dkfz,muse,sanger",4,COSN19242063,NA,NA,FALSE,0.4878,NA,20,21,NA,NA,NA,IGR,FALSE,FALSE,FALSE,FALSE,2,1,1,1_1,9c730cfb-3fd6-428a-a0a4-c061ca5db06c,NA
13,65414852,65414852,1,snv_mnv,NA,NA,"broad,dkfz,muse,sanger",4,COSN19242103,NA,Tigger1,FALSE,0.4412,NA,15,19,NA,NA,NA,IGR,FALSE,FALSE,FALSE,FALSE,2,1,1,1_1,9c730cfb-3fd6-428a-a0a4-c061ca5db06c,NA
13,67771085,67771085,1,snv_mnv,NA,NA,"broad,dkfz,muse,sanger",4,COSN19242069,NA,NA,FALSE,0.3571,NA,15,27,NA,NA,NA,Intron,FALSE,FALSE,FALSE,FALSE,2,1,1,1_1,9c730cfb-3fd6-428a-a0a4-c061ca5db06c,PCDH9
13,67810590,67810590,1,snv_mnv,NA,NA,"broad,dkfz,muse,sanger",4,COSN19242087,NA,NA,FALSE,0.4286,NA,12,16,NA,NA,NA,IGR,FALSE,FALSE,FALSE,FALSE,2,1,1,1_1,9c730cfb-3fd6-428a-a0a4-c061ca5db06c,NA
13,68143693,68143693,1,snv_mnv,NA,NA,"broad,dkfz,muse,sanger",4,COSN19242095,NA,ERVL-E-int,FALSE,0.2963,NA,8,19,NA,NA,NA,IGR,FALSE,FALSE,FALSE,FALSE,2,1,1,1_1,9c730cfb-3fd6-428a-a0a4-c061ca5db06c,NA
13,68196176,68196176,1,snv_mnv,NA,NA,"broad,dkfz,muse,sanger",4,COSN19242046,NA,NA,FALSE,0.3333,NA,9,18,NA,NA,NA,IGR,FALSE,FALSE,FALSE,FALSE,2,1,1,1_1,9c730cfb-3fd6-428a-a0a4-c061ca5db06c,NA
13,68609372,68609372,1,snv_mnv,NA,NA,"broad,dkfz,muse,sanger",4,COSN19242048,NA,MLT1C-int,FALSE,0.6061,NA,20,13,NA,NA,NA,IGR,FALSE,FALSE,FALSE,FALSE,2,1,1,1_1,9c730cfb-3fd6-428a-a0a4-c061ca5db06c,NA
13,70523368,70523368,1,snv_mnv,NA,NA,"broad,dkfz,muse,sanger",4,COSN19242071,NA,L1MC3,FALSE,0.3902,NA,16,25,NA,NA,NA,Intron,FALSE,FALSE,FALSE,FALSE,2,1,1,1_1,9c730cfb-3fd6-428a-a0a4-c061ca5db06c,NA
13,71055410,71055410,1,snv_mnv,NA,NA,"broad,muse,sanger",3,COSN19242052,NA,L1PA14,FALSE,0.1667,NA,5,25,NA,NA,NA,IGR,FALSE,FALSE,FALSE,FALSE,2,1,1,1_1,9c730cfb-3fd6-428a-a0a4-c061ca5db06c,NA
13,71357996,71357996,1,snv_mnv,NA,NA,"broad,dkfz,muse,sanger",4,COSN19242080,NA,NA,FALSE,0.4857,NA,17,18,NA,NA,NA,IGR,FALSE,FALSE,FALSE,FALSE,2,1,1,1_1,9c730cfb-3fd6-428a-a0a4-c061ca5db06c,NA
13,71915829,71915829,1,snv_mnv,NA,NA,"broad,dkfz,muse,sanger",4,COSN19242094,NA,L1M4,FALSE,0.5,NA,15,15,NA,NA,NA,IGR,FALSE,FALSE,FALSE,FALSE,2,1,1,1_1,9c730cfb-3fd6-428a-a0a4-c061ca5db06c,NA
13,72507230,72507230,1,snv_mnv,NA,NA,"dkfz,sanger",2,COSN19242083,NA,L2c,FALSE,0.4062,NA,13,19,NA,NA,NA,IGR,FALSE,FALSE,FALSE,FALSE,2,1,1,1_1,9c730cfb-3fd6-428a-a0a4-c061ca5db06c,NA
13,74036475,74036475,1,snv_mnv,NA,NA,"broad,dkfz,muse,sanger",4,COSN19242085,NA,MER103C,FALSE,0.2609,NA,12,34,NA,NA,NA,IGR,FALSE,FALSE,FALSE,FALSE,2,1,1,1_1,9c730cfb-3fd6-428a-a0a4-c061ca5db06c,NA
13,75769180,75769180,1,snv_mnv,NA,NA,"broad,dkfz,muse,sanger",4,COSN19242102,NA,NA,FALSE,0.4318,NA,19,25,NA,NA,NA,IGR,FALSE,FALSE,FALSE,FALSE,2,1,1,1_1,9c730cfb-3fd6-428a-a0a4-c061ca5db06c,NA
13,79965548,79965548,1,snv_mnv,NA,NA,"broad,dkfz,muse,sanger",4,COSN19242056,NA,L1M5,FALSE,0.375,NA,12,20,NA,NA,NA,Intron,FALSE,FALSE,FALSE,FALSE,2,1,1,1_1,9c730cfb-3fd6-428a-a0a4-c061ca5db06c,RNA5SP33
13,80165788,80165788,1,snv_mnv,NA,NA,"broad,dkfz,muse,sanger",4,COSN19242088,NA,L1MEg,FALSE,0.5278,NA,19,17,NA,NA,NA,IGR,FALSE,FALSE,FALSE,FALSE,2,1,1,1_1,9c730cfb-3fd6-428a-a0a4-c061ca5db06c,NA
13,82126483,82126483,1,snv_mnv,NA,NA,"broad,dkfz,muse,sanger",4,COSN19242113,NA,L1MB4,FALSE,0.3429,NA,12,23,NA,NA,NA,IGR,FALSE,FALSE,TRUE,FALSE,2,1,1,1_1,9c730cfb-3fd6-428a-a0a4-c061ca5db06c,NA
13,82652380,82652380,1,snv_mnv,NA,NA,"broad,dkfz,muse,sanger",4,COSN19242109,NA,NA,FALSE,0.4318,NA,19,25,NA,NA,NA,IGR,FALSE,FALSE,FALSE,FALSE,2,1,1,1_1,9c730cfb-3fd6-428a-a0a4-c061ca5db06c,NA
13,83510111,83510111,1,snv_mnv,NA,NA,"broad,dkfz,muse,sanger",4,COSN19242115,NA,NA,FALSE,0.4667,NA,14,16,NA,NA,NA,IGR,FALSE,FALSE,FALSE,FALSE,2,1,1,1_1,9c730cfb-3fd6-428a-a0a4-c061ca5db06c,NA
13,83511385,83511385,1,snv_mnv,NA,NA,"dkfz,muse,sanger",3,COSN19242105,NA,NA,FALSE,0.4,NA,14,21,NA,NA,NA,IGR,FALSE,FALSE,TRUE,FALSE,2,1,1,1_1,9c730cfb-3fd6-428a-a0a4-c061ca5db06c,NA
13,84572452,84572452,1,snv_mnv,NA,NA,"broad,dkfz,muse,sanger",4,COSN19242070,NA,MER61-int,FALSE,0.375,NA,15,25,NA,NA,NA,IGR,FALSE,FALSE,FALSE,FALSE,2,1,1,1_1,9c730cfb-3fd6-428a-a0a4-c061ca5db06c,NA
13,86396031,86396031,1,snv_mnv,NA,NA,"broad,dkfz,muse,sanger",4,COSN19242072,NA,LTR78,FALSE,0.4722,NA,17,19,NA,NA,NA,IGR,FALSE,FALSE,FALSE,FALSE,2,1,1,1_1,9c730cfb-3fd6-428a-a0a4-c061ca5db06c,NA
13,87315736,87315736,1,snv_mnv,NA,NA,"broad,dkfz,muse,sanger",4,COSN19241475,NA,MSTA-int,FALSE,0.5,NA,10,10,NA,NA,NA,IGR,FALSE,FALSE,FALSE,FALSE,2,1,1,1_1,9c730cfb-3fd6-428a-a0a4-c061ca5db06c,NA
13,88080476,88080476,1,snv_mnv,NA,NA,"broad,dkfz,muse,sanger",4,COSN19242081,NA,NA,FALSE,0.4773,NA,21,23,NA,NA,NA,lincRNA,FALSE,FALSE,FALSE,FALSE,2,1,1,1_1,9c730cfb-3fd6-428a-a0a4-c061ca5db06c,NA
13,89539749,89539749,1,snv_mnv,NA,NA,"broad,dkfz,muse,sanger",4,COSN19242050,NA,LTR28,FALSE,0.5172,NA,15,14,NA,NA,NA,IGR,FALSE,FALSE,FALSE,FALSE,2,1,1,1_1,9c730cfb-3fd6-428a-a0a4-c061ca5db06c,NA
13,89998774,89998774,1,snv_mnv,NA,NA,"broad,dkfz,muse,sanger",4,COSN19242093,NA,L1MEf,FALSE,0.2708,NA,13,35,NA,NA,NA,IGR,FALSE,FALSE,FALSE,FALSE,2,1,1,1_1,9c730cfb-3fd6-428a-a0a4-c061ca5db06c,NA
13,91081979,91081979,1,snv_mnv,NA,NA,"broad,dkfz,muse,sanger",4,COSN19242121,NA,L1MCb,FALSE,0.525,NA,21,19,NA,NA,NA,IGR,FALSE,FALSE,FALSE,FALSE,2,1,1,1_1,9c730cfb-3fd6-428a-a0a4-c061ca5db06c,NA
13,91259063,91259063,1,snv_mnv,NA,NA,"broad,dkfz,muse,sanger",4,COSN19242111,NA,L1M5,FALSE,0.4571,NA,16,19,NA,NA,NA,IGR,FALSE,FALSE,FALSE,FALSE,2,1,1,1_1,9c730cfb-3fd6-428a-a0a4-c061ca5db06c,NA
13,92574441,92574441,1,snv_mnv,NA,NA,"broad,dkfz,muse,sanger",4,COSN19242117,NA,HAL1,FALSE,0.2,NA,6,24,NA,NA,NA,Intron,FALSE,FALSE,FALSE,FALSE,2,1,1,1_1,9c730cfb-3fd6-428a-a0a4-c061ca5db06c,NA
13,93618570,93618570,1,snv_mnv,NA,NA,"broad,dkfz,muse,sanger",4,COSN19242116,NA,NA,FALSE,0.4828,NA,14,15,NA,NA,NA,IGR,FALSE,FALSE,FALSE,FALSE,2,1,1,1_1,9c730cfb-3fd6-428a-a0a4-c061ca5db06c,NA
13,93730338,93730338,1,snv_mnv,NA,NA,"broad,dkfz,muse,sanger",4,COSN19242086,NA,NA,FALSE,0.3438,NA,11,21,NA,NA,NA,IGR,FALSE,FALSE,FALSE,FALSE,2,1,1,1_1,9c730cfb-3fd6-428a-a0a4-c061ca5db06c,NA
13,94309452,94309452,1,snv_mnv,NA,NA,"broad,dkfz,muse,sanger",4,COSN19242092,rs777632159,L1PREC2,FALSE,0.5,NA,19,19,NA,NA,NA,Intron,FALSE,FALSE,FALSE,FALSE,2,1,1,1_1,9c730cfb-3fd6-428a-a0a4-c061ca5db06c,NA
13,94347799,94347799,1,snv_mnv,NA,NA,"broad,dkfz,muse,sanger",4,COSN19242097,NA,NA,FALSE,0.5312,NA,17,15,NA,NA,NA,Intron,FALSE,FALSE,FALSE,FALSE,2,1,1,1_1,9c730cfb-3fd6-428a-a0a4-c061ca5db06c,NA
13,96368470,96368470,1,snv_mnv,NA,NA,"broad,dkfz,muse,sanger",4,COSN19242051,NA,LTR1,FALSE,0.5,NA,14,14,NA,NA,NA,Intron,FALSE,FALSE,TRUE,FALSE,2,1,1,1_1,9c730cfb-3fd6-428a-a0a4-c061ca5db06c,NA
13,101038093,101038093,1,snv_mnv,NA,NA,"broad,dkfz,muse,sanger",4,COSN19242106,NA,AluJb,FALSE,0.4375,NA,14,18,NA,NA,NA,Intron,FALSE,FALSE,FALSE,FALSE,2,1,1,1_1,9c730cfb-3fd6-428a-a0a4-c061ca5db06c,NA
13,103647933,103647933,1,snv_mnv,NA,NA,"broad,dkfz,muse,sanger",4,COSN19242047,NA,MSTA-int,FALSE,0.5862,NA,17,12,NA,NA,NA,IGR,FALSE,FALSE,FALSE,FALSE,2,1,1,1_1,9c730cfb-3fd6-428a-a0a4-c061ca5db06c,NA
13,104470867,104470867,1,snv_mnv,NA,NA,"broad,dkfz,muse,sanger",4,COSN19242064,NA,ERVL-E-int,FALSE,0.5854,NA,24,17,NA,NA,NA,IGR,FALSE,FALSE,FALSE,FALSE,2,1,1,1_1,9c730cfb-3fd6-428a-a0a4-c061ca5db06c,NA
13,104986431,104986431,1,snv_mnv,1.9968e-4,rs138172986,"broad,dkfz,muse,sanger",4,COSN7391100,rs138172986,THE1D,FALSE,0.6667,NA,14,7,NA,NA,NA,IGR,FALSE,FALSE,FALSE,FALSE,2,1,1,1_1,9c730cfb-3fd6-428a-a0a4-c061ca5db06c,NA
13,107656136,107656136,1,snv_mnv,NA,NA,"broad,dkfz,muse,sanger",4,COSN19242104,NA,NA,FALSE,0.2727,NA,6,16,NA,NA,NA,IGR,FALSE,FALSE,FALSE,FALSE,2,1,1,1_1,9c730cfb-3fd6-428a-a0a4-c061ca5db06c,NA
13,107809969,107809969,1,snv_mnv,NA,NA,"broad,dkfz,muse,sanger",4,COSN19242084,NA,NA,FALSE,0.4146,NA,17,24,NA,NA,NA,IGR,FALSE,FALSE,FALSE,FALSE,2,1,1,1_1,9c730cfb-3fd6-428a-a0a4-c061ca5db06c,NA
13,107924450,107924450,1,snv_mnv,NA,NA,"broad,dkfz,muse,sanger",4,COSN19242049,NA,NA,FALSE,0.5806,NA,18,13,NA,NA,NA,Intron,FALSE,FALSE,TRUE,FALSE,2,1,1,1_1,9c730cfb-3fd6-428a-a0a4-c061ca5db06c,NA
13,108524791,108524791,1,snv_mnv,NA,NA,"broad,dkfz,muse,sanger",4,COSN19242089,NA,NA,FALSE,0.4,NA,14,21,NA,NA,NA,IGR,FALSE,FALSE,FALSE,FALSE,2,1,1,1_1,9c730cfb-3fd6-428a-a0a4-c061ca5db06c,NA
13,109829893,109829893,1,snv_mnv,NA,NA,"broad,dkfz,muse,sanger",4,COSN19242098,NA,AluSx,FALSE,0.36,NA,9,16,NA,NA,NA,Intron,FALSE,FALSE,FALSE,FALSE,2,1,1,1_1,9c730cfb-3fd6-428a-a0a4-c061ca5db06c,NA
13,113646970,113646970,1,snv_mnv,NA,NA,"broad,dkfz,muse,sanger",4,COSN19242114,NA,NA,FALSE,0.4583,NA,22,26,NA,NA,NA,Intron,FALSE,FALSE,FALSE,FALSE,2,1,1,1_1,9c730cfb-3fd6-428a-a0a4-c061ca5db06c,NA
14,28846156,28846156,1,snv_mnv,1.9968e-4,rs191547104,"broad,dkfz,muse,sanger",4,COSN19242581,rs191547104,L1MA4,FALSE,0.4103,NA,16,23,NA,NA,NA,lincRNA,FALSE,FALSE,FALSE,FALSE,2,1,1,1_1,9c730cfb-3fd6-428a-a0a4-c061ca5db06c,NA
14,29242381,29242381,1,snv_mnv,NA,NA,"broad,dkfz,muse,sanger",4,COSN19242599,NA,NA,FALSE,0.4231,NA,11,15,NA,NA,NA,Intron,FALSE,FALSE,FALSE,FALSE,2,1,1,1_1,9c730cfb-3fd6-428a-a0a4-c061ca5db06c,FOXG1
14,30507981,30507981,1,snv_mnv,NA,NA,"broad,dkfz,muse,sanger",4,COSN19242575,NA,L3,FALSE,0.325,NA,13,27,NA,NA,NA,IGR,FALSE,FALSE,FALSE,FALSE,2,1,1,1_1,9c730cfb-3fd6-428a-a0a4-c061ca5db06c,NA
14,34535580,34535580,1,snv_mnv,NA,NA,"broad,dkfz,muse,sanger",4,COSN19242568,NA,L1MC3,FALSE,0.3659,NA,15,26,NA,NA,NA,IGR,FALSE,FALSE,FALSE,FALSE,2,1,1,1_1,9c730cfb-3fd6-428a-a0a4-c061ca5db06c,NA
14,41883938,41883938,1,snv_mnv,NA,NA,"dkfz,sanger",2,COSN19242552,NA,NA,FALSE,0.2778,NA,10,26,NA,NA,NA,IGR,FALSE,FALSE,FALSE,FALSE,2,1,1,1_1,9c730cfb-3fd6-428a-a0a4-c061ca5db06c,NA
14,43539237,43539237,1,snv_mnv,NA,NA,"broad,dkfz,muse,sanger",4,COSN19242564,NA,L1MEc,FALSE,0.4615,NA,18,21,NA,NA,NA,IGR,FALSE,FALSE,FALSE,FALSE,2,1,1,1_1,9c730cfb-3fd6-428a-a0a4-c061ca5db06c,NA
14,43583348,43583348,1,snv_mnv,NA,NA,"broad,dkfz,muse,sanger",4,COSN19242598,NA,L1M4,FALSE,0.3077,NA,12,27,NA,NA,NA,IGR,FALSE,FALSE,FALSE,FALSE,2,1,1,1_1,9c730cfb-3fd6-428a-a0a4-c061ca5db06c,NA
14,44204630,44204630,1,snv_mnv,NA,NA,"broad,dkfz,muse,sanger",4,COSN19242579,NA,NA,FALSE,0.4242,NA,14,19,NA,NA,NA,IGR,FALSE,FALSE,FALSE,FALSE,2,1,1,1_1,9c730cfb-3fd6-428a-a0a4-c061ca5db06c,NA
14,45263067,45263067,1,snv_mnv,NA,NA,"broad,dkfz,muse,sanger",4,COSN19242595,NA,NA,FALSE,0.4444,NA,16,20,NA,NA,NA,IGR,FALSE,FALSE,FALSE,FALSE,2,1,1,1_1,9c730cfb-3fd6-428a-a0a4-c061ca5db06c,NA
14,46297274,46297274,1,snv_mnv,NA,NA,"broad,dkfz,muse,sanger",4,COSN19242594,NA,SATR1,FALSE,0.4138,NA,12,17,NA,NA,NA,IGR,FALSE,FALSE,FALSE,FALSE,2,1,1,1_1,9c730cfb-3fd6-428a-a0a4-c061ca5db06c,NA
14,47672707,47672707,1,snv_mnv,NA,NA,"broad,dkfz,muse,sanger",4,COSN19242569,NA,NA,FALSE,0.3514,NA,13,24,NA,NA,NA,Intron,FALSE,FALSE,FALSE,FALSE,2,1,1,1_1,9c730cfb-3fd6-428a-a0a4-c061ca5db06c,RPL13AP2
14,49311950,49311950,1,snv_mnv,NA,NA,"broad,dkfz,muse,sanger",4,COSN19242593,NA,L2a,FALSE,0.3077,NA,8,18,NA,NA,NA,IGR,FALSE,FALSE,FALSE,FALSE,2,1,1,1_1,9c730cfb-3fd6-428a-a0a4-c061ca5db06c,NA
14,51750038,51750038,1,snv_mnv,NA,NA,"broad,dkfz,muse,sanger",4,COSN19242576,NA,NA,FALSE,0.5116,NA,22,21,NA,NA,NA,IGR,FALSE,FALSE,FALSE,FALSE,2,1,1,1_1,9c730cfb-3fd6-428a-a0a4-c061ca5db06c,NA
14,54767199,54767199,1,snv_mnv,NA,NA,"broad,dkfz,muse,sanger",4,COSN19242600,NA,NA,FALSE,0.4146,NA,17,24,NA,NA,NA,IGR,FALSE,FALSE,FALSE,FALSE,2,1,1,1_1,9c730cfb-3fd6-428a-a0a4-c061ca5db06c,NA
14,57194923,57194923,1,snv_mnv,NA,NA,"broad,dkfz,muse,sanger",4,COSN19242556,NA,NA,FALSE,0.5278,NA,19,17,NA,NA,NA,Intron,FALSE,FALSE,FALSE,FALSE,2,1,1,1_1,9c730cfb-3fd6-428a-a0a4-c061ca5db06c,NA
14,59209431,59209431,1,snv_mnv,NA,NA,"broad,dkfz,muse,sanger",4,COSN19242601,NA,LTR50,FALSE,0.5405,NA,20,17,NA,NA,NA,IGR,FALSE,FALSE,FALSE,FALSE,2,1,1,1_1,9c730cfb-3fd6-428a-a0a4-c061ca5db06c,NA
14,60935886,60935886,1,snv_mnv,NA,NA,"broad,dkfz,muse,sanger",4,COSN19242589,NA,NA,FALSE,0.3421,NA,13,25,NA,NA,NA,Intron,FALSE,FALSE,FALSE,FALSE,2,1,1,1_1,9c730cfb-3fd6-428a-a0a4-c061ca5db06c,C14orf39
14,61845925,61845925,1,snv_mnv,NA,NA,"broad,dkfz,muse,sanger",4,COSN19242585,NA,NA,FALSE,0.3333,NA,11,22,NA,NA,NA,Intron,FALSE,FALSE,FALSE,FALSE,2,1,1,1_1,9c730cfb-3fd6-428a-a0a4-c061ca5db06c,NA
14,63412534,63412534,1,snv_mnv,NA,NA,"broad,dkfz,muse,sanger",4,COSN19242577,NA,L2a,FALSE,0.3333,NA,10,20,NA,NA,NA,Intron,FALSE,FALSE,TRUE,FALSE,2,1,1,1_1,9c730cfb-3fd6-428a-a0a4-c061ca5db06c,KCNH5
14,63801277,63801277,1,snv_mnv,NA,NA,"broad,dkfz,muse,sanger",4,COSN19242582,NA,L1PB1,FALSE,0.4138,NA,12,17,NA,NA,NA,IGR,FALSE,FALSE,FALSE,FALSE,2,1,1,1_1,9c730cfb-3fd6-428a-a0a4-c061ca5db06c,NA
14,65643062,65643062,1,snv_mnv,NA,NA,"broad,dkfz,muse,sanger",4,COSN19242584,NA,AluY,FALSE,0.5556,NA,10,8,NA,NA,NA,IGR,FALSE,FALSE,FALSE,FALSE,2,1,1,1_1,9c730cfb-3fd6-428a-a0a4-c061ca5db06c,NA
14,67521355,67521355,1,snv_mnv,NA,NA,"broad,dkfz,muse,sanger",4,COSN19242596,NA,L1PA10,FALSE,0.3333,NA,9,18,NA,NA,NA,Intron,FALSE,FALSE,FALSE,FALSE,2,1,1,1_1,9c730cfb-3fd6-428a-a0a4-c061ca5db06c,GPHN
14,72074654,72074654,1,snv_mnv,NA,NA,"broad,dkfz,muse,sanger",4,COSN19242566,NA,NA,FALSE,0.5405,NA,20,17,NA,NA,NA,Intron,FALSE,FALSE,FALSE,FALSE,2,1,1,1_1,9c730cfb-3fd6-428a-a0a4-c061ca5db06c,NA
14,74843438,74843438,1,snv_mnv,NA,NA,"broad,dkfz,muse,sanger",4,COSN19242602,NA,AluY,FALSE,0.4783,NA,11,12,NA,NA,NA,IGR,FALSE,FALSE,FALSE,FALSE,2,1,1,1_1,9c730cfb-3fd6-428a-a0a4-c061ca5db06c,RPS2P2
14,79475180,79475180,1,snv_mnv,NA,NA,"broad,dkfz,muse,sanger",4,COSN19242591,NA,AluSg4,FALSE,0.3548,NA,11,20,NA,NA,NA,Intron,FALSE,FALSE,FALSE,FALSE,2,1,1,1_1,9c730cfb-3fd6-428a-a0a4-c061ca5db06c,NA
14,80247289,80247289,1,snv_mnv,NA,NA,"broad,dkfz,muse,sanger",4,COSN19242597,NA,NA,FALSE,0.4651,NA,20,23,NA,NA,NA,Intron,FALSE,FALSE,TRUE,FALSE,2,1,1,1_1,9c730cfb-3fd6-428a-a0a4-c061ca5db06c,NA
14,82252901,82252901,1,snv_mnv,NA,NA,"broad,dkfz,muse,sanger",4,COSN19242573,NA,LTR8,FALSE,0.4865,NA,18,19,NA,NA,NA,lincRNA,FALSE,FALSE,FALSE,FALSE,2,1,1,1_1,9c730cfb-3fd6-428a-a0a4-c061ca5db06c,NA
14,82868624,82868624,1,snv_mnv,NA,NA,"broad,muse,sanger",3,COSN19242554,NA,AluY,FALSE,0.5,NA,13,13,NA,NA,NA,IGR,FALSE,FALSE,FALSE,FALSE,2,1,1,1_1,9c730cfb-3fd6-428a-a0a4-c061ca5db06c,NA
14,82914790,82914790,1,snv_mnv,NA,NA,"broad,dkfz,muse,sanger",4,COSN19242562,NA,NA,FALSE,0.5517,NA,16,13,NA,NA,NA,IGR,FALSE,FALSE,FALSE,FALSE,2,1,1,1_1,9c730cfb-3fd6-428a-a0a4-c061ca5db06c,NA
14,85705914,85705914,1,snv_mnv,NA,NA,"broad,dkfz,muse,sanger",4,COSN19242570,NA,NA,FALSE,0.4571,NA,16,19,NA,NA,NA,lincRNA,FALSE,FALSE,FALSE,FALSE,2,1,1,1_1,9c730cfb-3fd6-428a-a0a4-c061ca5db06c,AL357172.1
14,85775602,85775602,1,snv_mnv,NA,NA,"broad,dkfz,muse,sanger",4,COSN19242590,NA,NA,FALSE,0.5789,NA,11,8,NA,NA,NA,IGR,FALSE,FALSE,FALSE,FALSE,2,1,1,1_1,9c730cfb-3fd6-428a-a0a4-c061ca5db06c,NA
14,87080764,87080764,1,snv_mnv,NA,NA,"broad,dkfz,muse,sanger",4,COSN19242587,NA,HAL1,FALSE,0.3056,NA,11,25,NA,NA,NA,IGR,FALSE,FALSE,FALSE,FALSE,2,1,1,1_1,9c730cfb-3fd6-428a-a0a4-c061ca5db06c,NA
14,90767885,90767885,1,snv_mnv,NA,NA,"broad,dkfz,muse,sanger",4,COSN19242563,NA,NA,FALSE,0.3125,NA,10,22,NA,NA,NA,Intron,FALSE,FALSE,FALSE,FALSE,2,1,1,1_1,9c730cfb-3fd6-428a-a0a4-c061ca5db06c,NRDE2
14,93586282,93586282,1,snv_mnv,NA,NA,"broad,dkfz,muse,sanger",4,COSN19242565,NA,NA,FALSE,0.4857,NA,17,18,NA,NA,NA,IGR,FALSE,FALSE,FALSE,FALSE,2,1,1,1_1,9c730cfb-3fd6-428a-a0a4-c061ca5db06c,ITPK1
14,97817825,97817825,1,snv_mnv,NA,NA,"broad,dkfz,muse,sanger",4,COSN19242559,NA,NA,FALSE,0.4091,NA,9,13,NA,NA,NA,IGR,FALSE,FALSE,FALSE,FALSE,2,1,1,1_1,9c730cfb-3fd6-428a-a0a4-c061ca5db06c,NA
14,102716573,102716573,1,snv_mnv,NA,NA,"broad,dkfz,muse,sanger",4,COSN19242557,NA,NA,FALSE,0.45,NA,9,11,NA,NA,NA,Intron,FALSE,FALSE,FALSE,FALSE,2,1,1,1_1,9c730cfb-3fd6-428a-a0a4-c061ca5db06c,MOK
14,106056302,106056302,1,snv_mnv,1.9968e-4,rs560412047,"broad,muse",2,COSN19241472,rs560412047,(CAGCC)n,FALSE,0.3333,NA,4,8,NA,NA,NA,RNA,FALSE,FALSE,FALSE,FALSE,2,1,1,1_1,9c730cfb-3fd6-428a-a0a4-c061ca5db06c,IGHA2
14,106324784,106324784,1,snv_mnv,NA,NA,"broad,dkfz,muse",3,COSN19242588,NA,(CAGCT)n,FALSE,0.5,NA,9,9,NA,NA,NA,RNA,FALSE,FALSE,FALSE,FALSE,2,1,1,1_1,9c730cfb-3fd6-428a-a0a4-c061ca5db06c,"IGHM,IGHJ3P,MIR4537,MIR4539,MIR4507,IGHJ6,MIR4538"
14,106325728,106325728,1,snv_mnv,5.9904e-4,rs529469223,"broad,muse",2,COSN19242558,rs529469223,(CAGCT)n,FALSE,0.5294,NA,9,8,NA,NA,NA,RNA,FALSE,FALSE,FALSE,FALSE,2,1,1,1_1,9c730cfb-3fd6-428a-a0a4-c061ca5db06c,"IGHM,MIR4537,MIR4538,IGHJ5,IGHJ3P,IGHJ6,IGHJ4,MIR4507"
14,106326245,106326245,1,snv_mnv,NA,NA,"broad,muse",2,COSN19242592,NA,(CAGCC)n,FALSE,0.3636,NA,4,7,NA,NA,NA,RNA,FALSE,FALSE,FALSE,FALSE,2,1,1,1_1,9c730cfb-3fd6-428a-a0a4-c061ca5db06c,"IGHJ3P,IGHJ2P,IGHJ6,IGHJ5,IGHJ4,IGHM"
14,106326479,106326479,1,snv_mnv,NA,NA,"broad,dkfz,muse",3,COSN19242561,rs782408996,(CAGCC)n,FALSE,0.7692,NA,10,3,NA,NA,NA,RNA,FALSE,FALSE,FALSE,FALSE,2,1,1,1_1,9c730cfb-3fd6-428a-a0a4-c061ca5db06c,"IGHJ6,IGHM,IGHJ4,IGHJ2P,IGHJ2,IGHJ5,IGHJ3P"
15,20194391,20194391,1,snv_mnv,NA,NA,"broad,muse,sanger",3,COSN19242615,NA,L1ME1,FALSE,0.2708,NA,13,35,NA,NA,NA,RNA,FALSE,FALSE,FALSE,FALSE,2,1,1,1_1,9c730cfb-3fd6-428a-a0a4-c061ca5db06c,IGHV3OR15-7
15,24091008,24091008,1,snv_mnv,NA,NA,"broad,dkfz,muse,sanger",4,COSN19242635,NA,L1ME1,FALSE,0.3571,NA,10,18,NA,NA,NA,IGR,FALSE,FALSE,FALSE,FALSE,2,1,1,1_1,9c730cfb-3fd6-428a-a0a4-c061ca5db06c,NA
15,24368222,24368222,1,snv_mnv,NA,NA,"broad,muse",2,COSN19242617,NA,L1MC3,FALSE,0.1538,NA,6,33,NA,NA,NA,IGR,FALSE,FALSE,FALSE,FALSE,2,1,1,1_1,9c730cfb-3fd6-428a-a0a4-c061ca5db06c,NA
15,26878939,26878939,1,snv_mnv,NA,NA,"broad,dkfz,muse,sanger",4,COSN19242632,NA,LTR6B,FALSE,0.4333,NA,13,17,NA,NA,NA,Intron,FALSE,FALSE,FALSE,FALSE,2,1,1,1_1,9c730cfb-3fd6-428a-a0a4-c061ca5db06c,GABRB3
15,26917477,26917477,1,snv_mnv,NA,NA,"dkfz,sanger",2,COSN19242610,NA,MER34A,FALSE,0.5405,NA,20,17,NA,NA,NA,Intron,FALSE,FALSE,FALSE,FALSE,2,1,1,1_1,9c730cfb-3fd6-428a-a0a4-c061ca5db06c,NA
15,26947399,26947399,1,snv_mnv,NA,NA,"broad,dkfz,muse,sanger",4,COSN19242619,NA,L1ME2,FALSE,0.5556,NA,25,20,NA,NA,NA,Intron,FALSE,FALSE,FALSE,FALSE,2,1,1,1_1,9c730cfb-3fd6-428a-a0a4-c061ca5db06c,NA
15,27279533,27279533,1,snv_mnv,NA,NA,"broad,dkfz,muse,sanger",4,COSN19242622,NA,NA,FALSE,0.3333,NA,13,26,NA,NA,NA,Intron,FALSE,FALSE,FALSE,FALSE,2,1,1,1_1,9c730cfb-3fd6-428a-a0a4-c061ca5db06c,NA
15,27672830,27672830,1,snv_mnv,NA,NA,"broad,dkfz,muse,sanger",4,COSN19242607,NA,NA,FALSE,0.4375,NA,14,18,NA,NA,NA,Intron,FALSE,FALSE,FALSE,FALSE,2,1,1,1_1,9c730cfb-3fd6-428a-a0a4-c061ca5db06c,NA
15,29915942,29915942,1,snv_mnv,NA,NA,"broad,dkfz,muse,sanger",4,COSN19242624,NA,NA,FALSE,0.6667,NA,12,6,NA,NA,NA,IGR,FALSE,FALSE,FALSE,FALSE,2,1,1,1_1,9c730cfb-3fd6-428a-a0a4-c061ca5db06c,NA
15,30154001,30154001,1,snv_mnv,NA,NA,"broad,dkfz,muse,sanger",4,COSN19242606,NA,L1MB7,FALSE,0.3448,NA,10,19,NA,NA,NA,IGR,FALSE,FALSE,FALSE,FALSE,2,1,1,1_1,9c730cfb-3fd6-428a-a0a4-c061ca5db06c,NA
15,37580926,37580926,1,snv_mnv,NA,NA,"broad,dkfz,muse,sanger",4,COSN19242604,NA,L2b,FALSE,0.5556,NA,25,20,NA,NA,NA,IGR,FALSE,FALSE,FALSE,FALSE,2,1,1,1_1,9c730cfb-3fd6-428a-a0a4-c061ca5db06c,NA
15,37629367,37629367,1,snv_mnv,NA,NA,"broad,dkfz,muse,sanger",4,COSN19242634,NA,NA,FALSE,0.5,NA,12,12,NA,NA,NA,IGR,FALSE,FALSE,FALSE,FALSE,2,1,1,1_1,9c730cfb-3fd6-428a-a0a4-c061ca5db06c,NA
15,47303035,47303035,1,snv_mnv,NA,NA,"broad,dkfz,muse,sanger",4,COSN19242614,NA,L1PB1,FALSE,0.4103,NA,16,23,NA,NA,NA,IGR,FALSE,FALSE,FALSE,FALSE,2,1,1,1_1,9c730cfb-3fd6-428a-a0a4-c061ca5db06c,NA
15,48168252,48168252,1,snv_mnv,1.9968e-4,rs575440714,"broad,dkfz,muse,sanger",4,COSN19242631,rs575440714,L1MC2,FALSE,0.5,NA,15,15,NA,NA,NA,IGR,FALSE,FALSE,FALSE,FALSE,2,1,1,1_1,9c730cfb-3fd6-428a-a0a4-c061ca5db06c,NA
15,48397262,48397262,1,snv_mnv,NA,NA,"broad,dkfz,muse,sanger",4,COSN19242620,NA,Helitron1Nb_Mam,FALSE,0.4516,NA,14,17,NA,NA,NA,IGR,FALSE,FALSE,FALSE,FALSE,2,1,1,1_1,9c730cfb-3fd6-428a-a0a4-c061ca5db06c,NA
15,48764215,48764215,1,snv_mnv,NA,NA,"broad,dkfz,muse,sanger",4,COSN19242629,NA,NA,FALSE,0.6452,NA,20,11,NA,NA,NA,Intron,FALSE,FALSE,FALSE,FALSE,2,1,1,1_1,9c730cfb-3fd6-428a-a0a4-c061ca5db06c,FBN1
15,48865612,48865612,1,snv_mnv,NA,NA,"broad,dkfz,muse,sanger",4,COSN19242608,NA,NA,FALSE,0.3556,NA,16,29,NA,NA,NA,Intron,FALSE,FALSE,FALSE,FALSE,2,1,1,1_1,9c730cfb-3fd6-428a-a0a4-c061ca5db06c,NA
15,54401728,54401728,1,snv_mnv,NA,NA,"broad,dkfz,muse,sanger",4,COSN19242603,NA,AluSx,FALSE,0.4211,NA,8,11,NA,NA,NA,Intron,FALSE,FALSE,FALSE,FALSE,2,1,1,1_1,9c730cfb-3fd6-428a-a0a4-c061ca5db06c,NA
15,71604353,71604353,1,snv_mnv,NA,NA,"broad,dkfz,muse,sanger",4,COSN19242626,NA,L2b,FALSE,0.3226,NA,10,21,NA,NA,NA,Intron,FALSE,FALSE,FALSE,FALSE,2,1,1,1_1,9c730cfb-3fd6-428a-a0a4-c061ca5db06c,NA
15,75802576,75802576,1,snv_mnv,NA,NA,"broad,dkfz,muse,sanger",4,COSN19242621,NA,NA,FALSE,0.2727,NA,6,16,NA,NA,NA,Intron,FALSE,FALSE,FALSE,FALSE,2,1,1,1_1,9c730cfb-3fd6-428a-a0a4-c061ca5db06c,"AC105036.1,PTPN9"
15,77736502,77736502,1,snv_mnv,NA,NA,"dkfz,sanger",2,COSN19242605,NA,MIRc,FALSE,0.4103,NA,16,23,NA,NA,NA,Intron,FALSE,FALSE,FALSE,FALSE,2,1,1,1_1,9c730cfb-3fd6-428a-a0a4-c061ca5db06c,NA
15,87190273,87190273,1,snv_mnv,NA,NA,"broad,dkfz,muse,sanger",4,COSN19242616,NA,NA,FALSE,0.2826,NA,13,33,NA,NA,NA,Intron,FALSE,FALSE,FALSE,FALSE,2,1,1,1_1,9c730cfb-3fd6-428a-a0a4-c061ca5db06c,NA
15,87530596,87530596,1,snv_mnv,NA,NA,"dkfz,muse,sanger",3,COSN19242627,NA,L1ME2,FALSE,0.5,NA,7,7,NA,NA,NA,Intron,FALSE,FALSE,FALSE,FALSE,2,1,1,1_1,9c730cfb-3fd6-428a-a0a4-c061ca5db06c,NA
15,87576228,87576228,1,snv_mnv,NA,NA,"broad,dkfz,muse,sanger",4,COSN19242628,NA,MER33,FALSE,0.3871,NA,12,19,NA,NA,NA,IGR,FALSE,FALSE,TRUE,FALSE,2,1,1,1_1,9c730cfb-3fd6-428a-a0a4-c061ca5db06c,AGBL1
15,93833449,93833449,1,snv_mnv,NA,NA,"broad,dkfz,muse,sanger",4,COSN19242630,NA,NA,FALSE,0.4643,NA,13,15,NA,NA,NA,IGR,FALSE,FALSE,FALSE,FALSE,2,1,1,1_1,9c730cfb-3fd6-428a-a0a4-c061ca5db06c,NA
15,96616252,96616252,1,snv_mnv,NA,NA,"broad,dkfz,muse,sanger",4,COSN19242611,NA,NA,FALSE,0.3462,NA,9,17,NA,NA,NA,IGR,FALSE,FALSE,FALSE,FALSE,2,1,1,1_1,9c730cfb-3fd6-428a-a0a4-c061ca5db06c,NA
15,98354961,98354961,1,snv_mnv,NA,NA,"broad,dkfz,muse,sanger",4,COSN19242613,NA,MLT1D,FALSE,0.5172,NA,15,14,NA,NA,NA,Intron,FALSE,FALSE,TRUE,FALSE,2,1,1,1_1,9c730cfb-3fd6-428a-a0a4-c061ca5db06c,NA
15,100662131,100662131,1,snv_mnv,NA,NA,"broad,dkfz,muse,sanger",4,COSN19242625,NA,NA,FALSE,0.5143,NA,18,17,NA,NA,NA,Intron,FALSE,FALSE,FALSE,FALSE,2,1,1,1_1,9c730cfb-3fd6-428a-a0a4-c061ca5db06c,AC022710.1
15,100742263,100742263,1,snv_mnv,NA,NA,"broad,dkfz,muse,sanger",4,COSN19242618,NA,NA,FALSE,0.4688,NA,15,17,NA,NA,NA,Intron,FALSE,FALSE,FALSE,FALSE,2,1,1,1_1,9c730cfb-3fd6-428a-a0a4-c061ca5db06c,NA
16,5485638,5485638,1,snv_mnv,NA,NA,"broad,dkfz,muse",3,COSN19242020,NA,NA,FALSE,0.5714,NA,16,12,NA,NA,NA,RNA,FALSE,FALSE,FALSE,FALSE,2,1,1,1_1,9c730cfb-3fd6-428a-a0a4-c061ca5db06c,NA
16,5917714,5917714,1,snv_mnv,NA,NA,"broad,dkfz,muse,sanger",4,COSN19242021,NA,AluSz,FALSE,0.6316,NA,12,7,NA,NA,NA,RNA,FALSE,FALSE,FALSE,FALSE,2,1,1,1_1,9c730cfb-3fd6-428a-a0a4-c061ca5db06c,NA
16,8096173,8096173,1,snv_mnv,NA,NA,"broad,dkfz,muse,sanger",4,COSN19242019,NA,NA,FALSE,0.3889,NA,14,22,NA,NA,NA,IGR,FALSE,FALSE,FALSE,FALSE,2,1,1,1_1,9c730cfb-3fd6-428a-a0a4-c061ca5db06c,NA
16,10322053,10322053,1,snv_mnv,NA,NA,"broad,dkfz,muse,sanger",4,COSN19242014,NA,L2a,FALSE,0.3,NA,9,21,NA,NA,NA,IGR,FALSE,FALSE,FALSE,FALSE,2,1,1,1_1,9c730cfb-3fd6-428a-a0a4-c061ca5db06c,NA
16,13574576,13574576,1,snv_mnv,NA,NA,"broad,dkfz,muse,sanger",4,COSN19242029,NA,NA,FALSE,0.4667,NA,14,16,NA,NA,NA,lincRNA,FALSE,FALSE,FALSE,FALSE,2,1,1,1_1,9c730cfb-3fd6-428a-a0a4-c061ca5db06c,NA
16,30739999,30739999,1,snv_mnv,NA,NA,"broad,dkfz,muse,sanger",4,COSN19242012,NA,NA,FALSE,0.6,NA,21,14,NA,NA,NA,Intron,FALSE,FALSE,FALSE,FALSE,2,1,1,1_1,9c730cfb-3fd6-428a-a0a4-c061ca5db06c,SRCAP
16,34639968,34639968,1,snv_mnv,NA,NA,"broad,dkfz,muse,sanger",4,COSN19242032,NA,NA,FALSE,0.3864,NA,17,27,NA,NA,NA,IGR,FALSE,FALSE,FALSE,FALSE,2,1,1,1_1,9c730cfb-3fd6-428a-a0a4-c061ca5db06c,FRG2IP
16,46568603,46568603,1,snv_mnv,NA,NA,"broad,dkfz,muse,sanger",4,COSN19242031,NA,NA,FALSE,0.4848,NA,16,17,NA,NA,NA,IGR,FALSE,FALSE,FALSE,FALSE,2,1,1,1_1,9c730cfb-3fd6-428a-a0a4-c061ca5db06c,NA
16,46767246,46767246,1,snv_mnv,NA,NA,"broad,dkfz,muse,sanger",4,COSN19242011,NA,AluJr,FALSE,0.4516,NA,14,17,NA,NA,NA,Intron,FALSE,FALSE,FALSE,FALSE,2,1,1,1_1,9c730cfb-3fd6-428a-a0a4-c061ca5db06c,MYLK3
16,48233420,48233420,1,snv_mnv,NA,NA,"broad,dkfz,muse,sanger",4,COSN19242044,rs757757892,NA,FALSE,0.375,NA,9,15,NA,NA,NA,Intron,FALSE,FALSE,FALSE,FALSE,2,1,1,1_1,9c730cfb-3fd6-428a-a0a4-c061ca5db06c,ABCC11
16,49178838,49178838,1,snv_mnv,NA,NA,"broad,dkfz,muse,sanger",4,COSN19242024,NA,NA,FALSE,0.4194,NA,13,18,NA,NA,NA,IGR,FALSE,FALSE,FALSE,FALSE,2,1,1,1_1,9c730cfb-3fd6-428a-a0a4-c061ca5db06c,NA
16,54749567,54749567,1,snv_mnv,NA,NA,"broad,dkfz,muse,sanger",4,COSN19242018,NA,NA,FALSE,0.4815,NA,13,14,NA,NA,NA,IGR,FALSE,FALSE,FALSE,FALSE,2,1,1,1_1,9c730cfb-3fd6-428a-a0a4-c061ca5db06c,NA
16,55473910,55473910,1,snv_mnv,NA,NA,"broad,dkfz,muse,sanger",4,COSN19242038,NA,NA,FALSE,0.25,NA,7,21,NA,NA,NA,Intron,FALSE,FALSE,FALSE,FALSE,2,1,1,1_1,9c730cfb-3fd6-428a-a0a4-c061ca5db06c,NA
16,57352732,57352732,1,snv_mnv,NA,NA,"broad,dkfz,muse,sanger",4,COSN19242037,NA,AluSx1,FALSE,0.56,NA,14,11,NA,NA,NA,IGR,FALSE,FALSE,FALSE,FALSE,2,1,1,1_1,9c730cfb-3fd6-428a-a0a4-c061ca5db06c,RPL23AP91
16,59354048,59354048,1,snv_mnv,NA,NA,"broad,dkfz,muse,sanger",4,COSN19242042,NA,NA,FALSE,0.2857,NA,6,15,NA,NA,NA,IGR,FALSE,FALSE,FALSE,FALSE,2,1,1,1_1,9c730cfb-3fd6-428a-a0a4-c061ca5db06c,NA
16,59697438,59697438,1,snv_mnv,NA,NA,"broad,dkfz,muse,sanger",4,COSN19242022,NA,NA,FALSE,0.4545,NA,20,24,NA,NA,NA,IGR,FALSE,FALSE,FALSE,FALSE,2,1,1,1_1,9c730cfb-3fd6-428a-a0a4-c061ca5db06c,NA
16,59814305,59814305,1,snv_mnv,NA,NA,"broad,dkfz,muse,sanger",4,COSN19242041,NA,NA,FALSE,0.46,NA,23,27,NA,NA,NA,IGR,FALSE,FALSE,FALSE,FALSE,2,1,1,1_1,9c730cfb-3fd6-428a-a0a4-c061ca5db06c,NA
16,61123479,61123479,1,snv_mnv,NA,NA,"broad,dkfz,muse,sanger",4,COSN19242017,NA,MIRc,FALSE,0.4375,NA,14,18,NA,NA,NA,IGR,FALSE,FALSE,FALSE,FALSE,2,1,1,1_1,9c730cfb-3fd6-428a-a0a4-c061ca5db06c,NA
16,61624503,61624503,1,snv_mnv,NA,NA,"broad,dkfz,muse,sanger",4,COSN19242040,NA,MIRb,FALSE,0.2245,NA,11,38,NA,NA,NA,IGR,FALSE,FALSE,FALSE,FALSE,2,1,1,1_1,9c730cfb-3fd6-428a-a0a4-c061ca5db06c,NA
16,63190764,63190764,1,snv_mnv,NA,NA,"broad,dkfz,muse,sanger",4,COSN19242026,NA,MSTC-int,FALSE,0.5625,NA,18,14,NA,NA,NA,IGR,FALSE,FALSE,FALSE,FALSE,2,1,1,1_1,9c730cfb-3fd6-428a-a0a4-c061ca5db06c,NA
16,63558509,63558509,1,snv_mnv,NA,NA,"broad,dkfz,muse,sanger",4,COSN19242035,NA,L1MD1,FALSE,0.5128,NA,20,19,NA,NA,NA,IGR,FALSE,FALSE,FALSE,FALSE,2,1,1,1_1,9c730cfb-3fd6-428a-a0a4-c061ca5db06c,NA
16,65407652,65407652,1,snv_mnv,NA,NA,"broad,dkfz,muse,sanger",4,COSN19242039,NA,NA,FALSE,0.4118,NA,14,20,NA,NA,NA,lincRNA,FALSE,FALSE,FALSE,FALSE,2,1,1,1_1,9c730cfb-3fd6-428a-a0a4-c061ca5db06c,NA
16,76063037,76063037,1,snv_mnv,NA,NA,"broad,dkfz,muse,sanger",4,COSN19242034,NA,L1ME3,FALSE,0.3488,NA,15,28,NA,NA,NA,IGR,FALSE,FALSE,TRUE,FALSE,2,1,1,1_1,9c730cfb-3fd6-428a-a0a4-c061ca5db06c,NA
16,76063187,76063187,1,snv_mnv,NA,NA,"broad,dkfz,muse,sanger",4,COSN19242043,NA,L1ME3,FALSE,0.3846,NA,10,16,NA,NA,NA,IGR,FALSE,FALSE,FALSE,FALSE,2,1,1,1_1,9c730cfb-3fd6-428a-a0a4-c061ca5db06c,NA
16,79835229,79835229,1,snv_mnv,NA,NA,"broad,dkfz,muse,sanger",4,COSN19242045,NA,NA,FALSE,0.5,NA,19,19,NA,NA,NA,lincRNA,FALSE,FALSE,FALSE,FALSE,2,1,1,1_1,9c730cfb-3fd6-428a-a0a4-c061ca5db06c,LINC01229
16,82658806,82658806,1,snv_mnv,NA,NA,"broad,dkfz,muse,sanger",4,COSN19242027,NA,NA,FALSE,0.3929,NA,11,17,NA,NA,NA,5'Flank,FALSE,FALSE,FALSE,FALSE,2,1,1,1_1,9c730cfb-3fd6-428a-a0a4-c061ca5db06c,CDH13
16,88549258,88549258,1,snv_mnv,NA,NA,"broad,dkfz,muse,sanger",4,COSN19242013,NA,NA,FALSE,0.4,NA,10,15,NA,NA,NA,Intron,FALSE,FALSE,FALSE,FALSE,2,1,1,1_1,9c730cfb-3fd6-428a-a0a4-c061ca5db06c,NA
16,88716200,88716200,1,snv_mnv,NA,NA,"broad,dkfz,muse,sanger",4,COSN19242036,NA,NA,FALSE,0.6538,NA,17,9,NA,NA,NA,Intron,FALSE,FALSE,FALSE,FALSE,2,1,1,1_1,9c730cfb-3fd6-428a-a0a4-c061ca5db06c,"MVD,CYBA"
17,1583858,1583858,1,snv_mnv,NA,NA,"broad,dkfz,muse,sanger",4,COSN19241674,NA,NA,FALSE,0.2424,NA,8,25,NA,NA,NA,Intron,FALSE,FALSE,FALSE,FALSE,2,1,1,1_1,9c730cfb-3fd6-428a-a0a4-c061ca5db06c,"AC130343.2,PRPF8"
17,4351451,4351451,1,snv_mnv,NA,NA,"broad,dkfz,muse,sanger",4,COSM5418806,NA,NA,FALSE,0.5,NA,15,15,NA,NA,NA,Splice_Site,FALSE,FALSE,FALSE,FALSE,2,1,1,1_1,9c730cfb-3fd6-428a-a0a4-c061ca5db06c,NA
17,5040149,5040149,1,snv_mnv,NA,NA,"broad,muse,sanger",3,COSN19241682,NA,NA,FALSE,0.5,NA,12,12,NA,NA,NA,Intron,FALSE,FALSE,FALSE,FALSE,2,1,1,1_1,9c730cfb-3fd6-428a-a0a4-c061ca5db06c,USP6
17,6641643,6641643,1,snv_mnv,NA,NA,"broad,dkfz,muse,sanger",4,COSN19241688,NA,NA,FALSE,0.5455,NA,12,10,NA,NA,NA,IGR,FALSE,FALSE,FALSE,FALSE,2,1,1,1_1,9c730cfb-3fd6-428a-a0a4-c061ca5db06c,NA
17,9598089,9598089,1,snv_mnv,3.9936e-4,rs545741953,"broad,dkfz,muse,sanger",4,COSN19241666,rs545741953,AluSz,FALSE,0.48,NA,12,13,NA,NA,NA,Intron,FALSE,FALSE,FALSE,FALSE,2,1,1,1_1,9c730cfb-3fd6-428a-a0a4-c061ca5db06c,NA
17,11997121,11997121,1,snv_mnv,NA,NA,"broad,dkfz,muse,sanger",4,COSN19241681,NA,NA,FALSE,0.6111,NA,22,14,NA,NA,NA,Intron,FALSE,FALSE,FALSE,FALSE,2,1,1,1_1,9c730cfb-3fd6-428a-a0a4-c061ca5db06c,MAP2K4
17,19437255,19437255,1,snv_mnv,NA,NA,"broad,dkfz,muse,sanger",4,COSM5418805,NA,NA,FALSE,0.4286,NA,9,12,NA,NA,NA,Start_Codon_SNP,FALSE,FALSE,FALSE,FALSE,2,1,1,1_1,9c730cfb-3fd6-428a-a0a4-c061ca5db06c,NA
17,22207865,22207865,1,snv_mnv,NA,NA,"broad,muse",2,COSN19241665,NA,NA,FALSE,0.6296,NA,17,10,NA,NA,NA,IGR,FALSE,FALSE,FALSE,FALSE,2,1,1,1_1,9c730cfb-3fd6-428a-a0a4-c061ca5db06c,AC131274.3
17,26690794,26690794,1,snv_mnv,NA,NA,"broad,dkfz,muse,sanger",4,COSN19241683,NA,NA,FALSE,0.4694,NA,23,26,NA,NA,NA,IGR,FALSE,FALSE,FALSE,FALSE,2,1,1,1_1,9c730cfb-3fd6-428a-a0a4-c061ca5db06c,"TMEM199,SEBOX,VTN,AC002094.2,MIR4723,AC002094.3,SARM1"
17,27769774,27769774,1,snv_mnv,NA,NA,"broad,dkfz,muse,sanger",4,COSN19241670,NA,L1M5,FALSE,0.2963,NA,8,19,NA,NA,NA,Intron,FALSE,FALSE,FALSE,FALSE,2,1,1,1_1,9c730cfb-3fd6-428a-a0a4-c061ca5db06c,RNU6-1034P
17,31509626,31509626,1,snv_mnv,NA,NA,"broad,dkfz,muse,sanger",4,COSN19241684,NA,NA,FALSE,0.5333,NA,16,14,NA,NA,NA,Intron,FALSE,FALSE,FALSE,FALSE,2,1,1,1_1,9c730cfb-3fd6-428a-a0a4-c061ca5db06c,NA
17,33991355,33991355,1,snv_mnv,NA,NA,"broad,dkfz,muse,sanger",4,COSN19241672,NA,AluJr,FALSE,0.1892,NA,7,30,NA,NA,NA,Intron,FALSE,FALSE,FALSE,FALSE,2,1,1,1_1,9c730cfb-3fd6-428a-a0a4-c061ca5db06c,AP2B1
17,34213984,34213984,1,snv_mnv,NA,NA,"broad,dkfz,muse,sanger",4,COSN19241692,rs748475485,L1MA9,FALSE,0.2917,NA,7,17,NA,NA,NA,RNA,FALSE,FALSE,FALSE,FALSE,2,1,1,1_1,9c730cfb-3fd6-428a-a0a4-c061ca5db06c,NA
17,38811128,38811128,1,snv_mnv,NA,NA,"broad,dkfz,muse,sanger",4,COSN19241690,NA,NA,FALSE,0.3871,NA,12,19,NA,NA,NA,Intron,FALSE,FALSE,FALSE,FALSE,2,1,1,1_1,9c730cfb-3fd6-428a-a0a4-c061ca5db06c,KRT222
17,41406061,41406061,1,snv_mnv,NA,NA,"broad,dkfz,muse,sanger",4,COSN19241680,NA,HERVK13-int,FALSE,0.3256,NA,14,29,NA,NA,NA,IGR,FALSE,FALSE,FALSE,FALSE,2,1,1,1_1,9c730cfb-3fd6-428a-a0a4-c061ca5db06c,NA
17,50559884,50559884,1,snv_mnv,NA,NA,"broad,dkfz,muse,sanger",4,COSN19241668,NA,L1MB5,FALSE,0.3793,NA,11,18,NA,NA,NA,lincRNA,FALSE,FALSE,TRUE,FALSE,2,1,1,1_1,9c730cfb-3fd6-428a-a0a4-c061ca5db06c,NA
17,51157888,51157888,1,snv_mnv,1.9968e-4,rs139087200,"broad,dkfz,muse,sanger",4,COSN19462569,rs139087200,NA,FALSE,0.5135,NA,19,18,NA,NA,NA,IGR,FALSE,FALSE,FALSE,FALSE,2,1,1,1_1,9c730cfb-3fd6-428a-a0a4-c061ca5db06c,NA
17,51249177,51249177,1,snv_mnv,NA,NA,"broad,dkfz,muse,sanger",4,COSN19241673,NA,NA,FALSE,0.2353,NA,8,26,NA,NA,NA,IGR,FALSE,FALSE,FALSE,FALSE,2,1,1,1_1,9c730cfb-3fd6-428a-a0a4-c061ca5db06c,NA
17,52715267,52715267,1,snv_mnv,NA,NA,"broad,dkfz,muse,sanger",4,COSN19241677,NA,L1MA2,FALSE,0.4483,NA,13,16,NA,NA,NA,IGR,FALSE,FALSE,FALSE,FALSE,2,1,1,1_1,9c730cfb-3fd6-428a-a0a4-c061ca5db06c,NA
17,57839272,57839272,1,snv_mnv,NA,NA,"broad,dkfz,muse,sanger",4,COSN19241689,NA,L1MEc,FALSE,0.3571,NA,10,18,NA,NA,NA,Intron,FALSE,FALSE,FALSE,FALSE,2,1,1,1_1,9c730cfb-3fd6-428a-a0a4-c061ca5db06c,NA
17,60196861,60196861,1,snv_mnv,NA,NA,"broad,dkfz,muse,sanger",4,COSN19241676,NA,NA,FALSE,0.5417,NA,13,11,NA,NA,NA,RNA,FALSE,FALSE,FALSE,FALSE,2,1,1,1_1,9c730cfb-3fd6-428a-a0a4-c061ca5db06c,RF00019
17,69151829,69151829,1,snv_mnv,NA,NA,"broad,dkfz,muse",3,COSN19241686,NA,NA,FALSE,0.1429,NA,6,36,NA,NA,NA,lincRNA,FALSE,FALSE,FALSE,FALSE,2,1,1,1_1,9c730cfb-3fd6-428a-a0a4-c061ca5db06c,NA
17,69650387,69650387,1,snv_mnv,NA,NA,"broad,dkfz,muse",3,COSN19241678,NA,THE1D,FALSE,0.7778,NA,14,4,NA,NA,NA,IGR,FALSE,FALSE,FALSE,FALSE,2,1,1,1_1,9c730cfb-3fd6-428a-a0a4-c061ca5db06c,NA
17,71215690,71215690,1,snv_mnv,NA,NA,"broad,dkfz,muse,sanger",4,COSN19241691,NA,AluY,FALSE,0.3636,NA,8,14,NA,NA,NA,Intron,FALSE,FALSE,FALSE,FALSE,2,1,1,1_1,9c730cfb-3fd6-428a-a0a4-c061ca5db06c,NA
17,77004428,77004428,1,snv_mnv,NA,NA,"broad,dkfz,muse,sanger",4,COSN19241687,NA,NA,FALSE,0.2381,NA,5,16,NA,NA,NA,Intron,FALSE,FALSE,FALSE,FALSE,2,1,1,1_1,9c730cfb-3fd6-428a-a0a4-c061ca5db06c,CANT1
17,77359442,77359442,1,snv_mnv,NA,NA,"broad,dkfz,muse,sanger",4,COSN19241667,NA,NA,FALSE,0.5,NA,10,10,NA,NA,NA,Intron,FALSE,FALSE,FALSE,FALSE,2,1,1,1_1,9c730cfb-3fd6-428a-a0a4-c061ca5db06c,NA
18,1714305,1714305,1,snv_mnv,NA,NA,"broad,dkfz,muse,sanger",4,COSN19241988,NA,NA,FALSE,0.4054,NA,15,22,NA,NA,NA,lincRNA,FALSE,FALSE,FALSE,FALSE,2,1,1,1_1,9c730cfb-3fd6-428a-a0a4-c061ca5db06c,NA
18,3530957,3530957,1,snv_mnv,NA,NA,"broad,dkfz,muse,sanger",4,COSN19241980,NA,NA,FALSE,0.5405,NA,20,17,NA,NA,NA,Intron,FALSE,FALSE,FALSE,FALSE,2,1,1,1_1,9c730cfb-3fd6-428a-a0a4-c061ca5db06c,NA
18,3981110,3981110,1,snv_mnv,NA,NA,"broad,dkfz,muse,sanger",4,COSN19241989,NA,NA,FALSE,0.3182,NA,14,30,NA,NA,NA,Intron,FALSE,FALSE,FALSE,FALSE,2,1,1,1_1,9c730cfb-3fd6-428a-a0a4-c061ca5db06c,"GAPDHP66,DLGAP1"
18,4244861,4244861,1,snv_mnv,NA,NA,"broad,dkfz,muse,sanger",4,COSN19241974,NA,NA,FALSE,0.5333,NA,16,14,NA,NA,NA,Intron,FALSE,FALSE,FALSE,FALSE,2,1,1,1_1,9c730cfb-3fd6-428a-a0a4-c061ca5db06c,NA
18,4574069,4574069,1,snv_mnv,NA,NA,"broad,dkfz,muse,sanger",4,COSN19241971,NA,THE1D-int,FALSE,0.3846,NA,10,16,NA,NA,NA,IGR,FALSE,FALSE,FALSE,FALSE,2,1,1,1_1,9c730cfb-3fd6-428a-a0a4-c061ca5db06c,NA
18,7111691,7111691,1,snv_mnv,NA,NA,"broad,dkfz,muse,sanger",4,COSN19242010,NA,NA,FALSE,0.3333,NA,9,18,NA,NA,NA,Intron,FALSE,FALSE,FALSE,FALSE,2,1,1,1_1,9c730cfb-3fd6-428a-a0a4-c061ca5db06c,NA
18,7752869,7752869,1,snv_mnv,NA,NA,"broad,dkfz,muse,sanger",4,COSN19241969,NA,NA,FALSE,0.4722,NA,17,19,NA,NA,NA,Intron,FALSE,FALSE,FALSE,FALSE,2,1,1,1_1,9c730cfb-3fd6-428a-a0a4-c061ca5db06c,"AP000897.2,PTPRM"
18,20819037,20819037,1,snv_mnv,NA,NA,"broad,dkfz,muse,sanger",4,COSN19241976,NA,NA,FALSE,0.5312,NA,17,15,NA,NA,NA,Intron,FALSE,FALSE,FALSE,FALSE,2,1,1,1_1,9c730cfb-3fd6-428a-a0a4-c061ca5db06c,NA
18,21233956,21233956,1,snv_mnv,NA,NA,"broad,dkfz,muse,sanger",4,COSN19241972,NA,AluSc,FALSE,0.6129,NA,19,12,NA,NA,NA,Intron,FALSE,FALSE,FALSE,FALSE,2,1,1,1_1,9c730cfb-3fd6-428a-a0a4-c061ca5db06c,NA
18,23319117,23319117,1,snv_mnv,NA,NA,"broad,dkfz,muse,sanger",4,COSN19242000,NA,NA,FALSE,0.5625,NA,18,14,NA,NA,NA,IGR,FALSE,FALSE,TRUE,FALSE,2,1,1,1_1,9c730cfb-3fd6-428a-a0a4-c061ca5db06c,NA
18,23413194,23413194,1,snv_mnv,NA,NA,"broad,dkfz,muse,sanger",4,COSN19241982,NA,MLT1A0,FALSE,0.5294,NA,18,16,NA,NA,NA,IGR,FALSE,FALSE,FALSE,FALSE,2,1,1,1_1,9c730cfb-3fd6-428a-a0a4-c061ca5db06c,NA
18,23681954,23681954,1,snv_mnv,NA,NA,"broad,muse,sanger",3,COSN19241992,NA,L1MA4,FALSE,0.16,NA,4,21,NA,NA,NA,IGR,FALSE,FALSE,FALSE,FALSE,2,1,1,1_1,9c730cfb-3fd6-428a-a0a4-c061ca5db06c,RPS24P18
18,23877691,23877691,1,snv_mnv,NA,NA,"broad,dkfz,muse,sanger",4,COSN19242006,NA,L1ME1,FALSE,0.6111,NA,22,14,NA,NA,NA,Intron,FALSE,FALSE,FALSE,FALSE,2,1,1,1_1,9c730cfb-3fd6-428a-a0a4-c061ca5db06c,NA
18,25345686,25345686,1,snv_mnv,NA,NA,"broad,dkfz,muse,sanger",4,COSN19241979,NA,NA,FALSE,0.3043,NA,14,32,NA,NA,NA,IGR,FALSE,FALSE,FALSE,FALSE,2,1,1,1_1,9c730cfb-3fd6-428a-a0a4-c061ca5db06c,NA
18,26193105,26193105,1,snv_mnv,NA,NA,"broad,dkfz,muse,sanger",4,COSN19242009,NA,L1M5,FALSE,0.4359,NA,17,22,NA,NA,NA,IGR,FALSE,FALSE,FALSE,FALSE,2,1,1,1_1,9c730cfb-3fd6-428a-a0a4-c061ca5db06c,NA
18,31702456,31702456,1,snv_mnv,NA,NA,"broad,dkfz,muse,sanger",4,COSN19242003,NA,NA,FALSE,0.3556,NA,16,29,NA,NA,NA,Intron,FALSE,FALSE,FALSE,FALSE,2,1,1,1_1,9c730cfb-3fd6-428a-a0a4-c061ca5db06c,NA
18,32406949,32406949,1,snv_mnv,NA,NA,"broad,dkfz,muse,sanger",4,COSN19241970,NA,NA,FALSE,0.2667,NA,8,22,NA,NA,NA,Intron,FALSE,FALSE,FALSE,FALSE,2,1,1,1_1,9c730cfb-3fd6-428a-a0a4-c061ca5db06c,NA
18,33315966,33315966,1,snv_mnv,NA,NA,"broad,dkfz,muse,sanger",4,COSN19241987,NA,L1MDa,FALSE,0.3023,NA,13,30,NA,NA,NA,IGR,FALSE,FALSE,FALSE,FALSE,2,1,1,1_1,9c730cfb-3fd6-428a-a0a4-c061ca5db06c,NA
18,34211502,34211502,1,snv_mnv,NA,NA,"broad,dkfz,muse,sanger",4,COSN19241986,rs372257815,MIR,FALSE,0.4848,NA,16,17,NA,NA,NA,Intron,FALSE,FALSE,FALSE,FALSE,2,1,1,1_1,9c730cfb-3fd6-428a-a0a4-c061ca5db06c,NA
18,35326114,35326114,1,snv_mnv,NA,NA,"broad,dkfz,muse,sanger",4,COSN19241975,NA,NA,FALSE,0.5135,NA,19,18,NA,NA,NA,IGR,FALSE,FALSE,FALSE,TRUE,2,1,1,1_1,9c730cfb-3fd6-428a-a0a4-c061ca5db06c,NA
18,37004840,37004840,1,snv_mnv,NA,NA,"broad,dkfz,muse,sanger",4,COSN4772846,rs191170197,L1PB1,FALSE,0.5641,NA,22,17,NA,NA,NA,lincRNA,FALSE,FALSE,FALSE,FALSE,2,1,1,1_1,9c730cfb-3fd6-428a-a0a4-c061ca5db06c,NA
18,38520178,38520178,1,snv_mnv,NA,NA,"broad,dkfz,muse",3,COSN19241994,NA,NA,FALSE,0.1905,NA,4,17,NA,NA,NA,IGR,FALSE,FALSE,FALSE,FALSE,2,1,1,1_1,9c730cfb-3fd6-428a-a0a4-c061ca5db06c,NA
18,38847195,38847195,1,snv_mnv,NA,NA,"broad,dkfz,muse,sanger",4,COSN19241991,NA,MER68,FALSE,0.3659,NA,15,26,NA,NA,NA,IGR,FALSE,FALSE,FALSE,FALSE,2,1,1,1_1,9c730cfb-3fd6-428a-a0a4-c061ca5db06c,NA
18,47159104,47159104,1,snv_mnv,NA,NA,"broad,dkfz,muse,sanger",4,COSN19241985,NA,NA,FALSE,0.3,NA,9,21,NA,NA,NA,IGR,FALSE,FALSE,FALSE,FALSE,2,1,1,1_1,9c730cfb-3fd6-428a-a0a4-c061ca5db06c,NA
18,47234224,47234224,1,snv_mnv,NA,NA,"broad,dkfz,muse,sanger",4,COSN19242004,NA,NA,FALSE,0.4722,NA,17,19,NA,NA,NA,IGR,FALSE,FALSE,FALSE,FALSE,2,1,1,1_1,9c730cfb-3fd6-428a-a0a4-c061ca5db06c,NA
18,50738422,50738422,1,snv_mnv,NA,NA,"broad,dkfz,muse,sanger",4,COSN19241995,NA,AluSz,FALSE,0.4324,NA,16,21,NA,NA,NA,Intron,FALSE,FALSE,TRUE,FALSE,2,1,1,1_1,9c730cfb-3fd6-428a-a0a4-c061ca5db06c,NA
18,58033237,58033237,1,snv_mnv,NA,NA,"broad,dkfz,muse,sanger",4,COSN19241978,NA,L1MC1,FALSE,0.4737,NA,18,20,NA,NA,NA,IGR,FALSE,FALSE,FALSE,FALSE,2,1,1,1_1,9c730cfb-3fd6-428a-a0a4-c061ca5db06c,NA
18,58385150,58385150,1,snv_mnv,NA,NA,"broad,dkfz,muse,sanger",4,COSN19241993,NA,NA,FALSE,0.5238,NA,22,20,NA,NA,NA,lincRNA,FALSE,FALSE,FALSE,FALSE,2,1,1,1_1,9c730cfb-3fd6-428a-a0a4-c061ca5db06c,NA
18,58732687,58732687,1,snv_mnv,NA,NA,"broad,dkfz,muse,sanger",4,COSN19241471,NA,NA,FALSE,0.4792,NA,23,25,NA,NA,NA,IGR,FALSE,FALSE,FALSE,FALSE,2,1,1,1_1,9c730cfb-3fd6-428a-a0a4-c061ca5db06c,NA
18,58758700,58758700,1,snv_mnv,NA,NA,"broad,dkfz,muse,sanger",4,COSN19241977,NA,L1MC1,FALSE,0.5435,NA,25,21,NA,NA,NA,IGR,FALSE,FALSE,FALSE,FALSE,2,1,1,1_1,9c730cfb-3fd6-428a-a0a4-c061ca5db06c,NA
18,59407002,59407002,1,snv_mnv,NA,NA,"broad,dkfz,muse,sanger",4,COSN19241968,NA,AluY,FALSE,0.6,NA,12,8,NA,NA,NA,lincRNA,FALSE,FALSE,FALSE,FALSE,2,1,1,1_1,9c730cfb-3fd6-428a-a0a4-c061ca5db06c,NA
18,61464389,61464389,1,snv_mnv,NA,NA,"broad,dkfz,muse,sanger",4,COSN19241964,NA,NA,FALSE,0.5714,NA,24,18,NA,NA,NA,Intron,FALSE,FALSE,FALSE,FALSE,2,1,1,1_1,9c730cfb-3fd6-428a-a0a4-c061ca5db06c,SERPINB7
18,62740175,62740175,1,snv_mnv,NA,NA,"broad,dkfz,muse,sanger",4,COSN19242002,NA,MER58A,FALSE,0.3421,NA,13,25,NA,NA,NA,IGR,FALSE,FALSE,FALSE,FALSE,2,1,1,1_1,9c730cfb-3fd6-428a-a0a4-c061ca5db06c,NA
18,63877981,63877981,1,snv_mnv,NA,NA,"broad,dkfz,muse,sanger",4,COSN19241966,rs530601473,AluSx1,FALSE,0.6667,NA,20,10,NA,NA,NA,IGR,FALSE,FALSE,FALSE,FALSE,2,1,1,1_1,9c730cfb-3fd6-428a-a0a4-c061ca5db06c,NA
18,65796687,65796687,1,snv_mnv,NA,NA,"broad,dkfz,muse,sanger",4,COSN19241981,NA,L1MC,FALSE,0.425,NA,17,23,NA,NA,NA,IGR,FALSE,FALSE,TRUE,FALSE,2,1,1,1_1,9c730cfb-3fd6-428a-a0a4-c061ca5db06c,NA
18,66801372,66801372,1,snv_mnv,NA,NA,"broad,dkfz,muse,sanger",4,COSN19241997,NA,NA,FALSE,0.375,NA,12,20,NA,NA,NA,IGR,FALSE,FALSE,TRUE,FALSE,2,1,1,1_1,9c730cfb-3fd6-428a-a0a4-c061ca5db06c,NA
18,67440719,67440719,1,snv_mnv,NA,NA,"broad,dkfz,muse,sanger",4,COSN19241996,NA,L1MB1,FALSE,0.1875,NA,6,26,NA,NA,NA,Intron,FALSE,FALSE,FALSE,FALSE,2,1,1,1_1,9c730cfb-3fd6-428a-a0a4-c061ca5db06c,NA
18,68615107,68615107,1,snv_mnv,NA,NA,"broad,dkfz,muse,sanger",4,COSN19241999,NA,L1M1,FALSE,0.5143,NA,18,17,NA,NA,NA,IGR,FALSE,FALSE,FALSE,FALSE,2,1,1,1_1,9c730cfb-3fd6-428a-a0a4-c061ca5db06c,NA
18,73203816,73203816,1,snv_mnv,NA,NA,"broad,dkfz,muse,sanger",4,COSN19242001,NA,MER103C,FALSE,0.4138,NA,12,17,NA,NA,NA,IGR,FALSE,FALSE,FALSE,FALSE,2,1,1,1_1,9c730cfb-3fd6-428a-a0a4-c061ca5db06c,NA
18,73396754,73396754,1,snv_mnv,NA,NA,"broad,dkfz,muse,sanger",4,COSN19241965,NA,NA,FALSE,0.4615,NA,12,14,NA,NA,NA,IGR,FALSE,FALSE,FALSE,FALSE,2,1,1,1_1,9c730cfb-3fd6-428a-a0a4-c061ca5db06c,NA
18,76083676,76083676,1,snv_mnv,NA,NA,"broad,dkfz,muse,sanger",4,COSN19241990,NA,NA,FALSE,0.5,NA,13,13,NA,NA,NA,IGR,FALSE,FALSE,FALSE,FALSE,2,1,1,1_1,9c730cfb-3fd6-428a-a0a4-c061ca5db06c,NA
18,77946124,77946124,1,snv_mnv,NA,NA,"broad,dkfz,muse,sanger",4,COSN19241984,NA,NA,FALSE,0.4615,NA,12,14,NA,NA,NA,Intron,FALSE,FALSE,FALSE,FALSE,2,1,1,1_1,9c730cfb-3fd6-428a-a0a4-c061ca5db06c,AC139100.1
19,2385266,2385266,1,snv_mnv,NA,NA,"broad,dkfz,muse,sanger",4,COSN19242850,NA,NA,FALSE,0.7778,NA,7,2,NA,NA,NA,IGR,FALSE,FALSE,FALSE,FALSE,2,1,1,1_1,9c730cfb-3fd6-428a-a0a4-c061ca5db06c,TMPRSS9
19,8827664,8827664,1,snv_mnv,NA,NA,"broad,muse,sanger",3,COSN19242855,NA,L1PA4,FALSE,0.4167,NA,10,14,NA,NA,NA,IGR,FALSE,FALSE,TRUE,FALSE,2,1,1,1_1,9c730cfb-3fd6-428a-a0a4-c061ca5db06c,OR2Z1
19,18899817,18899817,1,snv_mnv,NA,NA,"broad,dkfz,muse,sanger",4,COSN19242859,NA,NA,FALSE,0.6471,NA,11,6,NA,NA,NA,Intron,FALSE,FALSE,FALSE,FALSE,2,1,1,1_1,9c730cfb-3fd6-428a-a0a4-c061ca5db06c,COMP
19,32219400,32219400,1,snv_mnv,3.9936e-4,rs574343957,"broad,dkfz,muse,sanger",4,COSN19242857,rs574343957,MamRep564,FALSE,0.5652,NA,13,10,NA,NA,NA,IGR,FALSE,FALSE,FALSE,FALSE,2,1,1,1_1,9c730cfb-3fd6-428a-a0a4-c061ca5db06c,NA
19,36103657,36103657,1,snv_mnv,NA,NA,"broad,dkfz,muse,sanger",4,COSN19242854,NA,NA,FALSE,0.2609,NA,6,17,NA,NA,NA,5'Flank,FALSE,FALSE,FALSE,FALSE,2,1,1,1_1,9c730cfb-3fd6-428a-a0a4-c061ca5db06c,"AC002115.1,HAUS5"
19,43715798,43715798,1,snv_mnv,NA,NA,"broad,dkfz,muse,sanger",4,COSN19242853,NA,NA,FALSE,0.5,NA,15,15,NA,NA,NA,IGR,FALSE,FALSE,FALSE,FALSE,2,1,1,1_1,9c730cfb-3fd6-428a-a0a4-c061ca5db06c,"PSG9,CEACAMP10,PSG4"
19,47796356,47796356,1,snv_mnv,NA,NA,"broad,dkfz,muse,sanger",4,COSN19242852,NA,NA,FALSE,0.4167,NA,10,14,NA,NA,NA,Intron,FALSE,FALSE,FALSE,FALSE,2,1,1,1_1,9c730cfb-3fd6-428a-a0a4-c061ca5db06c,C5AR1
19,49597596,49597596,1,snv_mnv,NA,NA,"broad,dkfz,muse,sanger",4,COSN19242861,NA,AluSx1,FALSE,0.3529,NA,12,22,NA,NA,NA,Intron,FALSE,FALSE,TRUE,FALSE,2,1,1,1_1,9c730cfb-3fd6-428a-a0a4-c061ca5db06c,SNRNP70
19,50575220,50575220,1,snv_mnv,NA,NA,"broad,muse,sanger",3,COSN19242865,NA,AluSx1,FALSE,0.3182,NA,7,15,NA,NA,NA,IGR,FALSE,FALSE,FALSE,FALSE,2,1,1,1_1,9c730cfb-3fd6-428a-a0a4-c061ca5db06c,AC010624.2
19,56180707,56180707,1,snv_mnv,NA,NA,"broad,dkfz,muse,sanger",4,COSN19242851,NA,NA,FALSE,0.6471,NA,11,6,NA,NA,NA,Intron,FALSE,FALSE,FALSE,FALSE,2,1,1,1_1,9c730cfb-3fd6-428a-a0a4-c061ca5db06c,"AC008735.1,U2AF2"
19,57473825,57473825,1,snv_mnv,NA,NA,"broad,dkfz,muse,sanger",4,COSN19242864,NA,NA,FALSE,0.3448,NA,10,19,NA,NA,NA,IGR,FALSE,FALSE,FALSE,FALSE,2,1,1,1_1,9c730cfb-3fd6-428a-a0a4-c061ca5db06c,NA
2,4595667,4595667,1,snv_mnv,NA,NA,"broad,dkfz,muse,sanger",4,COSN19241744,NA,NA,FALSE,0.4103,NA,16,23,NA,NA,NA,IGR,FALSE,FALSE,FALSE,FALSE,2,1,1,1_1,9c730cfb-3fd6-428a-a0a4-c061ca5db06c,NA
2,5310805,5310805,1,snv_mnv,NA,NA,"dkfz,muse,sanger",3,COSN19241828,NA,NA,FALSE,0.2286,NA,8,27,NA,NA,NA,IGR,FALSE,FALSE,FALSE,FALSE,2,1,1,1_1,9c730cfb-3fd6-428a-a0a4-c061ca5db06c,NA
2,7287146,7287146,1,snv_mnv,NA,NA,"broad,dkfz,muse,sanger",4,COSN19241716,NA,AluSg4,FALSE,0.52,NA,13,12,NA,NA,NA,IGR,FALSE,FALSE,TRUE,FALSE,2,1,1,1_1,9c730cfb-3fd6-428a-a0a4-c061ca5db06c,NA
2,8608388,8608388,1,snv_mnv,NA,NA,"broad,dkfz,muse,sanger",4,COSN19241712,NA,L1MB3,FALSE,0.5312,NA,17,15,NA,NA,NA,IGR,FALSE,FALSE,FALSE,FALSE,2,1,1,1_1,9c730cfb-3fd6-428a-a0a4-c061ca5db06c,NA
2,12535782,12535782,1,snv_mnv,NA,NA,"broad,dkfz,muse,sanger",4,COSN19241821,NA,L1MEc,FALSE,0.4688,NA,15,17,NA,NA,NA,lincRNA,FALSE,FALSE,FALSE,FALSE,2,1,1,1_1,9c730cfb-3fd6-428a-a0a4-c061ca5db06c,NA
2,14696498,14696498,1,snv_mnv,NA,NA,"broad,dkfz,muse,sanger",4,COSN19241707,NA,NA,FALSE,0.5238,NA,22,20,NA,NA,NA,IGR,FALSE,FALSE,FALSE,FALSE,2,1,1,1_1,9c730cfb-3fd6-428a-a0a4-c061ca5db06c,NA
2,18041657,18041657,1,snv_mnv,NA,NA,"dkfz,sanger",2,COSN19241760,NA,NA,FALSE,0.4839,NA,15,16,NA,NA,NA,IGR,FALSE,FALSE,FALSE,FALSE,2,1,1,1_1,9c730cfb-3fd6-428a-a0a4-c061ca5db06c,NA
2,18380290,18380290,1,snv_mnv,NA,NA,"broad,dkfz,muse,sanger",4,COSN19241722,NA,NA,FALSE,0.4318,NA,19,25,NA,NA,NA,Intron,FALSE,FALSE,TRUE,FALSE,2,1,1,1_1,9c730cfb-3fd6-428a-a0a4-c061ca5db06c,NA
2,21509117,21509117,1,snv_mnv,NA,NA,"broad,dkfz,muse,sanger",4,COSN19241787,NA,NA,FALSE,0.4194,NA,13,18,NA,NA,NA,IGR,FALSE,FALSE,FALSE,FALSE,2,1,1,1_1,9c730cfb-3fd6-428a-a0a4-c061ca5db06c,NA
2,21517653,21517653,1,snv_mnv,NA,NA,"broad,dkfz,muse,sanger",4,COSN19241724,NA,NA,FALSE,0.4286,NA,18,24,NA,NA,NA,IGR,FALSE,FALSE,FALSE,FALSE,2,1,1,1_1,9c730cfb-3fd6-428a-a0a4-c061ca5db06c,NA
2,33839197,33839197,1,snv_mnv,NA,NA,"broad,dkfz,muse,sanger",4,COSN19241754,NA,HUERS-P1-int,FALSE,0.4419,NA,19,24,NA,NA,NA,IGR,FALSE,FALSE,FALSE,FALSE,2,1,1,1_1,9c730cfb-3fd6-428a-a0a4-c061ca5db06c,NA
2,35357332,35357332,1,snv_mnv,NA,NA,"broad,dkfz,muse,sanger",4,COSN19241797,NA,THE1B-int,FALSE,0.3704,NA,10,17,NA,NA,NA,lincRNA,FALSE,FALSE,FALSE,FALSE,2,1,1,1_1,9c730cfb-3fd6-428a-a0a4-c061ca5db06c,NA
2,35557806,35557806,1,snv_mnv,NA,NA,"broad,dkfz,muse,sanger",4,COSN19241702,NA,MER101-int,FALSE,0.4048,NA,17,25,NA,NA,NA,IGR,FALSE,FALSE,FALSE,FALSE,2,1,1,1_1,9c730cfb-3fd6-428a-a0a4-c061ca5db06c,NA
2,35572670,35572670,1,snv_mnv,NA,NA,"broad,dkfz,muse,sanger",4,COSN19241743,NA,L1PB1,FALSE,0.3462,NA,9,17,NA,NA,NA,IGR,FALSE,FALSE,FALSE,FALSE,2,1,1,1_1,9c730cfb-3fd6-428a-a0a4-c061ca5db06c,NA
2,40368082,40368082,1,snv_mnv,NA,NA,"broad,dkfz,muse,sanger",4,COSN19241798,NA,NA,FALSE,0.5278,NA,19,17,NA,NA,NA,Intron,FALSE,FALSE,FALSE,FALSE,2,1,1,1_1,9c730cfb-3fd6-428a-a0a4-c061ca5db06c,NA
2,43348419,43348419,1,snv_mnv,NA,NA,"broad,dkfz,muse,sanger",4,COSN19241836,NA,NA,FALSE,0.4231,NA,11,15,NA,NA,NA,IGR,FALSE,FALSE,FALSE,FALSE,2,1,1,1_1,9c730cfb-3fd6-428a-a0a4-c061ca5db06c,NA
2,43752290,43752290,1,snv_mnv,NA,NA,"broad,dkfz,muse,sanger",4,COSN19241755,NA,L2,FALSE,0.2963,NA,8,19,NA,NA,NA,Intron,FALSE,FALSE,FALSE,FALSE,2,1,1,1_1,9c730cfb-3fd6-428a-a0a4-c061ca5db06c,NA
2,44782812,44782812,1,snv_mnv,NA,NA,"broad,dkfz,muse,sanger",4,COSN19241813,NA,L2c,FALSE,0.3929,NA,11,17,NA,NA,NA,Intron,FALSE,FALSE,FALSE,FALSE,2,1,1,1_1,9c730cfb-3fd6-428a-a0a4-c061ca5db06c,CAMKMT
2,46311819,46311819,1,snv_mnv,NA,NA,"broad,dkfz,muse,sanger",4,COSN19241748,NA,AluSc5,FALSE,0.4118,NA,7,10,NA,NA,NA,Intron,FALSE,FALSE,FALSE,FALSE,2,1,1,1_1,9c730cfb-3fd6-428a-a0a4-c061ca5db06c,NA
2,47603296,47603296,1,snv_mnv,NA,NA,"broad,dkfz,muse,sanger",4,COSN19241699,NA,L1MC4,FALSE,0.5,NA,15,15,NA,NA,NA,Intron,FALSE,FALSE,FALSE,FALSE,2,1,1,1_1,9c730cfb-3fd6-428a-a0a4-c061ca5db06c,"EPCAM,MIR559"
2,47854698,47854698,1,snv_mnv,NA,NA,"broad,dkfz,muse,sanger",4,COSN19241725,NA,L2,FALSE,0.6522,NA,15,8,NA,NA,NA,IGR,FALSE,FALSE,FALSE,FALSE,2,1,1,1_1,9c730cfb-3fd6-428a-a0a4-c061ca5db06c,NA
2,49585842,49585842,1,snv_mnv,NA,NA,"broad,dkfz,muse,sanger",4,COSN19241761,NA,AluY,FALSE,0.4138,NA,12,17,NA,NA,NA,IGR,FALSE,FALSE,FALSE,FALSE,2,1,1,1_1,9c730cfb-3fd6-428a-a0a4-c061ca5db06c,NA
2,50370755,50370755,1,snv_mnv,NA,NA,"broad,dkfz,muse,sanger",4,COSN19241726,NA,NA,FALSE,0.2727,NA,9,24,NA,NA,NA,Intron,FALSE,FALSE,FALSE,FALSE,2,1,1,1_1,9c730cfb-3fd6-428a-a0a4-c061ca5db06c,NA
2,51043525,51043525,1,snv_mnv,NA,NA,"broad,dkfz,muse,sanger",4,COSN19241814,NA,NA,FALSE,0.5385,NA,21,18,NA,NA,NA,Intron,FALSE,FALSE,FALSE,FALSE,2,1,1,1_1,9c730cfb-3fd6-428a-a0a4-c061ca5db06c,NA
2,51088061,51088061,1,snv_mnv,NA,NA,"broad,dkfz,muse,sanger",4,COSN19241838,NA,NA,FALSE,0.4894,NA,23,24,NA,NA,NA,Intron,FALSE,FALSE,FALSE,FALSE,2,1,1,1_1,9c730cfb-3fd6-428a-a0a4-c061ca5db06c,NA
2,51359807,51359807,1,snv_mnv,NA,NA,"broad,dkfz,muse,sanger",4,COSN19241734,NA,MIRb,FALSE,0.4571,NA,16,19,NA,NA,NA,lincRNA,FALSE,FALSE,FALSE,FALSE,2,1,1,1_1,9c730cfb-3fd6-428a-a0a4-c061ca5db06c,NA
2,52356047,52356047,1,snv_mnv,NA,NA,"broad,dkfz,muse,sanger",4,COSN19241717,NA,MER4-int,FALSE,0.4419,NA,19,24,NA,NA,NA,lincRNA,FALSE,FALSE,FALSE,FALSE,2,1,1,1_1,9c730cfb-3fd6-428a-a0a4-c061ca5db06c,NA
2,53179345,53179345,1,snv_mnv,NA,NA,"broad,dkfz,muse,sanger",4,COSN19241826,NA,NA,FALSE,0.3864,NA,17,27,NA,NA,NA,IGR,FALSE,FALSE,FALSE,FALSE,2,1,1,1_1,9c730cfb-3fd6-428a-a0a4-c061ca5db06c,NA
2,53514747,53514747,1,snv_mnv,NA,NA,"broad,dkfz,muse,sanger",4,COSN19241829,NA,NA,FALSE,0.5952,NA,25,17,NA,NA,NA,IGR,FALSE,FALSE,FALSE,FALSE,2,1,1,1_1,9c730cfb-3fd6-428a-a0a4-c061ca5db06c,NA
2,57215709,57215709,1,snv_mnv,NA,NA,"broad,dkfz,muse,sanger",4,COSN19241742,NA,NA,FALSE,0.5862,NA,17,12,NA,NA,NA,IGR,FALSE,FALSE,TRUE,FALSE,2,1,1,1_1,9c730cfb-3fd6-428a-a0a4-c061ca5db06c,NA
2,59286741,59286741,1,snv_mnv,NA,NA,"broad,dkfz,muse,sanger",4,COSN19241839,NA,NA,FALSE,0.4062,NA,13,19,NA,NA,NA,lincRNA,FALSE,FALSE,FALSE,FALSE,2,1,1,1_1,9c730cfb-3fd6-428a-a0a4-c061ca5db06c,NA
2,64544884,64544884,1,snv_mnv,NA,NA,"broad,dkfz,muse,sanger",4,COSN19241738,NA,NA,FALSE,0.6562,NA,21,11,NA,NA,NA,IGR,FALSE,FALSE,FALSE,FALSE,2,1,1,1_1,9c730cfb-3fd6-428a-a0a4-c061ca5db06c,NA
2,66226919,66226919,1,snv_mnv,NA,NA,"broad,dkfz,muse,sanger",4,COSN19241788,NA,NA,FALSE,0.4359,NA,17,22,NA,NA,NA,IGR,FALSE,FALSE,FALSE,FALSE,2,1,1,1_1,9c730cfb-3fd6-428a-a0a4-c061ca5db06c,NA
2,66743895,66743895,1,snv_mnv,NA,NA,"broad,dkfz,muse,sanger",4,COSN19241786,NA,NA,FALSE,0.3448,NA,10,19,NA,NA,NA,Intron,FALSE,FALSE,FALSE,FALSE,2,1,1,1_1,9c730cfb-3fd6-428a-a0a4-c061ca5db06c,MEIS1
2,67259987,67259987,1,snv_mnv,NA,NA,"broad,dkfz,muse,sanger",4,COSN19241831,NA,NA,FALSE,0.5588,NA,19,15,NA,NA,NA,IGR,FALSE,FALSE,FALSE,FALSE,2,1,1,1_1,9c730cfb-3fd6-428a-a0a4-c061ca5db06c,NA
2,67362260,67362260,1,snv_mnv,NA,NA,"broad,muse",2,COSN19241807,NA,NA,FALSE,0.1875,NA,6,26,NA,NA,NA,lincRNA,FALSE,FALSE,FALSE,FALSE,2,1,1,1_1,9c730cfb-3fd6-428a-a0a4-c061ca5db06c,NA
2,69218716,69218716,1,snv_mnv,NA,NA,"broad,dkfz,muse,sanger",4,COSN19241812,NA,NA,FALSE,0.225,NA,9,31,NA,NA,NA,IGR,FALSE,FALSE,FALSE,FALSE,2,1,1,1_1,9c730cfb-3fd6-428a-a0a4-c061ca5db06c,NA
2,72006617,72006617,1,snv_mnv,NA,NA,"broad,dkfz,muse,sanger",4,COSN19241693,NA,NA,FALSE,0.3214,NA,9,19,NA,NA,NA,IGR,FALSE,FALSE,FALSE,FALSE,2,1,1,1_1,9c730cfb-3fd6-428a-a0a4-c061ca5db06c,NA
2,81764752,81764752,1,snv_mnv,NA,NA,"broad,dkfz,muse,sanger",4,COSN19241795,NA,NA,FALSE,0.3636,NA,12,21,NA,NA,NA,IGR,FALSE,FALSE,FALSE,FALSE,2,1,1,1_1,9c730cfb-3fd6-428a-a0a4-c061ca5db06c,NA
2,82174188,82174188,1,snv_mnv,NA,NA,"broad,dkfz,muse,sanger",4,COSN19241805,NA,L1PA7,FALSE,0.375,NA,12,20,NA,NA,NA,IGR,FALSE,FALSE,FALSE,FALSE,2,1,1,1_1,9c730cfb-3fd6-428a-a0a4-c061ca5db06c,NA
2,82861201,82861201,1,snv_mnv,NA,NA,"broad,dkfz,muse,sanger",4,COSN19241710,NA,NA,FALSE,0.3889,NA,14,22,NA,NA,NA,IGR,FALSE,FALSE,FALSE,FALSE,2,1,1,1_1,9c730cfb-3fd6-428a-a0a4-c061ca5db06c,NA
2,82982371,82982371,1,snv_mnv,NA,NA,"broad,dkfz,muse,sanger",4,COSN19241811,NA,MIRb,FALSE,0.549,NA,28,23,NA,NA,NA,IGR,FALSE,FALSE,FALSE,FALSE,2,1,1,1_1,9c730cfb-3fd6-428a-a0a4-c061ca5db06c,NA
2,85414736,85414736,1,snv_mnv,NA,NA,"broad,dkfz,muse,sanger",4,COSN19241763,NA,L1MD,FALSE,0.4333,NA,13,17,NA,NA,NA,Intron,FALSE,FALSE,FALSE,FALSE,2,1,1,1_1,9c730cfb-3fd6-428a-a0a4-c061ca5db06c,TCF7L1-IT1
2,89010379,89010379,1,snv_mnv,NA,NA,"broad,dkfz,muse,sanger",4,COSN19241765,NA,NA,FALSE,0.56,NA,14,11,NA,NA,NA,Intron,FALSE,FALSE,FALSE,FALSE,2,1,1,1_1,9c730cfb-3fd6-428a-a0a4-c061ca5db06c,NA
2,89164339,89164339,1,snv_mnv,NA,NA,"broad,dkfz,muse,sanger",4,COSN19241733,rs189420366,NA,FALSE,1,NA,20,NA,NA,NA,NA,RNA,FALSE,FALSE,FALSE,FALSE,1,1,0,1_0,9c730cfb-3fd6-428a-a0a4-c061ca5db06c,"IGKJ2,IGKJ1,AC244205.1,IGKJ5,IGKJ4,IGKJ3"
2,99376480,99376480,1,snv_mnv,NA,NA,"broad,dkfz,muse,sanger",4,COSN19241749,NA,NA,FALSE,0.4333,NA,13,17,NA,NA,NA,lincRNA,FALSE,FALSE,FALSE,FALSE,2,1,1,1_1,9c730cfb-3fd6-428a-a0a4-c061ca5db06c,AC109826.1
2,100205530,100205530,1,snv_mnv,NA,NA,"broad,dkfz,muse,sanger",4,COSN19241698,NA,NA,FALSE,0.525,NA,21,19,NA,NA,NA,Intron,FALSE,FALSE,FALSE,FALSE,2,1,1,1_1,9c730cfb-3fd6-428a-a0a4-c061ca5db06c,NA
2,100367769,100367769,1,snv_mnv,NA,NA,"broad,muse,sanger",3,COSN19241737,NA,AluSz,FALSE,0.1429,NA,4,24,NA,NA,NA,Intron,FALSE,FALSE,FALSE,FALSE,2,1,1,1_1,9c730cfb-3fd6-428a-a0a4-c061ca5db06c,NA
2,100623641,100623641,1,snv_mnv,NA,NA,"broad,dkfz,muse,sanger",4,COSM5418809,NA,NA,FALSE,0.5185,NA,14,13,NA,NA,NA,Silent,FALSE,FALSE,FALSE,FALSE,2,1,1,1_1,9c730cfb-3fd6-428a-a0a4-c061ca5db06c,AFF3
2,104154395,104154395,1,snv_mnv,NA,NA,"broad,dkfz,muse,sanger",4,COSN19241728,NA,AluJb,FALSE,0.4,NA,12,18,NA,NA,NA,IGR,FALSE,FALSE,FALSE,FALSE,2,1,1,1_1,9c730cfb-3fd6-428a-a0a4-c061ca5db06c,NA
2,106116109,106116109,1,snv_mnv,NA,NA,"broad,muse,sanger",3,COSN19241785,NA,L1MDa,FALSE,0.1429,NA,4,24,NA,NA,NA,IGR,FALSE,FALSE,FALSE,FALSE,2,1,1,1_1,9c730cfb-3fd6-428a-a0a4-c061ca5db06c,NA
2,107928800,107928800,1,snv_mnv,NA,NA,"broad,dkfz,muse,sanger",4,COSN19241720,rs767606388,MER58C,FALSE,0.5238,NA,11,10,NA,NA,NA,lincRNA,FALSE,FALSE,FALSE,FALSE,2,1,1,1_1,9c730cfb-3fd6-428a-a0a4-c061ca5db06c,NA
2,109663646,109663646,1,snv_mnv,NA,NA,"broad,dkfz,muse,sanger",4,COSN19241731,NA,NA,FALSE,0.3913,NA,9,14,NA,NA,NA,IGR,FALSE,FALSE,FALSE,FALSE,2,1,1,1_1,9c730cfb-3fd6-428a-a0a4-c061ca5db06c,NA
2,115855637,115855637,1,snv_mnv,NA,NA,"broad,dkfz,muse,sanger",4,COSN19241835,NA,LTR16A,FALSE,0.5667,NA,17,13,NA,NA,NA,Intron,FALSE,FALSE,FALSE,FALSE,2,1,1,1_1,9c730cfb-3fd6-428a-a0a4-c061ca5db06c,NA
2,115896038,115896038,1,snv_mnv,NA,NA,"broad,dkfz,muse,sanger",4,COSN19241779,NA,NA,FALSE,0.2162,NA,8,29,NA,NA,NA,Intron,FALSE,FALSE,FALSE,FALSE,2,1,1,1_1,9c730cfb-3fd6-428a-a0a4-c061ca5db06c,NA
2,117437249,117437249,1,snv_mnv,NA,NA,"broad,dkfz,muse,sanger",4,COSN19241705,NA,NA,FALSE,0.48,NA,12,13,NA,NA,NA,IGR,FALSE,FALSE,FALSE,FALSE,2,1,1,1_1,9c730cfb-3fd6-428a-a0a4-c061ca5db06c,NA
2,118119678,118119678,1,snv_mnv,NA,NA,"broad,dkfz,muse,sanger",4,COSN19241802,NA,L1PB3,FALSE,0.3824,NA,13,21,NA,NA,NA,IGR,FALSE,FALSE,TRUE,FALSE,2,1,1,1_1,9c730cfb-3fd6-428a-a0a4-c061ca5db06c,NA
2,121233498,121233498,1,snv_mnv,NA,NA,"broad,dkfz,muse,sanger",4,COSN19241799,NA,MIRb,FALSE,0.2791,NA,12,31,NA,NA,NA,IGR,FALSE,FALSE,FALSE,FALSE,2,1,1,1_1,9c730cfb-3fd6-428a-a0a4-c061ca5db06c,NA
2,121738646,121738646,1,snv_mnv,NA,NA,"broad,dkfz,muse,sanger",4,COSN19241739,NA,AluSx,FALSE,0.5,NA,15,15,NA,NA,NA,Intron,FALSE,FALSE,FALSE,FALSE,2,1,1,1_1,9c730cfb-3fd6-428a-a0a4-c061ca5db06c,NA
2,121823626,121823626,1,snv_mnv,NA,NA,"broad,dkfz,muse",3,COSN19241776,NA,L2c,FALSE,0.4348,NA,10,13,NA,NA,NA,IGR,FALSE,FALSE,FALSE,FALSE,2,1,1,1_1,9c730cfb-3fd6-428a-a0a4-c061ca5db06c,NA
2,124785400,124785400,1,snv_mnv,NA,NA,"broad,dkfz,muse,sanger",4,COSN19241810,NA,NA,FALSE,0.5,NA,20,20,NA,NA,NA,Intron,FALSE,FALSE,FALSE,FALSE,2,1,1,1_1,9c730cfb-3fd6-428a-a0a4-c061ca5db06c,AC079154.1
2,125295444,125295444,1,snv_mnv,NA,NA,"broad,dkfz,muse,sanger",4,COSN19241778,NA,NA,FALSE,0.3158,NA,12,26,NA,NA,NA,Intron,FALSE,FALSE,FALSE,FALSE,2,1,1,1_1,9c730cfb-3fd6-428a-a0a4-c061ca5db06c,NA
2,125488746,125488746,1,snv_mnv,NA,NA,"broad,dkfz,muse,sanger",4,COSN19241732,NA,NA,FALSE,0.3939,NA,13,20,NA,NA,NA,Intron,FALSE,FALSE,FALSE,FALSE,2,1,1,1_1,9c730cfb-3fd6-428a-a0a4-c061ca5db06c,NA
2,125904043,125904043,1,snv_mnv,NA,NA,"broad,dkfz,muse,sanger",4,COSN19241772,NA,NA,FALSE,0.5,NA,20,20,NA,NA,NA,IGR,FALSE,FALSE,FALSE,FALSE,2,1,1,1_1,9c730cfb-3fd6-428a-a0a4-c061ca5db06c,NA
2,127133246,127133246,1,snv_mnv,NA,NA,"broad,dkfz,muse,sanger",4,COSN19241771,NA,L1PA15,FALSE,0.1714,NA,6,29,NA,NA,NA,IGR,FALSE,FALSE,FALSE,FALSE,2,1,1,1_1,9c730cfb-3fd6-428a-a0a4-c061ca5db06c,NA
2,132264184,132264184,1,snv_mnv,NA,NA,"broad,muse,sanger",3,COSN19241713,NA,AluSx1,FALSE,0.25,NA,4,12,NA,NA,NA,RNA,FALSE,FALSE,TRUE,FALSE,2,1,1,1_1,9c730cfb-3fd6-428a-a0a4-c061ca5db06c,NA
2,133131727,133131727,1,snv_mnv,NA,NA,"dkfz,sanger",2,COSN19241789,NA,LTR24,FALSE,0.7308,NA,19,7,NA,NA,NA,IGR,FALSE,FALSE,FALSE,FALSE,2,1,1,1_1,9c730cfb-3fd6-428a-a0a4-c061ca5db06c,NA
2,133210883,133210883,1,snv_mnv,NA,NA,"broad,dkfz,muse,sanger",4,COSN19241701,NA,L1PA6,FALSE,0.5,NA,17,17,NA,NA,NA,Intron,FALSE,FALSE,FALSE,FALSE,2,1,1,1_1,9c730cfb-3fd6-428a-a0a4-c061ca5db06c,NA
2,134674132,134674132,1,snv_mnv,NA,NA,"broad,dkfz,muse,sanger",4,COSN19241820,NA,L1MEf,FALSE,0.5385,NA,14,12,NA,NA,NA,IGR,FALSE,FALSE,TRUE,FALSE,2,1,1,1_1,9c730cfb-3fd6-428a-a0a4-c061ca5db06c,NA
2,136993627,136993627,1,snv_mnv,NA,NA,"broad,dkfz,muse,sanger",4,COSN19241808,NA,NA,FALSE,0.2647,NA,9,25,NA,NA,NA,IGR,FALSE,FALSE,FALSE,FALSE,2,1,1,1_1,9c730cfb-3fd6-428a-a0a4-c061ca5db06c,AC112255.1
2,137776311,137776311,1,snv_mnv,NA,NA,"broad,dkfz,muse,sanger",4,COSN19241791,NA,NA,FALSE,0.475,NA,19,21,NA,NA,NA,Intron,FALSE,FALSE,FALSE,FALSE,2,1,1,1_1,9c730cfb-3fd6-428a-a0a4-c061ca5db06c,NA
2,138374828,138374828,1,snv_mnv,NA,NA,"broad,dkfz,muse,sanger",4,COSN19241834,NA,NA,FALSE,0.4872,NA,19,20,NA,NA,NA,Intron,FALSE,FALSE,FALSE,FALSE,2,1,1,1_1,9c730cfb-3fd6-428a-a0a4-c061ca5db06c,NA
2,139691993,139691993,1,snv_mnv,NA,NA,"broad,muse",2,COSN1791399,NA,L1PA8A,FALSE,0.122,NA,5,36,NA,NA,NA,IGR,FALSE,FALSE,FALSE,FALSE,2,1,1,1_1,9c730cfb-3fd6-428a-a0a4-c061ca5db06c,NA
2,139692342,139692342,1,snv_mnv,NA,NA,"broad,dkfz,muse,sanger",4,COSN19241822,NA,NA,FALSE,0.3846,NA,15,24,NA,NA,NA,IGR,FALSE,FALSE,TRUE,FALSE,2,1,1,1_1,9c730cfb-3fd6-428a-a0a4-c061ca5db06c,NA
2,143063578,143063578,1,snv_mnv,NA,NA,"broad,dkfz,muse,sanger",4,COSN19241752,NA,NA,FALSE,0.4583,NA,22,26,NA,NA,NA,IGR,FALSE,FALSE,TRUE,FALSE,2,1,1,1_1,9c730cfb-3fd6-428a-a0a4-c061ca5db06c,NA
2,143899429,143899429,1,snv_mnv,NA,NA,"broad,dkfz,muse,sanger",4,COSN19241729,NA,NA,FALSE,0.2143,NA,6,22,NA,NA,NA,Intron,FALSE,FALSE,FALSE,FALSE,2,1,1,1_1,9c730cfb-3fd6-428a-a0a4-c061ca5db06c,NA
2,145610593,145610593,1,snv_mnv,NA,NA,"broad,dkfz,muse,sanger",4,COSN19241741,NA,Arthur1C,FALSE,0.4643,NA,13,15,NA,NA,NA,lincRNA,FALSE,FALSE,FALSE,FALSE,2,1,1,1_1,9c730cfb-3fd6-428a-a0a4-c061ca5db06c,NA
2,146128787,146128787,1,snv_mnv,NA,NA,"broad,dkfz,muse,sanger",4,COSN19241783,NA,L2c,FALSE,0.4,NA,14,21,NA,NA,NA,IGR,FALSE,FALSE,FALSE,FALSE,2,1,1,1_1,9c730cfb-3fd6-428a-a0a4-c061ca5db06c,NA
2,146529358,146529358,1,snv_mnv,NA,NA,"broad,dkfz,muse,sanger",4,COSN19241774,NA,L2b,FALSE,0.4286,NA,15,20,NA,NA,NA,IGR,FALSE,FALSE,FALSE,FALSE,2,1,1,1_1,9c730cfb-3fd6-428a-a0a4-c061ca5db06c,NA
2,146949465,146949465,1,snv_mnv,NA,NA,"broad,dkfz,muse,sanger",4,COSN19241709,NA,NA,FALSE,0.3462,NA,9,17,NA,NA,NA,IGR,FALSE,FALSE,FALSE,FALSE,2,1,1,1_1,9c730cfb-3fd6-428a-a0a4-c061ca5db06c,RPL17P12
2,147751077,147751077,1,snv_mnv,NA,NA,"broad,dkfz,muse,sanger",4,COSN19241770,NA,Charlie1a,FALSE,0.5,NA,19,19,NA,NA,NA,IGR,FALSE,FALSE,FALSE,FALSE,2,1,1,1_1,9c730cfb-3fd6-428a-a0a4-c061ca5db06c,NA
2,147801994,147801994,1,snv_mnv,NA,NA,"broad,dkfz,muse,sanger",4,COSN19241833,NA,NA,FALSE,0.3077,NA,8,18,NA,NA,NA,IGR,FALSE,FALSE,FALSE,FALSE,2,1,1,1_1,9c730cfb-3fd6-428a-a0a4-c061ca5db06c,NA
2,155944021,155944021,1,snv_mnv,NA,NA,"broad,dkfz,muse,sanger",4,COSN19241715,NA,L1PA15,FALSE,0.5667,NA,17,13,NA,NA,NA,RNA,FALSE,FALSE,FALSE,FALSE,2,1,1,1_1,9c730cfb-3fd6-428a-a0a4-c061ca5db06c,RNU6-1001P
2,161705029,161705029,1,snv_mnv,NA,NA,"broad,muse",2,COSN19241790,NA,(TA)n,FALSE,0.2857,NA,6,15,NA,NA,NA,IGR,FALSE,FALSE,FALSE,FALSE,2,1,1,1_1,9c730cfb-3fd6-428a-a0a4-c061ca5db06c,AC096656.1
2,167062824,167062824,1,snv_mnv,NA,NA,"broad,muse,sanger",3,COSN19241736,NA,L1PA6,FALSE,0.4231,NA,11,15,NA,NA,NA,Intron,FALSE,FALSE,FALSE,FALSE,2,1,1,1_1,9c730cfb-3fd6-428a-a0a4-c061ca5db06c,SCN9A
2,168234086,168234086,1,snv_mnv,NA,NA,"broad,dkfz,muse,sanger",4,COSN19241694,NA,L1PA16,FALSE,0.4865,NA,18,19,NA,NA,NA,lincRNA,FALSE,FALSE,FALSE,FALSE,2,1,1,1_1,9c730cfb-3fd6-428a-a0a4-c061ca5db06c,NA
2,168787698,168787698,1,snv_mnv,NA,NA,"broad,dkfz,muse,sanger",4,COSN19241753,NA,NA,FALSE,0.3,NA,12,28,NA,NA,NA,RNA,FALSE,FALSE,FALSE,FALSE,2,1,1,1_1,9c730cfb-3fd6-428a-a0a4-c061ca5db06c,NA
2,169602666,169602666,1,snv_mnv,NA,NA,"broad,dkfz,muse,sanger",4,COSN19241767,NA,MER115,FALSE,0.2667,NA,4,11,NA,NA,NA,Intron,FALSE,FALSE,FALSE,FALSE,2,1,1,1_1,9c730cfb-3fd6-428a-a0a4-c061ca5db06c,NA
2,169777339,169777339,1,snv_mnv,NA,NA,"broad,dkfz,muse,sanger",4,COSN19241746,NA,NA,FALSE,0.4545,NA,20,24,NA,NA,NA,IGR,FALSE,FALSE,FALSE,FALSE,2,1,1,1_1,9c730cfb-3fd6-428a-a0a4-c061ca5db06c,ABCB11
2,170160368,170160368,1,snv_mnv,NA,NA,"broad,dkfz,muse,sanger",4,COSN19241703,NA,NA,FALSE,0.5135,NA,19,18,NA,NA,NA,Intron,FALSE,FALSE,FALSE,FALSE,2,1,1,1_1,9c730cfb-3fd6-428a-a0a4-c061ca5db06c,NA
2,173543727,173543727,1,snv_mnv,3.9936e-4,rs539873771,"broad,dkfz,muse,sanger",4,COSN19241759,rs539873771,NA,FALSE,0.5208,NA,25,23,NA,NA,NA,RNA,FALSE,FALSE,FALSE,FALSE,2,1,1,1_1,9c730cfb-3fd6-428a-a0a4-c061ca5db06c,AC018712.1
2,173682856,173682856,1,snv_mnv,NA,NA,"broad,dkfz,muse,sanger",4,COSN19241815,NA,L1PB1,FALSE,0.4286,NA,9,12,NA,NA,NA,Intron,FALSE,FALSE,FALSE,FALSE,2,1,1,1_1,9c730cfb-3fd6-428a-a0a4-c061ca5db06c,RAPGEF4
2,176704327,176704327,1,snv_mnv,NA,NA,"broad,dkfz,muse,sanger",4,COSN19241804,NA,L1MA4A,FALSE,0.4324,NA,16,21,NA,NA,NA,IGR,FALSE,FALSE,FALSE,FALSE,2,1,1,1_1,9c730cfb-3fd6-428a-a0a4-c061ca5db06c,EXTL2P1
2,180373727,180373727,1,snv_mnv,NA,NA,"broad,dkfz,muse,sanger",4,COSN19241796,NA,AluY,FALSE,0.5556,NA,10,8,NA,NA,NA,Intron,FALSE,FALSE,FALSE,FALSE,2,1,1,1_1,9c730cfb-3fd6-428a-a0a4-c061ca5db06c,NA
2,184171796,184171796,1,snv_mnv,NA,NA,"broad,dkfz,muse,sanger",4,COSN19241803,NA,NA,FALSE,0.4857,NA,17,18,NA,NA,NA,IGR,FALSE,FALSE,FALSE,FALSE,2,1,1,1_1,9c730cfb-3fd6-428a-a0a4-c061ca5db06c,NA
2,184293505,184293505,1,snv_mnv,NA,NA,"broad,dkfz,muse,sanger",4,COSN19241719,NA,L1MC1,FALSE,0.5278,NA,19,17,NA,NA,NA,IGR,FALSE,FALSE,FALSE,FALSE,2,1,1,1_1,9c730cfb-3fd6-428a-a0a4-c061ca5db06c,NA
2,184656906,184656906,1,snv_mnv,NA,NA,"broad,muse",2,COSN19241784,NA,SVA_A,FALSE,0.4167,NA,10,14,NA,NA,NA,IGR,FALSE,FALSE,FALSE,FALSE,2,1,1,1_1,9c730cfb-3fd6-428a-a0a4-c061ca5db06c,NA
2,188242613,188242613,1,snv_mnv,NA,NA,"broad,dkfz,muse,sanger",4,COSN19241740,NA,NA,FALSE,0.1613,NA,5,26,NA,NA,NA,Intron,FALSE,FALSE,FALSE,FALSE,2,1,1,1_1,9c730cfb-3fd6-428a-a0a4-c061ca5db06c,CALCRL
2,188572366,188572366,1,snv_mnv,NA,NA,"broad,muse,sanger",3,COSN19241775,NA,MSTA,FALSE,0.2414,NA,7,22,NA,NA,NA,IGR,FALSE,FALSE,FALSE,FALSE,2,1,1,1_1,9c730cfb-3fd6-428a-a0a4-c061ca5db06c,NA
2,189519597,189519597,1,snv_mnv,NA,NA,"broad,dkfz,muse,sanger",4,COSN19241747,NA,NA,FALSE,0.4643,NA,13,15,NA,NA,NA,RNA,FALSE,FALSE,FALSE,FALSE,2,1,1,1_1,9c730cfb-3fd6-428a-a0a4-c061ca5db06c,NA
2,199486499,199486499,1,snv_mnv,NA,NA,"broad,dkfz,muse,sanger",4,COSN19241837,NA,NA,FALSE,0.4194,NA,13,18,NA,NA,NA,lincRNA,FALSE,FALSE,FALSE,FALSE,2,1,1,1_1,9c730cfb-3fd6-428a-a0a4-c061ca5db06c,NA
2,199958340,199958340,1,snv_mnv,NA,NA,"broad,dkfz,muse,sanger",4,COSN19241750,NA,MSTD,FALSE,0.4,NA,10,15,NA,NA,NA,IGR,FALSE,FALSE,FALSE,FALSE,2,1,1,1_1,9c730cfb-3fd6-428a-a0a4-c061ca5db06c,NA
2,204668906,204668906,1,snv_mnv,NA,NA,"broad,dkfz,muse,sanger",4,COSN19241708,NA,NA,FALSE,0.525,NA,21,19,NA,NA,NA,IGR,FALSE,FALSE,FALSE,FALSE,2,1,1,1_1,9c730cfb-3fd6-428a-a0a4-c061ca5db06c,NA
2,205170464,205170464,1,snv_mnv,NA,NA,"broad,dkfz,muse,sanger",4,COSN19241735,NA,MIRb,FALSE,0.475,NA,19,21,NA,NA,NA,IGR,FALSE,FALSE,FALSE,FALSE,2,1,1,1_1,9c730cfb-3fd6-428a-a0a4-c061ca5db06c,DSTNP5
2,205298490,205298490,1,snv_mnv,NA,NA,"broad,dkfz,muse,sanger",4,COSN19241695,NA,NA,FALSE,0.4848,NA,16,17,NA,NA,NA,IGR,FALSE,FALSE,FALSE,FALSE,2,1,1,1_1,9c730cfb-3fd6-428a-a0a4-c061ca5db06c,NA
2,205915896,205915896,1,snv_mnv,NA,NA,"broad,dkfz,muse,sanger",4,COSN19241757,NA,NA,FALSE,0.2857,NA,8,20,NA,NA,NA,Intron,FALSE,FALSE,TRUE,FALSE,2,1,1,1_1,9c730cfb-3fd6-428a-a0a4-c061ca5db06c,PARD3B
2,209588064,209588064,1,snv_mnv,NA,NA,"broad,dkfz,muse,sanger",4,COSN19241696,NA,NA,FALSE,0.5806,NA,18,13,NA,NA,NA,IGR,FALSE,FALSE,FALSE,FALSE,2,1,1,1_1,9c730cfb-3fd6-428a-a0a4-c061ca5db06c,NA
2,210729127,210729127,1,snv_mnv,NA,NA,"broad,dkfz,muse,sanger",4,COSN19241792,NA,L1PA8A,FALSE,0.4444,NA,12,15,NA,NA,NA,Intron,FALSE,FALSE,FALSE,FALSE,2,1,1,1_1,9c730cfb-3fd6-428a-a0a4-c061ca5db06c,NA
2,211724561,211724561,1,snv_mnv,NA,NA,"broad,dkfz,muse,sanger",4,COSN19241769,NA,NA,FALSE,0.5,NA,14,14,NA,NA,NA,IGR,FALSE,FALSE,FALSE,FALSE,2,1,1,1_1,9c730cfb-3fd6-428a-a0a4-c061ca5db06c,NA
2,211764298,211764298,1,snv_mnv,NA,NA,"broad,dkfz,muse,sanger",4,COSN19241700,NA,MLT1L,FALSE,0.2857,NA,10,25,NA,NA,NA,IGR,FALSE,FALSE,FALSE,FALSE,2,1,1,1_1,9c730cfb-3fd6-428a-a0a4-c061ca5db06c,NA
2,212844970,212844970,1,snv_mnv,NA,NA,"broad,dkfz,muse,sanger",4,COSN19241825,NA,NA,FALSE,0.3929,NA,11,17,NA,NA,NA,Intron,FALSE,FALSE,FALSE,FALSE,2,1,1,1_1,9c730cfb-3fd6-428a-a0a4-c061ca5db06c,NA
2,213295782,213295782,1,snv_mnv,NA,NA,"broad,dkfz,muse,sanger",4,COSN19241476,NA,NA,FALSE,0.4839,NA,15,16,NA,NA,NA,Intron,FALSE,FALSE,FALSE,FALSE,2,1,1,1_1,9c730cfb-3fd6-428a-a0a4-c061ca5db06c,"MIR548F2,ERBB4"
2,214498181,214498181,1,snv_mnv,NA,NA,"broad,dkfz,muse,sanger",4,COSN19241766,NA,L1M1,FALSE,0.4324,NA,16,21,NA,NA,NA,Intron,FALSE,FALSE,FALSE,FALSE,2,1,1,1_1,9c730cfb-3fd6-428a-a0a4-c061ca5db06c,NA
2,214852174,214852174,1,snv_mnv,NA,NA,"broad,dkfz,muse,sanger",4,COSN19241801,NA,NA,FALSE,0.3333,NA,15,30,NA,NA,NA,Intron,FALSE,FALSE,TRUE,FALSE,2,1,1,1_1,9c730cfb-3fd6-428a-a0a4-c061ca5db06c,NA
2,214988227,214988227,1,snv_mnv,NA,NA,"broad,dkfz,muse,sanger",4,COSN19241780,NA,NA,FALSE,0.5641,NA,22,17,NA,NA,NA,Intron,FALSE,FALSE,FALSE,FALSE,2,1,1,1_1,9c730cfb-3fd6-428a-a0a4-c061ca5db06c,NA
2,214990291,214990291,1,snv_mnv,NA,NA,"broad,dkfz,muse,sanger",4,COSN19241751,NA,NA,FALSE,0.3256,NA,14,29,NA,NA,NA,Intron,FALSE,FALSE,FALSE,FALSE,2,1,1,1_1,9c730cfb-3fd6-428a-a0a4-c061ca5db06c,NA
2,215070989,215070989,1,snv_mnv,NA,NA,"broad,dkfz,muse,sanger",4,COSN19241756,NA,L1MA4,FALSE,0.2703,NA,10,27,NA,NA,NA,Intron,FALSE,FALSE,FALSE,FALSE,2,1,1,1_1,9c730cfb-3fd6-428a-a0a4-c061ca5db06c,NA
2,218116053,218116053,1,snv_mnv,NA,NA,"broad,dkfz,muse,sanger",4,COSN19241718,NA,NA,FALSE,0.4242,NA,14,19,NA,NA,NA,RNA,FALSE,FALSE,FALSE,FALSE,2,1,1,1_1,9c730cfb-3fd6-428a-a0a4-c061ca5db06c,RN7SKP43
2,221431881,221431881,1,snv_mnv,NA,NA,"dkfz,sanger",2,COSN19241827,NA,L2c,FALSE,0.56,NA,28,22,NA,NA,NA,lincRNA,FALSE,FALSE,FALSE,FALSE,2,1,1,1_1,9c730cfb-3fd6-428a-a0a4-c061ca5db06c,NA
2,221879324,221879324,1,snv_mnv,NA,NA,"broad,dkfz,muse,sanger",4,COSN19241721,NA,NA,FALSE,0.5556,NA,20,16,NA,NA,NA,IGR,FALSE,FALSE,FALSE,FALSE,2,1,1,1_1,9c730cfb-3fd6-428a-a0a4-c061ca5db06c,NA
2,222554638,222554638,1,snv_mnv,NA,NA,"broad,dkfz,muse,sanger",4,COSN19241823,NA,LTR86B2,FALSE,0.5217,NA,24,22,NA,NA,NA,IGR,FALSE,FALSE,FALSE,FALSE,2,1,1,1_1,9c730cfb-3fd6-428a-a0a4-c061ca5db06c,NA
2,229737582,229737582,1,snv_mnv,NA,NA,"broad,dkfz,muse,sanger",4,COSN19241818,NA,L1MC5,FALSE,0.4643,NA,13,15,NA,NA,NA,Intron,FALSE,FALSE,FALSE,FALSE,2,1,1,1_1,9c730cfb-3fd6-428a-a0a4-c061ca5db06c,NA
2,230422842,230422842,1,snv_mnv,NA,NA,"broad,dkfz,muse,sanger",4,COSN19241764,NA,L1PA13,FALSE,0.3871,NA,12,19,NA,NA,NA,Intron,FALSE,FALSE,FALSE,FALSE,2,1,1,1_1,9c730cfb-3fd6-428a-a0a4-c061ca5db06c,NA
2,231154140,231154140,1,snv_mnv,NA,NA,"broad,dkfz,muse,sanger",4,COSN19241723,NA,NA,FALSE,0.35,NA,14,26,NA,NA,NA,Intron,FALSE,FALSE,FALSE,FALSE,2,1,1,1_1,9c730cfb-3fd6-428a-a0a4-c061ca5db06c,SP140
2,232859697,232859697,1,snv_mnv,NA,NA,"broad,dkfz,muse,sanger",4,COSN19241714,NA,AluJb,FALSE,0.52,NA,13,12,NA,NA,NA,Intron,FALSE,FALSE,FALSE,FALSE,2,1,1,1_1,9c730cfb-3fd6-428a-a0a4-c061ca5db06c,NA
2,239600916,239600916,1,snv_mnv,NA,NA,"broad,dkfz,muse,sanger",4,COSN19241762,NA,NA,FALSE,0.5455,NA,18,15,NA,NA,NA,IGR,FALSE,FALSE,FALSE,FALSE,2,1,1,1_1,9c730cfb-3fd6-428a-a0a4-c061ca5db06c,NA
2,239737674,239737674,1,snv_mnv,NA,NA,"broad,dkfz,muse,sanger",4,COSN19241832,NA,L1ME1,FALSE,0.3404,NA,16,31,NA,NA,NA,IGR,FALSE,FALSE,FALSE,FALSE,2,1,1,1_1,9c730cfb-3fd6-428a-a0a4-c061ca5db06c,NA
2,242148702,242148702,1,snv_mnv,NA,NA,"broad,dkfz,muse,sanger",4,COSM5418807,rs771784097,NA,FALSE,0.5909,NA,13,9,NA,NA,NA,Silent,FALSE,FALSE,FALSE,FALSE,2,1,1,1_1,9c730cfb-3fd6-428a-a0a4-c061ca5db06c,NA
20,4052732,4052732,1,snv_mnv,NA,NA,"broad,dkfz,muse,sanger",4,COSN19242521,NA,LTR16A1,FALSE,0.5294,NA,9,8,NA,NA,NA,Intron,FALSE,FALSE,TRUE,FALSE,2,1,1,1_1,9c730cfb-3fd6-428a-a0a4-c061ca5db06c,NA
20,6471770,6471770,1,snv_mnv,NA,NA,"broad,dkfz,muse,sanger",4,COSN19242545,NA,MER5A,FALSE,0.3704,NA,10,17,NA,NA,NA,lincRNA,FALSE,FALSE,FALSE,FALSE,2,1,1,1_1,9c730cfb-3fd6-428a-a0a4-c061ca5db06c,NA
20,7006824,7006824,1,snv_mnv,NA,NA,"broad,dkfz,muse,sanger",4,COSN19242542,NA,NA,FALSE,0.2333,NA,7,23,NA,NA,NA,IGR,FALSE,FALSE,FALSE,FALSE,2,1,1,1_1,9c730cfb-3fd6-428a-a0a4-c061ca5db06c,NA
20,7741586,7741586,1,snv_mnv,NA,NA,"broad,dkfz,muse,sanger",4,COSN19242523,NA,LTR32,FALSE,0.4375,NA,14,18,NA,NA,NA,IGR,FALSE,FALSE,FALSE,FALSE,2,1,1,1_1,9c730cfb-3fd6-428a-a0a4-c061ca5db06c,NA
20,8560245,8560245,1,snv_mnv,NA,NA,"broad,dkfz,muse,sanger",4,COSN19242532,NA,NA,FALSE,0.3617,NA,17,30,NA,NA,NA,Intron,FALSE,FALSE,FALSE,FALSE,2,1,1,1_1,9c730cfb-3fd6-428a-a0a4-c061ca5db06c,NA
20,10799298,10799298,1,snv_mnv,NA,NA,"broad,dkfz,muse,sanger",4,COSN19242546,NA,THE1B,FALSE,0.3684,NA,14,24,NA,NA,NA,RNA,FALSE,FALSE,FALSE,FALSE,2,1,1,1_1,9c730cfb-3fd6-428a-a0a4-c061ca5db06c,NA
20,11901303,11901303,1,snv_mnv,NA,NA,"broad,dkfz,muse,sanger",4,COSN19242535,NA,NA,FALSE,0.3235,NA,11,23,NA,NA,NA,Intron,FALSE,FALSE,FALSE,FALSE,2,1,1,1_1,9c730cfb-3fd6-428a-a0a4-c061ca5db06c,"BTBD3,AL035448.1"
20,11983184,11983184,1,snv_mnv,NA,NA,"broad,dkfz,muse,sanger",4,COSN19242539,NA,MER5A,FALSE,0.3256,NA,14,29,NA,NA,NA,IGR,FALSE,FALSE,FALSE,FALSE,2,1,1,1_1,9c730cfb-3fd6-428a-a0a4-c061ca5db06c,NA
20,12289080,12289080,1,snv_mnv,NA,NA,"dkfz,muse,sanger",3,COSN19242550,NA,L1M3,FALSE,0.1714,NA,6,29,NA,NA,NA,lincRNA,FALSE,FALSE,FALSE,FALSE,2,1,1,1_1,9c730cfb-3fd6-428a-a0a4-c061ca5db06c,NA
20,14334587,14334587,1,snv_mnv,NA,NA,"broad,dkfz,muse,sanger",4,COSN19242540,NA,MLT1L,FALSE,0.4595,NA,17,20,NA,NA,NA,Intron,FALSE,FALSE,FALSE,FALSE,2,1,1,1_1,9c730cfb-3fd6-428a-a0a4-c061ca5db06c,RNU6-228P
20,16105780,16105780,1,snv_mnv,NA,NA,"broad,dkfz,muse,sanger",4,COSN19242522,NA,NA,FALSE,0.4324,NA,16,21,NA,NA,NA,IGR,FALSE,FALSE,FALSE,FALSE,2,1,1,1_1,9c730cfb-3fd6-428a-a0a4-c061ca5db06c,NA
20,17182048,17182048,1,snv_mnv,NA,NA,"broad,dkfz,muse,sanger",4,COSN19242524,NA,MER47A,FALSE,0.4894,NA,23,24,NA,NA,NA,IGR,FALSE,FALSE,FALSE,FALSE,2,1,1,1_1,9c730cfb-3fd6-428a-a0a4-c061ca5db06c,NA
20,19451185,19451185,1,snv_mnv,NA,NA,"broad,dkfz,muse,sanger",4,COSN19242526,NA,NA,FALSE,0.3793,NA,11,18,NA,NA,NA,Intron,FALSE,FALSE,FALSE,FALSE,2,1,1,1_1,9c730cfb-3fd6-428a-a0a4-c061ca5db06c,NA
20,20869645,20869645,1,snv_mnv,NA,NA,"broad,dkfz,muse,sanger",4,COSN19242530,NA,NA,FALSE,0.4706,NA,16,18,NA,NA,NA,IGR,FALSE,FALSE,TRUE,FALSE,2,1,1,1_1,9c730cfb-3fd6-428a-a0a4-c061ca5db06c,NA
20,26228629,26228629,1,snv_mnv,NA,NA,"broad,dkfz,muse,sanger",4,COSN19242544,NA,NA,FALSE,0.4348,NA,10,13,NA,NA,NA,IGR,FALSE,FALSE,TRUE,FALSE,2,1,1,1_1,9c730cfb-3fd6-428a-a0a4-c061ca5db06c,MIR663AHG
20,29481075,29481075,1,snv_mnv,NA,NA,"broad,muse,sanger",3,COSN19242547,NA,THE1B,FALSE,0.3448,NA,10,19,NA,NA,NA,IGR,FALSE,FALSE,FALSE,FALSE,2,1,1,1_1,9c730cfb-3fd6-428a-a0a4-c061ca5db06c,NA
20,37066904,37066904,1,snv_mnv,NA,NA,"broad,dkfz,muse,sanger",4,COSN19242529,NA,NA,FALSE,0.4138,NA,12,17,NA,NA,NA,IGR,FALSE,FALSE,FALSE,FALSE,2,1,1,1_1,9c730cfb-3fd6-428a-a0a4-c061ca5db06c,"SNHG17,SNORA71D,RF00056"
20,38949222,38949222,1,snv_mnv,3.9936e-4,rs569661594,"broad,dkfz,muse,sanger",4,COSN19242531,rs569661594,NA,FALSE,0.4595,NA,17,20,NA,NA,NA,IGR,FALSE,FALSE,FALSE,FALSE,2,1,1,1_1,9c730cfb-3fd6-428a-a0a4-c061ca5db06c,NA
20,44754016,44754016,1,snv_mnv,NA,NA,"broad,dkfz,muse,sanger",4,COSN19242538,NA,AluSc,FALSE,0.4211,NA,8,11,NA,NA,NA,Intron,FALSE,FALSE,FALSE,FALSE,2,1,1,1_1,9c730cfb-3fd6-428a-a0a4-c061ca5db06c,NA
20,45959046,45959046,1,snv_mnv,NA,NA,"broad,dkfz,muse,sanger",4,COSN19242527,NA,AluJo,FALSE,0.4348,NA,10,13,NA,NA,NA,Intron,FALSE,FALSE,FALSE,FALSE,2,1,1,1_1,9c730cfb-3fd6-428a-a0a4-c061ca5db06c,NA
20,48768967,48768967,1,snv_mnv,NA,NA,"broad,dkfz,muse,sanger",4,COSN19242537,NA,NA,FALSE,0.3704,NA,10,17,NA,NA,NA,Intron,FALSE,FALSE,FALSE,FALSE,2,1,1,1_1,9c730cfb-3fd6-428a-a0a4-c061ca5db06c,NA
20,50596953,50596953,1,snv_mnv,NA,NA,"broad,dkfz,muse,sanger",4,COSN19242536,NA,MER2,FALSE,0.3571,NA,10,18,NA,NA,NA,IGR,FALSE,FALSE,TRUE,FALSE,2,1,1,1_1,9c730cfb-3fd6-428a-a0a4-c061ca5db06c,NA
20,50597265,50597265,1,snv_mnv,NA,NA,"broad,dkfz,muse,sanger",4,COSN19242528,NA,MER1A,FALSE,0.5806,NA,18,13,NA,NA,NA,IGR,FALSE,FALSE,FALSE,FALSE,2,1,1,1_1,9c730cfb-3fd6-428a-a0a4-c061ca5db06c,NA
20,54033869,54033869,1,snv_mnv,NA,NA,"broad,dkfz,muse,sanger",4,COSN19242541,NA,HAL1b,FALSE,0.4828,NA,14,15,NA,NA,NA,IGR,FALSE,FALSE,FALSE,FALSE,2,1,1,1_1,9c730cfb-3fd6-428a-a0a4-c061ca5db06c,LINC01441
20,55507659,55507659,1,snv_mnv,NA,NA,"broad,dkfz,muse,sanger",4,COSN19242549,NA,AluJb,FALSE,0.45,NA,9,11,NA,NA,NA,IGR,FALSE,FALSE,FALSE,FALSE,2,1,1,1_1,9c730cfb-3fd6-428a-a0a4-c061ca5db06c,NA
20,60000234,60000234,1,snv_mnv,NA,NA,"broad,dkfz,muse,sanger",4,COSN19242548,NA,NA,FALSE,0.4348,NA,10,13,NA,NA,NA,Intron,FALSE,FALSE,FALSE,FALSE,2,1,1,1_1,9c730cfb-3fd6-428a-a0a4-c061ca5db06c,NA
20,60070990,60070990,1,snv_mnv,NA,NA,"broad,dkfz,muse,sanger",4,COSN19242525,NA,NA,FALSE,0.3333,NA,5,10,NA,NA,NA,Intron,FALSE,FALSE,FALSE,FALSE,2,1,1,1_1,9c730cfb-3fd6-428a-a0a4-c061ca5db06c,NA
20,60890458,60890458,1,snv_mnv,NA,NA,"broad,dkfz,muse,sanger",4,COSN19242520,NA,NA,FALSE,0.5,NA,10,10,NA,NA,NA,Intron,FALSE,FALSE,FALSE,FALSE,2,1,1,1_1,9c730cfb-3fd6-428a-a0a4-c061ca5db06c,LAMA5
20,62029987,62029987,1,snv_mnv,NA,NA,"broad,dkfz,muse,sanger",4,COSN19242543,NA,NA,FALSE,0.4722,NA,17,19,NA,NA,NA,IGR,FALSE,FALSE,FALSE,FALSE,2,1,1,1_1,9c730cfb-3fd6-428a-a0a4-c061ca5db06c,KCNQ2
21,14733000,14733000,1,snv_mnv,NA,NA,"broad,dkfz,muse,sanger",4,COSN19241551,NA,NA,FALSE,0.4706,NA,16,18,NA,NA,NA,IGR,FALSE,FALSE,FALSE,FALSE,2,1,1,1_1,9c730cfb-3fd6-428a-a0a4-c061ca5db06c,NA
21,18471454,18471454,1,snv_mnv,NA,NA,"broad,dkfz,muse,sanger",4,COSN19241549,NA,NA,FALSE,0.3448,NA,10,19,NA,NA,NA,IGR,FALSE,FALSE,FALSE,FALSE,2,1,1,1_1,9c730cfb-3fd6-428a-a0a4-c061ca5db06c,NA
21,20418167,20418167,1,snv_mnv,NA,NA,"broad,dkfz,muse,sanger",4,COSN19241545,NA,NA,FALSE,0.3714,NA,13,22,NA,NA,NA,lincRNA,FALSE,FALSE,FALSE,FALSE,2,1,1,1_1,9c730cfb-3fd6-428a-a0a4-c061ca5db06c,AP000431.2
21,20716078,20716078,1,snv_mnv,NA,NA,"broad,dkfz,muse,sanger",4,COSN19241548,NA,NA,FALSE,0.5,NA,20,20,NA,NA,NA,RNA,FALSE,FALSE,FALSE,FALSE,2,1,1,1_1,9c730cfb-3fd6-428a-a0a4-c061ca5db06c,RNU1-139P
21,20722453,20722453,1,snv_mnv,NA,NA,"broad,dkfz,muse,sanger",4,COSN19241557,NA,NA,FALSE,0.5556,NA,25,20,NA,NA,NA,IGR,FALSE,FALSE,FALSE,FALSE,2,1,1,1_1,9c730cfb-3fd6-428a-a0a4-c061ca5db06c,RNU1-139P
21,20791773,20791773,1,snv_mnv,NA,NA,"broad,dkfz,muse,sanger",4,COSN19241544,NA,NA,FALSE,0.3824,NA,13,21,NA,NA,NA,IGR,FALSE,FALSE,FALSE,FALSE,2,1,1,1_1,9c730cfb-3fd6-428a-a0a4-c061ca5db06c,NA
21,22743552,22743552,1,snv_mnv,NA,NA,"broad,dkfz,muse,sanger",4,COSN19241555,NA,NA,FALSE,0.3,NA,12,28,NA,NA,NA,Intron,FALSE,FALSE,FALSE,FALSE,2,1,1,1_1,9c730cfb-3fd6-428a-a0a4-c061ca5db06c,NA
21,22929454,22929454,1,snv_mnv,NA,NA,"broad,dkfz,muse,sanger",4,COSN19241556,NA,AluSg7,FALSE,0.5,NA,11,11,NA,NA,NA,IGR,FALSE,FALSE,FALSE,FALSE,2,1,1,1_1,9c730cfb-3fd6-428a-a0a4-c061ca5db06c,NA
21,25397595,25397595,1,snv_mnv,NA,NA,"broad,dkfz,muse,sanger",4,COSN19241554,NA,NA,FALSE,0.5862,NA,17,12,NA,NA,NA,IGR,FALSE,FALSE,FALSE,FALSE,2,1,1,1_1,9c730cfb-3fd6-428a-a0a4-c061ca5db06c,NA
21,26309009,26309009,1,snv_mnv,NA,NA,"broad,dkfz,muse,sanger",4,COSN19241547,NA,NA,FALSE,0.6333,NA,19,11,NA,NA,NA,lincRNA,FALSE,FALSE,FALSE,FALSE,2,1,1,1_1,9c730cfb-3fd6-428a-a0a4-c061ca5db06c,AP000146.1
21,31674644,31674644,1,snv_mnv,NA,NA,"broad,dkfz,muse,sanger",4,COSN19241553,NA,L1MEc,FALSE,0.4,NA,14,21,NA,NA,NA,IGR,FALSE,FALSE,TRUE,FALSE,2,1,1,1_1,9c730cfb-3fd6-428a-a0a4-c061ca5db06c,NA
21,33369579,33369579,1,snv_mnv,NA,NA,"broad,dkfz,muse,sanger",4,COSN19241552,NA,NA,FALSE,0.4688,NA,15,17,NA,NA,NA,Intron,FALSE,FALSE,FALSE,FALSE,2,1,1,1_1,9c730cfb-3fd6-428a-a0a4-c061ca5db06c,HUNK
21,43602015,43602015,1,snv_mnv,NA,NA,"broad,dkfz,muse,sanger",4,COSN19241542,NA,L1MDb,FALSE,0.4839,NA,15,16,NA,NA,NA,IGR,FALSE,FALSE,FALSE,FALSE,2,1,1,1_1,9c730cfb-3fd6-428a-a0a4-c061ca5db06c,NA
21,46990127,46990127,1,snv_mnv,NA,NA,"broad,dkfz,muse,sanger",4,COSN19241550,rs772371240,NA,FALSE,0.5,NA,11,11,NA,NA,NA,IGR,FALSE,FALSE,FALSE,FALSE,2,1,1,1_1,9c730cfb-3fd6-428a-a0a4-c061ca5db06c,NA
22,22400287,22400287,1,snv_mnv,NA,NA,"broad,dkfz,muse,sanger",4,COSN19241848,NA,NA,FALSE,0.2593,NA,7,20,NA,NA,NA,RNA,FALSE,FALSE,FALSE,FALSE,2,1,1,1_1,9c730cfb-3fd6-428a-a0a4-c061ca5db06c,"PRAMENP,AC245452.3,IGLV10-67"
22,23447581,23447581,1,snv_mnv,NA,NA,"broad,dkfz,muse,sanger",4,COSN19241847,NA,NA,FALSE,0.4,NA,14,21,NA,NA,NA,Intron,FALSE,FALSE,FALSE,FALSE,2,1,1,1_1,9c730cfb-3fd6-428a-a0a4-c061ca5db06c,NA
22,29867272,29867272,1,snv_mnv,NA,NA,"broad,dkfz,muse,sanger",4,COSN19241842,NA,L2b,FALSE,0.4138,NA,12,17,NA,NA,NA,RNA,FALSE,FALSE,FALSE,FALSE,2,1,1,1_1,9c730cfb-3fd6-428a-a0a4-c061ca5db06c,RFPL1S
22,37386980,37386980,1,snv_mnv,NA,NA,"broad,dkfz,muse,sanger",4,COSN19241846,NA,NA,FALSE,0.6,NA,12,8,NA,NA,NA,IGR,FALSE,FALSE,FALSE,FALSE,2,1,1,1_1,9c730cfb-3fd6-428a-a0a4-c061ca5db06c,TEX33
22,42547324,42547324,1,snv_mnv,NA,NA,"broad,dkfz,muse,sanger",4,COSN19241841,NA,NA,FALSE,0.6316,NA,12,7,NA,NA,NA,IGR,FALSE,FALSE,FALSE,FALSE,2,1,1,1_1,9c730cfb-3fd6-428a-a0a4-c061ca5db06c,NA
22,43265404,43265404,1,snv_mnv,NA,NA,"broad,dkfz,muse,sanger",4,COSN19241845,NA,MIRb,FALSE,0.5714,NA,12,9,NA,NA,NA,IGR,FALSE,FALSE,FALSE,FALSE,2,1,1,1_1,9c730cfb-3fd6-428a-a0a4-c061ca5db06c,PACSIN2
22,49801128,49801128,1,snv_mnv,NA,NA,"broad,dkfz,muse,sanger",4,COSN19241844,NA,NA,FALSE,0.4444,NA,4,5,NA,NA,NA,IGR,FALSE,FALSE,FALSE,TRUE,2,1,1,1_1,9c730cfb-3fd6-428a-a0a4-c061ca5db06c,NA
3,477701,477701,1,snv_mnv,NA,NA,"broad,dkfz,muse,sanger",4,COSN19242284,NA,NA,FALSE,0.4595,NA,17,20,NA,NA,NA,IGR,FALSE,FALSE,FALSE,FALSE,2,1,1,1_1,9c730cfb-3fd6-428a-a0a4-c061ca5db06c,NA
3,562081,562081,1,snv_mnv,NA,NA,"broad,dkfz,muse,sanger",4,COSN19242371,NA,NA,FALSE,0.3793,NA,11,18,NA,NA,NA,IGR,FALSE,FALSE,FALSE,FALSE,2,1,1,1_1,9c730cfb-3fd6-428a-a0a4-c061ca5db06c,NA
3,1878794,1878794,1,snv_mnv,NA,NA,"broad,dkfz,muse,sanger",4,COSN19242379,NA,MamRep605,FALSE,0.3415,NA,14,27,NA,NA,NA,IGR,FALSE,FALSE,FALSE,FALSE,2,1,1,1_1,9c730cfb-3fd6-428a-a0a4-c061ca5db06c,NA
3,7324419,7324419,1,snv_mnv,NA,NA,"broad,dkfz,muse,sanger",4,COSN19242338,NA,NA,FALSE,0.4359,NA,17,22,NA,NA,NA,Intron,FALSE,FALSE,FALSE,FALSE,2,1,1,1_1,9c730cfb-3fd6-428a-a0a4-c061ca5db06c,NA
3,8384469,8384469,1,snv_mnv,NA,NA,"broad,dkfz,muse,sanger",4,COSN19242373,NA,NA,FALSE,0.4444,NA,12,15,NA,NA,NA,RNA,FALSE,FALSE,TRUE,FALSE,2,1,1,1_1,9c730cfb-3fd6-428a-a0a4-c061ca5db06c,NA
3,11311970,11311970,1,snv_mnv,NA,NA,"broad,dkfz,muse,sanger",4,COSN19242311,NA,MER92B,FALSE,0.4375,NA,14,18,NA,NA,NA,5'Flank,FALSE,FALSE,FALSE,FALSE,2,1,1,1_1,9c730cfb-3fd6-428a-a0a4-c061ca5db06c,ATG7
3,12149321,12149321,1,snv_mnv,NA,NA,"broad,dkfz,muse,sanger",4,COSN19242329,NA,NA,FALSE,0.3333,NA,11,22,NA,NA,NA,RNA,FALSE,FALSE,FALSE,FALSE,2,1,1,1_1,9c730cfb-3fd6-428a-a0a4-c061ca5db06c,NA
3,13187961,13187961,1,snv_mnv,NA,NA,"broad,dkfz,muse,sanger",4,COSN19242299,NA,NA,FALSE,0.5833,NA,14,10,NA,NA,NA,IGR,FALSE,FALSE,FALSE,FALSE,2,1,1,1_1,9c730cfb-3fd6-428a-a0a4-c061ca5db06c,NA
3,18710145,18710145,1,snv_mnv,NA,NA,"broad,dkfz,muse,sanger",4,COSN19242319,NA,MLT1D,FALSE,0.4,NA,10,15,NA,NA,NA,RNA,FALSE,FALSE,FALSE,FALSE,2,1,1,1_1,9c730cfb-3fd6-428a-a0a4-c061ca5db06c,NA
3,20964934,20964934,1,snv_mnv,NA,NA,"broad,dkfz,muse,sanger",4,COSN19242268,NA,L1PB1,FALSE,0.4054,NA,15,22,NA,NA,NA,IGR,FALSE,FALSE,FALSE,FALSE,2,1,1,1_1,9c730cfb-3fd6-428a-a0a4-c061ca5db06c,NA
3,21858079,21858079,1,snv_mnv,NA,NA,"broad,muse,sanger",3,COSN19242353,NA,L1PA5,FALSE,0.4865,NA,18,19,NA,NA,NA,Intron,FALSE,FALSE,FALSE,FALSE,2,1,1,1_1,9c730cfb-3fd6-428a-a0a4-c061ca5db06c,NA
3,22447821,22447821,1,snv_mnv,NA,NA,"broad,dkfz,muse,sanger",4,COSN19242290,NA,NA,FALSE,0.4828,NA,14,15,NA,NA,NA,IGR,FALSE,FALSE,TRUE,FALSE,2,1,1,1_1,9c730cfb-3fd6-428a-a0a4-c061ca5db06c,NA
3,25246330,25246330,1,snv_mnv,NA,NA,"broad,muse",2,COSN19242273,NA,L1PA4,FALSE,0.2,NA,4,16,NA,NA,NA,Intron,FALSE,FALSE,FALSE,FALSE,2,1,1,1_1,9c730cfb-3fd6-428a-a0a4-c061ca5db06c,NA
3,26605861,26605861,1,snv_mnv,NA,NA,"broad,dkfz,muse,sanger",4,COSN19242309,NA,NA,FALSE,0.4444,NA,16,20,NA,NA,NA,IGR,FALSE,FALSE,FALSE,FALSE,2,1,1,1_1,9c730cfb-3fd6-428a-a0a4-c061ca5db06c,NA
3,27905449,27905449,1,snv_mnv,NA,NA,"broad,dkfz,muse,sanger",4,COSN19242294,NA,L1MA8,FALSE,0.3846,NA,10,16,NA,NA,NA,lincRNA,FALSE,FALSE,FALSE,FALSE,2,1,1,1_1,9c730cfb-3fd6-428a-a0a4-c061ca5db06c,LINC01980
3,30022205,30022205,1,snv_mnv,NA,NA,"broad,dkfz,muse",3,COSN19242355,NA,L1PA7,FALSE,0.2895,NA,11,27,NA,NA,NA,Intron,FALSE,FALSE,FALSE,FALSE,2,1,1,1_1,9c730cfb-3fd6-428a-a0a4-c061ca5db06c,NA
3,32902180,32902180,1,snv_mnv,NA,NA,"broad,dkfz,muse,sanger",4,COSN19242334,NA,NA,FALSE,0.56,NA,14,11,NA,NA,NA,Intron,FALSE,FALSE,FALSE,FALSE,2,1,1,1_1,9c730cfb-3fd6-428a-a0a4-c061ca5db06c,NA
3,34976419,34976419,1,snv_mnv,NA,NA,"broad,dkfz,muse,sanger",4,COSN19242336,NA,NA,FALSE,0.4324,NA,16,21,NA,NA,NA,IGR,FALSE,FALSE,FALSE,FALSE,2,1,1,1_1,9c730cfb-3fd6-428a-a0a4-c061ca5db06c,NA
3,35845606,35845606,1,snv_mnv,NA,NA,"broad,dkfz,muse,sanger",4,COSN19242306,NA,NA,FALSE,0.5714,NA,20,15,NA,NA,NA,IGR,FALSE,FALSE,FALSE,FALSE,2,1,1,1_1,9c730cfb-3fd6-428a-a0a4-c061ca5db06c,NA
3,36213244,36213244,1,snv_mnv,NA,NA,"broad,dkfz,muse,sanger",4,COSN19242365,NA,MER4B,FALSE,0.4211,NA,16,22,NA,NA,NA,IGR,FALSE,FALSE,FALSE,FALSE,2,1,1,1_1,9c730cfb-3fd6-428a-a0a4-c061ca5db06c,RFC3P1
3,39762768,39762768,1,snv_mnv,NA,NA,"broad,dkfz,muse,sanger",4,COSN19242354,NA,NA,FALSE,0.5517,NA,16,13,NA,NA,NA,IGR,FALSE,FALSE,FALSE,FALSE,2,1,1,1_1,9c730cfb-3fd6-428a-a0a4-c061ca5db06c,NA
3,41996652,41996652,1,snv_mnv,NA,NA,"broad,dkfz,muse,sanger",4,COSN19242352,NA,AluSx,FALSE,0.625,NA,10,6,NA,NA,NA,Intron,FALSE,FALSE,FALSE,FALSE,2,1,1,1_1,9c730cfb-3fd6-428a-a0a4-c061ca5db06c,"ULK4,RPL36P20"
3,42639449,42639449,1,snv_mnv,NA,NA,"broad,dkfz,muse,sanger",4,COSN19242362,NA,L1MB3,FALSE,0.4,NA,16,24,NA,NA,NA,5'Flank,FALSE,FALSE,FALSE,FALSE,2,1,1,1_1,9c730cfb-3fd6-428a-a0a4-c061ca5db06c,"NKTR,SS18L2,AC006059.1"
3,43154998,43154998,1,snv_mnv,NA,NA,"broad,dkfz,muse,sanger",4,COSN19242335,NA,MLT1J,FALSE,0.4815,NA,13,14,NA,NA,NA,IGR,FALSE,FALSE,TRUE,FALSE,2,1,1,1_1,9c730cfb-3fd6-428a-a0a4-c061ca5db06c,NA
3,45221326,45221326,1,snv_mnv,NA,NA,"broad,dkfz,muse,sanger",4,COSN19242376,NA,NA,FALSE,0.4444,NA,8,10,NA,NA,NA,IGR,FALSE,FALSE,FALSE,FALSE,2,1,1,1_1,9c730cfb-3fd6-428a-a0a4-c061ca5db06c,NA
3,46727978,46727978,1,snv_mnv,NA,NA,"broad,dkfz,muse,sanger",4,COSN19242378,NA,NA,FALSE,0.6774,NA,21,10,NA,NA,NA,Intron,FALSE,FALSE,FALSE,FALSE,2,1,1,1_1,9c730cfb-3fd6-428a-a0a4-c061ca5db06c,NA
3,47169035,47169035,1,snv_mnv,NA,NA,"broad,dkfz,muse,sanger",4,COSN9552487,NA,AluJb,FALSE,0.3043,NA,7,16,NA,NA,NA,Intron,FALSE,FALSE,FALSE,FALSE,2,1,1,1_1,9c730cfb-3fd6-428a-a0a4-c061ca5db06c,SETD2
3,52685960,52685960,1,snv_mnv,NA,NA,"broad,dkfz,muse,sanger",4,COSN19242324,NA,NA,FALSE,0.4571,NA,16,19,NA,NA,NA,Intron,FALSE,FALSE,FALSE,FALSE,2,1,1,1_1,9c730cfb-3fd6-428a-a0a4-c061ca5db06c,NA
3,65369670,65369670,1,snv_mnv,NA,NA,"broad,dkfz,muse,sanger",4,COSN19242304,NA,NA,FALSE,0.3889,NA,14,22,NA,NA,NA,Intron,FALSE,FALSE,FALSE,FALSE,2,1,1,1_1,9c730cfb-3fd6-428a-a0a4-c061ca5db06c,MAGI1
3,65847223,65847223,1,snv_mnv,NA,NA,"broad,dkfz,muse,sanger",4,COSN19242283,NA,NA,FALSE,0.4722,NA,17,19,NA,NA,NA,Intron,FALSE,FALSE,TRUE,FALSE,2,1,1,1_1,9c730cfb-3fd6-428a-a0a4-c061ca5db06c,NA
3,66971946,66971946,1,snv_mnv,NA,NA,"broad,dkfz,muse",3,COSN19242289,NA,AluY,FALSE,0.5714,NA,8,6,NA,NA,NA,IGR,FALSE,FALSE,FALSE,FALSE,2,1,1,1_1,9c730cfb-3fd6-428a-a0a4-c061ca5db06c,NA
3,68532392,68532392,1,snv_mnv,NA,NA,"broad,dkfz,muse,sanger",4,COSN19242350,NA,NA,FALSE,0.4865,NA,18,19,NA,NA,NA,Intron,FALSE,FALSE,FALSE,FALSE,2,1,1,1_1,9c730cfb-3fd6-428a-a0a4-c061ca5db06c,NA
3,70249944,70249944,1,snv_mnv,NA,NA,"broad,dkfz,muse,sanger",4,COSN19242275,NA,MIRb,FALSE,0.4324,NA,16,21,NA,NA,NA,RNA,FALSE,FALSE,FALSE,FALSE,2,1,1,1_1,9c730cfb-3fd6-428a-a0a4-c061ca5db06c,NA
3,71334217,71334217,1,snv_mnv,NA,NA,"broad,dkfz,muse,sanger",4,COSN19242340,NA,NA,FALSE,0.2391,NA,11,35,NA,NA,NA,Intron,FALSE,FALSE,FALSE,FALSE,2,1,1,1_1,9c730cfb-3fd6-428a-a0a4-c061ca5db06c,FOXP1-AS1
3,73220241,73220241,1,snv_mnv,NA,NA,"dkfz,muse,sanger",3,COSN19242374,rs185526085,NA,FALSE,0.5172,NA,15,14,NA,NA,NA,IGR,FALSE,FALSE,FALSE,FALSE,2,1,1,1_1,9c730cfb-3fd6-428a-a0a4-c061ca5db06c,NA
3,76234699,76234699,1,snv_mnv,NA,NA,"broad,dkfz,muse,sanger",4,COSN19242341,NA,NA,FALSE,0.4074,NA,11,16,NA,NA,NA,Intron,FALSE,FALSE,FALSE,FALSE,2,1,1,1_1,9c730cfb-3fd6-428a-a0a4-c061ca5db06c,NA
3,78504035,78504035,1,snv_mnv,NA,NA,"broad,dkfz,muse,sanger",4,COSN19242368,NA,NA,FALSE,0.6129,NA,19,12,NA,NA,NA,IGR,FALSE,FALSE,FALSE,FALSE,2,1,1,1_1,9c730cfb-3fd6-428a-a0a4-c061ca5db06c,NA
3,79049077,79049077,1,snv_mnv,NA,NA,"broad,dkfz,muse,sanger",4,COSN19242318,NA,NA,FALSE,0.6327,NA,31,18,NA,NA,NA,Intron,FALSE,FALSE,FALSE,FALSE,2,1,1,1_1,9c730cfb-3fd6-428a-a0a4-c061ca5db06c,NA
3,79285847,79285847,1,snv_mnv,NA,NA,"broad,dkfz,muse,sanger",4,COSN19242369,NA,NA,FALSE,0.5122,NA,21,20,NA,NA,NA,Intron,FALSE,FALSE,TRUE,FALSE,2,1,1,1_1,9c730cfb-3fd6-428a-a0a4-c061ca5db06c,NA
3,82993714,82993714,1,snv_mnv,NA,NA,"broad,dkfz,muse,sanger",4,COSN19242272,NA,L1MEf,FALSE,0.4815,NA,13,14,NA,NA,NA,IGR,FALSE,FALSE,FALSE,FALSE,2,1,1,1_1,9c730cfb-3fd6-428a-a0a4-c061ca5db06c,NA
3,83028563,83028563,1,snv_mnv,NA,NA,"broad,dkfz,muse,sanger",4,COSN19242332,NA,NA,FALSE,0.3056,NA,11,25,NA,NA,NA,IGR,FALSE,FALSE,FALSE,FALSE,2,1,1,1_1,9c730cfb-3fd6-428a-a0a4-c061ca5db06c,NA
3,83369498,83369498,1,snv_mnv,NA,NA,"broad,dkfz,muse,sanger",4,COSN19242291,rs755203512,NA,FALSE,0.5938,NA,19,13,NA,NA,NA,IGR,FALSE,FALSE,FALSE,FALSE,2,1,1,1_1,9c730cfb-3fd6-428a-a0a4-c061ca5db06c,NA
3,83749914,83749914,1,snv_mnv,NA,NA,"broad,muse,sanger",3,COSN19242321,NA,L1PA7,FALSE,0.3333,NA,13,26,NA,NA,NA,IGR,FALSE,FALSE,FALSE,FALSE,2,1,1,1_1,9c730cfb-3fd6-428a-a0a4-c061ca5db06c,NA
3,84276017,84276017,1,snv_mnv,NA,NA,"broad,dkfz,muse,sanger",4,COSN19242314,NA,MER50-int,FALSE,0.5,NA,12,12,NA,NA,NA,IGR,FALSE,FALSE,FALSE,FALSE,2,1,1,1_1,9c730cfb-3fd6-428a-a0a4-c061ca5db06c,NA
3,85164694,85164694,1,snv_mnv,NA,NA,"broad,dkfz,muse,sanger",4,COSN19242344,NA,MIRb,FALSE,0.2778,NA,10,26,NA,NA,NA,Intron,FALSE,FALSE,FALSE,FALSE,2,1,1,1_1,9c730cfb-3fd6-428a-a0a4-c061ca5db06c,NA
3,85730463,85730463,1,snv_mnv,NA,NA,"broad,dkfz,muse,sanger",4,COSN19242277,NA,NA,FALSE,0.4828,NA,14,15,NA,NA,NA,Intron,FALSE,FALSE,FALSE,FALSE,2,1,1,1_1,9c730cfb-3fd6-428a-a0a4-c061ca5db06c,NA
3,86130572,86130572,1,snv_mnv,NA,NA,"broad,dkfz,muse,sanger",4,COSN19242276,NA,NA,FALSE,0.4571,NA,16,19,NA,NA,NA,IGR,FALSE,FALSE,FALSE,FALSE,2,1,1,1_1,9c730cfb-3fd6-428a-a0a4-c061ca5db06c,NA
3,86130586,86130586,1,snv_mnv,NA,NA,"broad,dkfz,muse,sanger",4,COSN19242331,NA,NA,FALSE,0.4474,NA,17,21,NA,NA,NA,IGR,FALSE,FALSE,FALSE,FALSE,2,1,1,1_1,9c730cfb-3fd6-428a-a0a4-c061ca5db06c,NA
3,89861828,89861828,1,snv_mnv,NA,NA,"broad,dkfz,muse,sanger",4,COSN19242313,NA,L1PA15,FALSE,0.4,NA,16,24,NA,NA,NA,IGR,FALSE,FALSE,FALSE,FALSE,2,1,1,1_1,9c730cfb-3fd6-428a-a0a4-c061ca5db06c,NA
3,94069443,94069443,1,snv_mnv,NA,NA,"broad,dkfz,muse,sanger",4,COSN19242267,NA,MIRc,FALSE,0.4468,NA,21,26,NA,NA,NA,IGR,FALSE,FALSE,FALSE,FALSE,2,1,1,1_1,9c730cfb-3fd6-428a-a0a4-c061ca5db06c,NA
3,94400203,94400203,1,snv_mnv,NA,NA,"broad,dkfz,muse,sanger",4,COSN19242288,NA,L1PA10,FALSE,0.4146,NA,17,24,NA,NA,NA,IGR,FALSE,FALSE,FALSE,FALSE,2,1,1,1_1,9c730cfb-3fd6-428a-a0a4-c061ca5db06c,NA
3,94663110,94663110,1,snv_mnv,NA,NA,"broad,dkfz,muse,sanger",4,COSN19242293,NA,L1PA8A,FALSE,0.5128,NA,20,19,NA,NA,NA,lincRNA,FALSE,FALSE,FALSE,FALSE,2,1,1,1_1,9c730cfb-3fd6-428a-a0a4-c061ca5db06c,NA
3,95243409,95243409,1,snv_mnv,NA,NA,"broad,dkfz,muse,sanger",4,COSN19242282,NA,L1ME1,FALSE,0.4872,NA,19,20,NA,NA,NA,IGR,FALSE,FALSE,FALSE,FALSE,2,1,1,1_1,9c730cfb-3fd6-428a-a0a4-c061ca5db06c,NA
3,99041956,99041956,1,snv_mnv,5.9904e-4,rs532771184,"broad,dkfz,muse,sanger",4,COSN19242359,rs532771184,MLT1E,FALSE,0.5484,NA,17,14,NA,NA,NA,IGR,FALSE,FALSE,FALSE,FALSE,2,1,1,1_1,9c730cfb-3fd6-428a-a0a4-c061ca5db06c,AC107297.1
3,99215289,99215289,1,snv_mnv,NA,NA,"broad,dkfz,muse,sanger",4,COSN19242302,NA,L1MA8,FALSE,0.5405,NA,20,17,NA,NA,NA,IGR,FALSE,FALSE,FALSE,FALSE,2,1,1,1_1,9c730cfb-3fd6-428a-a0a4-c061ca5db06c,AC078828.1
3,100667123,100667123,1,snv_mnv,NA,NA,"broad,dkfz,muse,sanger",4,COSN19242292,NA,NA,FALSE,0.3617,NA,17,30,NA,NA,NA,Intron,FALSE,FALSE,FALSE,FALSE,2,1,1,1_1,9c730cfb-3fd6-428a-a0a4-c061ca5db06c,RNU6-865P
3,100766082,100766082,1,snv_mnv,NA,NA,"broad,dkfz,muse,sanger",4,COSN19242345,NA,NA,FALSE,0.4211,NA,16,22,NA,NA,NA,IGR,FALSE,FALSE,FALSE,FALSE,2,1,1,1_1,9c730cfb-3fd6-428a-a0a4-c061ca5db06c,NA
3,102272621,102272621,1,snv_mnv,NA,NA,"broad,dkfz,muse,sanger",4,COSN19242377,NA,MSTD,FALSE,0.7419,NA,23,8,NA,NA,NA,IGR,FALSE,FALSE,FALSE,FALSE,2,1,1,1_1,9c730cfb-3fd6-428a-a0a4-c061ca5db06c,NA
3,102807310,102807310,1,snv_mnv,NA,NA,"broad,dkfz,muse,sanger",4,COSN19242330,NA,MLT1F-int,FALSE,0.52,NA,13,12,NA,NA,NA,IGR,FALSE,FALSE,FALSE,FALSE,2,1,1,1_1,9c730cfb-3fd6-428a-a0a4-c061ca5db06c,NA
3,108890556,108890556,1,snv_mnv,NA,NA,"broad,dkfz,muse,sanger",4,COSN19242323,NA,HAL1,FALSE,0.4688,NA,15,17,NA,NA,NA,IGR,FALSE,FALSE,FALSE,FALSE,2,1,1,1_1,9c730cfb-3fd6-428a-a0a4-c061ca5db06c,AC063923.2
3,109243659,109243659,1,snv_mnv,NA,NA,"broad,muse,sanger",3,COSN19242308,NA,L1PA5,FALSE,0.4118,NA,14,20,NA,NA,NA,IGR,FALSE,FALSE,FALSE,FALSE,2,1,1,1_1,9c730cfb-3fd6-428a-a0a4-c061ca5db06c,NA
3,109628487,109628487,1,snv_mnv,NA,NA,"broad,dkfz,muse,sanger",4,COSN19242337,NA,L1PBa,FALSE,0.3684,NA,14,24,NA,NA,NA,IGR,FALSE,FALSE,FALSE,FALSE,2,1,1,1_1,9c730cfb-3fd6-428a-a0a4-c061ca5db06c,NA
3,115209657,115209657,1,snv_mnv,NA,NA,"broad,dkfz,muse,sanger",4,COSN19242322,NA,NA,FALSE,0.4,NA,12,18,NA,NA,NA,IGR,FALSE,FALSE,FALSE,FALSE,2,1,1,1_1,9c730cfb-3fd6-428a-a0a4-c061ca5db06c,NA
3,116374170,116374170,1,snv_mnv,NA,NA,"broad,dkfz,muse,sanger",4,COSN19242295,NA,NA,FALSE,0.5455,NA,18,15,NA,NA,NA,Intron,FALSE,FALSE,FALSE,FALSE,2,1,1,1_1,9c730cfb-3fd6-428a-a0a4-c061ca5db06c,NA
3,117121668,117121668,1,snv_mnv,NA,NA,"broad,dkfz,muse,sanger",4,COSN19242297,NA,MIRb,FALSE,0.375,NA,15,25,NA,NA,NA,Intron,FALSE,FALSE,FALSE,FALSE,2,1,1,1_1,9c730cfb-3fd6-428a-a0a4-c061ca5db06c,NA
3,117219636,117219636,1,snv_mnv,NA,NA,"broad,dkfz,muse,sanger",4,COSN19242280,NA,THE1B,FALSE,0.5152,NA,17,16,NA,NA,NA,Intron,FALSE,FALSE,TRUE,FALSE,2,1,1,1_1,9c730cfb-3fd6-428a-a0a4-c061ca5db06c,NA
3,117335940,117335940,1,snv_mnv,NA,NA,"broad,dkfz,muse,sanger",4,COSN19242363,NA,NA,FALSE,0.3429,NA,12,23,NA,NA,NA,Intron,FALSE,FALSE,FALSE,FALSE,2,1,1,1_1,9c730cfb-3fd6-428a-a0a4-c061ca5db06c,NA
3,117769809,117769809,1,snv_mnv,NA,NA,"broad,dkfz,muse,sanger",4,COSN19242286,NA,L1ME2,FALSE,0.5122,NA,21,20,NA,NA,NA,lincRNA,FALSE,FALSE,FALSE,FALSE,2,1,1,1_1,9c730cfb-3fd6-428a-a0a4-c061ca5db06c,NA
3,118408682,118408682,1,snv_mnv,NA,NA,"broad,dkfz,muse,sanger",4,COSN19242351,NA,NA,FALSE,0.5,NA,15,15,NA,NA,NA,IGR,FALSE,FALSE,FALSE,FALSE,2,1,1,1_1,9c730cfb-3fd6-428a-a0a4-c061ca5db06c,NA
3,124247884,124247884,1,snv_mnv,NA,NA,"broad,dkfz,muse,sanger",4,COSN19242305,NA,NA,FALSE,0.4,NA,10,15,NA,NA,NA,Intron,FALSE,FALSE,FALSE,FALSE,2,1,1,1_1,9c730cfb-3fd6-428a-a0a4-c061ca5db06c,NA
3,124373181,124373181,1,snv_mnv,NA,NA,"broad,dkfz,muse,sanger",4,COSN19242281,NA,NA,FALSE,0.4324,NA,16,21,NA,NA,NA,Intron,FALSE,FALSE,FALSE,FALSE,2,1,1,1_1,9c730cfb-3fd6-428a-a0a4-c061ca5db06c,KALRN
3,127958354,127958354,1,snv_mnv,NA,NA,"broad,dkfz,muse,sanger",4,COSN19242356,NA,MIRb,FALSE,0.6667,NA,18,9,NA,NA,NA,Intron,FALSE,FALSE,FALSE,FALSE,2,1,1,1_1,9c730cfb-3fd6-428a-a0a4-c061ca5db06c,NA
3,129645458,129645458,1,snv_mnv,NA,NA,"broad,dkfz,muse,sanger",4,COSN19242316,NA,AluSx3,FALSE,0.6,NA,15,10,NA,NA,NA,IGR,FALSE,FALSE,FALSE,FALSE,2,1,1,1_1,9c730cfb-3fd6-428a-a0a4-c061ca5db06c,NA
3,129756767,129756767,1,snv_mnv,NA,NA,"broad,muse,sanger",3,COSN19242303,NA,MIR,FALSE,0.6818,NA,15,7,NA,NA,NA,IGR,FALSE,FALSE,FALSE,FALSE,2,1,1,1_1,9c730cfb-3fd6-428a-a0a4-c061ca5db06c,OR7E21P
3,134399102,134399102,1,snv_mnv,NA,NA,"broad,dkfz,muse,sanger",4,COSN19242285,NA,MLT1B,FALSE,0.4583,NA,11,13,NA,NA,NA,IGR,FALSE,FALSE,FALSE,FALSE,2,1,1,1_1,9c730cfb-3fd6-428a-a0a4-c061ca5db06c,NA
3,134787874,134787874,1,snv_mnv,NA,NA,"broad,dkfz,muse,sanger",4,COSN19242307,NA,NA,FALSE,0.36,NA,9,16,NA,NA,NA,Intron,FALSE,FALSE,FALSE,FALSE,2,1,1,1_1,9c730cfb-3fd6-428a-a0a4-c061ca5db06c,NA
3,136973161,136973161,1,snv_mnv,NA,NA,"broad,dkfz,muse,sanger",4,COSN19242346,NA,L1M1,FALSE,0.5312,NA,17,15,NA,NA,NA,IGR,FALSE,FALSE,FALSE,FALSE,2,1,1,1_1,9c730cfb-3fd6-428a-a0a4-c061ca5db06c,NA
3,137395465,137395465,1,snv_mnv,NA,NA,"broad,dkfz,muse,sanger",4,COSN19242271,NA,L1MA3,FALSE,0.4737,NA,18,20,NA,NA,NA,IGR,FALSE,FALSE,FALSE,FALSE,2,1,1,1_1,9c730cfb-3fd6-428a-a0a4-c061ca5db06c,NA
3,138835223,138835223,1,snv_mnv,NA,NA,"broad,muse",2,COSN19242320,NA,(TA)n,FALSE,0.5455,NA,6,5,NA,NA,NA,Intron,FALSE,FALSE,FALSE,FALSE,2,1,1,1_1,9c730cfb-3fd6-428a-a0a4-c061ca5db06c,NA
3,142198957,142198957,1,snv_mnv,NA,NA,"broad,muse,sanger",3,COSN19242296,NA,L1PA5,FALSE,0.3571,NA,15,27,NA,NA,NA,Intron,FALSE,FALSE,FALSE,FALSE,2,1,1,1_1,9c730cfb-3fd6-428a-a0a4-c061ca5db06c,NA
3,152986684,152986684,1,snv_mnv,NA,NA,"broad,dkfz,muse,sanger",4,COSN19242343,NA,LTR12C,FALSE,0.4783,NA,11,12,NA,NA,NA,IGR,FALSE,FALSE,FALSE,FALSE,2,1,1,1_1,9c730cfb-3fd6-428a-a0a4-c061ca5db06c,NA
3,153579816,153579816,1,snv_mnv,NA,NA,"broad,dkfz,muse,sanger",4,COSN19242327,NA,L1MA7,FALSE,0.6129,NA,19,12,NA,NA,NA,RNA,FALSE,FALSE,FALSE,FALSE,2,1,1,1_1,9c730cfb-3fd6-428a-a0a4-c061ca5db06c,NA
3,153656551,153656551,1,snv_mnv,NA,NA,"broad,dkfz,muse,sanger",4,COSN19242270,NA,NA,FALSE,0.3636,NA,12,21,NA,NA,NA,lincRNA,FALSE,FALSE,FALSE,FALSE,2,1,1,1_1,9c730cfb-3fd6-428a-a0a4-c061ca5db06c,NA
3,153798857,153798857,1,snv_mnv,NA,NA,"broad,dkfz,muse,sanger",4,COSN19242364,NA,AluJo,FALSE,0.6154,NA,16,10,NA,NA,NA,RNA,FALSE,FALSE,FALSE,FALSE,2,1,1,1_1,9c730cfb-3fd6-428a-a0a4-c061ca5db06c,NA
3,157874784,157874784,1,snv_mnv,NA,NA,"broad,dkfz,muse,sanger",4,COSN19242317,NA,Tigger1,FALSE,0.4,NA,14,21,NA,NA,NA,Intron,FALSE,FALSE,FALSE,FALSE,2,1,1,1_1,9c730cfb-3fd6-428a-a0a4-c061ca5db06c,NA
3,159031210,159031210,1,snv_mnv,NA,NA,"broad,dkfz,muse,sanger",4,COSN19242366,NA,NA,FALSE,0.4333,NA,13,17,NA,NA,NA,Intron,FALSE,FALSE,FALSE,FALSE,2,1,1,1_1,9c730cfb-3fd6-428a-a0a4-c061ca5db06c,NA
3,159118142,159118142,1,snv_mnv,NA,NA,"broad,dkfz,muse,sanger",4,COSN19242342,NA,NA,FALSE,0.5588,NA,19,15,NA,NA,NA,Intron,FALSE,FALSE,FALSE,FALSE,2,1,1,1_1,9c730cfb-3fd6-428a-a0a4-c061ca5db06c,NA
3,162382898,162382898,1,snv_mnv,NA,NA,"dkfz,sanger",2,COSN19242326,NA,MER61A,FALSE,0.2424,NA,8,25,NA,NA,NA,IGR,FALSE,FALSE,FALSE,FALSE,2,1,1,1_1,9c730cfb-3fd6-428a-a0a4-c061ca5db06c,NA
3,162456779,162456779,1,snv_mnv,1.9968e-4,rs577710820,"broad,dkfz,muse,sanger",4,COSN19242328,rs577710820,NA,FALSE,0.5143,NA,18,17,NA,NA,NA,IGR,FALSE,FALSE,FALSE,FALSE,2,1,1,1_1,9c730cfb-3fd6-428a-a0a4-c061ca5db06c,NA
3,162494798,162494798,1,snv_mnv,NA,NA,"broad,dkfz,muse,sanger",4,COSN19242361,NA,AT_rich,FALSE,0.35,NA,14,26,NA,NA,NA,IGR,FALSE,FALSE,FALSE,FALSE,2,1,1,1_1,9c730cfb-3fd6-428a-a0a4-c061ca5db06c,NA
3,163424508,163424508,1,snv_mnv,NA,NA,"broad,dkfz,muse,sanger",4,COSN19242298,NA,L1MB7,FALSE,0.3714,NA,13,22,NA,NA,NA,IGR,FALSE,FALSE,TRUE,FALSE,2,1,1,1_1,9c730cfb-3fd6-428a-a0a4-c061ca5db06c,NA
3,164318026,164318026,1,snv_mnv,NA,NA,"broad,dkfz,muse,sanger",4,COSN19242287,NA,AluJb,FALSE,0.4231,NA,11,15,NA,NA,NA,IGR,FALSE,FALSE,FALSE,FALSE,2,1,1,1_1,9c730cfb-3fd6-428a-a0a4-c061ca5db06c,NA
3,167213258,167213258,1,snv_mnv,NA,NA,"broad,dkfz,muse,sanger",4,COSN19242360,NA,L1MEg,FALSE,0.3529,NA,12,22,NA,NA,NA,Intron,FALSE,FALSE,FALSE,FALSE,2,1,1,1_1,9c730cfb-3fd6-428a-a0a4-c061ca5db06c,NA
3,168307308,168307308,1,snv_mnv,NA,NA,"broad,dkfz,muse,sanger",4,COSN19242310,NA,NA,FALSE,0.56,NA,14,11,NA,NA,NA,IGR,FALSE,FALSE,FALSE,FALSE,2,1,1,1_1,9c730cfb-3fd6-428a-a0a4-c061ca5db06c,NA
3,168494835,168494835,1,snv_mnv,NA,NA,"dkfz,muse,sanger",3,COSN19242367,NA,THE1B-int,FALSE,0.3,NA,6,14,NA,NA,NA,IGR,FALSE,FALSE,FALSE,FALSE,2,1,1,1_1,9c730cfb-3fd6-428a-a0a4-c061ca5db06c,NA
3,170221750,170221750,1,snv_mnv,NA,NA,"broad,dkfz,muse,sanger",4,COSN19242278,NA,NA,FALSE,0.3333,NA,10,20,NA,NA,NA,Intron,FALSE,FALSE,FALSE,FALSE,2,1,1,1_1,9c730cfb-3fd6-428a-a0a4-c061ca5db06c,AC026316.5
3,173323604,173323604,1,snv_mnv,NA,NA,"broad,dkfz,muse,sanger",4,COSN19242312,NA,NA,FALSE,0.5862,NA,17,12,NA,NA,NA,Intron,FALSE,FALSE,FALSE,FALSE,2,1,1,1_1,9c730cfb-3fd6-428a-a0a4-c061ca5db06c,NLGN1
3,174533044,174533044,1,snv_mnv,NA,NA,"broad,dkfz,muse,sanger",4,COSN19242370,NA,MLT1B,FALSE,0.4815,NA,13,14,NA,NA,NA,IGR,FALSE,FALSE,FALSE,FALSE,2,1,1,1_1,9c730cfb-3fd6-428a-a0a4-c061ca5db06c,NA
3,177945847,177945847,1,snv_mnv,NA,NA,"broad,dkfz,muse,sanger",4,COSN19242333,NA,L1MB3,FALSE,0.4286,NA,15,20,NA,NA,NA,IGR,FALSE,FALSE,TRUE,FALSE,2,1,1,1_1,9c730cfb-3fd6-428a-a0a4-c061ca5db06c,NA
3,178269757,178269757,1,snv_mnv,NA,NA,"broad,dkfz,muse,sanger",4,COSN19242315,NA,NA,FALSE,0.3143,NA,11,24,NA,NA,NA,Intron,FALSE,FALSE,FALSE,FALSE,2,1,1,1_1,9c730cfb-3fd6-428a-a0a4-c061ca5db06c,NA
3,182299276,182299276,1,snv_mnv,NA,NA,"broad,dkfz,muse,sanger",4,COSN19242375,NA,HAL1b,FALSE,0.3902,NA,16,25,NA,NA,NA,IGR,FALSE,FALSE,FALSE,FALSE,2,1,1,1_1,9c730cfb-3fd6-428a-a0a4-c061ca5db06c,NA
3,189118208,189118208,1,snv_mnv,NA,NA,"broad,dkfz,muse",3,COSN19242274,NA,NA,FALSE,0.5667,NA,17,13,NA,NA,NA,IGR,FALSE,FALSE,FALSE,FALSE,2,1,1,1_1,9c730cfb-3fd6-428a-a0a4-c061ca5db06c,NA
3,196954044,196954044,1,snv_mnv,NA,NA,"broad,dkfz,muse,sanger",4,COSN19242372,NA,NA,FALSE,0.4688,NA,15,17,NA,NA,NA,Intron,FALSE,FALSE,FALSE,FALSE,2,1,1,1_1,9c730cfb-3fd6-428a-a0a4-c061ca5db06c,DLG1
4,7364361,7364361,1,snv_mnv,NA,NA,"broad,dkfz,muse,sanger",4,COSN19242831,NA,NA,FALSE,0.64,NA,16,9,NA,NA,NA,Intron,FALSE,FALSE,FALSE,FALSE,2,1,1,1_1,9c730cfb-3fd6-428a-a0a4-c061ca5db06c,NA
4,8642019,8642019,1,snv_mnv,NA,NA,"broad,dkfz,muse,sanger",4,COSN19242777,NA,NA,FALSE,0.5385,NA,14,12,NA,NA,NA,IGR,FALSE,FALSE,TRUE,FALSE,2,1,1,1_1,9c730cfb-3fd6-428a-a0a4-c061ca5db06c,NA
4,13845046,13845046,1,snv_mnv,NA,NA,"broad,dkfz,muse,sanger",4,COSN19242849,NA,THE1D,FALSE,0.3548,NA,11,20,NA,NA,NA,lincRNA,FALSE,FALSE,FALSE,FALSE,2,1,1,1_1,9c730cfb-3fd6-428a-a0a4-c061ca5db06c,NA
4,14776489,14776489,1,snv_mnv,NA,NA,"broad,dkfz,muse,sanger",4,COSN19242744,rs576490627,L1PB4,FALSE,0.5806,NA,18,13,NA,NA,NA,lincRNA,FALSE,FALSE,FALSE,FALSE,2,1,1,1_1,9c730cfb-3fd6-428a-a0a4-c061ca5db06c,NA
4,14953129,14953129,1,snv_mnv,NA,NA,"broad,dkfz,muse,sanger",4,COSN19242792,NA,MER104,FALSE,0.3143,NA,11,24,NA,NA,NA,IGR,FALSE,FALSE,FALSE,FALSE,2,1,1,1_1,9c730cfb-3fd6-428a-a0a4-c061ca5db06c,NA
4,17189325,17189325,1,snv_mnv,NA,NA,"broad,dkfz,muse,sanger",4,COSN19242845,NA,NA,FALSE,0.2895,NA,11,27,NA,NA,NA,lincRNA,FALSE,FALSE,FALSE,FALSE,2,1,1,1_1,9c730cfb-3fd6-428a-a0a4-c061ca5db06c,LINC02493
4,17744622,17744622,1,snv_mnv,NA,NA,"broad,dkfz,muse,sanger",4,COSN19242798,NA,LTR1C,FALSE,0.303,NA,10,23,NA,NA,NA,Intron,FALSE,FALSE,FALSE,FALSE,2,1,1,1_1,9c730cfb-3fd6-428a-a0a4-c061ca5db06c,NA
4,18502000,18502000,1,snv_mnv,3.9936e-4,rs534571803,"broad,dkfz,muse,sanger",4,COSN19242766,rs534571803,NA,FALSE,0.5714,NA,20,15,NA,NA,NA,IGR,FALSE,FALSE,FALSE,FALSE,2,1,1,1_1,9c730cfb-3fd6-428a-a0a4-c061ca5db06c,NA
4,18892403,18892403,1,snv_mnv,NA,NA,"broad,dkfz,muse,sanger",4,COSN19242755,NA,Tigger3a,FALSE,0.475,NA,19,21,NA,NA,NA,IGR,FALSE,FALSE,FALSE,FALSE,2,1,1,1_1,9c730cfb-3fd6-428a-a0a4-c061ca5db06c,NA
4,21008655,21008655,1,snv_mnv,NA,NA,"broad,dkfz,muse,sanger",4,COSN19242745,NA,NA,FALSE,0.4444,NA,12,15,NA,NA,NA,Intron,FALSE,FALSE,FALSE,FALSE,2,1,1,1_1,9c730cfb-3fd6-428a-a0a4-c061ca5db06c,NA
4,22273338,22273338,1,snv_mnv,NA,NA,"broad,dkfz,muse,sanger",4,COSN19242775,NA,L1PB1,FALSE,0.1795,NA,7,32,NA,NA,NA,RNA,FALSE,FALSE,FALSE,FALSE,2,1,1,1_1,9c730cfb-3fd6-428a-a0a4-c061ca5db06c,NA
4,23457128,23457128,1,snv_mnv,NA,NA,"broad,dkfz,muse,sanger",4,COSN19242820,NA,NA,FALSE,0.5,NA,16,16,NA,NA,NA,IGR,FALSE,FALSE,FALSE,FALSE,2,1,1,1_1,9c730cfb-3fd6-428a-a0a4-c061ca5db06c,NA
4,23571199,23571199,1,snv_mnv,NA,NA,"dkfz,sanger",2,COSN19242773,NA,L1MC3,FALSE,0.5,NA,16,16,NA,NA,NA,RNA,FALSE,FALSE,FALSE,FALSE,2,1,1,1_1,9c730cfb-3fd6-428a-a0a4-c061ca5db06c,NA
4,23865881,23865881,1,snv_mnv,NA,NA,"dkfz,sanger",2,COSN19242779,NA,NA,FALSE,0.5897,NA,23,16,NA,NA,NA,Intron,FALSE,FALSE,FALSE,FALSE,2,1,1,1_1,9c730cfb-3fd6-428a-a0a4-c061ca5db06c,PPARGC1A
4,24344033,24344033,1,snv_mnv,NA,NA,"broad,dkfz,muse,sanger",4,COSN19242800,NA,MIRb,FALSE,0.5862,NA,17,12,NA,NA,NA,IGR,FALSE,FALSE,FALSE,FALSE,2,1,1,1_1,9c730cfb-3fd6-428a-a0a4-c061ca5db06c,NA
4,25634082,25634082,1,snv_mnv,NA,NA,"broad,dkfz,muse,sanger",4,COSN19242769,NA,MIR,FALSE,0.375,NA,12,20,NA,NA,NA,IGR,FALSE,FALSE,FALSE,FALSE,2,1,1,1_1,9c730cfb-3fd6-428a-a0a4-c061ca5db06c,NA
4,28682455,28682455,1,snv_mnv,NA,NA,"broad,dkfz,muse,sanger",4,COSN19242747,NA,NA,FALSE,0.4681,NA,22,25,NA,NA,NA,IGR,FALSE,FALSE,FALSE,FALSE,2,1,1,1_1,9c730cfb-3fd6-428a-a0a4-c061ca5db06c,NA
4,30422522,30422522,1,snv_mnv,NA,NA,"broad,muse,sanger",3,COSN19242806,NA,AluY,FALSE,0.1935,NA,6,25,NA,NA,NA,IGR,FALSE,FALSE,FALSE,FALSE,2,1,1,1_1,9c730cfb-3fd6-428a-a0a4-c061ca5db06c,NA
4,30879025,30879025,1,snv_mnv,NA,NA,"broad,dkfz,muse,sanger",4,COSN19242844,NA,NA,FALSE,0.4118,NA,14,20,NA,NA,NA,Intron,FALSE,FALSE,FALSE,FALSE,2,1,1,1_1,9c730cfb-3fd6-428a-a0a4-c061ca5db06c,NA
4,32226377,32226377,1,snv_mnv,NA,NA,"broad,dkfz,muse,sanger",4,COSN19242804,NA,MER34A,FALSE,0.4167,NA,15,21,NA,NA,NA,IGR,FALSE,FALSE,FALSE,FALSE,2,1,1,1_1,9c730cfb-3fd6-428a-a0a4-c061ca5db06c,NA
4,32531575,32531575,1,snv_mnv,NA,NA,"broad,dkfz,muse,sanger",4,COSN19242799,NA,L1MA1,FALSE,0.48,NA,12,13,NA,NA,NA,IGR,FALSE,FALSE,FALSE,FALSE,2,1,1,1_1,9c730cfb-3fd6-428a-a0a4-c061ca5db06c,NA
4,32725107,32725107,1,snv_mnv,NA,NA,"broad,dkfz,muse,sanger",4,COSN19242780,NA,NA,FALSE,0.3556,NA,16,29,NA,NA,NA,IGR,FALSE,FALSE,FALSE,FALSE,2,1,1,1_1,9c730cfb-3fd6-428a-a0a4-c061ca5db06c,NA
4,33242338,33242338,1,snv_mnv,NA,NA,"broad,dkfz,muse,sanger",4,COSN19242824,NA,L1P2,FALSE,0.4737,NA,18,20,NA,NA,NA,IGR,FALSE,FALSE,FALSE,FALSE,2,1,1,1_1,9c730cfb-3fd6-428a-a0a4-c061ca5db06c,AC093878.1
4,33621872,33621872,1,snv_mnv,NA,NA,"broad,dkfz,muse,sanger",4,COSN19242843,NA,MER31-int,FALSE,0.4286,NA,15,20,NA,NA,NA,IGR,FALSE,FALSE,FALSE,FALSE,2,1,1,1_1,9c730cfb-3fd6-428a-a0a4-c061ca5db06c,NA
4,33781548,33781548,1,snv_mnv,NA,NA,"broad,dkfz,muse,sanger",4,COSN19242812,NA,MIR3,FALSE,0.3333,NA,9,18,NA,NA,NA,IGR,FALSE,FALSE,FALSE,FALSE,2,1,1,1_1,9c730cfb-3fd6-428a-a0a4-c061ca5db06c,NA
4,37348224,37348224,1,snv_mnv,NA,NA,"broad,dkfz,muse,sanger",4,COSN19242842,NA,L1MB8,FALSE,0.3488,NA,15,28,NA,NA,NA,Intron,FALSE,FALSE,FALSE,FALSE,2,1,1,1_1,9c730cfb-3fd6-428a-a0a4-c061ca5db06c,NA
4,37476313,37476313,1,snv_mnv,NA,NA,"broad,dkfz,muse,sanger",4,COSN19242752,NA,MIRb,FALSE,0.3438,NA,11,21,NA,NA,NA,Intron,FALSE,FALSE,FALSE,FALSE,2,1,1,1_1,9c730cfb-3fd6-428a-a0a4-c061ca5db06c,NA
4,38196049,38196049,1,snv_mnv,NA,NA,"broad,dkfz,muse,sanger",4,COSN19242794,NA,NA,FALSE,0.5641,NA,22,17,NA,NA,NA,IGR,FALSE,FALSE,FALSE,FALSE,2,1,1,1_1,9c730cfb-3fd6-428a-a0a4-c061ca5db06c,NA
4,43593790,43593790,1,snv_mnv,NA,NA,"broad,dkfz,muse,sanger",4,COSN19242782,NA,ERVL-B4-int,FALSE,0.3571,NA,10,18,NA,NA,NA,IGR,FALSE,FALSE,FALSE,FALSE,2,1,1,1_1,9c730cfb-3fd6-428a-a0a4-c061ca5db06c,AC114774.1
4,45822294,45822294,1,snv_mnv,NA,NA,"broad,dkfz,muse,sanger",4,COSN19242801,NA,L1PA6,FALSE,0.4595,NA,17,20,NA,NA,NA,IGR,FALSE,FALSE,FALSE,FALSE,2,1,1,1_1,9c730cfb-3fd6-428a-a0a4-c061ca5db06c,NA
4,46266920,46266920,1,snv_mnv,NA,NA,"broad,dkfz,muse,sanger",4,COSN19242835,NA,L1M4,FALSE,0.2059,NA,7,27,NA,NA,NA,Intron,FALSE,FALSE,FALSE,FALSE,2,1,1,1_1,9c730cfb-3fd6-428a-a0a4-c061ca5db06c,NA
4,46344553,46344553,1,snv_mnv,NA,NA,"broad,dkfz,muse,sanger",4,COSN19242743,NA,L2a,FALSE,0.5238,NA,22,20,NA,NA,NA,Intron,FALSE,FALSE,FALSE,FALSE,2,1,1,1_1,9c730cfb-3fd6-428a-a0a4-c061ca5db06c,NA
4,56987733,56987733,1,snv_mnv,NA,NA,"broad,dkfz,muse,sanger",4,COSN19242795,NA,AluSx,FALSE,0.5294,NA,18,16,NA,NA,NA,IGR,FALSE,FALSE,FALSE,FALSE,2,1,1,1_1,9c730cfb-3fd6-428a-a0a4-c061ca5db06c,NA
4,58823060,58823060,1,snv_mnv,NA,NA,"broad,dkfz,muse,sanger",4,COSN19242772,NA,NA,FALSE,0.3784,NA,14,23,NA,NA,NA,IGR,FALSE,FALSE,FALSE,FALSE,2,1,1,1_1,9c730cfb-3fd6-428a-a0a4-c061ca5db06c,NA
4,59496284,59496284,1,snv_mnv,NA,NA,"broad,dkfz,muse,sanger",4,COSN19242763,NA,NA,FALSE,0.5278,NA,19,17,NA,NA,NA,IGR,FALSE,FALSE,FALSE,FALSE,2,1,1,1_1,9c730cfb-3fd6-428a-a0a4-c061ca5db06c,NA
4,60407959,60407959,1,snv_mnv,NA,NA,"broad,dkfz,muse,sanger",4,COSN19242762,NA,HERVL-int,FALSE,0.4688,NA,15,17,NA,NA,NA,IGR,FALSE,FALSE,FALSE,FALSE,2,1,1,1_1,9c730cfb-3fd6-428a-a0a4-c061ca5db06c,NA
4,61100972,61100972,1,snv_mnv,NA,NA,"broad,dkfz,muse,sanger",4,COSN19242833,NA,NA,FALSE,0.5,NA,19,19,NA,NA,NA,IGR,FALSE,FALSE,FALSE,FALSE,2,1,1,1_1,9c730cfb-3fd6-428a-a0a4-c061ca5db06c,NA
4,62333065,62333065,1,snv_mnv,NA,NA,"broad,dkfz,muse,sanger",4,COSN19242814,NA,NA,FALSE,0.6071,NA,17,11,NA,NA,NA,Intron,FALSE,FALSE,TRUE,FALSE,2,1,1,1_1,9c730cfb-3fd6-428a-a0a4-c061ca5db06c,NA
4,62864576,62864576,1,snv_mnv,NA,NA,"broad,dkfz,muse,sanger",4,COSN19242832,NA,AluSq,FALSE,0.5909,NA,13,9,NA,NA,NA,Intron,FALSE,FALSE,FALSE,FALSE,2,1,1,1_1,9c730cfb-3fd6-428a-a0a4-c061ca5db06c,NA
4,62884384,62884384,1,snv_mnv,NA,NA,"broad,dkfz,muse,sanger",4,COSN19242764,NA,NA,FALSE,0.3684,NA,7,12,NA,NA,NA,Intron,FALSE,FALSE,FALSE,FALSE,2,1,1,1_1,9c730cfb-3fd6-428a-a0a4-c061ca5db06c,NA
4,63648995,63648995,1,snv_mnv,NA,NA,"broad,dkfz,muse,sanger",4,COSN19242839,NA,AluSc,FALSE,0.44,NA,11,14,NA,NA,NA,IGR,FALSE,FALSE,FALSE,FALSE,2,1,1,1_1,9c730cfb-3fd6-428a-a0a4-c061ca5db06c,NA
4,64420984,64420984,1,snv_mnv,NA,NA,"broad,dkfz,muse,sanger",4,COSN19242760,NA,NA,FALSE,0.35,NA,14,26,NA,NA,NA,IGR,FALSE,FALSE,FALSE,FALSE,2,1,1,1_1,9c730cfb-3fd6-428a-a0a4-c061ca5db06c,NA
4,66884530,66884530,1,snv_mnv,NA,NA,"broad,dkfz,muse,sanger",4,COSN19242791,NA,L1PA15,FALSE,0.3023,NA,13,30,NA,NA,NA,lincRNA,FALSE,FALSE,FALSE,FALSE,2,1,1,1_1,9c730cfb-3fd6-428a-a0a4-c061ca5db06c,AC096721.1
4,68446532,68446532,1,snv_mnv,NA,NA,"broad,dkfz,muse,sanger",4,COSN19242790,NA,NA,FALSE,0.4167,NA,10,14,NA,NA,NA,Intron,FALSE,FALSE,FALSE,FALSE,2,1,1,1_1,9c730cfb-3fd6-428a-a0a4-c061ca5db06c,NA
4,72284117,72284117,1,snv_mnv,NA,NA,"broad,dkfz,muse,sanger",4,COSN19242771,NA,NA,FALSE,0.5429,NA,19,16,NA,NA,NA,Intron,FALSE,FALSE,FALSE,FALSE,2,1,1,1_1,9c730cfb-3fd6-428a-a0a4-c061ca5db06c,NA
4,72792536,72792536,1,snv_mnv,NA,NA,"broad,dkfz,muse,sanger",4,COSN19242781,NA,L2a,FALSE,0.5111,NA,23,22,NA,NA,NA,IGR,FALSE,FALSE,FALSE,FALSE,2,1,1,1_1,9c730cfb-3fd6-428a-a0a4-c061ca5db06c,NA
4,80018603,80018603,1,snv_mnv,NA,NA,"broad,dkfz,muse,sanger",4,COSN19242828,NA,AluSc8,FALSE,0.5,NA,12,12,NA,NA,NA,RNA,FALSE,FALSE,FALSE,FALSE,2,1,1,1_1,9c730cfb-3fd6-428a-a0a4-c061ca5db06c,NA
4,80816243,80816243,1,snv_mnv,NA,NA,"broad,muse,sanger",3,COSN19242803,NA,L1MD1,FALSE,0.1364,NA,6,38,NA,NA,NA,IGR,FALSE,FALSE,FALSE,FALSE,2,1,1,1_1,9c730cfb-3fd6-428a-a0a4-c061ca5db06c,NA
4,81629043,81629043,1,snv_mnv,NA,NA,"broad,dkfz,muse,sanger",4,COSN19242784,NA,NA,FALSE,0.3111,NA,14,31,NA,NA,NA,Intron,FALSE,FALSE,FALSE,FALSE,2,1,1,1_1,9c730cfb-3fd6-428a-a0a4-c061ca5db06c,NA
4,82017314,82017314,1,snv_mnv,NA,NA,"broad,dkfz,muse,sanger",4,COSN19242847,NA,Tigger1,FALSE,0.5484,NA,17,14,NA,NA,NA,Intron,FALSE,FALSE,FALSE,FALSE,2,1,1,1_1,9c730cfb-3fd6-428a-a0a4-c061ca5db06c,NA
4,85936327,85936327,1,snv_mnv,0.0013978,rs192653346,"broad,dkfz,muse,sanger",4,COSN19242815,rs192653346,L2c,FALSE,0.4516,NA,14,17,NA,NA,NA,IGR,FALSE,FALSE,FALSE,FALSE,2,1,1,1_1,9c730cfb-3fd6-428a-a0a4-c061ca5db06c,WDFY3-AS2
4,87676696,87676696,1,snv_mnv,NA,NA,"broad,dkfz,muse,sanger",4,COSN19242816,NA,NA,FALSE,0.4286,NA,15,20,NA,NA,NA,Intron,FALSE,FALSE,TRUE,FALSE,2,1,1,1_1,9c730cfb-3fd6-428a-a0a4-c061ca5db06c,PTPN13
4,91170382,91170382,1,snv_mnv,NA,NA,"broad,dkfz,muse,sanger",4,COSN19242731,NA,NA,FALSE,0.2353,NA,8,26,NA,NA,NA,Intron,FALSE,FALSE,FALSE,FALSE,2,1,1,1_1,9c730cfb-3fd6-428a-a0a4-c061ca5db06c,NA
4,93495667,93495667,1,snv_mnv,NA,NA,"broad,dkfz,muse,sanger",4,COSN19242765,NA,L1PA11,FALSE,0.5429,NA,19,16,NA,NA,NA,Intron,FALSE,FALSE,FALSE,FALSE,2,1,1,1_1,9c730cfb-3fd6-428a-a0a4-c061ca5db06c,NA
4,98323963,98323963,1,snv_mnv,NA,NA,"broad,dkfz,muse,sanger",4,COSN19242738,NA,L1PA7,FALSE,0.6316,NA,12,7,NA,NA,NA,Intron,FALSE,FALSE,FALSE,FALSE,2,1,1,1_1,9c730cfb-3fd6-428a-a0a4-c061ca5db06c,NA
4,98842001,98842001,1,snv_mnv,NA,NA,"broad,dkfz,muse,sanger",4,COSN19242746,NA,NA,FALSE,0.4091,NA,9,13,NA,NA,NA,Intron,FALSE,FALSE,FALSE,FALSE,2,1,1,1_1,9c730cfb-3fd6-428a-a0a4-c061ca5db06c,CRYZP2
4,104695530,104695530,1,snv_mnv,NA,NA,"broad,dkfz,muse,sanger",4,COSN19242811,NA,NA,FALSE,0.3158,NA,12,26,NA,NA,NA,IGR,FALSE,FALSE,FALSE,FALSE,2,1,1,1_1,9c730cfb-3fd6-428a-a0a4-c061ca5db06c,NA
4,104743244,104743244,1,snv_mnv,NA,NA,"broad,dkfz,muse,sanger",4,COSN19242759,NA,L1MC4,FALSE,0.4516,NA,14,17,NA,NA,NA,IGR,FALSE,FALSE,TRUE,FALSE,2,1,1,1_1,9c730cfb-3fd6-428a-a0a4-c061ca5db06c,NA
4,106903620,106903620,1,snv_mnv,NA,NA,"broad,muse,sanger",3,COSN19242736,NA,L1P2,FALSE,0.3846,NA,15,24,NA,NA,NA,IGR,FALSE,FALSE,FALSE,FALSE,2,1,1,1_1,9c730cfb-3fd6-428a-a0a4-c061ca5db06c,NA
4,108226267,108226267,1,snv_mnv,NA,NA,"broad,dkfz,muse,sanger",4,COSN19242749,NA,NA,FALSE,0.4634,NA,19,22,NA,NA,NA,IGR,FALSE,FALSE,FALSE,FALSE,2,1,1,1_1,9c730cfb-3fd6-428a-a0a4-c061ca5db06c,AC104663.1
4,109715251,109715251,1,snv_mnv,NA,NA,"broad,dkfz,muse,sanger",4,COSN19242840,NA,NA,FALSE,0.4857,NA,17,18,NA,NA,NA,IGR,FALSE,FALSE,FALSE,FALSE,2,1,1,1_1,9c730cfb-3fd6-428a-a0a4-c061ca5db06c,RCC2P8
4,113599987,113599987,1,snv_mnv,NA,NA,"broad,dkfz,muse",3,COSN19242834,NA,NA,FALSE,0.1481,NA,4,23,NA,NA,NA,IGR,FALSE,FALSE,FALSE,FALSE,2,1,1,1_1,9c730cfb-3fd6-428a-a0a4-c061ca5db06c,NA
4,120597485,120597485,1,snv_mnv,NA,NA,"broad,dkfz,muse,sanger",4,COSN19242808,NA,NA,FALSE,0.2121,NA,7,26,NA,NA,NA,IGR,FALSE,FALSE,FALSE,FALSE,2,1,1,1_1,9c730cfb-3fd6-428a-a0a4-c061ca5db06c,NA
4,126640433,126640433,1,snv_mnv,NA,NA,"broad,dkfz,muse,sanger",4,COSN19242751,NA,NA,FALSE,0.4211,NA,8,11,NA,NA,NA,lincRNA,FALSE,FALSE,FALSE,FALSE,2,1,1,1_1,9c730cfb-3fd6-428a-a0a4-c061ca5db06c,TMEM248P1
4,127837925,127837925,1,snv_mnv,NA,NA,"broad,dkfz,muse,sanger",4,COSN19242741,NA,NA,FALSE,0.4,NA,14,21,NA,NA,NA,IGR,FALSE,FALSE,FALSE,FALSE,2,1,1,1_1,9c730cfb-3fd6-428a-a0a4-c061ca5db06c,NA
4,130129280,130129280,1,snv_mnv,NA,NA,"dkfz,sanger",2,COSN19242788,NA,NA,FALSE,NA,NA,NA,NA,NA,NA,NA,IGR,FALSE,FALSE,TRUE,FALSE,2,1,1,1_1,9c730cfb-3fd6-428a-a0a4-c061ca5db06c,NA
4,131348188,131348188,1,snv_mnv,NA,NA,"broad,dkfz,muse,sanger",4,COSN19242778,NA,NA,FALSE,0.3514,NA,13,24,NA,NA,NA,IGR,FALSE,FALSE,FALSE,FALSE,2,1,1,1_1,9c730cfb-3fd6-428a-a0a4-c061ca5db06c,NA
4,131479828,131479828,1,snv_mnv,3.9936e-4,rs555708197,"broad,dkfz,muse,sanger",4,COSN19242761,rs555708197,L1MA2,FALSE,0.1935,NA,6,25,NA,NA,NA,IGR,FALSE,FALSE,FALSE,FALSE,2,1,1,1_1,9c730cfb-3fd6-428a-a0a4-c061ca5db06c,NA
4,133427416,133427416,1,snv_mnv,NA,NA,"broad,dkfz,muse,sanger",4,COSN19242823,NA,NA,FALSE,0.2703,NA,10,27,NA,NA,NA,IGR,FALSE,FALSE,FALSE,FALSE,2,1,1,1_1,9c730cfb-3fd6-428a-a0a4-c061ca5db06c,NA
4,133739329,133739329,1,snv_mnv,NA,NA,"broad,dkfz,sanger",3,COSN19242756,NA,HERVIP10FH-int,FALSE,0.5769,NA,15,11,NA,NA,NA,IGR,FALSE,FALSE,FALSE,FALSE,2,1,1,1_1,9c730cfb-3fd6-428a-a0a4-c061ca5db06c,NA
4,135616742,135616742,1,snv_mnv,NA,NA,"broad,dkfz,muse,sanger",4,COSN19242797,NA,MLT1F1,FALSE,0.5455,NA,18,15,NA,NA,NA,IGR,FALSE,FALSE,FALSE,FALSE,2,1,1,1_1,9c730cfb-3fd6-428a-a0a4-c061ca5db06c,NA
4,135681261,135681261,1,snv_mnv,NA,NA,"broad,dkfz,muse,sanger",4,COSN19242817,NA,NA,FALSE,0.1875,NA,6,26,NA,NA,NA,lincRNA,FALSE,FALSE,FALSE,FALSE,2,1,1,1_1,9c730cfb-3fd6-428a-a0a4-c061ca5db06c,NA
4,136451682,136451682,1,snv_mnv,NA,NA,"broad,dkfz,muse,sanger",4,COSN19242748,NA,LTR83,FALSE,0.3784,NA,14,23,NA,NA,NA,IGR,FALSE,FALSE,FALSE,FALSE,2,1,1,1_1,9c730cfb-3fd6-428a-a0a4-c061ca5db06c,NA
4,137221629,137221629,1,snv_mnv,NA,NA,"broad,dkfz,muse,sanger",4,COSN19242825,NA,NA,FALSE,0.5294,NA,18,16,NA,NA,NA,IGR,FALSE,FALSE,FALSE,FALSE,2,1,1,1_1,9c730cfb-3fd6-428a-a0a4-c061ca5db06c,NA
4,137304515,137304515,1,snv_mnv,NA,NA,"broad,dkfz,muse,sanger",4,COSN19242767,NA,MLT2B1,FALSE,0.5,NA,13,13,NA,NA,NA,IGR,FALSE,FALSE,FALSE,FALSE,2,1,1,1_1,9c730cfb-3fd6-428a-a0a4-c061ca5db06c,NA
4,137895606,137895606,1,snv_mnv,NA,NA,"broad,dkfz,muse,sanger",4,COSN19242770,NA,THE1D,FALSE,0.3636,NA,12,21,NA,NA,NA,lincRNA,FALSE,FALSE,FALSE,FALSE,2,1,1,1_1,9c730cfb-3fd6-428a-a0a4-c061ca5db06c,NA
4,142516872,142516872,1,snv_mnv,NA,NA,"broad,dkfz,muse,sanger",4,COSN19241464,NA,L1MCc,FALSE,0.3333,NA,11,22,NA,NA,NA,IGR,FALSE,FALSE,FALSE,FALSE,2,1,1,1_1,9c730cfb-3fd6-428a-a0a4-c061ca5db06c,NA
4,142706906,142706906,1,snv_mnv,NA,NA,"broad,dkfz,muse,sanger",4,COSN19242838,NA,AluJb,FALSE,0.5,NA,16,16,NA,NA,NA,IGR,FALSE,FALSE,FALSE,FALSE,2,1,1,1_1,9c730cfb-3fd6-428a-a0a4-c061ca5db06c,NA
4,142824520,142824520,1,snv_mnv,NA,NA,"broad,dkfz,muse,sanger",4,COSN19242822,NA,LTR49,FALSE,0.4848,NA,16,17,NA,NA,NA,IGR,FALSE,FALSE,FALSE,FALSE,2,1,1,1_1,9c730cfb-3fd6-428a-a0a4-c061ca5db06c,NA
4,144678584,144678584,1,snv_mnv,NA,NA,"broad,dkfz,muse,sanger",4,COSN19242737,NA,L1PA7,FALSE,0.5526,NA,21,17,NA,NA,NA,RNA,FALSE,FALSE,FALSE,FALSE,2,1,1,1_1,9c730cfb-3fd6-428a-a0a4-c061ca5db06c,AC104090.1
4,146972221,146972221,1,snv_mnv,NA,NA,"broad,dkfz,muse,sanger",4,COSN19242789,NA,NA,FALSE,0.3514,NA,13,24,NA,NA,NA,lincRNA,FALSE,FALSE,FALSE,FALSE,2,1,1,1_1,9c730cfb-3fd6-428a-a0a4-c061ca5db06c,AC108206.1
4,150269166,150269166,1,snv_mnv,NA,NA,"broad,dkfz,muse,sanger",4,COSN19242758,NA,NA,FALSE,0.561,NA,23,18,NA,NA,NA,IGR,FALSE,FALSE,FALSE,FALSE,2,1,1,1_1,9c730cfb-3fd6-428a-a0a4-c061ca5db06c,IQCM
4,152759662,152759662,1,snv_mnv,NA,NA,"broad,dkfz,muse,sanger",4,COSN19242796,rs534962165,Charlie2a,FALSE,0.4848,NA,16,17,NA,NA,NA,IGR,FALSE,FALSE,FALSE,FALSE,2,1,1,1_1,9c730cfb-3fd6-428a-a0a4-c061ca5db06c,NA
4,157008742,157008742,1,snv_mnv,NA,NA,"broad,dkfz,muse,sanger",4,COSN19242802,NA,NA,FALSE,0.5278,NA,19,17,NA,NA,NA,IGR,FALSE,FALSE,FALSE,FALSE,2,1,1,1_1,9c730cfb-3fd6-428a-a0a4-c061ca5db06c,NA
4,158163913,158163913,1,snv_mnv,NA,NA,"broad,dkfz,muse,sanger",4,COSN19241451,NA,MER82,FALSE,0.1346,NA,7,45,NA,NA,NA,Intron,FALSE,FALSE,FALSE,FALSE,2,1,1,1_1,9c730cfb-3fd6-428a-a0a4-c061ca5db06c,NA
4,159413588,159413588,1,snv_mnv,NA,NA,"broad,dkfz,muse,sanger",4,COSN19242793,NA,NA,FALSE,0.5882,NA,20,14,NA,NA,NA,Intron,FALSE,FALSE,FALSE,FALSE,2,1,1,1_1,9c730cfb-3fd6-428a-a0a4-c061ca5db06c,NA
4,160491330,160491330,1,snv_mnv,NA,NA,"broad,dkfz,muse,sanger",4,COSN19242821,NA,L1PA11,FALSE,0.3333,NA,9,18,NA,NA,NA,IGR,FALSE,FALSE,FALSE,FALSE,2,1,1,1_1,9c730cfb-3fd6-428a-a0a4-c061ca5db06c,NA
4,162003450,162003450,1,snv_mnv,NA,NA,"broad,dkfz,muse,sanger",4,COSN19242786,NA,NA,FALSE,0.5,NA,17,17,NA,NA,NA,IGR,FALSE,FALSE,FALSE,FALSE,2,1,1,1_1,9c730cfb-3fd6-428a-a0a4-c061ca5db06c,NA
4,163339037,163339037,1,snv_mnv,NA,NA,"broad,dkfz,muse,sanger",4,COSN19242732,NA,NA,FALSE,0.4138,NA,12,17,NA,NA,NA,IGR,FALSE,FALSE,FALSE,FALSE,2,1,1,1_1,9c730cfb-3fd6-428a-a0a4-c061ca5db06c,NA
4,167334736,167334736,1,snv_mnv,NA,NA,"broad,dkfz,muse,sanger",4,COSN19242783,NA,NA,FALSE,0.3333,NA,14,28,NA,NA,NA,lincRNA,FALSE,FALSE,FALSE,FALSE,2,1,1,1_1,9c730cfb-3fd6-428a-a0a4-c061ca5db06c,NA
4,167586266,167586266,1,snv_mnv,NA,NA,"broad,dkfz,muse",3,COSN19242787,NA,(TA)n,FALSE,0.3824,NA,13,21,NA,NA,NA,IGR,FALSE,FALSE,FALSE,FALSE,2,1,1,1_1,9c730cfb-3fd6-428a-a0a4-c061ca5db06c,NA
4,167706204,167706204,1,snv_mnv,NA,NA,"broad,dkfz,muse,sanger",4,COSN19242776,NA,NA,FALSE,0.5152,NA,17,16,NA,NA,NA,Intron,FALSE,FALSE,TRUE,FALSE,2,1,1,1_1,9c730cfb-3fd6-428a-a0a4-c061ca5db06c,NA
4,172276785,172276785,1,snv_mnv,1.9968e-4,rs559987469,"broad,dkfz,muse,sanger",4,COSN19242841,rs559987469,L1P3,FALSE,0.4167,NA,15,21,NA,NA,NA,IGR,FALSE,FALSE,FALSE,FALSE,2,1,1,1_1,9c730cfb-3fd6-428a-a0a4-c061ca5db06c,NA
4,179062597,179062597,1,snv_mnv,NA,NA,"dkfz,sanger",2,COSN19242785,NA,HERVL18-int,FALSE,0.3913,NA,9,14,NA,NA,NA,IGR,FALSE,FALSE,FALSE,FALSE,2,1,1,1_1,9c730cfb-3fd6-428a-a0a4-c061ca5db06c,NA
4,182310386,182310386,1,snv_mnv,NA,NA,"broad,dkfz,muse,sanger",4,COSN19242733,NA,MER2,FALSE,0.3846,NA,15,24,NA,NA,NA,IGR,FALSE,FALSE,FALSE,FALSE,2,1,1,1_1,9c730cfb-3fd6-428a-a0a4-c061ca5db06c,NA
4,183402730,183402730,1,snv_mnv,NA,NA,"broad,dkfz,muse,sanger",4,COSN19242819,NA,AluSx,FALSE,0.7,NA,21,9,NA,NA,NA,Intron,FALSE,FALSE,FALSE,FALSE,2,1,1,1_1,9c730cfb-3fd6-428a-a0a4-c061ca5db06c,NA
4,184726800,184726800,1,snv_mnv,NA,NA,"broad,dkfz,muse,sanger",4,COSN19242740,NA,AluJb,FALSE,0.3571,NA,10,18,NA,NA,NA,IGR,FALSE,FALSE,FALSE,FALSE,2,1,1,1_1,9c730cfb-3fd6-428a-a0a4-c061ca5db06c,NA
4,188225408,188225408,1,snv_mnv,NA,NA,"broad,dkfz,muse,sanger",4,COSN19242826,NA,MLT1C,FALSE,0.4211,NA,8,11,NA,NA,NA,lincRNA,FALSE,FALSE,FALSE,FALSE,2,1,1,1_1,9c730cfb-3fd6-428a-a0a4-c061ca5db06c,NA
4,188755692,188755692,1,snv_mnv,NA,NA,"broad,dkfz,muse,sanger",4,COSN19242735,NA,MIRb,FALSE,0.2963,NA,8,19,NA,NA,NA,IGR,FALSE,FALSE,TRUE,FALSE,2,1,1,1_1,9c730cfb-3fd6-428a-a0a4-c061ca5db06c,NA
4,188814487,188814487,1,snv_mnv,NA,NA,"broad,dkfz,muse,sanger",4,COSN19242830,NA,NA,FALSE,0.3514,NA,13,24,NA,NA,NA,IGR,FALSE,FALSE,FALSE,FALSE,2,1,1,1_1,9c730cfb-3fd6-428a-a0a4-c061ca5db06c,NA
4,189897227,189897227,1,snv_mnv,NA,NA,"broad,dkfz,muse,sanger",4,COSN19242757,NA,NA,FALSE,0.4146,NA,17,24,NA,NA,NA,IGR,FALSE,FALSE,TRUE,FALSE,2,1,1,1_1,9c730cfb-3fd6-428a-a0a4-c061ca5db06c,NA
4,190146324,190146324,1,snv_mnv,NA,NA,"dkfz,sanger",2,COSN19242754,NA,AT_rich,FALSE,0.46,NA,23,27,NA,NA,NA,IGR,FALSE,FALSE,FALSE,TRUE,2,1,1,1_1,9c730cfb-3fd6-428a-a0a4-c061ca5db06c,NA
4,190326467,190326467,1,snv_mnv,NA,NA,"broad,dkfz,muse,sanger",4,COSN19242837,NA,THE1D,FALSE,0.1071,NA,3,25,NA,NA,NA,IGR,FALSE,FALSE,FALSE,FALSE,2,1,1,1_1,9c730cfb-3fd6-428a-a0a4-c061ca5db06c,NA
5,2709272,2709272,1,snv_mnv,NA,NA,"broad,dkfz,muse,sanger",4,COSN19243020,NA,NA,FALSE,0.3704,NA,10,17,NA,NA,NA,IGR,FALSE,FALSE,FALSE,FALSE,2,1,1,1_1,9c730cfb-3fd6-428a-a0a4-c061ca5db06c,AC091891.2
5,3658554,3658554,1,snv_mnv,NA,NA,"broad,dkfz,muse,sanger",4,COSN19242978,NA,AluYc,FALSE,0.7,NA,14,6,NA,NA,NA,IGR,FALSE,FALSE,FALSE,FALSE,2,1,1,1_1,9c730cfb-3fd6-428a-a0a4-c061ca5db06c,NA
5,4790485,4790485,1,snv_mnv,NA,NA,"broad,dkfz,muse,sanger",4,COSN19242989,NA,L1MC2,FALSE,0.4667,NA,14,16,NA,NA,NA,lincRNA,FALSE,FALSE,TRUE,FALSE,2,1,1,1_1,9c730cfb-3fd6-428a-a0a4-c061ca5db06c,NA
5,5031912,5031912,1,snv_mnv,NA,NA,"broad,muse",2,COSN19242953,NA,THE1D,FALSE,0.1818,NA,4,18,NA,NA,NA,lincRNA,FALSE,FALSE,FALSE,FALSE,2,1,1,1_1,9c730cfb-3fd6-428a-a0a4-c061ca5db06c,LINC01020
5,6904083,6904083,1,snv_mnv,NA,NA,"broad,dkfz,muse,sanger",4,COSN19243033,NA,NA,FALSE,0.2414,NA,7,22,NA,NA,NA,IGR,FALSE,FALSE,FALSE,FALSE,2,1,1,1_1,9c730cfb-3fd6-428a-a0a4-c061ca5db06c,NA
5,7186255,7186255,1,snv_mnv,NA,NA,"broad,dkfz,muse,sanger",4,COSN19243014,rs760647189,NA,FALSE,0.4242,NA,14,19,NA,NA,NA,lincRNA,FALSE,FALSE,FALSE,FALSE,2,1,1,1_1,9c730cfb-3fd6-428a-a0a4-c061ca5db06c,NA
5,8651914,8651914,1,snv_mnv,NA,NA,"broad,dkfz,muse,sanger",4,COSN19243010,NA,NA,FALSE,0.55,NA,22,18,NA,NA,NA,IGR,FALSE,FALSE,FALSE,FALSE,2,1,1,1_1,9c730cfb-3fd6-428a-a0a4-c061ca5db06c,NA
5,9601603,9601603,1,snv_mnv,NA,NA,"broad,dkfz,muse,sanger",4,COSN19242996,NA,MLT1D-int,FALSE,0.2258,NA,7,24,NA,NA,NA,IGR,FALSE,FALSE,FALSE,FALSE,2,1,1,1_1,9c730cfb-3fd6-428a-a0a4-c061ca5db06c,NA
5,12206294,12206294,1,snv_mnv,NA,NA,"broad,dkfz,muse,sanger",4,COSN19243024,NA,L1PA15,FALSE,0.4211,NA,16,22,NA,NA,NA,IGR,FALSE,FALSE,FALSE,FALSE,2,1,1,1_1,9c730cfb-3fd6-428a-a0a4-c061ca5db06c,NA
5,12867239,12867239,1,snv_mnv,NA,NA,"broad,dkfz,muse,sanger",4,COSN19242993,NA,MSTA-int,FALSE,0.359,NA,14,25,NA,NA,NA,IGR,FALSE,FALSE,FALSE,FALSE,2,1,1,1_1,9c730cfb-3fd6-428a-a0a4-c061ca5db06c,NA
5,13151106,13151106,1,snv_mnv,NA,NA,"broad,dkfz,muse,sanger",4,COSN19242968,NA,NA,FALSE,0.5238,NA,22,20,NA,NA,NA,IGR,FALSE,FALSE,FALSE,FALSE,2,1,1,1_1,9c730cfb-3fd6-428a-a0a4-c061ca5db06c,NA
5,14544190,14544190,1,snv_mnv,NA,NA,"broad,dkfz,muse,sanger",4,COSN19243048,NA,MLT1K,FALSE,0.4815,NA,13,14,NA,NA,NA,IGR,FALSE,FALSE,FALSE,FALSE,2,1,1,1_1,9c730cfb-3fd6-428a-a0a4-c061ca5db06c,NA
5,16917811,16917811,1,snv_mnv,NA,NA,"broad,dkfz,muse",3,COSN19243044,NA,AluJo,FALSE,0.3333,NA,9,18,NA,NA,NA,Intron,FALSE,FALSE,FALSE,FALSE,2,1,1,1_1,9c730cfb-3fd6-428a-a0a4-c061ca5db06c,MYO10
5,18780512,18780512,1,snv_mnv,NA,NA,"broad,dkfz,muse,sanger",4,COSN19243046,NA,AT_rich,FALSE,0.6,NA,15,10,NA,NA,NA,IGR,FALSE,FALSE,TRUE,FALSE,2,1,1,1_1,9c730cfb-3fd6-428a-a0a4-c061ca5db06c,NA
5,20696536,20696536,1,snv_mnv,NA,NA,"broad,dkfz,muse,sanger",4,COSN19243047,NA,NA,FALSE,0.3438,NA,11,21,NA,NA,NA,lincRNA,FALSE,FALSE,FALSE,FALSE,2,1,1,1_1,9c730cfb-3fd6-428a-a0a4-c061ca5db06c,NA
5,23823193,23823193,1,snv_mnv,NA,NA,"broad,dkfz,muse,sanger",4,COSN19242970,NA,MSTC,FALSE,0.5455,NA,18,15,NA,NA,NA,IGR,FALSE,FALSE,FALSE,FALSE,2,1,1,1_1,9c730cfb-3fd6-428a-a0a4-c061ca5db06c,NA
5,24330295,24330295,1,snv_mnv,NA,NA,"broad,dkfz,muse,sanger",4,COSN19242991,NA,NA,FALSE,0.2593,NA,7,20,NA,NA,NA,IGR,FALSE,FALSE,FALSE,FALSE,2,1,1,1_1,9c730cfb-3fd6-428a-a0a4-c061ca5db06c,NA
5,24562399,24562399,1,snv_mnv,NA,NA,"broad,dkfz,muse,sanger",4,COSN19243001,NA,NA,FALSE,0.4762,NA,20,22,NA,NA,NA,Intron,FALSE,FALSE,FALSE,FALSE,2,1,1,1_1,9c730cfb-3fd6-428a-a0a4-c061ca5db06c,NA
5,26185606,26185606,1,snv_mnv,NA,NA,"broad,dkfz,muse,sanger",4,COSN19243005,NA,L1PA7,FALSE,0.4194,NA,13,18,NA,NA,NA,IGR,FALSE,FALSE,FALSE,FALSE,2,1,1,1_1,9c730cfb-3fd6-428a-a0a4-c061ca5db06c,NA
5,26227010,26227010,1,snv_mnv,NA,NA,"broad,dkfz,muse,sanger",4,COSN19242971,NA,D20S16,FALSE,0.3333,NA,9,18,NA,NA,NA,IGR,FALSE,FALSE,FALSE,FALSE,2,1,1,1_1,9c730cfb-3fd6-428a-a0a4-c061ca5db06c,NA
5,26298590,26298590,1,snv_mnv,NA,NA,"broad,dkfz,muse,sanger",4,COSN19242960,NA,L1PB4,FALSE,0.65,NA,26,14,NA,NA,NA,IGR,FALSE,FALSE,FALSE,FALSE,2,1,1,1_1,9c730cfb-3fd6-428a-a0a4-c061ca5db06c,NA
5,26487121,26487121,1,snv_mnv,NA,NA,"broad,dkfz,muse,sanger",4,COSN19242985,NA,MER41B,FALSE,0.6667,NA,28,14,NA,NA,NA,IGR,FALSE,FALSE,FALSE,FALSE,2,1,1,1_1,9c730cfb-3fd6-428a-a0a4-c061ca5db06c,NA
5,26535234,26535234,1,snv_mnv,NA,NA,"broad,dkfz,muse,sanger",4,COSN19243039,NA,NA,FALSE,0.2903,NA,9,22,NA,NA,NA,IGR,FALSE,FALSE,FALSE,FALSE,2,1,1,1_1,9c730cfb-3fd6-428a-a0a4-c061ca5db06c,NA
5,27365468,27365468,1,snv_mnv,NA,NA,"broad,dkfz,muse,sanger",4,COSN19242987,NA,THE1B-int,FALSE,0.4211,NA,16,22,NA,NA,NA,IGR,FALSE,FALSE,FALSE,FALSE,2,1,1,1_1,9c730cfb-3fd6-428a-a0a4-c061ca5db06c,NA
5,28367063,28367063,1,snv_mnv,NA,NA,"broad,dkfz,muse,sanger",4,COSN19243029,NA,NA,FALSE,0.3077,NA,8,18,NA,NA,NA,IGR,FALSE,FALSE,FALSE,FALSE,2,1,1,1_1,9c730cfb-3fd6-428a-a0a4-c061ca5db06c,NA
5,30090815,30090815,1,snv_mnv,NA,NA,"broad,dkfz,muse,sanger",4,COSN19243018,NA,NA,FALSE,0.3922,NA,20,31,NA,NA,NA,IGR,FALSE,FALSE,TRUE,FALSE,2,1,1,1_1,9c730cfb-3fd6-428a-a0a4-c061ca5db06c,NA
5,30779152,30779152,1,snv_mnv,NA,NA,"broad,dkfz,muse,sanger",4,COSN19243037,NA,L1PA7,FALSE,0.3784,NA,14,23,NA,NA,NA,IGR,FALSE,FALSE,FALSE,FALSE,2,1,1,1_1,9c730cfb-3fd6-428a-a0a4-c061ca5db06c,NA
5,36397684,36397684,1,snv_mnv,NA,NA,"broad,dkfz,muse",3,COSN19243028,NA,NA,FALSE,0.1667,NA,4,20,NA,NA,NA,IGR,FALSE,FALSE,FALSE,FALSE,2,1,1,1_1,9c730cfb-3fd6-428a-a0a4-c061ca5db06c,NA
5,38126625,38126625,1,snv_mnv,NA,NA,"broad,dkfz,muse,sanger",4,COSN19243002,NA,NA,FALSE,0.5,NA,13,13,NA,NA,NA,lincRNA,FALSE,FALSE,FALSE,FALSE,2,1,1,1_1,9c730cfb-3fd6-428a-a0a4-c061ca5db06c,NA
5,38502592,38502592,1,snv_mnv,NA,NA,"broad,dkfz,muse,sanger",4,COSN19243053,NA,AluSp,FALSE,0.5161,NA,16,15,NA,NA,NA,Intron,FALSE,FALSE,FALSE,FALSE,2,1,1,1_1,9c730cfb-3fd6-428a-a0a4-c061ca5db06c,NA
5,39816407,39816407,1,snv_mnv,NA,NA,"dkfz,sanger",2,COSN19243055,NA,NA,FALSE,0.3784,NA,14,23,NA,NA,NA,IGR,FALSE,FALSE,FALSE,FALSE,2,1,1,1_1,9c730cfb-3fd6-428a-a0a4-c061ca5db06c,NA
5,42615111,42615111,1,snv_mnv,NA,NA,"broad,dkfz,muse,sanger",4,COSN19242980,NA,MamGypLTR1b,FALSE,0.3824,NA,13,21,NA,NA,NA,Intron,FALSE,FALSE,TRUE,FALSE,2,1,1,1_1,9c730cfb-3fd6-428a-a0a4-c061ca5db06c,NA
5,43915824,43915824,1,snv_mnv,NA,NA,"broad,dkfz,muse,sanger",4,COSN19243025,NA,L1P2,FALSE,0.4333,NA,13,17,NA,NA,NA,IGR,FALSE,FALSE,FALSE,FALSE,2,1,1,1_1,9c730cfb-3fd6-428a-a0a4-c061ca5db06c,NA
5,45696850,45696850,1,snv_mnv,NA,NA,"broad,dkfz,muse,sanger",4,COSN19242955,NA,NA,FALSE,0.2703,NA,10,27,NA,NA,NA,5'Flank,FALSE,FALSE,FALSE,FALSE,2,1,1,1_1,9c730cfb-3fd6-428a-a0a4-c061ca5db06c,HCN1
5,53884182,53884182,1,snv_mnv,NA,NA,"broad,dkfz,muse,sanger",4,COSN19243040,NA,AluY,FALSE,0.5455,NA,6,5,NA,NA,NA,IGR,FALSE,FALSE,FALSE,FALSE,2,1,1,1_1,9c730cfb-3fd6-428a-a0a4-c061ca5db06c,NA
5,58231845,58231845,1,snv_mnv,NA,NA,"broad,dkfz,muse,sanger",4,COSN19242979,NA,NA,FALSE,0.375,NA,9,15,NA,NA,NA,IGR,FALSE,FALSE,FALSE,FALSE,2,1,1,1_1,9c730cfb-3fd6-428a-a0a4-c061ca5db06c,NA
5,61092494,61092494,1,snv_mnv,NA,NA,"broad,dkfz,muse,sanger",4,COSN19242972,NA,ORSL-2b,FALSE,0.4146,NA,17,24,NA,NA,NA,IGR,FALSE,FALSE,FALSE,FALSE,2,1,1,1_1,9c730cfb-3fd6-428a-a0a4-c061ca5db06c,NA
5,62671865,62671865,1,snv_mnv,NA,NA,"broad,dkfz,muse,sanger",4,COSN19242983,NA,L1PA7,FALSE,0.3571,NA,10,18,NA,NA,NA,IGR,FALSE,FALSE,FALSE,FALSE,2,1,1,1_1,9c730cfb-3fd6-428a-a0a4-c061ca5db06c,NA
5,68721565,68721565,1,snv_mnv,NA,NA,"dkfz,sanger",2,COSN19243011,NA,AluY,FALSE,0.4444,NA,8,10,NA,NA,NA,Intron,FALSE,FALSE,FALSE,FALSE,2,1,1,1_1,9c730cfb-3fd6-428a-a0a4-c061ca5db06c,NA
5,74601029,74601029,1,snv_mnv,NA,NA,"broad,dkfz,muse,sanger",4,COSN19242961,NA,HERV17-int,FALSE,0.52,NA,13,12,NA,NA,NA,IGR,FALSE,FALSE,FALSE,FALSE,2,1,1,1_1,9c730cfb-3fd6-428a-a0a4-c061ca5db06c,NA
5,75512885,75512885,1,snv_mnv,NA,NA,"broad,dkfz,muse,sanger",4,COSN19242977,NA,NA,FALSE,0.4483,NA,13,16,NA,NA,NA,Intron,FALSE,FALSE,FALSE,FALSE,2,1,1,1_1,9c730cfb-3fd6-428a-a0a4-c061ca5db06c,NA
5,76044856,76044856,1,snv_mnv,NA,NA,"broad,dkfz,muse,sanger",4,COSN19243026,NA,AluSz,FALSE,0.3333,NA,7,14,NA,NA,NA,IGR,FALSE,FALSE,FALSE,FALSE,2,1,1,1_1,9c730cfb-3fd6-428a-a0a4-c061ca5db06c,NA
5,77700042,77700042,1,snv_mnv,NA,NA,"broad,dkfz,muse,sanger",4,COSN19243054,NA,L1MC1,FALSE,0.4444,NA,20,25,NA,NA,NA,Intron,FALSE,FALSE,FALSE,FALSE,2,1,1,1_1,9c730cfb-3fd6-428a-a0a4-c061ca5db06c,NA
5,78100694,78100694,1,snv_mnv,NA,NA,"broad,dkfz,muse,sanger",4,COSN19242959,NA,NA,FALSE,0.2414,NA,7,22,NA,NA,NA,Intron,FALSE,FALSE,FALSE,FALSE,2,1,1,1_1,9c730cfb-3fd6-428a-a0a4-c061ca5db06c,NA
5,81832787,81832787,1,snv_mnv,NA,NA,"broad,dkfz,muse",3,COSN19242969,NA,NA,FALSE,0.3333,NA,3,6,NA,NA,NA,IGR,FALSE,FALSE,FALSE,FALSE,2,1,1,1_1,9c730cfb-3fd6-428a-a0a4-c061ca5db06c,NA
5,82195001,82195001,1,snv_mnv,NA,NA,"broad,dkfz,muse,sanger",4,COSN19242967,NA,MLT1H,FALSE,0.4074,NA,11,16,NA,NA,NA,IGR,FALSE,FALSE,FALSE,FALSE,2,1,1,1_1,9c730cfb-3fd6-428a-a0a4-c061ca5db06c,NA
5,83699411,83699411,1,snv_mnv,NA,NA,"broad,dkfz,muse,sanger",4,COSN19242995,NA,NA,FALSE,0.3714,NA,13,22,NA,NA,NA,RNA,FALSE,FALSE,FALSE,FALSE,2,1,1,1_1,9c730cfb-3fd6-428a-a0a4-c061ca5db06c,AC113383.1
5,89188942,89188942,1,snv_mnv,0.0023962,rs565429825,"broad,dkfz,muse,sanger",4,COSN19243015,rs565429825,L1MB3,FALSE,0.4565,NA,21,25,NA,NA,NA,IGR,FALSE,FALSE,FALSE,FALSE,2,1,1,1_1,9c730cfb-3fd6-428a-a0a4-c061ca5db06c,NA
5,89302801,89302801,1,snv_mnv,NA,NA,"broad,dkfz,muse,sanger",4,COSN19242965,NA,MamRep605,FALSE,0.4359,NA,17,22,NA,NA,NA,IGR,FALSE,FALSE,FALSE,FALSE,2,1,1,1_1,9c730cfb-3fd6-428a-a0a4-c061ca5db06c,NA
5,94204723,94204723,1,snv_mnv,NA,NA,"broad,dkfz,muse,sanger",4,COSN19243021,NA,NA,FALSE,0.3421,NA,13,25,NA,NA,NA,Intron,FALSE,FALSE,FALSE,FALSE,2,1,1,1_1,9c730cfb-3fd6-428a-a0a4-c061ca5db06c,NA
5,94696133,94696133,1,snv_mnv,NA,NA,"broad,muse",2,COSN19242975,NA,L1PB1,FALSE,0.5,NA,12,12,NA,NA,NA,IGR,FALSE,FALSE,FALSE,FALSE,2,1,1,1_1,9c730cfb-3fd6-428a-a0a4-c061ca5db06c,NA
5,97309170,97309170,1,snv_mnv,NA,NA,"broad,muse,sanger",3,COSN19243049,NA,AluY,FALSE,0.5714,NA,16,12,NA,NA,NA,IGR,FALSE,FALSE,FALSE,FALSE,2,1,1,1_1,9c730cfb-3fd6-428a-a0a4-c061ca5db06c,NA
5,98455484,98455484,1,snv_mnv,NA,NA,"broad,muse",2,COSN19243013,NA,L1MA8,FALSE,0.1333,NA,4,26,NA,NA,NA,IGR,FALSE,FALSE,FALSE,FALSE,2,1,1,1_1,9c730cfb-3fd6-428a-a0a4-c061ca5db06c,NA
5,99069785,99069785,1,snv_mnv,NA,NA,"broad,muse,sanger",3,COSN19243058,NA,AluSq2,FALSE,0.4444,NA,12,15,NA,NA,NA,IGR,FALSE,FALSE,FALSE,FALSE,2,1,1,1_1,9c730cfb-3fd6-428a-a0a4-c061ca5db06c,NA
5,100297867,100297867,1,snv_mnv,NA,NA,"broad,dkfz,muse,sanger",4,COSN19243057,NA,L1M2,FALSE,0.3696,NA,17,29,NA,NA,NA,IGR,FALSE,FALSE,FALSE,FALSE,2,1,1,1_1,9c730cfb-3fd6-428a-a0a4-c061ca5db06c,NA
5,102918283,102918283,1,snv_mnv,NA,NA,"broad,dkfz,muse,sanger",4,COSN19243027,rs374989307,NA,FALSE,0.5641,NA,22,17,NA,NA,NA,IGR,FALSE,FALSE,FALSE,FALSE,2,1,1,1_1,9c730cfb-3fd6-428a-a0a4-c061ca5db06c,NA
5,104440027,104440027,1,snv_mnv,NA,NA,"broad,dkfz,muse,sanger",4,COSN19242951,NA,NA,FALSE,0.2759,NA,8,21,NA,NA,NA,lincRNA,FALSE,FALSE,TRUE,FALSE,2,1,1,1_1,9c730cfb-3fd6-428a-a0a4-c061ca5db06c,RAB9BP1
5,107583087,107583087,1,snv_mnv,NA,NA,"broad,dkfz,muse,sanger",4,COSN19243038,NA,MIR,FALSE,0.1739,NA,8,38,NA,NA,NA,Intron,FALSE,FALSE,FALSE,FALSE,2,1,1,1_1,9c730cfb-3fd6-428a-a0a4-c061ca5db06c,NA
5,108156899,108156899,1,snv_mnv,NA,NA,"broad,dkfz,muse,sanger",4,COSN19243034,NA,NA,FALSE,0.5152,NA,17,16,NA,NA,NA,Intron,FALSE,FALSE,FALSE,FALSE,2,1,1,1_1,9c730cfb-3fd6-428a-a0a4-c061ca5db06c,NA
5,112956541,112956541,1,snv_mnv,NA,NA,"broad,dkfz,muse,sanger",4,COSN19242986,NA,HERV9-int,FALSE,0.2414,NA,7,22,NA,NA,NA,IGR,FALSE,FALSE,FALSE,FALSE,2,1,1,1_1,9c730cfb-3fd6-428a-a0a4-c061ca5db06c,NA
5,113082616,113082616,1,snv_mnv,NA,NA,"broad,dkfz,muse,sanger",4,COSN19241461,rs369956024,NA,FALSE,0.4286,NA,15,20,NA,NA,NA,IGR,FALSE,FALSE,FALSE,FALSE,2,1,1,1_1,9c730cfb-3fd6-428a-a0a4-c061ca5db06c,NA
5,113106918,113106918,1,snv_mnv,NA,NA,"broad,dkfz,muse,sanger",4,COSN19242992,NA,NA,FALSE,0.1795,NA,7,32,NA,NA,NA,IGR,FALSE,FALSE,FALSE,FALSE,2,1,1,1_1,9c730cfb-3fd6-428a-a0a4-c061ca5db06c,NA
5,113428214,113428214,1,snv_mnv,NA,NA,"broad,dkfz,muse,sanger",4,COSN19243017,NA,THE1D-int,FALSE,0.4516,NA,14,17,NA,NA,NA,IGR,FALSE,FALSE,FALSE,FALSE,2,1,1,1_1,9c730cfb-3fd6-428a-a0a4-c061ca5db06c,NA
5,113617618,113617618,1,snv_mnv,NA,NA,"dkfz,sanger",2,COSN19242994,NA,L1M5,FALSE,0.2963,NA,8,19,NA,NA,NA,IGR,FALSE,FALSE,FALSE,FALSE,2,1,1,1_1,9c730cfb-3fd6-428a-a0a4-c061ca5db06c,NA
5,115109571,115109571,1,snv_mnv,NA,NA,"broad,dkfz,muse,sanger",4,COSN19242964,NA,NA,FALSE,0.2571,NA,9,26,NA,NA,NA,RNA,FALSE,FALSE,FALSE,FALSE,2,1,1,1_1,9c730cfb-3fd6-428a-a0a4-c061ca5db06c,"RNU2-49P,AC008549.3"
5,115622365,115622365,1,snv_mnv,NA,NA,"broad,dkfz,muse,sanger",4,COSN19242950,NA,L1M4c,FALSE,0.4667,NA,21,24,NA,NA,NA,Intron,FALSE,FALSE,FALSE,FALSE,2,1,1,1_1,9c730cfb-3fd6-428a-a0a4-c061ca5db06c,COMMD10
5,116715882,116715882,1,snv_mnv,NA,NA,"broad,dkfz,muse,sanger",4,COSN19242997,NA,MIRb,FALSE,0.4048,NA,17,25,NA,NA,NA,IGR,FALSE,FALSE,FALSE,FALSE,2,1,1,1_1,9c730cfb-3fd6-428a-a0a4-c061ca5db06c,NA
5,118938619,118938619,1,snv_mnv,NA,NA,"broad,muse,sanger",3,COSN19243019,NA,L1HS,FALSE,0.375,NA,15,25,NA,NA,NA,IGR,FALSE,FALSE,FALSE,FALSE,2,1,1,1_1,9c730cfb-3fd6-428a-a0a4-c061ca5db06c,NA
5,119526850,119526850,1,snv_mnv,NA,NA,"broad,dkfz,muse",3,COSN19243042,NA,NA,FALSE,0.129,NA,4,27,NA,NA,NA,IGR,FALSE,FALSE,FALSE,TRUE,2,1,1,1_1,9c730cfb-3fd6-428a-a0a4-c061ca5db06c,NA
5,120101520,120101520,1,snv_mnv,NA,NA,"broad,dkfz,muse,sanger",4,COSN19242982,NA,L1ME3A,FALSE,0.5417,NA,13,11,NA,NA,NA,IGR,FALSE,FALSE,FALSE,FALSE,2,1,1,1_1,9c730cfb-3fd6-428a-a0a4-c061ca5db06c,NA
5,120501386,120501386,1,snv_mnv,NA,NA,"broad,dkfz,muse,sanger",4,COSN19242952,NA,NA,FALSE,0.3226,NA,10,21,NA,NA,NA,IGR,FALSE,FALSE,FALSE,FALSE,2,1,1,1_1,9c730cfb-3fd6-428a-a0a4-c061ca5db06c,NA
5,120955093,120955093,1,snv_mnv,NA,NA,"broad,dkfz,muse,sanger",4,COSN19242958,NA,L1ME1,FALSE,0.3171,NA,13,28,NA,NA,NA,IGR,FALSE,FALSE,FALSE,FALSE,2,1,1,1_1,9c730cfb-3fd6-428a-a0a4-c061ca5db06c,AC106806.1
5,125178818,125178818,1,snv_mnv,NA,NA,"broad,dkfz,muse,sanger",4,COSN19243045,NA,L1PA7,FALSE,0.4043,NA,19,28,NA,NA,NA,IGR,FALSE,FALSE,FALSE,FALSE,2,1,1,1_1,9c730cfb-3fd6-428a-a0a4-c061ca5db06c,NA
5,128567753,128567753,1,snv_mnv,NA,NA,"broad,dkfz,muse,sanger",4,COSN19242973,NA,NA,FALSE,0.4324,NA,16,21,NA,NA,NA,IGR,FALSE,FALSE,FALSE,FALSE,2,1,1,1_1,9c730cfb-3fd6-428a-a0a4-c061ca5db06c,NA
5,130207631,130207631,1,snv_mnv,NA,NA,"broad,dkfz,muse",3,COSN19242954,NA,L1M3d,FALSE,0.3333,NA,14,28,NA,NA,NA,IGR,FALSE,FALSE,FALSE,FALSE,2,1,1,1_1,9c730cfb-3fd6-428a-a0a4-c061ca5db06c,NA
5,132715663,132715663,1,snv_mnv,NA,NA,"broad,dkfz,muse",3,COSN19243008,NA,AluSc,FALSE,0.4783,NA,11,12,NA,NA,NA,Intron,FALSE,FALSE,FALSE,FALSE,2,1,1,1_1,9c730cfb-3fd6-428a-a0a4-c061ca5db06c,NA
5,133065556,133065556,1,snv_mnv,NA,NA,"broad,dkfz,muse,sanger",4,COSN19243041,NA,NA,FALSE,0.4643,NA,13,15,NA,NA,NA,IGR,FALSE,FALSE,FALSE,FALSE,2,1,1,1_1,9c730cfb-3fd6-428a-a0a4-c061ca5db06c,NA
5,134417043,134417043,1,snv_mnv,NA,NA,"broad,dkfz,muse,sanger",4,COSN19243003,NA,HAL1,FALSE,0.1739,NA,8,38,NA,NA,NA,Intron,FALSE,FALSE,FALSE,FALSE,2,1,1,1_1,9c730cfb-3fd6-428a-a0a4-c061ca5db06c,NA
5,139648657,139648657,1,snv_mnv,NA,NA,"broad,dkfz,muse,sanger",4,COSN19243009,NA,AluJo,FALSE,0.4483,NA,13,16,NA,NA,NA,Intron,FALSE,FALSE,FALSE,FALSE,2,1,1,1_1,9c730cfb-3fd6-428a-a0a4-c061ca5db06c,CYSTM1
5,140837778,140837778,1,snv_mnv,NA,NA,"broad,dkfz,muse,sanger",4,COSN19243043,NA,HUERS-P3b-int,FALSE,0.4667,NA,14,16,NA,NA,NA,Intron,FALSE,FALSE,FALSE,FALSE,2,1,1,1_1,9c730cfb-3fd6-428a-a0a4-c061ca5db06c,NA
5,143012106,143012106,1,snv_mnv,NA,NA,"broad,dkfz,muse,sanger",4,COSN19242998,NA,MER21A,FALSE,0.5152,NA,17,16,NA,NA,NA,RNA,FALSE,FALSE,FALSE,FALSE,2,1,1,1_1,9c730cfb-3fd6-428a-a0a4-c061ca5db06c,NA
5,143572100,143572100,1,snv_mnv,NA,NA,"dkfz,sanger",2,COSN19243051,NA,NA,FALSE,0.5172,NA,15,14,NA,NA,NA,Intron,FALSE,FALSE,FALSE,FALSE,2,1,1,1_1,9c730cfb-3fd6-428a-a0a4-c061ca5db06c,NA
5,145889658,145889658,1,snv_mnv,NA,NA,"broad,dkfz,muse,sanger",4,COSN19243031,NA,NA,FALSE,0.3548,NA,11,20,NA,NA,NA,Intron,FALSE,FALSE,TRUE,FALSE,2,1,1,1_1,9c730cfb-3fd6-428a-a0a4-c061ca5db06c,"TCERG1,GPR151,RF02271"
5,147602709,147602709,1,snv_mnv,NA,NA,"broad,dkfz,muse,sanger",4,COSN19243052,NA,L1M3,FALSE,0.3939,NA,13,20,NA,NA,NA,IGR,FALSE,FALSE,FALSE,FALSE,2,1,1,1_1,9c730cfb-3fd6-428a-a0a4-c061ca5db06c,HMGN1P16
5,147868478,147868478,1,snv_mnv,NA,NA,"broad,dkfz,muse,sanger",4,COSN19243012,NA,NA,FALSE,0.6875,NA,22,10,NA,NA,NA,Intron,FALSE,FALSE,TRUE,FALSE,2,1,1,1_1,9c730cfb-3fd6-428a-a0a4-c061ca5db06c,NA
5,148968362,148968362,1,snv_mnv,NA,NA,"broad,dkfz,muse,sanger",4,COSN19242956,NA,L3,FALSE,0.4167,NA,10,14,NA,NA,NA,Intron,FALSE,FALSE,FALSE,FALSE,2,1,1,1_1,9c730cfb-3fd6-428a-a0a4-c061ca5db06c,NA
5,150589662,150589662,1,snv_mnv,NA,NA,"broad,dkfz,muse,sanger",4,COSN19243030,NA,L1ME4a,FALSE,0.4839,NA,15,16,NA,NA,NA,Intron,FALSE,FALSE,FALSE,FALSE,2,1,1,1_1,9c730cfb-3fd6-428a-a0a4-c061ca5db06c,"CCDC69,GM2A"
5,151634945,151634945,1,snv_mnv,NA,NA,"broad,dkfz,muse,sanger",4,COSN19243036,NA,MIR3,FALSE,0.3571,NA,10,18,NA,NA,NA,lincRNA,FALSE,FALSE,TRUE,FALSE,2,1,1,1_1,9c730cfb-3fd6-428a-a0a4-c061ca5db06c,NA
5,152399314,152399314,1,snv_mnv,NA,NA,"broad,dkfz,muse,sanger",4,COSN19242981,NA,L1M4c,FALSE,0.5098,NA,26,25,NA,NA,NA,IGR,FALSE,FALSE,FALSE,FALSE,2,1,1,1_1,9c730cfb-3fd6-428a-a0a4-c061ca5db06c,NA
5,152582831,152582831,1,snv_mnv,NA,NA,"broad,dkfz,muse,sanger",4,COSN19242957,NA,NA,FALSE,0.5484,NA,17,14,NA,NA,NA,IGR,FALSE,FALSE,FALSE,FALSE,2,1,1,1_1,9c730cfb-3fd6-428a-a0a4-c061ca5db06c,NA
5,154685649,154685649,1,snv_mnv,NA,NA,"broad,dkfz,muse,sanger",4,COSN19242999,NA,AluY,FALSE,0.4333,NA,13,17,NA,NA,NA,IGR,FALSE,FALSE,FALSE,FALSE,2,1,1,1_1,9c730cfb-3fd6-428a-a0a4-c061ca5db06c,NA
5,156132585,156132585,1,snv_mnv,NA,NA,"broad,dkfz,muse,sanger",4,COSN19243035,rs559978744,NA,FALSE,0.375,NA,12,20,NA,NA,NA,Intron,FALSE,FALSE,FALSE,FALSE,2,1,1,1_1,9c730cfb-3fd6-428a-a0a4-c061ca5db06c,NA
5,158160606,158160606,1,snv_mnv,NA,NA,"broad,dkfz,muse,sanger",4,COSN19243050,NA,NA,FALSE,0.5102,NA,25,24,NA,NA,NA,Intron,FALSE,FALSE,TRUE,FALSE,2,1,1,1_1,9c730cfb-3fd6-428a-a0a4-c061ca5db06c,NA
5,162626081,162626081,1,snv_mnv,NA,NA,"broad,dkfz,muse,sanger",4,COSN19243022,NA,L1MC3,FALSE,0.3158,NA,12,26,NA,NA,NA,RNA,FALSE,FALSE,FALSE,FALSE,2,1,1,1_1,9c730cfb-3fd6-428a-a0a4-c061ca5db06c,NA
5,165953127,165953127,1,snv_mnv,NA,NA,"broad,dkfz,muse,sanger",4,COSN19243023,NA,NA,FALSE,0.5385,NA,14,12,NA,NA,NA,IGR,FALSE,FALSE,FALSE,FALSE,2,1,1,1_1,9c730cfb-3fd6-428a-a0a4-c061ca5db06c,NA
5,174788010,174788010,1,snv_mnv,NA,NA,"broad,dkfz,muse",3,COSN19242963,NA,NA,FALSE,0.1333,NA,4,26,NA,NA,NA,IGR,FALSE,FALSE,FALSE,FALSE,2,1,1,1_1,9c730cfb-3fd6-428a-a0a4-c061ca5db06c,NA
5,177770523,177770523,1,snv_mnv,NA,NA,"broad,dkfz,muse,sanger",4,COSN19242984,NA,NA,FALSE,0.5294,NA,9,8,NA,NA,NA,Intron,FALSE,FALSE,FALSE,FALSE,2,1,1,1_1,9c730cfb-3fd6-428a-a0a4-c061ca5db06c,AC136601.2
5,177999354,177999354,1,snv_mnv,NA,NA,"broad,dkfz,muse,sanger",4,COSN19242949,NA,L1ME1,FALSE,0.6562,NA,21,11,NA,NA,NA,Intron,FALSE,FALSE,TRUE,FALSE,2,1,1,1_1,9c730cfb-3fd6-428a-a0a4-c061ca5db06c,NA
5,178289677,178289677,1,snv_mnv,NA,NA,"broad,dkfz,muse,sanger",4,COSN19242974,NA,NA,FALSE,0.2692,NA,7,19,NA,NA,NA,Intron,FALSE,FALSE,TRUE,FALSE,2,1,1,1_1,9c730cfb-3fd6-428a-a0a4-c061ca5db06c,NA
6,442119,442119,1,snv_mnv,NA,NA,"broad,dkfz,muse,sanger",4,COSN19242197,NA,NA,FALSE,0.4615,NA,12,14,NA,NA,NA,IGR,FALSE,FALSE,FALSE,FALSE,2,1,1,1_1,9c730cfb-3fd6-428a-a0a4-c061ca5db06c,NA
6,2817079,2817079,1,snv_mnv,NA,NA,"broad,dkfz,muse,sanger",4,COSN19242208,NA,L1ME1,FALSE,0.5484,NA,17,14,NA,NA,NA,IGR,FALSE,FALSE,FALSE,FALSE,2,1,1,1_1,9c730cfb-3fd6-428a-a0a4-c061ca5db06c,NA
6,4941916,4941916,1,snv_mnv,NA,NA,"broad,dkfz,muse,sanger",4,COSN19242165,NA,NA,FALSE,0.5116,NA,22,21,NA,NA,NA,Intron,FALSE,FALSE,FALSE,FALSE,2,1,1,1_1,9c730cfb-3fd6-428a-a0a4-c061ca5db06c,NA
6,6376582,6376582,1,snv_mnv,NA,NA,"broad,dkfz,muse,sanger",4,COSN19242155,NA,LTR33,FALSE,0.3214,NA,9,19,NA,NA,NA,RNA,FALSE,FALSE,TRUE,FALSE,2,1,1,1_1,9c730cfb-3fd6-428a-a0a4-c061ca5db06c,NA
6,16569176,16569176,1,snv_mnv,NA,NA,"broad,dkfz,muse,sanger",4,COSN19242176,NA,NA,FALSE,0.5417,NA,13,11,NA,NA,NA,Intron,FALSE,FALSE,FALSE,FALSE,2,1,1,1_1,9c730cfb-3fd6-428a-a0a4-c061ca5db06c,NA
6,17567821,17567821,1,snv_mnv,NA,NA,"broad,dkfz,muse,sanger",4,COSN19242168,NA,MER4-int,FALSE,0.3333,NA,12,24,NA,NA,NA,IGR,FALSE,FALSE,FALSE,FALSE,2,1,1,1_1,9c730cfb-3fd6-428a-a0a4-c061ca5db06c,NA
6,19206537,19206537,1,snv_mnv,NA,NA,"broad,dkfz,muse,sanger",4,COSN19242144,NA,L1ME1,FALSE,0.4667,NA,14,16,NA,NA,NA,IGR,FALSE,FALSE,FALSE,FALSE,2,1,1,1_1,9c730cfb-3fd6-428a-a0a4-c061ca5db06c,NA
6,19804164,19804164,1,snv_mnv,NA,NA,"broad,dkfz,muse,sanger",4,COSN19242180,NA,NA,FALSE,0.4516,NA,14,17,NA,NA,NA,lincRNA,FALSE,FALSE,FALSE,FALSE,2,1,1,1_1,9c730cfb-3fd6-428a-a0a4-c061ca5db06c,NA
6,21676061,21676061,1,snv_mnv,NA,NA,"broad,muse,sanger",3,COSN19242167,NA,AluSc8,FALSE,0.3333,NA,5,10,NA,NA,NA,IGR,FALSE,FALSE,FALSE,FALSE,2,1,1,1_1,9c730cfb-3fd6-428a-a0a4-c061ca5db06c,NA
6,22373770,22373770,1,snv_mnv,NA,NA,"broad,dkfz,muse,sanger",4,COSN19242209,rs748827619,HUERS-P3b-int,FALSE,0.3889,NA,14,22,NA,NA,NA,IGR,FALSE,FALSE,FALSE,FALSE,2,1,1,1_1,9c730cfb-3fd6-428a-a0a4-c061ca5db06c,NA
6,23434827,23434827,1,snv_mnv,NA,NA,"broad,dkfz,muse,sanger",4,COSN19242184,NA,NA,FALSE,0.25,NA,8,24,NA,NA,NA,IGR,FALSE,FALSE,FALSE,FALSE,2,1,1,1_1,9c730cfb-3fd6-428a-a0a4-c061ca5db06c,NA
6,23517643,23517643,1,snv_mnv,NA,NA,"broad,dkfz,muse,sanger",4,COSN19242158,NA,L1M5,FALSE,0.3333,NA,8,16,NA,NA,NA,IGR,FALSE,FALSE,FALSE,FALSE,2,1,1,1_1,9c730cfb-3fd6-428a-a0a4-c061ca5db06c,NA
6,24027527,24027527,1,snv_mnv,NA,NA,"broad,dkfz,muse,sanger",4,COSN19242148,NA,NA,FALSE,0.4,NA,14,21,NA,NA,NA,IGR,FALSE,FALSE,FALSE,FALSE,2,1,1,1_1,9c730cfb-3fd6-428a-a0a4-c061ca5db06c,NA
6,27733728,27733728,1,snv_mnv,NA,NA,"broad,dkfz,muse,sanger",4,COSN19242188,NA,NA,FALSE,0.3611,NA,13,23,NA,NA,NA,IGR,FALSE,FALSE,FALSE,FALSE,2,1,1,1_1,9c730cfb-3fd6-428a-a0a4-c061ca5db06c,NA
6,35933381,35933381,1,snv_mnv,NA,NA,"broad,muse,sanger",3,COSN19242169,NA,AluSp,FALSE,0.3793,NA,11,18,NA,NA,NA,Intron,FALSE,FALSE,FALSE,FALSE,2,1,1,1_1,9c730cfb-3fd6-428a-a0a4-c061ca5db06c,NA
6,39409241,39409241,1,snv_mnv,NA,NA,"broad,dkfz,muse,sanger",4,COSN19242179,NA,NA,FALSE,0.5,NA,15,15,NA,NA,NA,Intron,FALSE,FALSE,FALSE,FALSE,2,1,1,1_1,9c730cfb-3fd6-428a-a0a4-c061ca5db06c,NA
6,41965453,41965453,1,snv_mnv,NA,NA,"broad,dkfz,muse,sanger",4,COSN19242175,NA,FLAM_A,FALSE,0.4118,NA,14,20,NA,NA,NA,Intron,FALSE,FALSE,FALSE,FALSE,2,1,1,1_1,9c730cfb-3fd6-428a-a0a4-c061ca5db06c,NA
6,46175203,46175203,1,snv_mnv,NA,NA,"broad,dkfz,muse,sanger",4,COSN19242186,NA,NA,FALSE,0.2632,NA,5,14,NA,NA,NA,IGR,FALSE,FALSE,FALSE,FALSE,2,1,1,1_1,9c730cfb-3fd6-428a-a0a4-c061ca5db06c,ACTG1P9
6,47829329,47829329,1,snv_mnv,NA,NA,"broad,dkfz,muse,sanger",4,COSN19242199,NA,NA,FALSE,0.4792,NA,23,25,NA,NA,NA,IGR,FALSE,FALSE,FALSE,FALSE,2,1,1,1_1,9c730cfb-3fd6-428a-a0a4-c061ca5db06c,NA
6,50474983,50474983,1,snv_mnv,NA,NA,"broad,dkfz,muse,sanger",4,COSN19242142,NA,NA,FALSE,0.6047,NA,26,17,NA,NA,NA,IGR,FALSE,FALSE,FALSE,FALSE,2,1,1,1_1,9c730cfb-3fd6-428a-a0a4-c061ca5db06c,NA
6,53134400,53134400,1,snv_mnv,NA,NA,"broad,dkfz,muse,sanger",4,COSN19242132,NA,NA,FALSE,0.5938,NA,19,13,NA,NA,NA,Intron,FALSE,FALSE,FALSE,FALSE,2,1,1,1_1,9c730cfb-3fd6-428a-a0a4-c061ca5db06c,NA
6,54182391,54182391,1,snv_mnv,NA,NA,"broad,dkfz,muse,sanger",4,COSN19242193,NA,THE1B,FALSE,0.2821,NA,11,28,NA,NA,NA,Intron,FALSE,FALSE,FALSE,FALSE,2,1,1,1_1,9c730cfb-3fd6-428a-a0a4-c061ca5db06c,NA
6,54961471,54961471,1,snv_mnv,NA,NA,"broad,dkfz,muse,sanger",4,COSN19242211,NA,NA,FALSE,0.65,NA,26,14,NA,NA,NA,IGR,FALSE,FALSE,FALSE,FALSE,2,1,1,1_1,9c730cfb-3fd6-428a-a0a4-c061ca5db06c,NA
6,55971952,55971952,1,snv_mnv,NA,NA,"broad,dkfz,muse,sanger",4,COSN19242147,NA,L1MC4,FALSE,0.4412,NA,15,19,NA,NA,NA,Intron,FALSE,FALSE,FALSE,FALSE,2,1,1,1_1,9c730cfb-3fd6-428a-a0a4-c061ca5db06c,NA
6,62009423,62009423,1,snv_mnv,NA,NA,"broad,dkfz,muse,sanger",4,COSN19242172,NA,NA,FALSE,0.4643,NA,13,15,NA,NA,NA,IGR,FALSE,FALSE,FALSE,FALSE,2,1,1,1_1,9c730cfb-3fd6-428a-a0a4-c061ca5db06c,NA
6,65259374,65259374,1,snv_mnv,NA,NA,"broad,dkfz,muse,sanger",4,COSN19242149,NA,NA,FALSE,0.3721,NA,16,27,NA,NA,NA,Intron,FALSE,FALSE,TRUE,FALSE,2,1,1,1_1,9c730cfb-3fd6-428a-a0a4-c061ca5db06c,NA
6,66958171,66958171,1,snv_mnv,NA,NA,"broad,dkfz,muse,sanger",4,COSN19242195,NA,L1PA6,FALSE,0.3846,NA,10,16,NA,NA,NA,IGR,FALSE,FALSE,FALSE,FALSE,2,1,1,1_1,9c730cfb-3fd6-428a-a0a4-c061ca5db06c,NA
6,67793672,67793672,1,snv_mnv,NA,NA,"broad,muse",2,COSN17279175,NA,L2a,FALSE,0.1034,NA,3,26,NA,NA,NA,IGR,FALSE,FALSE,FALSE,FALSE,2,1,1,1_1,9c730cfb-3fd6-428a-a0a4-c061ca5db06c,NA
6,68665378,68665378,1,snv_mnv,NA,NA,"broad,dkfz,muse,sanger",4,COSN19242192,NA,THE1C,FALSE,0.375,NA,15,25,NA,NA,NA,IGR,FALSE,FALSE,FALSE,FALSE,2,1,1,1_1,9c730cfb-3fd6-428a-a0a4-c061ca5db06c,NA
6,79092911,79092911,1,snv_mnv,NA,NA,"broad,dkfz,muse,sanger",4,COSN19242181,NA,L1MA8,FALSE,0.3514,NA,13,24,NA,NA,NA,IGR,FALSE,FALSE,FALSE,FALSE,2,1,1,1_1,9c730cfb-3fd6-428a-a0a4-c061ca5db06c,NA
6,79347700,79347700,1,snv_mnv,NA,NA,"broad,dkfz,muse,sanger",4,COSN19242123,NA,NA,FALSE,0.3243,NA,12,25,NA,NA,NA,IGR,FALSE,FALSE,FALSE,FALSE,2,1,1,1_1,9c730cfb-3fd6-428a-a0a4-c061ca5db06c,NA
6,79714659,79714659,1,snv_mnv,NA,NA,"broad,dkfz,muse,sanger",4,COSN19242151,NA,NA,FALSE,0.425,NA,17,23,NA,NA,NA,Intron,FALSE,FALSE,FALSE,FALSE,2,1,1,1_1,9c730cfb-3fd6-428a-a0a4-c061ca5db06c,NA
6,82034826,82034826,1,snv_mnv,NA,NA,"broad,dkfz,muse,sanger",4,COSN19242134,NA,NA,FALSE,0.56,NA,14,11,NA,NA,NA,IGR,FALSE,FALSE,FALSE,FALSE,2,1,1,1_1,9c730cfb-3fd6-428a-a0a4-c061ca5db06c,NA
6,85267354,85267354,1,snv_mnv,1.9968e-4,rs566883365,"broad,dkfz,muse,sanger",4,COSN19241466,rs566883365,NA,FALSE,0.4545,NA,15,18,NA,NA,NA,IGR,FALSE,FALSE,FALSE,FALSE,2,1,1,1_1,9c730cfb-3fd6-428a-a0a4-c061ca5db06c,LINC01611
6,85623378,85623378,1,snv_mnv,NA,NA,"broad,dkfz,muse,sanger",4,COSN19242191,NA,THE1B,FALSE,0.2647,NA,9,25,NA,NA,NA,IGR,FALSE,FALSE,FALSE,FALSE,2,1,1,1_1,9c730cfb-3fd6-428a-a0a4-c061ca5db06c,NA
6,85712742,85712742,1,snv_mnv,NA,NA,"broad,dkfz,muse,sanger",4,COSN19242204,NA,NA,FALSE,0.3462,NA,9,17,NA,NA,NA,IGR,FALSE,FALSE,FALSE,FALSE,2,1,1,1_1,9c730cfb-3fd6-428a-a0a4-c061ca5db06c,NA
6,85724837,85724837,1,snv_mnv,NA,NA,"broad,dkfz,muse,sanger",4,COSN19241473,rs868226097,NA,FALSE,0.5926,NA,16,11,NA,NA,NA,IGR,FALSE,FALSE,FALSE,FALSE,2,1,1,1_1,9c730cfb-3fd6-428a-a0a4-c061ca5db06c,NA
6,87071332,87071332,1,snv_mnv,NA,NA,"broad,dkfz,muse,sanger",4,COSN19242136,NA,NA,FALSE,0.3143,NA,11,24,NA,NA,NA,IGR,FALSE,FALSE,TRUE,FALSE,2,1,1,1_1,9c730cfb-3fd6-428a-a0a4-c061ca5db06c,NA
6,88438619,88438619,1,snv_mnv,NA,NA,"broad,dkfz,muse,sanger",4,COSN19242187,NA,NA,FALSE,0.4138,NA,12,17,NA,NA,NA,IGR,FALSE,FALSE,FALSE,FALSE,2,1,1,1_1,9c730cfb-3fd6-428a-a0a4-c061ca5db06c,NA
6,91864272,91864272,1,snv_mnv,NA,NA,"broad,dkfz,muse,sanger",4,COSN19242203,NA,NA,FALSE,0.3448,NA,10,19,NA,NA,NA,IGR,FALSE,FALSE,FALSE,FALSE,2,1,1,1_1,9c730cfb-3fd6-428a-a0a4-c061ca5db06c,NA
6,92424394,92424394,1,snv_mnv,NA,NA,"broad,dkfz,muse,sanger",4,COSN19242138,NA,NA,FALSE,0.3056,NA,11,25,NA,NA,NA,IGR,FALSE,FALSE,FALSE,FALSE,2,1,1,1_1,9c730cfb-3fd6-428a-a0a4-c061ca5db06c,NA
6,93648188,93648188,1,snv_mnv,NA,NA,"dkfz,sanger",2,COSN19242173,NA,NA,FALSE,0.4186,NA,18,25,NA,NA,NA,IGR,FALSE,FALSE,FALSE,FALSE,2,1,1,1_1,9c730cfb-3fd6-428a-a0a4-c061ca5db06c,NA
6,96854471,96854471,1,snv_mnv,NA,NA,"broad,dkfz,muse,sanger",4,COSN19242174,NA,HUERS-P1-int,FALSE,0.3548,NA,11,20,NA,NA,NA,RNA,FALSE,FALSE,FALSE,FALSE,2,1,1,1_1,9c730cfb-3fd6-428a-a0a4-c061ca5db06c,NA
6,97043198,97043198,1,snv_mnv,NA,NA,"broad,dkfz,muse,sanger",4,COSN19242128,NA,L1MEe,FALSE,0.3235,NA,11,23,NA,NA,NA,Intron,FALSE,FALSE,FALSE,FALSE,2,1,1,1_1,9c730cfb-3fd6-428a-a0a4-c061ca5db06c,NA
6,98128279,98128279,1,snv_mnv,NA,NA,"broad,dkfz,muse,sanger",4,COSN19242137,NA,NA,FALSE,0.4333,NA,13,17,NA,NA,NA,IGR,FALSE,FALSE,FALSE,FALSE,2,1,1,1_1,9c730cfb-3fd6-428a-a0a4-c061ca5db06c,NA
6,100392208,100392208,1,snv_mnv,NA,NA,"broad,dkfz,muse,sanger",4,COSN19242145,NA,NA,FALSE,0.3125,NA,10,22,NA,NA,NA,Intron,FALSE,FALSE,FALSE,FALSE,2,1,1,1_1,9c730cfb-3fd6-428a-a0a4-c061ca5db06c,NA
6,100494114,100494114,1,snv_mnv,NA,NA,"broad,dkfz,muse,sanger",4,COSN19242205,NA,NA,FALSE,0.4324,NA,16,21,NA,NA,NA,RNA,FALSE,FALSE,FALSE,FALSE,2,1,1,1_1,9c730cfb-3fd6-428a-a0a4-c061ca5db06c,NPM1P38
6,101383797,101383797,1,snv_mnv,NA,NA,"broad,dkfz,muse,sanger",4,COSN19242133,NA,AluY,FALSE,0.5806,NA,18,13,NA,NA,NA,IGR,FALSE,FALSE,FALSE,FALSE,2,1,1,1_1,9c730cfb-3fd6-428a-a0a4-c061ca5db06c,NA
6,102356318,102356318,1,snv_mnv,NA,NA,"broad,dkfz,muse,sanger",4,COSN19242177,NA,NA,FALSE,0.2121,NA,7,26,NA,NA,NA,Intron,FALSE,FALSE,TRUE,FALSE,2,1,1,1_1,9c730cfb-3fd6-428a-a0a4-c061ca5db06c,NA
6,103147302,103147302,1,snv_mnv,NA,NA,"broad,dkfz,muse,sanger",4,COSN19242198,NA,L1M1,FALSE,0.3889,NA,14,22,NA,NA,NA,IGR,FALSE,FALSE,FALSE,FALSE,2,1,1,1_1,9c730cfb-3fd6-428a-a0a4-c061ca5db06c,NA
6,104153888,104153888,1,snv_mnv,NA,NA,"broad,dkfz,muse,sanger",4,COSN19242131,NA,NA,FALSE,0.3846,NA,15,24,NA,NA,NA,IGR,FALSE,FALSE,FALSE,FALSE,2,1,1,1_1,9c730cfb-3fd6-428a-a0a4-c061ca5db06c,NA
6,104296015,104296015,1,snv_mnv,NA,NA,"broad,dkfz,muse,sanger",4,COSN19242160,NA,NA,FALSE,0.4118,NA,14,20,NA,NA,NA,IGR,FALSE,FALSE,FALSE,FALSE,2,1,1,1_1,9c730cfb-3fd6-428a-a0a4-c061ca5db06c,NA
6,105429593,105429593,1,snv_mnv,NA,NA,"broad,dkfz,muse,sanger",4,COSN19242159,NA,NA,FALSE,0.3514,NA,13,24,NA,NA,NA,Intron,FALSE,FALSE,FALSE,FALSE,2,1,1,1_1,9c730cfb-3fd6-428a-a0a4-c061ca5db06c,NA
6,105939316,105939316,1,snv_mnv,NA,NA,"broad,dkfz,muse,sanger",4,COSN19242196,NA,NA,FALSE,0.4615,NA,6,7,NA,NA,NA,IGR,FALSE,FALSE,FALSE,FALSE,2,1,1,1_1,9c730cfb-3fd6-428a-a0a4-c061ca5db06c,NA
6,114956616,114956616,1,snv_mnv,NA,NA,"broad,dkfz,muse,sanger",4,COSN19242146,NA,NA,FALSE,0.56,NA,14,11,NA,NA,NA,IGR,FALSE,FALSE,FALSE,FALSE,2,1,1,1_1,9c730cfb-3fd6-428a-a0a4-c061ca5db06c,NA
6,120305545,120305545,1,snv_mnv,NA,NA,"broad,dkfz,muse,sanger",4,COSN19242127,NA,L1MB8,FALSE,0.4333,NA,13,17,NA,NA,NA,IGR,FALSE,FALSE,TRUE,FALSE,2,1,1,1_1,9c730cfb-3fd6-428a-a0a4-c061ca5db06c,NA
6,121113126,121113126,1,snv_mnv,NA,NA,"broad,dkfz,muse,sanger",4,COSN19242189,NA,L1PA7,FALSE,0.4571,NA,16,19,NA,NA,NA,IGR,FALSE,FALSE,FALSE,FALSE,2,1,1,1_1,9c730cfb-3fd6-428a-a0a4-c061ca5db06c,NA
6,123653619,123653619,1,snv_mnv,NA,NA,"broad,dkfz,muse,sanger",4,COSN19242129,NA,NA,FALSE,0.3056,NA,11,25,NA,NA,NA,Intron,FALSE,FALSE,FALSE,FALSE,2,1,1,1_1,9c730cfb-3fd6-428a-a0a4-c061ca5db06c,NA
6,129120002,129120002,1,snv_mnv,NA,NA,"broad,dkfz,muse,sanger",4,COSN19242210,NA,L1MD2,FALSE,0.4516,NA,14,17,NA,NA,NA,IGR,FALSE,FALSE,FALSE,FALSE,2,1,1,1_1,9c730cfb-3fd6-428a-a0a4-c061ca5db06c,NA
6,129702651,129702651,1,snv_mnv,NA,NA,"broad,dkfz,muse",3,COSN19242201,NA,(TG)n,FALSE,0.3778,NA,17,28,NA,NA,NA,Intron,FALSE,FALSE,FALSE,FALSE,2,1,1,1_1,9c730cfb-3fd6-428a-a0a4-c061ca5db06c,NA
6,133934878,133934878,1,snv_mnv,NA,NA,"broad,dkfz,muse,sanger",4,COSN19242185,NA,NA,FALSE,0.525,NA,21,19,NA,NA,NA,RNA,FALSE,FALSE,FALSE,FALSE,2,1,1,1_1,9c730cfb-3fd6-428a-a0a4-c061ca5db06c,NA
6,135944719,135944719,1,snv_mnv,NA,NA,"broad,dkfz,muse,sanger",4,COSN19242143,NA,AluSc8,FALSE,0.5714,NA,16,12,NA,NA,NA,lincRNA,FALSE,FALSE,FALSE,FALSE,2,1,1,1_1,9c730cfb-3fd6-428a-a0a4-c061ca5db06c,GAPDHP73
6,137999544,137999544,1,snv_mnv,NA,NA,"broad,dkfz,muse,sanger",4,COSN19242140,NA,L1MC4a,FALSE,0.45,NA,18,22,NA,NA,NA,IGR,FALSE,FALSE,FALSE,FALSE,2,1,1,1_1,9c730cfb-3fd6-428a-a0a4-c061ca5db06c,AL356234.2
6,141661616,141661616,1,snv_mnv,NA,NA,"broad,dkfz,muse,sanger",4,COSN19242183,NA,L1MA4,FALSE,0.3696,NA,17,29,NA,NA,NA,IGR,FALSE,FALSE,FALSE,FALSE,2,1,1,1_1,9c730cfb-3fd6-428a-a0a4-c061ca5db06c,NA
6,148753709,148753709,1,snv_mnv,NA,NA,"broad,dkfz,muse,sanger",4,COSN19242125,NA,NA,FALSE,0.4737,NA,18,20,NA,NA,NA,Intron,FALSE,FALSE,FALSE,FALSE,2,1,1,1_1,9c730cfb-3fd6-428a-a0a4-c061ca5db06c,NA
6,149822822,149822822,1,snv_mnv,NA,NA,"broad,dkfz,muse,sanger",4,COSN19242139,NA,L1MEd,FALSE,0.525,NA,21,19,NA,NA,NA,IGR,FALSE,FALSE,FALSE,FALSE,2,1,1,1_1,9c730cfb-3fd6-428a-a0a4-c061ca5db06c,PPIL4
6,153755446,153755446,1,snv_mnv,NA,NA,"broad,muse,sanger",3,COSN19242163,NA,AluSx,FALSE,0.5161,NA,16,15,NA,NA,NA,IGR,FALSE,FALSE,TRUE,FALSE,2,1,1,1_1,9c730cfb-3fd6-428a-a0a4-c061ca5db06c,NA
6,154054238,154054238,1,snv_mnv,NA,NA,"broad,dkfz,muse,sanger",4,COSN19242154,NA,L1P3,FALSE,0.4571,NA,16,19,NA,NA,NA,IGR,FALSE,FALSE,FALSE,FALSE,2,1,1,1_1,9c730cfb-3fd6-428a-a0a4-c061ca5db06c,NA
6,162334636,162334636,1,snv_mnv,NA,NA,"broad,dkfz,muse,sanger",4,COSN19242153,NA,L1MC4a,FALSE,0.4318,NA,19,25,NA,NA,NA,Intron,FALSE,FALSE,TRUE,FALSE,2,1,1,1_1,9c730cfb-3fd6-428a-a0a4-c061ca5db06c,NA
6,163384829,163384829,1,snv_mnv,NA,NA,"broad,dkfz,muse,sanger",4,COSN19242171,NA,NA,FALSE,0.625,NA,20,12,NA,NA,NA,Intron,FALSE,FALSE,FALSE,FALSE,2,1,1,1_1,9c730cfb-3fd6-428a-a0a4-c061ca5db06c,NA
6,163578587,163578587,1,snv_mnv,NA,NA,"broad,dkfz,muse,sanger",4,COSN19242126,NA,L2c,FALSE,0.3226,NA,10,21,NA,NA,NA,Intron,FALSE,FALSE,FALSE,FALSE,2,1,1,1_1,9c730cfb-3fd6-428a-a0a4-c061ca5db06c,NA
6,164832092,164832092,1,snv_mnv,NA,NA,"broad,dkfz,muse,sanger",4,COSN19242130,NA,NA,FALSE,0.4286,NA,15,20,NA,NA,NA,IGR,FALSE,FALSE,FALSE,FALSE,2,1,1,1_1,9c730cfb-3fd6-428a-a0a4-c061ca5db06c,NA
6,164949696,164949696,1,snv_mnv,NA,NA,"broad,dkfz,muse,sanger",4,COSN19242200,NA,L2a,FALSE,0.4286,NA,15,20,NA,NA,NA,IGR,FALSE,FALSE,FALSE,FALSE,2,1,1,1_1,9c730cfb-3fd6-428a-a0a4-c061ca5db06c,NA
6,164968712,164968712,1,snv_mnv,NA,NA,"broad,dkfz,muse,sanger",4,COSN19242170,NA,L1M5,FALSE,0.5862,NA,17,12,NA,NA,NA,IGR,FALSE,FALSE,FALSE,FALSE,2,1,1,1_1,9c730cfb-3fd6-428a-a0a4-c061ca5db06c,NA
6,165904999,165904999,1,snv_mnv,NA,NA,"broad,dkfz,muse,sanger",4,COSN19242156,NA,L1PBa,FALSE,0.383,NA,18,29,NA,NA,NA,Intron,FALSE,FALSE,FALSE,FALSE,2,1,1,1_1,9c730cfb-3fd6-428a-a0a4-c061ca5db06c,NA
7,804698,804698,1,snv_mnv,NA,NA,"broad,dkfz,muse,sanger",4,COSN19241596,NA,AluJr,FALSE,0.4074,NA,11,16,NA,NA,NA,Intron,FALSE,FALSE,FALSE,FALSE,2,1,1,1_1,9c730cfb-3fd6-428a-a0a4-c061ca5db06c,DNAAF5
7,1169446,1169446,1,snv_mnv,NA,NA,"broad,dkfz,muse,sanger",4,COSN19241628,NA,NA,FALSE,0.5517,NA,16,13,NA,NA,NA,Intron,FALSE,FALSE,FALSE,FALSE,2,1,1,1_1,9c730cfb-3fd6-428a-a0a4-c061ca5db06c,C7orf50
7,9411819,9411819,1,snv_mnv,NA,NA,"broad,dkfz,muse,sanger",4,COSN19241582,NA,AluSx1,FALSE,0.5152,NA,17,16,NA,NA,NA,IGR,FALSE,FALSE,FALSE,FALSE,2,1,1,1_1,9c730cfb-3fd6-428a-a0a4-c061ca5db06c,NA
7,10059272,10059272,1,snv_mnv,NA,NA,"broad,dkfz,muse",3,COSN19241634,NA,NA,FALSE,0.1765,NA,6,28,NA,NA,NA,IGR,FALSE,FALSE,FALSE,FALSE,2,1,1,1_1,9c730cfb-3fd6-428a-a0a4-c061ca5db06c,NA
7,11803965,11803965,1,snv_mnv,NA,NA,"broad,muse,sanger",3,COSN19241633,NA,AluYk4,FALSE,0.5,NA,17,17,NA,NA,NA,Intron,FALSE,FALSE,FALSE,FALSE,2,1,1,1_1,9c730cfb-3fd6-428a-a0a4-c061ca5db06c,NA
7,14130608,14130608,1,snv_mnv,NA,NA,"broad,dkfz,muse,sanger",4,COSN19241577,NA,NA,FALSE,0.3333,NA,15,30,NA,NA,NA,IGR,FALSE,FALSE,FALSE,FALSE,2,1,1,1_1,9c730cfb-3fd6-428a-a0a4-c061ca5db06c,NA
7,19595213,19595213,1,snv_mnv,NA,NA,"broad,dkfz,muse,sanger",4,COSN19241635,NA,L2c,FALSE,0.3438,NA,11,21,NA,NA,NA,lincRNA,FALSE,FALSE,FALSE,FALSE,2,1,1,1_1,9c730cfb-3fd6-428a-a0a4-c061ca5db06c,NA
7,19870639,19870639,1,snv_mnv,NA,NA,"broad,dkfz,muse,sanger",4,COSN19241593,NA,NA,FALSE,0.1944,NA,7,29,NA,NA,NA,IGR,FALSE,FALSE,FALSE,FALSE,2,1,1,1_1,9c730cfb-3fd6-428a-a0a4-c061ca5db06c,NA
7,22024932,22024932,1,snv_mnv,NA,NA,"broad,dkfz,muse,sanger",4,COSN19241645,NA,L1MB2,FALSE,0.6216,NA,23,14,NA,NA,NA,IGR,FALSE,FALSE,FALSE,FALSE,2,1,1,1_1,9c730cfb-3fd6-428a-a0a4-c061ca5db06c,NA
7,33988366,33988366,1,snv_mnv,NA,NA,"broad,dkfz,muse,sanger",4,COSN19241592,NA,MSTA,FALSE,0.3333,NA,10,20,NA,NA,NA,Intron,FALSE,FALSE,FALSE,FALSE,2,1,1,1_1,9c730cfb-3fd6-428a-a0a4-c061ca5db06c,NA
7,34355902,34355902,1,snv_mnv,NA,NA,"broad,dkfz,muse,sanger",4,COSN19241615,NA,NA,FALSE,0.4688,NA,15,17,NA,NA,NA,IGR,FALSE,FALSE,FALSE,FALSE,2,1,1,1_1,9c730cfb-3fd6-428a-a0a4-c061ca5db06c,NA
7,34392614,34392614,1,snv_mnv,NA,NA,"broad,dkfz,muse,sanger",4,COSN19241584,NA,NA,FALSE,0.5429,NA,19,16,NA,NA,NA,RNA,FALSE,FALSE,FALSE,FALSE,2,1,1,1_1,9c730cfb-3fd6-428a-a0a4-c061ca5db06c,NA
7,35522091,35522091,1,snv_mnv,NA,NA,"broad,dkfz,muse,sanger",4,COSN19241640,NA,LTR67B,FALSE,0.4167,NA,10,14,NA,NA,NA,IGR,FALSE,FALSE,FALSE,FALSE,2,1,1,1_1,9c730cfb-3fd6-428a-a0a4-c061ca5db06c,NA
7,37676218,37676218,1,snv_mnv,NA,NA,"broad,dkfz,muse,sanger",4,COSN19241598,NA,L1PA11,FALSE,0.4722,NA,17,19,NA,NA,NA,IGR,FALSE,FALSE,FALSE,FALSE,2,1,1,1_1,9c730cfb-3fd6-428a-a0a4-c061ca5db06c,NA
7,39283693,39283693,1,snv_mnv,NA,NA,"broad,dkfz,muse,sanger",4,COSN19241607,NA,NA,FALSE,0.3333,NA,12,24,NA,NA,NA,Intron,FALSE,FALSE,FALSE,FALSE,2,1,1,1_1,9c730cfb-3fd6-428a-a0a4-c061ca5db06c,NA
7,39929942,39929942,1,snv_mnv,NA,NA,"broad,dkfz,muse,sanger",4,COSN19241619,NA,L1MC5,FALSE,0.55,NA,22,18,NA,NA,NA,RNA,FALSE,FALSE,FALSE,FALSE,2,1,1,1_1,9c730cfb-3fd6-428a-a0a4-c061ca5db06c,RN7SL496P
7,42591914,42591914,1,snv_mnv,NA,NA,"broad,dkfz,muse,sanger",4,COSN19241561,NA,NA,FALSE,0.4545,NA,20,24,NA,NA,NA,IGR,FALSE,FALSE,FALSE,FALSE,2,1,1,1_1,9c730cfb-3fd6-428a-a0a4-c061ca5db06c,NA
7,47556147,47556147,1,snv_mnv,NA,NA,"broad,dkfz,muse,sanger",4,COSN19241612,NA,NA,FALSE,0.5882,NA,10,7,NA,NA,NA,Intron,FALSE,FALSE,FALSE,FALSE,2,1,1,1_1,9c730cfb-3fd6-428a-a0a4-c061ca5db06c,NA
7,48119243,48119243,1,snv_mnv,NA,NA,"broad,dkfz,muse,sanger",4,COSN19241648,NA,NA,FALSE,0.5,NA,18,18,NA,NA,NA,IGR,FALSE,FALSE,TRUE,FALSE,2,1,1,1_1,9c730cfb-3fd6-428a-a0a4-c061ca5db06c,NA
7,49853102,49853102,1,snv_mnv,NA,NA,"broad,dkfz,muse,sanger",4,COSN19241605,NA,NA,FALSE,0.3929,NA,11,17,NA,NA,NA,Intron,FALSE,FALSE,FALSE,FALSE,2,1,1,1_1,9c730cfb-3fd6-428a-a0a4-c061ca5db06c,NA
7,50615324,50615324,1,snv_mnv,NA,NA,"broad,dkfz,muse",3,COSN19241616,NA,NA,FALSE,0.1429,NA,5,30,NA,NA,NA,Intron,FALSE,FALSE,FALSE,FALSE,2,1,1,1_1,9c730cfb-3fd6-428a-a0a4-c061ca5db06c,"DDC,DDC-AS1"
7,52852815,52852815,1,snv_mnv,NA,NA,"dkfz,sanger",2,COSN19241576,NA,NA,FALSE,0.4062,NA,13,19,NA,NA,NA,IGR,FALSE,FALSE,FALSE,FALSE,2,1,1,1_1,9c730cfb-3fd6-428a-a0a4-c061ca5db06c,NA
7,53069749,53069749,1,snv_mnv,NA,NA,"muse,sanger",2,COSN19241650,NA,L1ME3,FALSE,0.3571,NA,10,18,NA,NA,NA,IGR,FALSE,FALSE,FALSE,FALSE,2,1,1,1_1,9c730cfb-3fd6-428a-a0a4-c061ca5db06c,AC074397.1
7,53168833,53168833,1,snv_mnv,1.9968e-4,rs577373314,"broad,dkfz,muse,sanger",4,COSN19241618,rs577373314,L1M4c,FALSE,0.9524,NA,20,1,NA,NA,NA,IGR,FALSE,FALSE,FALSE,FALSE,2,1,1,1_1,9c730cfb-3fd6-428a-a0a4-c061ca5db06c,NA
7,56044025,56044025,1,snv_mnv,NA,NA,"broad,muse,sanger",3,COSN19241559,NA,L1MC4a,FALSE,0.16,NA,4,21,NA,NA,NA,Intron,FALSE,FALSE,FALSE,FALSE,2,1,1,1_1,9c730cfb-3fd6-428a-a0a4-c061ca5db06c,NIPSNAP2
7,56336431,56336431,1,snv_mnv,NA,NA,"broad,dkfz,muse,sanger",4,COSN19241581,NA,AluJo,FALSE,0.2857,NA,6,15,NA,NA,NA,RNA,FALSE,FALSE,FALSE,FALSE,2,1,1,1_1,9c730cfb-3fd6-428a-a0a4-c061ca5db06c,NA
7,56538847,56538847,1,snv_mnv,NA,NA,"broad,dkfz,muse,sanger",4,COSN19241636,NA,NA,FALSE,0.5152,NA,17,16,NA,NA,NA,IGR,FALSE,FALSE,FALSE,FALSE,2,1,1,1_1,9c730cfb-3fd6-428a-a0a4-c061ca5db06c,AC092447.10
7,63356851,63356851,1,snv_mnv,NA,NA,"broad,dkfz,muse,sanger",4,COSN19241597,rs756951148,NA,FALSE,0.1591,NA,7,37,NA,NA,NA,lincRNA,FALSE,FALSE,FALSE,FALSE,2,1,1,1_1,9c730cfb-3fd6-428a-a0a4-c061ca5db06c,"AC092634.3,AC092634.5,GABPAP"
7,68228247,68228247,1,snv_mnv,NA,NA,"broad,dkfz,muse,sanger",4,COSN19241588,NA,AluSx1,FALSE,0.5652,NA,13,10,NA,NA,NA,IGR,FALSE,FALSE,FALSE,FALSE,2,1,1,1_1,9c730cfb-3fd6-428a-a0a4-c061ca5db06c,NA
7,69029448,69029448,1,snv_mnv,NA,NA,"broad,dkfz,muse,sanger",4,COSN19241578,NA,L3,FALSE,0.5484,NA,17,14,NA,NA,NA,IGR,FALSE,FALSE,FALSE,FALSE,2,1,1,1_1,9c730cfb-3fd6-428a-a0a4-c061ca5db06c,NA
7,70091500,70091500,1,snv_mnv,NA,NA,"broad,dkfz,muse,sanger",4,COSN19241653,NA,NA,FALSE,0.4,NA,12,18,NA,NA,NA,Intron,FALSE,FALSE,FALSE,FALSE,2,1,1,1_1,9c730cfb-3fd6-428a-a0a4-c061ca5db06c,NA
7,71671696,71671696,1,snv_mnv,NA,NA,"broad,dkfz,muse,sanger",4,COSN19241599,NA,NA,FALSE,0.5161,NA,16,15,NA,NA,NA,Intron,FALSE,FALSE,TRUE,FALSE,2,1,1,1_1,9c730cfb-3fd6-428a-a0a4-c061ca5db06c,NA
7,77129157,77129157,1,snv_mnv,NA,NA,"broad,dkfz,muse,sanger",4,COSN19241627,NA,L1MC5,FALSE,0.5926,NA,16,11,NA,NA,NA,IGR,FALSE,FALSE,FALSE,FALSE,2,1,1,1_1,9c730cfb-3fd6-428a-a0a4-c061ca5db06c,NA
7,78527255,78527255,1,snv_mnv,NA,NA,"broad,dkfz,muse,sanger",4,COSN19241565,NA,L1PA8,FALSE,0.5484,NA,17,14,NA,NA,NA,Intron,FALSE,FALSE,FALSE,FALSE,2,1,1,1_1,9c730cfb-3fd6-428a-a0a4-c061ca5db06c,MAGI2
7,79940500,79940500,1,snv_mnv,NA,NA,"broad,dkfz,muse,sanger",4,COSN19241631,NA,NA,FALSE,0.5152,NA,17,16,NA,NA,NA,lincRNA,FALSE,FALSE,FALSE,FALSE,2,1,1,1_1,9c730cfb-3fd6-428a-a0a4-c061ca5db06c,AC004862.1
7,80928949,80928949,1,snv_mnv,NA,NA,"broad,dkfz,muse,sanger",4,COSN19241568,NA,NA,FALSE,0.2609,NA,12,34,NA,NA,NA,IGR,FALSE,FALSE,FALSE,FALSE,2,1,1,1_1,9c730cfb-3fd6-428a-a0a4-c061ca5db06c,NA
7,81299094,81299094,1,snv_mnv,NA,NA,"broad,muse,sanger",3,COSN19241608,NA,LTR33A_,FALSE,0.175,NA,7,33,NA,NA,NA,IGR,FALSE,FALSE,FALSE,FALSE,2,1,1,1_1,9c730cfb-3fd6-428a-a0a4-c061ca5db06c,NA
7,81596538,81596538,1,snv_mnv,NA,NA,"broad,dkfz,muse,sanger",4,COSN19241654,NA,NA,FALSE,0.4894,NA,23,24,NA,NA,NA,Intron,FALSE,FALSE,TRUE,FALSE,2,1,1,1_1,9c730cfb-3fd6-428a-a0a4-c061ca5db06c,CACNA2D1
7,81872585,81872585,1,snv_mnv,NA,NA,"broad,dkfz,muse",3,COSN19241642,NA,NA,FALSE,0.1333,NA,6,39,NA,NA,NA,Intron,FALSE,FALSE,FALSE,FALSE,2,1,1,1_1,9c730cfb-3fd6-428a-a0a4-c061ca5db06c,NA
7,82007932,82007932,1,snv_mnv,NA,NA,"broad,dkfz,muse,sanger",4,COSN19241655,NA,NA,FALSE,0.4359,NA,17,22,NA,NA,NA,Intron,FALSE,FALSE,TRUE,FALSE,2,1,1,1_1,9c730cfb-3fd6-428a-a0a4-c061ca5db06c,NA
7,82052075,82052075,1,snv_mnv,NA,NA,"broad,dkfz,muse,sanger",4,COSN19241609,NA,NA,FALSE,0.5312,NA,17,15,NA,NA,NA,Intron,FALSE,FALSE,FALSE,FALSE,2,1,1,1_1,9c730cfb-3fd6-428a-a0a4-c061ca5db06c,NA
7,82449887,82449887,1,snv_mnv,NA,NA,"broad,dkfz,muse,sanger",4,COSN19241566,NA,NA,FALSE,0.3585,NA,19,34,NA,NA,NA,3'UTR,FALSE,FALSE,FALSE,FALSE,2,1,1,1_1,9c730cfb-3fd6-428a-a0a4-c061ca5db06c,PCLO
7,83041890,83041890,1,snv_mnv,NA,NA,"broad,dkfz,muse,sanger",4,COSN19241573,NA,AluJr,FALSE,0.5312,NA,17,15,NA,NA,NA,Intron,FALSE,FALSE,FALSE,FALSE,2,1,1,1_1,9c730cfb-3fd6-428a-a0a4-c061ca5db06c,NA
7,83111093,83111093,1,snv_mnv,NA,NA,"dkfz,sanger",2,COSN19241637,NA,NA,FALSE,0.4565,NA,21,25,NA,NA,NA,Intron,FALSE,FALSE,FALSE,FALSE,2,1,1,1_1,9c730cfb-3fd6-428a-a0a4-c061ca5db06c,NA
7,83158348,83158348,1,snv_mnv,NA,NA,"broad,dkfz,muse,sanger",4,COSN19241583,NA,NA,FALSE,0.1667,NA,6,30,NA,NA,NA,Intron,FALSE,FALSE,FALSE,FALSE,2,1,1,1_1,9c730cfb-3fd6-428a-a0a4-c061ca5db06c,NA
7,83158368,83158368,1,snv_mnv,NA,NA,"broad,dkfz,muse,sanger",4,COSN19241591,NA,NA,FALSE,0.1176,NA,4,30,NA,NA,NA,Intron,FALSE,FALSE,FALSE,FALSE,2,1,1,1_1,9c730cfb-3fd6-428a-a0a4-c061ca5db06c,NA
7,83333945,83333945,1,snv_mnv,NA,NA,"broad,dkfz,muse,sanger",4,COSN19241626,NA,NA,FALSE,0.4,NA,10,15,NA,NA,NA,IGR,FALSE,FALSE,FALSE,FALSE,2,1,1,1_1,9c730cfb-3fd6-428a-a0a4-c061ca5db06c,NA
7,83999935,83999935,1,snv_mnv,NA,NA,"broad,dkfz,muse,sanger",4,COSN19241614,NA,NA,FALSE,0.5,NA,16,16,NA,NA,NA,Intron,FALSE,FALSE,TRUE,FALSE,2,1,1,1_1,9c730cfb-3fd6-428a-a0a4-c061ca5db06c,NA
7,84408828,84408828,1,snv_mnv,NA,NA,"broad,dkfz,muse,sanger",4,COSN19241562,NA,L1PREC2,FALSE,0.1628,NA,7,36,NA,NA,NA,IGR,FALSE,FALSE,FALSE,FALSE,2,1,1,1_1,9c730cfb-3fd6-428a-a0a4-c061ca5db06c,NA
7,85428333,85428333,1,snv_mnv,NA,NA,"broad,dkfz,muse,sanger",4,COSN19241567,NA,L1MEd,FALSE,0.32,NA,8,17,NA,NA,NA,IGR,FALSE,FALSE,FALSE,FALSE,2,1,1,1_1,9c730cfb-3fd6-428a-a0a4-c061ca5db06c,NA
7,88947696,88947696,1,snv_mnv,NA,NA,"broad,dkfz,muse,sanger",4,COSN19241652,NA,NA,FALSE,0.3529,NA,12,22,NA,NA,NA,Intron,FALSE,FALSE,FALSE,FALSE,2,1,1,1_1,9c730cfb-3fd6-428a-a0a4-c061ca5db06c,NA
7,88999422,88999422,1,snv_mnv,NA,NA,"broad,dkfz,muse,sanger",4,COSN19241656,NA,L1M5,FALSE,0.15,NA,6,34,NA,NA,NA,IGR,FALSE,FALSE,TRUE,FALSE,2,1,1,1_1,9c730cfb-3fd6-428a-a0a4-c061ca5db06c,NA
7,89978980,89978980,1,snv_mnv,NA,NA,"broad,dkfz,muse,sanger",4,COSN19241641,NA,Tigger2,FALSE,0.4,NA,14,21,NA,NA,NA,Intron,FALSE,FALSE,FALSE,FALSE,2,1,1,1_1,9c730cfb-3fd6-428a-a0a4-c061ca5db06c,"GTPBP10,AC002064.3"
7,93532150,93532150,1,snv_mnv,NA,NA,"broad,dkfz,muse",3,COSN19241575,NA,MER20B,FALSE,0.125,NA,6,42,NA,NA,NA,Intron,FALSE,FALSE,FALSE,FALSE,2,1,1,1_1,9c730cfb-3fd6-428a-a0a4-c061ca5db06c,GNGT1
7,96229738,96229738,1,snv_mnv,NA,NA,"broad,dkfz,muse,sanger",4,COSN19241638,NA,NA,FALSE,0.4615,NA,18,21,NA,NA,NA,IGR,FALSE,FALSE,FALSE,FALSE,2,1,1,1_1,9c730cfb-3fd6-428a-a0a4-c061ca5db06c,NA
7,97365810,97365810,1,snv_mnv,NA,NA,"broad,dkfz,muse,sanger",4,COSN19241646,NA,NA,FALSE,0.4872,NA,19,20,NA,NA,NA,Intron,FALSE,FALSE,FALSE,FALSE,2,1,1,1_1,9c730cfb-3fd6-428a-a0a4-c061ca5db06c,TAC1
7,98473100,98473100,1,snv_mnv,NA,NA,"broad,dkfz,muse,sanger",4,COSN19241595,NA,NA,FALSE,0.4545,NA,15,18,NA,NA,NA,IGR,FALSE,FALSE,FALSE,FALSE,2,1,1,1_1,9c730cfb-3fd6-428a-a0a4-c061ca5db06c,"TMEM130,TRRAP"
7,98906312,98906312,1,snv_mnv,NA,NA,"broad,dkfz,muse,sanger",4,COSN19241629,NA,MER5A,FALSE,0.4091,NA,9,13,NA,NA,NA,IGR,FALSE,FALSE,FALSE,FALSE,2,1,1,1_1,9c730cfb-3fd6-428a-a0a4-c061ca5db06c,MYH16
7,99585381,99585381,1,snv_mnv,NA,NA,"broad,dkfz,muse,sanger",4,COSN19241617,NA,NA,FALSE,0.6087,NA,14,9,NA,NA,NA,IGR,FALSE,FALSE,FALSE,FALSE,2,1,1,1_1,9c730cfb-3fd6-428a-a0a4-c061ca5db06c,"AZGP1P1,AC004522.1"
7,103821299,103821299,1,snv_mnv,NA,NA,"broad,muse",2,COSN19241600,NA,MER101-int,FALSE,0.1818,NA,6,27,NA,NA,NA,Intron,FALSE,FALSE,FALSE,FALSE,2,1,1,1_1,9c730cfb-3fd6-428a-a0a4-c061ca5db06c,ORC5
7,106202369,106202369,1,snv_mnv,NA,NA,"broad,dkfz,muse,sanger",4,COSN19241630,NA,MLT2B1,FALSE,0.2759,NA,8,21,NA,NA,NA,IGR,FALSE,FALSE,FALSE,FALSE,2,1,1,1_1,9c730cfb-3fd6-428a-a0a4-c061ca5db06c,NA
7,106872258,106872258,1,snv_mnv,NA,NA,"broad,dkfz,muse,sanger",4,COSN19241613,NA,L2c,FALSE,0.3659,NA,15,26,NA,NA,NA,Intron,FALSE,FALSE,FALSE,FALSE,2,1,1,1_1,9c730cfb-3fd6-428a-a0a4-c061ca5db06c,COG5
7,109648158,109648158,1,snv_mnv,NA,NA,"broad,dkfz,muse,sanger",4,COSN19241587,NA,NA,FALSE,0.6452,NA,20,11,NA,NA,NA,IGR,FALSE,FALSE,FALSE,FALSE,2,1,1,1_1,9c730cfb-3fd6-428a-a0a4-c061ca5db06c,NA
7,111173310,111173310,1,snv_mnv,NA,NA,"broad,dkfz,muse,sanger",4,COSN19241651,NA,NA,FALSE,0.3448,NA,10,19,NA,NA,NA,Intron,FALSE,FALSE,TRUE,FALSE,2,1,1,1_1,9c730cfb-3fd6-428a-a0a4-c061ca5db06c,NA
7,113346558,113346558,1,snv_mnv,NA,NA,"broad,dkfz,muse,sanger",4,COSN19241639,NA,L2a,FALSE,0.4138,NA,12,17,NA,NA,NA,IGR,FALSE,FALSE,FALSE,FALSE,2,1,1,1_1,9c730cfb-3fd6-428a-a0a4-c061ca5db06c,NA
7,114181600,114181600,1,snv_mnv,NA,NA,"broad,dkfz,muse,sanger",4,COSN19241622,NA,NA,FALSE,0.3333,NA,9,18,NA,NA,NA,Intron,FALSE,FALSE,FALSE,FALSE,2,1,1,1_1,9c730cfb-3fd6-428a-a0a4-c061ca5db06c,NA
7,115523695,115523695,1,snv_mnv,NA,NA,"broad,dkfz,muse,sanger",4,COSN19241586,NA,NA,FALSE,0.6061,NA,20,13,NA,NA,NA,IGR,FALSE,FALSE,FALSE,FALSE,2,1,1,1_1,9c730cfb-3fd6-428a-a0a4-c061ca5db06c,NA
7,115982373,115982373,1,snv_mnv,NA,NA,"broad,dkfz,muse,sanger",4,COSN19241590,NA,L1MB3,FALSE,0.1875,NA,6,26,NA,NA,NA,Intron,FALSE,FALSE,FALSE,FALSE,2,1,1,1_1,9c730cfb-3fd6-428a-a0a4-c061ca5db06c,NA
7,118056961,118056961,1,snv_mnv,1.9968e-4,rs146647207,"broad,dkfz,muse,sanger",4,COSN19241570,rs146647207,L1MEg,FALSE,0.3939,NA,13,20,NA,NA,NA,IGR,FALSE,FALSE,FALSE,FALSE,2,1,1,1_1,9c730cfb-3fd6-428a-a0a4-c061ca5db06c,NA
7,118826202,118826202,1,snv_mnv,NA,NA,"broad,dkfz,muse,sanger",4,COSN19241620,NA,HERVL-int,FALSE,0.4444,NA,16,20,NA,NA,NA,IGR,FALSE,FALSE,FALSE,FALSE,2,1,1,1_1,9c730cfb-3fd6-428a-a0a4-c061ca5db06c,NA
7,120429316,120429316,1,snv_mnv,NA,NA,"broad,dkfz,muse,sanger",4,COSN19241657,NA,MER58A,FALSE,0.28,NA,7,18,NA,NA,NA,Intron,FALSE,FALSE,FALSE,FALSE,2,1,1,1_1,9c730cfb-3fd6-428a-a0a4-c061ca5db06c,NA
7,121029338,121029338,1,snv_mnv,NA,NA,"broad,dkfz,muse,sanger",4,COSN19241585,NA,NA,FALSE,0.4857,NA,17,18,NA,NA,NA,Intron,FALSE,FALSE,FALSE,FALSE,2,1,1,1_1,9c730cfb-3fd6-428a-a0a4-c061ca5db06c,NA
7,123338126,123338126,1,snv_mnv,NA,NA,"broad,dkfz,muse,sanger",4,COSN19241624,NA,MER68,FALSE,0.4516,NA,14,17,NA,NA,NA,Intron,FALSE,FALSE,TRUE,FALSE,2,1,1,1_1,9c730cfb-3fd6-428a-a0a4-c061ca5db06c,NA
7,125573312,125573312,1,snv_mnv,NA,NA,"broad,dkfz,muse,sanger",4,COSN19241560,NA,NA,FALSE,0.2653,NA,13,36,NA,NA,NA,lincRNA,FALSE,FALSE,FALSE,FALSE,2,1,1,1_1,9c730cfb-3fd6-428a-a0a4-c061ca5db06c,NA
7,127167606,127167606,1,snv_mnv,NA,NA,"broad,dkfz,muse,sanger",4,COSN19241579,NA,L1PA16,FALSE,0.35,NA,7,13,NA,NA,NA,IGR,FALSE,FALSE,FALSE,FALSE,2,1,1,1_1,9c730cfb-3fd6-428a-a0a4-c061ca5db06c,NA
7,129013313,129013313,1,snv_mnv,NA,NA,"broad,dkfz,muse,sanger",4,COSN19241563,NA,AluSc8,FALSE,0.4516,NA,14,17,NA,NA,NA,Intron,FALSE,FALSE,FALSE,FALSE,2,1,1,1_1,9c730cfb-3fd6-428a-a0a4-c061ca5db06c,AHCYL2
7,129860972,129860972,1,snv_mnv,NA,NA,"broad,dkfz,muse,sanger",4,COSN19241594,rs553983607,NA,FALSE,0.4688,NA,15,17,NA,NA,NA,IGR,FALSE,FALSE,FALSE,FALSE,2,1,1,1_1,9c730cfb-3fd6-428a-a0a4-c061ca5db06c,SSMEM1
7,130634408,130634408,1,snv_mnv,NA,NA,"broad,dkfz,muse,sanger",4,COSN19241572,NA,NA,FALSE,0.4722,NA,17,19,NA,NA,NA,RNA,FALSE,FALSE,FALSE,FALSE,2,1,1,1_1,9c730cfb-3fd6-428a-a0a4-c061ca5db06c,NA
7,133643820,133643820,1,snv_mnv,NA,NA,"broad,dkfz,muse,sanger",4,COSN19241571,NA,HAL1,FALSE,0.5417,NA,13,11,NA,NA,NA,Intron,FALSE,FALSE,FALSE,FALSE,2,1,1,1_1,9c730cfb-3fd6-428a-a0a4-c061ca5db06c,NA
7,136999119,136999119,1,snv_mnv,NA,NA,"broad,dkfz,muse,sanger",4,COSN19241644,NA,NA,FALSE,0.4545,NA,15,18,NA,NA,NA,Intron,FALSE,FALSE,FALSE,FALSE,2,1,1,1_1,9c730cfb-3fd6-428a-a0a4-c061ca5db06c,AC078842.2
7,137915815,137915815,1,snv_mnv,NA,NA,"broad,dkfz,muse,sanger",4,COSN19241604,NA,Tigger4,FALSE,0.4286,NA,15,20,NA,NA,NA,IGR,FALSE,FALSE,FALSE,FALSE,2,1,1,1_1,9c730cfb-3fd6-428a-a0a4-c061ca5db06c,NA
7,145025068,145025068,1,snv_mnv,NA,NA,"broad,dkfz,muse,sanger",4,COSN19241647,NA,NA,FALSE,0.4524,NA,19,23,NA,NA,NA,IGR,FALSE,FALSE,FALSE,FALSE,2,1,1,1_1,9c730cfb-3fd6-428a-a0a4-c061ca5db06c,NA
7,145917523,145917523,1,snv_mnv,NA,NA,"broad,dkfz,muse,sanger",4,COSN19241602,NA,NA,FALSE,0.5,NA,17,17,NA,NA,NA,Intron,FALSE,FALSE,TRUE,FALSE,2,1,1,1_1,9c730cfb-3fd6-428a-a0a4-c061ca5db06c,NA
7,146422853,146422853,1,snv_mnv,NA,NA,"broad,dkfz,muse,sanger",4,COSN19241564,NA,LTR8A,FALSE,0.5,NA,17,17,NA,NA,NA,Intron,FALSE,FALSE,FALSE,FALSE,2,1,1,1_1,9c730cfb-3fd6-428a-a0a4-c061ca5db06c,NA
7,146826999,146826999,1,snv_mnv,NA,NA,"broad,dkfz,muse,sanger",4,COSN19241574,NA,NA,FALSE,0.3333,NA,12,24,NA,NA,NA,Intron,FALSE,FALSE,FALSE,FALSE,2,1,1,1_1,9c730cfb-3fd6-428a-a0a4-c061ca5db06c,NA
7,147422372,147422372,1,snv_mnv,NA,NA,"broad,dkfz,muse,sanger",4,COSN19241649,NA,NA,FALSE,0.4359,NA,17,22,NA,NA,NA,Intron,FALSE,FALSE,TRUE,FALSE,2,1,1,1_1,9c730cfb-3fd6-428a-a0a4-c061ca5db06c,NA
7,150243765,150243765,1,snv_mnv,NA,NA,"broad,dkfz,muse,sanger",4,COSN2210074,NA,L1PA7,FALSE,0.4688,NA,15,17,NA,NA,NA,IGR,FALSE,FALSE,FALSE,FALSE,2,1,1,1_1,9c730cfb-3fd6-428a-a0a4-c061ca5db06c,ALDH7A1P3
7,152848977,152848977,1,snv_mnv,NA,NA,"broad,dkfz,muse",3,COSN19241611,NA,NA,FALSE,0.16,NA,4,21,NA,NA,NA,IGR,FALSE,FALSE,FALSE,FALSE,2,1,1,1_1,9c730cfb-3fd6-428a-a0a4-c061ca5db06c,NA
7,156552605,156552605,1,snv_mnv,NA,NA,"broad,dkfz,muse,sanger",4,COSN19241643,NA,LTR10A,FALSE,0.5652,NA,13,10,NA,NA,NA,Intron,FALSE,FALSE,FALSE,FALSE,2,1,1,1_1,9c730cfb-3fd6-428a-a0a4-c061ca5db06c,LMBR1
7,157872041,157872041,1,snv_mnv,NA,NA,"broad,dkfz,muse,sanger",4,COSN19241569,NA,NA,FALSE,0.3889,NA,14,22,NA,NA,NA,Intron,FALSE,FALSE,FALSE,FALSE,2,1,1,1_1,9c730cfb-3fd6-428a-a0a4-c061ca5db06c,NA
8,623775,623775,1,snv_mnv,NA,NA,"broad,dkfz,muse,sanger",4,COSM145379,rs776298548,NA,FALSE,0.3714,NA,13,22,NA,NA,NA,Missense_Mutation,FALSE,FALSE,FALSE,FALSE,2,1,1,1_1,9c730cfb-3fd6-428a-a0a4-c061ca5db06c,ERICH1
8,1407028,1407028,1,snv_mnv,NA,NA,"broad,dkfz,muse,sanger",4,COSN19242679,NA,NA,FALSE,0.5357,NA,15,13,NA,NA,NA,IGR,FALSE,FALSE,FALSE,FALSE,2,1,1,1_1,9c730cfb-3fd6-428a-a0a4-c061ca5db06c,NA
8,2743333,2743333,1,snv_mnv,NA,NA,"broad,dkfz,muse,sanger",4,COSN19242669,NA,NA,FALSE,0.5,NA,11,11,NA,NA,NA,IGR,FALSE,FALSE,FALSE,FALSE,2,1,1,1_1,9c730cfb-3fd6-428a-a0a4-c061ca5db06c,NA
8,3023105,3023105,1,snv_mnv,NA,NA,"broad,dkfz,muse,sanger",4,COSN19242689,NA,AluY,FALSE,0.3478,NA,8,15,NA,NA,NA,Intron,FALSE,FALSE,FALSE,FALSE,2,1,1,1_1,9c730cfb-3fd6-428a-a0a4-c061ca5db06c,NA
8,15193068,15193068,1,snv_mnv,NA,NA,"broad,dkfz,muse,sanger",4,COSN19242708,NA,MER66B,FALSE,0.5161,NA,16,15,NA,NA,NA,IGR,FALSE,FALSE,FALSE,FALSE,2,1,1,1_1,9c730cfb-3fd6-428a-a0a4-c061ca5db06c,NA
8,15461632,15461632,1,snv_mnv,NA,NA,"broad,dkfz,muse,sanger",4,COSN19242683,NA,L1M5,FALSE,0.3243,NA,12,25,NA,NA,NA,Intron,FALSE,FALSE,FALSE,FALSE,2,1,1,1_1,9c730cfb-3fd6-428a-a0a4-c061ca5db06c,NA
8,19972013,19972013,1,snv_mnv,NA,NA,"broad,dkfz,muse,sanger",4,COSN19242702,NA,MER57B1,FALSE,0.5862,NA,17,12,NA,NA,NA,RNA,FALSE,FALSE,FALSE,FALSE,2,1,1,1_1,9c730cfb-3fd6-428a-a0a4-c061ca5db06c,RPL30P9
8,20533839,20533839,1,snv_mnv,NA,NA,"broad,dkfz,muse,sanger",4,COSN19242700,NA,NA,FALSE,0.3333,NA,10,20,NA,NA,NA,lincRNA,FALSE,FALSE,FALSE,FALSE,2,1,1,1_1,9c730cfb-3fd6-428a-a0a4-c061ca5db06c,NA
8,21494550,21494550,1,snv_mnv,NA,NA,"broad,dkfz,muse,sanger",4,COSN19242712,NA,NA,FALSE,0.4872,NA,19,20,NA,NA,NA,IGR,FALSE,FALSE,FALSE,FALSE,2,1,1,1_1,9c730cfb-3fd6-428a-a0a4-c061ca5db06c,NA
8,24275547,24275547,1,snv_mnv,NA,NA,"broad,dkfz,muse,sanger",4,COSN19241463,NA,NA,FALSE,0.5143,NA,18,17,NA,NA,NA,RNA,FALSE,FALSE,FALSE,FALSE,2,1,1,1_1,9c730cfb-3fd6-428a-a0a4-c061ca5db06c,NA
8,26865958,26865958,1,snv_mnv,NA,NA,"broad,dkfz,muse,sanger",4,COSN19242673,NA,NA,FALSE,0.4444,NA,20,25,NA,NA,NA,IGR,FALSE,FALSE,TRUE,FALSE,2,1,1,1_1,9c730cfb-3fd6-428a-a0a4-c061ca5db06c,"AC067904.1,AC067904.3"
8,27575027,27575027,1,snv_mnv,NA,NA,"broad,muse,sanger",3,COSN19242728,NA,AluSz,FALSE,0.4286,NA,15,20,NA,NA,NA,IGR,FALSE,FALSE,FALSE,FALSE,2,1,1,1_1,9c730cfb-3fd6-428a-a0a4-c061ca5db06c,NA
8,30731378,30731378,1,snv_mnv,NA,NA,"broad,dkfz,muse,sanger",4,COSN19242707,NA,NA,FALSE,0.4483,NA,13,16,NA,NA,NA,Intron,FALSE,FALSE,FALSE,FALSE,2,1,1,1_1,9c730cfb-3fd6-428a-a0a4-c061ca5db06c,TEX15
8,30748164,30748164,1,snv_mnv,NA,NA,"broad,dkfz,muse,sanger",4,COSN19242698,NA,NA,FALSE,0.325,NA,13,27,NA,NA,NA,5'Flank,FALSE,FALSE,FALSE,FALSE,2,1,1,1_1,9c730cfb-3fd6-428a-a0a4-c061ca5db06c,TEX15
8,31424547,31424547,1,snv_mnv,NA,NA,"broad,dkfz,muse,sanger",4,COSN19242650,NA,L1PA4,FALSE,0.5,NA,13,13,NA,NA,NA,IGR,FALSE,FALSE,FALSE,FALSE,2,1,1,1_1,9c730cfb-3fd6-428a-a0a4-c061ca5db06c,NA
8,33187763,33187763,1,snv_mnv,NA,NA,"broad,dkfz,muse,sanger",4,COSN19242645,NA,AluSg,FALSE,0.381,NA,8,13,NA,NA,NA,IGR,FALSE,FALSE,TRUE,FALSE,2,1,1,1_1,9c730cfb-3fd6-428a-a0a4-c061ca5db06c,NA
8,33350248,33350248,1,snv_mnv,NA,NA,"broad,dkfz,muse,sanger",4,COSN19242649,NA,L1MA2,FALSE,0.3,NA,9,21,NA,NA,NA,Intron,FALSE,FALSE,FALSE,FALSE,2,1,1,1_1,9c730cfb-3fd6-428a-a0a4-c061ca5db06c,MAK16
8,34016032,34016032,1,snv_mnv,NA,NA,"broad,dkfz,muse,sanger",4,COSN19242674,NA,THE1B,FALSE,0.6061,NA,20,13,NA,NA,NA,IGR,FALSE,FALSE,FALSE,FALSE,2,1,1,1_1,9c730cfb-3fd6-428a-a0a4-c061ca5db06c,NA
8,34883713,34883713,1,snv_mnv,NA,NA,"broad,dkfz,muse,sanger",4,COSN19242706,NA,NA,FALSE,0.4103,NA,16,23,NA,NA,NA,IGR,FALSE,FALSE,FALSE,FALSE,2,1,1,1_1,9c730cfb-3fd6-428a-a0a4-c061ca5db06c,NA
8,42413381,42413381,1,snv_mnv,NA,NA,"broad,dkfz,muse,sanger",4,COSN19242656,NA,L1MEb,FALSE,0.6757,NA,25,12,NA,NA,NA,IGR,FALSE,FALSE,FALSE,FALSE,2,1,1,1_1,9c730cfb-3fd6-428a-a0a4-c061ca5db06c,SMIM19
8,51033680,51033680,1,snv_mnv,NA,NA,"broad,dkfz,muse,sanger",4,COSN19242668,NA,NA,FALSE,1,NA,21,NA,NA,NA,NA,Intron,FALSE,FALSE,FALSE,FALSE,2,1,1,1_1,9c730cfb-3fd6-428a-a0a4-c061ca5db06c,NA
8,53633719,53633719,1,snv_mnv,NA,NA,"broad,muse,sanger",3,COSN19242665,NA,AluSx4,FALSE,0.3571,NA,5,9,NA,NA,NA,RNA,FALSE,FALSE,FALSE,FALSE,2,1,1,1_1,9c730cfb-3fd6-428a-a0a4-c061ca5db06c,AC113139.1
8,53676267,53676267,1,snv_mnv,1.9968e-4,rs561864100,"broad,dkfz,muse,sanger",4,COSN19242660,rs561864100,LTR57-int,FALSE,0.625,NA,20,12,NA,NA,NA,IGR,FALSE,FALSE,FALSE,FALSE,2,1,1,1_1,9c730cfb-3fd6-428a-a0a4-c061ca5db06c,NA
8,54609403,54609403,1,snv_mnv,NA,NA,"broad,dkfz,muse,sanger",4,COSN19242648,NA,L1PA3,FALSE,0.439,NA,18,23,NA,NA,NA,IGR,FALSE,FALSE,FALSE,FALSE,2,1,1,1_1,9c730cfb-3fd6-428a-a0a4-c061ca5db06c,NA
8,56094756,56094756,1,snv_mnv,NA,NA,"broad,dkfz,muse,sanger",4,COSN19242636,NA,L1MCb,FALSE,0.5135,NA,19,18,NA,NA,NA,Intron,FALSE,FALSE,FALSE,FALSE,2,1,1,1_1,9c730cfb-3fd6-428a-a0a4-c061ca5db06c,NA
8,57577478,57577478,1,snv_mnv,NA,NA,"broad,dkfz,muse,sanger",4,COSN19242688,NA,AluY,FALSE,0.5946,NA,22,15,NA,NA,NA,IGR,FALSE,FALSE,FALSE,FALSE,2,1,1,1_1,9c730cfb-3fd6-428a-a0a4-c061ca5db06c,NA
8,57877370,57877370,1,snv_mnv,NA,NA,"broad,dkfz,muse,sanger",4,COSN19242726,NA,NA,FALSE,0.6111,NA,22,14,NA,NA,NA,Intron,FALSE,FALSE,FALSE,FALSE,2,1,1,1_1,9c730cfb-3fd6-428a-a0a4-c061ca5db06c,NA
8,59520414,59520414,1,snv_mnv,NA,NA,"broad,dkfz,muse,sanger",4,COSN19242711,NA,NA,FALSE,0.2564,NA,10,29,NA,NA,NA,Intron,FALSE,FALSE,FALSE,FALSE,2,1,1,1_1,9c730cfb-3fd6-428a-a0a4-c061ca5db06c,NA
8,63610943,63610943,1,snv_mnv,NA,NA,"broad,dkfz,muse,sanger",4,COSN19242678,NA,L3,FALSE,0.4783,NA,11,12,NA,NA,NA,Intron,FALSE,FALSE,FALSE,FALSE,2,1,1,1_1,9c730cfb-3fd6-428a-a0a4-c061ca5db06c,NA
8,64466325,64466325,1,snv_mnv,NA,NA,"broad,dkfz,muse,sanger",4,COSN19242710,NA,THE1B-int,FALSE,0.4667,NA,14,16,NA,NA,NA,IGR,FALSE,FALSE,FALSE,FALSE,2,1,1,1_1,9c730cfb-3fd6-428a-a0a4-c061ca5db06c,NA
8,64914537,64914537,1,snv_mnv,NA,NA,"broad,dkfz,muse,sanger",4,COSN19242725,NA,NA,FALSE,0.5,NA,19,19,NA,NA,NA,RNA,FALSE,FALSE,FALSE,FALSE,2,1,1,1_1,9c730cfb-3fd6-428a-a0a4-c061ca5db06c,NA
8,69204576,69204576,1,snv_mnv,NA,NA,"broad,dkfz,muse,sanger",4,COSN19242671,NA,MER52C,FALSE,0.6071,NA,17,11,NA,NA,NA,IGR,FALSE,FALSE,FALSE,FALSE,2,1,1,1_1,9c730cfb-3fd6-428a-a0a4-c061ca5db06c,RPL31P40
8,69750799,69750799,1,snv_mnv,NA,NA,"broad,dkfz,muse,sanger",4,COSN19242716,NA,NA,FALSE,0.44,NA,11,14,NA,NA,NA,IGR,FALSE,FALSE,FALSE,FALSE,2,1,1,1_1,9c730cfb-3fd6-428a-a0a4-c061ca5db06c,NA
8,72907765,72907765,1,snv_mnv,NA,NA,"broad,dkfz,muse,sanger",4,COSN19242699,NA,NA,FALSE,0.3889,NA,21,33,NA,NA,NA,Intron,FALSE,FALSE,FALSE,FALSE,2,1,1,1_1,9c730cfb-3fd6-428a-a0a4-c061ca5db06c,NA
8,76865991,76865991,1,snv_mnv,NA,NA,"broad,dkfz,muse,sanger",4,COSN19242644,NA,NA,FALSE,0.4118,NA,14,20,NA,NA,NA,IGR,FALSE,FALSE,FALSE,FALSE,2,1,1,1_1,9c730cfb-3fd6-428a-a0a4-c061ca5db06c,NA
8,77411498,77411498,1,snv_mnv,NA,NA,"broad,dkfz,muse,sanger",4,COSN19242686,NA,L1MA3,FALSE,0.6,NA,21,14,NA,NA,NA,lincRNA,FALSE,FALSE,FALSE,FALSE,2,1,1,1_1,9c730cfb-3fd6-428a-a0a4-c061ca5db06c,NA
8,77607334,77607334,1,snv_mnv,NA,NA,"broad,dkfz,muse,sanger",4,COSN19242658,NA,NA,FALSE,0.4286,NA,15,20,NA,NA,NA,Intron,FALSE,FALSE,FALSE,FALSE,2,1,1,1_1,9c730cfb-3fd6-428a-a0a4-c061ca5db06c,NA
8,77696104,77696104,1,snv_mnv,NA,NA,"broad,dkfz,muse,sanger",4,COSN19242729,NA,NA,FALSE,0.4545,NA,15,18,NA,NA,NA,Intron,FALSE,FALSE,FALSE,FALSE,2,1,1,1_1,9c730cfb-3fd6-428a-a0a4-c061ca5db06c,NA
8,78177487,78177487,1,snv_mnv,NA,NA,"broad,dkfz,muse,sanger",4,COSN19242666,NA,NA,FALSE,0.5294,NA,18,16,NA,NA,NA,IGR,FALSE,FALSE,FALSE,FALSE,2,1,1,1_1,9c730cfb-3fd6-428a-a0a4-c061ca5db06c,NA
8,78908483,78908483,1,snv_mnv,NA,NA,"broad,dkfz,muse,sanger",4,COSN19242642,NA,NA,FALSE,0.2683,NA,11,30,NA,NA,NA,IGR,FALSE,FALSE,TRUE,FALSE,2,1,1,1_1,9c730cfb-3fd6-428a-a0a4-c061ca5db06c,NA
8,82295816,82295816,1,snv_mnv,NA,NA,"broad,dkfz,muse,sanger",4,COSN19242664,NA,L1MA4A,FALSE,0.4062,NA,13,19,NA,NA,NA,IGR,FALSE,FALSE,FALSE,FALSE,2,1,1,1_1,9c730cfb-3fd6-428a-a0a4-c061ca5db06c,NA
8,82791783,82791783,1,snv_mnv,NA,NA,"broad,dkfz,muse,sanger",4,COSN19242696,NA,NA,FALSE,0.35,NA,7,13,NA,NA,NA,IGR,FALSE,FALSE,FALSE,FALSE,2,1,1,1_1,9c730cfb-3fd6-428a-a0a4-c061ca5db06c,NA
8,83903676,83903676,1,snv_mnv,NA,NA,"broad,muse,sanger",3,COSN19242685,NA,Tigger4,FALSE,0.1667,NA,5,25,NA,NA,NA,IGR,FALSE,FALSE,FALSE,FALSE,2,1,1,1_1,9c730cfb-3fd6-428a-a0a4-c061ca5db06c,NA
8,84566925,84566925,1,snv_mnv,NA,NA,"broad,dkfz,muse,sanger",4,COSN19242681,NA,NA,FALSE,0.4762,NA,20,22,NA,NA,NA,IGR,FALSE,FALSE,FALSE,FALSE,2,1,1,1_1,9c730cfb-3fd6-428a-a0a4-c061ca5db06c,NA
8,85954787,85954787,1,snv_mnv,NA,NA,"broad,dkfz,muse,sanger",4,COSN19242719,NA,NA,FALSE,0.3684,NA,14,24,NA,NA,NA,IGR,FALSE,FALSE,TRUE,FALSE,2,1,1,1_1,9c730cfb-3fd6-428a-a0a4-c061ca5db06c,NA
8,86077990,86077990,1,snv_mnv,NA,NA,"broad,dkfz,muse,sanger",4,COSN19242709,NA,NA,FALSE,0.4722,NA,17,19,NA,NA,NA,IGR,FALSE,FALSE,FALSE,FALSE,2,1,1,1_1,9c730cfb-3fd6-428a-a0a4-c061ca5db06c,NA
8,88656493,88656493,1,snv_mnv,NA,NA,"broad,dkfz,muse,sanger",4,COSN19242667,NA,L1ME3A,FALSE,0.4,NA,16,24,NA,NA,NA,RNA,FALSE,FALSE,FALSE,FALSE,2,1,1,1_1,9c730cfb-3fd6-428a-a0a4-c061ca5db06c,NA
8,98390308,98390308,1,snv_mnv,NA,NA,"broad,dkfz,muse,sanger",4,COSN19242697,NA,L1PA10,FALSE,0.4375,NA,14,18,NA,NA,NA,IGR,FALSE,FALSE,FALSE,FALSE,2,1,1,1_1,9c730cfb-3fd6-428a-a0a4-c061ca5db06c,NA
8,105689119,105689119,1,snv_mnv,NA,NA,"broad,muse,sanger",3,COSN19242701,NA,HAL1,FALSE,0.1515,NA,5,28,NA,NA,NA,Intron,FALSE,FALSE,TRUE,FALSE,2,1,1,1_1,9c730cfb-3fd6-428a-a0a4-c061ca5db06c,NA
8,105958989,105958989,1,snv_mnv,NA,NA,"broad,dkfz,muse,sanger",4,COSN19242672,NA,NA,FALSE,0.5385,NA,21,18,NA,NA,NA,IGR,FALSE,FALSE,TRUE,FALSE,2,1,1,1_1,9c730cfb-3fd6-428a-a0a4-c061ca5db06c,NA
8,106044159,106044159,1,snv_mnv,NA,NA,"broad,dkfz,muse,sanger",4,COSN19242638,NA,L1ME4a,FALSE,0.1667,NA,6,30,NA,NA,NA,IGR,FALSE,FALSE,FALSE,FALSE,2,1,1,1_1,9c730cfb-3fd6-428a-a0a4-c061ca5db06c,NA
8,106322100,106322100,1,snv_mnv,NA,NA,"broad,dkfz,muse,sanger",4,COSN19242693,NA,HAL1,FALSE,0.4848,NA,16,17,NA,NA,NA,IGR,FALSE,FALSE,FALSE,FALSE,2,1,1,1_1,9c730cfb-3fd6-428a-a0a4-c061ca5db06c,NA
8,106461535,106461535,1,snv_mnv,NA,NA,"broad,dkfz,muse,sanger",4,COSN19242695,NA,NA,FALSE,0.3243,NA,12,25,NA,NA,NA,Intron,FALSE,FALSE,FALSE,FALSE,2,1,1,1_1,9c730cfb-3fd6-428a-a0a4-c061ca5db06c,NA
8,107920107,107920107,1,snv_mnv,NA,NA,"broad,dkfz,muse,sanger",4,COSN19242663,NA,L1MEd,FALSE,0.4762,NA,20,22,NA,NA,NA,IGR,FALSE,FALSE,FALSE,FALSE,2,1,1,1_1,9c730cfb-3fd6-428a-a0a4-c061ca5db06c,NA
8,108679998,108679998,1,snv_mnv,NA,NA,"broad,dkfz,muse,sanger",4,COSN19242684,NA,NA,FALSE,0.4043,NA,19,28,NA,NA,NA,IGR,FALSE,FALSE,FALSE,FALSE,2,1,1,1_1,9c730cfb-3fd6-428a-a0a4-c061ca5db06c,NA
8,109990824,109990824,1,snv_mnv,NA,NA,"broad,dkfz,muse,sanger",4,COSN19242692,NA,NA,FALSE,0.4091,NA,18,26,NA,NA,NA,RNA,FALSE,FALSE,FALSE,FALSE,2,1,1,1_1,9c730cfb-3fd6-428a-a0a4-c061ca5db06c,NA
8,110048055,110048055,1,snv_mnv,NA,NA,"broad,dkfz,muse,sanger",4,COSN19242653,NA,L1ME3F,FALSE,0.3333,NA,8,16,NA,NA,NA,RNA,FALSE,FALSE,FALSE,FALSE,2,1,1,1_1,9c730cfb-3fd6-428a-a0a4-c061ca5db06c,NA
8,110984351,110984351,1,snv_mnv,NA,NA,"broad,dkfz,muse,sanger",4,COSN19242723,NA,NA,FALSE,0.4762,NA,20,22,NA,NA,NA,Intron,FALSE,FALSE,FALSE,FALSE,2,1,1,1_1,9c730cfb-3fd6-428a-a0a4-c061ca5db06c,AC027451.1
8,111056610,111056610,1,snv_mnv,NA,NA,"broad,dkfz,muse,sanger",4,COSN2251460,NA,L1MA7,FALSE,0.4773,NA,21,23,NA,NA,NA,IGR,FALSE,FALSE,FALSE,FALSE,2,1,1,1_1,9c730cfb-3fd6-428a-a0a4-c061ca5db06c,NA
8,111453493,111453493,1,snv_mnv,NA,NA,"broad,dkfz,muse,sanger",4,COSN19242724,NA,L1PA14,FALSE,0.6341,NA,26,15,NA,NA,NA,IGR,FALSE,FALSE,FALSE,FALSE,2,1,1,1_1,9c730cfb-3fd6-428a-a0a4-c061ca5db06c,NA
8,111865728,111865728,1,snv_mnv,NA,NA,"broad,dkfz,muse,sanger",4,COSN19242643,NA,NA,FALSE,0.4706,NA,16,18,NA,NA,NA,IGR,FALSE,FALSE,FALSE,FALSE,2,1,1,1_1,9c730cfb-3fd6-428a-a0a4-c061ca5db06c,NA
8,112416262,112416262,1,snv_mnv,NA,NA,"broad,dkfz,muse,sanger",4,COSN19242639,NA,L1ME2,FALSE,0.4062,NA,13,19,NA,NA,NA,lincRNA,FALSE,FALSE,FALSE,FALSE,2,1,1,1_1,9c730cfb-3fd6-428a-a0a4-c061ca5db06c,NA
8,113093771,113093771,1,snv_mnv,NA,NA,"broad,dkfz,muse,sanger",4,COSN19242713,NA,NA,FALSE,0.4167,NA,15,21,NA,NA,NA,IGR,FALSE,FALSE,FALSE,FALSE,2,1,1,1_1,9c730cfb-3fd6-428a-a0a4-c061ca5db06c,NA
8,113997031,113997031,1,snv_mnv,NA,NA,"broad,dkfz,muse,sanger",4,COSN19242721,NA,NA,FALSE,0.4048,NA,17,25,NA,NA,NA,Intron,FALSE,FALSE,FALSE,FALSE,2,1,1,1_1,9c730cfb-3fd6-428a-a0a4-c061ca5db06c,NA
8,114257651,114257651,1,snv_mnv,NA,NA,"broad,dkfz,muse,sanger",4,COSN19242652,NA,L1MB8,FALSE,0.4545,NA,20,24,NA,NA,NA,Intron,FALSE,FALSE,FALSE,FALSE,2,1,1,1_1,9c730cfb-3fd6-428a-a0a4-c061ca5db06c,NA
8,115280094,115280094,1,snv_mnv,NA,NA,"broad,dkfz,muse,sanger",4,COSN19242657,NA,NA,FALSE,0.3333,NA,14,28,NA,NA,NA,IGR,FALSE,FALSE,FALSE,FALSE,2,1,1,1_1,9c730cfb-3fd6-428a-a0a4-c061ca5db06c,NA
8,116215232,116215232,1,snv_mnv,NA,NA,"broad,dkfz,muse,sanger",4,COSN19242637,NA,MER34C2,FALSE,0.3824,NA,13,21,NA,NA,NA,IGR,FALSE,FALSE,FALSE,FALSE,2,1,1,1_1,9c730cfb-3fd6-428a-a0a4-c061ca5db06c,NA
8,117348759,117348759,1,snv_mnv,NA,NA,"broad,dkfz,muse,sanger",4,COSN19242675,NA,NA,FALSE,0.2439,NA,10,31,NA,NA,NA,IGR,FALSE,FALSE,FALSE,FALSE,2,1,1,1_1,9c730cfb-3fd6-428a-a0a4-c061ca5db06c,NA
8,119017981,119017981,1,snv_mnv,NA,NA,"broad,dkfz,muse,sanger",4,COSN19242670,NA,NA,FALSE,0.3846,NA,10,16,NA,NA,NA,Intron,FALSE,FALSE,FALSE,FALSE,2,1,1,1_1,9c730cfb-3fd6-428a-a0a4-c061ca5db06c,NA
8,120299834,120299834,1,snv_mnv,NA,NA,"broad,dkfz,muse,sanger",4,COSN19242646,NA,L1PA6,FALSE,0.2,NA,8,32,NA,NA,NA,IGR,FALSE,FALSE,FALSE,FALSE,2,1,1,1_1,9c730cfb-3fd6-428a-a0a4-c061ca5db06c,NA
8,123370512,123370512,1,snv_mnv,NA,NA,"broad,dkfz,muse,sanger",4,COSN19242662,NA,L1PA15,FALSE,0.3846,NA,15,24,NA,NA,NA,IGR,FALSE,FALSE,FALSE,FALSE,2,1,1,1_1,9c730cfb-3fd6-428a-a0a4-c061ca5db06c,NA
8,124217794,124217794,1,snv_mnv,NA,NA,"broad,dkfz,muse,sanger",4,COSN19242703,NA,NA,FALSE,0.52,NA,13,12,NA,NA,NA,Intron,FALSE,FALSE,FALSE,FALSE,2,1,1,1_1,9c730cfb-3fd6-428a-a0a4-c061ca5db06c,FAM83A-AS1
8,129498596,129498596,1,snv_mnv,NA,NA,"broad,dkfz,muse,sanger",4,COSN19242694,NA,NA,FALSE,0.4444,NA,16,20,NA,NA,NA,IGR,FALSE,FALSE,FALSE,FALSE,2,1,1,1_1,9c730cfb-3fd6-428a-a0a4-c061ca5db06c,NA
8,137137021,137137021,1,snv_mnv,NA,NA,"broad,dkfz,muse,sanger",4,COSN19242717,NA,MIRb,FALSE,0.5625,NA,18,14,NA,NA,NA,lincRNA,FALSE,FALSE,FALSE,FALSE,2,1,1,1_1,9c730cfb-3fd6-428a-a0a4-c061ca5db06c,NA
8,137200053,137200053,1,snv_mnv,NA,NA,"broad,muse",2,COSN19242654,NA,MER58A,FALSE,0.1667,NA,5,25,NA,NA,NA,IGR,FALSE,FALSE,FALSE,FALSE,2,1,1,1_1,9c730cfb-3fd6-428a-a0a4-c061ca5db06c,NA
8,137780262,137780262,1,snv_mnv,NA,NA,"broad,dkfz,muse,sanger",4,COSN19242705,NA,NA,FALSE,0.381,NA,16,26,NA,NA,NA,IGR,FALSE,FALSE,FALSE,FALSE,2,1,1,1_1,9c730cfb-3fd6-428a-a0a4-c061ca5db06c,NA
8,138454068,138454068,1,snv_mnv,3.9936e-4,rs145605020,"broad,dkfz,muse,sanger",4,COSN19242640,rs145605020,LTR1B,FALSE,0.3333,NA,11,22,NA,NA,NA,IGR,FALSE,FALSE,FALSE,FALSE,2,1,1,1_1,9c730cfb-3fd6-428a-a0a4-c061ca5db06c,NA
8,139303482,139303482,1,snv_mnv,NA,NA,"broad,dkfz,muse,sanger",4,COSN19242714,NA,NA,FALSE,0.5161,NA,16,15,NA,NA,NA,Intron,FALSE,FALSE,FALSE,FALSE,2,1,1,1_1,9c730cfb-3fd6-428a-a0a4-c061ca5db06c,NA
8,139319693,139319693,1,snv_mnv,NA,NA,"broad,dkfz,muse,sanger",4,COSN19242690,NA,NA,FALSE,0.4615,NA,12,14,NA,NA,NA,Intron,FALSE,FALSE,FALSE,FALSE,2,1,1,1_1,9c730cfb-3fd6-428a-a0a4-c061ca5db06c,FAM135B
8,139579170,139579170,1,snv_mnv,NA,NA,"broad,dkfz,muse,sanger",4,COSN19242687,NA,L2a,FALSE,0.4,NA,8,12,NA,NA,NA,IGR,FALSE,FALSE,FALSE,FALSE,2,1,1,1_1,9c730cfb-3fd6-428a-a0a4-c061ca5db06c,NA
8,139855047,139855047,1,snv_mnv,NA,NA,"broad,dkfz,muse,sanger",4,COSN19242727,NA,NA,FALSE,0.3913,NA,9,14,NA,NA,NA,Intron,FALSE,FALSE,FALSE,FALSE,2,1,1,1_1,9c730cfb-3fd6-428a-a0a4-c061ca5db06c,NA
8,140836856,140836856,1,snv_mnv,NA,NA,"broad,dkfz,muse,sanger",4,COSN19242722,NA,AluSz6,FALSE,0.4545,NA,15,18,NA,NA,NA,Intron,FALSE,FALSE,FALSE,FALSE,2,1,1,1_1,9c730cfb-3fd6-428a-a0a4-c061ca5db06c,NA
8,143537270,143537270,1,snv_mnv,NA,NA,"broad,dkfz,muse,sanger",4,COSN19242676,NA,NA,FALSE,0.5517,NA,16,13,NA,NA,NA,Intron,FALSE,FALSE,FALSE,FALSE,2,1,1,1_1,9c730cfb-3fd6-428a-a0a4-c061ca5db06c,NA
8,146049195,146049195,1,snv_mnv,NA,NA,"broad,dkfz,muse,sanger",4,COSN19242651,NA,NA,FALSE,0.5,NA,8,8,NA,NA,NA,IGR,FALSE,FALSE,TRUE,FALSE,2,1,1,1_1,9c730cfb-3fd6-428a-a0a4-c061ca5db06c,ZNF7
9,1389697,1389697,1,snv_mnv,NA,NA,"broad,dkfz,muse,sanger",4,COSN19242380,NA,L1PA15,FALSE,0.4138,NA,12,17,NA,NA,NA,IGR,FALSE,FALSE,FALSE,FALSE,2,1,1,1_1,9c730cfb-3fd6-428a-a0a4-c061ca5db06c,NA
9,2677184,2677184,1,snv_mnv,NA,NA,"broad,dkfz,muse,sanger",4,COSN19242413,NA,L1MB4,FALSE,0.5,NA,12,12,NA,NA,NA,IGR,FALSE,FALSE,FALSE,FALSE,2,1,1,1_1,9c730cfb-3fd6-428a-a0a4-c061ca5db06c,NA
9,4477803,4477803,1,snv_mnv,NA,NA,"broad,dkfz,muse,sanger",4,COSN19242396,NA,L1MB3,FALSE,0.3793,NA,11,18,NA,NA,NA,IGR,FALSE,FALSE,FALSE,FALSE,2,1,1,1_1,9c730cfb-3fd6-428a-a0a4-c061ca5db06c,NA
9,6197812,6197812,1,snv_mnv,NA,NA,"broad,dkfz,muse,sanger",4,COSN19242432,NA,NA,FALSE,0.4286,NA,12,16,NA,NA,NA,IGR,FALSE,FALSE,FALSE,FALSE,2,1,1,1_1,9c730cfb-3fd6-428a-a0a4-c061ca5db06c,GTF3AP1
9,7485242,7485242,1,snv_mnv,NA,NA,"broad,dkfz,muse,sanger",4,COSN19242425,rs12236859,MER5A,FALSE,0.3889,NA,14,22,NA,NA,NA,IGR,FALSE,FALSE,FALSE,FALSE,2,1,1,1_1,9c730cfb-3fd6-428a-a0a4-c061ca5db06c,NA
9,7806770,7806770,1,snv_mnv,NA,NA,"broad,dkfz,muse,sanger",4,COSN19242387,NA,NA,FALSE,0.2903,NA,9,22,NA,NA,NA,IGR,FALSE,FALSE,FALSE,FALSE,2,1,1,1_1,9c730cfb-3fd6-428a-a0a4-c061ca5db06c,NA
9,8698906,8698906,1,snv_mnv,NA,NA,"broad,dkfz,muse,sanger",4,COSN19242401,NA,NA,FALSE,0.5,NA,16,16,NA,NA,NA,Intron,FALSE,FALSE,FALSE,FALSE,2,1,1,1_1,9c730cfb-3fd6-428a-a0a4-c061ca5db06c,AL583805.2
9,8986939,8986939,1,snv_mnv,NA,NA,"broad,dkfz,muse,sanger",4,COSN19242409,NA,L1ME4a,FALSE,0.4167,NA,15,21,NA,NA,NA,Intron,FALSE,FALSE,TRUE,FALSE,2,1,1,1_1,9c730cfb-3fd6-428a-a0a4-c061ca5db06c,NA
9,10434960,10434960,1,snv_mnv,1.9968e-4,rs571483318,"broad,dkfz,muse,sanger",4,COSN19242388,rs571483318,NA,FALSE,0.7,NA,21,9,NA,NA,NA,Intron,FALSE,FALSE,FALSE,FALSE,2,1,1,1_1,9c730cfb-3fd6-428a-a0a4-c061ca5db06c,NA
9,11836548,11836548,1,snv_mnv,NA,NA,"broad,dkfz,muse,sanger",4,COSN19242383,NA,NA,FALSE,0.5,NA,18,18,NA,NA,NA,IGR,FALSE,FALSE,FALSE,FALSE,2,1,1,1_1,9c730cfb-3fd6-428a-a0a4-c061ca5db06c,NA
9,13865605,13865605,1,snv_mnv,NA,NA,"broad,dkfz,muse,sanger",4,COSN19242428,NA,AluY,FALSE,0.5667,NA,17,13,NA,NA,NA,IGR,FALSE,FALSE,FALSE,FALSE,2,1,1,1_1,9c730cfb-3fd6-428a-a0a4-c061ca5db06c,NA
9,16973939,16973939,1,snv_mnv,NA,NA,"broad,dkfz,muse,sanger",4,COSN19242419,NA,NA,FALSE,0.5667,NA,17,13,NA,NA,NA,IGR,FALSE,FALSE,TRUE,FALSE,2,1,1,1_1,9c730cfb-3fd6-428a-a0a4-c061ca5db06c,NA
9,17763657,17763657,1,snv_mnv,NA,NA,"broad,dkfz,muse,sanger",4,COSN19242384,NA,MLT1C,FALSE,0.3846,NA,10,16,NA,NA,NA,Intron,FALSE,FALSE,FALSE,FALSE,2,1,1,1_1,9c730cfb-3fd6-428a-a0a4-c061ca5db06c,NA
9,19118789,19118789,1,snv_mnv,NA,NA,"broad,dkfz,muse,sanger",4,COSN19242416,NA,AluSx,FALSE,0.5185,NA,14,13,NA,NA,NA,Intron,FALSE,FALSE,FALSE,FALSE,2,1,1,1_1,9c730cfb-3fd6-428a-a0a4-c061ca5db06c,PLIN2
9,20377735,20377735,1,snv_mnv,NA,NA,"broad,dkfz,muse,sanger",4,COSN19242394,NA,NA,FALSE,0.225,NA,9,31,NA,NA,NA,Intron,FALSE,FALSE,FALSE,FALSE,2,1,1,1_1,9c730cfb-3fd6-428a-a0a4-c061ca5db06c,NA
9,21447750,21447750,1,snv_mnv,NA,NA,"broad,dkfz,muse,sanger",4,COSN19242412,NA,LTR49-int,FALSE,0.3478,NA,8,15,NA,NA,NA,IGR,FALSE,FALSE,TRUE,FALSE,2,1,1,1_1,9c730cfb-3fd6-428a-a0a4-c061ca5db06c,NA
9,23927894,23927894,1,snv_mnv,NA,NA,"broad,dkfz,muse",3,COSN19242393,NA,AT_rich,FALSE,0.3571,NA,10,18,NA,NA,NA,IGR,FALSE,FALSE,TRUE,FALSE,2,1,1,1_1,9c730cfb-3fd6-428a-a0a4-c061ca5db06c,NA
9,24476209,24476209,1,snv_mnv,NA,NA,"broad,dkfz,muse,sanger",4,COSN19242433,NA,NA,FALSE,0.4412,NA,15,19,NA,NA,NA,IGR,FALSE,FALSE,FALSE,FALSE,2,1,1,1_1,9c730cfb-3fd6-428a-a0a4-c061ca5db06c,NA
9,29867097,29867097,1,snv_mnv,NA,NA,"broad,dkfz,muse,sanger",4,COSN19242411,NA,NA,FALSE,0.2941,NA,15,36,NA,NA,NA,IGR,FALSE,FALSE,TRUE,FALSE,2,1,1,1_1,9c730cfb-3fd6-428a-a0a4-c061ca5db06c,NA
9,30093905,30093905,1,snv_mnv,NA,NA,"broad,dkfz,muse,sanger",4,COSN19242382,NA,NA,FALSE,0.3947,NA,15,23,NA,NA,NA,IGR,FALSE,FALSE,TRUE,FALSE,2,1,1,1_1,9c730cfb-3fd6-428a-a0a4-c061ca5db06c,NA
9,30963422,30963422,1,snv_mnv,NA,NA,"broad,dkfz,muse,sanger",4,COSN19242403,NA,THE1-int,FALSE,0.5455,NA,24,20,NA,NA,NA,IGR,FALSE,FALSE,FALSE,FALSE,2,1,1,1_1,9c730cfb-3fd6-428a-a0a4-c061ca5db06c,NA
9,68833935,68833935,1,snv_mnv,NA,NA,"broad,muse,sanger",3,COSN19242417,NA,NA,FALSE,0.4,NA,18,27,NA,NA,NA,IGR,FALSE,FALSE,FALSE,FALSE,2,1,1,1_1,9c730cfb-3fd6-428a-a0a4-c061ca5db06c,NA
9,72396806,72396806,1,snv_mnv,NA,NA,"broad,dkfz,muse,sanger",4,COSN19242408,NA,L1PB1,FALSE,0.4615,NA,12,14,NA,NA,NA,IGR,FALSE,FALSE,FALSE,FALSE,2,1,1,1_1,9c730cfb-3fd6-428a-a0a4-c061ca5db06c,NA
9,79509403,79509403,1,snv_mnv,NA,NA,"broad,dkfz,muse,sanger",4,COSN19242414,NA,NA,FALSE,0.4286,NA,12,16,NA,NA,NA,Intron,FALSE,FALSE,FALSE,FALSE,2,1,1,1_1,9c730cfb-3fd6-428a-a0a4-c061ca5db06c,NA
9,79990465,79990465,1,snv_mnv,NA,NA,"broad,dkfz,muse,sanger",4,COSN19242418,NA,L1MEe,FALSE,0.359,NA,14,25,NA,NA,NA,Intron,FALSE,FALSE,FALSE,FALSE,2,1,1,1_1,9c730cfb-3fd6-428a-a0a4-c061ca5db06c,NA
9,83765648,83765648,1,snv_mnv,NA,NA,"broad,dkfz,muse,sanger",4,COSN19242427,NA,NA,FALSE,0.2941,NA,10,24,NA,NA,NA,IGR,FALSE,FALSE,FALSE,FALSE,2,1,1,1_1,9c730cfb-3fd6-428a-a0a4-c061ca5db06c,NA
9,83910847,83910847,1,snv_mnv,NA,NA,"broad,dkfz,muse,sanger",4,COSN19242407,NA,MER2,FALSE,0.4848,NA,16,17,NA,NA,NA,IGR,FALSE,FALSE,FALSE,FALSE,2,1,1,1_1,9c730cfb-3fd6-428a-a0a4-c061ca5db06c,NA
9,84892596,84892596,1,snv_mnv,NA,NA,"broad,dkfz,muse,sanger",4,COSN19242402,NA,NA,FALSE,0.5,NA,17,17,NA,NA,NA,lincRNA,FALSE,FALSE,FALSE,FALSE,2,1,1,1_1,9c730cfb-3fd6-428a-a0a4-c061ca5db06c,AL162726.3
9,87697742,87697742,1,snv_mnv,NA,NA,"broad,dkfz,muse,sanger",4,COSN19242392,NA,NA,FALSE,0.3571,NA,10,18,NA,NA,NA,IGR,FALSE,FALSE,FALSE,FALSE,2,1,1,1_1,9c730cfb-3fd6-428a-a0a4-c061ca5db06c,NA
9,90286232,90286232,1,snv_mnv,NA,NA,"broad,dkfz,muse,sanger",4,COSN19242420,NA,NA,FALSE,0.2,NA,5,20,NA,NA,NA,Intron,FALSE,FALSE,FALSE,FALSE,2,1,1,1_1,9c730cfb-3fd6-428a-a0a4-c061ca5db06c,DAPK1
9,90987504,90987504,1,snv_mnv,NA,NA,"dkfz,sanger",2,COSN19242406,NA,LTR8,FALSE,0.5143,NA,18,17,NA,NA,NA,RNA,FALSE,FALSE,FALSE,FALSE,2,1,1,1_1,9c730cfb-3fd6-428a-a0a4-c061ca5db06c,NA
9,97354412,97354412,1,snv_mnv,NA,NA,"broad,dkfz,muse,sanger",4,COSN19242395,NA,NA,FALSE,0.3333,NA,12,24,NA,NA,NA,Intron,FALSE,FALSE,FALSE,FALSE,2,1,1,1_1,9c730cfb-3fd6-428a-a0a4-c061ca5db06c,NA
9,101401178,101401178,1,snv_mnv,NA,NA,"broad,dkfz,muse,sanger",4,COSN19242415,NA,PABL_A,FALSE,0.5667,NA,17,13,NA,NA,NA,Intron,FALSE,FALSE,FALSE,FALSE,2,1,1,1_1,9c730cfb-3fd6-428a-a0a4-c061ca5db06c,NA
9,103438065,103438065,1,snv_mnv,NA,NA,"broad,muse",2,COSN19242397,NA,NA,FALSE,0.1818,NA,4,18,NA,NA,NA,IGR,FALSE,FALSE,FALSE,FALSE,2,1,1,1_1,9c730cfb-3fd6-428a-a0a4-c061ca5db06c,NA
9,107249503,107249503,1,snv_mnv,NA,NA,"dkfz,sanger",2,COSN19242410,NA,NA,FALSE,0.4545,NA,20,24,NA,NA,NA,IGR,FALSE,FALSE,FALSE,FALSE,2,1,1,1_1,9c730cfb-3fd6-428a-a0a4-c061ca5db06c,NA
9,107337096,107337096,1,snv_mnv,NA,NA,"broad,dkfz,muse,sanger",4,COSN19242386,NA,NA,FALSE,0.4634,NA,19,22,NA,NA,NA,IGR,FALSE,FALSE,FALSE,FALSE,2,1,1,1_1,9c730cfb-3fd6-428a-a0a4-c061ca5db06c,OR13C8
9,108706347,108706347,1,snv_mnv,NA,NA,"broad,dkfz,muse,sanger",4,COSN19242400,NA,L1MEf,FALSE,0.4865,NA,18,19,NA,NA,NA,IGR,FALSE,FALSE,FALSE,FALSE,2,1,1,1_1,9c730cfb-3fd6-428a-a0a4-c061ca5db06c,NA
9,114566377,114566377,1,snv_mnv,NA,NA,"broad,dkfz,muse,sanger",4,COSN19242430,rs571852520,NA,FALSE,0.5333,NA,16,14,NA,NA,NA,IGR,FALSE,FALSE,FALSE,FALSE,2,1,1,1_1,9c730cfb-3fd6-428a-a0a4-c061ca5db06c,AL354877.1
9,117631632,117631632,1,snv_mnv,NA,NA,"broad,dkfz,muse,sanger",4,COSN19242389,NA,MER33,FALSE,0.4286,NA,12,16,NA,NA,NA,IGR,FALSE,FALSE,TRUE,FALSE,2,1,1,1_1,9c730cfb-3fd6-428a-a0a4-c061ca5db06c,NA
9,119701753,119701753,1,snv_mnv,NA,NA,"broad,dkfz,muse,sanger",4,COSN19242385,NA,NA,FALSE,0.4516,NA,14,17,NA,NA,NA,Intron,FALSE,FALSE,FALSE,FALSE,2,1,1,1_1,9c730cfb-3fd6-428a-a0a4-c061ca5db06c,NA
9,122142877,122142877,1,snv_mnv,NA,NA,"broad,dkfz,muse,sanger",4,COSN19242398,NA,MLT1K,FALSE,0.4762,NA,20,22,NA,NA,NA,IGR,FALSE,FALSE,FALSE,FALSE,2,1,1,1_1,9c730cfb-3fd6-428a-a0a4-c061ca5db06c,NA
9,122511440,122511440,1,snv_mnv,NA,NA,"broad,dkfz,muse,sanger",4,COSN19242390,NA,L1MA8,FALSE,0.4359,NA,17,22,NA,NA,NA,IGR,FALSE,FALSE,FALSE,FALSE,2,1,1,1_1,9c730cfb-3fd6-428a-a0a4-c061ca5db06c,NA
9,124496360,124496360,1,snv_mnv,NA,NA,"broad,dkfz,muse,sanger",4,COSN19242391,NA,NA,FALSE,0.25,NA,7,21,NA,NA,NA,Intron,FALSE,FALSE,FALSE,FALSE,2,1,1,1_1,9c730cfb-3fd6-428a-a0a4-c061ca5db06c,NA
9,126738551,126738551,1,snv_mnv,NA,NA,"broad,dkfz,muse,sanger",4,COSN19242424,NA,NA,FALSE,0.4839,NA,15,16,NA,NA,NA,IGR,FALSE,FALSE,FALSE,FALSE,2,1,1,1_1,9c730cfb-3fd6-428a-a0a4-c061ca5db06c,NA
9,126779144,126779144,1,snv_mnv,NA,NA,"broad,dkfz,muse",3,COSN19242381,NA,NA,FALSE,0.4643,NA,13,15,NA,NA,NA,Intron,FALSE,FALSE,FALSE,FALSE,2,1,1,1_1,9c730cfb-3fd6-428a-a0a4-c061ca5db06c,LHX2
9,132374393,132374393,1,snv_mnv,NA,NA,"broad,dkfz,muse,sanger",4,COSN19242404,NA,NA,FALSE,0.4286,NA,9,12,NA,NA,NA,Intron,FALSE,FALSE,FALSE,FALSE,2,1,1,1_1,9c730cfb-3fd6-428a-a0a4-c061ca5db06c,C9orf50
X,8295529,8295529,1,snv_mnv,NA,NA,"broad,dkfz,muse,sanger",4,COSN19242233,NA,NA,FALSE,0.9524,NA,20,1,NA,NA,NA,IGR,FALSE,FALSE,FALSE,FALSE,1,1,0,1_0,9c730cfb-3fd6-428a-a0a4-c061ca5db06c,NA
X,11244010,11244010,1,snv_mnv,NA,NA,"broad,dkfz,muse,sanger",4,COSN19242232,NA,NA,FALSE,0.9231,NA,12,1,NA,NA,NA,Intron,FALSE,FALSE,FALSE,FALSE,1,1,0,1_0,9c730cfb-3fd6-428a-a0a4-c061ca5db06c,AC004467.1
X,23372934,23372934,1,snv_mnv,0.0063576,NA,"broad,dkfz,muse,sanger",4,COSN19242262,rs529083627,AluSc,FALSE,0.8462,NA,11,2,NA,NA,NA,Intron,FALSE,FALSE,FALSE,FALSE,1,1,0,1_0,9c730cfb-3fd6-428a-a0a4-c061ca5db06c,AC073910.1
X,23764447,23764447,1,snv_mnv,NA,NA,"broad,dkfz,muse,sanger",4,COSN19242251,NA,FLAM_C,FALSE,0.8889,NA,8,1,NA,NA,NA,Intron,FALSE,FALSE,TRUE,FALSE,1,1,0,1_0,9c730cfb-3fd6-428a-a0a4-c061ca5db06c,ACOT9
X,26431117,26431117,1,snv_mnv,NA,NA,"broad,dkfz,muse,sanger",4,COSN19242235,NA,NA,FALSE,1,NA,16,NA,NA,NA,NA,IGR,FALSE,FALSE,FALSE,FALSE,1,1,0,1_0,9c730cfb-3fd6-428a-a0a4-c061ca5db06c,NA
X,28307553,28307553,1,snv_mnv,NA,NA,"broad,dkfz,muse,sanger",4,COSN19242213,NA,MER51A,FALSE,0.9286,NA,13,1,NA,NA,NA,IGR,FALSE,FALSE,FALSE,FALSE,1,1,0,1_0,9c730cfb-3fd6-428a-a0a4-c061ca5db06c,NA
X,29698494,29698494,1,snv_mnv,NA,NA,"broad,dkfz,muse,sanger",4,COSN19242247,NA,NA,FALSE,1,NA,14,NA,NA,NA,NA,Intron,FALSE,FALSE,FALSE,FALSE,1,1,0,1_0,9c730cfb-3fd6-428a-a0a4-c061ca5db06c,NA
X,35140688,35140688,1,snv_mnv,NA,NA,"broad,dkfz,muse,sanger",4,COSN19242236,NA,NA,FALSE,0.5,NA,5,5,NA,NA,NA,IGR,FALSE,FALSE,FALSE,FALSE,1,1,0,1_0,9c730cfb-3fd6-428a-a0a4-c061ca5db06c,NA
X,36850371,36850371,1,snv_mnv,0.0010596,NA,"broad,dkfz,muse,sanger",4,COSN19242230,rs536867539,NA,FALSE,0.2381,NA,5,16,NA,NA,NA,IGR,FALSE,FALSE,FALSE,FALSE,1,1,0,1_0,9c730cfb-3fd6-428a-a0a4-c061ca5db06c,NA
X,39361439,39361439,1,snv_mnv,NA,NA,"broad,muse,sanger",3,COSN19242219,NA,MLT1N2,FALSE,0.2353,NA,4,13,NA,NA,NA,IGR,FALSE,FALSE,FALSE,FALSE,1,1,0,1_0,9c730cfb-3fd6-428a-a0a4-c061ca5db06c,NA
X,39731439,39731439,1,snv_mnv,NA,NA,"broad,dkfz,muse,sanger",4,COSN19242216,NA,NA,FALSE,0.8824,NA,15,2,NA,NA,NA,IGR,FALSE,FALSE,FALSE,FALSE,1,1,0,1_0,9c730cfb-3fd6-428a-a0a4-c061ca5db06c,NA
X,47809115,47809115,1,snv_mnv,NA,NA,"broad,dkfz,muse,sanger",4,COSN19242246,NA,MLT1A1,FALSE,0.7895,NA,15,4,NA,NA,NA,IGR,FALSE,FALSE,TRUE,FALSE,1,1,0,1_0,9c730cfb-3fd6-428a-a0a4-c061ca5db06c,NA
X,49970568,49970568,1,snv_mnv,NA,NA,"broad,muse,sanger",3,COSN19242243,NA,AluSc,FALSE,0.9412,NA,16,1,NA,NA,NA,Intron,FALSE,FALSE,FALSE,FALSE,1,1,0,1_0,9c730cfb-3fd6-428a-a0a4-c061ca5db06c,AKAP4
X,62277861,62277861,1,snv_mnv,NA,NA,"broad,dkfz,muse,sanger",4,COSN19242215,NA,L1PA15-16,FALSE,0.9,NA,18,2,NA,NA,NA,IGR,FALSE,FALSE,FALSE,FALSE,1,1,0,1_0,9c730cfb-3fd6-428a-a0a4-c061ca5db06c,NA
X,66558447,66558447,1,snv_mnv,NA,NA,"broad,dkfz,muse,sanger",4,COSN19242244,NA,MER66B,FALSE,0.8889,NA,16,2,NA,NA,NA,IGR,FALSE,FALSE,FALSE,FALSE,1,1,0,1_0,9c730cfb-3fd6-428a-a0a4-c061ca5db06c,NA
X,72470075,72470075,1,snv_mnv,NA,NA,"broad,dkfz,muse,sanger",4,COSN19242250,NA,L1MA2,FALSE,0.7895,NA,15,4,NA,NA,NA,IGR,FALSE,FALSE,FALSE,FALSE,1,1,0,1_0,9c730cfb-3fd6-428a-a0a4-c061ca5db06c,NA
X,79041020,79041020,1,snv_mnv,NA,NA,"broad,dkfz,muse,sanger",4,COSN19242257,NA,NA,FALSE,0.8421,NA,16,3,NA,NA,NA,IGR,FALSE,FALSE,FALSE,FALSE,1,1,0,1_0,9c730cfb-3fd6-428a-a0a4-c061ca5db06c,NA
X,82831493,82831493,1,snv_mnv,NA,NA,"broad,dkfz,muse,sanger",4,COSN19242222,NA,NA,FALSE,0.9565,NA,22,1,NA,NA,NA,IGR,FALSE,FALSE,FALSE,FALSE,1,1,0,1_0,9c730cfb-3fd6-428a-a0a4-c061ca5db06c,NA
X,86167778,86167778,1,snv_mnv,NA,NA,"broad,dkfz,muse,sanger",4,COSN19242220,NA,NA,FALSE,0.4231,NA,11,15,NA,NA,NA,IGR,FALSE,FALSE,FALSE,FALSE,1,1,0,1_0,9c730cfb-3fd6-428a-a0a4-c061ca5db06c,NA
X,86190901,86190901,1,snv_mnv,NA,NA,"broad,muse,sanger",3,COSN19242237,NA,L1PA15,FALSE,0.1333,NA,2,13,NA,NA,NA,IGR,FALSE,FALSE,FALSE,FALSE,1,1,0,1_0,9c730cfb-3fd6-428a-a0a4-c061ca5db06c,NA
X,86878611,86878611,1,snv_mnv,NA,NA,"broad,dkfz,muse,sanger",4,COSM5418810,NA,NA,FALSE,0.7619,NA,16,5,NA,NA,NA,Intron,FALSE,FALSE,TRUE,FALSE,1,1,0,1_0,9c730cfb-3fd6-428a-a0a4-c061ca5db06c,NA
X,90563671,90563671,1,snv_mnv,NA,NA,"broad,dkfz,muse,sanger",4,COSN19242259,NA,NA,FALSE,0.8824,NA,15,2,NA,NA,NA,lincRNA,FALSE,FALSE,FALSE,FALSE,1,1,0,1_0,9c730cfb-3fd6-428a-a0a4-c061ca5db06c,NA
X,92653733,92653733,1,snv_mnv,NA,NA,"broad,dkfz,muse,sanger",4,COSN19242252,NA,NA,FALSE,0.9091,NA,10,1,NA,NA,NA,IGR,FALSE,FALSE,FALSE,FALSE,1,1,0,1_0,9c730cfb-3fd6-428a-a0a4-c061ca5db06c,NA
X,94178125,94178125,1,snv_mnv,NA,NA,"broad,dkfz,muse,sanger",4,COSN19242214,NA,L1MA3,FALSE,0.8571,NA,12,2,NA,NA,NA,IGR,FALSE,FALSE,FALSE,FALSE,1,1,0,1_0,9c730cfb-3fd6-428a-a0a4-c061ca5db06c,NA
X,94525944,94525944,1,snv_mnv,NA,NA,"broad,dkfz,muse,sanger",4,COSN19242227,NA,NA,FALSE,0.8421,NA,16,3,NA,NA,NA,IGR,FALSE,FALSE,FALSE,FALSE,1,1,0,1_0,9c730cfb-3fd6-428a-a0a4-c061ca5db06c,NA
X,94774313,94774313,1,snv_mnv,NA,NA,"broad,dkfz,muse,sanger",4,COSN19242238,NA,L1PA13,FALSE,0.9524,NA,20,1,NA,NA,NA,IGR,FALSE,FALSE,FALSE,FALSE,1,1,0,1_0,9c730cfb-3fd6-428a-a0a4-c061ca5db06c,NA
X,95211625,95211625,1,snv_mnv,NA,NA,"broad,muse,sanger",3,COSN19242258,NA,THE1-int,FALSE,0.4,NA,6,9,NA,NA,NA,IGR,FALSE,FALSE,FALSE,FALSE,1,1,0,1_0,9c730cfb-3fd6-428a-a0a4-c061ca5db06c,NA
X,97736500,97736500,1,snv_mnv,NA,NA,"broad,dkfz,muse,sanger",4,COSN19242240,NA,NA,FALSE,0.7391,NA,17,6,NA,NA,NA,IGR,FALSE,FALSE,FALSE,FALSE,1,1,0,1_0,9c730cfb-3fd6-428a-a0a4-c061ca5db06c,NA
X,99097454,99097454,1,snv_mnv,NA,NA,"broad,dkfz,muse,sanger",4,COSN19242221,NA,L1PA5,FALSE,1,NA,12,NA,NA,NA,NA,IGR,FALSE,FALSE,FALSE,FALSE,1,1,0,1_0,9c730cfb-3fd6-428a-a0a4-c061ca5db06c,NA
X,104506276,104506276,1,snv_mnv,NA,NA,"broad,dkfz,muse,sanger",4,COSN19242253,NA,L1MCb,FALSE,1,NA,16,NA,NA,NA,NA,Intron,FALSE,FALSE,TRUE,FALSE,1,1,0,1_0,9c730cfb-3fd6-428a-a0a4-c061ca5db06c,NA
X,107076561,107076561,1,snv_mnv,NA,NA,"broad,dkfz,muse,sanger",4,COSN19242218,NA,NA,FALSE,1,NA,12,NA,NA,NA,NA,Intron,FALSE,FALSE,FALSE,FALSE,1,1,0,1_0,9c730cfb-3fd6-428a-a0a4-c061ca5db06c,NA
X,115409269,115409269,1,snv_mnv,NA,NA,"broad,dkfz,muse,sanger",4,COSN19242266,NA,NA,FALSE,0.9375,NA,15,1,NA,NA,NA,IGR,FALSE,FALSE,FALSE,FALSE,1,1,0,1_0,9c730cfb-3fd6-428a-a0a4-c061ca5db06c,NA
X,116403381,116403381,1,snv_mnv,NA,NA,"broad,dkfz,muse,sanger",4,COSN19242245,NA,L1PA7,FALSE,1,NA,18,NA,NA,NA,NA,IGR,FALSE,FALSE,FALSE,FALSE,1,1,0,1_0,9c730cfb-3fd6-428a-a0a4-c061ca5db06c,NA
X,137069912,137069912,1,snv_mnv,NA,NA,"broad,dkfz,muse,sanger",4,COSN19242265,NA,NA,FALSE,0.95,NA,19,1,NA,NA,NA,IGR,FALSE,FALSE,FALSE,FALSE,1,1,0,1_0,9c730cfb-3fd6-428a-a0a4-c061ca5db06c,NA
X,139568433,139568433,1,snv_mnv,NA,NA,"broad,dkfz,muse,sanger",4,COSN19242234,NA,L3,FALSE,0.9375,NA,15,1,NA,NA,NA,IGR,FALSE,FALSE,FALSE,FALSE,1,1,0,1_0,9c730cfb-3fd6-428a-a0a4-c061ca5db06c,NA
X,142573385,142573385,1,snv_mnv,NA,NA,"broad,dkfz,muse,sanger",4,COSN19242229,NA,NA,FALSE,0.92,NA,23,2,NA,NA,NA,RNA,FALSE,FALSE,FALSE,FALSE,1,1,0,1_0,9c730cfb-3fd6-428a-a0a4-c061ca5db06c,NA
X,143660732,143660732,1,snv_mnv,NA,NA,"broad,dkfz,muse,sanger",4,COSN19242254,NA,NA,FALSE,0.9444,NA,17,1,NA,NA,NA,IGR,FALSE,FALSE,FALSE,FALSE,1,1,0,1_0,9c730cfb-3fd6-428a-a0a4-c061ca5db06c,NA
X,145251135,145251135,1,snv_mnv,NA,NA,"broad,muse,sanger",3,COSN19242241,NA,L1PA4,FALSE,1,NA,15,NA,NA,NA,NA,IGR,FALSE,FALSE,FALSE,FALSE,1,1,0,1_0,9c730cfb-3fd6-428a-a0a4-c061ca5db06c,NA
X,145395194,145395194,1,snv_mnv,NA,NA,"broad,dkfz,muse,sanger",4,COSN19242225,NA,HERVL-int,FALSE,0.8261,NA,19,4,NA,NA,NA,IGR,FALSE,FALSE,FALSE,FALSE,1,1,0,1_0,9c730cfb-3fd6-428a-a0a4-c061ca5db06c,NA
X,146087423,146087423,1,snv_mnv,NA,NA,"broad,dkfz,muse,sanger",4,COSN19242242,NA,L1PA16,FALSE,1,NA,12,NA,NA,NA,NA,IGR,FALSE,FALSE,FALSE,FALSE,1,1,0,1_0,9c730cfb-3fd6-428a-a0a4-c061ca5db06c,NA
X,146709147,146709147,1,snv_mnv,NA,NA,"broad,dkfz,muse,sanger",4,COSN19242260,NA,NA,FALSE,1,NA,16,NA,NA,NA,NA,IGR,FALSE,FALSE,FALSE,FALSE,1,1,0,1_0,9c730cfb-3fd6-428a-a0a4-c061ca5db06c,NA
X,150840570,150840570,1,snv_mnv,NA,NA,"broad,dkfz,muse,sanger",4,COSN19242255,NA,NA,FALSE,1,NA,17,NA,NA,NA,NA,Intron,FALSE,FALSE,FALSE,FALSE,1,1,0,1_0,9c730cfb-3fd6-428a-a0a4-c061ca5db06c,AF274854.1
Y,16448878,16448878,1,snv_mnv,NA,NA,"broad,dkfz,muse,sanger",4,COSN19241663,NA,NA,FALSE,0.9474,NA,18,1,NA,NA,NA,IGR,FALSE,FALSE,FALSE,FALSE,1,1,0,1_0,9c730cfb-3fd6-428a-a0a4-c061ca5db06c,NA
Y,18095046,18095046,1,snv_mnv,NA,NA,"broad,dkfz,muse,sanger",4,COSN19241660,NA,L1ME3A,FALSE,1,NA,24,NA,NA,NA,NA,IGR,FALSE,FALSE,FALSE,FALSE,1,1,0,1_0,9c730cfb-3fd6-428a-a0a4-c061ca5db06c,NA
Y,28563501,28563501,1,snv_mnv,NA,NA,"broad,muse,sanger",3,COSN19241659,NA,AluSc8,FALSE,1,NA,11,NA,NA,NA,NA,IGR,FALSE,FALSE,FALSE,FALSE,1,1,0,1_0,9c730cfb-3fd6-428a-a0a4-c061ca5db06c,NA
Y,28563612,28563612,1,snv_mnv,NA,NA,"broad,muse,sanger",3,COSN19241661,NA,AluSc8,FALSE,1,NA,11,NA,NA,NA,NA,IGR,FALSE,FALSE,FALSE,FALSE,1,1,0,1_0,9c730cfb-3fd6-428a-a0a4-c061ca5db06c,NA
