chromosome,start,end,width,type,1000genomes_AF,1000genomes_ID,Callers,NumCallers,cosmic,dbsnp,repeat_masker,dbsnp_somatic,VAF,n_vaf,t_alt_count,t_ref_count,n_alt_count,n_ref_count,model_score,Variant_Classification,signature_R1,signature_R2,signature_N3,snv_near_indel,total_cn,major_cn,minor_cn,karyotype,sample,gene
10,3871201,3871205,5,indel,NA,NA,"broad,dkfz,sanger,smufin",4,COSN18975823,NA,NA,FALSE,0.25,NA,10,30,NA,NA,0.995,IGR,NA,NA,NA,NA,2,1,1,1_1,fa9996c3-b874-4424-a5a6-f1c7c0f42b9b,NA
10,117674051,117674061,11,indel,NA,NA,"broad,dkfz,sanger,smufin",4,COSN18975847,NA,NA,FALSE,0.25,NA,8,24,NA,NA,0.993,Intron,NA,NA,NA,NA,2,1,1,1_1,fa9996c3-b874-4424-a5a6-f1c7c0f42b9b,NA
2,50150407,50150408,2,indel,NA,NA,"broad,dkfz,sanger",3,COSN18975090,NA,NA,FALSE,0.2424,NA,8,25,NA,NA,0.993,Intron,NA,NA,NA,NA,2,1,1,1_1,fa9996c3-b874-4424-a5a6-f1c7c0f42b9b,NA
2,87771671,87771673,3,indel,NA,NA,"broad,sanger",2,COSN18975044,NA,C-rich,FALSE,0.5789,NA,11,8,NA,NA,0.995,lincRNA,NA,NA,NA,NA,2,1,1,1_1,fa9996c3-b874-4424-a5a6-f1c7c0f42b9b,CYTOR
2,118888448,118888449,2,indel,NA,NA,"broad,dkfz,sanger,smufin",4,COSN18975075,NA,NA,FALSE,0.4545,NA,15,18,NA,NA,0.999,lincRNA,NA,NA,NA,NA,2,1,1,1_1,fa9996c3-b874-4424-a5a6-f1c7c0f42b9b,AC093901.1
20,38668364,38668366,3,indel,NA,NA,"broad,dkfz,sanger,smufin",4,COSN18975584,NA,NA,FALSE,0.2667,NA,12,33,NA,NA,0.995,lincRNA,NA,NA,NA,NA,2,1,1,1_1,fa9996c3-b874-4424-a5a6-f1c7c0f42b9b,NA
4,155582397,155582399,3,indel,NA,NA,"broad,dkfz,sanger,smufin",4,COSN18975801,rs762800699,NA,FALSE,0.5116,NA,22,21,NA,NA,0.996,Intron,NA,NA,NA,NA,2,1,1,1_1,fa9996c3-b874-4424-a5a6-f1c7c0f42b9b,NA
5,129701456,129701459,4,indel,NA,NA,"broad,sanger,smufin",3,COSN18975919,NA,L1MA7,FALSE,0.2571,NA,9,26,NA,NA,0.983,IGR,NA,NA,NA,NA,2,1,1,1_1,fa9996c3-b874-4424-a5a6-f1c7c0f42b9b,NA
6,128368186,128368188,3,indel,NA,NA,"broad,dkfz,smufin",3,COSN18975320,NA,NA,FALSE,0.175,NA,7,33,NA,NA,0.847,Intron,NA,NA,NA,NA,2,1,1,1_1,fa9996c3-b874-4424-a5a6-f1c7c0f42b9b,NA
7,64465011,64465017,7,indel,NA,NA,"broad,dkfz",2,COSN18974919,NA,NA,FALSE,0.1818,NA,4,18,NA,NA,0.813,Intron,NA,NA,NA,NA,2,1,1,1_1,fa9996c3-b874-4424-a5a6-f1c7c0f42b9b,ERV3-1
7,81537551,81537552,2,indel,NA,NA,"dkfz,sanger,smufin",3,COSN18974937,NA,L1PA14,FALSE,0.4231,0.0222,11,15,1,44,0.965,IGR,NA,NA,NA,NA,2,1,1,1_1,fa9996c3-b874-4424-a5a6-f1c7c0f42b9b,NA
8,25280131,25280135,5,indel,NA,NA,"broad,dkfz,sanger,smufin",4,COSN18975693,NA,NA,FALSE,0.3077,NA,12,27,NA,NA,0.996,Intron,NA,NA,NA,NA,2,1,1,1_1,fa9996c3-b874-4424-a5a6-f1c7c0f42b9b,"DOCK5,AC091185.1"
Y,7287722,7287724,3,indel,NA,NA,"broad,dkfz,sanger",3,COSN18974970,NA,(TA)n,FALSE,0.5652,NA,13,10,NA,NA,0.999,IGR,NA,NA,NA,NA,1,1,0,1_0,fa9996c3-b874-4424-a5a6-f1c7c0f42b9b,RNU6-521P
1,3257161,3257161,1,snv_mnv,NA,NA,"broad,dkfz,muse,sanger",4,COSN18975138,NA,NA,FALSE,0.3077,NA,8,18,NA,NA,NA,Intron,FALSE,FALSE,FALSE,FALSE,2,1,1,1_1,fa9996c3-b874-4424-a5a6-f1c7c0f42b9b,NA
1,6210127,6210127,1,snv_mnv,NA,NA,"broad,dkfz,muse",3,COSN18975177,NA,(TGGA)n,FALSE,0.2353,NA,8,26,NA,NA,NA,Intron,FALSE,FALSE,FALSE,FALSE,2,1,1,1_1,fa9996c3-b874-4424-a5a6-f1c7c0f42b9b,NA
1,9933661,9933661,1,snv_mnv,NA,NA,"broad,dkfz,muse,sanger",4,COSN18975130,NA,NA,FALSE,0.1429,NA,4,24,NA,NA,NA,Intron,FALSE,FALSE,FALSE,FALSE,2,1,1,1_1,fa9996c3-b874-4424-a5a6-f1c7c0f42b9b,NA
1,18969123,18969123,1,snv_mnv,NA,NA,"broad,dkfz,muse,sanger",4,COSN18975125,NA,NA,FALSE,0.2917,NA,7,17,NA,NA,NA,Intron,FALSE,FALSE,FALSE,FALSE,2,1,1,1_1,fa9996c3-b874-4424-a5a6-f1c7c0f42b9b,NA
1,23120973,23120973,1,snv_mnv,NA,NA,"broad,dkfz,muse,sanger",4,COSN18975144,NA,NA,FALSE,0.3077,NA,8,18,NA,NA,NA,Intron,FALSE,FALSE,FALSE,FALSE,2,1,1,1_1,fa9996c3-b874-4424-a5a6-f1c7c0f42b9b,NA
1,32702061,32702061,1,snv_mnv,NA,NA,"broad,dkfz,muse,sanger",4,COSN18975180,NA,MER44D,FALSE,0.4878,NA,20,21,NA,NA,NA,RNA,FALSE,FALSE,FALSE,FALSE,2,1,1,1_1,fa9996c3-b874-4424-a5a6-f1c7c0f42b9b,EIF3I
1,34904904,34904904,1,snv_mnv,NA,NA,"broad,dkfz,muse,sanger",4,COSN18975176,NA,HAL1,FALSE,0.5758,NA,19,14,NA,NA,NA,IGR,FALSE,FALSE,FALSE,FALSE,2,1,1,1_1,fa9996c3-b874-4424-a5a6-f1c7c0f42b9b,NA
1,35483386,35483386,1,snv_mnv,NA,NA,"broad,dkfz,muse,sanger",4,COSN18975129,NA,NA,FALSE,0.1923,NA,5,21,NA,NA,NA,Intron,FALSE,FALSE,FALSE,FALSE,2,1,1,1_1,fa9996c3-b874-4424-a5a6-f1c7c0f42b9b,ZMYM6
1,37608826,37608826,1,snv_mnv,NA,NA,"broad,dkfz,muse,sanger",4,COSN18975174,NA,NA,FALSE,0.4,NA,16,24,NA,NA,NA,IGR,FALSE,FALSE,FALSE,FALSE,2,1,1,1_1,fa9996c3-b874-4424-a5a6-f1c7c0f42b9b,NA
1,45906597,45906597,1,snv_mnv,NA,NA,"broad,dkfz,muse,sanger",4,COSN18975161,NA,MLT1F2,FALSE,0.2571,NA,9,26,NA,NA,NA,Intron,FALSE,FALSE,FALSE,FALSE,2,1,1,1_1,fa9996c3-b874-4424-a5a6-f1c7c0f42b9b,NA
1,47912290,47912290,1,snv_mnv,NA,NA,"broad,dkfz,muse,sanger",4,COSN18975132,NA,NA,FALSE,0.2812,NA,9,23,NA,NA,NA,IGR,FALSE,FALSE,FALSE,FALSE,2,1,1,1_1,fa9996c3-b874-4424-a5a6-f1c7c0f42b9b,NA
1,51111792,51111792,1,snv_mnv,NA,NA,"broad,dkfz,muse,sanger",4,COSN18975148,NA,MIRb,FALSE,0.3953,NA,17,26,NA,NA,NA,Intron,FALSE,FALSE,FALSE,FALSE,2,1,1,1_1,fa9996c3-b874-4424-a5a6-f1c7c0f42b9b,NA
1,51643392,51643392,1,snv_mnv,NA,NA,"broad,dkfz,muse,sanger",4,COSN18975167,NA,L1MC4,FALSE,0.2,NA,6,24,NA,NA,NA,IGR,FALSE,FALSE,FALSE,FALSE,2,1,1,1_1,fa9996c3-b874-4424-a5a6-f1c7c0f42b9b,NA
1,55663692,55663692,1,snv_mnv,NA,NA,"broad,dkfz,muse,sanger",4,COSN18975122,NA,NA,FALSE,0.4138,NA,12,17,NA,NA,NA,Intron,FALSE,FALSE,FALSE,FALSE,2,1,1,1_1,fa9996c3-b874-4424-a5a6-f1c7c0f42b9b,NA
1,65069555,65069555,1,snv_mnv,NA,NA,"broad,dkfz,muse,sanger",4,COSN18975152,NA,NA,FALSE,0.5152,NA,17,16,NA,NA,NA,Intron,FALSE,FALSE,FALSE,FALSE,2,1,1,1_1,fa9996c3-b874-4424-a5a6-f1c7c0f42b9b,NA
1,70070280,70070280,1,snv_mnv,NA,NA,"broad,dkfz,muse,sanger",4,COSN18975182,NA,NA,FALSE,0.3714,NA,13,22,NA,NA,NA,Intron,FALSE,FALSE,FALSE,FALSE,2,1,1,1_1,fa9996c3-b874-4424-a5a6-f1c7c0f42b9b,SGO1P1
1,71339674,71339674,1,snv_mnv,NA,NA,"broad,dkfz,muse,sanger",4,COSN18975158,NA,NA,FALSE,0.2564,NA,10,29,NA,NA,NA,Intron,FALSE,FALSE,FALSE,FALSE,2,1,1,1_1,fa9996c3-b874-4424-a5a6-f1c7c0f42b9b,NA
1,72405058,72405058,1,snv_mnv,NA,NA,"broad,dkfz,muse,sanger",4,COSN18975143,NA,L2a,FALSE,0.5676,NA,21,16,NA,NA,NA,Intron,FALSE,FALSE,FALSE,FALSE,2,1,1,1_1,fa9996c3-b874-4424-a5a6-f1c7c0f42b9b,NA
1,75301900,75301900,1,snv_mnv,NA,NA,"broad,dkfz,muse,sanger",4,COSN18975165,NA,NA,FALSE,0.3077,NA,8,18,NA,NA,NA,IGR,FALSE,FALSE,FALSE,FALSE,2,1,1,1_1,fa9996c3-b874-4424-a5a6-f1c7c0f42b9b,NA
1,79699591,79699591,1,snv_mnv,NA,NA,"broad,dkfz,muse,sanger",4,COSN18975163,NA,NA,FALSE,0.4,NA,12,18,NA,NA,NA,IGR,FALSE,FALSE,FALSE,FALSE,2,1,1,1_1,fa9996c3-b874-4424-a5a6-f1c7c0f42b9b,NA
1,82573619,82573619,1,snv_mnv,NA,NA,"broad,dkfz,muse,sanger",4,COSN18975126,NA,NA,FALSE,0.2222,NA,6,21,NA,NA,NA,IGR,FALSE,FALSE,FALSE,FALSE,2,1,1,1_1,fa9996c3-b874-4424-a5a6-f1c7c0f42b9b,NA
1,83005242,83005242,1,snv_mnv,NA,NA,"broad,dkfz,muse,sanger",4,COSN18975128,NA,NA,FALSE,0.1613,NA,5,26,NA,NA,NA,IGR,FALSE,FALSE,FALSE,FALSE,2,1,1,1_1,fa9996c3-b874-4424-a5a6-f1c7c0f42b9b,NA
1,96865338,96865338,1,snv_mnv,NA,NA,"broad,dkfz,muse,sanger",4,COSN18975154,NA,L1P4,FALSE,0.3889,NA,14,22,NA,NA,NA,IGR,FALSE,FALSE,FALSE,FALSE,2,1,1,1_1,fa9996c3-b874-4424-a5a6-f1c7c0f42b9b,NA
1,96932779,96932779,1,snv_mnv,NA,NA,"broad,dkfz,muse,sanger",4,COSN18975142,NA,NA,FALSE,0.1714,NA,6,29,NA,NA,NA,IGR,FALSE,FALSE,FALSE,FALSE,2,1,1,1_1,fa9996c3-b874-4424-a5a6-f1c7c0f42b9b,NA
1,104476010,104476010,1,snv_mnv,NA,NA,"broad,dkfz,muse,sanger",4,COSN18975958,NA,AluSq,FALSE,0.28,NA,7,18,NA,NA,NA,IGR,FALSE,FALSE,FALSE,FALSE,2,1,1,1_1,fa9996c3-b874-4424-a5a6-f1c7c0f42b9b,NA
1,104568777,104568777,1,snv_mnv,1.9968e-4,rs560105919,"broad,dkfz,muse,sanger",4,COSN18975151,rs560105919,L1M4c,FALSE,0.4048,NA,17,25,NA,NA,NA,IGR,FALSE,FALSE,FALSE,FALSE,2,1,1,1_1,fa9996c3-b874-4424-a5a6-f1c7c0f42b9b,NA
1,150670037,150670037,1,snv_mnv,NA,NA,"broad,dkfz,muse,sanger",4,COSN18975150,NA,AT_rich,FALSE,0.2188,NA,7,25,NA,NA,NA,5'Flank,FALSE,FALSE,FALSE,FALSE,2,1,1,1_1,fa9996c3-b874-4424-a5a6-f1c7c0f42b9b,"HORMAD1,GOLPH3L,RNU6-1042P"
1,151929771,151929771,1,snv_mnv,NA,NA,"broad,muse,sanger",3,COSN18975134,NA,MER65-int,FALSE,0.1562,NA,5,27,NA,NA,NA,IGR,FALSE,FALSE,FALSE,FALSE,2,1,1,1_1,fa9996c3-b874-4424-a5a6-f1c7c0f42b9b,NA
1,153134949,153134949,1,snv_mnv,NA,NA,"broad,dkfz,muse,sanger",4,COSN18975173,NA,NA,FALSE,0.25,NA,4,12,NA,NA,NA,IGR,FALSE,FALSE,FALSE,FALSE,2,1,1,1_1,fa9996c3-b874-4424-a5a6-f1c7c0f42b9b,NA
1,158729608,158729608,1,snv_mnv,NA,NA,"broad,dkfz,muse",3,COSN18975159,NA,(TA)n,FALSE,0.3462,NA,9,17,NA,NA,NA,IGR,FALSE,FALSE,FALSE,FALSE,2,1,1,1_1,fa9996c3-b874-4424-a5a6-f1c7c0f42b9b,"OR6K6,OR6N1"
1,162082001,162082001,1,snv_mnv,NA,NA,"broad,dkfz,muse,sanger",4,COSN18975169,NA,NA,FALSE,0.3143,NA,11,24,NA,NA,NA,Intron,FALSE,FALSE,FALSE,FALSE,2,1,1,1_1,fa9996c3-b874-4424-a5a6-f1c7c0f42b9b,NA
1,163013792,163013792,1,snv_mnv,NA,NA,"broad,dkfz,muse,sanger",4,COSN18975181,NA,Zaphod,FALSE,0.3514,NA,13,24,NA,NA,NA,IGR,FALSE,FALSE,FALSE,FALSE,2,1,1,1_1,fa9996c3-b874-4424-a5a6-f1c7c0f42b9b,NA
1,163024449,163024449,1,snv_mnv,NA,NA,"broad,dkfz,muse,sanger",4,COSN18975141,NA,LTR16A2,FALSE,0.2778,NA,10,26,NA,NA,NA,IGR,FALSE,FALSE,FALSE,FALSE,2,1,1,1_1,fa9996c3-b874-4424-a5a6-f1c7c0f42b9b,NA
1,163557707,163557707,1,snv_mnv,NA,NA,"broad,dkfz,muse,sanger",4,COSN18975155,NA,MLT1D,FALSE,0.2885,NA,15,37,NA,NA,NA,IGR,FALSE,FALSE,FALSE,FALSE,2,1,1,1_1,fa9996c3-b874-4424-a5a6-f1c7c0f42b9b,NA
1,163796748,163796748,1,snv_mnv,NA,NA,"broad,dkfz,muse,sanger",4,COSN18975136,rs779222117,NA,FALSE,0.3778,NA,17,28,NA,NA,NA,IGR,FALSE,FALSE,FALSE,FALSE,2,1,1,1_1,fa9996c3-b874-4424-a5a6-f1c7c0f42b9b,NA
1,165603465,165603465,1,snv_mnv,NA,NA,"broad,dkfz,muse,sanger",4,COSN18975183,NA,MIR,FALSE,0.3704,NA,10,17,NA,NA,NA,Intron,FALSE,FALSE,FALSE,FALSE,2,1,1,1_1,fa9996c3-b874-4424-a5a6-f1c7c0f42b9b,NA
1,166766871,166766871,1,snv_mnv,NA,NA,"broad,dkfz,muse,sanger",4,COSN18975179,NA,NA,FALSE,0.1379,NA,4,25,NA,NA,NA,IGR,FALSE,FALSE,FALSE,FALSE,2,1,1,1_1,fa9996c3-b874-4424-a5a6-f1c7c0f42b9b,"CNN2P10,FMO11P"
1,167997044,167997044,1,snv_mnv,NA,NA,"broad,dkfz,muse,sanger",4,COSN18975139,NA,NA,FALSE,0.3721,NA,16,27,NA,NA,NA,Intron,FALSE,FALSE,FALSE,FALSE,2,1,1,1_1,fa9996c3-b874-4424-a5a6-f1c7c0f42b9b,DCAF6
1,173306645,173306645,1,snv_mnv,NA,NA,"broad,dkfz,muse,sanger",4,COSN18975168,NA,ERVL-B4-int,FALSE,0.3824,NA,13,21,NA,NA,NA,IGR,FALSE,FALSE,FALSE,FALSE,2,1,1,1_1,fa9996c3-b874-4424-a5a6-f1c7c0f42b9b,NA
1,174714186,174714186,1,snv_mnv,NA,NA,"broad,dkfz,muse,sanger",4,COSN18975149,NA,MLT1H1,FALSE,0.525,NA,21,19,NA,NA,NA,Intron,FALSE,FALSE,FALSE,FALSE,2,1,1,1_1,fa9996c3-b874-4424-a5a6-f1c7c0f42b9b,NA
1,186235827,186235827,1,snv_mnv,NA,NA,"broad,dkfz,muse,sanger",4,COSN18975184,NA,L1MEe,FALSE,0.2619,NA,11,31,NA,NA,NA,IGR,FALSE,FALSE,FALSE,FALSE,2,1,1,1_1,fa9996c3-b874-4424-a5a6-f1c7c0f42b9b,NA
1,187622382,187622382,1,snv_mnv,NA,NA,"broad,dkfz,muse,sanger",4,COSN18975153,NA,NA,FALSE,0.125,NA,5,35,NA,NA,NA,IGR,FALSE,FALSE,FALSE,FALSE,2,1,1,1_1,fa9996c3-b874-4424-a5a6-f1c7c0f42b9b,NA
1,187943130,187943130,1,snv_mnv,NA,NA,"broad,dkfz,muse,sanger",4,COSN18975160,NA,NA,FALSE,0.2564,NA,10,29,NA,NA,NA,IGR,FALSE,FALSE,FALSE,FALSE,2,1,1,1_1,fa9996c3-b874-4424-a5a6-f1c7c0f42b9b,NA
1,188451798,188451798,1,snv_mnv,NA,NA,"broad,dkfz,muse,sanger",4,COSN18975147,NA,L1MCb,FALSE,0.5185,NA,14,13,NA,NA,NA,IGR,FALSE,FALSE,FALSE,FALSE,2,1,1,1_1,fa9996c3-b874-4424-a5a6-f1c7c0f42b9b,NA
1,190475834,190475834,1,snv_mnv,NA,NA,"broad,dkfz,muse,sanger",4,COSN18975146,NA,NA,FALSE,0.3243,NA,12,25,NA,NA,NA,IGR,FALSE,FALSE,FALSE,FALSE,2,1,1,1_1,fa9996c3-b874-4424-a5a6-f1c7c0f42b9b,NA
1,203533146,203533146,1,snv_mnv,NA,NA,"broad,dkfz,muse,sanger",4,COSN18975185,NA,AluSx1,FALSE,0.2692,NA,7,19,NA,NA,NA,IGR,FALSE,FALSE,FALSE,FALSE,2,1,1,1_1,fa9996c3-b874-4424-a5a6-f1c7c0f42b9b,NA
1,208702776,208702776,1,snv_mnv,NA,NA,"broad,dkfz,muse,sanger",4,COSN18975175,NA,NA,FALSE,0.2857,NA,8,20,NA,NA,NA,IGR,FALSE,FALSE,FALSE,FALSE,2,1,1,1_1,fa9996c3-b874-4424-a5a6-f1c7c0f42b9b,NA
1,209633270,209633270,1,snv_mnv,NA,NA,"dkfz,sanger",2,COSN18975172,NA,MLT1A0,FALSE,0.2424,NA,8,25,NA,NA,NA,IGR,FALSE,FALSE,FALSE,FALSE,2,1,1,1_1,fa9996c3-b874-4424-a5a6-f1c7c0f42b9b,NA
1,214627077,214627077,1,snv_mnv,NA,NA,"broad,dkfz,muse,sanger",4,COSN18975135,NA,NA,FALSE,0.439,NA,18,23,NA,NA,NA,Intron,FALSE,FALSE,FALSE,FALSE,2,1,1,1_1,fa9996c3-b874-4424-a5a6-f1c7c0f42b9b,NA
1,218846100,218846100,1,snv_mnv,NA,NA,"broad,dkfz,muse,sanger",4,COSN18975131,NA,NA,FALSE,0.4722,NA,17,19,NA,NA,NA,IGR,FALSE,FALSE,FALSE,FALSE,2,1,1,1_1,fa9996c3-b874-4424-a5a6-f1c7c0f42b9b,NA
1,221392509,221392509,1,snv_mnv,NA,NA,"broad,dkfz,muse,sanger",4,COSN18975162,NA,ERVL-E-int,FALSE,0.2903,NA,9,22,NA,NA,NA,IGR,FALSE,FALSE,FALSE,FALSE,2,1,1,1_1,fa9996c3-b874-4424-a5a6-f1c7c0f42b9b,NA
1,223210815,223210815,1,snv_mnv,NA,NA,"broad,dkfz,muse,sanger",4,COSN18975127,NA,LTR1,FALSE,0.2609,NA,6,17,NA,NA,NA,IGR,FALSE,FALSE,FALSE,FALSE,2,1,1,1_1,fa9996c3-b874-4424-a5a6-f1c7c0f42b9b,NA
1,225036998,225036998,1,snv_mnv,NA,NA,"broad,dkfz,muse,sanger",4,COSN18975156,NA,MER41B,FALSE,0.5405,NA,20,17,NA,NA,NA,IGR,FALSE,FALSE,FALSE,FALSE,2,1,1,1_1,fa9996c3-b874-4424-a5a6-f1c7c0f42b9b,NA
1,225370198,225370198,1,snv_mnv,NA,NA,"broad,dkfz,muse,sanger",4,COSN18975133,NA,L1M1,FALSE,0.4848,NA,16,17,NA,NA,NA,Intron,FALSE,FALSE,FALSE,FALSE,2,1,1,1_1,fa9996c3-b874-4424-a5a6-f1c7c0f42b9b,NA
1,226174403,226174403,1,snv_mnv,NA,NA,"broad,dkfz,muse,sanger",4,COSN18975157,NA,NA,FALSE,0.1613,NA,5,26,NA,NA,NA,Intron,FALSE,FALSE,FALSE,FALSE,2,1,1,1_1,fa9996c3-b874-4424-a5a6-f1c7c0f42b9b,NA
1,232244106,232244106,1,snv_mnv,NA,NA,"broad,dkfz,muse,sanger",4,COSN18975171,NA,NA,FALSE,0.3846,NA,15,24,NA,NA,NA,IGR,FALSE,FALSE,FALSE,FALSE,2,1,1,1_1,fa9996c3-b874-4424-a5a6-f1c7c0f42b9b,NA
1,232477406,232477406,1,snv_mnv,NA,NA,"broad,dkfz,muse,sanger",4,COSN18975137,NA,NA,FALSE,0.28,NA,7,18,NA,NA,NA,IGR,FALSE,FALSE,FALSE,FALSE,2,1,1,1_1,fa9996c3-b874-4424-a5a6-f1c7c0f42b9b,NA
1,232986150,232986150,1,snv_mnv,NA,NA,"broad,dkfz,muse,sanger",4,COSN18975124,NA,L1M4,FALSE,0.3235,NA,11,23,NA,NA,NA,IGR,FALSE,FALSE,FALSE,FALSE,2,1,1,1_1,fa9996c3-b874-4424-a5a6-f1c7c0f42b9b,NA
1,240278546,240278546,1,snv_mnv,NA,NA,"broad,dkfz,muse,sanger",4,COSN18975178,NA,NA,FALSE,0.2581,NA,8,23,NA,NA,NA,Intron,FALSE,FALSE,FALSE,FALSE,2,1,1,1_1,fa9996c3-b874-4424-a5a6-f1c7c0f42b9b,NA
1,240492634,240492634,1,snv_mnv,NA,NA,"broad,dkfz,muse,sanger",4,COSM5416175,NA,NA,FALSE,0.125,NA,6,42,NA,NA,NA,Intron,FALSE,FALSE,FALSE,FALSE,2,1,1,1_1,fa9996c3-b874-4424-a5a6-f1c7c0f42b9b,NA
1,243951309,243951309,1,snv_mnv,NA,NA,"broad,dkfz,muse,sanger",4,COSN18975186,NA,NA,FALSE,0.4884,NA,21,22,NA,NA,NA,Intron,FALSE,FALSE,FALSE,FALSE,2,1,1,1_1,fa9996c3-b874-4424-a5a6-f1c7c0f42b9b,NA
10,698862,698862,1,snv_mnv,NA,NA,"broad,dkfz,muse,sanger",4,COSN18975835,NA,NA,FALSE,0.4643,NA,13,15,NA,NA,NA,Intron,FALSE,FALSE,FALSE,FALSE,2,1,1,1_1,fa9996c3-b874-4424-a5a6-f1c7c0f42b9b,PRR26
10,8657372,8657372,1,snv_mnv,NA,NA,"broad,dkfz,muse,sanger",4,COSN18974849,rs778543967,NA,FALSE,0.3077,NA,12,27,NA,NA,NA,IGR,FALSE,FALSE,FALSE,FALSE,2,1,1,1_1,fa9996c3-b874-4424-a5a6-f1c7c0f42b9b,CHCHD3P1
10,9896095,9896095,1,snv_mnv,NA,NA,"broad,dkfz,muse,sanger",4,COSN18975853,NA,NA,FALSE,0.3,NA,9,21,NA,NA,NA,IGR,FALSE,FALSE,FALSE,FALSE,2,1,1,1_1,fa9996c3-b874-4424-a5a6-f1c7c0f42b9b,NA
10,10727269,10727269,1,snv_mnv,NA,NA,"broad,dkfz,muse,sanger",4,COSN18975841,NA,NA,FALSE,0.4474,NA,17,21,NA,NA,NA,IGR,FALSE,FALSE,FALSE,FALSE,2,1,1,1_1,fa9996c3-b874-4424-a5a6-f1c7c0f42b9b,NA
10,14733423,14733423,1,snv_mnv,NA,NA,"broad,dkfz,muse,sanger",4,COSN18975839,NA,NA,FALSE,0.4839,NA,15,16,NA,NA,NA,Intron,FALSE,FALSE,FALSE,FALSE,2,1,1,1_1,fa9996c3-b874-4424-a5a6-f1c7c0f42b9b,NA
10,15609685,15609685,1,snv_mnv,NA,NA,"broad,dkfz,muse,sanger",4,COSN18975824,NA,NA,FALSE,0.4412,NA,15,19,NA,NA,NA,Intron,FALSE,FALSE,FALSE,FALSE,2,1,1,1_1,fa9996c3-b874-4424-a5a6-f1c7c0f42b9b,NA
10,16541026,16541026,1,snv_mnv,NA,NA,"broad,dkfz,muse,sanger",4,COSN18975834,NA,NA,FALSE,0.3714,NA,13,22,NA,NA,NA,Intron,FALSE,FALSE,FALSE,FALSE,2,1,1,1_1,fa9996c3-b874-4424-a5a6-f1c7c0f42b9b,NA
10,21509350,21509350,1,snv_mnv,1.9968e-4,rs568744684,"broad,dkfz,muse,sanger",4,COSN18975833,rs568744684,L1M2,FALSE,0.3784,NA,14,23,NA,NA,NA,IGR,FALSE,FALSE,FALSE,FALSE,2,1,1,1_1,fa9996c3-b874-4424-a5a6-f1c7c0f42b9b,AL731547.1
10,25912541,25912541,1,snv_mnv,NA,NA,"broad,dkfz,muse,sanger",4,COSN18975852,NA,L1PA7,FALSE,0.3824,NA,13,21,NA,NA,NA,IGR,FALSE,FALSE,FALSE,FALSE,2,1,1,1_1,fa9996c3-b874-4424-a5a6-f1c7c0f42b9b,NA
10,35503898,35503898,1,snv_mnv,NA,NA,"broad,dkfz,muse,sanger",4,COSN18975855,NA,NA,FALSE,0.2581,NA,8,23,NA,NA,NA,IGR,FALSE,FALSE,FALSE,FALSE,2,1,1,1_1,fa9996c3-b874-4424-a5a6-f1c7c0f42b9b,"CREM,AL117336.2,AL117336.1"
10,42426656,42426656,1,snv_mnv,NA,NA,"broad,muse",2,COSN18975828,NA,ALR/Alpha,FALSE,0.1111,NA,3,24,NA,NA,NA,IGR,FALSE,FALSE,FALSE,FALSE,2,1,1,1_1,fa9996c3-b874-4424-a5a6-f1c7c0f42b9b,NA
10,53850591,53850591,1,snv_mnv,NA,NA,"broad,dkfz,muse,sanger",4,COSN18975822,NA,NA,FALSE,0.4231,NA,11,15,NA,NA,NA,Intron,FALSE,FALSE,FALSE,FALSE,2,1,1,1_1,fa9996c3-b874-4424-a5a6-f1c7c0f42b9b,NA
10,56217279,56217279,1,snv_mnv,NA,NA,"broad,dkfz,muse,sanger",4,COSN18975827,NA,NA,FALSE,0.2353,NA,8,26,NA,NA,NA,Intron,FALSE,FALSE,FALSE,FALSE,2,1,1,1_1,fa9996c3-b874-4424-a5a6-f1c7c0f42b9b,NA
10,64383030,64383030,1,snv_mnv,NA,NA,"broad,dkfz,muse,sanger",4,COSN18975837,NA,NA,FALSE,0.525,NA,21,19,NA,NA,NA,Intron,FALSE,FALSE,FALSE,FALSE,2,1,1,1_1,fa9996c3-b874-4424-a5a6-f1c7c0f42b9b,NA
10,67598327,67598327,1,snv_mnv,NA,NA,"broad,dkfz,muse,sanger",4,COSN18975844,rs756201165,THE1C,FALSE,0.3548,NA,11,20,NA,NA,NA,IGR,FALSE,FALSE,FALSE,FALSE,2,1,1,1_1,fa9996c3-b874-4424-a5a6-f1c7c0f42b9b,NA
10,68540008,68540008,1,snv_mnv,NA,NA,"broad,muse,sanger",3,COSN18975843,NA,L2c,FALSE,0.1613,NA,5,26,NA,NA,NA,Intron,FALSE,FALSE,FALSE,FALSE,2,1,1,1_1,fa9996c3-b874-4424-a5a6-f1c7c0f42b9b,NA
10,70979744,70979744,1,snv_mnv,NA,NA,"broad,dkfz,muse,sanger",4,COSN18975850,NA,NA,FALSE,0.36,NA,9,16,NA,NA,NA,5'Flank,FALSE,FALSE,FALSE,FALSE,2,1,1,1_1,fa9996c3-b874-4424-a5a6-f1c7c0f42b9b,HKDC1
10,78388662,78388662,1,snv_mnv,NA,NA,"broad,dkfz,muse,sanger",4,COSN18975821,NA,NA,FALSE,0.3333,NA,9,18,NA,NA,NA,IGR,FALSE,FALSE,FALSE,FALSE,2,1,1,1_1,fa9996c3-b874-4424-a5a6-f1c7c0f42b9b,NA
10,83077631,83077631,1,snv_mnv,NA,NA,"broad,dkfz,muse,sanger",4,COSN18975859,NA,L1M5,FALSE,0.4167,NA,15,21,NA,NA,NA,IGR,FALSE,FALSE,FALSE,FALSE,2,1,1,1_1,fa9996c3-b874-4424-a5a6-f1c7c0f42b9b,NA
10,86757973,86757973,1,snv_mnv,NA,NA,"broad,dkfz,muse,sanger",4,COSN18975829,NA,NA,FALSE,0.2778,NA,10,26,NA,NA,NA,IGR,FALSE,FALSE,FALSE,FALSE,2,1,1,1_1,fa9996c3-b874-4424-a5a6-f1c7c0f42b9b,NA
10,87426742,87426742,1,snv_mnv,NA,NA,"broad,dkfz,muse,sanger",4,COSN18975857,NA,L2b,FALSE,0.4,NA,12,18,NA,NA,NA,Intron,FALSE,FALSE,FALSE,FALSE,2,1,1,1_1,fa9996c3-b874-4424-a5a6-f1c7c0f42b9b,NA
10,100696987,100696987,1,snv_mnv,NA,NA,"broad,dkfz,muse,sanger",4,COSN18975826,NA,L1PA3,FALSE,0.6129,NA,19,12,NA,NA,NA,Intron,FALSE,FALSE,FALSE,FALSE,2,1,1,1_1,fa9996c3-b874-4424-a5a6-f1c7c0f42b9b,NA
10,100708062,100708062,1,snv_mnv,NA,NA,"broad,dkfz,muse,sanger",4,COSN18975836,NA,Tigger2,FALSE,0.2759,NA,8,21,NA,NA,NA,Intron,FALSE,FALSE,FALSE,FALSE,2,1,1,1_1,fa9996c3-b874-4424-a5a6-f1c7c0f42b9b,NA
10,102392693,102392693,1,snv_mnv,3.9936e-4,rs182221642,"dkfz,sanger",2,COSN18975846,rs182221642,AluSx1,FALSE,0.5,NA,15,15,NA,NA,NA,IGR,FALSE,FALSE,FALSE,FALSE,2,1,1,1_1,fa9996c3-b874-4424-a5a6-f1c7c0f42b9b,NA
10,109564135,109564135,1,snv_mnv,NA,NA,"broad,dkfz,muse,sanger",4,COSN18975840,NA,NA,FALSE,0.2581,NA,8,23,NA,NA,NA,IGR,FALSE,FALSE,FALSE,FALSE,2,1,1,1_1,fa9996c3-b874-4424-a5a6-f1c7c0f42b9b,LINC01435
10,110752064,110752064,1,snv_mnv,NA,NA,"broad,dkfz,muse,sanger",4,COSN18975858,NA,NA,FALSE,0.5128,NA,20,19,NA,NA,NA,IGR,FALSE,FALSE,FALSE,FALSE,2,1,1,1_1,fa9996c3-b874-4424-a5a6-f1c7c0f42b9b,NA
10,115902462,115902462,1,snv_mnv,NA,NA,"broad,dkfz,muse,sanger",4,COSN18975848,NA,NA,FALSE,0.1842,NA,7,31,NA,NA,NA,Intron,FALSE,FALSE,FALSE,FALSE,2,1,1,1_1,fa9996c3-b874-4424-a5a6-f1c7c0f42b9b,NA
10,119311950,119311950,1,snv_mnv,NA,NA,"broad,dkfz,muse,sanger",4,COSN18975820,NA,NA,FALSE,0.25,NA,7,21,NA,NA,NA,IGR,FALSE,FALSE,FALSE,FALSE,2,1,1,1_1,fa9996c3-b874-4424-a5a6-f1c7c0f42b9b,EMX2
10,122387363,122387363,1,snv_mnv,NA,NA,"broad,muse",2,COSN18975849,NA,LTR24B,FALSE,0.1667,NA,5,25,NA,NA,NA,IGR,FALSE,FALSE,FALSE,FALSE,2,1,1,1_1,fa9996c3-b874-4424-a5a6-f1c7c0f42b9b,NA
10,124394106,124394106,1,snv_mnv,NA,NA,"broad,muse,sanger",3,COSN18975832,rs775381862,AluSx,FALSE,0.2222,NA,6,21,NA,NA,NA,Intron,FALSE,FALSE,FALSE,FALSE,2,1,1,1_1,fa9996c3-b874-4424-a5a6-f1c7c0f42b9b,NA
10,125488065,125488065,1,snv_mnv,NA,NA,"broad,dkfz,muse,sanger",4,COSN18975831,NA,NA,FALSE,0.4,NA,10,15,NA,NA,NA,Intron,FALSE,FALSE,FALSE,FALSE,2,1,1,1_1,fa9996c3-b874-4424-a5a6-f1c7c0f42b9b,NA
10,127350312,127350312,1,snv_mnv,NA,NA,"broad,dkfz,muse",3,COSN18975838,NA,NA,FALSE,0.3929,NA,11,17,NA,NA,NA,Intron,FALSE,FALSE,FALSE,FALSE,2,1,1,1_1,fa9996c3-b874-4424-a5a6-f1c7c0f42b9b,NA
10,129993999,129993999,1,snv_mnv,NA,NA,"broad,dkfz,muse,sanger",4,COSN18975854,NA,L1PA16,FALSE,0.5,NA,17,17,NA,NA,NA,IGR,FALSE,FALSE,FALSE,FALSE,2,1,1,1_1,fa9996c3-b874-4424-a5a6-f1c7c0f42b9b,NA
10,132883166,132883166,1,snv_mnv,NA,NA,"broad,dkfz,muse,sanger",4,COSN18975845,NA,NA,FALSE,0.1481,NA,4,23,NA,NA,NA,IGR,FALSE,FALSE,FALSE,FALSE,2,1,1,1_1,fa9996c3-b874-4424-a5a6-f1c7c0f42b9b,NA
11,1304628,1304628,1,snv_mnv,NA,NA,"broad,dkfz,muse,sanger",4,COSN18974877,NA,NA,FALSE,0.2857,NA,6,15,NA,NA,NA,Intron,FALSE,FALSE,FALSE,FALSE,2,1,1,1_1,fa9996c3-b874-4424-a5a6-f1c7c0f42b9b,NA
11,1485110,1485110,1,snv_mnv,NA,NA,"broad,dkfz,muse,sanger",4,COSN18974878,NA,NA,FALSE,0.3529,NA,12,22,NA,NA,NA,IGR,FALSE,FALSE,FALSE,FALSE,2,1,1,1_1,fa9996c3-b874-4424-a5a6-f1c7c0f42b9b,BRSK2
11,3110282,3110282,1,snv_mnv,NA,NA,"broad,dkfz,muse,sanger",4,COSN18974865,NA,NA,FALSE,0.4783,NA,11,12,NA,NA,NA,Intron,FALSE,FALSE,FALSE,FALSE,2,1,1,1_1,fa9996c3-b874-4424-a5a6-f1c7c0f42b9b,"OSBPL5,AC108448.2"
11,11540630,11540630,1,snv_mnv,NA,NA,"broad,dkfz,muse,sanger",4,COSN18974871,NA,NA,FALSE,0.3636,NA,8,14,NA,NA,NA,Intron,FALSE,FALSE,FALSE,FALSE,2,1,1,1_1,fa9996c3-b874-4424-a5a6-f1c7c0f42b9b,NA
11,15476893,15476893,1,snv_mnv,NA,NA,"broad,dkfz,muse,sanger",4,COSN18974854,NA,L1M5,FALSE,0.25,NA,9,27,NA,NA,NA,IGR,FALSE,FALSE,FALSE,FALSE,2,1,1,1_1,fa9996c3-b874-4424-a5a6-f1c7c0f42b9b,NA
11,15669523,15669523,1,snv_mnv,NA,NA,"broad,dkfz,muse,sanger",4,COSN18974876,NA,NA,FALSE,0.5,NA,20,20,NA,NA,NA,lincRNA,FALSE,FALSE,FALSE,FALSE,2,1,1,1_1,fa9996c3-b874-4424-a5a6-f1c7c0f42b9b,NA
11,22269705,22269705,1,snv_mnv,NA,NA,"broad,dkfz,muse,sanger",4,COSN18974880,NA,NA,FALSE,0.4412,NA,15,19,NA,NA,NA,Intron,FALSE,FALSE,FALSE,FALSE,2,1,1,1_1,fa9996c3-b874-4424-a5a6-f1c7c0f42b9b,NA
11,24150511,24150511,1,snv_mnv,NA,NA,"broad,dkfz,muse,sanger",4,COSN18974858,NA,MSTD,FALSE,0.2812,NA,9,23,NA,NA,NA,IGR,FALSE,FALSE,FALSE,FALSE,2,1,1,1_1,fa9996c3-b874-4424-a5a6-f1c7c0f42b9b,NA
11,24992367,24992367,1,snv_mnv,NA,NA,"broad,dkfz,muse,sanger",4,COSN18974894,NA,NA,FALSE,0.175,NA,7,33,NA,NA,NA,Intron,FALSE,FALSE,FALSE,FALSE,2,1,1,1_1,fa9996c3-b874-4424-a5a6-f1c7c0f42b9b,NA
11,27287523,27287523,1,snv_mnv,NA,NA,"broad,dkfz,muse,sanger",4,COSN18974890,NA,NA,FALSE,0.4333,NA,13,17,NA,NA,NA,IGR,FALSE,FALSE,FALSE,FALSE,2,1,1,1_1,fa9996c3-b874-4424-a5a6-f1c7c0f42b9b,NA
11,27860495,27860495,1,snv_mnv,NA,NA,"broad,dkfz,muse,sanger",4,COSN18974889,NA,NA,FALSE,0.3077,NA,8,18,NA,NA,NA,RNA,FALSE,FALSE,FALSE,FALSE,2,1,1,1_1,fa9996c3-b874-4424-a5a6-f1c7c0f42b9b,NA
11,31041914,31041914,1,snv_mnv,NA,NA,"broad,dkfz,muse,sanger",4,COSN18974888,NA,NA,FALSE,0.35,NA,14,26,NA,NA,NA,Intron,FALSE,FALSE,FALSE,FALSE,2,1,1,1_1,fa9996c3-b874-4424-a5a6-f1c7c0f42b9b,NA
11,34160129,34160129,1,snv_mnv,3.9936e-4,rs565872136,"broad,dkfz,muse,sanger",4,COSN18974896,rs565872136,NA,FALSE,0.5263,NA,10,9,NA,NA,NA,Intron,FALSE,FALSE,FALSE,FALSE,2,1,1,1_1,fa9996c3-b874-4424-a5a6-f1c7c0f42b9b,NAT10
11,38385294,38385294,1,snv_mnv,NA,NA,"broad,dkfz,muse,sanger",4,COSN18974868,NA,NA,FALSE,0.4688,NA,15,17,NA,NA,NA,IGR,FALSE,FALSE,FALSE,FALSE,2,1,1,1_1,fa9996c3-b874-4424-a5a6-f1c7c0f42b9b,NA
11,38460668,38460668,1,snv_mnv,NA,NA,"broad,dkfz,muse,sanger",4,COSN18974866,NA,AluSq2,FALSE,0.4,NA,10,15,NA,NA,NA,IGR,FALSE,FALSE,FALSE,FALSE,2,1,1,1_1,fa9996c3-b874-4424-a5a6-f1c7c0f42b9b,NA
11,40154918,40154918,1,snv_mnv,3.9936e-4,rs540817354,"broad,dkfz,muse,sanger",4,COSN18974860,rs540817354,Eulor5A,FALSE,0.275,NA,11,29,NA,NA,NA,Intron,FALSE,FALSE,FALSE,FALSE,2,1,1,1_1,fa9996c3-b874-4424-a5a6-f1c7c0f42b9b,NA
11,40745839,40745839,1,snv_mnv,NA,NA,"broad,muse,sanger",3,COSN18974857,NA,L1PA17,FALSE,0.1613,NA,5,26,NA,NA,NA,Intron,FALSE,FALSE,FALSE,FALSE,2,1,1,1_1,fa9996c3-b874-4424-a5a6-f1c7c0f42b9b,NA
11,41755866,41755866,1,snv_mnv,NA,NA,"broad,dkfz,muse,sanger",4,COSN18974853,NA,NA,FALSE,0.3125,NA,10,22,NA,NA,NA,lincRNA,FALSE,FALSE,FALSE,FALSE,2,1,1,1_1,fa9996c3-b874-4424-a5a6-f1c7c0f42b9b,NA
11,41870542,41870542,1,snv_mnv,NA,NA,"broad,dkfz,muse,sanger",4,COSN18974891,NA,THE1D,FALSE,0.3333,NA,11,22,NA,NA,NA,IGR,FALSE,FALSE,FALSE,FALSE,2,1,1,1_1,fa9996c3-b874-4424-a5a6-f1c7c0f42b9b,NA
11,42489929,42489929,1,snv_mnv,NA,NA,"broad,dkfz,muse,sanger",4,COSN18974859,NA,NA,FALSE,0.4595,NA,17,20,NA,NA,NA,IGR,FALSE,FALSE,FALSE,FALSE,2,1,1,1_1,fa9996c3-b874-4424-a5a6-f1c7c0f42b9b,NA
11,42566884,42566884,1,snv_mnv,NA,NA,"broad,dkfz,muse,sanger",4,COSN18974869,NA,NA,FALSE,0.1786,NA,5,23,NA,NA,NA,IGR,FALSE,FALSE,FALSE,FALSE,2,1,1,1_1,fa9996c3-b874-4424-a5a6-f1c7c0f42b9b,NA
11,45495426,45495426,1,snv_mnv,NA,NA,"broad,dkfz,muse,sanger",4,COSN18974870,NA,NA,FALSE,0.5,NA,14,14,NA,NA,NA,lincRNA,FALSE,FALSE,FALSE,FALSE,2,1,1,1_1,fa9996c3-b874-4424-a5a6-f1c7c0f42b9b,NA
11,49904383,49904383,1,snv_mnv,NA,NA,"broad,dkfz,muse,sanger",4,COSN18974875,NA,NA,FALSE,0.2308,NA,6,20,NA,NA,NA,IGR,FALSE,FALSE,FALSE,FALSE,2,1,1,1_1,fa9996c3-b874-4424-a5a6-f1c7c0f42b9b,AP006587.2
11,50246827,50246827,1,snv_mnv,NA,NA,"broad,dkfz,muse,sanger",4,COSM5416174,NA,NA,FALSE,0.2,NA,6,24,NA,NA,NA,IGR,FALSE,FALSE,FALSE,FALSE,2,1,1,1_1,fa9996c3-b874-4424-a5a6-f1c7c0f42b9b,AC109635.3
11,50537441,50537441,1,snv_mnv,NA,NA,"broad,muse",2,COSN18974885,NA,ALR/Alpha,FALSE,0.5,NA,15,15,NA,NA,NA,IGR,FALSE,FALSE,FALSE,FALSE,2,1,1,1_1,fa9996c3-b874-4424-a5a6-f1c7c0f42b9b,NA
11,57140444,57140444,1,snv_mnv,NA,NA,"broad,dkfz,muse,sanger",4,COSN18974855,NA,NA,FALSE,0.1471,NA,5,29,NA,NA,NA,IGR,FALSE,FALSE,FALSE,FALSE,2,1,1,1_1,fa9996c3-b874-4424-a5a6-f1c7c0f42b9b,"P2RX3,PRG3"
11,61491876,61491876,1,snv_mnv,NA,NA,"broad,muse,sanger",3,COSN18974886,NA,MIR,FALSE,0.1724,NA,5,24,NA,NA,NA,Intron,FALSE,FALSE,FALSE,FALSE,2,1,1,1_1,fa9996c3-b874-4424-a5a6-f1c7c0f42b9b,NA
11,82350271,82350271,1,snv_mnv,NA,NA,"broad,dkfz,muse,sanger",4,COSN18974881,NA,MIR,FALSE,0.2619,NA,11,31,NA,NA,NA,lincRNA,FALSE,FALSE,FALSE,FALSE,2,1,1,1_1,fa9996c3-b874-4424-a5a6-f1c7c0f42b9b,NA
11,83151509,83151509,1,snv_mnv,NA,NA,"broad,dkfz,muse,sanger",4,COSN18974864,NA,L1MC3,FALSE,0.6047,NA,26,17,NA,NA,NA,IGR,FALSE,FALSE,FALSE,FALSE,2,1,1,1_1,fa9996c3-b874-4424-a5a6-f1c7c0f42b9b,NA
11,84113043,84113043,1,snv_mnv,NA,NA,"broad,dkfz,muse,sanger",4,COSN18974893,NA,NA,FALSE,0.3415,NA,14,27,NA,NA,NA,Intron,FALSE,FALSE,FALSE,FALSE,2,1,1,1_1,fa9996c3-b874-4424-a5a6-f1c7c0f42b9b,NA
11,89354247,89354247,1,snv_mnv,NA,NA,"broad,dkfz,muse,sanger",4,COSN18974892,NA,NA,FALSE,0.4,NA,12,18,NA,NA,NA,IGR,FALSE,FALSE,FALSE,FALSE,2,1,1,1_1,fa9996c3-b874-4424-a5a6-f1c7c0f42b9b,NA
11,94375735,94375735,1,snv_mnv,NA,NA,"broad,dkfz,muse,sanger",4,COSN18974862,NA,HERVH-int,FALSE,0.4118,NA,7,10,NA,NA,NA,RNA,FALSE,FALSE,FALSE,FALSE,2,1,1,1_1,fa9996c3-b874-4424-a5a6-f1c7c0f42b9b,"AP000943.2,AP000943.1"
11,94537002,94537002,1,snv_mnv,NA,NA,"broad,dkfz,muse,sanger",4,COSN18974887,NA,NA,FALSE,0.5,NA,20,20,NA,NA,NA,Intron,FALSE,FALSE,FALSE,FALSE,2,1,1,1_1,fa9996c3-b874-4424-a5a6-f1c7c0f42b9b,AMOTL1
11,96824323,96824323,1,snv_mnv,NA,NA,"broad,dkfz,muse,sanger",4,COSN18974895,NA,NA,FALSE,0.2333,NA,7,23,NA,NA,NA,IGR,FALSE,FALSE,FALSE,FALSE,2,1,1,1_1,fa9996c3-b874-4424-a5a6-f1c7c0f42b9b,NA
11,100632636,100632636,1,snv_mnv,NA,NA,"broad,dkfz,muse,sanger",4,COSN18974879,NA,MIRb,FALSE,0.2759,NA,8,21,NA,NA,NA,Intron,FALSE,FALSE,FALSE,FALSE,2,1,1,1_1,fa9996c3-b874-4424-a5a6-f1c7c0f42b9b,NA
11,106056441,106056441,1,snv_mnv,NA,NA,"broad,dkfz,muse,sanger",4,COSN18974847,rs867856187,AluY,FALSE,0.2812,NA,9,23,NA,NA,NA,IGR,FALSE,FALSE,FALSE,FALSE,2,1,1,1_1,fa9996c3-b874-4424-a5a6-f1c7c0f42b9b,NA
11,106457715,106457715,1,snv_mnv,NA,NA,"broad,muse,sanger",3,COSN18974867,NA,NA,FALSE,0.1463,NA,6,35,NA,NA,NA,IGR,FALSE,FALSE,FALSE,FALSE,2,1,1,1_1,fa9996c3-b874-4424-a5a6-f1c7c0f42b9b,NA
11,107515240,107515240,1,snv_mnv,NA,NA,"broad,dkfz,muse,sanger",4,COSN18974856,NA,AluY,FALSE,0.3182,NA,7,15,NA,NA,NA,Intron,FALSE,FALSE,FALSE,FALSE,2,1,1,1_1,fa9996c3-b874-4424-a5a6-f1c7c0f42b9b,AP000889.1
11,120011531,120011531,1,snv_mnv,NA,NA,"broad,dkfz,muse,sanger",4,COSN18974873,NA,NA,FALSE,0.3235,NA,11,23,NA,NA,NA,5'Flank,FALSE,FALSE,FALSE,FALSE,2,1,1,1_1,fa9996c3-b874-4424-a5a6-f1c7c0f42b9b,TRIM29
11,124578479,124578479,1,snv_mnv,NA,NA,"broad,dkfz,muse,sanger",4,COSN18974874,NA,HAL1,FALSE,0.5333,NA,16,14,NA,NA,NA,IGR,FALSE,FALSE,FALSE,FALSE,2,1,1,1_1,fa9996c3-b874-4424-a5a6-f1c7c0f42b9b,NA
11,126861256,126861256,1,snv_mnv,NA,NA,"broad,dkfz,muse,sanger",4,COSN18974863,NA,NA,FALSE,0.4375,NA,14,18,NA,NA,NA,Intron,FALSE,FALSE,FALSE,FALSE,2,1,1,1_1,fa9996c3-b874-4424-a5a6-f1c7c0f42b9b,"MIR3167,AP002833.2"
11,129254439,129254439,1,snv_mnv,NA,NA,"dkfz,muse,sanger",3,COSN18974861,NA,NA,FALSE,0.1667,NA,7,35,NA,NA,NA,Intron,FALSE,FALSE,FALSE,FALSE,2,1,1,1_1,fa9996c3-b874-4424-a5a6-f1c7c0f42b9b,NA
11,129414601,129414601,1,snv_mnv,NA,NA,"broad,dkfz,muse,sanger",4,COSN18974851,NA,MIRb,FALSE,0.1905,NA,8,34,NA,NA,NA,IGR,FALSE,FALSE,FALSE,FALSE,2,1,1,1_1,fa9996c3-b874-4424-a5a6-f1c7c0f42b9b,NA
12,5208229,5208229,1,snv_mnv,NA,NA,"broad,dkfz,muse,sanger",4,COSN18975564,NA,MIRb,FALSE,0.3333,NA,19,38,NA,NA,NA,IGR,FALSE,FALSE,FALSE,FALSE,4,2,2,2_2,fa9996c3-b874-4424-a5a6-f1c7c0f42b9b,NA
12,6095356,6095356,1,snv_mnv,NA,NA,"broad,dkfz,muse,sanger",4,COSN18975567,NA,MIR3,FALSE,0.1667,NA,10,50,NA,NA,NA,Intron,FALSE,FALSE,FALSE,FALSE,4,2,2,2_2,fa9996c3-b874-4424-a5a6-f1c7c0f42b9b,NA
12,14635917,14635917,1,snv_mnv,NA,NA,"broad,dkfz,muse,sanger",4,COSN18975555,NA,HERVL-int,FALSE,0.2708,NA,13,35,NA,NA,NA,Intron,FALSE,FALSE,FALSE,FALSE,4,2,2,2_2,fa9996c3-b874-4424-a5a6-f1c7c0f42b9b,ATF7IP
12,16340505,16340505,1,snv_mnv,NA,NA,"broad,dkfz,muse,sanger",4,COSN18975565,NA,NA,FALSE,0.2195,NA,9,32,NA,NA,NA,IGR,FALSE,FALSE,FALSE,FALSE,4,2,2,2_2,fa9996c3-b874-4424-a5a6-f1c7c0f42b9b,SLC15A5
12,18287388,18287388,1,snv_mnv,NA,NA,"broad,dkfz,muse,sanger",4,COSN18975547,rs780005937,NA,FALSE,0.4889,NA,22,23,NA,NA,NA,Intron,FALSE,FALSE,FALSE,FALSE,4,2,2,2_2,fa9996c3-b874-4424-a5a6-f1c7c0f42b9b,NA
12,20077134,20077134,1,snv_mnv,NA,NA,"broad,dkfz,muse,sanger",4,COSN18975562,NA,NA,FALSE,0.2459,NA,15,46,NA,NA,NA,lincRNA,FALSE,FALSE,FALSE,FALSE,4,2,2,2_2,fa9996c3-b874-4424-a5a6-f1c7c0f42b9b,NA
12,20261515,20261515,1,snv_mnv,NA,NA,"broad,dkfz,muse,sanger",4,COSN18975574,NA,L1MEf,FALSE,0.4906,NA,26,27,NA,NA,NA,IGR,FALSE,FALSE,FALSE,FALSE,4,2,2,2_2,fa9996c3-b874-4424-a5a6-f1c7c0f42b9b,NA
12,20417701,20417701,1,snv_mnv,NA,NA,"broad,dkfz,muse,sanger",4,COSN18975539,NA,LTR78B,FALSE,0.1522,NA,7,39,NA,NA,NA,IGR,FALSE,FALSE,FALSE,FALSE,4,2,2,2_2,fa9996c3-b874-4424-a5a6-f1c7c0f42b9b,NA
12,21264959,21264959,1,snv_mnv,NA,NA,"broad,dkfz,muse,sanger",4,COSN18975571,NA,L2,FALSE,0.4237,NA,25,34,NA,NA,NA,Intron,FALSE,FALSE,FALSE,FALSE,4,2,2,2_2,fa9996c3-b874-4424-a5a6-f1c7c0f42b9b,NA
12,40681155,40681155,1,snv_mnv,NA,NA,"broad,dkfz,muse,sanger",4,COSM5416184,rs200557762,NA,FALSE,0.2759,NA,16,42,NA,NA,NA,Missense_Mutation,FALSE,FALSE,FALSE,TRUE,4,2,2,2_2,fa9996c3-b874-4424-a5a6-f1c7c0f42b9b,NA
12,40914976,40914976,1,snv_mnv,NA,NA,"broad,dkfz,muse,sanger",4,COSN18975569,NA,NA,FALSE,0.3492,NA,22,41,NA,NA,NA,Intron,FALSE,FALSE,FALSE,FALSE,4,2,2,2_2,fa9996c3-b874-4424-a5a6-f1c7c0f42b9b,MUC19
12,43506491,43506491,1,snv_mnv,NA,NA,"broad,dkfz,muse,sanger",4,COSN18975557,NA,NA,FALSE,0.1489,NA,7,40,NA,NA,NA,IGR,FALSE,FALSE,FALSE,FALSE,4,2,2,2_2,fa9996c3-b874-4424-a5a6-f1c7c0f42b9b,NA
12,50750774,50750774,1,snv_mnv,NA,NA,"broad,dkfz,muse,sanger",4,COSN18975563,NA,AluSx,FALSE,0.5,NA,18,18,NA,NA,NA,Intron,FALSE,FALSE,FALSE,TRUE,4,2,2,2_2,fa9996c3-b874-4424-a5a6-f1c7c0f42b9b,NA
12,54192675,54192675,1,snv_mnv,1.9968e-4,rs544539014,"broad,dkfz,muse,sanger",4,COSN18975538,rs544539014,NA,FALSE,0.4242,NA,14,19,NA,NA,NA,IGR,FALSE,FALSE,FALSE,FALSE,4,2,2,2_2,fa9996c3-b874-4424-a5a6-f1c7c0f42b9b,NA
12,57715156,57715156,1,snv_mnv,NA,NA,"broad,dkfz,muse,sanger",4,COSN18975541,NA,AluSq2,FALSE,0.4615,NA,18,21,NA,NA,NA,Intron,FALSE,FALSE,FALSE,FALSE,4,2,2,2_2,fa9996c3-b874-4424-a5a6-f1c7c0f42b9b,NA
12,65667089,65667089,1,snv_mnv,NA,NA,"broad,dkfz,muse,sanger",4,COSN18975559,rs574421418,L2a,FALSE,0.5,NA,25,25,NA,NA,NA,IGR,FALSE,FALSE,FALSE,FALSE,4,2,2,2_2,fa9996c3-b874-4424-a5a6-f1c7c0f42b9b,NA
12,71505364,71505364,1,snv_mnv,NA,NA,"broad,muse",2,COSN18975546,NA,THE1B,FALSE,0.1395,NA,6,37,NA,NA,NA,Intron,FALSE,FALSE,FALSE,FALSE,4,2,2,2_2,fa9996c3-b874-4424-a5a6-f1c7c0f42b9b,NA
12,74275982,74275982,1,snv_mnv,NA,NA,"broad,dkfz,muse,sanger",4,COSN18975545,NA,THE1C,FALSE,0.1569,NA,8,43,NA,NA,NA,IGR,FALSE,FALSE,FALSE,FALSE,4,2,2,2_2,fa9996c3-b874-4424-a5a6-f1c7c0f42b9b,NA
12,74532949,74532949,1,snv_mnv,NA,NA,"broad,dkfz,muse",3,COSN18975551,NA,(TG)n,FALSE,0.2812,NA,18,46,NA,NA,NA,IGR,FALSE,FALSE,FALSE,FALSE,4,2,2,2_2,fa9996c3-b874-4424-a5a6-f1c7c0f42b9b,NA
12,78151931,78151931,1,snv_mnv,NA,NA,"broad,dkfz,muse,sanger",4,COSN18975549,NA,L2a,FALSE,0.322,NA,19,40,NA,NA,NA,IGR,FALSE,FALSE,FALSE,FALSE,4,2,2,2_2,fa9996c3-b874-4424-a5a6-f1c7c0f42b9b,NA
12,78719337,78719337,1,snv_mnv,NA,NA,"broad,dkfz,muse,sanger",4,COSN18975575,NA,NA,FALSE,0.1364,NA,6,38,NA,NA,NA,lincRNA,FALSE,FALSE,FALSE,FALSE,4,2,2,2_2,fa9996c3-b874-4424-a5a6-f1c7c0f42b9b,LINC02424
12,78772618,78772618,1,snv_mnv,NA,NA,"broad,dkfz,muse,sanger",4,COSN18975556,NA,THE1B-int,FALSE,0.3488,NA,15,28,NA,NA,NA,IGR,FALSE,FALSE,FALSE,FALSE,4,2,2,2_2,fa9996c3-b874-4424-a5a6-f1c7c0f42b9b,NA
12,78889855,78889855,1,snv_mnv,NA,NA,"broad,dkfz,muse,sanger",4,COSN18975568,NA,NA,FALSE,0.3878,NA,19,30,NA,NA,NA,lincRNA,FALSE,FALSE,FALSE,FALSE,4,2,2,2_2,fa9996c3-b874-4424-a5a6-f1c7c0f42b9b,AC079362.1
12,79734178,79734178,1,snv_mnv,NA,NA,"broad,dkfz,muse,sanger",4,COSN18975540,NA,L1PA6,FALSE,0.2,NA,8,32,NA,NA,NA,Intron,FALSE,FALSE,FALSE,FALSE,4,2,2,2_2,fa9996c3-b874-4424-a5a6-f1c7c0f42b9b,AC027288.3
12,82542584,82542584,1,snv_mnv,NA,NA,"broad,dkfz,muse,sanger",4,COSN18975570,NA,NA,FALSE,0.3393,NA,19,37,NA,NA,NA,IGR,FALSE,FALSE,FALSE,FALSE,4,2,2,2_2,fa9996c3-b874-4424-a5a6-f1c7c0f42b9b,NA
12,85289275,85289275,1,snv_mnv,NA,NA,"broad,dkfz,muse,sanger",4,COSN18975558,NA,AluSg7,FALSE,0.3889,NA,14,22,NA,NA,NA,Intron,FALSE,FALSE,FALSE,FALSE,4,2,2,2_2,fa9996c3-b874-4424-a5a6-f1c7c0f42b9b,NA
12,85400453,85400453,1,snv_mnv,NA,NA,"broad,dkfz,muse,sanger",4,COSN18975552,NA,L1PA16,FALSE,0.3443,NA,21,40,NA,NA,NA,IGR,FALSE,FALSE,FALSE,FALSE,4,2,2,2_2,fa9996c3-b874-4424-a5a6-f1c7c0f42b9b,NA
12,86341969,86341969,1,snv_mnv,NA,NA,"broad,dkfz,muse,sanger",4,COSN18975537,NA,L1MCc,FALSE,0.4722,NA,34,38,NA,NA,NA,IGR,FALSE,FALSE,FALSE,FALSE,4,2,2,2_2,fa9996c3-b874-4424-a5a6-f1c7c0f42b9b,NA
12,87306776,87306776,1,snv_mnv,NA,NA,"broad,dkfz,muse,sanger",4,COSN18975554,NA,THE1D-int,FALSE,0.3043,NA,14,32,NA,NA,NA,IGR,FALSE,FALSE,FALSE,FALSE,4,2,2,2_2,fa9996c3-b874-4424-a5a6-f1c7c0f42b9b,NA
12,93627502,93627502,1,snv_mnv,NA,NA,"broad,dkfz,muse,sanger",4,COSN18975572,NA,AluSx3,FALSE,0.359,NA,14,25,NA,NA,NA,IGR,FALSE,FALSE,FALSE,FALSE,4,2,2,2_2,fa9996c3-b874-4424-a5a6-f1c7c0f42b9b,NA
12,113186048,113186048,1,snv_mnv,NA,NA,"broad,dkfz,muse,sanger",4,COSN18975573,NA,L2b,FALSE,0.3455,NA,19,36,NA,NA,NA,Intron,FALSE,FALSE,FALSE,FALSE,4,2,2,2_2,fa9996c3-b874-4424-a5a6-f1c7c0f42b9b,NA
12,113216010,113216010,1,snv_mnv,NA,NA,"broad,dkfz,muse,sanger",4,COSN18975548,NA,NA,FALSE,0.4444,NA,28,35,NA,NA,NA,Intron,FALSE,FALSE,FALSE,FALSE,4,2,2,2_2,fa9996c3-b874-4424-a5a6-f1c7c0f42b9b,NA
12,121279668,121279668,1,snv_mnv,NA,NA,"broad,dkfz,muse,sanger",4,COSN18975544,NA,NA,FALSE,0.5085,NA,30,29,NA,NA,NA,Intron,FALSE,FALSE,FALSE,FALSE,4,2,2,2_2,fa9996c3-b874-4424-a5a6-f1c7c0f42b9b,ARF1P2
12,126835543,126835543,1,snv_mnv,NA,NA,"broad,dkfz,muse,sanger",4,COSN18975561,rs748319551,AluSx3,FALSE,0.5,NA,24,24,NA,NA,NA,IGR,FALSE,FALSE,FALSE,FALSE,4,2,2,2_2,fa9996c3-b874-4424-a5a6-f1c7c0f42b9b,NA
12,126899598,126899598,1,snv_mnv,NA,NA,"broad,dkfz,muse,sanger",4,COSN18975550,NA,NA,FALSE,0.35,NA,21,39,NA,NA,NA,IGR,FALSE,FALSE,FALSE,FALSE,4,2,2,2_2,fa9996c3-b874-4424-a5a6-f1c7c0f42b9b,NA
12,128432560,128432560,1,snv_mnv,NA,NA,"broad,dkfz,muse,sanger",4,COSN18975560,NA,NA,FALSE,0.3393,NA,19,37,NA,NA,NA,lincRNA,FALSE,FALSE,FALSE,FALSE,4,2,2,2_2,fa9996c3-b874-4424-a5a6-f1c7c0f42b9b,NA
12,132140305,132140305,1,snv_mnv,NA,NA,"broad,muse,sanger",3,COSN18975566,NA,NA,FALSE,0.1636,NA,9,46,NA,NA,NA,IGR,FALSE,FALSE,FALSE,FALSE,4,2,2,2_2,fa9996c3-b874-4424-a5a6-f1c7c0f42b9b,NA
13,23831279,23831279,1,snv_mnv,NA,NA,"broad,dkfz,muse,sanger",4,COSN18975261,NA,L1PA6,FALSE,0.3243,NA,12,25,NA,NA,NA,Intron,FALSE,FALSE,FALSE,FALSE,2,1,1,1_1,fa9996c3-b874-4424-a5a6-f1c7c0f42b9b,NA
13,24726139,24726139,1,snv_mnv,NA,NA,"broad,dkfz,muse,sanger",4,COSN18975262,NA,NA,FALSE,0.3214,NA,9,19,NA,NA,NA,Intron,FALSE,FALSE,FALSE,FALSE,2,1,1,1_1,fa9996c3-b874-4424-a5a6-f1c7c0f42b9b,NA
13,25621383,25621383,1,snv_mnv,NA,NA,"broad,dkfz,muse,sanger",4,COSN18975273,NA,NA,FALSE,0.381,NA,8,13,NA,NA,NA,IGR,FALSE,FALSE,FALSE,FALSE,2,1,1,1_1,fa9996c3-b874-4424-a5a6-f1c7c0f42b9b,NA
13,32072182,32072182,1,snv_mnv,NA,NA,"broad,dkfz,muse,sanger",4,COSN18975279,NA,MER74A,FALSE,0.3333,NA,15,30,NA,NA,NA,IGR,FALSE,FALSE,FALSE,FALSE,2,1,1,1_1,fa9996c3-b874-4424-a5a6-f1c7c0f42b9b,NA
13,37710555,37710555,1,snv_mnv,NA,NA,"broad,muse,sanger",3,COSN18975282,NA,NA,FALSE,0.1316,NA,5,33,NA,NA,NA,IGR,FALSE,FALSE,FALSE,FALSE,2,1,1,1_1,fa9996c3-b874-4424-a5a6-f1c7c0f42b9b,AL356274.1
13,42651837,42651837,1,snv_mnv,NA,NA,"broad,dkfz,muse,sanger",4,COSN18975272,NA,NA,FALSE,0.2647,NA,9,25,NA,NA,NA,Intron,FALSE,FALSE,FALSE,FALSE,2,1,1,1_1,fa9996c3-b874-4424-a5a6-f1c7c0f42b9b,NA
13,47251000,47251000,1,snv_mnv,NA,NA,"broad,dkfz,muse,sanger",4,COSN18975270,NA,AluJb,FALSE,0.5484,NA,17,14,NA,NA,NA,Intron,FALSE,FALSE,FALSE,FALSE,2,1,1,1_1,fa9996c3-b874-4424-a5a6-f1c7c0f42b9b,LRCH1
13,47986090,47986090,1,snv_mnv,NA,NA,"broad,dkfz,muse,sanger",4,COSN18975269,NA,NA,FALSE,0.2759,NA,8,21,NA,NA,NA,IGR,FALSE,FALSE,FALSE,FALSE,2,1,1,1_1,fa9996c3-b874-4424-a5a6-f1c7c0f42b9b,NA
13,51959463,51959463,1,snv_mnv,NA,NA,"broad,dkfz,muse,sanger",4,COSN18975286,NA,L2b,FALSE,0.3333,NA,13,26,NA,NA,NA,Intron,FALSE,FALSE,FALSE,FALSE,2,1,1,1_1,fa9996c3-b874-4424-a5a6-f1c7c0f42b9b,INTS6
13,54604197,54604197,1,snv_mnv,NA,NA,"broad,dkfz,muse,sanger",4,COSN18975267,NA,NA,FALSE,0.2941,NA,10,24,NA,NA,NA,IGR,FALSE,FALSE,FALSE,FALSE,2,1,1,1_1,fa9996c3-b874-4424-a5a6-f1c7c0f42b9b,NA
13,55266880,55266880,1,snv_mnv,NA,NA,"broad,dkfz,muse,sanger",4,COSN18975258,NA,MER52-int,FALSE,0.2759,NA,8,21,NA,NA,NA,IGR,FALSE,FALSE,FALSE,FALSE,2,1,1,1_1,fa9996c3-b874-4424-a5a6-f1c7c0f42b9b,NA
13,56327288,56327288,1,snv_mnv,NA,NA,"broad,dkfz,muse,sanger",4,COSN18975271,NA,NA,FALSE,0.3571,NA,15,27,NA,NA,NA,IGR,FALSE,FALSE,FALSE,FALSE,2,1,1,1_1,fa9996c3-b874-4424-a5a6-f1c7c0f42b9b,NA
13,57979926,57979926,1,snv_mnv,NA,NA,"broad,muse,sanger",3,COSN18975288,NA,LTR7B,FALSE,0.1538,NA,4,22,NA,NA,NA,IGR,FALSE,FALSE,FALSE,FALSE,2,1,1,1_1,fa9996c3-b874-4424-a5a6-f1c7c0f42b9b,NA
13,61323580,61323580,1,snv_mnv,NA,NA,"broad,dkfz,muse,sanger",4,COSN18975281,NA,NA,FALSE,0.1562,NA,5,27,NA,NA,NA,IGR,FALSE,FALSE,FALSE,FALSE,2,1,1,1_1,fa9996c3-b874-4424-a5a6-f1c7c0f42b9b,NA
13,68519989,68519989,1,snv_mnv,NA,NA,"broad,dkfz,muse,sanger",4,COSN18975256,NA,NA,FALSE,0.1351,NA,5,32,NA,NA,NA,IGR,FALSE,FALSE,FALSE,FALSE,2,1,1,1_1,fa9996c3-b874-4424-a5a6-f1c7c0f42b9b,NA
13,68896425,68896425,1,snv_mnv,NA,NA,"broad,dkfz,muse,sanger",4,COSN18975259,NA,THE1B,FALSE,0.44,NA,11,14,NA,NA,NA,IGR,FALSE,FALSE,FALSE,FALSE,2,1,1,1_1,fa9996c3-b874-4424-a5a6-f1c7c0f42b9b,NA
13,69604445,69604445,1,snv_mnv,NA,NA,"broad,dkfz,muse,sanger",4,COSN18975293,NA,NA,FALSE,0.2826,NA,13,33,NA,NA,NA,IGR,FALSE,FALSE,FALSE,FALSE,2,1,1,1_1,fa9996c3-b874-4424-a5a6-f1c7c0f42b9b,NA
13,70106087,70106087,1,snv_mnv,NA,NA,"broad,muse,sanger",3,COSN18975292,NA,Tigger1,FALSE,0.3846,NA,10,16,NA,NA,NA,IGR,FALSE,FALSE,FALSE,FALSE,2,1,1,1_1,fa9996c3-b874-4424-a5a6-f1c7c0f42b9b,NA
13,76618821,76618821,1,snv_mnv,NA,NA,"broad,dkfz,muse,sanger",4,COSN18975291,NA,L1ME4a,FALSE,0.3793,NA,11,18,NA,NA,NA,IGR,FALSE,FALSE,FALSE,FALSE,2,1,1,1_1,fa9996c3-b874-4424-a5a6-f1c7c0f42b9b,NA
13,77978482,77978482,1,snv_mnv,NA,NA,"broad,dkfz,muse,sanger",4,COSN18975275,NA,LTR40b,FALSE,0.325,NA,13,27,NA,NA,NA,IGR,FALSE,FALSE,FALSE,FALSE,2,1,1,1_1,fa9996c3-b874-4424-a5a6-f1c7c0f42b9b,NA
13,80828316,80828316,1,snv_mnv,NA,NA,"broad,dkfz,muse,sanger",4,COSN18975264,NA,NA,FALSE,0.1579,NA,6,32,NA,NA,NA,IGR,FALSE,FALSE,FALSE,FALSE,2,1,1,1_1,fa9996c3-b874-4424-a5a6-f1c7c0f42b9b,NA
13,83628386,83628386,1,snv_mnv,NA,NA,"broad,dkfz",2,COSN18975268,NA,NA,FALSE,0.1429,NA,6,36,NA,NA,NA,IGR,FALSE,FALSE,FALSE,FALSE,2,1,1,1_1,fa9996c3-b874-4424-a5a6-f1c7c0f42b9b,NA
13,84521505,84521505,1,snv_mnv,NA,NA,"broad,dkfz,muse,sanger",4,COSN18975284,NA,NA,FALSE,0.3611,NA,13,23,NA,NA,NA,IGR,FALSE,FALSE,FALSE,FALSE,2,1,1,1_1,fa9996c3-b874-4424-a5a6-f1c7c0f42b9b,NA
13,86353396,86353396,1,snv_mnv,NA,NA,"broad,dkfz,muse,sanger",4,COSN18975276,NA,NA,FALSE,0.4412,NA,15,19,NA,NA,NA,IGR,FALSE,FALSE,FALSE,FALSE,2,1,1,1_1,fa9996c3-b874-4424-a5a6-f1c7c0f42b9b,NA
13,87623852,87623852,1,snv_mnv,NA,NA,"broad,dkfz,muse,sanger",4,COSN18975266,NA,NA,FALSE,0.3226,NA,10,21,NA,NA,NA,IGR,FALSE,FALSE,FALSE,FALSE,2,1,1,1_1,fa9996c3-b874-4424-a5a6-f1c7c0f42b9b,NA
13,90343366,90343366,1,snv_mnv,NA,NA,"broad,dkfz,muse,sanger",4,COSN18975263,NA,L1M1,FALSE,0.1538,NA,6,33,NA,NA,NA,IGR,FALSE,FALSE,FALSE,FALSE,2,1,1,1_1,fa9996c3-b874-4424-a5a6-f1c7c0f42b9b,NA
13,92070645,92070645,1,snv_mnv,NA,NA,"broad,dkfz,muse,sanger",4,COSN18975280,NA,L2,FALSE,0.4,NA,10,15,NA,NA,NA,Intron,FALSE,FALSE,FALSE,FALSE,2,1,1,1_1,fa9996c3-b874-4424-a5a6-f1c7c0f42b9b,NA
13,93088675,93088675,1,snv_mnv,NA,NA,"broad,dkfz,muse,sanger",4,COSN18975287,NA,LTR40a,FALSE,0.4231,NA,22,30,NA,NA,NA,Intron,FALSE,FALSE,FALSE,FALSE,2,1,1,1_1,fa9996c3-b874-4424-a5a6-f1c7c0f42b9b,NA
13,93141853,93141853,1,snv_mnv,NA,NA,"broad,dkfz,muse,sanger",4,COSN18975257,NA,L2a,FALSE,0.4545,NA,15,18,NA,NA,NA,Intron,FALSE,FALSE,FALSE,FALSE,2,1,1,1_1,fa9996c3-b874-4424-a5a6-f1c7c0f42b9b,MIR548AS
13,93299313,93299313,1,snv_mnv,NA,NA,"broad,muse,sanger",3,COSN18975260,NA,L1ME1,FALSE,0.3125,NA,10,22,NA,NA,NA,Intron,FALSE,FALSE,FALSE,FALSE,2,1,1,1_1,fa9996c3-b874-4424-a5a6-f1c7c0f42b9b,NA
13,97463237,97463237,1,snv_mnv,NA,NA,"broad,dkfz,muse,sanger",4,COSN18975289,NA,NA,FALSE,0.5385,NA,21,18,NA,NA,NA,Intron,FALSE,FALSE,FALSE,FALSE,2,1,1,1_1,fa9996c3-b874-4424-a5a6-f1c7c0f42b9b,NA
13,100793835,100793835,1,snv_mnv,NA,NA,"broad,dkfz,muse,sanger",4,COSN18975277,NA,AluSz,FALSE,0.25,NA,7,21,NA,NA,NA,Intron,FALSE,FALSE,FALSE,FALSE,2,1,1,1_1,fa9996c3-b874-4424-a5a6-f1c7c0f42b9b,NA
13,101936304,101936304,1,snv_mnv,NA,NA,"broad,dkfz,muse,sanger",4,COSM145662,rs549926959,NA,FALSE,0.4286,NA,12,16,NA,NA,NA,Missense_Mutation,FALSE,FALSE,FALSE,FALSE,2,1,1,1_1,fa9996c3-b874-4424-a5a6-f1c7c0f42b9b,NA
13,102122103,102122103,1,snv_mnv,NA,NA,"broad,dkfz,muse,sanger",4,COSN18975274,NA,NA,FALSE,0.2941,NA,10,24,NA,NA,NA,Intron,FALSE,FALSE,FALSE,FALSE,2,1,1,1_1,fa9996c3-b874-4424-a5a6-f1c7c0f42b9b,NA
13,102288696,102288696,1,snv_mnv,NA,NA,"broad,dkfz,muse,sanger",4,COSN18975265,NA,NA,FALSE,0.3333,NA,8,16,NA,NA,NA,Intron,FALSE,FALSE,FALSE,FALSE,2,1,1,1_1,fa9996c3-b874-4424-a5a6-f1c7c0f42b9b,NA
13,102686997,102686997,1,snv_mnv,NA,NA,"broad,dkfz,muse,sanger",4,COSN18975278,NA,MER96B,FALSE,0.4444,NA,16,20,NA,NA,NA,Intron,FALSE,FALSE,FALSE,FALSE,2,1,1,1_1,fa9996c3-b874-4424-a5a6-f1c7c0f42b9b,NA
13,105958748,105958748,1,snv_mnv,NA,NA,"broad,dkfz,muse,sanger",4,COSN18975294,NA,NA,FALSE,0.125,NA,6,42,NA,NA,NA,IGR,FALSE,FALSE,FALSE,FALSE,2,1,1,1_1,fa9996c3-b874-4424-a5a6-f1c7c0f42b9b,NA
13,109226190,109226190,1,snv_mnv,NA,NA,"broad,dkfz,muse,sanger",4,COSN18975295,NA,NA,FALSE,0.3125,NA,10,22,NA,NA,NA,IGR,FALSE,FALSE,FALSE,FALSE,2,1,1,1_1,fa9996c3-b874-4424-a5a6-f1c7c0f42b9b,NA
13,112285853,112285853,1,snv_mnv,NA,NA,"dkfz,muse,sanger",3,COSN18975285,NA,NA,FALSE,0.2727,NA,9,24,NA,NA,NA,Intron,FALSE,FALSE,FALSE,FALSE,2,1,1,1_1,fa9996c3-b874-4424-a5a6-f1c7c0f42b9b,NA
13,112715274,112715274,1,snv_mnv,NA,NA,"broad,dkfz,muse,sanger",4,COSN18975290,NA,NA,FALSE,0.1667,NA,5,25,NA,NA,NA,IGR,FALSE,FALSE,FALSE,FALSE,2,1,1,1_1,fa9996c3-b874-4424-a5a6-f1c7c0f42b9b,NA
14,22420127,22420127,1,snv_mnv,NA,NA,"broad,dkfz,muse,sanger",4,COSN18975599,NA,NA,FALSE,0.1739,NA,8,38,NA,NA,NA,IGR,FALSE,FALSE,FALSE,FALSE,2,1,1,1_1,fa9996c3-b874-4424-a5a6-f1c7c0f42b9b,TRAV15
14,25413681,25413681,1,snv_mnv,NA,NA,"broad,dkfz,muse,sanger",4,COSN18975628,NA,NA,FALSE,0.3235,NA,11,23,NA,NA,NA,Intron,FALSE,FALSE,FALSE,FALSE,2,1,1,1_1,fa9996c3-b874-4424-a5a6-f1c7c0f42b9b,NA
14,25565053,25565053,1,snv_mnv,NA,NA,"broad,dkfz,muse,sanger",4,COSN18975627,NA,NA,FALSE,0.3333,NA,9,18,NA,NA,NA,IGR,FALSE,FALSE,FALSE,FALSE,2,1,1,1_1,fa9996c3-b874-4424-a5a6-f1c7c0f42b9b,NA
14,27160732,27160732,1,snv_mnv,NA,NA,"broad,dkfz,muse,sanger",4,COSN18975619,NA,NA,FALSE,0.1842,NA,7,31,NA,NA,NA,RNA,FALSE,FALSE,FALSE,FALSE,2,1,1,1_1,fa9996c3-b874-4424-a5a6-f1c7c0f42b9b,NA
14,27573441,27573441,1,snv_mnv,NA,NA,"broad,dkfz,muse,sanger",4,COSN18975612,NA,NA,FALSE,0.25,NA,8,24,NA,NA,NA,lincRNA,FALSE,FALSE,FALSE,FALSE,2,1,1,1_1,fa9996c3-b874-4424-a5a6-f1c7c0f42b9b,NA
14,27956455,27956455,1,snv_mnv,NA,NA,"broad,dkfz,muse,sanger",4,COSN18975616,NA,MLT1A-int,FALSE,0.3478,NA,16,30,NA,NA,NA,RNA,FALSE,FALSE,FALSE,FALSE,2,1,1,1_1,fa9996c3-b874-4424-a5a6-f1c7c0f42b9b,NA
14,33180784,33180784,1,snv_mnv,NA,NA,"broad,dkfz,muse,sanger",4,COSN18975606,NA,NA,FALSE,0.12,NA,3,22,NA,NA,NA,Intron,FALSE,FALSE,FALSE,FALSE,2,1,1,1_1,fa9996c3-b874-4424-a5a6-f1c7c0f42b9b,NA
14,33982160,33982160,1,snv_mnv,NA,NA,"broad,dkfz,muse,sanger",4,COSN18975613,NA,NA,FALSE,0.3095,NA,13,29,NA,NA,NA,Intron,FALSE,FALSE,FALSE,FALSE,2,1,1,1_1,fa9996c3-b874-4424-a5a6-f1c7c0f42b9b,NA
14,36565658,36565658,1,snv_mnv,NA,NA,"broad,dkfz,muse,sanger",4,COSN18975623,NA,NA,FALSE,0.5185,NA,14,13,NA,NA,NA,lincRNA,FALSE,FALSE,FALSE,FALSE,2,1,1,1_1,fa9996c3-b874-4424-a5a6-f1c7c0f42b9b,NA
14,37105781,37105781,1,snv_mnv,NA,NA,"broad,muse,sanger",3,COSN18975602,NA,HAL1,FALSE,0.1786,NA,5,23,NA,NA,NA,IGR,FALSE,FALSE,FALSE,FALSE,2,1,1,1_1,fa9996c3-b874-4424-a5a6-f1c7c0f42b9b,NA
14,40726648,40726648,1,snv_mnv,NA,NA,"broad,dkfz,muse,sanger",4,COSN18975626,NA,NA,FALSE,0.2286,NA,8,27,NA,NA,NA,IGR,FALSE,FALSE,FALSE,FALSE,2,1,1,1_1,fa9996c3-b874-4424-a5a6-f1c7c0f42b9b,NA
14,43854809,43854809,1,snv_mnv,NA,NA,"broad,dkfz,muse,sanger",4,COSN18975607,NA,L1MC1,FALSE,0.3725,NA,19,32,NA,NA,NA,IGR,FALSE,FALSE,FALSE,FALSE,2,1,1,1_1,fa9996c3-b874-4424-a5a6-f1c7c0f42b9b,NA
14,45056832,45056832,1,snv_mnv,NA,NA,"broad,dkfz,muse,sanger",4,COSN18975631,NA,NA,FALSE,0.475,NA,19,21,NA,NA,NA,IGR,FALSE,FALSE,FALSE,FALSE,2,1,1,1_1,fa9996c3-b874-4424-a5a6-f1c7c0f42b9b,NA
14,45290324,45290324,1,snv_mnv,NA,NA,"broad,dkfz,muse,sanger",4,COSN18975624,NA,L1PA10,FALSE,0.225,NA,9,31,NA,NA,NA,IGR,FALSE,FALSE,FALSE,FALSE,2,1,1,1_1,fa9996c3-b874-4424-a5a6-f1c7c0f42b9b,NA
14,45480727,45480727,1,snv_mnv,NA,NA,"broad,dkfz,muse,sanger",4,COSN18975604,NA,AluJb,FALSE,0.3333,NA,10,20,NA,NA,NA,Intron,FALSE,FALSE,FALSE,FALSE,2,1,1,1_1,fa9996c3-b874-4424-a5a6-f1c7c0f42b9b,TOGARAM1
14,46294192,46294192,1,snv_mnv,NA,NA,"broad,dkfz,muse,sanger",4,COSN18975620,NA,SATR1,FALSE,0.2368,NA,9,29,NA,NA,NA,IGR,FALSE,FALSE,FALSE,FALSE,2,1,1,1_1,fa9996c3-b874-4424-a5a6-f1c7c0f42b9b,NA
14,47105347,47105347,1,snv_mnv,NA,NA,"dkfz,muse,sanger",3,COSN18975625,NA,L1PA13,FALSE,0.1739,NA,8,38,NA,NA,NA,IGR,FALSE,FALSE,FALSE,FALSE,2,1,1,1_1,fa9996c3-b874-4424-a5a6-f1c7c0f42b9b,NA
14,47512841,47512841,1,snv_mnv,NA,NA,"broad,dkfz,muse,sanger",4,COSN18975600,NA,L2,FALSE,0.4865,NA,18,19,NA,NA,NA,Intron,FALSE,FALSE,FALSE,FALSE,2,1,1,1_1,fa9996c3-b874-4424-a5a6-f1c7c0f42b9b,NA
14,59607039,59607039,1,snv_mnv,NA,NA,"broad,dkfz,muse,sanger",4,COSN18975634,NA,NA,FALSE,0.5,NA,21,21,NA,NA,NA,IGR,FALSE,FALSE,FALSE,FALSE,2,1,1,1_1,fa9996c3-b874-4424-a5a6-f1c7c0f42b9b,AL359219.1
14,59970199,59970199,1,snv_mnv,NA,NA,"broad,dkfz,muse,sanger",4,COSN18975633,NA,NA,FALSE,0.4375,NA,14,18,NA,NA,NA,IGR,FALSE,FALSE,FALSE,FALSE,2,1,1,1_1,fa9996c3-b874-4424-a5a6-f1c7c0f42b9b,"CCDC175,JKAMP"
14,63206041,63206041,1,snv_mnv,NA,NA,"broad,dkfz,muse,sanger",4,COSN18975617,NA,NA,FALSE,0.4565,NA,21,25,NA,NA,NA,Intron,FALSE,FALSE,FALSE,FALSE,2,1,1,1_1,fa9996c3-b874-4424-a5a6-f1c7c0f42b9b,NA
14,63288259,63288259,1,snv_mnv,NA,NA,"broad,dkfz,muse,sanger",4,COSN18975609,NA,NA,FALSE,0.5833,NA,28,20,NA,NA,NA,Intron,FALSE,FALSE,FALSE,FALSE,2,1,1,1_1,fa9996c3-b874-4424-a5a6-f1c7c0f42b9b,NA
14,65177592,65177592,1,snv_mnv,NA,NA,"broad,dkfz,muse,sanger",4,COSN18975635,NA,NA,FALSE,0.3103,NA,9,20,NA,NA,NA,Intron,FALSE,FALSE,FALSE,FALSE,2,1,1,1_1,fa9996c3-b874-4424-a5a6-f1c7c0f42b9b,PLEKHG3
14,72453425,72453425,1,snv_mnv,NA,NA,"broad,dkfz,muse,sanger",4,COSN18975614,NA,AluJb,FALSE,0.3667,NA,11,19,NA,NA,NA,Intron,FALSE,FALSE,FALSE,FALSE,2,1,1,1_1,fa9996c3-b874-4424-a5a6-f1c7c0f42b9b,NA
14,82957885,82957885,1,snv_mnv,NA,NA,"broad,dkfz,muse,sanger",4,COSN18975636,NA,NA,FALSE,0.5667,NA,17,13,NA,NA,NA,IGR,FALSE,FALSE,FALSE,FALSE,2,1,1,1_1,fa9996c3-b874-4424-a5a6-f1c7c0f42b9b,NA
14,86498407,86498407,1,snv_mnv,NA,NA,"broad,dkfz,muse,sanger",4,COSN18975637,NA,NA,FALSE,0.1957,NA,9,37,NA,NA,NA,lincRNA,FALSE,FALSE,FALSE,FALSE,2,1,1,1_1,fa9996c3-b874-4424-a5a6-f1c7c0f42b9b,NA
14,94657762,94657762,1,snv_mnv,NA,NA,"broad,dkfz,muse,sanger",4,COSN18975608,NA,L1MA5,FALSE,0.3721,NA,16,27,NA,NA,NA,Intron,FALSE,FALSE,FALSE,FALSE,2,1,1,1_1,fa9996c3-b874-4424-a5a6-f1c7c0f42b9b,NA
14,96530737,96530737,1,snv_mnv,NA,NA,"broad,muse",2,COSN18975598,NA,L1PB3,FALSE,0.25,NA,6,18,NA,NA,NA,Intron,FALSE,FALSE,FALSE,FALSE,2,1,1,1_1,fa9996c3-b874-4424-a5a6-f1c7c0f42b9b,NA
14,97242284,97242284,1,snv_mnv,NA,NA,"broad,dkfz,muse,sanger",4,COSN18975618,NA,NA,FALSE,0.3529,NA,12,22,NA,NA,NA,lincRNA,FALSE,FALSE,FALSE,FALSE,2,1,1,1_1,fa9996c3-b874-4424-a5a6-f1c7c0f42b9b,NA
14,97533806,97533806,1,snv_mnv,NA,NA,"broad,dkfz,muse,sanger",4,COSN18975603,NA,AluSz,FALSE,0.4444,NA,8,10,NA,NA,NA,IGR,FALSE,FALSE,FALSE,FALSE,2,1,1,1_1,fa9996c3-b874-4424-a5a6-f1c7c0f42b9b,NA
14,98307236,98307236,1,snv_mnv,NA,NA,"broad,dkfz,muse,sanger",4,COSN18975601,NA,NA,FALSE,0.375,NA,12,20,NA,NA,NA,IGR,FALSE,FALSE,FALSE,FALSE,2,1,1,1_1,fa9996c3-b874-4424-a5a6-f1c7c0f42b9b,NA
14,100616682,100616682,1,snv_mnv,NA,NA,"dkfz,muse,sanger",3,COSN18975621,NA,NA,FALSE,0.2857,NA,4,10,NA,NA,NA,Intron,FALSE,FALSE,FALSE,FALSE,2,1,1,1_1,fa9996c3-b874-4424-a5a6-f1c7c0f42b9b,NA
14,106323633,106323633,1,snv_mnv,NA,NA,"broad,dkfz,muse",3,COSN18975632,NA,(CAGCT)n,FALSE,0.2692,NA,7,19,NA,NA,NA,RNA,FALSE,FALSE,FALSE,FALSE,2,1,1,1_1,fa9996c3-b874-4424-a5a6-f1c7c0f42b9b,"MIR4538,MIR4539,MIR4507,IGHM,MIR4537"
14,106324585,106324585,1,snv_mnv,NA,NA,"broad,dkfz,muse",3,COSN18975615,NA,(CAGCT)n,FALSE,0.4375,NA,7,9,NA,NA,NA,RNA,FALSE,FALSE,FALSE,FALSE,2,1,1,1_1,fa9996c3-b874-4424-a5a6-f1c7c0f42b9b,"MIR4538,MIR4507,IGHM,MIR4537,IGHJ6,MIR4539,IGHJ3P"
14,106324654,106324654,1,snv_mnv,NA,NA,"broad,muse",2,COSN18975622,NA,(CAGCT)n,FALSE,0.7273,NA,8,3,NA,NA,NA,RNA,FALSE,FALSE,FALSE,FALSE,2,1,1,1_1,fa9996c3-b874-4424-a5a6-f1c7c0f42b9b,"IGHM,MIR4537,MIR4539,IGHJ6,MIR4507,IGHJ3P,MIR4538"
14,106325812,106325812,1,snv_mnv,NA,NA,"broad,muse",2,COSN18975629,NA,(CAGCT)n,FALSE,0.2778,NA,5,13,NA,NA,NA,RNA,FALSE,FALSE,FALSE,FALSE,2,1,1,1_1,fa9996c3-b874-4424-a5a6-f1c7c0f42b9b,"IGHJ5,IGHJ6,IGHM,IGHJ4,IGHJ3P"
14,106326011,106326011,1,snv_mnv,NA,NA,"broad,muse",2,COSN4754452,rs115497162,(CAGCT)n,FALSE,0.4545,NA,5,6,NA,NA,NA,RNA,FALSE,FALSE,FALSE,FALSE,2,1,1,1_1,fa9996c3-b874-4424-a5a6-f1c7c0f42b9b,NA
14,106458660,106458660,1,snv_mnv,NA,NA,"broad,muse,sanger",3,COSN18975611,NA,L1M5,FALSE,0.75,NA,9,3,NA,NA,NA,IGR,FALSE,FALSE,FALSE,FALSE,0,0,0,0_0,fa9996c3-b874-4424-a5a6-f1c7c0f42b9b,NA
15,20567297,20567297,1,snv_mnv,NA,NA,"broad,muse",2,COSN18975656,NA,L1MD2,FALSE,0.2105,NA,20,75,NA,NA,NA,IGR,FALSE,FALSE,FALSE,FALSE,2,1,1,1_1,fa9996c3-b874-4424-a5a6-f1c7c0f42b9b,AC026495.1
15,23973143,23973143,1,snv_mnv,NA,NA,"broad,dkfz,muse,sanger",4,COSN18975660,NA,NA,FALSE,0.375,NA,15,25,NA,NA,NA,IGR,FALSE,FALSE,FALSE,FALSE,2,1,1,1_1,fa9996c3-b874-4424-a5a6-f1c7c0f42b9b,NA
15,24003406,24003406,1,snv_mnv,NA,NA,"broad,dkfz,muse,sanger",4,COSN18975658,NA,MER21-int,FALSE,0.3,NA,9,21,NA,NA,NA,IGR,FALSE,FALSE,FALSE,FALSE,2,1,1,1_1,fa9996c3-b874-4424-a5a6-f1c7c0f42b9b,NA
15,24517837,24517837,1,snv_mnv,NA,NA,"broad,muse,sanger",3,COSN18975654,NA,L1MC3,FALSE,0.4706,NA,8,9,NA,NA,NA,lincRNA,FALSE,FALSE,FALSE,FALSE,2,1,1,1_1,fa9996c3-b874-4424-a5a6-f1c7c0f42b9b,NA
15,24956764,24956764,1,snv_mnv,NA,NA,"broad,dkfz,muse,sanger",4,COSN18975643,NA,L1MA6,FALSE,0.2703,NA,10,27,NA,NA,NA,IGR,FALSE,FALSE,FALSE,FALSE,2,1,1,1_1,fa9996c3-b874-4424-a5a6-f1c7c0f42b9b,NA
15,25069725,25069725,1,snv_mnv,NA,NA,"broad,dkfz",2,COSN18975647,NA,NA,FALSE,0.225,NA,9,31,NA,NA,NA,Intron,FALSE,FALSE,FALSE,FALSE,2,1,1,1_1,fa9996c3-b874-4424-a5a6-f1c7c0f42b9b,NA
15,34995652,34995652,1,snv_mnv,NA,NA,"broad,dkfz,muse,sanger",4,COSN18975650,NA,NA,FALSE,0.0968,NA,3,28,NA,NA,NA,IGR,FALSE,FALSE,FALSE,FALSE,2,1,1,1_1,fa9996c3-b874-4424-a5a6-f1c7c0f42b9b,NA
15,35687583,35687583,1,snv_mnv,NA,NA,"broad,dkfz,muse,sanger",4,COSN18975662,NA,NA,FALSE,0.4074,NA,11,16,NA,NA,NA,Intron,FALSE,FALSE,FALSE,FALSE,2,1,1,1_1,fa9996c3-b874-4424-a5a6-f1c7c0f42b9b,AC019288.1
15,38616278,38616278,1,snv_mnv,NA,NA,"broad,dkfz,muse,sanger",4,COSN18975661,NA,NA,FALSE,0.2857,NA,10,25,NA,NA,NA,Intron,FALSE,FALSE,FALSE,FALSE,2,1,1,1_1,fa9996c3-b874-4424-a5a6-f1c7c0f42b9b,NA
15,45327429,45327429,1,snv_mnv,NA,NA,"broad,muse,sanger",3,COSN18975640,NA,LTR12E,FALSE,0.375,NA,9,15,NA,NA,NA,Intron,FALSE,FALSE,FALSE,FALSE,2,1,1,1_1,fa9996c3-b874-4424-a5a6-f1c7c0f42b9b,SORD
15,46185235,46185235,1,snv_mnv,NA,NA,"broad,dkfz,muse,sanger",4,COSN18975645,NA,Charlie20a,FALSE,0.5,NA,20,20,NA,NA,NA,IGR,FALSE,FALSE,FALSE,FALSE,2,1,1,1_1,fa9996c3-b874-4424-a5a6-f1c7c0f42b9b,NA
15,54144260,54144260,1,snv_mnv,NA,NA,"broad,muse,sanger",3,COSN18975652,NA,MER21A,FALSE,0.1935,NA,6,25,NA,NA,NA,IGR,FALSE,FALSE,FALSE,FALSE,2,1,1,1_1,fa9996c3-b874-4424-a5a6-f1c7c0f42b9b,NA
15,55024962,55024962,1,snv_mnv,NA,NA,"broad,dkfz,muse,sanger",4,COSN18975638,NA,NA,FALSE,0.2222,NA,10,35,NA,NA,NA,IGR,FALSE,FALSE,FALSE,FALSE,2,1,1,1_1,fa9996c3-b874-4424-a5a6-f1c7c0f42b9b,NA
15,57573693,57573693,1,snv_mnv,NA,NA,"broad,dkfz,muse,sanger",4,COSN18975642,NA,MER1A,FALSE,0.25,NA,8,24,NA,NA,NA,Intron,FALSE,FALSE,FALSE,FALSE,2,1,1,1_1,fa9996c3-b874-4424-a5a6-f1c7c0f42b9b,"TCF12,RF01210"
15,59974978,59974978,1,snv_mnv,NA,NA,"broad,dkfz,muse,sanger",4,COSN18975651,NA,NA,FALSE,0.4,NA,14,21,NA,NA,NA,Intron,FALSE,FALSE,FALSE,FALSE,2,1,1,1_1,fa9996c3-b874-4424-a5a6-f1c7c0f42b9b,BNIP2
15,71888308,71888308,1,snv_mnv,NA,NA,"broad,dkfz,muse,sanger",4,COSN18975649,NA,NA,FALSE,0.275,NA,11,29,NA,NA,NA,Intron,FALSE,FALSE,FALSE,FALSE,2,1,1,1_1,fa9996c3-b874-4424-a5a6-f1c7c0f42b9b,NA
15,74082858,74082858,1,snv_mnv,7.9872e-4,rs192122083,"broad,dkfz,muse,sanger",4,COSN18975655,rs192122083,MSTD,FALSE,0.3548,NA,11,20,NA,NA,NA,IGR,FALSE,FALSE,FALSE,FALSE,2,1,1,1_1,fa9996c3-b874-4424-a5a6-f1c7c0f42b9b,NA
15,78061226,78061226,1,snv_mnv,NA,NA,"broad,dkfz,muse,sanger",4,COSN18975639,NA,NA,FALSE,0.2692,NA,7,19,NA,NA,NA,Intron,FALSE,FALSE,FALSE,FALSE,2,1,1,1_1,fa9996c3-b874-4424-a5a6-f1c7c0f42b9b,NA
15,82097517,82097517,1,snv_mnv,NA,NA,"broad,dkfz,muse,sanger",4,COSN18975657,NA,NA,FALSE,0.2927,NA,12,29,NA,NA,NA,IGR,FALSE,FALSE,FALSE,FALSE,2,1,1,1_1,fa9996c3-b874-4424-a5a6-f1c7c0f42b9b,NA
15,92003232,92003232,1,snv_mnv,NA,NA,"broad,dkfz,muse,sanger",4,COSN18975648,NA,MLT1B,FALSE,0.2647,NA,9,25,NA,NA,NA,IGR,FALSE,FALSE,FALSE,FALSE,2,1,1,1_1,fa9996c3-b874-4424-a5a6-f1c7c0f42b9b,AC104035.1
15,95954636,95954636,1,snv_mnv,NA,NA,"broad,dkfz,muse,sanger",4,COSN18975653,NA,NA,FALSE,0.3636,NA,12,21,NA,NA,NA,IGR,FALSE,FALSE,FALSE,FALSE,2,1,1,1_1,fa9996c3-b874-4424-a5a6-f1c7c0f42b9b,NA
15,98170507,98170507,1,snv_mnv,NA,NA,"broad,dkfz,muse,sanger",4,COSN18975641,NA,MLT1J,FALSE,0.2759,NA,8,21,NA,NA,NA,IGR,FALSE,FALSE,FALSE,FALSE,2,1,1,1_1,fa9996c3-b874-4424-a5a6-f1c7c0f42b9b,LINC00923
15,100693651,100693651,1,snv_mnv,NA,NA,"broad,dkfz,muse,sanger",4,COSN18975659,NA,AluSz,FALSE,0.3667,NA,11,19,NA,NA,NA,Intron,FALSE,FALSE,FALSE,FALSE,2,1,1,1_1,fa9996c3-b874-4424-a5a6-f1c7c0f42b9b,NA
16,5525191,5525191,1,snv_mnv,NA,NA,"broad,dkfz,muse,sanger",4,COSN18975243,NA,L1M6,FALSE,0.2143,NA,9,33,NA,NA,NA,RNA,FALSE,FALSE,FALSE,FALSE,2,1,1,1_1,fa9996c3-b874-4424-a5a6-f1c7c0f42b9b,NA
16,6764713,6764713,1,snv_mnv,NA,NA,"broad,dkfz,muse,sanger",4,COSN18975242,NA,NA,FALSE,0.3043,NA,7,16,NA,NA,NA,Intron,FALSE,FALSE,FALSE,FALSE,2,1,1,1_1,fa9996c3-b874-4424-a5a6-f1c7c0f42b9b,NA
16,7041404,7041404,1,snv_mnv,NA,NA,"broad,dkfz,muse,sanger",4,COSN18975233,NA,L2b,FALSE,0.5294,NA,18,16,NA,NA,NA,Intron,FALSE,FALSE,FALSE,FALSE,2,1,1,1_1,fa9996c3-b874-4424-a5a6-f1c7c0f42b9b,NA
16,13685645,13685645,1,snv_mnv,1.9968e-4,rs567046400,"broad,dkfz,muse,sanger",4,COSN18975250,rs567046400,AluSx,FALSE,0.4516,NA,14,17,NA,NA,NA,IGR,FALSE,FALSE,FALSE,FALSE,2,1,1,1_1,fa9996c3-b874-4424-a5a6-f1c7c0f42b9b,NA
16,19075502,19075502,1,snv_mnv,NA,NA,"broad,dkfz,muse,sanger",4,COSN18975240,NA,LTR8,FALSE,0.52,NA,13,12,NA,NA,NA,IGR,FALSE,FALSE,FALSE,FALSE,2,1,1,1_1,fa9996c3-b874-4424-a5a6-f1c7c0f42b9b,"COQ7,TMC7,AC099518.2"
16,26935487,26935487,1,snv_mnv,NA,NA,"broad,dkfz,muse",3,COSN18975231,NA,FLAM_C,FALSE,0.2903,NA,9,22,NA,NA,NA,IGR,FALSE,FALSE,FALSE,FALSE,2,1,1,1_1,fa9996c3-b874-4424-a5a6-f1c7c0f42b9b,NA
16,30802394,30802394,1,snv_mnv,NA,NA,"broad,dkfz,muse,sanger",4,COSN18975229,NA,AluY,FALSE,0.4839,NA,15,16,NA,NA,NA,IGR,FALSE,FALSE,FALSE,FALSE,2,1,1,1_1,fa9996c3-b874-4424-a5a6-f1c7c0f42b9b,ZNF629
16,49464749,49464749,1,snv_mnv,NA,NA,"broad,dkfz,muse,sanger",4,COSN18975244,NA,MER84,FALSE,0.4839,NA,15,16,NA,NA,NA,IGR,FALSE,FALSE,FALSE,FALSE,2,1,1,1_1,fa9996c3-b874-4424-a5a6-f1c7c0f42b9b,NA
16,55205445,55205445,1,snv_mnv,NA,NA,"broad,dkfz,muse,sanger",4,COSN18975245,NA,NA,FALSE,0.2258,NA,7,24,NA,NA,NA,IGR,FALSE,FALSE,FALSE,FALSE,2,1,1,1_1,fa9996c3-b874-4424-a5a6-f1c7c0f42b9b,NA
16,60358934,60358934,1,snv_mnv,NA,NA,"broad,dkfz,muse,sanger",4,COSN18975251,NA,NA,FALSE,0.3111,NA,14,31,NA,NA,NA,IGR,FALSE,FALSE,FALSE,FALSE,2,1,1,1_1,fa9996c3-b874-4424-a5a6-f1c7c0f42b9b,NA
16,61904578,61904578,1,snv_mnv,NA,NA,"broad,dkfz,muse,sanger",4,COSN18975237,NA,MER4B,FALSE,0.25,NA,9,27,NA,NA,NA,Intron,FALSE,FALSE,FALSE,FALSE,2,1,1,1_1,fa9996c3-b874-4424-a5a6-f1c7c0f42b9b,NA
16,62431568,62431568,1,snv_mnv,NA,NA,"broad,dkfz,muse,sanger",4,COSN18975252,NA,NA,FALSE,0.4545,NA,15,18,NA,NA,NA,IGR,FALSE,FALSE,FALSE,FALSE,2,1,1,1_1,fa9996c3-b874-4424-a5a6-f1c7c0f42b9b,NA
16,64033823,64033823,1,snv_mnv,NA,NA,"broad,dkfz,muse,sanger",4,COSN18975232,NA,AluSz,FALSE,0.5185,NA,14,13,NA,NA,NA,IGR,FALSE,FALSE,FALSE,FALSE,2,1,1,1_1,fa9996c3-b874-4424-a5a6-f1c7c0f42b9b,NA
16,76016647,76016647,1,snv_mnv,NA,NA,"broad,dkfz,muse,sanger",4,COSN18975241,NA,NA,FALSE,0.6071,NA,17,11,NA,NA,NA,IGR,FALSE,FALSE,FALSE,FALSE,2,1,1,1_1,fa9996c3-b874-4424-a5a6-f1c7c0f42b9b,NA
16,76538630,76538630,1,snv_mnv,NA,NA,"broad,dkfz,muse,sanger",4,COSN18975247,NA,L1ME1,FALSE,0.4138,NA,12,17,NA,NA,NA,Intron,FALSE,FALSE,FALSE,FALSE,2,1,1,1_1,fa9996c3-b874-4424-a5a6-f1c7c0f42b9b,NA
16,80072079,80072079,1,snv_mnv,NA,NA,"broad,dkfz,muse,sanger",4,COSN18975249,NA,MIRc,FALSE,0.4359,NA,17,22,NA,NA,NA,lincRNA,FALSE,FALSE,FALSE,FALSE,2,1,1,1_1,fa9996c3-b874-4424-a5a6-f1c7c0f42b9b,AC092130.1
16,82411190,82411190,1,snv_mnv,NA,NA,"broad,muse,sanger",3,COSN18975238,NA,L1PA8,FALSE,0.1515,NA,5,28,NA,NA,NA,IGR,FALSE,FALSE,FALSE,FALSE,2,1,1,1_1,fa9996c3-b874-4424-a5a6-f1c7c0f42b9b,NA
16,83466123,83466123,1,snv_mnv,NA,NA,"broad,dkfz,muse,sanger",4,COSN18975248,NA,NA,FALSE,0.2,NA,6,24,NA,NA,NA,Intron,FALSE,FALSE,FALSE,FALSE,2,1,1,1_1,fa9996c3-b874-4424-a5a6-f1c7c0f42b9b,NA
16,83553391,83553391,1,snv_mnv,NA,NA,"broad,dkfz,muse,sanger",4,COSN18975246,NA,NA,FALSE,0.4333,NA,13,17,NA,NA,NA,Intron,FALSE,FALSE,FALSE,FALSE,2,1,1,1_1,fa9996c3-b874-4424-a5a6-f1c7c0f42b9b,NA
16,85317040,85317040,1,snv_mnv,NA,NA,"broad,dkfz,muse,sanger",4,COSN18975253,NA,NA,FALSE,0.24,NA,6,19,NA,NA,NA,lincRNA,FALSE,FALSE,FALSE,FALSE,2,1,1,1_1,fa9996c3-b874-4424-a5a6-f1c7c0f42b9b,COX6CP16
16,89224900,89224900,1,snv_mnv,NA,NA,"broad,dkfz,muse,sanger",4,COSN18975236,NA,NA,FALSE,0.4444,NA,16,20,NA,NA,NA,IGR,FALSE,FALSE,FALSE,FALSE,2,1,1,1_1,fa9996c3-b874-4424-a5a6-f1c7c0f42b9b,"ACSF3,LINC00304"
17,9702971,9702971,1,snv_mnv,NA,NA,"broad,dkfz,muse",3,COSN18974991,NA,L2a,FALSE,0.4103,NA,16,23,NA,NA,NA,Intron,FALSE,FALSE,FALSE,FALSE,2,1,1,1_1,fa9996c3-b874-4424-a5a6-f1c7c0f42b9b,GSG1L2
17,11812384,11812384,1,snv_mnv,NA,NA,"broad,dkfz,muse,sanger",4,COSN18974987,NA,L1MA5A,FALSE,0.4595,NA,17,20,NA,NA,NA,Intron,FALSE,FALSE,FALSE,FALSE,2,1,1,1_1,fa9996c3-b874-4424-a5a6-f1c7c0f42b9b,NA
17,14683160,14683160,1,snv_mnv,NA,NA,"broad,dkfz,muse,sanger",4,COSN18975003,NA,NA,FALSE,0.3448,NA,10,19,NA,NA,NA,lincRNA,FALSE,FALSE,FALSE,FALSE,2,1,1,1_1,fa9996c3-b874-4424-a5a6-f1c7c0f42b9b,NA
17,26630738,26630738,1,snv_mnv,NA,NA,"broad,dkfz,muse,sanger",4,COSN18974992,NA,NA,FALSE,0.6,NA,24,16,NA,NA,NA,RNA,FALSE,FALSE,FALSE,FALSE,2,1,1,1_1,fa9996c3-b874-4424-a5a6-f1c7c0f42b9b,NA
17,39116410,39116410,1,snv_mnv,NA,NA,"broad,dkfz,muse,sanger",4,COSN18974994,NA,NA,FALSE,0.4545,NA,10,12,NA,NA,NA,Intron,FALSE,FALSE,FALSE,FALSE,2,1,1,1_1,fa9996c3-b874-4424-a5a6-f1c7c0f42b9b,NA
17,39769031,39769031,1,snv_mnv,NA,NA,"broad,muse,sanger",3,COSN18974986,NA,NA,FALSE,0.28,NA,7,18,NA,NA,NA,5'Flank,FALSE,FALSE,FALSE,FALSE,2,1,1,1_1,fa9996c3-b874-4424-a5a6-f1c7c0f42b9b,KRT16
17,46880492,46880492,1,snv_mnv,NA,NA,"broad,dkfz,muse,sanger",4,COSN18975004,NA,AluSp,FALSE,0.2727,NA,9,24,NA,NA,NA,Intron,FALSE,FALSE,FALSE,FALSE,2,1,1,1_1,fa9996c3-b874-4424-a5a6-f1c7c0f42b9b,TTLL6
17,48930642,48930642,1,snv_mnv,NA,NA,"broad,dkfz,muse,sanger",4,COSN18974995,NA,NA,FALSE,0.2571,NA,9,26,NA,NA,NA,IGR,FALSE,FALSE,FALSE,FALSE,2,1,1,1_1,fa9996c3-b874-4424-a5a6-f1c7c0f42b9b,RPL5P33
17,49555488,49555488,1,snv_mnv,NA,NA,"broad,dkfz,muse,sanger",4,COSN18975002,NA,MER117,FALSE,0.375,NA,12,20,NA,NA,NA,IGR,FALSE,FALSE,FALSE,FALSE,2,1,1,1_1,fa9996c3-b874-4424-a5a6-f1c7c0f42b9b,NA
17,49618217,49618217,1,snv_mnv,NA,NA,"broad,muse",2,COSN18975007,rs745990665,L1MB3,FALSE,0.15,NA,3,17,NA,NA,NA,IGR,FALSE,FALSE,FALSE,FALSE,2,1,1,1_1,fa9996c3-b874-4424-a5a6-f1c7c0f42b9b,NA
17,49799496,49799496,1,snv_mnv,NA,NA,"broad,dkfz,muse,sanger",4,COSN18974989,NA,MER21C,FALSE,0.3725,NA,19,32,NA,NA,NA,Intron,FALSE,FALSE,FALSE,FALSE,2,1,1,1_1,fa9996c3-b874-4424-a5a6-f1c7c0f42b9b,NA
17,50098684,50098684,1,snv_mnv,NA,NA,"broad,dkfz,muse,sanger",4,COSN18975006,NA,L1P4,FALSE,0.4524,NA,19,23,NA,NA,NA,Intron,FALSE,FALSE,FALSE,FALSE,2,1,1,1_1,fa9996c3-b874-4424-a5a6-f1c7c0f42b9b,NA
17,50180283,50180283,1,snv_mnv,3.9936e-4,rs187405811,"dkfz,sanger",2,COSN18974999,rs187405811,NA,FALSE,0.4828,NA,14,15,NA,NA,NA,Intron,FALSE,FALSE,FALSE,FALSE,2,1,1,1_1,fa9996c3-b874-4424-a5a6-f1c7c0f42b9b,NA
17,51669145,51669145,1,snv_mnv,NA,NA,"broad,dkfz,muse,sanger",4,COSN18974990,NA,NA,FALSE,0.2059,NA,7,27,NA,NA,NA,IGR,FALSE,FALSE,FALSE,FALSE,2,1,1,1_1,fa9996c3-b874-4424-a5a6-f1c7c0f42b9b,NA
17,54304543,54304543,1,snv_mnv,NA,NA,"broad,dkfz,muse,sanger",4,COSN18974988,NA,NA,FALSE,0.3438,NA,11,21,NA,NA,NA,Intron,FALSE,FALSE,FALSE,FALSE,2,1,1,1_1,fa9996c3-b874-4424-a5a6-f1c7c0f42b9b,ANKFN1
17,56408210,56408210,1,snv_mnv,NA,NA,"broad,dkfz,muse,sanger",4,COSN18975000,NA,NA,FALSE,0.2667,NA,4,11,NA,NA,NA,5'Flank,FALSE,FALSE,FALSE,FALSE,2,1,1,1_1,fa9996c3-b874-4424-a5a6-f1c7c0f42b9b,"TSPOAP1,AC004687.1,MIR142"
17,65872899,65872899,1,snv_mnv,NA,NA,"broad,dkfz,muse,sanger",4,COSN18974996,NA,AluSx,FALSE,0.3235,NA,11,23,NA,NA,NA,Intron,FALSE,FALSE,FALSE,FALSE,2,1,1,1_1,fa9996c3-b874-4424-a5a6-f1c7c0f42b9b,NA
17,66780695,66780695,1,snv_mnv,NA,NA,"broad,dkfz,muse,sanger",4,COSN18975005,NA,NA,FALSE,0.575,NA,23,17,NA,NA,NA,IGR,FALSE,FALSE,FALSE,FALSE,2,1,1,1_1,fa9996c3-b874-4424-a5a6-f1c7c0f42b9b,NA
17,72082707,72082707,1,snv_mnv,1.9968e-4,rs540806094,"broad,muse,sanger",3,COSN18974997,rs540806094,AluSc,FALSE,0.1714,NA,6,29,NA,NA,NA,lincRNA,FALSE,FALSE,FALSE,FALSE,2,1,1,1_1,fa9996c3-b874-4424-a5a6-f1c7c0f42b9b,NA
18,357076,357076,1,snv_mnv,NA,NA,"broad,dkfz,muse,sanger",4,COSN18975210,NA,NA,FALSE,0.4583,NA,11,13,NA,NA,NA,Intron,FALSE,FALSE,FALSE,FALSE,2,1,1,1_1,fa9996c3-b874-4424-a5a6-f1c7c0f42b9b,NA
18,6935502,6935502,1,snv_mnv,NA,NA,"broad,dkfz,muse,sanger",4,COSN18975225,NA,L1MEf,FALSE,0.3429,NA,12,23,NA,NA,NA,RNA,FALSE,FALSE,FALSE,FALSE,2,1,1,1_1,fa9996c3-b874-4424-a5a6-f1c7c0f42b9b,RNU6-916P
18,7436098,7436098,1,snv_mnv,NA,NA,"broad,muse,sanger",3,COSN18975202,NA,MIR,FALSE,0.1852,NA,5,22,NA,NA,NA,IGR,FALSE,FALSE,FALSE,FALSE,2,1,1,1_1,fa9996c3-b874-4424-a5a6-f1c7c0f42b9b,NA
18,7436145,7436145,1,snv_mnv,NA,NA,"broad,dkfz,muse,sanger",4,COSN18975205,NA,MIR,FALSE,0.2286,NA,8,27,NA,NA,NA,IGR,FALSE,FALSE,FALSE,FALSE,2,1,1,1_1,fa9996c3-b874-4424-a5a6-f1c7c0f42b9b,NA
18,9670181,9670181,1,snv_mnv,NA,NA,"broad,muse,sanger",3,COSN18975208,NA,AluSx,FALSE,0.35,NA,7,13,NA,NA,NA,IGR,FALSE,FALSE,FALSE,FALSE,2,1,1,1_1,fa9996c3-b874-4424-a5a6-f1c7c0f42b9b,NA
18,12020897,12020897,1,snv_mnv,NA,NA,"broad,dkfz,muse,sanger",4,COSN18975187,NA,L1MC4,FALSE,0.2258,NA,7,24,NA,NA,NA,Intron,FALSE,FALSE,FALSE,FALSE,2,1,1,1_1,fa9996c3-b874-4424-a5a6-f1c7c0f42b9b,IMPA2
18,12590169,12590169,1,snv_mnv,NA,NA,"broad,dkfz,muse,sanger",4,COSN18975216,NA,AluSq2,FALSE,0.2222,NA,6,21,NA,NA,NA,Intron,FALSE,FALSE,FALSE,FALSE,2,1,1,1_1,fa9996c3-b874-4424-a5a6-f1c7c0f42b9b,NA
18,13780341,13780341,1,snv_mnv,NA,NA,"broad,dkfz,muse,sanger",4,COSN18975196,NA,L1M2,FALSE,0.3556,NA,16,29,NA,NA,NA,IGR,FALSE,FALSE,FALSE,FALSE,2,1,1,1_1,fa9996c3-b874-4424-a5a6-f1c7c0f42b9b,NA
18,13940115,13940115,1,snv_mnv,NA,NA,"dkfz,muse,sanger",3,COSN18975204,NA,AluSx1,FALSE,0.1842,NA,7,31,NA,NA,NA,IGR,FALSE,FALSE,FALSE,FALSE,2,1,1,1_1,fa9996c3-b874-4424-a5a6-f1c7c0f42b9b,NA
18,20352766,20352766,1,snv_mnv,NA,NA,"broad,dkfz,muse,sanger",4,COSN18975220,NA,AluSx,FALSE,0.3143,NA,11,24,NA,NA,NA,RNA,FALSE,FALSE,FALSE,FALSE,2,1,1,1_1,fa9996c3-b874-4424-a5a6-f1c7c0f42b9b,NA
18,20872565,20872565,1,snv_mnv,NA,NA,"broad,dkfz,muse,sanger",4,COSN18975211,NA,NA,FALSE,0.4,NA,12,18,NA,NA,NA,Intron,FALSE,FALSE,FALSE,FALSE,2,1,1,1_1,fa9996c3-b874-4424-a5a6-f1c7c0f42b9b,TMEM241
18,24639736,24639736,1,snv_mnv,NA,NA,"broad,muse",2,COSN19559709,NA,NA,FALSE,0.1081,NA,4,33,NA,NA,NA,Intron,FALSE,FALSE,FALSE,FALSE,2,1,1,1_1,fa9996c3-b874-4424-a5a6-f1c7c0f42b9b,NA
18,27538761,27538761,1,snv_mnv,NA,NA,"broad,dkfz,muse,sanger",4,COSN18975213,NA,AT_rich,FALSE,0.2667,NA,8,22,NA,NA,NA,IGR,FALSE,FALSE,FALSE,FALSE,2,1,1,1_1,fa9996c3-b874-4424-a5a6-f1c7c0f42b9b,NA
18,28143600,28143600,1,snv_mnv,NA,NA,"broad,dkfz,muse,sanger",4,COSN18975195,NA,L1ME1,FALSE,0.3714,NA,13,22,NA,NA,NA,IGR,FALSE,FALSE,FALSE,FALSE,2,1,1,1_1,fa9996c3-b874-4424-a5a6-f1c7c0f42b9b,NA
18,31936376,31936376,1,snv_mnv,NA,NA,"broad,dkfz,muse,sanger",4,COSN18975218,NA,MLT1C,FALSE,0.1395,NA,6,37,NA,NA,NA,IGR,FALSE,FALSE,FALSE,FALSE,2,1,1,1_1,fa9996c3-b874-4424-a5a6-f1c7c0f42b9b,NA
18,35538615,35538615,1,snv_mnv,3.9936e-4,rs556713467,"broad,dkfz,muse,sanger",4,COSN18975206,rs556713467,NA,FALSE,0.2941,NA,10,24,NA,NA,NA,IGR,FALSE,FALSE,FALSE,FALSE,2,1,1,1_1,fa9996c3-b874-4424-a5a6-f1c7c0f42b9b,NA
18,35596989,35596989,1,snv_mnv,NA,NA,"broad,muse,sanger",3,COSN18975194,NA,L1PA10,FALSE,0.3462,NA,9,17,NA,NA,NA,IGR,FALSE,FALSE,FALSE,FALSE,2,1,1,1_1,fa9996c3-b874-4424-a5a6-f1c7c0f42b9b,NA
18,40500836,40500836,1,snv_mnv,NA,NA,"broad,dkfz,muse,sanger",4,COSN18975215,NA,NA,FALSE,0.186,NA,8,35,NA,NA,NA,Intron,FALSE,FALSE,FALSE,FALSE,2,1,1,1_1,fa9996c3-b874-4424-a5a6-f1c7c0f42b9b,RIT2
18,40931736,40931736,1,snv_mnv,NA,NA,"broad,muse,sanger",3,COSN18975193,NA,LTR33,FALSE,0.1471,NA,5,29,NA,NA,NA,IGR,FALSE,FALSE,FALSE,FALSE,2,1,1,1_1,fa9996c3-b874-4424-a5a6-f1c7c0f42b9b,NA
18,41195394,41195394,1,snv_mnv,NA,NA,"broad,dkfz,muse,sanger",4,COSN18975221,NA,L1ME3A,FALSE,0.4865,NA,18,19,NA,NA,NA,IGR,FALSE,FALSE,FALSE,FALSE,2,1,1,1_1,fa9996c3-b874-4424-a5a6-f1c7c0f42b9b,NA
18,41985159,41985159,1,snv_mnv,NA,NA,"broad,dkfz,muse,sanger",4,COSN18975219,NA,AluSx3,FALSE,0.4583,NA,11,13,NA,NA,NA,lincRNA,FALSE,FALSE,FALSE,FALSE,2,1,1,1_1,fa9996c3-b874-4424-a5a6-f1c7c0f42b9b,NA
18,44966730,44966730,1,snv_mnv,NA,NA,"broad,dkfz,muse,sanger",4,COSN18975189,NA,NA,FALSE,0.3333,NA,11,22,NA,NA,NA,IGR,FALSE,FALSE,FALSE,FALSE,2,1,1,1_1,fa9996c3-b874-4424-a5a6-f1c7c0f42b9b,NA
18,45211987,45211987,1,snv_mnv,NA,NA,"broad,dkfz,muse,sanger",4,COSN18975199,NA,MLT1I,FALSE,0.3636,NA,16,28,NA,NA,NA,IGR,FALSE,FALSE,FALSE,FALSE,2,1,1,1_1,fa9996c3-b874-4424-a5a6-f1c7c0f42b9b,NA
18,47444904,47444904,1,snv_mnv,NA,NA,"broad,dkfz,muse,sanger",4,COSN18975209,NA,NA,FALSE,0.6897,NA,20,9,NA,NA,NA,Intron,FALSE,FALSE,FALSE,FALSE,2,1,1,1_1,fa9996c3-b874-4424-a5a6-f1c7c0f42b9b,NA
18,49600734,49600734,1,snv_mnv,NA,NA,"broad,dkfz,muse,sanger",4,COSN18975188,NA,L1MA3,FALSE,0.3784,NA,14,23,NA,NA,NA,IGR,FALSE,FALSE,FALSE,FALSE,2,1,1,1_1,fa9996c3-b874-4424-a5a6-f1c7c0f42b9b,NA
18,53517472,53517472,1,snv_mnv,NA,NA,"broad,dkfz,muse,sanger",4,COSN18975214,NA,NA,FALSE,0.3235,NA,11,23,NA,NA,NA,IGR,FALSE,FALSE,FALSE,FALSE,2,1,1,1_1,fa9996c3-b874-4424-a5a6-f1c7c0f42b9b,NA
18,56920794,56920794,1,snv_mnv,NA,NA,"broad,dkfz,muse,sanger",4,COSN18975198,NA,AluSx,FALSE,0.2903,NA,9,22,NA,NA,NA,IGR,FALSE,FALSE,FALSE,FALSE,2,1,1,1_1,fa9996c3-b874-4424-a5a6-f1c7c0f42b9b,NA
18,58290047,58290047,1,snv_mnv,NA,NA,"broad,dkfz,muse,sanger",4,COSN18975224,NA,NA,FALSE,0.2778,NA,10,26,NA,NA,NA,IGR,FALSE,FALSE,FALSE,FALSE,2,1,1,1_1,fa9996c3-b874-4424-a5a6-f1c7c0f42b9b,NA
18,58919312,58919312,1,snv_mnv,NA,NA,"broad,dkfz,muse,sanger",4,COSN18975197,NA,L2c,FALSE,0.5,NA,16,16,NA,NA,NA,IGR,FALSE,FALSE,FALSE,FALSE,2,1,1,1_1,fa9996c3-b874-4424-a5a6-f1c7c0f42b9b,NA
18,60134211,60134211,1,snv_mnv,NA,NA,"broad,muse,sanger",3,COSN18975191,NA,FLAM_C,FALSE,0.16,NA,4,21,NA,NA,NA,IGR,FALSE,FALSE,FALSE,FALSE,2,1,1,1_1,fa9996c3-b874-4424-a5a6-f1c7c0f42b9b,NA
18,63751406,63751406,1,snv_mnv,NA,NA,"broad,dkfz,muse,sanger",4,COSN18975222,NA,NA,FALSE,0.3077,NA,12,27,NA,NA,NA,IGR,FALSE,FALSE,FALSE,FALSE,2,1,1,1_1,fa9996c3-b874-4424-a5a6-f1c7c0f42b9b,NA
18,70034928,70034928,1,snv_mnv,NA,NA,"broad,dkfz,muse,sanger",4,COSN18975200,NA,NA,FALSE,0.2647,NA,9,25,NA,NA,NA,IGR,FALSE,FALSE,FALSE,FALSE,2,1,1,1_1,fa9996c3-b874-4424-a5a6-f1c7c0f42b9b,NA
18,70384802,70384802,1,snv_mnv,NA,NA,"broad,dkfz,muse,sanger",4,COSN18975203,NA,NA,FALSE,0.3636,NA,12,21,NA,NA,NA,IGR,FALSE,FALSE,FALSE,FALSE,2,1,1,1_1,fa9996c3-b874-4424-a5a6-f1c7c0f42b9b,NA
18,71490927,71490927,1,snv_mnv,NA,NA,"broad,dkfz,muse,sanger",4,COSN18975207,NA,L1MC4a,FALSE,0.5333,NA,16,14,NA,NA,NA,IGR,FALSE,FALSE,FALSE,FALSE,2,1,1,1_1,fa9996c3-b874-4424-a5a6-f1c7c0f42b9b,NA
18,73223852,73223852,1,snv_mnv,0.0031949,rs193180797,"broad,muse",2,COSN9225497,rs193180797,AluYb8,FALSE,0.1143,NA,4,31,NA,NA,NA,IGR,FALSE,FALSE,FALSE,FALSE,2,1,1,1_1,fa9996c3-b874-4424-a5a6-f1c7c0f42b9b,NA
18,76128266,76128266,1,snv_mnv,NA,NA,"broad,dkfz,muse,sanger",4,COSN18975212,NA,NA,FALSE,0.4146,NA,17,24,NA,NA,NA,IGR,FALSE,FALSE,FALSE,FALSE,2,1,1,1_1,fa9996c3-b874-4424-a5a6-f1c7c0f42b9b,NA
19,1409903,1409903,1,snv_mnv,NA,NA,"broad,dkfz,muse,sanger",4,COSN18975809,NA,NA,FALSE,0.3333,NA,8,16,NA,NA,NA,Intron,FALSE,FALSE,FALSE,FALSE,2,1,1,1_1,fa9996c3-b874-4424-a5a6-f1c7c0f42b9b,NA
19,6067167,6067167,1,snv_mnv,NA,NA,"broad,dkfz,muse,sanger",4,COSN18975811,NA,NA,FALSE,0.3824,NA,13,21,NA,NA,NA,Intron,FALSE,FALSE,FALSE,FALSE,2,1,1,1_1,fa9996c3-b874-4424-a5a6-f1c7c0f42b9b,AC011444.2
19,7298770,7298770,1,snv_mnv,NA,NA,"broad,dkfz,muse,sanger",4,COSN18975804,NA,AluSz6,FALSE,0.2703,NA,10,27,NA,NA,NA,IGR,FALSE,FALSE,FALSE,FALSE,2,1,1,1_1,fa9996c3-b874-4424-a5a6-f1c7c0f42b9b,INSR
19,8154089,8154089,1,snv_mnv,NA,NA,"broad,dkfz,muse",3,COSN18975810,NA,(TGAA)n,FALSE,0.2609,NA,6,17,NA,NA,NA,Intron,FALSE,FALSE,FALSE,FALSE,2,1,1,1_1,fa9996c3-b874-4424-a5a6-f1c7c0f42b9b,NA
19,13489266,13489266,1,snv_mnv,NA,NA,"broad,dkfz,muse,sanger",4,COSN18975808,NA,Tigger1,FALSE,0.2432,NA,9,28,NA,NA,NA,Intron,FALSE,FALSE,FALSE,FALSE,2,1,1,1_1,fa9996c3-b874-4424-a5a6-f1c7c0f42b9b,NA
19,24165119,24165119,1,snv_mnv,NA,NA,"broad,muse,sanger",3,COSN18975812,NA,NA,FALSE,0.4286,NA,15,20,NA,NA,NA,IGR,FALSE,FALSE,FALSE,FALSE,2,1,1,1_1,fa9996c3-b874-4424-a5a6-f1c7c0f42b9b,NA
19,31993190,31993190,1,snv_mnv,NA,NA,"broad,dkfz,muse,sanger",4,COSN18975806,NA,NA,FALSE,0.2222,NA,6,21,NA,NA,NA,IGR,FALSE,FALSE,FALSE,FALSE,2,1,1,1_1,fa9996c3-b874-4424-a5a6-f1c7c0f42b9b,NA
19,40451716,40451716,1,snv_mnv,NA,NA,"broad,dkfz,muse,sanger",4,COSN18975807,NA,AluY,FALSE,0.5294,NA,9,8,NA,NA,NA,IGR,FALSE,FALSE,FALSE,FALSE,2,1,1,1_1,fa9996c3-b874-4424-a5a6-f1c7c0f42b9b,PRR13P5
19,43607946,43607946,1,snv_mnv,NA,NA,"broad,muse,sanger",3,COSN18975805,NA,HUERS-P3b-int,FALSE,0.25,NA,7,21,NA,NA,NA,IGR,FALSE,FALSE,FALSE,FALSE,2,1,1,1_1,fa9996c3-b874-4424-a5a6-f1c7c0f42b9b,NA
19,52642545,52642545,1,snv_mnv,NA,NA,"broad,muse,sanger",3,COSN18975816,NA,NA,FALSE,0.4348,NA,10,13,NA,NA,NA,Intron,FALSE,FALSE,FALSE,FALSE,2,1,1,1_1,fa9996c3-b874-4424-a5a6-f1c7c0f42b9b,"ZNF616,RPL37P23,AC011468.3"
2,1912597,1912597,1,snv_mnv,NA,NA,"broad,dkfz,muse,sanger",4,COSN18975074,NA,NA,FALSE,0.4815,NA,13,14,NA,NA,NA,Intron,FALSE,FALSE,FALSE,FALSE,2,1,1,1_1,fa9996c3-b874-4424-a5a6-f1c7c0f42b9b,NA
2,6009023,6009023,1,snv_mnv,NA,NA,"broad,dkfz,muse,sanger",4,COSN18975109,NA,NA,FALSE,0.1667,NA,4,20,NA,NA,NA,IGR,FALSE,FALSE,FALSE,FALSE,2,1,1,1_1,fa9996c3-b874-4424-a5a6-f1c7c0f42b9b,NA
2,6554569,6554569,1,snv_mnv,NA,NA,"broad,dkfz,muse,sanger",4,COSN18975014,NA,L1ME3D,FALSE,0.4444,NA,16,20,NA,NA,NA,IGR,FALSE,FALSE,FALSE,FALSE,2,1,1,1_1,fa9996c3-b874-4424-a5a6-f1c7c0f42b9b,NA
2,7640484,7640484,1,snv_mnv,NA,NA,"broad,dkfz,muse,sanger",4,COSN18975052,NA,NA,FALSE,0.45,NA,18,22,NA,NA,NA,IGR,FALSE,FALSE,FALSE,FALSE,2,1,1,1_1,fa9996c3-b874-4424-a5a6-f1c7c0f42b9b,NA
2,12516536,12516536,1,snv_mnv,NA,NA,"broad,dkfz,muse,sanger",4,COSN18975016,NA,NA,FALSE,0.3023,NA,13,30,NA,NA,NA,lincRNA,FALSE,FALSE,FALSE,FALSE,2,1,1,1_1,fa9996c3-b874-4424-a5a6-f1c7c0f42b9b,NA
2,14947045,14947045,1,snv_mnv,NA,NA,"broad,dkfz,muse,sanger",4,COSN18975106,NA,NA,FALSE,0.3947,NA,15,23,NA,NA,NA,IGR,FALSE,FALSE,FALSE,FALSE,2,1,1,1_1,fa9996c3-b874-4424-a5a6-f1c7c0f42b9b,NA
2,16785688,16785688,1,snv_mnv,NA,NA,"broad,dkfz,muse,sanger",4,COSN18975100,NA,NA,FALSE,0.4444,NA,12,15,NA,NA,NA,Intron,FALSE,FALSE,FALSE,FALSE,2,1,1,1_1,fa9996c3-b874-4424-a5a6-f1c7c0f42b9b,NA
2,17791506,17791506,1,snv_mnv,NA,NA,"broad,dkfz,muse,sanger",4,COSN18975038,NA,L2b,FALSE,0.4516,NA,14,17,NA,NA,NA,Intron,FALSE,FALSE,FALSE,FALSE,2,1,1,1_1,fa9996c3-b874-4424-a5a6-f1c7c0f42b9b,NA
2,18769909,18769909,1,snv_mnv,NA,NA,"broad,dkfz,muse,sanger",4,COSN18975018,NA,L2a,FALSE,0.1892,NA,7,30,NA,NA,NA,Intron,FALSE,FALSE,FALSE,FALSE,2,1,1,1_1,fa9996c3-b874-4424-a5a6-f1c7c0f42b9b,NT5C1B
2,19477224,19477224,1,snv_mnv,NA,NA,"broad,dkfz,muse,sanger",4,COSN18975027,NA,NA,FALSE,0.1373,NA,7,44,NA,NA,NA,IGR,FALSE,FALSE,FALSE,FALSE,2,1,1,1_1,fa9996c3-b874-4424-a5a6-f1c7c0f42b9b,NA
2,26113984,26113984,1,snv_mnv,NA,NA,"broad,dkfz,muse,sanger",4,COSN18975021,NA,Charlie18a,FALSE,0.3333,NA,12,24,NA,NA,NA,IGR,FALSE,FALSE,FALSE,FALSE,2,1,1,1_1,fa9996c3-b874-4424-a5a6-f1c7c0f42b9b,NDUFB4P4
2,28796863,28796863,1,snv_mnv,NA,NA,"broad,dkfz,muse,sanger",4,COSN18975060,NA,NA,FALSE,0.28,NA,7,18,NA,NA,NA,Intron,FALSE,FALSE,FALSE,FALSE,2,1,1,1_1,fa9996c3-b874-4424-a5a6-f1c7c0f42b9b,NA
2,32492681,32492681,1,snv_mnv,NA,NA,"broad,dkfz,muse,sanger",4,COSN18975028,NA,NA,FALSE,0.1613,NA,5,26,NA,NA,NA,5'Flank,FALSE,FALSE,FALSE,FALSE,2,1,1,1_1,fa9996c3-b874-4424-a5a6-f1c7c0f42b9b,NLRC4
2,34405094,34405094,1,snv_mnv,NA,NA,"broad,dkfz,muse,sanger",4,COSN18975068,NA,NA,FALSE,0.1429,NA,5,30,NA,NA,NA,lincRNA,FALSE,FALSE,FALSE,FALSE,2,1,1,1_1,fa9996c3-b874-4424-a5a6-f1c7c0f42b9b,NA
2,34526901,34526901,1,snv_mnv,NA,NA,"broad,dkfz,muse,sanger",4,COSN18975024,NA,MSTB1,FALSE,0.3636,NA,16,28,NA,NA,NA,IGR,FALSE,FALSE,FALSE,FALSE,2,1,1,1_1,fa9996c3-b874-4424-a5a6-f1c7c0f42b9b,LINC01317
2,35597448,35597448,1,snv_mnv,NA,NA,"broad,dkfz,muse,sanger",4,COSN18975070,NA,MSTA-int,FALSE,0.3438,NA,11,21,NA,NA,NA,IGR,FALSE,FALSE,FALSE,FALSE,2,1,1,1_1,fa9996c3-b874-4424-a5a6-f1c7c0f42b9b,NA
2,36317066,36317066,1,snv_mnv,NA,NA,"broad,dkfz,muse,sanger",4,COSN18975096,NA,L1PA8,FALSE,0.5312,NA,17,15,NA,NA,NA,IGR,FALSE,FALSE,FALSE,FALSE,2,1,1,1_1,fa9996c3-b874-4424-a5a6-f1c7c0f42b9b,NA
2,37557458,37557458,1,snv_mnv,NA,NA,"broad,dkfz,muse,sanger",4,COSN18975013,NA,MIRb,FALSE,0.35,NA,14,26,NA,NA,NA,RNA,FALSE,FALSE,FALSE,FALSE,2,1,1,1_1,fa9996c3-b874-4424-a5a6-f1c7c0f42b9b,"AC007391.1,RNU6-939P"
2,40669107,40669107,1,snv_mnv,NA,NA,"broad,dkfz,muse,sanger",4,COSN18975082,NA,L1P2,FALSE,0.3871,NA,12,19,NA,NA,NA,Intron,FALSE,FALSE,FALSE,FALSE,2,1,1,1_1,fa9996c3-b874-4424-a5a6-f1c7c0f42b9b,NA
2,48157976,48157976,1,snv_mnv,NA,NA,"broad,dkfz,muse,sanger",4,COSN18975053,NA,L1MB3,FALSE,0.3,NA,9,21,NA,NA,NA,IGR,FALSE,FALSE,FALSE,FALSE,2,1,1,1_1,fa9996c3-b874-4424-a5a6-f1c7c0f42b9b,NA
2,49054149,49054149,1,snv_mnv,NA,NA,"broad,dkfz,muse,sanger",4,COSN18975960,rs368687884,L1PA12,FALSE,0.2667,NA,8,22,NA,NA,NA,IGR,FALSE,FALSE,FALSE,FALSE,2,1,1,1_1,fa9996c3-b874-4424-a5a6-f1c7c0f42b9b,NA
2,50179180,50179180,1,snv_mnv,NA,NA,"broad,dkfz,muse,sanger",4,COSN18975083,NA,MIR3,FALSE,0.4688,NA,15,17,NA,NA,NA,Intron,FALSE,FALSE,FALSE,FALSE,2,1,1,1_1,fa9996c3-b874-4424-a5a6-f1c7c0f42b9b,NA
2,53633606,53633606,1,snv_mnv,NA,NA,"broad,dkfz,muse,sanger",4,COSN18975022,NA,MLT1J,FALSE,0.45,NA,18,22,NA,NA,NA,IGR,FALSE,FALSE,FALSE,FALSE,2,1,1,1_1,fa9996c3-b874-4424-a5a6-f1c7c0f42b9b,NA
2,57072533,57072533,1,snv_mnv,NA,NA,"broad,dkfz,muse,sanger",4,COSN18975076,NA,NA,FALSE,0.2703,NA,10,27,NA,NA,NA,IGR,FALSE,FALSE,FALSE,FALSE,2,1,1,1_1,fa9996c3-b874-4424-a5a6-f1c7c0f42b9b,NA
2,57388575,57388575,1,snv_mnv,NA,NA,"broad,dkfz,muse,sanger",4,COSN18975031,NA,NA,FALSE,0.1702,NA,8,39,NA,NA,NA,IGR,FALSE,FALSE,FALSE,FALSE,2,1,1,1_1,fa9996c3-b874-4424-a5a6-f1c7c0f42b9b,NA
2,59345573,59345573,1,snv_mnv,NA,NA,"broad,dkfz,muse,sanger",4,COSN18975036,NA,NA,FALSE,0.3871,NA,12,19,NA,NA,NA,IGR,FALSE,FALSE,FALSE,FALSE,2,1,1,1_1,fa9996c3-b874-4424-a5a6-f1c7c0f42b9b,NA
2,64144859,64144859,1,snv_mnv,NA,NA,"broad,dkfz,muse,sanger",4,COSN18975080,NA,NA,FALSE,0.36,NA,9,16,NA,NA,NA,Intron,FALSE,FALSE,FALSE,FALSE,2,1,1,1_1,fa9996c3-b874-4424-a5a6-f1c7c0f42b9b,NA
2,72080396,72080396,1,snv_mnv,NA,NA,"broad,dkfz,muse,sanger",4,COSN18975057,NA,NA,FALSE,0.2308,NA,6,20,NA,NA,NA,IGR,FALSE,FALSE,FALSE,FALSE,2,1,1,1_1,fa9996c3-b874-4424-a5a6-f1c7c0f42b9b,NA
2,72331538,72331538,1,snv_mnv,NA,NA,"broad,muse,sanger",3,COSN18975065,NA,AluSz6,FALSE,0.3,NA,6,14,NA,NA,NA,IGR,FALSE,FALSE,FALSE,FALSE,2,1,1,1_1,fa9996c3-b874-4424-a5a6-f1c7c0f42b9b,NA
2,78560711,78560711,1,snv_mnv,NA,NA,"broad,dkfz,muse,sanger",4,COSN18975054,NA,AluSp,FALSE,0.3929,NA,11,17,NA,NA,NA,IGR,FALSE,FALSE,FALSE,FALSE,2,1,1,1_1,fa9996c3-b874-4424-a5a6-f1c7c0f42b9b,NA
2,79897320,79897320,1,snv_mnv,NA,NA,"broad,dkfz,muse,sanger",4,COSN18975097,NA,MER52C,FALSE,0.4138,NA,12,17,NA,NA,NA,Intron,FALSE,FALSE,FALSE,FALSE,2,1,1,1_1,fa9996c3-b874-4424-a5a6-f1c7c0f42b9b,NA
2,80803987,80803987,1,snv_mnv,NA,NA,"broad,muse,sanger",3,COSN18975089,NA,AluSx,FALSE,0.1538,NA,4,22,NA,NA,NA,Intron,FALSE,FALSE,FALSE,FALSE,2,1,1,1_1,fa9996c3-b874-4424-a5a6-f1c7c0f42b9b,AC008067.1
2,81862045,81862045,1,snv_mnv,NA,NA,"broad,muse,sanger",3,COSN18975011,NA,L1MA2,FALSE,0.1429,NA,5,30,NA,NA,NA,IGR,FALSE,FALSE,FALSE,FALSE,2,1,1,1_1,fa9996c3-b874-4424-a5a6-f1c7c0f42b9b,NA
2,82486656,82486656,1,snv_mnv,NA,NA,"broad,dkfz,muse,sanger",4,COSN18975081,NA,MER83B-int,FALSE,0.2333,NA,7,23,NA,NA,NA,IGR,FALSE,FALSE,FALSE,FALSE,2,1,1,1_1,fa9996c3-b874-4424-a5a6-f1c7c0f42b9b,NA
2,83311061,83311061,1,snv_mnv,NA,NA,"broad,dkfz,muse,sanger",4,COSN18975025,NA,AluSg4,FALSE,0.3929,NA,11,17,NA,NA,NA,IGR,FALSE,FALSE,FALSE,FALSE,2,1,1,1_1,fa9996c3-b874-4424-a5a6-f1c7c0f42b9b,NA
2,106840443,106840443,1,snv_mnv,NA,NA,"broad,dkfz,muse,sanger",4,COSN18975077,NA,NA,FALSE,0.413,NA,19,27,NA,NA,NA,IGR,FALSE,FALSE,FALSE,FALSE,2,1,1,1_1,fa9996c3-b874-4424-a5a6-f1c7c0f42b9b,NA
2,116656616,116656616,1,snv_mnv,NA,NA,"broad,dkfz,muse,sanger",4,COSN18975094,NA,L2a,FALSE,0.3939,NA,13,20,NA,NA,NA,IGR,FALSE,FALSE,FALSE,FALSE,2,1,1,1_1,fa9996c3-b874-4424-a5a6-f1c7c0f42b9b,NA
2,117432706,117432706,1,snv_mnv,NA,NA,"broad,dkfz,muse,sanger",4,COSN18975104,NA,L1ME4a,FALSE,0.2245,NA,11,38,NA,NA,NA,IGR,FALSE,FALSE,FALSE,FALSE,2,1,1,1_1,fa9996c3-b874-4424-a5a6-f1c7c0f42b9b,NA
2,117486206,117486206,1,snv_mnv,NA,NA,"broad,dkfz,muse,sanger",4,COSN18975079,NA,MER50,FALSE,0.1628,NA,7,36,NA,NA,NA,IGR,FALSE,FALSE,FALSE,FALSE,2,1,1,1_1,fa9996c3-b874-4424-a5a6-f1c7c0f42b9b,AC062016.1
2,120864328,120864328,1,snv_mnv,NA,NA,"broad,dkfz,muse,sanger",4,COSN18975071,NA,NA,FALSE,0.4474,NA,17,21,NA,NA,NA,Intron,FALSE,FALSE,FALSE,FALSE,2,1,1,1_1,fa9996c3-b874-4424-a5a6-f1c7c0f42b9b,EPB41L5
2,124846103,124846103,1,snv_mnv,NA,NA,"broad,dkfz,muse,sanger",4,COSN18975010,NA,L1MD1,FALSE,0.4286,NA,18,24,NA,NA,NA,Intron,FALSE,FALSE,FALSE,FALSE,2,1,1,1_1,fa9996c3-b874-4424-a5a6-f1c7c0f42b9b,NA
2,125161435,125161435,1,snv_mnv,NA,NA,"broad,dkfz,muse,sanger",4,COSN18975098,NA,THE1B,FALSE,0.3636,NA,12,21,NA,NA,NA,Intron,FALSE,FALSE,FALSE,FALSE,2,1,1,1_1,fa9996c3-b874-4424-a5a6-f1c7c0f42b9b,NA
2,134458587,134458587,1,snv_mnv,NA,NA,"broad,muse,sanger",3,COSN18975105,rs772339932,AluSg,FALSE,0.1923,NA,5,21,NA,NA,NA,IGR,FALSE,FALSE,FALSE,FALSE,2,1,1,1_1,fa9996c3-b874-4424-a5a6-f1c7c0f42b9b,NA
2,138840757,138840757,1,snv_mnv,NA,NA,"broad,dkfz,muse,sanger",4,COSN18975072,NA,NA,FALSE,0.4516,NA,14,17,NA,NA,NA,IGR,FALSE,FALSE,FALSE,FALSE,2,1,1,1_1,fa9996c3-b874-4424-a5a6-f1c7c0f42b9b,NA
2,139938564,139938564,1,snv_mnv,NA,NA,"broad,dkfz,muse,sanger",4,COSN18975048,NA,NA,FALSE,0.4054,NA,15,22,NA,NA,NA,IGR,FALSE,FALSE,FALSE,FALSE,2,1,1,1_1,fa9996c3-b874-4424-a5a6-f1c7c0f42b9b,NA
2,140423706,140423706,1,snv_mnv,NA,NA,"broad,dkfz,muse,sanger",4,COSN18975051,NA,MER66-int,FALSE,0.3548,NA,11,20,NA,NA,NA,IGR,FALSE,FALSE,FALSE,FALSE,2,1,1,1_1,fa9996c3-b874-4424-a5a6-f1c7c0f42b9b,MRPS18BP2
2,146637152,146637152,1,snv_mnv,NA,NA,"broad,dkfz,muse,sanger",4,COSN18975084,NA,NA,FALSE,0.3571,NA,10,18,NA,NA,NA,IGR,FALSE,FALSE,FALSE,FALSE,2,1,1,1_1,fa9996c3-b874-4424-a5a6-f1c7c0f42b9b,AC079248.2
2,146649045,146649045,1,snv_mnv,NA,NA,"broad,dkfz,muse,sanger",4,COSN18975103,NA,AluSc,FALSE,0.35,NA,7,13,NA,NA,NA,IGR,FALSE,FALSE,FALSE,FALSE,2,1,1,1_1,fa9996c3-b874-4424-a5a6-f1c7c0f42b9b,NA
2,148820700,148820700,1,snv_mnv,NA,NA,"broad,dkfz,muse,sanger",4,COSN18975073,NA,NA,FALSE,0.3256,NA,14,29,NA,NA,NA,Intron,FALSE,FALSE,FALSE,FALSE,2,1,1,1_1,fa9996c3-b874-4424-a5a6-f1c7c0f42b9b,AC019226.2
2,150549446,150549446,1,snv_mnv,NA,NA,"broad,dkfz,muse,sanger",4,COSN18975035,NA,NA,FALSE,0.4211,NA,16,22,NA,NA,NA,RNA,FALSE,FALSE,FALSE,FALSE,2,1,1,1_1,fa9996c3-b874-4424-a5a6-f1c7c0f42b9b,NA
2,150589675,150589675,1,snv_mnv,NA,NA,"broad,dkfz,muse,sanger",4,COSN18975049,NA,NA,FALSE,0.4571,NA,16,19,NA,NA,NA,RNA,FALSE,FALSE,FALSE,FALSE,2,1,1,1_1,fa9996c3-b874-4424-a5a6-f1c7c0f42b9b,NA
2,155982207,155982207,1,snv_mnv,NA,NA,"broad,dkfz,muse",3,COSN18975012,rs549614302,(TG)n,FALSE,0.2121,NA,7,26,NA,NA,NA,IGR,FALSE,FALSE,FALSE,FALSE,2,1,1,1_1,fa9996c3-b874-4424-a5a6-f1c7c0f42b9b,NA
2,156395774,156395774,1,snv_mnv,NA,NA,"broad,dkfz,muse,sanger",4,COSN18975015,NA,L1PB,FALSE,0.2632,NA,10,28,NA,NA,NA,IGR,FALSE,FALSE,FALSE,FALSE,2,1,1,1_1,fa9996c3-b874-4424-a5a6-f1c7c0f42b9b,NA
2,158303692,158303692,1,snv_mnv,NA,NA,"broad,dkfz,muse,sanger",4,COSN18975085,NA,MLT1A,FALSE,0.3226,NA,10,21,NA,NA,NA,Intron,FALSE,FALSE,FALSE,FALSE,2,1,1,1_1,fa9996c3-b874-4424-a5a6-f1c7c0f42b9b,CYTIP
2,159673637,159673637,1,snv_mnv,NA,NA,"broad,dkfz,muse,sanger",4,COSN18975062,NA,NA,FALSE,0.3256,NA,14,29,NA,NA,NA,IGR,FALSE,FALSE,FALSE,FALSE,2,1,1,1_1,fa9996c3-b874-4424-a5a6-f1c7c0f42b9b,DAPL1
2,162301746,162301746,1,snv_mnv,NA,NA,"broad,dkfz,muse,sanger",4,COSN18975067,NA,AluSx,FALSE,0.3077,NA,8,18,NA,NA,NA,IGR,FALSE,FALSE,FALSE,FALSE,2,1,1,1_1,fa9996c3-b874-4424-a5a6-f1c7c0f42b9b,NA
2,170855981,170855981,1,snv_mnv,NA,NA,"broad,dkfz,muse,sanger",4,COSN18975039,NA,NA,FALSE,0.2439,NA,10,31,NA,NA,NA,Intron,FALSE,FALSE,FALSE,FALSE,2,1,1,1_1,fa9996c3-b874-4424-a5a6-f1c7c0f42b9b,UBR3
2,171500044,171500044,1,snv_mnv,NA,NA,"broad,dkfz,muse,sanger",4,COSN18975087,NA,NA,FALSE,0.3143,NA,11,24,NA,NA,NA,Intron,FALSE,FALSE,FALSE,FALSE,2,1,1,1_1,fa9996c3-b874-4424-a5a6-f1c7c0f42b9b,NA
2,171500048,171500048,1,snv_mnv,NA,NA,"broad,dkfz,muse,sanger",4,COSN18975064,NA,NA,FALSE,0.2778,NA,10,26,NA,NA,NA,Intron,FALSE,FALSE,FALSE,FALSE,2,1,1,1_1,fa9996c3-b874-4424-a5a6-f1c7c0f42b9b,NA
2,174541715,174541715,1,snv_mnv,NA,NA,"dkfz,sanger",2,COSN18975017,NA,L2,FALSE,0.36,NA,9,16,NA,NA,NA,IGR,FALSE,FALSE,FALSE,FALSE,2,1,1,1_1,fa9996c3-b874-4424-a5a6-f1c7c0f42b9b,NA
2,180928624,180928624,1,snv_mnv,NA,NA,"broad,dkfz,muse,sanger",4,COSN18975032,NA,NA,FALSE,0.2647,NA,9,25,NA,NA,NA,IGR,FALSE,FALSE,FALSE,FALSE,2,1,1,1_1,fa9996c3-b874-4424-a5a6-f1c7c0f42b9b,NA
2,184626026,184626026,1,snv_mnv,NA,NA,"broad,dkfz,muse,sanger",4,COSN18975050,NA,MSTA,FALSE,0.3056,NA,11,25,NA,NA,NA,IGR,FALSE,FALSE,FALSE,FALSE,2,1,1,1_1,fa9996c3-b874-4424-a5a6-f1c7c0f42b9b,NA
2,186457058,186457058,1,snv_mnv,NA,NA,"broad,dkfz,muse,sanger",4,COSN18975056,NA,L1PA6,FALSE,0.2105,NA,8,30,NA,NA,NA,IGR,FALSE,FALSE,FALSE,FALSE,2,1,1,1_1,fa9996c3-b874-4424-a5a6-f1c7c0f42b9b,NA
2,189193515,189193515,1,snv_mnv,NA,NA,"broad,dkfz,muse,sanger",4,COSN18975047,NA,NA,FALSE,0.2973,NA,11,26,NA,NA,NA,Intron,FALSE,FALSE,FALSE,FALSE,2,1,1,1_1,fa9996c3-b874-4424-a5a6-f1c7c0f42b9b,NA
2,189618377,189618377,1,snv_mnv,NA,NA,"broad,dkfz,muse,sanger",4,COSN18975023,NA,NA,FALSE,0.1765,NA,6,28,NA,NA,NA,Intron,FALSE,FALSE,FALSE,FALSE,2,1,1,1_1,fa9996c3-b874-4424-a5a6-f1c7c0f42b9b,NA
2,200722912,200722912,1,snv_mnv,NA,NA,"broad,dkfz,muse,sanger",4,COSN18975092,NA,AT_rich,FALSE,0.2571,NA,9,26,NA,NA,NA,IGR,FALSE,FALSE,FALSE,FALSE,2,1,1,1_1,fa9996c3-b874-4424-a5a6-f1c7c0f42b9b,NA
2,203961664,203961664,1,snv_mnv,NA,NA,"broad,dkfz,muse,sanger",4,COSN18975107,NA,THE1B,FALSE,0.5429,NA,19,16,NA,NA,NA,Intron,FALSE,FALSE,FALSE,FALSE,2,1,1,1_1,fa9996c3-b874-4424-a5a6-f1c7c0f42b9b,NA
2,205926431,205926431,1,snv_mnv,NA,NA,"broad,dkfz,muse,sanger",4,COSN18975008,NA,NA,FALSE,0.3333,NA,10,20,NA,NA,NA,Intron,FALSE,FALSE,FALSE,FALSE,2,1,1,1_1,fa9996c3-b874-4424-a5a6-f1c7c0f42b9b,NA
2,207513958,207513958,1,snv_mnv,NA,NA,"broad,dkfz,muse,sanger",4,COSN18975059,NA,NA,FALSE,0.1892,NA,7,30,NA,NA,NA,IGR,FALSE,FALSE,FALSE,FALSE,2,1,1,1_1,fa9996c3-b874-4424-a5a6-f1c7c0f42b9b,"DYTN,FAM237A"
2,211138710,211138710,1,snv_mnv,NA,NA,"broad,dkfz,muse,sanger",4,COSN18975099,rs752908874,NA,FALSE,0.3333,NA,10,20,NA,NA,NA,IGR,FALSE,FALSE,FALSE,FALSE,2,1,1,1_1,fa9996c3-b874-4424-a5a6-f1c7c0f42b9b,NA
2,211756148,211756148,1,snv_mnv,NA,NA,"broad,dkfz,muse,sanger",4,COSN18975108,NA,L1PA15,FALSE,0.1458,NA,7,41,NA,NA,NA,IGR,FALSE,FALSE,FALSE,FALSE,2,1,1,1_1,fa9996c3-b874-4424-a5a6-f1c7c0f42b9b,NA
2,212270826,212270826,1,snv_mnv,NA,NA,"broad,dkfz,muse,sanger",4,COSN18975026,NA,L2c,FALSE,0.1778,NA,8,37,NA,NA,NA,Intron,FALSE,FALSE,FALSE,FALSE,2,1,1,1_1,fa9996c3-b874-4424-a5a6-f1c7c0f42b9b,NA
2,213268185,213268185,1,snv_mnv,NA,NA,"broad,dkfz,muse,sanger",4,COSN18975045,NA,L1MB1,FALSE,0.3226,NA,10,21,NA,NA,NA,Intron,FALSE,FALSE,FALSE,FALSE,2,1,1,1_1,fa9996c3-b874-4424-a5a6-f1c7c0f42b9b,NA
2,214350154,214350154,1,snv_mnv,NA,NA,"broad,dkfz,muse,sanger",4,COSN18975030,NA,NA,FALSE,0.1481,NA,4,23,NA,NA,NA,Intron,FALSE,FALSE,FALSE,FALSE,2,1,1,1_1,fa9996c3-b874-4424-a5a6-f1c7c0f42b9b,SPAG16
2,214781682,214781682,1,snv_mnv,NA,NA,"broad,dkfz,muse,sanger",4,COSN18975086,NA,L1PA13,FALSE,0.15,NA,6,34,NA,NA,NA,Intron,FALSE,FALSE,FALSE,FALSE,2,1,1,1_1,fa9996c3-b874-4424-a5a6-f1c7c0f42b9b,NA
2,217798814,217798814,1,snv_mnv,NA,NA,"broad,dkfz,muse,sanger",4,COSN18975091,NA,NA,FALSE,0.1892,NA,7,30,NA,NA,NA,RNA,FALSE,FALSE,FALSE,FALSE,2,1,1,1_1,fa9996c3-b874-4424-a5a6-f1c7c0f42b9b,NA
2,219933389,219933389,1,snv_mnv,NA,NA,"broad,dkfz,muse,sanger",4,COSN18975066,NA,AluSc,FALSE,0.2222,NA,6,21,NA,NA,NA,lincRNA,FALSE,FALSE,FALSE,FALSE,2,1,1,1_1,fa9996c3-b874-4424-a5a6-f1c7c0f42b9b,AC097468.3
2,221391469,221391469,1,snv_mnv,NA,NA,"broad,dkfz,muse,sanger",4,COSN18975069,NA,MIRc,FALSE,0.4146,NA,17,24,NA,NA,NA,lincRNA,FALSE,FALSE,FALSE,FALSE,2,1,1,1_1,fa9996c3-b874-4424-a5a6-f1c7c0f42b9b,NA
2,221407959,221407959,1,snv_mnv,NA,NA,"broad,muse,sanger",3,COSN18975009,NA,HERVL-int,FALSE,0.2069,NA,6,23,NA,NA,NA,lincRNA,FALSE,FALSE,FALSE,FALSE,2,1,1,1_1,fa9996c3-b874-4424-a5a6-f1c7c0f42b9b,NA
2,225546775,225546775,1,snv_mnv,NA,NA,"broad,dkfz,muse,sanger",4,COSN18975102,NA,NA,FALSE,0.3889,NA,14,22,NA,NA,NA,IGR,FALSE,FALSE,FALSE,FALSE,2,1,1,1_1,fa9996c3-b874-4424-a5a6-f1c7c0f42b9b,NA
2,225961073,225961073,1,snv_mnv,NA,NA,"broad,dkfz,muse,sanger",4,COSN18975101,NA,AluSg7,FALSE,0.3636,NA,12,21,NA,NA,NA,IGR,FALSE,FALSE,FALSE,FALSE,2,1,1,1_1,fa9996c3-b874-4424-a5a6-f1c7c0f42b9b,NA
2,230697421,230697421,1,snv_mnv,NA,NA,"broad,dkfz,muse,sanger",4,COSN18975029,NA,MIRb,FALSE,0.4211,NA,16,22,NA,NA,NA,Intron,FALSE,FALSE,FALSE,FALSE,2,1,1,1_1,fa9996c3-b874-4424-a5a6-f1c7c0f42b9b,TRIP12
2,233772246,233772246,1,snv_mnv,NA,NA,"broad,dkfz,muse,sanger",4,COSN18975020,NA,NA,FALSE,0.45,NA,18,22,NA,NA,NA,Intron,FALSE,FALSE,FALSE,FALSE,2,1,1,1_1,fa9996c3-b874-4424-a5a6-f1c7c0f42b9b,NGEF
2,234222709,234222709,1,snv_mnv,NA,NA,"broad,muse,sanger",3,COSN18975019,NA,AluJb,FALSE,0.1481,NA,4,23,NA,NA,NA,Intron,FALSE,FALSE,FALSE,FALSE,2,1,1,1_1,fa9996c3-b874-4424-a5a6-f1c7c0f42b9b,SAG
2,234736186,234736186,1,snv_mnv,NA,NA,"broad,dkfz,muse,sanger",4,COSN18975043,NA,L1PA10,FALSE,0.5588,NA,19,15,NA,NA,NA,Intron,FALSE,FALSE,FALSE,FALSE,2,1,1,1_1,fa9996c3-b874-4424-a5a6-f1c7c0f42b9b,MROH2A
2,238830172,238830172,1,snv_mnv,NA,NA,"broad,dkfz,muse,sanger",4,COSN18975088,NA,AluSx,FALSE,0.4,NA,10,15,NA,NA,NA,IGR,FALSE,FALSE,FALSE,FALSE,2,1,1,1_1,fa9996c3-b874-4424-a5a6-f1c7c0f42b9b,NA
20,6700148,6700148,1,snv_mnv,NA,NA,"dkfz,sanger",2,COSN18975591,NA,MLT1I,FALSE,0.2581,NA,8,23,NA,NA,NA,IGR,FALSE,FALSE,FALSE,FALSE,2,1,1,1_1,fa9996c3-b874-4424-a5a6-f1c7c0f42b9b,NA
20,7213472,7213472,1,snv_mnv,NA,NA,"broad,dkfz,muse,sanger",4,COSN18975589,NA,L1M4,FALSE,0.4516,NA,14,17,NA,NA,NA,lincRNA,FALSE,FALSE,FALSE,FALSE,2,1,1,1_1,fa9996c3-b874-4424-a5a6-f1c7c0f42b9b,NA
20,10121418,10121418,1,snv_mnv,NA,NA,"broad,dkfz,muse,sanger",4,COSN18975588,NA,NA,FALSE,0.2424,NA,8,25,NA,NA,NA,RNA,FALSE,FALSE,FALSE,FALSE,2,1,1,1_1,fa9996c3-b874-4424-a5a6-f1c7c0f42b9b,NA
20,10219655,10219655,1,snv_mnv,NA,NA,"broad,dkfz,muse,sanger",4,COSN18975577,NA,NA,FALSE,0.2571,NA,9,26,NA,NA,NA,Intron,FALSE,FALSE,FALSE,FALSE,2,1,1,1_1,fa9996c3-b874-4424-a5a6-f1c7c0f42b9b,NA
20,10807664,10807664,1,snv_mnv,NA,NA,"broad,dkfz,muse",3,COSN18975582,NA,MER3,FALSE,0.1364,NA,6,38,NA,NA,NA,RNA,FALSE,FALSE,FALSE,FALSE,2,1,1,1_1,fa9996c3-b874-4424-a5a6-f1c7c0f42b9b,NA
20,12829138,12829138,1,snv_mnv,NA,NA,"broad,dkfz,muse,sanger",4,COSN18975594,NA,MIR,FALSE,0.2927,NA,12,29,NA,NA,NA,IGR,FALSE,FALSE,FALSE,FALSE,2,1,1,1_1,fa9996c3-b874-4424-a5a6-f1c7c0f42b9b,NA
20,14376000,14376000,1,snv_mnv,NA,NA,"broad,dkfz,muse,sanger",4,COSN18975576,NA,L1MEc,FALSE,0.3043,NA,7,16,NA,NA,NA,Intron,FALSE,FALSE,FALSE,FALSE,2,1,1,1_1,fa9996c3-b874-4424-a5a6-f1c7c0f42b9b,NA
20,20807846,20807846,1,snv_mnv,NA,NA,"broad,dkfz,muse,sanger",4,COSN18975579,NA,LTR16C,FALSE,0.2647,NA,9,25,NA,NA,NA,IGR,FALSE,FALSE,FALSE,FALSE,2,1,1,1_1,fa9996c3-b874-4424-a5a6-f1c7c0f42b9b,NA
20,20996470,20996470,1,snv_mnv,NA,NA,"broad,dkfz,muse,sanger",4,COSN18975587,NA,NA,FALSE,0.5882,NA,20,14,NA,NA,NA,IGR,FALSE,FALSE,FALSE,FALSE,2,1,1,1_1,fa9996c3-b874-4424-a5a6-f1c7c0f42b9b,NA
20,22221962,22221962,1,snv_mnv,NA,NA,"broad,dkfz,muse,sanger",4,COSN18975585,NA,MamGypLTR1a,FALSE,0.2188,NA,7,25,NA,NA,NA,IGR,FALSE,FALSE,FALSE,FALSE,2,1,1,1_1,fa9996c3-b874-4424-a5a6-f1c7c0f42b9b,NA
20,26308495,26308495,1,snv_mnv,NA,NA,"broad,muse",2,COSN18975597,NA,ALR/Alpha,FALSE,0.1951,NA,8,33,NA,NA,NA,IGR,FALSE,FALSE,FALSE,FALSE,2,1,1,1_1,fa9996c3-b874-4424-a5a6-f1c7c0f42b9b,NA
20,30287180,30287180,1,snv_mnv,NA,NA,"broad,dkfz,muse,sanger",4,COSN18975580,NA,NA,FALSE,0.5357,NA,15,13,NA,NA,NA,Intron,FALSE,FALSE,FALSE,FALSE,2,1,1,1_1,fa9996c3-b874-4424-a5a6-f1c7c0f42b9b,NA
20,32268724,32268724,1,snv_mnv,NA,NA,"broad,dkfz,muse,sanger",4,COSN18975590,NA,NA,FALSE,0.2727,NA,6,16,NA,NA,NA,Intron,FALSE,FALSE,FALSE,FALSE,2,1,1,1_1,fa9996c3-b874-4424-a5a6-f1c7c0f42b9b,NA
20,32268726,32268726,1,snv_mnv,NA,NA,"broad,dkfz,muse,sanger",4,COSN18975586,NA,NA,FALSE,0.2727,NA,6,16,NA,NA,NA,Intron,FALSE,FALSE,FALSE,FALSE,2,1,1,1_1,fa9996c3-b874-4424-a5a6-f1c7c0f42b9b,NA
20,36293861,36293861,1,snv_mnv,NA,NA,"broad,dkfz,muse,sanger",4,COSN18975593,NA,L1MB8,FALSE,0.4138,NA,12,17,NA,NA,NA,IGR,FALSE,FALSE,FALSE,FALSE,2,1,1,1_1,fa9996c3-b874-4424-a5a6-f1c7c0f42b9b,NA
20,36874197,36874197,1,snv_mnv,NA,NA,"dkfz,muse,sanger",3,COSN18975592,NA,NA,FALSE,0.4444,NA,8,10,NA,NA,NA,Intron,FALSE,FALSE,FALSE,FALSE,2,1,1,1_1,fa9996c3-b874-4424-a5a6-f1c7c0f42b9b,NA
20,39468012,39468012,1,snv_mnv,NA,NA,"broad,dkfz,muse,sanger",4,COSN18975595,NA,AluJb,FALSE,0.4375,NA,7,9,NA,NA,NA,IGR,FALSE,FALSE,FALSE,FALSE,2,1,1,1_1,fa9996c3-b874-4424-a5a6-f1c7c0f42b9b,NA
20,46868330,46868330,1,snv_mnv,NA,NA,"broad,dkfz,muse",3,COSN18975583,NA,NA,FALSE,0.1667,NA,6,30,NA,NA,NA,IGR,FALSE,FALSE,FALSE,FALSE,2,1,1,1_1,fa9996c3-b874-4424-a5a6-f1c7c0f42b9b,NA
20,51621580,51621580,1,snv_mnv,NA,NA,"broad,dkfz,muse,sanger",4,COSN18975578,NA,AluSx3,FALSE,0.2326,NA,10,33,NA,NA,NA,Intron,FALSE,FALSE,FALSE,FALSE,2,1,1,1_1,fa9996c3-b874-4424-a5a6-f1c7c0f42b9b,NA
20,58434021,58434021,1,snv_mnv,NA,NA,"broad,muse,sanger",3,COSN18975596,NA,L1M4,FALSE,0.129,NA,4,27,NA,NA,NA,IGR,FALSE,FALSE,FALSE,FALSE,2,1,1,1_1,fa9996c3-b874-4424-a5a6-f1c7c0f42b9b,SYCP2
21,17133556,17133556,1,snv_mnv,NA,NA,"dkfz,sanger",2,COSN18974902,NA,L1MC4,FALSE,0.3667,NA,11,19,NA,NA,NA,Intron,FALSE,FALSE,FALSE,FALSE,2,1,1,1_1,fa9996c3-b874-4424-a5a6-f1c7c0f42b9b,NA
21,17474082,17474082,1,snv_mnv,NA,NA,"broad,dkfz,muse,sanger",4,COSN18974915,NA,L1M2,FALSE,0.3182,NA,14,30,NA,NA,NA,lincRNA,FALSE,FALSE,FALSE,FALSE,2,1,1,1_1,fa9996c3-b874-4424-a5a6-f1c7c0f42b9b,NA
21,18245549,18245549,1,snv_mnv,NA,NA,"broad,dkfz,muse,sanger",4,COSN18974901,NA,NA,FALSE,0.6818,NA,15,7,NA,NA,NA,lincRNA,FALSE,FALSE,FALSE,FALSE,2,1,1,1_1,fa9996c3-b874-4424-a5a6-f1c7c0f42b9b,NA
21,20544029,20544029,1,snv_mnv,NA,NA,"broad,dkfz,muse,sanger",4,COSN18974909,NA,NA,FALSE,0.3929,NA,11,17,NA,NA,NA,IGR,FALSE,FALSE,FALSE,FALSE,2,1,1,1_1,fa9996c3-b874-4424-a5a6-f1c7c0f42b9b,NA
21,22980503,22980503,1,snv_mnv,NA,NA,"broad,dkfz,muse,sanger",4,COSN18974907,NA,LTR48B,FALSE,0.2195,NA,9,32,NA,NA,NA,lincRNA,FALSE,FALSE,FALSE,FALSE,2,1,1,1_1,fa9996c3-b874-4424-a5a6-f1c7c0f42b9b,NA
21,25555251,25555251,1,snv_mnv,NA,NA,"broad,dkfz,muse,sanger",4,COSN18974897,NA,NA,FALSE,0.3429,NA,12,23,NA,NA,NA,lincRNA,FALSE,FALSE,FALSE,FALSE,2,1,1,1_1,fa9996c3-b874-4424-a5a6-f1c7c0f42b9b,NA
21,26896751,26896751,1,snv_mnv,NA,NA,"broad,dkfz,muse,sanger",4,COSN18974899,NA,L1M1,FALSE,0.4706,NA,24,27,NA,NA,NA,IGR,FALSE,FALSE,FALSE,FALSE,2,1,1,1_1,fa9996c3-b874-4424-a5a6-f1c7c0f42b9b,NA
21,28179989,28179989,1,snv_mnv,NA,NA,"dkfz,sanger",2,COSN18974898,NA,NA,FALSE,0.25,NA,11,33,NA,NA,NA,IGR,FALSE,FALSE,FALSE,FALSE,2,1,1,1_1,fa9996c3-b874-4424-a5a6-f1c7c0f42b9b,NA
21,33030149,33030149,1,snv_mnv,NA,NA,"broad,muse,sanger",3,COSN18974906,NA,MER20,FALSE,0.2222,NA,6,21,NA,NA,NA,5'Flank,FALSE,FALSE,FALSE,FALSE,2,1,1,1_1,fa9996c3-b874-4424-a5a6-f1c7c0f42b9b,SOD1
21,35471143,35471143,1,snv_mnv,NA,NA,"broad,dkfz,muse,sanger",4,COSN18974911,NA,NA,FALSE,0.36,NA,9,16,NA,NA,NA,3'UTR,FALSE,FALSE,FALSE,FALSE,2,1,1,1_1,fa9996c3-b874-4424-a5a6-f1c7c0f42b9b,NA
21,37579596,37579596,1,snv_mnv,NA,NA,"broad,muse,sanger",3,COSN18974912,NA,AluSx1,FALSE,0.2727,NA,6,16,NA,NA,NA,Intron,FALSE,FALSE,FALSE,FALSE,2,1,1,1_1,fa9996c3-b874-4424-a5a6-f1c7c0f42b9b,NA
21,39364539,39364539,1,snv_mnv,NA,NA,"broad,dkfz,muse,sanger",4,COSN18974900,NA,MER65D,FALSE,0.3478,NA,8,15,NA,NA,NA,Intron,FALSE,FALSE,FALSE,FALSE,2,1,1,1_1,fa9996c3-b874-4424-a5a6-f1c7c0f42b9b,NA
21,39364778,39364778,1,snv_mnv,NA,NA,"broad,dkfz,muse,sanger",4,COSN18974913,NA,MER65D,FALSE,0.2188,NA,7,25,NA,NA,NA,Intron,FALSE,FALSE,FALSE,FALSE,2,1,1,1_1,fa9996c3-b874-4424-a5a6-f1c7c0f42b9b,NA
21,39841176,39841176,1,snv_mnv,NA,NA,"broad,dkfz,muse,sanger",4,COSN18974903,NA,NA,FALSE,0.3333,NA,10,20,NA,NA,NA,Intron,FALSE,FALSE,FALSE,FALSE,2,1,1,1_1,fa9996c3-b874-4424-a5a6-f1c7c0f42b9b,ERG
21,44626874,44626874,1,snv_mnv,NA,NA,"broad,dkfz,muse,sanger",4,COSN18974910,rs575077051,NA,FALSE,0.3636,NA,8,14,NA,NA,NA,IGR,FALSE,FALSE,FALSE,FALSE,2,1,1,1_1,fa9996c3-b874-4424-a5a6-f1c7c0f42b9b,NA
21,46011678,46011678,1,snv_mnv,NA,NA,"broad,muse,sanger",3,COSM145563,rs201036308,NA,FALSE,0.44,NA,11,14,NA,NA,NA,Missense_Mutation,FALSE,FALSE,FALSE,FALSE,2,1,1,1_1,fa9996c3-b874-4424-a5a6-f1c7c0f42b9b,NA
21,47163918,47163918,1,snv_mnv,NA,NA,"broad,dkfz,muse,sanger",4,COSN18974914,NA,L1ME4a,FALSE,0.2759,NA,8,21,NA,NA,NA,Intron,FALSE,FALSE,FALSE,FALSE,2,1,1,1_1,fa9996c3-b874-4424-a5a6-f1c7c0f42b9b,PCBP3
22,21275672,21275672,1,snv_mnv,NA,NA,"broad,dkfz,muse,sanger",4,COSN18975121,NA,NA,FALSE,0.3548,NA,11,20,NA,NA,NA,Intron,FALSE,FALSE,FALSE,FALSE,2,1,1,1_1,fa9996c3-b874-4424-a5a6-f1c7c0f42b9b,NA
22,25518608,25518608,1,snv_mnv,NA,NA,"broad,dkfz,muse,sanger",4,COSN18975118,NA,MER66B,FALSE,0.4333,NA,13,17,NA,NA,NA,Intron,FALSE,FALSE,FALSE,FALSE,2,1,1,1_1,fa9996c3-b874-4424-a5a6-f1c7c0f42b9b,NA
22,26279841,26279841,1,snv_mnv,NA,NA,"broad,dkfz,muse,sanger",4,COSN18975111,NA,NA,FALSE,0.2857,NA,8,20,NA,NA,NA,Intron,FALSE,FALSE,FALSE,FALSE,2,1,1,1_1,fa9996c3-b874-4424-a5a6-f1c7c0f42b9b,NA
22,26444723,26444723,1,snv_mnv,NA,NA,"broad,dkfz,muse,sanger",4,COSN18975119,NA,L1PREC2,FALSE,0.4138,NA,12,17,NA,NA,NA,IGR,FALSE,FALSE,FALSE,FALSE,2,1,1,1_1,fa9996c3-b874-4424-a5a6-f1c7c0f42b9b,NA
22,28199475,28199475,1,snv_mnv,NA,NA,"broad,dkfz,muse,sanger",4,COSN18975114,NA,NA,FALSE,0.2258,NA,7,24,NA,NA,NA,5'Flank,FALSE,FALSE,FALSE,FALSE,2,1,1,1_1,fa9996c3-b874-4424-a5a6-f1c7c0f42b9b,MN1
22,34723909,34723909,1,snv_mnv,NA,NA,"broad,dkfz,muse",3,COSN18975120,NA,MSTB1,FALSE,0.5294,NA,18,16,NA,NA,NA,IGR,FALSE,FALSE,FALSE,TRUE,2,1,1,1_1,fa9996c3-b874-4424-a5a6-f1c7c0f42b9b,NA
22,37226259,37226259,1,snv_mnv,NA,NA,"broad,dkfz,muse,sanger",4,COSN18975116,NA,NA,FALSE,0.4545,NA,15,18,NA,NA,NA,IGR,FALSE,FALSE,FALSE,FALSE,2,1,1,1_1,fa9996c3-b874-4424-a5a6-f1c7c0f42b9b,NA
22,40496779,40496779,1,snv_mnv,NA,NA,"broad,dkfz,muse,sanger",4,COSN18975117,NA,MER2,FALSE,0.4333,NA,13,17,NA,NA,NA,Intron,FALSE,FALSE,FALSE,FALSE,2,1,1,1_1,fa9996c3-b874-4424-a5a6-f1c7c0f42b9b,NA
22,43035718,43035718,1,snv_mnv,NA,NA,"broad,dkfz,muse,sanger",4,COSN18975113,rs762703209,L1MC4,FALSE,0.4722,NA,17,19,NA,NA,NA,Intron,FALSE,FALSE,FALSE,FALSE,2,1,1,1_1,fa9996c3-b874-4424-a5a6-f1c7c0f42b9b,"CYB5R3,ATP5MGL"
22,44826626,44826626,1,snv_mnv,NA,NA,"broad,dkfz,muse,sanger",4,COSN18975115,NA,NA,FALSE,0.3636,NA,8,14,NA,NA,NA,IGR,FALSE,FALSE,FALSE,FALSE,2,1,1,1_1,fa9996c3-b874-4424-a5a6-f1c7c0f42b9b,NA
3,809018,809018,1,snv_mnv,NA,NA,"broad,dkfz,muse,sanger",4,COSN18975450,NA,MLT1F,FALSE,0.3,NA,12,28,NA,NA,NA,lincRNA,FALSE,FALSE,FALSE,FALSE,2,1,1,1_1,fa9996c3-b874-4424-a5a6-f1c7c0f42b9b,NA
3,1063594,1063594,1,snv_mnv,3.9936e-4,rs565382444,"broad,dkfz,muse,sanger",4,COSN15118189,rs565382444,MIR3,FALSE,0.4286,NA,15,20,NA,NA,NA,IGR,FALSE,FALSE,FALSE,FALSE,2,1,1,1_1,fa9996c3-b874-4424-a5a6-f1c7c0f42b9b,NA
3,1915437,1915437,1,snv_mnv,NA,NA,"broad,dkfz,muse,sanger",4,COSN18975469,NA,AluSz,FALSE,0.375,NA,12,20,NA,NA,NA,IGR,FALSE,FALSE,FALSE,FALSE,2,1,1,1_1,fa9996c3-b874-4424-a5a6-f1c7c0f42b9b,NA
3,3471254,3471254,1,snv_mnv,NA,NA,"broad,dkfz,muse,sanger",4,COSN18975412,NA,L2c,FALSE,0.4054,NA,15,22,NA,NA,NA,lincRNA,FALSE,FALSE,FALSE,FALSE,2,1,1,1_1,fa9996c3-b874-4424-a5a6-f1c7c0f42b9b,NA
3,4158927,4158927,1,snv_mnv,NA,NA,"broad,dkfz,muse,sanger",4,COSN18975483,NA,NA,FALSE,0.5676,NA,21,16,NA,NA,NA,Intron,FALSE,FALSE,FALSE,FALSE,2,1,1,1_1,fa9996c3-b874-4424-a5a6-f1c7c0f42b9b,NA
3,6156494,6156494,1,snv_mnv,NA,NA,"broad,dkfz,muse,sanger",4,COSN18975426,NA,L1MB7,FALSE,0.4286,NA,12,16,NA,NA,NA,lincRNA,FALSE,FALSE,FALSE,FALSE,2,1,1,1_1,fa9996c3-b874-4424-a5a6-f1c7c0f42b9b,NA
3,7999753,7999753,1,snv_mnv,NA,NA,"broad,muse",2,COSN18975420,NA,NA,FALSE,0.1852,NA,5,22,NA,NA,NA,RNA,FALSE,FALSE,FALSE,FALSE,2,1,1,1_1,fa9996c3-b874-4424-a5a6-f1c7c0f42b9b,NA
3,20921854,20921854,1,snv_mnv,NA,NA,"broad,dkfz,muse,sanger",4,COSN18975475,NA,NA,FALSE,0.381,NA,16,26,NA,NA,NA,IGR,FALSE,FALSE,FALSE,FALSE,2,1,1,1_1,fa9996c3-b874-4424-a5a6-f1c7c0f42b9b,SGO1-AS1
3,24374718,24374718,1,snv_mnv,NA,NA,"broad,dkfz,muse,sanger",4,COSN18975413,NA,NA,FALSE,0.25,NA,8,24,NA,NA,NA,Intron,FALSE,FALSE,FALSE,FALSE,2,1,1,1_1,fa9996c3-b874-4424-a5a6-f1c7c0f42b9b,NA
3,24696421,24696421,1,snv_mnv,NA,NA,"broad,dkfz,muse,sanger",4,COSN18975437,NA,L1MEg,FALSE,0.1714,NA,6,29,NA,NA,NA,IGR,FALSE,FALSE,FALSE,FALSE,2,1,1,1_1,fa9996c3-b874-4424-a5a6-f1c7c0f42b9b,NA
3,25996808,25996808,1,snv_mnv,NA,NA,"broad,dkfz,muse,sanger",4,COSN18975433,NA,HAL1,FALSE,0.5517,NA,16,13,NA,NA,NA,IGR,FALSE,FALSE,FALSE,FALSE,2,1,1,1_1,fa9996c3-b874-4424-a5a6-f1c7c0f42b9b,NA
3,27633204,27633204,1,snv_mnv,NA,NA,"broad,dkfz,muse,sanger",4,COSN18975436,NA,NA,FALSE,0.1395,NA,6,37,NA,NA,NA,IGR,FALSE,FALSE,FALSE,FALSE,2,1,1,1_1,fa9996c3-b874-4424-a5a6-f1c7c0f42b9b,NA
3,29734244,29734244,1,snv_mnv,NA,NA,"broad,dkfz,muse",3,COSN18975466,NA,X8_LINE,FALSE,0.3429,NA,12,23,NA,NA,NA,Intron,FALSE,FALSE,FALSE,FALSE,2,1,1,1_1,fa9996c3-b874-4424-a5a6-f1c7c0f42b9b,NA
3,32144601,32144601,1,snv_mnv,NA,NA,"broad,dkfz,muse,sanger",4,COSN18975428,rs370979487,AluSz6,FALSE,0.4571,NA,16,19,NA,NA,NA,IGR,FALSE,FALSE,FALSE,FALSE,2,1,1,1_1,fa9996c3-b874-4424-a5a6-f1c7c0f42b9b,GPD1L
3,41210449,41210449,1,snv_mnv,NA,NA,"broad,dkfz,muse,sanger",4,COSN18975472,NA,NA,FALSE,0.2821,NA,11,28,NA,NA,NA,lincRNA,FALSE,FALSE,FALSE,FALSE,2,1,1,1_1,fa9996c3-b874-4424-a5a6-f1c7c0f42b9b,AC009743.1
3,44637910,44637910,1,snv_mnv,NA,NA,"broad,dkfz,muse,sanger",4,COSN18975429,NA,NA,FALSE,0.2222,NA,8,28,NA,NA,NA,3'UTR,FALSE,FALSE,FALSE,FALSE,2,1,1,1_1,fa9996c3-b874-4424-a5a6-f1c7c0f42b9b,"ZKSCAN7,ZNF660"
3,48424711,48424711,1,snv_mnv,NA,NA,"dkfz,sanger",2,COSN18975463,NA,NA,FALSE,0.3636,NA,12,21,NA,NA,NA,Intron,FALSE,FALSE,FALSE,FALSE,2,1,1,1_1,fa9996c3-b874-4424-a5a6-f1c7c0f42b9b,RN7SL321P
3,54017618,54017618,1,snv_mnv,NA,NA,"broad,dkfz,muse,sanger",4,COSN18975464,NA,NA,FALSE,0.4706,NA,16,18,NA,NA,NA,IGR,FALSE,FALSE,FALSE,FALSE,2,1,1,1_1,fa9996c3-b874-4424-a5a6-f1c7c0f42b9b,NA
3,55515426,55515426,1,snv_mnv,NA,NA,"broad,dkfz,muse,sanger",4,COSN18975478,NA,NA,FALSE,0.3846,NA,5,8,NA,NA,NA,Intron,FALSE,FALSE,FALSE,FALSE,2,1,1,1_1,fa9996c3-b874-4424-a5a6-f1c7c0f42b9b,WNT5A
3,64404578,64404578,1,snv_mnv,NA,NA,"broad,dkfz,muse,sanger",4,COSN18975418,NA,NA,FALSE,0.1795,NA,7,32,NA,NA,NA,Intron,FALSE,FALSE,FALSE,FALSE,2,1,1,1_1,fa9996c3-b874-4424-a5a6-f1c7c0f42b9b,NA
3,68887673,68887673,1,snv_mnv,NA,NA,"broad,dkfz,muse,sanger",4,COSN18975448,NA,L2a,FALSE,0.2727,NA,9,24,NA,NA,NA,Intron,FALSE,FALSE,FALSE,FALSE,2,1,1,1_1,fa9996c3-b874-4424-a5a6-f1c7c0f42b9b,NA
3,76408972,76408972,1,snv_mnv,NA,NA,"broad,dkfz,muse,sanger",4,COSN18975480,NA,NA,FALSE,0.4,NA,16,24,NA,NA,NA,Intron,FALSE,FALSE,FALSE,FALSE,2,1,1,1_1,fa9996c3-b874-4424-a5a6-f1c7c0f42b9b,NA
3,78466505,78466505,1,snv_mnv,NA,NA,"broad,dkfz,muse,sanger",4,COSN18975451,NA,Charlie18a,FALSE,0.2051,NA,8,31,NA,NA,NA,IGR,FALSE,FALSE,FALSE,FALSE,2,1,1,1_1,fa9996c3-b874-4424-a5a6-f1c7c0f42b9b,NA
3,78560673,78560673,1,snv_mnv,NA,NA,"broad,dkfz,muse,sanger",4,COSN18975441,NA,LTR26E,FALSE,0.5122,NA,21,20,NA,NA,NA,IGR,FALSE,FALSE,FALSE,FALSE,2,1,1,1_1,fa9996c3-b874-4424-a5a6-f1c7c0f42b9b,NA
3,79762728,79762728,1,snv_mnv,NA,NA,"broad,muse,sanger",3,COSN18975434,NA,L1PA4,FALSE,0.2558,NA,11,32,NA,NA,NA,Intron,FALSE,FALSE,FALSE,FALSE,2,1,1,1_1,fa9996c3-b874-4424-a5a6-f1c7c0f42b9b,NA
3,81193584,81193584,1,snv_mnv,NA,NA,"broad,dkfz,muse,sanger",4,COSN18975444,NA,NA,FALSE,0.2619,NA,11,31,NA,NA,NA,IGR,FALSE,FALSE,FALSE,FALSE,2,1,1,1_1,fa9996c3-b874-4424-a5a6-f1c7c0f42b9b,NA
3,82799700,82799700,1,snv_mnv,NA,NA,"broad,muse",2,COSN18975430,rs768348818,L1MD1,FALSE,0.1622,NA,6,31,NA,NA,NA,IGR,FALSE,FALSE,FALSE,FALSE,2,1,1,1_1,fa9996c3-b874-4424-a5a6-f1c7c0f42b9b,NA
3,83367773,83367773,1,snv_mnv,NA,NA,"broad,dkfz,muse,sanger",4,COSN18975457,NA,L1MCc,FALSE,0.2414,NA,7,22,NA,NA,NA,IGR,FALSE,FALSE,FALSE,FALSE,2,1,1,1_1,fa9996c3-b874-4424-a5a6-f1c7c0f42b9b,NA
3,83869411,83869411,1,snv_mnv,NA,NA,"broad,dkfz,muse,sanger",4,COSN18975449,NA,NA,FALSE,0.15,NA,6,34,NA,NA,NA,IGR,FALSE,FALSE,FALSE,FALSE,2,1,1,1_1,fa9996c3-b874-4424-a5a6-f1c7c0f42b9b,NA
3,85277458,85277458,1,snv_mnv,NA,NA,"broad,dkfz,muse,sanger",4,COSN18975473,NA,L1PA7,FALSE,0.3793,NA,11,18,NA,NA,NA,Intron,FALSE,FALSE,FALSE,FALSE,2,1,1,1_1,fa9996c3-b874-4424-a5a6-f1c7c0f42b9b,NA
3,85468215,85468215,1,snv_mnv,NA,NA,"broad,dkfz,muse,sanger",4,COSN18975481,NA,NA,FALSE,0.3846,NA,10,16,NA,NA,NA,Intron,FALSE,FALSE,FALSE,FALSE,2,1,1,1_1,fa9996c3-b874-4424-a5a6-f1c7c0f42b9b,NA
3,85991404,85991404,1,snv_mnv,NA,NA,"broad,dkfz,muse,sanger",4,COSN18975477,NA,L1P2,FALSE,0.3226,NA,10,21,NA,NA,NA,Intron,FALSE,FALSE,FALSE,FALSE,2,1,1,1_1,fa9996c3-b874-4424-a5a6-f1c7c0f42b9b,NA
3,86194144,86194144,1,snv_mnv,NA,NA,"broad,dkfz,muse,sanger",4,COSN18975416,NA,NA,FALSE,0.2571,NA,9,26,NA,NA,NA,IGR,FALSE,FALSE,FALSE,FALSE,2,1,1,1_1,fa9996c3-b874-4424-a5a6-f1c7c0f42b9b,NA
3,88768603,88768603,1,snv_mnv,NA,NA,"broad,muse,sanger",3,COSN18975456,NA,L1MB3,FALSE,0.1143,NA,4,31,NA,NA,NA,IGR,FALSE,FALSE,FALSE,FALSE,2,1,1,1_1,fa9996c3-b874-4424-a5a6-f1c7c0f42b9b,NA
3,89136422,89136422,1,snv_mnv,NA,NA,"broad,dkfz,muse,sanger",4,COSN18975427,NA,NA,FALSE,0.18,NA,9,41,NA,NA,NA,IGR,FALSE,FALSE,FALSE,FALSE,2,1,1,1_1,fa9996c3-b874-4424-a5a6-f1c7c0f42b9b,NA
3,89949744,89949744,1,snv_mnv,NA,NA,"broad,dkfz,muse,sanger",4,COSN18975432,NA,L1PA5,FALSE,0.2,NA,6,24,NA,NA,NA,IGR,FALSE,FALSE,FALSE,FALSE,2,1,1,1_1,fa9996c3-b874-4424-a5a6-f1c7c0f42b9b,NA
3,90477370,90477370,1,snv_mnv,NA,NA,"broad,muse",2,COSN18975482,NA,ALR/Alpha,FALSE,0.439,NA,18,23,NA,NA,NA,IGR,FALSE,FALSE,FALSE,FALSE,2,1,1,1_1,fa9996c3-b874-4424-a5a6-f1c7c0f42b9b,NA
3,94166644,94166644,1,snv_mnv,NA,NA,"broad,dkfz,muse,sanger",4,COSN18975439,NA,L1PA13,FALSE,0.3611,NA,13,23,NA,NA,NA,IGR,FALSE,FALSE,FALSE,FALSE,2,1,1,1_1,fa9996c3-b874-4424-a5a6-f1c7c0f42b9b,NA
3,94307498,94307498,1,snv_mnv,1.9968e-4,rs375175677,"broad,dkfz,muse,sanger",4,COSN18975422,rs375175677,NA,FALSE,0.3667,NA,11,19,NA,NA,NA,IGR,FALSE,FALSE,FALSE,FALSE,2,1,1,1_1,fa9996c3-b874-4424-a5a6-f1c7c0f42b9b,NA
3,94593974,94593974,1,snv_mnv,NA,NA,"dkfz,sanger",2,COSN18975417,NA,MER52A,FALSE,0.2609,NA,6,17,NA,NA,NA,IGR,FALSE,FALSE,FALSE,FALSE,2,1,1,1_1,fa9996c3-b874-4424-a5a6-f1c7c0f42b9b,NA
3,99214215,99214215,1,snv_mnv,NA,NA,"broad,dkfz,muse,sanger",4,COSN18975452,NA,L1MA8,FALSE,0.4848,NA,16,17,NA,NA,NA,IGR,FALSE,FALSE,FALSE,FALSE,2,1,1,1_1,fa9996c3-b874-4424-a5a6-f1c7c0f42b9b,AC078828.1
3,103635593,103635593,1,snv_mnv,NA,NA,"broad,dkfz,muse,sanger",4,COSN18975440,NA,L1MC3,FALSE,0.2258,NA,7,24,NA,NA,NA,IGR,FALSE,FALSE,FALSE,FALSE,2,1,1,1_1,fa9996c3-b874-4424-a5a6-f1c7c0f42b9b,NA
3,104853335,104853335,1,snv_mnv,NA,NA,"broad,dkfz,muse,sanger",4,COSN18975446,NA,HUERS-P3b-int,FALSE,0.1944,NA,7,29,NA,NA,NA,IGR,FALSE,FALSE,FALSE,FALSE,2,1,1,1_1,fa9996c3-b874-4424-a5a6-f1c7c0f42b9b,NA
3,107560561,107560561,1,snv_mnv,NA,NA,"broad,dkfz,muse,sanger",4,COSN18975467,NA,NA,FALSE,0.2703,NA,10,27,NA,NA,NA,lincRNA,FALSE,FALSE,FALSE,FALSE,2,1,1,1_1,fa9996c3-b874-4424-a5a6-f1c7c0f42b9b,LINC00635
3,109337009,109337009,1,snv_mnv,NA,NA,"broad,dkfz,muse,sanger",4,COSN18975411,NA,NA,FALSE,0.3333,NA,9,18,NA,NA,NA,IGR,FALSE,FALSE,FALSE,FALSE,2,1,1,1_1,fa9996c3-b874-4424-a5a6-f1c7c0f42b9b,NA
3,109691945,109691945,1,snv_mnv,NA,NA,"broad,dkfz,muse,sanger",4,COSN18975421,NA,L1MB2,FALSE,0.2381,NA,10,32,NA,NA,NA,IGR,FALSE,FALSE,FALSE,FALSE,2,1,1,1_1,fa9996c3-b874-4424-a5a6-f1c7c0f42b9b,AC078918.1
3,114103198,114103198,1,snv_mnv,NA,NA,"broad,dkfz,muse,sanger",4,COSN18975471,NA,NA,FALSE,0.2857,NA,8,20,NA,NA,NA,5'Flank,FALSE,FALSE,FALSE,FALSE,2,1,1,1_1,fa9996c3-b874-4424-a5a6-f1c7c0f42b9b,"ZBTB20-AS1,ZBTB20"
3,117321397,117321397,1,snv_mnv,NA,NA,"broad,dkfz,muse,sanger",4,COSN18975423,NA,NA,FALSE,0.28,NA,7,18,NA,NA,NA,Intron,FALSE,FALSE,FALSE,FALSE,2,1,1,1_1,fa9996c3-b874-4424-a5a6-f1c7c0f42b9b,NA
3,118212882,118212882,1,snv_mnv,NA,NA,"broad,dkfz,muse,sanger",4,COSN18975479,NA,NA,FALSE,0.2895,NA,11,27,NA,NA,NA,lincRNA,FALSE,FALSE,FALSE,FALSE,2,1,1,1_1,fa9996c3-b874-4424-a5a6-f1c7c0f42b9b,NA
3,122066129,122066129,1,snv_mnv,NA,NA,"broad,muse,sanger",3,COSN18975474,NA,L1M3,FALSE,0.1724,NA,5,24,NA,NA,NA,IGR,FALSE,FALSE,FALSE,FALSE,2,1,1,1_1,fa9996c3-b874-4424-a5a6-f1c7c0f42b9b,NA
3,122695436,122695436,1,snv_mnv,NA,NA,"broad,dkfz,muse,sanger",4,COSN18975438,NA,L1ME2z,FALSE,0.1905,NA,8,34,NA,NA,NA,Intron,FALSE,FALSE,FALSE,FALSE,2,1,1,1_1,fa9996c3-b874-4424-a5a6-f1c7c0f42b9b,SEMA5B
3,128312515,128312515,1,snv_mnv,NA,NA,"broad,dkfz,muse,sanger",4,COSN18975442,rs372716594,NA,FALSE,0.1667,NA,4,20,NA,NA,NA,IGR,FALSE,FALSE,FALSE,FALSE,2,1,1,1_1,fa9996c3-b874-4424-a5a6-f1c7c0f42b9b,NA
3,132678051,132678051,1,snv_mnv,NA,NA,"broad,dkfz,muse,sanger",4,COSN18975431,NA,L1PA7,FALSE,0.4324,NA,16,21,NA,NA,NA,IGR,FALSE,FALSE,FALSE,FALSE,2,1,1,1_1,fa9996c3-b874-4424-a5a6-f1c7c0f42b9b,NA
3,132778188,132778188,1,snv_mnv,NA,NA,"broad,dkfz,muse,sanger",4,COSN18975445,NA,NA,FALSE,0.2188,NA,7,25,NA,NA,NA,Intron,FALSE,FALSE,FALSE,FALSE,2,1,1,1_1,fa9996c3-b874-4424-a5a6-f1c7c0f42b9b,NA
3,134340973,134340973,1,snv_mnv,NA,NA,"broad,dkfz,muse,sanger",4,COSN18975415,NA,L1MB4,FALSE,0.2903,NA,9,22,NA,NA,NA,Intron,FALSE,FALSE,FALSE,FALSE,2,1,1,1_1,fa9996c3-b874-4424-a5a6-f1c7c0f42b9b,NA
3,139661013,139661013,1,snv_mnv,NA,NA,"broad,dkfz,muse,sanger",4,COSN18975476,NA,NA,FALSE,0.5161,NA,16,15,NA,NA,NA,Intron,FALSE,FALSE,FALSE,FALSE,2,1,1,1_1,fa9996c3-b874-4424-a5a6-f1c7c0f42b9b,NA
3,145081551,145081551,1,snv_mnv,NA,NA,"broad,muse,sanger",3,COSN18975459,NA,L1MD,FALSE,0.1316,NA,5,33,NA,NA,NA,IGR,FALSE,FALSE,FALSE,FALSE,2,1,1,1_1,fa9996c3-b874-4424-a5a6-f1c7c0f42b9b,NA
3,154591064,154591064,1,snv_mnv,NA,NA,"broad,dkfz,muse,sanger",4,COSN18975454,NA,L1MC1,FALSE,0.3947,NA,15,23,NA,NA,NA,IGR,FALSE,FALSE,FALSE,FALSE,2,1,1,1_1,fa9996c3-b874-4424-a5a6-f1c7c0f42b9b,NA
3,163320031,163320031,1,snv_mnv,NA,NA,"broad,dkfz,muse,sanger",4,COSN18975961,rs765429496,AluSz6,FALSE,0.5,NA,18,18,NA,NA,NA,IGR,FALSE,FALSE,FALSE,FALSE,2,1,1,1_1,fa9996c3-b874-4424-a5a6-f1c7c0f42b9b,NA
3,163875491,163875491,1,snv_mnv,NA,NA,"broad,dkfz,muse,sanger",4,COSN18975447,NA,L1PA7,FALSE,0.3333,NA,10,20,NA,NA,NA,IGR,FALSE,FALSE,FALSE,FALSE,2,1,1,1_1,fa9996c3-b874-4424-a5a6-f1c7c0f42b9b,NA
3,166300771,166300771,1,snv_mnv,NA,NA,"broad,dkfz,muse,sanger",4,COSN18975424,NA,L1PA16,FALSE,0.2353,NA,8,26,NA,NA,NA,IGR,FALSE,FALSE,FALSE,FALSE,2,1,1,1_1,fa9996c3-b874-4424-a5a6-f1c7c0f42b9b,NA
3,166558949,166558949,1,snv_mnv,1.9968e-4,rs565601318,"broad,dkfz,muse,sanger",4,COSN18975462,rs565601318,AluSc8,FALSE,0.3913,NA,9,14,NA,NA,NA,lincRNA,FALSE,FALSE,FALSE,FALSE,2,1,1,1_1,fa9996c3-b874-4424-a5a6-f1c7c0f42b9b,NA
3,171595072,171595072,1,snv_mnv,NA,NA,"broad,dkfz,muse,sanger",4,COSN18975455,NA,NA,FALSE,0.1892,NA,7,30,NA,NA,NA,lincRNA,FALSE,FALSE,FALSE,FALSE,2,1,1,1_1,fa9996c3-b874-4424-a5a6-f1c7c0f42b9b,NA
3,175547762,175547762,1,snv_mnv,1.9968e-4,rs560020684,"broad,muse,sanger",3,COSN18975465,rs560020684,HERVH-int,FALSE,0.15,NA,6,34,NA,NA,NA,IGR,FALSE,FALSE,FALSE,FALSE,2,1,1,1_1,fa9996c3-b874-4424-a5a6-f1c7c0f42b9b,NA
3,175568222,175568222,1,snv_mnv,NA,NA,"broad,dkfz,muse,sanger",4,COSN18975453,NA,ERVL-E-int,FALSE,0.3182,NA,14,30,NA,NA,NA,IGR,FALSE,FALSE,FALSE,FALSE,2,1,1,1_1,fa9996c3-b874-4424-a5a6-f1c7c0f42b9b,NA
3,175872805,175872805,1,snv_mnv,NA,NA,"broad,dkfz,muse,sanger",4,COSN18975414,NA,NA,FALSE,0.451,NA,23,28,NA,NA,NA,IGR,FALSE,FALSE,FALSE,FALSE,2,1,1,1_1,fa9996c3-b874-4424-a5a6-f1c7c0f42b9b,NA
3,181387284,181387284,1,snv_mnv,NA,NA,"broad,dkfz,muse,sanger",4,COSN18975460,NA,NA,FALSE,0.2414,NA,7,22,NA,NA,NA,IGR,FALSE,FALSE,FALSE,FALSE,2,1,1,1_1,fa9996c3-b874-4424-a5a6-f1c7c0f42b9b,NA
3,190266935,190266935,1,snv_mnv,NA,NA,"muse,sanger",2,COSN18975443,NA,MER61A,FALSE,0.1724,NA,5,24,NA,NA,NA,Intron,FALSE,FALSE,FALSE,FALSE,2,1,1,1_1,fa9996c3-b874-4424-a5a6-f1c7c0f42b9b,NA
4,7776486,7776486,1,snv_mnv,1.9968e-4,rs202114703,"broad,dkfz,muse,sanger",4,COSM145075,rs202114703,NA,FALSE,0.3333,NA,8,16,NA,NA,NA,Missense_Mutation,FALSE,FALSE,FALSE,FALSE,2,1,1,1_1,fa9996c3-b874-4424-a5a6-f1c7c0f42b9b,NA
4,9795142,9795142,1,snv_mnv,NA,NA,"broad,muse,sanger",3,COSN18975766,NA,NA,FALSE,0.2093,NA,9,34,NA,NA,NA,RNA,FALSE,FALSE,FALSE,FALSE,2,1,1,1_1,fa9996c3-b874-4424-a5a6-f1c7c0f42b9b,RNA5SP154
4,19587405,19587405,1,snv_mnv,NA,NA,"broad,dkfz,muse,sanger",4,COSN18975741,NA,NA,FALSE,0.2414,NA,7,22,NA,NA,NA,lincRNA,FALSE,FALSE,FALSE,FALSE,2,1,1,1_1,fa9996c3-b874-4424-a5a6-f1c7c0f42b9b,NA
4,20464919,20464919,1,snv_mnv,NA,NA,"broad,muse",2,COSN18975789,NA,NA,FALSE,0.2,NA,5,20,NA,NA,NA,Intron,FALSE,FALSE,FALSE,FALSE,2,1,1,1_1,fa9996c3-b874-4424-a5a6-f1c7c0f42b9b,NA
4,22766971,22766971,1,snv_mnv,NA,NA,"broad,dkfz,muse,sanger",4,COSN18975780,NA,Charlie15a,FALSE,0.3846,NA,15,24,NA,NA,NA,RNA,FALSE,FALSE,FALSE,FALSE,2,1,1,1_1,fa9996c3-b874-4424-a5a6-f1c7c0f42b9b,NA
4,27487930,27487930,1,snv_mnv,NA,NA,"muse,sanger",2,COSN18975764,NA,AluSq,FALSE,0.1786,NA,5,23,NA,NA,NA,IGR,FALSE,FALSE,FALSE,FALSE,2,1,1,1_1,fa9996c3-b874-4424-a5a6-f1c7c0f42b9b,NA
4,28695799,28695799,1,snv_mnv,NA,NA,"broad,dkfz,muse,sanger",4,COSN18975728,NA,NA,FALSE,0.2857,NA,12,30,NA,NA,NA,IGR,FALSE,FALSE,FALSE,FALSE,2,1,1,1_1,fa9996c3-b874-4424-a5a6-f1c7c0f42b9b,NA
4,29776019,29776019,1,snv_mnv,NA,NA,"broad,dkfz,muse,sanger",4,COSN18975799,NA,NA,FALSE,0.3878,NA,19,30,NA,NA,NA,IGR,FALSE,FALSE,FALSE,FALSE,2,1,1,1_1,fa9996c3-b874-4424-a5a6-f1c7c0f42b9b,NA
4,30821093,30821093,1,snv_mnv,NA,NA,"broad,dkfz,muse,sanger",4,COSN18975775,NA,NA,FALSE,0.4634,NA,19,22,NA,NA,NA,Intron,FALSE,FALSE,FALSE,FALSE,2,1,1,1_1,fa9996c3-b874-4424-a5a6-f1c7c0f42b9b,NA
4,32639304,32639304,1,snv_mnv,NA,NA,"broad,dkfz,muse,sanger",4,COSN18975724,NA,NA,FALSE,0.3158,NA,12,26,NA,NA,NA,IGR,FALSE,FALSE,FALSE,FALSE,2,1,1,1_1,fa9996c3-b874-4424-a5a6-f1c7c0f42b9b,NA
4,34245742,34245742,1,snv_mnv,NA,NA,"broad,dkfz,muse,sanger",4,COSN18975757,NA,NA,FALSE,0.3429,NA,12,23,NA,NA,NA,lincRNA,FALSE,FALSE,FALSE,FALSE,2,1,1,1_1,fa9996c3-b874-4424-a5a6-f1c7c0f42b9b,NA
4,37248691,37248691,1,snv_mnv,NA,NA,"broad,dkfz,muse,sanger",4,COSN18975746,NA,NA,FALSE,0.2188,NA,7,25,NA,NA,NA,Intron,FALSE,FALSE,FALSE,FALSE,2,1,1,1_1,fa9996c3-b874-4424-a5a6-f1c7c0f42b9b,NA
4,45238722,45238722,1,snv_mnv,NA,NA,"broad,dkfz,muse,sanger",4,COSN18975763,NA,NA,FALSE,0.4516,NA,14,17,NA,NA,NA,IGR,FALSE,FALSE,FALSE,FALSE,2,1,1,1_1,fa9996c3-b874-4424-a5a6-f1c7c0f42b9b,NA
4,52815219,52815219,1,snv_mnv,NA,NA,"broad,dkfz,muse,sanger",4,COSN18975756,NA,L1PA5,FALSE,0.2143,NA,9,33,NA,NA,NA,IGR,FALSE,FALSE,FALSE,FALSE,2,1,1,1_1,fa9996c3-b874-4424-a5a6-f1c7c0f42b9b,NA
4,60768336,60768336,1,snv_mnv,NA,NA,"broad,dkfz,muse,sanger",4,COSN18975744,NA,NA,FALSE,0.2778,NA,10,26,NA,NA,NA,IGR,FALSE,FALSE,FALSE,FALSE,2,1,1,1_1,fa9996c3-b874-4424-a5a6-f1c7c0f42b9b,NA
4,61959323,61959323,1,snv_mnv,NA,NA,"broad,dkfz,muse,sanger",4,COSN18975786,NA,NA,FALSE,0.5312,NA,17,15,NA,NA,NA,IGR,FALSE,FALSE,FALSE,FALSE,2,1,1,1_1,fa9996c3-b874-4424-a5a6-f1c7c0f42b9b,NA
4,65222485,65222485,1,snv_mnv,NA,NA,"broad,dkfz,muse,sanger",4,COSN18975771,NA,LTR5B,FALSE,0.4688,NA,15,17,NA,NA,NA,Intron,FALSE,FALSE,FALSE,FALSE,2,1,1,1_1,fa9996c3-b874-4424-a5a6-f1c7c0f42b9b,NA
4,67306812,67306812,1,snv_mnv,NA,NA,"broad,dkfz,muse,sanger",4,COSN18975788,NA,LTR37A,FALSE,0.2121,NA,7,26,NA,NA,NA,IGR,FALSE,FALSE,FALSE,FALSE,2,1,1,1_1,fa9996c3-b874-4424-a5a6-f1c7c0f42b9b,NA
4,69951305,69951305,1,snv_mnv,NA,NA,"broad,dkfz,muse,sanger",4,COSN18975727,NA,L1PA8,FALSE,0.1622,NA,6,31,NA,NA,NA,Intron,FALSE,FALSE,FALSE,FALSE,2,1,1,1_1,fa9996c3-b874-4424-a5a6-f1c7c0f42b9b,NA
4,70197309,70197309,1,snv_mnv,NA,NA,"broad,muse,sanger",3,COSN18975769,NA,MER21C,FALSE,0.25,NA,5,15,NA,NA,NA,IGR,FALSE,FALSE,FALSE,FALSE,2,1,1,1_1,fa9996c3-b874-4424-a5a6-f1c7c0f42b9b,NA
4,75359417,75359417,1,snv_mnv,NA,NA,"broad,dkfz,muse,sanger",4,COSN18975738,NA,MIRb,FALSE,0.2632,NA,10,28,NA,NA,NA,IGR,FALSE,FALSE,FALSE,FALSE,2,1,1,1_1,fa9996c3-b874-4424-a5a6-f1c7c0f42b9b,NA
4,76035408,76035408,1,snv_mnv,NA,NA,"broad,dkfz,muse,sanger",4,COSN18975793,rs765132235,L1PA6,FALSE,0.3871,NA,12,19,NA,NA,NA,IGR,FALSE,FALSE,FALSE,FALSE,2,1,1,1_1,fa9996c3-b874-4424-a5a6-f1c7c0f42b9b,NA
4,76462632,76462632,1,snv_mnv,NA,NA,"broad,dkfz,muse,sanger",4,COSN18975723,NA,THE1B,FALSE,0.5143,NA,18,17,NA,NA,NA,Intron,FALSE,FALSE,FALSE,FALSE,2,1,1,1_1,fa9996c3-b874-4424-a5a6-f1c7c0f42b9b,NA
4,84558478,84558478,1,snv_mnv,NA,NA,"broad,dkfz,muse,sanger",4,COSN18975752,NA,NA,FALSE,0.2333,NA,7,23,NA,NA,NA,RNA,FALSE,FALSE,FALSE,FALSE,2,1,1,1_1,fa9996c3-b874-4424-a5a6-f1c7c0f42b9b,RF00019
4,85113825,85113825,1,snv_mnv,NA,NA,"broad,dkfz,muse,sanger",4,COSN18975777,NA,NA,FALSE,0.1282,NA,5,34,NA,NA,NA,IGR,FALSE,FALSE,FALSE,FALSE,2,1,1,1_1,fa9996c3-b874-4424-a5a6-f1c7c0f42b9b,NA
4,87585714,87585714,1,snv_mnv,NA,NA,"broad,dkfz,muse,sanger",4,COSN18975800,NA,NA,FALSE,0.3077,NA,12,27,NA,NA,NA,Intron,FALSE,FALSE,FALSE,FALSE,2,1,1,1_1,fa9996c3-b874-4424-a5a6-f1c7c0f42b9b,NA
4,92749464,92749464,1,snv_mnv,NA,NA,"broad,dkfz,muse,sanger",4,COSN18975749,NA,NA,FALSE,0.36,NA,9,16,NA,NA,NA,IGR,FALSE,FALSE,FALSE,FALSE,2,1,1,1_1,fa9996c3-b874-4424-a5a6-f1c7c0f42b9b,NA
4,92887473,92887473,1,snv_mnv,NA,NA,"broad,muse,sanger",3,COSN18975802,NA,L1M2,FALSE,0.1579,NA,6,32,NA,NA,NA,IGR,FALSE,FALSE,FALSE,FALSE,2,1,1,1_1,fa9996c3-b874-4424-a5a6-f1c7c0f42b9b,NA
4,97985188,97985188,1,snv_mnv,NA,NA,"broad,dkfz,muse,sanger",4,COSN18975798,NA,NA,FALSE,0.4103,NA,16,23,NA,NA,NA,IGR,FALSE,FALSE,FALSE,FALSE,2,1,1,1_1,fa9996c3-b874-4424-a5a6-f1c7c0f42b9b,NA
4,99785333,99785333,1,snv_mnv,NA,NA,"broad,dkfz,muse,sanger",4,COSN18975797,rs776667186,AluJr,FALSE,0.2424,NA,8,25,NA,NA,NA,IGR,FALSE,FALSE,FALSE,FALSE,2,1,1,1_1,fa9996c3-b874-4424-a5a6-f1c7c0f42b9b,NA
4,101132768,101132768,1,snv_mnv,NA,NA,"broad,dkfz,muse,sanger",4,COSN18975761,NA,NA,FALSE,0.2927,NA,12,29,NA,NA,NA,RNA,FALSE,FALSE,FALSE,FALSE,2,1,1,1_1,fa9996c3-b874-4424-a5a6-f1c7c0f42b9b,NA
4,104706187,104706187,1,snv_mnv,NA,NA,"broad,muse,sanger",3,COSN18975791,NA,LTR9,FALSE,0.24,NA,6,19,NA,NA,NA,IGR,FALSE,FALSE,FALSE,FALSE,2,1,1,1_1,fa9996c3-b874-4424-a5a6-f1c7c0f42b9b,NA
4,115387730,115387730,1,snv_mnv,NA,NA,"broad,dkfz,muse,sanger",4,COSN18975754,NA,NA,FALSE,0.2069,NA,6,23,NA,NA,NA,IGR,FALSE,FALSE,FALSE,FALSE,2,1,1,1_1,fa9996c3-b874-4424-a5a6-f1c7c0f42b9b,NA
4,117764126,117764126,1,snv_mnv,NA,NA,"broad,dkfz,muse,sanger",4,COSN18975730,NA,NA,FALSE,0.4643,NA,13,15,NA,NA,NA,IGR,FALSE,FALSE,FALSE,FALSE,2,1,1,1_1,fa9996c3-b874-4424-a5a6-f1c7c0f42b9b,NA
4,117961222,117961222,1,snv_mnv,NA,NA,"broad,dkfz,sanger",3,COSN18975747,NA,THE1D,FALSE,0.2895,NA,11,27,NA,NA,NA,IGR,FALSE,FALSE,FALSE,FALSE,2,1,1,1_1,fa9996c3-b874-4424-a5a6-f1c7c0f42b9b,NA
4,118099734,118099734,1,snv_mnv,NA,NA,"broad,dkfz,muse,sanger",4,COSN18975755,NA,NA,FALSE,0.3514,NA,13,24,NA,NA,NA,IGR,FALSE,FALSE,FALSE,FALSE,2,1,1,1_1,fa9996c3-b874-4424-a5a6-f1c7c0f42b9b,NA
4,120875732,120875732,1,snv_mnv,NA,NA,"broad,muse,sanger",3,COSN18975784,NA,L1HS,FALSE,0.2273,NA,5,17,NA,NA,NA,lincRNA,FALSE,FALSE,FALSE,FALSE,2,1,1,1_1,fa9996c3-b874-4424-a5a6-f1c7c0f42b9b,NA
4,125125776,125125776,1,snv_mnv,NA,NA,"broad,dkfz,muse,sanger",4,COSN18975790,NA,NA,FALSE,0.3871,NA,12,19,NA,NA,NA,lincRNA,FALSE,FALSE,FALSE,FALSE,2,1,1,1_1,fa9996c3-b874-4424-a5a6-f1c7c0f42b9b,NA
4,127537682,127537682,1,snv_mnv,1.9968e-4,rs553989189,"broad,dkfz,muse,sanger",4,COSN18975725,rs553989189,L1P4d,FALSE,0.1795,NA,7,32,NA,NA,NA,IGR,FALSE,FALSE,FALSE,FALSE,2,1,1,1_1,fa9996c3-b874-4424-a5a6-f1c7c0f42b9b,NA
4,128067453,128067453,1,snv_mnv,NA,NA,"broad,dkfz,muse,sanger",4,COSN18975726,NA,NA,FALSE,0.2941,NA,10,24,NA,NA,NA,lincRNA,FALSE,FALSE,FALSE,FALSE,2,1,1,1_1,fa9996c3-b874-4424-a5a6-f1c7c0f42b9b,NA
4,128687229,128687229,1,snv_mnv,NA,NA,"broad,dkfz,muse",3,COSN18975767,NA,NA,FALSE,0.4091,NA,18,26,NA,NA,NA,Intron,FALSE,FALSE,FALSE,FALSE,2,1,1,1_1,fa9996c3-b874-4424-a5a6-f1c7c0f42b9b,NA
4,131068494,131068494,1,snv_mnv,NA,NA,"broad,dkfz,muse,sanger",4,COSN18975740,NA,L1MA4,FALSE,0.2593,NA,7,20,NA,NA,NA,IGR,FALSE,FALSE,FALSE,FALSE,2,1,1,1_1,fa9996c3-b874-4424-a5a6-f1c7c0f42b9b,NA
4,133145572,133145572,1,snv_mnv,NA,NA,"broad,dkfz,muse,sanger",4,COSN18975792,NA,NA,FALSE,0.3333,NA,11,22,NA,NA,NA,IGR,FALSE,FALSE,FALSE,FALSE,2,1,1,1_1,fa9996c3-b874-4424-a5a6-f1c7c0f42b9b,NA
4,133932672,133932672,1,snv_mnv,NA,NA,"broad,dkfz,muse,sanger",4,COSN18975722,NA,NA,FALSE,0.4211,NA,16,22,NA,NA,NA,IGR,FALSE,FALSE,FALSE,FALSE,2,1,1,1_1,fa9996c3-b874-4424-a5a6-f1c7c0f42b9b,NA
4,134154161,134154161,1,snv_mnv,NA,NA,"broad,dkfz,muse,sanger",4,COSN18975783,NA,NA,FALSE,0.2059,NA,7,27,NA,NA,NA,IGR,FALSE,FALSE,FALSE,FALSE,2,1,1,1_1,fa9996c3-b874-4424-a5a6-f1c7c0f42b9b,NA
4,135115610,135115610,1,snv_mnv,NA,NA,"broad,dkfz,muse,sanger",4,COSN18975721,NA,NA,FALSE,0.2286,NA,8,27,NA,NA,NA,IGR,FALSE,FALSE,FALSE,FALSE,2,1,1,1_1,fa9996c3-b874-4424-a5a6-f1c7c0f42b9b,PABPC4L
4,136835405,136835405,1,snv_mnv,NA,NA,"broad,dkfz,muse,sanger",4,COSN18975773,rs368883046,L1MEf,FALSE,0.5111,NA,23,22,NA,NA,NA,IGR,FALSE,FALSE,FALSE,FALSE,2,1,1,1_1,fa9996c3-b874-4424-a5a6-f1c7c0f42b9b,LINC00613
4,137075944,137075944,1,snv_mnv,NA,NA,"broad,dkfz,muse,sanger",4,COSN18975748,rs747900117,NA,FALSE,0.2609,NA,6,17,NA,NA,NA,lincRNA,FALSE,FALSE,FALSE,FALSE,2,1,1,1_1,fa9996c3-b874-4424-a5a6-f1c7c0f42b9b,NA
4,138220842,138220842,1,snv_mnv,NA,NA,"broad,dkfz,muse,sanger",4,COSN18975795,NA,MLT2B1,FALSE,0.2059,NA,7,27,NA,NA,NA,IGR,FALSE,FALSE,FALSE,FALSE,2,1,1,1_1,fa9996c3-b874-4424-a5a6-f1c7c0f42b9b,SERF1AP1
4,140130795,140130795,1,snv_mnv,NA,NA,"broad,muse,sanger",3,COSN18975753,NA,L1MB2,FALSE,0.2,NA,5,20,NA,NA,NA,IGR,FALSE,FALSE,FALSE,FALSE,2,1,1,1_1,fa9996c3-b874-4424-a5a6-f1c7c0f42b9b,NA
4,140281544,140281544,1,snv_mnv,NA,NA,"broad,dkfz,muse,sanger",4,COSN18410024,NA,NA,FALSE,0.5227,NA,23,21,NA,NA,NA,Intron,FALSE,FALSE,FALSE,FALSE,2,1,1,1_1,fa9996c3-b874-4424-a5a6-f1c7c0f42b9b,NA
4,143202694,143202694,1,snv_mnv,NA,NA,"broad,dkfz,muse,sanger",4,COSN18975794,NA,NA,FALSE,0.439,NA,18,23,NA,NA,NA,Intron,FALSE,FALSE,FALSE,FALSE,2,1,1,1_1,fa9996c3-b874-4424-a5a6-f1c7c0f42b9b,NA
4,145339676,145339676,1,snv_mnv,NA,NA,"broad,dkfz,muse,sanger",4,COSN18975774,NA,MIRc,FALSE,0.4211,NA,16,22,NA,NA,NA,IGR,FALSE,FALSE,FALSE,FALSE,2,1,1,1_1,fa9996c3-b874-4424-a5a6-f1c7c0f42b9b,NA
4,147842398,147842398,1,snv_mnv,NA,NA,"broad,dkfz,muse,sanger",4,COSN18975743,NA,NA,FALSE,0.3947,NA,15,23,NA,NA,NA,Intron,FALSE,FALSE,FALSE,FALSE,2,1,1,1_1,fa9996c3-b874-4424-a5a6-f1c7c0f42b9b,NA
4,151764747,151764747,1,snv_mnv,NA,NA,"broad,dkfz,muse,sanger",4,COSN18975729,NA,NA,FALSE,0.2381,NA,10,32,NA,NA,NA,Intron,FALSE,FALSE,FALSE,FALSE,2,1,1,1_1,fa9996c3-b874-4424-a5a6-f1c7c0f42b9b,NA
4,154669218,154669218,1,snv_mnv,NA,NA,"broad,muse,sanger",3,COSN18975751,NA,MSTD,FALSE,0.1429,NA,4,24,NA,NA,NA,Intron,FALSE,FALSE,FALSE,FALSE,2,1,1,1_1,fa9996c3-b874-4424-a5a6-f1c7c0f42b9b,RNF175
4,158036454,158036454,1,snv_mnv,NA,NA,"broad,dkfz,muse,sanger",4,COSN18975732,NA,L1MC3,FALSE,0.1818,NA,6,27,NA,NA,NA,Intron,FALSE,FALSE,FALSE,FALSE,2,1,1,1_1,fa9996c3-b874-4424-a5a6-f1c7c0f42b9b,NA
4,160915433,160915433,1,snv_mnv,NA,NA,"broad,dkfz,muse",3,COSN18975737,NA,L1PA8,FALSE,0.4444,NA,20,25,NA,NA,NA,IGR,FALSE,FALSE,FALSE,FALSE,2,1,1,1_1,fa9996c3-b874-4424-a5a6-f1c7c0f42b9b,NA
4,161389754,161389754,1,snv_mnv,3.9936e-4,rs536727727,"broad,dkfz,muse,sanger",4,COSN18975962,rs536727727,THE1D,FALSE,0.3659,NA,15,26,NA,NA,NA,IGR,FALSE,FALSE,FALSE,FALSE,2,1,1,1_1,fa9996c3-b874-4424-a5a6-f1c7c0f42b9b,NA
4,162130569,162130569,1,snv_mnv,NA,NA,"broad,dkfz,muse,sanger",4,COSN18975739,NA,L1MA9,FALSE,0.3333,NA,11,22,NA,NA,NA,IGR,FALSE,FALSE,FALSE,FALSE,2,1,1,1_1,fa9996c3-b874-4424-a5a6-f1c7c0f42b9b,NA
4,163218440,163218440,1,snv_mnv,NA,NA,"broad,dkfz,muse,sanger",4,COSN18975772,NA,NA,FALSE,0.3784,NA,14,23,NA,NA,NA,IGR,FALSE,FALSE,FALSE,FALSE,2,1,1,1_1,fa9996c3-b874-4424-a5a6-f1c7c0f42b9b,NA
4,163642066,163642066,1,snv_mnv,NA,NA,"broad,dkfz,muse,sanger",4,COSN18975733,NA,L1MB8,FALSE,0.5625,NA,18,14,NA,NA,NA,IGR,FALSE,FALSE,FALSE,FALSE,2,1,1,1_1,fa9996c3-b874-4424-a5a6-f1c7c0f42b9b,NA
4,165383463,165383463,1,snv_mnv,NA,NA,"broad,dkfz,muse,sanger",4,COSN18975787,NA,NA,FALSE,0.5789,NA,22,16,NA,NA,NA,IGR,FALSE,FALSE,FALSE,FALSE,2,1,1,1_1,fa9996c3-b874-4424-a5a6-f1c7c0f42b9b,NA
4,166622133,166622133,1,snv_mnv,NA,NA,"broad,dkfz,muse,sanger",4,COSN18975735,NA,NA,FALSE,0.375,NA,9,15,NA,NA,NA,lincRNA,FALSE,FALSE,FALSE,FALSE,2,1,1,1_1,fa9996c3-b874-4424-a5a6-f1c7c0f42b9b,NA
4,176658551,176658551,1,snv_mnv,NA,NA,"broad,dkfz,muse,sanger",4,COSN18975742,NA,AluSq2,FALSE,0.3529,NA,12,22,NA,NA,NA,Intron,FALSE,FALSE,FALSE,FALSE,2,1,1,1_1,fa9996c3-b874-4424-a5a6-f1c7c0f42b9b,NA
4,177071986,177071986,1,snv_mnv,NA,NA,"broad,dkfz,muse,sanger",4,COSN18975765,NA,NA,FALSE,0.3871,NA,12,19,NA,NA,NA,Intron,FALSE,FALSE,FALSE,FALSE,2,1,1,1_1,fa9996c3-b874-4424-a5a6-f1c7c0f42b9b,NA
4,177392158,177392158,1,snv_mnv,NA,NA,"broad,dkfz,muse,sanger",4,COSN18975758,NA,NA,FALSE,0.3611,NA,13,23,NA,NA,NA,IGR,FALSE,FALSE,FALSE,FALSE,2,1,1,1_1,fa9996c3-b874-4424-a5a6-f1c7c0f42b9b,NA
4,177608197,177608197,1,snv_mnv,NA,NA,"broad,dkfz,muse,sanger",4,COSN18975759,NA,NA,FALSE,0.2121,NA,7,26,NA,NA,NA,Intron,FALSE,FALSE,FALSE,FALSE,2,1,1,1_1,fa9996c3-b874-4424-a5a6-f1c7c0f42b9b,VEGFC
4,181479693,181479693,1,snv_mnv,NA,NA,"broad,dkfz,muse,sanger",4,COSN18975803,NA,NA,FALSE,0.16,NA,4,21,NA,NA,NA,IGR,FALSE,FALSE,FALSE,FALSE,2,1,1,1_1,fa9996c3-b874-4424-a5a6-f1c7c0f42b9b,NA
4,182557919,182557919,1,snv_mnv,NA,NA,"broad,dkfz,muse,sanger",4,COSN18975736,NA,L2a,FALSE,0.3793,NA,11,18,NA,NA,NA,IGR,FALSE,FALSE,FALSE,FALSE,2,1,1,1_1,fa9996c3-b874-4424-a5a6-f1c7c0f42b9b,NA
4,184469004,184469004,1,snv_mnv,NA,NA,"broad,muse,sanger",3,COSN18975731,NA,L1MA9,FALSE,0.1613,NA,5,26,NA,NA,NA,IGR,FALSE,FALSE,FALSE,FALSE,2,1,1,1_1,fa9996c3-b874-4424-a5a6-f1c7c0f42b9b,NA
4,187534301,187534301,1,snv_mnv,NA,NA,"broad,dkfz,muse,sanger",4,COSM145398,rs753059895,NA,FALSE,0.3333,NA,12,24,NA,NA,NA,Missense_Mutation,FALSE,FALSE,FALSE,FALSE,2,1,1,1_1,fa9996c3-b874-4424-a5a6-f1c7c0f42b9b,FAT1
4,189772970,189772970,1,snv_mnv,NA,NA,"broad,dkfz,muse,sanger",4,COSN18975770,NA,MER11A,FALSE,0.2424,NA,8,25,NA,NA,NA,IGR,FALSE,FALSE,FALSE,FALSE,2,1,1,1_1,fa9996c3-b874-4424-a5a6-f1c7c0f42b9b,NA
4,189898615,189898615,1,snv_mnv,NA,NA,"broad,dkfz,muse,sanger",4,COSN18975762,NA,NA,FALSE,0.5,NA,19,19,NA,NA,NA,IGR,FALSE,FALSE,FALSE,FALSE,2,1,1,1_1,fa9996c3-b874-4424-a5a6-f1c7c0f42b9b,NA
5,158636,158636,1,snv_mnv,NA,NA,"broad,dkfz,muse,sanger",4,COSN18975887,NA,C-rich,FALSE,0.3684,NA,7,12,NA,NA,NA,Intron,FALSE,FALSE,FALSE,FALSE,2,1,1,1_1,fa9996c3-b874-4424-a5a6-f1c7c0f42b9b,PLEKHG4B
5,2520056,2520056,1,snv_mnv,1.9968e-4,rs567869984,"broad,dkfz,muse,sanger",4,COSN18975918,rs567869984,NA,FALSE,0.4483,NA,13,16,NA,NA,NA,IGR,FALSE,FALSE,FALSE,FALSE,2,1,1,1_1,fa9996c3-b874-4424-a5a6-f1c7c0f42b9b,NA
5,4558294,4558294,1,snv_mnv,NA,NA,"broad,dkfz,sanger",3,COSN18975934,NA,NA,FALSE,0.1786,NA,5,23,NA,NA,NA,lincRNA,FALSE,FALSE,FALSE,FALSE,2,1,1,1_1,fa9996c3-b874-4424-a5a6-f1c7c0f42b9b,NA
5,7188507,7188507,1,snv_mnv,NA,NA,"broad,muse,sanger",3,COSN18975944,NA,AluY,FALSE,0.2917,NA,7,17,NA,NA,NA,lincRNA,FALSE,FALSE,FALSE,FALSE,2,1,1,1_1,fa9996c3-b874-4424-a5a6-f1c7c0f42b9b,NA
5,8136309,8136309,1,snv_mnv,NA,NA,"broad,dkfz,muse,sanger",4,COSN18975889,rs532510776,NA,FALSE,0.4,NA,16,24,NA,NA,NA,IGR,FALSE,FALSE,FALSE,FALSE,2,1,1,1_1,fa9996c3-b874-4424-a5a6-f1c7c0f42b9b,NA
5,11595222,11595222,1,snv_mnv,NA,NA,"broad,dkfz,muse,sanger",4,COSN18975880,NA,NA,FALSE,0.1875,NA,6,26,NA,NA,NA,Intron,FALSE,FALSE,FALSE,FALSE,2,1,1,1_1,fa9996c3-b874-4424-a5a6-f1c7c0f42b9b,NA
5,13592365,13592365,1,snv_mnv,NA,NA,"broad,dkfz,muse,sanger",4,COSN18975874,NA,AluSx1,FALSE,0.55,NA,11,9,NA,NA,NA,IGR,FALSE,FALSE,FALSE,FALSE,2,1,1,1_1,fa9996c3-b874-4424-a5a6-f1c7c0f42b9b,NA
5,16202576,16202576,1,snv_mnv,NA,NA,"broad,muse,sanger",3,COSN18975908,NA,L1PA11,FALSE,0.2,NA,6,24,NA,NA,NA,IGR,FALSE,FALSE,FALSE,FALSE,2,1,1,1_1,fa9996c3-b874-4424-a5a6-f1c7c0f42b9b,NA
5,19606266,19606266,1,snv_mnv,NA,NA,"broad,dkfz,muse,sanger",4,COSN18975933,NA,NA,FALSE,0.5676,NA,21,16,NA,NA,NA,Intron,FALSE,FALSE,FALSE,FALSE,2,1,1,1_1,fa9996c3-b874-4424-a5a6-f1c7c0f42b9b,NA
5,20294236,20294236,1,snv_mnv,NA,NA,"broad,dkfz,muse,sanger",4,COSN18975907,rs752779937,NA,FALSE,0.4048,NA,17,25,NA,NA,NA,Intron,FALSE,FALSE,FALSE,FALSE,2,1,1,1_1,fa9996c3-b874-4424-a5a6-f1c7c0f42b9b,NA
5,21004283,21004283,1,snv_mnv,NA,NA,"broad,dkfz,muse,sanger",4,COSN18975898,NA,L1MD,FALSE,0.5769,NA,15,11,NA,NA,NA,IGR,FALSE,FALSE,FALSE,FALSE,2,1,1,1_1,fa9996c3-b874-4424-a5a6-f1c7c0f42b9b,NA
5,22095798,22095798,1,snv_mnv,NA,NA,"broad,muse",2,COSN18975881,NA,HERVH-int,FALSE,0.2381,NA,5,16,NA,NA,NA,Intron,FALSE,FALSE,FALSE,FALSE,2,1,1,1_1,fa9996c3-b874-4424-a5a6-f1c7c0f42b9b,NA
5,22889645,22889645,1,snv_mnv,NA,NA,"broad,dkfz,muse,sanger",4,COSN18974844,NA,NA,FALSE,0.3636,NA,12,21,NA,NA,NA,IGR,FALSE,FALSE,FALSE,FALSE,2,1,1,1_1,fa9996c3-b874-4424-a5a6-f1c7c0f42b9b,NA
5,25007064,25007064,1,snv_mnv,3.9936e-4,rs561073469,"broad,muse",2,COSN7931347,rs561073469,NA,FALSE,0.1,NA,3,27,NA,NA,NA,IGR,FALSE,FALSE,FALSE,FALSE,2,1,1,1_1,fa9996c3-b874-4424-a5a6-f1c7c0f42b9b,NA
5,26348398,26348398,1,snv_mnv,NA,NA,"broad,dkfz,muse,sanger",4,COSN18975896,NA,NA,FALSE,0.2857,NA,8,20,NA,NA,NA,IGR,FALSE,FALSE,FALSE,FALSE,2,1,1,1_1,fa9996c3-b874-4424-a5a6-f1c7c0f42b9b,NA
5,26841661,26841661,1,snv_mnv,NA,NA,"broad,dkfz,muse,sanger",4,COSN18975873,NA,AluJb,FALSE,0.3889,NA,14,22,NA,NA,NA,IGR,FALSE,FALSE,FALSE,FALSE,2,1,1,1_1,fa9996c3-b874-4424-a5a6-f1c7c0f42b9b,NA
5,27702225,27702225,1,snv_mnv,NA,NA,"dkfz,muse,sanger",3,COSN18975930,NA,NA,FALSE,0.186,NA,8,35,NA,NA,NA,IGR,FALSE,FALSE,FALSE,FALSE,2,1,1,1_1,fa9996c3-b874-4424-a5a6-f1c7c0f42b9b,NA
5,28263330,28263330,1,snv_mnv,NA,NA,"broad,dkfz,muse,sanger",4,COSN18975861,NA,MLT1E2,FALSE,0.2414,NA,7,22,NA,NA,NA,IGR,FALSE,FALSE,FALSE,FALSE,2,1,1,1_1,fa9996c3-b874-4424-a5a6-f1c7c0f42b9b,NA
5,29372700,29372700,1,snv_mnv,NA,NA,"broad,dkfz,muse,sanger",4,COSN18975890,NA,L1M5,FALSE,0.36,NA,9,16,NA,NA,NA,IGR,FALSE,FALSE,FALSE,FALSE,2,1,1,1_1,fa9996c3-b874-4424-a5a6-f1c7c0f42b9b,NA
5,29735172,29735172,1,snv_mnv,NA,NA,"broad,muse,sanger",3,COSN18975914,NA,L1PA13,FALSE,0.1282,NA,5,34,NA,NA,NA,IGR,FALSE,FALSE,FALSE,FALSE,2,1,1,1_1,fa9996c3-b874-4424-a5a6-f1c7c0f42b9b,NA
5,29898360,29898360,1,snv_mnv,NA,NA,"dkfz,muse",2,COSN18975904,NA,MLT1B,FALSE,0.1892,NA,7,30,NA,NA,NA,IGR,FALSE,FALSE,FALSE,FALSE,2,1,1,1_1,fa9996c3-b874-4424-a5a6-f1c7c0f42b9b,NA
5,31833228,31833228,1,snv_mnv,NA,NA,"broad,dkfz,muse,sanger",4,COSN18975952,NA,NA,FALSE,0.1379,NA,4,25,NA,NA,NA,Intron,FALSE,FALSE,FALSE,FALSE,2,1,1,1_1,fa9996c3-b874-4424-a5a6-f1c7c0f42b9b,RNU6-760P
5,33807164,33807164,1,snv_mnv,NA,NA,"broad,dkfz,muse,sanger",4,COSN18975878,NA,L2,FALSE,0.2903,NA,9,22,NA,NA,NA,Intron,FALSE,FALSE,FALSE,FALSE,2,1,1,1_1,fa9996c3-b874-4424-a5a6-f1c7c0f42b9b,NA
5,34449537,34449537,1,snv_mnv,NA,NA,"broad,dkfz,muse,sanger",4,COSN18975946,NA,Tigger3a,FALSE,0.5,NA,23,23,NA,NA,NA,IGR,FALSE,FALSE,FALSE,FALSE,2,1,1,1_1,fa9996c3-b874-4424-a5a6-f1c7c0f42b9b,NA
5,34802405,34802405,1,snv_mnv,NA,NA,"broad,dkfz,muse,sanger",4,COSN18975941,NA,5S,FALSE,0.25,NA,9,27,NA,NA,NA,Intron,FALSE,FALSE,FALSE,FALSE,2,1,1,1_1,fa9996c3-b874-4424-a5a6-f1c7c0f42b9b,NA
5,40061356,40061356,1,snv_mnv,NA,NA,"broad,dkfz,muse,sanger",4,COSN18975877,NA,MIRc,FALSE,0.4062,NA,13,19,NA,NA,NA,IGR,FALSE,FALSE,FALSE,FALSE,2,1,1,1_1,fa9996c3-b874-4424-a5a6-f1c7c0f42b9b,NA
5,41144890,41144890,1,snv_mnv,NA,NA,"broad,dkfz,muse,sanger",4,COSN18975905,rs777771005,L1PA15,FALSE,0.5517,NA,16,13,NA,NA,NA,Intron,FALSE,FALSE,FALSE,FALSE,2,1,1,1_1,fa9996c3-b874-4424-a5a6-f1c7c0f42b9b,NA
5,42747883,42747883,1,snv_mnv,NA,NA,"broad,dkfz,muse,sanger",4,COSN18975869,NA,NA,FALSE,0.5,NA,22,22,NA,NA,NA,IGR,FALSE,FALSE,FALSE,FALSE,2,1,1,1_1,fa9996c3-b874-4424-a5a6-f1c7c0f42b9b,NA
5,45899524,45899524,1,snv_mnv,1.9968e-4,rs576853180,"broad,dkfz,muse,sanger",4,COSN18975916,rs576853180,L1PA11,FALSE,0.5476,NA,23,19,NA,NA,NA,IGR,FALSE,FALSE,FALSE,FALSE,2,1,1,1_1,fa9996c3-b874-4424-a5a6-f1c7c0f42b9b,AC122694.1
5,45984946,45984946,1,snv_mnv,NA,NA,"broad,muse",2,COSN18975937,NA,ALR/Alpha,FALSE,0.3448,NA,10,19,NA,NA,NA,IGR,FALSE,FALSE,FALSE,FALSE,2,1,1,1_1,fa9996c3-b874-4424-a5a6-f1c7c0f42b9b,NA
5,46176641,46176641,1,snv_mnv,NA,NA,"broad,muse",2,COSN18975949,NA,ALR/Alpha,FALSE,0.3939,NA,13,20,NA,NA,NA,IGR,FALSE,FALSE,FALSE,FALSE,2,1,1,1_1,fa9996c3-b874-4424-a5a6-f1c7c0f42b9b,NA
5,61286521,61286521,1,snv_mnv,NA,NA,"broad,dkfz,muse,sanger",4,COSN18975899,NA,NA,FALSE,0.2973,NA,11,26,NA,NA,NA,IGR,FALSE,FALSE,FALSE,FALSE,2,1,1,1_1,fa9996c3-b874-4424-a5a6-f1c7c0f42b9b,NA
5,62697834,62697834,1,snv_mnv,NA,NA,"broad,muse,sanger",3,COSN18975885,NA,L2a,FALSE,0.1622,NA,6,31,NA,NA,NA,IGR,FALSE,FALSE,FALSE,FALSE,2,1,1,1_1,fa9996c3-b874-4424-a5a6-f1c7c0f42b9b,NA
5,63560506,63560506,1,snv_mnv,NA,NA,"broad,dkfz,muse,sanger",4,COSN18975936,NA,L1PA8,FALSE,0.4167,NA,15,21,NA,NA,NA,Intron,FALSE,FALSE,FALSE,FALSE,2,1,1,1_1,fa9996c3-b874-4424-a5a6-f1c7c0f42b9b,NA
5,66735728,66735728,1,snv_mnv,NA,NA,"broad,dkfz,muse,sanger",4,COSN18975902,NA,NA,FALSE,0.3256,NA,14,29,NA,NA,NA,IGR,FALSE,FALSE,FALSE,FALSE,2,1,1,1_1,fa9996c3-b874-4424-a5a6-f1c7c0f42b9b,NA
5,66799025,66799025,1,snv_mnv,NA,NA,"broad,dkfz,muse,sanger",4,COSN18975939,NA,NA,FALSE,0.3333,NA,10,20,NA,NA,NA,IGR,FALSE,FALSE,FALSE,FALSE,2,1,1,1_1,fa9996c3-b874-4424-a5a6-f1c7c0f42b9b,NA
5,68266349,68266349,1,snv_mnv,NA,NA,"broad,muse,sanger",3,COSN18975922,NA,7SK,FALSE,0.2609,NA,6,17,NA,NA,NA,lincRNA,FALSE,FALSE,FALSE,FALSE,2,1,1,1_1,fa9996c3-b874-4424-a5a6-f1c7c0f42b9b,"LINC02198,AC093248.1"
5,71859885,71859885,1,snv_mnv,NA,NA,"broad,dkfz,muse,sanger",4,COSN18975863,NA,MSTA,FALSE,0.4737,NA,9,10,NA,NA,NA,IGR,FALSE,FALSE,FALSE,FALSE,2,1,1,1_1,fa9996c3-b874-4424-a5a6-f1c7c0f42b9b,NA
5,80501923,80501923,1,snv_mnv,NA,NA,"broad,dkfz,muse,sanger",4,COSN18975938,NA,NA,FALSE,0.2188,NA,7,25,NA,NA,NA,Intron,FALSE,FALSE,FALSE,FALSE,2,1,1,1_1,fa9996c3-b874-4424-a5a6-f1c7c0f42b9b,CKMT2-AS1
5,82678634,82678634,1,snv_mnv,NA,NA,"broad,dkfz,muse,sanger",4,COSN18975867,NA,AluSq2,FALSE,0.3684,NA,7,12,NA,NA,NA,IGR,FALSE,FALSE,FALSE,FALSE,2,1,1,1_1,fa9996c3-b874-4424-a5a6-f1c7c0f42b9b,NA
5,83716145,83716145,1,snv_mnv,NA,NA,"broad,dkfz,muse,sanger",4,COSN18975872,NA,L1PA3,FALSE,0.36,NA,9,16,NA,NA,NA,RNA,FALSE,FALSE,FALSE,FALSE,2,1,1,1_1,fa9996c3-b874-4424-a5a6-f1c7c0f42b9b,AC113383.1
5,96121324,96121324,1,snv_mnv,NA,NA,"broad,dkfz,muse,sanger",4,COSN18975954,NA,NA,FALSE,0.4,NA,16,24,NA,NA,NA,Intron,FALSE,FALSE,FALSE,FALSE,2,1,1,1_1,fa9996c3-b874-4424-a5a6-f1c7c0f42b9b,ERAP1
5,100275866,100275866,1,snv_mnv,NA,NA,"broad,dkfz,muse,sanger",4,COSN18975886,NA,MLT2C2,FALSE,0.225,NA,9,31,NA,NA,NA,IGR,FALSE,FALSE,FALSE,FALSE,2,1,1,1_1,fa9996c3-b874-4424-a5a6-f1c7c0f42b9b,NA
5,104258817,104258817,1,snv_mnv,NA,NA,"muse,sanger",2,COSN18975891,NA,LTR8A,FALSE,0.1935,NA,6,25,NA,NA,NA,lincRNA,FALSE,FALSE,FALSE,FALSE,2,1,1,1_1,fa9996c3-b874-4424-a5a6-f1c7c0f42b9b,NA
5,104259975,104259975,1,snv_mnv,NA,NA,"dkfz,sanger",2,COSN18975928,NA,MSTB-int,FALSE,0.5143,NA,18,17,NA,NA,NA,lincRNA,FALSE,FALSE,FALSE,FALSE,2,1,1,1_1,fa9996c3-b874-4424-a5a6-f1c7c0f42b9b,NA
5,104700894,104700894,1,snv_mnv,NA,NA,"broad,dkfz,muse,sanger",4,COSN18975931,NA,L1MA4A,FALSE,0.6053,NA,23,15,NA,NA,NA,lincRNA,FALSE,FALSE,FALSE,FALSE,2,1,1,1_1,fa9996c3-b874-4424-a5a6-f1c7c0f42b9b,NA
5,104896092,104896092,1,snv_mnv,NA,NA,"broad,dkfz,muse,sanger",4,COSN18975870,NA,L1MD2,FALSE,0.3478,NA,16,30,NA,NA,NA,IGR,FALSE,FALSE,FALSE,FALSE,2,1,1,1_1,fa9996c3-b874-4424-a5a6-f1c7c0f42b9b,NA
5,104996812,104996812,1,snv_mnv,NA,NA,"broad,dkfz,muse,sanger",4,COSN18975924,NA,MER33,FALSE,0.4242,NA,14,19,NA,NA,NA,IGR,FALSE,FALSE,FALSE,FALSE,2,1,1,1_1,fa9996c3-b874-4424-a5a6-f1c7c0f42b9b,NA
5,105294591,105294591,1,snv_mnv,NA,NA,"broad,dkfz,muse,sanger",4,COSN18975956,NA,NA,FALSE,0.2414,NA,7,22,NA,NA,NA,IGR,FALSE,FALSE,FALSE,FALSE,2,1,1,1_1,fa9996c3-b874-4424-a5a6-f1c7c0f42b9b,NA
5,106608566,106608566,1,snv_mnv,NA,NA,"broad,dkfz,muse,sanger",4,COSN18975925,NA,NA,FALSE,0.5676,NA,21,16,NA,NA,NA,IGR,FALSE,FALSE,FALSE,FALSE,2,1,1,1_1,fa9996c3-b874-4424-a5a6-f1c7c0f42b9b,NA
5,107765513,107765513,1,snv_mnv,NA,NA,"broad,dkfz,muse,sanger",4,COSN18975942,NA,AluJo,FALSE,0.4286,NA,12,16,NA,NA,NA,IGR,FALSE,FALSE,FALSE,FALSE,2,1,1,1_1,fa9996c3-b874-4424-a5a6-f1c7c0f42b9b,NA
5,112463937,112463937,1,snv_mnv,NA,NA,"broad,dkfz,muse,sanger",4,COSN18975917,NA,NA,FALSE,0.25,NA,8,24,NA,NA,NA,Intron,FALSE,FALSE,FALSE,FALSE,2,1,1,1_1,fa9996c3-b874-4424-a5a6-f1c7c0f42b9b,NA
5,114093826,114093826,1,snv_mnv,NA,NA,"dkfz,muse,sanger",3,COSN18975927,NA,NA,FALSE,0.1875,NA,6,26,NA,NA,NA,IGR,FALSE,FALSE,FALSE,FALSE,2,1,1,1_1,fa9996c3-b874-4424-a5a6-f1c7c0f42b9b,NA
5,116190303,116190303,1,snv_mnv,NA,NA,"dkfz,muse,sanger",3,COSN18975900,NA,AluJo,FALSE,0.2647,NA,9,25,NA,NA,NA,IGR,FALSE,FALSE,FALSE,FALSE,2,1,1,1_1,fa9996c3-b874-4424-a5a6-f1c7c0f42b9b,NA
5,119123106,119123106,1,snv_mnv,NA,NA,"broad,dkfz,muse,sanger",4,COSN18975912,NA,NA,FALSE,0.2941,NA,10,24,NA,NA,NA,IGR,FALSE,FALSE,FALSE,FALSE,2,1,1,1_1,fa9996c3-b874-4424-a5a6-f1c7c0f42b9b,NA
5,119533828,119533828,1,snv_mnv,NA,NA,"broad,dkfz,muse,sanger",4,COSN18975875,NA,NA,FALSE,0.2308,NA,9,30,NA,NA,NA,IGR,FALSE,FALSE,FALSE,FALSE,2,1,1,1_1,fa9996c3-b874-4424-a5a6-f1c7c0f42b9b,NA
5,122253344,122253344,1,snv_mnv,NA,NA,"broad,dkfz,muse,sanger",4,COSN18975906,NA,NA,FALSE,0.4375,NA,14,18,NA,NA,NA,Intron,FALSE,FALSE,FALSE,FALSE,2,1,1,1_1,fa9996c3-b874-4424-a5a6-f1c7c0f42b9b,NA
5,122380735,122380735,1,snv_mnv,NA,NA,"broad,dkfz,muse,sanger",4,COSN18975947,NA,NA,FALSE,0.5116,NA,22,21,NA,NA,NA,RNA,FALSE,FALSE,FALSE,FALSE,2,1,1,1_1,fa9996c3-b874-4424-a5a6-f1c7c0f42b9b,NA
5,123988508,123988508,1,snv_mnv,NA,NA,"broad,dkfz,muse,sanger",4,COSN18975903,NA,NA,FALSE,0.2059,NA,7,27,NA,NA,NA,Intron,FALSE,FALSE,FALSE,FALSE,2,1,1,1_1,fa9996c3-b874-4424-a5a6-f1c7c0f42b9b,NA
5,129166694,129166694,1,snv_mnv,NA,NA,"broad,dkfz,muse,sanger",4,COSN18975913,NA,MLT1D,FALSE,0.3636,NA,12,21,NA,NA,NA,RNA,FALSE,FALSE,FALSE,FALSE,2,1,1,1_1,fa9996c3-b874-4424-a5a6-f1c7c0f42b9b,NA
5,129626136,129626136,1,snv_mnv,NA,NA,"broad,dkfz,muse,sanger",4,COSN18975910,NA,NA,FALSE,0.1892,NA,7,30,NA,NA,NA,IGR,FALSE,FALSE,FALSE,FALSE,2,1,1,1_1,fa9996c3-b874-4424-a5a6-f1c7c0f42b9b,NA
5,134344853,134344853,1,snv_mnv,NA,NA,"broad,dkfz,muse,sanger",4,COSN18975950,NA,NA,FALSE,0.2857,NA,8,20,NA,NA,NA,Intron,FALSE,FALSE,FALSE,FALSE,2,1,1,1_1,fa9996c3-b874-4424-a5a6-f1c7c0f42b9b,PCBD2
5,136159531,136159531,1,snv_mnv,NA,NA,"broad,dkfz,muse,sanger",4,COSN18975926,NA,L1PA5,FALSE,0.325,NA,13,27,NA,NA,NA,IGR,FALSE,FALSE,FALSE,FALSE,2,1,1,1_1,fa9996c3-b874-4424-a5a6-f1c7c0f42b9b,NA
5,137147719,137147719,1,snv_mnv,NA,NA,"broad,dkfz,muse,sanger",4,COSN18975892,NA,NA,FALSE,0.2973,NA,11,26,NA,NA,NA,RNA,FALSE,FALSE,FALSE,FALSE,2,1,1,1_1,fa9996c3-b874-4424-a5a6-f1c7c0f42b9b,"NPY6R,AC106791.1"
5,139103043,139103043,1,snv_mnv,NA,NA,"broad,muse,sanger",3,COSN18975915,NA,AluSq2,FALSE,0.2353,NA,4,13,NA,NA,NA,lincRNA,FALSE,FALSE,FALSE,FALSE,2,1,1,1_1,fa9996c3-b874-4424-a5a6-f1c7c0f42b9b,NA
5,139383088,139383088,1,snv_mnv,NA,NA,"broad,dkfz,muse,sanger",4,COSN18975932,NA,MLT1D,FALSE,0.3793,NA,11,18,NA,NA,NA,Intron,FALSE,FALSE,FALSE,FALSE,2,1,1,1_1,fa9996c3-b874-4424-a5a6-f1c7c0f42b9b,NA
5,145019162,145019162,1,snv_mnv,NA,NA,"broad,dkfz,muse,sanger",4,COSN18975862,NA,NA,FALSE,0.3077,NA,12,27,NA,NA,NA,IGR,FALSE,FALSE,FALSE,FALSE,2,1,1,1_1,fa9996c3-b874-4424-a5a6-f1c7c0f42b9b,NA
5,147597318,147597318,1,snv_mnv,NA,NA,"broad,dkfz,muse,sanger",4,COSN18975860,NA,NA,FALSE,0.3415,NA,14,27,NA,NA,NA,IGR,FALSE,FALSE,FALSE,FALSE,2,1,1,1_1,fa9996c3-b874-4424-a5a6-f1c7c0f42b9b,"MARCOL,SPINK6,HMGN1P16"
5,148037285,148037285,1,snv_mnv,NA,NA,"broad,dkfz,muse,sanger",4,COSN18975929,NA,L1ME4a,FALSE,0.2286,NA,8,27,NA,NA,NA,Intron,FALSE,FALSE,FALSE,FALSE,2,1,1,1_1,fa9996c3-b874-4424-a5a6-f1c7c0f42b9b,HTR4
5,152231563,152231563,1,snv_mnv,NA,NA,"broad,dkfz,muse,sanger",4,COSN18975897,NA,L1MC1,FALSE,0.25,NA,6,18,NA,NA,NA,IGR,FALSE,FALSE,FALSE,FALSE,2,1,1,1_1,fa9996c3-b874-4424-a5a6-f1c7c0f42b9b,NA
5,152711100,152711100,1,snv_mnv,NA,NA,"muse,sanger",2,COSN18975868,NA,NA,FALSE,0.3077,NA,4,9,NA,NA,NA,IGR,FALSE,FALSE,FALSE,FALSE,2,1,1,1_1,fa9996c3-b874-4424-a5a6-f1c7c0f42b9b,NA
5,153108748,153108748,1,snv_mnv,NA,NA,"broad,dkfz,muse,sanger",4,COSN18975866,NA,L1PA3,FALSE,0.5,NA,12,12,NA,NA,NA,Intron,FALSE,FALSE,FALSE,FALSE,2,1,1,1_1,fa9996c3-b874-4424-a5a6-f1c7c0f42b9b,NA
5,153443536,153443536,1,snv_mnv,NA,NA,"dkfz,muse,sanger",3,COSN18975888,NA,AluSc5,FALSE,0.2778,NA,5,13,NA,NA,NA,IGR,FALSE,FALSE,FALSE,FALSE,2,1,1,1_1,fa9996c3-b874-4424-a5a6-f1c7c0f42b9b,NA
5,153891255,153891255,1,snv_mnv,NA,NA,"broad,dkfz,muse,sanger",4,COSN18975923,NA,NA,FALSE,0.36,NA,9,16,NA,NA,NA,IGR,FALSE,FALSE,FALSE,FALSE,2,1,1,1_1,fa9996c3-b874-4424-a5a6-f1c7c0f42b9b,NA
5,160693579,160693579,1,snv_mnv,NA,NA,"dkfz,muse,sanger",3,COSN18975901,NA,L1PB3,FALSE,0.1842,NA,7,31,NA,NA,NA,IGR,FALSE,FALSE,FALSE,FALSE,2,1,1,1_1,fa9996c3-b874-4424-a5a6-f1c7c0f42b9b,NA
5,162505173,162505173,1,snv_mnv,NA,NA,"broad,dkfz,muse,sanger",4,COSN18975953,NA,L1PA8,FALSE,0.3611,NA,13,23,NA,NA,NA,RNA,FALSE,FALSE,FALSE,FALSE,2,1,1,1_1,fa9996c3-b874-4424-a5a6-f1c7c0f42b9b,NA
5,164032343,164032343,1,snv_mnv,NA,NA,"broad,muse,sanger",3,COSN18975876,NA,AluSx,FALSE,0.2273,NA,5,17,NA,NA,NA,RNA,FALSE,FALSE,FALSE,FALSE,2,1,1,1_1,fa9996c3-b874-4424-a5a6-f1c7c0f42b9b,"AC109466.1,AC008446.1"
5,164891460,164891460,1,snv_mnv,NA,NA,"broad,dkfz,muse,sanger",4,COSN18975864,NA,L1PBa1,FALSE,0.2,NA,6,24,NA,NA,NA,lincRNA,FALSE,FALSE,FALSE,FALSE,2,1,1,1_1,fa9996c3-b874-4424-a5a6-f1c7c0f42b9b,NA
5,165919829,165919829,1,snv_mnv,NA,NA,"broad,muse,sanger",3,COSN18975940,rs753246790,AluSc,FALSE,0.6,NA,15,10,NA,NA,NA,IGR,FALSE,FALSE,FALSE,TRUE,2,1,1,1_1,fa9996c3-b874-4424-a5a6-f1c7c0f42b9b,NA
5,166518149,166518149,1,snv_mnv,NA,NA,"broad,dkfz,muse,sanger",4,COSN18975943,NA,NA,FALSE,0.2632,NA,10,28,NA,NA,NA,IGR,FALSE,FALSE,FALSE,FALSE,2,1,1,1_1,fa9996c3-b874-4424-a5a6-f1c7c0f42b9b,NA
5,167185042,167185042,1,snv_mnv,NA,NA,"broad,dkfz,muse,sanger",4,COSN18975884,NA,NA,FALSE,0.4839,NA,15,16,NA,NA,NA,Intron,FALSE,FALSE,FALSE,FALSE,2,1,1,1_1,fa9996c3-b874-4424-a5a6-f1c7c0f42b9b,NA
5,169849679,169849679,1,snv_mnv,NA,NA,"broad,dkfz,muse,sanger",4,COSN18975935,NA,NA,FALSE,0.3793,NA,11,18,NA,NA,NA,Intron,FALSE,FALSE,FALSE,FALSE,2,1,1,1_1,fa9996c3-b874-4424-a5a6-f1c7c0f42b9b,NA
5,172485847,172485847,1,snv_mnv,NA,NA,"broad,dkfz,muse,sanger",4,COSN18975911,NA,AluSx3,FALSE,0.4211,NA,8,11,NA,NA,NA,Intron,FALSE,FALSE,FALSE,FALSE,2,1,1,1_1,fa9996c3-b874-4424-a5a6-f1c7c0f42b9b,NA
5,177369080,177369080,1,snv_mnv,NA,NA,"broad,muse,sanger",3,COSN18975955,NA,NA,FALSE,0.1765,NA,6,28,NA,NA,NA,RNA,FALSE,FALSE,FALSE,FALSE,2,1,1,1_1,fa9996c3-b874-4424-a5a6-f1c7c0f42b9b,NA
6,2224916,2224916,1,snv_mnv,NA,NA,"broad,dkfz,muse,sanger",4,COSN18975366,NA,NA,FALSE,0.3478,NA,16,30,NA,NA,NA,Intron,FALSE,FALSE,FALSE,FALSE,2,1,1,1_1,fa9996c3-b874-4424-a5a6-f1c7c0f42b9b,NA
6,3588847,3588847,1,snv_mnv,NA,NA,"broad,dkfz,muse,sanger",4,COSN18975358,NA,NA,FALSE,0.1818,NA,10,45,NA,NA,NA,IGR,FALSE,FALSE,FALSE,FALSE,2,1,1,1_1,fa9996c3-b874-4424-a5a6-f1c7c0f42b9b,NA
6,6066395,6066395,1,snv_mnv,NA,NA,"broad,dkfz,muse,sanger",4,COSN18975365,NA,HERVK9-int,FALSE,0.2581,NA,8,23,NA,NA,NA,IGR,FALSE,FALSE,FALSE,FALSE,2,1,1,1_1,fa9996c3-b874-4424-a5a6-f1c7c0f42b9b,NA
6,8547740,8547740,1,snv_mnv,NA,NA,"broad,dkfz,muse,sanger",4,COSN18975309,NA,NA,FALSE,0.25,NA,9,27,NA,NA,NA,IGR,FALSE,FALSE,FALSE,FALSE,2,1,1,1_1,fa9996c3-b874-4424-a5a6-f1c7c0f42b9b,NA
6,11055380,11055380,1,snv_mnv,NA,NA,"broad,dkfz,muse,sanger",4,COSN18975338,NA,NA,FALSE,0.4359,NA,17,22,NA,NA,NA,RNA,FALSE,FALSE,FALSE,FALSE,2,1,1,1_1,fa9996c3-b874-4424-a5a6-f1c7c0f42b9b,NA
6,15911569,15911569,1,snv_mnv,NA,NA,"broad,dkfz,muse,sanger",4,COSN18975335,NA,NA,FALSE,0.4167,NA,15,21,NA,NA,NA,IGR,FALSE,FALSE,FALSE,FALSE,2,1,1,1_1,fa9996c3-b874-4424-a5a6-f1c7c0f42b9b,NA
6,19176600,19176600,1,snv_mnv,NA,NA,"broad,dkfz,muse,sanger",4,COSN18975362,NA,AluJb,FALSE,0.3214,NA,9,19,NA,NA,NA,IGR,FALSE,FALSE,FALSE,FALSE,2,1,1,1_1,fa9996c3-b874-4424-a5a6-f1c7c0f42b9b,NA
6,19511974,19511974,1,snv_mnv,NA,NA,"broad,dkfz,muse,sanger",4,COSN18975334,NA,L1MB2,FALSE,0.5,NA,16,16,NA,NA,NA,IGR,FALSE,FALSE,FALSE,FALSE,2,1,1,1_1,fa9996c3-b874-4424-a5a6-f1c7c0f42b9b,NA
6,19727123,19727123,1,snv_mnv,NA,NA,"broad,dkfz,muse,sanger",4,COSN18975343,NA,L2,FALSE,0.36,NA,9,16,NA,NA,NA,RNA,FALSE,FALSE,FALSE,FALSE,2,1,1,1_1,fa9996c3-b874-4424-a5a6-f1c7c0f42b9b,AL022068.1
6,21444725,21444725,1,snv_mnv,NA,NA,"broad,dkfz,muse,sanger",4,COSN18975303,NA,NA,FALSE,0.2105,NA,8,30,NA,NA,NA,IGR,FALSE,FALSE,FALSE,FALSE,2,1,1,1_1,fa9996c3-b874-4424-a5a6-f1c7c0f42b9b,NA
6,21816566,21816566,1,snv_mnv,NA,NA,"broad,dkfz,muse,sanger",4,COSN18975325,NA,NA,FALSE,0.3548,NA,11,20,NA,NA,NA,IGR,FALSE,FALSE,FALSE,FALSE,2,1,1,1_1,fa9996c3-b874-4424-a5a6-f1c7c0f42b9b,NA
6,22790309,22790309,1,snv_mnv,NA,NA,"broad,dkfz,muse,sanger",4,COSN18975330,NA,NA,FALSE,0.2162,NA,8,29,NA,NA,NA,lincRNA,FALSE,FALSE,FALSE,FALSE,2,1,1,1_1,fa9996c3-b874-4424-a5a6-f1c7c0f42b9b,NA
6,23532223,23532223,1,snv_mnv,NA,NA,"broad,dkfz,muse,sanger",4,COSN18975300,NA,MLT1J2-int,FALSE,0.4688,NA,15,17,NA,NA,NA,IGR,FALSE,FALSE,FALSE,FALSE,2,1,1,1_1,fa9996c3-b874-4424-a5a6-f1c7c0f42b9b,NA
6,23613529,23613529,1,snv_mnv,NA,NA,"broad,dkfz,muse,sanger",4,COSN18975341,NA,NA,FALSE,0.3714,NA,13,22,NA,NA,NA,IGR,FALSE,FALSE,FALSE,FALSE,2,1,1,1_1,fa9996c3-b874-4424-a5a6-f1c7c0f42b9b,NA
6,44014951,44014951,1,snv_mnv,NA,NA,"broad,dkfz,muse,sanger",4,COSN18975312,NA,NA,FALSE,0.1935,NA,6,25,NA,NA,NA,RNA,FALSE,FALSE,FALSE,FALSE,2,1,1,1_1,fa9996c3-b874-4424-a5a6-f1c7c0f42b9b,NA
6,45743967,45743967,1,snv_mnv,NA,NA,"broad,dkfz,muse,sanger",4,COSN18975346,NA,NA,FALSE,0.5517,NA,16,13,NA,NA,NA,IGR,FALSE,FALSE,FALSE,FALSE,2,1,1,1_1,fa9996c3-b874-4424-a5a6-f1c7c0f42b9b,NA
6,47796868,47796868,1,snv_mnv,NA,NA,"broad,dkfz,muse,sanger",4,COSN18975305,NA,NA,FALSE,0.2857,NA,8,20,NA,NA,NA,Intron,FALSE,FALSE,FALSE,FALSE,2,1,1,1_1,fa9996c3-b874-4424-a5a6-f1c7c0f42b9b,OPN5
6,49202358,49202358,1,snv_mnv,NA,NA,"broad,dkfz,muse,sanger",4,COSN18975299,NA,NA,FALSE,0.3333,NA,8,16,NA,NA,NA,IGR,FALSE,FALSE,FALSE,FALSE,2,1,1,1_1,fa9996c3-b874-4424-a5a6-f1c7c0f42b9b,NA
6,50597377,50597377,1,snv_mnv,NA,NA,"broad,dkfz,muse,sanger",4,COSN18975308,NA,L1MA9,FALSE,0.2791,NA,12,31,NA,NA,NA,lincRNA,FALSE,FALSE,FALSE,FALSE,2,1,1,1_1,fa9996c3-b874-4424-a5a6-f1c7c0f42b9b,NA
6,58648291,58648291,1,snv_mnv,NA,NA,"broad,muse,sanger",3,COSN18975301,NA,L1PA7,FALSE,0.35,NA,14,26,NA,NA,NA,IGR,FALSE,FALSE,FALSE,FALSE,2,1,1,1_1,fa9996c3-b874-4424-a5a6-f1c7c0f42b9b,NA
6,61975421,61975421,1,snv_mnv,NA,NA,"broad,dkfz,muse,sanger",4,COSN18975328,NA,L1PA4,FALSE,0.4545,NA,15,18,NA,NA,NA,IGR,FALSE,FALSE,FALSE,FALSE,2,1,1,1_1,fa9996c3-b874-4424-a5a6-f1c7c0f42b9b,NA
6,65274210,65274210,1,snv_mnv,0.0011981,rs548869379,"dkfz,muse,sanger",3,COSN18975310,rs548869379,AluSc,FALSE,0.3529,NA,6,11,NA,NA,NA,Intron,FALSE,FALSE,FALSE,FALSE,2,1,1,1_1,fa9996c3-b874-4424-a5a6-f1c7c0f42b9b,NA
6,66285692,66285692,1,snv_mnv,NA,NA,"broad,dkfz,muse,sanger",4,COSN18975323,NA,L1MA8,FALSE,0.25,NA,10,30,NA,NA,NA,Intron,FALSE,FALSE,FALSE,FALSE,2,1,1,1_1,fa9996c3-b874-4424-a5a6-f1c7c0f42b9b,NA
6,66967708,66967708,1,snv_mnv,NA,NA,"broad,muse,sanger",3,COSN18975348,NA,L1MEg2,FALSE,0.1282,NA,5,34,NA,NA,NA,IGR,FALSE,FALSE,FALSE,FALSE,2,1,1,1_1,fa9996c3-b874-4424-a5a6-f1c7c0f42b9b,NA
6,68297532,68297532,1,snv_mnv,NA,NA,"broad,dkfz,muse,sanger",4,COSN18975317,NA,L1PA16,FALSE,0.4595,NA,17,20,NA,NA,NA,IGR,FALSE,FALSE,FALSE,FALSE,2,1,1,1_1,fa9996c3-b874-4424-a5a6-f1c7c0f42b9b,NA
6,68605721,68605721,1,snv_mnv,NA,NA,"broad,dkfz,muse,sanger",4,COSN18975306,NA,NA,FALSE,0.3659,NA,15,26,NA,NA,NA,IGR,FALSE,FALSE,FALSE,FALSE,2,1,1,1_1,fa9996c3-b874-4424-a5a6-f1c7c0f42b9b,NA
6,72703056,72703056,1,snv_mnv,NA,NA,"broad,dkfz,muse,sanger",4,COSN18975302,NA,NA,FALSE,0.5517,NA,16,13,NA,NA,NA,Intron,FALSE,FALSE,FALSE,FALSE,2,1,1,1_1,fa9996c3-b874-4424-a5a6-f1c7c0f42b9b,NA
6,83287526,83287526,1,snv_mnv,NA,NA,"broad,muse,sanger",3,COSN18975359,NA,L1MC3,FALSE,0.1786,NA,5,23,NA,NA,NA,IGR,FALSE,FALSE,FALSE,FALSE,2,1,1,1_1,fa9996c3-b874-4424-a5a6-f1c7c0f42b9b,NA
6,91768457,91768457,1,snv_mnv,NA,NA,"broad,dkfz,muse,sanger",4,COSN18975363,NA,L1MA4,FALSE,0.3429,NA,12,23,NA,NA,NA,IGR,FALSE,FALSE,FALSE,FALSE,2,1,1,1_1,fa9996c3-b874-4424-a5a6-f1c7c0f42b9b,NA
6,92648172,92648172,1,snv_mnv,NA,NA,"broad,muse,sanger",3,COSN18975361,NA,L1PA5,FALSE,0.36,NA,9,16,NA,NA,NA,IGR,FALSE,FALSE,FALSE,FALSE,2,1,1,1_1,fa9996c3-b874-4424-a5a6-f1c7c0f42b9b,NA
6,93931515,93931515,1,snv_mnv,NA,NA,"broad,dkfz,muse,sanger",4,COSN18975324,NA,NA,FALSE,0.3929,NA,11,17,NA,NA,NA,IGR,FALSE,FALSE,FALSE,FALSE,2,1,1,1_1,fa9996c3-b874-4424-a5a6-f1c7c0f42b9b,NA
6,94552958,94552958,1,snv_mnv,NA,NA,"broad,dkfz,muse,sanger",4,COSN18975318,NA,NA,FALSE,0.1714,NA,6,29,NA,NA,NA,IGR,FALSE,FALSE,FALSE,FALSE,2,1,1,1_1,fa9996c3-b874-4424-a5a6-f1c7c0f42b9b,NA
6,94846861,94846861,1,snv_mnv,NA,NA,"broad,dkfz,muse,sanger",4,COSN18974842,NA,MER20,FALSE,0.2941,NA,10,24,NA,NA,NA,IGR,FALSE,FALSE,FALSE,FALSE,2,1,1,1_1,fa9996c3-b874-4424-a5a6-f1c7c0f42b9b,NA
6,95137231,95137231,1,snv_mnv,NA,NA,"broad,dkfz,muse,sanger",4,COSN18975360,NA,L1MA7,FALSE,0.425,NA,17,23,NA,NA,NA,IGR,FALSE,FALSE,FALSE,FALSE,2,1,1,1_1,fa9996c3-b874-4424-a5a6-f1c7c0f42b9b,NA
6,98292592,98292592,1,snv_mnv,NA,NA,"broad,dkfz,muse,sanger",4,COSN18975347,NA,L1MC1,FALSE,0.2683,NA,11,30,NA,NA,NA,lincRNA,FALSE,FALSE,FALSE,FALSE,2,1,1,1_1,fa9996c3-b874-4424-a5a6-f1c7c0f42b9b,NA
6,99115200,99115200,1,snv_mnv,NA,NA,"broad,dkfz,muse,sanger",4,COSN18975355,NA,NA,FALSE,0.3659,NA,15,26,NA,NA,NA,IGR,FALSE,FALSE,FALSE,FALSE,2,1,1,1_1,fa9996c3-b874-4424-a5a6-f1c7c0f42b9b,NA
6,100749950,100749950,1,snv_mnv,NA,NA,"broad,dkfz,muse,sanger",4,COSN18975370,NA,L1ME3C,FALSE,0.1429,NA,7,42,NA,NA,NA,IGR,FALSE,FALSE,FALSE,FALSE,2,1,1,1_1,fa9996c3-b874-4424-a5a6-f1c7c0f42b9b,NA
6,103232704,103232704,1,snv_mnv,NA,NA,"broad,dkfz,muse,sanger",4,COSN18975311,NA,THE1B,FALSE,0.1818,NA,6,27,NA,NA,NA,IGR,FALSE,FALSE,FALSE,FALSE,2,1,1,1_1,fa9996c3-b874-4424-a5a6-f1c7c0f42b9b,NA
6,104572816,104572816,1,snv_mnv,NA,NA,"broad,dkfz,muse,sanger",4,COSN18975353,NA,L1MA3,FALSE,0.325,NA,13,27,NA,NA,NA,IGR,FALSE,FALSE,FALSE,FALSE,2,1,1,1_1,fa9996c3-b874-4424-a5a6-f1c7c0f42b9b,NA
6,106109475,106109475,1,snv_mnv,NA,NA,"broad,dkfz,muse,sanger",4,COSN18975337,NA,L1M5,FALSE,0.25,NA,8,24,NA,NA,NA,IGR,FALSE,FALSE,FALSE,FALSE,2,1,1,1_1,fa9996c3-b874-4424-a5a6-f1c7c0f42b9b,Z97206.1
6,115624154,115624154,1,snv_mnv,NA,NA,"broad,dkfz,muse,sanger",4,COSN18975315,NA,L1MA6,FALSE,0.5625,NA,18,14,NA,NA,NA,IGR,FALSE,FALSE,FALSE,FALSE,2,1,1,1_1,fa9996c3-b874-4424-a5a6-f1c7c0f42b9b,NA
6,115624228,115624228,1,snv_mnv,NA,NA,"broad,dkfz,muse,sanger",4,COSN18975322,NA,L1MA6,FALSE,0.5172,NA,15,14,NA,NA,NA,IGR,FALSE,FALSE,FALSE,FALSE,2,1,1,1_1,fa9996c3-b874-4424-a5a6-f1c7c0f42b9b,NA
6,118114046,118114046,1,snv_mnv,NA,NA,"broad,dkfz,muse,sanger",4,COSN18975340,NA,NA,FALSE,0.4773,NA,21,23,NA,NA,NA,IGR,FALSE,FALSE,FALSE,FALSE,2,1,1,1_1,fa9996c3-b874-4424-a5a6-f1c7c0f42b9b,NA
6,121211328,121211328,1,snv_mnv,NA,NA,"broad,dkfz,muse,sanger",4,COSN18975314,NA,L1PA11,FALSE,0.3514,NA,13,24,NA,NA,NA,IGR,FALSE,FALSE,FALSE,FALSE,2,1,1,1_1,fa9996c3-b874-4424-a5a6-f1c7c0f42b9b,NA
6,121242160,121242160,1,snv_mnv,NA,NA,"broad,dkfz,muse,sanger",4,COSN18975349,NA,NA,FALSE,0.1622,NA,6,31,NA,NA,NA,IGR,FALSE,FALSE,FALSE,FALSE,2,1,1,1_1,fa9996c3-b874-4424-a5a6-f1c7c0f42b9b,NA
6,124734669,124734669,1,snv_mnv,NA,NA,"broad,dkfz,muse,sanger",4,COSN18975368,NA,L1ME1,FALSE,0.3864,NA,17,27,NA,NA,NA,Intron,FALSE,FALSE,FALSE,FALSE,2,1,1,1_1,fa9996c3-b874-4424-a5a6-f1c7c0f42b9b,NA
6,129316110,129316110,1,snv_mnv,NA,NA,"broad,dkfz,muse,sanger",4,COSN18975326,NA,NA,FALSE,0.1923,NA,10,42,NA,NA,NA,Intron,FALSE,FALSE,FALSE,FALSE,2,1,1,1_1,fa9996c3-b874-4424-a5a6-f1c7c0f42b9b,NA
6,129472021,129472021,1,snv_mnv,NA,NA,"broad,dkfz,muse,sanger",4,COSN18975345,NA,NA,FALSE,0.24,NA,6,19,NA,NA,NA,Intron,FALSE,FALSE,FALSE,FALSE,2,1,1,1_1,fa9996c3-b874-4424-a5a6-f1c7c0f42b9b,NA
6,131830009,131830009,1,snv_mnv,NA,NA,"broad,muse,sanger",3,COSN18975356,NA,HERVH-int,FALSE,0.1875,NA,6,26,NA,NA,NA,IGR,FALSE,FALSE,FALSE,FALSE,2,1,1,1_1,fa9996c3-b874-4424-a5a6-f1c7c0f42b9b,NA
6,133099826,133099826,1,snv_mnv,NA,NA,"broad,dkfz,muse,sanger",4,COSN18975297,NA,NA,FALSE,0.4634,NA,19,22,NA,NA,NA,Intron,FALSE,FALSE,FALSE,FALSE,2,1,1,1_1,fa9996c3-b874-4424-a5a6-f1c7c0f42b9b,NA
6,142376548,142376548,1,snv_mnv,NA,NA,"broad,dkfz,muse,sanger",4,COSN18975333,NA,MER90,FALSE,0.5484,NA,17,14,NA,NA,NA,5'Flank,FALSE,FALSE,FALSE,FALSE,2,1,1,1_1,fa9996c3-b874-4424-a5a6-f1c7c0f42b9b,NMBR
6,143561424,143561424,1,snv_mnv,NA,NA,"broad,dkfz,muse,sanger",4,COSN18975352,NA,NA,FALSE,0.1316,NA,5,33,NA,NA,NA,Intron,FALSE,FALSE,FALSE,FALSE,2,1,1,1_1,fa9996c3-b874-4424-a5a6-f1c7c0f42b9b,NA
6,145597626,145597626,1,snv_mnv,NA,NA,"broad,dkfz,muse,sanger",4,COSN18975319,NA,LTR78,FALSE,0.2308,NA,9,30,NA,NA,NA,IGR,FALSE,FALSE,FALSE,FALSE,2,1,1,1_1,fa9996c3-b874-4424-a5a6-f1c7c0f42b9b,NA
6,148212205,148212205,1,snv_mnv,NA,NA,"broad,dkfz,muse,sanger",4,COSN18975357,NA,L1ME3C,FALSE,0.2973,NA,11,26,NA,NA,NA,lincRNA,FALSE,FALSE,FALSE,FALSE,2,1,1,1_1,fa9996c3-b874-4424-a5a6-f1c7c0f42b9b,NA
6,148240326,148240326,1,snv_mnv,NA,NA,"broad,dkfz,muse,sanger",4,COSN18975344,NA,NA,FALSE,0.5,NA,13,13,NA,NA,NA,lincRNA,FALSE,FALSE,FALSE,FALSE,2,1,1,1_1,fa9996c3-b874-4424-a5a6-f1c7c0f42b9b,NA
6,151087415,151087415,1,snv_mnv,NA,NA,"broad,dkfz,muse,sanger",4,COSN18975296,NA,NA,FALSE,0.3429,NA,12,23,NA,NA,NA,Intron,FALSE,FALSE,FALSE,FALSE,2,1,1,1_1,fa9996c3-b874-4424-a5a6-f1c7c0f42b9b,PLEKHG1
6,152867893,152867893,1,snv_mnv,NA,NA,"broad,dkfz,muse,sanger",4,COSN18975369,NA,NA,FALSE,0.2051,NA,8,31,NA,NA,NA,Intron,FALSE,FALSE,FALSE,FALSE,2,1,1,1_1,fa9996c3-b874-4424-a5a6-f1c7c0f42b9b,NA
6,153995461,153995461,1,snv_mnv,NA,NA,"broad,dkfz,muse,sanger",4,COSN18975354,NA,NA,FALSE,0.5278,NA,19,17,NA,NA,NA,IGR,FALSE,FALSE,FALSE,FALSE,2,1,1,1_1,fa9996c3-b874-4424-a5a6-f1c7c0f42b9b,MTND4P13
6,154155924,154155924,1,snv_mnv,NA,NA,"broad,dkfz,muse,sanger",4,COSN18975331,NA,NA,FALSE,0.2791,NA,12,31,NA,NA,NA,IGR,FALSE,FALSE,FALSE,FALSE,2,1,1,1_1,fa9996c3-b874-4424-a5a6-f1c7c0f42b9b,NA
6,154233370,154233370,1,snv_mnv,NA,NA,"broad,dkfz,muse,sanger",4,COSN18975339,NA,HERVL-int,FALSE,0.2308,NA,6,20,NA,NA,NA,IGR,FALSE,FALSE,FALSE,FALSE,2,1,1,1_1,fa9996c3-b874-4424-a5a6-f1c7c0f42b9b,NA
6,162624140,162624140,1,snv_mnv,NA,NA,"broad,dkfz,muse,sanger",4,COSN18975327,NA,NA,FALSE,0.1935,NA,6,25,NA,NA,NA,Intron,FALSE,FALSE,FALSE,FALSE,2,1,1,1_1,fa9996c3-b874-4424-a5a6-f1c7c0f42b9b,NA
6,165149937,165149937,1,snv_mnv,NA,NA,"broad,dkfz,muse,sanger",4,COSN18975336,NA,THE1C-int,FALSE,0.375,NA,12,20,NA,NA,NA,IGR,FALSE,FALSE,FALSE,FALSE,2,1,1,1_1,fa9996c3-b874-4424-a5a6-f1c7c0f42b9b,NA
7,5221644,5221644,1,snv_mnv,NA,NA,"broad,muse",2,COSN18974916,NA,AluY,FALSE,0.25,NA,5,15,NA,NA,NA,RNA,FALSE,FALSE,FALSE,FALSE,2,1,1,1_1,fa9996c3-b874-4424-a5a6-f1c7c0f42b9b,RNU6-215P
7,11361504,11361504,1,snv_mnv,NA,NA,"broad,dkfz,muse,sanger",4,COSN18974918,NA,NA,FALSE,0.1395,NA,6,37,NA,NA,NA,RNA,FALSE,FALSE,FALSE,FALSE,2,1,1,1_1,fa9996c3-b874-4424-a5a6-f1c7c0f42b9b,NA
7,11853854,11853854,1,snv_mnv,NA,NA,"dkfz,muse,sanger",3,COSN18974917,NA,L1MB8,FALSE,0.1842,NA,7,31,NA,NA,NA,Intron,FALSE,FALSE,FALSE,FALSE,2,1,1,1_1,fa9996c3-b874-4424-a5a6-f1c7c0f42b9b,NA
7,16095063,16095063,1,snv_mnv,NA,NA,"broad,dkfz,muse,sanger",4,COSN18974922,NA,L1ME1,FALSE,0.4138,NA,12,17,NA,NA,NA,IGR,FALSE,FALSE,FALSE,FALSE,2,1,1,1_1,fa9996c3-b874-4424-a5a6-f1c7c0f42b9b,NA
7,27737771,27737771,1,snv_mnv,NA,NA,"broad,dkfz,muse,sanger",4,COSN18974955,NA,MER45B,FALSE,0.303,NA,10,23,NA,NA,NA,IGR,FALSE,FALSE,FALSE,FALSE,2,1,1,1_1,fa9996c3-b874-4424-a5a6-f1c7c0f42b9b,NA
7,31211178,31211178,1,snv_mnv,NA,NA,"broad,dkfz,muse,sanger",4,COSN9985192,NA,NA,FALSE,0.3333,NA,12,24,NA,NA,NA,IGR,FALSE,FALSE,FALSE,FALSE,2,1,1,1_1,fa9996c3-b874-4424-a5a6-f1c7c0f42b9b,NA
7,31710326,31710326,1,snv_mnv,NA,NA,"dkfz,sanger",2,COSN18974948,NA,LTR1D,FALSE,0.3913,NA,9,14,NA,NA,NA,IGR,FALSE,FALSE,FALSE,FALSE,2,1,1,1_1,fa9996c3-b874-4424-a5a6-f1c7c0f42b9b,NA
7,39727925,39727925,1,snv_mnv,NA,NA,"broad,dkfz,muse,sanger",4,COSN18974926,NA,AluJr4,FALSE,0.2593,NA,7,20,NA,NA,NA,Intron,FALSE,FALSE,FALSE,FALSE,2,1,1,1_1,fa9996c3-b874-4424-a5a6-f1c7c0f42b9b,NA
7,44602338,44602338,1,snv_mnv,NA,NA,"broad,dkfz,muse,sanger",4,COSN18974921,NA,AluSx1,FALSE,0.4091,NA,9,13,NA,NA,NA,IGR,FALSE,FALSE,FALSE,FALSE,2,1,1,1_1,fa9996c3-b874-4424-a5a6-f1c7c0f42b9b,DDX56
7,45569453,45569453,1,snv_mnv,NA,NA,"broad,dkfz,muse,sanger",4,COSN18974925,NA,AluY,FALSE,0.4118,NA,7,10,NA,NA,NA,lincRNA,FALSE,FALSE,FALSE,FALSE,2,1,1,1_1,fa9996c3-b874-4424-a5a6-f1c7c0f42b9b,AC073325.2
7,46434699,46434699,1,snv_mnv,NA,NA,"broad,dkfz,muse,sanger",4,COSN18974956,NA,NA,FALSE,0.375,NA,15,25,NA,NA,NA,IGR,FALSE,FALSE,FALSE,FALSE,2,1,1,1_1,fa9996c3-b874-4424-a5a6-f1c7c0f42b9b,NA
7,49322129,49322129,1,snv_mnv,NA,NA,"broad,dkfz,muse,sanger",4,COSN18974936,NA,MER50,FALSE,0.3333,NA,8,16,NA,NA,NA,IGR,FALSE,FALSE,FALSE,FALSE,2,1,1,1_1,fa9996c3-b874-4424-a5a6-f1c7c0f42b9b,NA
7,52937809,52937809,1,snv_mnv,NA,NA,"broad,dkfz,muse,sanger",4,COSN18974920,NA,L1PB2,FALSE,0.2391,NA,11,35,NA,NA,NA,IGR,FALSE,FALSE,FALSE,FALSE,2,1,1,1_1,fa9996c3-b874-4424-a5a6-f1c7c0f42b9b,NA
7,65771527,65771527,1,snv_mnv,NA,NA,"broad,dkfz,muse,sanger",4,COSN18974935,NA,L1MEf,FALSE,0.4324,NA,16,21,NA,NA,NA,Intron,FALSE,FALSE,FALSE,FALSE,2,1,1,1_1,fa9996c3-b874-4424-a5a6-f1c7c0f42b9b,NA
7,66868255,66868255,1,snv_mnv,NA,NA,"broad,dkfz,muse,sanger",4,COSN18974951,NA,NA,FALSE,0.2857,NA,12,30,NA,NA,NA,IGR,FALSE,FALSE,FALSE,FALSE,2,1,1,1_1,fa9996c3-b874-4424-a5a6-f1c7c0f42b9b,NA
7,67400376,67400376,1,snv_mnv,NA,NA,"broad,dkfz,sanger",3,COSN18974957,NA,NA,FALSE,0.2692,NA,7,19,NA,NA,NA,IGR,FALSE,FALSE,FALSE,FALSE,2,1,1,1_1,fa9996c3-b874-4424-a5a6-f1c7c0f42b9b,NA
7,68185812,68185812,1,snv_mnv,3.9936e-4,rs180693593,"broad,dkfz,muse,sanger",4,COSN18974941,rs180693593,NA,FALSE,0.1316,NA,5,33,NA,NA,NA,IGR,FALSE,FALSE,FALSE,FALSE,2,1,1,1_1,fa9996c3-b874-4424-a5a6-f1c7c0f42b9b,RNA5SP231
7,68769013,68769013,1,snv_mnv,NA,NA,"broad,dkfz,muse,sanger",4,COSN18974962,NA,L1ME4a,FALSE,0.4615,NA,12,14,NA,NA,NA,lincRNA,FALSE,FALSE,FALSE,FALSE,2,1,1,1_1,fa9996c3-b874-4424-a5a6-f1c7c0f42b9b,NA
7,70810923,70810923,1,snv_mnv,NA,NA,"broad,muse,sanger",3,COSN18974940,NA,AluJr,FALSE,0.2069,NA,6,23,NA,NA,NA,Intron,FALSE,FALSE,FALSE,FALSE,2,1,1,1_1,fa9996c3-b874-4424-a5a6-f1c7c0f42b9b,NA
7,71288828,71288828,1,snv_mnv,NA,NA,"broad,dkfz,muse,sanger",4,COSN18975959,NA,THE1B,FALSE,0.25,NA,7,21,NA,NA,NA,Intron,FALSE,FALSE,FALSE,FALSE,2,1,1,1_1,fa9996c3-b874-4424-a5a6-f1c7c0f42b9b,NA
7,78269348,78269348,1,snv_mnv,NA,NA,"broad,dkfz,muse,sanger",4,COSN18974929,NA,NA,FALSE,0.2,NA,5,20,NA,NA,NA,Intron,FALSE,FALSE,FALSE,FALSE,2,1,1,1_1,fa9996c3-b874-4424-a5a6-f1c7c0f42b9b,NA
7,79145422,79145422,1,snv_mnv,NA,NA,"broad,dkfz,muse,sanger",4,COSN18974953,rs773390231,NA,FALSE,0.3929,NA,11,17,NA,NA,NA,IGR,FALSE,FALSE,FALSE,FALSE,2,1,1,1_1,fa9996c3-b874-4424-a5a6-f1c7c0f42b9b,NA
7,80084069,80084069,1,snv_mnv,NA,NA,"broad,dkfz,muse,sanger",4,COSN18974954,NA,AluSx,FALSE,0.3333,NA,8,16,NA,NA,NA,Intron,FALSE,FALSE,FALSE,FALSE,2,1,1,1_1,fa9996c3-b874-4424-a5a6-f1c7c0f42b9b,GNAT3
7,82101649,82101649,1,snv_mnv,NA,NA,"broad,dkfz,muse",3,COSN18974966,NA,(CAAAA)n,FALSE,0.2258,NA,7,24,NA,NA,NA,IGR,FALSE,FALSE,FALSE,FALSE,2,1,1,1_1,fa9996c3-b874-4424-a5a6-f1c7c0f42b9b,NA
7,83999988,83999988,1,snv_mnv,NA,NA,"broad,dkfz,muse,sanger",4,COSN18974958,NA,NA,FALSE,0.36,NA,18,32,NA,NA,NA,Intron,FALSE,FALSE,FALSE,FALSE,2,1,1,1_1,fa9996c3-b874-4424-a5a6-f1c7c0f42b9b,NA
7,100097446,100097446,1,snv_mnv,NA,NA,"broad,dkfz,muse,sanger",4,COSN18974928,NA,AluJb,FALSE,0.2571,NA,9,26,NA,NA,NA,IGR,FALSE,FALSE,FALSE,FALSE,2,1,1,1_1,fa9996c3-b874-4424-a5a6-f1c7c0f42b9b,NA
7,108630269,108630269,1,snv_mnv,NA,NA,"broad,dkfz,muse,sanger",4,COSN18974959,NA,NA,FALSE,0.4889,NA,22,23,NA,NA,NA,IGR,FALSE,FALSE,FALSE,FALSE,2,1,1,1_1,fa9996c3-b874-4424-a5a6-f1c7c0f42b9b,BUB3P1
7,117211704,117211704,1,snv_mnv,0.0013978,rs375190641,"broad,dkfz,muse,sanger",4,COSN18974933,rs375190641,NA,FALSE,0.1622,NA,6,31,NA,NA,NA,Intron,FALSE,FALSE,FALSE,FALSE,2,1,1,1_1,fa9996c3-b874-4424-a5a6-f1c7c0f42b9b,NA
7,119114258,119114258,1,snv_mnv,NA,NA,"broad,dkfz,muse,sanger",4,COSN18974967,NA,NA,FALSE,0.2326,NA,10,33,NA,NA,NA,IGR,FALSE,FALSE,FALSE,FALSE,2,1,1,1_1,fa9996c3-b874-4424-a5a6-f1c7c0f42b9b,NA
7,122473635,122473635,1,snv_mnv,NA,NA,"broad,dkfz,muse,sanger",4,COSN18974968,NA,AluSx1,FALSE,0.3103,NA,9,20,NA,NA,NA,Intron,FALSE,FALSE,FALSE,FALSE,2,1,1,1_1,fa9996c3-b874-4424-a5a6-f1c7c0f42b9b,NA
7,123835763,123835763,1,snv_mnv,NA,NA,"dkfz,sanger",2,COSN18974960,NA,NA,FALSE,0.2553,NA,12,35,NA,NA,NA,RNA,FALSE,FALSE,FALSE,FALSE,2,1,1,1_1,fa9996c3-b874-4424-a5a6-f1c7c0f42b9b,NA
7,124050379,124050379,1,snv_mnv,NA,NA,"broad,dkfz,muse,sanger",4,COSN18974952,NA,NA,FALSE,0.2558,NA,11,32,NA,NA,NA,IGR,FALSE,FALSE,FALSE,FALSE,2,1,1,1_1,fa9996c3-b874-4424-a5a6-f1c7c0f42b9b,NA
7,124367745,124367745,1,snv_mnv,1.9968e-4,rs542716876,"broad,dkfz,muse,sanger",4,COSN18974927,rs542716876,NA,FALSE,0.4524,NA,19,23,NA,NA,NA,IGR,FALSE,FALSE,FALSE,FALSE,2,1,1,1_1,fa9996c3-b874-4424-a5a6-f1c7c0f42b9b,NA
7,124450339,124450339,1,snv_mnv,NA,NA,"broad,dkfz,muse,sanger",4,COSN18974943,NA,MER119,FALSE,0.3659,NA,15,26,NA,NA,NA,IGR,FALSE,FALSE,FALSE,FALSE,2,1,1,1_1,fa9996c3-b874-4424-a5a6-f1c7c0f42b9b,NA
7,125850422,125850422,1,snv_mnv,NA,NA,"broad,dkfz,muse,sanger",4,COSN18974969,NA,NA,FALSE,0.2258,NA,7,24,NA,NA,NA,IGR,FALSE,FALSE,FALSE,FALSE,2,1,1,1_1,fa9996c3-b874-4424-a5a6-f1c7c0f42b9b,NA
7,125916889,125916889,1,snv_mnv,NA,NA,"broad,muse,sanger",3,COSN18974963,NA,THE1D,FALSE,0.1905,NA,4,17,NA,NA,NA,IGR,FALSE,FALSE,FALSE,FALSE,2,1,1,1_1,fa9996c3-b874-4424-a5a6-f1c7c0f42b9b,NA
7,134055689,134055689,1,snv_mnv,NA,NA,"broad,dkfz,muse,sanger",4,COSN18974942,NA,LTR16C,FALSE,0.381,NA,8,13,NA,NA,NA,IGR,FALSE,FALSE,FALSE,FALSE,2,1,1,1_1,fa9996c3-b874-4424-a5a6-f1c7c0f42b9b,NA
7,135492350,135492350,1,snv_mnv,NA,NA,"broad,dkfz,muse,sanger",4,COSN18974930,NA,NA,FALSE,0.375,NA,9,15,NA,NA,NA,IGR,FALSE,FALSE,FALSE,FALSE,2,1,1,1_1,fa9996c3-b874-4424-a5a6-f1c7c0f42b9b,NA
7,136331460,136331460,1,snv_mnv,NA,NA,"broad,dkfz,muse,sanger",4,COSN18974961,NA,NA,FALSE,0.1935,NA,6,25,NA,NA,NA,IGR,FALSE,FALSE,FALSE,FALSE,2,1,1,1_1,fa9996c3-b874-4424-a5a6-f1c7c0f42b9b,NA
7,140085465,140085465,1,snv_mnv,NA,NA,"broad,dkfz,muse,sanger",4,COSN18974945,NA,NA,FALSE,0.3077,NA,12,27,NA,NA,NA,Intron,FALSE,FALSE,FALSE,FALSE,2,1,1,1_1,fa9996c3-b874-4424-a5a6-f1c7c0f42b9b,"SLC37A3,RNA5SP248"
7,140218779,140218779,1,snv_mnv,NA,NA,"broad,dkfz,muse,sanger",4,COSN18974964,NA,NA,FALSE,0.2683,NA,11,30,NA,NA,NA,Intron,FALSE,FALSE,FALSE,FALSE,2,1,1,1_1,fa9996c3-b874-4424-a5a6-f1c7c0f42b9b,NA
7,140453132,140453132,1,snv_mnv,NA,NA,"broad,dkfz,muse,sanger",4,COSM6265,NA,NA,FALSE,0.5854,NA,24,17,NA,NA,NA,Missense_Mutation,FALSE,FALSE,FALSE,FALSE,2,1,1,1_1,fa9996c3-b874-4424-a5a6-f1c7c0f42b9b,NA
7,142107365,142107365,1,snv_mnv,NA,NA,"broad,dkfz,muse,sanger",4,COSN18974923,NA,NA,FALSE,0.3939,NA,13,20,NA,NA,NA,RNA,FALSE,FALSE,FALSE,FALSE,2,1,1,1_1,fa9996c3-b874-4424-a5a6-f1c7c0f42b9b,NA
7,144147216,144147216,1,snv_mnv,NA,NA,"broad,dkfz,muse,sanger",4,COSN18974932,NA,NA,FALSE,0.4706,NA,16,18,NA,NA,NA,IGR,FALSE,FALSE,FALSE,FALSE,2,1,1,1_1,fa9996c3-b874-4424-a5a6-f1c7c0f42b9b,"TPK1,RNU6ATAC40P"
7,144147235,144147235,1,snv_mnv,NA,NA,"broad,dkfz,muse,sanger",4,COSN18974931,NA,NA,FALSE,0.4,NA,16,24,NA,NA,NA,IGR,FALSE,FALSE,FALSE,FALSE,2,1,1,1_1,fa9996c3-b874-4424-a5a6-f1c7c0f42b9b,"TPK1,RNU6ATAC40P"
7,146238213,146238213,1,snv_mnv,NA,NA,"broad,dkfz,muse,sanger",4,COSN18974939,NA,NA,FALSE,0.4412,NA,15,19,NA,NA,NA,Intron,FALSE,FALSE,FALSE,FALSE,2,1,1,1_1,fa9996c3-b874-4424-a5a6-f1c7c0f42b9b,NA
7,147044738,147044738,1,snv_mnv,NA,NA,"broad,dkfz,muse,sanger",4,COSN18974938,NA,L1MA5A,FALSE,0.3953,NA,17,26,NA,NA,NA,Intron,FALSE,FALSE,FALSE,FALSE,2,1,1,1_1,fa9996c3-b874-4424-a5a6-f1c7c0f42b9b,NA
7,152018679,152018679,1,snv_mnv,NA,NA,"broad,dkfz,muse,sanger",4,COSN18974934,NA,L1MA7,FALSE,0.5152,NA,17,16,NA,NA,NA,Intron,FALSE,FALSE,FALSE,FALSE,2,1,1,1_1,fa9996c3-b874-4424-a5a6-f1c7c0f42b9b,NA
7,155816670,155816670,1,snv_mnv,NA,NA,"broad,dkfz,muse,sanger",4,COSN18974924,NA,NA,FALSE,0.52,NA,13,12,NA,NA,NA,IGR,FALSE,FALSE,FALSE,FALSE,2,1,1,1_1,fa9996c3-b874-4424-a5a6-f1c7c0f42b9b,NA
8,3612312,3612312,1,snv_mnv,NA,NA,"broad,dkfz,muse,sanger",4,COSN18974845,NA,NA,FALSE,0.3429,NA,12,23,NA,NA,NA,Intron,FALSE,FALSE,FALSE,FALSE,2,1,1,1_1,fa9996c3-b874-4424-a5a6-f1c7c0f42b9b,NA
8,9282634,9282634,1,snv_mnv,NA,NA,"broad,dkfz,muse,sanger",4,COSN18975666,NA,MLT1F-int,FALSE,0.4848,NA,16,17,NA,NA,NA,IGR,FALSE,FALSE,FALSE,FALSE,2,1,1,1_1,fa9996c3-b874-4424-a5a6-f1c7c0f42b9b,NA
8,11859903,11859903,1,snv_mnv,NA,NA,"broad,dkfz,muse,sanger",4,COSN18975671,rs750112148,NA,FALSE,0.2941,NA,10,24,NA,NA,NA,RNA,FALSE,FALSE,FALSE,FALSE,2,1,1,1_1,fa9996c3-b874-4424-a5a6-f1c7c0f42b9b,"DEFB131E,AC107918.3,AC107918.4"
8,12849693,12849693,1,snv_mnv,NA,NA,"broad,dkfz,muse,sanger",4,COSN18975707,NA,L2a,FALSE,0.2619,NA,11,31,NA,NA,NA,Intron,FALSE,FALSE,FALSE,FALSE,2,1,1,1_1,fa9996c3-b874-4424-a5a6-f1c7c0f42b9b,TRMT9B
8,12892378,12892378,1,snv_mnv,NA,NA,"broad,dkfz,muse,sanger",4,COSN18975684,NA,L1ME3A,FALSE,0.4722,NA,17,19,NA,NA,NA,IGR,FALSE,FALSE,FALSE,FALSE,2,1,1,1_1,fa9996c3-b874-4424-a5a6-f1c7c0f42b9b,TRMT9B
8,13896116,13896116,1,snv_mnv,NA,NA,"broad,dkfz,muse,sanger",4,COSN18975667,NA,NA,FALSE,0.2791,NA,12,31,NA,NA,NA,IGR,FALSE,FALSE,FALSE,FALSE,2,1,1,1_1,fa9996c3-b874-4424-a5a6-f1c7c0f42b9b,NA
8,14010952,14010952,1,snv_mnv,NA,NA,"broad,dkfz,muse,sanger",4,COSN18975689,NA,NA,FALSE,0.4118,NA,14,20,NA,NA,NA,Intron,FALSE,FALSE,FALSE,FALSE,2,1,1,1_1,fa9996c3-b874-4424-a5a6-f1c7c0f42b9b,NA
8,14900378,14900378,1,snv_mnv,NA,NA,"broad,dkfz,muse,sanger",4,COSN18975702,NA,NA,FALSE,0.3611,NA,13,23,NA,NA,NA,Intron,FALSE,FALSE,FALSE,FALSE,2,1,1,1_1,fa9996c3-b874-4424-a5a6-f1c7c0f42b9b,NA
8,17021176,17021176,1,snv_mnv,NA,NA,"broad,dkfz,muse,sanger",4,COSN18975705,NA,NA,FALSE,0.2424,NA,8,25,NA,NA,NA,Intron,FALSE,FALSE,FALSE,FALSE,2,1,1,1_1,fa9996c3-b874-4424-a5a6-f1c7c0f42b9b,NA
8,18606666,18606666,1,snv_mnv,NA,NA,"broad,dkfz,muse,sanger",4,COSN18975714,rs866961061,NA,FALSE,0.6154,NA,16,10,NA,NA,NA,Intron,FALSE,FALSE,FALSE,FALSE,2,1,1,1_1,fa9996c3-b874-4424-a5a6-f1c7c0f42b9b,NA
8,22031369,22031369,1,snv_mnv,NA,NA,"broad,dkfz,muse,sanger",4,COSN18975685,NA,NA,FALSE,0.4286,NA,15,20,NA,NA,NA,Intron,FALSE,FALSE,FALSE,FALSE,2,1,1,1_1,fa9996c3-b874-4424-a5a6-f1c7c0f42b9b,AC105206.1
8,22110438,22110438,1,snv_mnv,NA,NA,"broad,muse,sanger",3,COSN18975673,NA,MIRb,FALSE,0.125,NA,5,35,NA,NA,NA,3'UTR,FALSE,FALSE,FALSE,FALSE,2,1,1,1_1,fa9996c3-b874-4424-a5a6-f1c7c0f42b9b,"AC105206.2,POLR3D"
8,25980273,25980273,1,snv_mnv,NA,NA,"broad,dkfz,muse,sanger",4,COSN18975713,NA,AluSx,FALSE,0.3143,NA,11,24,NA,NA,NA,IGR,FALSE,FALSE,FALSE,FALSE,2,1,1,1_1,fa9996c3-b874-4424-a5a6-f1c7c0f42b9b,NA
8,26750243,26750243,1,snv_mnv,NA,NA,"broad,dkfz,muse,sanger",4,COSN18975663,NA,NA,FALSE,0.4286,NA,15,20,NA,NA,NA,IGR,FALSE,FALSE,FALSE,FALSE,2,1,1,1_1,fa9996c3-b874-4424-a5a6-f1c7c0f42b9b,NA
8,29308061,29308061,1,snv_mnv,NA,NA,"broad,muse,sanger",3,COSN18975711,NA,L1PA5,FALSE,0.2174,NA,5,18,NA,NA,NA,IGR,FALSE,FALSE,FALSE,FALSE,2,1,1,1_1,fa9996c3-b874-4424-a5a6-f1c7c0f42b9b,NA
8,32184933,32184933,1,snv_mnv,NA,NA,"broad,dkfz,muse,sanger",4,COSN18975678,NA,L3,FALSE,0.3947,NA,15,23,NA,NA,NA,Intron,FALSE,FALSE,FALSE,FALSE,2,1,1,1_1,fa9996c3-b874-4424-a5a6-f1c7c0f42b9b,NA
8,34555169,34555169,1,snv_mnv,NA,NA,"broad,dkfz,muse,sanger",4,COSN18975719,NA,MLT1D,FALSE,0.525,NA,21,19,NA,NA,NA,IGR,FALSE,FALSE,FALSE,FALSE,2,1,1,1_1,fa9996c3-b874-4424-a5a6-f1c7c0f42b9b,NA
8,35863743,35863743,1,snv_mnv,NA,NA,"broad,dkfz,muse,sanger",4,COSN18975709,NA,L1PA7,FALSE,0.3571,NA,10,18,NA,NA,NA,lincRNA,FALSE,FALSE,FALSE,FALSE,2,1,1,1_1,fa9996c3-b874-4424-a5a6-f1c7c0f42b9b,NA
8,36353508,36353508,1,snv_mnv,NA,NA,"broad,dkfz,muse,sanger",4,COSN18975718,NA,L2b,FALSE,0.5312,NA,17,15,NA,NA,NA,IGR,FALSE,FALSE,FALSE,FALSE,2,1,1,1_1,fa9996c3-b874-4424-a5a6-f1c7c0f42b9b,NA
8,47684576,47684576,1,snv_mnv,NA,NA,"broad,muse,sanger",3,COSN18975720,NA,L1M4,FALSE,0.3684,NA,14,24,NA,NA,NA,IGR,FALSE,FALSE,FALSE,FALSE,2,1,1,1_1,fa9996c3-b874-4424-a5a6-f1c7c0f42b9b,NA
8,51223491,51223491,1,snv_mnv,NA,NA,"broad,dkfz,muse,sanger",4,COSN18975715,rs538854727,MIR3,FALSE,0.5455,NA,18,15,NA,NA,NA,Intron,FALSE,FALSE,FALSE,FALSE,2,1,1,1_1,fa9996c3-b874-4424-a5a6-f1c7c0f42b9b,NA
8,58445678,58445678,1,snv_mnv,NA,NA,"broad,dkfz,muse,sanger",4,COSN18975686,NA,NA,FALSE,0.4444,NA,12,15,NA,NA,NA,lincRNA,FALSE,FALSE,FALSE,FALSE,2,1,1,1_1,fa9996c3-b874-4424-a5a6-f1c7c0f42b9b,NA
8,61811872,61811872,1,snv_mnv,NA,NA,"broad,dkfz,muse,sanger",4,COSN18975688,NA,NA,FALSE,0.5455,NA,12,10,NA,NA,NA,IGR,FALSE,FALSE,FALSE,FALSE,2,1,1,1_1,fa9996c3-b874-4424-a5a6-f1c7c0f42b9b,NA
8,64719298,64719298,1,snv_mnv,NA,NA,"broad,dkfz,muse,sanger",4,COSN18975717,NA,NA,FALSE,0.3929,NA,11,17,NA,NA,NA,RNA,FALSE,FALSE,FALSE,FALSE,2,1,1,1_1,fa9996c3-b874-4424-a5a6-f1c7c0f42b9b,NA
8,75541550,75541550,1,snv_mnv,NA,NA,"broad,dkfz,muse,sanger",4,COSN18975690,NA,L2a,FALSE,0.1463,NA,6,35,NA,NA,NA,Intron,FALSE,FALSE,FALSE,FALSE,2,1,1,1_1,fa9996c3-b874-4424-a5a6-f1c7c0f42b9b,NA
8,76096139,76096139,1,snv_mnv,NA,NA,"broad,dkfz,muse,sanger",4,COSN18975670,NA,L1PA16,FALSE,0.4706,NA,16,18,NA,NA,NA,IGR,FALSE,FALSE,FALSE,FALSE,2,1,1,1_1,fa9996c3-b874-4424-a5a6-f1c7c0f42b9b,NA
8,79070871,79070871,1,snv_mnv,NA,NA,"broad,dkfz,muse,sanger",4,COSN18974848,NA,HERVL-int,FALSE,0.4194,NA,13,18,NA,NA,NA,IGR,FALSE,FALSE,FALSE,FALSE,2,1,1,1_1,fa9996c3-b874-4424-a5a6-f1c7c0f42b9b,AC084706.1
8,81669561,81669561,1,snv_mnv,NA,NA,"broad,dkfz,muse,sanger",4,COSN18975695,NA,Tigger3b,FALSE,0.2308,NA,9,30,NA,NA,NA,Intron,FALSE,FALSE,FALSE,FALSE,2,1,1,1_1,fa9996c3-b874-4424-a5a6-f1c7c0f42b9b,NA
8,82325903,82325903,1,snv_mnv,NA,NA,"broad,muse",2,COSN18975668,NA,L1PA12,FALSE,0.3429,NA,12,23,NA,NA,NA,IGR,FALSE,FALSE,FALSE,FALSE,2,1,1,1_1,fa9996c3-b874-4424-a5a6-f1c7c0f42b9b,NA
8,82379819,82379819,1,snv_mnv,NA,NA,"broad,dkfz,muse,sanger",4,COSN18974843,NA,NA,FALSE,0.5641,NA,22,17,NA,NA,NA,RNA,FALSE,FALSE,FALSE,FALSE,2,1,1,1_1,fa9996c3-b874-4424-a5a6-f1c7c0f42b9b,NA
8,83961460,83961460,1,snv_mnv,NA,NA,"broad,dkfz,muse,sanger",4,COSN18975696,NA,AluSg,FALSE,0.5556,NA,20,16,NA,NA,NA,IGR,FALSE,FALSE,FALSE,FALSE,2,1,1,1_1,fa9996c3-b874-4424-a5a6-f1c7c0f42b9b,NA
8,86095898,86095898,1,snv_mnv,NA,NA,"broad,dkfz,muse,sanger",4,COSN18975692,NA,L1MB2,FALSE,0.3061,NA,15,34,NA,NA,NA,Intron,FALSE,FALSE,FALSE,FALSE,2,1,1,1_1,fa9996c3-b874-4424-a5a6-f1c7c0f42b9b,E2F5
8,90872330,90872330,1,snv_mnv,NA,NA,"broad,dkfz,muse,sanger",4,COSN18975716,NA,NA,FALSE,0.525,NA,21,19,NA,NA,NA,IGR,FALSE,FALSE,FALSE,FALSE,2,1,1,1_1,fa9996c3-b874-4424-a5a6-f1c7c0f42b9b,NA
8,92462564,92462564,1,snv_mnv,NA,NA,"broad,dkfz,muse,sanger",4,COSN18975701,NA,LTR16A,FALSE,0.4444,NA,16,20,NA,NA,NA,IGR,FALSE,FALSE,FALSE,FALSE,2,1,1,1_1,fa9996c3-b874-4424-a5a6-f1c7c0f42b9b,NA
8,92491895,92491895,1,snv_mnv,NA,NA,"broad,dkfz,muse,sanger",4,COSN18975682,NA,AluSx1,FALSE,0.25,NA,10,30,NA,NA,NA,IGR,FALSE,FALSE,FALSE,FALSE,2,1,1,1_1,fa9996c3-b874-4424-a5a6-f1c7c0f42b9b,NA
8,93714366,93714366,1,snv_mnv,NA,NA,"broad,dkfz,muse,sanger",4,COSN18975681,NA,AluSq10,FALSE,0.4062,NA,13,19,NA,NA,NA,RNA,FALSE,FALSE,FALSE,FALSE,2,1,1,1_1,fa9996c3-b874-4424-a5a6-f1c7c0f42b9b,NA
8,94569953,94569953,1,snv_mnv,NA,NA,"broad,dkfz,muse,sanger",4,COSN18975706,NA,AluY,FALSE,0.4667,NA,7,8,NA,NA,NA,RNA,FALSE,FALSE,FALSE,FALSE,2,1,1,1_1,fa9996c3-b874-4424-a5a6-f1c7c0f42b9b,NA
8,105074960,105074960,1,snv_mnv,NA,NA,"broad,dkfz,muse,sanger",4,COSN18975704,NA,NA,FALSE,0.1579,NA,6,32,NA,NA,NA,Intron,FALSE,FALSE,FALSE,FALSE,2,1,1,1_1,fa9996c3-b874-4424-a5a6-f1c7c0f42b9b,NA
8,111166433,111166433,1,snv_mnv,NA,NA,"broad,dkfz,muse,sanger",4,COSN18975697,NA,L1PA11,FALSE,0.38,NA,19,31,NA,NA,NA,IGR,FALSE,FALSE,FALSE,FALSE,2,1,1,1_1,fa9996c3-b874-4424-a5a6-f1c7c0f42b9b,NA
8,112440701,112440701,1,snv_mnv,NA,NA,"broad,muse,sanger",3,COSN18975680,NA,AluJb,FALSE,0.2273,NA,5,17,NA,NA,NA,lincRNA,FALSE,FALSE,FALSE,FALSE,2,1,1,1_1,fa9996c3-b874-4424-a5a6-f1c7c0f42b9b,NA
8,112934736,112934736,1,snv_mnv,NA,NA,"broad,dkfz,muse,sanger",4,COSN18975675,NA,LTR38B,FALSE,0.4821,NA,27,29,NA,NA,NA,IGR,FALSE,FALSE,FALSE,FALSE,2,1,1,1_1,fa9996c3-b874-4424-a5a6-f1c7c0f42b9b,NA
8,113071602,113071602,1,snv_mnv,NA,NA,"broad,dkfz,muse,sanger",4,COSN18975712,NA,NA,FALSE,0.3684,NA,14,24,NA,NA,NA,IGR,FALSE,FALSE,FALSE,FALSE,2,1,1,1_1,fa9996c3-b874-4424-a5a6-f1c7c0f42b9b,NA
8,113926118,113926118,1,snv_mnv,5.9904e-4,rs537186714,"broad,dkfz,muse,sanger",4,COSN18975691,rs537186714,NA,FALSE,0.5714,NA,20,15,NA,NA,NA,Intron,FALSE,FALSE,FALSE,FALSE,2,1,1,1_1,fa9996c3-b874-4424-a5a6-f1c7c0f42b9b,NA
8,114528320,114528320,1,snv_mnv,NA,NA,"broad,dkfz,muse,sanger",4,COSN18975669,NA,NA,FALSE,0.3256,NA,14,29,NA,NA,NA,IGR,FALSE,FALSE,FALSE,FALSE,2,1,1,1_1,fa9996c3-b874-4424-a5a6-f1c7c0f42b9b,NA
8,122534421,122534421,1,snv_mnv,NA,NA,"broad,dkfz,muse,sanger",4,COSN18975674,NA,NA,FALSE,0.2059,NA,7,27,NA,NA,NA,IGR,FALSE,FALSE,FALSE,FALSE,2,1,1,1_1,fa9996c3-b874-4424-a5a6-f1c7c0f42b9b,NA
8,122627491,122627491,1,snv_mnv,NA,NA,"broad,dkfz,muse,sanger",4,COSN18975708,NA,NA,FALSE,0.3571,NA,10,18,NA,NA,NA,Intron,FALSE,FALSE,FALSE,FALSE,2,1,1,1_1,fa9996c3-b874-4424-a5a6-f1c7c0f42b9b,NA
8,129455822,129455822,1,snv_mnv,NA,NA,"broad,dkfz,muse,sanger",4,COSN18975700,NA,NA,FALSE,0.3548,NA,11,20,NA,NA,NA,IGR,FALSE,FALSE,FALSE,FALSE,2,1,1,1_1,fa9996c3-b874-4424-a5a6-f1c7c0f42b9b,NA
8,129828634,129828634,1,snv_mnv,NA,NA,"broad,dkfz,muse,sanger",4,COSN18975676,NA,MLT1J2,FALSE,0.4324,NA,16,21,NA,NA,NA,IGR,FALSE,FALSE,FALSE,FALSE,2,1,1,1_1,fa9996c3-b874-4424-a5a6-f1c7c0f42b9b,NA
8,131619609,131619609,1,snv_mnv,1.9968e-4,rs370687705,"dkfz,muse,sanger",3,COSN18974840,rs370687705,NA,FALSE,0.2973,NA,11,26,NA,NA,NA,lincRNA,FALSE,FALSE,FALSE,FALSE,2,1,1,1_1,fa9996c3-b874-4424-a5a6-f1c7c0f42b9b,NA
8,133459318,133459318,1,snv_mnv,NA,NA,"broad,dkfz,muse,sanger",4,COSN18975677,NA,NA,FALSE,0.4375,NA,14,18,NA,NA,NA,Intron,FALSE,FALSE,FALSE,FALSE,2,1,1,1_1,fa9996c3-b874-4424-a5a6-f1c7c0f42b9b,NA
8,134974704,134974704,1,snv_mnv,NA,NA,"broad,dkfz,muse,sanger",4,COSN18975679,NA,MIR,FALSE,0.4857,NA,17,18,NA,NA,NA,IGR,FALSE,FALSE,FALSE,FALSE,2,1,1,1_1,fa9996c3-b874-4424-a5a6-f1c7c0f42b9b,AC110741.2
8,136218321,136218321,1,snv_mnv,NA,NA,"broad,dkfz,muse,sanger",4,COSN18975683,NA,MSTA-int,FALSE,0.4211,NA,16,22,NA,NA,NA,IGR,FALSE,FALSE,FALSE,FALSE,2,1,1,1_1,fa9996c3-b874-4424-a5a6-f1c7c0f42b9b,NA
8,136596085,136596085,1,snv_mnv,NA,NA,"broad,muse,sanger",3,COSN18975672,NA,NA,FALSE,0.1111,NA,4,32,NA,NA,NA,Intron,FALSE,FALSE,FALSE,FALSE,2,1,1,1_1,fa9996c3-b874-4424-a5a6-f1c7c0f42b9b,NA
8,136935146,136935146,1,snv_mnv,NA,NA,"broad,dkfz,sanger",3,COSN18975703,NA,MLT2A2,FALSE,0.2727,NA,6,16,NA,NA,NA,IGR,FALSE,FALSE,FALSE,FALSE,2,1,1,1_1,fa9996c3-b874-4424-a5a6-f1c7c0f42b9b,NA
8,138817496,138817496,1,snv_mnv,NA,NA,"broad,muse,sanger",3,COSN18975698,NA,L2c,FALSE,0.2,NA,6,24,NA,NA,NA,IGR,FALSE,FALSE,FALSE,FALSE,2,1,1,1_1,fa9996c3-b874-4424-a5a6-f1c7c0f42b9b,AC046195.1
8,145843713,145843713,1,snv_mnv,NA,NA,"broad,dkfz,muse,sanger",4,COSN18975699,NA,NA,FALSE,0.3913,NA,18,28,NA,NA,NA,Intron,FALSE,FALSE,FALSE,FALSE,2,1,1,1_1,fa9996c3-b874-4424-a5a6-f1c7c0f42b9b,NA
9,2249165,2249165,1,snv_mnv,NA,NA,"broad,dkfz,muse,sanger",4,COSN18975489,NA,NA,FALSE,0.3846,NA,10,16,NA,NA,NA,IGR,FALSE,FALSE,FALSE,FALSE,2,1,1,1_1,fa9996c3-b874-4424-a5a6-f1c7c0f42b9b,NA
9,3766029,3766029,1,snv_mnv,NA,NA,"broad,dkfz,muse,sanger",4,COSN18975508,NA,L2c,FALSE,0.3235,NA,11,23,NA,NA,NA,IGR,FALSE,FALSE,FALSE,FALSE,2,1,1,1_1,fa9996c3-b874-4424-a5a6-f1c7c0f42b9b,NA
9,5192761,5192761,1,snv_mnv,NA,NA,"broad,dkfz,muse,sanger",4,COSN18975516,NA,NA,FALSE,0.4286,NA,12,16,NA,NA,NA,IGR,FALSE,FALSE,FALSE,FALSE,2,1,1,1_1,fa9996c3-b874-4424-a5a6-f1c7c0f42b9b,AL133547.1
9,8221506,8221506,1,snv_mnv,NA,NA,"broad,dkfz,muse,sanger",4,COSN18975523,NA,NA,FALSE,0.2059,NA,7,27,NA,NA,NA,IGR,FALSE,FALSE,FALSE,FALSE,2,1,1,1_1,fa9996c3-b874-4424-a5a6-f1c7c0f42b9b,NA
9,9781692,9781692,1,snv_mnv,NA,NA,"broad,dkfz,muse",3,COSN18975527,NA,NA,FALSE,0.3,NA,12,28,NA,NA,NA,Intron,FALSE,FALSE,FALSE,FALSE,2,1,1,1_1,fa9996c3-b874-4424-a5a6-f1c7c0f42b9b,NA
9,9902075,9902075,1,snv_mnv,NA,NA,"broad,dkfz,muse,sanger",4,COSN18975502,NA,NA,FALSE,0.4375,NA,14,18,NA,NA,NA,Intron,FALSE,FALSE,FALSE,FALSE,2,1,1,1_1,fa9996c3-b874-4424-a5a6-f1c7c0f42b9b,NA
9,9969195,9969195,1,snv_mnv,NA,NA,"broad,dkfz,muse,sanger",4,COSN18975500,NA,NA,FALSE,0.1786,NA,5,23,NA,NA,NA,Intron,FALSE,FALSE,FALSE,FALSE,2,1,1,1_1,fa9996c3-b874-4424-a5a6-f1c7c0f42b9b,NA
9,10070244,10070244,1,snv_mnv,NA,NA,"broad,dkfz,muse,sanger",4,COSN18975490,NA,NA,FALSE,0.2941,NA,10,24,NA,NA,NA,Intron,FALSE,FALSE,FALSE,FALSE,2,1,1,1_1,fa9996c3-b874-4424-a5a6-f1c7c0f42b9b,NA
9,10269129,10269129,1,snv_mnv,NA,NA,"broad,dkfz,muse,sanger",4,COSN18975529,NA,NA,FALSE,0.3889,NA,14,22,NA,NA,NA,Intron,FALSE,FALSE,FALSE,FALSE,2,1,1,1_1,fa9996c3-b874-4424-a5a6-f1c7c0f42b9b,NA
9,11199929,11199929,1,snv_mnv,NA,NA,"broad,dkfz,muse,sanger",4,COSN18975525,NA,NA,FALSE,0.4634,NA,19,22,NA,NA,NA,IGR,FALSE,FALSE,FALSE,FALSE,2,1,1,1_1,fa9996c3-b874-4424-a5a6-f1c7c0f42b9b,NA
9,13277662,13277662,1,snv_mnv,NA,NA,"broad,dkfz,muse,sanger",4,COSN18975484,NA,AluSz,FALSE,0.4545,NA,10,12,NA,NA,NA,Intron,FALSE,FALSE,FALSE,FALSE,2,1,1,1_1,fa9996c3-b874-4424-a5a6-f1c7c0f42b9b,NA
9,16970494,16970494,1,snv_mnv,NA,NA,"dkfz,muse,sanger",3,COSN18975494,NA,NA,FALSE,0.1515,NA,5,28,NA,NA,NA,IGR,FALSE,FALSE,FALSE,FALSE,2,1,1,1_1,fa9996c3-b874-4424-a5a6-f1c7c0f42b9b,NA
9,23064472,23064472,1,snv_mnv,NA,NA,"broad,dkfz,muse,sanger",4,COSN18975499,NA,THE1C-int,FALSE,0.2424,NA,8,25,NA,NA,NA,IGR,FALSE,FALSE,FALSE,FALSE,2,1,1,1_1,fa9996c3-b874-4424-a5a6-f1c7c0f42b9b,NA
9,23622793,23622793,1,snv_mnv,NA,NA,"broad,dkfz,muse,sanger",4,COSN18975509,NA,NA,FALSE,0.2083,NA,5,19,NA,NA,NA,IGR,FALSE,FALSE,FALSE,FALSE,2,1,1,1_1,fa9996c3-b874-4424-a5a6-f1c7c0f42b9b,NA
9,24212816,24212816,1,snv_mnv,NA,NA,"broad,dkfz,muse,sanger",4,COSN18975522,NA,MIRb,FALSE,0.4815,NA,13,14,NA,NA,NA,IGR,FALSE,FALSE,FALSE,FALSE,2,1,1,1_1,fa9996c3-b874-4424-a5a6-f1c7c0f42b9b,NA
9,28919836,28919836,1,snv_mnv,NA,NA,"broad,dkfz,muse,sanger",4,COSN18975498,NA,NA,FALSE,0.129,NA,4,27,NA,NA,NA,IGR,FALSE,FALSE,FALSE,FALSE,2,1,1,1_1,fa9996c3-b874-4424-a5a6-f1c7c0f42b9b,NA
9,30583734,30583734,1,snv_mnv,NA,NA,"broad,dkfz,muse,sanger",4,COSN18975528,NA,L1MCc,FALSE,0.3514,NA,13,24,NA,NA,NA,IGR,FALSE,FALSE,FALSE,FALSE,2,1,1,1_1,fa9996c3-b874-4424-a5a6-f1c7c0f42b9b,NA
9,32093757,32093757,1,snv_mnv,NA,NA,"broad,dkfz,muse,sanger",4,COSN18975510,NA,NA,FALSE,0.325,NA,13,27,NA,NA,NA,IGR,FALSE,FALSE,FALSE,FALSE,2,1,1,1_1,fa9996c3-b874-4424-a5a6-f1c7c0f42b9b,NA
9,32348269,32348269,1,snv_mnv,NA,NA,"broad,dkfz,muse,sanger",4,COSN18975532,NA,NA,FALSE,0.1778,NA,8,37,NA,NA,NA,IGR,FALSE,FALSE,FALSE,FALSE,2,1,1,1_1,fa9996c3-b874-4424-a5a6-f1c7c0f42b9b,NA
9,38637891,38637891,1,snv_mnv,NA,NA,"broad,muse,sanger",3,COSN18975535,NA,AluJb,FALSE,0.2174,NA,5,18,NA,NA,NA,IGR,FALSE,FALSE,FALSE,FALSE,2,1,1,1_1,fa9996c3-b874-4424-a5a6-f1c7c0f42b9b,NA
9,43698246,43698246,1,snv_mnv,NA,NA,"broad,muse,sanger",3,COSN18975533,NA,L1PA4,FALSE,0.3095,NA,13,29,NA,NA,NA,Intron,FALSE,FALSE,FALSE,FALSE,2,1,1,1_1,fa9996c3-b874-4424-a5a6-f1c7c0f42b9b,NA
9,72133954,72133954,1,snv_mnv,NA,NA,"broad,dkfz,muse,sanger",4,COSN18975503,NA,NA,FALSE,0.3077,NA,12,27,NA,NA,NA,Intron,FALSE,FALSE,FALSE,FALSE,2,1,1,1_1,fa9996c3-b874-4424-a5a6-f1c7c0f42b9b,NA
9,74945767,74945767,1,snv_mnv,NA,NA,"broad,dkfz,muse,sanger",4,COSN18975536,NA,NA,FALSE,0.3929,NA,11,17,NA,NA,NA,lincRNA,FALSE,FALSE,FALSE,FALSE,2,1,1,1_1,fa9996c3-b874-4424-a5a6-f1c7c0f42b9b,NA
9,76224055,76224055,1,snv_mnv,NA,NA,"broad,dkfz,muse,sanger",4,COSN18975501,NA,NA,FALSE,0.4186,NA,18,25,NA,NA,NA,IGR,FALSE,FALSE,FALSE,FALSE,2,1,1,1_1,fa9996c3-b874-4424-a5a6-f1c7c0f42b9b,NA
9,77029047,77029047,1,snv_mnv,NA,NA,"broad,dkfz,muse,sanger",4,COSN18975487,NA,MER81,FALSE,0.3333,NA,12,24,NA,NA,NA,IGR,FALSE,FALSE,FALSE,FALSE,2,1,1,1_1,fa9996c3-b874-4424-a5a6-f1c7c0f42b9b,NA
9,77066888,77066888,1,snv_mnv,NA,NA,"broad,dkfz,muse,sanger",4,COSN18975534,NA,L1MA4,FALSE,0.4286,NA,18,24,NA,NA,NA,IGR,FALSE,FALSE,FALSE,FALSE,2,1,1,1_1,fa9996c3-b874-4424-a5a6-f1c7c0f42b9b,NA
9,79036709,79036709,1,snv_mnv,NA,NA,"broad,dkfz,muse,sanger",4,COSN18975512,NA,AluJb,FALSE,0.6,NA,9,6,NA,NA,NA,Intron,FALSE,FALSE,FALSE,FALSE,2,1,1,1_1,fa9996c3-b874-4424-a5a6-f1c7c0f42b9b,AL590664.1
9,79453225,79453225,1,snv_mnv,NA,NA,"broad,dkfz,muse,sanger",4,COSN18975514,NA,NA,FALSE,0.2857,NA,10,25,NA,NA,NA,Intron,FALSE,FALSE,FALSE,FALSE,2,1,1,1_1,fa9996c3-b874-4424-a5a6-f1c7c0f42b9b,NA
9,93567899,93567899,1,snv_mnv,NA,NA,"broad,dkfz,muse,sanger",4,COSN18975513,NA,NA,FALSE,0.1935,NA,6,25,NA,NA,NA,Intron,FALSE,FALSE,FALSE,FALSE,2,1,1,1_1,fa9996c3-b874-4424-a5a6-f1c7c0f42b9b,NA
9,100294472,100294472,1,snv_mnv,NA,NA,"broad,dkfz,muse,sanger",4,COSN18975515,NA,NA,FALSE,0.2258,NA,7,24,NA,NA,NA,Intron,FALSE,FALSE,FALSE,FALSE,2,1,1,1_1,fa9996c3-b874-4424-a5a6-f1c7c0f42b9b,NA
9,100331371,100331371,1,snv_mnv,NA,NA,"broad,dkfz,muse,sanger",4,COSN18975493,NA,NA,FALSE,0.359,NA,14,25,NA,NA,NA,Intron,FALSE,FALSE,FALSE,FALSE,2,1,1,1_1,fa9996c3-b874-4424-a5a6-f1c7c0f42b9b,NA
9,104254634,104254634,1,snv_mnv,NA,NA,"broad,dkfz,muse,sanger",4,COSN18975511,NA,AluSc8,FALSE,0.2,NA,8,32,NA,NA,NA,Intron,FALSE,FALSE,FALSE,FALSE,2,1,1,1_1,fa9996c3-b874-4424-a5a6-f1c7c0f42b9b,NA
9,104838889,104838889,1,snv_mnv,NA,NA,"broad,dkfz,muse,sanger",4,COSN18975505,NA,L1PB4,FALSE,0.175,NA,7,33,NA,NA,NA,IGR,FALSE,FALSE,FALSE,FALSE,2,1,1,1_1,fa9996c3-b874-4424-a5a6-f1c7c0f42b9b,NA
9,105854847,105854847,1,snv_mnv,NA,NA,"broad,dkfz,muse,sanger",4,COSN18975506,NA,NA,FALSE,0.375,NA,18,30,NA,NA,NA,IGR,FALSE,FALSE,FALSE,FALSE,2,1,1,1_1,fa9996c3-b874-4424-a5a6-f1c7c0f42b9b,NA
9,108593440,108593440,1,snv_mnv,NA,NA,"broad,dkfz,muse,sanger",4,COSN18975496,NA,ERVL-B4-int,FALSE,0.3056,NA,11,25,NA,NA,NA,IGR,FALSE,FALSE,FALSE,FALSE,2,1,1,1_1,fa9996c3-b874-4424-a5a6-f1c7c0f42b9b,NA
9,109540301,109540301,1,snv_mnv,NA,NA,"broad,dkfz,muse,sanger",4,COSN18975519,NA,L2c,FALSE,0.4595,NA,17,20,NA,NA,NA,IGR,FALSE,FALSE,FALSE,FALSE,2,1,1,1_1,fa9996c3-b874-4424-a5a6-f1c7c0f42b9b,NA
9,110154488,110154488,1,snv_mnv,NA,NA,"broad,dkfz,muse",3,COSN18975518,NA,NA,FALSE,0.2162,NA,8,29,NA,NA,NA,IGR,FALSE,FALSE,FALSE,FALSE,2,1,1,1_1,fa9996c3-b874-4424-a5a6-f1c7c0f42b9b,NA
9,112340327,112340327,1,snv_mnv,NA,NA,"broad,dkfz,muse,sanger",4,COSN18975507,NA,NA,FALSE,0.1786,NA,5,23,NA,NA,NA,IGR,FALSE,FALSE,FALSE,FALSE,2,1,1,1_1,fa9996c3-b874-4424-a5a6-f1c7c0f42b9b,NA
9,112360650,112360650,1,snv_mnv,NA,NA,"broad,dkfz,muse,sanger",4,COSN18975485,NA,NA,FALSE,0.3939,NA,13,20,NA,NA,NA,IGR,FALSE,FALSE,FALSE,FALSE,2,1,1,1_1,fa9996c3-b874-4424-a5a6-f1c7c0f42b9b,NA
9,113586049,113586049,1,snv_mnv,NA,NA,"broad,dkfz,muse,sanger",4,COSN18975495,NA,L1M1,FALSE,0.3529,NA,12,22,NA,NA,NA,IGR,FALSE,FALSE,FALSE,FALSE,2,1,1,1_1,fa9996c3-b874-4424-a5a6-f1c7c0f42b9b,NA
9,114416201,114416201,1,snv_mnv,NA,NA,"broad,dkfz,muse,sanger",4,COSN18975521,NA,NA,FALSE,0.4583,NA,11,13,NA,NA,NA,3'UTR,FALSE,FALSE,FALSE,FALSE,2,1,1,1_1,fa9996c3-b874-4424-a5a6-f1c7c0f42b9b,NA
9,119152416,119152416,1,snv_mnv,NA,NA,"broad,dkfz,muse,sanger",4,COSN18975497,NA,L2c,FALSE,0.3333,NA,9,18,NA,NA,NA,Intron,FALSE,FALSE,FALSE,FALSE,2,1,1,1_1,fa9996c3-b874-4424-a5a6-f1c7c0f42b9b,NA
9,122635165,122635165,1,snv_mnv,NA,NA,"broad,dkfz,muse,sanger",4,COSN18975524,NA,L2b,FALSE,0.3704,NA,10,17,NA,NA,NA,IGR,FALSE,FALSE,FALSE,FALSE,2,1,1,1_1,fa9996c3-b874-4424-a5a6-f1c7c0f42b9b,NA
9,127191452,127191452,1,snv_mnv,NA,NA,"broad,dkfz,muse,sanger",4,COSN18975520,NA,NA,FALSE,0.4571,NA,16,19,NA,NA,NA,IGR,FALSE,FALSE,FALSE,FALSE,2,1,1,1_1,fa9996c3-b874-4424-a5a6-f1c7c0f42b9b,NA
9,128291174,128291174,1,snv_mnv,NA,NA,"broad,muse",2,COSN18975531,NA,AluSq,FALSE,0.375,NA,9,15,NA,NA,NA,Intron,FALSE,FALSE,FALSE,FALSE,2,1,1,1_1,fa9996c3-b874-4424-a5a6-f1c7c0f42b9b,NA
9,130511557,130511557,1,snv_mnv,NA,NA,"broad,dkfz,muse,sanger",4,COSM5416178,rs776678290,NA,FALSE,0.36,NA,9,16,NA,NA,NA,Missense_Mutation,FALSE,FALSE,FALSE,FALSE,2,1,1,1_1,fa9996c3-b874-4424-a5a6-f1c7c0f42b9b,SH2D3C
9,135553693,135553693,1,snv_mnv,NA,NA,"broad,dkfz,muse,sanger",4,COSM5416182,NA,NA,FALSE,0.4667,NA,14,16,NA,NA,NA,Silent,FALSE,FALSE,FALSE,FALSE,2,1,1,1_1,fa9996c3-b874-4424-a5a6-f1c7c0f42b9b,NA
9,137990627,137990627,1,snv_mnv,NA,NA,"broad,dkfz,muse",3,COSN18975486,NA,(TG)n,FALSE,0.5,NA,13,13,NA,NA,NA,Intron,FALSE,FALSE,FALSE,FALSE,2,1,1,1_1,fa9996c3-b874-4424-a5a6-f1c7c0f42b9b,OLFM1
9,139662756,139662756,1,snv_mnv,NA,NA,"broad,dkfz,muse,sanger",4,COSN18975526,NA,L1ME1,FALSE,0.45,NA,9,11,NA,NA,NA,5'Flank,FALSE,FALSE,FALSE,FALSE,2,1,1,1_1,fa9996c3-b874-4424-a5a6-f1c7c0f42b9b,LCN15
X,15616348,15616348,1,snv_mnv,NA,NA,"broad,dkfz,muse,sanger",4,COSN18975403,NA,NA,FALSE,0.1905,NA,4,17,NA,NA,NA,Intron,FALSE,FALSE,FALSE,FALSE,1,1,0,1_0,fa9996c3-b874-4424-a5a6-f1c7c0f42b9b,AC097625.1
X,22941008,22941008,1,snv_mnv,NA,NA,"broad,muse,sanger",3,COSN18975376,NA,L1MEe,FALSE,0.2105,NA,4,15,NA,NA,NA,lincRNA,FALSE,FALSE,FALSE,FALSE,1,1,0,1_0,fa9996c3-b874-4424-a5a6-f1c7c0f42b9b,NA
X,28006184,28006184,1,snv_mnv,NA,NA,"broad,dkfz,muse,sanger",4,COSN18975389,NA,LTR22A,FALSE,0.5,NA,9,9,NA,NA,NA,IGR,FALSE,FALSE,FALSE,FALSE,1,1,0,1_0,fa9996c3-b874-4424-a5a6-f1c7c0f42b9b,NA
X,32880159,32880159,1,snv_mnv,NA,NA,"broad,dkfz,muse,sanger",4,COSN18975390,NA,NA,FALSE,0.3636,NA,8,14,NA,NA,NA,Intron,FALSE,FALSE,FALSE,FALSE,1,1,0,1_0,fa9996c3-b874-4424-a5a6-f1c7c0f42b9b,NA
X,33414800,33414800,1,snv_mnv,NA,NA,"broad,dkfz,muse,sanger",4,COSN18975388,NA,NA,FALSE,0.16,NA,4,21,NA,NA,NA,IGR,FALSE,FALSE,FALSE,FALSE,1,1,0,1_0,fa9996c3-b874-4424-a5a6-f1c7c0f42b9b,NA
X,34243023,34243023,1,snv_mnv,NA,NA,"broad,dkfz,muse",3,COSN18975396,NA,NA,FALSE,0.9167,NA,22,2,NA,NA,NA,lincRNA,FALSE,FALSE,FALSE,FALSE,1,1,0,1_0,fa9996c3-b874-4424-a5a6-f1c7c0f42b9b,NA
X,35975550,35975550,1,snv_mnv,2.649e-4,NA,"broad,dkfz,muse,sanger",4,COSN18975377,rs776518839,NA,FALSE,0.5789,NA,11,8,NA,NA,NA,Intron,FALSE,FALSE,FALSE,FALSE,1,1,0,1_0,fa9996c3-b874-4424-a5a6-f1c7c0f42b9b,NA
X,38117577,38117577,1,snv_mnv,NA,NA,"broad,dkfz,muse,sanger",4,COSN18975402,NA,L1ME1,FALSE,0.6154,NA,8,5,NA,NA,NA,Intron,FALSE,FALSE,FALSE,FALSE,1,1,0,1_0,fa9996c3-b874-4424-a5a6-f1c7c0f42b9b,NA
X,42155516,42155516,1,snv_mnv,NA,NA,"broad,dkfz,muse,sanger",4,COSN18975386,NA,L1PREC2,FALSE,0.5926,NA,16,11,NA,NA,NA,lincRNA,FALSE,FALSE,FALSE,FALSE,1,1,0,1_0,fa9996c3-b874-4424-a5a6-f1c7c0f42b9b,NA
X,44169601,44169601,1,snv_mnv,NA,NA,"broad,dkfz,muse",3,COSN18975382,NA,NA,FALSE,0.5625,NA,9,7,NA,NA,NA,Intron,FALSE,FALSE,FALSE,FALSE,1,1,0,1_0,fa9996c3-b874-4424-a5a6-f1c7c0f42b9b,NA
X,65631101,65631101,1,snv_mnv,NA,NA,"broad,dkfz,muse",3,COSN18975379,NA,L3,FALSE,0.7368,NA,14,5,NA,NA,NA,IGR,FALSE,FALSE,FALSE,FALSE,1,1,0,1_0,fa9996c3-b874-4424-a5a6-f1c7c0f42b9b,NA
X,67057303,67057303,1,snv_mnv,NA,NA,"broad,muse,sanger",3,COSN18975375,NA,L1PA4,FALSE,0.2857,NA,4,10,NA,NA,NA,IGR,FALSE,FALSE,FALSE,FALSE,1,1,0,1_0,fa9996c3-b874-4424-a5a6-f1c7c0f42b9b,NA
X,67297458,67297458,1,snv_mnv,NA,NA,"broad,dkfz,muse,sanger",4,COSN18975409,NA,NA,FALSE,0.5385,NA,14,12,NA,NA,NA,Intron,FALSE,FALSE,FALSE,FALSE,1,1,0,1_0,fa9996c3-b874-4424-a5a6-f1c7c0f42b9b,NA
X,72401678,72401678,1,snv_mnv,NA,NA,"broad,dkfz,muse,sanger",4,COSN18975394,NA,NA,FALSE,0.4167,NA,5,7,NA,NA,NA,IGR,FALSE,FALSE,FALSE,FALSE,1,1,0,1_0,fa9996c3-b874-4424-a5a6-f1c7c0f42b9b,NA
X,88022145,88022145,1,snv_mnv,NA,NA,"broad,dkfz,muse,sanger",4,COSN18975385,NA,L1MB7,FALSE,0.375,NA,9,15,NA,NA,NA,IGR,FALSE,FALSE,FALSE,FALSE,1,1,0,1_0,fa9996c3-b874-4424-a5a6-f1c7c0f42b9b,NA
X,89576773,89576773,1,snv_mnv,NA,NA,"broad,muse",2,COSN18975410,NA,AluSz6,FALSE,0.6923,NA,9,4,NA,NA,NA,IGR,FALSE,FALSE,FALSE,FALSE,1,1,0,1_0,fa9996c3-b874-4424-a5a6-f1c7c0f42b9b,NA
X,92812601,92812601,1,snv_mnv,NA,NA,"broad,muse,sanger",3,COSN18975387,NA,L1PA17,FALSE,0.2,NA,5,20,NA,NA,NA,IGR,FALSE,FALSE,FALSE,FALSE,1,1,0,1_0,fa9996c3-b874-4424-a5a6-f1c7c0f42b9b,NA
X,97962371,97962371,1,snv_mnv,NA,NA,"broad,muse,sanger",3,COSN18975381,NA,L1MA4A,FALSE,0.3125,NA,5,11,NA,NA,NA,IGR,FALSE,FALSE,FALSE,FALSE,1,1,0,1_0,fa9996c3-b874-4424-a5a6-f1c7c0f42b9b,NA
X,98748666,98748666,1,snv_mnv,NA,NA,"broad,dkfz,muse,sanger",4,COSN18975397,NA,L1MA4A,FALSE,0.4118,NA,7,10,NA,NA,NA,IGR,FALSE,FALSE,FALSE,FALSE,1,1,0,1_0,fa9996c3-b874-4424-a5a6-f1c7c0f42b9b,NA
X,105375116,105375116,1,snv_mnv,NA,NA,"broad,dkfz,muse",3,COSN18975395,NA,L1MA2,FALSE,0.9545,NA,21,1,NA,NA,NA,IGR,FALSE,FALSE,FALSE,FALSE,1,1,0,1_0,fa9996c3-b874-4424-a5a6-f1c7c0f42b9b,NA
X,107669033,107669033,1,snv_mnv,NA,NA,"broad,dkfz,muse,sanger",4,COSN18975378,NA,NA,FALSE,0.375,NA,3,5,NA,NA,NA,Intron,FALSE,FALSE,FALSE,FALSE,1,1,0,1_0,fa9996c3-b874-4424-a5a6-f1c7c0f42b9b,NA
X,110807936,110807936,1,snv_mnv,NA,NA,"broad,muse,sanger",3,COSN18975406,NA,L1MA2,FALSE,0.4,NA,6,9,NA,NA,NA,IGR,FALSE,FALSE,FALSE,FALSE,1,1,0,1_0,fa9996c3-b874-4424-a5a6-f1c7c0f42b9b,NA
X,111661547,111661547,1,snv_mnv,NA,NA,"broad,dkfz,muse",3,COSN18975398,NA,NA,FALSE,1,NA,16,NA,NA,NA,NA,IGR,FALSE,FALSE,FALSE,FALSE,1,1,0,1_0,fa9996c3-b874-4424-a5a6-f1c7c0f42b9b,NA
X,115329379,115329379,1,snv_mnv,NA,NA,"broad,dkfz,muse",3,COSN18975380,NA,ERVL-int,FALSE,0.7333,NA,11,4,NA,NA,NA,IGR,FALSE,FALSE,FALSE,FALSE,1,1,0,1_0,fa9996c3-b874-4424-a5a6-f1c7c0f42b9b,NA
X,130975019,130975019,1,snv_mnv,NA,NA,"broad,dkfz,muse",3,COSN18975383,NA,NA,FALSE,0.8571,NA,12,2,NA,NA,NA,IGR,FALSE,FALSE,FALSE,FALSE,1,1,0,1_0,fa9996c3-b874-4424-a5a6-f1c7c0f42b9b,NA
X,136471880,136471880,1,snv_mnv,NA,NA,"broad,dkfz,muse,sanger",4,COSN18975405,NA,AluSc,FALSE,0.3529,NA,6,11,NA,NA,NA,IGR,FALSE,FALSE,FALSE,FALSE,1,1,0,1_0,fa9996c3-b874-4424-a5a6-f1c7c0f42b9b,NA
X,137049664,137049664,1,snv_mnv,NA,NA,"broad,muse,sanger",3,COSN18975374,NA,AluSg,FALSE,0.2727,NA,3,8,NA,NA,NA,IGR,FALSE,FALSE,FALSE,FALSE,1,1,0,1_0,fa9996c3-b874-4424-a5a6-f1c7c0f42b9b,NA
X,143611289,143611289,1,snv_mnv,NA,NA,"broad,dkfz,muse",3,COSN18975407,NA,L1MA7,FALSE,1,NA,25,NA,NA,NA,NA,IGR,FALSE,FALSE,FALSE,FALSE,1,1,0,1_0,fa9996c3-b874-4424-a5a6-f1c7c0f42b9b,NA
X,143832684,143832684,1,snv_mnv,NA,NA,"broad,muse",2,COSN18975404,NA,L1PA10,FALSE,0.8,NA,12,3,NA,NA,NA,IGR,FALSE,FALSE,FALSE,FALSE,1,1,0,1_0,fa9996c3-b874-4424-a5a6-f1c7c0f42b9b,NA
X,145200335,145200335,1,snv_mnv,NA,NA,"broad,dkfz,muse",3,COSN18975392,NA,L1PREC2,FALSE,0.8333,NA,20,4,NA,NA,NA,IGR,FALSE,FALSE,FALSE,FALSE,1,1,0,1_0,fa9996c3-b874-4424-a5a6-f1c7c0f42b9b,NA
X,145543999,145543999,1,snv_mnv,NA,NA,"broad,dkfz,muse,sanger",4,COSN18975393,NA,MER50,FALSE,0.5333,NA,8,7,NA,NA,NA,IGR,FALSE,FALSE,FALSE,FALSE,1,1,0,1_0,fa9996c3-b874-4424-a5a6-f1c7c0f42b9b,NA
X,146483168,146483168,1,snv_mnv,NA,NA,"broad,dkfz,muse,sanger",4,COSN18975373,NA,NA,FALSE,0.2727,NA,6,16,NA,NA,NA,IGR,FALSE,FALSE,FALSE,FALSE,1,1,0,1_0,fa9996c3-b874-4424-a5a6-f1c7c0f42b9b,NA
X,151186741,151186741,1,snv_mnv,NA,NA,"broad,muse,sanger",3,COSN18975384,NA,L1MB7,FALSE,0.2174,NA,5,18,NA,NA,NA,IGR,FALSE,FALSE,FALSE,FALSE,1,1,0,1_0,fa9996c3-b874-4424-a5a6-f1c7c0f42b9b,NA
Y,2691121,2691121,1,snv_mnv,NA,NA,"broad,dkfz,muse",3,COSN18974976,NA,L1MA8,FALSE,0.9444,NA,17,1,NA,NA,NA,IGR,FALSE,FALSE,FALSE,FALSE,1,1,0,1_0,fa9996c3-b874-4424-a5a6-f1c7c0f42b9b,TOMM22P2
Y,4266082,4266082,1,snv_mnv,NA,NA,"broad,muse,sanger",3,COSN18974984,NA,L1M1,FALSE,0.4211,NA,8,11,NA,NA,NA,IGR,FALSE,FALSE,FALSE,FALSE,1,1,0,1_0,fa9996c3-b874-4424-a5a6-f1c7c0f42b9b,NA
Y,8738236,8738236,1,snv_mnv,NA,NA,"broad,muse,sanger",3,COSN18974981,NA,HERVE-int,FALSE,0.2174,NA,5,18,NA,NA,NA,IGR,FALSE,FALSE,FALSE,FALSE,1,1,0,1_0,fa9996c3-b874-4424-a5a6-f1c7c0f42b9b,NA
Y,8879551,8879551,1,snv_mnv,NA,NA,"broad,muse,sanger",3,COSN18974983,NA,LTR12_,FALSE,0.5,NA,8,8,NA,NA,NA,IGR,FALSE,FALSE,FALSE,FALSE,1,1,0,1_0,fa9996c3-b874-4424-a5a6-f1c7c0f42b9b,NA
Y,14055129,14055129,1,snv_mnv,NA,NA,"broad,muse",2,COSN18974975,NA,L1MB5,FALSE,1,NA,14,NA,NA,NA,NA,IGR,FALSE,FALSE,FALSE,FALSE,1,1,0,1_0,fa9996c3-b874-4424-a5a6-f1c7c0f42b9b,NA
Y,19304344,19304344,1,snv_mnv,NA,NA,"broad,dkfz,muse",3,COSN18974974,NA,LTR12C,FALSE,0.7368,NA,14,5,NA,NA,NA,IGR,FALSE,FALSE,FALSE,FALSE,1,1,0,1_0,fa9996c3-b874-4424-a5a6-f1c7c0f42b9b,SURF6P1
Y,20814412,20814412,1,snv_mnv,NA,NA,"broad,dkfz,muse,sanger",4,COSN18974982,NA,NA,FALSE,0.55,NA,11,9,NA,NA,NA,IGR,FALSE,FALSE,FALSE,FALSE,1,1,0,1_0,fa9996c3-b874-4424-a5a6-f1c7c0f42b9b,"TRAPPC2P7,RAB9AP4"
Y,21313317,21313317,1,snv_mnv,NA,NA,"broad,dkfz,muse,sanger",4,COSN18974985,NA,MLT1A0,FALSE,0.6667,NA,12,6,NA,NA,NA,IGR,FALSE,FALSE,FALSE,FALSE,1,1,0,1_0,fa9996c3-b874-4424-a5a6-f1c7c0f42b9b,NA
Y,22476918,22476918,1,snv_mnv,NA,NA,"broad,muse",2,COSN18974977,NA,LTR12B,FALSE,0.9259,NA,25,2,NA,NA,NA,IGR,FALSE,FALSE,FALSE,FALSE,1,1,0,1_0,fa9996c3-b874-4424-a5a6-f1c7c0f42b9b,NA
Y,22610584,22610584,1,snv_mnv,NA,NA,"broad,dkfz,muse",3,COSN18974973,NA,HUERS-P2-int,FALSE,0.7143,NA,10,4,NA,NA,NA,IGR,FALSE,FALSE,FALSE,FALSE,1,1,0,1_0,fa9996c3-b874-4424-a5a6-f1c7c0f42b9b,NA
Y,28759588,28759588,1,snv_mnv,NA,NA,"broad,muse",2,COSN18974972,NA,MIRc,FALSE,0.8462,NA,11,2,NA,NA,NA,IGR,FALSE,FALSE,FALSE,FALSE,1,1,0,1_0,fa9996c3-b874-4424-a5a6-f1c7c0f42b9b,NA
