chromosome,start,end,width,type,1000genomes_AF,1000genomes_ID,Callers,NumCallers,cosmic,dbsnp,repeat_masker,dbsnp_somatic,VAF,n_vaf,t_alt_count,t_ref_count,n_alt_count,n_ref_count,model_score,Variant_Classification,signature_R1,signature_R2,signature_N3,snv_near_indel,total_cn,major_cn,minor_cn,karyotype,sample,gene
1,2546777,2546777,1,snv_mnv,NA,NA,"broad,dkfz,muse,sanger",4,COSN10046450,NA,L1MC3,FALSE,0.2439,NA,10,31,NA,NA,NA,Intron,FALSE,FALSE,FALSE,FALSE,4,2,2,2_2,e5c89fcf-cc57-4fad-a138-ea47ee9ea225,MMEL1
1,3781915,3781915,1,snv_mnv,NA,NA,"broad,dkfz,muse,sanger",4,COSN10048088,NA,L1MD2,FALSE,0.2558,NA,11,32,NA,NA,NA,Intron,FALSE,FALSE,FALSE,FALSE,4,2,2,2_2,e5c89fcf-cc57-4fad-a138-ea47ee9ea225,DFFB
1,4553758,4553758,1,snv_mnv,NA,NA,"broad,dkfz,muse,sanger",4,COSN15585155,NA,L2b,FALSE,0.2812,NA,9,23,NA,NA,NA,IGR,FALSE,FALSE,FALSE,FALSE,4,2,2,2_2,e5c89fcf-cc57-4fad-a138-ea47ee9ea225,NA
1,5133252,5133252,1,snv_mnv,NA,NA,"broad,dkfz,muse,sanger",4,COSN15585381,NA,MER31-int,FALSE,0.25,NA,16,48,NA,NA,NA,IGR,FALSE,FALSE,FALSE,FALSE,4,2,2,2_2,e5c89fcf-cc57-4fad-a138-ea47ee9ea225,NA
1,5824523,5824523,1,snv_mnv,NA,NA,"broad,dkfz,muse,sanger",4,COSN10050797,NA,NA,FALSE,0.2889,NA,13,32,NA,NA,NA,IGR,FALSE,FALSE,FALSE,FALSE,4,2,2,2_2,e5c89fcf-cc57-4fad-a138-ea47ee9ea225,NA
1,8203679,8203679,1,snv_mnv,NA,NA,"broad,dkfz,muse,sanger",4,COSN10054595,NA,NA,FALSE,0.275,NA,11,29,NA,NA,NA,IGR,FALSE,FALSE,FALSE,FALSE,4,2,2,2_2,e5c89fcf-cc57-4fad-a138-ea47ee9ea225,NA
1,14324233,14324233,1,snv_mnv,NA,NA,"broad,dkfz,muse,sanger",4,COSN9362432,NA,L1PA8A,FALSE,0.2581,NA,16,46,NA,NA,NA,IGR,FALSE,FALSE,FALSE,FALSE,4,2,2,2_2,e5c89fcf-cc57-4fad-a138-ea47ee9ea225,NA
1,16256782,16256782,1,snv_mnv,NA,NA,"broad,dkfz,muse,sanger",4,COSM4140906,NA,NA,FALSE,0.2979,NA,14,33,NA,NA,NA,Silent,FALSE,FALSE,FALSE,FALSE,4,2,2,2_2,e5c89fcf-cc57-4fad-a138-ea47ee9ea225,NA
1,16433103,16433103,1,snv_mnv,NA,NA,"broad,dkfz,muse,sanger",4,COSN9365093,NA,HERVK9-int,FALSE,0.2558,NA,11,32,NA,NA,NA,IGR,FALSE,FALSE,FALSE,FALSE,4,2,2,2_2,e5c89fcf-cc57-4fad-a138-ea47ee9ea225,NA
1,18841827,18841827,1,snv_mnv,NA,NA,"broad,dkfz,muse,sanger",4,COSN9053574,NA,L1MB7,FALSE,0.3208,NA,17,36,NA,NA,NA,IGR,FALSE,FALSE,FALSE,FALSE,4,2,2,2_2,e5c89fcf-cc57-4fad-a138-ea47ee9ea225,DYNLL1P3
1,20101205,20101205,1,snv_mnv,NA,NA,"broad,dkfz,muse,sanger",4,COSN9056747,NA,MIR,FALSE,0.2381,NA,10,32,NA,NA,NA,Intron,FALSE,FALSE,FALSE,FALSE,4,2,2,2_2,e5c89fcf-cc57-4fad-a138-ea47ee9ea225,TMCO4
1,20316162,20316162,1,snv_mnv,NA,NA,"broad,dkfz,muse,sanger",4,COSN9057015,NA,MER11C,FALSE,0.2759,NA,16,42,NA,NA,NA,IGR,FALSE,FALSE,FALSE,FALSE,4,2,2,2_2,e5c89fcf-cc57-4fad-a138-ea47ee9ea225,NA
1,22895153,22895153,1,snv_mnv,NA,NA,"broad,dkfz,muse,sanger",4,COSN9061025,NA,MIRb,FALSE,0.25,NA,9,27,NA,NA,NA,Intron,FALSE,FALSE,FALSE,FALSE,4,2,2,2_2,e5c89fcf-cc57-4fad-a138-ea47ee9ea225,NA
1,23247767,23247767,1,snv_mnv,NA,NA,"broad,dkfz,muse,sanger",4,COSN9061588,NA,NA,FALSE,0.3704,NA,10,17,NA,NA,NA,lincRNA,FALSE,FALSE,FALSE,FALSE,4,2,2,2_2,e5c89fcf-cc57-4fad-a138-ea47ee9ea225,NA
1,29512343,29512343,1,snv_mnv,NA,NA,"broad,dkfz,muse,sanger",4,COSN10046899,NA,AluJb,FALSE,0.2727,NA,9,24,NA,NA,NA,IGR,FALSE,FALSE,FALSE,FALSE,4,2,2,2_2,e5c89fcf-cc57-4fad-a138-ea47ee9ea225,SRSF4
1,31440920,31440920,1,snv_mnv,NA,NA,"broad,dkfz,muse,sanger",4,COSN10047207,NA,NA,FALSE,0.2653,NA,13,36,NA,NA,NA,Intron,FALSE,FALSE,FALSE,FALSE,4,2,2,2_2,e5c89fcf-cc57-4fad-a138-ea47ee9ea225,PUM1
1,34294474,34294474,1,snv_mnv,NA,NA,"broad,dkfz,muse,sanger",4,COSN10047549,rs568445634,NA,FALSE,0.2885,NA,15,37,NA,NA,NA,Intron,FALSE,FALSE,FALSE,FALSE,4,2,2,2_2,e5c89fcf-cc57-4fad-a138-ea47ee9ea225,NA
1,34859603,34859603,1,snv_mnv,NA,NA,"broad,dkfz,muse,sanger",4,COSN10047658,NA,NA,FALSE,0.3433,NA,23,44,NA,NA,NA,IGR,FALSE,FALSE,FALSE,FALSE,4,2,2,2_2,e5c89fcf-cc57-4fad-a138-ea47ee9ea225,NA
1,37763219,37763219,1,snv_mnv,NA,NA,"broad,dkfz,muse,sanger",4,COSN15585405,NA,L2c,FALSE,0.1964,NA,11,45,NA,NA,NA,lincRNA,FALSE,FALSE,FALSE,FALSE,4,2,2,2_2,e5c89fcf-cc57-4fad-a138-ea47ee9ea225,NA
1,38694895,38694895,1,snv_mnv,NA,NA,"broad,dkfz,muse,sanger",4,COSN10048195,NA,L2c,FALSE,0.3421,NA,13,25,NA,NA,NA,IGR,FALSE,FALSE,FALSE,FALSE,4,2,2,2_2,e5c89fcf-cc57-4fad-a138-ea47ee9ea225,NA
1,38782548,38782548,1,snv_mnv,NA,NA,"dkfz,sanger",2,COSN10048208,NA,L1MC3,FALSE,0.34,NA,17,33,NA,NA,NA,IGR,FALSE,FALSE,FALSE,FALSE,4,2,2,2_2,e5c89fcf-cc57-4fad-a138-ea47ee9ea225,NA
1,39551931,39551931,1,snv_mnv,NA,NA,"broad,dkfz,muse,sanger",4,COSN10048278,NA,NA,FALSE,0.3333,NA,12,24,NA,NA,NA,Intron,FALSE,FALSE,FALSE,FALSE,4,2,2,2_2,e5c89fcf-cc57-4fad-a138-ea47ee9ea225,NA
1,39740435,39740435,1,snv_mnv,NA,NA,"broad,dkfz,muse,sanger",4,COSN10048299,NA,MIR,FALSE,0.3704,NA,20,34,NA,NA,NA,Intron,FALSE,FALSE,FALSE,FALSE,4,2,2,2_2,e5c89fcf-cc57-4fad-a138-ea47ee9ea225,NA
1,40489356,40489356,1,snv_mnv,NA,NA,"broad,dkfz,muse,sanger",4,COSN10048399,NA,MLT1A0-int,FALSE,0.339,NA,20,39,NA,NA,NA,IGR,FALSE,FALSE,FALSE,FALSE,4,2,2,2_2,e5c89fcf-cc57-4fad-a138-ea47ee9ea225,NA
1,42122951,42122951,1,snv_mnv,NA,NA,"broad,dkfz,muse,sanger",4,COSN10048609,NA,NA,FALSE,0.2609,NA,12,34,NA,NA,NA,Intron,FALSE,FALSE,FALSE,FALSE,4,2,2,2_2,e5c89fcf-cc57-4fad-a138-ea47ee9ea225,NA
1,46078799,46078799,1,snv_mnv,NA,NA,"broad,dkfz,muse,sanger",4,COSN10049126,NA,NA,FALSE,0.25,NA,13,39,NA,NA,NA,Intron,FALSE,FALSE,FALSE,FALSE,4,2,2,2_2,e5c89fcf-cc57-4fad-a138-ea47ee9ea225,NASP
1,47309486,47309486,1,snv_mnv,NA,NA,"broad,dkfz,muse,sanger",4,COSN10049264,NA,NA,FALSE,0.2586,NA,15,43,NA,NA,NA,RNA,FALSE,FALSE,FALSE,FALSE,4,2,2,2_2,e5c89fcf-cc57-4fad-a138-ea47ee9ea225,NA
1,47438204,47438204,1,snv_mnv,NA,NA,"broad,dkfz,muse,sanger",4,COSN10049279,NA,L1PA15,FALSE,0.2807,NA,16,41,NA,NA,NA,Intron,FALSE,FALSE,FALSE,FALSE,4,2,2,2_2,e5c89fcf-cc57-4fad-a138-ea47ee9ea225,CYP4A26P
1,48348413,48348413,1,snv_mnv,NA,NA,"broad,dkfz,muse,sanger",4,COSN10049404,NA,NA,FALSE,0.3077,NA,12,27,NA,NA,NA,Intron,FALSE,FALSE,FALSE,FALSE,4,2,2,2_2,e5c89fcf-cc57-4fad-a138-ea47ee9ea225,NA
1,49942907,49942907,1,snv_mnv,NA,NA,"broad,dkfz,muse,sanger",4,COSN10049620,NA,L1PA17,FALSE,0.2917,NA,14,34,NA,NA,NA,Intron,FALSE,FALSE,FALSE,FALSE,4,2,2,2_2,e5c89fcf-cc57-4fad-a138-ea47ee9ea225,NA
1,49978896,49978896,1,snv_mnv,NA,NA,"broad,dkfz,muse,sanger",4,COSN10049625,NA,NA,FALSE,0.2097,NA,13,49,NA,NA,NA,Intron,FALSE,FALSE,FALSE,FALSE,4,2,2,2_2,e5c89fcf-cc57-4fad-a138-ea47ee9ea225,NA
1,51145590,51145590,1,snv_mnv,NA,NA,"broad,dkfz,muse,sanger",4,COSN15585223,NA,NA,FALSE,0.1875,NA,12,52,NA,NA,NA,Intron,FALSE,FALSE,FALSE,FALSE,4,2,2,2_2,e5c89fcf-cc57-4fad-a138-ea47ee9ea225,NA
1,51313545,51313545,1,snv_mnv,NA,NA,"broad,dkfz,muse",3,COSN10049819,NA,L1MEc,FALSE,0.234,NA,11,36,NA,NA,NA,Intron,FALSE,FALSE,FALSE,FALSE,4,2,2,2_2,e5c89fcf-cc57-4fad-a138-ea47ee9ea225,MRPS6P2
1,51555568,51555568,1,snv_mnv,NA,NA,"broad,dkfz,muse,sanger",4,COSN10049849,NA,L1M1,FALSE,0.2222,NA,12,42,NA,NA,NA,IGR,FALSE,FALSE,FALSE,FALSE,4,2,2,2_2,e5c89fcf-cc57-4fad-a138-ea47ee9ea225,NA
1,56084883,56084883,1,snv_mnv,NA,NA,"broad,dkfz,muse,sanger",4,COSN10050455,NA,NA,FALSE,0.2941,NA,15,36,NA,NA,NA,lincRNA,FALSE,FALSE,FALSE,FALSE,4,2,2,2_2,e5c89fcf-cc57-4fad-a138-ea47ee9ea225,NA
1,56775914,56775914,1,snv_mnv,NA,NA,"broad,dkfz,muse,sanger",4,COSN15584678,NA,MER66B,FALSE,0.1912,NA,13,55,NA,NA,NA,IGR,FALSE,FALSE,FALSE,FALSE,4,2,2,2_2,e5c89fcf-cc57-4fad-a138-ea47ee9ea225,NA
1,57242169,57242169,1,snv_mnv,NA,NA,"broad,dkfz,muse,sanger",4,COSN10050619,NA,NA,FALSE,0.3175,NA,20,43,NA,NA,NA,Intron,FALSE,FALSE,FALSE,FALSE,4,2,2,2_2,e5c89fcf-cc57-4fad-a138-ea47ee9ea225,NA
1,57727106,57727106,1,snv_mnv,NA,NA,"broad,dkfz,muse,sanger",4,COSN15585382,NA,L2a,FALSE,0.3143,NA,11,24,NA,NA,NA,Intron,FALSE,FALSE,FALSE,FALSE,4,2,2,2_2,e5c89fcf-cc57-4fad-a138-ea47ee9ea225,NA
1,58048066,58048066,1,snv_mnv,NA,NA,"broad,dkfz,muse,sanger",4,COSN10050766,NA,THE1D,FALSE,0.2353,NA,12,39,NA,NA,NA,Intron,FALSE,FALSE,FALSE,FALSE,4,2,2,2_2,e5c89fcf-cc57-4fad-a138-ea47ee9ea225,NA
1,61287052,61287052,1,snv_mnv,NA,NA,"broad,dkfz,muse,sanger",4,COSN10051225,NA,L1MEf,FALSE,0.3718,NA,29,49,NA,NA,NA,lincRNA,FALSE,FALSE,FALSE,FALSE,4,2,2,2_2,e5c89fcf-cc57-4fad-a138-ea47ee9ea225,NA
1,61648430,61648430,1,snv_mnv,NA,NA,"broad,dkfz,muse,sanger",4,COSN15584808,NA,NA,FALSE,0.2154,NA,14,51,NA,NA,NA,Intron,FALSE,FALSE,FALSE,FALSE,4,2,2,2_2,e5c89fcf-cc57-4fad-a138-ea47ee9ea225,NA
1,61988972,61988972,1,snv_mnv,NA,NA,"broad,dkfz,muse,sanger",4,COSN10051330,NA,NA,FALSE,0.2333,NA,14,46,NA,NA,NA,IGR,FALSE,FALSE,FALSE,FALSE,4,2,2,2_2,e5c89fcf-cc57-4fad-a138-ea47ee9ea225,NA
1,63872790,63872790,1,snv_mnv,NA,NA,"broad,dkfz,muse,sanger",4,COSM4165276,NA,NA,FALSE,0.3191,NA,15,32,NA,NA,NA,Missense_Mutation,FALSE,FALSE,FALSE,FALSE,4,2,2,2_2,e5c89fcf-cc57-4fad-a138-ea47ee9ea225,ALG6
1,64127652,64127652,1,snv_mnv,NA,NA,"broad,dkfz,muse,sanger",4,COSN10051597,NA,MIRb,FALSE,0.2449,NA,12,37,NA,NA,NA,IGR,FALSE,FALSE,FALSE,FALSE,4,2,2,2_2,e5c89fcf-cc57-4fad-a138-ea47ee9ea225,PGM1
1,65655901,65655901,1,snv_mnv,NA,NA,"broad,dkfz,muse",3,COSN10051795,NA,L4,FALSE,0.2593,NA,14,40,NA,NA,NA,Intron,FALSE,FALSE,FALSE,FALSE,4,2,2,2_2,e5c89fcf-cc57-4fad-a138-ea47ee9ea225,NA
1,66357990,66357990,1,snv_mnv,NA,NA,"broad,dkfz,muse,sanger",4,COSN10051899,NA,NA,FALSE,0.2794,NA,19,49,NA,NA,NA,Intron,FALSE,FALSE,FALSE,FALSE,4,2,2,2_2,e5c89fcf-cc57-4fad-a138-ea47ee9ea225,NA
1,66594839,66594839,1,snv_mnv,NA,NA,"broad,dkfz,muse,sanger",4,COSN10051940,NA,L2c,FALSE,0.381,NA,24,39,NA,NA,NA,Intron,FALSE,FALSE,FALSE,FALSE,4,2,2,2_2,e5c89fcf-cc57-4fad-a138-ea47ee9ea225,NA
1,66963968,66963968,1,snv_mnv,NA,NA,"broad,dkfz,muse,sanger",4,COSN10052001,NA,Charlie2b,FALSE,0.2742,NA,17,45,NA,NA,NA,IGR,FALSE,FALSE,FALSE,FALSE,4,2,2,2_2,e5c89fcf-cc57-4fad-a138-ea47ee9ea225,NA
1,67199279,67199279,1,snv_mnv,NA,NA,"broad,dkfz,muse,sanger",4,COSN10052040,NA,NA,FALSE,0.2769,NA,18,47,NA,NA,NA,Intron,FALSE,FALSE,FALSE,FALSE,4,2,2,2_2,e5c89fcf-cc57-4fad-a138-ea47ee9ea225,NA
1,67541523,67541523,1,snv_mnv,NA,NA,"broad,dkfz,muse,sanger",4,COSN10052094,NA,AluSx,FALSE,0.4545,NA,10,12,NA,NA,NA,IGR,FALSE,FALSE,FALSE,FALSE,4,2,2,2_2,e5c89fcf-cc57-4fad-a138-ea47ee9ea225,NA
1,67541524,67541524,1,snv_mnv,NA,NA,"broad,dkfz,muse,sanger",4,COSN10052095,NA,AluSx,FALSE,0.4545,NA,10,12,NA,NA,NA,IGR,FALSE,FALSE,FALSE,FALSE,4,2,2,2_2,e5c89fcf-cc57-4fad-a138-ea47ee9ea225,NA
1,68005611,68005611,1,snv_mnv,NA,NA,"broad,dkfz,sanger",3,COSN10052149,NA,LTR85c,FALSE,0.2414,NA,7,22,NA,NA,NA,RNA,FALSE,FALSE,FALSE,FALSE,4,2,2,2_2,e5c89fcf-cc57-4fad-a138-ea47ee9ea225,RNU6-1031P
1,68467849,68467849,1,snv_mnv,NA,NA,"broad,dkfz,muse,sanger",4,COSN10052194,NA,L1ME1,FALSE,0.1864,NA,11,48,NA,NA,NA,RNA,FALSE,FALSE,FALSE,FALSE,4,2,2,2_2,e5c89fcf-cc57-4fad-a138-ea47ee9ea225,NA
1,68680581,68680581,1,snv_mnv,NA,NA,"broad,dkfz,muse,sanger",4,COSN10052210,NA,MLT1K,FALSE,0.2581,NA,16,46,NA,NA,NA,Intron,FALSE,FALSE,FALSE,FALSE,4,2,2,2_2,e5c89fcf-cc57-4fad-a138-ea47ee9ea225,NA
1,69426453,69426453,1,snv_mnv,NA,NA,"broad,dkfz,muse,sanger",4,COSN10052326,NA,NA,FALSE,0.2958,NA,21,50,NA,NA,NA,IGR,FALSE,FALSE,FALSE,FALSE,4,2,2,2_2,e5c89fcf-cc57-4fad-a138-ea47ee9ea225,NA
1,69472220,69472220,1,snv_mnv,NA,NA,"broad,dkfz,muse,sanger",4,COSN10052336,NA,L2a,FALSE,0.3396,NA,18,35,NA,NA,NA,IGR,FALSE,FALSE,FALSE,FALSE,4,2,2,2_2,e5c89fcf-cc57-4fad-a138-ea47ee9ea225,NA
1,69854062,69854062,1,snv_mnv,NA,NA,"broad,dkfz,muse,sanger",4,COSN10052386,rs776353486,NA,FALSE,0.3115,NA,19,42,NA,NA,NA,IGR,FALSE,FALSE,FALSE,FALSE,4,2,2,2_2,e5c89fcf-cc57-4fad-a138-ea47ee9ea225,NA
1,70202922,70202922,1,snv_mnv,NA,NA,"broad,dkfz,muse,sanger",4,COSN10052437,NA,THE1B,FALSE,0.2632,NA,15,42,NA,NA,NA,Intron,FALSE,FALSE,FALSE,FALSE,4,2,2,2_2,e5c89fcf-cc57-4fad-a138-ea47ee9ea225,NA
1,70767245,70767245,1,snv_mnv,NA,NA,"broad,dkfz,muse,sanger",4,COSN10052524,NA,NA,FALSE,0.3421,NA,26,50,NA,NA,NA,Intron,FALSE,FALSE,FALSE,FALSE,4,2,2,2_2,e5c89fcf-cc57-4fad-a138-ea47ee9ea225,ANKRD13C
1,70806320,70806320,1,snv_mnv,NA,NA,"broad,dkfz,muse,sanger",4,COSN10052532,NA,L1MEe,FALSE,0.2821,NA,11,28,NA,NA,NA,Intron,FALSE,FALSE,FALSE,FALSE,4,2,2,2_2,e5c89fcf-cc57-4fad-a138-ea47ee9ea225,NA
1,71042565,71042565,1,snv_mnv,NA,NA,"broad,dkfz,muse,sanger",4,COSN10052568,NA,MER31-int,FALSE,0.2537,NA,17,50,NA,NA,NA,IGR,FALSE,FALSE,FALSE,FALSE,4,2,2,2_2,e5c89fcf-cc57-4fad-a138-ea47ee9ea225,NA
1,72540935,72540935,1,snv_mnv,NA,NA,"broad,dkfz,muse,sanger",4,COSN10052772,NA,NA,FALSE,0.2687,NA,18,49,NA,NA,NA,Intron,FALSE,FALSE,FALSE,FALSE,4,2,2,2_2,e5c89fcf-cc57-4fad-a138-ea47ee9ea225,NA
1,72586668,72586668,1,snv_mnv,1.9968e-4,rs183650894,"broad,dkfz,muse,sanger",4,COSN10052777,rs183650894,NA,FALSE,0.3729,NA,22,37,NA,NA,NA,Intron,FALSE,FALSE,FALSE,FALSE,4,2,2,2_2,e5c89fcf-cc57-4fad-a138-ea47ee9ea225,NA
1,73528969,73528969,1,snv_mnv,NA,NA,"broad,dkfz,muse,sanger",4,COSN10052973,NA,NA,FALSE,0.3214,NA,18,38,NA,NA,NA,IGR,FALSE,FALSE,FALSE,FALSE,4,2,2,2_2,e5c89fcf-cc57-4fad-a138-ea47ee9ea225,NA
1,73568459,73568459,1,snv_mnv,NA,NA,"broad,dkfz,muse,sanger",4,COSN10052985,NA,L1PA16,FALSE,0.2821,NA,22,56,NA,NA,NA,IGR,FALSE,FALSE,FALSE,FALSE,4,2,2,2_2,e5c89fcf-cc57-4fad-a138-ea47ee9ea225,KRT8P21
1,73947108,73947108,1,snv_mnv,NA,NA,"broad,dkfz,muse,sanger",4,COSN10053091,NA,L2b,FALSE,0.2333,NA,14,46,NA,NA,NA,IGR,FALSE,FALSE,FALSE,FALSE,4,2,2,2_2,e5c89fcf-cc57-4fad-a138-ea47ee9ea225,NA
1,75182084,75182084,1,snv_mnv,NA,NA,"broad,dkfz,muse,sanger",4,COSN10053331,NA,NA,FALSE,0.3103,NA,18,40,NA,NA,NA,Intron,FALSE,FALSE,FALSE,FALSE,4,2,2,2_2,e5c89fcf-cc57-4fad-a138-ea47ee9ea225,NA
1,75439244,75439244,1,snv_mnv,NA,NA,"broad,dkfz,muse,sanger",4,COSN10053390,NA,NA,FALSE,0.2069,NA,12,46,NA,NA,NA,IGR,FALSE,FALSE,FALSE,FALSE,4,2,2,2_2,e5c89fcf-cc57-4fad-a138-ea47ee9ea225,NA
1,75793412,75793412,1,snv_mnv,NA,NA,"broad,dkfz,muse,sanger",4,COSN10053480,NA,NA,FALSE,0.2462,NA,16,49,NA,NA,NA,Intron,FALSE,FALSE,FALSE,FALSE,4,2,2,2_2,e5c89fcf-cc57-4fad-a138-ea47ee9ea225,NA
1,77306389,77306389,1,snv_mnv,NA,NA,"broad,dkfz,muse,sanger",4,COSN10053757,NA,MLT1J,FALSE,0.3833,NA,23,37,NA,NA,NA,IGR,FALSE,FALSE,FALSE,FALSE,4,2,2,2_2,e5c89fcf-cc57-4fad-a138-ea47ee9ea225,NA
1,77787238,77787238,1,snv_mnv,NA,NA,"broad,dkfz,muse,sanger",4,COSN10053860,NA,L1MD,FALSE,0.3962,NA,21,32,NA,NA,NA,Intron,FALSE,FALSE,FALSE,FALSE,4,2,2,2_2,e5c89fcf-cc57-4fad-a138-ea47ee9ea225,NA
1,78174612,78174612,1,snv_mnv,NA,NA,"broad,dkfz,muse",3,COSN10053923,NA,FLAM_A,FALSE,0.2281,NA,13,44,NA,NA,NA,Intron,FALSE,FALSE,FALSE,FALSE,4,2,2,2_2,e5c89fcf-cc57-4fad-a138-ea47ee9ea225,USP33
1,79360465,79360465,1,snv_mnv,NA,NA,"broad,dkfz,muse,sanger",4,COSN10054088,NA,NA,FALSE,0.2576,NA,17,49,NA,NA,NA,Intron,FALSE,FALSE,FALSE,FALSE,4,2,2,2_2,e5c89fcf-cc57-4fad-a138-ea47ee9ea225,NA
1,79758987,79758987,1,snv_mnv,NA,NA,"broad,dkfz,muse,sanger",4,COSN10054177,NA,NA,FALSE,0.2222,NA,16,56,NA,NA,NA,IGR,FALSE,FALSE,FALSE,FALSE,4,2,2,2_2,e5c89fcf-cc57-4fad-a138-ea47ee9ea225,NA
1,80135484,80135484,1,snv_mnv,NA,NA,"broad,dkfz,muse,sanger",4,COSN10054268,NA,NA,FALSE,0.2877,NA,21,52,NA,NA,NA,IGR,FALSE,FALSE,FALSE,FALSE,4,2,2,2_2,e5c89fcf-cc57-4fad-a138-ea47ee9ea225,NA
1,81866039,81866039,1,snv_mnv,NA,NA,"broad,dkfz,muse,sanger",4,COSN10054562,NA,L1MA5,FALSE,0.3,NA,12,28,NA,NA,NA,Intron,FALSE,FALSE,FALSE,FALSE,4,2,2,2_2,e5c89fcf-cc57-4fad-a138-ea47ee9ea225,NA
1,81913559,81913559,1,snv_mnv,NA,NA,"broad,dkfz,muse,sanger",4,COSN10054569,NA,MSTA,FALSE,0.2464,NA,17,52,NA,NA,NA,Intron,FALSE,FALSE,FALSE,FALSE,4,2,2,2_2,e5c89fcf-cc57-4fad-a138-ea47ee9ea225,NA
1,82302286,82302286,1,snv_mnv,NA,NA,"broad,dkfz,muse,sanger",4,COSN10054633,NA,NA,FALSE,0.2742,NA,17,45,NA,NA,NA,Intron,FALSE,FALSE,FALSE,FALSE,4,2,2,2_2,e5c89fcf-cc57-4fad-a138-ea47ee9ea225,NA
1,82976302,82976302,1,snv_mnv,NA,NA,"broad,dkfz,muse,sanger",4,COSN10054770,NA,NA,FALSE,0.3086,NA,25,56,NA,NA,NA,IGR,FALSE,FALSE,FALSE,FALSE,4,2,2,2_2,e5c89fcf-cc57-4fad-a138-ea47ee9ea225,NA
1,84648942,84648942,1,snv_mnv,NA,NA,"broad,dkfz,muse,sanger",4,COSN10055031,NA,NA,FALSE,0.25,NA,15,45,NA,NA,NA,Intron,FALSE,FALSE,FALSE,FALSE,4,2,2,2_2,e5c89fcf-cc57-4fad-a138-ea47ee9ea225,NA
1,84888901,84888901,1,snv_mnv,NA,NA,"broad,dkfz,muse,sanger",4,COSN15585018,NA,L3,FALSE,0.2097,NA,13,49,NA,NA,NA,IGR,FALSE,FALSE,FALSE,FALSE,4,2,2,2_2,e5c89fcf-cc57-4fad-a138-ea47ee9ea225,NA
1,85232794,85232794,1,snv_mnv,NA,NA,"broad,dkfz,muse,sanger",4,COSN10055119,NA,NA,FALSE,0.2394,NA,17,54,NA,NA,NA,IGR,FALSE,FALSE,FALSE,FALSE,4,2,2,2_2,e5c89fcf-cc57-4fad-a138-ea47ee9ea225,NA
1,85817818,85817818,1,snv_mnv,NA,NA,"broad,dkfz,muse,sanger",4,COSN10055197,NA,MER6,FALSE,0.2927,NA,12,29,NA,NA,NA,Intron,FALSE,FALSE,FALSE,FALSE,4,2,2,2_2,e5c89fcf-cc57-4fad-a138-ea47ee9ea225,NA
1,86278671,86278671,1,snv_mnv,NA,NA,"broad,dkfz,muse,sanger",4,COSN10055246,NA,ERVL-E-int,FALSE,0.2,NA,11,44,NA,NA,NA,Intron,FALSE,FALSE,FALSE,FALSE,4,2,2,2_2,e5c89fcf-cc57-4fad-a138-ea47ee9ea225,NA
1,86385811,86385811,1,snv_mnv,NA,NA,"broad,dkfz,muse,sanger",4,COSN10055264,NA,L2c,FALSE,0.2405,NA,19,60,NA,NA,NA,Intron,FALSE,FALSE,FALSE,FALSE,4,2,2,2_2,e5c89fcf-cc57-4fad-a138-ea47ee9ea225,NA
1,86477808,86477808,1,snv_mnv,NA,NA,"broad,dkfz,muse",3,COSN10055281,NA,AT_rich,FALSE,0.3438,NA,11,21,NA,NA,NA,Intron,FALSE,FALSE,FALSE,FALSE,4,2,2,2_2,e5c89fcf-cc57-4fad-a138-ea47ee9ea225,NA
1,86603804,86603804,1,snv_mnv,NA,NA,"broad,dkfz,muse,sanger",4,COSN10055302,NA,L2b,FALSE,0.2771,NA,23,60,NA,NA,NA,Intron,FALSE,FALSE,FALSE,FALSE,4,2,2,2_2,e5c89fcf-cc57-4fad-a138-ea47ee9ea225,NA
1,87126335,87126335,1,snv_mnv,NA,NA,"broad,dkfz,muse,sanger",4,COSN10055381,NA,L1PA6,FALSE,0.2833,NA,17,43,NA,NA,NA,RNA,FALSE,FALSE,FALSE,FALSE,4,2,2,2_2,e5c89fcf-cc57-4fad-a138-ea47ee9ea225,NA
1,87959426,87959426,1,snv_mnv,NA,NA,"broad,muse,sanger",3,COSN10055504,NA,L2a,FALSE,0.3,NA,18,42,NA,NA,NA,IGR,FALSE,FALSE,FALSE,FALSE,4,2,2,2_2,e5c89fcf-cc57-4fad-a138-ea47ee9ea225,NA
1,88117139,88117139,1,snv_mnv,NA,NA,"broad,dkfz,muse,sanger",4,COSN10055535,NA,NA,FALSE,0.2462,NA,16,49,NA,NA,NA,IGR,FALSE,FALSE,FALSE,FALSE,4,2,2,2_2,e5c89fcf-cc57-4fad-a138-ea47ee9ea225,NA
1,88550800,88550800,1,snv_mnv,NA,NA,"broad,dkfz,muse,sanger",4,COSN10055602,NA,L1PA8A,FALSE,0.2405,NA,19,60,NA,NA,NA,IGR,FALSE,FALSE,FALSE,FALSE,4,2,2,2_2,e5c89fcf-cc57-4fad-a138-ea47ee9ea225,NA
1,90257336,90257336,1,snv_mnv,NA,NA,"broad,dkfz,muse,sanger",4,COSN10055868,NA,MLT1J,FALSE,0.3611,NA,13,23,NA,NA,NA,Intron,FALSE,FALSE,FALSE,FALSE,4,2,2,2_2,e5c89fcf-cc57-4fad-a138-ea47ee9ea225,AC099568.1
1,90295659,90295659,1,snv_mnv,NA,NA,"broad,dkfz,muse,sanger",4,COSN10055876,NA,NA,FALSE,0.3176,NA,27,58,NA,NA,NA,Intron,FALSE,FALSE,FALSE,FALSE,4,2,2,2_2,e5c89fcf-cc57-4fad-a138-ea47ee9ea225,LRRC8D
1,90295695,90295695,1,snv_mnv,NA,NA,"broad,dkfz,muse,sanger",4,COSN10055877,NA,NA,FALSE,0.3385,NA,22,43,NA,NA,NA,Intron,FALSE,FALSE,FALSE,FALSE,4,2,2,2_2,e5c89fcf-cc57-4fad-a138-ea47ee9ea225,LRRC8D
1,91119887,91119887,1,snv_mnv,NA,NA,"broad,dkfz,muse,sanger",4,COSN10056011,NA,MLT1E1,FALSE,0.303,NA,20,46,NA,NA,NA,IGR,FALSE,FALSE,FALSE,FALSE,4,2,2,2_2,e5c89fcf-cc57-4fad-a138-ea47ee9ea225,SNORD3G
1,91220585,91220585,1,snv_mnv,NA,NA,"broad,dkfz,muse,sanger",4,COSN10056038,NA,MER5A1,FALSE,0.2609,NA,12,34,NA,NA,NA,IGR,FALSE,FALSE,FALSE,FALSE,4,2,2,2_2,e5c89fcf-cc57-4fad-a138-ea47ee9ea225,NA
1,92809737,92809737,1,snv_mnv,NA,NA,"broad,dkfz,muse,sanger",4,COSN10056268,NA,AluSz,FALSE,0.3393,NA,19,37,NA,NA,NA,Intron,FALSE,FALSE,FALSE,FALSE,4,2,2,2_2,e5c89fcf-cc57-4fad-a138-ea47ee9ea225,NA
1,92983827,92983827,1,snv_mnv,NA,NA,"broad,dkfz,muse,sanger",4,COSN10056288,NA,NA,FALSE,0.2698,NA,17,46,NA,NA,NA,Intron,FALSE,FALSE,FALSE,FALSE,4,2,2,2_2,e5c89fcf-cc57-4fad-a138-ea47ee9ea225,NA
1,93592144,93592144,1,snv_mnv,NA,NA,"broad,dkfz,muse,sanger",4,COSN10056374,NA,NA,FALSE,0.2857,NA,18,45,NA,NA,NA,Intron,FALSE,FALSE,FALSE,FALSE,4,2,2,2_2,e5c89fcf-cc57-4fad-a138-ea47ee9ea225,MTF2
1,96154025,96154025,1,snv_mnv,NA,NA,"broad,dkfz,muse,sanger",4,COSN10056729,NA,NA,FALSE,NA,NA,NA,NA,NA,NA,NA,IGR,FALSE,FALSE,FALSE,FALSE,4,2,2,2_2,e5c89fcf-cc57-4fad-a138-ea47ee9ea225,NA
1,96154058,96154058,1,snv_mnv,NA,NA,"broad,dkfz,muse,sanger",4,COSN10056730,NA,NA,FALSE,0.1754,NA,10,47,NA,NA,NA,IGR,FALSE,FALSE,FALSE,FALSE,4,2,2,2_2,e5c89fcf-cc57-4fad-a138-ea47ee9ea225,NA
1,96523299,96523299,1,snv_mnv,NA,NA,"broad,dkfz,muse,sanger",4,COSN10056810,NA,NA,FALSE,0.4286,NA,15,20,NA,NA,NA,IGR,FALSE,FALSE,FALSE,FALSE,4,2,2,2_2,e5c89fcf-cc57-4fad-a138-ea47ee9ea225,NA
1,96594837,96594837,1,snv_mnv,NA,NA,"broad,dkfz,muse,sanger",4,COSN10056828,NA,NA,FALSE,0.3788,NA,25,41,NA,NA,NA,IGR,FALSE,FALSE,FALSE,FALSE,4,2,2,2_2,e5c89fcf-cc57-4fad-a138-ea47ee9ea225,NA
1,96652112,96652112,1,snv_mnv,NA,NA,"broad,dkfz,muse,sanger",4,COSN10056853,NA,MIR,FALSE,0.2817,NA,20,51,NA,NA,NA,IGR,FALSE,FALSE,FALSE,FALSE,4,2,2,2_2,e5c89fcf-cc57-4fad-a138-ea47ee9ea225,NA
1,96811010,96811010,1,snv_mnv,NA,NA,"broad,dkfz,muse,sanger",4,COSN10056897,NA,NA,FALSE,0.3276,NA,19,39,NA,NA,NA,lincRNA,FALSE,FALSE,FALSE,FALSE,4,2,2,2_2,e5c89fcf-cc57-4fad-a138-ea47ee9ea225,NA
1,97136619,97136619,1,snv_mnv,NA,NA,"broad,dkfz,muse,sanger",4,COSN10056984,NA,THE1D,FALSE,0.2857,NA,16,40,NA,NA,NA,IGR,FALSE,FALSE,FALSE,FALSE,4,2,2,2_2,e5c89fcf-cc57-4fad-a138-ea47ee9ea225,NA
1,97455512,97455512,1,snv_mnv,NA,NA,"broad,dkfz,muse,sanger",4,COSN10057040,NA,NA,FALSE,0.3158,NA,12,26,NA,NA,NA,IGR,FALSE,FALSE,FALSE,FALSE,4,2,2,2_2,e5c89fcf-cc57-4fad-a138-ea47ee9ea225,NA
1,97476642,97476642,1,snv_mnv,NA,NA,"broad,dkfz,muse,sanger",4,COSN10057045,NA,NA,FALSE,0.3148,NA,17,37,NA,NA,NA,IGR,FALSE,FALSE,FALSE,FALSE,4,2,2,2_2,e5c89fcf-cc57-4fad-a138-ea47ee9ea225,NA
1,97484141,97484141,1,snv_mnv,1.9968e-4,rs182135272,"broad,dkfz,muse,sanger",4,COSN10057047,rs182135272,L1MA6,FALSE,0.2836,NA,19,48,NA,NA,NA,IGR,FALSE,FALSE,FALSE,FALSE,4,2,2,2_2,e5c89fcf-cc57-4fad-a138-ea47ee9ea225,NA
1,97762363,97762363,1,snv_mnv,NA,NA,"broad,dkfz,muse,sanger",4,COSN10057105,NA,Charlie2b,FALSE,0.3247,NA,25,52,NA,NA,NA,Intron,FALSE,FALSE,FALSE,FALSE,4,2,2,2_2,e5c89fcf-cc57-4fad-a138-ea47ee9ea225,DPYD-AS1
1,97972446,97972446,1,snv_mnv,NA,NA,"broad,dkfz,muse,sanger",4,COSN10057138,NA,NA,FALSE,0.2267,NA,17,58,NA,NA,NA,Intron,FALSE,FALSE,FALSE,FALSE,4,2,2,2_2,e5c89fcf-cc57-4fad-a138-ea47ee9ea225,NA
1,98000962,98000962,1,snv_mnv,NA,NA,"broad,dkfz,muse,sanger",4,COSN10057148,NA,NA,FALSE,0.2549,NA,13,38,NA,NA,NA,Intron,FALSE,FALSE,FALSE,FALSE,4,2,2,2_2,e5c89fcf-cc57-4fad-a138-ea47ee9ea225,NA
1,98151837,98151837,1,snv_mnv,NA,NA,"broad,dkfz,muse,sanger",4,COSN10057175,NA,L1PA10,FALSE,0.2979,NA,14,33,NA,NA,NA,Intron,FALSE,FALSE,FALSE,FALSE,4,2,2,2_2,e5c89fcf-cc57-4fad-a138-ea47ee9ea225,DPYD
1,98552457,98552457,1,snv_mnv,NA,NA,"broad,dkfz,muse,sanger",4,COSN10057246,NA,L2b,FALSE,0.3051,NA,18,41,NA,NA,NA,IGR,FALSE,FALSE,FALSE,FALSE,4,2,2,2_2,e5c89fcf-cc57-4fad-a138-ea47ee9ea225,NA
1,98651814,98651814,1,snv_mnv,NA,NA,"broad,dkfz,muse,sanger",4,COSN10057275,NA,NA,FALSE,0.3188,NA,22,47,NA,NA,NA,IGR,FALSE,FALSE,FALSE,FALSE,4,2,2,2_2,e5c89fcf-cc57-4fad-a138-ea47ee9ea225,NA
1,98816174,98816174,1,snv_mnv,NA,NA,"broad,dkfz,muse,sanger",4,COSN15584799,NA,NA,FALSE,0.2069,NA,12,46,NA,NA,NA,IGR,FALSE,FALSE,FALSE,FALSE,4,2,2,2_2,e5c89fcf-cc57-4fad-a138-ea47ee9ea225,NA
1,100033849,100033849,1,snv_mnv,NA,NA,"broad,dkfz,muse,sanger",4,COSN9358179,NA,L1MDa,FALSE,0.2167,NA,13,47,NA,NA,NA,IGR,FALSE,FALSE,FALSE,FALSE,4,2,2,2_2,e5c89fcf-cc57-4fad-a138-ea47ee9ea225,NA
1,102167944,102167944,1,snv_mnv,NA,NA,"broad,dkfz,muse,sanger",4,COSN9358479,NA,MIR,FALSE,0.2179,NA,17,61,NA,NA,NA,IGR,FALSE,FALSE,FALSE,FALSE,4,2,2,2_2,e5c89fcf-cc57-4fad-a138-ea47ee9ea225,NA
1,102541594,102541594,1,snv_mnv,5.9904e-4,rs549358412,"broad,dkfz,muse,sanger",4,COSN9358580,rs549358412,L2a,FALSE,0.2791,NA,24,62,NA,NA,NA,IGR,FALSE,FALSE,FALSE,FALSE,4,2,2,2_2,e5c89fcf-cc57-4fad-a138-ea47ee9ea225,NA
1,102624909,102624909,1,snv_mnv,NA,NA,"broad,dkfz,muse,sanger",4,COSN9358602,NA,L1ME2,FALSE,0.2222,NA,16,56,NA,NA,NA,IGR,FALSE,FALSE,FALSE,FALSE,4,2,2,2_2,e5c89fcf-cc57-4fad-a138-ea47ee9ea225,NA
1,102712763,102712763,1,snv_mnv,NA,NA,"broad,dkfz,muse,sanger",4,COSN9358633,NA,L1M5,FALSE,0.2785,NA,22,57,NA,NA,NA,lincRNA,FALSE,FALSE,FALSE,FALSE,4,2,2,2_2,e5c89fcf-cc57-4fad-a138-ea47ee9ea225,NA
1,102712774,102712774,1,snv_mnv,NA,NA,"broad,dkfz,muse,sanger",4,COSN9358634,NA,L1M5,FALSE,0.2405,NA,19,60,NA,NA,NA,lincRNA,FALSE,FALSE,FALSE,FALSE,4,2,2,2_2,e5c89fcf-cc57-4fad-a138-ea47ee9ea225,NA
1,102752920,102752920,1,snv_mnv,0.0021965,rs141622510,"broad,dkfz,muse,sanger",4,COSN9358651,rs141622510,L1MA1,FALSE,0.2373,NA,14,45,NA,NA,NA,lincRNA,FALSE,FALSE,FALSE,FALSE,4,2,2,2_2,e5c89fcf-cc57-4fad-a138-ea47ee9ea225,NA
1,102898237,102898237,1,snv_mnv,NA,NA,"broad,dkfz,muse,sanger",4,COSN9358693,NA,L1M4c,FALSE,0.3617,NA,17,30,NA,NA,NA,IGR,FALSE,FALSE,FALSE,FALSE,4,2,2,2_2,e5c89fcf-cc57-4fad-a138-ea47ee9ea225,NA
1,102898238,102898238,1,snv_mnv,NA,NA,"broad,dkfz,muse,sanger",4,COSN9358694,NA,L1M4c,FALSE,0.3778,NA,17,28,NA,NA,NA,IGR,FALSE,FALSE,FALSE,FALSE,4,2,2,2_2,e5c89fcf-cc57-4fad-a138-ea47ee9ea225,NA
1,102941243,102941243,1,snv_mnv,NA,NA,"broad,dkfz,muse,sanger",4,COSN9358702,NA,L1M4,FALSE,0.3175,NA,20,43,NA,NA,NA,IGR,FALSE,FALSE,FALSE,FALSE,4,2,2,2_2,e5c89fcf-cc57-4fad-a138-ea47ee9ea225,NA
1,103085316,103085316,1,snv_mnv,NA,NA,"broad,dkfz,muse,sanger",4,COSN9358774,NA,L1PA12,FALSE,0.3284,NA,22,45,NA,NA,NA,IGR,FALSE,FALSE,FALSE,FALSE,4,2,2,2_2,e5c89fcf-cc57-4fad-a138-ea47ee9ea225,NA
1,103309884,103309884,1,snv_mnv,NA,NA,"broad,dkfz,muse,sanger",4,COSN9358843,NA,L1MA2,FALSE,0.197,NA,13,53,NA,NA,NA,lincRNA,FALSE,FALSE,FALSE,FALSE,4,2,2,2_2,e5c89fcf-cc57-4fad-a138-ea47ee9ea225,NA
1,103607689,103607689,1,snv_mnv,NA,NA,"broad,dkfz,muse,sanger",4,COSN9358915,NA,NA,FALSE,0.25,NA,16,48,NA,NA,NA,IGR,FALSE,FALSE,FALSE,FALSE,4,2,2,2_2,e5c89fcf-cc57-4fad-a138-ea47ee9ea225,NA
1,103672233,103672233,1,snv_mnv,NA,NA,"broad,dkfz,muse,sanger",4,COSN9358936,NA,NA,FALSE,0.3571,NA,30,54,NA,NA,NA,IGR,FALSE,FALSE,FALSE,FALSE,4,2,2,2_2,e5c89fcf-cc57-4fad-a138-ea47ee9ea225,NA
1,103695312,103695312,1,snv_mnv,NA,NA,"broad,dkfz,muse,sanger",4,COSN9358946,NA,MIRb,FALSE,0.3125,NA,25,55,NA,NA,NA,IGR,FALSE,FALSE,FALSE,FALSE,4,2,2,2_2,e5c89fcf-cc57-4fad-a138-ea47ee9ea225,NA
1,103778567,103778567,1,snv_mnv,NA,NA,"broad,dkfz,muse,sanger",4,COSN9358964,NA,NA,FALSE,0.2,NA,13,52,NA,NA,NA,IGR,FALSE,FALSE,FALSE,FALSE,4,2,2,2_2,e5c89fcf-cc57-4fad-a138-ea47ee9ea225,NA
1,104345111,104345111,1,snv_mnv,NA,NA,"broad,dkfz,muse,sanger",4,COSN9359015,NA,NA,FALSE,0.3026,NA,23,53,NA,NA,NA,IGR,FALSE,FALSE,FALSE,FALSE,4,2,2,2_2,e5c89fcf-cc57-4fad-a138-ea47ee9ea225,NA
1,104345112,104345112,1,snv_mnv,NA,NA,"broad,dkfz,muse,sanger",4,COSN9359016,NA,NA,FALSE,0.3026,NA,23,53,NA,NA,NA,IGR,FALSE,FALSE,FALSE,FALSE,4,2,2,2_2,e5c89fcf-cc57-4fad-a138-ea47ee9ea225,NA
1,104588583,104588583,1,snv_mnv,NA,NA,"broad,dkfz,muse,sanger",4,COSN9359118,NA,L1PA15-16,FALSE,0.266,NA,25,69,NA,NA,NA,IGR,FALSE,FALSE,FALSE,FALSE,4,2,2,2_2,e5c89fcf-cc57-4fad-a138-ea47ee9ea225,NA
1,104856016,104856016,1,snv_mnv,NA,NA,"broad,dkfz,muse,sanger",4,COSN9359216,NA,NA,FALSE,0.22,NA,11,39,NA,NA,NA,IGR,FALSE,FALSE,FALSE,FALSE,4,2,2,2_2,e5c89fcf-cc57-4fad-a138-ea47ee9ea225,NA
1,105559381,105559381,1,snv_mnv,NA,NA,"broad,dkfz,muse,sanger",4,COSN9359441,NA,NA,FALSE,0.4364,NA,24,31,NA,NA,NA,IGR,FALSE,FALSE,FALSE,FALSE,4,2,2,2_2,e5c89fcf-cc57-4fad-a138-ea47ee9ea225,NA
1,105652623,105652623,1,snv_mnv,NA,NA,"broad,dkfz,muse,sanger",4,COSN9359472,NA,HERV9-int,FALSE,0.3061,NA,15,34,NA,NA,NA,IGR,FALSE,FALSE,FALSE,FALSE,4,2,2,2_2,e5c89fcf-cc57-4fad-a138-ea47ee9ea225,NA
1,105811445,105811445,1,snv_mnv,NA,NA,"broad,dkfz,muse,sanger",4,COSN9359520,NA,L1PA16,FALSE,0.2553,NA,12,35,NA,NA,NA,IGR,FALSE,FALSE,FALSE,FALSE,4,2,2,2_2,e5c89fcf-cc57-4fad-a138-ea47ee9ea225,NA
1,106047867,106047867,1,snv_mnv,NA,NA,"broad,dkfz,muse,sanger",4,COSN9359586,NA,L1PA8A,FALSE,0.2759,NA,24,63,NA,NA,NA,IGR,FALSE,FALSE,FALSE,FALSE,4,2,2,2_2,e5c89fcf-cc57-4fad-a138-ea47ee9ea225,NA
1,106193665,106193665,1,snv_mnv,NA,NA,"broad,dkfz,muse,sanger",4,COSN9359621,NA,NA,FALSE,0.2727,NA,15,40,NA,NA,NA,IGR,FALSE,FALSE,FALSE,FALSE,4,2,2,2_2,e5c89fcf-cc57-4fad-a138-ea47ee9ea225,NA
1,106297700,106297700,1,snv_mnv,NA,NA,"broad,dkfz,muse,sanger",4,COSN9359645,NA,HERVL-int,FALSE,0.2881,NA,17,42,NA,NA,NA,IGR,FALSE,FALSE,FALSE,FALSE,4,2,2,2_2,e5c89fcf-cc57-4fad-a138-ea47ee9ea225,NA
1,106443059,106443059,1,snv_mnv,NA,NA,"broad,dkfz,muse,sanger",4,COSN9359676,NA,LOR1-int,FALSE,0.2651,NA,22,61,NA,NA,NA,IGR,FALSE,FALSE,FALSE,FALSE,4,2,2,2_2,e5c89fcf-cc57-4fad-a138-ea47ee9ea225,NA
1,107079425,107079425,1,snv_mnv,NA,NA,"broad,dkfz,muse,sanger",4,COSN9359847,NA,NA,FALSE,0.2683,NA,22,60,NA,NA,NA,IGR,FALSE,FALSE,FALSE,FALSE,4,2,2,2_2,e5c89fcf-cc57-4fad-a138-ea47ee9ea225,NA
1,107178188,107178188,1,snv_mnv,NA,NA,"broad,dkfz,muse,sanger",4,COSN15585047,NA,BLACKJACK,FALSE,0.2632,NA,15,42,NA,NA,NA,IGR,FALSE,FALSE,FALSE,FALSE,4,2,2,2_2,e5c89fcf-cc57-4fad-a138-ea47ee9ea225,NA
1,107202702,107202702,1,snv_mnv,NA,NA,"broad,dkfz,muse,sanger",4,COSN9359888,NA,L1MA1,FALSE,0.2553,NA,12,35,NA,NA,NA,IGR,FALSE,FALSE,FALSE,FALSE,4,2,2,2_2,e5c89fcf-cc57-4fad-a138-ea47ee9ea225,NA
1,107854755,107854755,1,snv_mnv,NA,NA,"broad,dkfz,muse,sanger",4,COSN9360063,NA,L2,FALSE,0.3393,NA,19,37,NA,NA,NA,Intron,FALSE,FALSE,FALSE,FALSE,4,2,2,2_2,e5c89fcf-cc57-4fad-a138-ea47ee9ea225,NA
1,107882740,107882740,1,snv_mnv,NA,NA,"broad,dkfz,muse,sanger",4,COSN9360072,NA,NA,FALSE,0.2078,NA,16,61,NA,NA,NA,Intron,FALSE,FALSE,FALSE,FALSE,4,2,2,2_2,e5c89fcf-cc57-4fad-a138-ea47ee9ea225,NA
1,107938205,107938205,1,snv_mnv,NA,NA,"broad,dkfz,muse,sanger",4,COSN9360096,NA,NA,FALSE,0.2466,NA,18,55,NA,NA,NA,Intron,FALSE,FALSE,FALSE,FALSE,4,2,2,2_2,e5c89fcf-cc57-4fad-a138-ea47ee9ea225,NA
1,108083709,108083709,1,snv_mnv,NA,NA,"broad,dkfz,muse,sanger",4,COSN9360115,rs768578395,L2b,FALSE,0.3103,NA,18,40,NA,NA,NA,IGR,FALSE,FALSE,FALSE,FALSE,4,2,2,2_2,e5c89fcf-cc57-4fad-a138-ea47ee9ea225,NA
1,108318444,108318444,1,snv_mnv,NA,NA,"broad,dkfz,muse,sanger",4,COSN9360148,NA,NA,FALSE,0.2542,NA,15,44,NA,NA,NA,Intron,FALSE,FALSE,FALSE,FALSE,4,2,2,2_2,e5c89fcf-cc57-4fad-a138-ea47ee9ea225,NA
1,109767263,109767263,1,snv_mnv,NA,NA,"broad,dkfz,muse,sanger",4,COSN9360324,NA,L2b,FALSE,0.2308,NA,9,30,NA,NA,NA,Intron,FALSE,FALSE,FALSE,FALSE,4,2,2,2_2,e5c89fcf-cc57-4fad-a138-ea47ee9ea225,NA
1,109824792,109824792,1,snv_mnv,NA,NA,"broad,dkfz,muse,sanger",4,COSN9360329,NA,NA,FALSE,0.4074,NA,11,16,NA,NA,NA,Intron,FALSE,FALSE,FALSE,FALSE,4,2,2,2_2,e5c89fcf-cc57-4fad-a138-ea47ee9ea225,PSRC1
1,110311084,110311084,1,snv_mnv,NA,NA,"broad,dkfz,muse,sanger",4,COSN9360393,NA,L2c,FALSE,0.3429,NA,12,23,NA,NA,NA,RNA,FALSE,FALSE,FALSE,FALSE,4,2,2,2_2,e5c89fcf-cc57-4fad-a138-ea47ee9ea225,EPS8L3
1,110547320,110547320,1,snv_mnv,NA,NA,"broad,dkfz,muse,sanger",4,COSN9360420,NA,FLAM_A,FALSE,0.2241,NA,13,45,NA,NA,NA,Intron,FALSE,FALSE,FALSE,FALSE,4,2,2,2_2,e5c89fcf-cc57-4fad-a138-ea47ee9ea225,NA
1,111049962,111049962,1,snv_mnv,NA,NA,"broad,dkfz,muse,sanger",4,COSN9360487,NA,L2c,FALSE,0.2653,NA,13,36,NA,NA,NA,IGR,FALSE,FALSE,FALSE,FALSE,4,2,2,2_2,e5c89fcf-cc57-4fad-a138-ea47ee9ea225,NA
1,112673835,112673835,1,snv_mnv,NA,NA,"broad,dkfz,muse,sanger",4,COSN9360757,rs761652011,HERVL-int,FALSE,0.381,NA,16,26,NA,NA,NA,IGR,FALSE,FALSE,FALSE,FALSE,4,2,2,2_2,e5c89fcf-cc57-4fad-a138-ea47ee9ea225,NA
1,112814436,112814436,1,snv_mnv,NA,NA,"broad,dkfz,muse,sanger",4,COSN9360782,NA,NA,FALSE,0.2712,NA,16,43,NA,NA,NA,lincRNA,FALSE,FALSE,FALSE,FALSE,4,2,2,2_2,e5c89fcf-cc57-4fad-a138-ea47ee9ea225,NA
1,113063280,113063280,1,snv_mnv,NA,NA,"broad,dkfz,muse,sanger",4,COSN9360820,NA,NA,FALSE,0.4222,NA,19,26,NA,NA,NA,3'UTR,FALSE,FALSE,FALSE,FALSE,4,2,2,2_2,e5c89fcf-cc57-4fad-a138-ea47ee9ea225,"AL354760.1,ST7L,WNT2B"
1,114262840,114262840,1,snv_mnv,NA,NA,"broad,dkfz,muse,sanger",4,COSN9360962,NA,L1M1,FALSE,0.1967,NA,12,49,NA,NA,NA,Intron,FALSE,FALSE,FALSE,FALSE,4,2,2,2_2,e5c89fcf-cc57-4fad-a138-ea47ee9ea225,NA
1,115945381,115945381,1,snv_mnv,1.9968e-4,rs544994216,"broad,dkfz,muse,sanger",4,COSN9361218,rs544994216,NA,FALSE,0.254,NA,16,47,NA,NA,NA,IGR,FALSE,FALSE,FALSE,FALSE,4,2,2,2_2,e5c89fcf-cc57-4fad-a138-ea47ee9ea225,NA
1,116192064,116192064,1,snv_mnv,NA,NA,"broad,dkfz,muse,sanger",4,COSN9361273,NA,NA,FALSE,0.375,NA,12,20,NA,NA,NA,Intron,FALSE,FALSE,FALSE,FALSE,4,2,2,2_2,e5c89fcf-cc57-4fad-a138-ea47ee9ea225,VANGL1
1,116498218,116498218,1,snv_mnv,NA,NA,"broad,dkfz,muse,sanger",4,COSN9361334,NA,L2b,FALSE,0.3171,NA,13,28,NA,NA,NA,IGR,FALSE,FALSE,FALSE,FALSE,4,2,2,2_2,e5c89fcf-cc57-4fad-a138-ea47ee9ea225,NA
1,116742882,116742882,1,snv_mnv,NA,NA,"broad,dkfz,muse,sanger",4,COSN9361368,NA,NA,FALSE,0.3514,NA,13,24,NA,NA,NA,IGR,FALSE,FALSE,FALSE,FALSE,4,2,2,2_2,e5c89fcf-cc57-4fad-a138-ea47ee9ea225,NA
1,117255473,117255473,1,snv_mnv,NA,NA,"broad,dkfz,muse,sanger",4,COSN9361448,NA,LTR36,FALSE,0.2558,NA,11,32,NA,NA,NA,IGR,FALSE,FALSE,FALSE,FALSE,4,2,2,2_2,e5c89fcf-cc57-4fad-a138-ea47ee9ea225,GAPDHP64
1,118167297,118167297,1,snv_mnv,NA,NA,"broad,dkfz,muse,sanger",4,COSN9361569,NA,NA,FALSE,0.3088,NA,21,47,NA,NA,NA,3'UTR,FALSE,FALSE,FALSE,FALSE,4,2,2,2_2,e5c89fcf-cc57-4fad-a138-ea47ee9ea225,NA
1,118400869,118400869,1,snv_mnv,NA,NA,"broad,dkfz,muse,sanger",4,COSN9361593,NA,Tigger1,FALSE,0.3111,NA,14,31,NA,NA,NA,IGR,FALSE,FALSE,FALSE,FALSE,4,2,2,2_2,e5c89fcf-cc57-4fad-a138-ea47ee9ea225,NA
1,119209324,119209324,1,snv_mnv,NA,NA,"broad,dkfz,muse,sanger",4,COSN9361721,NA,L1PA16,FALSE,0.2881,NA,17,42,NA,NA,NA,IGR,FALSE,FALSE,FALSE,FALSE,4,2,2,2_2,e5c89fcf-cc57-4fad-a138-ea47ee9ea225,NA
1,119220832,119220832,1,snv_mnv,NA,NA,"broad,dkfz,muse,sanger",4,COSN9361723,NA,L2a,FALSE,0.28,NA,14,36,NA,NA,NA,IGR,FALSE,FALSE,FALSE,FALSE,4,2,2,2_2,e5c89fcf-cc57-4fad-a138-ea47ee9ea225,NA
1,120431060,120431060,1,snv_mnv,NA,NA,"broad,dkfz,muse,sanger",4,COSN9361894,NA,L1MB2,FALSE,0.25,NA,18,54,NA,NA,NA,IGR,FALSE,FALSE,FALSE,FALSE,4,2,2,2_2,e5c89fcf-cc57-4fad-a138-ea47ee9ea225,NOTCH2P1
1,146855692,146855692,1,snv_mnv,NA,NA,"broad,dkfz,muse,sanger",4,COSN9362773,NA,CR1_Mam,FALSE,0.1864,NA,11,48,NA,NA,NA,IGR,FALSE,FALSE,FALSE,FALSE,4,2,2,2_2,e5c89fcf-cc57-4fad-a138-ea47ee9ea225,NA
1,152704532,152704532,1,snv_mnv,NA,NA,"broad,dkfz,muse,sanger",4,COSN15585453,NA,NA,FALSE,0.2564,NA,10,29,NA,NA,NA,IGR,FALSE,FALSE,FALSE,FALSE,4,2,2,2_2,e5c89fcf-cc57-4fad-a138-ea47ee9ea225,NA
1,153129786,153129786,1,snv_mnv,NA,NA,"broad,dkfz,muse,sanger",4,COSN15585248,NA,L1MC5,FALSE,0.2045,NA,9,35,NA,NA,NA,IGR,FALSE,FALSE,FALSE,FALSE,4,2,2,2_2,e5c89fcf-cc57-4fad-a138-ea47ee9ea225,NA
1,154967510,154967510,1,snv_mnv,NA,NA,"broad,dkfz,muse,sanger",4,COSN9363728,NA,NA,FALSE,0.3478,NA,8,15,NA,NA,NA,IGR,FALSE,FALSE,FALSE,FALSE,4,2,2,2_2,e5c89fcf-cc57-4fad-a138-ea47ee9ea225,"FLAD1,LENEP"
1,157002184,157002184,1,snv_mnv,NA,NA,"broad,dkfz,muse,sanger",4,COSN9363966,NA,MER5A,FALSE,0.3115,NA,19,42,NA,NA,NA,Intron,FALSE,FALSE,FALSE,FALSE,4,2,2,2_2,e5c89fcf-cc57-4fad-a138-ea47ee9ea225,NA
1,157255044,157255044,1,snv_mnv,NA,NA,"broad,dkfz,muse,sanger",4,COSN9364002,rs369536041,NA,FALSE,0.3214,NA,18,38,NA,NA,NA,lincRNA,FALSE,FALSE,FALSE,FALSE,4,2,2,2_2,e5c89fcf-cc57-4fad-a138-ea47ee9ea225,"AL138900.2,AL138900.3"
1,157821557,157821557,1,snv_mnv,NA,NA,"broad,dkfz,muse,sanger",4,COSN9364108,NA,NA,FALSE,0.2241,NA,13,45,NA,NA,NA,Intron,FALSE,FALSE,FALSE,FALSE,4,2,2,2_2,e5c89fcf-cc57-4fad-a138-ea47ee9ea225,NA
1,158376937,158376937,1,snv_mnv,NA,NA,"broad,dkfz,muse,sanger",4,COSN9364201,NA,ERVL-E-int,FALSE,0.25,NA,12,36,NA,NA,NA,IGR,FALSE,FALSE,FALSE,FALSE,4,2,2,2_2,e5c89fcf-cc57-4fad-a138-ea47ee9ea225,NA
1,158710321,158710321,1,snv_mnv,NA,NA,"broad,dkfz,muse,sanger",4,COSN9364280,NA,NA,FALSE,0.2787,NA,17,44,NA,NA,NA,IGR,FALSE,FALSE,FALSE,FALSE,4,2,2,2_2,e5c89fcf-cc57-4fad-a138-ea47ee9ea225,OR6K5P
1,159387577,159387577,1,snv_mnv,NA,NA,"broad,dkfz,muse,sanger",4,COSN15585242,NA,THE1B-int,FALSE,0.193,NA,11,46,NA,NA,NA,RNA,FALSE,FALSE,FALSE,FALSE,4,2,2,2_2,e5c89fcf-cc57-4fad-a138-ea47ee9ea225,NA
1,160311215,160311215,1,snv_mnv,NA,NA,"broad,dkfz,muse,sanger",4,COSN9364505,NA,L1ME4a,FALSE,0.2857,NA,16,40,NA,NA,NA,Intron,FALSE,FALSE,FALSE,FALSE,4,2,2,2_2,e5c89fcf-cc57-4fad-a138-ea47ee9ea225,"NCSTN,COPA"
1,160391726,160391726,1,snv_mnv,NA,NA,"broad,dkfz,muse,sanger",4,COSN9364513,NA,NA,FALSE,0.3396,NA,18,35,NA,NA,NA,Intron,FALSE,FALSE,FALSE,FALSE,4,2,2,2_2,e5c89fcf-cc57-4fad-a138-ea47ee9ea225,NA
1,160413699,160413699,1,snv_mnv,NA,NA,"broad,dkfz,muse,sanger",4,COSN9364517,rs760322585,L1PB3,FALSE,0.25,NA,13,39,NA,NA,NA,IGR,FALSE,FALSE,FALSE,FALSE,4,2,2,2_2,e5c89fcf-cc57-4fad-a138-ea47ee9ea225,NA
1,160507010,160507010,1,snv_mnv,NA,NA,"broad,dkfz,muse,sanger",4,COSN9364539,NA,NA,FALSE,0.3036,NA,17,39,NA,NA,NA,RNA,FALSE,FALSE,FALSE,FALSE,4,2,2,2_2,e5c89fcf-cc57-4fad-a138-ea47ee9ea225,CD84
1,161189929,161189929,1,snv_mnv,NA,NA,"broad,dkfz,muse,sanger",4,COSN9364630,NA,MIRb,FALSE,0.2742,NA,17,45,NA,NA,NA,IGR,FALSE,FALSE,FALSE,FALSE,4,2,2,2_2,e5c89fcf-cc57-4fad-a138-ea47ee9ea225,"APOA2,FCER1G"
1,161761201,161761201,1,snv_mnv,NA,NA,"broad,dkfz,muse,sanger",4,COSM4140904,NA,NA,FALSE,0.2698,NA,17,46,NA,NA,NA,Missense_Mutation,FALSE,FALSE,FALSE,FALSE,4,2,2,2_2,e5c89fcf-cc57-4fad-a138-ea47ee9ea225,NA
1,162741816,162741816,1,snv_mnv,NA,NA,"broad,dkfz,muse,sanger",4,COSM4140910,NA,NA,FALSE,0.2973,NA,11,26,NA,NA,NA,Missense_Mutation,FALSE,FALSE,FALSE,FALSE,4,2,2,2_2,e5c89fcf-cc57-4fad-a138-ea47ee9ea225,DDR2
1,163238870,163238870,1,snv_mnv,NA,NA,"broad,dkfz,muse,sanger",4,COSN9364880,NA,NA,FALSE,0.2545,NA,14,41,NA,NA,NA,Intron,FALSE,FALSE,FALSE,FALSE,4,2,2,2_2,e5c89fcf-cc57-4fad-a138-ea47ee9ea225,NA
1,163768596,163768596,1,snv_mnv,NA,NA,"broad,dkfz,muse,sanger",4,COSN9364980,NA,NA,FALSE,0.3478,NA,16,30,NA,NA,NA,IGR,FALSE,FALSE,FALSE,FALSE,4,2,2,2_2,e5c89fcf-cc57-4fad-a138-ea47ee9ea225,NA
1,164810229,164810229,1,snv_mnv,NA,NA,"broad,dkfz,muse,sanger",4,COSN9365159,NA,L2b,FALSE,0.3333,NA,18,36,NA,NA,NA,Intron,FALSE,FALSE,FALSE,FALSE,4,2,2,2_2,e5c89fcf-cc57-4fad-a138-ea47ee9ea225,NA
1,166266878,166266878,1,snv_mnv,NA,NA,"broad,dkfz,muse,sanger",4,COSN9365403,NA,LTR85a,FALSE,0.3243,NA,12,25,NA,NA,NA,IGR,FALSE,FALSE,FALSE,FALSE,4,2,2,2_2,e5c89fcf-cc57-4fad-a138-ea47ee9ea225,NA
1,166782354,166782354,1,snv_mnv,NA,NA,"broad,dkfz,muse,sanger",4,COSN9365520,NA,NA,FALSE,0.2468,NA,19,58,NA,NA,NA,IGR,FALSE,FALSE,FALSE,FALSE,4,2,2,2_2,e5c89fcf-cc57-4fad-a138-ea47ee9ea225,NA
1,167037717,167037717,1,snv_mnv,NA,NA,"broad,dkfz,muse,sanger",4,COSN9365547,NA,NA,FALSE,0.2941,NA,10,24,NA,NA,NA,Intron,FALSE,FALSE,FALSE,FALSE,4,2,2,2_2,e5c89fcf-cc57-4fad-a138-ea47ee9ea225,NA
1,169538510,169538510,1,snv_mnv,NA,NA,"broad,dkfz,muse,sanger",4,COSN9365912,NA,NA,FALSE,0.3673,NA,18,31,NA,NA,NA,Intron,FALSE,FALSE,FALSE,FALSE,4,2,2,2_2,e5c89fcf-cc57-4fad-a138-ea47ee9ea225,NA
1,169847442,169847442,1,snv_mnv,NA,NA,"dkfz,sanger",2,COSN15584702,NA,NA,FALSE,0.2708,NA,13,35,NA,NA,NA,Intron,FALSE,FALSE,FALSE,TRUE,4,2,2,2_2,e5c89fcf-cc57-4fad-a138-ea47ee9ea225,NA
1,169997629,169997629,1,snv_mnv,NA,NA,"broad,dkfz,muse,sanger",4,COSN9365968,NA,AluSz,FALSE,0.4194,NA,13,18,NA,NA,NA,Intron,FALSE,FALSE,FALSE,FALSE,4,2,2,2_2,e5c89fcf-cc57-4fad-a138-ea47ee9ea225,AL356475.1
1,170561084,170561084,1,snv_mnv,NA,NA,"broad,dkfz,muse,sanger",4,COSN9366079,NA,NA,FALSE,0.1818,NA,10,45,NA,NA,NA,IGR,FALSE,FALSE,FALSE,FALSE,4,2,2,2_2,e5c89fcf-cc57-4fad-a138-ea47ee9ea225,AL162399.1
1,170855661,170855661,1,snv_mnv,7.9872e-4,rs180941752,"broad,dkfz,muse,sanger",4,COSN9366138,rs180941752,NA,FALSE,0.2647,NA,18,50,NA,NA,NA,IGR,FALSE,FALSE,FALSE,FALSE,4,2,2,2_2,e5c89fcf-cc57-4fad-a138-ea47ee9ea225,NA
1,171104946,171104946,1,snv_mnv,NA,NA,"broad,dkfz,muse,sanger",4,COSN9366196,NA,MIR3,FALSE,0.2373,NA,14,45,NA,NA,NA,5'Flank,FALSE,FALSE,FALSE,FALSE,4,2,2,2_2,e5c89fcf-cc57-4fad-a138-ea47ee9ea225,FMO6P
1,172582160,172582160,1,snv_mnv,NA,NA,"broad,dkfz,muse,sanger",4,COSN9366368,NA,NA,FALSE,0.2647,NA,18,50,NA,NA,NA,IGR,FALSE,FALSE,FALSE,FALSE,4,2,2,2_2,e5c89fcf-cc57-4fad-a138-ea47ee9ea225,"SUCO,RNU6-693P"
1,175038550,175038550,1,snv_mnv,NA,NA,"broad,dkfz,muse,sanger",4,COSN9366674,NA,NA,FALSE,0.2449,NA,12,37,NA,NA,NA,Intron,FALSE,FALSE,FALSE,FALSE,4,2,2,2_2,e5c89fcf-cc57-4fad-a138-ea47ee9ea225,NA
1,175274170,175274170,1,snv_mnv,NA,NA,"broad,dkfz,muse,sanger",4,COSN9366720,NA,LTR16C,FALSE,0.2826,NA,13,33,NA,NA,NA,RNA,FALSE,FALSE,FALSE,FALSE,4,2,2,2_2,e5c89fcf-cc57-4fad-a138-ea47ee9ea225,Z94057.1
1,176360748,176360748,1,snv_mnv,NA,NA,"broad,dkfz,muse,sanger",4,COSN15585252,NA,L1PA10,FALSE,0.2812,NA,9,23,NA,NA,NA,IGR,FALSE,FALSE,FALSE,FALSE,4,2,2,2_2,e5c89fcf-cc57-4fad-a138-ea47ee9ea225,NA
1,176713583,176713583,1,snv_mnv,NA,NA,"broad,dkfz,muse,sanger",4,COSN15584989,NA,NA,FALSE,0.1964,NA,11,45,NA,NA,NA,Intron,FALSE,FALSE,FALSE,FALSE,4,2,2,2_2,e5c89fcf-cc57-4fad-a138-ea47ee9ea225,NA
1,177438498,177438498,1,snv_mnv,NA,NA,"broad,dkfz,muse,sanger",4,COSN9367090,NA,NA,FALSE,0.2712,NA,16,43,NA,NA,NA,lincRNA,FALSE,FALSE,FALSE,FALSE,4,2,2,2_2,e5c89fcf-cc57-4fad-a138-ea47ee9ea225,NA
1,178124829,178124829,1,snv_mnv,NA,NA,"broad,dkfz,muse,sanger",4,COSN9367201,NA,NA,FALSE,0.3714,NA,13,22,NA,NA,NA,Intron,FALSE,FALSE,FALSE,FALSE,4,2,2,2_2,e5c89fcf-cc57-4fad-a138-ea47ee9ea225,NA
1,181028144,181028144,1,snv_mnv,NA,NA,"broad,dkfz,muse,sanger",4,COSN9367623,NA,NA,FALSE,0.3095,NA,13,29,NA,NA,NA,3'UTR,FALSE,FALSE,FALSE,FALSE,4,2,2,2_2,e5c89fcf-cc57-4fad-a138-ea47ee9ea225,MR1
1,181474500,181474500,1,snv_mnv,NA,NA,"broad,dkfz,muse,sanger",4,COSN9367674,NA,AluY,FALSE,0.1957,NA,9,37,NA,NA,NA,Intron,FALSE,FALSE,FALSE,FALSE,4,2,2,2_2,e5c89fcf-cc57-4fad-a138-ea47ee9ea225,NA
1,183183765,183183765,1,snv_mnv,NA,NA,"broad,dkfz,muse,sanger",4,COSN9052585,rs754694648,L2a,FALSE,0.2931,NA,17,41,NA,NA,NA,Intron,FALSE,FALSE,FALSE,FALSE,4,2,2,2_2,e5c89fcf-cc57-4fad-a138-ea47ee9ea225,NA
1,184368686,184368686,1,snv_mnv,NA,NA,"broad,dkfz,muse,sanger",4,COSN9052767,NA,AluJb,FALSE,0.3846,NA,15,24,NA,NA,NA,Intron,FALSE,FALSE,FALSE,FALSE,4,2,2,2_2,e5c89fcf-cc57-4fad-a138-ea47ee9ea225,NA
1,184533727,184533727,1,snv_mnv,NA,NA,"broad,dkfz,muse,sanger",4,COSN9052804,NA,AluSz,FALSE,0.25,NA,10,30,NA,NA,NA,Intron,FALSE,FALSE,FALSE,FALSE,4,2,2,2_2,e5c89fcf-cc57-4fad-a138-ea47ee9ea225,"AL078645.2,C1orf21"
1,186250519,186250519,1,snv_mnv,NA,NA,"broad,dkfz,muse,sanger",4,COSN9053035,NA,L1MC4a,FALSE,0.3273,NA,18,37,NA,NA,NA,IGR,FALSE,FALSE,FALSE,FALSE,4,2,2,2_2,e5c89fcf-cc57-4fad-a138-ea47ee9ea225,NA
1,187127020,187127020,1,snv_mnv,0.0015974,rs372524424,"broad,dkfz,muse,sanger",4,COSN9053200,rs372524424,MSTB1,FALSE,0.2917,NA,14,34,NA,NA,NA,lincRNA,FALSE,FALSE,FALSE,FALSE,4,2,2,2_2,e5c89fcf-cc57-4fad-a138-ea47ee9ea225,NA
1,187128631,187128631,1,snv_mnv,NA,NA,"broad,dkfz,muse,sanger",4,COSN9053203,NA,NA,FALSE,0.3091,NA,17,38,NA,NA,NA,lincRNA,FALSE,FALSE,FALSE,FALSE,4,2,2,2_2,e5c89fcf-cc57-4fad-a138-ea47ee9ea225,NA
1,187273849,187273849,1,snv_mnv,NA,NA,"broad,dkfz,muse,sanger",4,COSN9053238,rs562775375,L1PA13,FALSE,0.2286,NA,16,54,NA,NA,NA,lincRNA,FALSE,FALSE,FALSE,FALSE,4,2,2,2_2,e5c89fcf-cc57-4fad-a138-ea47ee9ea225,ERVMER61-1
1,187359837,187359837,1,snv_mnv,NA,NA,"broad,dkfz,muse,sanger",4,COSN9053262,NA,NA,FALSE,0.2419,NA,15,47,NA,NA,NA,IGR,FALSE,FALSE,FALSE,FALSE,4,2,2,2_2,e5c89fcf-cc57-4fad-a138-ea47ee9ea225,NA
1,187746539,187746539,1,snv_mnv,NA,NA,"broad,dkfz,muse,sanger",4,COSN9053414,NA,NA,FALSE,0.2676,NA,19,52,NA,NA,NA,IGR,FALSE,FALSE,FALSE,FALSE,4,2,2,2_2,e5c89fcf-cc57-4fad-a138-ea47ee9ea225,NA
1,187807586,187807586,1,snv_mnv,NA,NA,"broad,dkfz,muse,sanger",4,COSN9053429,NA,NA,FALSE,0.3214,NA,18,38,NA,NA,NA,IGR,FALSE,FALSE,FALSE,FALSE,4,2,2,2_2,e5c89fcf-cc57-4fad-a138-ea47ee9ea225,NA
1,188041471,188041471,1,snv_mnv,NA,NA,"broad,dkfz,muse,sanger",4,COSN9053478,NA,L1MA4A,FALSE,0.2368,NA,18,58,NA,NA,NA,IGR,FALSE,FALSE,FALSE,FALSE,4,2,2,2_2,e5c89fcf-cc57-4fad-a138-ea47ee9ea225,AL136372.1
1,188564182,188564182,1,snv_mnv,NA,NA,"broad,dkfz,muse,sanger",4,COSN9053613,NA,THE1C,FALSE,0.2778,NA,15,39,NA,NA,NA,IGR,FALSE,FALSE,FALSE,FALSE,4,2,2,2_2,e5c89fcf-cc57-4fad-a138-ea47ee9ea225,NA
1,189314881,189314881,1,snv_mnv,NA,NA,"broad,dkfz,muse,sanger",4,COSN9053826,NA,AluJb,FALSE,0.2927,NA,12,29,NA,NA,NA,IGR,FALSE,FALSE,FALSE,FALSE,4,2,2,2_2,e5c89fcf-cc57-4fad-a138-ea47ee9ea225,NA
1,189605417,189605417,1,snv_mnv,NA,NA,"broad,dkfz,muse,sanger",4,COSN9053929,NA,NA,FALSE,0.303,NA,20,46,NA,NA,NA,IGR,FALSE,FALSE,FALSE,FALSE,4,2,2,2_2,e5c89fcf-cc57-4fad-a138-ea47ee9ea225,NA
1,189818260,189818260,1,snv_mnv,NA,NA,"broad,dkfz,muse,sanger",4,COSN9054020,NA,MER77,FALSE,0.3289,NA,25,51,NA,NA,NA,IGR,FALSE,FALSE,FALSE,FALSE,4,2,2,2_2,e5c89fcf-cc57-4fad-a138-ea47ee9ea225,NA
1,189960578,189960578,1,snv_mnv,NA,NA,"broad,dkfz,muse,sanger",4,COSN9054078,NA,NA,FALSE,0.2763,NA,21,55,NA,NA,NA,IGR,FALSE,FALSE,FALSE,FALSE,4,2,2,2_2,e5c89fcf-cc57-4fad-a138-ea47ee9ea225,NA
1,189960579,189960579,1,snv_mnv,NA,NA,"broad,dkfz,muse,sanger",4,COSN9054079,NA,NA,FALSE,0.2857,NA,22,55,NA,NA,NA,IGR,FALSE,FALSE,FALSE,FALSE,4,2,2,2_2,e5c89fcf-cc57-4fad-a138-ea47ee9ea225,NA
1,190185802,190185802,1,snv_mnv,NA,NA,"broad,dkfz,muse,sanger",4,COSN9054167,NA,NA,FALSE,0.2963,NA,24,57,NA,NA,NA,Intron,FALSE,FALSE,FALSE,FALSE,4,2,2,2_2,e5c89fcf-cc57-4fad-a138-ea47ee9ea225,BRINP3
1,190330075,190330075,1,snv_mnv,NA,NA,"broad,dkfz,muse,sanger",4,COSN9054223,NA,L2c,FALSE,0.2714,NA,19,51,NA,NA,NA,Intron,FALSE,FALSE,FALSE,FALSE,4,2,2,2_2,e5c89fcf-cc57-4fad-a138-ea47ee9ea225,NA
1,190431648,190431648,1,snv_mnv,NA,NA,"broad,dkfz,muse,sanger",4,COSN9054265,NA,NA,FALSE,0.2388,NA,16,51,NA,NA,NA,Intron,FALSE,FALSE,FALSE,FALSE,4,2,2,2_2,e5c89fcf-cc57-4fad-a138-ea47ee9ea225,NA
1,190715557,190715557,1,snv_mnv,NA,NA,"broad,dkfz,muse,sanger",4,COSN9054354,NA,Charlie8,FALSE,0.3521,NA,25,46,NA,NA,NA,lincRNA,FALSE,FALSE,FALSE,FALSE,4,2,2,2_2,e5c89fcf-cc57-4fad-a138-ea47ee9ea225,NA
1,190792856,190792856,1,snv_mnv,NA,NA,"broad,dkfz,muse,sanger",4,COSN9054379,NA,L1MC3,FALSE,0.3651,NA,23,40,NA,NA,NA,IGR,FALSE,FALSE,FALSE,FALSE,4,2,2,2_2,e5c89fcf-cc57-4fad-a138-ea47ee9ea225,NA
1,191043104,191043104,1,snv_mnv,NA,NA,"broad,dkfz,muse,sanger",4,COSN9054474,NA,NA,FALSE,0.3433,NA,23,44,NA,NA,NA,IGR,FALSE,FALSE,FALSE,FALSE,4,2,2,2_2,e5c89fcf-cc57-4fad-a138-ea47ee9ea225,NA
1,191364353,191364353,1,snv_mnv,5.9904e-4,rs543616200,"broad,dkfz,muse,sanger",4,COSN9054558,rs543616200,NA,FALSE,0.2,NA,14,56,NA,NA,NA,IGR,FALSE,FALSE,FALSE,FALSE,4,2,2,2_2,e5c89fcf-cc57-4fad-a138-ea47ee9ea225,NA
1,191734990,191734990,1,snv_mnv,NA,NA,"broad,dkfz,muse,sanger",4,COSN9054654,NA,NA,FALSE,0.1935,NA,12,50,NA,NA,NA,IGR,FALSE,FALSE,FALSE,FALSE,4,2,2,2_2,e5c89fcf-cc57-4fad-a138-ea47ee9ea225,NA
1,191775547,191775547,1,snv_mnv,3.9936e-4,rs529645594,"broad,dkfz,muse,sanger",4,COSN9054670,rs529645594,NA,FALSE,0.2162,NA,16,58,NA,NA,NA,IGR,FALSE,FALSE,FALSE,FALSE,4,2,2,2_2,e5c89fcf-cc57-4fad-a138-ea47ee9ea225,NA
1,192213678,192213678,1,snv_mnv,NA,NA,"broad,dkfz,muse,sanger",4,COSN9054821,NA,MLT1G1,FALSE,0.2698,NA,17,46,NA,NA,NA,IGR,FALSE,FALSE,FALSE,FALSE,4,2,2,2_2,e5c89fcf-cc57-4fad-a138-ea47ee9ea225,"AL513175.2,AL513175.1"
1,192865298,192865298,1,snv_mnv,NA,NA,"broad,dkfz,muse,sanger",4,COSN15584833,NA,A-rich,FALSE,0.2273,NA,15,51,NA,NA,NA,IGR,FALSE,FALSE,FALSE,FALSE,4,2,2,2_2,e5c89fcf-cc57-4fad-a138-ea47ee9ea225,NA
1,194029251,194029251,1,snv_mnv,NA,NA,"broad,dkfz,muse,sanger",4,COSN9055139,NA,MSTA-int,FALSE,0.3014,NA,22,51,NA,NA,NA,IGR,FALSE,FALSE,FALSE,FALSE,4,2,2,2_2,e5c89fcf-cc57-4fad-a138-ea47ee9ea225,NA
1,194208322,194208322,1,snv_mnv,NA,NA,"broad,dkfz,muse,sanger",4,COSN9055177,NA,NA,FALSE,0.2419,NA,15,47,NA,NA,NA,IGR,FALSE,FALSE,FALSE,FALSE,4,2,2,2_2,e5c89fcf-cc57-4fad-a138-ea47ee9ea225,NA
1,194372906,194372906,1,snv_mnv,NA,NA,"broad,dkfz,muse,sanger",4,COSN9055214,NA,NA,FALSE,0.3117,NA,24,53,NA,NA,NA,IGR,FALSE,FALSE,FALSE,FALSE,4,2,2,2_2,e5c89fcf-cc57-4fad-a138-ea47ee9ea225,NA
1,194592167,194592167,1,snv_mnv,NA,NA,"broad,dkfz,muse,sanger",4,COSN9055281,NA,NA,FALSE,0.2911,NA,23,56,NA,NA,NA,IGR,FALSE,FALSE,FALSE,FALSE,4,2,2,2_2,e5c89fcf-cc57-4fad-a138-ea47ee9ea225,NA
1,194957272,194957272,1,snv_mnv,NA,NA,"broad,dkfz,muse,sanger",4,COSN9055424,NA,NA,FALSE,0.1884,NA,13,56,NA,NA,NA,IGR,FALSE,FALSE,FALSE,FALSE,4,2,2,2_2,e5c89fcf-cc57-4fad-a138-ea47ee9ea225,NA
1,195489403,195489403,1,snv_mnv,NA,NA,"broad,dkfz,muse,sanger",4,COSN9055636,NA,L1PA17,FALSE,0.3418,NA,27,52,NA,NA,NA,IGR,FALSE,FALSE,FALSE,FALSE,4,2,2,2_2,e5c89fcf-cc57-4fad-a138-ea47ee9ea225,NA
1,195514963,195514963,1,snv_mnv,NA,NA,"broad,dkfz,muse,sanger",4,COSN9055641,NA,NA,FALSE,0.2838,NA,21,53,NA,NA,NA,IGR,FALSE,FALSE,FALSE,FALSE,4,2,2,2_2,e5c89fcf-cc57-4fad-a138-ea47ee9ea225,NA
1,195688254,195688254,1,snv_mnv,NA,NA,"broad,dkfz,muse,sanger",4,COSN9055712,NA,NA,FALSE,0.1803,NA,11,50,NA,NA,NA,IGR,FALSE,FALSE,FALSE,FALSE,4,2,2,2_2,e5c89fcf-cc57-4fad-a138-ea47ee9ea225,NA
1,195780961,195780961,1,snv_mnv,NA,NA,"broad,dkfz,muse,sanger",4,COSN9055739,NA,NA,FALSE,0.2029,NA,14,55,NA,NA,NA,IGR,FALSE,FALSE,FALSE,FALSE,4,2,2,2_2,e5c89fcf-cc57-4fad-a138-ea47ee9ea225,NA
1,195945514,195945514,1,snv_mnv,NA,NA,"broad,dkfz,muse,sanger",4,COSN9055784,NA,L1MA2,FALSE,0.3676,NA,25,43,NA,NA,NA,IGR,FALSE,FALSE,FALSE,FALSE,4,2,2,2_2,e5c89fcf-cc57-4fad-a138-ea47ee9ea225,NA
1,195974987,195974987,1,snv_mnv,NA,NA,"broad,dkfz,muse,sanger",4,COSN9055791,NA,NA,FALSE,0.3636,NA,28,49,NA,NA,NA,IGR,FALSE,FALSE,FALSE,FALSE,4,2,2,2_2,e5c89fcf-cc57-4fad-a138-ea47ee9ea225,NA
1,196272811,196272811,1,snv_mnv,NA,NA,"broad,dkfz,muse,sanger",4,COSN9055869,NA,MIRb,FALSE,0.254,NA,16,47,NA,NA,NA,Intron,FALSE,FALSE,FALSE,FALSE,4,2,2,2_2,e5c89fcf-cc57-4fad-a138-ea47ee9ea225,NA
1,196829798,196829798,1,snv_mnv,NA,NA,"broad,dkfz,muse",3,COSN9055962,NA,(TTTC)n,FALSE,0.25,NA,15,45,NA,NA,NA,Intron,FALSE,FALSE,FALSE,FALSE,4,2,2,2_2,e5c89fcf-cc57-4fad-a138-ea47ee9ea225,NA
1,196907620,196907620,1,snv_mnv,NA,NA,"broad,muse,sanger",3,COSN8416956,NA,L1PA6,FALSE,0.1964,NA,11,45,NA,NA,NA,Intron,FALSE,FALSE,FALSE,FALSE,4,2,2,2_2,e5c89fcf-cc57-4fad-a138-ea47ee9ea225,NA
1,199118404,199118404,1,snv_mnv,NA,NA,"broad,dkfz,muse,sanger",4,COSN9056360,NA,NA,FALSE,0.2472,NA,22,67,NA,NA,NA,lincRNA,FALSE,FALSE,FALSE,FALSE,4,2,2,2_2,e5c89fcf-cc57-4fad-a138-ea47ee9ea225,NA
1,199321447,199321447,1,snv_mnv,NA,NA,"broad,dkfz,muse,sanger",4,COSN9056412,NA,NA,FALSE,0.3,NA,12,28,NA,NA,NA,lincRNA,FALSE,FALSE,FALSE,FALSE,4,2,2,2_2,e5c89fcf-cc57-4fad-a138-ea47ee9ea225,NA
1,199627935,199627935,1,snv_mnv,NA,NA,"broad,dkfz,muse,sanger",4,COSN9056498,NA,NA,FALSE,0.3,NA,24,56,NA,NA,NA,IGR,FALSE,FALSE,FALSE,FALSE,4,2,2,2_2,e5c89fcf-cc57-4fad-a138-ea47ee9ea225,NA
1,199630560,199630560,1,snv_mnv,NA,NA,"broad,dkfz,muse,sanger",4,COSN9056499,NA,L2c,FALSE,0.2344,NA,15,49,NA,NA,NA,IGR,FALSE,FALSE,FALSE,FALSE,4,2,2,2_2,e5c89fcf-cc57-4fad-a138-ea47ee9ea225,NA
1,199676477,199676477,1,snv_mnv,NA,NA,"broad,dkfz,muse,sanger",4,COSN9056514,NA,MER5B,FALSE,0.3137,NA,16,35,NA,NA,NA,IGR,FALSE,FALSE,FALSE,FALSE,4,2,2,2_2,e5c89fcf-cc57-4fad-a138-ea47ee9ea225,NA
1,199947160,199947160,1,snv_mnv,NA,NA,"broad,dkfz,muse,sanger",4,COSN9056590,NA,AluSx3,FALSE,0.3023,NA,13,30,NA,NA,NA,IGR,FALSE,FALSE,FALSE,FALSE,4,2,2,2_2,e5c89fcf-cc57-4fad-a138-ea47ee9ea225,NA
1,200541948,200541948,1,snv_mnv,NA,NA,"broad,dkfz,muse,sanger",4,COSN9056687,NA,NA,FALSE,0.2941,NA,15,36,NA,NA,NA,Intron,FALSE,FALSE,FALSE,FALSE,4,2,2,2_2,e5c89fcf-cc57-4fad-a138-ea47ee9ea225,NA
1,204509718,204509718,1,snv_mnv,NA,NA,"broad,dkfz,muse,sanger",4,COSN9057210,NA,AluSq2,FALSE,0.2692,NA,7,19,NA,NA,NA,Intron,FALSE,FALSE,FALSE,FALSE,4,2,2,2_2,e5c89fcf-cc57-4fad-a138-ea47ee9ea225,MDM4
1,208047337,208047337,1,snv_mnv,NA,NA,"broad,dkfz,muse,sanger",4,COSN9057679,NA,NA,FALSE,0.26,NA,13,37,NA,NA,NA,lincRNA,FALSE,FALSE,FALSE,FALSE,4,2,2,2_2,e5c89fcf-cc57-4fad-a138-ea47ee9ea225,MIR29B2CHG
1,208323907,208323907,1,snv_mnv,NA,NA,"broad,dkfz,muse,sanger",4,COSN9057712,NA,L2a,FALSE,0.2619,NA,11,31,NA,NA,NA,Intron,FALSE,FALSE,FALSE,FALSE,4,2,2,2_2,e5c89fcf-cc57-4fad-a138-ea47ee9ea225,NA
1,208323908,208323908,1,snv_mnv,NA,NA,"broad,dkfz,muse,sanger",4,COSN9057713,NA,L2a,FALSE,0.2683,NA,11,30,NA,NA,NA,Intron,FALSE,FALSE,FALSE,FALSE,4,2,2,2_2,e5c89fcf-cc57-4fad-a138-ea47ee9ea225,NA
1,208938681,208938681,1,snv_mnv,NA,NA,"broad,dkfz,muse,sanger",4,COSN9057833,NA,MIR3,FALSE,0.2239,NA,15,52,NA,NA,NA,IGR,FALSE,FALSE,FALSE,FALSE,4,2,2,2_2,e5c89fcf-cc57-4fad-a138-ea47ee9ea225,NA
1,209397473,209397473,1,snv_mnv,NA,NA,"broad,dkfz,muse,sanger",4,COSN9057958,NA,L2c,FALSE,0.225,NA,18,62,NA,NA,NA,IGR,FALSE,FALSE,FALSE,FALSE,4,2,2,2_2,e5c89fcf-cc57-4fad-a138-ea47ee9ea225,NA
1,209400303,209400303,1,snv_mnv,NA,NA,"broad,dkfz,muse,sanger",4,COSN9057959,NA,NA,FALSE,0.3333,NA,16,32,NA,NA,NA,IGR,FALSE,FALSE,FALSE,FALSE,4,2,2,2_2,e5c89fcf-cc57-4fad-a138-ea47ee9ea225,NA
1,209400322,209400322,1,snv_mnv,NA,NA,"broad,dkfz,muse,sanger",4,COSN9057960,NA,NA,FALSE,0.381,NA,16,26,NA,NA,NA,IGR,FALSE,FALSE,FALSE,FALSE,4,2,2,2_2,e5c89fcf-cc57-4fad-a138-ea47ee9ea225,NA
1,210540137,210540137,1,snv_mnv,NA,NA,"broad,dkfz,muse,sanger",4,COSN9058161,NA,NA,FALSE,0.3488,NA,15,28,NA,NA,NA,Intron,FALSE,FALSE,FALSE,FALSE,4,2,2,2_2,e5c89fcf-cc57-4fad-a138-ea47ee9ea225,HHAT
1,213049830,213049830,1,snv_mnv,NA,NA,"broad,dkfz,muse,sanger",4,COSN15584845,NA,AluSq,FALSE,0.2647,NA,9,25,NA,NA,NA,Intron,FALSE,FALSE,FALSE,FALSE,4,2,2,2_2,e5c89fcf-cc57-4fad-a138-ea47ee9ea225,NA
1,214109590,214109590,1,snv_mnv,NA,NA,"broad,dkfz,muse,sanger",4,COSN9058726,NA,NA,FALSE,0.2639,NA,19,53,NA,NA,NA,RNA,FALSE,FALSE,FALSE,FALSE,4,2,2,2_2,e5c89fcf-cc57-4fad-a138-ea47ee9ea225,PROX1-AS1
1,214817258,214817258,1,snv_mnv,NA,NA,"broad,dkfz,muse,sanger",4,COSN9058820,NA,NA,FALSE,0.2817,NA,20,51,NA,NA,NA,Intron,FALSE,FALSE,FALSE,FALSE,4,2,2,2_2,e5c89fcf-cc57-4fad-a138-ea47ee9ea225,CENPF
1,214828035,214828035,1,snv_mnv,NA,NA,"broad,dkfz,muse,sanger",4,COSN9058822,NA,MER46C,FALSE,0.25,NA,14,42,NA,NA,NA,Intron,FALSE,FALSE,FALSE,FALSE,4,2,2,2_2,e5c89fcf-cc57-4fad-a138-ea47ee9ea225,CENPF
1,215507971,215507971,1,snv_mnv,NA,NA,"broad,dkfz,muse,sanger",4,COSN9058951,NA,NA,FALSE,0.2833,NA,17,43,NA,NA,NA,IGR,FALSE,FALSE,FALSE,FALSE,4,2,2,2_2,e5c89fcf-cc57-4fad-a138-ea47ee9ea225,NA
1,215915098,215915098,1,snv_mnv,NA,NA,"broad,dkfz,muse,sanger",4,COSN9059026,NA,NA,FALSE,0.2614,NA,23,65,NA,NA,NA,Intron,FALSE,FALSE,FALSE,FALSE,4,2,2,2_2,e5c89fcf-cc57-4fad-a138-ea47ee9ea225,NA
1,216290089,216290089,1,snv_mnv,NA,NA,"broad,dkfz,muse,sanger",4,COSN9059089,NA,NA,FALSE,0.2581,NA,16,46,NA,NA,NA,Intron,FALSE,FALSE,FALSE,FALSE,4,2,2,2_2,e5c89fcf-cc57-4fad-a138-ea47ee9ea225,NA
1,216290090,216290090,1,snv_mnv,NA,NA,"broad,dkfz,muse,sanger",4,COSN9059090,NA,NA,FALSE,0.2419,NA,15,47,NA,NA,NA,Intron,FALSE,FALSE,FALSE,FALSE,4,2,2,2_2,e5c89fcf-cc57-4fad-a138-ea47ee9ea225,NA
1,216575066,216575066,1,snv_mnv,NA,NA,"broad,dkfz,muse,sanger",4,COSN9059136,NA,L1MDa,FALSE,0.3415,NA,28,54,NA,NA,NA,Intron,FALSE,FALSE,FALSE,FALSE,4,2,2,2_2,e5c89fcf-cc57-4fad-a138-ea47ee9ea225,NA
1,217093918,217093918,1,snv_mnv,NA,NA,"broad,dkfz,muse,sanger",4,COSN9059216,NA,NA,FALSE,0.2,NA,12,48,NA,NA,NA,Intron,FALSE,FALSE,FALSE,FALSE,4,2,2,2_2,e5c89fcf-cc57-4fad-a138-ea47ee9ea225,NA
1,217891593,217891593,1,snv_mnv,NA,NA,"broad,dkfz,muse,sanger",4,COSN9059334,NA,L1MEg,FALSE,0.2069,NA,12,46,NA,NA,NA,Intron,FALSE,FALSE,FALSE,FALSE,4,2,2,2_2,e5c89fcf-cc57-4fad-a138-ea47ee9ea225,NA
1,218149715,218149715,1,snv_mnv,NA,NA,"broad,dkfz,muse,sanger",4,COSN9059383,NA,L2a,FALSE,0.2698,NA,17,46,NA,NA,NA,IGR,FALSE,FALSE,FALSE,FALSE,4,2,2,2_2,e5c89fcf-cc57-4fad-a138-ea47ee9ea225,NA
1,218608183,218608183,1,snv_mnv,1.9968e-4,rs557913826,"broad,dkfz,muse,sanger",4,COSN9059479,rs557913826,NA,FALSE,0.2308,NA,12,40,NA,NA,NA,Intron,FALSE,FALSE,FALSE,FALSE,4,2,2,2_2,e5c89fcf-cc57-4fad-a138-ea47ee9ea225,TGFB2
1,218714882,218714882,1,snv_mnv,NA,NA,"broad,dkfz,muse,sanger",4,COSN9059510,NA,AluY,FALSE,0.3571,NA,10,18,NA,NA,NA,RNA,FALSE,FALSE,FALSE,FALSE,4,2,2,2_2,e5c89fcf-cc57-4fad-a138-ea47ee9ea225,RF00012
1,219398643,219398643,1,snv_mnv,NA,NA,"broad,dkfz,muse,sanger",4,COSN9059644,NA,MIRc,FALSE,0.3103,NA,18,40,NA,NA,NA,lincRNA,FALSE,FALSE,FALSE,FALSE,4,2,2,2_2,e5c89fcf-cc57-4fad-a138-ea47ee9ea225,NA
1,219428400,219428400,1,snv_mnv,NA,NA,"broad,dkfz,muse,sanger",4,COSN9059647,NA,L1PA14,FALSE,0.1719,NA,11,53,NA,NA,NA,IGR,FALSE,FALSE,FALSE,FALSE,4,2,2,2_2,e5c89fcf-cc57-4fad-a138-ea47ee9ea225,NA
1,219437193,219437193,1,snv_mnv,NA,NA,"broad,dkfz,muse,sanger",4,COSN9059651,NA,L1PBa,FALSE,0.2951,NA,18,43,NA,NA,NA,IGR,FALSE,FALSE,FALSE,FALSE,4,2,2,2_2,e5c89fcf-cc57-4fad-a138-ea47ee9ea225,NA
1,221651266,221651266,1,snv_mnv,NA,NA,"broad,dkfz,muse,sanger",4,COSN9060034,NA,NA,FALSE,0.1774,NA,11,51,NA,NA,NA,IGR,FALSE,FALSE,FALSE,FALSE,4,2,2,2_2,e5c89fcf-cc57-4fad-a138-ea47ee9ea225,NA
1,221651267,221651267,1,snv_mnv,NA,NA,"broad,dkfz,muse,sanger",4,COSN9060035,NA,NA,FALSE,0.1803,NA,11,50,NA,NA,NA,IGR,FALSE,FALSE,FALSE,FALSE,4,2,2,2_2,e5c89fcf-cc57-4fad-a138-ea47ee9ea225,NA
1,223843286,223843286,1,snv_mnv,NA,NA,"broad,dkfz,muse,sanger",4,COSN9060385,NA,NA,FALSE,0.254,NA,16,47,NA,NA,NA,Intron,FALSE,FALSE,FALSE,FALSE,4,2,2,2_2,e5c89fcf-cc57-4fad-a138-ea47ee9ea225,CAPN8
1,224266320,224266320,1,snv_mnv,NA,NA,"broad,dkfz,muse,sanger",4,COSN9060431,NA,AluJb,FALSE,0.3636,NA,12,21,NA,NA,NA,IGR,FALSE,FALSE,FALSE,FALSE,4,2,2,2_2,e5c89fcf-cc57-4fad-a138-ea47ee9ea225,NA
1,225171472,225171472,1,snv_mnv,NA,NA,"broad,dkfz,muse,sanger",4,COSN9060545,NA,L1PB1,FALSE,0.2436,NA,19,59,NA,NA,NA,Intron,FALSE,FALSE,FALSE,FALSE,4,2,2,2_2,e5c89fcf-cc57-4fad-a138-ea47ee9ea225,NA
1,225625363,225625363,1,snv_mnv,NA,NA,"broad,dkfz,muse,sanger",4,COSN9060596,NA,NA,FALSE,0.3438,NA,22,42,NA,NA,NA,IGR,FALSE,FALSE,FALSE,FALSE,4,2,2,2_2,e5c89fcf-cc57-4fad-a138-ea47ee9ea225,NA
1,225924415,225924415,1,snv_mnv,NA,NA,"broad,dkfz,muse,sanger",4,COSN9060637,NA,NA,FALSE,0.3438,NA,11,21,NA,NA,NA,RNA,FALSE,FALSE,FALSE,FALSE,4,2,2,2_2,e5c89fcf-cc57-4fad-a138-ea47ee9ea225,"AC099066.1,RNU6-1304P"
1,226719719,226719719,1,snv_mnv,NA,NA,"broad,dkfz,muse,sanger",4,COSN9060734,NA,NA,FALSE,0.3137,NA,16,35,NA,NA,NA,IGR,FALSE,FALSE,FALSE,FALSE,4,2,2,2_2,e5c89fcf-cc57-4fad-a138-ea47ee9ea225,NA
1,227388988,227388988,1,snv_mnv,NA,NA,"broad,dkfz,muse,sanger",4,COSN9060826,NA,AluJo,FALSE,0.2703,NA,10,27,NA,NA,NA,Intron,FALSE,FALSE,FALSE,FALSE,4,2,2,2_2,e5c89fcf-cc57-4fad-a138-ea47ee9ea225,NA
1,230988387,230988387,1,snv_mnv,NA,NA,"broad,dkfz,muse,sanger",4,COSN9061353,NA,L1MB3,FALSE,0.383,NA,18,29,NA,NA,NA,Intron,FALSE,FALSE,FALSE,FALSE,4,2,2,2_2,e5c89fcf-cc57-4fad-a138-ea47ee9ea225,NA
1,232211328,232211328,1,snv_mnv,NA,NA,"broad,dkfz,muse,sanger",4,COSN9061537,NA,L1MEg,FALSE,0.2449,NA,12,37,NA,NA,NA,IGR,FALSE,FALSE,FALSE,FALSE,4,2,2,2_2,e5c89fcf-cc57-4fad-a138-ea47ee9ea225,NA
1,232640727,232640727,1,snv_mnv,NA,NA,"broad,dkfz,muse,sanger",4,COSN9061625,NA,NA,FALSE,0.3016,NA,19,44,NA,NA,NA,Intron,FALSE,FALSE,FALSE,FALSE,4,2,2,2_2,e5c89fcf-cc57-4fad-a138-ea47ee9ea225,NA
1,234209001,234209001,1,snv_mnv,NA,NA,"broad,dkfz,muse,sanger",4,COSN9061873,NA,AluJr,FALSE,0.3636,NA,16,28,NA,NA,NA,Intron,FALSE,FALSE,FALSE,FALSE,4,2,2,2_2,e5c89fcf-cc57-4fad-a138-ea47ee9ea225,NA
1,237309536,237309536,1,snv_mnv,NA,NA,"broad,dkfz,muse,sanger",4,COSN9062284,NA,NA,FALSE,0.2542,NA,15,44,NA,NA,NA,Intron,FALSE,FALSE,FALSE,FALSE,4,2,2,2_2,e5c89fcf-cc57-4fad-a138-ea47ee9ea225,NA
1,238024958,238024958,1,snv_mnv,NA,NA,"broad,dkfz,muse,sanger",4,COSN9062410,NA,L1MC2,FALSE,0.2055,NA,15,58,NA,NA,NA,RNA,FALSE,FALSE,FALSE,FALSE,4,2,2,2_2,e5c89fcf-cc57-4fad-a138-ea47ee9ea225,AL359924.1
1,238126614,238126614,1,snv_mnv,NA,NA,"broad,dkfz,muse,sanger",4,COSN10044400,NA,LTR9,FALSE,0.381,NA,16,26,NA,NA,NA,IGR,FALSE,FALSE,FALSE,FALSE,4,2,2,2_2,e5c89fcf-cc57-4fad-a138-ea47ee9ea225,NA
1,239469561,239469561,1,snv_mnv,NA,NA,"broad,dkfz,muse,sanger",4,COSN10044667,NA,NA,FALSE,0.2754,NA,19,50,NA,NA,NA,IGR,FALSE,FALSE,FALSE,FALSE,4,2,2,2_2,e5c89fcf-cc57-4fad-a138-ea47ee9ea225,NA
1,240517418,240517418,1,snv_mnv,NA,NA,"broad,dkfz,muse,sanger",4,COSN10044878,NA,NA,FALSE,0.3684,NA,14,24,NA,NA,NA,Intron,FALSE,FALSE,FALSE,FALSE,4,2,2,2_2,e5c89fcf-cc57-4fad-a138-ea47ee9ea225,NA
1,240711523,240711523,1,snv_mnv,NA,NA,"broad,dkfz,muse,sanger",4,COSN10044967,NA,AluSx,FALSE,0.4211,NA,8,11,NA,NA,NA,Intron,FALSE,FALSE,FALSE,FALSE,4,2,2,2_2,e5c89fcf-cc57-4fad-a138-ea47ee9ea225,AL358176.2
1,240811596,240811596,1,snv_mnv,NA,NA,"broad,dkfz,muse,sanger",4,COSN10045005,NA,NA,FALSE,0.3088,NA,21,47,NA,NA,NA,IGR,FALSE,FALSE,FALSE,FALSE,4,2,2,2_2,e5c89fcf-cc57-4fad-a138-ea47ee9ea225,NA
1,240915311,240915311,1,snv_mnv,NA,NA,"broad,dkfz,muse,sanger",4,COSN10045029,NA,THE1D,FALSE,0.2353,NA,12,39,NA,NA,NA,IGR,FALSE,FALSE,FALSE,FALSE,4,2,2,2_2,e5c89fcf-cc57-4fad-a138-ea47ee9ea225,NA
1,243959397,243959397,1,snv_mnv,NA,NA,"broad,dkfz,muse,sanger",4,COSN10045621,NA,HAL1,FALSE,0.3696,NA,17,29,NA,NA,NA,Intron,FALSE,FALSE,FALSE,FALSE,4,2,2,2_2,e5c89fcf-cc57-4fad-a138-ea47ee9ea225,AKT3-IT1
1,245800972,245800972,1,snv_mnv,NA,NA,"broad,dkfz,muse,sanger",4,COSN10045870,NA,L1MA5,FALSE,0.2609,NA,18,51,NA,NA,NA,Intron,FALSE,FALSE,FALSE,FALSE,4,2,2,2_2,e5c89fcf-cc57-4fad-a138-ea47ee9ea225,NA
1,245818742,245818742,1,snv_mnv,NA,NA,"broad,dkfz,muse,sanger",4,COSN10045873,NA,NA,FALSE,0.36,NA,18,32,NA,NA,NA,Intron,FALSE,FALSE,FALSE,FALSE,4,2,2,2_2,e5c89fcf-cc57-4fad-a138-ea47ee9ea225,NA
1,246276742,246276742,1,snv_mnv,NA,NA,"broad,dkfz,muse,sanger",4,COSN10045936,NA,NA,FALSE,0.2206,NA,15,53,NA,NA,NA,Intron,FALSE,FALSE,FALSE,FALSE,4,2,2,2_2,e5c89fcf-cc57-4fad-a138-ea47ee9ea225,NA
1,247065886,247065886,1,snv_mnv,NA,NA,"broad,dkfz,muse,sanger",4,COSM4165123,NA,NA,FALSE,0.3529,NA,18,33,NA,NA,NA,Missense_Mutation,FALSE,FALSE,FALSE,FALSE,4,2,2,2_2,e5c89fcf-cc57-4fad-a138-ea47ee9ea225,AHCTF1
1,247398389,247398389,1,snv_mnv,NA,NA,"broad,dkfz,muse,sanger",4,COSN10046078,NA,L1MA4A,FALSE,0.2308,NA,15,50,NA,NA,NA,lincRNA,FALSE,FALSE,FALSE,FALSE,4,2,2,2_2,e5c89fcf-cc57-4fad-a138-ea47ee9ea225,"VN1R17P,AL390728.1"
1,247592381,247592381,1,snv_mnv,NA,NA,"broad,muse,sanger",3,COSN10046100,NA,AluSx,FALSE,0.2564,NA,10,29,NA,NA,NA,Intron,FALSE,FALSE,FALSE,FALSE,4,2,2,2_2,e5c89fcf-cc57-4fad-a138-ea47ee9ea225,NLRP3
1,247935989,247935989,1,snv_mnv,NA,NA,"broad,dkfz,muse,sanger",4,COSN10046177,NA,NA,FALSE,0.4464,NA,25,31,NA,NA,NA,IGR,FALSE,FALSE,FALSE,FALSE,4,2,2,2_2,e5c89fcf-cc57-4fad-a138-ea47ee9ea225,NA
1,248255996,248255996,1,snv_mnv,NA,NA,"broad,dkfz,muse,sanger",4,COSN10046248,NA,NA,FALSE,0.2742,NA,17,45,NA,NA,NA,Intron,FALSE,FALSE,FALSE,FALSE,4,2,2,2_2,e5c89fcf-cc57-4fad-a138-ea47ee9ea225,OR2L13
1,248400745,248400745,1,snv_mnv,NA,NA,"broad,dkfz,muse,sanger",4,COSN10046285,NA,AluSx1,FALSE,0.3673,NA,18,31,NA,NA,NA,5'Flank,FALSE,FALSE,FALSE,FALSE,4,2,2,2_2,e5c89fcf-cc57-4fad-a138-ea47ee9ea225,OR2M4
1,248564114,248564114,1,snv_mnv,NA,NA,"broad,dkfz,muse,sanger",4,COSN10046323,NA,NA,FALSE,0.322,NA,19,40,NA,NA,NA,IGR,FALSE,FALSE,FALSE,FALSE,4,2,2,2_2,e5c89fcf-cc57-4fad-a138-ea47ee9ea225,OR2T1
10,294383,294383,1,snv_mnv,NA,NA,"broad,dkfz,muse,sanger",4,COSM4165464,NA,NA,FALSE,0.3333,NA,13,26,NA,NA,NA,Silent,FALSE,FALSE,FALSE,FALSE,2,2,0,2_0,e5c89fcf-cc57-4fad-a138-ea47ee9ea225,ZMYND11
10,1074634,1074634,1,snv_mnv,NA,NA,"broad,dkfz,muse,sanger",4,COSN10058776,NA,L2,FALSE,0.5128,NA,20,19,NA,NA,NA,5'Flank,FALSE,FALSE,FALSE,FALSE,2,2,0,2_0,e5c89fcf-cc57-4fad-a138-ea47ee9ea225,IDI2
10,1418095,1418095,1,snv_mnv,NA,NA,"broad,dkfz,muse,sanger",4,COSN10063205,NA,NA,FALSE,0.3478,NA,8,15,NA,NA,NA,Intron,FALSE,FALSE,FALSE,FALSE,2,2,0,2_0,e5c89fcf-cc57-4fad-a138-ea47ee9ea225,NA
10,2027562,2027562,1,snv_mnv,NA,NA,"broad,dkfz,muse,sanger",4,COSN10064292,NA,NA,FALSE,0.2653,NA,13,36,NA,NA,NA,IGR,FALSE,FALSE,FALSE,FALSE,2,2,0,2_0,e5c89fcf-cc57-4fad-a138-ea47ee9ea225,NA
10,2087018,2087018,1,snv_mnv,NA,NA,"broad,dkfz,muse,sanger",4,COSN10064375,NA,NA,FALSE,0.5088,NA,29,28,NA,NA,NA,IGR,FALSE,FALSE,FALSE,FALSE,2,2,0,2_0,e5c89fcf-cc57-4fad-a138-ea47ee9ea225,NA
10,4063566,4063566,1,snv_mnv,NA,NA,"broad,dkfz,muse,sanger",4,COSN10067412,NA,L1P4,FALSE,0.3673,NA,18,31,NA,NA,NA,IGR,FALSE,FALSE,FALSE,FALSE,2,2,0,2_0,e5c89fcf-cc57-4fad-a138-ea47ee9ea225,AC025822.1
10,4633876,4633876,1,snv_mnv,NA,NA,"broad,dkfz,muse,sanger",4,COSN10068233,NA,L1M5,FALSE,0.3448,NA,20,38,NA,NA,NA,IGR,FALSE,FALSE,FALSE,FALSE,2,2,0,2_0,e5c89fcf-cc57-4fad-a138-ea47ee9ea225,NA
10,5006477,5006477,1,snv_mnv,NA,NA,"broad,dkfz,muse,sanger",4,COSN10068476,NA,NA,FALSE,0.4839,NA,15,16,NA,NA,NA,Intron,FALSE,FALSE,FALSE,FALSE,2,2,0,2_0,e5c89fcf-cc57-4fad-a138-ea47ee9ea225,"RF00096,AKR1C1"
10,7661855,7661855,1,snv_mnv,NA,NA,"broad,dkfz,muse,sanger",4,COSN10072657,NA,NA,FALSE,0.3889,NA,7,11,NA,NA,NA,Intron,FALSE,FALSE,FALSE,FALSE,2,2,0,2_0,e5c89fcf-cc57-4fad-a138-ea47ee9ea225,ITIH5
10,7937854,7937854,1,snv_mnv,NA,NA,"broad,dkfz,muse,sanger",4,COSN15584879,NA,NA,FALSE,0.2195,NA,9,32,NA,NA,NA,Intron,FALSE,FALSE,FALSE,FALSE,2,2,0,2_0,e5c89fcf-cc57-4fad-a138-ea47ee9ea225,NA
10,9349085,9349085,1,snv_mnv,NA,NA,"broad,dkfz,muse,sanger",4,COSN10075221,NA,NA,FALSE,0.3137,NA,16,35,NA,NA,NA,IGR,FALSE,FALSE,FALSE,FALSE,2,2,0,2_0,e5c89fcf-cc57-4fad-a138-ea47ee9ea225,NA
10,10178574,10178574,1,snv_mnv,NA,NA,"broad,dkfz,muse,sanger",4,COSN10057842,NA,NA,FALSE,0.2326,NA,10,33,NA,NA,NA,IGR,FALSE,FALSE,FALSE,FALSE,2,2,0,2_0,e5c89fcf-cc57-4fad-a138-ea47ee9ea225,NA
10,10802621,10802621,1,snv_mnv,NA,NA,"broad,dkfz,muse,sanger",4,COSN10058935,NA,L2c,FALSE,0.3617,NA,17,30,NA,NA,NA,IGR,FALSE,FALSE,FALSE,FALSE,2,2,0,2_0,e5c89fcf-cc57-4fad-a138-ea47ee9ea225,NA
10,13047272,13047272,1,snv_mnv,NA,NA,"broad,dkfz,muse,sanger",4,COSN10062230,NA,ERVL-E-int,FALSE,0.359,NA,14,25,NA,NA,NA,Intron,FALSE,FALSE,FALSE,FALSE,2,2,0,2_0,e5c89fcf-cc57-4fad-a138-ea47ee9ea225,CCDC3
10,14138470,14138470,1,snv_mnv,NA,NA,"broad,dkfz,muse,sanger",4,COSN10063200,NA,NA,FALSE,0.3571,NA,10,18,NA,NA,NA,Intron,FALSE,FALSE,FALSE,FALSE,2,2,0,2_0,e5c89fcf-cc57-4fad-a138-ea47ee9ea225,NA
10,15454870,15454870,1,snv_mnv,NA,NA,"broad,dkfz,muse,sanger",4,COSN10063415,NA,MLT1B,FALSE,0.3438,NA,11,21,NA,NA,NA,IGR,FALSE,FALSE,FALSE,FALSE,2,2,0,2_0,e5c89fcf-cc57-4fad-a138-ea47ee9ea225,NA
10,15549055,15549055,1,snv_mnv,NA,NA,"broad,dkfz,muse,sanger",4,COSN10063436,rs749917176,NA,FALSE,0.3939,NA,13,20,NA,NA,NA,IGR,FALSE,FALSE,FALSE,FALSE,2,2,0,2_0,e5c89fcf-cc57-4fad-a138-ea47ee9ea225,NA
10,16506012,16506012,1,snv_mnv,NA,NA,"broad,dkfz,muse,sanger",4,COSN10063607,NA,NA,FALSE,0.3143,NA,11,24,NA,NA,NA,Intron,FALSE,FALSE,FALSE,FALSE,2,2,0,2_0,e5c89fcf-cc57-4fad-a138-ea47ee9ea225,NA
10,18576807,18576807,1,snv_mnv,NA,NA,"broad,dkfz,muse,sanger",4,COSN15584696,NA,MLT1C,FALSE,0.3514,NA,13,24,NA,NA,NA,Intron,FALSE,FALSE,FALSE,FALSE,2,2,0,2_0,e5c89fcf-cc57-4fad-a138-ea47ee9ea225,NA
10,19514993,19514993,1,snv_mnv,NA,NA,"broad,dkfz,muse,sanger",4,COSN10064139,NA,L1ME1,FALSE,0.3673,NA,18,31,NA,NA,NA,Intron,FALSE,FALSE,FALSE,FALSE,2,2,0,2_0,e5c89fcf-cc57-4fad-a138-ea47ee9ea225,NA
10,19515022,19515022,1,snv_mnv,NA,NA,"broad,dkfz,muse,sanger",4,COSN10064140,NA,L1ME1,FALSE,0.3137,NA,16,35,NA,NA,NA,Intron,FALSE,FALSE,FALSE,FALSE,2,2,0,2_0,e5c89fcf-cc57-4fad-a138-ea47ee9ea225,NA
10,20157268,20157268,1,snv_mnv,NA,NA,"broad,dkfz,muse,sanger",4,COSN10064274,NA,L1PA15,FALSE,0.3415,NA,14,27,NA,NA,NA,Intron,FALSE,FALSE,FALSE,FALSE,2,2,0,2_0,e5c89fcf-cc57-4fad-a138-ea47ee9ea225,NA
10,22464299,22464299,1,snv_mnv,NA,NA,"broad,dkfz,muse,sanger",4,COSN15585092,NA,L1ME1,FALSE,0.2683,NA,11,30,NA,NA,NA,IGR,FALSE,FALSE,FALSE,FALSE,2,2,0,2_0,e5c89fcf-cc57-4fad-a138-ea47ee9ea225,NA
10,23913762,23913762,1,snv_mnv,NA,NA,"broad,dkfz,muse,sanger",4,COSN10064796,NA,NA,FALSE,0.2881,NA,17,42,NA,NA,NA,IGR,FALSE,FALSE,FALSE,FALSE,2,2,0,2_0,e5c89fcf-cc57-4fad-a138-ea47ee9ea225,NA
10,24433795,24433795,1,snv_mnv,NA,NA,"broad,dkfz,muse,sanger",4,COSN10064881,NA,NA,FALSE,0.5,NA,18,18,NA,NA,NA,Intron,FALSE,FALSE,FALSE,FALSE,2,2,0,2_0,e5c89fcf-cc57-4fad-a138-ea47ee9ea225,NA
10,24570811,24570811,1,snv_mnv,NA,NA,"broad,muse,sanger",3,COSN10064895,NA,AluY,FALSE,0.3333,NA,8,16,NA,NA,NA,Intron,FALSE,FALSE,FALSE,FALSE,2,2,0,2_0,e5c89fcf-cc57-4fad-a138-ea47ee9ea225,NA
10,28042633,28042633,1,snv_mnv,NA,NA,"broad,dkfz,muse,sanger",4,COSN15585318,NA,NA,FALSE,0.3514,NA,13,24,NA,NA,NA,RNA,FALSE,FALSE,FALSE,FALSE,2,2,0,2_0,e5c89fcf-cc57-4fad-a138-ea47ee9ea225,NA
10,28145260,28145260,1,snv_mnv,NA,NA,"broad,dkfz,muse,sanger",4,COSN10065503,NA,NA,FALSE,0.3878,NA,19,30,NA,NA,NA,Intron,FALSE,FALSE,FALSE,FALSE,2,2,0,2_0,e5c89fcf-cc57-4fad-a138-ea47ee9ea225,NA
10,30101813,30101813,1,snv_mnv,NA,NA,"broad,dkfz,muse,sanger",4,COSN10065778,NA,AluSq2,FALSE,0.3929,NA,11,17,NA,NA,NA,IGR,FALSE,FALSE,FALSE,FALSE,2,2,0,2_0,e5c89fcf-cc57-4fad-a138-ea47ee9ea225,NA
10,31259746,31259746,1,snv_mnv,NA,NA,"broad,dkfz,muse,sanger",4,COSN10065960,NA,NA,FALSE,0.2982,NA,17,40,NA,NA,NA,Intron,FALSE,FALSE,FALSE,FALSE,2,2,0,2_0,e5c89fcf-cc57-4fad-a138-ea47ee9ea225,NA
10,33519257,33519257,1,snv_mnv,NA,NA,"broad,dkfz,muse,sanger",4,COSN10066264,NA,MER34A,FALSE,0.5238,NA,22,20,NA,NA,NA,Intron,FALSE,FALSE,FALSE,FALSE,2,2,0,2_0,e5c89fcf-cc57-4fad-a138-ea47ee9ea225,NA
10,35833925,35833925,1,snv_mnv,NA,NA,"broad,dkfz,muse,sanger",4,COSN10066611,NA,MamRep1527,FALSE,0.4118,NA,14,20,NA,NA,NA,Intron,FALSE,FALSE,FALSE,FALSE,2,2,0,2_0,e5c89fcf-cc57-4fad-a138-ea47ee9ea225,NA
10,42663173,42663173,1,snv_mnv,NA,NA,"broad,muse,sanger",3,COSN10067665,NA,HSATII,FALSE,0.4615,NA,24,28,NA,NA,NA,IGR,FALSE,FALSE,FALSE,FALSE,2,2,0,2_0,e5c89fcf-cc57-4fad-a138-ea47ee9ea225,NA
10,43562680,43562680,1,snv_mnv,NA,NA,"broad,dkfz,muse,sanger",4,COSN10067854,NA,NA,FALSE,0.3226,NA,10,21,NA,NA,NA,IGR,FALSE,FALSE,FALSE,FALSE,2,2,0,2_0,e5c89fcf-cc57-4fad-a138-ea47ee9ea225,NA
10,45502063,45502063,1,snv_mnv,NA,NA,"broad,dkfz,muse,sanger",4,COSN10068138,NA,NA,FALSE,0.4103,NA,16,23,NA,NA,NA,IGR,FALSE,FALSE,FALSE,FALSE,2,2,0,2_0,e5c89fcf-cc57-4fad-a138-ea47ee9ea225,ZNF22
10,48508460,48508460,1,snv_mnv,NA,NA,"broad,dkfz,muse,sanger",4,COSN10068351,NA,L1M5,FALSE,0.32,NA,8,17,NA,NA,NA,IGR,FALSE,FALSE,FALSE,FALSE,2,2,0,2_0,e5c89fcf-cc57-4fad-a138-ea47ee9ea225,NA
10,53992547,53992547,1,snv_mnv,NA,NA,"broad,dkfz,muse,sanger",4,COSN10068995,NA,NA,FALSE,0.3171,NA,13,28,NA,NA,NA,Intron,FALSE,FALSE,FALSE,FALSE,2,2,0,2_0,e5c89fcf-cc57-4fad-a138-ea47ee9ea225,NA
10,54761826,54761826,1,snv_mnv,NA,NA,"broad,dkfz,muse,sanger",4,COSN10069179,NA,MIRb,FALSE,0.2955,NA,13,31,NA,NA,NA,IGR,FALSE,FALSE,FALSE,FALSE,2,2,0,2_0,e5c89fcf-cc57-4fad-a138-ea47ee9ea225,NA
10,55263564,55263564,1,snv_mnv,NA,NA,"broad,dkfz,muse,sanger",4,COSN10069274,NA,HERVH-int,FALSE,0.4483,NA,13,16,NA,NA,NA,IGR,FALSE,FALSE,FALSE,FALSE,2,2,0,2_0,e5c89fcf-cc57-4fad-a138-ea47ee9ea225,NA
10,55329975,55329975,1,snv_mnv,NA,NA,"broad,dkfz,muse,sanger",4,COSN10069294,NA,NA,FALSE,0.38,NA,19,31,NA,NA,NA,IGR,FALSE,FALSE,FALSE,FALSE,2,2,0,2_0,e5c89fcf-cc57-4fad-a138-ea47ee9ea225,NA
10,55644475,55644475,1,snv_mnv,NA,NA,"broad,dkfz,muse,sanger",4,COSN10069374,NA,NA,FALSE,0.2857,NA,12,30,NA,NA,NA,Intron,FALSE,FALSE,FALSE,FALSE,2,2,0,2_0,e5c89fcf-cc57-4fad-a138-ea47ee9ea225,NA
10,56033263,56033263,1,snv_mnv,NA,NA,"broad,muse,sanger",3,COSN10069470,NA,L1ME3C,FALSE,0.325,NA,13,27,NA,NA,NA,Intron,FALSE,FALSE,FALSE,FALSE,2,2,0,2_0,e5c89fcf-cc57-4fad-a138-ea47ee9ea225,NA
10,56546469,56546469,1,snv_mnv,NA,NA,"broad,dkfz,muse,sanger",4,COSN10069605,NA,NA,FALSE,0.449,NA,22,27,NA,NA,NA,Intron,FALSE,FALSE,FALSE,FALSE,2,2,0,2_0,e5c89fcf-cc57-4fad-a138-ea47ee9ea225,NA
10,56738800,56738800,1,snv_mnv,NA,NA,"broad,dkfz,muse,sanger",4,COSN10069647,NA,MIR,FALSE,0.4444,NA,24,30,NA,NA,NA,Intron,FALSE,FALSE,FALSE,FALSE,2,2,0,2_0,e5c89fcf-cc57-4fad-a138-ea47ee9ea225,NA
10,57097861,57097861,1,snv_mnv,NA,NA,"broad,dkfz,muse,sanger",4,COSN10069725,NA,L1MA3,FALSE,0.3443,NA,21,40,NA,NA,NA,Intron,FALSE,FALSE,FALSE,FALSE,2,2,0,2_0,e5c89fcf-cc57-4fad-a138-ea47ee9ea225,NA
10,57549913,57549913,1,snv_mnv,NA,NA,"broad,muse,sanger",3,COSN10069832,NA,MIR,FALSE,0.2923,NA,19,46,NA,NA,NA,IGR,FALSE,FALSE,FALSE,FALSE,2,2,0,2_0,e5c89fcf-cc57-4fad-a138-ea47ee9ea225,NA
10,57810265,57810265,1,snv_mnv,NA,NA,"broad,dkfz,muse,sanger",4,COSN10069910,rs777716099,L1MA8,FALSE,0.4667,NA,21,24,NA,NA,NA,IGR,FALSE,FALSE,FALSE,FALSE,2,2,0,2_0,e5c89fcf-cc57-4fad-a138-ea47ee9ea225,NA
10,58092694,58092694,1,snv_mnv,NA,NA,"broad,dkfz,muse,sanger",4,COSN10070004,NA,MIR3,FALSE,0.4,NA,22,33,NA,NA,NA,IGR,FALSE,FALSE,FALSE,FALSE,2,2,0,2_0,e5c89fcf-cc57-4fad-a138-ea47ee9ea225,NA
10,58516892,58516892,1,snv_mnv,NA,NA,"broad,dkfz,muse,sanger",4,COSN10070091,NA,NA,FALSE,0.2333,NA,14,46,NA,NA,NA,IGR,FALSE,FALSE,FALSE,FALSE,2,2,0,2_0,e5c89fcf-cc57-4fad-a138-ea47ee9ea225,NA
10,59186458,59186458,1,snv_mnv,NA,NA,"broad,dkfz,muse,sanger",4,COSN10070267,NA,MER77B,FALSE,0.4359,NA,17,22,NA,NA,NA,IGR,FALSE,FALSE,FALSE,FALSE,2,2,0,2_0,e5c89fcf-cc57-4fad-a138-ea47ee9ea225,NA
10,59795204,59795204,1,snv_mnv,NA,NA,"broad,dkfz,muse,sanger",4,COSN10070384,NA,L1PA7,FALSE,0.4,NA,14,21,NA,NA,NA,IGR,FALSE,FALSE,FALSE,FALSE,2,2,0,2_0,e5c89fcf-cc57-4fad-a138-ea47ee9ea225,NA
10,60365645,60365645,1,snv_mnv,NA,NA,"broad,dkfz,muse,sanger",4,COSN10070459,NA,HAL1,FALSE,0.3913,NA,18,28,NA,NA,NA,Intron,FALSE,FALSE,FALSE,FALSE,2,2,0,2_0,e5c89fcf-cc57-4fad-a138-ea47ee9ea225,NA
10,62374125,62374125,1,snv_mnv,NA,NA,"broad,dkfz,muse,sanger",4,COSN10070717,NA,MIR,FALSE,0.3158,NA,18,39,NA,NA,NA,Intron,FALSE,FALSE,FALSE,FALSE,2,2,0,2_0,e5c89fcf-cc57-4fad-a138-ea47ee9ea225,NA
10,67529894,67529894,1,snv_mnv,NA,NA,"broad,dkfz,muse,sanger",4,COSN10071419,NA,NA,FALSE,0.2222,NA,12,42,NA,NA,NA,IGR,FALSE,FALSE,FALSE,FALSE,2,2,0,2_0,e5c89fcf-cc57-4fad-a138-ea47ee9ea225,LINC01515
10,67588617,67588617,1,snv_mnv,NA,NA,"broad,dkfz,muse,sanger",4,COSN10071428,NA,MIR,FALSE,0.4242,NA,14,19,NA,NA,NA,IGR,FALSE,FALSE,FALSE,FALSE,2,2,0,2_0,e5c89fcf-cc57-4fad-a138-ea47ee9ea225,NA
10,68344320,68344320,1,snv_mnv,NA,NA,"broad,dkfz,muse,sanger",4,COSN10071578,NA,L1PB3,FALSE,0.3898,NA,23,36,NA,NA,NA,Intron,FALSE,FALSE,FALSE,FALSE,2,2,0,2_0,e5c89fcf-cc57-4fad-a138-ea47ee9ea225,NA
10,68372080,68372080,1,snv_mnv,NA,NA,"broad,dkfz,muse,sanger",4,COSN10071582,NA,L2b,FALSE,0.4565,NA,21,25,NA,NA,NA,Intron,FALSE,FALSE,FALSE,FALSE,2,2,0,2_0,e5c89fcf-cc57-4fad-a138-ea47ee9ea225,NA
10,68446893,68446893,1,snv_mnv,NA,NA,"broad,dkfz,muse,sanger",4,COSN10071594,NA,NA,FALSE,0.386,NA,22,35,NA,NA,NA,Intron,FALSE,FALSE,FALSE,FALSE,2,2,0,2_0,e5c89fcf-cc57-4fad-a138-ea47ee9ea225,NA
10,69207419,69207419,1,snv_mnv,NA,NA,"broad,dkfz,muse,sanger",4,COSN10071740,NA,L2a,FALSE,0.4576,NA,27,32,NA,NA,NA,Intron,FALSE,FALSE,FALSE,FALSE,2,2,0,2_0,e5c89fcf-cc57-4fad-a138-ea47ee9ea225,NA
10,71681129,71681129,1,snv_mnv,NA,NA,"broad,dkfz,muse",3,COSN15585278,NA,MLT1C,FALSE,0.2647,NA,9,25,NA,NA,NA,Intron,FALSE,FALSE,FALSE,FALSE,2,2,0,2_0,e5c89fcf-cc57-4fad-a138-ea47ee9ea225,NA
10,71973006,71973006,1,snv_mnv,NA,NA,"broad,dkfz,muse,sanger",4,COSN10072105,NA,NA,FALSE,0.38,NA,19,31,NA,NA,NA,Intron,FALSE,FALSE,FALSE,FALSE,2,2,0,2_0,e5c89fcf-cc57-4fad-a138-ea47ee9ea225,PPA1
10,73706163,73706163,1,snv_mnv,NA,NA,"broad,dkfz,muse,sanger",4,COSN10072323,NA,LTR2,FALSE,0.3226,NA,10,21,NA,NA,NA,IGR,FALSE,FALSE,FALSE,FALSE,2,2,0,2_0,e5c89fcf-cc57-4fad-a138-ea47ee9ea225,NA
10,78674221,78674221,1,snv_mnv,NA,NA,"broad,dkfz,muse,sanger",4,COSN10072932,NA,NA,FALSE,0.3235,NA,11,23,NA,NA,NA,Intron,FALSE,FALSE,FALSE,FALSE,2,2,0,2_0,e5c89fcf-cc57-4fad-a138-ea47ee9ea225,NA
10,78771637,78771637,1,snv_mnv,NA,NA,"broad,dkfz,muse,sanger",4,COSN10072950,NA,NA,FALSE,0.3043,NA,14,32,NA,NA,NA,Intron,FALSE,FALSE,FALSE,FALSE,2,2,0,2_0,e5c89fcf-cc57-4fad-a138-ea47ee9ea225,KCNMA1
10,81220855,81220855,1,snv_mnv,NA,NA,"broad,dkfz,muse,sanger",4,COSN10073297,NA,MLT1J,FALSE,0.3256,NA,14,29,NA,NA,NA,IGR,FALSE,FALSE,FALSE,FALSE,2,2,0,2_0,e5c89fcf-cc57-4fad-a138-ea47ee9ea225,NA
10,82841725,82841725,1,snv_mnv,NA,NA,"broad,dkfz,muse,sanger",4,COSN10073504,NA,L1PA15,FALSE,0.3864,NA,17,27,NA,NA,NA,IGR,FALSE,FALSE,FALSE,FALSE,2,2,0,2_0,e5c89fcf-cc57-4fad-a138-ea47ee9ea225,NA
10,82930076,82930076,1,snv_mnv,NA,NA,"broad,dkfz,muse,sanger",4,COSN10073531,NA,NA,FALSE,0.2373,NA,14,45,NA,NA,NA,IGR,FALSE,FALSE,FALSE,FALSE,2,2,0,2_0,e5c89fcf-cc57-4fad-a138-ea47ee9ea225,NA
10,83223148,83223148,1,snv_mnv,NA,NA,"broad,dkfz,muse,sanger",4,COSN10073591,NA,NA,FALSE,0.3448,NA,20,38,NA,NA,NA,IGR,FALSE,FALSE,FALSE,FALSE,2,2,0,2_0,e5c89fcf-cc57-4fad-a138-ea47ee9ea225,NA
10,83712354,83712354,1,snv_mnv,NA,NA,"broad,dkfz,muse,sanger",4,COSN10073681,NA,NA,FALSE,0.4324,NA,16,21,NA,NA,NA,Intron,FALSE,FALSE,FALSE,FALSE,2,2,0,2_0,e5c89fcf-cc57-4fad-a138-ea47ee9ea225,NA
10,83726464,83726464,1,snv_mnv,NA,NA,"broad,dkfz,muse,sanger",4,COSN10073682,NA,NA,FALSE,0.3438,NA,11,21,NA,NA,NA,Intron,FALSE,FALSE,FALSE,FALSE,2,2,0,2_0,e5c89fcf-cc57-4fad-a138-ea47ee9ea225,NA
10,83738328,83738328,1,snv_mnv,NA,NA,"broad,dkfz,muse,sanger",4,COSN10073686,NA,NA,FALSE,0.4242,NA,14,19,NA,NA,NA,Intron,FALSE,FALSE,FALSE,FALSE,2,2,0,2_0,e5c89fcf-cc57-4fad-a138-ea47ee9ea225,NA
10,84080121,84080121,1,snv_mnv,NA,NA,"broad,dkfz,muse,sanger",4,COSN10073738,NA,NA,FALSE,0.3673,NA,18,31,NA,NA,NA,Intron,FALSE,FALSE,FALSE,FALSE,2,2,0,2_0,e5c89fcf-cc57-4fad-a138-ea47ee9ea225,NA
10,84241864,84241864,1,snv_mnv,NA,NA,"broad,dkfz,muse,sanger",4,COSN15585320,NA,NA,FALSE,0.2308,NA,9,30,NA,NA,NA,Intron,FALSE,FALSE,FALSE,FALSE,2,2,0,2_0,e5c89fcf-cc57-4fad-a138-ea47ee9ea225,NA
10,86183969,86183969,1,snv_mnv,NA,NA,"broad,dkfz,muse,sanger",4,COSN10074112,NA,NA,FALSE,0.3659,NA,15,26,NA,NA,NA,Intron,FALSE,FALSE,FALSE,FALSE,2,2,0,2_0,e5c89fcf-cc57-4fad-a138-ea47ee9ea225,CCSER2
10,87052098,87052098,1,snv_mnv,NA,NA,"broad,dkfz,muse",3,COSN10074282,NA,L1MC4a,FALSE,0.2778,NA,15,39,NA,NA,NA,IGR,FALSE,FALSE,FALSE,FALSE,2,2,0,2_0,e5c89fcf-cc57-4fad-a138-ea47ee9ea225,NA
10,88329180,88329180,1,snv_mnv,NA,NA,"broad,dkfz,muse,sanger",4,COSN10074519,NA,LTR8,FALSE,0.375,NA,6,10,NA,NA,NA,IGR,FALSE,FALSE,FALSE,FALSE,2,2,0,2_0,e5c89fcf-cc57-4fad-a138-ea47ee9ea225,NA
10,89672547,89672547,1,snv_mnv,NA,NA,"broad,dkfz,muse,sanger",4,COSN10074658,NA,L1MB3,FALSE,0.375,NA,21,35,NA,NA,NA,Intron,FALSE,FALSE,FALSE,FALSE,2,2,0,2_0,e5c89fcf-cc57-4fad-a138-ea47ee9ea225,NA
10,90327718,90327718,1,snv_mnv,NA,NA,"broad,dkfz,muse,sanger",4,COSN10074743,NA,NA,FALSE,0.3243,NA,12,25,NA,NA,NA,Intron,FALSE,FALSE,FALSE,FALSE,2,2,0,2_0,e5c89fcf-cc57-4fad-a138-ea47ee9ea225,RNLS
10,91608597,91608597,1,snv_mnv,9.984e-4,rs575249368,"broad,dkfz,muse,sanger",4,COSN10074901,rs575249368,AluSc,FALSE,0.3077,NA,8,18,NA,NA,NA,IGR,FALSE,FALSE,FALSE,FALSE,2,2,0,2_0,e5c89fcf-cc57-4fad-a138-ea47ee9ea225,NA
10,96460373,96460373,1,snv_mnv,NA,NA,"broad,muse,sanger",3,COSN10075678,NA,L1PA4,FALSE,0.4222,NA,19,26,NA,NA,NA,Intron,FALSE,FALSE,FALSE,FALSE,2,2,0,2_0,e5c89fcf-cc57-4fad-a138-ea47ee9ea225,NA
10,101026029,101026029,1,snv_mnv,NA,NA,"broad,dkfz,muse,sanger",4,COSN10057730,NA,L1PB1,FALSE,0.44,NA,11,14,NA,NA,NA,IGR,FALSE,FALSE,FALSE,FALSE,2,2,0,2_0,e5c89fcf-cc57-4fad-a138-ea47ee9ea225,NA
10,101168600,101168600,1,snv_mnv,NA,NA,"broad,dkfz,muse,sanger",4,COSN10057749,NA,NA,FALSE,0.3721,NA,16,27,NA,NA,NA,Intron,FALSE,FALSE,FALSE,FALSE,2,2,0,2_0,e5c89fcf-cc57-4fad-a138-ea47ee9ea225,NA
10,101925057,101925057,1,snv_mnv,NA,NA,"broad,dkfz,muse,sanger",4,COSN10057865,NA,NA,FALSE,0.1364,NA,3,19,NA,NA,NA,Intron,FALSE,FALSE,FALSE,FALSE,2,2,0,2_0,e5c89fcf-cc57-4fad-a138-ea47ee9ea225,NA
10,101925058,101925058,1,snv_mnv,NA,NA,"broad,dkfz,muse,sanger",4,COSN10057866,NA,NA,FALSE,0.0909,NA,2,20,NA,NA,NA,Intron,FALSE,FALSE,FALSE,FALSE,2,2,0,2_0,e5c89fcf-cc57-4fad-a138-ea47ee9ea225,NA
10,101925059,101925059,1,snv_mnv,NA,NA,"broad,dkfz,muse,sanger",4,COSN10057867,NA,NA,FALSE,0.0909,NA,2,20,NA,NA,NA,Intron,FALSE,FALSE,FALSE,FALSE,2,2,0,2_0,e5c89fcf-cc57-4fad-a138-ea47ee9ea225,NA
10,106030832,106030832,1,snv_mnv,NA,NA,"broad,dkfz,muse,sanger",4,COSN10058480,NA,NA,FALSE,0.3617,NA,17,30,NA,NA,NA,Intron,FALSE,FALSE,FALSE,FALSE,2,2,0,2_0,e5c89fcf-cc57-4fad-a138-ea47ee9ea225,"GSTO2,GSTO1,MIR4482"
10,106856039,106856039,1,snv_mnv,NA,NA,"broad,dkfz,muse,sanger",4,COSN10058641,NA,NA,FALSE,0.3111,NA,14,31,NA,NA,NA,Intron,FALSE,FALSE,FALSE,FALSE,2,2,0,2_0,e5c89fcf-cc57-4fad-a138-ea47ee9ea225,NA
10,107029217,107029217,1,snv_mnv,NA,NA,"broad,dkfz,muse,sanger",4,COSN10058679,NA,NA,FALSE,0.4444,NA,20,25,NA,NA,NA,IGR,FALSE,FALSE,FALSE,FALSE,2,2,0,2_0,e5c89fcf-cc57-4fad-a138-ea47ee9ea225,SORCS3
10,107034385,107034385,1,snv_mnv,NA,NA,"broad,dkfz,muse,sanger",4,COSN10058681,NA,NA,FALSE,0.3469,NA,17,32,NA,NA,NA,IGR,FALSE,FALSE,FALSE,FALSE,2,2,0,2_0,e5c89fcf-cc57-4fad-a138-ea47ee9ea225,NA
10,107473673,107473673,1,snv_mnv,NA,NA,"broad,dkfz,muse,sanger",4,COSN10058780,NA,NA,FALSE,0.4324,NA,16,21,NA,NA,NA,IGR,FALSE,FALSE,FALSE,FALSE,2,2,0,2_0,e5c89fcf-cc57-4fad-a138-ea47ee9ea225,NA
10,107844723,107844723,1,snv_mnv,NA,NA,"broad,dkfz,muse,sanger",4,COSN10058871,NA,NA,FALSE,0.2791,NA,12,31,NA,NA,NA,IGR,FALSE,FALSE,FALSE,FALSE,2,2,0,2_0,e5c89fcf-cc57-4fad-a138-ea47ee9ea225,NA
10,108345229,108345229,1,snv_mnv,NA,NA,"broad,dkfz,muse,sanger",4,COSN10058988,NA,NA,FALSE,0.28,NA,14,36,NA,NA,NA,Intron,FALSE,FALSE,FALSE,FALSE,2,2,0,2_0,e5c89fcf-cc57-4fad-a138-ea47ee9ea225,NA
10,109041286,109041286,1,snv_mnv,NA,NA,"broad,dkfz,muse,sanger",4,COSN15585191,NA,L1PA7,FALSE,0.2619,NA,11,31,NA,NA,NA,IGR,FALSE,FALSE,FALSE,FALSE,2,2,0,2_0,e5c89fcf-cc57-4fad-a138-ea47ee9ea225,NA
10,109882017,109882017,1,snv_mnv,NA,NA,"broad,dkfz,muse",3,COSN15584764,NA,MER66-int,FALSE,0.2857,NA,12,30,NA,NA,NA,IGR,FALSE,FALSE,FALSE,FALSE,2,2,0,2_0,e5c89fcf-cc57-4fad-a138-ea47ee9ea225,NA
10,109988046,109988046,1,snv_mnv,NA,NA,"broad,dkfz,muse,sanger",4,COSN10059262,NA,NA,FALSE,0.425,NA,17,23,NA,NA,NA,IGR,FALSE,FALSE,FALSE,FALSE,2,2,0,2_0,e5c89fcf-cc57-4fad-a138-ea47ee9ea225,NA
10,110366593,110366593,1,snv_mnv,NA,NA,"broad,dkfz,muse,sanger",4,COSN10059354,NA,L1PA7,FALSE,0.3333,NA,15,30,NA,NA,NA,IGR,FALSE,FALSE,FALSE,FALSE,2,2,0,2_0,e5c89fcf-cc57-4fad-a138-ea47ee9ea225,NA
10,110410250,110410250,1,snv_mnv,NA,NA,"broad,dkfz,muse,sanger",4,COSN10059364,NA,MLT1K,FALSE,0.4545,NA,20,24,NA,NA,NA,IGR,FALSE,FALSE,FALSE,FALSE,2,2,0,2_0,e5c89fcf-cc57-4fad-a138-ea47ee9ea225,NA
10,110493143,110493143,1,snv_mnv,NA,NA,"broad,dkfz,muse,sanger",4,COSN10059379,NA,L1MDa,FALSE,0.2778,NA,15,39,NA,NA,NA,lincRNA,FALSE,FALSE,FALSE,FALSE,2,2,0,2_0,e5c89fcf-cc57-4fad-a138-ea47ee9ea225,NA
10,110502382,110502382,1,snv_mnv,NA,NA,"broad,dkfz,muse,sanger",4,COSN10059381,NA,MIRb,FALSE,0.3519,NA,19,35,NA,NA,NA,lincRNA,FALSE,FALSE,FALSE,FALSE,2,2,0,2_0,e5c89fcf-cc57-4fad-a138-ea47ee9ea225,NA
10,111486505,111486505,1,snv_mnv,NA,NA,"broad,dkfz,muse,sanger",4,COSN10059554,NA,MIR3,FALSE,0.3404,NA,16,31,NA,NA,NA,IGR,FALSE,FALSE,FALSE,FALSE,2,2,0,2_0,e5c89fcf-cc57-4fad-a138-ea47ee9ea225,NA
10,112981529,112981529,1,snv_mnv,NA,NA,"broad,dkfz,muse,sanger",4,COSN10059777,NA,MIR,FALSE,0.325,NA,13,27,NA,NA,NA,IGR,FALSE,FALSE,FALSE,FALSE,2,2,0,2_0,e5c89fcf-cc57-4fad-a138-ea47ee9ea225,NA
10,113357286,113357286,1,snv_mnv,NA,NA,"broad,dkfz,muse,sanger",4,COSN10059847,NA,L2c,FALSE,0.2927,NA,12,29,NA,NA,NA,IGR,FALSE,FALSE,FALSE,FALSE,2,2,0,2_0,e5c89fcf-cc57-4fad-a138-ea47ee9ea225,NA
10,114964019,114964019,1,snv_mnv,NA,NA,"broad,dkfz,muse,sanger",4,COSN10060100,NA,L1MA2,FALSE,0.3529,NA,18,33,NA,NA,NA,IGR,FALSE,FALSE,FALSE,FALSE,2,2,0,2_0,e5c89fcf-cc57-4fad-a138-ea47ee9ea225,NA
10,115004141,115004141,1,snv_mnv,NA,NA,"broad,dkfz,muse,sanger",4,COSN10060104,NA,NA,FALSE,0.381,NA,16,26,NA,NA,NA,IGR,FALSE,FALSE,FALSE,FALSE,2,2,0,2_0,e5c89fcf-cc57-4fad-a138-ea47ee9ea225,NA
10,115918798,115918798,1,snv_mnv,NA,NA,"broad,dkfz,muse,sanger",4,COSN10060231,NA,L2a,FALSE,0.3871,NA,12,19,NA,NA,NA,Intron,FALSE,FALSE,FALSE,FALSE,2,2,0,2_0,e5c89fcf-cc57-4fad-a138-ea47ee9ea225,CCDC186
10,116301263,116301263,1,snv_mnv,1.9968e-4,rs561241243,"broad,dkfz,muse,sanger",4,COSN10060263,rs561241243,NA,FALSE,0.2692,NA,7,19,NA,NA,NA,Intron,FALSE,FALSE,FALSE,FALSE,2,2,0,2_0,e5c89fcf-cc57-4fad-a138-ea47ee9ea225,NA
10,117759384,117759384,1,snv_mnv,NA,NA,"broad,dkfz,muse,sanger",4,COSN10060454,NA,NA,FALSE,0.3488,NA,15,28,NA,NA,NA,IGR,FALSE,FALSE,FALSE,FALSE,2,2,0,2_0,e5c89fcf-cc57-4fad-a138-ea47ee9ea225,NA
10,122627992,122627992,1,snv_mnv,NA,NA,"broad,dkfz,muse,sanger",4,COSN15584883,NA,NA,FALSE,0.2667,NA,8,22,NA,NA,NA,Intron,FALSE,FALSE,FALSE,FALSE,2,2,0,2_0,e5c89fcf-cc57-4fad-a138-ea47ee9ea225,WDR11
10,128886947,128886947,1,snv_mnv,NA,NA,"broad,dkfz,muse,sanger",4,COSN10061973,NA,NA,FALSE,0.383,NA,18,29,NA,NA,NA,Intron,FALSE,FALSE,FALSE,FALSE,2,2,0,2_0,e5c89fcf-cc57-4fad-a138-ea47ee9ea225,NA
10,132119339,132119339,1,snv_mnv,NA,NA,"broad,dkfz,muse,sanger",4,COSN10062524,NA,L1M5,FALSE,0.193,NA,11,46,NA,NA,NA,IGR,FALSE,FALSE,FALSE,FALSE,2,2,0,2_0,e5c89fcf-cc57-4fad-a138-ea47ee9ea225,NA
10,133161335,133161335,1,snv_mnv,NA,NA,"broad,dkfz,muse,sanger",4,COSN10062749,rs565179514,NA,FALSE,0.3125,NA,10,22,NA,NA,NA,IGR,FALSE,FALSE,FALSE,FALSE,2,2,0,2_0,e5c89fcf-cc57-4fad-a138-ea47ee9ea225,NA
10,135419725,135419725,1,snv_mnv,NA,NA,"broad,dkfz,muse,sanger",4,COSN10063104,NA,HERVK14-int,FALSE,0.3171,NA,13,28,NA,NA,NA,IGR,FALSE,FALSE,FALSE,FALSE,2,2,0,2_0,e5c89fcf-cc57-4fad-a138-ea47ee9ea225,NA
11,2362030,2362030,1,snv_mnv,NA,NA,"broad,dkfz,muse,sanger",4,COSN10083394,NA,HERVIP10FH-int,FALSE,0.2812,NA,9,23,NA,NA,NA,RNA,FALSE,FALSE,FALSE,FALSE,4,2,2,2_2,e5c89fcf-cc57-4fad-a138-ea47ee9ea225,NA
11,6088316,6088316,1,snv_mnv,NA,NA,"broad,dkfz,muse,sanger",4,COSN10090162,NA,NA,FALSE,0.2381,NA,10,32,NA,NA,NA,IGR,FALSE,FALSE,FALSE,FALSE,4,2,2,2_2,e5c89fcf-cc57-4fad-a138-ea47ee9ea225,NA
11,6186458,6186458,1,snv_mnv,NA,NA,"broad,dkfz,muse,sanger",4,COSN10090271,NA,L1MA2,FALSE,0.3385,NA,22,43,NA,NA,NA,RNA,FALSE,FALSE,FALSE,FALSE,4,2,2,2_2,e5c89fcf-cc57-4fad-a138-ea47ee9ea225,OR52B2
11,6817562,6817562,1,snv_mnv,NA,NA,"broad,dkfz,muse,sanger",4,COSN10090973,NA,MIR,FALSE,0.3077,NA,16,36,NA,NA,NA,5'Flank,FALSE,FALSE,FALSE,FALSE,4,2,2,2_2,e5c89fcf-cc57-4fad-a138-ea47ee9ea225,"OR2AG1,OR6A2"
11,6938993,6938993,1,snv_mnv,NA,NA,"broad,dkfz,muse,sanger",4,COSN10091125,NA,L1MEc,FALSE,0.2985,NA,20,47,NA,NA,NA,IGR,FALSE,FALSE,FALSE,FALSE,4,2,2,2_2,e5c89fcf-cc57-4fad-a138-ea47ee9ea225,OR2D3
11,7650927,7650927,1,snv_mnv,NA,NA,"broad,dkfz,muse,sanger",4,COSN10092044,NA,NA,FALSE,0.3585,NA,19,34,NA,NA,NA,Intron,FALSE,FALSE,FALSE,FALSE,4,2,2,2_2,e5c89fcf-cc57-4fad-a138-ea47ee9ea225,PPFIBP2
11,7698659,7698659,1,snv_mnv,NA,NA,"broad,dkfz,muse,sanger",4,COSN10092100,NA,THE1C,FALSE,0.3261,NA,15,31,NA,NA,NA,IGR,FALSE,FALSE,FALSE,FALSE,4,2,2,2_2,e5c89fcf-cc57-4fad-a138-ea47ee9ea225,CYB5R2
11,8177249,8177249,1,snv_mnv,NA,NA,"broad,dkfz,muse,sanger",4,COSN10092837,NA,NA,FALSE,0.3265,NA,16,33,NA,NA,NA,Intron,FALSE,FALSE,FALSE,FALSE,4,2,2,2_2,e5c89fcf-cc57-4fad-a138-ea47ee9ea225,NA
11,10130728,10130728,1,snv_mnv,NA,NA,"broad,dkfz,muse,sanger",4,COSN10076415,NA,NA,FALSE,0.1897,NA,11,47,NA,NA,NA,Intron,FALSE,FALSE,FALSE,TRUE,4,2,2,2_2,e5c89fcf-cc57-4fad-a138-ea47ee9ea225,NA
11,11530238,11530238,1,snv_mnv,NA,NA,"broad,dkfz,muse,sanger",4,COSN10078602,NA,NA,FALSE,0.2414,NA,14,44,NA,NA,NA,Intron,FALSE,FALSE,FALSE,FALSE,4,2,2,2_2,e5c89fcf-cc57-4fad-a138-ea47ee9ea225,NA
11,11954887,11954887,1,snv_mnv,NA,NA,"broad,dkfz,muse,sanger",4,COSN10079138,NA,L1ME4a,FALSE,0.386,NA,22,35,NA,NA,NA,Intron,FALSE,FALSE,FALSE,FALSE,4,2,2,2_2,e5c89fcf-cc57-4fad-a138-ea47ee9ea225,USP47
11,12041983,12041983,1,snv_mnv,NA,NA,"broad,dkfz,muse,sanger",4,COSN10079257,NA,NA,FALSE,0.2836,NA,19,48,NA,NA,NA,IGR,FALSE,FALSE,FALSE,FALSE,4,2,2,2_2,e5c89fcf-cc57-4fad-a138-ea47ee9ea225,NA
11,12108806,12108806,1,snv_mnv,NA,NA,"broad,dkfz,muse,sanger",4,COSN10079361,NA,NA,FALSE,0.2683,NA,11,30,NA,NA,NA,lincRNA,FALSE,FALSE,FALSE,FALSE,4,2,2,2_2,e5c89fcf-cc57-4fad-a138-ea47ee9ea225,NA
11,13560251,13560251,1,snv_mnv,NA,NA,"broad,dkfz,muse,sanger",4,COSN10081743,NA,THE1C-int,FALSE,0.2941,NA,15,36,NA,NA,NA,IGR,FALSE,FALSE,FALSE,FALSE,4,2,2,2_2,e5c89fcf-cc57-4fad-a138-ea47ee9ea225,NA
11,14042823,14042823,1,snv_mnv,NA,NA,"broad,dkfz,muse,sanger",4,COSN10081810,NA,L2a,FALSE,0.2239,NA,15,52,NA,NA,NA,RNA,FALSE,FALSE,FALSE,FALSE,4,2,2,2_2,e5c89fcf-cc57-4fad-a138-ea47ee9ea225,NA
11,15444611,15444611,1,snv_mnv,NA,NA,"broad,dkfz,muse,sanger",4,COSN10081994,NA,L2,FALSE,0.3333,NA,20,40,NA,NA,NA,IGR,FALSE,FALSE,FALSE,FALSE,4,2,2,2_2,e5c89fcf-cc57-4fad-a138-ea47ee9ea225,NA
11,16126939,16126939,1,snv_mnv,NA,NA,"broad,dkfz,muse,sanger",4,COSN10082098,NA,L1MB4,FALSE,0.2836,NA,19,48,NA,NA,NA,Intron,FALSE,FALSE,FALSE,FALSE,4,2,2,2_2,e5c89fcf-cc57-4fad-a138-ea47ee9ea225,NA
11,16401295,16401295,1,snv_mnv,NA,NA,"broad,dkfz,muse,sanger",4,COSN10082137,NA,L1ME4a,FALSE,0.2468,NA,19,58,NA,NA,NA,Intron,FALSE,FALSE,FALSE,FALSE,4,2,2,2_2,e5c89fcf-cc57-4fad-a138-ea47ee9ea225,NA
11,19729808,19729808,1,snv_mnv,NA,NA,"broad,dkfz,muse,sanger",4,COSN10082646,NA,NA,FALSE,0.2407,NA,13,41,NA,NA,NA,Intron,FALSE,FALSE,FALSE,FALSE,4,2,2,2_2,e5c89fcf-cc57-4fad-a138-ea47ee9ea225,AC009549.1
11,20720276,20720276,1,snv_mnv,NA,NA,"broad,dkfz,muse,sanger",4,COSN15585160,NA,L1PB1,FALSE,0.25,NA,13,39,NA,NA,NA,Intron,FALSE,FALSE,FALSE,FALSE,4,2,2,2_2,e5c89fcf-cc57-4fad-a138-ea47ee9ea225,NA
11,21025317,21025317,1,snv_mnv,NA,NA,"broad,dkfz,muse,sanger",4,COSN10082878,NA,NA,FALSE,0.3478,NA,16,30,NA,NA,NA,Intron,FALSE,FALSE,FALSE,FALSE,4,2,2,2_2,e5c89fcf-cc57-4fad-a138-ea47ee9ea225,RNA5SP336
11,23649234,23649234,1,snv_mnv,NA,NA,"broad,dkfz,muse,sanger",4,COSN10083402,NA,NA,FALSE,0.2239,NA,15,52,NA,NA,NA,IGR,FALSE,FALSE,FALSE,FALSE,4,2,2,2_2,e5c89fcf-cc57-4fad-a138-ea47ee9ea225,NA
11,24766750,24766750,1,snv_mnv,NA,NA,"broad,dkfz,muse,sanger",4,COSN10083696,NA,L1PB1,FALSE,0.3333,NA,24,48,NA,NA,NA,Intron,FALSE,FALSE,FALSE,FALSE,4,2,2,2_2,e5c89fcf-cc57-4fad-a138-ea47ee9ea225,NA
11,25359895,25359895,1,snv_mnv,NA,NA,"broad,dkfz,muse,sanger",4,COSN10083826,NA,L1MC1,FALSE,0.3095,NA,13,29,NA,NA,NA,IGR,FALSE,FALSE,FALSE,FALSE,4,2,2,2_2,e5c89fcf-cc57-4fad-a138-ea47ee9ea225,NA
11,26002217,26002217,1,snv_mnv,NA,NA,"broad,dkfz,muse,sanger",4,COSN10083964,NA,L2,FALSE,0.2188,NA,21,75,NA,NA,NA,IGR,FALSE,FALSE,FALSE,FALSE,4,2,2,2_2,e5c89fcf-cc57-4fad-a138-ea47ee9ea225,NA
11,26018780,26018780,1,snv_mnv,NA,NA,"broad,dkfz,muse,sanger",4,COSN10083971,NA,NA,FALSE,0.2588,NA,22,63,NA,NA,NA,IGR,FALSE,FALSE,FALSE,FALSE,4,2,2,2_2,e5c89fcf-cc57-4fad-a138-ea47ee9ea225,NA
11,26141561,26141561,1,snv_mnv,NA,NA,"broad,dkfz,muse,sanger",4,COSN10083989,NA,MIR,FALSE,0.3086,NA,25,56,NA,NA,NA,IGR,FALSE,FALSE,FALSE,FALSE,4,2,2,2_2,e5c89fcf-cc57-4fad-a138-ea47ee9ea225,NA
11,26254953,26254953,1,snv_mnv,NA,NA,"broad,dkfz,muse,sanger",4,COSN10084007,NA,L1PA8,FALSE,0.3333,NA,27,54,NA,NA,NA,Intron,FALSE,FALSE,FALSE,FALSE,4,2,2,2_2,e5c89fcf-cc57-4fad-a138-ea47ee9ea225,NA
11,26498672,26498672,1,snv_mnv,NA,NA,"broad,dkfz,muse,sanger",4,COSN10084043,NA,L2c,FALSE,0.2105,NA,12,45,NA,NA,NA,Intron,FALSE,FALSE,FALSE,FALSE,4,2,2,2_2,e5c89fcf-cc57-4fad-a138-ea47ee9ea225,NA
11,26902534,26902534,1,snv_mnv,NA,NA,"broad,dkfz,muse,sanger",4,COSN10084108,NA,L1PA16,FALSE,0.3077,NA,16,36,NA,NA,NA,IGR,FALSE,FALSE,FALSE,FALSE,4,2,2,2_2,e5c89fcf-cc57-4fad-a138-ea47ee9ea225,NA
11,27481965,27481965,1,snv_mnv,NA,NA,"broad,dkfz,muse,sanger",4,COSN15584723,NA,NA,FALSE,0.2075,NA,11,42,NA,NA,NA,Intron,FALSE,FALSE,FALSE,FALSE,4,2,2,2_2,e5c89fcf-cc57-4fad-a138-ea47ee9ea225,NA
11,29114496,29114496,1,snv_mnv,NA,NA,"broad,dkfz,muse,sanger",4,COSN10084452,NA,NA,FALSE,0.2609,NA,18,51,NA,NA,NA,IGR,FALSE,FALSE,FALSE,FALSE,4,2,2,2_2,e5c89fcf-cc57-4fad-a138-ea47ee9ea225,NA
11,29214801,29214801,1,snv_mnv,NA,NA,"broad,dkfz,muse,sanger",4,COSN10084473,NA,NA,FALSE,0.2879,NA,19,47,NA,NA,NA,lincRNA,FALSE,FALSE,FALSE,FALSE,4,2,2,2_2,e5c89fcf-cc57-4fad-a138-ea47ee9ea225,NA
11,29465358,29465358,1,snv_mnv,NA,NA,"broad,dkfz,muse,sanger",4,COSN10084538,NA,MSTA,FALSE,0.2623,NA,16,45,NA,NA,NA,lincRNA,FALSE,FALSE,FALSE,FALSE,4,2,2,2_2,e5c89fcf-cc57-4fad-a138-ea47ee9ea225,AC090124.2
11,29905211,29905211,1,snv_mnv,NA,NA,"broad,dkfz,muse,sanger",4,COSN10084640,NA,LTR49-int,FALSE,0.2754,NA,19,50,NA,NA,NA,lincRNA,FALSE,FALSE,FALSE,FALSE,4,2,2,2_2,e5c89fcf-cc57-4fad-a138-ea47ee9ea225,AC107973.1
11,30083080,30083080,1,snv_mnv,NA,NA,"broad,dkfz,muse,sanger",4,COSN10084687,NA,L1MB7,FALSE,0.2459,NA,15,46,NA,NA,NA,lincRNA,FALSE,FALSE,FALSE,FALSE,4,2,2,2_2,e5c89fcf-cc57-4fad-a138-ea47ee9ea225,NA
11,30610913,30610913,1,snv_mnv,NA,NA,"broad,dkfz,muse,sanger",4,COSN10084772,NA,NA,FALSE,0.2273,NA,15,51,NA,NA,NA,RNA,FALSE,FALSE,FALSE,FALSE,4,2,2,2_2,e5c89fcf-cc57-4fad-a138-ea47ee9ea225,"AL136088.1,MPPED2"
11,31472229,31472229,1,snv_mnv,NA,NA,"broad,dkfz,muse,sanger",4,COSN10084895,NA,NA,FALSE,0.3091,NA,17,38,NA,NA,NA,Intron,FALSE,FALSE,FALSE,FALSE,4,2,2,2_2,e5c89fcf-cc57-4fad-a138-ea47ee9ea225,IMMP1L
11,32376627,32376627,1,snv_mnv,NA,NA,"broad,dkfz,muse,sanger",4,COSN10085032,NA,NA,FALSE,0.25,NA,14,42,NA,NA,NA,IGR,FALSE,FALSE,FALSE,FALSE,4,2,2,2_2,e5c89fcf-cc57-4fad-a138-ea47ee9ea225,NA
11,32855488,32855488,1,snv_mnv,NA,NA,"broad,dkfz,muse,sanger",4,COSN10085095,NA,L2a,FALSE,0.2857,NA,16,40,NA,NA,NA,Intron,FALSE,FALSE,FALSE,FALSE,4,2,2,2_2,e5c89fcf-cc57-4fad-a138-ea47ee9ea225,NA
11,33064838,33064838,1,snv_mnv,NA,NA,"broad,dkfz,muse,sanger",4,COSN10085110,NA,NA,FALSE,0.25,NA,18,54,NA,NA,NA,Intron,FALSE,FALSE,FALSE,FALSE,4,2,2,2_2,e5c89fcf-cc57-4fad-a138-ea47ee9ea225,NA
11,34893961,34893961,1,snv_mnv,NA,NA,"broad,dkfz,muse,sanger",4,COSN10085377,NA,MER21B,FALSE,0.3559,NA,21,38,NA,NA,NA,IGR,FALSE,FALSE,FALSE,FALSE,4,2,2,2_2,e5c89fcf-cc57-4fad-a138-ea47ee9ea225,NA
11,35260872,35260872,1,snv_mnv,NA,NA,"broad,dkfz,muse,sanger",4,COSN10085449,NA,NA,FALSE,0.2239,NA,15,52,NA,NA,NA,IGR,FALSE,FALSE,FALSE,FALSE,4,2,2,2_2,e5c89fcf-cc57-4fad-a138-ea47ee9ea225,NA
11,35293141,35293141,1,snv_mnv,NA,NA,"broad,dkfz,muse,sanger",4,COSN10085456,NA,L2a,FALSE,0.2167,NA,13,47,NA,NA,NA,Intron,FALSE,FALSE,FALSE,FALSE,4,2,2,2_2,e5c89fcf-cc57-4fad-a138-ea47ee9ea225,NA
11,35305350,35305350,1,snv_mnv,NA,NA,"broad,dkfz,muse,sanger",4,COSN10085457,NA,NA,FALSE,0.2462,NA,16,49,NA,NA,NA,Intron,FALSE,FALSE,FALSE,FALSE,4,2,2,2_2,e5c89fcf-cc57-4fad-a138-ea47ee9ea225,SLC1A2
11,35376759,35376759,1,snv_mnv,NA,NA,"broad,dkfz,muse",3,COSN10085467,NA,NA,FALSE,0.283,NA,15,38,NA,NA,NA,Intron,FALSE,FALSE,FALSE,FALSE,4,2,2,2_2,e5c89fcf-cc57-4fad-a138-ea47ee9ea225,SLC1A2
11,37584516,37584516,1,snv_mnv,NA,NA,"broad,dkfz,muse,sanger",4,COSN10085846,NA,NA,FALSE,0.0588,NA,3,48,NA,NA,NA,IGR,FALSE,FALSE,FALSE,FALSE,4,2,2,2_2,e5c89fcf-cc57-4fad-a138-ea47ee9ea225,NA
11,37698698,37698698,1,snv_mnv,NA,NA,"broad,dkfz,muse,sanger",4,COSN10085885,NA,L1MA8,FALSE,0.2338,NA,18,59,NA,NA,NA,IGR,FALSE,FALSE,FALSE,FALSE,4,2,2,2_2,e5c89fcf-cc57-4fad-a138-ea47ee9ea225,NA
11,37761450,37761450,1,snv_mnv,NA,NA,"broad,dkfz,muse,sanger",4,COSN10085904,NA,NA,FALSE,0.2338,NA,18,59,NA,NA,NA,IGR,FALSE,FALSE,FALSE,FALSE,4,2,2,2_2,e5c89fcf-cc57-4fad-a138-ea47ee9ea225,NA
11,38070726,38070726,1,snv_mnv,NA,NA,"broad,dkfz,muse,sanger",4,COSN10086000,NA,NA,FALSE,0.2299,NA,20,67,NA,NA,NA,IGR,FALSE,FALSE,FALSE,FALSE,4,2,2,2_2,e5c89fcf-cc57-4fad-a138-ea47ee9ea225,NA
11,38530630,38530630,1,snv_mnv,NA,NA,"broad,dkfz,muse,sanger",4,COSN10086164,NA,NA,FALSE,0.2958,NA,21,50,NA,NA,NA,IGR,FALSE,FALSE,FALSE,FALSE,4,2,2,2_2,e5c89fcf-cc57-4fad-a138-ea47ee9ea225,NA
11,38614929,38614929,1,snv_mnv,NA,NA,"broad,dkfz,muse,sanger",4,COSN10086192,NA,MIRc,FALSE,0.2593,NA,14,40,NA,NA,NA,IGR,FALSE,FALSE,FALSE,FALSE,4,2,2,2_2,e5c89fcf-cc57-4fad-a138-ea47ee9ea225,NA
11,38679070,38679070,1,snv_mnv,NA,NA,"broad,dkfz,muse,sanger",4,COSN10086213,NA,NA,FALSE,0.2593,NA,21,60,NA,NA,NA,lincRNA,FALSE,FALSE,FALSE,FALSE,4,2,2,2_2,e5c89fcf-cc57-4fad-a138-ea47ee9ea225,LINC01493
11,38750622,38750622,1,snv_mnv,NA,NA,"broad,dkfz,muse,sanger",4,COSN10086231,NA,L1PA7,FALSE,0.2727,NA,24,64,NA,NA,NA,IGR,FALSE,FALSE,FALSE,FALSE,4,2,2,2_2,e5c89fcf-cc57-4fad-a138-ea47ee9ea225,NA
11,38828752,38828752,1,snv_mnv,NA,NA,"broad,dkfz,muse,sanger",4,COSN10086250,NA,Tigger1,FALSE,0.3625,NA,29,51,NA,NA,NA,IGR,FALSE,FALSE,FALSE,FALSE,4,2,2,2_2,e5c89fcf-cc57-4fad-a138-ea47ee9ea225,NA
11,38950903,38950903,1,snv_mnv,NA,NA,"broad,dkfz,muse,sanger",4,COSN10086285,NA,NA,FALSE,0.3243,NA,24,50,NA,NA,NA,IGR,FALSE,FALSE,FALSE,FALSE,4,2,2,2_2,e5c89fcf-cc57-4fad-a138-ea47ee9ea225,NA
11,39302261,39302261,1,snv_mnv,NA,NA,"broad,dkfz,muse,sanger",4,COSN10086364,NA,LOR1-int,FALSE,0.2742,NA,17,45,NA,NA,NA,IGR,FALSE,FALSE,FALSE,FALSE,4,2,2,2_2,e5c89fcf-cc57-4fad-a138-ea47ee9ea225,NA
11,39321589,39321589,1,snv_mnv,NA,NA,"broad,muse,sanger",3,COSN10086366,NA,AluY,FALSE,0.3529,NA,6,11,NA,NA,NA,IGR,FALSE,FALSE,FALSE,FALSE,4,2,2,2_2,e5c89fcf-cc57-4fad-a138-ea47ee9ea225,NA
11,39575266,39575266,1,snv_mnv,NA,NA,"broad,dkfz,muse,sanger",4,COSN10086437,NA,NA,FALSE,0.3151,NA,23,50,NA,NA,NA,IGR,FALSE,FALSE,FALSE,FALSE,4,2,2,2_2,e5c89fcf-cc57-4fad-a138-ea47ee9ea225,NA
11,39849668,39849668,1,snv_mnv,NA,NA,"broad,dkfz,muse,sanger",4,COSN10086522,NA,NA,FALSE,0.1882,NA,16,69,NA,NA,NA,IGR,FALSE,FALSE,FALSE,FALSE,4,2,2,2_2,e5c89fcf-cc57-4fad-a138-ea47ee9ea225,NA
11,40633187,40633187,1,snv_mnv,NA,NA,"broad,dkfz,muse,sanger",4,COSN10086663,NA,L1MB1,FALSE,0.3056,NA,22,50,NA,NA,NA,Intron,FALSE,FALSE,FALSE,FALSE,4,2,2,2_2,e5c89fcf-cc57-4fad-a138-ea47ee9ea225,NA
11,40858509,40858509,1,snv_mnv,NA,NA,"broad,dkfz,muse,sanger",4,COSN10086698,NA,NA,FALSE,0.2143,NA,15,55,NA,NA,NA,Intron,FALSE,FALSE,FALSE,FALSE,4,2,2,2_2,e5c89fcf-cc57-4fad-a138-ea47ee9ea225,NA
11,41665425,41665425,1,snv_mnv,NA,NA,"broad,dkfz,muse,sanger",4,COSN10086859,NA,L1MA7,FALSE,0.2821,NA,22,56,NA,NA,NA,lincRNA,FALSE,FALSE,FALSE,FALSE,4,2,2,2_2,e5c89fcf-cc57-4fad-a138-ea47ee9ea225,NA
11,41703624,41703624,1,snv_mnv,NA,NA,"broad,dkfz,muse,sanger",4,COSN10086868,NA,MLT1J1,FALSE,0.25,NA,11,33,NA,NA,NA,lincRNA,FALSE,FALSE,FALSE,FALSE,4,2,2,2_2,e5c89fcf-cc57-4fad-a138-ea47ee9ea225,NA
11,41838201,41838201,1,snv_mnv,NA,NA,"broad,dkfz,muse,sanger",4,COSN10086907,NA,MER101-int,FALSE,0.2571,NA,18,52,NA,NA,NA,lincRNA,FALSE,FALSE,FALSE,FALSE,4,2,2,2_2,e5c89fcf-cc57-4fad-a138-ea47ee9ea225,NA
11,41980499,41980499,1,snv_mnv,NA,NA,"broad,dkfz,muse,sanger",4,COSN10086941,NA,L1PREC2,FALSE,0.274,NA,20,53,NA,NA,NA,IGR,FALSE,FALSE,FALSE,FALSE,4,2,2,2_2,e5c89fcf-cc57-4fad-a138-ea47ee9ea225,NA
11,42164305,42164305,1,snv_mnv,NA,NA,"broad,dkfz,muse,sanger",4,COSN10086980,NA,NA,FALSE,0.3594,NA,23,41,NA,NA,NA,lincRNA,FALSE,FALSE,FALSE,FALSE,4,2,2,2_2,e5c89fcf-cc57-4fad-a138-ea47ee9ea225,NA
11,42394284,42394284,1,snv_mnv,NA,NA,"broad,dkfz,muse,sanger",4,COSN10087072,NA,L1MA8,FALSE,0.2742,NA,17,45,NA,NA,NA,IGR,FALSE,FALSE,FALSE,FALSE,4,2,2,2_2,e5c89fcf-cc57-4fad-a138-ea47ee9ea225,NA
11,42777896,42777896,1,snv_mnv,NA,NA,"broad,dkfz,muse,sanger",4,COSN10087199,NA,AluSg7,FALSE,0.3333,NA,13,26,NA,NA,NA,IGR,FALSE,FALSE,FALSE,FALSE,4,2,2,2_2,e5c89fcf-cc57-4fad-a138-ea47ee9ea225,NA
11,42885453,42885453,1,snv_mnv,NA,NA,"broad,dkfz,muse,sanger",4,COSN10087226,NA,LTR89,FALSE,0.2821,NA,22,56,NA,NA,NA,IGR,FALSE,FALSE,FALSE,FALSE,4,2,2,2_2,e5c89fcf-cc57-4fad-a138-ea47ee9ea225,NA
11,43071811,43071811,1,snv_mnv,NA,NA,"broad,dkfz,muse,sanger",4,COSN10087277,NA,NA,FALSE,0.3382,NA,23,45,NA,NA,NA,IGR,FALSE,FALSE,FALSE,FALSE,4,2,2,2_2,e5c89fcf-cc57-4fad-a138-ea47ee9ea225,NA
11,43150572,43150572,1,snv_mnv,NA,NA,"broad,dkfz,muse,sanger",4,COSN10087302,NA,NA,FALSE,0.371,NA,23,39,NA,NA,NA,IGR,FALSE,FALSE,FALSE,FALSE,4,2,2,2_2,e5c89fcf-cc57-4fad-a138-ea47ee9ea225,NA
11,45292436,45292436,1,snv_mnv,NA,NA,"broad,dkfz,muse,sanger",4,COSN15584936,NA,NA,FALSE,0.2692,NA,14,38,NA,NA,NA,Intron,FALSE,FALSE,FALSE,FALSE,4,2,2,2_2,e5c89fcf-cc57-4fad-a138-ea47ee9ea225,NA
11,46371439,46371439,1,snv_mnv,NA,NA,"broad,dkfz,muse,sanger",4,COSN10087801,NA,MER5B,FALSE,0.2727,NA,9,24,NA,NA,NA,Intron,FALSE,FALSE,FALSE,FALSE,4,2,2,2_2,e5c89fcf-cc57-4fad-a138-ea47ee9ea225,NA
11,47585891,47585891,1,snv_mnv,NA,NA,"broad,dkfz,muse,sanger",4,COSN15584710,NA,AluSq2,FALSE,0.3462,NA,9,17,NA,NA,NA,5'Flank,FALSE,FALSE,FALSE,FALSE,4,2,2,2_2,e5c89fcf-cc57-4fad-a138-ea47ee9ea225,"NDUFS3,PTPMT1"
11,47772378,47772378,1,snv_mnv,NA,NA,"broad,dkfz,muse,sanger",4,COSN10087958,NA,NA,FALSE,0.2667,NA,12,33,NA,NA,NA,Intron,FALSE,FALSE,FALSE,FALSE,4,2,2,2_2,e5c89fcf-cc57-4fad-a138-ea47ee9ea225,FNBP4
11,48913447,48913447,1,snv_mnv,NA,NA,"broad,dkfz,muse,sanger",4,COSN10088210,NA,NA,FALSE,0.25,NA,14,42,NA,NA,NA,IGR,FALSE,FALSE,FALSE,FALSE,4,2,2,2_2,e5c89fcf-cc57-4fad-a138-ea47ee9ea225,AC027369.4
11,49231443,49231443,1,snv_mnv,NA,NA,"broad,dkfz,muse,sanger",4,COSN10088301,NA,NA,FALSE,0.3167,NA,19,41,NA,NA,NA,5'Flank,FALSE,FALSE,FALSE,FALSE,4,2,2,2_2,e5c89fcf-cc57-4fad-a138-ea47ee9ea225,FOLH1
11,51496242,51496242,1,snv_mnv,NA,NA,"broad,muse,sanger",3,COSN10088908,NA,L1P2,FALSE,0.3279,NA,20,41,NA,NA,NA,IGR,FALSE,FALSE,FALSE,FALSE,4,2,2,2_2,e5c89fcf-cc57-4fad-a138-ea47ee9ea225,NA
11,54929027,54929027,1,snv_mnv,NA,NA,"broad,muse",2,COSN10089083,NA,ALR/Alpha,FALSE,0.2941,NA,15,36,NA,NA,NA,IGR,FALSE,FALSE,FALSE,FALSE,4,2,2,2_2,e5c89fcf-cc57-4fad-a138-ea47ee9ea225,NA
11,55046500,55046500,1,snv_mnv,NA,NA,"broad,dkfz,muse,sanger",4,COSN10089139,NA,NA,FALSE,0.253,NA,21,62,NA,NA,NA,IGR,FALSE,FALSE,FALSE,FALSE,4,2,2,2_2,e5c89fcf-cc57-4fad-a138-ea47ee9ea225,"AP005597.2,AP005597.3"
11,55797027,55797027,1,snv_mnv,NA,NA,"broad,muse",2,COSN15585347,NA,(CA)n,FALSE,0.2647,NA,18,50,NA,NA,NA,5'Flank,FALSE,FALSE,FALSE,FALSE,4,2,2,2_2,e5c89fcf-cc57-4fad-a138-ea47ee9ea225,OR5AS1
11,55917823,55917823,1,snv_mnv,NA,NA,"broad,dkfz,muse,sanger",4,COSN10089382,NA,NA,FALSE,0.2697,NA,24,65,NA,NA,NA,IGR,FALSE,FALSE,FALSE,FALSE,4,2,2,2_2,e5c89fcf-cc57-4fad-a138-ea47ee9ea225,NA
11,56231819,56231819,1,snv_mnv,NA,NA,"broad,dkfz,muse,sanger",4,COSN10089445,NA,MIR,FALSE,0.2364,NA,13,42,NA,NA,NA,5'Flank,FALSE,FALSE,FALSE,FALSE,4,2,2,2_2,e5c89fcf-cc57-4fad-a138-ea47ee9ea225,"OR5M3,OR5M9"
11,57001584,57001584,1,snv_mnv,NA,NA,"broad,dkfz,muse,sanger",4,COSN10089602,NA,NA,FALSE,0.3125,NA,10,22,NA,NA,NA,3'UTR,FALSE,FALSE,FALSE,FALSE,4,2,2,2_2,e5c89fcf-cc57-4fad-a138-ea47ee9ea225,NA
11,58204349,58204349,1,snv_mnv,NA,NA,"broad,dkfz,muse,sanger",4,COSN15584835,NA,L1MEc,FALSE,0.1818,NA,12,54,NA,NA,NA,IGR,FALSE,FALSE,FALSE,FALSE,4,2,2,2_2,e5c89fcf-cc57-4fad-a138-ea47ee9ea225,OR5B12
11,59245615,59245615,1,snv_mnv,NA,NA,"broad,dkfz,muse,sanger",4,COSM4165851,NA,NA,FALSE,0.25,NA,11,33,NA,NA,NA,Missense_Mutation,FALSE,FALSE,FALSE,FALSE,4,2,2,2_2,e5c89fcf-cc57-4fad-a138-ea47ee9ea225,NA
11,59343368,59343368,1,snv_mnv,NA,NA,"broad,dkfz,muse,sanger",4,COSN10089922,NA,NA,FALSE,0.2632,NA,10,28,NA,NA,NA,3'UTR,FALSE,FALSE,FALSE,FALSE,4,2,2,2_2,e5c89fcf-cc57-4fad-a138-ea47ee9ea225,OSBP
11,59804249,59804249,1,snv_mnv,NA,NA,"broad,dkfz,muse,sanger",4,COSN10089981,NA,L1MA1,FALSE,0.1912,NA,13,55,NA,NA,NA,IGR,FALSE,FALSE,FALSE,FALSE,4,2,2,2_2,e5c89fcf-cc57-4fad-a138-ea47ee9ea225,OOSP2
11,60055257,60055257,1,snv_mnv,NA,NA,"broad,dkfz,muse,sanger",4,COSN10090042,NA,MSTD-int,FALSE,0.3019,NA,16,37,NA,NA,NA,Intron,FALSE,FALSE,FALSE,FALSE,4,2,2,2_2,e5c89fcf-cc57-4fad-a138-ea47ee9ea225,NA
11,60055258,60055258,1,snv_mnv,NA,NA,"broad,dkfz,muse,sanger",4,COSN10090043,NA,MSTD-int,FALSE,0.283,NA,15,38,NA,NA,NA,Intron,FALSE,FALSE,FALSE,FALSE,4,2,2,2_2,e5c89fcf-cc57-4fad-a138-ea47ee9ea225,NA
11,60095818,60095818,1,snv_mnv,NA,NA,"broad,dkfz,muse,sanger",4,COSN10090058,NA,MLT1A1-int,FALSE,0.3393,NA,19,37,NA,NA,NA,IGR,FALSE,FALSE,FALSE,FALSE,4,2,2,2_2,e5c89fcf-cc57-4fad-a138-ea47ee9ea225,NA
11,65266318,65266318,1,snv_mnv,NA,NA,"broad,dkfz,muse,sanger",4,COSN10090655,NA,NA,FALSE,0.2708,NA,13,35,NA,NA,NA,lincRNA,FALSE,FALSE,FALSE,FALSE,4,2,2,2_2,e5c89fcf-cc57-4fad-a138-ea47ee9ea225,"MALAT1,AP000769.2,RF01871"
11,66015191,66015191,1,snv_mnv,NA,NA,"broad,dkfz,muse,sanger",4,COSN10090734,NA,L2a,FALSE,0.2727,NA,12,32,NA,NA,NA,IGR,FALSE,FALSE,FALSE,FALSE,4,2,2,2_2,e5c89fcf-cc57-4fad-a138-ea47ee9ea225,"PACS1,AP000759.1"
11,66178416,66178416,1,snv_mnv,NA,NA,"broad,dkfz,muse,sanger",4,COSN15585124,NA,NA,FALSE,0.2703,NA,10,27,NA,NA,NA,RNA,FALSE,FALSE,FALSE,FALSE,4,2,2,2_2,e5c89fcf-cc57-4fad-a138-ea47ee9ea225,AP001107.5
11,66292261,66292261,1,snv_mnv,NA,NA,"broad,dkfz,muse,sanger",4,COSN10090767,NA,AluSx,FALSE,0.3158,NA,12,26,NA,NA,NA,Intron,FALSE,FALSE,FALSE,FALSE,4,2,2,2_2,e5c89fcf-cc57-4fad-a138-ea47ee9ea225,BBS1
11,69004115,69004115,1,snv_mnv,NA,NA,"broad,dkfz,muse,sanger",4,COSN10091085,NA,L1MEc,FALSE,0.2222,NA,14,49,NA,NA,NA,IGR,FALSE,FALSE,FALSE,FALSE,4,2,2,2_2,e5c89fcf-cc57-4fad-a138-ea47ee9ea225,NA
11,70571866,70571866,1,snv_mnv,NA,NA,"broad,dkfz,muse,sanger",4,COSN15585211,NA,NA,FALSE,0.2885,NA,15,37,NA,NA,NA,Intron,FALSE,FALSE,FALSE,FALSE,4,2,2,2_2,e5c89fcf-cc57-4fad-a138-ea47ee9ea225,NA
11,72095699,72095699,1,snv_mnv,NA,NA,"broad,dkfz,muse,sanger",4,COSN15584857,NA,L1M1,FALSE,0.2344,NA,15,49,NA,NA,NA,Intron,FALSE,FALSE,FALSE,FALSE,4,2,2,2_2,e5c89fcf-cc57-4fad-a138-ea47ee9ea225,CLPB
11,72582638,72582638,1,snv_mnv,NA,NA,"broad,dkfz,muse,sanger",4,COSN10091537,NA,NA,FALSE,0.3333,NA,12,24,NA,NA,NA,Intron,FALSE,FALSE,FALSE,FALSE,4,2,2,2_2,e5c89fcf-cc57-4fad-a138-ea47ee9ea225,RNU6-672P
11,72720567,72720567,1,snv_mnv,NA,NA,"broad,dkfz,muse,sanger",4,COSN10091557,NA,AT_rich,FALSE,0.3556,NA,16,29,NA,NA,NA,Intron,FALSE,FALSE,FALSE,FALSE,4,2,2,2_2,e5c89fcf-cc57-4fad-a138-ea47ee9ea225,NA
11,73440701,73440701,1,snv_mnv,NA,NA,"broad,dkfz,muse,sanger",4,COSN10091657,NA,MER74A,FALSE,0.35,NA,14,26,NA,NA,NA,Intron,FALSE,FALSE,FALSE,FALSE,4,2,2,2_2,e5c89fcf-cc57-4fad-a138-ea47ee9ea225,NA
11,76231684,76231684,1,snv_mnv,NA,NA,"broad,dkfz,muse,sanger",4,COSN10092008,NA,NA,FALSE,0.2727,NA,15,40,NA,NA,NA,Intron,FALSE,FALSE,FALSE,FALSE,4,2,2,2_2,e5c89fcf-cc57-4fad-a138-ea47ee9ea225,EMSY
11,76461233,76461233,1,snv_mnv,NA,NA,"broad,dkfz,muse,sanger",4,COSN10092039,NA,L2a,FALSE,0.26,NA,13,37,NA,NA,NA,IGR,FALSE,FALSE,FALSE,FALSE,4,2,2,2_2,e5c89fcf-cc57-4fad-a138-ea47ee9ea225,NA
11,76610236,76610236,1,snv_mnv,NA,NA,"broad,dkfz,muse,sanger",4,COSN10092059,NA,MIR,FALSE,0.3,NA,21,49,NA,NA,NA,Intron,FALSE,FALSE,FALSE,FALSE,4,2,2,2_2,e5c89fcf-cc57-4fad-a138-ea47ee9ea225,NA
11,76979187,76979187,1,snv_mnv,NA,NA,"broad,dkfz,muse,sanger",4,COSN10092099,NA,L2c,FALSE,0.2143,NA,12,44,NA,NA,NA,Intron,FALSE,FALSE,FALSE,FALSE,4,2,2,2_2,e5c89fcf-cc57-4fad-a138-ea47ee9ea225,GDPD4
11,78689487,78689487,1,snv_mnv,NA,NA,"broad,dkfz,muse,sanger",4,COSN10092311,NA,MIRb,FALSE,0.3766,NA,29,48,NA,NA,NA,Intron,FALSE,FALSE,FALSE,FALSE,4,2,2,2_2,e5c89fcf-cc57-4fad-a138-ea47ee9ea225,NA
11,79046536,79046536,1,snv_mnv,NA,NA,"broad,dkfz,muse,sanger",4,COSN10092358,NA,NA,FALSE,0.3793,NA,22,36,NA,NA,NA,Intron,FALSE,FALSE,FALSE,FALSE,4,2,2,2_2,e5c89fcf-cc57-4fad-a138-ea47ee9ea225,NA
11,80324660,80324660,1,snv_mnv,NA,NA,"broad,dkfz,muse,sanger",4,COSN10092539,NA,NA,FALSE,0.2353,NA,16,52,NA,NA,NA,IGR,FALSE,FALSE,FALSE,FALSE,4,2,2,2_2,e5c89fcf-cc57-4fad-a138-ea47ee9ea225,NA
11,80968058,80968058,1,snv_mnv,NA,NA,"broad,dkfz,muse,sanger",4,COSN10092669,NA,MIR,FALSE,0.2292,NA,11,37,NA,NA,NA,IGR,FALSE,FALSE,FALSE,FALSE,4,2,2,2_2,e5c89fcf-cc57-4fad-a138-ea47ee9ea225,NA
11,81226481,81226481,1,snv_mnv,NA,NA,"broad,dkfz,muse,sanger",4,COSN10092731,NA,L2c,FALSE,0.2857,NA,16,40,NA,NA,NA,IGR,FALSE,FALSE,FALSE,FALSE,4,2,2,2_2,e5c89fcf-cc57-4fad-a138-ea47ee9ea225,NA
11,81277080,81277080,1,snv_mnv,NA,NA,"broad,dkfz,muse,sanger",4,COSN10092749,NA,NA,FALSE,0.2258,NA,14,48,NA,NA,NA,IGR,FALSE,FALSE,FALSE,FALSE,4,2,2,2_2,e5c89fcf-cc57-4fad-a138-ea47ee9ea225,NA
11,83677146,83677146,1,snv_mnv,NA,NA,"broad,dkfz,muse,sanger",4,COSN10093127,NA,L1ME4a,FALSE,0.2985,NA,20,47,NA,NA,NA,Intron,FALSE,FALSE,FALSE,FALSE,4,2,2,2_2,e5c89fcf-cc57-4fad-a138-ea47ee9ea225,NA
11,83962284,83962284,1,snv_mnv,NA,NA,"broad,dkfz,muse,sanger",4,COSM4165965,NA,NA,FALSE,0.2615,NA,17,48,NA,NA,NA,Silent,FALSE,FALSE,FALSE,FALSE,4,2,2,2_2,e5c89fcf-cc57-4fad-a138-ea47ee9ea225,NA
11,84343469,84343469,1,snv_mnv,NA,NA,"broad,dkfz,muse,sanger",4,COSN10093220,NA,NA,FALSE,0.3086,NA,25,56,NA,NA,NA,Intron,FALSE,FALSE,FALSE,FALSE,4,2,2,2_2,e5c89fcf-cc57-4fad-a138-ea47ee9ea225,NA
11,85330883,85330883,1,snv_mnv,NA,NA,"dkfz,sanger",2,COSN10093358,NA,AluSx1,FALSE,0.2931,NA,17,41,NA,NA,NA,Intron,FALSE,FALSE,FALSE,FALSE,4,2,2,2_2,e5c89fcf-cc57-4fad-a138-ea47ee9ea225,NA
11,86879182,86879182,1,snv_mnv,NA,NA,"broad,dkfz,muse,sanger",4,COSN10093555,NA,L1PA7,FALSE,0.2586,NA,15,43,NA,NA,NA,Intron,FALSE,FALSE,FALSE,FALSE,4,2,2,2_2,e5c89fcf-cc57-4fad-a138-ea47ee9ea225,NA
11,87346532,87346532,1,snv_mnv,1.9968e-4,rs180727035,"broad,dkfz,muse,sanger",4,COSN15584797,rs180727035,NA,FALSE,0.1833,NA,11,49,NA,NA,NA,IGR,FALSE,FALSE,FALSE,FALSE,4,2,2,2_2,e5c89fcf-cc57-4fad-a138-ea47ee9ea225,NA
11,87512613,87512613,1,snv_mnv,NA,NA,"broad,dkfz,muse,sanger",4,COSN10093638,NA,L1PA16,FALSE,0.3016,NA,19,44,NA,NA,NA,IGR,FALSE,FALSE,FALSE,FALSE,4,2,2,2_2,e5c89fcf-cc57-4fad-a138-ea47ee9ea225,NA
11,88857268,88857268,1,snv_mnv,NA,NA,"broad,muse,sanger",3,COSN10093793,NA,L1MA6,FALSE,0.3239,NA,23,48,NA,NA,NA,IGR,FALSE,FALSE,FALSE,FALSE,4,2,2,2_2,e5c89fcf-cc57-4fad-a138-ea47ee9ea225,NA
11,89545719,89545719,1,snv_mnv,NA,NA,"broad,dkfz,muse,sanger",4,COSN10093900,NA,NA,FALSE,0.2308,NA,15,50,NA,NA,NA,IGR,FALSE,FALSE,FALSE,FALSE,4,2,2,2_2,e5c89fcf-cc57-4fad-a138-ea47ee9ea225,TRIM49
11,90441316,90441316,1,snv_mnv,NA,NA,"broad,dkfz,muse,sanger",4,COSN15585398,NA,NA,FALSE,0.2623,NA,16,45,NA,NA,NA,RNA,FALSE,FALSE,FALSE,FALSE,4,2,2,2_2,e5c89fcf-cc57-4fad-a138-ea47ee9ea225,NA
11,90851822,90851822,1,snv_mnv,NA,NA,"broad,dkfz,muse,sanger",4,COSN10094184,NA,L1MA6,FALSE,0.3544,NA,28,51,NA,NA,NA,IGR,FALSE,FALSE,FALSE,FALSE,4,2,2,2_2,e5c89fcf-cc57-4fad-a138-ea47ee9ea225,"OSBPL9P2,OSBPL9P3"
11,90884046,90884046,1,snv_mnv,NA,NA,"broad,dkfz,muse,sanger",4,COSN10094198,NA,L1MC1,FALSE,0.2093,NA,18,68,NA,NA,NA,IGR,FALSE,FALSE,FALSE,FALSE,4,2,2,2_2,e5c89fcf-cc57-4fad-a138-ea47ee9ea225,NA
11,90904542,90904542,1,snv_mnv,NA,NA,"broad,dkfz,muse,sanger",4,COSN10094204,NA,AluSg,FALSE,0.2927,NA,12,29,NA,NA,NA,IGR,FALSE,FALSE,FALSE,FALSE,4,2,2,2_2,e5c89fcf-cc57-4fad-a138-ea47ee9ea225,AP003386.1
11,91121336,91121336,1,snv_mnv,NA,NA,"broad,dkfz,muse,sanger",4,COSN10094264,NA,NA,FALSE,0.25,NA,22,66,NA,NA,NA,IGR,FALSE,FALSE,FALSE,FALSE,4,2,2,2_2,e5c89fcf-cc57-4fad-a138-ea47ee9ea225,AP002791.1
11,91198669,91198669,1,snv_mnv,NA,NA,"broad,dkfz,muse,sanger",4,COSN10094280,NA,NA,FALSE,0.2063,NA,13,50,NA,NA,NA,IGR,FALSE,FALSE,FALSE,FALSE,4,2,2,2_2,e5c89fcf-cc57-4fad-a138-ea47ee9ea225,NA
11,91328822,91328822,1,snv_mnv,NA,NA,"broad,dkfz,muse,sanger",4,COSN10094308,NA,NA,FALSE,0.2698,NA,17,46,NA,NA,NA,IGR,FALSE,FALSE,FALSE,FALSE,4,2,2,2_2,e5c89fcf-cc57-4fad-a138-ea47ee9ea225,NA
11,91421004,91421004,1,snv_mnv,NA,NA,"broad,dkfz,muse,sanger",4,COSN15585069,NA,AluSx1,FALSE,0.1333,NA,2,13,NA,NA,NA,IGR,FALSE,FALSE,FALSE,FALSE,4,2,2,2_2,e5c89fcf-cc57-4fad-a138-ea47ee9ea225,NA
11,92090977,92090977,1,snv_mnv,NA,NA,"broad,dkfz,muse,sanger",4,COSN10094452,NA,NA,FALSE,0.2826,NA,13,33,NA,NA,NA,Intron,FALSE,FALSE,FALSE,FALSE,4,2,2,2_2,e5c89fcf-cc57-4fad-a138-ea47ee9ea225,NA
11,92311531,92311531,1,snv_mnv,NA,NA,"broad,dkfz,muse,sanger",4,COSN10094510,NA,NA,FALSE,0.3385,NA,22,43,NA,NA,NA,Intron,FALSE,FALSE,FALSE,FALSE,4,2,2,2_2,e5c89fcf-cc57-4fad-a138-ea47ee9ea225,NA
11,92469873,92469873,1,snv_mnv,NA,NA,"broad,dkfz,muse,sanger",4,COSN15584739,NA,NA,FALSE,0.2167,NA,13,47,NA,NA,NA,Intron,FALSE,FALSE,FALSE,FALSE,4,2,2,2_2,e5c89fcf-cc57-4fad-a138-ea47ee9ea225,NA
11,93351274,93351274,1,snv_mnv,NA,NA,"broad,dkfz,muse,sanger",4,COSN10094676,NA,AluJo,FALSE,0.2292,NA,11,37,NA,NA,NA,IGR,FALSE,FALSE,FALSE,FALSE,4,2,2,2_2,e5c89fcf-cc57-4fad-a138-ea47ee9ea225,NA
11,93364240,93364240,1,snv_mnv,NA,NA,"broad,dkfz,muse,sanger",4,COSN10094680,NA,NA,FALSE,0.322,NA,19,40,NA,NA,NA,IGR,FALSE,FALSE,FALSE,FALSE,4,2,2,2_2,e5c89fcf-cc57-4fad-a138-ea47ee9ea225,NA
11,94006608,94006608,1,snv_mnv,NA,NA,"broad,dkfz,muse,sanger",4,COSN10094786,NA,NA,FALSE,0.2963,NA,16,38,NA,NA,NA,lincRNA,FALSE,FALSE,FALSE,FALSE,4,2,2,2_2,e5c89fcf-cc57-4fad-a138-ea47ee9ea225,NA
11,94149459,94149459,1,snv_mnv,NA,NA,"broad,dkfz,muse,sanger",4,COSN10094808,NA,NA,FALSE,0.2857,NA,18,45,NA,NA,NA,RNA,FALSE,FALSE,FALSE,FALSE,4,2,2,2_2,e5c89fcf-cc57-4fad-a138-ea47ee9ea225,MRE11
11,96627507,96627507,1,snv_mnv,NA,NA,"broad,dkfz,muse,sanger",4,COSN10095123,NA,L1ME3A,FALSE,0.2759,NA,24,63,NA,NA,NA,IGR,FALSE,FALSE,FALSE,FALSE,4,2,2,2_2,e5c89fcf-cc57-4fad-a138-ea47ee9ea225,NA
11,96866574,96866574,1,snv_mnv,NA,NA,"broad,dkfz,muse,sanger",4,COSN10095168,NA,NA,FALSE,0.3231,NA,21,44,NA,NA,NA,IGR,FALSE,FALSE,FALSE,FALSE,4,2,2,2_2,e5c89fcf-cc57-4fad-a138-ea47ee9ea225,MED28P5
11,98024396,98024396,1,snv_mnv,NA,NA,"broad,dkfz,muse,sanger",4,COSN10095471,NA,MER41B,FALSE,0.1818,NA,14,63,NA,NA,NA,IGR,FALSE,FALSE,FALSE,FALSE,4,2,2,2_2,e5c89fcf-cc57-4fad-a138-ea47ee9ea225,NA
11,98340266,98340266,1,snv_mnv,NA,NA,"broad,dkfz,muse,sanger",4,COSN10095553,NA,L1MEf,FALSE,0.2222,NA,16,56,NA,NA,NA,IGR,FALSE,FALSE,FALSE,FALSE,4,2,2,2_2,e5c89fcf-cc57-4fad-a138-ea47ee9ea225,NA
11,99214140,99214140,1,snv_mnv,NA,NA,"broad,dkfz,muse,sanger",4,COSN10095750,NA,NA,FALSE,0.3151,NA,23,50,NA,NA,NA,Intron,FALSE,FALSE,FALSE,FALSE,4,2,2,2_2,e5c89fcf-cc57-4fad-a138-ea47ee9ea225,NA
11,99916162,99916162,1,snv_mnv,3.9936e-4,rs550962816,"broad,dkfz,muse,sanger",4,COSN10095882,rs550962816,NA,FALSE,0.3836,NA,28,45,NA,NA,NA,Intron,FALSE,FALSE,FALSE,FALSE,4,2,2,2_2,e5c89fcf-cc57-4fad-a138-ea47ee9ea225,NA
11,100328651,100328651,1,snv_mnv,3.9936e-4,rs569246127,"broad,muse",2,COSN7077023,rs569246127,NA,FALSE,0.2308,NA,6,20,NA,NA,NA,IGR,FALSE,FALSE,FALSE,FALSE,4,2,2,2_2,e5c89fcf-cc57-4fad-a138-ea47ee9ea225,NA
11,100780025,100780025,1,snv_mnv,NA,NA,"broad,dkfz,muse,sanger",4,COSN15585267,NA,L1PB4,FALSE,0.2,NA,14,56,NA,NA,NA,Intron,FALSE,FALSE,FALSE,FALSE,4,2,2,2_2,e5c89fcf-cc57-4fad-a138-ea47ee9ea225,ARHGAP42
11,100841378,100841378,1,snv_mnv,NA,NA,"broad,dkfz,muse,sanger",4,COSN10076315,NA,L1M4b,FALSE,0.2453,NA,13,40,NA,NA,NA,Intron,FALSE,FALSE,FALSE,FALSE,4,2,2,2_2,e5c89fcf-cc57-4fad-a138-ea47ee9ea225,NA
11,102285075,102285075,1,snv_mnv,NA,NA,"broad,dkfz,muse,sanger",4,COSN10076535,NA,L1PA15,FALSE,0.4154,NA,27,38,NA,NA,NA,Intron,FALSE,FALSE,FALSE,FALSE,4,2,2,2_2,e5c89fcf-cc57-4fad-a138-ea47ee9ea225,NA
11,102672460,102672460,1,snv_mnv,NA,NA,"broad,dkfz,muse",3,COSN10076594,NA,A-rich,FALSE,0.2875,NA,23,57,NA,NA,NA,RNA,FALSE,FALSE,FALSE,FALSE,4,2,2,2_2,e5c89fcf-cc57-4fad-a138-ea47ee9ea225,MMP1
11,102939260,102939260,1,snv_mnv,NA,NA,"broad,dkfz,muse,sanger",4,COSN10076638,NA,L1PA14,FALSE,0.2745,NA,14,37,NA,NA,NA,Intron,FALSE,FALSE,FALSE,FALSE,4,2,2,2_2,e5c89fcf-cc57-4fad-a138-ea47ee9ea225,NA
11,104922759,104922759,1,snv_mnv,NA,NA,"broad,dkfz,muse,sanger",4,COSN10076969,NA,Tigger2,FALSE,0.3623,NA,25,44,NA,NA,NA,Intron,FALSE,FALSE,FALSE,FALSE,4,2,2,2_2,e5c89fcf-cc57-4fad-a138-ea47ee9ea225,NA
11,105303612,105303612,1,snv_mnv,NA,NA,"broad,dkfz,muse,sanger",4,COSN10077041,NA,NA,FALSE,0.2535,NA,18,53,NA,NA,NA,lincRNA,FALSE,FALSE,FALSE,FALSE,4,2,2,2_2,e5c89fcf-cc57-4fad-a138-ea47ee9ea225,NA
11,105427112,105427112,1,snv_mnv,NA,NA,"broad,dkfz,muse,sanger",4,COSN10077060,NA,NA,FALSE,0.2987,NA,23,54,NA,NA,NA,IGR,FALSE,FALSE,FALSE,FALSE,4,2,2,2_2,e5c89fcf-cc57-4fad-a138-ea47ee9ea225,NA
11,106327747,106327747,1,snv_mnv,NA,NA,"broad,dkfz,muse,sanger",4,COSN10077203,NA,NA,FALSE,0.3019,NA,16,37,NA,NA,NA,IGR,FALSE,FALSE,FALSE,FALSE,4,2,2,2_2,e5c89fcf-cc57-4fad-a138-ea47ee9ea225,NA
11,108628585,108628585,1,snv_mnv,NA,NA,"broad,dkfz,muse,sanger",4,COSN15585392,NA,NA,FALSE,0.2,NA,11,44,NA,NA,NA,Intron,FALSE,FALSE,FALSE,FALSE,4,2,2,2_2,e5c89fcf-cc57-4fad-a138-ea47ee9ea225,NA
11,109301002,109301002,1,snv_mnv,NA,NA,"broad,dkfz,muse,sanger",4,COSN15584765,NA,NA,FALSE,0.2192,NA,16,57,NA,NA,NA,IGR,FALSE,FALSE,FALSE,FALSE,4,2,2,2_2,e5c89fcf-cc57-4fad-a138-ea47ee9ea225,C11orf87
11,109515710,109515710,1,snv_mnv,NA,NA,"broad,dkfz,muse,sanger",4,COSN10077685,NA,NA,FALSE,0.2644,NA,23,64,NA,NA,NA,IGR,FALSE,FALSE,FALSE,FALSE,4,2,2,2_2,e5c89fcf-cc57-4fad-a138-ea47ee9ea225,NA
11,109780334,109780334,1,snv_mnv,NA,NA,"broad,dkfz,muse,sanger",4,COSN10077723,NA,AluJb,FALSE,0.2286,NA,8,27,NA,NA,NA,IGR,FALSE,FALSE,FALSE,FALSE,4,2,2,2_2,e5c89fcf-cc57-4fad-a138-ea47ee9ea225,TFAMP2
11,111315349,111315349,1,snv_mnv,NA,NA,"broad,dkfz,muse,sanger",4,COSN15585342,NA,L1MA1,FALSE,0.2373,NA,14,45,NA,NA,NA,IGR,FALSE,FALSE,FALSE,FALSE,4,2,2,2_2,e5c89fcf-cc57-4fad-a138-ea47ee9ea225,AP002008.2
11,112608898,112608898,1,snv_mnv,NA,NA,"broad,dkfz,muse,sanger",4,COSN10078123,NA,L2a,FALSE,0.2353,NA,12,39,NA,NA,NA,IGR,FALSE,FALSE,FALSE,FALSE,4,2,2,2_2,e5c89fcf-cc57-4fad-a138-ea47ee9ea225,NA
11,113160854,113160854,1,snv_mnv,NA,NA,"broad,dkfz,muse,sanger",4,COSN15585007,NA,NA,FALSE,0.2143,NA,12,44,NA,NA,NA,RNA,FALSE,FALSE,FALSE,FALSE,4,2,2,2_2,e5c89fcf-cc57-4fad-a138-ea47ee9ea225,NA
11,114544376,114544376,1,snv_mnv,NA,NA,"broad,dkfz,muse,sanger",4,COSN15584887,NA,MER4A,FALSE,0.2,NA,11,44,NA,NA,NA,IGR,FALSE,FALSE,FALSE,FALSE,4,2,2,2_2,e5c89fcf-cc57-4fad-a138-ea47ee9ea225,NXPE2
11,115453653,115453653,1,snv_mnv,NA,NA,"broad,dkfz,muse,sanger",4,COSN5297218,NA,MER50,FALSE,0.3,NA,9,21,NA,NA,NA,lincRNA,FALSE,FALSE,FALSE,FALSE,4,2,2,2_2,e5c89fcf-cc57-4fad-a138-ea47ee9ea225,NA
11,116684497,116684497,1,snv_mnv,NA,NA,"broad,dkfz,muse,sanger",4,COSN10078808,NA,NA,FALSE,0.2857,NA,10,25,NA,NA,NA,RNA,FALSE,FALSE,FALSE,FALSE,4,2,2,2_2,e5c89fcf-cc57-4fad-a138-ea47ee9ea225,NA
11,116934238,116934238,1,snv_mnv,NA,NA,"broad,dkfz,muse,sanger",4,COSN10078845,NA,NA,FALSE,0.2143,NA,9,33,NA,NA,NA,Intron,FALSE,FALSE,FALSE,FALSE,4,2,2,2_2,e5c89fcf-cc57-4fad-a138-ea47ee9ea225,NA
11,117499802,117499802,1,snv_mnv,NA,NA,"broad,dkfz,muse,sanger",4,COSN10078901,NA,NA,FALSE,0.3404,NA,16,31,NA,NA,NA,Intron,FALSE,FALSE,FALSE,FALSE,4,2,2,2_2,e5c89fcf-cc57-4fad-a138-ea47ee9ea225,NA
11,119338645,119338645,1,snv_mnv,NA,NA,"broad,dkfz,muse,sanger",4,COSN10079116,NA,L1MA3,FALSE,0.2576,NA,17,49,NA,NA,NA,RNA,FALSE,FALSE,FALSE,FALSE,4,2,2,2_2,e5c89fcf-cc57-4fad-a138-ea47ee9ea225,NA
11,120242051,120242051,1,snv_mnv,NA,NA,"broad,dkfz,muse,sanger",4,COSN10079229,NA,AluSp,FALSE,0.3548,NA,11,20,NA,NA,NA,Intron,FALSE,FALSE,FALSE,FALSE,4,2,2,2_2,e5c89fcf-cc57-4fad-a138-ea47ee9ea225,NA
11,123723335,123723335,1,snv_mnv,NA,NA,"broad,dkfz,muse,sanger",4,COSN10079784,NA,MSTB-int,FALSE,0.2203,NA,13,46,NA,NA,NA,IGR,FALSE,FALSE,FALSE,FALSE,4,2,2,2_2,e5c89fcf-cc57-4fad-a138-ea47ee9ea225,NA
11,123768584,123768584,1,snv_mnv,NA,NA,"broad,dkfz,muse,sanger",4,COSN10079792,NA,Tigger3a,FALSE,0.2029,NA,14,55,NA,NA,NA,IGR,FALSE,FALSE,FALSE,FALSE,4,2,2,2_2,e5c89fcf-cc57-4fad-a138-ea47ee9ea225,OR8D4
11,124094318,124094318,1,snv_mnv,NA,NA,"broad,dkfz,muse,sanger",4,COSN10079846,NA,L1MD,FALSE,0.2152,NA,17,62,NA,NA,NA,IGR,FALSE,FALSE,FALSE,FALSE,4,2,2,2_2,e5c89fcf-cc57-4fad-a138-ea47ee9ea225,OR8G2P
11,124197379,124197379,1,snv_mnv,NA,NA,"broad,dkfz,muse,sanger",4,COSN10079866,rs566551174,LTR19B,FALSE,0.25,NA,9,27,NA,NA,NA,IGR,FALSE,FALSE,FALSE,FALSE,4,2,2,2_2,e5c89fcf-cc57-4fad-a138-ea47ee9ea225,OR8B7P
11,124408675,124408675,1,snv_mnv,NA,NA,"broad,dkfz,muse,sanger",4,COSN10079909,NA,NA,FALSE,0.2642,NA,14,39,NA,NA,NA,IGR,FALSE,FALSE,FALSE,FALSE,4,2,2,2_2,e5c89fcf-cc57-4fad-a138-ea47ee9ea225,OR8B12
11,124815176,124815176,1,snv_mnv,NA,NA,"broad,dkfz,muse,sanger",4,COSN10079963,NA,NA,FALSE,0.3714,NA,26,44,NA,NA,NA,IGR,FALSE,FALSE,FALSE,FALSE,4,2,2,2_2,e5c89fcf-cc57-4fad-a138-ea47ee9ea225,NA
11,125069144,125069144,1,snv_mnv,NA,NA,"broad,dkfz,muse,sanger",4,COSN10079999,NA,NA,FALSE,0.3235,NA,11,23,NA,NA,NA,Intron,FALSE,FALSE,FALSE,FALSE,4,2,2,2_2,e5c89fcf-cc57-4fad-a138-ea47ee9ea225,NA
11,126468049,126468049,1,snv_mnv,NA,NA,"broad,dkfz,muse,sanger",4,COSN10080208,NA,NA,FALSE,0.2931,NA,17,41,NA,NA,NA,Intron,FALSE,FALSE,FALSE,FALSE,4,2,2,2_2,e5c89fcf-cc57-4fad-a138-ea47ee9ea225,NA
11,127021578,127021578,1,snv_mnv,NA,NA,"broad,dkfz,muse,sanger",4,COSN10080334,NA,NA,FALSE,0.2131,NA,13,48,NA,NA,NA,IGR,FALSE,FALSE,FALSE,FALSE,4,2,2,2_2,e5c89fcf-cc57-4fad-a138-ea47ee9ea225,NA
11,127274397,127274397,1,snv_mnv,NA,NA,"broad,dkfz,muse,sanger",4,COSN15585192,NA,NA,FALSE,0.2128,NA,10,37,NA,NA,NA,RNA,FALSE,FALSE,FALSE,FALSE,4,2,2,2_2,e5c89fcf-cc57-4fad-a138-ea47ee9ea225,"RN7SKP279,RN7SKP121"
11,128380056,128380056,1,snv_mnv,NA,NA,"broad,dkfz,muse,sanger",4,COSN10080605,NA,NA,FALSE,0.2881,NA,17,42,NA,NA,NA,Intron,FALSE,FALSE,FALSE,FALSE,4,2,2,2_2,e5c89fcf-cc57-4fad-a138-ea47ee9ea225,ETS1
11,128662670,128662670,1,snv_mnv,NA,NA,"broad,dkfz,muse,sanger",4,COSN10080649,NA,NA,FALSE,0.283,NA,15,38,NA,NA,NA,Intron,FALSE,FALSE,FALSE,FALSE,4,2,2,2_2,e5c89fcf-cc57-4fad-a138-ea47ee9ea225,NA
11,130094919,130094919,1,snv_mnv,NA,NA,"broad,dkfz,muse,sanger",4,COSN10080828,NA,NA,FALSE,0.2973,NA,11,26,NA,NA,NA,IGR,FALSE,FALSE,FALSE,FALSE,4,2,2,2_2,e5c89fcf-cc57-4fad-a138-ea47ee9ea225,ZBTB44
11,130728736,130728736,1,snv_mnv,NA,NA,"broad,dkfz,muse,sanger",4,COSN10080918,NA,NA,FALSE,0.2933,NA,22,53,NA,NA,NA,lincRNA,FALSE,FALSE,FALSE,FALSE,4,2,2,2_2,e5c89fcf-cc57-4fad-a138-ea47ee9ea225,NA
11,131225815,131225815,1,snv_mnv,NA,NA,"broad,dkfz,muse,sanger",4,COSN10081010,NA,NA,FALSE,0.3077,NA,20,45,NA,NA,NA,IGR,FALSE,FALSE,FALSE,FALSE,4,2,2,2_2,e5c89fcf-cc57-4fad-a138-ea47ee9ea225,NA
11,131438650,131438650,1,snv_mnv,NA,NA,"broad,dkfz,muse,sanger",4,COSN10081049,NA,NA,FALSE,0.2326,NA,10,33,NA,NA,NA,Intron,FALSE,FALSE,FALSE,FALSE,4,2,2,2_2,e5c89fcf-cc57-4fad-a138-ea47ee9ea225,NA
11,132266479,132266479,1,snv_mnv,NA,NA,"broad,dkfz,muse,sanger",4,COSN10081204,NA,L2a,FALSE,0.2245,NA,11,38,NA,NA,NA,IGR,FALSE,FALSE,FALSE,FALSE,4,2,2,2_2,e5c89fcf-cc57-4fad-a138-ea47ee9ea225,NA
11,133260417,133260417,1,snv_mnv,NA,NA,"broad,dkfz,muse,sanger",4,COSN10081373,NA,NA,FALSE,0.3171,NA,13,28,NA,NA,NA,Intron,FALSE,FALSE,FALSE,FALSE,4,2,2,2_2,e5c89fcf-cc57-4fad-a138-ea47ee9ea225,NA
11,133356956,133356956,1,snv_mnv,NA,NA,"broad,dkfz,muse,sanger",4,COSN10081400,NA,L2a,FALSE,0.2727,NA,15,40,NA,NA,NA,Intron,FALSE,FALSE,FALSE,FALSE,4,2,2,2_2,e5c89fcf-cc57-4fad-a138-ea47ee9ea225,NA
11,133423548,133423548,1,snv_mnv,NA,NA,"broad,dkfz,muse,sanger",4,COSN10081418,NA,NA,FALSE,0.2833,NA,17,43,NA,NA,NA,IGR,FALSE,FALSE,FALSE,FALSE,4,2,2,2_2,e5c89fcf-cc57-4fad-a138-ea47ee9ea225,NA
12,1841120,1841120,1,snv_mnv,NA,NA,"broad,dkfz,muse,sanger",4,COSN10102672,NA,AluSx1,FALSE,0.275,NA,11,29,NA,NA,NA,Intron,FALSE,FALSE,FALSE,FALSE,4,2,2,2_2,e5c89fcf-cc57-4fad-a138-ea47ee9ea225,ADIPOR2
12,4062418,4062418,1,snv_mnv,NA,NA,"broad,dkfz,muse,sanger",4,COSN9749578,NA,L1MEe,FALSE,0.2667,NA,20,55,NA,NA,NA,IGR,FALSE,FALSE,FALSE,FALSE,4,2,2,2_2,e5c89fcf-cc57-4fad-a138-ea47ee9ea225,NA
12,4493638,4493638,1,snv_mnv,NA,NA,"broad,dkfz,muse,sanger",4,COSN15584711,NA,NA,FALSE,0.2353,NA,12,39,NA,NA,NA,IGR,FALSE,FALSE,FALSE,FALSE,4,2,2,2_2,e5c89fcf-cc57-4fad-a138-ea47ee9ea225,FGF23
12,5674749,5674749,1,snv_mnv,3.9936e-4,rs192113570,"broad,dkfz,muse,sanger",4,COSM50735,rs192113570,NA,FALSE,0.1707,NA,7,34,NA,NA,NA,Missense_Mutation,FALSE,FALSE,FALSE,FALSE,4,2,2,2_2,e5c89fcf-cc57-4fad-a138-ea47ee9ea225,ANO2
12,5921074,5921074,1,snv_mnv,NA,NA,"broad,dkfz,muse,sanger",4,COSN9752428,NA,NA,FALSE,0.2344,NA,15,49,NA,NA,NA,Intron,FALSE,FALSE,FALSE,FALSE,4,2,2,2_2,e5c89fcf-cc57-4fad-a138-ea47ee9ea225,NA
12,5986909,5986909,1,snv_mnv,NA,NA,"broad,dkfz,muse,sanger",4,COSN9752527,NA,MER1B,FALSE,0.2927,NA,12,29,NA,NA,NA,Intron,FALSE,FALSE,FALSE,FALSE,4,2,2,2_2,e5c89fcf-cc57-4fad-a138-ea47ee9ea225,NA
12,7183366,7183366,1,snv_mnv,NA,NA,"broad,dkfz,muse,sanger",4,COSN9754773,NA,L2a,FALSE,0.2154,NA,14,51,NA,NA,NA,IGR,FALSE,FALSE,FALSE,FALSE,4,2,2,2_2,e5c89fcf-cc57-4fad-a138-ea47ee9ea225,C1R
12,7448204,7448204,1,snv_mnv,NA,NA,"broad,dkfz,muse,sanger",4,COSN9755289,NA,MER4D1,FALSE,0.1791,NA,12,55,NA,NA,NA,IGR,FALSE,FALSE,FALSE,FALSE,4,2,2,2_2,e5c89fcf-cc57-4fad-a138-ea47ee9ea225,NA
12,9087897,9087897,1,snv_mnv,NA,NA,"broad,dkfz,muse,sanger",4,COSN15584691,NA,NA,FALSE,0.2619,NA,11,31,NA,NA,NA,Intron,FALSE,FALSE,FALSE,FALSE,4,2,2,2_2,e5c89fcf-cc57-4fad-a138-ea47ee9ea225,PHC1
12,9167386,9167386,1,snv_mnv,NA,NA,"broad,dkfz,muse,sanger",4,COSN15585230,NA,L1MA3,FALSE,0.2667,NA,12,33,NA,NA,NA,IGR,FALSE,FALSE,FALSE,FALSE,4,2,2,2_2,e5c89fcf-cc57-4fad-a138-ea47ee9ea225,KLRG1
12,10206997,10206997,1,snv_mnv,NA,NA,"broad,dkfz,muse,sanger",4,COSN10096186,NA,NA,FALSE,0.2469,NA,20,61,NA,NA,NA,Intron,FALSE,FALSE,FALSE,FALSE,4,2,2,2_2,e5c89fcf-cc57-4fad-a138-ea47ee9ea225,CLEC9A
12,10803788,10803788,1,snv_mnv,NA,NA,"broad,dkfz,muse,sanger",4,COSN15585102,NA,NA,FALSE,0.24,NA,12,38,NA,NA,NA,Intron,FALSE,FALSE,FALSE,FALSE,4,2,2,2_2,e5c89fcf-cc57-4fad-a138-ea47ee9ea225,NA
12,11584918,11584918,1,snv_mnv,NA,NA,"broad,dkfz,muse,sanger",4,COSN10098446,NA,NA,FALSE,0.3265,NA,16,33,NA,NA,NA,Intron,FALSE,FALSE,FALSE,FALSE,4,2,2,2_2,e5c89fcf-cc57-4fad-a138-ea47ee9ea225,NA
12,12738033,12738033,1,snv_mnv,NA,NA,"broad,dkfz,muse,sanger",4,COSN10100296,NA,NA,FALSE,0.3478,NA,16,30,NA,NA,NA,IGR,FALSE,FALSE,FALSE,FALSE,4,2,2,2_2,e5c89fcf-cc57-4fad-a138-ea47ee9ea225,NA
12,15709706,15709706,1,snv_mnv,NA,NA,"broad,dkfz,muse,sanger",4,COSN10102131,NA,NA,FALSE,0.2958,NA,21,50,NA,NA,NA,Intron,FALSE,FALSE,FALSE,FALSE,4,2,2,2_2,e5c89fcf-cc57-4fad-a138-ea47ee9ea225,NA
12,16599057,16599057,1,snv_mnv,NA,NA,"broad,dkfz,muse,sanger",4,COSN10102261,NA,ERV3-16A3_I-int,FALSE,0.3377,NA,26,51,NA,NA,NA,IGR,FALSE,FALSE,FALSE,FALSE,4,2,2,2_2,e5c89fcf-cc57-4fad-a138-ea47ee9ea225,NA
12,17282918,17282918,1,snv_mnv,NA,NA,"broad,dkfz,muse,sanger",4,COSN10102414,NA,L1M5,FALSE,0.3188,NA,22,47,NA,NA,NA,IGR,FALSE,FALSE,FALSE,FALSE,4,2,2,2_2,e5c89fcf-cc57-4fad-a138-ea47ee9ea225,NA
12,17479829,17479829,1,snv_mnv,NA,NA,"broad,dkfz,muse,sanger",4,COSN10102449,NA,MIRc,FALSE,0.2462,NA,16,49,NA,NA,NA,IGR,FALSE,FALSE,FALSE,FALSE,4,2,2,2_2,e5c89fcf-cc57-4fad-a138-ea47ee9ea225,NA
12,18564212,18564212,1,snv_mnv,NA,NA,"broad,dkfz,muse,sanger",4,COSN10102701,NA,MIR3,FALSE,0.2174,NA,15,54,NA,NA,NA,Intron,FALSE,FALSE,FALSE,FALSE,4,2,2,2_2,e5c89fcf-cc57-4fad-a138-ea47ee9ea225,NA
12,18988616,18988616,1,snv_mnv,NA,NA,"broad,dkfz,muse,sanger",4,COSN10102759,NA,NA,FALSE,0.3243,NA,24,50,NA,NA,NA,IGR,FALSE,FALSE,FALSE,FALSE,4,2,2,2_2,e5c89fcf-cc57-4fad-a138-ea47ee9ea225,NA
12,20136505,20136505,1,snv_mnv,NA,NA,"broad,dkfz,muse,sanger",4,COSN10102934,NA,NA,FALSE,0.2295,NA,14,47,NA,NA,NA,lincRNA,FALSE,FALSE,FALSE,FALSE,4,2,2,2_2,e5c89fcf-cc57-4fad-a138-ea47ee9ea225,NA
12,20567904,20567904,1,snv_mnv,NA,NA,"broad,dkfz,muse,sanger",4,COSN10103007,NA,NA,FALSE,0.3,NA,21,49,NA,NA,NA,Intron,FALSE,FALSE,FALSE,FALSE,4,2,2,2_2,e5c89fcf-cc57-4fad-a138-ea47ee9ea225,NA
12,21415468,21415468,1,snv_mnv,NA,NA,"broad,dkfz,muse,sanger",4,COSN10103203,NA,L1M4c,FALSE,0.32,NA,24,51,NA,NA,NA,IGR,FALSE,FALSE,FALSE,FALSE,4,2,2,2_2,e5c89fcf-cc57-4fad-a138-ea47ee9ea225,SLCO1A2
12,21520170,21520170,1,snv_mnv,NA,NA,"broad,dkfz,muse,sanger",4,COSN10103224,NA,HAL1,FALSE,0.2034,NA,12,47,NA,NA,NA,Intron,FALSE,FALSE,FALSE,FALSE,4,2,2,2_2,e5c89fcf-cc57-4fad-a138-ea47ee9ea225,NA
12,22515918,22515918,1,snv_mnv,NA,NA,"broad,dkfz,muse,sanger",4,COSN10103451,NA,L1MEf,FALSE,0.193,NA,11,46,NA,NA,NA,Intron,FALSE,FALSE,FALSE,FALSE,4,2,2,2_2,e5c89fcf-cc57-4fad-a138-ea47ee9ea225,NA
12,23921263,23921263,1,snv_mnv,NA,NA,"broad,dkfz,muse,sanger",4,COSN9746932,NA,NA,FALSE,0.2319,NA,16,53,NA,NA,NA,Intron,FALSE,FALSE,FALSE,FALSE,4,2,2,2_2,e5c89fcf-cc57-4fad-a138-ea47ee9ea225,NA
12,24488452,24488452,1,snv_mnv,NA,NA,"broad,dkfz,muse,sanger",4,COSN9747065,NA,MIR,FALSE,0.3051,NA,18,41,NA,NA,NA,IGR,FALSE,FALSE,FALSE,FALSE,4,2,2,2_2,e5c89fcf-cc57-4fad-a138-ea47ee9ea225,NA
12,25199864,25199864,1,snv_mnv,NA,NA,"broad,dkfz,muse,sanger",4,COSN9747211,NA,L1M3d,FALSE,0.3182,NA,21,45,NA,NA,NA,Intron,FALSE,FALSE,FALSE,FALSE,4,2,2,2_2,e5c89fcf-cc57-4fad-a138-ea47ee9ea225,NA
12,25960025,25960025,1,snv_mnv,NA,NA,"broad,dkfz,muse,sanger",4,COSN9747324,NA,NA,FALSE,0.322,NA,19,40,NA,NA,NA,lincRNA,FALSE,FALSE,FALSE,FALSE,4,2,2,2_2,e5c89fcf-cc57-4fad-a138-ea47ee9ea225,TDGP1
12,26601107,26601107,1,snv_mnv,NA,NA,"broad,dkfz,muse,sanger",4,COSN9747419,NA,NA,FALSE,0.2909,NA,16,39,NA,NA,NA,Intron,FALSE,FALSE,FALSE,FALSE,4,2,2,2_2,e5c89fcf-cc57-4fad-a138-ea47ee9ea225,NA
12,27166229,27166229,1,snv_mnv,NA,NA,"broad,dkfz,muse,sanger",4,COSN9747493,NA,NA,FALSE,0.2419,NA,15,47,NA,NA,NA,Intron,FALSE,FALSE,FALSE,FALSE,4,2,2,2_2,e5c89fcf-cc57-4fad-a138-ea47ee9ea225,TM7SF3
12,28934344,28934344,1,snv_mnv,3.9936e-4,rs186193754,"broad,dkfz,muse,sanger",4,COSN9747744,rs186193754,NA,FALSE,0.3214,NA,18,38,NA,NA,NA,IGR,FALSE,FALSE,FALSE,FALSE,4,2,2,2_2,e5c89fcf-cc57-4fad-a138-ea47ee9ea225,NA
12,29732956,29732956,1,snv_mnv,NA,NA,"broad,dkfz,muse,sanger",4,COSN9747892,NA,Charlie24,FALSE,0.2917,NA,14,34,NA,NA,NA,Intron,FALSE,FALSE,FALSE,FALSE,4,2,2,2_2,e5c89fcf-cc57-4fad-a138-ea47ee9ea225,NA
12,29906012,29906012,1,snv_mnv,NA,NA,"broad,dkfz,muse,sanger",4,COSN9747929,NA,NA,FALSE,0.3333,NA,16,32,NA,NA,NA,Intron,FALSE,FALSE,FALSE,FALSE,4,2,2,2_2,e5c89fcf-cc57-4fad-a138-ea47ee9ea225,NA
12,30631939,30631939,1,snv_mnv,NA,NA,"broad,dkfz,muse,sanger",4,COSN9748112,NA,NA,FALSE,0.3585,NA,19,34,NA,NA,NA,IGR,FALSE,FALSE,FALSE,FALSE,4,2,2,2_2,e5c89fcf-cc57-4fad-a138-ea47ee9ea225,NA
12,33290085,33290085,1,snv_mnv,NA,NA,"broad,dkfz,muse,sanger",4,COSN9748467,NA,MIR3,FALSE,0.3833,NA,23,37,NA,NA,NA,IGR,FALSE,FALSE,FALSE,FALSE,4,2,2,2_2,e5c89fcf-cc57-4fad-a138-ea47ee9ea225,NA
12,33435004,33435004,1,snv_mnv,NA,NA,"broad,dkfz,muse,sanger",4,COSN9748507,NA,MER11B,FALSE,0.2424,NA,16,50,NA,NA,NA,IGR,FALSE,FALSE,FALSE,FALSE,4,2,2,2_2,e5c89fcf-cc57-4fad-a138-ea47ee9ea225,NA
12,33788408,33788408,1,snv_mnv,NA,NA,"broad,dkfz,muse,sanger",4,COSN9748615,NA,NA,FALSE,0.3478,NA,16,30,NA,NA,NA,IGR,FALSE,FALSE,FALSE,FALSE,4,2,2,2_2,e5c89fcf-cc57-4fad-a138-ea47ee9ea225,NA
12,33890808,33890808,1,snv_mnv,NA,NA,"broad,dkfz,muse,sanger",4,COSN9748644,NA,NA,FALSE,0.3077,NA,20,45,NA,NA,NA,IGR,FALSE,FALSE,FALSE,FALSE,4,2,2,2_2,e5c89fcf-cc57-4fad-a138-ea47ee9ea225,NA
12,34542463,34542463,1,snv_mnv,NA,NA,"broad,muse",2,COSN9748821,NA,GSATII,FALSE,0.3125,NA,10,22,NA,NA,NA,IGR,FALSE,FALSE,FALSE,FALSE,4,2,2,2_2,e5c89fcf-cc57-4fad-a138-ea47ee9ea225,NA
12,34697754,34697754,1,snv_mnv,NA,NA,"broad,muse",2,COSN9748863,NA,ALR/Alpha,FALSE,0.2712,NA,16,43,NA,NA,NA,IGR,FALSE,FALSE,FALSE,FALSE,4,2,2,2_2,e5c89fcf-cc57-4fad-a138-ea47ee9ea225,NA
12,37936542,37936542,1,snv_mnv,NA,NA,"broad,dkfz,muse,sanger",4,COSN9749018,NA,NA,FALSE,0.2941,NA,15,36,NA,NA,NA,IGR,FALSE,FALSE,FALSE,FALSE,4,2,2,2_2,e5c89fcf-cc57-4fad-a138-ea47ee9ea225,NA
12,38105578,38105578,1,snv_mnv,NA,NA,"broad,muse",2,COSN9749081,NA,ALR/Alpha,FALSE,0.2558,NA,11,32,NA,NA,NA,IGR,FALSE,FALSE,FALSE,FALSE,4,2,2,2_2,e5c89fcf-cc57-4fad-a138-ea47ee9ea225,NA
12,38152901,38152901,1,snv_mnv,NA,NA,"broad,muse",2,COSN9749103,NA,ALR/Alpha,FALSE,0.2982,NA,17,40,NA,NA,NA,IGR,FALSE,FALSE,FALSE,FALSE,4,2,2,2_2,e5c89fcf-cc57-4fad-a138-ea47ee9ea225,NA
12,38287928,38287928,1,snv_mnv,NA,NA,"broad,muse,sanger",3,COSN9749146,NA,L1PA4,FALSE,0.234,NA,11,36,NA,NA,NA,IGR,FALSE,FALSE,FALSE,FALSE,4,2,2,2_2,e5c89fcf-cc57-4fad-a138-ea47ee9ea225,NA
12,38562537,38562537,1,snv_mnv,NA,NA,"broad,muse,sanger",3,COSN9749230,NA,MER57A-int,FALSE,0.2093,NA,9,34,NA,NA,NA,IGR,FALSE,FALSE,FALSE,FALSE,4,2,2,2_2,e5c89fcf-cc57-4fad-a138-ea47ee9ea225,NA
12,41306757,41306757,1,snv_mnv,NA,NA,"broad,dkfz,muse,sanger",4,COSN9749714,NA,NA,FALSE,0.2326,NA,10,33,NA,NA,NA,Intron,FALSE,FALSE,FALSE,FALSE,4,2,2,2_2,e5c89fcf-cc57-4fad-a138-ea47ee9ea225,NA
12,41373135,41373135,1,snv_mnv,NA,NA,"broad,dkfz,muse,sanger",4,COSN9749725,NA,NA,FALSE,0.2712,NA,16,43,NA,NA,NA,Intron,FALSE,FALSE,FALSE,FALSE,4,2,2,2_2,e5c89fcf-cc57-4fad-a138-ea47ee9ea225,AC015540.1
12,41676159,41676159,1,snv_mnv,NA,NA,"broad,dkfz,muse,sanger",4,COSN9749786,NA,L1PA7,FALSE,0.3043,NA,21,48,NA,NA,NA,Intron,FALSE,FALSE,FALSE,FALSE,4,2,2,2_2,e5c89fcf-cc57-4fad-a138-ea47ee9ea225,NA
12,42057975,42057975,1,snv_mnv,NA,NA,"broad,dkfz,muse,sanger",4,COSN9749852,rs769931938,NA,FALSE,0.2857,NA,22,55,NA,NA,NA,IGR,FALSE,FALSE,FALSE,FALSE,4,2,2,2_2,e5c89fcf-cc57-4fad-a138-ea47ee9ea225,NA
12,42131655,42131655,1,snv_mnv,NA,NA,"broad,dkfz,muse,sanger",4,COSN9749859,NA,NA,FALSE,0.2576,NA,17,49,NA,NA,NA,IGR,FALSE,FALSE,FALSE,FALSE,4,2,2,2_2,e5c89fcf-cc57-4fad-a138-ea47ee9ea225,NA
12,42481005,42481005,1,snv_mnv,NA,NA,"broad,dkfz,muse,sanger",4,COSN9749903,NA,NA,FALSE,0.3607,NA,22,39,NA,NA,NA,3'UTR,FALSE,FALSE,FALSE,FALSE,4,2,2,2_2,e5c89fcf-cc57-4fad-a138-ea47ee9ea225,NA
12,42574582,42574582,1,snv_mnv,NA,NA,"broad,dkfz,muse,sanger",4,COSN9749920,NA,AluSz6,FALSE,0.2703,NA,10,27,NA,NA,NA,Intron,FALSE,FALSE,FALSE,FALSE,4,2,2,2_2,e5c89fcf-cc57-4fad-a138-ea47ee9ea225,NA
12,44645787,44645787,1,snv_mnv,NA,NA,"broad,dkfz,muse,sanger",4,COSN9750279,NA,NA,FALSE,0.3099,NA,22,49,NA,NA,NA,Intron,FALSE,FALSE,FALSE,FALSE,4,2,2,2_2,e5c89fcf-cc57-4fad-a138-ea47ee9ea225,AC025030.1
12,44698700,44698700,1,snv_mnv,NA,NA,"broad,dkfz,muse,sanger",4,COSN9750283,NA,L1M1,FALSE,0.3095,NA,13,29,NA,NA,NA,Intron,FALSE,FALSE,FALSE,FALSE,4,2,2,2_2,e5c89fcf-cc57-4fad-a138-ea47ee9ea225,NA
12,44820064,44820064,1,snv_mnv,NA,NA,"broad,dkfz,muse,sanger",4,COSN9750302,NA,NA,FALSE,0.2653,NA,13,36,NA,NA,NA,IGR,FALSE,FALSE,FALSE,FALSE,4,2,2,2_2,e5c89fcf-cc57-4fad-a138-ea47ee9ea225,NA
12,48384191,48384191,1,snv_mnv,NA,NA,"broad,dkfz,muse,sanger",4,COSN9750854,NA,NA,FALSE,0.3243,NA,12,25,NA,NA,NA,Intron,FALSE,FALSE,FALSE,FALSE,4,2,2,2_2,e5c89fcf-cc57-4fad-a138-ea47ee9ea225,COL2A1
12,49845440,49845440,1,snv_mnv,NA,NA,"broad,dkfz,muse,sanger",4,COSN9751039,NA,AluJo,FALSE,0.3208,NA,17,36,NA,NA,NA,Intron,FALSE,FALSE,FALSE,FALSE,4,2,2,2_2,e5c89fcf-cc57-4fad-a138-ea47ee9ea225,NA
12,51265452,51265452,1,snv_mnv,NA,NA,"broad,dkfz,muse,sanger",4,COSN9751243,NA,L1PB1,FALSE,0.3846,NA,20,32,NA,NA,NA,Intron,FALSE,FALSE,FALSE,FALSE,4,2,2,2_2,e5c89fcf-cc57-4fad-a138-ea47ee9ea225,NA
12,52110776,52110776,1,snv_mnv,NA,NA,"broad,dkfz,muse,sanger",4,COSN9751364,NA,MER74B,FALSE,0.234,NA,11,36,NA,NA,NA,Intron,FALSE,FALSE,FALSE,FALSE,4,2,2,2_2,e5c89fcf-cc57-4fad-a138-ea47ee9ea225,HNRNPA3P10
12,53121964,53121964,1,snv_mnv,NA,NA,"broad,dkfz,muse,sanger",4,COSN9751519,NA,L1ME1,FALSE,0.2727,NA,12,32,NA,NA,NA,IGR,FALSE,FALSE,FALSE,FALSE,4,2,2,2_2,e5c89fcf-cc57-4fad-a138-ea47ee9ea225,"KRT125P,AC055716.2"
12,57244818,57244818,1,snv_mnv,NA,NA,"broad,dkfz,muse,sanger",4,COSN9752120,NA,L1PA12,FALSE,0.2963,NA,16,38,NA,NA,NA,RNA,FALSE,FALSE,FALSE,FALSE,4,2,2,2_2,e5c89fcf-cc57-4fad-a138-ea47ee9ea225,AC121758.2
12,58560580,58560580,1,snv_mnv,NA,NA,"broad,dkfz,muse,sanger",4,COSN9752292,NA,MER50B,FALSE,0.2453,NA,13,40,NA,NA,NA,IGR,FALSE,FALSE,FALSE,FALSE,4,2,2,2_2,e5c89fcf-cc57-4fad-a138-ea47ee9ea225,NA
12,59652737,59652737,1,snv_mnv,NA,NA,"broad,dkfz,muse,sanger",4,COSN9752491,NA,MLT1D,FALSE,0.3443,NA,21,40,NA,NA,NA,IGR,FALSE,FALSE,FALSE,FALSE,4,2,2,2_2,e5c89fcf-cc57-4fad-a138-ea47ee9ea225,NA
12,60080235,60080235,1,snv_mnv,NA,NA,"broad,dkfz,muse,sanger",4,COSN9752569,NA,NA,FALSE,0.2436,NA,19,59,NA,NA,NA,Intron,FALSE,FALSE,FALSE,FALSE,4,2,2,2_2,e5c89fcf-cc57-4fad-a138-ea47ee9ea225,SLC16A7
12,60169736,60169736,1,snv_mnv,NA,NA,"broad,dkfz,muse,sanger",4,COSN9752585,NA,NA,FALSE,0.2459,NA,15,46,NA,NA,NA,Intron,FALSE,FALSE,FALSE,FALSE,4,2,2,2_2,e5c89fcf-cc57-4fad-a138-ea47ee9ea225,SLC16A7
12,60231128,60231128,1,snv_mnv,NA,NA,"broad,dkfz,muse,sanger",4,COSN9752608,NA,L1MC3,FALSE,0.25,NA,20,60,NA,NA,NA,IGR,FALSE,FALSE,FALSE,FALSE,4,2,2,2_2,e5c89fcf-cc57-4fad-a138-ea47ee9ea225,NA
12,60444805,60444805,1,snv_mnv,NA,NA,"broad,dkfz,muse,sanger",4,COSN9752674,NA,NA,FALSE,0.3,NA,18,42,NA,NA,NA,IGR,FALSE,FALSE,FALSE,FALSE,4,2,2,2_2,e5c89fcf-cc57-4fad-a138-ea47ee9ea225,NA
12,60551198,60551198,1,snv_mnv,NA,NA,"broad,dkfz,muse,sanger",4,COSN9752720,NA,NA,FALSE,0.3148,NA,17,37,NA,NA,NA,IGR,FALSE,FALSE,FALSE,FALSE,4,2,2,2_2,e5c89fcf-cc57-4fad-a138-ea47ee9ea225,NA
12,60687163,60687163,1,snv_mnv,NA,NA,"broad,dkfz,muse,sanger",4,COSN9752778,NA,L1MCc,FALSE,0.3377,NA,26,51,NA,NA,NA,IGR,FALSE,FALSE,FALSE,FALSE,4,2,2,2_2,e5c89fcf-cc57-4fad-a138-ea47ee9ea225,NA
12,60972652,60972652,1,snv_mnv,NA,NA,"broad,dkfz,muse,sanger",4,COSN9752879,NA,NA,FALSE,0.2667,NA,20,55,NA,NA,NA,IGR,FALSE,FALSE,FALSE,FALSE,4,2,2,2_2,e5c89fcf-cc57-4fad-a138-ea47ee9ea225,NA
12,61141404,61141404,1,snv_mnv,NA,NA,"broad,dkfz,muse,sanger",4,COSN9752948,NA,L1PA8,FALSE,0.2353,NA,8,26,NA,NA,NA,IGR,FALSE,FALSE,FALSE,FALSE,4,2,2,2_2,e5c89fcf-cc57-4fad-a138-ea47ee9ea225,NA
12,61141405,61141405,1,snv_mnv,NA,NA,"broad,dkfz,muse,sanger",4,COSN9752949,NA,L1PA8,FALSE,0.2286,NA,8,27,NA,NA,NA,IGR,FALSE,FALSE,FALSE,FALSE,4,2,2,2_2,e5c89fcf-cc57-4fad-a138-ea47ee9ea225,NA
12,61162191,61162191,1,snv_mnv,NA,NA,"broad,dkfz,muse,sanger",4,COSN15584770,NA,NA,FALSE,0.24,NA,12,38,NA,NA,NA,IGR,FALSE,FALSE,FALSE,FALSE,4,2,2,2_2,e5c89fcf-cc57-4fad-a138-ea47ee9ea225,NA
12,61209704,61209704,1,snv_mnv,NA,NA,"broad,dkfz,muse,sanger",4,COSN9752968,NA,NA,FALSE,0.2838,NA,21,53,NA,NA,NA,IGR,FALSE,FALSE,FALSE,FALSE,4,2,2,2_2,e5c89fcf-cc57-4fad-a138-ea47ee9ea225,NA
12,61369695,61369695,1,snv_mnv,NA,NA,"broad,muse,sanger",3,COSN15585259,NA,L1PA5,FALSE,0.1739,NA,12,57,NA,NA,NA,IGR,FALSE,FALSE,FALSE,FALSE,4,2,2,2_2,e5c89fcf-cc57-4fad-a138-ea47ee9ea225,NA
12,61676062,61676062,1,snv_mnv,NA,NA,"broad,dkfz,muse,sanger",4,COSN9753156,NA,NA,FALSE,0.3043,NA,14,32,NA,NA,NA,IGR,FALSE,FALSE,FALSE,FALSE,4,2,2,2_2,e5c89fcf-cc57-4fad-a138-ea47ee9ea225,NA
12,61845975,61845975,1,snv_mnv,NA,NA,"broad,dkfz,muse,sanger",4,COSN9753217,NA,NA,FALSE,0.2615,NA,17,48,NA,NA,NA,IGR,FALSE,FALSE,FALSE,FALSE,4,2,2,2_2,e5c89fcf-cc57-4fad-a138-ea47ee9ea225,NA
12,62044941,62044941,1,snv_mnv,NA,NA,"broad,dkfz,muse,sanger",4,COSN9753278,NA,NA,FALSE,0.3077,NA,24,54,NA,NA,NA,IGR,FALSE,FALSE,FALSE,FALSE,4,2,2,2_2,e5c89fcf-cc57-4fad-a138-ea47ee9ea225,NA
12,62695570,62695570,1,snv_mnv,NA,NA,"broad,dkfz,muse,sanger",4,COSN9753396,NA,NA,FALSE,0.2346,NA,19,62,NA,NA,NA,Intron,FALSE,FALSE,FALSE,FALSE,4,2,2,2_2,e5c89fcf-cc57-4fad-a138-ea47ee9ea225,USP15
12,62726309,62726309,1,snv_mnv,NA,NA,"broad,dkfz,muse,sanger",4,COSN9753402,NA,NA,FALSE,0.3016,NA,19,44,NA,NA,NA,Intron,FALSE,FALSE,FALSE,FALSE,4,2,2,2_2,e5c89fcf-cc57-4fad-a138-ea47ee9ea225,"USP15,RNU6-595P"
12,65748807,65748807,1,snv_mnv,NA,NA,"broad,dkfz,muse,sanger",4,COSN9753894,NA,NA,FALSE,0.2034,NA,12,47,NA,NA,NA,Intron,FALSE,FALSE,FALSE,FALSE,4,2,2,2_2,e5c89fcf-cc57-4fad-a138-ea47ee9ea225,NA
12,67530756,67530756,1,snv_mnv,NA,NA,"broad,dkfz,muse,sanger",4,COSN9754202,NA,L1M5,FALSE,0.2769,NA,18,47,NA,NA,NA,IGR,FALSE,FALSE,FALSE,FALSE,4,2,2,2_2,e5c89fcf-cc57-4fad-a138-ea47ee9ea225,RAB11AP2
12,68391898,68391898,1,snv_mnv,NA,NA,"broad,dkfz,muse,sanger",4,COSN9754317,NA,L1MC4a,FALSE,0.2857,NA,20,50,NA,NA,NA,RNA,FALSE,FALSE,FALSE,FALSE,4,2,2,2_2,e5c89fcf-cc57-4fad-a138-ea47ee9ea225,RPL39P28
12,69916728,69916728,1,snv_mnv,NA,NA,"broad,dkfz,muse,sanger",4,COSN9754501,NA,L1PREC2,FALSE,0.36,NA,27,48,NA,NA,NA,Intron,FALSE,FALSE,FALSE,FALSE,4,2,2,2_2,e5c89fcf-cc57-4fad-a138-ea47ee9ea225,NA
12,70514374,70514374,1,snv_mnv,NA,NA,"broad,dkfz,muse,sanger",4,COSN9754576,NA,NA,FALSE,0.2857,NA,24,60,NA,NA,NA,RNA,FALSE,FALSE,FALSE,FALSE,4,2,2,2_2,e5c89fcf-cc57-4fad-a138-ea47ee9ea225,NA
12,72055103,72055103,1,snv_mnv,NA,NA,"broad,dkfz,muse",3,COSN15034787,NA,AluY,FALSE,0.35,NA,14,26,NA,NA,NA,Intron,FALSE,FALSE,FALSE,FALSE,4,2,2,2_2,e5c89fcf-cc57-4fad-a138-ea47ee9ea225,THAP2
12,72117212,72117212,1,snv_mnv,NA,NA,"broad,dkfz,muse,sanger",4,COSN9754808,NA,AluSz,FALSE,0.3333,NA,12,24,NA,NA,NA,IGR,FALSE,FALSE,FALSE,FALSE,4,2,2,2_2,e5c89fcf-cc57-4fad-a138-ea47ee9ea225,NA
12,72480642,72480642,1,snv_mnv,NA,NA,"broad,dkfz,muse,sanger",4,COSN9754862,NA,NA,FALSE,0.2787,NA,17,44,NA,NA,NA,IGR,FALSE,FALSE,FALSE,FALSE,4,2,2,2_2,e5c89fcf-cc57-4fad-a138-ea47ee9ea225,TRHDE
12,72984564,72984564,1,snv_mnv,NA,NA,"broad,dkfz,muse,sanger",4,COSN9754940,NA,L1MEf,FALSE,0.2877,NA,21,52,NA,NA,NA,Intron,FALSE,FALSE,FALSE,FALSE,4,2,2,2_2,e5c89fcf-cc57-4fad-a138-ea47ee9ea225,NA
12,73830313,73830313,1,snv_mnv,NA,NA,"broad,dkfz,muse,sanger",4,COSN9755108,NA,NA,FALSE,0.2239,NA,15,52,NA,NA,NA,IGR,FALSE,FALSE,FALSE,FALSE,4,2,2,2_2,e5c89fcf-cc57-4fad-a138-ea47ee9ea225,NA
12,74093151,74093151,1,snv_mnv,NA,NA,"broad,dkfz,muse,sanger",4,COSN9755186,NA,NA,FALSE,0.28,NA,21,54,NA,NA,NA,IGR,FALSE,FALSE,FALSE,FALSE,4,2,2,2_2,e5c89fcf-cc57-4fad-a138-ea47ee9ea225,NA
12,74441200,74441200,1,snv_mnv,NA,NA,"broad,dkfz,muse,sanger",4,COSN9755280,NA,L1MC4a,FALSE,0.2174,NA,15,54,NA,NA,NA,lincRNA,FALSE,FALSE,FALSE,FALSE,4,2,2,2_2,e5c89fcf-cc57-4fad-a138-ea47ee9ea225,LINC02394
12,74708976,74708976,1,snv_mnv,NA,NA,"broad,dkfz,muse,sanger",4,COSN9755336,NA,L1P4,FALSE,0.3134,NA,21,46,NA,NA,NA,IGR,FALSE,FALSE,FALSE,FALSE,4,2,2,2_2,e5c89fcf-cc57-4fad-a138-ea47ee9ea225,NA
12,75605384,75605384,1,snv_mnv,NA,NA,"broad,dkfz,muse,sanger",4,COSN9755569,NA,NA,FALSE,0.3176,NA,27,58,NA,NA,NA,5'Flank,FALSE,FALSE,FALSE,FALSE,4,2,2,2_2,e5c89fcf-cc57-4fad-a138-ea47ee9ea225,KCNC2
12,75630297,75630297,1,snv_mnv,NA,NA,"broad,dkfz,muse,sanger",4,COSN9755577,NA,NA,FALSE,0.2958,NA,21,50,NA,NA,NA,RNA,FALSE,FALSE,FALSE,FALSE,4,2,2,2_2,e5c89fcf-cc57-4fad-a138-ea47ee9ea225,NA
12,75682116,75682116,1,snv_mnv,NA,NA,"broad,dkfz,muse,sanger",4,COSN9755587,NA,NA,FALSE,0.2667,NA,24,66,NA,NA,NA,Intron,FALSE,FALSE,FALSE,FALSE,4,2,2,2_2,e5c89fcf-cc57-4fad-a138-ea47ee9ea225,NA
12,77150625,77150625,1,snv_mnv,NA,NA,"broad,dkfz,muse,sanger",4,COSN9755804,NA,AluSq2,FALSE,0.4054,NA,15,22,NA,NA,NA,IGR,FALSE,FALSE,FALSE,FALSE,4,2,2,2_2,e5c89fcf-cc57-4fad-a138-ea47ee9ea225,AC093014.1
12,77606475,77606475,1,snv_mnv,NA,NA,"broad,dkfz,muse",3,COSN15585161,NA,FLAM_A,FALSE,0.339,NA,20,39,NA,NA,NA,IGR,FALSE,FALSE,FALSE,FALSE,4,2,2,2_2,e5c89fcf-cc57-4fad-a138-ea47ee9ea225,NA
12,78395217,78395217,1,snv_mnv,NA,NA,"broad,dkfz,muse,sanger",4,COSN15585204,NA,NA,FALSE,0.1765,NA,12,56,NA,NA,NA,Intron,FALSE,FALSE,FALSE,FALSE,4,2,2,2_2,e5c89fcf-cc57-4fad-a138-ea47ee9ea225,NA
12,78531885,78531885,1,snv_mnv,NA,NA,"broad,dkfz,muse,sanger",4,COSN9756136,NA,NA,FALSE,0.2778,NA,25,65,NA,NA,NA,Intron,FALSE,FALSE,FALSE,FALSE,4,2,2,2_2,e5c89fcf-cc57-4fad-a138-ea47ee9ea225,NA
12,78915134,78915134,1,snv_mnv,NA,NA,"broad,dkfz,muse,sanger",4,COSN9756219,NA,L1PA8,FALSE,0.2344,NA,15,49,NA,NA,NA,lincRNA,FALSE,FALSE,FALSE,FALSE,4,2,2,2_2,e5c89fcf-cc57-4fad-a138-ea47ee9ea225,NA
12,79026870,79026870,1,snv_mnv,NA,NA,"broad,dkfz,muse,sanger",4,COSN9756240,NA,NA,FALSE,0.2105,NA,16,60,NA,NA,NA,IGR,FALSE,FALSE,FALSE,FALSE,4,2,2,2_2,e5c89fcf-cc57-4fad-a138-ea47ee9ea225,NA
12,79047536,79047536,1,snv_mnv,NA,NA,"broad,dkfz,muse,sanger",4,COSN9756243,NA,MER39B,FALSE,0.2344,NA,15,49,NA,NA,NA,IGR,FALSE,FALSE,FALSE,FALSE,4,2,2,2_2,e5c89fcf-cc57-4fad-a138-ea47ee9ea225,NA
12,79468473,79468473,1,snv_mnv,NA,NA,"broad,dkfz,muse,sanger",4,COSN9756331,NA,NA,FALSE,0.2258,NA,14,48,NA,NA,NA,Intron,FALSE,FALSE,FALSE,FALSE,4,2,2,2_2,e5c89fcf-cc57-4fad-a138-ea47ee9ea225,NA
12,79468474,79468474,1,snv_mnv,NA,NA,"broad,dkfz,muse,sanger",4,COSN9756332,NA,NA,FALSE,0.2167,NA,13,47,NA,NA,NA,Intron,FALSE,FALSE,FALSE,FALSE,4,2,2,2_2,e5c89fcf-cc57-4fad-a138-ea47ee9ea225,NA
12,79859912,79859912,1,snv_mnv,NA,NA,"broad,dkfz,muse,sanger",4,COSN9756389,NA,SATR2,FALSE,0.2881,NA,17,42,NA,NA,NA,IGR,FALSE,FALSE,FALSE,FALSE,4,2,2,2_2,e5c89fcf-cc57-4fad-a138-ea47ee9ea225,NA
12,79862096,79862096,1,snv_mnv,NA,NA,"broad,dkfz,muse,sanger",4,COSN9756390,NA,SATR1,FALSE,0.2982,NA,17,40,NA,NA,NA,IGR,FALSE,FALSE,FALSE,FALSE,4,2,2,2_2,e5c89fcf-cc57-4fad-a138-ea47ee9ea225,NA
12,80446896,80446896,1,snv_mnv,NA,NA,"broad,dkfz,muse,sanger",4,COSN9756461,NA,NA,FALSE,0.2432,NA,18,56,NA,NA,NA,IGR,FALSE,FALSE,FALSE,FALSE,4,2,2,2_2,e5c89fcf-cc57-4fad-a138-ea47ee9ea225,NA
12,80467338,80467338,1,snv_mnv,NA,NA,"broad,dkfz,muse,sanger",4,COSN9756466,NA,L1PA7,FALSE,0.2308,NA,15,50,NA,NA,NA,IGR,FALSE,FALSE,FALSE,FALSE,4,2,2,2_2,e5c89fcf-cc57-4fad-a138-ea47ee9ea225,RNU7-106P
12,80729852,80729852,1,snv_mnv,NA,NA,"broad,dkfz,muse,sanger",4,COSM4152957,NA,NA,FALSE,0.2969,NA,19,45,NA,NA,NA,Missense_Mutation,FALSE,FALSE,FALSE,FALSE,4,2,2,2_2,e5c89fcf-cc57-4fad-a138-ea47ee9ea225,OTOGL
12,83984172,83984172,1,snv_mnv,NA,NA,"broad,dkfz,muse,sanger",4,COSN9737304,NA,NA,FALSE,0.2373,NA,14,45,NA,NA,NA,IGR,FALSE,FALSE,FALSE,FALSE,4,2,2,2_2,e5c89fcf-cc57-4fad-a138-ea47ee9ea225,NA
12,84155566,84155566,1,snv_mnv,NA,NA,"broad,dkfz,muse,sanger",4,COSN9737358,NA,NA,FALSE,0.3056,NA,22,50,NA,NA,NA,IGR,FALSE,FALSE,FALSE,FALSE,4,2,2,2_2,e5c89fcf-cc57-4fad-a138-ea47ee9ea225,NA
12,84444785,84444785,1,snv_mnv,NA,NA,"broad,dkfz,muse,sanger",4,COSN9737435,NA,NA,FALSE,0.3036,NA,17,39,NA,NA,NA,IGR,FALSE,FALSE,FALSE,FALSE,4,2,2,2_2,e5c89fcf-cc57-4fad-a138-ea47ee9ea225,NA
12,84711828,84711828,1,snv_mnv,NA,NA,"broad,dkfz,muse,sanger",4,COSN9737528,NA,NA,FALSE,0.1974,NA,15,61,NA,NA,NA,IGR,FALSE,FALSE,FALSE,FALSE,4,2,2,2_2,e5c89fcf-cc57-4fad-a138-ea47ee9ea225,NA
12,84734421,84734421,1,snv_mnv,NA,NA,"broad,dkfz,muse,sanger",4,COSN9737540,NA,NA,FALSE,0.4394,NA,29,37,NA,NA,NA,IGR,FALSE,FALSE,FALSE,FALSE,4,2,2,2_2,e5c89fcf-cc57-4fad-a138-ea47ee9ea225,NA
12,84847579,84847579,1,snv_mnv,NA,NA,"broad,dkfz,muse,sanger",4,COSN9737572,NA,L1MEc,FALSE,0.2754,NA,19,50,NA,NA,NA,IGR,FALSE,FALSE,FALSE,FALSE,4,2,2,2_2,e5c89fcf-cc57-4fad-a138-ea47ee9ea225,AC087888.1
12,84891610,84891610,1,snv_mnv,NA,NA,"broad,dkfz,muse,sanger",4,COSN9737583,NA,LTR50,FALSE,0.2297,NA,17,57,NA,NA,NA,IGR,FALSE,FALSE,FALSE,FALSE,4,2,2,2_2,e5c89fcf-cc57-4fad-a138-ea47ee9ea225,NA
12,84926033,84926033,1,snv_mnv,NA,NA,"broad,dkfz,muse,sanger",4,COSN9737593,NA,MSTA-int,FALSE,0.2692,NA,21,57,NA,NA,NA,IGR,FALSE,FALSE,FALSE,FALSE,4,2,2,2_2,e5c89fcf-cc57-4fad-a138-ea47ee9ea225,NA
12,85063819,85063819,1,snv_mnv,NA,NA,"broad,dkfz,muse,sanger",4,COSN9737631,NA,NA,FALSE,0.3182,NA,21,45,NA,NA,NA,IGR,FALSE,FALSE,FALSE,FALSE,4,2,2,2_2,e5c89fcf-cc57-4fad-a138-ea47ee9ea225,AC093027.1
12,85622972,85622972,1,snv_mnv,NA,NA,"broad,dkfz,muse,sanger",4,COSN9737748,NA,NA,FALSE,0.2436,NA,19,59,NA,NA,NA,Intron,FALSE,FALSE,FALSE,FALSE,4,2,2,2_2,e5c89fcf-cc57-4fad-a138-ea47ee9ea225,NA
12,86134683,86134683,1,snv_mnv,1.9968e-4,rs540005515,"broad,dkfz,muse,sanger",4,COSN9737875,rs540005515,NA,FALSE,0.2899,NA,20,49,NA,NA,NA,IGR,FALSE,FALSE,FALSE,FALSE,4,2,2,2_2,e5c89fcf-cc57-4fad-a138-ea47ee9ea225,NA
12,87074426,87074426,1,snv_mnv,NA,NA,"broad,dkfz,muse,sanger",4,COSN9738149,NA,NA,FALSE,0.2407,NA,13,41,NA,NA,NA,Intron,FALSE,FALSE,FALSE,FALSE,4,2,2,2_2,e5c89fcf-cc57-4fad-a138-ea47ee9ea225,NA
12,87266037,87266037,1,snv_mnv,NA,NA,"broad,dkfz,muse,sanger",4,COSN9738219,NA,NA,FALSE,0.2833,NA,17,43,NA,NA,NA,IGR,FALSE,FALSE,FALSE,FALSE,4,2,2,2_2,e5c89fcf-cc57-4fad-a138-ea47ee9ea225,NA
12,87391483,87391483,1,snv_mnv,NA,NA,"broad,dkfz,muse,sanger",4,COSN9738242,NA,THE1B,FALSE,0.1786,NA,10,46,NA,NA,NA,IGR,FALSE,FALSE,FALSE,FALSE,4,2,2,2_2,e5c89fcf-cc57-4fad-a138-ea47ee9ea225,NA
12,87391484,87391484,1,snv_mnv,NA,NA,"broad,dkfz,muse,sanger",4,COSN9738243,NA,THE1B,FALSE,0.1786,NA,10,46,NA,NA,NA,IGR,FALSE,FALSE,FALSE,FALSE,4,2,2,2_2,e5c89fcf-cc57-4fad-a138-ea47ee9ea225,NA
12,87508984,87508984,1,snv_mnv,NA,NA,"broad,dkfz,muse,sanger",4,COSN9738278,NA,NA,FALSE,0.2135,NA,19,70,NA,NA,NA,IGR,FALSE,FALSE,FALSE,FALSE,4,2,2,2_2,e5c89fcf-cc57-4fad-a138-ea47ee9ea225,NA
12,87636065,87636065,1,snv_mnv,NA,NA,"broad,dkfz,muse,sanger",4,COSN9738317,NA,MIRc,FALSE,0.3023,NA,26,60,NA,NA,NA,IGR,FALSE,FALSE,FALSE,FALSE,4,2,2,2_2,e5c89fcf-cc57-4fad-a138-ea47ee9ea225,NA
12,88299324,88299324,1,snv_mnv,NA,NA,"broad,dkfz,muse,sanger",4,COSN9738496,NA,NA,FALSE,0.2909,NA,16,39,NA,NA,NA,IGR,FALSE,FALSE,FALSE,FALSE,4,2,2,2_2,e5c89fcf-cc57-4fad-a138-ea47ee9ea225,NA
12,89855132,89855132,1,snv_mnv,NA,NA,"broad,dkfz,muse,sanger",4,COSN9738726,NA,NA,FALSE,0.2449,NA,12,37,NA,NA,NA,Intron,FALSE,FALSE,FALSE,FALSE,4,2,2,2_2,e5c89fcf-cc57-4fad-a138-ea47ee9ea225,NA
12,90314098,90314098,1,snv_mnv,NA,NA,"broad,dkfz,muse,sanger",4,COSN15585189,NA,NA,FALSE,0.2179,NA,17,61,NA,NA,NA,lincRNA,FALSE,FALSE,FALSE,FALSE,4,2,2,2_2,e5c89fcf-cc57-4fad-a138-ea47ee9ea225,BRWD1P2
12,90438073,90438073,1,snv_mnv,NA,NA,"broad,dkfz,muse,sanger",4,COSN9738801,NA,NA,FALSE,0.2881,NA,17,42,NA,NA,NA,IGR,FALSE,FALSE,FALSE,FALSE,4,2,2,2_2,e5c89fcf-cc57-4fad-a138-ea47ee9ea225,NA
12,90467724,90467724,1,snv_mnv,NA,NA,"broad,dkfz,muse,sanger",4,COSN9738803,NA,NA,FALSE,0.3333,NA,23,46,NA,NA,NA,IGR,FALSE,FALSE,FALSE,FALSE,4,2,2,2_2,e5c89fcf-cc57-4fad-a138-ea47ee9ea225,NA
12,90612189,90612189,1,snv_mnv,NA,NA,"broad,dkfz,muse,sanger",4,COSN9738840,NA,MER31-int,FALSE,0.2464,NA,17,52,NA,NA,NA,IGR,FALSE,FALSE,FALSE,FALSE,4,2,2,2_2,e5c89fcf-cc57-4fad-a138-ea47ee9ea225,NA
12,90659927,90659927,1,snv_mnv,NA,NA,"broad,dkfz,muse,sanger",4,COSN9738845,NA,NA,FALSE,0.2727,NA,24,64,NA,NA,NA,IGR,FALSE,FALSE,FALSE,FALSE,4,2,2,2_2,e5c89fcf-cc57-4fad-a138-ea47ee9ea225,NA
12,90740942,90740942,1,snv_mnv,NA,NA,"broad,dkfz,muse,sanger",4,COSN9738867,NA,NA,FALSE,0.2973,NA,22,52,NA,NA,NA,IGR,FALSE,FALSE,FALSE,FALSE,4,2,2,2_2,e5c89fcf-cc57-4fad-a138-ea47ee9ea225,NA
12,90853230,90853230,1,snv_mnv,NA,NA,"broad,dkfz,muse,sanger",4,COSN9738895,NA,THE1C-int,FALSE,0.2727,NA,15,40,NA,NA,NA,IGR,FALSE,FALSE,FALSE,FALSE,4,2,2,2_2,e5c89fcf-cc57-4fad-a138-ea47ee9ea225,NA
12,91052288,91052288,1,snv_mnv,NA,NA,"broad,dkfz,muse,sanger",4,COSN9738934,NA,NA,FALSE,0.2203,NA,13,46,NA,NA,NA,IGR,FALSE,FALSE,FALSE,FALSE,4,2,2,2_2,e5c89fcf-cc57-4fad-a138-ea47ee9ea225,NA
12,91694969,91694969,1,snv_mnv,NA,NA,"broad,dkfz,muse,sanger",4,COSN9739091,NA,L1PA10,FALSE,0.2373,NA,14,45,NA,NA,NA,IGR,FALSE,FALSE,FALSE,FALSE,4,2,2,2_2,e5c89fcf-cc57-4fad-a138-ea47ee9ea225,NA
12,91831724,91831724,1,snv_mnv,NA,NA,"broad,dkfz,muse,sanger",4,COSN9739123,NA,NA,FALSE,0.4127,NA,26,37,NA,NA,NA,IGR,FALSE,FALSE,FALSE,FALSE,4,2,2,2_2,e5c89fcf-cc57-4fad-a138-ea47ee9ea225,NA
12,92372761,92372761,1,snv_mnv,NA,NA,"broad,dkfz,muse,sanger",4,COSN9739230,NA,MLT1A1,FALSE,0.3214,NA,9,19,NA,NA,NA,IGR,FALSE,FALSE,FALSE,FALSE,4,2,2,2_2,e5c89fcf-cc57-4fad-a138-ea47ee9ea225,NA
12,93126109,93126109,1,snv_mnv,NA,NA,"broad,dkfz,muse,sanger",4,COSN9739341,NA,NA,FALSE,0.2542,NA,15,44,NA,NA,NA,Intron,FALSE,FALSE,FALSE,FALSE,4,2,2,2_2,e5c89fcf-cc57-4fad-a138-ea47ee9ea225,PLEKHG7
12,93126110,93126110,1,snv_mnv,NA,NA,"broad,dkfz,muse,sanger",4,COSN9739342,NA,NA,FALSE,0.25,NA,15,45,NA,NA,NA,Intron,FALSE,FALSE,FALSE,FALSE,4,2,2,2_2,e5c89fcf-cc57-4fad-a138-ea47ee9ea225,PLEKHG7
12,94101484,94101484,1,snv_mnv,NA,NA,"broad,dkfz,muse,sanger",4,COSN9739475,NA,MLT1H1,FALSE,0.3256,NA,14,29,NA,NA,NA,Intron,FALSE,FALSE,FALSE,FALSE,4,2,2,2_2,e5c89fcf-cc57-4fad-a138-ea47ee9ea225,AC012085.2
12,95808740,95808740,1,snv_mnv,NA,NA,"broad,dkfz,muse,sanger",4,COSN9739738,NA,AluJr4,FALSE,0.3714,NA,13,22,NA,NA,NA,RNA,FALSE,FALSE,FALSE,FALSE,4,2,2,2_2,e5c89fcf-cc57-4fad-a138-ea47ee9ea225,AC084879.1
12,96266978,96266978,1,snv_mnv,NA,NA,"broad,dkfz,muse,sanger",4,COSN9739804,NA,NA,FALSE,0.2745,NA,14,37,NA,NA,NA,Intron,FALSE,FALSE,FALSE,FALSE,4,2,2,2_2,e5c89fcf-cc57-4fad-a138-ea47ee9ea225,CCDC38
12,96730424,96730424,1,snv_mnv,NA,NA,"broad,dkfz,muse,sanger",4,COSN9739875,NA,NA,FALSE,0.3333,NA,18,36,NA,NA,NA,Intron,FALSE,FALSE,FALSE,FALSE,4,2,2,2_2,e5c89fcf-cc57-4fad-a138-ea47ee9ea225,CDK17
12,96781875,96781875,1,snv_mnv,NA,NA,"broad,dkfz,muse,sanger",4,COSN9739885,NA,FLAM_C,FALSE,0.08,NA,2,23,NA,NA,NA,Intron,FALSE,FALSE,FALSE,FALSE,4,2,2,2_2,e5c89fcf-cc57-4fad-a138-ea47ee9ea225,AC125612.1
12,96781876,96781876,1,snv_mnv,NA,NA,"broad,dkfz,muse,sanger",4,COSN9739886,NA,FLAM_C,FALSE,0.0741,NA,2,25,NA,NA,NA,Intron,FALSE,FALSE,FALSE,FALSE,4,2,2,2_2,e5c89fcf-cc57-4fad-a138-ea47ee9ea225,AC125612.1
12,96989569,96989569,1,snv_mnv,NA,NA,"broad,dkfz,muse,sanger",4,COSN9739923,NA,ERV3-16A3_I-int,FALSE,0.2982,NA,17,40,NA,NA,NA,Intron,FALSE,FALSE,FALSE,FALSE,4,2,2,2_2,e5c89fcf-cc57-4fad-a138-ea47ee9ea225,NA
12,98017495,98017495,1,snv_mnv,NA,NA,"broad,dkfz,muse,sanger",4,COSN9740074,NA,NA,FALSE,0.3889,NA,14,22,NA,NA,NA,IGR,FALSE,FALSE,FALSE,FALSE,4,2,2,2_2,e5c89fcf-cc57-4fad-a138-ea47ee9ea225,NA
12,99382032,99382032,1,snv_mnv,NA,NA,"broad,dkfz,muse,sanger",4,COSN15585141,NA,L1MA8,FALSE,0.2308,NA,12,40,NA,NA,NA,Intron,FALSE,FALSE,FALSE,FALSE,4,2,2,2_2,e5c89fcf-cc57-4fad-a138-ea47ee9ea225,NA
12,100600336,100600336,1,snv_mnv,NA,NA,"broad,dkfz,muse,sanger",4,COSN10095975,NA,AluJb,FALSE,0.38,NA,19,31,NA,NA,NA,Intron,FALSE,FALSE,FALSE,FALSE,4,2,2,2_2,e5c89fcf-cc57-4fad-a138-ea47ee9ea225,ACTR6
12,101601159,101601159,1,snv_mnv,NA,NA,"broad,dkfz,muse,sanger",4,COSN10096115,NA,MIRb,FALSE,0.2581,NA,16,46,NA,NA,NA,Intron,FALSE,FALSE,FALSE,FALSE,4,2,2,2_2,e5c89fcf-cc57-4fad-a138-ea47ee9ea225,NA
12,102964723,102964723,1,snv_mnv,NA,NA,"broad,dkfz,muse,sanger",4,COSN10096308,NA,NA,FALSE,0.197,NA,13,53,NA,NA,NA,IGR,FALSE,FALSE,FALSE,FALSE,4,2,2,2_2,e5c89fcf-cc57-4fad-a138-ea47ee9ea225,NA
12,103201568,103201568,1,snv_mnv,NA,NA,"broad,dkfz,muse,sanger",4,COSN10096350,NA,ORSL-2a,FALSE,0.2464,NA,17,52,NA,NA,NA,lincRNA,FALSE,FALSE,FALSE,FALSE,4,2,2,2_2,e5c89fcf-cc57-4fad-a138-ea47ee9ea225,LINC00485
12,103572225,103572225,1,snv_mnv,NA,NA,"broad,dkfz,muse,sanger",4,COSN10096429,NA,NA,FALSE,0.25,NA,9,27,NA,NA,NA,RNA,FALSE,FALSE,FALSE,FALSE,4,2,2,2_2,e5c89fcf-cc57-4fad-a138-ea47ee9ea225,AC068643.1
12,103858065,103858065,1,snv_mnv,NA,NA,"broad,dkfz,muse,sanger",4,COSN10096481,NA,L1PA10,FALSE,0.3833,NA,23,37,NA,NA,NA,Intron,FALSE,FALSE,FALSE,FALSE,4,2,2,2_2,e5c89fcf-cc57-4fad-a138-ea47ee9ea225,NA
12,103912084,103912084,1,snv_mnv,NA,NA,"broad,dkfz,muse,sanger",4,COSN10096492,NA,MLT1N2,FALSE,0.4412,NA,15,19,NA,NA,NA,IGR,FALSE,FALSE,FALSE,FALSE,4,2,2,2_2,e5c89fcf-cc57-4fad-a138-ea47ee9ea225,NA
12,104103621,104103621,1,snv_mnv,NA,NA,"broad,dkfz,muse,sanger",4,COSN10096524,NA,NA,FALSE,0.3103,NA,18,40,NA,NA,NA,Intron,FALSE,FALSE,FALSE,FALSE,4,2,2,2_2,e5c89fcf-cc57-4fad-a138-ea47ee9ea225,STAB2
12,104508831,104508831,1,snv_mnv,NA,NA,"broad,dkfz,muse,sanger",4,COSN10096582,NA,NA,FALSE,0.2373,NA,14,45,NA,NA,NA,IGR,FALSE,FALSE,FALSE,FALSE,4,2,2,2_2,e5c89fcf-cc57-4fad-a138-ea47ee9ea225,NFYB
12,105178848,105178848,1,snv_mnv,NA,NA,"broad,dkfz,muse,sanger",4,COSN10096676,NA,LTR88a,FALSE,0.2459,NA,15,46,NA,NA,NA,IGR,FALSE,FALSE,FALSE,FALSE,4,2,2,2_2,e5c89fcf-cc57-4fad-a138-ea47ee9ea225,NA
12,105655141,105655141,1,snv_mnv,NA,NA,"broad,dkfz,muse,sanger",4,COSN10096737,NA,NA,FALSE,0.2653,NA,13,36,NA,NA,NA,Intron,FALSE,FALSE,FALSE,FALSE,4,2,2,2_2,e5c89fcf-cc57-4fad-a138-ea47ee9ea225,NA
12,106198895,106198895,1,snv_mnv,NA,NA,"broad,dkfz,muse,sanger",4,COSN10096822,NA,NA,FALSE,0.3333,NA,15,30,NA,NA,NA,IGR,FALSE,FALSE,FALSE,FALSE,4,2,2,2_2,e5c89fcf-cc57-4fad-a138-ea47ee9ea225,NA
12,110193007,110193007,1,snv_mnv,NA,NA,"broad,dkfz,muse,sanger",4,COSN10097447,NA,L1M4,FALSE,0.2941,NA,15,36,NA,NA,NA,Intron,FALSE,FALSE,FALSE,FALSE,4,2,2,2_2,e5c89fcf-cc57-4fad-a138-ea47ee9ea225,NA
12,113100324,113100324,1,snv_mnv,NA,NA,"broad,dkfz,muse,sanger",4,COSN10097847,NA,NA,FALSE,0.2778,NA,15,39,NA,NA,NA,Intron,FALSE,FALSE,FALSE,FALSE,4,2,2,2_2,e5c89fcf-cc57-4fad-a138-ea47ee9ea225,NA
12,113980405,113980405,1,snv_mnv,NA,NA,"broad,dkfz,muse,sanger",4,COSN10097989,NA,Charlie22a,FALSE,0.2917,NA,7,17,NA,NA,NA,IGR,FALSE,FALSE,FALSE,FALSE,4,2,2,2_2,e5c89fcf-cc57-4fad-a138-ea47ee9ea225,NA
12,114454403,114454403,1,snv_mnv,NA,NA,"broad,dkfz,muse,sanger",4,COSN15585268,NA,AluJb,FALSE,0.3023,NA,13,30,NA,NA,NA,IGR,FALSE,FALSE,FALSE,FALSE,4,2,2,2_2,e5c89fcf-cc57-4fad-a138-ea47ee9ea225,NA
12,114597529,114597529,1,snv_mnv,NA,NA,"broad,dkfz,muse,sanger",4,COSN10098120,NA,NA,FALSE,0.2881,NA,17,42,NA,NA,NA,IGR,FALSE,FALSE,FALSE,FALSE,4,2,2,2_2,e5c89fcf-cc57-4fad-a138-ea47ee9ea225,NA
12,114666733,114666733,1,snv_mnv,NA,NA,"broad,dkfz,muse,sanger",4,COSN15585180,NA,NA,FALSE,0.1935,NA,12,50,NA,NA,NA,IGR,FALSE,FALSE,FALSE,FALSE,4,2,2,2_2,e5c89fcf-cc57-4fad-a138-ea47ee9ea225,NA
12,114759126,114759126,1,snv_mnv,NA,NA,"broad,dkfz,muse,sanger",4,COSN10098164,NA,NA,FALSE,0.3947,NA,15,23,NA,NA,NA,IGR,FALSE,FALSE,FALSE,FALSE,4,2,2,2_2,e5c89fcf-cc57-4fad-a138-ea47ee9ea225,NA
12,115413935,115413935,1,snv_mnv,NA,NA,"broad,dkfz,muse,sanger",4,COSN10098335,NA,NA,FALSE,0.25,NA,14,42,NA,NA,NA,IGR,FALSE,FALSE,FALSE,FALSE,4,2,2,2_2,e5c89fcf-cc57-4fad-a138-ea47ee9ea225,NA
12,115720930,115720930,1,snv_mnv,NA,NA,"broad,dkfz,muse,sanger",4,COSN10098420,NA,NA,FALSE,0.2885,NA,15,37,NA,NA,NA,IGR,FALSE,FALSE,FALSE,FALSE,4,2,2,2_2,e5c89fcf-cc57-4fad-a138-ea47ee9ea225,NA
12,116227619,116227619,1,snv_mnv,NA,NA,"broad,dkfz,muse,sanger",4,COSN10098558,NA,L1MA4A,FALSE,0.2703,NA,20,54,NA,NA,NA,lincRNA,FALSE,FALSE,FALSE,FALSE,4,2,2,2_2,e5c89fcf-cc57-4fad-a138-ea47ee9ea225,NA
12,117305431,117305431,1,snv_mnv,NA,NA,"broad,dkfz,muse,sanger",4,COSN10098717,NA,L1MC4a,FALSE,0.25,NA,12,36,NA,NA,NA,Intron,FALSE,FALSE,FALSE,FALSE,4,2,2,2_2,e5c89fcf-cc57-4fad-a138-ea47ee9ea225,HRK
12,117503746,117503746,1,snv_mnv,NA,NA,"broad,dkfz,muse,sanger",4,COSN10098748,NA,NA,FALSE,0.4032,NA,25,37,NA,NA,NA,Intron,FALSE,FALSE,FALSE,FALSE,4,2,2,2_2,e5c89fcf-cc57-4fad-a138-ea47ee9ea225,NA
12,118001217,118001217,1,snv_mnv,NA,NA,"broad,dkfz,muse,sanger",4,COSN10098849,NA,MIRb,FALSE,0.4103,NA,16,23,NA,NA,NA,Intron,FALSE,FALSE,FALSE,FALSE,4,2,2,2_2,e5c89fcf-cc57-4fad-a138-ea47ee9ea225,NA
12,118856476,118856476,1,snv_mnv,NA,NA,"broad,dkfz,muse,sanger",4,COSN10099005,NA,MIRb,FALSE,0.2791,NA,12,31,NA,NA,NA,IGR,FALSE,FALSE,FALSE,FALSE,4,2,2,2_2,e5c89fcf-cc57-4fad-a138-ea47ee9ea225,SUDS3
12,119487745,119487745,1,snv_mnv,NA,NA,"broad,muse,sanger",3,COSN10099164,NA,MLT1B,FALSE,0.2923,NA,19,46,NA,NA,NA,Intron,FALSE,FALSE,FALSE,FALSE,4,2,2,2_2,e5c89fcf-cc57-4fad-a138-ea47ee9ea225,NA
12,119681508,119681508,1,snv_mnv,NA,NA,"broad,dkfz,muse,sanger",4,COSN15585205,NA,AluJb,FALSE,0.2692,NA,7,19,NA,NA,NA,RNA,FALSE,FALSE,FALSE,FALSE,4,2,2,2_2,e5c89fcf-cc57-4fad-a138-ea47ee9ea225,NA
12,123292769,123292769,1,snv_mnv,5.9904e-4,rs542735464,"broad,dkfz,muse,sanger",4,COSN10099636,rs542735464,AluSz,FALSE,0.3415,NA,14,27,NA,NA,NA,Intron,FALSE,FALSE,FALSE,FALSE,4,2,2,2_2,e5c89fcf-cc57-4fad-a138-ea47ee9ea225,NA
12,126763897,126763897,1,snv_mnv,NA,NA,"broad,dkfz,muse,sanger",4,COSN10100123,NA,Charlie4a,FALSE,0.3067,NA,23,52,NA,NA,NA,IGR,FALSE,FALSE,FALSE,FALSE,4,2,2,2_2,e5c89fcf-cc57-4fad-a138-ea47ee9ea225,NA
12,126772992,126772992,1,snv_mnv,NA,NA,"broad,dkfz,muse,sanger",4,COSN10100125,NA,NA,FALSE,0.2778,NA,15,39,NA,NA,NA,IGR,FALSE,FALSE,FALSE,FALSE,4,2,2,2_2,e5c89fcf-cc57-4fad-a138-ea47ee9ea225,NA
12,126918129,126918129,1,snv_mnv,NA,NA,"broad,dkfz,muse,sanger",4,COSN10100164,NA,L1PA13,FALSE,0.2373,NA,14,45,NA,NA,NA,lincRNA,FALSE,FALSE,FALSE,FALSE,4,2,2,2_2,e5c89fcf-cc57-4fad-a138-ea47ee9ea225,NA
12,127007185,127007185,1,snv_mnv,NA,NA,"broad,dkfz,muse,sanger",4,COSN10100192,NA,NA,FALSE,0.2459,NA,15,46,NA,NA,NA,IGR,FALSE,FALSE,FALSE,FALSE,4,2,2,2_2,e5c89fcf-cc57-4fad-a138-ea47ee9ea225,NDUFA5P6
12,127646158,127646158,1,snv_mnv,NA,NA,"broad,dkfz,muse,sanger",4,COSN10100358,NA,LTR8A,FALSE,0.2727,NA,9,24,NA,NA,NA,IGR,FALSE,FALSE,FALSE,FALSE,4,2,2,2_2,e5c89fcf-cc57-4fad-a138-ea47ee9ea225,NA
12,127698720,127698720,1,snv_mnv,NA,NA,"broad,dkfz,muse,sanger",4,COSN10100366,NA,NA,FALSE,0.4697,NA,31,35,NA,NA,NA,IGR,FALSE,FALSE,FALSE,FALSE,4,2,2,2_2,e5c89fcf-cc57-4fad-a138-ea47ee9ea225,NA
12,128452557,128452557,1,snv_mnv,NA,NA,"broad,dkfz,muse,sanger",4,COSN10100579,NA,THE1B-int,FALSE,0.2353,NA,12,39,NA,NA,NA,IGR,FALSE,FALSE,FALSE,FALSE,4,2,2,2_2,e5c89fcf-cc57-4fad-a138-ea47ee9ea225,NA
12,128548970,128548970,1,snv_mnv,NA,NA,"broad,dkfz,muse,sanger",4,COSN10100611,NA,NA,FALSE,0.3333,NA,13,26,NA,NA,NA,IGR,FALSE,FALSE,FALSE,FALSE,4,2,2,2_2,e5c89fcf-cc57-4fad-a138-ea47ee9ea225,NA
12,128753815,128753815,1,snv_mnv,NA,NA,"broad,dkfz,muse,sanger",4,COSN10100682,NA,NA,FALSE,0.3889,NA,14,22,NA,NA,NA,Intron,FALSE,FALSE,FALSE,FALSE,4,2,2,2_2,e5c89fcf-cc57-4fad-a138-ea47ee9ea225,NA
12,128915137,128915137,1,snv_mnv,NA,NA,"broad,dkfz,muse,sanger",4,COSN10100737,NA,Tigger1,FALSE,0.2931,NA,17,41,NA,NA,NA,Intron,FALSE,FALSE,FALSE,FALSE,4,2,2,2_2,e5c89fcf-cc57-4fad-a138-ea47ee9ea225,NA
12,129800654,129800654,1,snv_mnv,NA,NA,"broad,dkfz,muse,sanger",4,COSN10100929,NA,L1PB4,FALSE,0.2333,NA,14,46,NA,NA,NA,Intron,FALSE,FALSE,FALSE,FALSE,4,2,2,2_2,e5c89fcf-cc57-4fad-a138-ea47ee9ea225,NA
12,130643728,130643728,1,snv_mnv,NA,NA,"broad,dkfz,muse,sanger",4,COSN10101162,NA,NA,FALSE,0.25,NA,13,39,NA,NA,NA,RNA,FALSE,FALSE,FALSE,FALSE,4,2,2,2_2,e5c89fcf-cc57-4fad-a138-ea47ee9ea225,FZD10
12,131807670,131807670,1,snv_mnv,NA,NA,"broad,dkfz,muse,sanger",4,COSN10101465,NA,MER4-int,FALSE,0.2857,NA,14,35,NA,NA,NA,IGR,FALSE,FALSE,FALSE,FALSE,4,2,2,2_2,e5c89fcf-cc57-4fad-a138-ea47ee9ea225,NA
12,133336911,133336911,1,snv_mnv,NA,NA,"broad,dkfz,muse,sanger",4,COSN10101692,NA,MER21B,FALSE,0.3846,NA,10,16,NA,NA,NA,Intron,FALSE,FALSE,FALSE,FALSE,4,2,2,2_2,e5c89fcf-cc57-4fad-a138-ea47ee9ea225,NA
13,19506857,19506857,1,snv_mnv,NA,NA,"broad,dkfz,muse,sanger",4,COSN15584791,NA,NA,FALSE,0.24,NA,12,38,NA,NA,NA,IGR,FALSE,FALSE,FALSE,FALSE,4,2,2,2_2,e5c89fcf-cc57-4fad-a138-ea47ee9ea225,NA
13,19858546,19858546,1,snv_mnv,NA,NA,"broad,dkfz,muse,sanger",4,COSN9743438,NA,NA,FALSE,0.2656,NA,17,47,NA,NA,NA,IGR,FALSE,FALSE,FALSE,FALSE,4,2,2,2_2,e5c89fcf-cc57-4fad-a138-ea47ee9ea225,NA
13,20105217,20105217,1,snv_mnv,NA,NA,"broad,muse,sanger",3,COSN9743484,NA,L1MB4,FALSE,0.2154,NA,14,51,NA,NA,NA,Intron,FALSE,FALSE,FALSE,FALSE,4,2,2,2_2,e5c89fcf-cc57-4fad-a138-ea47ee9ea225,NA
13,21022686,21022686,1,snv_mnv,NA,NA,"broad,dkfz,muse,sanger",4,COSN9743579,NA,L1MCa,FALSE,0.3051,NA,18,41,NA,NA,NA,Intron,FALSE,FALSE,FALSE,FALSE,4,2,2,2_2,e5c89fcf-cc57-4fad-a138-ea47ee9ea225,NA
13,21166939,21166939,1,snv_mnv,NA,NA,"broad,dkfz,muse,sanger",4,COSN9743600,NA,NA,FALSE,0.2037,NA,11,43,NA,NA,NA,Intron,FALSE,FALSE,FALSE,FALSE,4,2,2,2_2,e5c89fcf-cc57-4fad-a138-ea47ee9ea225,IFT88
13,22349842,22349842,1,snv_mnv,NA,NA,"broad,dkfz,muse,sanger",4,COSN9743737,NA,MLT2C1,FALSE,0.3478,NA,16,30,NA,NA,NA,IGR,FALSE,FALSE,FALSE,FALSE,4,2,2,2_2,e5c89fcf-cc57-4fad-a138-ea47ee9ea225,NA
13,22893645,22893645,1,snv_mnv,NA,NA,"broad,dkfz,muse,sanger",4,COSN9743852,NA,L1MB4,FALSE,0.2576,NA,17,49,NA,NA,NA,IGR,FALSE,FALSE,FALSE,FALSE,4,2,2,2_2,e5c89fcf-cc57-4fad-a138-ea47ee9ea225,NA
13,23210275,23210275,1,snv_mnv,NA,NA,"broad,dkfz,muse,sanger",4,COSN9743925,NA,L1PA7,FALSE,0.3103,NA,18,40,NA,NA,NA,IGR,FALSE,FALSE,FALSE,FALSE,4,2,2,2_2,e5c89fcf-cc57-4fad-a138-ea47ee9ea225,NA
13,23950410,23950410,1,snv_mnv,NA,NA,"broad,dkfz,muse,sanger",4,COSN9744039,NA,NA,FALSE,0.2558,NA,11,32,NA,NA,NA,Intron,FALSE,FALSE,FALSE,FALSE,4,2,2,2_2,e5c89fcf-cc57-4fad-a138-ea47ee9ea225,"RPLP1P13,SACS"
13,23956329,23956329,1,snv_mnv,NA,NA,"broad,dkfz,muse,sanger",4,COSN9744040,NA,AluSx1,FALSE,0.3171,NA,13,28,NA,NA,NA,Intron,FALSE,FALSE,FALSE,FALSE,4,2,2,2_2,e5c89fcf-cc57-4fad-a138-ea47ee9ea225,NA
13,24111171,24111171,1,snv_mnv,NA,NA,"broad,dkfz,muse,sanger",4,COSN9744067,NA,L1ME2,FALSE,0.2222,NA,12,42,NA,NA,NA,IGR,FALSE,FALSE,FALSE,FALSE,4,2,2,2_2,e5c89fcf-cc57-4fad-a138-ea47ee9ea225,NA
13,25545850,25545850,1,snv_mnv,NA,NA,"broad,muse,sanger",3,COSN9744255,NA,AluSc5,FALSE,0.3429,NA,12,23,NA,NA,NA,IGR,FALSE,FALSE,FALSE,FALSE,4,2,2,2_2,e5c89fcf-cc57-4fad-a138-ea47ee9ea225,TPTE2P1
13,26332258,26332258,1,snv_mnv,NA,NA,"broad,dkfz,muse,sanger",4,COSN9744382,NA,NA,FALSE,0.3175,NA,20,43,NA,NA,NA,Intron,FALSE,FALSE,FALSE,FALSE,4,2,2,2_2,e5c89fcf-cc57-4fad-a138-ea47ee9ea225,NA
13,27448602,27448602,1,snv_mnv,NA,NA,"broad,dkfz,muse,sanger",4,COSN9744579,NA,MIR3,FALSE,0.3704,NA,20,34,NA,NA,NA,IGR,FALSE,FALSE,FALSE,FALSE,4,2,2,2_2,e5c89fcf-cc57-4fad-a138-ea47ee9ea225,NA
13,27858651,27858651,1,snv_mnv,NA,NA,"broad,dkfz,muse,sanger",4,COSN9744634,NA,MIR3,FALSE,0.3077,NA,12,27,NA,NA,NA,IGR,FALSE,FALSE,FALSE,FALSE,4,2,2,2_2,e5c89fcf-cc57-4fad-a138-ea47ee9ea225,NA
13,28311113,28311113,1,snv_mnv,NA,NA,"broad,dkfz,muse,sanger",4,COSN9744705,NA,HAL1,FALSE,0.2593,NA,14,40,NA,NA,NA,IGR,FALSE,FALSE,FALSE,FALSE,4,2,2,2_2,e5c89fcf-cc57-4fad-a138-ea47ee9ea225,NA
13,28661661,28661661,1,snv_mnv,NA,NA,"broad,dkfz,muse,sanger",4,COSN9744773,NA,L1MEc,FALSE,0.3673,NA,18,31,NA,NA,NA,Intron,FALSE,FALSE,FALSE,FALSE,4,2,2,2_2,e5c89fcf-cc57-4fad-a138-ea47ee9ea225,NA
13,29287300,29287300,1,snv_mnv,NA,NA,"broad,dkfz,muse,sanger",4,COSM4152739,NA,NA,FALSE,0.2319,NA,16,53,NA,NA,NA,Missense_Mutation,FALSE,FALSE,FALSE,FALSE,4,2,2,2_2,e5c89fcf-cc57-4fad-a138-ea47ee9ea225,NA
13,30401611,30401611,1,snv_mnv,NA,NA,"broad,muse,sanger",3,COSN9745091,NA,L1PA5,FALSE,0.4667,NA,28,32,NA,NA,NA,Intron,FALSE,FALSE,FALSE,FALSE,4,2,2,2_2,e5c89fcf-cc57-4fad-a138-ea47ee9ea225,NA
13,30807047,30807047,1,snv_mnv,NA,NA,"broad,dkfz,muse,sanger",4,COSN9745149,NA,L1MA3,FALSE,0.2381,NA,15,48,NA,NA,NA,Intron,FALSE,FALSE,FALSE,FALSE,4,2,2,2_2,e5c89fcf-cc57-4fad-a138-ea47ee9ea225,NA
13,32820308,32820308,1,snv_mnv,NA,NA,"broad,dkfz,muse,sanger",4,COSN15585043,NA,NA,FALSE,0.1887,NA,10,43,NA,NA,NA,Intron,FALSE,FALSE,FALSE,FALSE,4,2,2,2_2,e5c89fcf-cc57-4fad-a138-ea47ee9ea225,NA
13,33807861,33807861,1,snv_mnv,NA,NA,"broad,dkfz,muse,sanger",4,COSN15585238,NA,LTR28,FALSE,0.3243,NA,12,25,NA,NA,NA,Intron,FALSE,FALSE,FALSE,FALSE,4,2,2,2_2,e5c89fcf-cc57-4fad-a138-ea47ee9ea225,NA
13,34049002,34049002,1,snv_mnv,NA,NA,"broad,dkfz,muse,sanger",4,COSN9745545,NA,LOR1-int,FALSE,0.2456,NA,14,43,NA,NA,NA,lincRNA,FALSE,FALSE,FALSE,FALSE,4,2,2,2_2,e5c89fcf-cc57-4fad-a138-ea47ee9ea225,NA
13,34440634,34440634,1,snv_mnv,NA,NA,"broad,dkfz,muse,sanger",4,COSN9745580,NA,ERVL-B4-int,FALSE,0.3778,NA,17,28,NA,NA,NA,Intron,FALSE,FALSE,FALSE,FALSE,4,2,2,2_2,e5c89fcf-cc57-4fad-a138-ea47ee9ea225,NA
13,34767996,34767996,1,snv_mnv,NA,NA,"broad,dkfz,muse,sanger",4,COSN9745634,NA,NA,FALSE,0.2308,NA,18,60,NA,NA,NA,IGR,FALSE,FALSE,FALSE,FALSE,4,2,2,2_2,e5c89fcf-cc57-4fad-a138-ea47ee9ea225,NA
13,38311548,38311548,1,snv_mnv,NA,NA,"broad,dkfz,muse,sanger",4,COSN9746130,NA,NA,FALSE,0.3784,NA,14,23,NA,NA,NA,Intron,FALSE,FALSE,FALSE,FALSE,4,2,2,2_2,e5c89fcf-cc57-4fad-a138-ea47ee9ea225,NA
13,39138669,39138669,1,snv_mnv,NA,NA,"broad,dkfz,muse,sanger",4,COSN9746258,NA,L2c,FALSE,0.3385,NA,22,43,NA,NA,NA,IGR,FALSE,FALSE,FALSE,FALSE,4,2,2,2_2,e5c89fcf-cc57-4fad-a138-ea47ee9ea225,NA
13,40540938,40540938,1,snv_mnv,NA,NA,"broad,dkfz,muse,sanger",4,COSN9746450,NA,NA,FALSE,0.2958,NA,21,50,NA,NA,NA,IGR,FALSE,FALSE,FALSE,FALSE,4,2,2,2_2,e5c89fcf-cc57-4fad-a138-ea47ee9ea225,NA
13,41782740,41782740,1,snv_mnv,NA,NA,"broad,dkfz,muse,sanger",4,COSN9746604,NA,L1MA2,FALSE,0.2642,NA,14,39,NA,NA,NA,IGR,FALSE,FALSE,FALSE,FALSE,4,2,2,2_2,e5c89fcf-cc57-4fad-a138-ea47ee9ea225,NA
13,42497126,42497126,1,snv_mnv,NA,NA,"broad,muse,sanger",3,COSN9746694,NA,L1PA5,FALSE,0.25,NA,16,48,NA,NA,NA,Intron,FALSE,FALSE,FALSE,FALSE,4,2,2,2_2,e5c89fcf-cc57-4fad-a138-ea47ee9ea225,KARSP1
13,43351714,43351714,1,snv_mnv,NA,NA,"broad,dkfz,muse,sanger",4,COSN9463979,NA,NA,FALSE,0.2154,NA,14,51,NA,NA,NA,IGR,FALSE,FALSE,FALSE,FALSE,4,2,2,2_2,e5c89fcf-cc57-4fad-a138-ea47ee9ea225,FAM216B
13,43920001,43920001,1,snv_mnv,NA,NA,"broad,dkfz,muse,sanger",4,COSN9464053,NA,NA,FALSE,0.2576,NA,17,49,NA,NA,NA,Intron,FALSE,FALSE,FALSE,FALSE,4,2,2,2_2,e5c89fcf-cc57-4fad-a138-ea47ee9ea225,NA
13,44859937,44859937,1,snv_mnv,NA,NA,"broad,dkfz,muse,sanger",4,COSN9464167,NA,NA,FALSE,0.3051,NA,18,41,NA,NA,NA,IGR,FALSE,FALSE,FALSE,FALSE,4,2,2,2_2,e5c89fcf-cc57-4fad-a138-ea47ee9ea225,NA
13,45186157,45186157,1,snv_mnv,NA,NA,"broad,dkfz,muse,sanger",4,COSN9464205,rs775011903,AluSx1,FALSE,0.36,NA,9,16,NA,NA,NA,IGR,FALSE,FALSE,FALSE,FALSE,4,2,2,2_2,e5c89fcf-cc57-4fad-a138-ea47ee9ea225,NA
13,45434930,45434930,1,snv_mnv,NA,NA,"broad,dkfz,muse,sanger",4,COSN9464233,NA,NA,FALSE,0.3939,NA,26,40,NA,NA,NA,IGR,FALSE,FALSE,FALSE,FALSE,4,2,2,2_2,e5c89fcf-cc57-4fad-a138-ea47ee9ea225,NA
13,46450699,46450699,1,snv_mnv,NA,NA,"broad,dkfz,muse,sanger",4,COSN9464348,NA,NA,FALSE,0.2368,NA,18,58,NA,NA,NA,IGR,FALSE,FALSE,FALSE,FALSE,4,2,2,2_2,e5c89fcf-cc57-4fad-a138-ea47ee9ea225,NA
13,47166916,47166916,1,snv_mnv,NA,NA,"broad,dkfz,muse,sanger",4,COSN15585074,NA,NA,FALSE,0.25,NA,14,42,NA,NA,NA,Intron,FALSE,FALSE,FALSE,FALSE,4,2,2,2_2,e5c89fcf-cc57-4fad-a138-ea47ee9ea225,NA
13,47478254,47478254,1,snv_mnv,NA,NA,"broad,dkfz,muse,sanger",4,COSN9464522,NA,NA,FALSE,0.3049,NA,25,57,NA,NA,NA,IGR,FALSE,FALSE,FALSE,FALSE,4,2,2,2_2,e5c89fcf-cc57-4fad-a138-ea47ee9ea225,NA
13,47991154,47991154,1,snv_mnv,NA,NA,"broad,dkfz,muse,sanger",4,COSN15585465,NA,NA,FALSE,0.2459,NA,15,46,NA,NA,NA,IGR,FALSE,FALSE,FALSE,FALSE,4,2,2,2_2,e5c89fcf-cc57-4fad-a138-ea47ee9ea225,NA
13,48000045,48000045,1,snv_mnv,NA,NA,"broad,dkfz,muse,sanger",4,COSN9464610,NA,NA,FALSE,0.2727,NA,18,48,NA,NA,NA,IGR,FALSE,FALSE,FALSE,FALSE,4,2,2,2_2,e5c89fcf-cc57-4fad-a138-ea47ee9ea225,NA
13,48748485,48748485,1,snv_mnv,NA,NA,"broad,dkfz,muse,sanger",4,COSN9464686,NA,L2c,FALSE,0.25,NA,13,39,NA,NA,NA,IGR,FALSE,FALSE,FALSE,FALSE,4,2,2,2_2,e5c89fcf-cc57-4fad-a138-ea47ee9ea225,NA
13,48990174,48990174,1,snv_mnv,NA,NA,"broad,dkfz,muse,sanger",4,COSN9464714,NA,NA,FALSE,0.3962,NA,21,32,NA,NA,NA,Intron,FALSE,FALSE,FALSE,FALSE,4,2,2,2_2,e5c89fcf-cc57-4fad-a138-ea47ee9ea225,LPAR6
13,49962093,49962093,1,snv_mnv,NA,NA,"broad,dkfz,muse,sanger",4,COSN9464798,NA,L2c,FALSE,0.2564,NA,10,29,NA,NA,NA,Intron,FALSE,FALSE,FALSE,FALSE,4,2,2,2_2,e5c89fcf-cc57-4fad-a138-ea47ee9ea225,NA
13,50949559,50949559,1,snv_mnv,NA,NA,"broad,dkfz,muse,sanger",4,COSN9464902,NA,AT_rich,FALSE,0.3125,NA,15,33,NA,NA,NA,Intron,FALSE,FALSE,FALSE,FALSE,4,2,2,2_2,e5c89fcf-cc57-4fad-a138-ea47ee9ea225,NA
13,51467446,51467446,1,snv_mnv,NA,NA,"broad,dkfz,muse,sanger",4,COSN9464971,NA,NA,FALSE,0.2419,NA,15,47,NA,NA,NA,RNA,FALSE,FALSE,FALSE,FALSE,4,2,2,2_2,e5c89fcf-cc57-4fad-a138-ea47ee9ea225,RNASEH2B-AS1
13,51714162,51714162,1,snv_mnv,0.0013978,rs548495064,"broad,dkfz,muse,sanger",4,COSN9465006,rs548495064,MER4A1,FALSE,0.3061,NA,15,34,NA,NA,NA,IGR,FALSE,FALSE,FALSE,FALSE,4,2,2,2_2,e5c89fcf-cc57-4fad-a138-ea47ee9ea225,NA
13,52886291,52886291,1,snv_mnv,NA,NA,"broad,dkfz,muse,sanger",4,COSN9465114,NA,NA,FALSE,0.2766,NA,13,34,NA,NA,NA,IGR,FALSE,FALSE,FALSE,FALSE,4,2,2,2_2,e5c89fcf-cc57-4fad-a138-ea47ee9ea225,TPTE2P2
13,53645731,53645731,1,snv_mnv,NA,NA,"broad,dkfz,muse,sanger",4,COSN9465242,NA,NA,FALSE,0.2881,NA,17,42,NA,NA,NA,IGR,FALSE,FALSE,FALSE,FALSE,4,2,2,2_2,e5c89fcf-cc57-4fad-a138-ea47ee9ea225,NA
13,54049415,54049415,1,snv_mnv,NA,NA,"broad,dkfz,muse,sanger",4,COSN9465350,NA,NA,FALSE,0.2727,NA,18,48,NA,NA,NA,IGR,FALSE,FALSE,FALSE,FALSE,4,2,2,2_2,e5c89fcf-cc57-4fad-a138-ea47ee9ea225,NA
13,54403827,54403827,1,snv_mnv,NA,NA,"broad,dkfz,muse,sanger",4,COSN9465429,NA,L1ME1,FALSE,0.3448,NA,20,38,NA,NA,NA,lincRNA,FALSE,FALSE,FALSE,FALSE,4,2,2,2_2,e5c89fcf-cc57-4fad-a138-ea47ee9ea225,NA
13,54719200,54719200,1,snv_mnv,NA,NA,"broad,dkfz,muse,sanger",4,COSN9465551,NA,MER74B,FALSE,0.2593,NA,14,40,NA,NA,NA,IGR,FALSE,FALSE,FALSE,FALSE,4,2,2,2_2,e5c89fcf-cc57-4fad-a138-ea47ee9ea225,NA
13,54766642,54766642,1,snv_mnv,NA,NA,"broad,dkfz,muse,sanger",4,COSN9465571,NA,NA,FALSE,0.3284,NA,22,45,NA,NA,NA,IGR,FALSE,FALSE,FALSE,FALSE,4,2,2,2_2,e5c89fcf-cc57-4fad-a138-ea47ee9ea225,NA
13,54838771,54838771,1,snv_mnv,NA,NA,"broad,dkfz,muse,sanger",4,COSN9465603,NA,NA,FALSE,0.2766,NA,13,34,NA,NA,NA,IGR,FALSE,FALSE,FALSE,FALSE,4,2,2,2_2,e5c89fcf-cc57-4fad-a138-ea47ee9ea225,NA
13,54877579,54877579,1,snv_mnv,NA,NA,"broad,dkfz,muse,sanger",4,COSN9465617,NA,NA,FALSE,0.2319,NA,16,53,NA,NA,NA,IGR,FALSE,FALSE,FALSE,FALSE,4,2,2,2_2,e5c89fcf-cc57-4fad-a138-ea47ee9ea225,NA
13,55006592,55006592,1,snv_mnv,NA,NA,"broad,dkfz,muse,sanger",4,COSN9465672,NA,MER54B,FALSE,0.3333,NA,14,28,NA,NA,NA,IGR,FALSE,FALSE,FALSE,FALSE,4,2,2,2_2,e5c89fcf-cc57-4fad-a138-ea47ee9ea225,NA
13,55101132,55101132,1,snv_mnv,NA,NA,"broad,dkfz,muse,sanger",4,COSN9465702,NA,NA,FALSE,0.3056,NA,22,50,NA,NA,NA,IGR,FALSE,FALSE,FALSE,FALSE,4,2,2,2_2,e5c89fcf-cc57-4fad-a138-ea47ee9ea225,NA
13,55827278,55827278,1,snv_mnv,NA,NA,"broad,dkfz,muse,sanger",4,COSN9465983,NA,NA,FALSE,0.2727,NA,12,32,NA,NA,NA,IGR,FALSE,FALSE,FALSE,FALSE,4,2,2,2_2,e5c89fcf-cc57-4fad-a138-ea47ee9ea225,NA
13,55901171,55901171,1,snv_mnv,NA,NA,"broad,dkfz,muse,sanger",4,COSN9466003,NA,L1MA4,FALSE,0.275,NA,22,58,NA,NA,NA,IGR,FALSE,FALSE,FALSE,FALSE,4,2,2,2_2,e5c89fcf-cc57-4fad-a138-ea47ee9ea225,NA
13,56358855,56358855,1,snv_mnv,NA,NA,"broad,dkfz,muse,sanger",4,COSN9466150,NA,NA,FALSE,0.2258,NA,14,48,NA,NA,NA,IGR,FALSE,FALSE,FALSE,FALSE,4,2,2,2_2,e5c89fcf-cc57-4fad-a138-ea47ee9ea225,NA
13,56680203,56680203,1,snv_mnv,NA,NA,"broad,dkfz,muse,sanger",4,COSN9466236,NA,MER89-int,FALSE,0.2157,NA,22,80,NA,NA,NA,IGR,FALSE,FALSE,FALSE,FALSE,4,2,2,2_2,e5c89fcf-cc57-4fad-a138-ea47ee9ea225,NA
13,56694792,56694792,1,snv_mnv,NA,NA,"broad,dkfz,muse,sanger",4,COSN9466243,NA,NA,FALSE,0.2113,NA,15,56,NA,NA,NA,IGR,FALSE,FALSE,FALSE,FALSE,4,2,2,2_2,e5c89fcf-cc57-4fad-a138-ea47ee9ea225,NA
13,56769616,56769616,1,snv_mnv,NA,NA,"broad,dkfz,muse,sanger",4,COSN9466258,NA,NA,FALSE,0.2703,NA,20,54,NA,NA,NA,IGR,FALSE,FALSE,FALSE,TRUE,4,2,2,2_2,e5c89fcf-cc57-4fad-a138-ea47ee9ea225,NA
13,56807550,56807550,1,snv_mnv,NA,NA,"broad,dkfz,muse,sanger",4,COSN9466266,NA,NA,FALSE,0.375,NA,18,30,NA,NA,NA,IGR,FALSE,FALSE,FALSE,FALSE,4,2,2,2_2,e5c89fcf-cc57-4fad-a138-ea47ee9ea225,NA
13,57415504,57415504,1,snv_mnv,NA,NA,"broad,dkfz,muse,sanger",4,COSN9466371,NA,NA,FALSE,0.2881,NA,17,42,NA,NA,NA,IGR,FALSE,FALSE,FALSE,FALSE,4,2,2,2_2,e5c89fcf-cc57-4fad-a138-ea47ee9ea225,NA
13,57764059,57764059,1,snv_mnv,NA,NA,"broad,dkfz,muse,sanger",4,COSN9466462,NA,NA,FALSE,0.2099,NA,17,64,NA,NA,NA,IGR,FALSE,FALSE,FALSE,FALSE,4,2,2,2_2,e5c89fcf-cc57-4fad-a138-ea47ee9ea225,NA
13,57780403,57780403,1,snv_mnv,NA,NA,"broad,dkfz,muse,sanger",4,COSN9466464,NA,NA,FALSE,0.2394,NA,17,54,NA,NA,NA,IGR,FALSE,FALSE,FALSE,FALSE,4,2,2,2_2,e5c89fcf-cc57-4fad-a138-ea47ee9ea225,MTCO2P3
13,58540292,58540292,1,snv_mnv,NA,NA,"broad,dkfz,muse,sanger",4,COSN9466693,NA,NA,FALSE,0.3421,NA,13,25,NA,NA,NA,IGR,FALSE,FALSE,FALSE,FALSE,4,2,2,2_2,e5c89fcf-cc57-4fad-a138-ea47ee9ea225,NA
13,58610037,58610037,1,snv_mnv,NA,NA,"broad,dkfz,muse,sanger",4,COSN9466712,NA,AluSc,FALSE,0.3,NA,18,42,NA,NA,NA,IGR,FALSE,FALSE,FALSE,FALSE,4,2,2,2_2,e5c89fcf-cc57-4fad-a138-ea47ee9ea225,NA
13,58712854,58712854,1,snv_mnv,NA,NA,"broad,dkfz,muse,sanger",4,COSN9466746,NA,NA,FALSE,0.2464,NA,17,52,NA,NA,NA,IGR,FALSE,FALSE,FALSE,FALSE,4,2,2,2_2,e5c89fcf-cc57-4fad-a138-ea47ee9ea225,NA
13,59265326,59265326,1,snv_mnv,NA,NA,"broad,dkfz,muse,sanger",4,COSN15585140,NA,NA,FALSE,0.25,NA,15,45,NA,NA,NA,IGR,FALSE,FALSE,FALSE,FALSE,4,2,2,2_2,e5c89fcf-cc57-4fad-a138-ea47ee9ea225,NA
13,59391539,59391539,1,snv_mnv,NA,NA,"broad,dkfz,muse,sanger",4,COSN9466902,NA,NA,FALSE,0.2812,NA,9,23,NA,NA,NA,IGR,FALSE,FALSE,FALSE,FALSE,4,2,2,2_2,e5c89fcf-cc57-4fad-a138-ea47ee9ea225,NA
13,59683484,59683484,1,snv_mnv,NA,NA,"broad,dkfz,muse,sanger",4,COSN9466948,NA,NA,FALSE,0.2564,NA,20,58,NA,NA,NA,IGR,FALSE,FALSE,FALSE,FALSE,4,2,2,2_2,e5c89fcf-cc57-4fad-a138-ea47ee9ea225,NA
13,60819960,60819960,1,snv_mnv,NA,NA,"broad,dkfz,muse,sanger",4,COSN9467120,NA,Charlie7,FALSE,0.3077,NA,12,27,NA,NA,NA,IGR,FALSE,FALSE,FALSE,FALSE,4,2,2,2_2,e5c89fcf-cc57-4fad-a138-ea47ee9ea225,NA
13,61302835,61302835,1,snv_mnv,1.9968e-4,rs550213257,"broad,dkfz,muse,sanger",4,COSN9467192,rs550213257,NA,FALSE,0.3143,NA,22,48,NA,NA,NA,IGR,FALSE,FALSE,FALSE,FALSE,4,2,2,2_2,e5c89fcf-cc57-4fad-a138-ea47ee9ea225,AL161901.1
13,61750308,61750308,1,snv_mnv,NA,NA,"broad,dkfz,muse,sanger",4,COSN9467299,NA,NA,FALSE,0.2333,NA,14,46,NA,NA,NA,IGR,FALSE,FALSE,FALSE,FALSE,4,2,2,2_2,e5c89fcf-cc57-4fad-a138-ea47ee9ea225,NA
13,62220505,62220505,1,snv_mnv,NA,NA,"broad,dkfz,muse,sanger",4,COSN9467419,rs773480292,NA,FALSE,0.2969,NA,19,45,NA,NA,NA,IGR,FALSE,FALSE,FALSE,FALSE,4,2,2,2_2,e5c89fcf-cc57-4fad-a138-ea47ee9ea225,NA
13,63009412,63009412,1,snv_mnv,NA,NA,"broad,dkfz,muse,sanger",4,COSN9467620,NA,L1ME1,FALSE,0.194,NA,13,54,NA,NA,NA,IGR,FALSE,FALSE,FALSE,FALSE,4,2,2,2_2,e5c89fcf-cc57-4fad-a138-ea47ee9ea225,NA
13,63220029,63220029,1,snv_mnv,NA,NA,"broad,dkfz,muse,sanger",4,COSN9467686,NA,ERVL-B4-int,FALSE,0.2899,NA,20,49,NA,NA,NA,IGR,FALSE,FALSE,FALSE,FALSE,4,2,2,2_2,e5c89fcf-cc57-4fad-a138-ea47ee9ea225,NA
13,63341124,63341124,1,snv_mnv,NA,NA,"broad,dkfz,muse,sanger",4,COSN9467729,NA,NA,FALSE,0.2881,NA,17,42,NA,NA,NA,IGR,FALSE,FALSE,FALSE,FALSE,4,2,2,2_2,e5c89fcf-cc57-4fad-a138-ea47ee9ea225,NA
13,63428703,63428703,1,snv_mnv,NA,NA,"broad,dkfz,muse,sanger",4,COSN9467744,NA,NA,FALSE,0.2222,NA,16,56,NA,NA,NA,IGR,FALSE,FALSE,FALSE,FALSE,4,2,2,2_2,e5c89fcf-cc57-4fad-a138-ea47ee9ea225,NA
13,63557435,63557435,1,snv_mnv,NA,NA,"broad,dkfz,muse,sanger",4,COSN9467786,NA,NA,FALSE,0.2267,NA,17,58,NA,NA,NA,IGR,FALSE,FALSE,FALSE,FALSE,4,2,2,2_2,e5c89fcf-cc57-4fad-a138-ea47ee9ea225,NA
13,63810741,63810741,1,snv_mnv,NA,NA,"broad,dkfz,muse,sanger",4,COSN9467917,NA,HERV9-int,FALSE,0.2766,NA,13,34,NA,NA,NA,IGR,FALSE,FALSE,FALSE,FALSE,4,2,2,2_2,e5c89fcf-cc57-4fad-a138-ea47ee9ea225,NA
13,64924181,64924181,1,snv_mnv,NA,NA,"broad,dkfz,muse,sanger",4,COSN9468216,NA,NA,FALSE,0.2308,NA,18,60,NA,NA,NA,IGR,FALSE,FALSE,FALSE,FALSE,4,2,2,2_2,e5c89fcf-cc57-4fad-a138-ea47ee9ea225,NA
13,64924336,64924336,1,snv_mnv,NA,NA,"broad,dkfz,muse,sanger",4,COSN9468217,NA,NA,FALSE,0.2055,NA,15,58,NA,NA,NA,IGR,FALSE,FALSE,FALSE,FALSE,4,2,2,2_2,e5c89fcf-cc57-4fad-a138-ea47ee9ea225,NA
13,64924337,64924337,1,snv_mnv,NA,NA,"broad,dkfz,muse,sanger",4,COSN9468218,NA,NA,FALSE,0.2083,NA,15,57,NA,NA,NA,IGR,FALSE,FALSE,FALSE,FALSE,4,2,2,2_2,e5c89fcf-cc57-4fad-a138-ea47ee9ea225,NA
13,65131229,65131229,1,snv_mnv,NA,NA,"broad,dkfz,muse,sanger",4,COSN9468288,NA,L1MB2,FALSE,0.2545,NA,14,41,NA,NA,NA,IGR,FALSE,FALSE,FALSE,FALSE,4,2,2,2_2,e5c89fcf-cc57-4fad-a138-ea47ee9ea225,NA
13,65184529,65184529,1,snv_mnv,NA,NA,"broad,dkfz,muse,sanger",4,COSN9468312,NA,AluSz,FALSE,0.2143,NA,12,44,NA,NA,NA,IGR,FALSE,FALSE,FALSE,FALSE,4,2,2,2_2,e5c89fcf-cc57-4fad-a138-ea47ee9ea225,NA
13,65328126,65328126,1,snv_mnv,NA,NA,"broad,dkfz,muse",3,COSN9468364,NA,(TA)n,FALSE,0.2459,NA,15,46,NA,NA,NA,IGR,FALSE,FALSE,FALSE,FALSE,4,2,2,2_2,e5c89fcf-cc57-4fad-a138-ea47ee9ea225,NA
13,65609204,65609204,1,snv_mnv,NA,NA,"broad,dkfz,muse,sanger",4,COSN9468473,NA,L1MC3,FALSE,0.2667,NA,16,44,NA,NA,NA,IGR,FALSE,FALSE,FALSE,FALSE,4,2,2,2_2,e5c89fcf-cc57-4fad-a138-ea47ee9ea225,NA
13,66200466,66200466,1,snv_mnv,NA,NA,"broad,dkfz,muse,sanger",4,COSN9468668,NA,LTR16A2,FALSE,0.2222,NA,16,56,NA,NA,NA,IGR,FALSE,FALSE,FALSE,FALSE,4,2,2,2_2,e5c89fcf-cc57-4fad-a138-ea47ee9ea225,NA
13,66218813,66218813,1,snv_mnv,NA,NA,"broad,dkfz,muse,sanger",4,COSN9468674,NA,NA,FALSE,0.2135,NA,19,70,NA,NA,NA,IGR,FALSE,FALSE,FALSE,FALSE,4,2,2,2_2,e5c89fcf-cc57-4fad-a138-ea47ee9ea225,NA
13,66311781,66311781,1,snv_mnv,NA,NA,"broad,dkfz,muse,sanger",4,COSN9468705,NA,L1MA4,FALSE,0.2472,NA,22,67,NA,NA,NA,IGR,FALSE,FALSE,FALSE,FALSE,4,2,2,2_2,e5c89fcf-cc57-4fad-a138-ea47ee9ea225,NA
13,66356012,66356012,1,snv_mnv,NA,NA,"broad,dkfz,muse,sanger",4,COSN9468726,NA,NA,FALSE,0.2273,NA,20,68,NA,NA,NA,IGR,FALSE,FALSE,FALSE,FALSE,4,2,2,2_2,e5c89fcf-cc57-4fad-a138-ea47ee9ea225,NA
13,67394642,67394642,1,snv_mnv,NA,NA,"broad,dkfz,muse,sanger",4,COSN9468932,NA,L1PA13,FALSE,0.1806,NA,13,59,NA,NA,NA,Intron,FALSE,FALSE,FALSE,FALSE,4,2,2,2_2,e5c89fcf-cc57-4fad-a138-ea47ee9ea225,PCDH9-AS2
13,68228991,68228991,1,snv_mnv,NA,NA,"broad,dkfz,muse,sanger",4,COSN9469123,NA,NA,FALSE,0.2766,NA,13,34,NA,NA,NA,IGR,FALSE,FALSE,FALSE,FALSE,4,2,2,2_2,e5c89fcf-cc57-4fad-a138-ea47ee9ea225,NA
13,68419590,68419590,1,snv_mnv,NA,NA,"broad,dkfz,muse,sanger",4,COSN9469172,NA,AluSc,FALSE,0.2069,NA,12,46,NA,NA,NA,IGR,FALSE,FALSE,FALSE,FALSE,4,2,2,2_2,e5c89fcf-cc57-4fad-a138-ea47ee9ea225,NA
13,69234831,69234831,1,snv_mnv,NA,NA,"broad,dkfz,muse,sanger",4,COSN9469416,NA,NA,FALSE,0.2368,NA,18,58,NA,NA,NA,IGR,FALSE,FALSE,FALSE,FALSE,4,2,2,2_2,e5c89fcf-cc57-4fad-a138-ea47ee9ea225,NA
13,69517510,69517510,1,snv_mnv,NA,NA,"broad,dkfz,muse,sanger",4,COSN9469511,NA,NA,FALSE,0.3065,NA,19,43,NA,NA,NA,IGR,FALSE,FALSE,FALSE,FALSE,4,2,2,2_2,e5c89fcf-cc57-4fad-a138-ea47ee9ea225,NA
13,69836820,69836820,1,snv_mnv,NA,NA,"broad,dkfz,muse,sanger",4,COSN9469586,NA,L1PA13,FALSE,0.2308,NA,18,60,NA,NA,NA,lincRNA,FALSE,FALSE,FALSE,FALSE,4,2,2,2_2,e5c89fcf-cc57-4fad-a138-ea47ee9ea225,NA
13,70142714,70142714,1,snv_mnv,NA,NA,"broad,dkfz,muse,sanger",4,COSN9469651,NA,NA,FALSE,0.2308,NA,9,30,NA,NA,NA,IGR,FALSE,FALSE,FALSE,FALSE,4,2,2,2_2,e5c89fcf-cc57-4fad-a138-ea47ee9ea225,NA
13,70355822,70355822,1,snv_mnv,NA,NA,"broad,dkfz,muse,sanger",4,COSN9469676,NA,HAL1,FALSE,0.2208,NA,17,60,NA,NA,NA,Intron,FALSE,FALSE,FALSE,FALSE,4,2,2,2_2,e5c89fcf-cc57-4fad-a138-ea47ee9ea225,NA
13,70634923,70634923,1,snv_mnv,NA,NA,"broad,dkfz,muse,sanger",4,COSN9469716,NA,AluSq2,FALSE,0.3125,NA,15,33,NA,NA,NA,Intron,FALSE,FALSE,FALSE,FALSE,4,2,2,2_2,e5c89fcf-cc57-4fad-a138-ea47ee9ea225,NA
13,70890562,70890562,1,snv_mnv,NA,NA,"broad,dkfz,muse,sanger",4,COSN9469761,NA,L1MC3,FALSE,0.2836,NA,19,48,NA,NA,NA,IGR,FALSE,FALSE,FALSE,FALSE,4,2,2,2_2,e5c89fcf-cc57-4fad-a138-ea47ee9ea225,NA
13,71221598,71221598,1,snv_mnv,NA,NA,"broad,dkfz,muse,sanger",4,COSN9469842,NA,NA,FALSE,0.3208,NA,17,36,NA,NA,NA,IGR,FALSE,FALSE,FALSE,FALSE,4,2,2,2_2,e5c89fcf-cc57-4fad-a138-ea47ee9ea225,NA
13,71270341,71270341,1,snv_mnv,NA,NA,"broad,dkfz,muse,sanger",4,COSN9469855,rs202174845,NA,FALSE,0.3,NA,24,56,NA,NA,NA,IGR,FALSE,FALSE,FALSE,FALSE,4,2,2,2_2,e5c89fcf-cc57-4fad-a138-ea47ee9ea225,NA
13,71438925,71438925,1,snv_mnv,NA,NA,"broad,dkfz,muse,sanger",4,COSN9469899,NA,NA,FALSE,0.2794,NA,19,49,NA,NA,NA,IGR,FALSE,FALSE,FALSE,FALSE,4,2,2,2_2,e5c89fcf-cc57-4fad-a138-ea47ee9ea225,NA
13,72184944,72184944,1,snv_mnv,NA,NA,"broad,dkfz,muse,sanger",4,COSN9470071,NA,NA,FALSE,0.2895,NA,22,54,NA,NA,NA,Intron,FALSE,FALSE,FALSE,FALSE,4,2,2,2_2,e5c89fcf-cc57-4fad-a138-ea47ee9ea225,NA
13,72400145,72400145,1,snv_mnv,NA,NA,"broad,dkfz,muse,sanger",4,COSN9470117,NA,NA,FALSE,0.2817,NA,20,51,NA,NA,NA,Intron,FALSE,FALSE,FALSE,FALSE,4,2,2,2_2,e5c89fcf-cc57-4fad-a138-ea47ee9ea225,NA
13,72479191,72479191,1,snv_mnv,NA,NA,"broad,dkfz,muse,sanger",4,COSN9470134,NA,MIRb,FALSE,0.1897,NA,11,47,NA,NA,NA,IGR,FALSE,FALSE,FALSE,FALSE,4,2,2,2_2,e5c89fcf-cc57-4fad-a138-ea47ee9ea225,NA
13,72505561,72505561,1,snv_mnv,NA,NA,"broad,dkfz,muse,sanger",4,COSN9470139,NA,THE1D,FALSE,0.2407,NA,13,41,NA,NA,NA,IGR,FALSE,FALSE,FALSE,FALSE,4,2,2,2_2,e5c89fcf-cc57-4fad-a138-ea47ee9ea225,NA
13,73167839,73167839,1,snv_mnv,NA,NA,"broad,dkfz,muse,sanger",4,COSN9470256,NA,NA,FALSE,0.2059,NA,14,54,NA,NA,NA,IGR,FALSE,FALSE,FALSE,FALSE,4,2,2,2_2,e5c89fcf-cc57-4fad-a138-ea47ee9ea225,NA
13,74857487,74857487,1,snv_mnv,NA,NA,"broad,dkfz,muse,sanger",4,COSN9470494,NA,NA,FALSE,0.2576,NA,17,49,NA,NA,NA,IGR,FALSE,FALSE,FALSE,FALSE,4,2,2,2_2,e5c89fcf-cc57-4fad-a138-ea47ee9ea225,NA
13,75646507,75646507,1,snv_mnv,NA,NA,"broad,dkfz,muse,sanger",4,COSN9470608,NA,MIRb,FALSE,0.3269,NA,17,35,NA,NA,NA,IGR,FALSE,FALSE,FALSE,FALSE,4,2,2,2_2,e5c89fcf-cc57-4fad-a138-ea47ee9ea225,NA
13,77976752,77976752,1,snv_mnv,NA,NA,"broad,dkfz,muse,sanger",4,COSN9470934,NA,NA,FALSE,0.3387,NA,21,41,NA,NA,NA,IGR,FALSE,FALSE,FALSE,FALSE,4,2,2,2_2,e5c89fcf-cc57-4fad-a138-ea47ee9ea225,NA
13,78344832,78344832,1,snv_mnv,NA,NA,"broad,dkfz,muse,sanger",4,COSN9470990,NA,L1MEg,FALSE,0.2394,NA,17,54,NA,NA,NA,IGR,FALSE,FALSE,FALSE,FALSE,4,2,2,2_2,e5c89fcf-cc57-4fad-a138-ea47ee9ea225,NA
13,78507365,78507365,1,snv_mnv,NA,NA,"broad,muse,sanger",3,COSN9471021,NA,LTR7,FALSE,0.2449,NA,12,37,NA,NA,NA,RNA,FALSE,FALSE,FALSE,FALSE,4,2,2,2_2,e5c89fcf-cc57-4fad-a138-ea47ee9ea225,NA
13,79455837,79455837,1,snv_mnv,NA,NA,"broad,dkfz,muse",3,COSN9471245,rs780665629,NA,FALSE,0.2951,NA,18,43,NA,NA,NA,IGR,FALSE,FALSE,FALSE,FALSE,4,2,2,2_2,e5c89fcf-cc57-4fad-a138-ea47ee9ea225,NA
13,79835221,79835221,1,snv_mnv,NA,NA,"broad,dkfz,muse,sanger",4,COSN9471349,NA,NA,FALSE,0.3519,NA,19,35,NA,NA,NA,IGR,FALSE,FALSE,FALSE,FALSE,4,2,2,2_2,e5c89fcf-cc57-4fad-a138-ea47ee9ea225,NA
13,80451691,80451691,1,snv_mnv,NA,NA,"broad,dkfz,muse,sanger",4,COSN9471429,NA,NA,FALSE,0.2464,NA,17,52,NA,NA,NA,lincRNA,FALSE,FALSE,FALSE,FALSE,4,2,2,2_2,e5c89fcf-cc57-4fad-a138-ea47ee9ea225,NA
13,80575418,80575418,1,snv_mnv,NA,NA,"broad,dkfz,muse,sanger",4,COSN9471457,NA,NA,FALSE,0.2807,NA,16,41,NA,NA,NA,IGR,FALSE,FALSE,FALSE,FALSE,4,2,2,2_2,e5c89fcf-cc57-4fad-a138-ea47ee9ea225,NA
13,81415506,81415506,1,snv_mnv,NA,NA,"broad,dkfz,muse,sanger",4,COSN9471565,NA,NA,FALSE,0.2656,NA,17,47,NA,NA,NA,IGR,FALSE,FALSE,FALSE,FALSE,4,2,2,2_2,e5c89fcf-cc57-4fad-a138-ea47ee9ea225,NA
13,81853404,81853404,1,snv_mnv,NA,NA,"broad,dkfz,muse,sanger",4,COSN9471622,NA,NA,FALSE,0.322,NA,19,40,NA,NA,NA,lincRNA,FALSE,FALSE,FALSE,FALSE,4,2,2,2_2,e5c89fcf-cc57-4fad-a138-ea47ee9ea225,NA
13,81858169,81858169,1,snv_mnv,NA,NA,"broad,dkfz,muse,sanger",4,COSN9471626,NA,LTR27,FALSE,0.2632,NA,15,42,NA,NA,NA,lincRNA,FALSE,FALSE,FALSE,FALSE,4,2,2,2_2,e5c89fcf-cc57-4fad-a138-ea47ee9ea225,NA
13,82561092,82561092,1,snv_mnv,NA,NA,"broad,dkfz,muse,sanger",4,COSN9471709,NA,NA,FALSE,0.241,NA,20,63,NA,NA,NA,IGR,FALSE,FALSE,FALSE,FALSE,4,2,2,2_2,e5c89fcf-cc57-4fad-a138-ea47ee9ea225,NA
13,82891452,82891452,1,snv_mnv,NA,NA,"broad,dkfz,muse,sanger",4,COSN9471790,NA,MER11A,FALSE,0.2667,NA,16,44,NA,NA,NA,IGR,FALSE,FALSE,FALSE,FALSE,4,2,2,2_2,e5c89fcf-cc57-4fad-a138-ea47ee9ea225,NA
13,83297765,83297765,1,snv_mnv,NA,NA,"broad,dkfz,muse,sanger",4,COSN9471899,NA,NA,FALSE,0.2667,NA,16,44,NA,NA,NA,IGR,FALSE,FALSE,FALSE,FALSE,4,2,2,2_2,e5c89fcf-cc57-4fad-a138-ea47ee9ea225,NA
13,83703072,83703072,1,snv_mnv,NA,NA,"broad,dkfz,muse,sanger",4,COSN9471961,NA,NA,FALSE,0.2603,NA,19,54,NA,NA,NA,IGR,FALSE,FALSE,FALSE,FALSE,4,2,2,2_2,e5c89fcf-cc57-4fad-a138-ea47ee9ea225,NA
13,83941514,83941514,1,snv_mnv,NA,NA,"dkfz,sanger",2,COSN9472011,NA,NA,FALSE,0.2923,NA,19,46,NA,NA,NA,IGR,FALSE,FALSE,FALSE,TRUE,4,2,2,2_2,e5c89fcf-cc57-4fad-a138-ea47ee9ea225,NA
13,84011361,84011361,1,snv_mnv,NA,NA,"broad,dkfz,muse,sanger",4,COSN9472036,NA,NA,FALSE,0.2453,NA,13,40,NA,NA,NA,IGR,FALSE,FALSE,FALSE,FALSE,4,2,2,2_2,e5c89fcf-cc57-4fad-a138-ea47ee9ea225,NA
13,84230996,84230996,1,snv_mnv,NA,NA,"broad,dkfz,muse,sanger",4,COSN9472107,NA,NA,FALSE,0.2903,NA,18,44,NA,NA,NA,IGR,FALSE,FALSE,FALSE,FALSE,4,2,2,2_2,e5c89fcf-cc57-4fad-a138-ea47ee9ea225,NA
13,84454704,84454704,1,snv_mnv,NA,NA,"broad,dkfz,muse,sanger",4,COSM4148903,NA,NA,FALSE,0.2264,NA,12,41,NA,NA,NA,Silent,FALSE,FALSE,FALSE,FALSE,4,2,2,2_2,e5c89fcf-cc57-4fad-a138-ea47ee9ea225,NA
13,84454705,84454705,1,snv_mnv,NA,NA,"broad,dkfz,muse,sanger",4,COSM4148904,NA,NA,FALSE,0.2115,NA,11,41,NA,NA,NA,Missense_Mutation,FALSE,FALSE,FALSE,FALSE,4,2,2,2_2,e5c89fcf-cc57-4fad-a138-ea47ee9ea225,NA
13,84492904,84492904,1,snv_mnv,NA,NA,"broad,dkfz,muse,sanger",4,COSN9472183,NA,NA,FALSE,0.2373,NA,14,45,NA,NA,NA,IGR,FALSE,FALSE,FALSE,FALSE,4,2,2,2_2,e5c89fcf-cc57-4fad-a138-ea47ee9ea225,NA
13,84656132,84656132,1,snv_mnv,NA,NA,"broad,dkfz,muse,sanger",4,COSN9472240,NA,NA,FALSE,0.2143,NA,12,44,NA,NA,NA,IGR,FALSE,FALSE,FALSE,FALSE,4,2,2,2_2,e5c89fcf-cc57-4fad-a138-ea47ee9ea225,NA
13,84680285,84680285,1,snv_mnv,NA,NA,"broad,dkfz,muse,sanger",4,COSN9472251,NA,NA,FALSE,0.2603,NA,19,54,NA,NA,NA,IGR,FALSE,FALSE,FALSE,FALSE,4,2,2,2_2,e5c89fcf-cc57-4fad-a138-ea47ee9ea225,NA
13,84725724,84725724,1,snv_mnv,NA,NA,"broad,dkfz,muse,sanger",4,COSN9472266,NA,AluJo,FALSE,0.2586,NA,15,43,NA,NA,NA,IGR,FALSE,FALSE,FALSE,FALSE,4,2,2,2_2,e5c89fcf-cc57-4fad-a138-ea47ee9ea225,NA
13,85060877,85060877,1,snv_mnv,NA,NA,"broad,dkfz,muse,sanger",4,COSN9472395,NA,NA,FALSE,0.3415,NA,14,27,NA,NA,NA,IGR,FALSE,FALSE,FALSE,FALSE,4,2,2,2_2,e5c89fcf-cc57-4fad-a138-ea47ee9ea225,NA
13,85105825,85105825,1,snv_mnv,NA,NA,"broad,dkfz,muse,sanger",4,COSN9472411,NA,NA,FALSE,0.2958,NA,21,50,NA,NA,NA,IGR,FALSE,FALSE,FALSE,FALSE,4,2,2,2_2,e5c89fcf-cc57-4fad-a138-ea47ee9ea225,NA
13,85432776,85432776,1,snv_mnv,NA,NA,"broad,dkfz,muse,sanger",4,COSN9472505,NA,AluJb,FALSE,0.2549,NA,13,38,NA,NA,NA,IGR,FALSE,FALSE,FALSE,FALSE,4,2,2,2_2,e5c89fcf-cc57-4fad-a138-ea47ee9ea225,NA
13,85512877,85512877,1,snv_mnv,NA,NA,"broad,dkfz,muse,sanger",4,COSN9472532,NA,L1ME1,FALSE,0.3214,NA,18,38,NA,NA,NA,IGR,FALSE,FALSE,FALSE,FALSE,4,2,2,2_2,e5c89fcf-cc57-4fad-a138-ea47ee9ea225,NA
13,85735358,85735358,1,snv_mnv,NA,NA,"broad,dkfz,muse,sanger",4,COSN9472606,NA,NA,FALSE,0.2923,NA,19,46,NA,NA,NA,IGR,FALSE,FALSE,FALSE,FALSE,4,2,2,2_2,e5c89fcf-cc57-4fad-a138-ea47ee9ea225,NA
13,86165627,86165627,1,snv_mnv,NA,NA,"broad,dkfz,muse,sanger",4,COSN9472753,NA,AluSz,FALSE,0.3409,NA,15,29,NA,NA,NA,IGR,FALSE,FALSE,FALSE,FALSE,4,2,2,2_2,e5c89fcf-cc57-4fad-a138-ea47ee9ea225,NA
13,86323191,86323191,1,snv_mnv,NA,NA,"broad,dkfz,muse,sanger",4,COSN9472797,NA,MLT2C2,FALSE,0.3065,NA,19,43,NA,NA,NA,IGR,FALSE,FALSE,FALSE,FALSE,4,2,2,2_2,e5c89fcf-cc57-4fad-a138-ea47ee9ea225,NA
13,86644477,86644477,1,snv_mnv,NA,NA,"broad,dkfz,muse,sanger",4,COSN9472874,NA,NA,FALSE,0.2593,NA,21,60,NA,NA,NA,lincRNA,FALSE,FALSE,FALSE,FALSE,4,2,2,2_2,e5c89fcf-cc57-4fad-a138-ea47ee9ea225,NA
13,86677560,86677560,1,snv_mnv,NA,NA,"broad,dkfz,muse,sanger",4,COSN9472882,NA,L1PA8A,FALSE,0.3393,NA,19,37,NA,NA,NA,lincRNA,FALSE,FALSE,FALSE,FALSE,4,2,2,2_2,e5c89fcf-cc57-4fad-a138-ea47ee9ea225,NA
13,87571281,87571281,1,snv_mnv,NA,NA,"broad,dkfz,muse,sanger",4,COSN9473032,NA,LTR9,FALSE,0.3148,NA,17,37,NA,NA,NA,lincRNA,FALSE,FALSE,FALSE,FALSE,4,2,2,2_2,e5c89fcf-cc57-4fad-a138-ea47ee9ea225,NA
13,88241609,88241609,1,snv_mnv,NA,NA,"broad,dkfz,muse,sanger",4,COSN9473167,NA,NA,FALSE,0.3125,NA,15,33,NA,NA,NA,lincRNA,FALSE,FALSE,FALSE,FALSE,4,2,2,2_2,e5c89fcf-cc57-4fad-a138-ea47ee9ea225,NA
13,88671814,88671814,1,snv_mnv,NA,NA,"broad,dkfz,muse,sanger",4,COSN9473234,NA,THE1C-int,FALSE,0.2113,NA,15,56,NA,NA,NA,IGR,FALSE,FALSE,FALSE,FALSE,4,2,2,2_2,e5c89fcf-cc57-4fad-a138-ea47ee9ea225,NA
13,88709863,88709863,1,snv_mnv,NA,NA,"broad,dkfz,muse,sanger",4,COSN9473241,NA,L1MA8,FALSE,0.2821,NA,22,56,NA,NA,NA,IGR,FALSE,FALSE,FALSE,FALSE,4,2,2,2_2,e5c89fcf-cc57-4fad-a138-ea47ee9ea225,NA
13,89146436,89146436,1,snv_mnv,NA,NA,"broad,dkfz,muse,sanger",4,COSN9473336,NA,NA,FALSE,0.2903,NA,18,44,NA,NA,NA,IGR,FALSE,FALSE,FALSE,FALSE,4,2,2,2_2,e5c89fcf-cc57-4fad-a138-ea47ee9ea225,NA
13,89409169,89409169,1,snv_mnv,NA,NA,"broad,dkfz,muse,sanger",4,COSN9473419,NA,MER5A1,FALSE,0.2623,NA,16,45,NA,NA,NA,IGR,FALSE,FALSE,FALSE,FALSE,4,2,2,2_2,e5c89fcf-cc57-4fad-a138-ea47ee9ea225,NA
13,89462607,89462607,1,snv_mnv,NA,NA,"broad,dkfz,muse,sanger",4,COSN9473432,NA,MSTA-int,FALSE,0.2812,NA,18,46,NA,NA,NA,IGR,FALSE,FALSE,FALSE,FALSE,4,2,2,2_2,e5c89fcf-cc57-4fad-a138-ea47ee9ea225,NA
13,89594182,89594182,1,snv_mnv,NA,NA,"broad,dkfz,muse,sanger",4,COSN9473459,NA,NA,FALSE,0.2656,NA,17,47,NA,NA,NA,IGR,FALSE,FALSE,FALSE,FALSE,4,2,2,2_2,e5c89fcf-cc57-4fad-a138-ea47ee9ea225,NA
13,90149012,90149012,1,snv_mnv,NA,NA,"broad,dkfz,muse,sanger",4,COSN9473572,NA,NA,FALSE,0.2278,NA,18,61,NA,NA,NA,lincRNA,FALSE,FALSE,FALSE,FALSE,4,2,2,2_2,e5c89fcf-cc57-4fad-a138-ea47ee9ea225,NA
13,90388663,90388663,1,snv_mnv,NA,NA,"broad,dkfz,muse,sanger",4,COSN9473603,NA,NA,FALSE,0.3137,NA,16,35,NA,NA,NA,IGR,FALSE,FALSE,FALSE,FALSE,4,2,2,2_2,e5c89fcf-cc57-4fad-a138-ea47ee9ea225,NA
13,90615812,90615812,1,snv_mnv,NA,NA,"broad,dkfz,muse,sanger",4,COSN9473637,NA,NA,FALSE,0.25,NA,14,42,NA,NA,NA,IGR,FALSE,FALSE,FALSE,FALSE,4,2,2,2_2,e5c89fcf-cc57-4fad-a138-ea47ee9ea225,NA
13,91082238,91082238,1,snv_mnv,NA,NA,"broad,dkfz,muse,sanger",4,COSN9473731,NA,L1MCb,FALSE,0.2687,NA,18,49,NA,NA,NA,IGR,FALSE,FALSE,FALSE,FALSE,4,2,2,2_2,e5c89fcf-cc57-4fad-a138-ea47ee9ea225,NA
13,92376359,92376359,1,snv_mnv,NA,NA,"broad,dkfz,muse,sanger",4,COSN9608466,NA,NA,FALSE,0.2683,NA,11,30,NA,NA,NA,Intron,FALSE,FALSE,FALSE,FALSE,4,2,2,2_2,e5c89fcf-cc57-4fad-a138-ea47ee9ea225,GPC5
13,92614537,92614537,1,snv_mnv,NA,NA,"broad,dkfz,muse,sanger",4,COSN9608533,NA,NA,FALSE,0.1786,NA,10,46,NA,NA,NA,Intron,FALSE,FALSE,FALSE,FALSE,4,2,2,2_2,e5c89fcf-cc57-4fad-a138-ea47ee9ea225,NA
13,92634266,92634266,1,snv_mnv,NA,NA,"broad,dkfz,muse,sanger",4,COSN9608539,NA,L2a,FALSE,0.2963,NA,16,38,NA,NA,NA,Intron,FALSE,FALSE,FALSE,FALSE,4,2,2,2_2,e5c89fcf-cc57-4fad-a138-ea47ee9ea225,NA
13,92870751,92870751,1,snv_mnv,NA,NA,"broad,dkfz,muse,sanger",4,COSN9608615,NA,NA,FALSE,0.1935,NA,12,50,NA,NA,NA,Intron,FALSE,FALSE,FALSE,FALSE,4,2,2,2_2,e5c89fcf-cc57-4fad-a138-ea47ee9ea225,NA
13,92951272,92951272,1,snv_mnv,NA,NA,"broad,dkfz,muse,sanger",4,COSN9608634,NA,NA,FALSE,0.3418,NA,27,52,NA,NA,NA,Intron,FALSE,FALSE,FALSE,FALSE,4,2,2,2_2,e5c89fcf-cc57-4fad-a138-ea47ee9ea225,NA
13,92985711,92985711,1,snv_mnv,NA,NA,"broad,dkfz,muse,sanger",4,COSN9608644,NA,L1MC1,FALSE,0.2941,NA,15,36,NA,NA,NA,Intron,FALSE,FALSE,FALSE,FALSE,4,2,2,2_2,e5c89fcf-cc57-4fad-a138-ea47ee9ea225,NA
13,92985712,92985712,1,snv_mnv,NA,NA,"broad,dkfz,muse,sanger",4,COSN9608645,NA,L1MC1,FALSE,0.3137,NA,16,35,NA,NA,NA,Intron,FALSE,FALSE,FALSE,FALSE,4,2,2,2_2,e5c89fcf-cc57-4fad-a138-ea47ee9ea225,NA
13,93069126,93069126,1,snv_mnv,NA,NA,"broad,dkfz,muse,sanger",4,COSN9608669,NA,L1MB7,FALSE,0.2414,NA,21,66,NA,NA,NA,Intron,FALSE,FALSE,FALSE,FALSE,4,2,2,2_2,e5c89fcf-cc57-4fad-a138-ea47ee9ea225,NA
13,93172774,93172774,1,snv_mnv,NA,NA,"broad,dkfz,muse,sanger",4,COSN9608693,NA,L1PA5,FALSE,0.2195,NA,18,64,NA,NA,NA,Intron,FALSE,FALSE,FALSE,FALSE,4,2,2,2_2,e5c89fcf-cc57-4fad-a138-ea47ee9ea225,NA
13,93519571,93519571,1,snv_mnv,NA,NA,"broad,dkfz,muse,sanger",4,COSN9608733,NA,NA,FALSE,0.3333,NA,26,52,NA,NA,NA,IGR,FALSE,FALSE,FALSE,FALSE,4,2,2,2_2,e5c89fcf-cc57-4fad-a138-ea47ee9ea225,GPC5
13,93582041,93582041,1,snv_mnv,NA,NA,"broad,dkfz,muse,sanger",4,COSN9608741,NA,L1ME2,FALSE,0.3043,NA,21,48,NA,NA,NA,IGR,FALSE,FALSE,FALSE,FALSE,4,2,2,2_2,e5c89fcf-cc57-4fad-a138-ea47ee9ea225,NA
13,93649271,93649271,1,snv_mnv,NA,NA,"broad,dkfz,muse,sanger",4,COSN9608756,NA,MSTC,FALSE,0.24,NA,12,38,NA,NA,NA,IGR,FALSE,FALSE,FALSE,FALSE,4,2,2,2_2,e5c89fcf-cc57-4fad-a138-ea47ee9ea225,NA
13,94452192,94452192,1,snv_mnv,NA,NA,"broad,dkfz,muse,sanger",4,COSN9608870,NA,L2a,FALSE,0.2549,NA,13,38,NA,NA,NA,Intron,FALSE,FALSE,FALSE,FALSE,4,2,2,2_2,e5c89fcf-cc57-4fad-a138-ea47ee9ea225,NA
13,95202125,95202125,1,snv_mnv,NA,NA,"broad,dkfz,muse,sanger",4,COSN9608947,NA,NA,FALSE,0.3333,NA,10,20,NA,NA,NA,IGR,FALSE,FALSE,FALSE,FALSE,4,2,2,2_2,e5c89fcf-cc57-4fad-a138-ea47ee9ea225,NA
13,95361152,95361152,1,snv_mnv,NA,NA,"broad,dkfz,muse,sanger",4,COSN9608963,NA,NA,FALSE,0.2826,NA,13,33,NA,NA,NA,IGR,FALSE,FALSE,FALSE,FALSE,4,2,2,2_2,e5c89fcf-cc57-4fad-a138-ea47ee9ea225,"SOX21,SOX21-AS1"
13,95646380,95646380,1,snv_mnv,NA,NA,"broad,dkfz,muse,sanger",4,COSN9609005,NA,MamRep38,FALSE,0.2245,NA,11,38,NA,NA,NA,IGR,FALSE,FALSE,FALSE,FALSE,4,2,2,2_2,e5c89fcf-cc57-4fad-a138-ea47ee9ea225,NA
13,96810060,96810060,1,snv_mnv,NA,NA,"broad,dkfz,muse,sanger",4,COSN9609164,NA,NA,FALSE,0.2679,NA,15,41,NA,NA,NA,Intron,FALSE,FALSE,FALSE,FALSE,4,2,2,2_2,e5c89fcf-cc57-4fad-a138-ea47ee9ea225,NA
13,97273476,97273476,1,snv_mnv,NA,NA,"broad,dkfz,muse,sanger",4,COSN9609261,NA,THE1D,FALSE,0.3061,NA,15,34,NA,NA,NA,Intron,FALSE,FALSE,FALSE,FALSE,4,2,2,2_2,e5c89fcf-cc57-4fad-a138-ea47ee9ea225,NA
13,97332305,97332305,1,snv_mnv,NA,NA,"broad,dkfz,muse,sanger",4,COSN9609268,NA,NA,FALSE,0.2745,NA,14,37,NA,NA,NA,Intron,FALSE,FALSE,FALSE,FALSE,4,2,2,2_2,e5c89fcf-cc57-4fad-a138-ea47ee9ea225,NA
13,98680157,98680157,1,snv_mnv,NA,NA,"broad,dkfz,muse,sanger",4,COSN9609438,NA,NA,FALSE,0.3077,NA,16,36,NA,NA,NA,IGR,FALSE,FALSE,FALSE,FALSE,4,2,2,2_2,e5c89fcf-cc57-4fad-a138-ea47ee9ea225,IPO5
13,99230750,99230750,1,snv_mnv,NA,NA,"broad,dkfz,muse,sanger",4,COSN9609515,NA,NA,FALSE,0.3143,NA,22,48,NA,NA,NA,5'Flank,FALSE,FALSE,FALSE,FALSE,4,2,2,2_2,e5c89fcf-cc57-4fad-a138-ea47ee9ea225,STK24
13,99642051,99642051,1,snv_mnv,NA,NA,"broad,dkfz,muse,sanger",4,COSN9609563,NA,NA,FALSE,0.25,NA,14,42,NA,NA,NA,Intron,FALSE,FALSE,FALSE,FALSE,4,2,2,2_2,e5c89fcf-cc57-4fad-a138-ea47ee9ea225,NA
13,100043507,100043507,1,snv_mnv,NA,NA,"broad,dkfz,muse,sanger",4,COSN9740377,NA,NA,FALSE,0.3077,NA,16,36,NA,NA,NA,IGR,FALSE,FALSE,FALSE,FALSE,4,2,2,2_2,e5c89fcf-cc57-4fad-a138-ea47ee9ea225,UBAC2
13,100435600,100435600,1,snv_mnv,NA,NA,"broad,dkfz,muse,sanger",4,COSN9740419,NA,L1MEe,FALSE,0.4,NA,10,15,NA,NA,NA,Intron,FALSE,FALSE,FALSE,FALSE,4,2,2,2_2,e5c89fcf-cc57-4fad-a138-ea47ee9ea225,RF00402
13,100882086,100882086,1,snv_mnv,NA,NA,"broad,dkfz,muse,sanger",4,COSN9740471,NA,LTR10C,FALSE,0.3036,NA,17,39,NA,NA,NA,Intron,FALSE,FALSE,FALSE,FALSE,4,2,2,2_2,e5c89fcf-cc57-4fad-a138-ea47ee9ea225,NA
13,101053355,101053355,1,snv_mnv,NA,NA,"broad,dkfz,muse,sanger",4,COSN9740511,NA,NA,FALSE,0.2727,NA,15,40,NA,NA,NA,Intron,FALSE,FALSE,FALSE,FALSE,4,2,2,2_2,e5c89fcf-cc57-4fad-a138-ea47ee9ea225,NA
13,101446229,101446229,1,snv_mnv,NA,NA,"broad,dkfz,muse,sanger",4,COSN9740566,NA,NA,FALSE,0.283,NA,15,38,NA,NA,NA,RNA,FALSE,FALSE,FALSE,FALSE,4,2,2,2_2,e5c89fcf-cc57-4fad-a138-ea47ee9ea225,NA
13,101924842,101924842,1,snv_mnv,NA,NA,"broad,dkfz,muse,sanger",4,COSN9740662,NA,NA,FALSE,0.3696,NA,17,29,NA,NA,NA,Intron,FALSE,FALSE,FALSE,FALSE,4,2,2,2_2,e5c89fcf-cc57-4fad-a138-ea47ee9ea225,NA
13,102129292,102129292,1,snv_mnv,NA,NA,"broad,dkfz,muse,sanger",4,COSN9740707,NA,L1MA3,FALSE,0.2241,NA,13,45,NA,NA,NA,Intron,FALSE,FALSE,FALSE,FALSE,4,2,2,2_2,e5c89fcf-cc57-4fad-a138-ea47ee9ea225,NA
13,102483977,102483977,1,snv_mnv,NA,NA,"broad,dkfz,muse,sanger",4,COSN9740764,NA,NA,FALSE,0.2833,NA,17,43,NA,NA,NA,Intron,FALSE,FALSE,FALSE,FALSE,4,2,2,2_2,e5c89fcf-cc57-4fad-a138-ea47ee9ea225,NA
13,102542248,102542248,1,snv_mnv,NA,NA,"broad,dkfz,muse,sanger",4,COSN9740774,NA,NA,FALSE,0.2892,NA,24,59,NA,NA,NA,Intron,FALSE,FALSE,FALSE,FALSE,4,2,2,2_2,e5c89fcf-cc57-4fad-a138-ea47ee9ea225,NA
13,103063878,103063878,1,snv_mnv,NA,NA,"broad,dkfz,muse,sanger",4,COSN9740844,NA,NA,FALSE,0.2533,NA,19,56,NA,NA,NA,IGR,FALSE,FALSE,FALSE,FALSE,4,2,2,2_2,e5c89fcf-cc57-4fad-a138-ea47ee9ea225,NA
13,103670040,103670040,1,snv_mnv,NA,NA,"broad,dkfz,muse,sanger",4,COSN9740937,NA,NA,FALSE,0.234,NA,11,36,NA,NA,NA,IGR,FALSE,FALSE,FALSE,FALSE,4,2,2,2_2,e5c89fcf-cc57-4fad-a138-ea47ee9ea225,NA
13,104360787,104360787,1,snv_mnv,NA,NA,"broad,dkfz,muse,sanger",4,COSN9741030,NA,NA,FALSE,0.2623,NA,16,45,NA,NA,NA,IGR,FALSE,FALSE,FALSE,FALSE,4,2,2,2_2,e5c89fcf-cc57-4fad-a138-ea47ee9ea225,NA
13,104447686,104447686,1,snv_mnv,NA,NA,"broad,dkfz,muse,sanger",4,COSN9741038,NA,L1MA9,FALSE,0.2381,NA,15,48,NA,NA,NA,IGR,FALSE,FALSE,FALSE,FALSE,4,2,2,2_2,e5c89fcf-cc57-4fad-a138-ea47ee9ea225,NA
13,104747872,104747872,1,snv_mnv,NA,NA,"broad,dkfz,muse,sanger",4,COSN9741088,NA,MER8,FALSE,0.2,NA,13,52,NA,NA,NA,IGR,FALSE,FALSE,FALSE,FALSE,4,2,2,2_2,e5c89fcf-cc57-4fad-a138-ea47ee9ea225,NA
13,105087361,105087361,1,snv_mnv,NA,NA,"broad,dkfz,muse,sanger",4,COSN9741157,NA,NA,FALSE,0.3333,NA,18,36,NA,NA,NA,IGR,FALSE,FALSE,FALSE,FALSE,4,2,2,2_2,e5c89fcf-cc57-4fad-a138-ea47ee9ea225,NA
13,107057561,107057561,1,snv_mnv,NA,NA,"broad,dkfz,muse,sanger",4,COSN9741668,NA,NA,FALSE,0.2329,NA,17,56,NA,NA,NA,IGR,FALSE,FALSE,FALSE,FALSE,4,2,2,2_2,e5c89fcf-cc57-4fad-a138-ea47ee9ea225,NA
13,107617421,107617421,1,snv_mnv,NA,NA,"broad,dkfz,muse,sanger",4,COSN9741821,NA,NA,FALSE,0.2361,NA,17,55,NA,NA,NA,IGR,FALSE,FALSE,FALSE,FALSE,4,2,2,2_2,e5c89fcf-cc57-4fad-a138-ea47ee9ea225,NA
13,107628932,107628932,1,snv_mnv,NA,NA,"broad,dkfz,muse,sanger",4,COSN9741824,NA,NA,FALSE,0.2917,NA,14,34,NA,NA,NA,RNA,FALSE,FALSE,FALSE,FALSE,4,2,2,2_2,e5c89fcf-cc57-4fad-a138-ea47ee9ea225,NA
13,108158053,108158053,1,snv_mnv,NA,NA,"broad,dkfz,muse,sanger",4,COSN9742037,NA,L2a,FALSE,0.34,NA,17,33,NA,NA,NA,Intron,FALSE,FALSE,FALSE,FALSE,4,2,2,2_2,e5c89fcf-cc57-4fad-a138-ea47ee9ea225,NA
13,108249959,108249959,1,snv_mnv,NA,NA,"broad,dkfz,muse,sanger",4,COSN9742072,NA,NA,FALSE,0.25,NA,16,48,NA,NA,NA,Intron,FALSE,FALSE,FALSE,FALSE,4,2,2,2_2,e5c89fcf-cc57-4fad-a138-ea47ee9ea225,NA
13,108411011,108411011,1,snv_mnv,NA,NA,"broad,dkfz,muse,sanger",4,COSN9742118,NA,AluY,FALSE,0.375,NA,15,25,NA,NA,NA,Intron,FALSE,FALSE,FALSE,FALSE,4,2,2,2_2,e5c89fcf-cc57-4fad-a138-ea47ee9ea225,NA
13,108478168,108478168,1,snv_mnv,NA,NA,"broad,dkfz,muse,sanger",4,COSN9742136,NA,AluSg,FALSE,0.2593,NA,14,40,NA,NA,NA,Intron,FALSE,FALSE,FALSE,FALSE,4,2,2,2_2,e5c89fcf-cc57-4fad-a138-ea47ee9ea225,NA
13,108888677,108888677,1,snv_mnv,NA,NA,"broad,dkfz,muse,sanger",4,COSN9742252,NA,NA,FALSE,0.2407,NA,13,41,NA,NA,NA,IGR,FALSE,FALSE,FALSE,FALSE,4,2,2,2_2,e5c89fcf-cc57-4fad-a138-ea47ee9ea225,ABHD13
13,108925618,108925618,1,snv_mnv,NA,NA,"broad,dkfz,muse,sanger",4,COSN9742256,NA,Tigger2b_Pri,FALSE,0.2817,NA,20,51,NA,NA,NA,Intron,FALSE,FALSE,FALSE,FALSE,4,2,2,2_2,e5c89fcf-cc57-4fad-a138-ea47ee9ea225,TNFSF13B
13,109253491,109253491,1,snv_mnv,NA,NA,"broad,dkfz,muse,sanger",4,COSN9742341,NA,NA,FALSE,0.2321,NA,13,43,NA,NA,NA,Intron,FALSE,FALSE,FALSE,FALSE,4,2,2,2_2,e5c89fcf-cc57-4fad-a138-ea47ee9ea225,NA
13,109339669,109339669,1,snv_mnv,NA,NA,"broad,dkfz,muse,sanger",4,COSN9742364,NA,NA,FALSE,0.3214,NA,18,38,NA,NA,NA,Intron,FALSE,FALSE,FALSE,FALSE,4,2,2,2_2,e5c89fcf-cc57-4fad-a138-ea47ee9ea225,NA
13,109418420,109418420,1,snv_mnv,NA,NA,"broad,dkfz,muse,sanger",4,COSN9742390,NA,NA,FALSE,0.3115,NA,19,42,NA,NA,NA,Intron,FALSE,FALSE,FALSE,FALSE,4,2,2,2_2,e5c89fcf-cc57-4fad-a138-ea47ee9ea225,NA
13,110742956,110742956,1,snv_mnv,NA,NA,"broad,dkfz,muse,sanger",4,COSN15585233,NA,NA,FALSE,0.2703,NA,10,27,NA,NA,NA,IGR,FALSE,FALSE,FALSE,FALSE,4,2,2,2_2,e5c89fcf-cc57-4fad-a138-ea47ee9ea225,NA
13,114224104,114224104,1,snv_mnv,0.0031949,rs188528408,"broad,dkfz,muse,sanger",4,COSN9743192,rs188528408,L1ME3A,FALSE,0.25,NA,16,48,NA,NA,NA,IGR,FALSE,FALSE,FALSE,FALSE,4,2,2,2_2,e5c89fcf-cc57-4fad-a138-ea47ee9ea225,NA
14,20201588,20201588,1,snv_mnv,NA,NA,"broad,dkfz,muse,sanger",4,COSN9610647,NA,NA,FALSE,0.2319,NA,16,53,NA,NA,NA,IGR,FALSE,FALSE,FALSE,FALSE,4,2,2,2_2,e5c89fcf-cc57-4fad-a138-ea47ee9ea225,NA
14,20469977,20469977,1,snv_mnv,NA,NA,"broad,dkfz,muse,sanger",4,COSN9610710,NA,NA,FALSE,0.2899,NA,20,49,NA,NA,NA,RNA,FALSE,FALSE,FALSE,FALSE,4,2,2,2_2,e5c89fcf-cc57-4fad-a138-ea47ee9ea225,OR4Q2
14,20470811,20470811,1,snv_mnv,NA,NA,"broad,dkfz,muse,sanger",4,COSN9610711,NA,NA,FALSE,0.3704,NA,20,34,NA,NA,NA,RNA,FALSE,FALSE,FALSE,FALSE,4,2,2,2_2,e5c89fcf-cc57-4fad-a138-ea47ee9ea225,NA
14,21811249,21811249,1,snv_mnv,NA,NA,"broad,dkfz,muse,sanger",4,COSM4150742,NA,NA,FALSE,0.25,NA,15,45,NA,NA,NA,Nonsense_Mutation,FALSE,FALSE,FALSE,FALSE,4,2,2,2_2,e5c89fcf-cc57-4fad-a138-ea47ee9ea225,NA
14,21834320,21834320,1,snv_mnv,NA,NA,"broad,dkfz,muse,sanger",4,COSN9610878,NA,NA,FALSE,0.2727,NA,12,32,NA,NA,NA,Intron,FALSE,FALSE,FALSE,FALSE,4,2,2,2_2,e5c89fcf-cc57-4fad-a138-ea47ee9ea225,SUPT16H
14,23002106,23002106,1,snv_mnv,NA,NA,"broad,dkfz,muse,sanger",4,COSN9611030,NA,NA,FALSE,0.2973,NA,22,52,NA,NA,NA,RNA,FALSE,FALSE,FALSE,FALSE,4,2,2,2_2,e5c89fcf-cc57-4fad-a138-ea47ee9ea225,"TRAJ8,TRAJ14,TRAJ16,TRAJ11,TRAJ12,TRAJ10,TRAJ7,TRAJ13,TRAJ9"
14,24264317,24264317,1,snv_mnv,NA,NA,"broad,dkfz,muse,sanger",4,COSN9611147,NA,MER41A,FALSE,0.2692,NA,14,38,NA,NA,NA,RNA,FALSE,FALSE,FALSE,FALSE,4,2,2,2_2,e5c89fcf-cc57-4fad-a138-ea47ee9ea225,RN7SKP205
14,24575316,24575316,1,snv_mnv,NA,NA,"broad,dkfz,muse,sanger",4,COSN9611174,NA,NA,FALSE,0.3056,NA,11,25,NA,NA,NA,Intron,FALSE,FALSE,FALSE,FALSE,4,2,2,2_2,e5c89fcf-cc57-4fad-a138-ea47ee9ea225,PCK2
14,25065717,25065717,1,snv_mnv,NA,NA,"broad,dkfz,muse,sanger",4,COSN9611216,NA,L1M2,FALSE,0.2985,NA,20,47,NA,NA,NA,RNA,FALSE,FALSE,FALSE,FALSE,4,2,2,2_2,e5c89fcf-cc57-4fad-a138-ea47ee9ea225,NA
14,25686385,25686385,1,snv_mnv,NA,NA,"broad,dkfz,muse,sanger",4,COSN9611300,NA,NA,FALSE,0.2692,NA,14,38,NA,NA,NA,IGR,FALSE,FALSE,FALSE,FALSE,4,2,2,2_2,e5c89fcf-cc57-4fad-a138-ea47ee9ea225,NA
14,26495712,26495712,1,snv_mnv,NA,NA,"broad,dkfz,muse,sanger",4,COSN9611495,NA,NA,FALSE,0.1967,NA,12,49,NA,NA,NA,lincRNA,FALSE,FALSE,FALSE,FALSE,4,2,2,2_2,e5c89fcf-cc57-4fad-a138-ea47ee9ea225,NA
14,26495713,26495713,1,snv_mnv,NA,NA,"broad,dkfz,muse,sanger",4,COSN9611496,NA,NA,FALSE,0.1935,NA,12,50,NA,NA,NA,lincRNA,FALSE,FALSE,FALSE,FALSE,4,2,2,2_2,e5c89fcf-cc57-4fad-a138-ea47ee9ea225,NA
14,26600731,26600731,1,snv_mnv,NA,NA,"broad,dkfz,muse,sanger",4,COSN9611517,NA,LTR90A,FALSE,0.28,NA,21,54,NA,NA,NA,lincRNA,FALSE,FALSE,FALSE,FALSE,4,2,2,2_2,e5c89fcf-cc57-4fad-a138-ea47ee9ea225,NA
14,26658142,26658142,1,snv_mnv,NA,NA,"broad,dkfz,muse,sanger",4,COSN15584970,NA,NA,FALSE,0.193,NA,11,46,NA,NA,NA,IGR,FALSE,FALSE,FALSE,FALSE,4,2,2,2_2,e5c89fcf-cc57-4fad-a138-ea47ee9ea225,NA
14,26849149,26849149,1,snv_mnv,NA,NA,"broad,dkfz,muse,sanger",4,COSN15585206,NA,LOR1b,FALSE,0.2407,NA,13,41,NA,NA,NA,IGR,FALSE,FALSE,FALSE,FALSE,4,2,2,2_2,e5c89fcf-cc57-4fad-a138-ea47ee9ea225,NA
14,27031928,27031928,1,snv_mnv,NA,NA,"broad,dkfz,muse,sanger",4,COSN9611561,NA,NA,FALSE,0.2105,NA,16,60,NA,NA,NA,Intron,FALSE,FALSE,FALSE,FALSE,4,2,2,2_2,e5c89fcf-cc57-4fad-a138-ea47ee9ea225,NA
14,27383897,27383897,1,snv_mnv,NA,NA,"broad,dkfz,muse,sanger",4,COSN9611597,NA,NA,FALSE,0.2125,NA,17,63,NA,NA,NA,lincRNA,FALSE,FALSE,FALSE,FALSE,4,2,2,2_2,e5c89fcf-cc57-4fad-a138-ea47ee9ea225,NA
14,28443812,28443812,1,snv_mnv,NA,NA,"broad,dkfz,muse,sanger",4,COSN9611757,NA,NA,FALSE,0.3377,NA,26,51,NA,NA,NA,IGR,FALSE,FALSE,FALSE,FALSE,4,2,2,2_2,e5c89fcf-cc57-4fad-a138-ea47ee9ea225,NA
14,28969550,28969550,1,snv_mnv,NA,NA,"broad,dkfz,muse,sanger",4,COSN9611905,NA,THE1A,FALSE,0.2456,NA,14,43,NA,NA,NA,IGR,FALSE,FALSE,FALSE,FALSE,4,2,2,2_2,e5c89fcf-cc57-4fad-a138-ea47ee9ea225,NA
14,30419952,30419952,1,snv_mnv,NA,NA,"broad,dkfz,muse,sanger",4,COSN9612126,NA,LTR16C,FALSE,0.3077,NA,16,36,NA,NA,NA,RNA,FALSE,FALSE,FALSE,FALSE,4,2,2,2_2,e5c89fcf-cc57-4fad-a138-ea47ee9ea225,AL133372.2
14,31414821,31414821,1,snv_mnv,NA,NA,"broad,dkfz,muse,sanger",4,COSN9612273,NA,AluJb,FALSE,0.3913,NA,18,28,NA,NA,NA,Intron,FALSE,FALSE,FALSE,FALSE,4,2,2,2_2,e5c89fcf-cc57-4fad-a138-ea47ee9ea225,STRN3
14,32376659,32376659,1,snv_mnv,NA,NA,"broad,dkfz,muse,sanger",4,COSN9612374,NA,L1PA16,FALSE,0.3111,NA,14,31,NA,NA,NA,IGR,FALSE,FALSE,FALSE,FALSE,4,2,2,2_2,e5c89fcf-cc57-4fad-a138-ea47ee9ea225,NA
14,32619797,32619797,1,snv_mnv,NA,NA,"broad,dkfz,muse,sanger",4,COSN9612394,NA,MSTD,FALSE,0.2182,NA,12,43,NA,NA,NA,Intron,FALSE,FALSE,FALSE,FALSE,4,2,2,2_2,e5c89fcf-cc57-4fad-a138-ea47ee9ea225,ARHGAP5
14,34144122,34144122,1,snv_mnv,NA,NA,"broad,dkfz,muse,sanger",4,COSN9612578,NA,NA,FALSE,0.3,NA,15,35,NA,NA,NA,Intron,FALSE,FALSE,FALSE,FALSE,4,2,2,2_2,e5c89fcf-cc57-4fad-a138-ea47ee9ea225,NA
14,34204023,34204023,1,snv_mnv,NA,NA,"broad,dkfz,muse,sanger",4,COSN9612587,NA,NA,FALSE,0.2273,NA,15,51,NA,NA,NA,Intron,FALSE,FALSE,FALSE,FALSE,4,2,2,2_2,e5c89fcf-cc57-4fad-a138-ea47ee9ea225,NPAS3
14,34751774,34751774,1,snv_mnv,NA,NA,"broad,dkfz,muse,sanger",4,COSN9612637,NA,NA,FALSE,0.3696,NA,17,29,NA,NA,NA,IGR,FALSE,FALSE,FALSE,FALSE,4,2,2,2_2,e5c89fcf-cc57-4fad-a138-ea47ee9ea225,NA
14,35994076,35994076,1,snv_mnv,NA,NA,"broad,dkfz,muse,sanger",4,COSN9612753,NA,AluSc,FALSE,0.2927,NA,12,29,NA,NA,NA,IGR,FALSE,FALSE,FALSE,FALSE,4,2,2,2_2,e5c89fcf-cc57-4fad-a138-ea47ee9ea225,NA
14,36193940,36193940,1,snv_mnv,NA,NA,"broad,dkfz,muse,sanger",4,COSN9612771,NA,NA,FALSE,0.2459,NA,15,46,NA,NA,NA,Intron,FALSE,FALSE,FALSE,FALSE,4,2,2,2_2,e5c89fcf-cc57-4fad-a138-ea47ee9ea225,RALGAPA1
14,36603787,36603787,1,snv_mnv,NA,NA,"broad,dkfz,muse,sanger",4,COSN9612810,NA,NA,FALSE,0.2787,NA,17,44,NA,NA,NA,lincRNA,FALSE,FALSE,FALSE,FALSE,4,2,2,2_2,e5c89fcf-cc57-4fad-a138-ea47ee9ea225,PTCSC3
14,37101154,37101154,1,snv_mnv,NA,NA,"broad,dkfz,muse,sanger",4,COSN9612861,NA,NA,FALSE,0.3,NA,12,28,NA,NA,NA,IGR,FALSE,FALSE,FALSE,FALSE,4,2,2,2_2,e5c89fcf-cc57-4fad-a138-ea47ee9ea225,NA
14,37378086,37378086,1,snv_mnv,NA,NA,"broad,dkfz,muse",3,COSN9612889,NA,L2,FALSE,0.2121,NA,14,52,NA,NA,NA,Intron,FALSE,FALSE,FALSE,FALSE,4,2,2,2_2,e5c89fcf-cc57-4fad-a138-ea47ee9ea225,NA
14,37755813,37755813,1,snv_mnv,NA,NA,"broad,dkfz,muse,sanger",4,COSN9612946,rs562355315,NA,FALSE,0.2817,NA,20,51,NA,NA,NA,Intron,FALSE,FALSE,FALSE,FALSE,4,2,2,2_2,e5c89fcf-cc57-4fad-a138-ea47ee9ea225,NA
14,38176835,38176835,1,snv_mnv,1.9968e-4,rs555456113,"broad,dkfz,muse,sanger",4,COSN9612991,rs555456113,NA,FALSE,0.3774,NA,20,33,NA,NA,NA,Intron,FALSE,FALSE,FALSE,FALSE,4,2,2,2_2,e5c89fcf-cc57-4fad-a138-ea47ee9ea225,NA
14,38382274,38382274,1,snv_mnv,NA,NA,"broad,dkfz,muse,sanger",4,COSN9613030,NA,NA,FALSE,0.3134,NA,21,46,NA,NA,NA,IGR,FALSE,FALSE,FALSE,FALSE,4,2,2,2_2,e5c89fcf-cc57-4fad-a138-ea47ee9ea225,NA
14,38854716,38854716,1,snv_mnv,NA,NA,"broad,dkfz,muse,sanger",4,COSN9613110,NA,NA,FALSE,0.3433,NA,23,44,NA,NA,NA,IGR,FALSE,FALSE,FALSE,FALSE,4,2,2,2_2,e5c89fcf-cc57-4fad-a138-ea47ee9ea225,NA
14,39177010,39177010,1,snv_mnv,NA,NA,"broad,dkfz,muse,sanger",4,COSN9613179,NA,L1M5,FALSE,0.2778,NA,20,52,NA,NA,NA,IGR,FALSE,FALSE,FALSE,FALSE,4,2,2,2_2,e5c89fcf-cc57-4fad-a138-ea47ee9ea225,NA
14,39567560,39567560,1,snv_mnv,NA,NA,"broad,dkfz,muse,sanger",4,COSN15584683,NA,NA,FALSE,0.2791,NA,12,31,NA,NA,NA,Intron,FALSE,FALSE,FALSE,FALSE,4,2,2,2_2,e5c89fcf-cc57-4fad-a138-ea47ee9ea225,"SEC23A-AS1,SEC23A"
14,39786213,39786213,1,snv_mnv,NA,NA,"broad,dkfz,muse,sanger",4,COSN9613276,NA,NA,FALSE,0.2653,NA,13,36,NA,NA,NA,Intron,FALSE,FALSE,FALSE,FALSE,4,2,2,2_2,e5c89fcf-cc57-4fad-a138-ea47ee9ea225,MIA2
14,40524865,40524865,1,snv_mnv,NA,NA,"broad,dkfz,muse,sanger",4,COSN9613331,NA,NA,FALSE,0.314,NA,27,59,NA,NA,NA,IGR,FALSE,FALSE,FALSE,FALSE,4,2,2,2_2,e5c89fcf-cc57-4fad-a138-ea47ee9ea225,NA
14,41026102,41026102,1,snv_mnv,NA,NA,"broad,dkfz,muse,sanger",4,COSN9613392,NA,AluSz6,FALSE,0.3673,NA,18,31,NA,NA,NA,IGR,FALSE,FALSE,FALSE,FALSE,4,2,2,2_2,e5c89fcf-cc57-4fad-a138-ea47ee9ea225,NA
14,41946227,41946227,1,snv_mnv,NA,NA,"broad,dkfz,muse,sanger",4,COSN9613554,NA,NA,FALSE,0.3295,NA,29,59,NA,NA,NA,IGR,FALSE,FALSE,FALSE,FALSE,4,2,2,2_2,e5c89fcf-cc57-4fad-a138-ea47ee9ea225,NA
14,42730217,42730217,1,snv_mnv,NA,NA,"broad,dkfz,muse,sanger",4,COSN9613727,NA,L1MA10,FALSE,0.2727,NA,24,64,NA,NA,NA,lincRNA,FALSE,FALSE,FALSE,FALSE,4,2,2,2_2,e5c89fcf-cc57-4fad-a138-ea47ee9ea225,NA
14,42792042,42792042,1,snv_mnv,NA,NA,"broad,dkfz,muse,sanger",4,COSN9613747,NA,MER66-int,FALSE,0.2391,NA,11,35,NA,NA,NA,IGR,FALSE,FALSE,FALSE,FALSE,4,2,2,2_2,e5c89fcf-cc57-4fad-a138-ea47ee9ea225,NA
14,42994521,42994521,1,snv_mnv,NA,NA,"broad,dkfz,muse,sanger",4,COSN9613802,NA,NA,FALSE,0.2979,NA,14,33,NA,NA,NA,lincRNA,FALSE,FALSE,FALSE,FALSE,4,2,2,2_2,e5c89fcf-cc57-4fad-a138-ea47ee9ea225,NA
14,43097150,43097150,1,snv_mnv,NA,NA,"broad,dkfz,muse,sanger",4,COSN9613826,NA,NA,FALSE,0.3125,NA,10,22,NA,NA,NA,RNA,FALSE,FALSE,FALSE,FALSE,4,2,2,2_2,e5c89fcf-cc57-4fad-a138-ea47ee9ea225,NA
14,43168122,43168122,1,snv_mnv,NA,NA,"broad,dkfz,muse,sanger",4,COSN9613840,NA,NA,FALSE,0.25,NA,9,27,NA,NA,NA,RNA,FALSE,FALSE,FALSE,FALSE,4,2,2,2_2,e5c89fcf-cc57-4fad-a138-ea47ee9ea225,NA
14,43168123,43168123,1,snv_mnv,NA,NA,"broad,dkfz,muse,sanger",4,COSN9613841,NA,NA,FALSE,0.2778,NA,10,26,NA,NA,NA,RNA,FALSE,FALSE,FALSE,FALSE,4,2,2,2_2,e5c89fcf-cc57-4fad-a138-ea47ee9ea225,NA
14,43184321,43184321,1,snv_mnv,NA,NA,"broad,dkfz,muse,sanger",4,COSN9613846,NA,L1MA6,FALSE,0.3333,NA,19,38,NA,NA,NA,IGR,FALSE,FALSE,FALSE,FALSE,4,2,2,2_2,e5c89fcf-cc57-4fad-a138-ea47ee9ea225,NA
14,43306029,43306029,1,snv_mnv,NA,NA,"broad,dkfz,muse,sanger",4,COSN9613878,NA,NA,FALSE,0.3256,NA,28,58,NA,NA,NA,IGR,FALSE,FALSE,FALSE,FALSE,4,2,2,2_2,e5c89fcf-cc57-4fad-a138-ea47ee9ea225,NA
14,43615887,43615887,1,snv_mnv,NA,NA,"broad,dkfz,muse,sanger",4,COSN9613967,NA,NA,FALSE,0.2609,NA,18,51,NA,NA,NA,IGR,FALSE,FALSE,FALSE,FALSE,4,2,2,2_2,e5c89fcf-cc57-4fad-a138-ea47ee9ea225,NA
14,43982158,43982158,1,snv_mnv,NA,NA,"broad,dkfz,muse,sanger",4,COSN9614057,NA,L1MC3,FALSE,0.2586,NA,15,43,NA,NA,NA,IGR,FALSE,FALSE,FALSE,FALSE,4,2,2,2_2,e5c89fcf-cc57-4fad-a138-ea47ee9ea225,NA
14,44328566,44328566,1,snv_mnv,NA,NA,"broad,dkfz,muse,sanger",4,COSN9614140,NA,NA,FALSE,0.3625,NA,29,51,NA,NA,NA,IGR,FALSE,FALSE,FALSE,FALSE,4,2,2,2_2,e5c89fcf-cc57-4fad-a138-ea47ee9ea225,NA
14,44466726,44466726,1,snv_mnv,NA,NA,"broad,dkfz,muse,sanger",4,COSN9614169,NA,L2a,FALSE,0.28,NA,14,36,NA,NA,NA,lincRNA,FALSE,FALSE,FALSE,FALSE,4,2,2,2_2,e5c89fcf-cc57-4fad-a138-ea47ee9ea225,NA
14,44545524,44545524,1,snv_mnv,NA,NA,"broad,dkfz,muse,sanger",4,COSN9614187,rs763415323,NA,FALSE,0.3023,NA,13,30,NA,NA,NA,lincRNA,FALSE,FALSE,FALSE,FALSE,4,2,2,2_2,e5c89fcf-cc57-4fad-a138-ea47ee9ea225,EIF4BP1
14,44590539,44590539,1,snv_mnv,NA,NA,"broad,dkfz,muse,sanger",4,COSN9614198,NA,L1PB4,FALSE,0.322,NA,19,40,NA,NA,NA,lincRNA,FALSE,FALSE,FALSE,FALSE,4,2,2,2_2,e5c89fcf-cc57-4fad-a138-ea47ee9ea225,AL109766.1
14,44704111,44704111,1,snv_mnv,NA,NA,"broad,dkfz,muse,sanger",4,COSN9614212,rs748361979,L1MA9,FALSE,0.1846,NA,12,53,NA,NA,NA,lincRNA,FALSE,FALSE,FALSE,FALSE,4,2,2,2_2,e5c89fcf-cc57-4fad-a138-ea47ee9ea225,NA
14,44998391,44998391,1,snv_mnv,NA,NA,"broad,dkfz,muse,sanger",4,COSN9614267,NA,NA,FALSE,0.234,NA,11,36,NA,NA,NA,RNA,FALSE,FALSE,FALSE,FALSE,4,2,2,2_2,e5c89fcf-cc57-4fad-a138-ea47ee9ea225,NA
14,45348581,45348581,1,snv_mnv,NA,NA,"broad,dkfz,muse,sanger",4,COSN9614321,NA,L1M1,FALSE,0.2549,NA,13,38,NA,NA,NA,RNA,FALSE,FALSE,FALSE,FALSE,4,2,2,2_2,e5c89fcf-cc57-4fad-a138-ea47ee9ea225,NA
14,46457701,46457701,1,snv_mnv,NA,NA,"broad,dkfz,muse,sanger",4,COSN9614486,NA,L1MA7,FALSE,0.2979,NA,14,33,NA,NA,NA,IGR,FALSE,FALSE,FALSE,FALSE,4,2,2,2_2,e5c89fcf-cc57-4fad-a138-ea47ee9ea225,NA
14,47409896,47409896,1,snv_mnv,NA,NA,"broad,dkfz,muse,sanger",4,COSN9614713,NA,NA,FALSE,0.3469,NA,17,32,NA,NA,NA,Intron,FALSE,FALSE,FALSE,FALSE,4,2,2,2_2,e5c89fcf-cc57-4fad-a138-ea47ee9ea225,NA
14,47529997,47529997,1,snv_mnv,NA,NA,"broad,dkfz,muse,sanger",4,COSN9614737,NA,NA,FALSE,0.3143,NA,22,48,NA,NA,NA,Intron,FALSE,FALSE,FALSE,FALSE,4,2,2,2_2,e5c89fcf-cc57-4fad-a138-ea47ee9ea225,NA
14,47706481,47706481,1,snv_mnv,NA,NA,"broad,dkfz,muse,sanger",4,COSN9614771,NA,NA,FALSE,0.1864,NA,11,48,NA,NA,NA,Intron,FALSE,FALSE,FALSE,FALSE,4,2,2,2_2,e5c89fcf-cc57-4fad-a138-ea47ee9ea225,NA
14,47819597,47819597,1,snv_mnv,NA,NA,"broad,dkfz,muse,sanger",4,COSN15585130,NA,NA,FALSE,0.2281,NA,13,44,NA,NA,NA,Intron,FALSE,FALSE,FALSE,FALSE,4,2,2,2_2,e5c89fcf-cc57-4fad-a138-ea47ee9ea225,NA
14,47916028,47916028,1,snv_mnv,NA,NA,"broad,dkfz,muse,sanger",4,COSN9614819,NA,NA,FALSE,0.3099,NA,22,49,NA,NA,NA,Intron,FALSE,FALSE,FALSE,FALSE,4,2,2,2_2,e5c89fcf-cc57-4fad-a138-ea47ee9ea225,RPS15AP3
14,48354855,48354855,1,snv_mnv,NA,NA,"broad,dkfz,muse,sanger",4,COSN9614937,NA,L1MEg,FALSE,0.2133,NA,16,59,NA,NA,NA,IGR,FALSE,FALSE,FALSE,FALSE,4,2,2,2_2,e5c89fcf-cc57-4fad-a138-ea47ee9ea225,NA
14,48752315,48752315,1,snv_mnv,0.0013978,rs562363675,"broad,dkfz,muse,sanger",4,COSN9615041,rs562363675,L1PA4,FALSE,0.2679,NA,15,41,NA,NA,NA,IGR,FALSE,FALSE,FALSE,FALSE,4,2,2,2_2,e5c89fcf-cc57-4fad-a138-ea47ee9ea225,NA
14,49744111,49744111,1,snv_mnv,NA,NA,"broad,dkfz,muse,sanger",4,COSN9615207,NA,MER81,FALSE,0.2292,NA,11,37,NA,NA,NA,IGR,FALSE,FALSE,FALSE,FALSE,4,2,2,2_2,e5c89fcf-cc57-4fad-a138-ea47ee9ea225,NA
14,51054090,51054090,1,snv_mnv,NA,NA,"broad,dkfz,muse,sanger",4,COSN9615322,NA,NA,FALSE,0.209,NA,14,53,NA,NA,NA,Intron,FALSE,FALSE,FALSE,FALSE,4,2,2,2_2,e5c89fcf-cc57-4fad-a138-ea47ee9ea225,ATL1
14,52046233,52046233,1,snv_mnv,NA,NA,"broad,dkfz,muse,sanger",4,COSN9615420,NA,L2a,FALSE,0.2381,NA,20,64,NA,NA,NA,Intron,FALSE,FALSE,FALSE,FALSE,4,2,2,2_2,e5c89fcf-cc57-4fad-a138-ea47ee9ea225,FRMD6
14,52989870,52989870,1,snv_mnv,NA,NA,"broad,dkfz,muse,sanger",4,COSN9615523,NA,NA,FALSE,0.2656,NA,17,47,NA,NA,NA,Intron,FALSE,FALSE,FALSE,FALSE,4,2,2,2_2,e5c89fcf-cc57-4fad-a138-ea47ee9ea225,NA
14,53593742,53593742,1,snv_mnv,NA,NA,"broad,dkfz,muse,sanger",4,COSN9615585,NA,NA,FALSE,0.2941,NA,25,60,NA,NA,NA,Intron,FALSE,FALSE,FALSE,FALSE,4,2,2,2_2,e5c89fcf-cc57-4fad-a138-ea47ee9ea225,NA
14,54402953,54402953,1,snv_mnv,NA,NA,"broad,dkfz,muse,sanger",4,COSN9615682,NA,NA,FALSE,0.2532,NA,20,59,NA,NA,NA,IGR,FALSE,FALSE,FALSE,FALSE,4,2,2,2_2,e5c89fcf-cc57-4fad-a138-ea47ee9ea225,NA
14,55619563,55619563,1,snv_mnv,1.9968e-4,rs540600044,"broad,dkfz,muse,sanger",4,COSN9615774,rs540600044,NA,FALSE,0.2703,NA,10,27,NA,NA,NA,Intron,FALSE,FALSE,FALSE,FALSE,4,2,2,2_2,e5c89fcf-cc57-4fad-a138-ea47ee9ea225,DLGAP5
14,56258374,56258374,1,snv_mnv,NA,NA,"broad,dkfz,muse,sanger",4,COSN9615833,NA,MER87,FALSE,0.2449,NA,12,37,NA,NA,NA,RNA,FALSE,FALSE,FALSE,FALSE,4,2,2,2_2,e5c89fcf-cc57-4fad-a138-ea47ee9ea225,LINC00520
14,56508424,56508424,1,snv_mnv,NA,NA,"broad,dkfz,muse,sanger",4,COSN15584827,NA,NA,FALSE,0.2075,NA,11,42,NA,NA,NA,IGR,FALSE,FALSE,FALSE,FALSE,4,2,2,2_2,e5c89fcf-cc57-4fad-a138-ea47ee9ea225,NA
14,57914042,57914042,1,snv_mnv,NA,NA,"broad,dkfz,muse,sanger",4,COSN9616014,NA,L1MC1,FALSE,0.3158,NA,12,26,NA,NA,NA,IGR,FALSE,FALSE,FALSE,FALSE,4,2,2,2_2,e5c89fcf-cc57-4fad-a138-ea47ee9ea225,NA
14,58387598,58387598,1,snv_mnv,NA,NA,"broad,dkfz,muse,sanger",4,COSN9616062,NA,NA,FALSE,0.3333,NA,18,36,NA,NA,NA,IGR,FALSE,FALSE,FALSE,FALSE,4,2,2,2_2,e5c89fcf-cc57-4fad-a138-ea47ee9ea225,NA
14,58822154,58822154,1,snv_mnv,NA,NA,"broad,dkfz,muse,sanger",4,COSN9616111,NA,MER44A,FALSE,0.2969,NA,19,45,NA,NA,NA,Intron,FALSE,FALSE,FALSE,FALSE,4,2,2,2_2,e5c89fcf-cc57-4fad-a138-ea47ee9ea225,NA
14,60076354,60076354,1,snv_mnv,NA,NA,"broad,dkfz,muse,sanger",4,COSN9616260,NA,NA,FALSE,0.3273,NA,18,37,NA,NA,NA,Intron,FALSE,FALSE,FALSE,FALSE,4,2,2,2_2,e5c89fcf-cc57-4fad-a138-ea47ee9ea225,RTN1
14,60173118,60173118,1,snv_mnv,NA,NA,"broad,dkfz,muse,sanger",4,COSN9616271,NA,LTR48,FALSE,0.3636,NA,24,42,NA,NA,NA,Intron,FALSE,FALSE,FALSE,FALSE,4,2,2,2_2,e5c89fcf-cc57-4fad-a138-ea47ee9ea225,NA
14,63160542,63160542,1,snv_mnv,NA,NA,"broad,dkfz,muse,sanger",4,COSN9616674,NA,LTR53,FALSE,0.25,NA,16,48,NA,NA,NA,IGR,FALSE,FALSE,FALSE,FALSE,4,2,2,2_2,e5c89fcf-cc57-4fad-a138-ea47ee9ea225,NA
14,63480190,63480190,1,snv_mnv,NA,NA,"broad,dkfz,muse,sanger",4,COSN9616733,NA,NA,FALSE,0.2344,NA,15,49,NA,NA,NA,Intron,FALSE,FALSE,FALSE,FALSE,4,2,2,2_2,e5c89fcf-cc57-4fad-a138-ea47ee9ea225,NA
14,63702083,63702083,1,snv_mnv,NA,NA,"broad,dkfz,muse,sanger",4,COSN9616761,NA,L1MC4,FALSE,0.3636,NA,20,35,NA,NA,NA,Intron,FALSE,FALSE,FALSE,FALSE,4,2,2,2_2,e5c89fcf-cc57-4fad-a138-ea47ee9ea225,NA
14,63713188,63713188,1,snv_mnv,NA,NA,"broad,dkfz,muse,sanger",4,COSN9616765,NA,MIRc,FALSE,0.3725,NA,19,32,NA,NA,NA,Intron,FALSE,FALSE,FALSE,FALSE,4,2,2,2_2,e5c89fcf-cc57-4fad-a138-ea47ee9ea225,NA
14,64318390,64318390,1,snv_mnv,NA,NA,"broad,dkfz,muse,sanger",4,COSN9616831,NA,NA,FALSE,0.25,NA,16,48,NA,NA,NA,5'Flank,FALSE,FALSE,FALSE,FALSE,4,2,2,2_2,e5c89fcf-cc57-4fad-a138-ea47ee9ea225,"SYNE2,RF00019"
14,66164985,66164985,1,snv_mnv,NA,NA,"broad,dkfz,muse,sanger",4,COSN9617010,NA,NA,FALSE,0.2958,NA,21,50,NA,NA,NA,Intron,FALSE,FALSE,FALSE,FALSE,4,2,2,2_2,e5c89fcf-cc57-4fad-a138-ea47ee9ea225,NA
14,66223306,66223306,1,snv_mnv,NA,NA,"broad,dkfz,muse,sanger",4,COSN9617014,NA,NA,FALSE,0.431,NA,25,33,NA,NA,NA,IGR,FALSE,FALSE,FALSE,FALSE,4,2,2,2_2,e5c89fcf-cc57-4fad-a138-ea47ee9ea225,NA
14,66330609,66330609,1,snv_mnv,NA,NA,"broad,dkfz,muse,sanger",4,COSN9617027,NA,MLT1D,FALSE,0.2424,NA,8,25,NA,NA,NA,IGR,FALSE,FALSE,FALSE,FALSE,4,2,2,2_2,e5c89fcf-cc57-4fad-a138-ea47ee9ea225,NA
14,66607248,66607248,1,snv_mnv,NA,NA,"broad,dkfz,muse,sanger",4,COSN9617058,NA,L2,FALSE,0.2923,NA,19,46,NA,NA,NA,IGR,FALSE,FALSE,FALSE,FALSE,4,2,2,2_2,e5c89fcf-cc57-4fad-a138-ea47ee9ea225,NA
14,66839983,66839983,1,snv_mnv,NA,NA,"broad,dkfz,muse,sanger",4,COSN9617084,NA,NA,FALSE,0.2632,NA,15,42,NA,NA,NA,lincRNA,FALSE,FALSE,FALSE,FALSE,4,2,2,2_2,e5c89fcf-cc57-4fad-a138-ea47ee9ea225,NA
14,67442594,67442594,1,snv_mnv,NA,NA,"broad,dkfz,muse,sanger",4,COSN9617146,NA,AluJb,FALSE,0.2564,NA,10,29,NA,NA,NA,Intron,FALSE,FALSE,FALSE,FALSE,4,2,2,2_2,e5c89fcf-cc57-4fad-a138-ea47ee9ea225,NA
14,67822840,67822840,1,snv_mnv,NA,NA,"broad,dkfz,muse,sanger",4,COSN9617178,NA,NA,FALSE,0.3235,NA,11,23,NA,NA,NA,Intron,FALSE,FALSE,FALSE,FALSE,4,2,2,2_2,e5c89fcf-cc57-4fad-a138-ea47ee9ea225,"EIF2S1,ATP6V1D"
14,68493397,68493397,1,snv_mnv,NA,NA,"broad,dkfz,muse,sanger",4,COSN9617231,NA,L1PA16,FALSE,0.2344,NA,15,49,NA,NA,NA,Intron,FALSE,FALSE,FALSE,FALSE,4,2,2,2_2,e5c89fcf-cc57-4fad-a138-ea47ee9ea225,NA
14,69054514,69054514,1,snv_mnv,NA,NA,"broad,dkfz,muse,sanger",4,COSN9617280,NA,NA,FALSE,0.2979,NA,14,33,NA,NA,NA,Intron,FALSE,FALSE,FALSE,FALSE,4,2,2,2_2,e5c89fcf-cc57-4fad-a138-ea47ee9ea225,NA
14,69090588,69090588,1,snv_mnv,NA,NA,"broad,dkfz,muse,sanger",4,COSN9617281,NA,NA,FALSE,0.2787,NA,17,44,NA,NA,NA,Intron,FALSE,FALSE,FALSE,FALSE,4,2,2,2_2,e5c89fcf-cc57-4fad-a138-ea47ee9ea225,AL121820.2
14,69244650,69244650,1,snv_mnv,NA,NA,"broad,dkfz,muse,sanger",4,COSN9617294,NA,NA,FALSE,0.375,NA,15,25,NA,NA,NA,IGR,FALSE,FALSE,FALSE,FALSE,4,2,2,2_2,e5c89fcf-cc57-4fad-a138-ea47ee9ea225,NA
14,69656895,69656895,1,snv_mnv,NA,NA,"broad,dkfz,muse,sanger",4,COSN9617337,NA,L1ME3A,FALSE,0.3333,NA,15,30,NA,NA,NA,5'Flank,FALSE,FALSE,FALSE,FALSE,4,2,2,2_2,e5c89fcf-cc57-4fad-a138-ea47ee9ea225,"EXD2,AL359317.2"
14,72237009,72237009,1,snv_mnv,NA,NA,"broad,dkfz,muse,sanger",4,COSN9617608,NA,NA,FALSE,0.2647,NA,9,25,NA,NA,NA,IGR,FALSE,FALSE,FALSE,FALSE,4,2,2,2_2,e5c89fcf-cc57-4fad-a138-ea47ee9ea225,NA
14,72332644,72332644,1,snv_mnv,NA,NA,"broad,dkfz,muse,sanger",4,COSN9617615,NA,NA,FALSE,0.3243,NA,12,25,NA,NA,NA,lincRNA,FALSE,FALSE,FALSE,FALSE,4,2,2,2_2,e5c89fcf-cc57-4fad-a138-ea47ee9ea225,NA
14,72752281,72752281,1,snv_mnv,NA,NA,"broad,dkfz,muse,sanger",4,COSN9617680,NA,THE1B,FALSE,0.2642,NA,14,39,NA,NA,NA,Intron,FALSE,FALSE,FALSE,FALSE,4,2,2,2_2,e5c89fcf-cc57-4fad-a138-ea47ee9ea225,NA
14,73390646,73390646,1,snv_mnv,NA,NA,"broad,dkfz,muse,sanger",4,COSN9617757,NA,AluSx1,FALSE,0.2727,NA,9,24,NA,NA,NA,5'Flank,FALSE,FALSE,FALSE,FALSE,4,2,2,2_2,e5c89fcf-cc57-4fad-a138-ea47ee9ea225,DCAF4
14,74652525,74652525,1,snv_mnv,NA,NA,"broad,dkfz,muse,sanger",4,COSN9617868,NA,AluJo,FALSE,0.3333,NA,8,16,NA,NA,NA,Intron,FALSE,FALSE,FALSE,FALSE,4,2,2,2_2,e5c89fcf-cc57-4fad-a138-ea47ee9ea225,NA
14,75434666,75434666,1,snv_mnv,NA,NA,"broad,dkfz,muse,sanger",4,COSN9617929,NA,MER44A,FALSE,0.3333,NA,18,36,NA,NA,NA,IGR,FALSE,FALSE,FALSE,FALSE,4,2,2,2_2,e5c89fcf-cc57-4fad-a138-ea47ee9ea225,NA
14,76914140,76914140,1,snv_mnv,NA,NA,"broad,dkfz,muse,sanger",4,COSN9618075,NA,NA,FALSE,0.4074,NA,11,16,NA,NA,NA,Intron,FALSE,FALSE,FALSE,FALSE,4,2,2,2_2,e5c89fcf-cc57-4fad-a138-ea47ee9ea225,NA
14,78574996,78574996,1,snv_mnv,NA,NA,"broad,dkfz,muse,sanger",4,COSN9618233,NA,L1MEc,FALSE,0.2031,NA,13,51,NA,NA,NA,IGR,FALSE,FALSE,FALSE,FALSE,4,2,2,2_2,e5c89fcf-cc57-4fad-a138-ea47ee9ea225,NA
14,78990550,78990550,1,snv_mnv,NA,NA,"broad,dkfz,muse,sanger",4,COSN9618306,NA,NA,FALSE,0.3,NA,18,42,NA,NA,NA,Intron,FALSE,FALSE,FALSE,FALSE,4,2,2,2_2,e5c89fcf-cc57-4fad-a138-ea47ee9ea225,NA
14,78992643,78992643,1,snv_mnv,NA,NA,"broad,dkfz,muse,sanger",4,COSN9618307,NA,NA,FALSE,0.2683,NA,11,30,NA,NA,NA,Intron,FALSE,FALSE,FALSE,FALSE,4,2,2,2_2,e5c89fcf-cc57-4fad-a138-ea47ee9ea225,NA
14,79591611,79591611,1,snv_mnv,NA,NA,"broad,dkfz,muse,sanger",4,COSN9618417,NA,L2a,FALSE,0.2222,NA,18,63,NA,NA,NA,Intron,FALSE,FALSE,FALSE,FALSE,4,2,2,2_2,e5c89fcf-cc57-4fad-a138-ea47ee9ea225,NA
14,79976961,79976961,1,snv_mnv,1.9968e-4,rs141373868,"broad,dkfz,muse,sanger",4,COSN9618496,rs141373868,NA,FALSE,0.3091,NA,17,38,NA,NA,NA,Intron,FALSE,FALSE,FALSE,FALSE,4,2,2,2_2,e5c89fcf-cc57-4fad-a138-ea47ee9ea225,NA
14,80140116,80140116,1,snv_mnv,NA,NA,"broad,dkfz,muse,sanger",4,COSN9618528,NA,L2c,FALSE,0.3,NA,18,42,NA,NA,NA,Intron,FALSE,FALSE,FALSE,FALSE,4,2,2,2_2,e5c89fcf-cc57-4fad-a138-ea47ee9ea225,NA
14,81751686,81751686,1,snv_mnv,NA,NA,"broad,dkfz,muse,sanger",4,COSN9618713,NA,Tigger1,FALSE,0.3393,NA,19,37,NA,NA,NA,Intron,FALSE,FALSE,FALSE,FALSE,4,2,2,2_2,e5c89fcf-cc57-4fad-a138-ea47ee9ea225,NA
14,83188094,83188094,1,snv_mnv,NA,NA,"broad,dkfz,muse,sanger",4,COSN9618951,NA,L1ME2z,FALSE,0.2857,NA,12,30,NA,NA,NA,IGR,FALSE,FALSE,FALSE,FALSE,4,2,2,2_2,e5c89fcf-cc57-4fad-a138-ea47ee9ea225,NA
14,83356057,83356057,1,snv_mnv,NA,NA,"broad,dkfz,muse,sanger",4,COSN9618995,NA,T-rich,FALSE,0.3065,NA,19,43,NA,NA,NA,IGR,FALSE,FALSE,FALSE,FALSE,4,2,2,2_2,e5c89fcf-cc57-4fad-a138-ea47ee9ea225,NA
14,83471127,83471127,1,snv_mnv,NA,NA,"broad,dkfz,muse,sanger",4,COSN9619037,NA,NA,FALSE,0.2295,NA,14,47,NA,NA,NA,IGR,FALSE,FALSE,FALSE,FALSE,4,2,2,2_2,e5c89fcf-cc57-4fad-a138-ea47ee9ea225,NA
14,83602062,83602062,1,snv_mnv,NA,NA,"broad,dkfz,muse,sanger",4,COSN9619085,NA,NA,FALSE,0.1905,NA,12,51,NA,NA,NA,IGR,FALSE,FALSE,FALSE,FALSE,4,2,2,2_2,e5c89fcf-cc57-4fad-a138-ea47ee9ea225,NA
14,83602063,83602063,1,snv_mnv,NA,NA,"broad,dkfz,muse,sanger",4,COSN9619086,NA,NA,FALSE,0.1875,NA,12,52,NA,NA,NA,IGR,FALSE,FALSE,FALSE,FALSE,4,2,2,2_2,e5c89fcf-cc57-4fad-a138-ea47ee9ea225,NA
14,84068292,84068292,1,snv_mnv,NA,NA,"broad,dkfz,muse,sanger",4,COSN9619207,NA,NA,FALSE,0.3151,NA,23,50,NA,NA,NA,IGR,FALSE,FALSE,FALSE,FALSE,4,2,2,2_2,e5c89fcf-cc57-4fad-a138-ea47ee9ea225,NA
14,84454408,84454408,1,snv_mnv,NA,NA,"broad,dkfz,muse,sanger",4,COSN9619323,NA,NA,FALSE,0.3393,NA,19,37,NA,NA,NA,IGR,FALSE,FALSE,FALSE,FALSE,4,2,2,2_2,e5c89fcf-cc57-4fad-a138-ea47ee9ea225,NA
14,84513046,84513046,1,snv_mnv,NA,NA,"broad,dkfz,muse,sanger",4,COSN9619341,NA,NA,FALSE,0.2714,NA,19,51,NA,NA,NA,IGR,FALSE,FALSE,FALSE,FALSE,4,2,2,2_2,e5c89fcf-cc57-4fad-a138-ea47ee9ea225,NA
14,84734258,84734258,1,snv_mnv,NA,NA,"broad,dkfz,muse,sanger",4,COSN9619404,NA,NA,FALSE,0.2439,NA,20,62,NA,NA,NA,IGR,FALSE,FALSE,FALSE,FALSE,4,2,2,2_2,e5c89fcf-cc57-4fad-a138-ea47ee9ea225,NA
14,85330432,85330432,1,snv_mnv,NA,NA,"broad,dkfz,muse,sanger",4,COSN9619541,NA,MER31A,FALSE,0.3469,NA,17,32,NA,NA,NA,IGR,FALSE,FALSE,FALSE,FALSE,4,2,2,2_2,e5c89fcf-cc57-4fad-a138-ea47ee9ea225,NA
14,85401174,85401174,1,snv_mnv,NA,NA,"broad,dkfz,muse,sanger",4,COSN9619570,NA,L1PB1,FALSE,0.3016,NA,19,44,NA,NA,NA,IGR,FALSE,FALSE,FALSE,FALSE,4,2,2,2_2,e5c89fcf-cc57-4fad-a138-ea47ee9ea225,NA
14,85679853,85679853,1,snv_mnv,NA,NA,"broad,dkfz,muse,sanger",4,COSN9619631,NA,NA,FALSE,0.2027,NA,15,59,NA,NA,NA,lincRNA,FALSE,FALSE,FALSE,FALSE,4,2,2,2_2,e5c89fcf-cc57-4fad-a138-ea47ee9ea225,NA
14,86006223,86006223,1,snv_mnv,NA,NA,"broad,dkfz,muse,sanger",4,COSN9619705,NA,NA,FALSE,0.4186,NA,18,25,NA,NA,NA,Intron,FALSE,FALSE,FALSE,FALSE,4,2,2,2_2,e5c89fcf-cc57-4fad-a138-ea47ee9ea225,NA
14,86128048,86128048,1,snv_mnv,NA,NA,"broad,dkfz,muse,sanger",4,COSN9619747,NA,NA,FALSE,0.1837,NA,9,40,NA,NA,NA,IGR,FALSE,FALSE,FALSE,FALSE,4,2,2,2_2,e5c89fcf-cc57-4fad-a138-ea47ee9ea225,NA
14,86141951,86141951,1,snv_mnv,NA,NA,"broad,dkfz,muse,sanger",4,COSN9619756,NA,NA,FALSE,0.2545,NA,14,41,NA,NA,NA,IGR,FALSE,FALSE,FALSE,FALSE,4,2,2,2_2,e5c89fcf-cc57-4fad-a138-ea47ee9ea225,NA
14,86554932,86554932,1,snv_mnv,NA,NA,"broad,dkfz,muse,sanger",4,COSN15585281,NA,NA,FALSE,0.2174,NA,15,54,NA,NA,NA,lincRNA,FALSE,FALSE,FALSE,FALSE,4,2,2,2_2,e5c89fcf-cc57-4fad-a138-ea47ee9ea225,NA
14,87033447,87033447,1,snv_mnv,NA,NA,"broad,dkfz,muse,sanger",4,COSN9619985,NA,NA,FALSE,0.2879,NA,19,47,NA,NA,NA,IGR,FALSE,FALSE,FALSE,FALSE,4,2,2,2_2,e5c89fcf-cc57-4fad-a138-ea47ee9ea225,NA
14,87033483,87033483,1,snv_mnv,NA,NA,"broad,dkfz,muse,sanger",4,COSN9619986,NA,NA,FALSE,0.3529,NA,24,44,NA,NA,NA,IGR,FALSE,FALSE,FALSE,FALSE,4,2,2,2_2,e5c89fcf-cc57-4fad-a138-ea47ee9ea225,NA
14,88313611,88313611,1,snv_mnv,NA,NA,"broad,dkfz,muse,sanger",4,COSN9620241,NA,NA,FALSE,0.3148,NA,17,37,NA,NA,NA,lincRNA,FALSE,FALSE,FALSE,FALSE,4,2,2,2_2,e5c89fcf-cc57-4fad-a138-ea47ee9ea225,NA
14,88427006,88427006,1,snv_mnv,NA,NA,"broad,dkfz,muse,sanger",4,COSN9620258,NA,L1M4,FALSE,0.2414,NA,14,44,NA,NA,NA,Intron,FALSE,FALSE,FALSE,FALSE,4,2,2,2_2,e5c89fcf-cc57-4fad-a138-ea47ee9ea225,GALC
14,88530367,88530367,1,snv_mnv,NA,NA,"broad,dkfz,muse,sanger",4,COSN9620267,NA,MLT1K,FALSE,0.2653,NA,13,36,NA,NA,NA,lincRNA,FALSE,FALSE,FALSE,FALSE,4,2,2,2_2,e5c89fcf-cc57-4fad-a138-ea47ee9ea225,NA
14,89092316,89092316,1,snv_mnv,NA,NA,"broad,dkfz,muse,sanger",4,COSN9620320,NA,NA,FALSE,0.2381,NA,10,32,NA,NA,NA,Intron,FALSE,FALSE,FALSE,FALSE,4,2,2,2_2,e5c89fcf-cc57-4fad-a138-ea47ee9ea225,EML5
14,89606999,89606999,1,snv_mnv,NA,NA,"dkfz,muse,sanger",3,COSN9620389,NA,HSMAR2,FALSE,0.3,NA,12,28,NA,NA,NA,IGR,FALSE,FALSE,FALSE,FALSE,4,2,2,2_2,e5c89fcf-cc57-4fad-a138-ea47ee9ea225,NA
14,90063104,90063104,1,snv_mnv,NA,NA,"broad,dkfz,muse,sanger",4,COSN9620445,NA,L1MEg,FALSE,0.2951,NA,18,43,NA,NA,NA,Intron,FALSE,FALSE,FALSE,FALSE,4,2,2,2_2,e5c89fcf-cc57-4fad-a138-ea47ee9ea225,NA
14,90099892,90099892,1,snv_mnv,NA,NA,"broad,dkfz,muse,sanger",4,COSN9620450,NA,NA,FALSE,0.4,NA,14,21,NA,NA,NA,Intron,FALSE,FALSE,FALSE,FALSE,4,2,2,2_2,e5c89fcf-cc57-4fad-a138-ea47ee9ea225,AL137230.1
14,90225407,90225407,1,snv_mnv,NA,NA,"broad,dkfz,muse,sanger",4,COSN9620473,NA,L4,FALSE,0.2,NA,11,44,NA,NA,NA,RNA,FALSE,FALSE,FALSE,FALSE,4,2,2,2_2,e5c89fcf-cc57-4fad-a138-ea47ee9ea225,NA
14,90295480,90295480,1,snv_mnv,NA,NA,"broad,dkfz,muse,sanger",4,COSN9620481,NA,Charlie10,FALSE,0.3878,NA,19,30,NA,NA,NA,Intron,FALSE,FALSE,FALSE,FALSE,4,2,2,2_2,e5c89fcf-cc57-4fad-a138-ea47ee9ea225,EFCAB11
14,91371754,91371754,1,snv_mnv,NA,NA,"broad,dkfz,muse,sanger",4,COSN9620593,NA,NA,FALSE,0.4,NA,16,24,NA,NA,NA,Intron,FALSE,FALSE,FALSE,FALSE,4,2,2,2_2,e5c89fcf-cc57-4fad-a138-ea47ee9ea225,RPS6KA5
14,92074415,92074415,1,snv_mnv,NA,NA,"broad,dkfz,muse,sanger",4,COSN9620657,NA,NA,FALSE,0.2821,NA,11,28,NA,NA,NA,Intron,FALSE,FALSE,FALSE,FALSE,4,2,2,2_2,e5c89fcf-cc57-4fad-a138-ea47ee9ea225,"POLR3GP1,NANOGP7"
14,92557873,92557873,1,snv_mnv,NA,NA,"broad,dkfz,muse,sanger",4,COSN9620701,NA,NA,FALSE,0.1875,NA,9,39,NA,NA,NA,Intron,FALSE,FALSE,FALSE,FALSE,4,2,2,2_2,e5c89fcf-cc57-4fad-a138-ea47ee9ea225,ATXN3
14,92707949,92707949,1,snv_mnv,NA,NA,"broad,dkfz,muse,sanger",4,COSN9620710,NA,NA,FALSE,0.2545,NA,14,41,NA,NA,NA,IGR,FALSE,FALSE,FALSE,FALSE,4,2,2,2_2,e5c89fcf-cc57-4fad-a138-ea47ee9ea225,NA
14,94030143,94030143,1,snv_mnv,NA,NA,"broad,muse,sanger",3,COSN15585104,NA,HERVH-int,FALSE,0.275,NA,11,29,NA,NA,NA,Intron,FALSE,FALSE,FALSE,FALSE,4,2,2,2_2,e5c89fcf-cc57-4fad-a138-ea47ee9ea225,NA
14,94593298,94593298,1,snv_mnv,NA,NA,"broad,dkfz,muse,sanger",4,COSN9620909,NA,MSTB,FALSE,0.4118,NA,14,20,NA,NA,NA,IGR,FALSE,FALSE,FALSE,FALSE,4,2,2,2_2,e5c89fcf-cc57-4fad-a138-ea47ee9ea225,IFI27L2
14,96591016,96591016,1,snv_mnv,NA,NA,"broad,dkfz,muse,sanger",4,COSN9621172,NA,AluSx,FALSE,0.3784,NA,14,23,NA,NA,NA,IGR,FALSE,FALSE,FALSE,FALSE,4,2,2,2_2,e5c89fcf-cc57-4fad-a138-ea47ee9ea225,NA
14,97840464,97840464,1,snv_mnv,NA,NA,"broad,dkfz,muse,sanger",4,COSN9621352,NA,NA,FALSE,0.2778,NA,15,39,NA,NA,NA,IGR,FALSE,FALSE,FALSE,FALSE,4,2,2,2_2,e5c89fcf-cc57-4fad-a138-ea47ee9ea225,NA
14,97917357,97917357,1,snv_mnv,NA,NA,"broad,dkfz,muse,sanger",4,COSN9621364,NA,L1ME4a,FALSE,0.2794,NA,19,49,NA,NA,NA,IGR,FALSE,FALSE,FALSE,FALSE,4,2,2,2_2,e5c89fcf-cc57-4fad-a138-ea47ee9ea225,NA
14,97970266,97970266,1,snv_mnv,NA,NA,"broad,dkfz,muse,sanger",4,COSN9621376,NA,MLT1A0,FALSE,0.35,NA,21,39,NA,NA,NA,IGR,FALSE,FALSE,FALSE,FALSE,4,2,2,2_2,e5c89fcf-cc57-4fad-a138-ea47ee9ea225,NA
14,99597511,99597511,1,snv_mnv,NA,NA,"broad,dkfz,muse,sanger",4,COSN9621640,NA,NA,FALSE,0.2593,NA,7,20,NA,NA,NA,IGR,FALSE,FALSE,FALSE,FALSE,4,2,2,2_2,e5c89fcf-cc57-4fad-a138-ea47ee9ea225,NA
14,103208554,103208554,1,snv_mnv,NA,NA,"broad,dkfz,muse,sanger",4,COSN9609945,NA,AluJb,FALSE,0.3235,NA,11,23,NA,NA,NA,IGR,FALSE,FALSE,FALSE,FALSE,4,2,2,2_2,e5c89fcf-cc57-4fad-a138-ea47ee9ea225,NA
15,23952222,23952222,1,snv_mnv,NA,NA,"broad,dkfz,muse,sanger",4,COSN9622380,NA,L1MDa,FALSE,0.3286,NA,23,47,NA,NA,NA,IGR,FALSE,FALSE,FALSE,FALSE,4,2,2,2_2,e5c89fcf-cc57-4fad-a138-ea47ee9ea225,NA
15,23979073,23979073,1,snv_mnv,NA,NA,"broad,dkfz,muse,sanger",4,COSN9622386,NA,NA,FALSE,0.254,NA,16,47,NA,NA,NA,IGR,FALSE,FALSE,FALSE,FALSE,4,2,2,2_2,e5c89fcf-cc57-4fad-a138-ea47ee9ea225,NA
15,24090046,24090046,1,snv_mnv,NA,NA,"broad,dkfz,muse,sanger",4,COSN9622419,NA,L1ME1,FALSE,0.3659,NA,15,26,NA,NA,NA,IGR,FALSE,FALSE,FALSE,FALSE,4,2,2,2_2,e5c89fcf-cc57-4fad-a138-ea47ee9ea225,NA
15,24168539,24168539,1,snv_mnv,NA,NA,"broad,dkfz,muse,sanger",4,COSN9622446,NA,L1MC3,FALSE,0.3443,NA,21,40,NA,NA,NA,lincRNA,FALSE,FALSE,FALSE,FALSE,4,2,2,2_2,e5c89fcf-cc57-4fad-a138-ea47ee9ea225,NA
15,25125969,25125969,1,snv_mnv,NA,NA,"broad,dkfz,muse,sanger",4,COSN15585272,NA,AluSq10,FALSE,0.2963,NA,8,19,NA,NA,NA,Intron,FALSE,FALSE,FALSE,FALSE,4,2,2,2_2,e5c89fcf-cc57-4fad-a138-ea47ee9ea225,NA
15,25464962,25464962,1,snv_mnv,NA,NA,"broad,dkfz,muse,sanger",4,COSN9622761,NA,NA,FALSE,0.4138,NA,12,17,NA,NA,NA,RNA,FALSE,FALSE,FALSE,FALSE,4,2,2,2_2,e5c89fcf-cc57-4fad-a138-ea47ee9ea225,"SNORD115-26,SNORD115-25,SNORD115-28,SNORD115-29,SNORD115-27"
15,25883957,25883957,1,snv_mnv,NA,NA,"dkfz,muse,sanger",3,COSN9622833,NA,HERVK9-int,FALSE,0.3404,NA,16,31,NA,NA,NA,IGR,FALSE,FALSE,FALSE,FALSE,4,2,2,2_2,e5c89fcf-cc57-4fad-a138-ea47ee9ea225,NA
15,26422401,26422401,1,snv_mnv,NA,NA,"broad,dkfz,muse,sanger",4,COSN9622947,NA,NA,FALSE,0.2593,NA,7,20,NA,NA,NA,IGR,FALSE,FALSE,FALSE,FALSE,4,2,2,2_2,e5c89fcf-cc57-4fad-a138-ea47ee9ea225,NA
15,27307992,27307992,1,snv_mnv,NA,NA,"broad,dkfz,muse,sanger",4,COSN9623107,NA,NA,FALSE,0.1579,NA,9,48,NA,NA,NA,Intron,FALSE,FALSE,FALSE,FALSE,4,2,2,2_2,e5c89fcf-cc57-4fad-a138-ea47ee9ea225,NA
15,28205704,28205704,1,snv_mnv,NA,NA,"broad,dkfz,muse,sanger",4,COSN9623238,NA,NA,FALSE,0.4,NA,18,27,NA,NA,NA,Intron,FALSE,FALSE,FALSE,FALSE,4,2,2,2_2,e5c89fcf-cc57-4fad-a138-ea47ee9ea225,NA
15,30020549,30020549,1,snv_mnv,NA,NA,"broad,dkfz,muse,sanger",4,COSN9623448,NA,Charlie17a,FALSE,0.3171,NA,13,28,NA,NA,NA,Intron,FALSE,FALSE,FALSE,FALSE,4,2,2,2_2,e5c89fcf-cc57-4fad-a138-ea47ee9ea225,"TJP1,HMGN2P5"
15,31169372,31169372,1,snv_mnv,NA,NA,"broad,dkfz,muse,sanger",4,COSN9623534,NA,MER77,FALSE,0.25,NA,14,42,NA,NA,NA,IGR,FALSE,FALSE,FALSE,FALSE,4,2,2,2_2,e5c89fcf-cc57-4fad-a138-ea47ee9ea225,NA
15,32313105,32313105,1,snv_mnv,NA,NA,"broad,dkfz,muse,sanger",4,COSN9623704,NA,AluSq2,FALSE,0.1967,NA,12,49,NA,NA,NA,IGR,FALSE,FALSE,FALSE,FALSE,4,2,2,2_2,e5c89fcf-cc57-4fad-a138-ea47ee9ea225,NA
15,33201643,33201643,1,snv_mnv,NA,NA,"broad,dkfz,muse,sanger",4,COSN9623760,NA,NA,FALSE,0.2222,NA,12,42,NA,NA,NA,Intron,FALSE,FALSE,FALSE,FALSE,4,2,2,2_2,e5c89fcf-cc57-4fad-a138-ea47ee9ea225,NA
15,33702218,33702218,1,snv_mnv,NA,NA,"broad,dkfz,muse,sanger",4,COSN9623828,NA,NA,FALSE,0.2593,NA,14,40,NA,NA,NA,Intron,FALSE,FALSE,FALSE,FALSE,4,2,2,2_2,e5c89fcf-cc57-4fad-a138-ea47ee9ea225,NA
15,34009472,34009472,1,snv_mnv,NA,NA,"broad,dkfz,muse,sanger",4,COSN9623879,NA,L2,FALSE,0.2742,NA,17,45,NA,NA,NA,Intron,FALSE,FALSE,FALSE,FALSE,4,2,2,2_2,e5c89fcf-cc57-4fad-a138-ea47ee9ea225,NA
15,36469061,36469061,1,snv_mnv,NA,NA,"broad,dkfz,muse,sanger",4,COSN9624157,NA,NA,FALSE,0.2329,NA,17,56,NA,NA,NA,lincRNA,FALSE,FALSE,FALSE,FALSE,4,2,2,2_2,e5c89fcf-cc57-4fad-a138-ea47ee9ea225,NA
15,36991534,36991534,1,snv_mnv,NA,NA,"broad,dkfz,muse,sanger",4,COSN9624228,NA,NA,FALSE,0.2532,NA,20,59,NA,NA,NA,Intron,FALSE,FALSE,FALSE,FALSE,4,2,2,2_2,e5c89fcf-cc57-4fad-a138-ea47ee9ea225,C15orf41
15,37145807,37145807,1,snv_mnv,NA,NA,"broad,dkfz,muse,sanger",4,COSN9624250,rs761696433,MER44A,FALSE,0.2667,NA,16,44,NA,NA,NA,RNA,FALSE,FALSE,FALSE,FALSE,4,2,2,2_2,e5c89fcf-cc57-4fad-a138-ea47ee9ea225,RF00012
15,37586821,37586821,1,snv_mnv,NA,NA,"broad,dkfz,muse,sanger",4,COSN9624329,NA,L1ME4a,FALSE,0.2778,NA,15,39,NA,NA,NA,IGR,FALSE,FALSE,FALSE,FALSE,4,2,2,2_2,e5c89fcf-cc57-4fad-a138-ea47ee9ea225,NA
15,37845474,37845474,1,snv_mnv,NA,NA,"broad,dkfz,muse,sanger",4,COSN9624375,NA,L1MEg,FALSE,0.2708,NA,13,35,NA,NA,NA,IGR,FALSE,FALSE,FALSE,FALSE,4,2,2,2_2,e5c89fcf-cc57-4fad-a138-ea47ee9ea225,NA
15,37845475,37845475,1,snv_mnv,NA,NA,"broad,dkfz,muse,sanger",4,COSN9624376,NA,L1MEg,FALSE,0.2708,NA,13,35,NA,NA,NA,IGR,FALSE,FALSE,FALSE,FALSE,4,2,2,2_2,e5c89fcf-cc57-4fad-a138-ea47ee9ea225,NA
15,38021849,38021849,1,snv_mnv,NA,NA,"broad,dkfz,muse,sanger",4,COSN9624408,NA,NA,FALSE,0.2727,NA,15,40,NA,NA,NA,IGR,FALSE,FALSE,FALSE,FALSE,4,2,2,2_2,e5c89fcf-cc57-4fad-a138-ea47ee9ea225,NA
15,38141188,38141188,1,snv_mnv,NA,NA,"broad,dkfz,muse,sanger",4,COSN9624420,NA,NA,FALSE,0.2889,NA,13,32,NA,NA,NA,IGR,FALSE,FALSE,FALSE,FALSE,4,2,2,2_2,e5c89fcf-cc57-4fad-a138-ea47ee9ea225,NA
15,38141189,38141189,1,snv_mnv,NA,NA,"broad,dkfz,muse,sanger",4,COSN9624421,NA,NA,FALSE,0.2889,NA,13,32,NA,NA,NA,IGR,FALSE,FALSE,FALSE,FALSE,4,2,2,2_2,e5c89fcf-cc57-4fad-a138-ea47ee9ea225,NA
15,40450382,40450382,1,snv_mnv,NA,NA,"broad,dkfz,muse,sanger",4,COSN9624668,NA,NA,FALSE,0.2955,NA,13,31,NA,NA,NA,5'Flank,FALSE,FALSE,FALSE,FALSE,4,2,2,2_2,e5c89fcf-cc57-4fad-a138-ea47ee9ea225,BUB1B
15,43283794,43283794,1,snv_mnv,NA,NA,"broad,dkfz,muse,sanger",4,COSN9624942,NA,L1MEf,FALSE,0.3571,NA,20,36,NA,NA,NA,Intron,FALSE,FALSE,FALSE,FALSE,4,2,2,2_2,e5c89fcf-cc57-4fad-a138-ea47ee9ea225,NA
15,44205361,44205361,1,snv_mnv,NA,NA,"broad,dkfz,muse,sanger",4,COSN9625034,NA,NA,FALSE,0.2045,NA,9,35,NA,NA,NA,Intron,FALSE,FALSE,FALSE,FALSE,4,2,2,2_2,e5c89fcf-cc57-4fad-a138-ea47ee9ea225,FRMD5
15,45599357,45599357,1,snv_mnv,NA,NA,"broad,dkfz,muse,sanger",4,COSN9625183,NA,HAL1,FALSE,0.2903,NA,18,44,NA,NA,NA,IGR,FALSE,FALSE,FALSE,FALSE,4,2,2,2_2,e5c89fcf-cc57-4fad-a138-ea47ee9ea225,NA
15,45845821,45845821,1,snv_mnv,NA,NA,"broad,dkfz,muse,sanger",4,COSN9625209,rs140143308,NA,FALSE,0.2632,NA,10,28,NA,NA,NA,RNA,FALSE,FALSE,FALSE,FALSE,4,2,2,2_2,e5c89fcf-cc57-4fad-a138-ea47ee9ea225,"AC090527.1,HMGN2P46"
15,46431002,46431002,1,snv_mnv,NA,NA,"broad,dkfz,muse,sanger",4,COSN9625280,NA,NA,FALSE,0.2245,NA,11,38,NA,NA,NA,IGR,FALSE,FALSE,FALSE,FALSE,4,2,2,2_2,e5c89fcf-cc57-4fad-a138-ea47ee9ea225,NA
15,46890389,46890389,1,snv_mnv,NA,NA,"broad,dkfz,muse,sanger",4,COSN9625371,NA,MER6,FALSE,0.125,NA,6,42,NA,NA,NA,IGR,FALSE,FALSE,FALSE,FALSE,4,2,2,2_2,e5c89fcf-cc57-4fad-a138-ea47ee9ea225,NA
15,47015889,47015889,1,snv_mnv,NA,NA,"broad,dkfz,muse,sanger",4,COSN9625405,NA,L1MD1,FALSE,0.275,NA,22,58,NA,NA,NA,lincRNA,FALSE,FALSE,FALSE,FALSE,4,2,2,2_2,e5c89fcf-cc57-4fad-a138-ea47ee9ea225,RN7SKP101
15,47561296,47561296,1,snv_mnv,NA,NA,"broad,dkfz,muse,sanger",4,COSN9625529,NA,NA,FALSE,0.3377,NA,26,51,NA,NA,NA,Intron,FALSE,FALSE,FALSE,FALSE,4,2,2,2_2,e5c89fcf-cc57-4fad-a138-ea47ee9ea225,RN7SKP139
15,47741773,47741773,1,snv_mnv,NA,NA,"broad,dkfz,muse,sanger",4,COSN9625583,NA,NA,FALSE,0.2237,NA,17,59,NA,NA,NA,Intron,FALSE,FALSE,FALSE,FALSE,4,2,2,2_2,e5c89fcf-cc57-4fad-a138-ea47ee9ea225,NA
15,47889745,47889745,1,snv_mnv,NA,NA,"broad,dkfz,muse,sanger",4,COSN9625616,NA,L1MA7,FALSE,0.3793,NA,22,36,NA,NA,NA,Intron,FALSE,FALSE,FALSE,FALSE,4,2,2,2_2,e5c89fcf-cc57-4fad-a138-ea47ee9ea225,NA
15,48037590,48037590,1,snv_mnv,3.9936e-4,rs545715275,"broad,dkfz,muse,sanger",4,COSN9625650,rs545715275,MIR,FALSE,0.25,NA,10,30,NA,NA,NA,Intron,FALSE,FALSE,FALSE,FALSE,4,2,2,2_2,e5c89fcf-cc57-4fad-a138-ea47ee9ea225,NA
15,48553808,48553808,1,snv_mnv,NA,NA,"broad,dkfz,muse,sanger",4,COSN15585071,NA,NA,FALSE,0.2222,NA,12,42,NA,NA,NA,Intron,FALSE,FALSE,FALSE,FALSE,4,2,2,2_2,e5c89fcf-cc57-4fad-a138-ea47ee9ea225,NA
15,50138364,50138364,1,snv_mnv,NA,NA,"broad,dkfz,muse,sanger",4,COSN9625916,NA,MER5B,FALSE,0.3125,NA,20,44,NA,NA,NA,IGR,FALSE,FALSE,FALSE,FALSE,4,2,2,2_2,e5c89fcf-cc57-4fad-a138-ea47ee9ea225,NA
15,51481482,51481482,1,snv_mnv,NA,NA,"broad,dkfz,muse,sanger",4,COSN15584923,NA,AluJo,FALSE,0.2308,NA,12,40,NA,NA,NA,lincRNA,FALSE,FALSE,FALSE,FALSE,4,2,2,2_2,e5c89fcf-cc57-4fad-a138-ea47ee9ea225,NA
15,51871121,51871121,1,snv_mnv,NA,NA,"broad,dkfz,muse,sanger",4,COSN9626116,NA,AluJb,FALSE,0.2791,NA,12,31,NA,NA,NA,Intron,FALSE,FALSE,FALSE,FALSE,4,2,2,2_2,e5c89fcf-cc57-4fad-a138-ea47ee9ea225,NA
15,53038937,53038937,1,snv_mnv,NA,NA,"broad,dkfz,muse,sanger",4,COSN9626241,NA,MER41E,FALSE,0.2292,NA,11,37,NA,NA,NA,IGR,FALSE,FALSE,FALSE,FALSE,4,2,2,2_2,e5c89fcf-cc57-4fad-a138-ea47ee9ea225,NA
15,53745109,53745109,1,snv_mnv,NA,NA,"broad,dkfz,muse,sanger",4,COSN9626353,NA,NA,FALSE,0.274,NA,20,53,NA,NA,NA,IGR,FALSE,FALSE,FALSE,FALSE,4,2,2,2_2,e5c89fcf-cc57-4fad-a138-ea47ee9ea225,NA
15,54541199,54541199,1,snv_mnv,NA,NA,"broad,dkfz,muse,sanger",4,COSN9626457,NA,NA,FALSE,0.2174,NA,15,54,NA,NA,NA,Intron,FALSE,FALSE,FALSE,FALSE,4,2,2,2_2,e5c89fcf-cc57-4fad-a138-ea47ee9ea225,NA
15,54901193,54901193,1,snv_mnv,NA,NA,"broad,dkfz,muse,sanger",4,COSN9626508,NA,NA,FALSE,0.2642,NA,14,39,NA,NA,NA,Intron,FALSE,FALSE,FALSE,FALSE,4,2,2,2_2,e5c89fcf-cc57-4fad-a138-ea47ee9ea225,UNC13C
15,55052089,55052089,1,snv_mnv,NA,NA,"broad,dkfz,muse,sanger",4,COSN9626535,NA,L1MA1,FALSE,0.3425,NA,25,48,NA,NA,NA,IGR,FALSE,FALSE,FALSE,FALSE,4,2,2,2_2,e5c89fcf-cc57-4fad-a138-ea47ee9ea225,NA
15,55130156,55130156,1,snv_mnv,NA,NA,"broad,dkfz,muse,sanger",4,COSN9626544,NA,L1M5,FALSE,0.2281,NA,13,44,NA,NA,NA,IGR,FALSE,FALSE,FALSE,FALSE,4,2,2,2_2,e5c89fcf-cc57-4fad-a138-ea47ee9ea225,NA
15,55819848,55819848,1,snv_mnv,NA,NA,"broad,dkfz,muse,sanger",4,COSN9626632,NA,AluJr4,FALSE,0.2222,NA,10,35,NA,NA,NA,IGR,FALSE,FALSE,FALSE,FALSE,4,2,2,2_2,e5c89fcf-cc57-4fad-a138-ea47ee9ea225,NA
15,56299973,56299973,1,snv_mnv,NA,NA,"broad,dkfz,muse,sanger",4,COSN9626695,NA,AluSx3,FALSE,0.2553,NA,12,35,NA,NA,NA,IGR,FALSE,FALSE,FALSE,FALSE,4,2,2,2_2,e5c89fcf-cc57-4fad-a138-ea47ee9ea225,CNOT6LP1
15,56617661,56617661,1,snv_mnv,NA,NA,"broad,dkfz,muse,sanger",4,COSN9626727,NA,NA,FALSE,0.358,NA,29,52,NA,NA,NA,IGR,FALSE,FALSE,FALSE,FALSE,4,2,2,2_2,e5c89fcf-cc57-4fad-a138-ea47ee9ea225,HMGB1P33
15,57030204,57030204,1,snv_mnv,NA,NA,"broad,dkfz,muse,sanger",4,COSN9626763,NA,MLT1J2,FALSE,0.3158,NA,18,39,NA,NA,NA,Intron,FALSE,FALSE,FALSE,FALSE,4,2,2,2_2,e5c89fcf-cc57-4fad-a138-ea47ee9ea225,ZNF280D
15,57661213,57661213,1,snv_mnv,NA,NA,"broad,dkfz,muse,sanger",4,COSN9626852,NA,NA,FALSE,0.2727,NA,9,24,NA,NA,NA,IGR,FALSE,FALSE,FALSE,FALSE,4,2,2,2_2,e5c89fcf-cc57-4fad-a138-ea47ee9ea225,NA
15,58045673,58045673,1,snv_mnv,NA,NA,"broad,dkfz,muse,sanger",4,COSN9626910,NA,NA,FALSE,0.2632,NA,15,42,NA,NA,NA,IGR,FALSE,FALSE,FALSE,FALSE,4,2,2,2_2,e5c89fcf-cc57-4fad-a138-ea47ee9ea225,POLR2M
15,58400717,58400717,1,snv_mnv,NA,NA,"broad,dkfz,muse,sanger",4,COSN9626974,NA,NA,FALSE,0.2791,NA,12,31,NA,NA,NA,Intron,FALSE,FALSE,FALSE,FALSE,4,2,2,2_2,e5c89fcf-cc57-4fad-a138-ea47ee9ea225,NA
15,62312409,62312409,1,snv_mnv,NA,NA,"broad,dkfz,muse,sanger",4,COSN9627464,NA,NA,FALSE,0.3265,NA,16,33,NA,NA,NA,Intron,FALSE,FALSE,FALSE,FALSE,4,2,2,2_2,e5c89fcf-cc57-4fad-a138-ea47ee9ea225,NA
15,63130885,63130885,1,snv_mnv,NA,NA,"broad,dkfz,muse,sanger",4,COSN9627559,NA,NA,FALSE,0.2727,NA,12,32,NA,NA,NA,Intron,FALSE,FALSE,FALSE,FALSE,4,2,2,2_2,e5c89fcf-cc57-4fad-a138-ea47ee9ea225,AC103740.1
15,64857842,64857842,1,snv_mnv,NA,NA,"broad,dkfz,muse,sanger",4,COSN9627736,NA,NA,FALSE,0.2381,NA,15,48,NA,NA,NA,Intron,FALSE,FALSE,FALSE,FALSE,4,2,2,2_2,e5c89fcf-cc57-4fad-a138-ea47ee9ea225,NA
15,65636201,65636201,1,snv_mnv,1.9968e-4,rs563263562,"broad,dkfz,muse,sanger",4,COSN9627827,rs563263562,NA,FALSE,0.3056,NA,11,25,NA,NA,NA,Intron,FALSE,FALSE,FALSE,FALSE,4,2,2,2_2,e5c89fcf-cc57-4fad-a138-ea47ee9ea225,NA
15,69205748,69205748,1,snv_mnv,NA,NA,"broad,dkfz,muse,sanger",4,COSN9638139,NA,NA,FALSE,0.2545,NA,14,41,NA,NA,NA,Intron,FALSE,FALSE,FALSE,FALSE,4,2,2,2_2,e5c89fcf-cc57-4fad-a138-ea47ee9ea225,NA
15,70084577,70084577,1,snv_mnv,NA,NA,"broad,dkfz,muse,sanger",4,COSN9638257,NA,NA,FALSE,0.2586,NA,15,43,NA,NA,NA,IGR,FALSE,FALSE,FALSE,FALSE,4,2,2,2_2,e5c89fcf-cc57-4fad-a138-ea47ee9ea225,NA
15,71865849,71865849,1,snv_mnv,NA,NA,"broad,dkfz,muse,sanger",4,COSN9638495,NA,NA,FALSE,0.2667,NA,16,44,NA,NA,NA,Intron,FALSE,FALSE,FALSE,FALSE,4,2,2,2_2,e5c89fcf-cc57-4fad-a138-ea47ee9ea225,NA
15,72262185,72262185,1,snv_mnv,NA,NA,"broad,dkfz,muse,sanger",4,COSN9638545,NA,NA,FALSE,0.3043,NA,21,48,NA,NA,NA,Intron,FALSE,FALSE,FALSE,FALSE,4,2,2,2_2,e5c89fcf-cc57-4fad-a138-ea47ee9ea225,"MYO9A,AC022872.1"
15,76031840,76031840,1,snv_mnv,NA,NA,"broad,dkfz,muse,sanger",4,COSN9638965,NA,AluJr4,FALSE,0.2564,NA,10,29,NA,NA,NA,IGR,FALSE,FALSE,FALSE,FALSE,4,2,2,2_2,e5c89fcf-cc57-4fad-a138-ea47ee9ea225,DNM1P35
15,79077987,79077987,1,snv_mnv,NA,NA,"broad,muse,sanger",3,COSN9639322,NA,HAL1,FALSE,0.3396,NA,18,35,NA,NA,NA,Intron,FALSE,FALSE,FALSE,FALSE,4,2,2,2_2,e5c89fcf-cc57-4fad-a138-ea47ee9ea225,NA
15,80296390,80296390,1,snv_mnv,NA,NA,"broad,dkfz,muse,sanger",4,COSN9639483,NA,NA,FALSE,0.303,NA,10,23,NA,NA,NA,IGR,FALSE,FALSE,FALSE,FALSE,4,2,2,2_2,e5c89fcf-cc57-4fad-a138-ea47ee9ea225,NA
15,80532616,80532616,1,snv_mnv,NA,NA,"broad,dkfz,muse,sanger",4,COSN9639522,NA,Arthur1B,FALSE,0.3056,NA,11,25,NA,NA,NA,lincRNA,FALSE,FALSE,FALSE,FALSE,4,2,2,2_2,e5c89fcf-cc57-4fad-a138-ea47ee9ea225,NA
15,81627654,81627654,1,snv_mnv,NA,NA,"broad,dkfz,muse,sanger",4,COSN15584954,NA,NA,FALSE,0.2549,NA,13,38,NA,NA,NA,Intron,FALSE,FALSE,FALSE,FALSE,4,2,2,2_2,e5c89fcf-cc57-4fad-a138-ea47ee9ea225,"TMC3,AC103858.2"
15,82082972,82082972,1,snv_mnv,NA,NA,"broad,dkfz,muse,sanger",4,COSN9639728,NA,NA,FALSE,0.2222,NA,18,63,NA,NA,NA,lincRNA,FALSE,FALSE,FALSE,FALSE,4,2,2,2_2,e5c89fcf-cc57-4fad-a138-ea47ee9ea225,NA
15,83939994,83939994,1,snv_mnv,NA,NA,"broad,dkfz,muse,sanger",4,COSN9639922,NA,AluSx,FALSE,0.2097,NA,13,49,NA,NA,NA,Intron,FALSE,FALSE,FALSE,FALSE,4,2,2,2_2,e5c89fcf-cc57-4fad-a138-ea47ee9ea225,NA
15,85590937,85590937,1,snv_mnv,NA,NA,"broad,dkfz,muse,sanger",4,COSN9640132,NA,NA,FALSE,0.2391,NA,11,35,NA,NA,NA,Intron,FALSE,FALSE,FALSE,FALSE,4,2,2,2_2,e5c89fcf-cc57-4fad-a138-ea47ee9ea225,NA
15,87340229,87340229,1,snv_mnv,NA,NA,"broad,dkfz,muse,sanger",4,COSN9640417,NA,MIRb,FALSE,0.2281,NA,13,44,NA,NA,NA,Intron,FALSE,FALSE,FALSE,FALSE,4,2,2,2_2,e5c89fcf-cc57-4fad-a138-ea47ee9ea225,NA
15,87519780,87519780,1,snv_mnv,NA,NA,"broad,dkfz,muse,sanger",4,COSN9640467,NA,L1ME4a,FALSE,0.3433,NA,23,44,NA,NA,NA,Intron,FALSE,FALSE,FALSE,FALSE,4,2,2,2_2,e5c89fcf-cc57-4fad-a138-ea47ee9ea225,NA
15,87620545,87620545,1,snv_mnv,NA,NA,"broad,dkfz,muse,sanger",4,COSN9640501,NA,NA,FALSE,0.2222,NA,12,42,NA,NA,NA,IGR,FALSE,FALSE,FALSE,FALSE,4,2,2,2_2,e5c89fcf-cc57-4fad-a138-ea47ee9ea225,NA
15,87661527,87661527,1,snv_mnv,NA,NA,"broad,dkfz,muse,sanger",4,COSN9640513,NA,NA,FALSE,0.2692,NA,21,57,NA,NA,NA,IGR,FALSE,FALSE,FALSE,FALSE,4,2,2,2_2,e5c89fcf-cc57-4fad-a138-ea47ee9ea225,NA
15,87766638,87766638,1,snv_mnv,NA,NA,"broad,dkfz,muse,sanger",4,COSN9640539,NA,NA,FALSE,0.2456,NA,14,43,NA,NA,NA,IGR,FALSE,FALSE,FALSE,FALSE,4,2,2,2_2,e5c89fcf-cc57-4fad-a138-ea47ee9ea225,NA
15,88079369,88079369,1,snv_mnv,NA,NA,"broad,dkfz,muse,sanger",4,COSN9640613,NA,NA,FALSE,0.2615,NA,17,48,NA,NA,NA,lincRNA,FALSE,FALSE,FALSE,FALSE,4,2,2,2_2,e5c89fcf-cc57-4fad-a138-ea47ee9ea225,NA
15,88931455,88931455,1,snv_mnv,NA,NA,"broad,dkfz,muse,sanger",4,COSN9640806,NA,NA,FALSE,0.3214,NA,9,19,NA,NA,NA,IGR,FALSE,FALSE,FALSE,FALSE,4,2,2,2_2,e5c89fcf-cc57-4fad-a138-ea47ee9ea225,NA
15,89009618,89009618,1,snv_mnv,NA,NA,"broad,dkfz,muse,sanger",4,COSN9640812,NA,L2a,FALSE,0.3467,NA,26,49,NA,NA,NA,Intron,FALSE,FALSE,FALSE,FALSE,4,2,2,2_2,e5c89fcf-cc57-4fad-a138-ea47ee9ea225,"MRPS11,MRPL46"
15,89474613,89474613,1,snv_mnv,NA,NA,"broad,dkfz,muse,sanger",4,COSN9640879,NA,L2,FALSE,0.2895,NA,11,27,NA,NA,NA,IGR,FALSE,FALSE,FALSE,FALSE,4,2,2,2_2,e5c89fcf-cc57-4fad-a138-ea47ee9ea225,NA
15,92178289,92178289,1,snv_mnv,NA,NA,"broad,dkfz,muse,sanger",4,COSN9641199,NA,NA,FALSE,0.3158,NA,12,26,NA,NA,NA,IGR,FALSE,FALSE,FALSE,FALSE,4,2,2,2_2,e5c89fcf-cc57-4fad-a138-ea47ee9ea225,NA
15,93199263,93199263,1,snv_mnv,NA,NA,"broad,dkfz,muse,sanger",4,COSN9641345,NA,MIRb,FALSE,0.3469,NA,17,32,NA,NA,NA,5'Flank,FALSE,FALSE,FALSE,FALSE,4,2,2,2_2,e5c89fcf-cc57-4fad-a138-ea47ee9ea225,FAM174B
15,94416078,94416078,1,snv_mnv,NA,NA,"broad,dkfz,muse,sanger",4,COSN9641567,NA,L2,FALSE,0.2632,NA,15,42,NA,NA,NA,lincRNA,FALSE,FALSE,FALSE,FALSE,4,2,2,2_2,e5c89fcf-cc57-4fad-a138-ea47ee9ea225,LINC01579
15,94680650,94680650,1,snv_mnv,NA,NA,"broad,dkfz,muse,sanger",4,COSN9641609,NA,THE1D,FALSE,0.3559,NA,21,38,NA,NA,NA,IGR,FALSE,FALSE,FALSE,FALSE,4,2,2,2_2,e5c89fcf-cc57-4fad-a138-ea47ee9ea225,NA
15,94917201,94917201,1,snv_mnv,NA,NA,"broad,dkfz,muse,sanger",4,COSN9641650,NA,NA,FALSE,0.2892,NA,24,59,NA,NA,NA,Intron,FALSE,FALSE,FALSE,FALSE,4,2,2,2_2,e5c89fcf-cc57-4fad-a138-ea47ee9ea225,NA
15,95142618,95142618,1,snv_mnv,NA,NA,"broad,dkfz,muse,sanger",4,COSN9641684,NA,MER44B,FALSE,0.2034,NA,12,47,NA,NA,NA,lincRNA,FALSE,FALSE,FALSE,FALSE,4,2,2,2_2,e5c89fcf-cc57-4fad-a138-ea47ee9ea225,AC009432.1
15,95264034,95264034,1,snv_mnv,NA,NA,"broad,dkfz,muse,sanger",4,COSN9641706,NA,NA,FALSE,0.2286,NA,16,54,NA,NA,NA,IGR,FALSE,FALSE,FALSE,FALSE,4,2,2,2_2,e5c89fcf-cc57-4fad-a138-ea47ee9ea225,NA
15,95747861,95747861,1,snv_mnv,NA,NA,"broad,dkfz,muse,sanger",4,COSN9641831,NA,HERVL-int,FALSE,0.2405,NA,19,60,NA,NA,NA,IGR,FALSE,FALSE,FALSE,FALSE,4,2,2,2_2,e5c89fcf-cc57-4fad-a138-ea47ee9ea225,LINC01197
15,95776729,95776729,1,snv_mnv,NA,NA,"broad,dkfz,muse,sanger",4,COSN9641839,NA,HAL1,FALSE,0.2034,NA,12,47,NA,NA,NA,IGR,FALSE,FALSE,FALSE,FALSE,4,2,2,2_2,e5c89fcf-cc57-4fad-a138-ea47ee9ea225,NA
15,96016244,96016244,1,snv_mnv,NA,NA,"broad,dkfz,muse,sanger",4,COSN9641885,NA,NA,FALSE,0.2903,NA,18,44,NA,NA,NA,lincRNA,FALSE,FALSE,FALSE,FALSE,4,2,2,2_2,e5c89fcf-cc57-4fad-a138-ea47ee9ea225,NA
15,96435018,96435018,1,snv_mnv,NA,NA,"broad,dkfz,muse,sanger",4,COSN9641954,NA,AluSz,FALSE,0.2791,NA,12,31,NA,NA,NA,IGR,FALSE,FALSE,FALSE,FALSE,4,2,2,2_2,e5c89fcf-cc57-4fad-a138-ea47ee9ea225,NA
15,97176480,97176480,1,snv_mnv,NA,NA,"broad,dkfz,muse,sanger",4,COSN9642072,NA,NA,FALSE,0.2329,NA,17,56,NA,NA,NA,IGR,FALSE,FALSE,FALSE,FALSE,4,2,2,2_2,e5c89fcf-cc57-4fad-a138-ea47ee9ea225,NA
15,97221103,97221103,1,snv_mnv,NA,NA,"broad,dkfz,muse,sanger",4,COSN9642079,NA,NA,FALSE,0.2857,NA,18,45,NA,NA,NA,IGR,FALSE,FALSE,FALSE,FALSE,4,2,2,2_2,e5c89fcf-cc57-4fad-a138-ea47ee9ea225,NA
15,98162433,98162433,1,snv_mnv,NA,NA,"broad,dkfz,muse,sanger",4,COSN9642282,NA,NA,FALSE,0.322,NA,19,40,NA,NA,NA,IGR,FALSE,FALSE,FALSE,FALSE,4,2,2,2_2,e5c89fcf-cc57-4fad-a138-ea47ee9ea225,NA
15,99016734,99016734,1,snv_mnv,NA,NA,"broad,dkfz,muse,sanger",4,COSN9642436,NA,NA,FALSE,0.2692,NA,14,38,NA,NA,NA,Intron,FALSE,FALSE,FALSE,FALSE,4,2,2,2_2,e5c89fcf-cc57-4fad-a138-ea47ee9ea225,NA
15,100121728,100121728,1,snv_mnv,NA,NA,"broad,dkfz,muse,sanger",4,COSN9621686,NA,NA,FALSE,0.2069,NA,12,46,NA,NA,NA,Intron,FALSE,FALSE,FALSE,FALSE,4,2,2,2_2,e5c89fcf-cc57-4fad-a138-ea47ee9ea225,NA
15,100135431,100135431,1,snv_mnv,NA,NA,"broad,dkfz,muse",3,COSN9621688,NA,MIRb,FALSE,0.2031,NA,13,51,NA,NA,NA,Intron,FALSE,FALSE,FALSE,FALSE,4,2,2,2_2,e5c89fcf-cc57-4fad-a138-ea47ee9ea225,NA
15,100648853,100648853,1,snv_mnv,NA,NA,"broad,dkfz,muse,sanger",4,COSN9621743,NA,NA,FALSE,0.3548,NA,11,20,NA,NA,NA,Intron,FALSE,FALSE,FALSE,FALSE,4,2,2,2_2,e5c89fcf-cc57-4fad-a138-ea47ee9ea225,NA
15,100936059,100936059,1,snv_mnv,NA,NA,"broad,dkfz,muse,sanger",4,COSN9621787,NA,AluSq,FALSE,0.2889,NA,13,32,NA,NA,NA,RNA,FALSE,FALSE,FALSE,FALSE,4,2,2,2_2,e5c89fcf-cc57-4fad-a138-ea47ee9ea225,"CERS3,CERS3-AS1"
15,102016855,102016855,1,snv_mnv,NA,NA,"broad,dkfz,muse,sanger",4,COSN9621906,NA,L1MC4a,FALSE,0.2623,NA,16,45,NA,NA,NA,Intron,FALSE,FALSE,FALSE,FALSE,4,2,2,2_2,e5c89fcf-cc57-4fad-a138-ea47ee9ea225,NA
16,4273649,4273649,1,snv_mnv,NA,NA,"broad,dkfz,muse,sanger",4,COSN9646659,NA,AluJo,FALSE,0.32,NA,8,17,NA,NA,NA,Intron,FALSE,FALSE,FALSE,FALSE,4,2,2,2_2,e5c89fcf-cc57-4fad-a138-ea47ee9ea225,NA
16,4336041,4336041,1,snv_mnv,NA,NA,"broad,dkfz,muse,sanger",4,COSN9646667,NA,AluSx,FALSE,0.25,NA,7,21,NA,NA,NA,IGR,FALSE,FALSE,FALSE,FALSE,4,2,2,2_2,e5c89fcf-cc57-4fad-a138-ea47ee9ea225,NA
16,4417658,4417658,1,snv_mnv,NA,NA,"broad,dkfz,muse,sanger",4,COSN9646676,NA,L2b,FALSE,0.3158,NA,12,26,NA,NA,NA,Intron,FALSE,FALSE,FALSE,FALSE,4,2,2,2_2,e5c89fcf-cc57-4fad-a138-ea47ee9ea225,"CORO7,VASN"
16,4570738,4570738,1,snv_mnv,NA,NA,"broad,dkfz,muse,sanger",4,COSN9646689,NA,Charlie1a,FALSE,0.2727,NA,12,32,NA,NA,NA,Intron,FALSE,FALSE,FALSE,FALSE,4,2,2,2_2,e5c89fcf-cc57-4fad-a138-ea47ee9ea225,CDIP1
16,5841491,5841491,1,snv_mnv,NA,NA,"broad,dkfz,muse,sanger",4,COSN9648756,NA,L2b,FALSE,0.2549,NA,13,38,NA,NA,NA,RNA,FALSE,FALSE,FALSE,FALSE,4,2,2,2_2,e5c89fcf-cc57-4fad-a138-ea47ee9ea225,NA
16,6364934,6364934,1,snv_mnv,NA,NA,"broad,dkfz,muse,sanger",4,COSN9650587,NA,NA,FALSE,0.25,NA,15,45,NA,NA,NA,Intron,FALSE,FALSE,FALSE,FALSE,4,2,2,2_2,e5c89fcf-cc57-4fad-a138-ea47ee9ea225,NA
16,6663468,6663468,1,snv_mnv,NA,NA,"broad,dkfz,muse,sanger",4,COSN9651292,NA,NA,FALSE,0.2281,NA,13,44,NA,NA,NA,Intron,FALSE,FALSE,FALSE,FALSE,4,2,2,2_2,e5c89fcf-cc57-4fad-a138-ea47ee9ea225,NA
16,7957894,7957894,1,snv_mnv,NA,NA,"broad,dkfz,muse,sanger",4,COSN9653317,NA,L1MA2,FALSE,0.194,NA,13,54,NA,NA,NA,IGR,FALSE,FALSE,FALSE,FALSE,4,2,2,2_2,e5c89fcf-cc57-4fad-a138-ea47ee9ea225,NA
16,8084754,8084754,1,snv_mnv,NA,NA,"broad,dkfz,muse,sanger",4,COSN9653513,NA,NA,FALSE,0.2632,NA,10,28,NA,NA,NA,IGR,FALSE,FALSE,FALSE,FALSE,4,2,2,2_2,e5c89fcf-cc57-4fad-a138-ea47ee9ea225,NA
16,8147127,8147127,1,snv_mnv,NA,NA,"broad,dkfz,muse,sanger",4,COSN9653595,NA,AluSx1,FALSE,0.3409,NA,15,29,NA,NA,NA,IGR,FALSE,FALSE,FALSE,FALSE,4,2,2,2_2,e5c89fcf-cc57-4fad-a138-ea47ee9ea225,NA
16,8233391,8233391,1,snv_mnv,NA,NA,"broad,dkfz,muse,sanger",4,COSN9653717,NA,NA,FALSE,0.2698,NA,17,46,NA,NA,NA,IGR,FALSE,FALSE,FALSE,FALSE,4,2,2,2_2,e5c89fcf-cc57-4fad-a138-ea47ee9ea225,NA
16,10252266,10252266,1,snv_mnv,NA,NA,"broad,dkfz,muse,sanger",4,COSN9642609,NA,L1MB5,FALSE,0.2258,NA,14,48,NA,NA,NA,Intron,FALSE,FALSE,FALSE,FALSE,4,2,2,2_2,e5c89fcf-cc57-4fad-a138-ea47ee9ea225,NA
16,11192026,11192026,1,snv_mnv,NA,NA,"broad,dkfz,muse,sanger",4,COSN9642770,NA,NA,FALSE,0.3103,NA,9,20,NA,NA,NA,Intron,FALSE,FALSE,FALSE,FALSE,4,2,2,2_2,e5c89fcf-cc57-4fad-a138-ea47ee9ea225,NA
16,12109137,12109137,1,snv_mnv,NA,NA,"broad,dkfz,muse,sanger",4,COSN9642874,NA,AluSc5,FALSE,0.3333,NA,16,32,NA,NA,NA,Intron,FALSE,FALSE,FALSE,FALSE,4,2,2,2_2,e5c89fcf-cc57-4fad-a138-ea47ee9ea225,NA
16,12403511,12403511,1,snv_mnv,NA,NA,"broad,dkfz,muse,sanger",4,COSN9642917,NA,NA,FALSE,0.3143,NA,11,24,NA,NA,NA,Intron,FALSE,FALSE,FALSE,FALSE,4,2,2,2_2,e5c89fcf-cc57-4fad-a138-ea47ee9ea225,NA
16,12950266,12950266,1,snv_mnv,NA,NA,"broad,dkfz,muse,sanger",4,COSN9643002,NA,AluSg,FALSE,0.3077,NA,12,27,NA,NA,NA,IGR,FALSE,FALSE,FALSE,FALSE,4,2,2,2_2,e5c89fcf-cc57-4fad-a138-ea47ee9ea225,NA
16,15170524,15170524,1,snv_mnv,NA,NA,"broad,dkfz,muse,sanger",4,COSN9643296,NA,NA,FALSE,0.3023,NA,13,30,NA,NA,NA,Intron,FALSE,FALSE,FALSE,FALSE,4,2,2,2_2,e5c89fcf-cc57-4fad-a138-ea47ee9ea225,NA
16,15587201,15587201,1,snv_mnv,NA,NA,"broad,dkfz,muse,sanger",4,COSN9643327,NA,L1MC3,FALSE,0.3,NA,12,28,NA,NA,NA,Intron,FALSE,FALSE,FALSE,FALSE,4,2,2,2_2,e5c89fcf-cc57-4fad-a138-ea47ee9ea225,NA
16,16952517,16952517,1,snv_mnv,NA,NA,"broad,dkfz,muse,sanger",4,COSN9643462,NA,AluSx1,FALSE,0.2766,NA,13,34,NA,NA,NA,IGR,FALSE,FALSE,FALSE,FALSE,4,2,2,2_2,e5c89fcf-cc57-4fad-a138-ea47ee9ea225,NA
16,17039562,17039562,1,snv_mnv,NA,NA,"broad,dkfz,muse,sanger",4,COSN9643493,NA,AluSz,FALSE,0.3,NA,9,21,NA,NA,NA,IGR,FALSE,FALSE,FALSE,FALSE,4,2,2,2_2,e5c89fcf-cc57-4fad-a138-ea47ee9ea225,NA
16,17339531,17339531,1,snv_mnv,NA,NA,"broad,dkfz,muse,sanger",4,COSN9643574,NA,NA,FALSE,0.2549,NA,13,38,NA,NA,NA,Intron,FALSE,FALSE,FALSE,FALSE,4,2,2,2_2,e5c89fcf-cc57-4fad-a138-ea47ee9ea225,AC099494.3
16,17736186,17736186,1,snv_mnv,NA,NA,"broad,dkfz,muse,sanger",4,COSN9643652,NA,L1ME5,FALSE,0.3913,NA,27,42,NA,NA,NA,IGR,FALSE,FALSE,FALSE,FALSE,4,2,2,2_2,e5c89fcf-cc57-4fad-a138-ea47ee9ea225,NA
16,17860336,17860336,1,snv_mnv,NA,NA,"broad,dkfz,muse,sanger",4,COSN9643687,NA,L1PA7,FALSE,0.3065,NA,19,43,NA,NA,NA,IGR,FALSE,FALSE,FALSE,FALSE,4,2,2,2_2,e5c89fcf-cc57-4fad-a138-ea47ee9ea225,NA
16,17927575,17927575,1,snv_mnv,0.0013978,rs576004248,"broad,dkfz,muse,sanger",4,COSN15585001,rs576004248,NA,FALSE,0.2292,NA,11,37,NA,NA,NA,IGR,FALSE,FALSE,FALSE,FALSE,4,2,2,2_2,e5c89fcf-cc57-4fad-a138-ea47ee9ea225,NA
16,19436154,19436154,1,snv_mnv,NA,NA,"broad,dkfz,muse,sanger",4,COSN9643895,NA,MER21C,FALSE,0.2727,NA,12,32,NA,NA,NA,Intron,FALSE,FALSE,FALSE,FALSE,4,2,2,2_2,e5c89fcf-cc57-4fad-a138-ea47ee9ea225,NA
16,19637692,19637692,1,snv_mnv,NA,NA,"broad,dkfz,muse,sanger",4,COSN9643934,NA,MIR,FALSE,0.3,NA,9,21,NA,NA,NA,Intron,FALSE,FALSE,FALSE,FALSE,4,2,2,2_2,e5c89fcf-cc57-4fad-a138-ea47ee9ea225,VPS35L
16,20320055,20320055,1,snv_mnv,NA,NA,"broad,dkfz,muse,sanger",4,COSN9644053,NA,NA,FALSE,0.3409,NA,15,29,NA,NA,NA,IGR,FALSE,FALSE,FALSE,FALSE,4,2,2,2_2,e5c89fcf-cc57-4fad-a138-ea47ee9ea225,GP2
16,21638393,21638393,1,snv_mnv,NA,NA,"broad,dkfz,muse,sanger",4,COSN15585234,NA,NA,FALSE,0.2791,NA,12,31,NA,NA,NA,Intron,FALSE,FALSE,FALSE,FALSE,4,2,2,2_2,e5c89fcf-cc57-4fad-a138-ea47ee9ea225,METTL9
16,23736214,23736214,1,snv_mnv,NA,NA,"broad,dkfz,muse,sanger",4,COSN9644442,NA,FLAM_C,FALSE,0.2973,NA,11,26,NA,NA,NA,IGR,FALSE,FALSE,FALSE,FALSE,4,2,2,2_2,e5c89fcf-cc57-4fad-a138-ea47ee9ea225,NA
16,23806587,23806587,1,snv_mnv,NA,NA,"broad,dkfz,muse,sanger",4,COSN9644452,NA,AluSz6,FALSE,0.2679,NA,15,41,NA,NA,NA,IGR,FALSE,FALSE,FALSE,FALSE,4,2,2,2_2,e5c89fcf-cc57-4fad-a138-ea47ee9ea225,NA
16,24090635,24090635,1,snv_mnv,NA,NA,"broad,dkfz,muse,sanger",4,COSN9644525,NA,LTR7B,FALSE,0.275,NA,11,29,NA,NA,NA,Intron,FALSE,FALSE,FALSE,FALSE,4,2,2,2_2,e5c89fcf-cc57-4fad-a138-ea47ee9ea225,NA
16,24203228,24203228,1,snv_mnv,NA,NA,"broad,dkfz,muse,sanger",4,COSN9644547,NA,NA,FALSE,0.2564,NA,20,58,NA,NA,NA,Intron,FALSE,FALSE,FALSE,FALSE,4,2,2,2_2,e5c89fcf-cc57-4fad-a138-ea47ee9ea225,PRKCB
16,24251380,24251380,1,snv_mnv,NA,NA,"broad,dkfz,muse,sanger",4,COSN9644554,NA,FRAM,FALSE,0.3261,NA,15,31,NA,NA,NA,lincRNA,FALSE,FALSE,FALSE,FALSE,4,2,2,2_2,e5c89fcf-cc57-4fad-a138-ea47ee9ea225,NA
16,25927633,25927633,1,snv_mnv,NA,NA,"broad,dkfz,muse,sanger",4,COSN9644848,NA,NA,FALSE,0.3864,NA,17,27,NA,NA,NA,Intron,FALSE,FALSE,FALSE,FALSE,4,2,2,2_2,e5c89fcf-cc57-4fad-a138-ea47ee9ea225,NA
16,27035514,27035514,1,snv_mnv,NA,NA,"broad,dkfz,muse,sanger",4,COSN9645127,NA,MIRb,FALSE,0.2703,NA,10,27,NA,NA,NA,IGR,FALSE,FALSE,FALSE,FALSE,4,2,2,2_2,e5c89fcf-cc57-4fad-a138-ea47ee9ea225,NA
16,28244852,28244852,1,snv_mnv,NA,NA,"broad,dkfz,muse,sanger",4,COSN9645294,NA,NA,FALSE,0.3191,NA,15,32,NA,NA,NA,IGR,FALSE,FALSE,FALSE,FALSE,4,2,2,2_2,e5c89fcf-cc57-4fad-a138-ea47ee9ea225,NA
16,28855644,28855644,1,snv_mnv,NA,NA,"broad,dkfz,muse,sanger",4,COSM4151299,NA,NA,FALSE,0.2727,NA,9,24,NA,NA,NA,5'Flank,FALSE,FALSE,FALSE,FALSE,4,2,2,2_2,e5c89fcf-cc57-4fad-a138-ea47ee9ea225,"TUFM,SH2B1,MIR4721"
16,33785689,33785689,1,snv_mnv,NA,NA,"broad,dkfz,muse,sanger",4,COSN9645984,NA,NA,FALSE,0.3333,NA,10,20,NA,NA,NA,IGR,FALSE,FALSE,FALSE,FALSE,4,2,2,2_2,e5c89fcf-cc57-4fad-a138-ea47ee9ea225,NA
16,34261990,34261990,1,snv_mnv,NA,NA,"broad,dkfz,muse,sanger",4,COSN15584870,NA,NA,FALSE,0.225,NA,9,31,NA,NA,NA,IGR,FALSE,FALSE,FALSE,FALSE,4,2,2,2_2,e5c89fcf-cc57-4fad-a138-ea47ee9ea225,"AC135776.2,AC135776.1,AC135776.3"
16,34573120,34573120,1,snv_mnv,NA,NA,"broad,dkfz,muse,sanger",4,COSN9646348,NA,NA,FALSE,0.2308,NA,9,30,NA,NA,NA,IGR,FALSE,FALSE,FALSE,FALSE,4,2,2,2_2,e5c89fcf-cc57-4fad-a138-ea47ee9ea225,FRG2HP
16,34595399,34595399,1,snv_mnv,NA,NA,"broad,dkfz,muse,sanger",4,COSN9646353,NA,NA,FALSE,0.2174,NA,15,54,NA,NA,NA,lincRNA,FALSE,FALSE,FALSE,FALSE,4,2,2,2_2,e5c89fcf-cc57-4fad-a138-ea47ee9ea225,LINC01566
16,46805685,46805685,1,snv_mnv,NA,NA,"broad,dkfz,muse,sanger",4,COSN9646831,NA,NA,FALSE,0.3488,NA,15,28,NA,NA,NA,IGR,FALSE,FALSE,FALSE,FALSE,5,3,2,3_2,e5c89fcf-cc57-4fad-a138-ea47ee9ea225,NA
16,47812631,47812631,1,snv_mnv,NA,NA,"broad,dkfz,muse,sanger",4,COSN9646951,NA,L2a,FALSE,0.2787,NA,17,44,NA,NA,NA,IGR,FALSE,FALSE,FALSE,FALSE,5,3,2,3_2,e5c89fcf-cc57-4fad-a138-ea47ee9ea225,NA
16,52123353,52123353,1,snv_mnv,NA,NA,"broad,dkfz,muse,sanger",4,COSN9647742,NA,NA,FALSE,0.2368,NA,18,58,NA,NA,NA,lincRNA,FALSE,FALSE,FALSE,FALSE,5,3,2,3_2,e5c89fcf-cc57-4fad-a138-ea47ee9ea225,LINC00919
16,52254378,52254378,1,snv_mnv,NA,NA,"broad,dkfz,muse,sanger",4,COSN9647766,NA,L1ME2,FALSE,0.3333,NA,21,42,NA,NA,NA,lincRNA,FALSE,FALSE,FALSE,FALSE,5,3,2,3_2,e5c89fcf-cc57-4fad-a138-ea47ee9ea225,NA
16,57961356,57961356,1,snv_mnv,NA,NA,"broad,dkfz,muse,sanger",4,COSN9648693,NA,NA,FALSE,0.2903,NA,9,22,NA,NA,NA,Intron,FALSE,FALSE,FALSE,FALSE,5,3,2,3_2,e5c89fcf-cc57-4fad-a138-ea47ee9ea225,CNGB1
16,58829155,58829155,1,snv_mnv,NA,NA,"broad,dkfz,muse,sanger",4,COSN9648813,rs373969218,AluJb,FALSE,0.3143,NA,11,24,NA,NA,NA,lincRNA,FALSE,FALSE,FALSE,FALSE,5,3,2,3_2,e5c89fcf-cc57-4fad-a138-ea47ee9ea225,NA
16,59139674,59139674,1,snv_mnv,NA,NA,"broad,dkfz,muse,sanger",4,COSN9648876,NA,NA,FALSE,0.3,NA,24,56,NA,NA,NA,lincRNA,FALSE,FALSE,FALSE,FALSE,5,3,2,3_2,e5c89fcf-cc57-4fad-a138-ea47ee9ea225,NA
16,59584426,59584426,1,snv_mnv,NA,NA,"broad,dkfz,muse,sanger",4,COSN9648993,NA,NA,FALSE,0.3333,NA,16,32,NA,NA,NA,IGR,FALSE,FALSE,FALSE,FALSE,5,3,2,3_2,e5c89fcf-cc57-4fad-a138-ea47ee9ea225,NA
16,59724405,59724405,1,snv_mnv,NA,NA,"broad,dkfz,muse,sanger",4,COSN9649036,NA,NA,FALSE,0.209,NA,14,53,NA,NA,NA,IGR,FALSE,FALSE,FALSE,FALSE,5,3,2,3_2,e5c89fcf-cc57-4fad-a138-ea47ee9ea225,NA
16,59751224,59751224,1,snv_mnv,NA,NA,"broad,dkfz,muse,sanger",4,COSN9649045,NA,NA,FALSE,0.2537,NA,17,50,NA,NA,NA,Intron,FALSE,FALSE,FALSE,FALSE,5,3,2,3_2,e5c89fcf-cc57-4fad-a138-ea47ee9ea225,NA
16,59913990,59913990,1,snv_mnv,NA,NA,"broad,dkfz,muse,sanger",4,COSN9649100,NA,L1M6,FALSE,0.2278,NA,18,61,NA,NA,NA,lincRNA,FALSE,FALSE,FALSE,FALSE,5,3,2,3_2,e5c89fcf-cc57-4fad-a138-ea47ee9ea225,NA
16,60074190,60074190,1,snv_mnv,NA,NA,"broad,dkfz,muse,sanger",4,COSN15584914,NA,L1PB4,FALSE,0.2128,NA,10,37,NA,NA,NA,lincRNA,FALSE,FALSE,FALSE,FALSE,5,3,2,3_2,e5c89fcf-cc57-4fad-a138-ea47ee9ea225,NA
16,60112112,60112112,1,snv_mnv,NA,NA,"broad,dkfz,muse,sanger",4,COSN15585306,NA,MSTA,FALSE,0.2041,NA,10,39,NA,NA,NA,IGR,FALSE,FALSE,FALSE,FALSE,5,3,2,3_2,e5c89fcf-cc57-4fad-a138-ea47ee9ea225,NA
16,60201592,60201592,1,snv_mnv,NA,NA,"broad,dkfz,muse,sanger",4,COSN15585045,NA,MLT1E2,FALSE,0.2188,NA,14,50,NA,NA,NA,IGR,FALSE,FALSE,FALSE,FALSE,5,3,2,3_2,e5c89fcf-cc57-4fad-a138-ea47ee9ea225,NA
16,60396580,60396580,1,snv_mnv,NA,NA,"broad,dkfz,muse,sanger",4,COSN9649295,NA,NA,FALSE,0.2338,NA,18,59,NA,NA,NA,lincRNA,FALSE,FALSE,FALSE,FALSE,5,3,2,3_2,e5c89fcf-cc57-4fad-a138-ea47ee9ea225,AC018554.3
16,60437992,60437992,1,snv_mnv,NA,NA,"broad,dkfz,muse,sanger",4,COSN9649308,NA,AluJb,FALSE,0.2456,NA,14,43,NA,NA,NA,IGR,FALSE,FALSE,FALSE,FALSE,5,3,2,3_2,e5c89fcf-cc57-4fad-a138-ea47ee9ea225,NA
16,60520786,60520786,1,snv_mnv,NA,NA,"broad,dkfz,muse,sanger",4,COSN9649336,NA,NA,FALSE,0.1975,NA,16,65,NA,NA,NA,lincRNA,FALSE,FALSE,FALSE,FALSE,5,3,2,3_2,e5c89fcf-cc57-4fad-a138-ea47ee9ea225,NA
16,60567098,60567098,1,snv_mnv,NA,NA,"broad,dkfz,muse,sanger",4,COSN9649353,NA,MIR,FALSE,0.275,NA,11,29,NA,NA,NA,IGR,FALSE,FALSE,FALSE,FALSE,5,3,2,3_2,e5c89fcf-cc57-4fad-a138-ea47ee9ea225,NA
16,60615175,60615175,1,snv_mnv,NA,NA,"broad,dkfz,muse,sanger",4,COSN9649374,NA,NA,FALSE,0.2286,NA,16,54,NA,NA,NA,IGR,FALSE,FALSE,FALSE,FALSE,5,3,2,3_2,e5c89fcf-cc57-4fad-a138-ea47ee9ea225,NA
16,61332806,61332806,1,snv_mnv,NA,NA,"broad,dkfz,muse,sanger",4,COSN15585162,NA,AluJr4,FALSE,0.2203,NA,13,46,NA,NA,NA,IGR,FALSE,FALSE,FALSE,FALSE,5,3,2,3_2,e5c89fcf-cc57-4fad-a138-ea47ee9ea225,NA
16,61533689,61533689,1,snv_mnv,NA,NA,"broad,dkfz,muse,sanger",4,COSN9649776,NA,NA,FALSE,0.2338,NA,18,59,NA,NA,NA,IGR,FALSE,FALSE,FALSE,FALSE,5,3,2,3_2,e5c89fcf-cc57-4fad-a138-ea47ee9ea225,NA
16,61547173,61547173,1,snv_mnv,NA,NA,"broad,dkfz,muse,sanger",4,COSN9649783,NA,NA,FALSE,0.1786,NA,10,46,NA,NA,NA,IGR,FALSE,FALSE,FALSE,FALSE,5,3,2,3_2,e5c89fcf-cc57-4fad-a138-ea47ee9ea225,NA
16,61547174,61547174,1,snv_mnv,NA,NA,"broad,dkfz,muse,sanger",4,COSN9649784,NA,NA,FALSE,0.1754,NA,10,47,NA,NA,NA,IGR,FALSE,FALSE,FALSE,FALSE,5,3,2,3_2,e5c89fcf-cc57-4fad-a138-ea47ee9ea225,NA
16,61768036,61768036,1,snv_mnv,NA,NA,"broad,dkfz,muse,sanger",4,COSN9649906,NA,L2a,FALSE,0.2295,NA,14,47,NA,NA,NA,Intron,FALSE,FALSE,FALSE,FALSE,5,3,2,3_2,e5c89fcf-cc57-4fad-a138-ea47ee9ea225,NA
16,61851022,61851022,1,snv_mnv,NA,NA,"broad,dkfz,muse,sanger",4,COSN9649943,NA,NA,FALSE,0.3,NA,18,42,NA,NA,NA,Intron,FALSE,FALSE,FALSE,FALSE,5,3,2,3_2,e5c89fcf-cc57-4fad-a138-ea47ee9ea225,CDH8
16,62086315,62086315,1,snv_mnv,NA,NA,"broad,dkfz,muse,sanger",4,COSN9650068,NA,NA,FALSE,0.2857,NA,22,55,NA,NA,NA,IGR,FALSE,FALSE,FALSE,FALSE,5,3,2,3_2,e5c89fcf-cc57-4fad-a138-ea47ee9ea225,NA
16,62101671,62101671,1,snv_mnv,NA,NA,"broad,dkfz,muse,sanger",4,COSN9650071,NA,NA,FALSE,0.2105,NA,12,45,NA,NA,NA,IGR,FALSE,FALSE,FALSE,FALSE,5,3,2,3_2,e5c89fcf-cc57-4fad-a138-ea47ee9ea225,NA
16,62139722,62139722,1,snv_mnv,NA,NA,"broad,dkfz,muse,sanger",4,COSN9650090,NA,NA,FALSE,0.2826,NA,13,33,NA,NA,NA,IGR,FALSE,FALSE,FALSE,FALSE,5,3,2,3_2,e5c89fcf-cc57-4fad-a138-ea47ee9ea225,NA
16,62501669,62501669,1,snv_mnv,NA,NA,"broad,dkfz,muse,sanger",4,COSN15584840,NA,L1PREC2,FALSE,0.25,NA,9,27,NA,NA,NA,IGR,FALSE,FALSE,FALSE,FALSE,5,3,2,3_2,e5c89fcf-cc57-4fad-a138-ea47ee9ea225,NA
16,63122441,63122441,1,snv_mnv,NA,NA,"broad,dkfz,muse,sanger",4,COSN9650448,rs545779369,NA,FALSE,0.2241,NA,13,45,NA,NA,NA,RNA,FALSE,FALSE,FALSE,FALSE,5,3,2,3_2,e5c89fcf-cc57-4fad-a138-ea47ee9ea225,NA
16,63225060,63225060,1,snv_mnv,NA,NA,"broad,dkfz,muse,sanger",4,COSN9650473,NA,NA,FALSE,0.3333,NA,18,36,NA,NA,NA,IGR,FALSE,FALSE,FALSE,FALSE,5,3,2,3_2,e5c89fcf-cc57-4fad-a138-ea47ee9ea225,NA
16,64607521,64607521,1,snv_mnv,NA,NA,"broad,dkfz,muse,sanger",4,COSN9650807,NA,AluY,FALSE,0.3,NA,12,28,NA,NA,NA,lincRNA,FALSE,FALSE,FALSE,FALSE,5,3,2,3_2,e5c89fcf-cc57-4fad-a138-ea47ee9ea225,NA
16,64779196,64779196,1,snv_mnv,NA,NA,"broad,dkfz,muse,sanger",4,COSN9650843,NA,NA,FALSE,0.25,NA,13,39,NA,NA,NA,IGR,FALSE,FALSE,FALSE,FALSE,5,3,2,3_2,e5c89fcf-cc57-4fad-a138-ea47ee9ea225,NA
16,65338918,65338918,1,snv_mnv,3.9936e-4,rs536658842,"broad,dkfz,muse,sanger",4,COSN9650985,rs536658842,NA,FALSE,0.1967,NA,12,49,NA,NA,NA,lincRNA,FALSE,FALSE,FALSE,FALSE,5,3,2,3_2,e5c89fcf-cc57-4fad-a138-ea47ee9ea225,NA
16,65342514,65342514,1,snv_mnv,NA,NA,"broad,dkfz,muse,sanger",4,COSN9650986,NA,NA,FALSE,0.3947,NA,15,23,NA,NA,NA,lincRNA,FALSE,FALSE,FALSE,FALSE,5,3,2,3_2,e5c89fcf-cc57-4fad-a138-ea47ee9ea225,NA
16,65900237,65900237,1,snv_mnv,NA,NA,"broad,dkfz,muse,sanger",4,COSN15584876,NA,NA,FALSE,0.2097,NA,13,49,NA,NA,NA,lincRNA,FALSE,FALSE,FALSE,FALSE,5,3,2,3_2,e5c89fcf-cc57-4fad-a138-ea47ee9ea225,AC022164.1
16,68887544,68887544,1,snv_mnv,NA,NA,"broad,dkfz,muse,sanger",4,COSN9651564,NA,L1ME2z,FALSE,0.2407,NA,13,41,NA,NA,NA,Intron,FALSE,FALSE,FALSE,FALSE,5,3,2,3_2,e5c89fcf-cc57-4fad-a138-ea47ee9ea225,NA
16,69030438,69030438,1,snv_mnv,NA,NA,"broad,dkfz,muse,sanger",4,COSN9651589,NA,NA,FALSE,0.2407,NA,13,41,NA,NA,NA,Intron,FALSE,FALSE,FALSE,FALSE,5,3,2,3_2,e5c89fcf-cc57-4fad-a138-ea47ee9ea225,NA
16,71315764,71315764,1,snv_mnv,NA,NA,"broad,dkfz,muse,sanger",4,COSN9651824,NA,NA,FALSE,0.2787,NA,17,44,NA,NA,NA,3'UTR,FALSE,FALSE,FALSE,FALSE,5,3,2,3_2,e5c89fcf-cc57-4fad-a138-ea47ee9ea225,CMTR2
16,73754571,73754571,1,snv_mnv,NA,NA,"broad,dkfz,muse,sanger",4,COSN9652200,NA,L1ME4a,FALSE,0.2623,NA,16,45,NA,NA,NA,IGR,FALSE,FALSE,FALSE,FALSE,5,3,2,3_2,e5c89fcf-cc57-4fad-a138-ea47ee9ea225,NA
16,73872923,73872923,1,snv_mnv,NA,NA,"broad,dkfz,muse,sanger",4,COSN15584712,NA,NA,FALSE,0.2647,NA,9,25,NA,NA,NA,IGR,FALSE,FALSE,FALSE,FALSE,5,3,2,3_2,e5c89fcf-cc57-4fad-a138-ea47ee9ea225,NA
16,73924638,73924638,1,snv_mnv,NA,NA,"broad,dkfz,muse,sanger",4,COSN9652237,NA,NA,FALSE,0.26,NA,13,37,NA,NA,NA,IGR,FALSE,FALSE,FALSE,FALSE,5,3,2,3_2,e5c89fcf-cc57-4fad-a138-ea47ee9ea225,NA
16,74130559,74130559,1,snv_mnv,NA,NA,"broad,dkfz,muse,sanger",4,COSN9652269,NA,AluSx1,FALSE,0.2667,NA,12,33,NA,NA,NA,IGR,FALSE,FALSE,FALSE,FALSE,5,3,2,3_2,e5c89fcf-cc57-4fad-a138-ea47ee9ea225,NA
16,74329432,74329432,1,snv_mnv,NA,NA,"broad,dkfz,muse,sanger",4,COSN9652300,NA,NA,FALSE,0.3077,NA,12,27,NA,NA,NA,5'Flank,FALSE,FALSE,FALSE,FALSE,5,3,2,3_2,e5c89fcf-cc57-4fad-a138-ea47ee9ea225,"PSMD7,AC009120.5"
16,75547709,75547709,1,snv_mnv,NA,NA,"broad,dkfz,muse,sanger",4,COSN9652497,NA,L2a,FALSE,0.2564,NA,10,29,NA,NA,NA,RNA,FALSE,FALSE,FALSE,FALSE,5,3,2,3_2,e5c89fcf-cc57-4fad-a138-ea47ee9ea225,NA
16,75665910,75665910,1,snv_mnv,NA,NA,"broad,dkfz,muse,sanger",4,COSN9652516,NA,AluSp,FALSE,0.3929,NA,11,17,NA,NA,NA,Intron,FALSE,FALSE,FALSE,FALSE,5,3,2,3_2,e5c89fcf-cc57-4fad-a138-ea47ee9ea225,KARS
16,75800996,75800996,1,snv_mnv,NA,NA,"broad,dkfz,muse,sanger",4,COSN9652539,rs576767510,L1M4,FALSE,0.2727,NA,12,32,NA,NA,NA,IGR,FALSE,FALSE,FALSE,FALSE,5,3,2,3_2,e5c89fcf-cc57-4fad-a138-ea47ee9ea225,NA
16,76078689,76078689,1,snv_mnv,NA,NA,"broad,dkfz,muse,sanger",4,COSN9652602,NA,NA,FALSE,0.3333,NA,19,38,NA,NA,NA,IGR,FALSE,FALSE,FALSE,FALSE,5,3,2,3_2,e5c89fcf-cc57-4fad-a138-ea47ee9ea225,NA
16,76078997,76078997,1,snv_mnv,NA,NA,"broad,dkfz,muse,sanger",4,COSN9652603,NA,NA,FALSE,0.2131,NA,13,48,NA,NA,NA,IGR,FALSE,FALSE,FALSE,FALSE,5,3,2,3_2,e5c89fcf-cc57-4fad-a138-ea47ee9ea225,NA
16,76081299,76081299,1,snv_mnv,NA,NA,"broad,dkfz,muse,sanger",4,COSN9652606,NA,L1ME3A,FALSE,0.2763,NA,21,55,NA,NA,NA,IGR,FALSE,FALSE,FALSE,FALSE,5,3,2,3_2,e5c89fcf-cc57-4fad-a138-ea47ee9ea225,NA
16,76126802,76126802,1,snv_mnv,NA,NA,"broad,dkfz,muse,sanger",4,COSN9652626,NA,NA,FALSE,0.2152,NA,17,62,NA,NA,NA,IGR,FALSE,FALSE,FALSE,FALSE,5,3,2,3_2,e5c89fcf-cc57-4fad-a138-ea47ee9ea225,NA
16,76538408,76538408,1,snv_mnv,NA,NA,"broad,dkfz,muse,sanger",4,COSN9652724,NA,L1ME1,FALSE,0.2985,NA,20,47,NA,NA,NA,Intron,FALSE,FALSE,FALSE,FALSE,5,3,2,3_2,e5c89fcf-cc57-4fad-a138-ea47ee9ea225,NA
16,77643045,77643045,1,snv_mnv,NA,NA,"broad,dkfz,muse,sanger",4,COSN9652973,NA,HAL1,FALSE,0.3191,NA,15,32,NA,NA,NA,lincRNA,FALSE,FALSE,FALSE,FALSE,5,3,2,3_2,e5c89fcf-cc57-4fad-a138-ea47ee9ea225,NA
16,78378641,78378641,1,snv_mnv,NA,NA,"broad,dkfz,muse,sanger",4,COSN9653147,NA,NA,FALSE,0.5556,NA,10,8,NA,NA,NA,Intron,FALSE,FALSE,FALSE,FALSE,5,3,2,3_2,e5c89fcf-cc57-4fad-a138-ea47ee9ea225,NA
16,78495567,78495567,1,snv_mnv,NA,NA,"broad,dkfz,muse,sanger",4,COSN9653160,NA,NA,FALSE,0.2364,NA,13,42,NA,NA,NA,Intron,FALSE,FALSE,FALSE,FALSE,5,3,2,3_2,e5c89fcf-cc57-4fad-a138-ea47ee9ea225,NA
16,78495569,78495569,1,snv_mnv,NA,NA,"broad,dkfz,muse",3,COSN9653161,NA,NA,FALSE,0.25,NA,14,42,NA,NA,NA,Intron,FALSE,FALSE,FALSE,FALSE,5,3,2,3_2,e5c89fcf-cc57-4fad-a138-ea47ee9ea225,NA
16,79035535,79035535,1,snv_mnv,NA,NA,"broad,dkfz,muse,sanger",4,COSN9653238,NA,NA,FALSE,0.2857,NA,12,30,NA,NA,NA,Intron,FALSE,FALSE,FALSE,FALSE,5,3,2,3_2,e5c89fcf-cc57-4fad-a138-ea47ee9ea225,NA
16,79154556,79154556,1,snv_mnv,NA,NA,"broad,dkfz,muse,sanger",4,COSN9653259,NA,MLT1D,FALSE,0.2609,NA,12,34,NA,NA,NA,Intron,FALSE,FALSE,FALSE,FALSE,5,3,2,3_2,e5c89fcf-cc57-4fad-a138-ea47ee9ea225,NA
16,79194291,79194291,1,snv_mnv,NA,NA,"broad,dkfz,muse,sanger",4,COSN15584813,NA,MIRc,FALSE,0.2619,NA,11,31,NA,NA,NA,Intron,FALSE,FALSE,FALSE,FALSE,5,3,2,3_2,e5c89fcf-cc57-4fad-a138-ea47ee9ea225,NA
16,83365849,83365849,1,snv_mnv,NA,NA,"broad,dkfz,muse,sanger",4,COSN9653942,NA,NA,FALSE,0.1967,NA,12,49,NA,NA,NA,Intron,FALSE,FALSE,FALSE,FALSE,5,3,2,3_2,e5c89fcf-cc57-4fad-a138-ea47ee9ea225,NA
16,85130021,85130021,1,snv_mnv,NA,NA,"broad,dkfz,muse,sanger",4,COSN9654218,rs763774303,AluSx1,FALSE,0.3103,NA,9,20,NA,NA,NA,IGR,FALSE,FALSE,FALSE,FALSE,5,3,2,3_2,e5c89fcf-cc57-4fad-a138-ea47ee9ea225,"FAM92B,KIAA0513"
16,86356007,86356007,1,snv_mnv,NA,NA,"broad,dkfz,muse,sanger",4,COSN9654424,NA,NA,FALSE,0.3714,NA,13,22,NA,NA,NA,IGR,FALSE,FALSE,FALSE,FALSE,5,3,2,3_2,e5c89fcf-cc57-4fad-a138-ea47ee9ea225,NA
16,86920876,86920876,1,snv_mnv,NA,NA,"broad,dkfz,muse,sanger",4,COSN9654511,NA,L1M5,FALSE,0.2712,NA,16,43,NA,NA,NA,IGR,FALSE,FALSE,FALSE,FALSE,5,3,2,3_2,e5c89fcf-cc57-4fad-a138-ea47ee9ea225,NA
17,3133557,3133557,1,snv_mnv,NA,NA,"broad,muse,sanger",3,COSN9668048,NA,L1MEg,FALSE,0.2055,NA,15,58,NA,NA,NA,IGR,FALSE,FALSE,FALSE,FALSE,4,2,2,2_2,e5c89fcf-cc57-4fad-a138-ea47ee9ea225,NA
17,5827555,5827555,1,snv_mnv,NA,NA,"broad,dkfz,muse,sanger",4,COSN9671779,NA,MIRc,FALSE,0.4474,NA,17,21,NA,NA,NA,Intron,FALSE,FALSE,FALSE,FALSE,4,2,2,2_2,e5c89fcf-cc57-4fad-a138-ea47ee9ea225,NA
17,5849548,5849548,1,snv_mnv,NA,NA,"broad,dkfz,muse,sanger",4,COSN9671802,NA,NA,FALSE,0.2615,NA,17,48,NA,NA,NA,IGR,FALSE,FALSE,FALSE,FALSE,4,2,2,2_2,e5c89fcf-cc57-4fad-a138-ea47ee9ea225,NA
17,6739702,6739702,1,snv_mnv,NA,NA,"broad,dkfz,muse,sanger",4,COSN9672993,NA,NA,FALSE,0.3514,NA,13,24,NA,NA,NA,IGR,FALSE,FALSE,FALSE,FALSE,4,2,2,2_2,e5c89fcf-cc57-4fad-a138-ea47ee9ea225,TEKT1
17,8671154,8671154,1,snv_mnv,NA,NA,"broad,dkfz,muse,sanger",4,COSN9675006,NA,NA,FALSE,0.225,NA,9,31,NA,NA,NA,IGR,FALSE,FALSE,FALSE,FALSE,4,2,2,2_2,e5c89fcf-cc57-4fad-a138-ea47ee9ea225,NA
17,9644901,9644901,1,snv_mnv,NA,NA,"broad,dkfz,muse,sanger",4,COSN9675134,NA,NA,FALSE,0.3023,NA,13,30,NA,NA,NA,IGR,FALSE,FALSE,FALSE,FALSE,4,2,2,2_2,e5c89fcf-cc57-4fad-a138-ea47ee9ea225,NA
17,11094684,11094684,1,snv_mnv,NA,NA,"broad,dkfz,muse,sanger",4,COSN9655275,NA,L1MB1,FALSE,0.3208,NA,17,36,NA,NA,NA,IGR,FALSE,FALSE,FALSE,FALSE,4,2,2,2_2,e5c89fcf-cc57-4fad-a138-ea47ee9ea225,NA
17,11291850,11291850,1,snv_mnv,NA,NA,"broad,dkfz,muse,sanger",4,COSN9655305,NA,NA,FALSE,0.3056,NA,11,25,NA,NA,NA,Intron,FALSE,FALSE,FALSE,FALSE,4,2,2,2_2,e5c89fcf-cc57-4fad-a138-ea47ee9ea225,NA
17,12199338,12199338,1,snv_mnv,NA,NA,"broad,dkfz,muse,sanger",4,COSN9655465,NA,Charlie8,FALSE,0.3585,NA,19,34,NA,NA,NA,IGR,FALSE,FALSE,FALSE,FALSE,4,2,2,2_2,e5c89fcf-cc57-4fad-a138-ea47ee9ea225,NA
17,12317312,12317312,1,snv_mnv,NA,NA,"broad,dkfz,muse,sanger",4,COSN9655488,NA,NA,FALSE,0.3462,NA,9,17,NA,NA,NA,IGR,FALSE,FALSE,FALSE,FALSE,4,2,2,2_2,e5c89fcf-cc57-4fad-a138-ea47ee9ea225,NA
17,12424389,12424389,1,snv_mnv,NA,NA,"broad,dkfz,muse,sanger",4,COSN9655519,NA,NA,FALSE,0.3286,NA,23,47,NA,NA,NA,IGR,FALSE,FALSE,FALSE,FALSE,4,2,2,2_2,e5c89fcf-cc57-4fad-a138-ea47ee9ea225,NA
17,12616030,12616030,1,snv_mnv,NA,NA,"broad,dkfz,muse,sanger",4,COSN15584890,NA,NA,FALSE,0.2391,NA,11,35,NA,NA,NA,Intron,FALSE,FALSE,FALSE,FALSE,4,2,2,2_2,e5c89fcf-cc57-4fad-a138-ea47ee9ea225,NA
17,13194404,13194404,1,snv_mnv,NA,NA,"broad,dkfz,muse,sanger",4,COSN9655701,NA,AluSp,FALSE,0.3333,NA,18,36,NA,NA,NA,IGR,FALSE,FALSE,FALSE,FALSE,4,2,2,2_2,e5c89fcf-cc57-4fad-a138-ea47ee9ea225,NA
17,13552298,13552298,1,snv_mnv,NA,NA,"broad,dkfz,muse,sanger",4,COSN9655792,NA,MLT1B,FALSE,0.2549,NA,13,38,NA,NA,NA,IGR,FALSE,FALSE,FALSE,FALSE,4,2,2,2_2,e5c89fcf-cc57-4fad-a138-ea47ee9ea225,NA
17,13868066,13868066,1,snv_mnv,NA,NA,"broad,dkfz,muse,sanger",4,COSN9655864,NA,NA,FALSE,0.2462,NA,16,49,NA,NA,NA,RNA,FALSE,FALSE,FALSE,FALSE,4,2,2,2_2,e5c89fcf-cc57-4fad-a138-ea47ee9ea225,NA
17,13958961,13958961,1,snv_mnv,NA,NA,"broad,dkfz,muse,sanger",4,COSN9655889,NA,NA,FALSE,0.2676,NA,19,52,NA,NA,NA,RNA,FALSE,FALSE,FALSE,FALSE,4,2,2,2_2,e5c89fcf-cc57-4fad-a138-ea47ee9ea225,NA
17,14126937,14126937,1,snv_mnv,NA,NA,"broad,dkfz,muse,sanger",4,COSN9655912,NA,AluSc8,FALSE,0.3571,NA,15,27,NA,NA,NA,IGR,FALSE,FALSE,FALSE,FALSE,4,2,2,2_2,e5c89fcf-cc57-4fad-a138-ea47ee9ea225,NA
17,14160445,14160445,1,snv_mnv,NA,NA,"broad,dkfz,muse,sanger",4,COSN9655916,NA,L2a,FALSE,0.3636,NA,12,21,NA,NA,NA,IGR,FALSE,FALSE,FALSE,FALSE,4,2,2,2_2,e5c89fcf-cc57-4fad-a138-ea47ee9ea225,NA
17,15393809,15393809,1,snv_mnv,NA,NA,"broad,dkfz,muse,sanger",4,COSN15585343,NA,NA,FALSE,0.2353,NA,8,26,NA,NA,NA,Intron,FALSE,FALSE,FALSE,FALSE,4,2,2,2_2,e5c89fcf-cc57-4fad-a138-ea47ee9ea225,NA
17,20530549,20530549,1,snv_mnv,1.9968e-4,rs547962882,"broad,muse,sanger",3,COSN15585142,rs547962882,L1M1,FALSE,0.2321,NA,13,43,NA,NA,NA,lincRNA,FALSE,FALSE,FALSE,FALSE,4,2,2,2_2,e5c89fcf-cc57-4fad-a138-ea47ee9ea225,NA
17,21078043,21078043,1,snv_mnv,NA,NA,"broad,dkfz,muse,sanger",4,COSN9656763,NA,NA,FALSE,0.3235,NA,11,23,NA,NA,NA,Intron,FALSE,FALSE,FALSE,FALSE,4,2,2,2_2,e5c89fcf-cc57-4fad-a138-ea47ee9ea225,DHRS7B
17,21717930,21717930,1,snv_mnv,NA,NA,"broad,dkfz,muse,sanger",4,COSN17840976,NA,NA,FALSE,0.3433,NA,23,44,NA,NA,NA,IGR,FALSE,FALSE,FALSE,FALSE,4,2,2,2_2,e5c89fcf-cc57-4fad-a138-ea47ee9ea225,NA
17,22035724,22035724,1,snv_mnv,NA,NA,"broad,muse,sanger",3,COSN9657153,NA,L1MA7,FALSE,0.2632,NA,15,42,NA,NA,NA,IGR,FALSE,FALSE,FALSE,FALSE,4,2,2,2_2,e5c89fcf-cc57-4fad-a138-ea47ee9ea225,"AC132825.6,AC132825.8,AC132825.7"
17,22159131,22159131,1,snv_mnv,NA,NA,"broad,muse",2,COSN15585260,NA,ALR/Alpha,FALSE,0.2131,NA,13,48,NA,NA,NA,IGR,FALSE,FALSE,FALSE,FALSE,4,2,2,2_2,e5c89fcf-cc57-4fad-a138-ea47ee9ea225,NA
17,30139702,30139702,1,snv_mnv,NA,NA,"broad,dkfz,muse,sanger",4,COSN9667913,NA,THE1B,FALSE,0.2955,NA,13,31,NA,NA,NA,IGR,FALSE,FALSE,FALSE,FALSE,4,2,2,2_2,e5c89fcf-cc57-4fad-a138-ea47ee9ea225,NA
17,30189946,30189946,1,snv_mnv,NA,NA,"broad,dkfz,muse,sanger",4,COSN9667917,NA,NA,FALSE,0.4242,NA,14,19,NA,NA,NA,3'UTR,FALSE,FALSE,FALSE,FALSE,4,2,2,2_2,e5c89fcf-cc57-4fad-a138-ea47ee9ea225,"COPRS,UTP6"
17,31565147,31565147,1,snv_mnv,NA,NA,"broad,dkfz,muse,sanger",4,COSN9668085,NA,NA,FALSE,0.375,NA,12,20,NA,NA,NA,Intron,FALSE,FALSE,FALSE,FALSE,4,2,2,2_2,e5c89fcf-cc57-4fad-a138-ea47ee9ea225,NA
17,31664039,31664039,1,snv_mnv,NA,NA,"broad,dkfz,muse,sanger",4,COSN9668106,NA,NA,FALSE,0.3061,NA,15,34,NA,NA,NA,Intron,FALSE,FALSE,FALSE,FALSE,4,2,2,2_2,e5c89fcf-cc57-4fad-a138-ea47ee9ea225,NA
17,31824976,31824976,1,snv_mnv,NA,NA,"broad,dkfz,muse,sanger",4,COSN9668139,NA,NA,FALSE,0.2444,NA,11,34,NA,NA,NA,Intron,FALSE,FALSE,FALSE,FALSE,4,2,2,2_2,e5c89fcf-cc57-4fad-a138-ea47ee9ea225,NA
17,32131971,32131971,1,snv_mnv,NA,NA,"broad,dkfz,muse,sanger",4,COSN9668208,NA,NA,FALSE,0.3061,NA,15,34,NA,NA,NA,Intron,FALSE,FALSE,FALSE,FALSE,4,2,2,2_2,e5c89fcf-cc57-4fad-a138-ea47ee9ea225,NA
17,32916516,32916516,1,snv_mnv,NA,NA,"broad,dkfz,muse,sanger",4,COSN9668349,NA,NA,FALSE,0.2895,NA,11,27,NA,NA,NA,Intron,FALSE,FALSE,FALSE,FALSE,4,2,2,2_2,e5c89fcf-cc57-4fad-a138-ea47ee9ea225,NA
17,33558427,33558427,1,snv_mnv,NA,NA,"broad,dkfz,muse,sanger",4,COSN9668438,NA,L1PA13,FALSE,0.3469,NA,17,32,NA,NA,NA,RNA,FALSE,FALSE,FALSE,FALSE,4,2,2,2_2,e5c89fcf-cc57-4fad-a138-ea47ee9ea225,AC022916.1
17,35074167,35074167,1,snv_mnv,NA,NA,"broad,dkfz,muse,sanger",4,COSN9668595,NA,L1ME3,FALSE,0.2745,NA,14,37,NA,NA,NA,IGR,FALSE,FALSE,FALSE,FALSE,4,2,2,2_2,e5c89fcf-cc57-4fad-a138-ea47ee9ea225,NA
17,35129920,35129920,1,snv_mnv,NA,NA,"broad,dkfz,muse,sanger",4,COSN9668604,NA,L1MC2,FALSE,0.3023,NA,13,30,NA,NA,NA,IGR,FALSE,FALSE,FALSE,FALSE,4,2,2,2_2,e5c89fcf-cc57-4fad-a138-ea47ee9ea225,NA
17,37889204,37889204,1,snv_mnv,NA,NA,"broad,dkfz,muse,sanger",4,COSN9668929,NA,L1MB7,FALSE,0.2826,NA,13,33,NA,NA,NA,5'Flank,FALSE,FALSE,FALSE,FALSE,4,2,2,2_2,e5c89fcf-cc57-4fad-a138-ea47ee9ea225,"ERBB2,MIEN1,GRB7"
17,38443637,38443637,1,snv_mnv,NA,NA,"broad,dkfz,muse,sanger",4,COSN9668988,NA,NA,FALSE,0.3684,NA,14,24,NA,NA,NA,5'Flank,FALSE,FALSE,FALSE,FALSE,4,2,2,2_2,e5c89fcf-cc57-4fad-a138-ea47ee9ea225,"CDC6,WIPF2"
17,38849476,38849476,1,snv_mnv,NA,NA,"broad,dkfz,muse,sanger",4,COSN9669041,NA,NA,FALSE,0.2642,NA,14,39,NA,NA,NA,IGR,FALSE,FALSE,FALSE,FALSE,4,2,2,2_2,e5c89fcf-cc57-4fad-a138-ea47ee9ea225,"KRT24,AC073508.1"
17,40402138,40402138,1,snv_mnv,NA,NA,"broad,dkfz,muse,sanger",4,COSN9669220,NA,NA,FALSE,0.2642,NA,14,39,NA,NA,NA,Intron,FALSE,FALSE,FALSE,FALSE,4,2,2,2_2,e5c89fcf-cc57-4fad-a138-ea47ee9ea225,NA
17,41971569,41971569,1,snv_mnv,NA,NA,"broad,muse,sanger",3,COSN9669405,NA,AluSc,FALSE,0.4286,NA,9,12,NA,NA,NA,Intron,FALSE,FALSE,FALSE,FALSE,4,2,2,2_2,e5c89fcf-cc57-4fad-a138-ea47ee9ea225,MPP2
17,42664723,42664723,1,snv_mnv,NA,NA,"broad,dkfz,muse,sanger",4,COSN9669504,NA,NA,FALSE,0.2381,NA,10,32,NA,NA,NA,IGR,FALSE,FALSE,FALSE,FALSE,4,2,2,2_2,e5c89fcf-cc57-4fad-a138-ea47ee9ea225,NA
17,42938502,42938502,1,snv_mnv,NA,NA,"broad,dkfz,muse,sanger",4,COSN9669563,NA,NA,FALSE,0.2667,NA,8,22,NA,NA,NA,Intron,FALSE,FALSE,FALSE,FALSE,4,2,2,2_2,e5c89fcf-cc57-4fad-a138-ea47ee9ea225,EFTUD2
17,47721928,47721928,1,snv_mnv,NA,NA,"broad,dkfz,muse,sanger",4,COSN9670095,NA,L1ME3C,FALSE,0.2727,NA,15,40,NA,NA,NA,Intron,FALSE,FALSE,FALSE,FALSE,4,2,2,2_2,e5c89fcf-cc57-4fad-a138-ea47ee9ea225,NA
17,50622533,50622533,1,snv_mnv,NA,NA,"broad,dkfz,muse,sanger",4,COSN9670559,NA,NA,FALSE,0.3175,NA,20,43,NA,NA,NA,IGR,FALSE,FALSE,FALSE,FALSE,4,2,2,2_2,e5c89fcf-cc57-4fad-a138-ea47ee9ea225,NA
17,50933477,50933477,1,snv_mnv,NA,NA,"broad,dkfz,muse,sanger",4,COSN15585083,NA,NA,FALSE,0.1667,NA,8,40,NA,NA,NA,IGR,FALSE,FALSE,FALSE,FALSE,4,2,2,2_2,e5c89fcf-cc57-4fad-a138-ea47ee9ea225,NA
17,51236341,51236341,1,snv_mnv,NA,NA,"broad,dkfz,muse,sanger",4,COSN9670698,NA,NA,FALSE,0.2258,NA,14,48,NA,NA,NA,IGR,FALSE,FALSE,FALSE,FALSE,4,2,2,2_2,e5c89fcf-cc57-4fad-a138-ea47ee9ea225,NA
17,51273539,51273539,1,snv_mnv,NA,NA,"broad,dkfz,muse,sanger",4,COSN9670709,NA,NA,FALSE,0.2273,NA,15,51,NA,NA,NA,IGR,FALSE,FALSE,FALSE,FALSE,4,2,2,2_2,e5c89fcf-cc57-4fad-a138-ea47ee9ea225,NA
17,51933212,51933212,1,snv_mnv,NA,NA,"broad,dkfz,muse,sanger",4,COSN9670858,NA,L1PA8A,FALSE,0.25,NA,13,39,NA,NA,NA,IGR,FALSE,FALSE,FALSE,FALSE,4,2,2,2_2,e5c89fcf-cc57-4fad-a138-ea47ee9ea225,NA
17,52179646,52179646,1,snv_mnv,NA,NA,"broad,dkfz,muse,sanger",4,COSN9670911,NA,L1PA16,FALSE,0.2821,NA,11,28,NA,NA,NA,IGR,FALSE,FALSE,FALSE,FALSE,4,2,2,2_2,e5c89fcf-cc57-4fad-a138-ea47ee9ea225,NA
17,52810738,52810738,1,snv_mnv,NA,NA,"broad,dkfz,muse,sanger",4,COSN9671033,NA,AluY,FALSE,0.2917,NA,14,34,NA,NA,NA,IGR,FALSE,FALSE,FALSE,FALSE,4,2,2,2_2,e5c89fcf-cc57-4fad-a138-ea47ee9ea225,NA
17,53123885,53123885,1,snv_mnv,NA,NA,"broad,dkfz,muse,sanger",4,COSN9671079,NA,NA,FALSE,0.3492,NA,22,41,NA,NA,NA,Intron,FALSE,FALSE,FALSE,FALSE,4,2,2,2_2,e5c89fcf-cc57-4fad-a138-ea47ee9ea225,STXBP4
17,53225654,53225654,1,snv_mnv,NA,NA,"broad,dkfz,muse,sanger",4,COSN9671095,NA,NA,FALSE,0.2361,NA,17,55,NA,NA,NA,Intron,FALSE,FALSE,FALSE,FALSE,4,2,2,2_2,e5c89fcf-cc57-4fad-a138-ea47ee9ea225,NA
17,54288306,54288306,1,snv_mnv,NA,NA,"broad,dkfz,muse,sanger",4,COSN9671281,NA,THE1D,FALSE,0.2143,NA,12,44,NA,NA,NA,Intron,FALSE,FALSE,FALSE,FALSE,4,2,2,2_2,e5c89fcf-cc57-4fad-a138-ea47ee9ea225,NA
17,54518515,54518515,1,snv_mnv,NA,NA,"broad,dkfz,muse,sanger",4,COSN9671314,NA,NA,FALSE,0.254,NA,16,47,NA,NA,NA,Intron,FALSE,FALSE,FALSE,FALSE,4,2,2,2_2,e5c89fcf-cc57-4fad-a138-ea47ee9ea225,NA
17,54849174,54849174,1,snv_mnv,NA,NA,"broad,dkfz,muse,sanger",4,COSN9671362,NA,NA,FALSE,0.3235,NA,11,23,NA,NA,NA,IGR,FALSE,FALSE,FALSE,FALSE,4,2,2,2_2,e5c89fcf-cc57-4fad-a138-ea47ee9ea225,NA
17,56633126,56633126,1,snv_mnv,NA,NA,"broad,muse,sanger",3,COSN9671578,NA,AluSc8,FALSE,0.3333,NA,9,18,NA,NA,NA,IGR,FALSE,FALSE,FALSE,FALSE,4,2,2,2_2,e5c89fcf-cc57-4fad-a138-ea47ee9ea225,TEX14
17,56687021,56687021,1,snv_mnv,NA,NA,"broad,dkfz,muse,sanger",4,COSN9671587,NA,NA,FALSE,0.3182,NA,14,30,NA,NA,NA,Intron,FALSE,FALSE,FALSE,FALSE,4,2,2,2_2,e5c89fcf-cc57-4fad-a138-ea47ee9ea225,NA
17,56729597,56729597,1,snv_mnv,NA,NA,"broad,dkfz,muse,sanger",4,COSN9671595,NA,NA,FALSE,0.25,NA,10,30,NA,NA,NA,Intron,FALSE,FALSE,FALSE,FALSE,4,2,2,2_2,e5c89fcf-cc57-4fad-a138-ea47ee9ea225,NA
17,60977519,60977519,1,snv_mnv,NA,NA,"broad,dkfz,muse,sanger",4,COSN9672144,NA,L2a,FALSE,0.3,NA,15,35,NA,NA,NA,IGR,FALSE,FALSE,FALSE,FALSE,4,2,2,2_2,e5c89fcf-cc57-4fad-a138-ea47ee9ea225,NA
17,61234177,61234177,1,snv_mnv,NA,NA,"broad,dkfz,muse,sanger",4,COSN9672195,NA,AluJr,FALSE,0.283,NA,15,38,NA,NA,NA,Intron,FALSE,FALSE,FALSE,FALSE,4,2,2,2_2,e5c89fcf-cc57-4fad-a138-ea47ee9ea225,TANC2
17,62645221,62645221,1,snv_mnv,NA,NA,"broad,dkfz,muse,sanger",4,COSN9672365,NA,NA,FALSE,0.2063,NA,13,50,NA,NA,NA,Intron,FALSE,FALSE,FALSE,FALSE,4,2,2,2_2,e5c89fcf-cc57-4fad-a138-ea47ee9ea225,NA
17,63145300,63145300,1,snv_mnv,NA,NA,"broad,dkfz,muse,sanger",4,COSN9672411,NA,AluSx1,FALSE,0.3824,NA,13,21,NA,NA,NA,Intron,FALSE,FALSE,FALSE,FALSE,4,2,2,2_2,e5c89fcf-cc57-4fad-a138-ea47ee9ea225,NA
17,63634669,63634669,1,snv_mnv,NA,NA,"broad,dkfz,muse,sanger",4,COSN9672490,NA,NA,FALSE,0.2778,NA,15,39,NA,NA,NA,Intron,FALSE,FALSE,FALSE,FALSE,4,2,2,2_2,e5c89fcf-cc57-4fad-a138-ea47ee9ea225,CEP112
17,64347798,64347798,1,snv_mnv,NA,NA,"broad,dkfz,muse,sanger",4,COSN9672585,NA,NA,FALSE,0.2353,NA,16,52,NA,NA,NA,Intron,FALSE,FALSE,FALSE,FALSE,4,2,2,2_2,e5c89fcf-cc57-4fad-a138-ea47ee9ea225,NA
17,65090590,65090590,1,snv_mnv,NA,NA,"broad,muse,sanger",3,COSN9672692,NA,Tigger1,FALSE,0.3333,NA,13,26,NA,NA,NA,Intron,FALSE,FALSE,FALSE,FALSE,4,2,2,2_2,e5c89fcf-cc57-4fad-a138-ea47ee9ea225,NA
17,65558996,65558996,1,snv_mnv,NA,NA,"broad,dkfz,muse,sanger",4,COSN15584831,NA,NA,FALSE,0.2692,NA,14,38,NA,NA,NA,Intron,FALSE,FALSE,FALSE,FALSE,4,2,2,2_2,e5c89fcf-cc57-4fad-a138-ea47ee9ea225,NA
17,65845567,65845567,1,snv_mnv,NA,NA,"broad,dkfz,muse,sanger",4,COSN9672790,NA,NA,FALSE,0.2222,NA,10,35,NA,NA,NA,Intron,FALSE,FALSE,FALSE,FALSE,4,2,2,2_2,e5c89fcf-cc57-4fad-a138-ea47ee9ea225,NA
17,66660672,66660672,1,snv_mnv,NA,NA,"broad,dkfz,muse,sanger",4,COSN15585399,NA,L1MC4a,FALSE,0.2308,NA,12,40,NA,NA,NA,lincRNA,FALSE,FALSE,FALSE,FALSE,4,2,2,2_2,e5c89fcf-cc57-4fad-a138-ea47ee9ea225,NA
17,67119855,67119855,1,snv_mnv,NA,NA,"broad,dkfz,muse,sanger",4,COSN9672951,NA,NA,FALSE,0.2361,NA,17,55,NA,NA,NA,Intron,FALSE,FALSE,FALSE,FALSE,4,2,2,2_2,e5c89fcf-cc57-4fad-a138-ea47ee9ea225,NA
17,68396869,68396869,1,snv_mnv,NA,NA,"broad,dkfz,muse,sanger",4,COSN9673153,NA,L2,FALSE,0.2326,NA,10,33,NA,NA,NA,IGR,FALSE,FALSE,FALSE,FALSE,4,2,2,2_2,e5c89fcf-cc57-4fad-a138-ea47ee9ea225,NA
17,69156751,69156751,1,snv_mnv,NA,NA,"broad,dkfz,muse,sanger",4,COSN9673286,NA,NA,FALSE,0.2857,NA,16,40,NA,NA,NA,lincRNA,FALSE,FALSE,FALSE,FALSE,4,2,2,2_2,e5c89fcf-cc57-4fad-a138-ea47ee9ea225,NA
17,69167687,69167687,1,snv_mnv,NA,NA,"broad,dkfz,muse,sanger",4,COSN9673287,NA,NA,FALSE,0.2951,NA,18,43,NA,NA,NA,lincRNA,FALSE,FALSE,FALSE,FALSE,4,2,2,2_2,e5c89fcf-cc57-4fad-a138-ea47ee9ea225,NA
17,69821441,69821441,1,snv_mnv,NA,NA,"broad,dkfz,muse,sanger",4,COSN9673381,NA,MER39,FALSE,0.2687,NA,18,49,NA,NA,NA,IGR,FALSE,FALSE,FALSE,FALSE,4,2,2,2_2,e5c89fcf-cc57-4fad-a138-ea47ee9ea225,AC005144.1
17,69860896,69860896,1,snv_mnv,NA,NA,"broad,dkfz,muse,sanger",4,COSN9673388,NA,NA,FALSE,0.2667,NA,16,44,NA,NA,NA,IGR,FALSE,FALSE,FALSE,FALSE,4,2,2,2_2,e5c89fcf-cc57-4fad-a138-ea47ee9ea225,NA
17,70207609,70207609,1,snv_mnv,NA,NA,"broad,dkfz,muse,sanger",4,COSN9673438,NA,NA,FALSE,0.3269,NA,17,35,NA,NA,NA,IGR,FALSE,FALSE,FALSE,FALSE,4,2,2,2_2,e5c89fcf-cc57-4fad-a138-ea47ee9ea225,NA
17,71046323,71046323,1,snv_mnv,NA,NA,"broad,dkfz,muse,sanger",4,COSN9673560,NA,L2a,FALSE,0.3235,NA,11,23,NA,NA,NA,Intron,FALSE,FALSE,FALSE,FALSE,4,2,2,2_2,e5c89fcf-cc57-4fad-a138-ea47ee9ea225,NA
17,71914246,71914246,1,snv_mnv,NA,NA,"broad,muse",2,COSN9673693,NA,AluJo,FALSE,0.3095,NA,13,29,NA,NA,NA,IGR,FALSE,FALSE,FALSE,FALSE,4,2,2,2_2,e5c89fcf-cc57-4fad-a138-ea47ee9ea225,NA
17,72962221,72962221,1,snv_mnv,NA,NA,"broad,dkfz,muse,sanger",4,COSN15585400,NA,AluSg7,FALSE,0.2439,NA,10,31,NA,NA,NA,Intron,FALSE,FALSE,FALSE,FALSE,4,2,2,2_2,e5c89fcf-cc57-4fad-a138-ea47ee9ea225,HID1-AS1
17,76809795,76809795,1,snv_mnv,NA,NA,"broad,dkfz,muse,sanger",4,COSN9674391,NA,NA,FALSE,0.25,NA,9,27,NA,NA,NA,Intron,FALSE,FALSE,FALSE,FALSE,4,2,2,2_2,e5c89fcf-cc57-4fad-a138-ea47ee9ea225,USP36
17,77415476,77415476,1,snv_mnv,NA,NA,"broad,dkfz,muse,sanger",4,COSN9674493,NA,NA,FALSE,0.3333,NA,6,12,NA,NA,NA,Intron,FALSE,FALSE,FALSE,FALSE,4,2,2,2_2,e5c89fcf-cc57-4fad-a138-ea47ee9ea225,NA
17,77736716,77736716,1,snv_mnv,NA,NA,"broad,dkfz,muse,sanger",4,COSN9674515,NA,L1MB7,FALSE,0.2286,NA,8,27,NA,NA,NA,IGR,FALSE,FALSE,FALSE,FALSE,4,2,2,2_2,e5c89fcf-cc57-4fad-a138-ea47ee9ea225,NA
17,78745212,78745212,1,snv_mnv,NA,NA,"broad,dkfz,muse",3,COSN9674651,NA,NA,FALSE,0.2963,NA,8,19,NA,NA,NA,Intron,FALSE,FALSE,FALSE,FALSE,4,2,2,2_2,e5c89fcf-cc57-4fad-a138-ea47ee9ea225,NA
17,79544709,79544709,1,snv_mnv,NA,NA,"dkfz,sanger",2,COSN15584836,NA,NA,FALSE,0.05,NA,1,19,NA,NA,NA,Intron,FALSE,FALSE,FALSE,FALSE,4,2,2,2_2,e5c89fcf-cc57-4fad-a138-ea47ee9ea225,RF00019
17,79586753,79586753,1,snv_mnv,NA,NA,"broad,dkfz,muse,sanger",4,COSN9674752,NA,AluSx1,FALSE,0.45,NA,9,11,NA,NA,NA,Intron,FALSE,FALSE,FALSE,FALSE,4,2,2,2_2,e5c89fcf-cc57-4fad-a138-ea47ee9ea225,NA
17,80494897,80494897,1,snv_mnv,NA,NA,"broad,dkfz,muse,sanger",4,COSN9674854,NA,NA,FALSE,0.2619,NA,11,31,NA,NA,NA,Intron,FALSE,FALSE,FALSE,FALSE,4,2,2,2_2,e5c89fcf-cc57-4fad-a138-ea47ee9ea225,NA
17,80843490,80843490,1,snv_mnv,NA,NA,"broad,dkfz,muse,sanger",4,COSN9674888,NA,NA,FALSE,0.2698,NA,17,46,NA,NA,NA,Intron,FALSE,FALSE,FALSE,FALSE,4,2,2,2_2,e5c89fcf-cc57-4fad-a138-ea47ee9ea225,TBCD
17,80999736,80999736,1,snv_mnv,NA,NA,"broad,dkfz,muse,sanger",4,COSN9674909,NA,L1M4b,FALSE,0.4194,NA,13,18,NA,NA,NA,Intron,FALSE,FALSE,FALSE,FALSE,4,2,2,2_2,e5c89fcf-cc57-4fad-a138-ea47ee9ea225,NA
18,1281974,1281974,1,snv_mnv,NA,NA,"broad,dkfz,muse,sanger",4,COSN9675705,NA,L1PA15,FALSE,0.3704,NA,20,34,NA,NA,NA,lincRNA,FALSE,FALSE,FALSE,FALSE,3,2,1,2_1,e5c89fcf-cc57-4fad-a138-ea47ee9ea225,NA
18,1683825,1683825,1,snv_mnv,NA,NA,"broad,dkfz,muse,sanger",4,COSN9676284,NA,L1MA7,FALSE,0.2143,NA,12,44,NA,NA,NA,lincRNA,FALSE,FALSE,FALSE,FALSE,3,2,1,2_1,e5c89fcf-cc57-4fad-a138-ea47ee9ea225,NA
18,1688861,1688861,1,snv_mnv,NA,NA,"broad,dkfz,muse,sanger",4,COSN9676285,NA,MER57-int,FALSE,0.3519,NA,19,35,NA,NA,NA,lincRNA,FALSE,FALSE,FALSE,FALSE,3,2,1,2_1,e5c89fcf-cc57-4fad-a138-ea47ee9ea225,NA
18,2076944,2076944,1,snv_mnv,NA,NA,"broad,dkfz,muse,sanger",4,COSN9676656,NA,L1MA8,FALSE,0.26,NA,13,37,NA,NA,NA,lincRNA,FALSE,FALSE,FALSE,FALSE,3,2,1,2_1,e5c89fcf-cc57-4fad-a138-ea47ee9ea225,NA
18,3703971,3703971,1,snv_mnv,NA,NA,"broad,dkfz,muse,sanger",4,COSN9837916,NA,NA,FALSE,0.4222,NA,19,26,NA,NA,NA,Intron,FALSE,FALSE,FALSE,FALSE,3,2,1,2_1,e5c89fcf-cc57-4fad-a138-ea47ee9ea225,DLGAP1
18,3843266,3843266,1,snv_mnv,NA,NA,"broad,dkfz,muse,sanger",4,COSN9838213,NA,NA,FALSE,0.2833,NA,17,43,NA,NA,NA,Intron,FALSE,FALSE,FALSE,FALSE,3,2,1,2_1,e5c89fcf-cc57-4fad-a138-ea47ee9ea225,NA
18,4248972,4248972,1,snv_mnv,NA,NA,"broad,dkfz,muse,sanger",4,COSN9838972,NA,L2a,FALSE,0.3333,NA,10,20,NA,NA,NA,Intron,FALSE,FALSE,FALSE,FALSE,3,2,1,2_1,e5c89fcf-cc57-4fad-a138-ea47ee9ea225,DLGAP1
18,4512048,4512048,1,snv_mnv,NA,NA,"broad,dkfz,muse,sanger",4,COSN9839394,NA,L1M1,FALSE,0.3443,NA,21,40,NA,NA,NA,IGR,FALSE,FALSE,FALSE,FALSE,3,2,1,2_1,e5c89fcf-cc57-4fad-a138-ea47ee9ea225,NA
18,5639310,5639310,1,snv_mnv,NA,NA,"broad,dkfz,muse,sanger",4,COSN9841228,NA,NA,FALSE,0.2955,NA,13,31,NA,NA,NA,IGR,FALSE,FALSE,FALSE,FALSE,3,2,1,2_1,e5c89fcf-cc57-4fad-a138-ea47ee9ea225,NA
18,5933854,5933854,1,snv_mnv,NA,NA,"broad,dkfz,muse,sanger",4,COSN9841799,NA,NA,FALSE,0.2453,NA,13,40,NA,NA,NA,IGR,FALSE,FALSE,FALSE,FALSE,3,2,1,2_1,e5c89fcf-cc57-4fad-a138-ea47ee9ea225,NA
18,7836295,7836295,1,snv_mnv,NA,NA,"broad,dkfz,muse,sanger",4,COSN9845463,NA,L1MA2,FALSE,0.2759,NA,16,42,NA,NA,NA,Intron,FALSE,FALSE,FALSE,FALSE,3,2,1,2_1,e5c89fcf-cc57-4fad-a138-ea47ee9ea225,NA
18,10085784,10085784,1,snv_mnv,NA,NA,"broad,dkfz,muse,sanger",4,COSN9675223,NA,NA,FALSE,0.2619,NA,11,31,NA,NA,NA,IGR,FALSE,FALSE,FALSE,FALSE,3,2,1,2_1,e5c89fcf-cc57-4fad-a138-ea47ee9ea225,NA
18,13767088,13767088,1,snv_mnv,NA,NA,"broad,dkfz,muse,sanger",4,COSN9675843,NA,L1PA15,FALSE,0.3191,NA,15,32,NA,NA,NA,IGR,FALSE,FALSE,FALSE,FALSE,3,2,1,2_1,e5c89fcf-cc57-4fad-a138-ea47ee9ea225,RNMT
18,23389889,23389889,1,snv_mnv,NA,NA,"broad,dkfz,muse,sanger",4,COSN15584841,NA,MIR3,FALSE,0.2174,NA,10,36,NA,NA,NA,IGR,FALSE,FALSE,FALSE,FALSE,3,2,1,2_1,e5c89fcf-cc57-4fad-a138-ea47ee9ea225,NA
18,24446094,24446094,1,snv_mnv,NA,NA,"broad,dkfz,muse,sanger",4,COSN9677247,NA,NA,FALSE,0.2535,NA,18,53,NA,NA,NA,5'Flank,FALSE,FALSE,FALSE,FALSE,3,2,1,2_1,e5c89fcf-cc57-4fad-a138-ea47ee9ea225,AQP4
18,26064848,26064848,1,snv_mnv,NA,NA,"broad,dkfz,muse,sanger",4,COSN9835890,rs549423023,L1MD1,FALSE,0.3333,NA,23,46,NA,NA,NA,IGR,FALSE,FALSE,FALSE,FALSE,3,2,1,2_1,e5c89fcf-cc57-4fad-a138-ea47ee9ea225,NA
18,26126768,26126768,1,snv_mnv,NA,NA,"broad,dkfz,muse",3,COSN9835914,NA,L3,FALSE,0.1724,NA,10,48,NA,NA,NA,IGR,FALSE,FALSE,FALSE,FALSE,3,2,1,2_1,e5c89fcf-cc57-4fad-a138-ea47ee9ea225,NA
18,26437856,26437856,1,snv_mnv,NA,NA,"broad,dkfz,muse,sanger",4,COSN9835992,NA,NA,FALSE,0.2289,NA,19,64,NA,NA,NA,IGR,FALSE,FALSE,FALSE,FALSE,3,2,1,2_1,e5c89fcf-cc57-4fad-a138-ea47ee9ea225,NA
18,26587744,26587744,1,snv_mnv,NA,NA,"broad,dkfz,muse,sanger",4,COSN9836038,NA,MER4D,FALSE,0.2903,NA,18,44,NA,NA,NA,IGR,FALSE,FALSE,FALSE,FALSE,3,2,1,2_1,e5c89fcf-cc57-4fad-a138-ea47ee9ea225,NA
18,26763564,26763564,1,snv_mnv,NA,NA,"broad,dkfz,muse,sanger",4,COSN9836093,NA,L1MC4,FALSE,0.3898,NA,23,36,NA,NA,NA,IGR,FALSE,FALSE,FALSE,FALSE,3,2,1,2_1,e5c89fcf-cc57-4fad-a138-ea47ee9ea225,NA
18,27354564,27354564,1,snv_mnv,NA,NA,"broad,dkfz,muse,sanger",4,COSN9836274,NA,NA,FALSE,0.2683,NA,22,60,NA,NA,NA,IGR,FALSE,FALSE,FALSE,FALSE,3,2,1,2_1,e5c89fcf-cc57-4fad-a138-ea47ee9ea225,NA
18,28038991,28038991,1,snv_mnv,NA,NA,"broad,dkfz,muse,sanger",4,COSN9836510,NA,L1PA5,FALSE,0.2941,NA,15,36,NA,NA,NA,IGR,FALSE,FALSE,FALSE,FALSE,3,2,1,2_1,e5c89fcf-cc57-4fad-a138-ea47ee9ea225,NA
18,29833696,29833696,1,snv_mnv,NA,NA,"broad,dkfz,muse,sanger",4,COSN9836808,NA,L1PB1,FALSE,0.3077,NA,8,18,NA,NA,NA,IGR,FALSE,FALSE,FALSE,FALSE,3,2,1,2_1,e5c89fcf-cc57-4fad-a138-ea47ee9ea225,AC015563.1
18,30841707,30841707,1,snv_mnv,NA,NA,"broad,dkfz,muse,sanger",4,COSN9836968,NA,AT_rich,FALSE,0.2128,NA,10,37,NA,NA,NA,Intron,FALSE,FALSE,FALSE,FALSE,3,2,1,2_1,e5c89fcf-cc57-4fad-a138-ea47ee9ea225,NA
18,32213642,32213642,1,snv_mnv,NA,NA,"broad,dkfz,muse,sanger",4,COSN15585225,NA,NA,FALSE,0.3235,NA,11,23,NA,NA,NA,Intron,FALSE,FALSE,FALSE,FALSE,3,2,1,2_1,e5c89fcf-cc57-4fad-a138-ea47ee9ea225,NA
18,33385854,33385854,1,snv_mnv,NA,NA,"broad,dkfz,muse,sanger",4,COSN9837308,NA,MamRep38,FALSE,0.2973,NA,11,26,NA,NA,NA,IGR,FALSE,FALSE,FALSE,FALSE,3,2,1,2_1,e5c89fcf-cc57-4fad-a138-ea47ee9ea225,NA
18,34954408,34954408,1,snv_mnv,NA,NA,"broad,dkfz,muse,sanger",4,COSN15585388,NA,NA,FALSE,0.2667,NA,8,22,NA,NA,NA,Intron,FALSE,FALSE,FALSE,FALSE,3,2,1,2_1,e5c89fcf-cc57-4fad-a138-ea47ee9ea225,NA
18,37815561,37815561,1,snv_mnv,NA,NA,"broad,dkfz,muse",3,COSN9838061,NA,NA,FALSE,0.3721,NA,16,27,NA,NA,NA,IGR,FALSE,FALSE,FALSE,FALSE,3,2,1,2_1,e5c89fcf-cc57-4fad-a138-ea47ee9ea225,NA
18,37894535,37894535,1,snv_mnv,NA,NA,"broad,dkfz,muse,sanger",4,COSN9838076,NA,NA,FALSE,0.2097,NA,13,49,NA,NA,NA,IGR,FALSE,FALSE,FALSE,FALSE,3,2,1,2_1,e5c89fcf-cc57-4fad-a138-ea47ee9ea225,NA
18,38540377,38540377,1,snv_mnv,NA,NA,"broad,dkfz,muse,sanger",4,COSN9838240,NA,L1MB7,FALSE,0.2069,NA,12,46,NA,NA,NA,IGR,FALSE,FALSE,FALSE,FALSE,3,2,1,2_1,e5c89fcf-cc57-4fad-a138-ea47ee9ea225,NA
18,39027654,39027654,1,snv_mnv,NA,NA,"broad,dkfz,muse,sanger",4,COSN9838343,NA,NA,FALSE,0.2,NA,16,64,NA,NA,NA,IGR,FALSE,FALSE,FALSE,FALSE,3,2,1,2_1,e5c89fcf-cc57-4fad-a138-ea47ee9ea225,NA
18,39099054,39099054,1,snv_mnv,NA,NA,"broad,dkfz,muse,sanger",4,COSN9838364,NA,NA,FALSE,0.2182,NA,12,43,NA,NA,NA,lincRNA,FALSE,FALSE,FALSE,FALSE,3,2,1,2_1,e5c89fcf-cc57-4fad-a138-ea47ee9ea225,AC021504.1
18,39099084,39099084,1,snv_mnv,NA,NA,"broad,dkfz,muse,sanger",4,COSN15585414,NA,NA,FALSE,0.1818,NA,10,45,NA,NA,NA,lincRNA,FALSE,FALSE,FALSE,FALSE,3,2,1,2_1,e5c89fcf-cc57-4fad-a138-ea47ee9ea225,AC021504.1
18,40207661,40207661,1,snv_mnv,NA,NA,"broad,dkfz,muse,sanger",4,COSN9838537,NA,Tigger7,FALSE,0.2609,NA,12,34,NA,NA,NA,IGR,FALSE,FALSE,FALSE,FALSE,3,2,1,2_1,e5c89fcf-cc57-4fad-a138-ea47ee9ea225,NA
18,40380008,40380008,1,snv_mnv,NA,NA,"broad,dkfz,muse,sanger",4,COSN9838556,NA,L2c,FALSE,0.2791,NA,12,31,NA,NA,NA,Intron,FALSE,FALSE,FALSE,FALSE,3,2,1,2_1,e5c89fcf-cc57-4fad-a138-ea47ee9ea225,NA
18,40921706,40921706,1,snv_mnv,NA,NA,"broad,dkfz,muse,sanger",4,COSN9838675,NA,L1MDa,FALSE,0.2143,NA,9,33,NA,NA,NA,IGR,FALSE,FALSE,FALSE,FALSE,3,2,1,2_1,e5c89fcf-cc57-4fad-a138-ea47ee9ea225,NA
18,42754547,42754547,1,snv_mnv,NA,NA,"broad,dkfz,muse,sanger",4,COSN9839003,NA,NA,FALSE,0.3273,NA,18,37,NA,NA,NA,RNA,FALSE,FALSE,FALSE,FALSE,3,2,1,2_1,e5c89fcf-cc57-4fad-a138-ea47ee9ea225,NA
18,43529065,43529065,1,snv_mnv,NA,NA,"broad,dkfz,muse,sanger",4,COSN9839095,NA,NA,FALSE,0.2619,NA,11,31,NA,NA,NA,Intron,FALSE,FALSE,FALSE,FALSE,3,2,1,2_1,e5c89fcf-cc57-4fad-a138-ea47ee9ea225,NA
18,44652467,44652467,1,snv_mnv,NA,NA,"broad,dkfz,muse,sanger",4,COSN9839286,NA,NA,FALSE,0.25,NA,15,45,NA,NA,NA,Intron,FALSE,FALSE,FALSE,FALSE,3,2,1,2_1,e5c89fcf-cc57-4fad-a138-ea47ee9ea225,HDHD2
18,45005925,45005925,1,snv_mnv,NA,NA,"broad,dkfz,muse,sanger",4,COSN9839368,NA,MIR,FALSE,0.2576,NA,17,49,NA,NA,NA,IGR,FALSE,FALSE,FALSE,FALSE,3,2,1,2_1,e5c89fcf-cc57-4fad-a138-ea47ee9ea225,NA
18,45450338,45450338,1,snv_mnv,NA,NA,"broad,dkfz,muse,sanger",4,COSN9839433,NA,AluSq,FALSE,0.275,NA,11,29,NA,NA,NA,Intron,FALSE,FALSE,FALSE,FALSE,3,2,1,2_1,e5c89fcf-cc57-4fad-a138-ea47ee9ea225,SMAD2
18,49073485,49073485,1,snv_mnv,NA,NA,"broad,dkfz,muse,sanger",4,COSN9840003,NA,L1MA7,FALSE,0.2381,NA,10,32,NA,NA,NA,RNA,FALSE,FALSE,FALSE,FALSE,3,2,1,2_1,e5c89fcf-cc57-4fad-a138-ea47ee9ea225,NA
18,50759036,50759036,1,snv_mnv,NA,NA,"broad,dkfz,muse,sanger",4,COSN15585145,NA,NA,FALSE,0.2,NA,11,44,NA,NA,NA,Intron,FALSE,FALSE,FALSE,FALSE,3,2,1,2_1,e5c89fcf-cc57-4fad-a138-ea47ee9ea225,MIR4528
18,52726546,52726546,1,snv_mnv,NA,NA,"broad,dkfz,muse,sanger",4,COSN9840584,NA,NA,FALSE,0.3061,NA,15,34,NA,NA,NA,IGR,FALSE,FALSE,FALSE,FALSE,3,2,1,2_1,e5c89fcf-cc57-4fad-a138-ea47ee9ea225,NA
18,54746237,54746237,1,snv_mnv,NA,NA,"broad,dkfz,muse,sanger",4,COSN15584847,NA,NA,FALSE,0.225,NA,9,31,NA,NA,NA,IGR,FALSE,FALSE,FALSE,FALSE,3,2,1,2_1,e5c89fcf-cc57-4fad-a138-ea47ee9ea225,NA
18,58147646,58147646,1,snv_mnv,NA,NA,"broad,dkfz,muse,sanger",4,COSN9841582,NA,AluSg7,FALSE,0.24,NA,12,38,NA,NA,NA,IGR,FALSE,FALSE,FALSE,FALSE,3,2,1,2_1,e5c89fcf-cc57-4fad-a138-ea47ee9ea225,NA
18,58485490,58485490,1,snv_mnv,NA,NA,"broad,dkfz,muse,sanger",4,COSN9841665,NA,L2a,FALSE,0.2963,NA,16,38,NA,NA,NA,lincRNA,FALSE,FALSE,FALSE,FALSE,3,2,1,2_1,e5c89fcf-cc57-4fad-a138-ea47ee9ea225,NA
18,58557871,58557871,1,snv_mnv,NA,NA,"broad,dkfz,muse,sanger",4,COSN15584911,NA,NA,FALSE,0.2787,NA,17,44,NA,NA,NA,lincRNA,FALSE,FALSE,FALSE,FALSE,3,2,1,2_1,e5c89fcf-cc57-4fad-a138-ea47ee9ea225,NA
18,59942662,59942662,1,snv_mnv,NA,NA,"broad,dkfz,muse,sanger",4,COSM4153998,NA,NA,FALSE,0.2414,NA,14,44,NA,NA,NA,Missense_Mutation,FALSE,FALSE,FALSE,FALSE,3,2,1,2_1,e5c89fcf-cc57-4fad-a138-ea47ee9ea225,RELCH
18,60707345,60707345,1,snv_mnv,NA,NA,"broad,dkfz,muse,sanger",4,COSN9841994,NA,NA,FALSE,0.3256,NA,14,29,NA,NA,NA,IGR,FALSE,FALSE,FALSE,FALSE,3,2,1,2_1,e5c89fcf-cc57-4fad-a138-ea47ee9ea225,NA
18,60717783,60717783,1,snv_mnv,NA,NA,"broad,dkfz,muse,sanger",4,COSN9841996,NA,NA,FALSE,0.3235,NA,11,23,NA,NA,NA,IGR,FALSE,FALSE,FALSE,FALSE,3,2,1,2_1,e5c89fcf-cc57-4fad-a138-ea47ee9ea225,NA
18,61982397,61982397,1,snv_mnv,NA,NA,"broad,dkfz,muse,sanger",4,COSN9842197,NA,L1MC1,FALSE,0.3038,NA,24,55,NA,NA,NA,lincRNA,FALSE,FALSE,FALSE,FALSE,3,2,1,2_1,e5c89fcf-cc57-4fad-a138-ea47ee9ea225,NA
18,62568716,62568716,1,snv_mnv,NA,NA,"broad,dkfz,muse,sanger",4,COSN9842353,NA,L1M4,FALSE,0.2931,NA,17,41,NA,NA,NA,IGR,FALSE,FALSE,FALSE,FALSE,3,2,1,2_1,e5c89fcf-cc57-4fad-a138-ea47ee9ea225,NA
18,63327748,63327748,1,snv_mnv,NA,NA,"broad,dkfz,muse,sanger",4,COSN9842558,NA,L2a,FALSE,0.2708,NA,13,35,NA,NA,NA,IGR,FALSE,FALSE,FALSE,FALSE,3,2,1,2_1,e5c89fcf-cc57-4fad-a138-ea47ee9ea225,NA
18,63496678,63496678,1,snv_mnv,NA,NA,"broad,dkfz,muse,sanger",4,COSN9842622,rs192531110,NA,FALSE,0.2821,NA,11,28,NA,NA,NA,Intron,FALSE,FALSE,FALSE,FALSE,3,2,1,2_1,e5c89fcf-cc57-4fad-a138-ea47ee9ea225,NA
18,63776518,63776518,1,snv_mnv,NA,NA,"broad,dkfz,muse,sanger",4,COSN9842703,NA,NA,FALSE,0.3276,NA,19,39,NA,NA,NA,IGR,FALSE,FALSE,FALSE,FALSE,3,2,1,2_1,e5c89fcf-cc57-4fad-a138-ea47ee9ea225,NA
18,64182472,64182472,1,snv_mnv,NA,NA,"broad,dkfz,muse,sanger",4,COSN9842844,NA,NA,FALSE,0.3286,NA,23,47,NA,NA,NA,Intron,FALSE,FALSE,FALSE,FALSE,3,2,1,2_1,e5c89fcf-cc57-4fad-a138-ea47ee9ea225,NA
18,64782018,64782018,1,snv_mnv,NA,NA,"broad,dkfz,muse,sanger",4,COSN9843052,NA,L1MA3,FALSE,0.4286,NA,24,32,NA,NA,NA,IGR,FALSE,FALSE,FALSE,FALSE,3,2,1,2_1,e5c89fcf-cc57-4fad-a138-ea47ee9ea225,NA
18,65015273,65015273,1,snv_mnv,NA,NA,"broad,dkfz,muse,sanger",4,COSN9843102,NA,NA,FALSE,0.25,NA,17,51,NA,NA,NA,IGR,FALSE,FALSE,FALSE,FALSE,3,2,1,2_1,e5c89fcf-cc57-4fad-a138-ea47ee9ea225,NA
18,65622810,65622810,1,snv_mnv,NA,NA,"broad,dkfz,muse,sanger",4,COSN9843208,NA,GA-rich,FALSE,0.25,NA,11,33,NA,NA,NA,lincRNA,FALSE,FALSE,FALSE,FALSE,3,2,1,2_1,e5c89fcf-cc57-4fad-a138-ea47ee9ea225,NA
18,65681679,65681679,1,snv_mnv,NA,NA,"broad,dkfz,muse,sanger",4,COSN9843216,NA,NA,FALSE,0.2963,NA,16,38,NA,NA,NA,IGR,FALSE,FALSE,FALSE,FALSE,3,2,1,2_1,e5c89fcf-cc57-4fad-a138-ea47ee9ea225,NA
18,65847344,65847344,1,snv_mnv,3.9936e-4,rs190347231,"broad,dkfz,muse,sanger",4,COSN9843259,rs190347231,NA,FALSE,0.1967,NA,12,49,NA,NA,NA,IGR,FALSE,FALSE,FALSE,FALSE,3,2,1,2_1,e5c89fcf-cc57-4fad-a138-ea47ee9ea225,NA
18,68978403,68978403,1,snv_mnv,NA,NA,"broad,dkfz,muse,sanger",4,COSN9843724,NA,L1MEg1,FALSE,0.193,NA,11,46,NA,NA,NA,IGR,FALSE,FALSE,FALSE,FALSE,3,2,1,2_1,e5c89fcf-cc57-4fad-a138-ea47ee9ea225,NA
18,68978412,68978412,1,snv_mnv,NA,NA,"broad,dkfz,muse,sanger",4,COSN9843725,NA,L1MEg1,FALSE,0.1774,NA,11,51,NA,NA,NA,IGR,FALSE,FALSE,FALSE,FALSE,3,2,1,2_1,e5c89fcf-cc57-4fad-a138-ea47ee9ea225,NA
18,69198931,69198931,1,snv_mnv,NA,NA,"broad,dkfz,muse,sanger",4,COSN9843769,NA,NA,FALSE,0.3,NA,15,35,NA,NA,NA,lincRNA,FALSE,FALSE,FALSE,FALSE,3,2,1,2_1,e5c89fcf-cc57-4fad-a138-ea47ee9ea225,NA
18,69784303,69784303,1,snv_mnv,NA,NA,"broad,dkfz,muse,sanger",4,COSN9843877,NA,NA,FALSE,0.3654,NA,19,33,NA,NA,NA,IGR,FALSE,FALSE,FALSE,FALSE,3,2,1,2_1,e5c89fcf-cc57-4fad-a138-ea47ee9ea225,NA
18,69926215,69926215,1,snv_mnv,NA,NA,"broad,dkfz,muse,sanger",4,COSN9843921,NA,L1ME1,FALSE,0.3171,NA,26,56,NA,NA,NA,IGR,FALSE,FALSE,FALSE,FALSE,3,2,1,2_1,e5c89fcf-cc57-4fad-a138-ea47ee9ea225,NA
18,70057019,70057019,1,snv_mnv,NA,NA,"broad,dkfz,muse,sanger",4,COSN9843963,NA,ERVL-B4-int,FALSE,0.2969,NA,19,45,NA,NA,NA,IGR,FALSE,FALSE,FALSE,FALSE,3,2,1,2_1,e5c89fcf-cc57-4fad-a138-ea47ee9ea225,NA
18,71588997,71588997,1,snv_mnv,NA,NA,"broad,dkfz,muse,sanger",4,COSN15585334,NA,NA,FALSE,0.3659,NA,15,26,NA,NA,NA,lincRNA,FALSE,FALSE,FALSE,FALSE,3,2,1,2_1,e5c89fcf-cc57-4fad-a138-ea47ee9ea225,AC010947.1
18,73659349,73659349,1,snv_mnv,NA,NA,"broad,dkfz,muse,sanger",4,COSN9844640,NA,NA,FALSE,0.3019,NA,16,37,NA,NA,NA,IGR,FALSE,FALSE,FALSE,FALSE,3,2,1,2_1,e5c89fcf-cc57-4fad-a138-ea47ee9ea225,NA
18,73790857,73790857,1,snv_mnv,NA,NA,"broad,dkfz,muse,sanger",4,COSN9844673,NA,L1ME2,FALSE,0.3548,NA,11,20,NA,NA,NA,IGR,FALSE,FALSE,FALSE,FALSE,3,2,1,2_1,e5c89fcf-cc57-4fad-a138-ea47ee9ea225,NA
18,74272523,74272523,1,snv_mnv,NA,NA,"broad,dkfz,muse,sanger",4,COSN9844755,NA,L1PA15,FALSE,0.1562,NA,5,27,NA,NA,NA,Intron,FALSE,FALSE,FALSE,FALSE,3,2,1,2_1,e5c89fcf-cc57-4fad-a138-ea47ee9ea225,LINC00908
18,76216558,76216558,1,snv_mnv,NA,NA,"broad,dkfz,muse,sanger",4,COSN9845145,NA,NA,FALSE,0.2439,NA,10,31,NA,NA,NA,IGR,FALSE,FALSE,FALSE,FALSE,3,2,1,2_1,e5c89fcf-cc57-4fad-a138-ea47ee9ea225,NA
18,77520246,77520246,1,snv_mnv,NA,NA,"broad,dkfz,muse,sanger",4,COSN9845397,NA,L1MC1,FALSE,0.2353,NA,12,39,NA,NA,NA,IGR,FALSE,FALSE,FALSE,FALSE,3,2,1,2_1,e5c89fcf-cc57-4fad-a138-ea47ee9ea225,CTDP1
19,3168913,3168913,1,snv_mnv,NA,NA,"broad,muse,sanger",3,COSN9848954,NA,AluY,FALSE,0.4583,NA,11,13,NA,NA,NA,IGR,FALSE,FALSE,FALSE,FALSE,4,2,2,2_2,e5c89fcf-cc57-4fad-a138-ea47ee9ea225,S1PR4
19,3168914,3168914,1,snv_mnv,NA,NA,"broad,muse,sanger",3,COSN9848955,NA,AluY,FALSE,0.4783,NA,11,12,NA,NA,NA,IGR,FALSE,FALSE,FALSE,FALSE,4,2,2,2_2,e5c89fcf-cc57-4fad-a138-ea47ee9ea225,S1PR4
19,14728866,14728866,1,snv_mnv,NA,NA,"broad,dkfz,muse,sanger",4,COSN9846281,NA,NA,FALSE,0.25,NA,8,24,NA,NA,NA,IGR,FALSE,FALSE,FALSE,FALSE,4,2,2,2_2,e5c89fcf-cc57-4fad-a138-ea47ee9ea225,"ADGRE3,AC022149.1"
19,15976308,15976308,1,snv_mnv,NA,NA,"broad,dkfz,muse,sanger",4,COSN15584837,NA,L1PREC2,FALSE,0.2041,NA,10,39,NA,NA,NA,RNA,FALSE,FALSE,FALSE,FALSE,4,2,2,2_2,e5c89fcf-cc57-4fad-a138-ea47ee9ea225,LINC01835
19,17996428,17996428,1,snv_mnv,NA,NA,"broad,dkfz,muse,sanger",4,COSN9846756,NA,AluJb,FALSE,0.3571,NA,15,27,NA,NA,NA,Intron,FALSE,FALSE,FALSE,FALSE,4,2,2,2_2,e5c89fcf-cc57-4fad-a138-ea47ee9ea225,NA
19,18379949,18379949,1,snv_mnv,NA,NA,"broad,muse",2,COSN15585273,NA,AluSx,FALSE,0.381,NA,8,13,NA,NA,NA,Intron,FALSE,FALSE,FALSE,FALSE,4,2,2,2_2,e5c89fcf-cc57-4fad-a138-ea47ee9ea225,NA
19,20047576,20047576,1,snv_mnv,NA,NA,"broad,dkfz,muse,sanger",4,COSN9846993,NA,NA,FALSE,0.2059,NA,14,54,NA,NA,NA,IGR,FALSE,FALSE,FALSE,FALSE,4,2,2,2_2,e5c89fcf-cc57-4fad-a138-ea47ee9ea225,ZNF93
19,20223409,20223409,1,snv_mnv,NA,NA,"broad,dkfz,muse,sanger",4,COSN9847026,NA,AluSx,FALSE,0.25,NA,10,30,NA,NA,NA,Intron,FALSE,FALSE,FALSE,FALSE,4,2,2,2_2,e5c89fcf-cc57-4fad-a138-ea47ee9ea225,NA
19,22188087,22188087,1,snv_mnv,NA,NA,"broad,dkfz,muse,sanger",4,COSN9847301,NA,NA,FALSE,0.4167,NA,15,21,NA,NA,NA,Intron,FALSE,FALSE,FALSE,FALSE,4,2,2,2_2,e5c89fcf-cc57-4fad-a138-ea47ee9ea225,NA
19,23121790,23121790,1,snv_mnv,NA,NA,"broad,dkfz,muse,sanger",4,COSN9847562,NA,NA,FALSE,0.2353,NA,12,39,NA,NA,NA,IGR,FALSE,FALSE,FALSE,FALSE,4,2,2,2_2,e5c89fcf-cc57-4fad-a138-ea47ee9ea225,NA
19,23189052,23189052,1,snv_mnv,NA,NA,"broad,muse,sanger",3,COSN9847577,NA,L1PB,FALSE,0.2836,NA,19,48,NA,NA,NA,IGR,FALSE,FALSE,FALSE,FALSE,4,2,2,2_2,e5c89fcf-cc57-4fad-a138-ea47ee9ea225,ZNF728
19,23439621,23439621,1,snv_mnv,NA,NA,"broad,muse,sanger",3,COSN9847641,NA,BSR/Beta,FALSE,0.2794,NA,19,49,NA,NA,NA,lincRNA,FALSE,FALSE,FALSE,FALSE,4,2,2,2_2,e5c89fcf-cc57-4fad-a138-ea47ee9ea225,"AC092329.4,IPO5P1,AC092329.1"
19,23838455,23838455,1,snv_mnv,NA,NA,"broad,dkfz,muse,sanger",4,COSN9847719,NA,MSTB,FALSE,0.2857,NA,10,25,NA,NA,NA,Intron,FALSE,FALSE,FALSE,FALSE,4,2,2,2_2,e5c89fcf-cc57-4fad-a138-ea47ee9ea225,ZNF675
19,24113419,24113419,1,snv_mnv,NA,NA,"broad,dkfz,muse,sanger",4,COSN9847755,NA,NA,FALSE,0.3273,NA,18,37,NA,NA,NA,Intron,FALSE,FALSE,FALSE,FALSE,4,2,2,2_2,e5c89fcf-cc57-4fad-a138-ea47ee9ea225,"ZNF92P3,AC011503.2"
19,24164847,24164847,1,snv_mnv,NA,NA,"broad,muse,sanger",3,COSN9847773,NA,BSR/Beta,FALSE,0.3276,NA,19,39,NA,NA,NA,IGR,FALSE,FALSE,FALSE,FALSE,4,2,2,2_2,e5c89fcf-cc57-4fad-a138-ea47ee9ea225,NA
19,24470284,24470284,1,snv_mnv,NA,NA,"broad,muse",2,COSN9847841,NA,ALR/Alpha,FALSE,0.3617,NA,17,30,NA,NA,NA,IGR,FALSE,FALSE,FALSE,FALSE,4,2,2,2_2,e5c89fcf-cc57-4fad-a138-ea47ee9ea225,NA
19,27770144,27770144,1,snv_mnv,1.9968e-4,rs142613991,"broad,muse",2,COSN9847955,rs142613991,ALR/Alpha,FALSE,0.3469,NA,17,32,NA,NA,NA,IGR,FALSE,FALSE,FALSE,FALSE,4,2,2,2_2,e5c89fcf-cc57-4fad-a138-ea47ee9ea225,NA
19,27896525,27896525,1,snv_mnv,NA,NA,"broad,muse",2,COSN9848045,NA,ALR/Alpha,FALSE,0.2414,NA,14,44,NA,NA,NA,IGR,FALSE,FALSE,FALSE,FALSE,4,2,2,2_2,e5c89fcf-cc57-4fad-a138-ea47ee9ea225,NA
19,28059968,28059968,1,snv_mnv,NA,NA,"broad,muse",2,COSN9848099,NA,ALR/Alpha,FALSE,0.32,NA,16,34,NA,NA,NA,IGR,FALSE,FALSE,FALSE,FALSE,4,2,2,2_2,e5c89fcf-cc57-4fad-a138-ea47ee9ea225,NA
19,28863702,28863702,1,snv_mnv,NA,NA,"broad,dkfz,muse,sanger",4,COSN9848278,NA,MER21B,FALSE,0.2727,NA,15,40,NA,NA,NA,lincRNA,FALSE,FALSE,FALSE,FALSE,4,2,2,2_2,e5c89fcf-cc57-4fad-a138-ea47ee9ea225,NA
19,28904328,28904328,1,snv_mnv,NA,NA,"broad,dkfz,muse,sanger",4,COSN9848293,NA,NA,FALSE,0.2692,NA,14,38,NA,NA,NA,IGR,FALSE,FALSE,FALSE,FALSE,4,2,2,2_2,e5c89fcf-cc57-4fad-a138-ea47ee9ea225,NA
19,29053968,29053968,1,snv_mnv,NA,NA,"broad,dkfz,muse,sanger",4,COSN9848327,NA,NA,FALSE,0.325,NA,13,27,NA,NA,NA,lincRNA,FALSE,FALSE,FALSE,FALSE,4,2,2,2_2,e5c89fcf-cc57-4fad-a138-ea47ee9ea225,NA
19,29324275,29324275,1,snv_mnv,NA,NA,"broad,dkfz,muse,sanger",4,COSN9848377,NA,NA,FALSE,0.3438,NA,11,21,NA,NA,NA,IGR,FALSE,FALSE,FALSE,FALSE,4,2,2,2_2,e5c89fcf-cc57-4fad-a138-ea47ee9ea225,NA
19,29371054,29371054,1,snv_mnv,NA,NA,"broad,dkfz,muse,sanger",4,COSN9848386,NA,L1MA3,FALSE,0.25,NA,8,24,NA,NA,NA,lincRNA,FALSE,FALSE,FALSE,FALSE,4,2,2,2_2,e5c89fcf-cc57-4fad-a138-ea47ee9ea225,"AC007795.1,AC008991.1"
19,29796583,29796583,1,snv_mnv,NA,NA,"broad,dkfz,muse",3,COSN9848455,NA,(TAGA)n,FALSE,0.25,NA,21,63,NA,NA,NA,RNA,FALSE,FALSE,FALSE,FALSE,4,2,2,2_2,e5c89fcf-cc57-4fad-a138-ea47ee9ea225,NA
19,29961101,29961101,1,snv_mnv,NA,NA,"broad,dkfz,muse",3,COSN15585285,NA,L1ME1,FALSE,0.3077,NA,12,27,NA,NA,NA,RNA,FALSE,FALSE,FALSE,FALSE,4,2,2,2_2,e5c89fcf-cc57-4fad-a138-ea47ee9ea225,NA
19,30093409,30093409,1,snv_mnv,NA,NA,"broad,muse,sanger",3,COSN15585477,NA,NA,FALSE,0.1957,NA,9,37,NA,NA,NA,5'Flank,FALSE,FALSE,FALSE,FALSE,4,2,2,2_2,e5c89fcf-cc57-4fad-a138-ea47ee9ea225,POP4
19,31324169,31324169,1,snv_mnv,NA,NA,"broad,dkfz,muse,sanger",4,COSN9848836,NA,NA,FALSE,0.2258,NA,14,48,NA,NA,NA,IGR,FALSE,FALSE,FALSE,FALSE,4,2,2,2_2,e5c89fcf-cc57-4fad-a138-ea47ee9ea225,NA
19,32172729,32172729,1,snv_mnv,NA,NA,"broad,dkfz,muse,sanger",4,COSN9849085,NA,NA,FALSE,0.3636,NA,16,28,NA,NA,NA,IGR,FALSE,FALSE,FALSE,FALSE,4,2,2,2_2,e5c89fcf-cc57-4fad-a138-ea47ee9ea225,NA
19,32365227,32365227,1,snv_mnv,3.9936e-4,rs141600541,"broad,muse",2,COSN8259415,rs141600541,(TCCA)n,FALSE,0.1186,NA,7,52,NA,NA,NA,IGR,FALSE,FALSE,FALSE,FALSE,4,2,2,2_2,e5c89fcf-cc57-4fad-a138-ea47ee9ea225,NA
19,32671702,32671702,1,snv_mnv,NA,NA,"broad,dkfz,muse,sanger",4,COSN9849224,NA,NA,FALSE,0.3793,NA,11,18,NA,NA,NA,IGR,FALSE,FALSE,FALSE,FALSE,4,2,2,2_2,e5c89fcf-cc57-4fad-a138-ea47ee9ea225,NA
19,35670191,35670191,1,snv_mnv,NA,NA,"dkfz,muse,sanger",3,COSN9849644,NA,MLT2F,FALSE,0.2778,NA,5,13,NA,NA,NA,IGR,FALSE,FALSE,FALSE,FALSE,4,2,2,2_2,e5c89fcf-cc57-4fad-a138-ea47ee9ea225,NA
19,35717089,35717089,1,snv_mnv,NA,NA,"broad,dkfz,muse,sanger",4,COSN9849650,NA,AluJb,FALSE,0.3143,NA,11,24,NA,NA,NA,Intron,FALSE,FALSE,FALSE,FALSE,4,2,2,2_2,e5c89fcf-cc57-4fad-a138-ea47ee9ea225,NA
19,36616253,36616253,1,snv_mnv,NA,NA,"broad,dkfz,muse,sanger",4,COSN9849762,NA,NA,FALSE,0.3636,NA,8,14,NA,NA,NA,Intron,FALSE,FALSE,FALSE,FALSE,4,2,2,2_2,e5c89fcf-cc57-4fad-a138-ea47ee9ea225,TBCB
19,38189833,38189833,1,snv_mnv,NA,NA,"broad,dkfz,muse,sanger",4,COSM4154186,NA,NA,FALSE,0.2381,NA,10,32,NA,NA,NA,Missense_Mutation,FALSE,FALSE,FALSE,FALSE,4,2,2,2_2,e5c89fcf-cc57-4fad-a138-ea47ee9ea225,ZNF607
19,44871839,44871839,1,snv_mnv,NA,NA,"broad,dkfz,muse,sanger",4,COSN9850900,NA,NA,FALSE,0.2653,NA,13,36,NA,NA,NA,Intron,FALSE,FALSE,FALSE,FALSE,4,2,2,2_2,e5c89fcf-cc57-4fad-a138-ea47ee9ea225,ZNF112
19,50694544,50694544,1,snv_mnv,NA,NA,"broad,dkfz,muse,sanger",4,COSN9851624,NA,NA,FALSE,0.3519,NA,19,35,NA,NA,NA,Intron,FALSE,FALSE,FALSE,FALSE,4,2,2,2_2,e5c89fcf-cc57-4fad-a138-ea47ee9ea225,NA
19,52320633,52320633,1,snv_mnv,NA,NA,"broad,dkfz,muse,sanger",4,COSN9851917,NA,LTR54,FALSE,0.2581,NA,16,46,NA,NA,NA,Intron,FALSE,FALSE,FALSE,FALSE,4,2,2,2_2,e5c89fcf-cc57-4fad-a138-ea47ee9ea225,FPR3
19,53651994,53651994,1,snv_mnv,NA,NA,"broad,dkfz,muse,sanger",4,COSM4154339,NA,NA,FALSE,0.2264,NA,12,41,NA,NA,NA,Missense_Mutation,FALSE,FALSE,FALSE,FALSE,4,2,2,2_2,e5c89fcf-cc57-4fad-a138-ea47ee9ea225,ZNF347
19,54177546,54177546,1,snv_mnv,NA,NA,"broad,dkfz,muse,sanger",4,COSN9852198,NA,NA,FALSE,0.38,NA,19,31,NA,NA,NA,RNA,FALSE,FALSE,FALSE,FALSE,4,2,2,2_2,e5c89fcf-cc57-4fad-a138-ea47ee9ea225,"MIR515-1,MIR520E"
19,56001755,56001755,1,snv_mnv,NA,NA,"broad,dkfz,muse",3,COSM1396594,rs748737671,NA,FALSE,0.2727,NA,3,8,NA,NA,NA,Missense_Mutation,FALSE,FALSE,FALSE,FALSE,4,2,2,2_2,e5c89fcf-cc57-4fad-a138-ea47ee9ea225,"SSC5D,NAT14"
19,57389999,57389999,1,snv_mnv,NA,NA,"broad,dkfz,muse,sanger",4,COSN9852733,NA,Tigger3c,FALSE,0.2963,NA,8,19,NA,NA,NA,IGR,FALSE,FALSE,FALSE,FALSE,4,2,2,2_2,e5c89fcf-cc57-4fad-a138-ea47ee9ea225,NA
19,57511360,57511360,1,snv_mnv,NA,NA,"broad,dkfz,muse,sanger",4,COSN9852760,NA,NA,FALSE,0.3333,NA,16,32,NA,NA,NA,IGR,FALSE,FALSE,FALSE,FALSE,4,2,2,2_2,e5c89fcf-cc57-4fad-a138-ea47ee9ea225,NA
19,57527410,57527410,1,snv_mnv,NA,NA,"broad,dkfz,muse,sanger",4,COSN9852767,rs747570951,NA,FALSE,0.35,NA,14,26,NA,NA,NA,IGR,FALSE,FALSE,FALSE,FALSE,4,2,2,2_2,e5c89fcf-cc57-4fad-a138-ea47ee9ea225,NA
2,1094444,1094444,1,snv_mnv,NA,NA,"broad,dkfz,muse",3,COSN15584908,NA,NA,FALSE,0.1961,NA,10,41,NA,NA,NA,Intron,FALSE,FALSE,FALSE,FALSE,4,2,2,2_2,e5c89fcf-cc57-4fad-a138-ea47ee9ea225,SNTG2
2,2172459,2172459,1,snv_mnv,NA,NA,"broad,dkfz,muse,sanger",4,COSN15584863,NA,NA,FALSE,0.1957,NA,9,37,NA,NA,NA,Intron,FALSE,FALSE,FALSE,FALSE,4,2,2,2_2,e5c89fcf-cc57-4fad-a138-ea47ee9ea225,NA
2,2927664,2927664,1,snv_mnv,NA,NA,"broad,dkfz,muse,sanger",4,COSN9998438,NA,L1MC2,FALSE,0.2615,NA,17,48,NA,NA,NA,lincRNA,FALSE,FALSE,FALSE,FALSE,4,2,2,2_2,e5c89fcf-cc57-4fad-a138-ea47ee9ea225,NA
2,3414935,3414935,1,snv_mnv,NA,NA,"broad,dkfz,muse,sanger",4,COSN9999181,NA,NA,FALSE,0.2727,NA,12,32,NA,NA,NA,Intron,FALSE,FALSE,FALSE,FALSE,4,2,2,2_2,e5c89fcf-cc57-4fad-a138-ea47ee9ea225,NA
2,3907956,3907956,1,snv_mnv,NA,NA,"broad,dkfz,muse,sanger",4,COSN9999991,NA,NA,FALSE,0.3194,NA,23,49,NA,NA,NA,IGR,FALSE,FALSE,FALSE,FALSE,4,2,2,2_2,e5c89fcf-cc57-4fad-a138-ea47ee9ea225,NA
2,4054117,4054117,1,snv_mnv,NA,NA,"broad,dkfz,muse,sanger",4,COSN10000232,NA,Charlie2b,FALSE,0.2687,NA,18,49,NA,NA,NA,IGR,FALSE,FALSE,FALSE,FALSE,4,2,2,2_2,e5c89fcf-cc57-4fad-a138-ea47ee9ea225,NA
2,4635434,4635434,1,snv_mnv,NA,NA,"broad,dkfz,muse,sanger",4,COSN10001198,NA,L1M4,FALSE,0.2152,NA,17,62,NA,NA,NA,IGR,FALSE,FALSE,FALSE,FALSE,4,2,2,2_2,e5c89fcf-cc57-4fad-a138-ea47ee9ea225,NA
2,4676022,4676022,1,snv_mnv,NA,NA,"broad,dkfz,muse,sanger",4,COSN10001261,NA,NA,FALSE,0.3016,NA,19,44,NA,NA,NA,lincRNA,FALSE,FALSE,FALSE,FALSE,4,2,2,2_2,e5c89fcf-cc57-4fad-a138-ea47ee9ea225,LINC01249
2,5154857,5154857,1,snv_mnv,NA,NA,"broad,dkfz,muse,sanger",4,COSN14885551,NA,NA,FALSE,0.2115,NA,11,41,NA,NA,NA,IGR,FALSE,FALSE,FALSE,FALSE,4,2,2,2_2,e5c89fcf-cc57-4fad-a138-ea47ee9ea225,NA
2,5956494,5956494,1,snv_mnv,NA,NA,"broad,dkfz,muse,sanger",4,COSN10004075,NA,MER3,FALSE,0.2609,NA,12,34,NA,NA,NA,IGR,FALSE,FALSE,FALSE,FALSE,4,2,2,2_2,e5c89fcf-cc57-4fad-a138-ea47ee9ea225,LINC01810
2,6369141,6369141,1,snv_mnv,NA,NA,"broad,dkfz,muse,sanger",4,COSN10004780,NA,L1ME3A,FALSE,0.25,NA,16,48,NA,NA,NA,IGR,FALSE,FALSE,FALSE,FALSE,4,2,2,2_2,e5c89fcf-cc57-4fad-a138-ea47ee9ea225,NA
2,6758511,6758511,1,snv_mnv,NA,NA,"broad,dkfz,muse,sanger",4,COSN15585441,NA,NA,FALSE,0.2319,NA,16,53,NA,NA,NA,IGR,FALSE,FALSE,FALSE,FALSE,4,2,2,2_2,e5c89fcf-cc57-4fad-a138-ea47ee9ea225,NA
2,9633477,9633477,1,snv_mnv,NA,NA,"broad,dkfz,muse,sanger",4,COSN10010328,NA,NA,FALSE,0.3056,NA,22,50,NA,NA,NA,Intron,FALSE,FALSE,FALSE,FALSE,4,2,2,2_2,e5c89fcf-cc57-4fad-a138-ea47ee9ea225,IAH1
2,11746615,11746615,1,snv_mnv,NA,NA,"broad,dkfz,muse,sanger",4,COSN9856278,NA,L1ME1,FALSE,0.2679,NA,15,41,NA,NA,NA,Intron,FALSE,FALSE,FALSE,FALSE,4,2,2,2_2,e5c89fcf-cc57-4fad-a138-ea47ee9ea225,NA
2,11939892,11939892,1,snv_mnv,NA,NA,"broad,dkfz,muse,sanger",4,COSN9856718,NA,NA,FALSE,0.3462,NA,18,34,NA,NA,NA,Intron,FALSE,FALSE,FALSE,FALSE,4,2,2,2_2,e5c89fcf-cc57-4fad-a138-ea47ee9ea225,LPIN1
2,12300731,12300731,1,snv_mnv,NA,NA,"broad,dkfz,muse,sanger",4,COSN9857275,NA,L1MB8,FALSE,0.3704,NA,10,17,NA,NA,NA,lincRNA,FALSE,FALSE,FALSE,FALSE,4,2,2,2_2,e5c89fcf-cc57-4fad-a138-ea47ee9ea225,NA
2,13244958,13244958,1,snv_mnv,NA,NA,"broad,dkfz,muse,sanger",4,COSN9859177,NA,NA,FALSE,0.3714,NA,26,44,NA,NA,NA,IGR,FALSE,FALSE,FALSE,FALSE,4,2,2,2_2,e5c89fcf-cc57-4fad-a138-ea47ee9ea225,NA
2,13454523,13454523,1,snv_mnv,NA,NA,"broad,dkfz,muse,sanger",4,COSN9859674,NA,L1PA10,FALSE,0.3276,NA,19,39,NA,NA,NA,IGR,FALSE,FALSE,FALSE,FALSE,4,2,2,2_2,e5c89fcf-cc57-4fad-a138-ea47ee9ea225,NA
2,13742652,13742652,1,snv_mnv,NA,NA,"broad,dkfz,muse,sanger",4,COSN9860130,NA,NA,FALSE,0.2353,NA,16,52,NA,NA,NA,lincRNA,FALSE,FALSE,FALSE,FALSE,4,2,2,2_2,e5c89fcf-cc57-4fad-a138-ea47ee9ea225,NA
2,14504877,14504877,1,snv_mnv,NA,NA,"broad,dkfz,muse,sanger",4,COSN9861823,NA,NA,FALSE,0.2889,NA,13,32,NA,NA,NA,lincRNA,FALSE,FALSE,FALSE,FALSE,4,2,2,2_2,e5c89fcf-cc57-4fad-a138-ea47ee9ea225,NA
2,14544697,14544697,1,snv_mnv,NA,NA,"broad,dkfz,muse,sanger",4,COSN9861884,NA,Charlie1a,FALSE,0.2609,NA,18,51,NA,NA,NA,IGR,FALSE,FALSE,FALSE,FALSE,4,2,2,2_2,e5c89fcf-cc57-4fad-a138-ea47ee9ea225,LINC00276
2,14545334,14545334,1,snv_mnv,NA,NA,"broad,dkfz,muse,sanger",4,COSN9861885,NA,Charlie1a,FALSE,0.3108,NA,23,51,NA,NA,NA,IGR,FALSE,FALSE,FALSE,FALSE,4,2,2,2_2,e5c89fcf-cc57-4fad-a138-ea47ee9ea225,LINC00276
2,14962212,14962212,1,snv_mnv,NA,NA,"broad,dkfz,muse,sanger",4,COSN9862677,NA,NA,FALSE,0.2812,NA,18,46,NA,NA,NA,IGR,FALSE,FALSE,FALSE,FALSE,4,2,2,2_2,e5c89fcf-cc57-4fad-a138-ea47ee9ea225,NA
2,15593103,15593103,1,snv_mnv,NA,NA,"broad,dkfz,muse,sanger",4,COSN9863763,NA,NA,FALSE,0.2593,NA,14,40,NA,NA,NA,Intron,FALSE,FALSE,FALSE,FALSE,4,2,2,2_2,e5c89fcf-cc57-4fad-a138-ea47ee9ea225,NA
2,16484483,16484483,1,snv_mnv,NA,NA,"broad,dkfz,muse,sanger",4,COSN15585291,NA,NA,FALSE,0.2667,NA,8,22,NA,NA,NA,IGR,FALSE,FALSE,FALSE,FALSE,4,2,2,2_2,e5c89fcf-cc57-4fad-a138-ea47ee9ea225,"AC010745.2,AC010745.5"
2,17029708,17029708,1,snv_mnv,NA,NA,"broad,dkfz,muse,sanger",4,COSN9866307,NA,HERVL40-int,FALSE,0.2698,NA,17,46,NA,NA,NA,IGR,FALSE,FALSE,FALSE,FALSE,4,2,2,2_2,e5c89fcf-cc57-4fad-a138-ea47ee9ea225,NA
2,17240808,17240808,1,snv_mnv,NA,NA,"dkfz,sanger",2,COSN9866602,NA,NA,FALSE,0.2949,NA,23,55,NA,NA,NA,IGR,FALSE,FALSE,FALSE,FALSE,4,2,2,2_2,e5c89fcf-cc57-4fad-a138-ea47ee9ea225,NA
2,17488211,17488211,1,snv_mnv,NA,NA,"broad,dkfz,muse,sanger",4,COSN9866945,NA,NA,FALSE,0.3387,NA,21,41,NA,NA,NA,IGR,FALSE,FALSE,FALSE,FALSE,4,2,2,2_2,e5c89fcf-cc57-4fad-a138-ea47ee9ea225,NA
2,17660421,17660421,1,snv_mnv,NA,NA,"broad,dkfz,muse,sanger",4,COSN9867214,NA,L2b,FALSE,0.25,NA,12,36,NA,NA,NA,IGR,FALSE,FALSE,FALSE,FALSE,4,2,2,2_2,e5c89fcf-cc57-4fad-a138-ea47ee9ea225,NA
2,18158972,18158972,1,snv_mnv,NA,NA,"broad,dkfz,muse,sanger",4,COSN9867965,NA,NA,FALSE,0.2653,NA,13,36,NA,NA,NA,Intron,FALSE,FALSE,FALSE,FALSE,4,2,2,2_2,e5c89fcf-cc57-4fad-a138-ea47ee9ea225,NA
2,18672348,18672348,1,snv_mnv,NA,NA,"broad,dkfz,muse,sanger",4,COSN9868954,NA,L1MEe,FALSE,0.2453,NA,13,40,NA,NA,NA,IGR,FALSE,FALSE,FALSE,FALSE,4,2,2,2_2,e5c89fcf-cc57-4fad-a138-ea47ee9ea225,NA
2,19017071,19017071,1,snv_mnv,NA,NA,"broad,dkfz,muse,sanger",4,COSN9869497,NA,NA,FALSE,0.322,NA,19,40,NA,NA,NA,IGR,FALSE,FALSE,FALSE,FALSE,4,2,2,2_2,e5c89fcf-cc57-4fad-a138-ea47ee9ea225,NA
2,19575609,19575609,1,snv_mnv,NA,NA,"broad,dkfz,muse,sanger",4,COSN9870514,NA,MLT2B4,FALSE,0.3036,NA,17,39,NA,NA,NA,IGR,FALSE,FALSE,FALSE,FALSE,4,2,2,2_2,e5c89fcf-cc57-4fad-a138-ea47ee9ea225,NA
2,20005618,20005618,1,snv_mnv,NA,NA,"broad,dkfz,muse,sanger",4,COSN9871244,NA,NA,FALSE,0.3478,NA,16,30,NA,NA,NA,IGR,FALSE,FALSE,FALSE,FALSE,4,2,2,2_2,e5c89fcf-cc57-4fad-a138-ea47ee9ea225,NA
2,21983943,21983943,1,snv_mnv,NA,NA,"broad,dkfz,muse,sanger",4,COSN9874302,NA,T-rich,FALSE,0.3077,NA,24,54,NA,NA,NA,IGR,FALSE,FALSE,FALSE,FALSE,4,2,2,2_2,e5c89fcf-cc57-4fad-a138-ea47ee9ea225,NA
2,22782251,22782251,1,snv_mnv,NA,NA,"broad,dkfz,muse,sanger",4,COSN9995457,NA,NA,FALSE,0.2361,NA,17,55,NA,NA,NA,IGR,FALSE,FALSE,FALSE,FALSE,4,2,2,2_2,e5c89fcf-cc57-4fad-a138-ea47ee9ea225,NA
2,23790885,23790885,1,snv_mnv,NA,NA,"broad,dkfz,muse,sanger",4,COSN9997012,NA,NA,FALSE,0.3333,NA,17,34,NA,NA,NA,Intron,FALSE,FALSE,FALSE,FALSE,4,2,2,2_2,e5c89fcf-cc57-4fad-a138-ea47ee9ea225,NA
2,24964462,24964462,1,snv_mnv,NA,NA,"broad,dkfz,muse,sanger",4,COSN9997868,NA,NA,FALSE,0.2642,NA,14,39,NA,NA,NA,Intron,FALSE,FALSE,FALSE,FALSE,4,2,2,2_2,e5c89fcf-cc57-4fad-a138-ea47ee9ea225,NA
2,29140800,29140800,1,snv_mnv,NA,NA,"broad,dkfz,muse,sanger",4,COSM4164505,NA,NA,FALSE,0.2549,NA,13,38,NA,NA,NA,Missense_Mutation,FALSE,FALSE,FALSE,FALSE,4,2,2,2_2,e5c89fcf-cc57-4fad-a138-ea47ee9ea225,"WDR43,SNORD92"
2,29176842,29176842,1,snv_mnv,NA,NA,"broad,dkfz,muse,sanger",4,COSN9998422,NA,AluSz,FALSE,0.25,NA,12,36,NA,NA,NA,IGR,FALSE,FALSE,FALSE,FALSE,4,2,2,2_2,e5c89fcf-cc57-4fad-a138-ea47ee9ea225,TOGARAM2
2,29563667,29563667,1,snv_mnv,NA,NA,"broad,dkfz,muse,sanger",4,COSN9998485,NA,L2a,FALSE,0.4035,NA,23,34,NA,NA,NA,Intron,FALSE,FALSE,FALSE,FALSE,4,2,2,2_2,e5c89fcf-cc57-4fad-a138-ea47ee9ea225,NA
2,30297403,30297403,1,snv_mnv,NA,NA,"broad,dkfz,muse,sanger",4,COSN9998622,NA,NA,FALSE,0.2656,NA,17,47,NA,NA,NA,RNA,FALSE,FALSE,FALSE,FALSE,4,2,2,2_2,e5c89fcf-cc57-4fad-a138-ea47ee9ea225,AC016907.1
2,31463453,31463453,1,snv_mnv,NA,NA,"broad,dkfz,muse,sanger",4,COSN9998799,NA,NA,FALSE,0.4062,NA,13,19,NA,NA,NA,Intron,FALSE,FALSE,FALSE,FALSE,4,2,2,2_2,e5c89fcf-cc57-4fad-a138-ea47ee9ea225,NA
2,32118360,32118360,1,snv_mnv,NA,NA,"broad,dkfz,muse,sanger",4,COSN9998900,NA,NA,FALSE,0.3043,NA,14,32,NA,NA,NA,Intron,FALSE,FALSE,FALSE,FALSE,4,2,2,2_2,e5c89fcf-cc57-4fad-a138-ea47ee9ea225,NA
2,32699870,32699870,1,snv_mnv,NA,NA,"broad,dkfz,muse,sanger",4,COSN9998960,NA,NA,FALSE,0.25,NA,17,51,NA,NA,NA,Intron,FALSE,FALSE,FALSE,FALSE,4,2,2,2_2,e5c89fcf-cc57-4fad-a138-ea47ee9ea225,NA
2,33000727,33000727,1,snv_mnv,NA,NA,"broad,dkfz,muse,sanger",4,COSN9999002,NA,MER104,FALSE,0.2037,NA,11,43,NA,NA,NA,Intron,FALSE,FALSE,FALSE,FALSE,4,2,2,2_2,e5c89fcf-cc57-4fad-a138-ea47ee9ea225,TTC27
2,33697223,33697223,1,snv_mnv,NA,NA,"broad,dkfz,muse,sanger",4,COSN9999122,NA,L2a,FALSE,0.3051,NA,18,41,NA,NA,NA,Intron,FALSE,FALSE,FALSE,FALSE,4,2,2,2_2,e5c89fcf-cc57-4fad-a138-ea47ee9ea225,RASGRP3
2,36888371,36888371,1,snv_mnv,NA,NA,"broad,dkfz,muse,sanger",4,COSN9999665,NA,NA,FALSE,0.3548,NA,22,40,NA,NA,NA,IGR,FALSE,FALSE,FALSE,FALSE,4,2,2,2_2,e5c89fcf-cc57-4fad-a138-ea47ee9ea225,AC007363.1
2,38226621,38226621,1,snv_mnv,NA,NA,"broad,dkfz,muse,sanger",4,COSN9999874,NA,NA,FALSE,0.3269,NA,17,35,NA,NA,NA,Intron,FALSE,FALSE,FALSE,FALSE,4,2,2,2_2,e5c89fcf-cc57-4fad-a138-ea47ee9ea225,RMDN2
2,38517121,38517121,1,snv_mnv,NA,NA,"broad,dkfz,muse,sanger",4,COSN9999909,NA,L1PA5,FALSE,0.2381,NA,10,32,NA,NA,NA,IGR,FALSE,FALSE,FALSE,FALSE,4,2,2,2_2,e5c89fcf-cc57-4fad-a138-ea47ee9ea225,"ATL2,GAPDHP25"
2,39438798,39438798,1,snv_mnv,NA,NA,"broad,dkfz,muse,sanger",4,COSN10000031,NA,L1MC5,FALSE,0.2581,NA,16,46,NA,NA,NA,Intron,FALSE,FALSE,FALSE,FALSE,4,2,2,2_2,e5c89fcf-cc57-4fad-a138-ea47ee9ea225,NA
2,40578323,40578323,1,snv_mnv,NA,NA,"broad,dkfz,muse,sanger",4,COSN10000240,NA,NA,FALSE,0.2239,NA,15,52,NA,NA,NA,Intron,FALSE,FALSE,FALSE,FALSE,4,2,2,2_2,e5c89fcf-cc57-4fad-a138-ea47ee9ea225,NA
2,40845234,40845234,1,snv_mnv,NA,NA,"broad,dkfz,muse,sanger",4,COSN10000296,NA,NA,FALSE,0.2468,NA,19,58,NA,NA,NA,IGR,FALSE,FALSE,FALSE,FALSE,4,2,2,2_2,e5c89fcf-cc57-4fad-a138-ea47ee9ea225,NA
2,41254130,41254130,1,snv_mnv,NA,NA,"broad,dkfz,muse,sanger",4,COSN10000382,NA,NA,FALSE,0.3091,NA,17,38,NA,NA,NA,IGR,FALSE,FALSE,FALSE,FALSE,4,2,2,2_2,e5c89fcf-cc57-4fad-a138-ea47ee9ea225,NA
2,41556912,41556912,1,snv_mnv,NA,NA,"broad,dkfz,muse,sanger",4,COSN10000437,NA,NA,FALSE,0.2464,NA,17,52,NA,NA,NA,IGR,FALSE,FALSE,FALSE,FALSE,4,2,2,2_2,e5c89fcf-cc57-4fad-a138-ea47ee9ea225,NA
2,42984004,42984004,1,snv_mnv,NA,NA,"broad,dkfz,muse,sanger",4,COSN10000638,NA,NA,FALSE,0.2653,NA,13,36,NA,NA,NA,3'UTR,FALSE,FALSE,FALSE,FALSE,4,2,2,2_2,e5c89fcf-cc57-4fad-a138-ea47ee9ea225,MTA3
2,43158290,43158290,1,snv_mnv,NA,NA,"broad,dkfz,muse,sanger",4,COSN10000669,NA,NA,FALSE,0.25,NA,11,33,NA,NA,NA,IGR,FALSE,FALSE,FALSE,FALSE,4,2,2,2_2,e5c89fcf-cc57-4fad-a138-ea47ee9ea225,NA
2,43831219,43831219,1,snv_mnv,NA,NA,"broad,dkfz,muse,sanger",4,COSN10000773,NA,MSTB,FALSE,0.2889,NA,13,32,NA,NA,NA,IGR,FALSE,FALSE,FALSE,FALSE,4,2,2,2_2,e5c89fcf-cc57-4fad-a138-ea47ee9ea225,NA
2,43876950,43876950,1,snv_mnv,NA,NA,"broad,dkfz,muse,sanger",4,COSN10000784,NA,NA,FALSE,0.2609,NA,18,51,NA,NA,NA,Intron,FALSE,FALSE,FALSE,FALSE,4,2,2,2_2,e5c89fcf-cc57-4fad-a138-ea47ee9ea225,NA
2,45960891,45960891,1,snv_mnv,NA,NA,"broad,dkfz,muse,sanger",4,COSN10001133,NA,MIRc,FALSE,0.2571,NA,9,26,NA,NA,NA,Intron,FALSE,FALSE,FALSE,FALSE,4,2,2,2_2,e5c89fcf-cc57-4fad-a138-ea47ee9ea225,NA
2,46009335,46009335,1,snv_mnv,NA,NA,"broad,dkfz,muse,sanger",4,COSN10001142,NA,NA,FALSE,0.375,NA,18,30,NA,NA,NA,Intron,FALSE,FALSE,FALSE,FALSE,4,2,2,2_2,e5c89fcf-cc57-4fad-a138-ea47ee9ea225,NA
2,46199046,46199046,1,snv_mnv,1.9968e-4,rs558540071,"broad,dkfz,muse,sanger",4,COSN10001176,rs558540071,L1MB1,FALSE,0.254,NA,16,47,NA,NA,NA,Intron,FALSE,FALSE,FALSE,FALSE,4,2,2,2_2,e5c89fcf-cc57-4fad-a138-ea47ee9ea225,NA
2,46461400,46461400,1,snv_mnv,NA,NA,"broad,dkfz,muse,sanger",4,COSN15585156,NA,L1ME1,FALSE,0.2727,NA,9,24,NA,NA,NA,IGR,FALSE,FALSE,FALSE,FALSE,4,2,2,2_2,e5c89fcf-cc57-4fad-a138-ea47ee9ea225,NA
2,46772469,46772469,1,snv_mnv,NA,NA,"broad,dkfz,muse,sanger",4,COSN10001264,NA,NA,FALSE,0.2683,NA,11,30,NA,NA,NA,Intron,FALSE,FALSE,FALSE,FALSE,4,2,2,2_2,e5c89fcf-cc57-4fad-a138-ea47ee9ea225,ATP6V1E2
2,46869219,46869219,1,snv_mnv,NA,NA,"broad,dkfz,muse,sanger",4,COSN10001279,NA,AluJb,FALSE,0.25,NA,15,45,NA,NA,NA,IGR,FALSE,FALSE,FALSE,FALSE,4,2,2,2_2,e5c89fcf-cc57-4fad-a138-ea47ee9ea225,NA
2,47413950,47413950,1,snv_mnv,NA,NA,"broad,dkfz,muse,sanger",4,COSN10001360,NA,NA,FALSE,0.2449,NA,12,37,NA,NA,NA,IGR,FALSE,FALSE,FALSE,FALSE,4,2,2,2_2,e5c89fcf-cc57-4fad-a138-ea47ee9ea225,NA
2,47934259,47934259,1,snv_mnv,NA,NA,"broad,dkfz,muse,sanger",4,COSN10001442,NA,AluSx1,FALSE,0.4783,NA,11,12,NA,NA,NA,Intron,FALSE,FALSE,FALSE,FALSE,4,2,2,2_2,e5c89fcf-cc57-4fad-a138-ea47ee9ea225,AC006509.2
2,48100701,48100701,1,snv_mnv,NA,NA,"broad,muse,sanger",3,COSN10001478,NA,HAL1,FALSE,0.2143,NA,12,44,NA,NA,NA,Intron,FALSE,FALSE,FALSE,FALSE,4,2,2,2_2,e5c89fcf-cc57-4fad-a138-ea47ee9ea225,NA
2,48435708,48435708,1,snv_mnv,NA,NA,"broad,dkfz,muse,sanger",4,COSN10001533,NA,AluSx1,FALSE,0.375,NA,9,15,NA,NA,NA,lincRNA,FALSE,FALSE,FALSE,FALSE,4,2,2,2_2,e5c89fcf-cc57-4fad-a138-ea47ee9ea225,NA
2,48771961,48771961,1,snv_mnv,NA,NA,"broad,dkfz,muse,sanger",4,COSN10001576,NA,AluSx1,FALSE,0.3226,NA,10,21,NA,NA,NA,Intron,FALSE,FALSE,FALSE,FALSE,4,2,2,2_2,e5c89fcf-cc57-4fad-a138-ea47ee9ea225,NA
2,49655738,49655738,1,snv_mnv,NA,NA,"broad,dkfz,muse,sanger",4,COSN10001769,NA,NA,FALSE,0.2727,NA,24,64,NA,NA,NA,IGR,FALSE,FALSE,FALSE,FALSE,4,2,2,2_2,e5c89fcf-cc57-4fad-a138-ea47ee9ea225,AC009975.2
2,49753517,49753517,1,snv_mnv,NA,NA,"broad,dkfz,muse,sanger",4,COSN10001790,NA,AluY,FALSE,0.3333,NA,12,24,NA,NA,NA,IGR,FALSE,FALSE,FALSE,FALSE,4,2,2,2_2,e5c89fcf-cc57-4fad-a138-ea47ee9ea225,NA
2,49784023,49784023,1,snv_mnv,NA,NA,"broad,dkfz,muse,sanger",4,COSN10001803,NA,L2c,FALSE,0.3704,NA,20,34,NA,NA,NA,IGR,FALSE,FALSE,FALSE,FALSE,4,2,2,2_2,e5c89fcf-cc57-4fad-a138-ea47ee9ea225,NA
2,49843583,49843583,1,snv_mnv,NA,NA,"broad,dkfz,muse,sanger",4,COSN10001826,NA,NA,FALSE,0.2985,NA,20,47,NA,NA,NA,IGR,FALSE,FALSE,FALSE,FALSE,4,2,2,2_2,e5c89fcf-cc57-4fad-a138-ea47ee9ea225,NA
2,49956319,49956319,1,snv_mnv,NA,NA,"broad,dkfz,muse,sanger",4,COSN10001868,NA,NA,FALSE,0.3016,NA,19,44,NA,NA,NA,IGR,FALSE,FALSE,FALSE,FALSE,4,2,2,2_2,e5c89fcf-cc57-4fad-a138-ea47ee9ea225,NA
2,50191429,50191429,1,snv_mnv,NA,NA,"broad,dkfz,muse,sanger",4,COSN10001952,NA,NA,FALSE,0.22,NA,11,39,NA,NA,NA,Intron,FALSE,FALSE,FALSE,FALSE,4,2,2,2_2,e5c89fcf-cc57-4fad-a138-ea47ee9ea225,NA
2,50213260,50213260,1,snv_mnv,NA,NA,"broad,dkfz,muse,sanger",4,COSN10001956,NA,NA,FALSE,0.2807,NA,16,41,NA,NA,NA,Intron,FALSE,FALSE,FALSE,FALSE,4,2,2,2_2,e5c89fcf-cc57-4fad-a138-ea47ee9ea225,NA
2,50512772,50512772,1,snv_mnv,NA,NA,"broad,dkfz,muse,sanger",4,COSN10002019,NA,MER6,FALSE,0.2388,NA,16,51,NA,NA,NA,Intron,FALSE,FALSE,FALSE,FALSE,4,2,2,2_2,e5c89fcf-cc57-4fad-a138-ea47ee9ea225,NA
2,50696518,50696518,1,snv_mnv,NA,NA,"broad,dkfz,muse,sanger",4,COSN10002068,NA,NA,FALSE,0.2535,NA,18,53,NA,NA,NA,Intron,FALSE,FALSE,FALSE,FALSE,4,2,2,2_2,e5c89fcf-cc57-4fad-a138-ea47ee9ea225,NRXN1
2,51068528,51068528,1,snv_mnv,NA,NA,"broad,dkfz,muse,sanger",4,COSN10002129,NA,NA,FALSE,0.3117,NA,24,53,NA,NA,NA,Intron,FALSE,FALSE,FALSE,FALSE,4,2,2,2_2,e5c89fcf-cc57-4fad-a138-ea47ee9ea225,NA
2,52307090,52307090,1,snv_mnv,NA,NA,"broad,dkfz,muse,sanger",4,COSN10002481,NA,NA,FALSE,0.314,NA,27,59,NA,NA,NA,lincRNA,FALSE,FALSE,FALSE,FALSE,4,2,2,2_2,e5c89fcf-cc57-4fad-a138-ea47ee9ea225,ZNF863P
2,53443443,53443443,1,snv_mnv,NA,NA,"broad,dkfz,muse,sanger",4,COSN10002814,NA,L1PA8,FALSE,0.2405,NA,19,60,NA,NA,NA,IGR,FALSE,FALSE,FALSE,FALSE,4,2,2,2_2,e5c89fcf-cc57-4fad-a138-ea47ee9ea225,NA
2,55098388,55098388,1,snv_mnv,NA,NA,"broad,dkfz,muse,sanger",4,COSN10003110,NA,MIRc,FALSE,0.2453,NA,13,40,NA,NA,NA,Intron,FALSE,FALSE,FALSE,FALSE,4,2,2,2_2,e5c89fcf-cc57-4fad-a138-ea47ee9ea225,NA
2,56270917,56270917,1,snv_mnv,NA,NA,"broad,dkfz,muse",3,COSN15585201,NA,NA,FALSE,0.1974,NA,15,61,NA,NA,NA,lincRNA,FALSE,FALSE,FALSE,FALSE,4,2,2,2_2,e5c89fcf-cc57-4fad-a138-ea47ee9ea225,NA
2,57516098,57516098,1,snv_mnv,NA,NA,"broad,dkfz,muse,sanger",4,COSN10003580,NA,NA,FALSE,0.2429,NA,17,53,NA,NA,NA,IGR,FALSE,FALSE,FALSE,FALSE,4,2,2,2_2,e5c89fcf-cc57-4fad-a138-ea47ee9ea225,NA
2,58140389,58140389,1,snv_mnv,NA,NA,"broad,dkfz,muse,sanger",4,COSN10003714,NA,MIRb,FALSE,0.2879,NA,19,47,NA,NA,NA,Intron,FALSE,FALSE,FALSE,FALSE,4,2,2,2_2,e5c89fcf-cc57-4fad-a138-ea47ee9ea225,NA
2,58177853,58177853,1,snv_mnv,NA,NA,"broad,dkfz,muse,sanger",4,COSN10003727,NA,Tigger1,FALSE,0.2222,NA,14,49,NA,NA,NA,Intron,FALSE,FALSE,FALSE,FALSE,4,2,2,2_2,e5c89fcf-cc57-4fad-a138-ea47ee9ea225,NA
2,58963172,58963172,1,snv_mnv,NA,NA,"broad,dkfz,muse,sanger",4,COSN10003916,NA,LTR16E1,FALSE,0.3396,NA,18,35,NA,NA,NA,lincRNA,FALSE,FALSE,FALSE,FALSE,4,2,2,2_2,e5c89fcf-cc57-4fad-a138-ea47ee9ea225,NA
2,59046266,59046266,1,snv_mnv,NA,NA,"broad,dkfz,muse,sanger",4,COSN10003946,NA,L1M5,FALSE,0.3396,NA,18,35,NA,NA,NA,lincRNA,FALSE,FALSE,FALSE,FALSE,4,2,2,2_2,e5c89fcf-cc57-4fad-a138-ea47ee9ea225,NA
2,60256212,60256212,1,snv_mnv,NA,NA,"broad,dkfz,muse,sanger",4,COSN10004223,NA,NA,FALSE,0.2787,NA,17,44,NA,NA,NA,lincRNA,FALSE,FALSE,FALSE,FALSE,4,2,2,2_2,e5c89fcf-cc57-4fad-a138-ea47ee9ea225,NA
2,60559409,60559409,1,snv_mnv,NA,NA,"broad,dkfz,muse,sanger",4,COSN10004306,NA,L1ME4a,FALSE,0.2133,NA,16,59,NA,NA,NA,IGR,FALSE,FALSE,FALSE,FALSE,4,2,2,2_2,e5c89fcf-cc57-4fad-a138-ea47ee9ea225,NA
2,60614885,60614885,1,snv_mnv,NA,NA,"broad,dkfz,muse,sanger",4,COSN10004318,NA,NA,FALSE,0.2766,NA,13,34,NA,NA,NA,lincRNA,FALSE,FALSE,FALSE,FALSE,4,2,2,2_2,e5c89fcf-cc57-4fad-a138-ea47ee9ea225,"MIR4432HG,MIR4432,RNU1-32P"
2,61243039,61243039,1,snv_mnv,NA,NA,"broad,dkfz,muse,sanger",4,COSN10004432,NA,NA,FALSE,0.2206,NA,15,53,NA,NA,NA,Intron,FALSE,FALSE,FALSE,FALSE,4,2,2,2_2,e5c89fcf-cc57-4fad-a138-ea47ee9ea225,PEX13
2,63859215,63859215,1,snv_mnv,NA,NA,"broad,dkfz,muse,sanger",4,COSN10004814,NA,L1MA9,FALSE,0.3667,NA,11,19,NA,NA,NA,IGR,FALSE,FALSE,FALSE,FALSE,4,2,2,2_2,e5c89fcf-cc57-4fad-a138-ea47ee9ea225,NA
2,64203013,64203013,1,snv_mnv,NA,NA,"broad,dkfz,muse,sanger",4,COSN10004860,NA,AluSz6,FALSE,0.275,NA,11,29,NA,NA,NA,Intron,FALSE,FALSE,FALSE,FALSE,4,2,2,2_2,e5c89fcf-cc57-4fad-a138-ea47ee9ea225,VPS54
2,64636748,64636748,1,snv_mnv,NA,NA,"broad,dkfz,muse,sanger",4,COSN10004931,NA,NA,FALSE,0.2679,NA,15,41,NA,NA,NA,RNA,FALSE,FALSE,FALSE,FALSE,4,2,2,2_2,e5c89fcf-cc57-4fad-a138-ea47ee9ea225,NA
2,66322403,66322403,1,snv_mnv,NA,NA,"broad,dkfz,muse,sanger",4,COSN10005223,NA,L1PA6,FALSE,0.2698,NA,17,46,NA,NA,NA,IGR,FALSE,FALSE,FALSE,FALSE,4,2,2,2_2,e5c89fcf-cc57-4fad-a138-ea47ee9ea225,NA
2,66338308,66338308,1,snv_mnv,NA,NA,"broad,dkfz,muse,sanger",4,COSN10005227,NA,NA,FALSE,0.24,NA,12,38,NA,NA,NA,IGR,FALSE,FALSE,FALSE,FALSE,4,2,2,2_2,e5c89fcf-cc57-4fad-a138-ea47ee9ea225,NA
2,66664501,66664501,1,snv_mnv,NA,NA,"broad,dkfz,muse,sanger",4,COSN15585020,NA,NA,FALSE,0.2364,NA,13,42,NA,NA,NA,Intron,FALSE,FALSE,FALSE,FALSE,4,2,2,2_2,e5c89fcf-cc57-4fad-a138-ea47ee9ea225,"MEIS1,MEIS1-AS3,MEIS1-AS2"
2,68226168,68226168,1,snv_mnv,NA,NA,"broad,dkfz,muse,sanger",4,COSN10005592,NA,NA,FALSE,0.3208,NA,17,36,NA,NA,NA,IGR,FALSE,FALSE,FALSE,FALSE,4,2,2,2_2,e5c89fcf-cc57-4fad-a138-ea47ee9ea225,NA
2,68683551,68683551,1,snv_mnv,NA,NA,"broad,dkfz,muse,sanger",4,COSN10005664,NA,L1MEg1,FALSE,0.3478,NA,24,45,NA,NA,NA,IGR,FALSE,FALSE,FALSE,FALSE,4,2,2,2_2,e5c89fcf-cc57-4fad-a138-ea47ee9ea225,FBXO48
2,71990820,71990820,1,snv_mnv,NA,NA,"broad,dkfz,muse,sanger",4,COSN10006118,NA,MLT1F2,FALSE,0.2712,NA,16,43,NA,NA,NA,IGR,FALSE,FALSE,FALSE,FALSE,4,2,2,2_2,e5c89fcf-cc57-4fad-a138-ea47ee9ea225,NA
2,72637102,72637102,1,snv_mnv,NA,NA,"broad,dkfz,muse,sanger",4,COSN10006216,rs199642215,L1MB4,FALSE,0.3696,NA,17,29,NA,NA,NA,Intron,FALSE,FALSE,FALSE,FALSE,4,2,2,2_2,e5c89fcf-cc57-4fad-a138-ea47ee9ea225,NA
2,73084893,73084893,1,snv_mnv,NA,NA,"broad,dkfz,muse,sanger",4,COSN10006278,NA,NA,FALSE,0.3077,NA,12,27,NA,NA,NA,IGR,FALSE,FALSE,FALSE,FALSE,4,2,2,2_2,e5c89fcf-cc57-4fad-a138-ea47ee9ea225,NA
2,74445543,74445543,1,snv_mnv,NA,NA,"broad,dkfz,muse,sanger",4,COSN10006475,NA,AT_rich,FALSE,0.2364,NA,13,42,NA,NA,NA,IGR,FALSE,FALSE,FALSE,FALSE,4,2,2,2_2,e5c89fcf-cc57-4fad-a138-ea47ee9ea225,"SLC4A5,MTHFD2"
2,77181924,77181924,1,snv_mnv,NA,NA,"broad,dkfz,muse,sanger",4,COSN10006979,NA,L1MB1,FALSE,0.2308,NA,12,40,NA,NA,NA,Intron,FALSE,FALSE,FALSE,FALSE,4,2,2,2_2,e5c89fcf-cc57-4fad-a138-ea47ee9ea225,NA
2,77259975,77259975,1,snv_mnv,NA,NA,"broad,dkfz,muse,sanger",4,COSN10007000,NA,NA,FALSE,0.2857,NA,24,60,NA,NA,NA,Intron,FALSE,FALSE,FALSE,FALSE,4,2,2,2_2,e5c89fcf-cc57-4fad-a138-ea47ee9ea225,NA
2,77329735,77329735,1,snv_mnv,NA,NA,"broad,dkfz,muse,sanger",4,COSN10007017,NA,NA,FALSE,0.2698,NA,17,46,NA,NA,NA,Intron,FALSE,FALSE,FALSE,FALSE,4,2,2,2_2,e5c89fcf-cc57-4fad-a138-ea47ee9ea225,NA
2,77366834,77366834,1,snv_mnv,NA,NA,"broad,dkfz,muse,sanger",4,COSN10007032,NA,L1PA5,FALSE,0.2667,NA,16,44,NA,NA,NA,Intron,FALSE,FALSE,FALSE,FALSE,4,2,2,2_2,e5c89fcf-cc57-4fad-a138-ea47ee9ea225,NA
2,77555553,77555553,1,snv_mnv,NA,NA,"broad,dkfz,muse,sanger",4,COSN10007076,NA,NA,FALSE,0.2432,NA,18,56,NA,NA,NA,Intron,FALSE,FALSE,FALSE,FALSE,4,2,2,2_2,e5c89fcf-cc57-4fad-a138-ea47ee9ea225,NA
2,77738764,77738764,1,snv_mnv,NA,NA,"broad,dkfz,muse,sanger",4,COSN10007107,NA,NA,FALSE,0.2537,NA,17,50,NA,NA,NA,Intron,FALSE,FALSE,FALSE,FALSE,4,2,2,2_2,e5c89fcf-cc57-4fad-a138-ea47ee9ea225,NA
2,77848677,77848677,1,snv_mnv,NA,NA,"broad,dkfz,muse,sanger",4,COSN15585345,NA,L1MEc,FALSE,0.1781,NA,13,60,NA,NA,NA,IGR,FALSE,FALSE,FALSE,FALSE,4,2,2,2_2,e5c89fcf-cc57-4fad-a138-ea47ee9ea225,NA
2,77865674,77865674,1,snv_mnv,NA,NA,"broad,dkfz,muse,sanger",4,COSN10007125,NA,L1MA4,FALSE,0.3051,NA,18,41,NA,NA,NA,IGR,FALSE,FALSE,FALSE,FALSE,4,2,2,2_2,e5c89fcf-cc57-4fad-a138-ea47ee9ea225,NA
2,77872789,77872789,1,snv_mnv,NA,NA,"broad,dkfz,muse,sanger",4,COSN10007128,NA,L1MB7,FALSE,0.2182,NA,12,43,NA,NA,NA,IGR,FALSE,FALSE,FALSE,FALSE,4,2,2,2_2,e5c89fcf-cc57-4fad-a138-ea47ee9ea225,NA
2,78231473,78231473,1,snv_mnv,NA,NA,"broad,dkfz,muse,sanger",4,COSN10007204,NA,HAL1,FALSE,0.1975,NA,16,65,NA,NA,NA,IGR,FALSE,FALSE,FALSE,FALSE,4,2,2,2_2,e5c89fcf-cc57-4fad-a138-ea47ee9ea225,NA
2,78634081,78634081,1,snv_mnv,NA,NA,"broad,dkfz,muse,sanger",4,COSN10007326,NA,L1MA5A,FALSE,0.2361,NA,17,55,NA,NA,NA,IGR,FALSE,FALSE,FALSE,FALSE,4,2,2,2_2,e5c89fcf-cc57-4fad-a138-ea47ee9ea225,NA
2,78693901,78693901,1,snv_mnv,NA,NA,"broad,dkfz,muse,sanger",4,COSN10007355,NA,NA,FALSE,0.225,NA,18,62,NA,NA,NA,IGR,FALSE,FALSE,FALSE,FALSE,4,2,2,2_2,e5c89fcf-cc57-4fad-a138-ea47ee9ea225,NA
2,79020716,79020716,1,snv_mnv,NA,NA,"broad,dkfz,muse,sanger",4,COSN10007483,NA,HUERS-P2-int,FALSE,0.283,NA,15,38,NA,NA,NA,IGR,FALSE,FALSE,FALSE,FALSE,4,2,2,2_2,e5c89fcf-cc57-4fad-a138-ea47ee9ea225,NA
2,79407445,79407445,1,snv_mnv,NA,NA,"broad,dkfz,muse,sanger",4,COSN10007600,NA,MSTB1,FALSE,0.2373,NA,14,45,NA,NA,NA,RNA,FALSE,FALSE,FALSE,FALSE,4,2,2,2_2,e5c89fcf-cc57-4fad-a138-ea47ee9ea225,CTNNA2
2,79736970,79736970,1,snv_mnv,NA,NA,"broad,dkfz,muse,sanger",4,COSN10007699,NA,L1MC1,FALSE,0.303,NA,20,46,NA,NA,NA,Intron,FALSE,FALSE,FALSE,FALSE,4,2,2,2_2,e5c89fcf-cc57-4fad-a138-ea47ee9ea225,CTNNA2
2,80496003,80496003,1,snv_mnv,NA,NA,"broad,dkfz,muse,sanger",4,COSN10007959,NA,NA,FALSE,0.2603,NA,19,54,NA,NA,NA,Intron,FALSE,FALSE,FALSE,FALSE,4,2,2,2_2,e5c89fcf-cc57-4fad-a138-ea47ee9ea225,NA
2,80773498,80773498,1,snv_mnv,NA,NA,"broad,dkfz,muse,sanger",4,COSN10008036,NA,NA,FALSE,0.3108,NA,23,51,NA,NA,NA,Intron,FALSE,FALSE,FALSE,FALSE,4,2,2,2_2,e5c89fcf-cc57-4fad-a138-ea47ee9ea225,CTNNA2
2,80773499,80773499,1,snv_mnv,NA,NA,"broad,dkfz,muse,sanger",4,COSN10008037,NA,NA,FALSE,0.3014,NA,22,51,NA,NA,NA,Intron,FALSE,FALSE,FALSE,FALSE,4,2,2,2_2,e5c89fcf-cc57-4fad-a138-ea47ee9ea225,CTNNA2
2,80909495,80909495,1,snv_mnv,NA,NA,"broad,dkfz,muse,sanger",4,COSN10008075,NA,NA,FALSE,0.2838,NA,21,53,NA,NA,NA,IGR,FALSE,FALSE,FALSE,FALSE,4,2,2,2_2,e5c89fcf-cc57-4fad-a138-ea47ee9ea225,NA
2,81228352,81228352,1,snv_mnv,NA,NA,"broad,dkfz,muse,sanger",4,COSN10008173,NA,L1MA2,FALSE,0.2154,NA,14,51,NA,NA,NA,IGR,FALSE,FALSE,FALSE,FALSE,4,2,2,2_2,e5c89fcf-cc57-4fad-a138-ea47ee9ea225,NA
2,81250808,81250808,1,snv_mnv,NA,NA,"broad,dkfz,muse,sanger",4,COSN10008179,NA,L1PB2,FALSE,0.375,NA,21,35,NA,NA,NA,IGR,FALSE,FALSE,FALSE,FALSE,4,2,2,2_2,e5c89fcf-cc57-4fad-a138-ea47ee9ea225,NA
2,81606043,81606043,1,snv_mnv,NA,NA,"broad,dkfz,muse,sanger",4,COSN10008293,NA,Tigger2a,FALSE,0.2969,NA,19,45,NA,NA,NA,IGR,FALSE,FALSE,FALSE,FALSE,4,2,2,2_2,e5c89fcf-cc57-4fad-a138-ea47ee9ea225,NA
2,81670687,81670687,1,snv_mnv,NA,NA,"broad,dkfz,muse,sanger",4,COSN10008314,NA,NA,FALSE,0.2564,NA,20,58,NA,NA,NA,IGR,FALSE,FALSE,FALSE,FALSE,4,2,2,2_2,e5c89fcf-cc57-4fad-a138-ea47ee9ea225,NA
2,81879261,81879261,1,snv_mnv,NA,NA,"broad,dkfz,muse,sanger",4,COSN10008383,NA,HERVIP10F-int,FALSE,0.2533,NA,19,56,NA,NA,NA,IGR,FALSE,FALSE,FALSE,FALSE,4,2,2,2_2,e5c89fcf-cc57-4fad-a138-ea47ee9ea225,NA
2,82060727,82060727,1,snv_mnv,NA,NA,"broad,dkfz,muse",3,COSN10008465,NA,L1MA7,FALSE,0.2979,NA,14,33,NA,NA,NA,IGR,FALSE,FALSE,FALSE,FALSE,4,2,2,2_2,e5c89fcf-cc57-4fad-a138-ea47ee9ea225,NA
2,82095376,82095376,1,snv_mnv,NA,NA,"broad,dkfz,muse,sanger",4,COSN10008474,NA,LTR10C,FALSE,0.209,NA,14,53,NA,NA,NA,IGR,FALSE,FALSE,FALSE,FALSE,4,2,2,2_2,e5c89fcf-cc57-4fad-a138-ea47ee9ea225,NA
2,82713138,82713138,1,snv_mnv,NA,NA,"broad,dkfz,muse,sanger",4,COSN10008715,NA,NA,FALSE,0.1948,NA,15,62,NA,NA,NA,lincRNA,FALSE,FALSE,FALSE,FALSE,4,2,2,2_2,e5c89fcf-cc57-4fad-a138-ea47ee9ea225,NA
2,82843989,82843989,1,snv_mnv,NA,NA,"broad,dkfz,muse,sanger",4,COSN10008781,NA,L1ME2,FALSE,0.3095,NA,26,58,NA,NA,NA,IGR,FALSE,FALSE,FALSE,FALSE,4,2,2,2_2,e5c89fcf-cc57-4fad-a138-ea47ee9ea225,NA
2,83066679,83066679,1,snv_mnv,NA,NA,"broad,dkfz,muse,sanger",4,COSN10008847,NA,AluSc8,FALSE,0.2973,NA,11,26,NA,NA,NA,IGR,FALSE,FALSE,FALSE,FALSE,4,2,2,2_2,e5c89fcf-cc57-4fad-a138-ea47ee9ea225,NA
2,83079229,83079229,1,snv_mnv,NA,NA,"broad,dkfz,muse,sanger",4,COSN10008851,NA,Charlie3,FALSE,0.2623,NA,16,45,NA,NA,NA,IGR,FALSE,FALSE,FALSE,FALSE,4,2,2,2_2,e5c89fcf-cc57-4fad-a138-ea47ee9ea225,DHFRP3
2,83238990,83238990,1,snv_mnv,1.9968e-4,rs558343266,"broad,dkfz,muse,sanger",4,COSN10008906,rs558343266,L1MC1,FALSE,0.2192,NA,16,57,NA,NA,NA,IGR,FALSE,FALSE,FALSE,FALSE,4,2,2,2_2,e5c89fcf-cc57-4fad-a138-ea47ee9ea225,NA
2,83464809,83464809,1,snv_mnv,NA,NA,"broad,dkfz,muse,sanger",4,COSN10008982,NA,NA,FALSE,0.2273,NA,15,51,NA,NA,NA,IGR,FALSE,FALSE,FALSE,FALSE,4,2,2,2_2,e5c89fcf-cc57-4fad-a138-ea47ee9ea225,NA
2,83465743,83465743,1,snv_mnv,NA,NA,"broad,dkfz,muse,sanger",4,COSN10008985,NA,AluSq,FALSE,0.3889,NA,14,22,NA,NA,NA,IGR,FALSE,FALSE,FALSE,FALSE,4,2,2,2_2,e5c89fcf-cc57-4fad-a138-ea47ee9ea225,NA
2,83618483,83618483,1,snv_mnv,NA,NA,"broad,dkfz,muse,sanger",4,COSN10009041,NA,MER20,FALSE,0.2468,NA,19,58,NA,NA,NA,IGR,FALSE,FALSE,FALSE,FALSE,4,2,2,2_2,e5c89fcf-cc57-4fad-a138-ea47ee9ea225,NA
2,83705210,83705210,1,snv_mnv,NA,NA,"broad,dkfz,muse,sanger",4,COSN10009071,NA,LTR80A,FALSE,0.3,NA,18,42,NA,NA,NA,IGR,FALSE,FALSE,FALSE,FALSE,4,2,2,2_2,e5c89fcf-cc57-4fad-a138-ea47ee9ea225,NA
2,83717773,83717773,1,snv_mnv,NA,NA,"broad,dkfz,muse,sanger",4,COSN10009073,NA,L1M5,FALSE,0.3509,NA,20,37,NA,NA,NA,IGR,FALSE,FALSE,FALSE,FALSE,4,2,2,2_2,e5c89fcf-cc57-4fad-a138-ea47ee9ea225,NA
2,83824484,83824484,1,snv_mnv,NA,NA,"broad,dkfz,muse,sanger",4,COSN10009103,NA,NA,FALSE,0.2424,NA,8,25,NA,NA,NA,IGR,FALSE,FALSE,FALSE,FALSE,4,2,2,2_2,e5c89fcf-cc57-4fad-a138-ea47ee9ea225,RPL37P10
2,84834444,84834444,1,snv_mnv,NA,NA,"broad,dkfz,muse,sanger",4,COSN10009345,NA,Tigger1,FALSE,0.3913,NA,18,28,NA,NA,NA,Intron,FALSE,FALSE,FALSE,FALSE,4,2,2,2_2,e5c89fcf-cc57-4fad-a138-ea47ee9ea225,NA
2,89074297,89074297,1,snv_mnv,NA,NA,"broad,dkfz,muse,sanger",4,COSN15584742,NA,NA,FALSE,0.2593,NA,21,60,NA,NA,NA,RNA,FALSE,FALSE,FALSE,FALSE,4,2,2,2_2,e5c89fcf-cc57-4fad-a138-ea47ee9ea225,ANKRD36BP2
2,95347852,95347852,1,snv_mnv,NA,NA,"broad,dkfz,muse,sanger",4,COSN10010212,NA,NA,FALSE,0.2442,NA,21,65,NA,NA,NA,IGR,FALSE,FALSE,FALSE,FALSE,4,2,2,2_2,e5c89fcf-cc57-4fad-a138-ea47ee9ea225,NA
2,97123890,97123890,1,snv_mnv,NA,NA,"broad,dkfz,muse,sanger",4,COSN10010470,NA,L1PA8,FALSE,0.3594,NA,23,41,NA,NA,NA,IGR,FALSE,FALSE,FALSE,FALSE,4,2,2,2_2,e5c89fcf-cc57-4fad-a138-ea47ee9ea225,NA
2,98712576,98712576,1,snv_mnv,3.9936e-4,rs189896896,"broad,dkfz,muse,sanger",4,COSN10010671,rs189896896,L1MA8,FALSE,0.2174,NA,15,54,NA,NA,NA,Intron,FALSE,FALSE,FALSE,FALSE,4,2,2,2_2,e5c89fcf-cc57-4fad-a138-ea47ee9ea225,NA
2,99357736,99357736,1,snv_mnv,NA,NA,"broad,dkfz,muse,sanger",4,COSN10010769,NA,NA,FALSE,0.275,NA,11,29,NA,NA,NA,IGR,FALSE,FALSE,FALSE,FALSE,4,2,2,2_2,e5c89fcf-cc57-4fad-a138-ea47ee9ea225,NA
2,99729013,99729013,1,snv_mnv,NA,NA,"dkfz,sanger",2,COSN10010810,NA,L2a,FALSE,0.2903,NA,18,44,NA,NA,NA,Intron,FALSE,FALSE,FALSE,TRUE,4,2,2,2_2,e5c89fcf-cc57-4fad-a138-ea47ee9ea225,TSGA10
2,101243219,101243219,1,snv_mnv,1.9968e-4,rs562750928,"broad,dkfz,muse,sanger",4,COSN15585072,rs562750928,L2b,FALSE,0.25,NA,9,27,NA,NA,NA,IGR,FALSE,FALSE,FALSE,FALSE,4,2,2,2_2,e5c89fcf-cc57-4fad-a138-ea47ee9ea225,NA
2,101257955,101257955,1,snv_mnv,NA,NA,"broad,dkfz,muse,sanger",4,COSN9853655,NA,NA,FALSE,0.2895,NA,11,27,NA,NA,NA,IGR,FALSE,FALSE,FALSE,FALSE,4,2,2,2_2,e5c89fcf-cc57-4fad-a138-ea47ee9ea225,NA
2,102445066,102445066,1,snv_mnv,NA,NA,"broad,dkfz,muse,sanger",4,COSN9853811,NA,NA,FALSE,0.2742,NA,17,45,NA,NA,NA,Intron,FALSE,FALSE,FALSE,FALSE,4,2,2,2_2,e5c89fcf-cc57-4fad-a138-ea47ee9ea225,MAP4K4
2,102662621,102662621,1,snv_mnv,NA,NA,"broad,dkfz,muse,sanger",4,COSN9853848,NA,NA,FALSE,0.3023,NA,13,30,NA,NA,NA,IGR,FALSE,FALSE,FALSE,FALSE,4,2,2,2_2,e5c89fcf-cc57-4fad-a138-ea47ee9ea225,NA
2,103636326,103636326,1,snv_mnv,NA,NA,"broad,dkfz,muse,sanger",4,COSN9853998,NA,NA,FALSE,0.2826,NA,13,33,NA,NA,NA,lincRNA,FALSE,FALSE,FALSE,FALSE,4,2,2,2_2,e5c89fcf-cc57-4fad-a138-ea47ee9ea225,NA
2,103751468,103751468,1,snv_mnv,NA,NA,"broad,dkfz,muse,sanger",4,COSN9854021,NA,NA,FALSE,0.25,NA,12,36,NA,NA,NA,lincRNA,FALSE,FALSE,FALSE,FALSE,4,2,2,2_2,e5c89fcf-cc57-4fad-a138-ea47ee9ea225,NA
2,105120264,105120264,1,snv_mnv,NA,NA,"broad,dkfz,muse,sanger",4,COSN15585309,NA,NA,FALSE,0.2222,NA,14,49,NA,NA,NA,lincRNA,FALSE,FALSE,FALSE,FALSE,4,2,2,2_2,e5c89fcf-cc57-4fad-a138-ea47ee9ea225,NA
2,106245111,106245111,1,snv_mnv,NA,NA,"broad,dkfz,muse,sanger",4,COSN9854445,NA,MSTB,FALSE,0.3182,NA,14,30,NA,NA,NA,IGR,FALSE,FALSE,FALSE,FALSE,4,2,2,2_2,e5c89fcf-cc57-4fad-a138-ea47ee9ea225,NA
2,106931980,106931980,1,snv_mnv,NA,NA,"broad,dkfz,muse,sanger",4,COSN9854547,NA,NA,FALSE,0.2143,NA,12,44,NA,NA,NA,IGR,FALSE,FALSE,FALSE,FALSE,4,2,2,2_2,e5c89fcf-cc57-4fad-a138-ea47ee9ea225,NA
2,107694278,107694278,1,snv_mnv,NA,NA,"broad,dkfz,muse,sanger",4,COSN15584755,NA,NA,FALSE,0.2188,NA,14,50,NA,NA,NA,IGR,FALSE,FALSE,FALSE,FALSE,4,2,2,2_2,e5c89fcf-cc57-4fad-a138-ea47ee9ea225,NA
2,109709986,109709986,1,snv_mnv,NA,NA,"broad,dkfz,muse,sanger",4,COSN9854932,NA,HUERS-P1-int,FALSE,0.3091,NA,17,38,NA,NA,NA,IGR,FALSE,FALSE,FALSE,FALSE,4,2,2,2_2,e5c89fcf-cc57-4fad-a138-ea47ee9ea225,NA
2,109709987,109709987,1,snv_mnv,NA,NA,"broad,dkfz,muse,sanger",4,COSN9854933,NA,HUERS-P1-int,FALSE,0.3091,NA,17,38,NA,NA,NA,IGR,FALSE,FALSE,FALSE,FALSE,4,2,2,2_2,e5c89fcf-cc57-4fad-a138-ea47ee9ea225,NA
2,110059212,110059212,1,snv_mnv,NA,NA,"broad,dkfz,muse,sanger",4,COSN9854976,NA,L1MEc,FALSE,0.2951,NA,18,43,NA,NA,NA,Intron,FALSE,FALSE,FALSE,FALSE,4,2,2,2_2,e5c89fcf-cc57-4fad-a138-ea47ee9ea225,NA
2,111734179,111734179,1,snv_mnv,1.9968e-4,rs533897978,"broad,dkfz,muse,sanger",4,COSN9855120,rs533897978,HAL1,FALSE,0.3091,NA,17,38,NA,NA,NA,Intron,FALSE,FALSE,FALSE,FALSE,4,2,2,2_2,e5c89fcf-cc57-4fad-a138-ea47ee9ea225,NA
2,114980413,114980413,1,snv_mnv,NA,NA,"broad,dkfz,muse,sanger",4,COSN9855494,NA,L1M6,FALSE,0.2542,NA,15,44,NA,NA,NA,IGR,FALSE,FALSE,FALSE,FALSE,4,2,2,2_2,e5c89fcf-cc57-4fad-a138-ea47ee9ea225,NA
2,115243974,115243974,1,snv_mnv,NA,NA,"broad,dkfz,muse,sanger",4,COSN9855549,NA,NA,FALSE,0.3261,NA,15,31,NA,NA,NA,Intron,FALSE,FALSE,FALSE,FALSE,4,2,2,2_2,e5c89fcf-cc57-4fad-a138-ea47ee9ea225,NA
2,115427163,115427163,1,snv_mnv,NA,NA,"broad,dkfz,muse,sanger",4,COSN9855588,NA,NA,FALSE,0.241,NA,20,63,NA,NA,NA,Intron,FALSE,FALSE,FALSE,FALSE,4,2,2,2_2,e5c89fcf-cc57-4fad-a138-ea47ee9ea225,NA
2,115436054,115436054,1,snv_mnv,NA,NA,"broad,dkfz,muse,sanger",4,COSN9855589,NA,NA,FALSE,0.2381,NA,10,32,NA,NA,NA,Intron,FALSE,FALSE,FALSE,FALSE,4,2,2,2_2,e5c89fcf-cc57-4fad-a138-ea47ee9ea225,NA
2,115452501,115452501,1,snv_mnv,NA,NA,"broad,muse,sanger",3,COSN9855598,NA,L2c,FALSE,0.2407,NA,13,41,NA,NA,NA,Intron,FALSE,FALSE,FALSE,FALSE,4,2,2,2_2,e5c89fcf-cc57-4fad-a138-ea47ee9ea225,NA
2,115557579,115557579,1,snv_mnv,NA,NA,"broad,dkfz,muse,sanger",4,COSN9855630,NA,NA,FALSE,0.2459,NA,15,46,NA,NA,NA,Intron,FALSE,FALSE,FALSE,FALSE,4,2,2,2_2,e5c89fcf-cc57-4fad-a138-ea47ee9ea225,NA
2,115581557,115581557,1,snv_mnv,NA,NA,"broad,dkfz,muse,sanger",4,COSN15585461,NA,NA,FALSE,0.1833,NA,11,49,NA,NA,NA,Intron,FALSE,FALSE,FALSE,FALSE,4,2,2,2_2,e5c89fcf-cc57-4fad-a138-ea47ee9ea225,DPP10-AS3
2,115707124,115707124,1,snv_mnv,NA,NA,"broad,dkfz,muse,sanger",4,COSN9855675,NA,MER5A,FALSE,0.2931,NA,17,41,NA,NA,NA,Intron,FALSE,FALSE,FALSE,FALSE,4,2,2,2_2,e5c89fcf-cc57-4fad-a138-ea47ee9ea225,NA
2,115805242,115805242,1,snv_mnv,NA,NA,"broad,dkfz,muse,sanger",4,COSN9855714,NA,NA,FALSE,0.3091,NA,17,38,NA,NA,NA,Intron,FALSE,FALSE,FALSE,FALSE,4,2,2,2_2,e5c89fcf-cc57-4fad-a138-ea47ee9ea225,NA
2,115873336,115873336,1,snv_mnv,NA,NA,"broad,dkfz,muse,sanger",4,COSN9855733,rs755829644,NA,FALSE,0.2063,NA,13,50,NA,NA,NA,Intron,FALSE,FALSE,FALSE,FALSE,4,2,2,2_2,e5c89fcf-cc57-4fad-a138-ea47ee9ea225,NA
2,115927352,115927352,1,snv_mnv,NA,NA,"broad,dkfz,muse,sanger",4,COSN9855762,NA,NA,FALSE,0.3091,NA,17,38,NA,NA,NA,Intron,FALSE,FALSE,FALSE,FALSE,4,2,2,2_2,e5c89fcf-cc57-4fad-a138-ea47ee9ea225,NA
2,116093495,116093495,1,snv_mnv,NA,NA,"broad,dkfz,muse,sanger",4,COSN9855815,NA,NA,FALSE,0.3247,NA,25,52,NA,NA,NA,Intron,FALSE,FALSE,FALSE,FALSE,4,2,2,2_2,e5c89fcf-cc57-4fad-a138-ea47ee9ea225,NA
2,116427445,116427445,1,snv_mnv,NA,NA,"broad,dkfz,muse,sanger",4,COSN9855918,NA,NA,FALSE,0.2273,NA,15,51,NA,NA,NA,Intron,FALSE,FALSE,FALSE,FALSE,4,2,2,2_2,e5c89fcf-cc57-4fad-a138-ea47ee9ea225,NA
2,116486023,116486023,1,snv_mnv,NA,NA,"broad,dkfz,muse,sanger",4,COSN9855937,NA,NA,FALSE,0.2174,NA,15,54,NA,NA,NA,Intron,FALSE,FALSE,FALSE,FALSE,4,2,2,2_2,e5c89fcf-cc57-4fad-a138-ea47ee9ea225,NA
2,116623180,116623180,1,snv_mnv,NA,NA,"broad,dkfz,muse,sanger",4,COSN9855968,NA,Charlie1,FALSE,0.3182,NA,21,45,NA,NA,NA,IGR,FALSE,FALSE,FALSE,FALSE,4,2,2,2_2,e5c89fcf-cc57-4fad-a138-ea47ee9ea225,NA
2,116661270,116661270,1,snv_mnv,NA,NA,"broad,dkfz,muse,sanger",4,COSN9855983,NA,MLT1B,FALSE,0.2258,NA,14,48,NA,NA,NA,IGR,FALSE,FALSE,FALSE,FALSE,4,2,2,2_2,e5c89fcf-cc57-4fad-a138-ea47ee9ea225,NA
2,116930549,116930549,1,snv_mnv,NA,NA,"broad,dkfz,muse,sanger",4,COSN9856077,NA,NA,FALSE,0.3607,NA,22,39,NA,NA,NA,IGR,FALSE,FALSE,FALSE,FALSE,4,2,2,2_2,e5c89fcf-cc57-4fad-a138-ea47ee9ea225,NA
2,116957017,116957017,1,snv_mnv,NA,NA,"broad,dkfz,muse,sanger",4,COSN9856090,NA,L1MC1,FALSE,0.2381,NA,15,48,NA,NA,NA,IGR,FALSE,FALSE,FALSE,FALSE,4,2,2,2_2,e5c89fcf-cc57-4fad-a138-ea47ee9ea225,NA
2,117027866,117027866,1,snv_mnv,NA,NA,"broad,dkfz,muse,sanger",4,COSN9856121,rs748737068,NA,FALSE,0.3438,NA,22,42,NA,NA,NA,IGR,FALSE,FALSE,FALSE,FALSE,4,2,2,2_2,e5c89fcf-cc57-4fad-a138-ea47ee9ea225,NA
2,117072953,117072953,1,snv_mnv,NA,NA,"broad,dkfz,muse",3,COSN9856134,NA,(TATATG)n,FALSE,0.3235,NA,11,23,NA,NA,NA,IGR,FALSE,FALSE,FALSE,FALSE,4,2,2,2_2,e5c89fcf-cc57-4fad-a138-ea47ee9ea225,NA
2,117145878,117145878,1,snv_mnv,NA,NA,"broad,dkfz,muse,sanger",4,COSN9856160,NA,LTR33,FALSE,0.2593,NA,21,60,NA,NA,NA,IGR,FALSE,FALSE,FALSE,FALSE,4,2,2,2_2,e5c89fcf-cc57-4fad-a138-ea47ee9ea225,NA
2,117193354,117193354,1,snv_mnv,NA,NA,"broad,dkfz,muse,sanger",4,COSN15312664,NA,THE1C,FALSE,0.3091,NA,17,38,NA,NA,NA,IGR,FALSE,FALSE,FALSE,FALSE,4,2,2,2_2,e5c89fcf-cc57-4fad-a138-ea47ee9ea225,NA
2,117933888,117933888,1,snv_mnv,NA,NA,"broad,dkfz,muse,sanger",4,COSN9856416,NA,NA,FALSE,0.2535,NA,18,53,NA,NA,NA,IGR,FALSE,FALSE,FALSE,FALSE,4,2,2,2_2,e5c89fcf-cc57-4fad-a138-ea47ee9ea225,AC092170.1
2,118150487,118150487,1,snv_mnv,NA,NA,"broad,dkfz,muse,sanger",4,COSN9856481,NA,MLT1B,FALSE,0.3519,NA,19,35,NA,NA,NA,IGR,FALSE,FALSE,FALSE,FALSE,4,2,2,2_2,e5c89fcf-cc57-4fad-a138-ea47ee9ea225,NA
2,120040340,120040340,1,snv_mnv,NA,NA,"broad,dkfz,muse,sanger",4,COSN9856846,NA,NA,FALSE,0.3429,NA,12,23,NA,NA,NA,IGR,FALSE,FALSE,FALSE,FALSE,4,2,2,2_2,e5c89fcf-cc57-4fad-a138-ea47ee9ea225,NA
2,120657926,120657926,1,snv_mnv,NA,NA,"broad,dkfz,muse,sanger",4,COSN9856926,NA,L2c,FALSE,0.2727,NA,21,56,NA,NA,NA,Intron,FALSE,FALSE,FALSE,FALSE,4,2,2,2_2,e5c89fcf-cc57-4fad-a138-ea47ee9ea225,NA
2,122261015,122261015,1,snv_mnv,NA,NA,"broad,dkfz,muse,sanger",4,COSN9857172,NA,MIR,FALSE,0.4103,NA,16,23,NA,NA,NA,Intron,FALSE,FALSE,FALSE,FALSE,4,2,2,2_2,e5c89fcf-cc57-4fad-a138-ea47ee9ea225,CLASP1
2,123874559,123874559,1,snv_mnv,NA,NA,"broad,dkfz,muse,sanger",4,COSN9857435,NA,L1PA15,FALSE,0.2027,NA,15,59,NA,NA,NA,IGR,FALSE,FALSE,FALSE,FALSE,4,2,2,2_2,e5c89fcf-cc57-4fad-a138-ea47ee9ea225,NA
2,124604093,124604093,1,snv_mnv,NA,NA,"broad,dkfz,muse,sanger",4,COSN9857611,NA,L1PA16,FALSE,0.1967,NA,12,49,NA,NA,NA,IGR,FALSE,FALSE,FALSE,FALSE,4,2,2,2_2,e5c89fcf-cc57-4fad-a138-ea47ee9ea225,AC064859.1
2,124646561,124646561,1,snv_mnv,NA,NA,"broad,dkfz,muse,sanger",4,COSN9857627,NA,L1MA2,FALSE,0.2093,NA,18,68,NA,NA,NA,IGR,FALSE,FALSE,FALSE,FALSE,4,2,2,2_2,e5c89fcf-cc57-4fad-a138-ea47ee9ea225,NA
2,124646566,124646566,1,snv_mnv,NA,NA,"broad,dkfz,muse,sanger",4,COSN9857628,NA,L1MA2,FALSE,0.241,NA,20,63,NA,NA,NA,IGR,FALSE,FALSE,FALSE,FALSE,4,2,2,2_2,e5c89fcf-cc57-4fad-a138-ea47ee9ea225,NA
2,125527890,125527890,1,snv_mnv,NA,NA,"broad,dkfz,muse,sanger",4,COSN15584946,NA,L2a,FALSE,0.25,NA,12,36,NA,NA,NA,Intron,FALSE,FALSE,FALSE,FALSE,4,2,2,2_2,e5c89fcf-cc57-4fad-a138-ea47ee9ea225,NA
2,125660568,125660568,1,snv_mnv,NA,NA,"broad,dkfz,muse,sanger",4,COSM4422553,NA,NA,FALSE,0.2963,NA,8,19,NA,NA,NA,Silent,FALSE,FALSE,FALSE,FALSE,4,2,2,2_2,e5c89fcf-cc57-4fad-a138-ea47ee9ea225,NA
2,125892511,125892511,1,snv_mnv,NA,NA,"broad,dkfz,muse,sanger",4,COSN9857913,NA,NA,FALSE,0.2833,NA,17,43,NA,NA,NA,IGR,FALSE,FALSE,FALSE,FALSE,4,2,2,2_2,e5c89fcf-cc57-4fad-a138-ea47ee9ea225,NA
2,126106936,126106936,1,snv_mnv,NA,NA,"broad,dkfz,muse,sanger",4,COSN9857965,NA,MSTA,FALSE,0.2364,NA,13,42,NA,NA,NA,IGR,FALSE,FALSE,FALSE,FALSE,4,2,2,2_2,e5c89fcf-cc57-4fad-a138-ea47ee9ea225,NA
2,127947278,127947278,1,snv_mnv,NA,NA,"broad,dkfz,muse,sanger",4,COSN9858349,NA,L1M5,FALSE,0.3111,NA,14,31,NA,NA,NA,Intron,FALSE,FALSE,FALSE,FALSE,4,2,2,2_2,e5c89fcf-cc57-4fad-a138-ea47ee9ea225,NA
2,128338131,128338131,1,snv_mnv,NA,NA,"broad,dkfz,muse,sanger",4,COSN9858400,NA,NA,FALSE,0.4375,NA,14,18,NA,NA,NA,Intron,FALSE,FALSE,FALSE,FALSE,4,2,2,2_2,e5c89fcf-cc57-4fad-a138-ea47ee9ea225,NA
2,128908378,128908378,1,snv_mnv,NA,NA,"broad,dkfz,muse,sanger",4,COSN9858476,NA,NA,FALSE,0.4074,NA,11,16,NA,NA,NA,Intron,FALSE,FALSE,FALSE,FALSE,4,2,2,2_2,e5c89fcf-cc57-4fad-a138-ea47ee9ea225,AC108059.2
2,129224625,129224625,1,snv_mnv,NA,NA,"broad,dkfz,muse,sanger",4,COSN9858521,NA,MER52A,FALSE,0.4419,NA,19,24,NA,NA,NA,IGR,FALSE,FALSE,FALSE,FALSE,4,2,2,2_2,e5c89fcf-cc57-4fad-a138-ea47ee9ea225,NA
2,129529576,129529576,1,snv_mnv,NA,NA,"broad,dkfz,muse,sanger",4,COSN9858571,NA,LTR49,FALSE,0.3111,NA,14,31,NA,NA,NA,IGR,FALSE,FALSE,FALSE,FALSE,4,2,2,2_2,e5c89fcf-cc57-4fad-a138-ea47ee9ea225,NA
2,129881392,129881392,1,snv_mnv,NA,NA,"broad,dkfz,muse,sanger",4,COSN9858681,NA,L1PB3,FALSE,0.3889,NA,14,22,NA,NA,NA,IGR,FALSE,FALSE,FALSE,FALSE,4,2,2,2_2,e5c89fcf-cc57-4fad-a138-ea47ee9ea225,NA
2,129914732,129914732,1,snv_mnv,NA,NA,"broad,dkfz,muse,sanger",4,COSN9858692,NA,NA,FALSE,0.3191,NA,15,32,NA,NA,NA,IGR,FALSE,FALSE,FALSE,FALSE,4,2,2,2_2,e5c89fcf-cc57-4fad-a138-ea47ee9ea225,NA
2,130273147,130273147,1,snv_mnv,NA,NA,"broad,dkfz,muse,sanger",4,COSN9858808,NA,L1PA15,FALSE,0.2364,NA,13,42,NA,NA,NA,IGR,FALSE,FALSE,FALSE,FALSE,4,2,2,2_2,e5c89fcf-cc57-4fad-a138-ea47ee9ea225,NA
2,131077388,131077388,1,snv_mnv,NA,NA,"broad,dkfz,muse,sanger",4,COSN9858977,NA,Tigger3a,FALSE,0.2963,NA,16,38,NA,NA,NA,IGR,FALSE,FALSE,FALSE,FALSE,4,2,2,2_2,e5c89fcf-cc57-4fad-a138-ea47ee9ea225,NA
2,132220869,132220869,1,snv_mnv,NA,NA,"broad,dkfz,muse,sanger",4,COSN9859128,NA,NA,FALSE,0.254,NA,16,47,NA,NA,NA,lincRNA,FALSE,FALSE,FALSE,FALSE,4,2,2,2_2,e5c89fcf-cc57-4fad-a138-ea47ee9ea225,"RHOQP2,MZT2A"
2,132878060,132878060,1,snv_mnv,3.9936e-4,rs574491600,"broad,muse,sanger",3,COSN9859287,rs574491600,AluSq2,FALSE,0.2812,NA,9,23,NA,NA,NA,IGR,FALSE,FALSE,FALSE,FALSE,4,2,2,2_2,e5c89fcf-cc57-4fad-a138-ea47ee9ea225,NA
2,134085168,134085168,1,snv_mnv,NA,NA,"broad,dkfz,muse,sanger",4,COSN9859594,NA,NA,FALSE,0.2273,NA,15,51,NA,NA,NA,Intron,FALSE,FALSE,FALSE,FALSE,4,2,2,2_2,e5c89fcf-cc57-4fad-a138-ea47ee9ea225,NA
2,134509601,134509601,1,snv_mnv,NA,NA,"broad,dkfz,muse,sanger",4,COSN9859666,NA,NA,FALSE,0.2,NA,12,48,NA,NA,NA,IGR,FALSE,FALSE,FALSE,FALSE,4,2,2,2_2,e5c89fcf-cc57-4fad-a138-ea47ee9ea225,NA
2,135363368,135363368,1,snv_mnv,NA,NA,"broad,dkfz,muse,sanger",4,COSN9859795,NA,NA,FALSE,0.2889,NA,13,32,NA,NA,NA,Intron,FALSE,FALSE,FALSE,FALSE,4,2,2,2_2,e5c89fcf-cc57-4fad-a138-ea47ee9ea225,NA
2,136011664,136011664,1,snv_mnv,NA,NA,"broad,dkfz,muse,sanger",4,COSN15585352,NA,L2c,FALSE,0.1967,NA,12,49,NA,NA,NA,Intron,FALSE,FALSE,FALSE,FALSE,4,2,2,2_2,e5c89fcf-cc57-4fad-a138-ea47ee9ea225,NA
2,136567592,136567592,1,snv_mnv,NA,NA,"broad,dkfz,muse,sanger",4,COSN15585316,NA,NA,FALSE,0.2143,NA,9,33,NA,NA,NA,Intron,FALSE,FALSE,FALSE,FALSE,4,2,2,2_2,e5c89fcf-cc57-4fad-a138-ea47ee9ea225,RF00019
2,137370409,137370409,1,snv_mnv,5.9904e-4,rs144736939,"broad,dkfz,muse,sanger",4,COSN9860111,rs144736939,NA,FALSE,0.3214,NA,9,19,NA,NA,NA,IGR,FALSE,FALSE,FALSE,FALSE,4,2,2,2_2,e5c89fcf-cc57-4fad-a138-ea47ee9ea225,NA
2,137420997,137420997,1,snv_mnv,NA,NA,"broad,dkfz,muse,sanger",4,COSN9860129,NA,L1MD1,FALSE,0.3393,NA,19,37,NA,NA,NA,IGR,FALSE,FALSE,FALSE,FALSE,4,2,2,2_2,e5c89fcf-cc57-4fad-a138-ea47ee9ea225,NA
2,137580768,137580768,1,snv_mnv,NA,NA,"broad,dkfz,muse,sanger",4,COSN9860162,NA,NA,FALSE,0.2097,NA,13,49,NA,NA,NA,Intron,FALSE,FALSE,FALSE,FALSE,4,2,2,2_2,e5c89fcf-cc57-4fad-a138-ea47ee9ea225,NA
2,138157669,138157669,1,snv_mnv,NA,NA,"broad,dkfz,muse,sanger",4,COSN9860320,NA,L1MA4A,FALSE,0.2388,NA,16,51,NA,NA,NA,Intron,FALSE,FALSE,FALSE,FALSE,4,2,2,2_2,e5c89fcf-cc57-4fad-a138-ea47ee9ea225,NA
2,138344095,138344095,1,snv_mnv,NA,NA,"broad,dkfz,muse,sanger",4,COSN9860387,NA,L1PA5,FALSE,0.2881,NA,17,42,NA,NA,NA,Intron,FALSE,FALSE,FALSE,FALSE,4,2,2,2_2,e5c89fcf-cc57-4fad-a138-ea47ee9ea225,NA
2,138514479,138514479,1,snv_mnv,NA,NA,"broad,dkfz,muse,sanger",4,COSN9860429,NA,NA,FALSE,0.3158,NA,18,39,NA,NA,NA,IGR,FALSE,FALSE,FALSE,FALSE,4,2,2,2_2,e5c89fcf-cc57-4fad-a138-ea47ee9ea225,NA
2,139941240,139941240,1,snv_mnv,NA,NA,"broad,dkfz,muse,sanger",4,COSN9860707,NA,AluSc,FALSE,0.3226,NA,10,21,NA,NA,NA,IGR,FALSE,FALSE,FALSE,FALSE,4,2,2,2_2,e5c89fcf-cc57-4fad-a138-ea47ee9ea225,NA
2,140542355,140542355,1,snv_mnv,NA,NA,"broad,dkfz,muse,sanger",4,COSN9860879,NA,MLT1B,FALSE,0.283,NA,15,38,NA,NA,NA,IGR,FALSE,FALSE,FALSE,FALSE,4,2,2,2_2,e5c89fcf-cc57-4fad-a138-ea47ee9ea225,NA
2,142078445,142078445,1,snv_mnv,NA,NA,"broad,dkfz,muse,sanger",4,COSN9861214,NA,NA,FALSE,0.3443,NA,21,40,NA,NA,NA,Intron,FALSE,FALSE,FALSE,FALSE,4,2,2,2_2,e5c89fcf-cc57-4fad-a138-ea47ee9ea225,NA
2,142402655,142402655,1,snv_mnv,NA,NA,"broad,dkfz,muse,sanger",4,COSN15585410,NA,NA,FALSE,0.1803,NA,11,50,NA,NA,NA,Intron,FALSE,FALSE,FALSE,FALSE,4,2,2,2_2,e5c89fcf-cc57-4fad-a138-ea47ee9ea225,NA
2,142835782,142835782,1,snv_mnv,NA,NA,"broad,dkfz,muse,sanger",4,COSN9861388,NA,NA,FALSE,0.2241,NA,13,45,NA,NA,NA,Intron,FALSE,FALSE,FALSE,FALSE,4,2,2,2_2,e5c89fcf-cc57-4fad-a138-ea47ee9ea225,NA
2,143110969,143110969,1,snv_mnv,NA,NA,"broad,dkfz,muse,sanger",4,COSN9861457,NA,L1PB1,FALSE,0.2619,NA,22,62,NA,NA,NA,IGR,FALSE,FALSE,FALSE,FALSE,4,2,2,2_2,e5c89fcf-cc57-4fad-a138-ea47ee9ea225,NA
2,143246319,143246319,1,snv_mnv,NA,NA,"broad,dkfz,muse",3,COSN9861495,NA,LTR1C,FALSE,0.3529,NA,18,33,NA,NA,NA,IGR,FALSE,FALSE,FALSE,FALSE,4,2,2,2_2,e5c89fcf-cc57-4fad-a138-ea47ee9ea225,NA
2,143250346,143250346,1,snv_mnv,NA,NA,"broad,dkfz,muse,sanger",4,COSN9861497,NA,HERVH-int,FALSE,0.2424,NA,8,25,NA,NA,NA,IGR,FALSE,FALSE,FALSE,FALSE,4,2,2,2_2,e5c89fcf-cc57-4fad-a138-ea47ee9ea225,NA
2,144026262,144026262,1,snv_mnv,NA,NA,"broad,dkfz,muse,sanger",4,COSN9861636,NA,NA,FALSE,0.2237,NA,17,59,NA,NA,NA,Intron,FALSE,FALSE,FALSE,FALSE,4,2,2,2_2,e5c89fcf-cc57-4fad-a138-ea47ee9ea225,NA
2,144026263,144026263,1,snv_mnv,NA,NA,"broad,dkfz,muse,sanger",4,COSN9861637,NA,NA,FALSE,0.2297,NA,17,57,NA,NA,NA,Intron,FALSE,FALSE,FALSE,FALSE,4,2,2,2_2,e5c89fcf-cc57-4fad-a138-ea47ee9ea225,NA
2,144632787,144632787,1,snv_mnv,NA,NA,"broad,dkfz,muse,sanger",4,COSN9861751,NA,NA,FALSE,0.2542,NA,15,44,NA,NA,NA,IGR,FALSE,FALSE,FALSE,FALSE,4,2,2,2_2,e5c89fcf-cc57-4fad-a138-ea47ee9ea225,NA
2,144992097,144992097,1,snv_mnv,NA,NA,"broad,dkfz,muse,sanger",4,COSN9861812,NA,NA,FALSE,0.3659,NA,15,26,NA,NA,NA,Intron,FALSE,FALSE,FALSE,FALSE,4,2,2,2_2,e5c89fcf-cc57-4fad-a138-ea47ee9ea225,NA
2,145567440,145567440,1,snv_mnv,NA,NA,"broad,dkfz,muse,sanger",4,COSN9861900,NA,NA,FALSE,0.2553,NA,12,35,NA,NA,NA,lincRNA,FALSE,FALSE,FALSE,FALSE,4,2,2,2_2,e5c89fcf-cc57-4fad-a138-ea47ee9ea225,NA
2,145788412,145788412,1,snv_mnv,NA,NA,"broad,dkfz,muse,sanger",4,COSN9861955,NA,NA,FALSE,0.2985,NA,20,47,NA,NA,NA,lincRNA,FALSE,FALSE,FALSE,FALSE,4,2,2,2_2,e5c89fcf-cc57-4fad-a138-ea47ee9ea225,NA
2,145824426,145824426,1,snv_mnv,NA,NA,"broad,dkfz,muse,sanger",4,COSN15585418,NA,NA,FALSE,0.2115,NA,11,41,NA,NA,NA,lincRNA,FALSE,FALSE,FALSE,FALSE,4,2,2,2_2,e5c89fcf-cc57-4fad-a138-ea47ee9ea225,TEX41
2,146440545,146440545,1,snv_mnv,NA,NA,"broad,dkfz,muse,sanger",4,COSN9862065,NA,NA,FALSE,0.2712,NA,16,43,NA,NA,NA,IGR,FALSE,FALSE,FALSE,FALSE,4,2,2,2_2,e5c89fcf-cc57-4fad-a138-ea47ee9ea225,NA
2,146731427,146731427,1,snv_mnv,NA,NA,"broad,dkfz,muse,sanger",4,COSN9862147,NA,NA,FALSE,0.3095,NA,13,29,NA,NA,NA,IGR,FALSE,FALSE,FALSE,FALSE,4,2,2,2_2,e5c89fcf-cc57-4fad-a138-ea47ee9ea225,NA
2,146799604,146799604,1,snv_mnv,NA,NA,"broad,dkfz,muse,sanger",4,COSN9862166,NA,NA,FALSE,0.3289,NA,25,51,NA,NA,NA,IGR,FALSE,FALSE,FALSE,FALSE,4,2,2,2_2,e5c89fcf-cc57-4fad-a138-ea47ee9ea225,NA
2,146901495,146901495,1,snv_mnv,NA,NA,"broad,dkfz,muse,sanger",4,COSN9862198,NA,NA,FALSE,0.3115,NA,19,42,NA,NA,NA,RNA,FALSE,FALSE,FALSE,FALSE,4,2,2,2_2,e5c89fcf-cc57-4fad-a138-ea47ee9ea225,RNU7-2P
2,147367324,147367324,1,snv_mnv,NA,NA,"broad,dkfz,muse,sanger",4,COSN9862306,NA,NA,FALSE,0.234,NA,11,36,NA,NA,NA,IGR,FALSE,FALSE,FALSE,FALSE,4,2,2,2_2,e5c89fcf-cc57-4fad-a138-ea47ee9ea225,NA
2,147834013,147834013,1,snv_mnv,NA,NA,"broad,dkfz,muse,sanger",4,COSN15585228,NA,NA,FALSE,0.2206,NA,15,53,NA,NA,NA,IGR,FALSE,FALSE,FALSE,FALSE,4,2,2,2_2,e5c89fcf-cc57-4fad-a138-ea47ee9ea225,NA
2,149202598,149202598,1,snv_mnv,NA,NA,"broad,dkfz,muse,sanger",4,COSN9862605,NA,NA,FALSE,0.2727,NA,12,32,NA,NA,NA,Intron,FALSE,FALSE,FALSE,FALSE,4,2,2,2_2,e5c89fcf-cc57-4fad-a138-ea47ee9ea225,MBD5
2,150382500,150382500,1,snv_mnv,NA,NA,"broad,dkfz,muse,sanger",4,COSN9862799,NA,L1PA12,FALSE,0.2791,NA,12,31,NA,NA,NA,IGR,FALSE,FALSE,FALSE,FALSE,4,2,2,2_2,e5c89fcf-cc57-4fad-a138-ea47ee9ea225,NA
2,151075037,151075037,1,snv_mnv,NA,NA,"broad,dkfz,muse,sanger",4,COSN9862892,NA,MIRb,FALSE,0.2857,NA,18,45,NA,NA,NA,lincRNA,FALSE,FALSE,FALSE,FALSE,4,2,2,2_2,e5c89fcf-cc57-4fad-a138-ea47ee9ea225,NA
2,151846553,151846553,1,snv_mnv,NA,NA,"broad,dkfz,muse,sanger",4,COSN9863033,NA,L1MA5,FALSE,0.2742,NA,17,45,NA,NA,NA,RNA,FALSE,FALSE,FALSE,FALSE,4,2,2,2_2,e5c89fcf-cc57-4fad-a138-ea47ee9ea225,NA
2,152511324,152511324,1,snv_mnv,NA,NA,"broad,dkfz,muse,sanger",4,COSN9863130,NA,MIRb,FALSE,0.2353,NA,12,39,NA,NA,NA,Intron,FALSE,FALSE,FALSE,FALSE,4,2,2,2_2,e5c89fcf-cc57-4fad-a138-ea47ee9ea225,NA
2,153663017,153663017,1,snv_mnv,NA,NA,"broad,dkfz,muse,sanger",4,COSN9863265,NA,L1PA16,FALSE,0.3191,NA,15,32,NA,NA,NA,IGR,FALSE,FALSE,FALSE,FALSE,4,2,2,2_2,e5c89fcf-cc57-4fad-a138-ea47ee9ea225,NA
2,154745515,154745515,1,snv_mnv,NA,NA,"broad,muse",2,COSN7110267,NA,NA,FALSE,0.0735,NA,5,63,NA,NA,NA,Intron,FALSE,FALSE,FALSE,FALSE,4,2,2,2_2,e5c89fcf-cc57-4fad-a138-ea47ee9ea225,NA
2,154749956,154749956,1,snv_mnv,NA,NA,"broad,dkfz,muse,sanger",4,COSN9863564,NA,L1ME4a,FALSE,0.2073,NA,17,65,NA,NA,NA,Intron,FALSE,FALSE,FALSE,FALSE,4,2,2,2_2,e5c89fcf-cc57-4fad-a138-ea47ee9ea225,NA
2,154944987,154944987,1,snv_mnv,NA,NA,"broad,dkfz,muse,sanger",4,COSN9863605,rs372455154,AluSq2,FALSE,0.3571,NA,15,27,NA,NA,NA,Intron,FALSE,FALSE,FALSE,FALSE,4,2,2,2_2,e5c89fcf-cc57-4fad-a138-ea47ee9ea225,NA
2,154961852,154961852,1,snv_mnv,NA,NA,"broad,dkfz,muse,sanger",4,COSN9863609,NA,Tigger3a,FALSE,0.2361,NA,17,55,NA,NA,NA,Intron,FALSE,FALSE,FALSE,FALSE,4,2,2,2_2,e5c89fcf-cc57-4fad-a138-ea47ee9ea225,NA
2,155293885,155293885,1,snv_mnv,NA,NA,"broad,dkfz,muse,sanger",4,COSN15585346,NA,NA,FALSE,0.2245,NA,11,38,NA,NA,NA,Intron,FALSE,FALSE,FALSE,FALSE,4,2,2,2_2,e5c89fcf-cc57-4fad-a138-ea47ee9ea225,GALNT13
2,155853738,155853738,1,snv_mnv,NA,NA,"broad,dkfz,muse,sanger",4,COSN9863746,NA,L1MC1,FALSE,0.2321,NA,13,43,NA,NA,NA,IGR,FALSE,FALSE,FALSE,FALSE,4,2,2,2_2,e5c89fcf-cc57-4fad-a138-ea47ee9ea225,NA
2,156851654,156851654,1,snv_mnv,NA,NA,"broad,muse,sanger",3,COSN9864013,NA,NA,FALSE,0.3,NA,24,56,NA,NA,NA,IGR,FALSE,FALSE,FALSE,FALSE,4,2,2,2_2,e5c89fcf-cc57-4fad-a138-ea47ee9ea225,NA
2,157057615,157057615,1,snv_mnv,0.0027955,rs142427601,"broad,dkfz,muse,sanger",4,COSN9864067,rs142427601,NA,FALSE,0.2152,NA,17,62,NA,NA,NA,IGR,FALSE,FALSE,FALSE,FALSE,4,2,2,2_2,e5c89fcf-cc57-4fad-a138-ea47ee9ea225,NA
2,157076044,157076044,1,snv_mnv,NA,NA,"broad,dkfz,muse,sanger",4,COSN9864071,NA,L1M1,FALSE,0.3488,NA,15,28,NA,NA,NA,IGR,FALSE,FALSE,FALSE,FALSE,4,2,2,2_2,e5c89fcf-cc57-4fad-a138-ea47ee9ea225,NA
2,161259954,161259954,1,snv_mnv,NA,NA,"broad,dkfz,muse,sanger",4,COSN9864702,NA,NA,FALSE,0.2698,NA,17,46,NA,NA,NA,Intron,FALSE,FALSE,FALSE,FALSE,4,2,2,2_2,e5c89fcf-cc57-4fad-a138-ea47ee9ea225,MIR4785
2,161662296,161662296,1,snv_mnv,NA,NA,"broad,dkfz,muse,sanger",4,COSN9864775,NA,AluJb,FALSE,0.3333,NA,22,44,NA,NA,NA,IGR,FALSE,FALSE,FALSE,FALSE,4,2,2,2_2,e5c89fcf-cc57-4fad-a138-ea47ee9ea225,NA
2,161826919,161826919,1,snv_mnv,NA,NA,"broad,dkfz,muse,sanger",4,COSN9864800,NA,NA,FALSE,0.2,NA,13,52,NA,NA,NA,IGR,FALSE,FALSE,FALSE,FALSE,4,2,2,2_2,e5c89fcf-cc57-4fad-a138-ea47ee9ea225,NA
2,161948414,161948414,1,snv_mnv,1.9968e-4,rs534157907,"broad,dkfz,muse,sanger",4,COSN9864819,rs534157907,NA,FALSE,0.2549,NA,13,38,NA,NA,NA,IGR,FALSE,FALSE,FALSE,FALSE,4,2,2,2_2,e5c89fcf-cc57-4fad-a138-ea47ee9ea225,AC009313.1
2,162105300,162105300,1,snv_mnv,NA,NA,"broad,dkfz,muse,sanger",4,COSN9864844,NA,NA,FALSE,0.2174,NA,15,54,NA,NA,NA,lincRNA,FALSE,FALSE,FALSE,FALSE,4,2,2,2_2,e5c89fcf-cc57-4fad-a138-ea47ee9ea225,"AC009299.3,LINC01806"
2,163128491,163128491,1,snv_mnv,NA,NA,"broad,dkfz,muse,sanger",4,COSN9865024,NA,NA,FALSE,0.2727,NA,21,56,NA,NA,NA,Intron,FALSE,FALSE,FALSE,FALSE,4,2,2,2_2,e5c89fcf-cc57-4fad-a138-ea47ee9ea225,NA
2,163741017,163741017,1,snv_mnv,NA,NA,"broad,dkfz,muse,sanger",4,COSN9865135,NA,NA,FALSE,0.2329,NA,17,56,NA,NA,NA,IGR,FALSE,FALSE,FALSE,FALSE,4,2,2,2_2,e5c89fcf-cc57-4fad-a138-ea47ee9ea225,NA
2,163800650,163800650,1,snv_mnv,NA,NA,"broad,dkfz,muse,sanger",4,COSN9865153,NA,L1M2,FALSE,0.2586,NA,15,43,NA,NA,NA,IGR,FALSE,FALSE,FALSE,FALSE,4,2,2,2_2,e5c89fcf-cc57-4fad-a138-ea47ee9ea225,NA
2,164974886,164974886,1,snv_mnv,5.9904e-4,rs529600110,"broad,dkfz,muse,sanger",4,COSN9865377,rs529600110,HAL1,FALSE,0.2667,NA,16,44,NA,NA,NA,lincRNA,FALSE,FALSE,FALSE,FALSE,4,2,2,2_2,e5c89fcf-cc57-4fad-a138-ea47ee9ea225,NA
2,166102429,166102429,1,snv_mnv,NA,NA,"broad,dkfz,muse,sanger",4,COSN9865539,NA,NA,FALSE,0.2254,NA,16,55,NA,NA,NA,Intron,FALSE,FALSE,FALSE,FALSE,4,2,2,2_2,e5c89fcf-cc57-4fad-a138-ea47ee9ea225,NA
2,166135274,166135274,1,snv_mnv,NA,NA,"broad,dkfz,muse,sanger",4,COSN9865544,NA,AluJb,FALSE,0.381,NA,16,26,NA,NA,NA,Intron,FALSE,FALSE,FALSE,FALSE,4,2,2,2_2,e5c89fcf-cc57-4fad-a138-ea47ee9ea225,SCN2A
2,166635922,166635922,1,snv_mnv,NA,NA,"broad,dkfz,muse,sanger",4,COSN9865619,NA,NA,FALSE,0.2456,NA,14,43,NA,NA,NA,Intron,FALSE,FALSE,FALSE,FALSE,4,2,2,2_2,e5c89fcf-cc57-4fad-a138-ea47ee9ea225,NA
2,166830588,166830588,1,snv_mnv,NA,NA,"broad,dkfz,muse,sanger",4,COSN9865655,NA,L1PA8,FALSE,0.3871,NA,24,38,NA,NA,NA,RNA,FALSE,FALSE,FALSE,FALSE,4,2,2,2_2,e5c89fcf-cc57-4fad-a138-ea47ee9ea225,NA
2,166900333,166900333,1,snv_mnv,NA,NA,"broad,muse",2,COSM5494403,rs145670933,NA,FALSE,0.0667,NA,3,42,NA,NA,NA,Missense_Mutation,FALSE,FALSE,FALSE,FALSE,4,2,2,2_2,e5c89fcf-cc57-4fad-a138-ea47ee9ea225,NA
2,167346092,167346092,1,snv_mnv,NA,NA,"broad,dkfz,muse,sanger",4,COSN9865737,NA,NA,FALSE,0.3333,NA,18,36,NA,NA,NA,5'Flank,FALSE,FALSE,FALSE,FALSE,4,2,2,2_2,e5c89fcf-cc57-4fad-a138-ea47ee9ea225,SCN7A
2,167782815,167782815,1,snv_mnv,NA,NA,"broad,dkfz,muse,sanger",4,COSN9865835,NA,NA,FALSE,0.2535,NA,18,53,NA,NA,NA,Intron,FALSE,FALSE,FALSE,FALSE,4,2,2,2_2,e5c89fcf-cc57-4fad-a138-ea47ee9ea225,NA
2,168098049,168098049,1,snv_mnv,NA,NA,"broad,dkfz,muse,sanger",4,COSN9865915,NA,NA,FALSE,0.3125,NA,15,33,NA,NA,NA,Intron,FALSE,FALSE,FALSE,FALSE,4,2,2,2_2,e5c89fcf-cc57-4fad-a138-ea47ee9ea225,NA
2,168632509,168632509,1,snv_mnv,NA,NA,"broad,dkfz,muse,sanger",4,COSN9866032,NA,NA,FALSE,0.2679,NA,15,41,NA,NA,NA,IGR,FALSE,FALSE,FALSE,FALSE,4,2,2,2_2,e5c89fcf-cc57-4fad-a138-ea47ee9ea225,NA
2,169202398,169202398,1,snv_mnv,1.9968e-4,rs570478162,"broad,dkfz,muse,sanger",4,COSN9866117,rs570478162,NA,FALSE,0.4706,NA,24,27,NA,NA,NA,IGR,FALSE,FALSE,FALSE,FALSE,4,2,2,2_2,e5c89fcf-cc57-4fad-a138-ea47ee9ea225,NA
2,170332168,170332168,1,snv_mnv,NA,NA,"broad,dkfz,muse,sanger",4,COSN9866312,NA,MLT1E1A-int,FALSE,0.2667,NA,16,44,NA,NA,NA,IGR,FALSE,FALSE,FALSE,FALSE,4,2,2,2_2,e5c89fcf-cc57-4fad-a138-ea47ee9ea225,"BBS5,AC093899.2"
2,171053909,171053909,1,snv_mnv,NA,NA,"broad,dkfz,muse,sanger",4,COSN9866395,NA,NA,FALSE,0.2951,NA,18,43,NA,NA,NA,Intron,FALSE,FALSE,FALSE,FALSE,4,2,2,2_2,e5c89fcf-cc57-4fad-a138-ea47ee9ea225,MYO3B
2,171285156,171285156,1,snv_mnv,NA,NA,"broad,dkfz,muse,sanger",4,COSN9866430,NA,NA,FALSE,0.35,NA,21,39,NA,NA,NA,Intron,FALSE,FALSE,FALSE,FALSE,4,2,2,2_2,e5c89fcf-cc57-4fad-a138-ea47ee9ea225,NA
2,172746065,172746065,1,snv_mnv,NA,NA,"broad,dkfz,muse,sanger",4,COSN15585474,NA,NA,FALSE,0.25,NA,11,33,NA,NA,NA,Intron,FALSE,FALSE,FALSE,FALSE,4,2,2,2_2,e5c89fcf-cc57-4fad-a138-ea47ee9ea225,NA
2,176254783,176254783,1,snv_mnv,NA,NA,"broad,dkfz,muse,sanger",4,COSN9867151,NA,NA,FALSE,0.2,NA,15,60,NA,NA,NA,lincRNA,FALSE,FALSE,FALSE,FALSE,4,2,2,2_2,e5c89fcf-cc57-4fad-a138-ea47ee9ea225,NA
2,178291111,178291111,1,snv_mnv,NA,NA,"broad,dkfz,muse,sanger",4,COSN9867460,NA,L1PA10,FALSE,0.2373,NA,14,45,NA,NA,NA,Intron,FALSE,FALSE,FALSE,FALSE,4,2,2,2_2,e5c89fcf-cc57-4fad-a138-ea47ee9ea225,NA
2,179211386,179211386,1,snv_mnv,NA,NA,"broad,dkfz,muse,sanger",4,COSN9867604,NA,NA,FALSE,0.3333,NA,14,28,NA,NA,NA,Intron,FALSE,FALSE,FALSE,FALSE,4,2,2,2_2,e5c89fcf-cc57-4fad-a138-ea47ee9ea225,NA
2,179714919,179714919,1,snv_mnv,NA,NA,"broad,dkfz,muse,sanger",4,COSN9867660,NA,NA,FALSE,0.2344,NA,15,49,NA,NA,NA,Intron,FALSE,FALSE,FALSE,FALSE,4,2,2,2_2,e5c89fcf-cc57-4fad-a138-ea47ee9ea225,NA
2,179860097,179860097,1,snv_mnv,NA,NA,"broad,dkfz,muse,sanger",4,COSN9867676,NA,THE1B,FALSE,0.2857,NA,16,40,NA,NA,NA,Intron,FALSE,FALSE,FALSE,FALSE,4,2,2,2_2,e5c89fcf-cc57-4fad-a138-ea47ee9ea225,NA
2,180904736,180904736,1,snv_mnv,NA,NA,"broad,dkfz,muse,sanger",4,COSN9867806,NA,L1MB8,FALSE,0.3016,NA,19,44,NA,NA,NA,IGR,FALSE,FALSE,FALSE,FALSE,4,2,2,2_2,e5c89fcf-cc57-4fad-a138-ea47ee9ea225,NA
2,181180683,181180683,1,snv_mnv,NA,NA,"broad,dkfz,muse,sanger",4,COSN9867867,NA,MLT2B3,FALSE,0.2692,NA,14,38,NA,NA,NA,IGR,FALSE,FALSE,FALSE,FALSE,4,2,2,2_2,e5c89fcf-cc57-4fad-a138-ea47ee9ea225,NA
2,181180684,181180684,1,snv_mnv,NA,NA,"broad,dkfz,muse,sanger",4,COSN9867868,NA,MLT2B3,FALSE,0.2692,NA,14,38,NA,NA,NA,IGR,FALSE,FALSE,FALSE,FALSE,4,2,2,2_2,e5c89fcf-cc57-4fad-a138-ea47ee9ea225,NA
2,181887816,181887816,1,snv_mnv,NA,NA,"broad,dkfz,muse,sanger",4,COSN15584809,NA,NA,FALSE,0.1733,NA,13,62,NA,NA,NA,Intron,FALSE,FALSE,FALSE,FALSE,4,2,2,2_2,e5c89fcf-cc57-4fad-a138-ea47ee9ea225,NA
2,182345084,182345084,1,snv_mnv,NA,NA,"broad,dkfz,muse,sanger",4,COSN9868104,NA,NA,FALSE,0.3014,NA,22,51,NA,NA,NA,Intron,FALSE,FALSE,FALSE,FALSE,4,2,2,2_2,e5c89fcf-cc57-4fad-a138-ea47ee9ea225,ITGA4
2,183383742,183383742,1,snv_mnv,NA,NA,"broad,dkfz,muse,sanger",4,COSN9868291,NA,NA,FALSE,0.3077,NA,24,54,NA,NA,NA,Intron,FALSE,FALSE,FALSE,FALSE,4,2,2,2_2,e5c89fcf-cc57-4fad-a138-ea47ee9ea225,NA
2,183462881,183462881,1,snv_mnv,NA,NA,"broad,dkfz,muse,sanger",4,COSN9868302,NA,NA,FALSE,0.3,NA,15,35,NA,NA,NA,IGR,FALSE,FALSE,FALSE,FALSE,4,2,2,2_2,e5c89fcf-cc57-4fad-a138-ea47ee9ea225,NA
2,183471928,183471928,1,snv_mnv,NA,NA,"broad,dkfz,muse,sanger",4,COSN9868305,NA,LOR1a,FALSE,0.2667,NA,16,44,NA,NA,NA,IGR,FALSE,FALSE,FALSE,FALSE,4,2,2,2_2,e5c89fcf-cc57-4fad-a138-ea47ee9ea225,NA
2,183985470,183985470,1,snv_mnv,NA,NA,"broad,dkfz,muse,sanger",4,COSN9868369,NA,MIRb,FALSE,0.3077,NA,16,36,NA,NA,NA,Intron,FALSE,FALSE,FALSE,FALSE,4,2,2,2_2,e5c89fcf-cc57-4fad-a138-ea47ee9ea225,NUP35
2,184689273,184689273,1,snv_mnv,NA,NA,"broad,dkfz,muse,sanger",4,COSN9868490,NA,L1MA2,FALSE,0.2192,NA,16,57,NA,NA,NA,IGR,FALSE,FALSE,FALSE,FALSE,4,2,2,2_2,e5c89fcf-cc57-4fad-a138-ea47ee9ea225,NA
2,184928381,184928381,1,snv_mnv,NA,NA,"broad,dkfz,muse,sanger",4,COSN9868559,NA,L1PA8,FALSE,0.2933,NA,22,53,NA,NA,NA,IGR,FALSE,FALSE,FALSE,FALSE,4,2,2,2_2,e5c89fcf-cc57-4fad-a138-ea47ee9ea225,NA
2,185500072,185500072,1,snv_mnv,NA,NA,"broad,dkfz,muse,sanger",4,COSN9868701,NA,NA,FALSE,0.2794,NA,19,49,NA,NA,NA,Intron,FALSE,FALSE,FALSE,FALSE,4,2,2,2_2,e5c89fcf-cc57-4fad-a138-ea47ee9ea225,NA
2,185680537,185680537,1,snv_mnv,NA,NA,"broad,dkfz,muse,sanger",4,COSN9868751,NA,NA,FALSE,0.2179,NA,17,61,NA,NA,NA,Intron,FALSE,FALSE,FALSE,FALSE,4,2,2,2_2,e5c89fcf-cc57-4fad-a138-ea47ee9ea225,NA
2,185793026,185793026,1,snv_mnv,NA,NA,"broad,dkfz,muse,sanger",4,COSN9868780,NA,L1MA3,FALSE,0.3864,NA,17,27,NA,NA,NA,Intron,FALSE,FALSE,FALSE,FALSE,4,2,2,2_2,e5c89fcf-cc57-4fad-a138-ea47ee9ea225,NA
2,186852612,186852612,1,snv_mnv,NA,NA,"broad,dkfz,muse,sanger",4,COSN9868967,NA,L1ME4a,FALSE,0.3036,NA,17,39,NA,NA,NA,IGR,FALSE,FALSE,FALSE,FALSE,4,2,2,2_2,e5c89fcf-cc57-4fad-a138-ea47ee9ea225,NA
2,189158326,189158326,1,snv_mnv,NA,NA,"broad,dkfz,muse,sanger",4,COSN9869337,NA,NA,FALSE,0.2881,NA,17,42,NA,NA,NA,Intron,FALSE,FALSE,FALSE,TRUE,4,2,2,2_2,e5c89fcf-cc57-4fad-a138-ea47ee9ea225,"MIR561,GULP1"
2,190876196,190876196,1,snv_mnv,NA,NA,"broad,dkfz,muse,sanger",4,COSN9869595,NA,L1MA7,FALSE,0.2113,NA,15,56,NA,NA,NA,Intron,FALSE,FALSE,FALSE,FALSE,4,2,2,2_2,e5c89fcf-cc57-4fad-a138-ea47ee9ea225,NA
2,192343254,192343254,1,snv_mnv,3.9936e-4,rs150592547,"broad,dkfz,muse,sanger",4,COSN9869789,rs150592547,NA,FALSE,0.3962,NA,21,32,NA,NA,NA,IGR,FALSE,FALSE,FALSE,FALSE,4,2,2,2_2,e5c89fcf-cc57-4fad-a138-ea47ee9ea225,NA
2,194423177,194423177,1,snv_mnv,NA,NA,"broad,dkfz,muse,sanger",4,COSN9870147,NA,L2a,FALSE,0.2564,NA,20,58,NA,NA,NA,IGR,FALSE,FALSE,FALSE,FALSE,4,2,2,2_2,e5c89fcf-cc57-4fad-a138-ea47ee9ea225,NA
2,194776595,194776595,1,snv_mnv,NA,NA,"broad,dkfz,muse,sanger",4,COSN9870245,NA,NA,FALSE,0.3662,NA,26,45,NA,NA,NA,IGR,FALSE,FALSE,FALSE,FALSE,4,2,2,2_2,e5c89fcf-cc57-4fad-a138-ea47ee9ea225,NA
2,194776596,194776596,1,snv_mnv,NA,NA,"broad,dkfz,muse,sanger",4,COSN9870246,NA,NA,FALSE,0.3649,NA,27,47,NA,NA,NA,IGR,FALSE,FALSE,FALSE,FALSE,4,2,2,2_2,e5c89fcf-cc57-4fad-a138-ea47ee9ea225,NA
2,195143359,195143359,1,snv_mnv,NA,NA,"broad,dkfz,muse,sanger",4,COSN9870340,NA,BLACKJACK,FALSE,0.2429,NA,17,53,NA,NA,NA,IGR,FALSE,FALSE,FALSE,FALSE,4,2,2,2_2,e5c89fcf-cc57-4fad-a138-ea47ee9ea225,NA
2,195275867,195275867,1,snv_mnv,NA,NA,"broad,dkfz,muse,sanger",4,COSN15585235,NA,NA,FALSE,0.2182,NA,12,43,NA,NA,NA,lincRNA,FALSE,FALSE,FALSE,FALSE,4,2,2,2_2,e5c89fcf-cc57-4fad-a138-ea47ee9ea225,NA
2,197123369,197123369,1,snv_mnv,NA,NA,"broad,dkfz,muse,sanger",4,COSN9870773,NA,NA,FALSE,0.2069,NA,12,46,NA,NA,NA,Intron,FALSE,FALSE,FALSE,FALSE,4,2,2,2_2,e5c89fcf-cc57-4fad-a138-ea47ee9ea225,"AC020571.1,HECW2"
2,197934705,197934705,1,snv_mnv,NA,NA,"broad,dkfz,muse,sanger",4,COSN9870912,NA,L1MD,FALSE,0.2063,NA,13,50,NA,NA,NA,Intron,FALSE,FALSE,FALSE,FALSE,4,2,2,2_2,e5c89fcf-cc57-4fad-a138-ea47ee9ea225,NA
2,198403368,198403368,1,snv_mnv,NA,NA,"broad,dkfz,muse,sanger",4,COSN9870993,NA,MER91A,FALSE,0.2927,NA,12,29,NA,NA,NA,Intron,FALSE,FALSE,FALSE,FALSE,4,2,2,2_2,e5c89fcf-cc57-4fad-a138-ea47ee9ea225,AC020550.1
2,198403369,198403369,1,snv_mnv,NA,NA,"broad,dkfz,muse,sanger",4,COSN9870994,NA,MER91A,FALSE,0.3,NA,12,28,NA,NA,NA,Intron,FALSE,FALSE,FALSE,FALSE,4,2,2,2_2,e5c89fcf-cc57-4fad-a138-ea47ee9ea225,AC020550.1
2,198570300,198570300,1,snv_mnv,NA,NA,"broad,muse",2,COSM1129388,rs761813131,NA,FALSE,0.2353,NA,4,13,NA,NA,NA,Silent,FALSE,FALSE,FALSE,FALSE,4,2,2,2_2,e5c89fcf-cc57-4fad-a138-ea47ee9ea225,NA
2,200487401,200487401,1,snv_mnv,1.9968e-4,rs182452810,"broad,dkfz,muse,sanger",4,COSN9871316,rs182452810,NA,FALSE,0.3256,NA,14,29,NA,NA,NA,lincRNA,FALSE,FALSE,FALSE,FALSE,4,2,2,2_2,e5c89fcf-cc57-4fad-a138-ea47ee9ea225,LINC01877
2,201007206,201007206,1,snv_mnv,NA,NA,"broad,dkfz,muse,sanger",4,COSN9871386,NA,L1ME3,FALSE,0.2462,NA,16,49,NA,NA,NA,IGR,FALSE,FALSE,FALSE,FALSE,4,2,2,2_2,e5c89fcf-cc57-4fad-a138-ea47ee9ea225,NA
2,201740205,201740205,1,snv_mnv,NA,NA,"broad,dkfz,muse,sanger",4,COSN9871495,NA,AluSc5,FALSE,0.303,NA,10,23,NA,NA,NA,Intron,FALSE,FALSE,FALSE,FALSE,4,2,2,2_2,e5c89fcf-cc57-4fad-a138-ea47ee9ea225,PPIL3
2,202206703,202206703,1,snv_mnv,NA,NA,"broad,dkfz,muse,sanger",4,COSN9871546,NA,NA,FALSE,0.2593,NA,14,40,NA,NA,NA,Intron,FALSE,FALSE,FALSE,FALSE,4,2,2,2_2,e5c89fcf-cc57-4fad-a138-ea47ee9ea225,NA
2,205186278,205186278,1,snv_mnv,NA,NA,"broad,dkfz,muse,sanger",4,COSN9871926,NA,MER117,FALSE,0.2727,NA,15,40,NA,NA,NA,IGR,FALSE,FALSE,FALSE,FALSE,4,2,2,2_2,e5c89fcf-cc57-4fad-a138-ea47ee9ea225,NA
2,206402781,206402781,1,snv_mnv,NA,NA,"broad,dkfz,muse,sanger",4,COSN9872113,NA,L2c,FALSE,0.2738,NA,23,61,NA,NA,NA,Intron,FALSE,FALSE,FALSE,FALSE,4,2,2,2_2,e5c89fcf-cc57-4fad-a138-ea47ee9ea225,NA
2,206604100,206604100,1,snv_mnv,NA,NA,"broad,dkfz,muse,sanger",4,COSN9872146,NA,NA,FALSE,0.42,NA,21,29,NA,NA,NA,Intron,FALSE,FALSE,FALSE,FALSE,4,2,2,2_2,e5c89fcf-cc57-4fad-a138-ea47ee9ea225,NRP2
2,207193866,207193866,1,snv_mnv,NA,NA,"broad,dkfz,muse,sanger",4,COSN9872228,NA,ERV3-16A3_I-int,FALSE,0.283,NA,15,38,NA,NA,NA,IGR,FALSE,FALSE,FALSE,FALSE,4,2,2,2_2,e5c89fcf-cc57-4fad-a138-ea47ee9ea225,NA
2,207414817,207414817,1,snv_mnv,NA,NA,"broad,dkfz,muse,sanger",4,COSM4154765,NA,NA,FALSE,0.2759,NA,16,42,NA,NA,NA,Splice_Site,FALSE,FALSE,FALSE,FALSE,4,2,2,2_2,e5c89fcf-cc57-4fad-a138-ea47ee9ea225,NA
2,207715756,207715756,1,snv_mnv,NA,NA,"broad,dkfz,muse,sanger",4,COSN9872311,NA,NA,FALSE,0.2297,NA,17,57,NA,NA,NA,IGR,FALSE,FALSE,FALSE,FALSE,4,2,2,2_2,e5c89fcf-cc57-4fad-a138-ea47ee9ea225,NA
2,207921694,207921694,1,snv_mnv,NA,NA,"broad,dkfz,muse,sanger",4,COSN9872339,NA,L1ME4a,FALSE,0.25,NA,17,51,NA,NA,NA,IGR,FALSE,FALSE,FALSE,FALSE,4,2,2,2_2,e5c89fcf-cc57-4fad-a138-ea47ee9ea225,NA
2,208070562,208070562,1,snv_mnv,NA,NA,"broad,dkfz,muse,sanger",4,COSN9872364,NA,MIRb,FALSE,0.2889,NA,13,32,NA,NA,NA,lincRNA,FALSE,FALSE,FALSE,FALSE,4,2,2,2_2,e5c89fcf-cc57-4fad-a138-ea47ee9ea225,NA
2,208070563,208070563,1,snv_mnv,NA,NA,"broad,dkfz,muse,sanger",4,COSN9872365,NA,MIRb,FALSE,0.2727,NA,12,32,NA,NA,NA,lincRNA,FALSE,FALSE,FALSE,FALSE,4,2,2,2_2,e5c89fcf-cc57-4fad-a138-ea47ee9ea225,NA
2,208305411,208305411,1,snv_mnv,NA,NA,"broad,dkfz,muse,sanger",4,COSN9872407,NA,AluY,FALSE,0.3171,NA,13,28,NA,NA,NA,RNA,FALSE,FALSE,FALSE,FALSE,4,2,2,2_2,e5c89fcf-cc57-4fad-a138-ea47ee9ea225,NA
2,209404222,209404222,1,snv_mnv,NA,NA,"broad,dkfz,muse,sanger",4,COSN9872546,NA,NA,FALSE,0.2941,NA,15,36,NA,NA,NA,RNA,FALSE,FALSE,FALSE,FALSE,4,2,2,2_2,e5c89fcf-cc57-4fad-a138-ea47ee9ea225,NA
2,210580361,210580361,1,snv_mnv,NA,NA,"broad,dkfz,muse,sanger",4,COSN9872738,NA,L2a,FALSE,0.2927,NA,24,58,NA,NA,NA,Intron,FALSE,FALSE,FALSE,FALSE,4,2,2,2_2,e5c89fcf-cc57-4fad-a138-ea47ee9ea225,MAP2
2,211335186,211335186,1,snv_mnv,NA,NA,"broad,dkfz,muse,sanger",4,COSN9872838,NA,Tigger4a,FALSE,0.3333,NA,23,46,NA,NA,NA,Intron,FALSE,FALSE,FALSE,FALSE,4,2,2,2_2,e5c89fcf-cc57-4fad-a138-ea47ee9ea225,LANCL1-AS1
2,211411770,211411770,1,snv_mnv,NA,NA,"broad,dkfz,muse,sanger",4,COSN9872854,NA,NA,FALSE,0.2647,NA,9,25,NA,NA,NA,Intron,FALSE,FALSE,FALSE,FALSE,4,2,2,2_2,e5c89fcf-cc57-4fad-a138-ea47ee9ea225,NA
2,211858406,211858406,1,snv_mnv,NA,NA,"broad,dkfz,muse,sanger",4,COSN9872933,NA,L1MEc,FALSE,0.2436,NA,19,59,NA,NA,NA,IGR,FALSE,FALSE,FALSE,FALSE,4,2,2,2_2,e5c89fcf-cc57-4fad-a138-ea47ee9ea225,NA
2,211960030,211960030,1,snv_mnv,NA,NA,"broad,dkfz,muse,sanger",4,COSN9872959,NA,L4,FALSE,0.2532,NA,20,59,NA,NA,NA,IGR,FALSE,FALSE,FALSE,FALSE,4,2,2,2_2,e5c89fcf-cc57-4fad-a138-ea47ee9ea225,NA
2,212240110,212240110,1,snv_mnv,NA,NA,"broad,dkfz,muse,sanger",4,COSN9873030,NA,NA,FALSE,0.3125,NA,25,55,NA,NA,NA,IGR,FALSE,FALSE,FALSE,FALSE,4,2,2,2_2,e5c89fcf-cc57-4fad-a138-ea47ee9ea225,ERBB4
2,213004892,213004892,1,snv_mnv,NA,NA,"broad,dkfz,muse,sanger",4,COSN9873228,NA,NA,FALSE,0.3125,NA,15,33,NA,NA,NA,Intron,FALSE,FALSE,FALSE,FALSE,4,2,2,2_2,e5c89fcf-cc57-4fad-a138-ea47ee9ea225,NA
2,213514444,213514444,1,snv_mnv,NA,NA,"broad,dkfz,muse,sanger",4,COSN9873344,NA,L2a,FALSE,0.2535,NA,18,53,NA,NA,NA,RNA,FALSE,FALSE,FALSE,FALSE,4,2,2,2_2,e5c89fcf-cc57-4fad-a138-ea47ee9ea225,NA
2,214456446,214456446,1,snv_mnv,NA,NA,"broad,dkfz,muse,sanger",4,COSN9873499,NA,MER31A,FALSE,0.2182,NA,12,43,NA,NA,NA,Intron,FALSE,FALSE,FALSE,FALSE,4,2,2,2_2,e5c89fcf-cc57-4fad-a138-ea47ee9ea225,NA
2,214560897,214560897,1,snv_mnv,NA,NA,"broad,dkfz,muse",3,COSN9873518,NA,(TTTG)n,FALSE,0.2703,NA,20,54,NA,NA,NA,Intron,FALSE,FALSE,FALSE,FALSE,4,2,2,2_2,e5c89fcf-cc57-4fad-a138-ea47ee9ea225,NA
2,215184639,215184639,1,snv_mnv,NA,NA,"broad,dkfz,muse,sanger",4,COSN9873607,NA,NA,FALSE,0.2857,NA,18,45,NA,NA,NA,Intron,FALSE,FALSE,FALSE,FALSE,4,2,2,2_2,e5c89fcf-cc57-4fad-a138-ea47ee9ea225,NA
2,215318271,215318271,1,snv_mnv,NA,NA,"broad,dkfz,muse,sanger",4,COSN9873631,NA,L1ME1,FALSE,0.2679,NA,15,41,NA,NA,NA,Intron,FALSE,FALSE,FALSE,FALSE,4,2,2,2_2,e5c89fcf-cc57-4fad-a138-ea47ee9ea225,NA
2,215483972,215483972,1,snv_mnv,NA,NA,"broad,dkfz,muse,sanger",4,COSN9873647,NA,NA,FALSE,0.3111,NA,14,31,NA,NA,NA,RNA,FALSE,FALSE,FALSE,FALSE,4,2,2,2_2,e5c89fcf-cc57-4fad-a138-ea47ee9ea225,NA
2,215538313,215538313,1,snv_mnv,NA,NA,"broad,dkfz,muse,sanger",4,COSN9873661,NA,NA,FALSE,0.2941,NA,15,36,NA,NA,NA,RNA,FALSE,FALSE,FALSE,FALSE,4,2,2,2_2,e5c89fcf-cc57-4fad-a138-ea47ee9ea225,NA
2,215992339,215992339,1,snv_mnv,NA,NA,"dkfz,muse,sanger",3,COSN9873737,NA,L1PB2,FALSE,0.2885,NA,15,37,NA,NA,NA,Intron,FALSE,FALSE,FALSE,FALSE,4,2,2,2_2,e5c89fcf-cc57-4fad-a138-ea47ee9ea225,NA
2,216009726,216009726,1,snv_mnv,NA,NA,"broad,dkfz,muse,sanger",4,COSN9873741,NA,AluSq2,FALSE,0.325,NA,13,27,NA,NA,NA,IGR,FALSE,FALSE,FALSE,FALSE,4,2,2,2_2,e5c89fcf-cc57-4fad-a138-ea47ee9ea225,NA
2,216521030,216521030,1,snv_mnv,NA,NA,"broad,dkfz,muse,sanger",4,COSN9873825,NA,L1ME3C,FALSE,0.2979,NA,14,33,NA,NA,NA,lincRNA,FALSE,FALSE,FALSE,FALSE,4,2,2,2_2,e5c89fcf-cc57-4fad-a138-ea47ee9ea225,NA
2,219670344,219670344,1,snv_mnv,NA,NA,"broad,dkfz,muse,sanger",4,COSN9874281,NA,L2a,FALSE,0.3043,NA,14,32,NA,NA,NA,Intron,FALSE,FALSE,FALSE,FALSE,4,2,2,2_2,e5c89fcf-cc57-4fad-a138-ea47ee9ea225,CYP27A1
2,222638768,222638768,1,snv_mnv,NA,NA,"broad,dkfz,muse,sanger",4,COSN9874797,NA,MIRc,FALSE,0.2456,NA,14,43,NA,NA,NA,IGR,FALSE,FALSE,FALSE,FALSE,4,2,2,2_2,e5c89fcf-cc57-4fad-a138-ea47ee9ea225,NA
2,222838277,222838277,1,snv_mnv,NA,NA,"broad,dkfz,muse,sanger",4,COSN9874834,NA,NA,FALSE,0.25,NA,15,45,NA,NA,NA,IGR,FALSE,FALSE,FALSE,FALSE,4,2,2,2_2,e5c89fcf-cc57-4fad-a138-ea47ee9ea225,NA
2,223144302,223144302,1,snv_mnv,NA,NA,"broad,dkfz,muse,sanger",4,COSN9874892,NA,NA,FALSE,0.26,NA,13,37,NA,NA,NA,Intron,FALSE,FALSE,FALSE,FALSE,4,2,2,2_2,e5c89fcf-cc57-4fad-a138-ea47ee9ea225,NA
2,223484426,223484426,1,snv_mnv,NA,NA,"broad,dkfz,muse,sanger",4,COSM4154812,NA,NA,FALSE,0.2903,NA,18,44,NA,NA,NA,Missense_Mutation,FALSE,FALSE,FALSE,FALSE,4,2,2,2_2,e5c89fcf-cc57-4fad-a138-ea47ee9ea225,NA
2,223929009,223929009,1,snv_mnv,NA,NA,"broad,dkfz,muse,sanger",4,COSN9874997,NA,NA,FALSE,0.3284,NA,22,45,NA,NA,NA,Intron,FALSE,FALSE,FALSE,FALSE,4,2,2,2_2,e5c89fcf-cc57-4fad-a138-ea47ee9ea225,NA
2,224055593,224055593,1,snv_mnv,NA,NA,"broad,dkfz,muse,sanger",4,COSN9875026,NA,LTR5_Hs,FALSE,0.3191,NA,15,32,NA,NA,NA,Intron,FALSE,FALSE,FALSE,FALSE,4,2,2,2_2,e5c89fcf-cc57-4fad-a138-ea47ee9ea225,NA
2,225243917,225243917,1,snv_mnv,NA,NA,"broad,dkfz,muse,sanger",4,COSN9994993,NA,NA,FALSE,0.3235,NA,22,46,NA,NA,NA,3'UTR,FALSE,FALSE,FALSE,FALSE,4,2,2,2_2,e5c89fcf-cc57-4fad-a138-ea47ee9ea225,NA
2,225983929,225983929,1,snv_mnv,NA,NA,"broad,dkfz,muse,sanger",4,COSN9995111,NA,Charlie25,FALSE,0.3929,NA,22,34,NA,NA,NA,IGR,FALSE,FALSE,FALSE,FALSE,4,2,2,2_2,e5c89fcf-cc57-4fad-a138-ea47ee9ea225,NA
2,226208630,226208630,1,snv_mnv,NA,NA,"broad,dkfz,muse,sanger",4,COSN9995171,NA,L1ME2z,FALSE,0.3065,NA,19,43,NA,NA,NA,IGR,FALSE,FALSE,FALSE,FALSE,4,2,2,2_2,e5c89fcf-cc57-4fad-a138-ea47ee9ea225,NA
2,226303444,226303444,1,snv_mnv,NA,NA,"broad,dkfz,muse,sanger",4,COSN9995197,NA,NA,FALSE,0.3125,NA,20,44,NA,NA,NA,Intron,FALSE,FALSE,FALSE,FALSE,4,2,2,2_2,e5c89fcf-cc57-4fad-a138-ea47ee9ea225,NA
2,226955589,226955589,1,snv_mnv,NA,NA,"broad,dkfz,muse,sanger",4,COSN9995324,NA,L1ME1,FALSE,0.2,NA,19,76,NA,NA,NA,IGR,FALSE,FALSE,FALSE,FALSE,4,2,2,2_2,e5c89fcf-cc57-4fad-a138-ea47ee9ea225,NA
2,227399688,227399688,1,snv_mnv,NA,NA,"broad,dkfz,muse,sanger",4,COSN9995387,NA,NA,FALSE,0.3051,NA,18,41,NA,NA,NA,IGR,FALSE,FALSE,FALSE,FALSE,4,2,2,2_2,e5c89fcf-cc57-4fad-a138-ea47ee9ea225,NA
2,228352212,228352212,1,snv_mnv,NA,NA,"broad,dkfz,muse,sanger",4,COSN9995521,NA,NA,FALSE,0.3333,NA,21,42,NA,NA,NA,Intron,FALSE,FALSE,FALSE,FALSE,4,2,2,2_2,e5c89fcf-cc57-4fad-a138-ea47ee9ea225,NA
2,229382804,229382804,1,snv_mnv,NA,NA,"broad,dkfz,muse,sanger",4,COSN9995731,NA,NA,FALSE,0.2432,NA,18,56,NA,NA,NA,lincRNA,FALSE,FALSE,FALSE,FALSE,4,2,2,2_2,e5c89fcf-cc57-4fad-a138-ea47ee9ea225,NA
2,229469345,229469345,1,snv_mnv,NA,NA,"broad,dkfz,muse,sanger",4,COSN9995751,NA,NA,FALSE,0.3125,NA,20,44,NA,NA,NA,lincRNA,FALSE,FALSE,FALSE,FALSE,4,2,2,2_2,e5c89fcf-cc57-4fad-a138-ea47ee9ea225,NA
2,229760994,229760994,1,snv_mnv,NA,NA,"broad,dkfz,muse,sanger",4,COSN9995830,NA,NA,FALSE,0.3,NA,21,49,NA,NA,NA,Intron,FALSE,FALSE,FALSE,FALSE,4,2,2,2_2,e5c89fcf-cc57-4fad-a138-ea47ee9ea225,NA
2,229965618,229965618,1,snv_mnv,1.9968e-4,rs548657569,"broad,dkfz,muse,sanger",4,COSN9995881,rs548657569,NA,FALSE,0.2727,NA,12,32,NA,NA,NA,Intron,FALSE,FALSE,FALSE,FALSE,4,2,2,2_2,e5c89fcf-cc57-4fad-a138-ea47ee9ea225,NA
2,231508576,231508576,1,snv_mnv,NA,NA,"broad,dkfz,muse,sanger",4,COSN9996140,NA,LTR16C,FALSE,0.325,NA,13,27,NA,NA,NA,IGR,FALSE,FALSE,FALSE,FALSE,4,2,2,2_2,e5c89fcf-cc57-4fad-a138-ea47ee9ea225,NA
2,231605878,231605878,1,snv_mnv,NA,NA,"broad,dkfz,muse,sanger",4,COSN9996150,NA,NA,FALSE,0.2609,NA,18,51,NA,NA,NA,Intron,FALSE,FALSE,FALSE,FALSE,4,2,2,2_2,e5c89fcf-cc57-4fad-a138-ea47ee9ea225,NA
2,232601904,232601904,1,snv_mnv,NA,NA,"broad,dkfz,muse,sanger",4,COSM4422554,rs766118708,NA,FALSE,0.2609,NA,6,17,NA,NA,NA,Missense_Mutation,FALSE,FALSE,FALSE,FALSE,4,2,2,2_2,e5c89fcf-cc57-4fad-a138-ea47ee9ea225,PDE6D
2,233318017,233318017,1,snv_mnv,NA,NA,"broad,dkfz,muse,sanger",4,COSN9996368,NA,MER113,FALSE,0.3265,NA,16,33,NA,NA,NA,5'Flank,FALSE,FALSE,FALSE,FALSE,4,2,2,2_2,e5c89fcf-cc57-4fad-a138-ea47ee9ea225,ALPI
2,233858177,233858177,1,snv_mnv,NA,NA,"broad,dkfz,muse,sanger",4,COSN9996432,NA,L1MB8,FALSE,0.2683,NA,11,30,NA,NA,NA,Intron,FALSE,FALSE,FALSE,FALSE,4,2,2,2_2,e5c89fcf-cc57-4fad-a138-ea47ee9ea225,NA
2,234676999,234676999,1,snv_mnv,NA,NA,"broad,dkfz,muse,sanger",4,COSM4164432,NA,NA,FALSE,0.2549,NA,13,38,NA,NA,NA,Silent,FALSE,FALSE,FALSE,FALSE,4,2,2,2_2,e5c89fcf-cc57-4fad-a138-ea47ee9ea225,NA
2,234695510,234695510,1,snv_mnv,NA,NA,"broad,dkfz,muse,sanger",4,COSN9996536,NA,LTR37A,FALSE,0.2877,NA,21,52,NA,NA,NA,Intron,FALSE,FALSE,FALSE,FALSE,4,2,2,2_2,e5c89fcf-cc57-4fad-a138-ea47ee9ea225,NA
2,235015627,235015627,1,snv_mnv,NA,NA,"broad,dkfz,muse,sanger",4,COSN9996586,NA,L1PA8,FALSE,0.25,NA,13,39,NA,NA,NA,lincRNA,FALSE,FALSE,FALSE,FALSE,4,2,2,2_2,e5c89fcf-cc57-4fad-a138-ea47ee9ea225,AC006037.1
2,236051402,236051402,1,snv_mnv,NA,NA,"broad,dkfz,muse,sanger",4,COSN9996736,NA,HAL1,FALSE,0.3023,NA,13,30,NA,NA,NA,IGR,FALSE,FALSE,FALSE,FALSE,4,2,2,2_2,e5c89fcf-cc57-4fad-a138-ea47ee9ea225,AC114814.2
2,236417369,236417369,1,snv_mnv,NA,NA,"broad,dkfz,muse,sanger",4,COSN9996796,NA,NA,FALSE,0.234,NA,11,36,NA,NA,NA,Intron,FALSE,FALSE,FALSE,FALSE,4,2,2,2_2,e5c89fcf-cc57-4fad-a138-ea47ee9ea225,AGAP1-IT1
2,237547362,237547362,1,snv_mnv,0.0011981,rs138808391,"broad,dkfz,muse,sanger",4,COSN9996942,rs138808391,NA,FALSE,0.3571,NA,10,18,NA,NA,NA,IGR,FALSE,FALSE,FALSE,FALSE,4,2,2,2_2,e5c89fcf-cc57-4fad-a138-ea47ee9ea225,NA
2,237678774,237678774,1,snv_mnv,NA,NA,"broad,dkfz,muse,sanger",4,COSN9996980,NA,NA,FALSE,0.325,NA,13,27,NA,NA,NA,IGR,FALSE,FALSE,FALSE,FALSE,4,2,2,2_2,e5c89fcf-cc57-4fad-a138-ea47ee9ea225,NA
2,240364953,240364953,1,snv_mnv,NA,NA,"broad,dkfz,muse,sanger",4,COSN9997375,NA,L3,FALSE,0.3333,NA,11,22,NA,NA,NA,IGR,FALSE,FALSE,FALSE,FALSE,4,2,2,2_2,e5c89fcf-cc57-4fad-a138-ea47ee9ea225,NA
2,240475937,240475937,1,snv_mnv,NA,NA,"broad,dkfz,muse,sanger",4,COSN15584736,NA,NA,FALSE,0.2963,NA,8,19,NA,NA,NA,IGR,FALSE,FALSE,FALSE,FALSE,4,2,2,2_2,e5c89fcf-cc57-4fad-a138-ea47ee9ea225,NA
2,240555355,240555355,1,snv_mnv,NA,NA,"broad,dkfz,muse,sanger",4,COSN9997418,NA,NA,FALSE,0.3182,NA,7,15,NA,NA,NA,lincRNA,FALSE,FALSE,FALSE,FALSE,4,2,2,2_2,e5c89fcf-cc57-4fad-a138-ea47ee9ea225,AC079612.2
2,240816550,240816550,1,snv_mnv,NA,NA,"broad,dkfz,muse,sanger",4,COSN9997473,NA,NA,FALSE,0.25,NA,14,42,NA,NA,NA,IGR,FALSE,FALSE,FALSE,FALSE,4,2,2,2_2,e5c89fcf-cc57-4fad-a138-ea47ee9ea225,NA
2,241287747,241287747,1,snv_mnv,NA,NA,"broad,dkfz,muse,sanger",4,COSN9997559,NA,NA,FALSE,0.2778,NA,10,26,NA,NA,NA,IGR,FALSE,FALSE,FALSE,FALSE,4,2,2,2_2,e5c89fcf-cc57-4fad-a138-ea47ee9ea225,NA
20,984698,984698,1,snv_mnv,0.0037939,rs143934528,"broad,dkfz,muse,sanger",4,COSN10020635,rs143934528,NA,FALSE,0.3,NA,9,21,NA,NA,NA,5'Flank,FALSE,FALSE,FALSE,FALSE,4,2,2,2_2,e5c89fcf-cc57-4fad-a138-ea47ee9ea225,RSPO4
20,1514498,1514498,1,snv_mnv,NA,NA,"broad,dkfz,muse,sanger",4,COSN10011678,NA,NA,FALSE,0.3947,NA,15,23,NA,NA,NA,IGR,FALSE,FALSE,FALSE,FALSE,4,2,2,2_2,e5c89fcf-cc57-4fad-a138-ea47ee9ea225,"SIRPD,RNU6-917P"
20,3454417,3454417,1,snv_mnv,NA,NA,"broad,dkfz,muse,sanger",4,COSN10014941,NA,NA,FALSE,0.4333,NA,13,17,NA,NA,NA,Intron,FALSE,FALSE,FALSE,FALSE,4,2,2,2_2,e5c89fcf-cc57-4fad-a138-ea47ee9ea225,NA
20,7387394,7387394,1,snv_mnv,NA,NA,"broad,dkfz,muse,sanger",4,COSN10020193,NA,MLT1H,FALSE,0.3462,NA,27,51,NA,NA,NA,IGR,FALSE,FALSE,FALSE,FALSE,4,2,2,2_2,e5c89fcf-cc57-4fad-a138-ea47ee9ea225,NA
20,7416996,7416996,1,snv_mnv,NA,NA,"broad,dkfz,muse,sanger",4,COSN10020196,NA,AT_rich,FALSE,0.3191,NA,15,32,NA,NA,NA,IGR,FALSE,FALSE,FALSE,FALSE,4,2,2,2_2,e5c89fcf-cc57-4fad-a138-ea47ee9ea225,NA
20,7539670,7539670,1,snv_mnv,NA,NA,"broad,dkfz,muse,sanger",4,COSN10020222,NA,L1MA4A,FALSE,0.3134,NA,21,46,NA,NA,NA,IGR,FALSE,FALSE,FALSE,FALSE,4,2,2,2_2,e5c89fcf-cc57-4fad-a138-ea47ee9ea225,NA
20,8216749,8216749,1,snv_mnv,NA,NA,"broad,dkfz,muse,sanger",4,COSN10020345,NA,NA,FALSE,0.2714,NA,19,51,NA,NA,NA,Intron,FALSE,FALSE,FALSE,FALSE,4,2,2,2_2,e5c89fcf-cc57-4fad-a138-ea47ee9ea225,NA
20,9033041,9033041,1,snv_mnv,NA,NA,"broad,dkfz,muse,sanger",4,COSN10020467,NA,NA,FALSE,0.3514,NA,13,24,NA,NA,NA,IGR,FALSE,FALSE,FALSE,FALSE,4,2,2,2_2,e5c89fcf-cc57-4fad-a138-ea47ee9ea225,NA
20,10168717,10168717,1,snv_mnv,NA,NA,"broad,dkfz,muse",3,COSN10010883,NA,MLT1J,FALSE,0.25,NA,14,42,NA,NA,NA,lincRNA,FALSE,FALSE,FALSE,FALSE,4,2,2,2_2,e5c89fcf-cc57-4fad-a138-ea47ee9ea225,AL354824.2
20,11349793,11349793,1,snv_mnv,NA,NA,"broad,muse",2,COSN10011066,NA,(CA)n,FALSE,0.431,NA,25,33,NA,NA,NA,IGR,FALSE,FALSE,FALSE,FALSE,4,2,2,2_2,e5c89fcf-cc57-4fad-a138-ea47ee9ea225,NA
20,12691445,12691445,1,snv_mnv,NA,NA,"broad,dkfz,muse,sanger",4,COSN10011331,NA,L1MC2,FALSE,0.2698,NA,17,46,NA,NA,NA,IGR,FALSE,FALSE,FALSE,TRUE,4,2,2,2_2,e5c89fcf-cc57-4fad-a138-ea47ee9ea225,NA
20,13364028,13364028,1,snv_mnv,NA,NA,"broad,dkfz,muse,sanger",4,COSN10011419,NA,L2a,FALSE,0.3659,NA,15,26,NA,NA,NA,Intron,FALSE,FALSE,FALSE,FALSE,4,2,2,2_2,e5c89fcf-cc57-4fad-a138-ea47ee9ea225,NA
20,14944529,14944529,1,snv_mnv,NA,NA,"broad,dkfz,muse,sanger",4,COSN10011643,NA,NA,FALSE,0.3134,NA,21,46,NA,NA,NA,Intron,FALSE,FALSE,FALSE,FALSE,4,2,2,2_2,e5c89fcf-cc57-4fad-a138-ea47ee9ea225,NA
20,15448587,15448587,1,snv_mnv,NA,NA,"broad,dkfz,muse,sanger",4,COSN10011723,NA,NA,FALSE,0.4308,NA,28,37,NA,NA,NA,Intron,FALSE,FALSE,FALSE,FALSE,4,2,2,2_2,e5c89fcf-cc57-4fad-a138-ea47ee9ea225,NA
20,15463870,15463870,1,snv_mnv,NA,NA,"broad,dkfz,muse,sanger",4,COSN10011724,NA,L1MCa,FALSE,0.2679,NA,15,41,NA,NA,NA,Intron,FALSE,FALSE,FALSE,FALSE,4,2,2,2_2,e5c89fcf-cc57-4fad-a138-ea47ee9ea225,NA
20,15651494,15651494,1,snv_mnv,NA,NA,"broad,dkfz,muse,sanger",4,COSN10011754,NA,MIR3,FALSE,0.2449,NA,12,37,NA,NA,NA,Intron,FALSE,FALSE,FALSE,FALSE,4,2,2,2_2,e5c89fcf-cc57-4fad-a138-ea47ee9ea225,NA
20,15970364,15970364,1,snv_mnv,NA,NA,"broad,dkfz,muse,sanger",4,COSN10011807,NA,NA,FALSE,0.2405,NA,19,60,NA,NA,NA,Intron,FALSE,FALSE,FALSE,FALSE,4,2,2,2_2,e5c89fcf-cc57-4fad-a138-ea47ee9ea225,NA
20,16681112,16681112,1,snv_mnv,NA,NA,"broad,dkfz,muse,sanger",4,COSN10011931,NA,MER5A1,FALSE,0.234,NA,11,36,NA,NA,NA,IGR,FALSE,FALSE,FALSE,FALSE,4,2,2,2_2,e5c89fcf-cc57-4fad-a138-ea47ee9ea225,NA
20,16797652,16797652,1,snv_mnv,NA,NA,"broad,dkfz,muse,sanger",4,COSN10011950,NA,LTR1,FALSE,0.2381,NA,10,32,NA,NA,NA,IGR,FALSE,FALSE,FALSE,FALSE,4,2,2,2_2,e5c89fcf-cc57-4fad-a138-ea47ee9ea225,NA
20,17045207,17045207,1,snv_mnv,NA,NA,"broad,dkfz,muse,sanger",4,COSN10012015,NA,NA,FALSE,0.2973,NA,22,52,NA,NA,NA,IGR,FALSE,FALSE,FALSE,FALSE,4,2,2,2_2,e5c89fcf-cc57-4fad-a138-ea47ee9ea225,NA
20,18611067,18611067,1,snv_mnv,NA,NA,"broad,dkfz,muse,sanger",4,COSN10012252,NA,AluY,FALSE,0.2553,NA,12,35,NA,NA,NA,Intron,FALSE,FALSE,FALSE,FALSE,4,2,2,2_2,e5c89fcf-cc57-4fad-a138-ea47ee9ea225,NA
20,19766727,19766727,1,snv_mnv,NA,NA,"broad,dkfz,muse,sanger",4,COSN10012485,NA,MLT1G,FALSE,0.3095,NA,13,29,NA,NA,NA,IGR,FALSE,FALSE,FALSE,FALSE,4,2,2,2_2,e5c89fcf-cc57-4fad-a138-ea47ee9ea225,NA
20,20660771,20660771,1,snv_mnv,NA,NA,"broad,dkfz,muse,sanger",4,COSN15585478,NA,MIRb,FALSE,0.2308,NA,9,30,NA,NA,NA,Intron,FALSE,FALSE,FALSE,FALSE,4,2,2,2_2,e5c89fcf-cc57-4fad-a138-ea47ee9ea225,NA
20,21961311,21961311,1,snv_mnv,3.9936e-4,rs185569707,"broad,dkfz,muse,sanger",4,COSN15585186,rs185569707,NA,FALSE,0.2464,NA,17,52,NA,NA,NA,IGR,FALSE,FALSE,FALSE,FALSE,4,2,2,2_2,e5c89fcf-cc57-4fad-a138-ea47ee9ea225,NA
20,22371482,22371482,1,snv_mnv,NA,NA,"broad,dkfz,muse,sanger",4,COSN10013007,NA,NA,FALSE,0.3333,NA,23,46,NA,NA,NA,IGR,FALSE,FALSE,FALSE,FALSE,4,2,2,2_2,e5c89fcf-cc57-4fad-a138-ea47ee9ea225,AL133464.1
20,22715947,22715947,1,snv_mnv,NA,NA,"broad,dkfz,muse,sanger",4,COSN10013089,NA,L1PA5,FALSE,0.3235,NA,11,23,NA,NA,NA,RNA,FALSE,FALSE,FALSE,FALSE,4,2,2,2_2,e5c89fcf-cc57-4fad-a138-ea47ee9ea225,KRT18P3
20,22795765,22795765,1,snv_mnv,NA,NA,"broad,dkfz,muse,sanger",4,COSN10013112,NA,NA,FALSE,0.2927,NA,12,29,NA,NA,NA,IGR,FALSE,FALSE,FALSE,FALSE,4,2,2,2_2,e5c89fcf-cc57-4fad-a138-ea47ee9ea225,NA
20,23663305,23663305,1,snv_mnv,NA,NA,"broad,muse,sanger",3,COSN10013310,NA,Arthur1,FALSE,0.3175,NA,20,43,NA,NA,NA,IGR,FALSE,FALSE,FALSE,FALSE,4,2,2,2_2,e5c89fcf-cc57-4fad-a138-ea47ee9ea225,CST4
20,24277470,24277470,1,snv_mnv,NA,NA,"broad,dkfz,muse,sanger",4,COSN10013458,NA,NA,FALSE,0.2667,NA,16,44,NA,NA,NA,lincRNA,FALSE,FALSE,FALSE,FALSE,4,2,2,2_2,e5c89fcf-cc57-4fad-a138-ea47ee9ea225,AL158090.1
20,24504958,24504958,1,snv_mnv,NA,NA,"broad,dkfz,muse,sanger",4,COSN10013498,NA,NA,FALSE,0.3548,NA,11,20,NA,NA,NA,Intron,FALSE,FALSE,FALSE,FALSE,4,2,2,2_2,e5c89fcf-cc57-4fad-a138-ea47ee9ea225,NA
20,24704424,24704424,1,snv_mnv,NA,NA,"broad,dkfz,muse,sanger",4,COSN10013551,NA,MER89-int,FALSE,0.2564,NA,10,29,NA,NA,NA,IGR,FALSE,FALSE,FALSE,FALSE,4,2,2,2_2,e5c89fcf-cc57-4fad-a138-ea47ee9ea225,NA
20,25016533,25016533,1,snv_mnv,NA,NA,"broad,dkfz,muse,sanger",4,COSN10013604,NA,NA,FALSE,0.3784,NA,14,23,NA,NA,NA,Intron,FALSE,FALSE,FALSE,FALSE,4,2,2,2_2,e5c89fcf-cc57-4fad-a138-ea47ee9ea225,ACSS1
20,26275021,26275021,1,snv_mnv,NA,NA,"broad,muse",2,COSN10013953,NA,ALR/Alpha,FALSE,0.2545,NA,14,41,NA,NA,NA,IGR,FALSE,FALSE,FALSE,FALSE,4,2,2,2_2,e5c89fcf-cc57-4fad-a138-ea47ee9ea225,NA
20,32341997,32341997,1,snv_mnv,NA,NA,"broad,dkfz,muse,sanger",4,COSN10014630,NA,MLT1H,FALSE,0.3415,NA,14,27,NA,NA,NA,Intron,FALSE,FALSE,FALSE,FALSE,4,2,2,2_2,e5c89fcf-cc57-4fad-a138-ea47ee9ea225,RPL31P2
20,33792713,33792713,1,snv_mnv,NA,NA,"broad,dkfz,muse,sanger",4,COSN10014835,NA,L1ME1,FALSE,0.3636,NA,16,28,NA,NA,NA,Intron,FALSE,FALSE,FALSE,FALSE,4,2,2,2_2,e5c89fcf-cc57-4fad-a138-ea47ee9ea225,MMP24OS
20,34718570,34718570,1,snv_mnv,NA,NA,"broad,dkfz,muse,sanger",4,COSN10014967,NA,L1ME2z,FALSE,0.3548,NA,11,20,NA,NA,NA,Intron,FALSE,FALSE,FALSE,FALSE,4,2,2,2_2,e5c89fcf-cc57-4fad-a138-ea47ee9ea225,NA
20,35406729,35406729,1,snv_mnv,NA,NA,"broad,dkfz,muse,sanger",4,COSN10015042,NA,NA,FALSE,0.3333,NA,8,16,NA,NA,NA,3'UTR,FALSE,FALSE,FALSE,FALSE,4,2,2,2_2,e5c89fcf-cc57-4fad-a138-ea47ee9ea225,DSN1
20,35852195,35852195,1,snv_mnv,NA,NA,"broad,dkfz,muse,sanger",4,COSN10015092,NA,NA,FALSE,0.3636,NA,20,35,NA,NA,NA,Intron,FALSE,FALSE,FALSE,FALSE,4,2,2,2_2,e5c89fcf-cc57-4fad-a138-ea47ee9ea225,RPN2
20,38043187,38043187,1,snv_mnv,NA,NA,"broad,dkfz,muse,sanger",4,COSN10015413,NA,MIRb,FALSE,0.3036,NA,17,39,NA,NA,NA,IGR,FALSE,FALSE,FALSE,FALSE,4,2,2,2_2,e5c89fcf-cc57-4fad-a138-ea47ee9ea225,NA
20,38286275,38286275,1,snv_mnv,NA,NA,"broad,dkfz,muse,sanger",4,COSN10015468,NA,NA,FALSE,0.3333,NA,22,44,NA,NA,NA,IGR,FALSE,FALSE,FALSE,FALSE,4,2,2,2_2,e5c89fcf-cc57-4fad-a138-ea47ee9ea225,NA
20,40597848,40597848,1,snv_mnv,NA,NA,"broad,dkfz,muse,sanger",4,COSN10015893,NA,NA,FALSE,0.3571,NA,15,27,NA,NA,NA,IGR,FALSE,FALSE,FALSE,FALSE,4,2,2,2_2,e5c89fcf-cc57-4fad-a138-ea47ee9ea225,NA
20,41049876,41049876,1,snv_mnv,NA,NA,"broad,dkfz,muse",3,COSN10015984,NA,NA,FALSE,0.3429,NA,12,23,NA,NA,NA,Intron,FALSE,FALSE,FALSE,FALSE,4,2,2,2_2,e5c89fcf-cc57-4fad-a138-ea47ee9ea225,NA
20,41505340,41505340,1,snv_mnv,NA,NA,"broad,dkfz,muse,sanger",4,COSN10016092,NA,NA,FALSE,0.275,NA,11,29,NA,NA,NA,Intron,FALSE,FALSE,FALSE,FALSE,4,2,2,2_2,e5c89fcf-cc57-4fad-a138-ea47ee9ea225,NA
20,41613278,41613278,1,snv_mnv,NA,NA,"broad,dkfz,muse,sanger",4,COSN10016111,NA,MIRb,FALSE,0.1228,NA,7,50,NA,NA,NA,Intron,FALSE,FALSE,FALSE,FALSE,4,2,2,2_2,e5c89fcf-cc57-4fad-a138-ea47ee9ea225,NA
20,41743939,41743939,1,snv_mnv,NA,NA,"broad,dkfz,muse,sanger",4,COSN10016139,NA,NA,FALSE,0.2368,NA,9,29,NA,NA,NA,Intron,FALSE,FALSE,FALSE,FALSE,4,2,2,2_2,e5c89fcf-cc57-4fad-a138-ea47ee9ea225,NA
20,42056832,42056832,1,snv_mnv,NA,NA,"broad,muse,sanger",3,COSN10016205,NA,AluSx1,FALSE,0.3929,NA,11,17,NA,NA,NA,IGR,FALSE,FALSE,FALSE,FALSE,4,2,2,2_2,e5c89fcf-cc57-4fad-a138-ea47ee9ea225,EIF4EBP2P1
20,44939904,44939904,1,snv_mnv,NA,NA,"broad,dkfz,muse,sanger",4,COSN10016670,NA,NA,FALSE,0.234,NA,11,36,NA,NA,NA,5'Flank,FALSE,FALSE,FALSE,FALSE,4,2,2,2_2,e5c89fcf-cc57-4fad-a138-ea47ee9ea225,CDH22
20,45436275,45436275,1,snv_mnv,NA,NA,"broad,dkfz,muse,sanger",4,COSN15584815,NA,G-rich,FALSE,0.2553,NA,12,35,NA,NA,NA,IGR,FALSE,FALSE,FALSE,FALSE,4,2,2,2_2,e5c89fcf-cc57-4fad-a138-ea47ee9ea225,NA
20,45830145,45830145,1,snv_mnv,NA,NA,"broad,dkfz,muse,sanger",4,COSN10016815,NA,NA,FALSE,0.4,NA,14,21,NA,NA,NA,IGR,FALSE,FALSE,FALSE,FALSE,4,2,2,2_2,e5c89fcf-cc57-4fad-a138-ea47ee9ea225,NA
20,46641948,46641948,1,snv_mnv,NA,NA,"broad,dkfz,muse,sanger",4,COSN10016938,NA,L2a,FALSE,0.2712,NA,16,43,NA,NA,NA,IGR,FALSE,FALSE,FALSE,FALSE,4,2,2,2_2,e5c89fcf-cc57-4fad-a138-ea47ee9ea225,NA
20,46942201,46942201,1,snv_mnv,3.9936e-4,rs527511797,"broad,dkfz,muse,sanger",4,COSN10016995,rs527511797,MLT1I,FALSE,0.2182,NA,12,43,NA,NA,NA,IGR,FALSE,FALSE,FALSE,FALSE,4,2,2,2_2,e5c89fcf-cc57-4fad-a138-ea47ee9ea225,NA
20,48293415,48293415,1,snv_mnv,NA,NA,"broad,dkfz,muse,sanger",4,COSN10017224,NA,NA,FALSE,0.3148,NA,17,37,NA,NA,NA,Intron,FALSE,FALSE,FALSE,FALSE,4,2,2,2_2,e5c89fcf-cc57-4fad-a138-ea47ee9ea225,NA
20,49351053,49351053,1,snv_mnv,NA,NA,"broad,dkfz,muse",3,COSN10017391,NA,(TTTA)n,FALSE,0.4074,NA,11,16,NA,NA,NA,Intron,FALSE,FALSE,FALSE,FALSE,4,2,2,2_2,e5c89fcf-cc57-4fad-a138-ea47ee9ea225,NA
20,51979957,51979957,1,snv_mnv,NA,NA,"broad,dkfz,muse,sanger",4,COSN10017914,NA,NA,FALSE,0.2727,NA,15,40,NA,NA,NA,Intron,FALSE,FALSE,FALSE,FALSE,4,2,2,2_2,e5c89fcf-cc57-4fad-a138-ea47ee9ea225,NA
20,52361608,52361608,1,snv_mnv,1.9968e-4,rs577470092,"broad,dkfz,muse,sanger",4,COSN10017977,rs577470092,AluSg,FALSE,0.3438,NA,11,21,NA,NA,NA,IGR,FALSE,FALSE,FALSE,FALSE,4,2,2,2_2,e5c89fcf-cc57-4fad-a138-ea47ee9ea225,NA
20,53341742,53341742,1,snv_mnv,NA,NA,"broad,dkfz,muse,sanger",4,COSN10018151,NA,L1PA8,FALSE,0.2346,NA,19,62,NA,NA,NA,IGR,FALSE,FALSE,FALSE,FALSE,4,2,2,2_2,e5c89fcf-cc57-4fad-a138-ea47ee9ea225,NA
20,53405802,53405802,1,snv_mnv,NA,NA,"broad,dkfz,muse,sanger",4,COSN10018164,NA,L1PREC2,FALSE,0.2154,NA,14,51,NA,NA,NA,IGR,FALSE,FALSE,FALSE,FALSE,4,2,2,2_2,e5c89fcf-cc57-4fad-a138-ea47ee9ea225,NA
20,53631961,53631961,1,snv_mnv,NA,NA,"broad,dkfz,muse,sanger",4,COSN10018217,NA,NA,FALSE,0.2449,NA,12,37,NA,NA,NA,IGR,FALSE,FALSE,FALSE,FALSE,4,2,2,2_2,e5c89fcf-cc57-4fad-a138-ea47ee9ea225,NA
20,53713450,53713450,1,snv_mnv,NA,NA,"broad,dkfz,muse,sanger",4,COSN10018242,NA,NA,FALSE,0.2632,NA,20,56,NA,NA,NA,IGR,FALSE,FALSE,FALSE,FALSE,4,2,2,2_2,e5c89fcf-cc57-4fad-a138-ea47ee9ea225,NA
20,53819552,53819552,1,snv_mnv,NA,NA,"broad,dkfz,muse,sanger",4,COSN10018266,NA,L2,FALSE,0.3226,NA,20,42,NA,NA,NA,IGR,FALSE,FALSE,FALSE,FALSE,4,2,2,2_2,e5c89fcf-cc57-4fad-a138-ea47ee9ea225,NA
20,53876974,53876974,1,snv_mnv,NA,NA,"broad,dkfz,muse,sanger",4,COSN10018284,NA,NA,FALSE,0.3333,NA,20,40,NA,NA,NA,IGR,FALSE,FALSE,FALSE,FALSE,4,2,2,2_2,e5c89fcf-cc57-4fad-a138-ea47ee9ea225,NA
20,54544265,54544265,1,snv_mnv,NA,NA,"broad,dkfz,muse,sanger",4,COSN10018447,NA,NA,FALSE,0.3061,NA,15,34,NA,NA,NA,IGR,FALSE,FALSE,FALSE,FALSE,4,2,2,2_2,e5c89fcf-cc57-4fad-a138-ea47ee9ea225,NA
20,54659781,54659781,1,snv_mnv,NA,NA,"broad,dkfz,muse,sanger",4,COSN10018478,NA,L1ME1,FALSE,0.3051,NA,18,41,NA,NA,NA,IGR,FALSE,FALSE,FALSE,FALSE,4,2,2,2_2,e5c89fcf-cc57-4fad-a138-ea47ee9ea225,NA
20,54913823,54913823,1,snv_mnv,NA,NA,"broad,dkfz,muse,sanger",4,COSN10018542,NA,AluY,FALSE,0.3061,NA,15,34,NA,NA,NA,IGR,FALSE,FALSE,FALSE,FALSE,4,2,2,2_2,e5c89fcf-cc57-4fad-a138-ea47ee9ea225,NA
20,55946186,55946186,1,snv_mnv,NA,NA,"broad,dkfz,muse,sanger",4,COSN10018743,NA,NA,FALSE,0.2687,NA,18,49,NA,NA,NA,Intron,FALSE,FALSE,FALSE,FALSE,4,2,2,2_2,e5c89fcf-cc57-4fad-a138-ea47ee9ea225,RAE1
20,56661513,56661513,1,snv_mnv,NA,NA,"broad,dkfz,muse,sanger",4,COSN10018862,NA,L2a,FALSE,0.2909,NA,16,39,NA,NA,NA,IGR,FALSE,FALSE,FALSE,FALSE,4,2,2,2_2,e5c89fcf-cc57-4fad-a138-ea47ee9ea225,NA
20,57755076,57755076,1,snv_mnv,NA,NA,"broad,dkfz,muse,sanger",4,COSN10019042,NA,LTR81B,FALSE,0.2364,NA,13,42,NA,NA,NA,IGR,FALSE,FALSE,FALSE,FALSE,4,2,2,2_2,e5c89fcf-cc57-4fad-a138-ea47ee9ea225,NA
20,57817512,57817512,1,snv_mnv,NA,NA,"broad,dkfz,muse,sanger",4,COSN10019057,NA,NA,FALSE,0.2687,NA,18,49,NA,NA,NA,Intron,FALSE,FALSE,FALSE,FALSE,4,2,2,2_2,e5c89fcf-cc57-4fad-a138-ea47ee9ea225,NA
20,59387918,59387918,1,snv_mnv,NA,NA,"broad,dkfz,muse,sanger",4,COSN15584771,NA,NA,FALSE,0.1803,NA,11,50,NA,NA,NA,lincRNA,FALSE,FALSE,FALSE,FALSE,4,2,2,2_2,e5c89fcf-cc57-4fad-a138-ea47ee9ea225,NA
21,15777452,15777452,1,snv_mnv,NA,NA,"broad,dkfz,muse,sanger",4,COSN10021589,NA,NA,FALSE,0.2179,NA,17,61,NA,NA,NA,IGR,FALSE,FALSE,FALSE,FALSE,4,2,2,2_2,e5c89fcf-cc57-4fad-a138-ea47ee9ea225,NA
21,16405982,16405982,1,snv_mnv,NA,NA,"broad,dkfz,muse,sanger",4,COSN10021689,NA,NA,FALSE,0.2698,NA,17,46,NA,NA,NA,Intron,FALSE,FALSE,FALSE,FALSE,4,2,2,2_2,e5c89fcf-cc57-4fad-a138-ea47ee9ea225,NA
21,17628655,17628655,1,snv_mnv,3.9936e-4,rs139346063,"broad,dkfz,muse,sanger",4,COSN10021848,rs139346063,NA,FALSE,0.3194,NA,23,49,NA,NA,NA,lincRNA,FALSE,FALSE,FALSE,FALSE,4,2,2,2_2,e5c89fcf-cc57-4fad-a138-ea47ee9ea225,NA
21,18393728,18393728,1,snv_mnv,NA,NA,"broad,dkfz,muse,sanger",4,COSN10021951,NA,NA,FALSE,0.3333,NA,17,34,NA,NA,NA,IGR,FALSE,FALSE,FALSE,FALSE,4,2,2,2_2,e5c89fcf-cc57-4fad-a138-ea47ee9ea225,NA
21,19885139,19885139,1,snv_mnv,NA,NA,"broad,dkfz,muse,sanger",4,COSN10022253,NA,AluSz,FALSE,0.2647,NA,9,25,NA,NA,NA,IGR,FALSE,FALSE,FALSE,FALSE,4,2,2,2_2,e5c89fcf-cc57-4fad-a138-ea47ee9ea225,NA
21,20108944,20108944,1,snv_mnv,NA,NA,"broad,dkfz,muse,sanger",4,COSN10022326,NA,L1M5,FALSE,0.2809,NA,25,64,NA,NA,NA,lincRNA,FALSE,FALSE,FALSE,FALSE,4,2,2,2_2,e5c89fcf-cc57-4fad-a138-ea47ee9ea225,NA
21,20561283,20561283,1,snv_mnv,NA,NA,"broad,dkfz,muse,sanger",4,COSN10022460,NA,LTR40a,FALSE,0.3065,NA,19,43,NA,NA,NA,IGR,FALSE,FALSE,FALSE,FALSE,4,2,2,2_2,e5c89fcf-cc57-4fad-a138-ea47ee9ea225,NA
21,20638730,20638730,1,snv_mnv,NA,NA,"broad,dkfz,muse,sanger",4,COSN10022487,NA,NA,FALSE,0.3019,NA,16,37,NA,NA,NA,IGR,FALSE,FALSE,FALSE,FALSE,4,2,2,2_2,e5c89fcf-cc57-4fad-a138-ea47ee9ea225,NA
21,20682193,20682193,1,snv_mnv,NA,NA,"broad,dkfz,muse,sanger",4,COSN10022498,NA,MER119,FALSE,0.2821,NA,11,28,NA,NA,NA,IGR,FALSE,FALSE,FALSE,FALSE,4,2,2,2_2,e5c89fcf-cc57-4fad-a138-ea47ee9ea225,NA
21,20765248,20765248,1,snv_mnv,NA,NA,"broad,dkfz,muse,sanger",4,COSN10022522,NA,NA,FALSE,0.25,NA,17,51,NA,NA,NA,IGR,FALSE,FALSE,FALSE,FALSE,4,2,2,2_2,e5c89fcf-cc57-4fad-a138-ea47ee9ea225,NA
21,21454219,21454219,1,snv_mnv,NA,NA,"broad,dkfz,muse,sanger",4,COSN10022795,NA,MIR,FALSE,0.2329,NA,17,56,NA,NA,NA,IGR,FALSE,FALSE,FALSE,FALSE,4,2,2,2_2,e5c89fcf-cc57-4fad-a138-ea47ee9ea225,NA
21,21665404,21665404,1,snv_mnv,NA,NA,"broad,muse,sanger",3,COSN10022858,NA,MER9a2,FALSE,0.3696,NA,17,29,NA,NA,NA,IGR,FALSE,FALSE,FALSE,FALSE,4,2,2,2_2,e5c89fcf-cc57-4fad-a138-ea47ee9ea225,NA
21,21783310,21783310,1,snv_mnv,NA,NA,"broad,dkfz,muse,sanger",4,COSN10022908,NA,NA,FALSE,0.2254,NA,16,55,NA,NA,NA,IGR,FALSE,FALSE,FALSE,FALSE,4,2,2,2_2,e5c89fcf-cc57-4fad-a138-ea47ee9ea225,NA
21,21865475,21865475,1,snv_mnv,NA,NA,"broad,dkfz,muse,sanger",4,COSN10022939,NA,L1MD2,FALSE,0.2442,NA,21,65,NA,NA,NA,IGR,FALSE,FALSE,FALSE,FALSE,4,2,2,2_2,e5c89fcf-cc57-4fad-a138-ea47ee9ea225,NA
21,22024134,22024134,1,snv_mnv,NA,NA,"broad,dkfz,muse,sanger",4,COSN10023000,NA,Tigger13a,FALSE,0.2034,NA,12,47,NA,NA,NA,IGR,FALSE,FALSE,FALSE,FALSE,4,2,2,2_2,e5c89fcf-cc57-4fad-a138-ea47ee9ea225,NA
21,22806640,22806640,1,snv_mnv,NA,NA,"broad,dkfz,muse,sanger",4,COSN10023276,rs749801997,MamRep605,FALSE,0.3816,NA,29,47,NA,NA,NA,Intron,FALSE,FALSE,FALSE,FALSE,4,2,2,2_2,e5c89fcf-cc57-4fad-a138-ea47ee9ea225,NA
21,22813001,22813001,1,snv_mnv,NA,NA,"broad,dkfz,muse,sanger",4,COSN10023282,NA,AluSq,FALSE,0.2889,NA,13,32,NA,NA,NA,Intron,FALSE,FALSE,FALSE,FALSE,4,2,2,2_2,e5c89fcf-cc57-4fad-a138-ea47ee9ea225,NA
21,23181301,23181301,1,snv_mnv,NA,NA,"broad,muse,sanger",3,COSN15862769,NA,AluY,FALSE,0.3333,NA,6,12,NA,NA,NA,IGR,FALSE,FALSE,FALSE,FALSE,4,2,2,2_2,e5c89fcf-cc57-4fad-a138-ea47ee9ea225,NA
21,23213799,23213799,1,snv_mnv,NA,NA,"broad,dkfz,muse,sanger",4,COSN10023440,NA,AluSc,FALSE,0.3721,NA,16,27,NA,NA,NA,IGR,FALSE,FALSE,FALSE,FALSE,4,2,2,2_2,e5c89fcf-cc57-4fad-a138-ea47ee9ea225,NA
21,23544182,23544182,1,snv_mnv,NA,NA,"dkfz,muse,sanger",3,COSN10023547,NA,NA,FALSE,0.2656,NA,17,47,NA,NA,NA,IGR,FALSE,FALSE,FALSE,FALSE,4,2,2,2_2,e5c89fcf-cc57-4fad-a138-ea47ee9ea225,NA
21,23690150,23690150,1,snv_mnv,NA,NA,"broad,dkfz,muse,sanger",4,COSN10023604,NA,NA,FALSE,0.2045,NA,18,70,NA,NA,NA,lincRNA,FALSE,FALSE,FALSE,FALSE,4,2,2,2_2,e5c89fcf-cc57-4fad-a138-ea47ee9ea225,NA
21,23725546,23725546,1,snv_mnv,NA,NA,"broad,dkfz,muse,sanger",4,COSN10023617,NA,L1MC1,FALSE,0.1867,NA,14,61,NA,NA,NA,lincRNA,FALSE,FALSE,FALSE,FALSE,4,2,2,2_2,e5c89fcf-cc57-4fad-a138-ea47ee9ea225,NA
21,23725563,23725563,1,snv_mnv,NA,NA,"broad,dkfz,muse,sanger",4,COSN10023618,NA,L1MC1,FALSE,0.1688,NA,13,64,NA,NA,NA,lincRNA,FALSE,FALSE,FALSE,FALSE,4,2,2,2_2,e5c89fcf-cc57-4fad-a138-ea47ee9ea225,NA
21,24528931,24528931,1,snv_mnv,NA,NA,"broad,dkfz,muse,sanger",4,COSN15585389,rs867999579,NA,FALSE,0.2353,NA,16,52,NA,NA,NA,IGR,FALSE,FALSE,FALSE,FALSE,4,2,2,2_2,e5c89fcf-cc57-4fad-a138-ea47ee9ea225,NA
21,24603620,24603620,1,snv_mnv,NA,NA,"broad,dkfz,muse,sanger",4,COSN10023972,NA,MER58A,FALSE,0.3393,NA,19,37,NA,NA,NA,IGR,FALSE,FALSE,FALSE,FALSE,4,2,2,2_2,e5c89fcf-cc57-4fad-a138-ea47ee9ea225,NA
21,25092976,25092976,1,snv_mnv,1.9968e-4,rs559758363,"broad,dkfz,muse,sanger",4,COSN15328316,rs559758363,NA,FALSE,0.2603,NA,19,54,NA,NA,NA,IGR,FALSE,FALSE,FALSE,FALSE,4,2,2,2_2,e5c89fcf-cc57-4fad-a138-ea47ee9ea225,NA
21,25201695,25201695,1,snv_mnv,NA,NA,"broad,dkfz,muse,sanger",4,COSN10024184,NA,NA,FALSE,0.2787,NA,17,44,NA,NA,NA,IGR,FALSE,FALSE,FALSE,FALSE,4,2,2,2_2,e5c89fcf-cc57-4fad-a138-ea47ee9ea225,NA
21,25419128,25419128,1,snv_mnv,NA,NA,"broad,dkfz,muse,sanger",4,COSN10024268,NA,NA,FALSE,0.2714,NA,19,51,NA,NA,NA,lincRNA,FALSE,FALSE,FALSE,FALSE,4,2,2,2_2,e5c89fcf-cc57-4fad-a138-ea47ee9ea225,AP000477.1
21,25617005,25617005,1,snv_mnv,NA,NA,"broad,dkfz,muse,sanger",4,COSN10024338,NA,AluSx1,FALSE,0.3548,NA,11,20,NA,NA,NA,IGR,FALSE,FALSE,FALSE,FALSE,4,2,2,2_2,e5c89fcf-cc57-4fad-a138-ea47ee9ea225,NA
21,25756887,25756887,1,snv_mnv,NA,NA,"broad,dkfz,muse,sanger",4,COSN10024379,NA,NA,FALSE,0.4054,NA,30,44,NA,NA,NA,IGR,FALSE,FALSE,FALSE,FALSE,4,2,2,2_2,e5c89fcf-cc57-4fad-a138-ea47ee9ea225,NA
21,26159078,26159078,1,snv_mnv,NA,NA,"broad,dkfz,muse,sanger",4,COSN10024485,NA,AluJo,FALSE,0.2093,NA,9,34,NA,NA,NA,IGR,FALSE,FALSE,FALSE,FALSE,4,2,2,2_2,e5c89fcf-cc57-4fad-a138-ea47ee9ea225,NA
21,26276888,26276888,1,snv_mnv,NA,NA,"broad,dkfz,muse,sanger",4,COSN10024513,NA,NA,FALSE,0.2533,NA,19,56,NA,NA,NA,lincRNA,FALSE,FALSE,FALSE,FALSE,4,2,2,2_2,e5c89fcf-cc57-4fad-a138-ea47ee9ea225,AP000402.1
21,26740953,26740953,1,snv_mnv,NA,NA,"broad,dkfz,muse,sanger",4,COSN10024610,NA,MER49,FALSE,0.3385,NA,22,43,NA,NA,NA,IGR,FALSE,FALSE,FALSE,FALSE,4,2,2,2_2,e5c89fcf-cc57-4fad-a138-ea47ee9ea225,AP001340.1
21,27771696,27771696,1,snv_mnv,NA,NA,"broad,dkfz,muse,sanger",4,COSN10024750,NA,LTR16A1,FALSE,0.3415,NA,14,27,NA,NA,NA,RNA,FALSE,FALSE,FALSE,FALSE,4,2,2,2_2,e5c89fcf-cc57-4fad-a138-ea47ee9ea225,NA
21,28056823,28056823,1,snv_mnv,NA,NA,"broad,dkfz,muse,sanger",4,COSN15585114,NA,NA,FALSE,0.2394,NA,17,54,NA,NA,NA,IGR,FALSE,FALSE,FALSE,FALSE,4,2,2,2_2,e5c89fcf-cc57-4fad-a138-ea47ee9ea225,NA
21,31288644,31288644,1,snv_mnv,NA,NA,"broad,dkfz,muse,sanger",4,COSN10025255,NA,MIRb,FALSE,0.2289,NA,19,64,NA,NA,NA,Intron,FALSE,FALSE,FALSE,FALSE,4,2,2,2_2,e5c89fcf-cc57-4fad-a138-ea47ee9ea225,NA
21,31294105,31294105,1,snv_mnv,NA,NA,"broad,dkfz,muse,sanger",4,COSN10025258,NA,NA,FALSE,0.3205,NA,25,53,NA,NA,NA,Intron,FALSE,FALSE,FALSE,FALSE,4,2,2,2_2,e5c89fcf-cc57-4fad-a138-ea47ee9ea225,NA
21,31468019,31468019,1,snv_mnv,NA,NA,"broad,dkfz,muse,sanger",4,COSN10025294,NA,NA,FALSE,0.2152,NA,17,62,NA,NA,NA,lincRNA,FALSE,FALSE,FALSE,FALSE,4,2,2,2_2,e5c89fcf-cc57-4fad-a138-ea47ee9ea225,NA
21,31634999,31634999,1,snv_mnv,1.9968e-4,rs571374444,"broad,dkfz,muse,sanger",4,COSN10025335,rs571374444,NA,FALSE,0.3243,NA,12,25,NA,NA,NA,IGR,FALSE,FALSE,FALSE,FALSE,4,2,2,2_2,e5c89fcf-cc57-4fad-a138-ea47ee9ea225,RPL8P2
21,31743022,31743022,1,snv_mnv,NA,NA,"broad,dkfz,muse,sanger",4,COSN10025364,NA,NA,FALSE,0.3797,NA,30,49,NA,NA,NA,IGR,FALSE,FALSE,FALSE,FALSE,4,2,2,2_2,e5c89fcf-cc57-4fad-a138-ea47ee9ea225,"MIR4327,KRTAP13-2"
21,32145634,32145634,1,snv_mnv,NA,NA,"broad,dkfz,muse,sanger",4,COSN10025499,NA,NA,FALSE,0.2716,NA,22,59,NA,NA,NA,IGR,FALSE,FALSE,FALSE,FALSE,4,2,2,2_2,e5c89fcf-cc57-4fad-a138-ea47ee9ea225,NA
21,33723633,33723633,1,snv_mnv,NA,NA,"broad,dkfz,muse,sanger",4,COSN10025713,NA,NA,FALSE,0.4062,NA,13,19,NA,NA,NA,Intron,FALSE,FALSE,FALSE,FALSE,4,2,2,2_2,e5c89fcf-cc57-4fad-a138-ea47ee9ea225,NA
21,34235982,34235982,1,snv_mnv,NA,NA,"broad,dkfz,muse,sanger",4,COSN10025770,NA,NA,FALSE,0.3333,NA,19,38,NA,NA,NA,IGR,FALSE,FALSE,FALSE,FALSE,4,2,2,2_2,e5c89fcf-cc57-4fad-a138-ea47ee9ea225,NA
21,36601404,36601404,1,snv_mnv,NA,NA,"broad,dkfz,muse,sanger",4,COSN10026060,NA,L2b,FALSE,0.3265,NA,16,33,NA,NA,NA,IGR,FALSE,FALSE,FALSE,FALSE,4,2,2,2_2,e5c89fcf-cc57-4fad-a138-ea47ee9ea225,NA
21,38471752,38471752,1,snv_mnv,NA,NA,"broad,dkfz,muse,sanger",4,COSN10026315,NA,MIR,FALSE,0.2128,NA,10,37,NA,NA,NA,Intron,FALSE,FALSE,FALSE,FALSE,4,2,2,2_2,e5c89fcf-cc57-4fad-a138-ea47ee9ea225,"TTC3,AP001429.1"
21,40082929,40082929,1,snv_mnv,NA,NA,"broad,dkfz,muse,sanger",4,COSN10026559,NA,NA,FALSE,0.2069,NA,12,46,NA,NA,NA,IGR,FALSE,FALSE,FALSE,FALSE,4,2,2,2_2,e5c89fcf-cc57-4fad-a138-ea47ee9ea225,NA
21,41147287,41147287,1,snv_mnv,NA,NA,"broad,dkfz,muse,sanger",4,COSN10026688,NA,NA,FALSE,0.2889,NA,13,32,NA,NA,NA,Intron,FALSE,FALSE,FALSE,FALSE,4,2,2,2_2,e5c89fcf-cc57-4fad-a138-ea47ee9ea225,NA
21,42377393,42377393,1,snv_mnv,1.9968e-4,rs529692189,"broad,dkfz,muse,sanger",4,COSN10026925,rs529692189,NA,FALSE,0.2553,NA,12,35,NA,NA,NA,IGR,FALSE,FALSE,FALSE,FALSE,4,2,2,2_2,e5c89fcf-cc57-4fad-a138-ea47ee9ea225,NA
21,46289146,46289146,1,snv_mnv,NA,NA,"broad,dkfz,muse,sanger",4,COSN10027357,NA,L1MC4,FALSE,0.3,NA,15,35,NA,NA,NA,Intron,FALSE,FALSE,FALSE,FALSE,4,2,2,2_2,e5c89fcf-cc57-4fad-a138-ea47ee9ea225,PTTG1IP
22,19685175,19685175,1,snv_mnv,NA,NA,"broad,dkfz,muse,sanger",4,COSN10028119,NA,AluSz6,FALSE,0.25,NA,10,30,NA,NA,NA,IGR,FALSE,FALSE,FALSE,FALSE,4,2,2,2_2,e5c89fcf-cc57-4fad-a138-ea47ee9ea225,NA
22,25248109,25248109,1,snv_mnv,NA,NA,"broad,dkfz,muse,sanger",4,COSN10028681,NA,L1MC4a,FALSE,0.2333,NA,14,46,NA,NA,NA,Intron,FALSE,FALSE,FALSE,FALSE,4,2,2,2_2,e5c89fcf-cc57-4fad-a138-ea47ee9ea225,NA
22,25248110,25248110,1,snv_mnv,NA,NA,"broad,dkfz,muse,sanger",4,COSN10028682,NA,L1MC4a,FALSE,0.2459,NA,15,46,NA,NA,NA,Intron,FALSE,FALSE,FALSE,FALSE,4,2,2,2_2,e5c89fcf-cc57-4fad-a138-ea47ee9ea225,NA
22,26203689,26203689,1,snv_mnv,NA,NA,"broad,dkfz,muse,sanger",4,COSN10028783,NA,MLT1G3,FALSE,0.2692,NA,14,38,NA,NA,NA,Intron,FALSE,FALSE,FALSE,FALSE,4,2,2,2_2,e5c89fcf-cc57-4fad-a138-ea47ee9ea225,NA
22,26334871,26334871,1,snv_mnv,NA,NA,"broad,dkfz,muse,sanger",4,COSN10028810,NA,AluJr,FALSE,0.3158,NA,12,26,NA,NA,NA,Intron,FALSE,FALSE,FALSE,FALSE,4,2,2,2_2,e5c89fcf-cc57-4fad-a138-ea47ee9ea225,NA
22,28133980,28133980,1,snv_mnv,NA,NA,"broad,dkfz,muse,sanger",4,COSN10029140,rs9613523,L1ME2,FALSE,0.2679,NA,15,41,NA,NA,NA,IGR,FALSE,FALSE,FALSE,FALSE,4,2,2,2_2,e5c89fcf-cc57-4fad-a138-ea47ee9ea225,NA
22,28504388,28504388,1,snv_mnv,NA,NA,"broad,dkfz,muse,sanger",4,COSM4164909,NA,NA,FALSE,0.1957,NA,9,37,NA,NA,NA,Missense_Mutation,FALSE,FALSE,FALSE,FALSE,4,2,2,2_2,e5c89fcf-cc57-4fad-a138-ea47ee9ea225,NA
22,30995950,30995950,1,snv_mnv,NA,NA,"broad,dkfz,muse,sanger",4,COSN10029464,NA,LTR57-int,FALSE,0.3421,NA,13,25,NA,NA,NA,Intron,FALSE,FALSE,FALSE,FALSE,4,2,2,2_2,e5c89fcf-cc57-4fad-a138-ea47ee9ea225,PES1
22,33866726,33866726,1,snv_mnv,NA,NA,"broad,dkfz,muse,sanger",4,COSN10029786,NA,NA,FALSE,0.1923,NA,10,42,NA,NA,NA,Intron,FALSE,FALSE,FALSE,FALSE,4,2,2,2_2,e5c89fcf-cc57-4fad-a138-ea47ee9ea225,NA
22,34887934,34887934,1,snv_mnv,NA,NA,"broad,dkfz,muse,sanger",4,COSN10029974,NA,NA,FALSE,0.2656,NA,17,47,NA,NA,NA,IGR,FALSE,FALSE,FALSE,FALSE,4,2,2,2_2,e5c89fcf-cc57-4fad-a138-ea47ee9ea225,NA
22,36922482,36922482,1,snv_mnv,NA,NA,"broad,dkfz,muse,sanger",4,COSN10030225,NA,MER104,FALSE,0.2128,NA,10,37,NA,NA,NA,Intron,FALSE,FALSE,FALSE,FALSE,4,2,2,2_2,e5c89fcf-cc57-4fad-a138-ea47ee9ea225,NA
22,37278821,37278821,1,snv_mnv,NA,NA,"broad,dkfz,muse,sanger",4,COSN10030269,NA,NA,FALSE,0.2889,NA,13,32,NA,NA,NA,IGR,FALSE,FALSE,FALSE,FALSE,4,2,2,2_2,e5c89fcf-cc57-4fad-a138-ea47ee9ea225,NCF4
22,38560424,38560424,1,snv_mnv,NA,NA,"broad,dkfz,muse,sanger",4,COSN10030403,NA,MIR,FALSE,0.2812,NA,9,23,NA,NA,NA,Intron,FALSE,FALSE,FALSE,FALSE,4,2,2,2_2,e5c89fcf-cc57-4fad-a138-ea47ee9ea225,PLA2G6
22,40640219,40640219,1,snv_mnv,NA,NA,"broad,dkfz,muse,sanger",4,COSN10030668,NA,NA,FALSE,0.4074,NA,22,32,NA,NA,NA,Intron,FALSE,FALSE,FALSE,FALSE,4,2,2,2_2,e5c89fcf-cc57-4fad-a138-ea47ee9ea225,NA
22,45513447,45513447,1,snv_mnv,NA,NA,"broad,dkfz,muse,sanger",4,COSN10031328,NA,L1M4,FALSE,0.2414,NA,14,44,NA,NA,NA,IGR,FALSE,FALSE,FALSE,FALSE,4,2,2,2_2,e5c89fcf-cc57-4fad-a138-ea47ee9ea225,NA
22,45532795,45532795,1,snv_mnv,NA,NA,"broad,dkfz,muse,sanger",4,COSN10031330,NA,L1ME3C,FALSE,0.2754,NA,19,50,NA,NA,NA,lincRNA,FALSE,FALSE,FALSE,FALSE,4,2,2,2_2,e5c89fcf-cc57-4fad-a138-ea47ee9ea225,NA
22,45652578,45652578,1,snv_mnv,NA,NA,"broad,dkfz,muse,sanger",4,COSN10031340,NA,AluJo,FALSE,0.2564,NA,10,29,NA,NA,NA,IGR,FALSE,FALSE,FALSE,FALSE,4,2,2,2_2,e5c89fcf-cc57-4fad-a138-ea47ee9ea225,NA
22,47507047,47507047,1,snv_mnv,NA,NA,"broad,dkfz,muse,sanger",4,COSN10031549,rs745659648,MIRb,FALSE,0.3548,NA,11,20,NA,NA,NA,Intron,FALSE,FALSE,FALSE,FALSE,4,2,2,2_2,e5c89fcf-cc57-4fad-a138-ea47ee9ea225,FP325331.1
3,101697,101697,1,snv_mnv,NA,NA,"broad,dkfz,muse,sanger",4,COSN9732244,NA,MSTB1,FALSE,0.3077,NA,8,18,NA,NA,NA,IGR,FALSE,FALSE,FALSE,FALSE,2,2,0,2_0,e5c89fcf-cc57-4fad-a138-ea47ee9ea225,NA
3,235081,235081,1,snv_mnv,NA,NA,"broad,dkfz,muse,sanger",4,COSN9718900,NA,NA,FALSE,0.2885,NA,15,37,NA,NA,NA,RNA,FALSE,FALSE,FALSE,FALSE,2,2,0,2_0,e5c89fcf-cc57-4fad-a138-ea47ee9ea225,"CHL1,CHL1-AS2"
3,418158,418158,1,snv_mnv,NA,NA,"broad,dkfz,muse,sanger",4,COSN9720667,NA,NA,FALSE,0.2927,NA,12,29,NA,NA,NA,Intron,FALSE,FALSE,FALSE,FALSE,2,2,0,2_0,e5c89fcf-cc57-4fad-a138-ea47ee9ea225,CHL1-AS1
3,1123642,1123642,1,snv_mnv,NA,NA,"broad,dkfz,muse,sanger",4,COSN9734072,NA,HERV16-int,FALSE,0.3421,NA,13,25,NA,NA,NA,IGR,FALSE,FALSE,FALSE,FALSE,2,2,0,2_0,e5c89fcf-cc57-4fad-a138-ea47ee9ea225,NA
3,1123643,1123643,1,snv_mnv,NA,NA,"broad,dkfz,muse,sanger",4,COSN9734073,NA,HERV16-int,FALSE,0.325,NA,13,27,NA,NA,NA,IGR,FALSE,FALSE,FALSE,FALSE,2,2,0,2_0,e5c89fcf-cc57-4fad-a138-ea47ee9ea225,NA
3,1131408,1131408,1,snv_mnv,NA,NA,"broad,dkfz,muse,sanger",4,COSN9734196,NA,L1ME1,FALSE,0.2826,NA,13,33,NA,NA,NA,5'Flank,FALSE,FALSE,FALSE,FALSE,2,2,0,2_0,e5c89fcf-cc57-4fad-a138-ea47ee9ea225,CNTN6
3,1209673,1209673,1,snv_mnv,NA,NA,"broad,dkfz,muse,sanger",4,COSN9735614,NA,AluSx,FALSE,0.4333,NA,13,17,NA,NA,NA,Intron,FALSE,FALSE,FALSE,FALSE,2,2,0,2_0,e5c89fcf-cc57-4fad-a138-ea47ee9ea225,NA
3,1298540,1298540,1,snv_mnv,NA,NA,"broad,dkfz,muse,sanger",4,COSN9736719,NA,NA,FALSE,0.2159,NA,19,69,NA,NA,NA,Intron,FALSE,FALSE,FALSE,FALSE,2,2,0,2_0,e5c89fcf-cc57-4fad-a138-ea47ee9ea225,NA
3,2136400,2136400,1,snv_mnv,NA,NA,"broad,dkfz,muse,sanger",4,COSN9718636,NA,MER82,FALSE,0.4375,NA,21,27,NA,NA,NA,IGR,FALSE,FALSE,FALSE,FALSE,2,2,0,2_0,e5c89fcf-cc57-4fad-a138-ea47ee9ea225,CNTN4
3,5156509,5156509,1,snv_mnv,NA,NA,"broad,dkfz,muse,sanger",4,COSN15585288,NA,NA,FALSE,0.4,NA,6,9,NA,NA,NA,IGR,FALSE,FALSE,FALSE,FALSE,2,2,0,2_0,e5c89fcf-cc57-4fad-a138-ea47ee9ea225,NA
3,8423535,8423535,1,snv_mnv,NA,NA,"broad,dkfz,muse,sanger",4,COSN9726058,NA,NA,FALSE,0.3111,NA,14,31,NA,NA,NA,RNA,FALSE,FALSE,FALSE,FALSE,2,2,0,2_0,e5c89fcf-cc57-4fad-a138-ea47ee9ea225,NA
3,8787193,8787193,1,snv_mnv,NA,NA,"broad,dkfz,muse",3,COSN9895126,NA,NA,FALSE,0.4706,NA,8,9,NA,NA,NA,Intron,FALSE,FALSE,FALSE,FALSE,2,2,0,2_0,e5c89fcf-cc57-4fad-a138-ea47ee9ea225,"SSUH2,OXTR"
3,15071849,15071849,1,snv_mnv,NA,NA,"broad,dkfz,muse,sanger",4,COSM4152991,NA,NA,FALSE,0.4348,NA,10,13,NA,NA,NA,Missense_Mutation,FALSE,FALSE,FALSE,FALSE,2,2,0,2_0,e5c89fcf-cc57-4fad-a138-ea47ee9ea225,NR2C2
3,16210503,16210503,1,snv_mnv,NA,NA,"broad,dkfz,muse,sanger",4,COSN9761910,NA,NA,FALSE,0.4091,NA,9,13,NA,NA,NA,IGR,FALSE,FALSE,FALSE,FALSE,2,2,0,2_0,e5c89fcf-cc57-4fad-a138-ea47ee9ea225,NA
3,17872166,17872166,1,snv_mnv,NA,NA,"broad,dkfz,muse,sanger",4,COSN9764944,NA,Tigger3c,FALSE,0.381,NA,16,26,NA,NA,NA,Intron,FALSE,FALSE,FALSE,FALSE,2,2,0,2_0,e5c89fcf-cc57-4fad-a138-ea47ee9ea225,NA
3,18567751,18567751,1,snv_mnv,NA,NA,"broad,dkfz,muse,sanger",4,COSN9766085,NA,L1MEc,FALSE,0.4138,NA,12,17,NA,NA,NA,RNA,FALSE,FALSE,FALSE,FALSE,2,2,0,2_0,e5c89fcf-cc57-4fad-a138-ea47ee9ea225,SATB1-AS1
3,18628619,18628619,1,snv_mnv,NA,NA,"broad,dkfz,muse,sanger",4,COSN9766168,NA,NA,FALSE,0.2941,NA,15,36,NA,NA,NA,RNA,FALSE,FALSE,FALSE,FALSE,2,2,0,2_0,e5c89fcf-cc57-4fad-a138-ea47ee9ea225,SATB1-AS1
3,19037216,19037216,1,snv_mnv,NA,NA,"broad,dkfz,muse,sanger",4,COSN9717288,NA,THE1B-int,FALSE,0.4054,NA,15,22,NA,NA,NA,IGR,FALSE,FALSE,FALSE,FALSE,2,2,0,2_0,e5c89fcf-cc57-4fad-a138-ea47ee9ea225,NA
3,20231672,20231672,1,snv_mnv,NA,NA,"broad,dkfz,muse,sanger",4,COSN9718504,NA,NA,FALSE,0.3469,NA,17,32,NA,NA,NA,RNA,FALSE,FALSE,FALSE,FALSE,2,2,0,2_0,e5c89fcf-cc57-4fad-a138-ea47ee9ea225,"SGO1,SGO1-AS1"
3,22599731,22599731,1,snv_mnv,NA,NA,"broad,dkfz,muse,sanger",4,COSN9718818,NA,NA,FALSE,0.3922,NA,20,31,NA,NA,NA,IGR,FALSE,FALSE,FALSE,FALSE,2,2,0,2_0,e5c89fcf-cc57-4fad-a138-ea47ee9ea225,NA
3,25203852,25203852,1,snv_mnv,NA,NA,"broad,dkfz,muse,sanger",4,COSN9719053,NA,AluJr,FALSE,0.4722,NA,17,19,NA,NA,NA,lincRNA,FALSE,FALSE,FALSE,FALSE,2,2,0,2_0,e5c89fcf-cc57-4fad-a138-ea47ee9ea225,NA
3,25907069,25907069,1,snv_mnv,NA,NA,"broad,dkfz,muse,sanger",4,COSN9719120,NA,L1MA9,FALSE,0.3846,NA,20,32,NA,NA,NA,Intron,FALSE,FALSE,FALSE,FALSE,2,2,0,2_0,e5c89fcf-cc57-4fad-a138-ea47ee9ea225,NA
3,27112052,27112052,1,snv_mnv,NA,NA,"broad,dkfz,muse,sanger",4,COSN9719280,NA,NA,FALSE,0.4286,NA,18,24,NA,NA,NA,IGR,FALSE,FALSE,FALSE,FALSE,2,2,0,2_0,e5c89fcf-cc57-4fad-a138-ea47ee9ea225,NA
3,33645687,33645687,1,snv_mnv,NA,NA,"broad,dkfz,muse,sanger",4,COSM4152421,NA,NA,FALSE,0.3478,NA,16,30,NA,NA,NA,Missense_Mutation,FALSE,FALSE,FALSE,FALSE,2,2,0,2_0,e5c89fcf-cc57-4fad-a138-ea47ee9ea225,NA
3,33657164,33657164,1,snv_mnv,NA,NA,"broad,dkfz,muse,sanger",4,COSN9719917,NA,L1M5,FALSE,0.4,NA,20,30,NA,NA,NA,Intron,FALSE,FALSE,FALSE,FALSE,2,2,0,2_0,e5c89fcf-cc57-4fad-a138-ea47ee9ea225,CLASP2
3,35394819,35394819,1,snv_mnv,NA,NA,"broad,dkfz,muse,sanger",4,COSN9720122,NA,AT_rich,FALSE,0.3784,NA,14,23,NA,NA,NA,IGR,FALSE,FALSE,FALSE,FALSE,2,2,0,2_0,e5c89fcf-cc57-4fad-a138-ea47ee9ea225,NA
3,36414340,36414340,1,snv_mnv,NA,NA,"broad,dkfz,muse,sanger",4,COSN9720235,NA,NA,FALSE,0.42,NA,21,29,NA,NA,NA,IGR,FALSE,FALSE,FALSE,FALSE,2,2,0,2_0,e5c89fcf-cc57-4fad-a138-ea47ee9ea225,NA
3,37398457,37398457,1,snv_mnv,NA,NA,"broad,dkfz,muse,sanger",4,COSN9720302,NA,NA,FALSE,0.3514,NA,13,24,NA,NA,NA,Intron,FALSE,FALSE,FALSE,FALSE,2,2,0,2_0,e5c89fcf-cc57-4fad-a138-ea47ee9ea225,NA
3,38100562,38100562,1,snv_mnv,NA,NA,"broad,muse,sanger",3,COSN15585021,NA,NA,FALSE,0.2903,NA,9,22,NA,NA,NA,Intron,FALSE,FALSE,FALSE,FALSE,2,2,0,2_0,e5c89fcf-cc57-4fad-a138-ea47ee9ea225,DLEC1
3,40325367,40325367,1,snv_mnv,NA,NA,"broad,dkfz,muse,sanger",4,COSN9720532,NA,L1MB8,FALSE,0.4359,NA,17,22,NA,NA,NA,IGR,FALSE,FALSE,FALSE,FALSE,2,2,0,2_0,e5c89fcf-cc57-4fad-a138-ea47ee9ea225,NA
3,42412790,42412790,1,snv_mnv,NA,NA,"broad,dkfz,muse,sanger",4,COSN9720715,NA,NA,FALSE,0.359,NA,14,25,NA,NA,NA,IGR,FALSE,FALSE,FALSE,FALSE,2,2,0,2_0,e5c89fcf-cc57-4fad-a138-ea47ee9ea225,NA
3,44727418,44727418,1,snv_mnv,NA,NA,"broad,dkfz,muse,sanger",4,COSN9720922,NA,NA,FALSE,0.6087,NA,14,9,NA,NA,NA,RNA,FALSE,FALSE,FALSE,FALSE,2,2,0,2_0,e5c89fcf-cc57-4fad-a138-ea47ee9ea225,AC099669.1
3,44895440,44895440,1,snv_mnv,NA,NA,"broad,dkfz,muse,sanger",4,COSN9720938,NA,L1MB7,FALSE,0.4848,NA,16,17,NA,NA,NA,IGR,FALSE,FALSE,FALSE,FALSE,2,2,0,2_0,e5c89fcf-cc57-4fad-a138-ea47ee9ea225,KIF15
3,45513473,45513473,1,snv_mnv,NA,NA,"broad,dkfz,muse,sanger",4,COSN9720995,NA,NA,FALSE,0.4194,NA,13,18,NA,NA,NA,Intron,FALSE,FALSE,FALSE,FALSE,2,2,0,2_0,e5c89fcf-cc57-4fad-a138-ea47ee9ea225,NA
3,45895062,45895062,1,snv_mnv,NA,NA,"broad,dkfz,muse,sanger",4,COSN9721028,NA,NA,FALSE,0.3333,NA,19,38,NA,NA,NA,Intron,FALSE,FALSE,FALSE,FALSE,2,2,0,2_0,e5c89fcf-cc57-4fad-a138-ea47ee9ea225,LZTFL1
3,49064659,49064659,1,snv_mnv,NA,NA,"broad,dkfz,muse,sanger",4,COSN9721285,NA,AluSx3,FALSE,0.4444,NA,12,15,NA,NA,NA,IGR,FALSE,FALSE,FALSE,FALSE,2,2,0,2_0,e5c89fcf-cc57-4fad-a138-ea47ee9ea225,"IMPDH2,NDUFAF3,QRICH1,DALRD3,AC137630.3"
3,50110443,50110443,1,snv_mnv,NA,NA,"broad,dkfz,muse,sanger",4,COSN9721355,NA,NA,FALSE,0.3704,NA,10,17,NA,NA,NA,Intron,FALSE,FALSE,FALSE,FALSE,2,2,0,2_0,e5c89fcf-cc57-4fad-a138-ea47ee9ea225,NA
3,51819832,51819832,1,snv_mnv,NA,NA,"broad,dkfz,muse,sanger",4,COSN9721492,NA,L1MB5,FALSE,0.3056,NA,11,25,NA,NA,NA,IGR,FALSE,FALSE,FALSE,FALSE,2,2,0,2_0,e5c89fcf-cc57-4fad-a138-ea47ee9ea225,NA
3,54318616,54318616,1,snv_mnv,NA,NA,"broad,dkfz,muse,sanger",4,COSN9721695,NA,NA,FALSE,0.2927,NA,12,29,NA,NA,NA,Intron,FALSE,FALSE,FALSE,FALSE,2,2,0,2_0,e5c89fcf-cc57-4fad-a138-ea47ee9ea225,NA
3,54877297,54877297,1,snv_mnv,NA,NA,"broad,dkfz,muse,sanger",4,COSN9721767,NA,NA,FALSE,0.359,NA,14,25,NA,NA,NA,Intron,FALSE,FALSE,FALSE,FALSE,2,2,0,2_0,e5c89fcf-cc57-4fad-a138-ea47ee9ea225,NA
3,56206207,56206207,1,snv_mnv,NA,NA,"broad,dkfz,muse,sanger",4,COSN9721934,NA,NA,FALSE,0.5294,NA,18,16,NA,NA,NA,Intron,FALSE,FALSE,FALSE,FALSE,2,2,0,2_0,e5c89fcf-cc57-4fad-a138-ea47ee9ea225,NA
3,58430666,58430666,1,snv_mnv,NA,NA,"broad,dkfz,muse,sanger",4,COSN9722110,NA,LTR14B,FALSE,0.4074,NA,11,16,NA,NA,NA,IGR,FALSE,FALSE,FALSE,FALSE,2,2,0,2_0,e5c89fcf-cc57-4fad-a138-ea47ee9ea225,NA
3,61587655,61587655,1,snv_mnv,NA,NA,"broad,dkfz,muse,sanger",4,COSN9722432,NA,NA,FALSE,0.4483,NA,13,16,NA,NA,NA,Intron,FALSE,FALSE,FALSE,FALSE,2,2,0,2_0,e5c89fcf-cc57-4fad-a138-ea47ee9ea225,NA
3,62235575,62235575,1,snv_mnv,NA,NA,"broad,dkfz,muse,sanger",4,COSN9722519,NA,MIR,FALSE,0.375,NA,21,35,NA,NA,NA,Intron,FALSE,FALSE,FALSE,FALSE,2,2,0,2_0,e5c89fcf-cc57-4fad-a138-ea47ee9ea225,NA
3,64037759,64037759,1,snv_mnv,NA,NA,"broad,dkfz,muse,sanger",4,COSN9722774,NA,NA,FALSE,0.4062,NA,13,19,NA,NA,NA,IGR,FALSE,FALSE,FALSE,FALSE,2,2,0,2_0,e5c89fcf-cc57-4fad-a138-ea47ee9ea225,NA
3,64182539,64182539,1,snv_mnv,NA,NA,"broad,dkfz,muse,sanger",4,COSN9722795,NA,MER102a,FALSE,0.3265,NA,16,33,NA,NA,NA,Intron,FALSE,FALSE,FALSE,FALSE,2,2,0,2_0,e5c89fcf-cc57-4fad-a138-ea47ee9ea225,NA
3,64984685,64984685,1,snv_mnv,NA,NA,"broad,dkfz,muse,sanger",4,COSN15584892,NA,NA,FALSE,0.3429,NA,12,23,NA,NA,NA,RNA,FALSE,FALSE,FALSE,FALSE,2,2,0,2_0,e5c89fcf-cc57-4fad-a138-ea47ee9ea225,NA
3,66703343,66703343,1,snv_mnv,NA,NA,"broad,dkfz,muse,sanger",4,COSN9723047,NA,AluSg7,FALSE,0.5938,NA,19,13,NA,NA,NA,IGR,FALSE,FALSE,FALSE,FALSE,2,2,0,2_0,e5c89fcf-cc57-4fad-a138-ea47ee9ea225,NA
3,67364178,67364178,1,snv_mnv,NA,NA,"broad,dkfz,muse,sanger",4,COSN9723137,NA,NA,FALSE,0.3404,NA,16,31,NA,NA,NA,IGR,FALSE,FALSE,FALSE,FALSE,2,2,0,2_0,e5c89fcf-cc57-4fad-a138-ea47ee9ea225,NA
3,67577483,67577483,1,snv_mnv,NA,NA,"broad,dkfz,muse,sanger",4,COSN9723165,NA,L1MA2,FALSE,0.3214,NA,18,38,NA,NA,NA,Intron,FALSE,FALSE,FALSE,FALSE,2,2,0,2_0,e5c89fcf-cc57-4fad-a138-ea47ee9ea225,NA
3,69547261,69547261,1,snv_mnv,NA,NA,"broad,dkfz,muse,sanger",4,COSN9723364,NA,NA,FALSE,0.375,NA,15,25,NA,NA,NA,IGR,FALSE,FALSE,FALSE,FALSE,2,2,0,2_0,e5c89fcf-cc57-4fad-a138-ea47ee9ea225,NA
3,69976849,69976849,1,snv_mnv,NA,NA,"broad,dkfz,muse,sanger",4,COSN9723410,NA,MER20,FALSE,0.3778,NA,17,28,NA,NA,NA,Intron,FALSE,FALSE,FALSE,FALSE,2,2,0,2_0,e5c89fcf-cc57-4fad-a138-ea47ee9ea225,NA
3,70839169,70839169,1,snv_mnv,NA,NA,"broad,dkfz,muse,sanger",4,COSN9723508,NA,L1MD1,FALSE,0.3404,NA,16,31,NA,NA,NA,IGR,FALSE,FALSE,FALSE,FALSE,2,2,0,2_0,e5c89fcf-cc57-4fad-a138-ea47ee9ea225,NA
3,70839171,70839171,1,snv_mnv,NA,NA,"broad,dkfz,muse,sanger",4,COSN9723509,NA,L1MD1,FALSE,0.3478,NA,16,30,NA,NA,NA,IGR,FALSE,FALSE,FALSE,FALSE,2,2,0,2_0,e5c89fcf-cc57-4fad-a138-ea47ee9ea225,NA
3,70889454,70889454,1,snv_mnv,NA,NA,"broad,dkfz,muse,sanger",4,COSN9723520,NA,NA,FALSE,0.3889,NA,14,22,NA,NA,NA,IGR,FALSE,FALSE,FALSE,FALSE,2,2,0,2_0,e5c89fcf-cc57-4fad-a138-ea47ee9ea225,NA
3,73160210,73160210,1,snv_mnv,NA,NA,"broad,muse,sanger",3,COSN9723793,NA,U2,FALSE,0.4516,NA,14,17,NA,NA,NA,RNA,FALSE,FALSE,FALSE,FALSE,2,2,0,2_0,e5c89fcf-cc57-4fad-a138-ea47ee9ea225,NA
3,73265374,73265374,1,snv_mnv,NA,NA,"broad,dkfz,muse,sanger",4,COSN9723811,NA,NA,FALSE,0.3571,NA,15,27,NA,NA,NA,IGR,FALSE,FALSE,FALSE,FALSE,2,2,0,2_0,e5c89fcf-cc57-4fad-a138-ea47ee9ea225,NA
3,73290443,73290443,1,snv_mnv,1.9968e-4,rs575936005,"broad,dkfz,muse,sanger",4,COSN9723818,rs575936005,AluSx,FALSE,0.44,NA,11,14,NA,NA,NA,RNA,FALSE,FALSE,FALSE,FALSE,2,2,0,2_0,e5c89fcf-cc57-4fad-a138-ea47ee9ea225,RNU6-1270P
3,73592421,73592421,1,snv_mnv,NA,NA,"broad,dkfz,muse,sanger",4,COSN9723850,NA,NA,FALSE,0.3793,NA,11,18,NA,NA,NA,Intron,FALSE,FALSE,FALSE,FALSE,2,2,0,2_0,e5c89fcf-cc57-4fad-a138-ea47ee9ea225,NA
3,74284694,74284694,1,snv_mnv,NA,NA,"broad,dkfz,muse,sanger",4,COSN9723953,NA,THE1C-int,FALSE,0.4107,NA,23,33,NA,NA,NA,IGR,FALSE,FALSE,FALSE,FALSE,2,2,0,2_0,e5c89fcf-cc57-4fad-a138-ea47ee9ea225,NA
3,74700423,74700423,1,snv_mnv,NA,NA,"broad,dkfz,muse,sanger",4,COSN9724021,NA,NA,FALSE,0.5,NA,11,11,NA,NA,NA,IGR,FALSE,FALSE,FALSE,FALSE,2,2,0,2_0,e5c89fcf-cc57-4fad-a138-ea47ee9ea225,NA
3,75252629,75252629,1,snv_mnv,9.984e-4,rs112599492,"broad,dkfz,muse,sanger",4,COSN9724126,rs112599492,L1MA7,FALSE,0.4474,NA,17,21,NA,NA,NA,IGR,FALSE,FALSE,FALSE,FALSE,2,2,0,2_0,e5c89fcf-cc57-4fad-a138-ea47ee9ea225,NA
3,75373723,75373723,1,snv_mnv,NA,NA,"broad,dkfz,muse,sanger",4,COSN9724158,rs755046126,NA,FALSE,0.3261,NA,15,31,NA,NA,NA,IGR,FALSE,FALSE,FALSE,FALSE,2,2,0,2_0,e5c89fcf-cc57-4fad-a138-ea47ee9ea225,MYLKP1
3,76190055,76190055,1,snv_mnv,NA,NA,"broad,dkfz,muse,sanger",4,COSN9724407,NA,NA,FALSE,0.4595,NA,17,20,NA,NA,NA,Intron,FALSE,FALSE,FALSE,FALSE,2,2,0,2_0,e5c89fcf-cc57-4fad-a138-ea47ee9ea225,NA
3,77630970,77630970,1,snv_mnv,NA,NA,"broad,dkfz,muse,sanger",4,COSN9724672,NA,L1ME2z,FALSE,0.2553,NA,12,35,NA,NA,NA,Intron,FALSE,FALSE,FALSE,FALSE,2,2,0,2_0,e5c89fcf-cc57-4fad-a138-ea47ee9ea225,NA
3,80053441,80053441,1,snv_mnv,NA,NA,"broad,dkfz,muse,sanger",4,COSN9725154,NA,NA,FALSE,0.2857,NA,14,35,NA,NA,NA,IGR,FALSE,FALSE,FALSE,FALSE,2,2,0,2_0,e5c89fcf-cc57-4fad-a138-ea47ee9ea225,NA
3,80271407,80271407,1,snv_mnv,NA,NA,"broad,dkfz,muse,sanger",4,COSN9725197,NA,NA,FALSE,0.4038,NA,21,31,NA,NA,NA,IGR,FALSE,FALSE,FALSE,FALSE,2,2,0,2_0,e5c89fcf-cc57-4fad-a138-ea47ee9ea225,NA
3,80682381,80682381,1,snv_mnv,NA,NA,"broad,dkfz,muse,sanger",4,COSN9725296,NA,NA,FALSE,0.3382,NA,23,45,NA,NA,NA,IGR,FALSE,FALSE,FALSE,FALSE,2,2,0,2_0,e5c89fcf-cc57-4fad-a138-ea47ee9ea225,NA
3,82625808,82625808,1,snv_mnv,NA,NA,"broad,dkfz,muse,sanger",4,COSN9725609,NA,NA,FALSE,0.3333,NA,16,32,NA,NA,NA,IGR,FALSE,FALSE,FALSE,FALSE,2,2,0,2_0,e5c89fcf-cc57-4fad-a138-ea47ee9ea225,NA
3,83057085,83057085,1,snv_mnv,NA,NA,"broad,dkfz,muse,sanger",4,COSN9725694,NA,MIRb,FALSE,0.3922,NA,20,31,NA,NA,NA,IGR,FALSE,FALSE,FALSE,FALSE,2,2,0,2_0,e5c89fcf-cc57-4fad-a138-ea47ee9ea225,NA
3,83842826,83842826,1,snv_mnv,NA,NA,"broad,dkfz,muse,sanger",4,COSN9725929,NA,NA,FALSE,0.3265,NA,16,33,NA,NA,NA,IGR,FALSE,FALSE,FALSE,FALSE,2,2,0,2_0,e5c89fcf-cc57-4fad-a138-ea47ee9ea225,NA
3,84086562,84086562,1,snv_mnv,NA,NA,"broad,dkfz,muse,sanger",4,COSN9726003,NA,L1PA13,FALSE,0.2909,NA,16,39,NA,NA,NA,IGR,FALSE,FALSE,FALSE,FALSE,2,2,0,2_0,e5c89fcf-cc57-4fad-a138-ea47ee9ea225,NA
3,84548502,84548502,1,snv_mnv,NA,NA,"broad,dkfz,muse,sanger",4,COSN9726159,NA,L1M5,FALSE,0.35,NA,21,39,NA,NA,NA,RNA,FALSE,FALSE,FALSE,FALSE,2,2,0,2_0,e5c89fcf-cc57-4fad-a138-ea47ee9ea225,NA
3,84584299,84584299,1,snv_mnv,NA,NA,"broad,dkfz,muse,sanger",4,COSN9726166,NA,L2,FALSE,0.3529,NA,18,33,NA,NA,NA,IGR,FALSE,FALSE,FALSE,FALSE,2,2,0,2_0,e5c89fcf-cc57-4fad-a138-ea47ee9ea225,NA
3,84860318,84860318,1,snv_mnv,NA,NA,"broad,muse,sanger",3,COSN9726264,NA,L1PA5,FALSE,0.3111,NA,14,31,NA,NA,NA,lincRNA,FALSE,FALSE,FALSE,FALSE,2,2,0,2_0,e5c89fcf-cc57-4fad-a138-ea47ee9ea225,NA
3,85103662,85103662,1,snv_mnv,NA,NA,"broad,dkfz,muse,sanger",4,COSN9726329,NA,NA,FALSE,0.2917,NA,14,34,NA,NA,NA,Intron,FALSE,FALSE,FALSE,FALSE,2,2,0,2_0,e5c89fcf-cc57-4fad-a138-ea47ee9ea225,NA
3,85243629,85243629,1,snv_mnv,NA,NA,"broad,dkfz,muse,sanger",4,COSN9726366,NA,NA,FALSE,0.3415,NA,14,27,NA,NA,NA,Intron,FALSE,FALSE,FALSE,FALSE,2,2,0,2_0,e5c89fcf-cc57-4fad-a138-ea47ee9ea225,NA
3,86220011,86220011,1,snv_mnv,NA,NA,"broad,dkfz,muse,sanger",4,COSN9726646,NA,NA,FALSE,0.2917,NA,7,17,NA,NA,NA,IGR,FALSE,FALSE,FALSE,FALSE,2,2,0,2_0,e5c89fcf-cc57-4fad-a138-ea47ee9ea225,NA
3,86278342,86278342,1,snv_mnv,NA,NA,"broad,dkfz,muse,sanger",4,COSN9726665,NA,NA,FALSE,0.5366,NA,22,19,NA,NA,NA,IGR,FALSE,FALSE,FALSE,FALSE,2,2,0,2_0,e5c89fcf-cc57-4fad-a138-ea47ee9ea225,NA
3,86311200,86311200,1,snv_mnv,NA,NA,"broad,dkfz,muse,sanger",4,COSN9726674,NA,NA,FALSE,0.4255,NA,20,27,NA,NA,NA,lincRNA,FALSE,FALSE,FALSE,FALSE,2,2,0,2_0,e5c89fcf-cc57-4fad-a138-ea47ee9ea225,AC108733.1
3,86894351,86894351,1,snv_mnv,NA,NA,"broad,dkfz,muse,sanger",4,COSN9726856,NA,NA,FALSE,0.383,NA,18,29,NA,NA,NA,IGR,FALSE,FALSE,FALSE,FALSE,2,2,0,2_0,e5c89fcf-cc57-4fad-a138-ea47ee9ea225,NA
3,87129458,87129458,1,snv_mnv,NA,NA,"broad,dkfz,muse,sanger",4,COSN9894967,NA,NA,FALSE,0.3833,NA,23,37,NA,NA,NA,IGR,FALSE,FALSE,FALSE,FALSE,2,2,0,2_0,e5c89fcf-cc57-4fad-a138-ea47ee9ea225,NA
3,88217469,88217469,1,snv_mnv,NA,NA,"broad,dkfz,muse,sanger",4,COSN9895182,NA,Charlie25,FALSE,0.36,NA,18,32,NA,NA,NA,IGR,FALSE,FALSE,FALSE,FALSE,2,2,0,2_0,e5c89fcf-cc57-4fad-a138-ea47ee9ea225,NA
3,88374645,88374645,1,snv_mnv,NA,NA,"dkfz,sanger",2,COSN9895213,NA,NA,FALSE,0.451,NA,23,28,NA,NA,NA,IGR,FALSE,FALSE,FALSE,TRUE,2,2,0,2_0,e5c89fcf-cc57-4fad-a138-ea47ee9ea225,NA
3,89250029,89250029,1,snv_mnv,NA,NA,"broad,dkfz,muse,sanger",4,COSN9895426,NA,MER6,FALSE,0.3,NA,9,21,NA,NA,NA,Intron,FALSE,FALSE,FALSE,FALSE,2,2,0,2_0,e5c89fcf-cc57-4fad-a138-ea47ee9ea225,NA
3,89275052,89275052,1,snv_mnv,NA,NA,"broad,dkfz,muse,sanger",4,COSN15585014,NA,Tigger15a,FALSE,0.2941,NA,10,24,NA,NA,NA,Intron,FALSE,FALSE,FALSE,FALSE,2,2,0,2_0,e5c89fcf-cc57-4fad-a138-ea47ee9ea225,NA
3,89356560,89356560,1,snv_mnv,NA,NA,"broad,dkfz,muse,sanger",4,COSN9895475,NA,NA,FALSE,0.3488,NA,15,28,NA,NA,NA,Intron,FALSE,FALSE,FALSE,FALSE,2,2,0,2_0,e5c89fcf-cc57-4fad-a138-ea47ee9ea225,NA
3,89376134,89376134,1,snv_mnv,NA,NA,"broad,dkfz,muse,sanger",4,COSN9895483,NA,NA,FALSE,0.25,NA,13,39,NA,NA,NA,Intron,FALSE,FALSE,FALSE,FALSE,2,2,0,2_0,e5c89fcf-cc57-4fad-a138-ea47ee9ea225,NA
3,90346309,90346309,1,snv_mnv,1.9968e-4,rs551865744,"broad,muse",2,COSN9895762,rs551865744,ALR/Alpha,FALSE,0.4419,NA,19,24,NA,NA,NA,IGR,FALSE,FALSE,FALSE,FALSE,2,2,0,2_0,e5c89fcf-cc57-4fad-a138-ea47ee9ea225,NA
3,94631181,94631181,1,snv_mnv,NA,NA,"broad,dkfz,muse,sanger",4,COSN9896072,NA,NA,FALSE,0.2059,NA,14,54,NA,NA,NA,IGR,FALSE,FALSE,FALSE,FALSE,4,2,2,2_2,e5c89fcf-cc57-4fad-a138-ea47ee9ea225,NA
3,94742851,94742851,1,snv_mnv,NA,NA,"broad,dkfz,muse,sanger",4,COSN9896096,NA,Tigger1,FALSE,0.3636,NA,12,21,NA,NA,NA,IGR,FALSE,FALSE,FALSE,FALSE,2,2,0,2_0,e5c89fcf-cc57-4fad-a138-ea47ee9ea225,NA
3,95352497,95352497,1,snv_mnv,NA,NA,"broad,dkfz,muse,sanger",4,COSN9896223,NA,NA,FALSE,0.4167,NA,20,28,NA,NA,NA,IGR,FALSE,FALSE,FALSE,FALSE,2,2,0,2_0,e5c89fcf-cc57-4fad-a138-ea47ee9ea225,NA
3,95659606,95659606,1,snv_mnv,NA,NA,"broad,dkfz,muse,sanger",4,COSN9896288,NA,L1MA3,FALSE,0.25,NA,17,51,NA,NA,NA,IGR,FALSE,FALSE,FALSE,FALSE,4,2,2,2_2,e5c89fcf-cc57-4fad-a138-ea47ee9ea225,NA
3,95818239,95818239,1,snv_mnv,NA,NA,"broad,dkfz,muse,sanger",4,COSN9896328,NA,NA,FALSE,0.2414,NA,14,44,NA,NA,NA,IGR,FALSE,FALSE,FALSE,FALSE,4,2,2,2_2,e5c89fcf-cc57-4fad-a138-ea47ee9ea225,NA
3,95878647,95878647,1,snv_mnv,NA,NA,"broad,dkfz,muse,sanger",4,COSN9896354,NA,L1PA12,FALSE,0.2258,NA,14,48,NA,NA,NA,IGR,FALSE,FALSE,FALSE,FALSE,4,2,2,2_2,e5c89fcf-cc57-4fad-a138-ea47ee9ea225,NA
3,95878648,95878648,1,snv_mnv,NA,NA,"broad,dkfz,muse,sanger",4,COSN9896355,NA,L1PA12,FALSE,0.2131,NA,13,48,NA,NA,NA,IGR,FALSE,FALSE,FALSE,FALSE,4,2,2,2_2,e5c89fcf-cc57-4fad-a138-ea47ee9ea225,NA
3,96294625,96294625,1,snv_mnv,NA,NA,"broad,dkfz,muse,sanger",4,COSN9896491,NA,L1PA7,FALSE,0.375,NA,15,25,NA,NA,NA,IGR,FALSE,FALSE,FALSE,FALSE,4,2,2,2_2,e5c89fcf-cc57-4fad-a138-ea47ee9ea225,NA
3,96427373,96427373,1,snv_mnv,NA,NA,"broad,dkfz,muse,sanger",4,COSN9896537,NA,NA,FALSE,0.2903,NA,18,44,NA,NA,NA,IGR,FALSE,FALSE,FALSE,FALSE,4,2,2,2_2,e5c89fcf-cc57-4fad-a138-ea47ee9ea225,NA
3,96487674,96487674,1,snv_mnv,NA,NA,"broad,dkfz,muse,sanger",4,COSN9896555,NA,L1M4b,FALSE,0.3387,NA,21,41,NA,NA,NA,IGR,FALSE,FALSE,FALSE,FALSE,4,2,2,2_2,e5c89fcf-cc57-4fad-a138-ea47ee9ea225,NA
3,96664437,96664437,1,snv_mnv,NA,NA,"broad,dkfz,muse,sanger",4,COSN9896602,NA,MIRb,FALSE,0.3214,NA,18,38,NA,NA,NA,Intron,FALSE,FALSE,FALSE,FALSE,4,2,2,2_2,e5c89fcf-cc57-4fad-a138-ea47ee9ea225,NA
3,96720598,96720598,1,snv_mnv,NA,NA,"broad,dkfz,muse,sanger",4,COSN9896616,NA,NA,FALSE,0.2958,NA,21,50,NA,NA,NA,Intron,FALSE,FALSE,FALSE,FALSE,4,2,2,2_2,e5c89fcf-cc57-4fad-a138-ea47ee9ea225,NA
3,97099864,97099864,1,snv_mnv,NA,NA,"broad,dkfz,muse,sanger",4,COSN9896707,NA,NA,FALSE,0.2647,NA,18,50,NA,NA,NA,Intron,FALSE,FALSE,FALSE,FALSE,4,2,2,2_2,e5c89fcf-cc57-4fad-a138-ea47ee9ea225,NA
3,98877142,98877142,1,snv_mnv,NA,NA,"broad,dkfz,muse,sanger",4,COSN9897044,NA,THE1B,FALSE,0.2034,NA,12,47,NA,NA,NA,IGR,FALSE,FALSE,FALSE,FALSE,4,2,2,2_2,e5c89fcf-cc57-4fad-a138-ea47ee9ea225,NA
3,98959024,98959024,1,snv_mnv,NA,NA,"broad,dkfz,muse,sanger",4,COSN9897057,NA,NA,FALSE,0.2432,NA,18,56,NA,NA,NA,IGR,FALSE,FALSE,FALSE,FALSE,4,2,2,2_2,e5c89fcf-cc57-4fad-a138-ea47ee9ea225,NA
3,100822304,100822304,1,snv_mnv,NA,NA,"broad,dkfz,muse,sanger",4,COSN9732128,NA,NA,FALSE,0.3,NA,24,56,NA,NA,NA,IGR,FALSE,FALSE,FALSE,FALSE,4,2,2,2_2,e5c89fcf-cc57-4fad-a138-ea47ee9ea225,NA
3,101484796,101484796,1,snv_mnv,NA,NA,"broad,dkfz,muse,sanger",4,COSN9732216,NA,NA,FALSE,0.3273,NA,18,37,NA,NA,NA,3'UTR,FALSE,FALSE,FALSE,FALSE,4,2,2,2_2,e5c89fcf-cc57-4fad-a138-ea47ee9ea225,CEP97
3,102019850,102019850,1,snv_mnv,NA,NA,"broad,dkfz,muse,sanger",4,COSN9732298,NA,MER5A,FALSE,0.2836,NA,19,48,NA,NA,NA,Intron,FALSE,FALSE,FALSE,FALSE,4,2,2,2_2,e5c89fcf-cc57-4fad-a138-ea47ee9ea225,ZPLD1
3,102021305,102021305,1,snv_mnv,NA,NA,"broad,dkfz,muse,sanger",4,COSN9732299,NA,NA,FALSE,0.3409,NA,15,29,NA,NA,NA,Intron,FALSE,FALSE,FALSE,FALSE,4,2,2,2_2,e5c89fcf-cc57-4fad-a138-ea47ee9ea225,ZPLD1
3,102393934,102393934,1,snv_mnv,NA,NA,"broad,dkfz,muse,sanger",4,COSN9732367,NA,NA,FALSE,0.2182,NA,12,43,NA,NA,NA,lincRNA,FALSE,FALSE,FALSE,FALSE,4,2,2,2_2,e5c89fcf-cc57-4fad-a138-ea47ee9ea225,AC108748.1
3,103401775,103401775,1,snv_mnv,NA,NA,"broad,dkfz,muse,sanger",4,COSN9732556,NA,L1ME3D,FALSE,0.3158,NA,24,52,NA,NA,NA,IGR,FALSE,FALSE,FALSE,FALSE,4,2,2,2_2,e5c89fcf-cc57-4fad-a138-ea47ee9ea225,NA
3,103500495,103500495,1,snv_mnv,NA,NA,"broad,dkfz,muse,sanger",4,COSN9732592,NA,NA,FALSE,0.2381,NA,15,48,NA,NA,NA,IGR,FALSE,FALSE,FALSE,FALSE,4,2,2,2_2,e5c89fcf-cc57-4fad-a138-ea47ee9ea225,NA
3,103807737,103807737,1,snv_mnv,NA,NA,"broad,dkfz,muse,sanger",4,COSN15584998,NA,NA,FALSE,0.1818,NA,12,54,NA,NA,NA,IGR,FALSE,FALSE,FALSE,FALSE,4,2,2,2_2,e5c89fcf-cc57-4fad-a138-ea47ee9ea225,NA
3,103969671,103969671,1,snv_mnv,NA,NA,"broad,dkfz,muse,sanger",4,COSN9732703,NA,NA,FALSE,0.25,NA,16,48,NA,NA,NA,IGR,FALSE,FALSE,FALSE,FALSE,4,2,2,2_2,e5c89fcf-cc57-4fad-a138-ea47ee9ea225,NA
3,104120178,104120178,1,snv_mnv,NA,NA,"broad,dkfz,muse,sanger",4,COSN9732749,NA,L1PREC2,FALSE,0.1932,NA,17,71,NA,NA,NA,IGR,FALSE,FALSE,FALSE,FALSE,4,2,2,2_2,e5c89fcf-cc57-4fad-a138-ea47ee9ea225,NA
3,104255960,104255960,1,snv_mnv,NA,NA,"broad,dkfz,muse,sanger",4,COSN9732794,NA,L1PA13,FALSE,0.2456,NA,14,43,NA,NA,NA,IGR,FALSE,FALSE,FALSE,FALSE,4,2,2,2_2,e5c89fcf-cc57-4fad-a138-ea47ee9ea225,NA
3,104426389,104426389,1,snv_mnv,NA,NA,"broad,dkfz,muse,sanger",4,COSN9732817,NA,NA,FALSE,0.2174,NA,15,54,NA,NA,NA,IGR,FALSE,FALSE,FALSE,FALSE,4,2,2,2_2,e5c89fcf-cc57-4fad-a138-ea47ee9ea225,NA
3,104687138,104687138,1,snv_mnv,NA,NA,"broad,dkfz,muse,sanger",4,COSN9732873,NA,L1MA2,FALSE,0.3333,NA,20,40,NA,NA,NA,IGR,FALSE,FALSE,FALSE,FALSE,4,2,2,2_2,e5c89fcf-cc57-4fad-a138-ea47ee9ea225,NA
3,106262833,106262833,1,snv_mnv,NA,NA,"broad,dkfz,muse,sanger",4,COSN9733123,NA,HERV35I-int,FALSE,0.2381,NA,15,48,NA,NA,NA,IGR,FALSE,FALSE,FALSE,FALSE,4,2,2,2_2,e5c89fcf-cc57-4fad-a138-ea47ee9ea225,NA
3,106624717,106624717,1,snv_mnv,NA,NA,"broad,dkfz,muse,sanger",4,COSN15584834,NA,NA,FALSE,0.26,NA,13,37,NA,NA,NA,lincRNA,FALSE,FALSE,FALSE,FALSE,4,2,2,2_2,e5c89fcf-cc57-4fad-a138-ea47ee9ea225,"MTCO1P35,MTND1P16,MTND2P14"
3,107975922,107975922,1,snv_mnv,NA,NA,"broad,dkfz,muse,sanger",4,COSN9733398,NA,NA,FALSE,0.2892,NA,24,59,NA,NA,NA,IGR,FALSE,FALSE,FALSE,FALSE,4,2,2,2_2,e5c89fcf-cc57-4fad-a138-ea47ee9ea225,NA
3,108295164,108295164,1,snv_mnv,NA,NA,"broad,dkfz,muse,sanger",4,COSM4152605,NA,NA,FALSE,0.2857,NA,14,35,NA,NA,NA,Missense_Mutation,FALSE,FALSE,FALSE,FALSE,4,2,2,2_2,e5c89fcf-cc57-4fad-a138-ea47ee9ea225,"RF00156,AC069499.2"
3,110415388,110415388,1,snv_mnv,NA,NA,"broad,dkfz,muse,sanger",4,COSN9733818,NA,L1PB4,FALSE,0.2029,NA,14,55,NA,NA,NA,IGR,FALSE,FALSE,FALSE,FALSE,4,2,2,2_2,e5c89fcf-cc57-4fad-a138-ea47ee9ea225,NA
3,111962780,111962780,1,snv_mnv,NA,NA,"broad,dkfz,muse,sanger",4,COSN9734023,NA,NA,FALSE,0.2593,NA,14,40,NA,NA,NA,Intron,FALSE,FALSE,FALSE,FALSE,4,2,2,2_2,e5c89fcf-cc57-4fad-a138-ea47ee9ea225,NA
3,114197776,114197776,1,snv_mnv,NA,NA,"broad,dkfz,muse,sanger",4,COSN9734317,NA,NA,FALSE,0.3191,NA,15,32,NA,NA,NA,Intron,FALSE,FALSE,FALSE,FALSE,4,2,2,2_2,e5c89fcf-cc57-4fad-a138-ea47ee9ea225,NA
3,114197777,114197777,1,snv_mnv,NA,NA,"broad,dkfz,muse,sanger",4,COSN9734318,NA,NA,FALSE,0.3261,NA,15,31,NA,NA,NA,Intron,FALSE,FALSE,FALSE,FALSE,4,2,2,2_2,e5c89fcf-cc57-4fad-a138-ea47ee9ea225,NA
3,115635314,115635314,1,snv_mnv,NA,NA,"broad,dkfz,muse,sanger",4,COSN9734533,NA,NA,FALSE,0.3125,NA,20,44,NA,NA,NA,Intron,FALSE,FALSE,FALSE,FALSE,4,2,2,2_2,e5c89fcf-cc57-4fad-a138-ea47ee9ea225,NA
3,115822793,115822793,1,snv_mnv,NA,NA,"broad,dkfz,muse,sanger",4,COSN9734588,NA,NA,FALSE,0.24,NA,18,57,NA,NA,NA,Intron,FALSE,FALSE,FALSE,FALSE,4,2,2,2_2,e5c89fcf-cc57-4fad-a138-ea47ee9ea225,NA
3,116005446,116005446,1,snv_mnv,NA,NA,"broad,dkfz,muse,sanger",4,COSN9734636,NA,NA,FALSE,0.2833,NA,17,43,NA,NA,NA,Intron,FALSE,FALSE,FALSE,FALSE,4,2,2,2_2,e5c89fcf-cc57-4fad-a138-ea47ee9ea225,NA
3,116649284,116649284,1,snv_mnv,NA,NA,"broad,dkfz,muse,sanger",4,COSN9734830,NA,NA,FALSE,0.2931,NA,17,41,NA,NA,NA,Intron,FALSE,FALSE,FALSE,FALSE,4,2,2,2_2,e5c89fcf-cc57-4fad-a138-ea47ee9ea225,NA
3,117552346,117552346,1,snv_mnv,NA,NA,"broad,dkfz,muse,sanger",4,COSN9735043,NA,MER124,FALSE,0.2651,NA,22,61,NA,NA,NA,Intron,FALSE,FALSE,FALSE,FALSE,4,2,2,2_2,e5c89fcf-cc57-4fad-a138-ea47ee9ea225,NA
3,117584381,117584381,1,snv_mnv,NA,NA,"broad,dkfz,muse,sanger",4,COSN9735050,NA,NA,FALSE,0.3607,NA,22,39,NA,NA,NA,Intron,FALSE,FALSE,FALSE,FALSE,4,2,2,2_2,e5c89fcf-cc57-4fad-a138-ea47ee9ea225,NA
3,118388635,118388635,1,snv_mnv,NA,NA,"broad,dkfz,muse,sanger",4,COSN9735243,NA,NA,FALSE,0.2593,NA,14,40,NA,NA,NA,IGR,FALSE,FALSE,FALSE,FALSE,4,2,2,2_2,e5c89fcf-cc57-4fad-a138-ea47ee9ea225,NA
3,118641817,118641817,1,snv_mnv,NA,NA,"broad,dkfz,muse,sanger",4,COSN9735282,NA,MER70A,FALSE,0.3158,NA,18,39,NA,NA,NA,Intron,FALSE,FALSE,FALSE,FALSE,4,2,2,2_2,e5c89fcf-cc57-4fad-a138-ea47ee9ea225,IGSF11
3,121045473,121045473,1,snv_mnv,NA,NA,"broad,dkfz,muse,sanger",4,COSN9735627,NA,MIRb,FALSE,0.3623,NA,25,44,NA,NA,NA,Intron,FALSE,FALSE,FALSE,FALSE,4,2,2,2_2,e5c89fcf-cc57-4fad-a138-ea47ee9ea225,NA
3,121308139,121308139,1,snv_mnv,NA,NA,"broad,muse,sanger",3,COSN9735659,NA,L1M4,FALSE,0.2857,NA,14,35,NA,NA,NA,IGR,FALSE,FALSE,FALSE,FALSE,4,2,2,2_2,e5c89fcf-cc57-4fad-a138-ea47ee9ea225,"ARGFX,FBXO40"
3,121441430,121441430,1,snv_mnv,NA,NA,"broad,dkfz,muse,sanger",4,COSN9735674,NA,NA,FALSE,0.2667,NA,16,44,NA,NA,NA,Intron,FALSE,FALSE,FALSE,FALSE,4,2,2,2_2,e5c89fcf-cc57-4fad-a138-ea47ee9ea225,NA
3,123073542,123073542,1,snv_mnv,NA,NA,"broad,dkfz,muse,sanger",4,COSN9735839,NA,NA,FALSE,0.2292,NA,11,37,NA,NA,NA,Intron,FALSE,FALSE,FALSE,FALSE,4,2,2,2_2,e5c89fcf-cc57-4fad-a138-ea47ee9ea225,NA
3,123963369,123963369,1,snv_mnv,NA,NA,"broad,dkfz,muse,sanger",4,COSN9735953,rs747664497,AluSq2,FALSE,0.2821,NA,11,28,NA,NA,NA,Intron,FALSE,FALSE,FALSE,FALSE,4,2,2,2_2,e5c89fcf-cc57-4fad-a138-ea47ee9ea225,NA
3,124198019,124198019,1,snv_mnv,NA,NA,"broad,dkfz,muse,sanger",4,COSN9735984,NA,NA,FALSE,0.3265,NA,16,33,NA,NA,NA,Intron,FALSE,FALSE,FALSE,FALSE,4,2,2,2_2,e5c89fcf-cc57-4fad-a138-ea47ee9ea225,NA
3,126300482,126300482,1,snv_mnv,NA,NA,"broad,dkfz,muse,sanger",4,COSN9736246,NA,L1MEg,FALSE,0.3103,NA,18,40,NA,NA,NA,Intron,FALSE,FALSE,FALSE,FALSE,4,2,2,2_2,e5c89fcf-cc57-4fad-a138-ea47ee9ea225,NA
3,126884726,126884726,1,snv_mnv,NA,NA,"broad,dkfz,muse,sanger",4,COSN9736324,NA,L1MB3,FALSE,0.2353,NA,12,39,NA,NA,NA,IGR,FALSE,FALSE,FALSE,FALSE,4,2,2,2_2,e5c89fcf-cc57-4fad-a138-ea47ee9ea225,NA
3,127685076,127685076,1,snv_mnv,NA,NA,"broad,dkfz,muse,sanger",4,COSN9736443,NA,HAL1,FALSE,0.3167,NA,19,41,NA,NA,NA,Intron,FALSE,FALSE,FALSE,FALSE,4,2,2,2_2,e5c89fcf-cc57-4fad-a138-ea47ee9ea225,RNA5SP139
3,127886267,127886267,1,snv_mnv,NA,NA,"broad,dkfz,muse,sanger",4,COSN9736467,NA,NA,FALSE,0.2115,NA,11,41,NA,NA,NA,Intron,FALSE,FALSE,FALSE,FALSE,4,2,2,2_2,e5c89fcf-cc57-4fad-a138-ea47ee9ea225,NA
3,130333758,130333758,1,snv_mnv,NA,NA,"broad,dkfz,muse,sanger",4,COSN9756561,NA,L1PREC2,FALSE,0.2667,NA,20,55,NA,NA,NA,Intron,FALSE,FALSE,FALSE,FALSE,4,2,2,2_2,e5c89fcf-cc57-4fad-a138-ea47ee9ea225,NA
3,130343335,130343335,1,snv_mnv,NA,NA,"broad,dkfz,muse,sanger",4,COSN9756563,NA,NA,FALSE,0.2759,NA,16,42,NA,NA,NA,Intron,FALSE,FALSE,FALSE,FALSE,4,2,2,2_2,e5c89fcf-cc57-4fad-a138-ea47ee9ea225,NA
3,131460004,131460004,1,snv_mnv,NA,NA,"broad,dkfz,muse,sanger",4,COSN9756711,NA,L2a,FALSE,0.2055,NA,15,58,NA,NA,NA,Intron,FALSE,FALSE,FALSE,FALSE,4,2,2,2_2,e5c89fcf-cc57-4fad-a138-ea47ee9ea225,NA
3,131834026,131834026,1,snv_mnv,NA,NA,"broad,dkfz,muse,sanger",4,COSN9756793,NA,L1PA16,FALSE,0.2667,NA,12,33,NA,NA,NA,Intron,FALSE,FALSE,FALSE,FALSE,4,2,2,2_2,e5c89fcf-cc57-4fad-a138-ea47ee9ea225,NA
3,133396450,133396450,1,snv_mnv,NA,NA,"broad,dkfz,muse,sanger",4,COSN9757053,NA,AluSg4,FALSE,0.3,NA,9,21,NA,NA,NA,RNA,FALSE,FALSE,FALSE,FALSE,4,2,2,2_2,e5c89fcf-cc57-4fad-a138-ea47ee9ea225,NA
3,133507757,133507757,1,snv_mnv,NA,NA,"broad,dkfz,muse,sanger",4,COSN15585256,NA,MER51-int,FALSE,0.2093,NA,9,34,NA,NA,NA,Intron,FALSE,FALSE,FALSE,FALSE,4,2,2,2_2,e5c89fcf-cc57-4fad-a138-ea47ee9ea225,NA
3,135312163,135312163,1,snv_mnv,NA,NA,"broad,dkfz,muse,sanger",4,COSN9757336,NA,L1PA8,FALSE,0.3448,NA,20,38,NA,NA,NA,IGR,FALSE,FALSE,FALSE,FALSE,4,2,2,2_2,e5c89fcf-cc57-4fad-a138-ea47ee9ea225,NA
3,136285261,136285261,1,snv_mnv,NA,NA,"broad,dkfz,muse,sanger",4,COSN15585236,NA,MLT1A0,FALSE,0.2439,NA,10,31,NA,NA,NA,Intron,FALSE,FALSE,FALSE,FALSE,4,2,2,2_2,e5c89fcf-cc57-4fad-a138-ea47ee9ea225,NA
3,137235724,137235724,1,snv_mnv,NA,NA,"broad,dkfz,muse,sanger",4,COSN9757607,NA,NA,FALSE,0.2692,NA,14,38,NA,NA,NA,RNA,FALSE,FALSE,FALSE,FALSE,4,2,2,2_2,e5c89fcf-cc57-4fad-a138-ea47ee9ea225,RNA5SP142
3,137559050,137559050,1,snv_mnv,NA,NA,"broad,dkfz,muse,sanger",4,COSN9757671,NA,MER2,FALSE,0.2353,NA,16,52,NA,NA,NA,IGR,FALSE,FALSE,FALSE,FALSE,4,2,2,2_2,e5c89fcf-cc57-4fad-a138-ea47ee9ea225,NA
3,137871417,137871417,1,snv_mnv,NA,NA,"broad,dkfz,muse,sanger",4,COSN15584703,NA,NA,FALSE,0.25,NA,12,36,NA,NA,NA,IGR,FALSE,FALSE,FALSE,FALSE,4,2,2,2_2,e5c89fcf-cc57-4fad-a138-ea47ee9ea225,NA
3,139667798,139667798,1,snv_mnv,NA,NA,"broad,dkfz,muse,sanger",4,COSN9757954,NA,NA,FALSE,0.2727,NA,12,32,NA,NA,NA,Intron,FALSE,FALSE,FALSE,FALSE,4,2,2,2_2,e5c89fcf-cc57-4fad-a138-ea47ee9ea225,NA
3,140172547,140172547,1,snv_mnv,NA,NA,"broad,dkfz,muse,sanger",4,COSN15585058,NA,L1MA6,FALSE,0.1781,NA,13,60,NA,NA,NA,Intron,FALSE,FALSE,FALSE,FALSE,4,2,2,2_2,e5c89fcf-cc57-4fad-a138-ea47ee9ea225,NA
3,140203961,140203961,1,snv_mnv,NA,NA,"broad,dkfz,muse,sanger",4,COSN9758047,NA,L1PA4,FALSE,0.2766,NA,13,34,NA,NA,NA,Intron,FALSE,FALSE,FALSE,FALSE,4,2,2,2_2,e5c89fcf-cc57-4fad-a138-ea47ee9ea225,NA
3,141010575,141010575,1,snv_mnv,NA,NA,"broad,dkfz,muse,sanger",4,COSN9758158,NA,NA,FALSE,0.2222,NA,8,28,NA,NA,NA,Intron,FALSE,FALSE,FALSE,FALSE,4,2,2,2_2,e5c89fcf-cc57-4fad-a138-ea47ee9ea225,PXYLP1
3,142252144,142252144,1,snv_mnv,NA,NA,"broad,dkfz,muse,sanger",4,COSN9758318,NA,MER3,FALSE,0.2041,NA,10,39,NA,NA,NA,Intron,FALSE,FALSE,FALSE,FALSE,4,2,2,2_2,e5c89fcf-cc57-4fad-a138-ea47ee9ea225,NA
3,143792891,143792891,1,snv_mnv,NA,NA,"broad,dkfz,muse,sanger",4,COSN9758528,NA,NA,FALSE,0.3443,NA,21,40,NA,NA,NA,IGR,FALSE,FALSE,FALSE,FALSE,4,2,2,2_2,e5c89fcf-cc57-4fad-a138-ea47ee9ea225,NA
3,143810857,143810857,1,snv_mnv,NA,NA,"broad,dkfz,muse,sanger",4,COSN9758533,NA,NA,FALSE,0.3284,NA,22,45,NA,NA,NA,IGR,FALSE,FALSE,FALSE,FALSE,4,2,2,2_2,e5c89fcf-cc57-4fad-a138-ea47ee9ea225,NA
3,144141307,144141307,1,snv_mnv,NA,NA,"broad,dkfz,muse,sanger",4,COSN9758587,NA,AluSq,FALSE,0.3404,NA,16,31,NA,NA,NA,IGR,FALSE,FALSE,FALSE,FALSE,4,2,2,2_2,e5c89fcf-cc57-4fad-a138-ea47ee9ea225,NA
3,144720750,144720750,1,snv_mnv,NA,NA,"broad,dkfz,muse,sanger",4,COSN9758724,NA,MSTB,FALSE,0.3582,NA,24,43,NA,NA,NA,IGR,FALSE,FALSE,FALSE,FALSE,4,2,2,2_2,e5c89fcf-cc57-4fad-a138-ea47ee9ea225,NA
3,146759582,146759582,1,snv_mnv,NA,NA,"broad,dkfz,muse,sanger",4,COSN9759121,NA,NA,FALSE,0.2,NA,15,60,NA,NA,NA,RNA,FALSE,FALSE,FALSE,FALSE,4,2,2,2_2,e5c89fcf-cc57-4fad-a138-ea47ee9ea225,NA
3,146894737,146894737,1,snv_mnv,NA,NA,"broad,dkfz,muse,sanger",4,COSN9759171,NA,L1PBa,FALSE,0.2787,NA,17,44,NA,NA,NA,RNA,FALSE,FALSE,FALSE,FALSE,4,2,2,2_2,e5c89fcf-cc57-4fad-a138-ea47ee9ea225,NA
3,147020220,147020220,1,snv_mnv,NA,NA,"broad,dkfz,muse,sanger",4,COSN9759206,NA,NA,FALSE,0.2414,NA,21,66,NA,NA,NA,RNA,FALSE,FALSE,FALSE,FALSE,4,2,2,2_2,e5c89fcf-cc57-4fad-a138-ea47ee9ea225,NA
3,147769626,147769626,1,snv_mnv,NA,NA,"broad,dkfz,muse,sanger",4,COSN9759393,NA,L1MC1,FALSE,0.3051,NA,18,41,NA,NA,NA,IGR,FALSE,FALSE,FALSE,FALSE,4,2,2,2_2,e5c89fcf-cc57-4fad-a138-ea47ee9ea225,NA
3,147887827,147887827,1,snv_mnv,NA,NA,"broad,dkfz,muse,sanger",4,COSN9759428,NA,NA,FALSE,0.2979,NA,14,33,NA,NA,NA,lincRNA,FALSE,FALSE,FALSE,FALSE,4,2,2,2_2,e5c89fcf-cc57-4fad-a138-ea47ee9ea225,HNRNPA1P20
3,149825512,149825512,1,snv_mnv,NA,NA,"broad,dkfz,muse,sanger",4,COSN9759730,NA,NA,FALSE,0.2653,NA,13,36,NA,NA,NA,RNA,FALSE,FALSE,FALSE,FALSE,4,2,2,2_2,e5c89fcf-cc57-4fad-a138-ea47ee9ea225,NA
3,150057254,150057254,1,snv_mnv,NA,NA,"broad,dkfz,muse,sanger",4,COSN15585120,NA,L1ME1,FALSE,0.25,NA,14,42,NA,NA,NA,IGR,FALSE,FALSE,FALSE,FALSE,4,2,2,2_2,e5c89fcf-cc57-4fad-a138-ea47ee9ea225,NA
3,151162878,151162878,1,snv_mnv,NA,NA,"broad,dkfz,muse,sanger",4,COSM4152992,NA,NA,FALSE,0.2115,NA,11,41,NA,NA,NA,Missense_Mutation,FALSE,FALSE,FALSE,FALSE,4,2,2,2_2,e5c89fcf-cc57-4fad-a138-ea47ee9ea225,IGSF10
3,151165860,151165860,1,snv_mnv,NA,NA,"broad,muse",2,COSM3003713,NA,NA,FALSE,0.0755,NA,4,49,NA,NA,NA,Missense_Mutation,FALSE,FALSE,FALSE,FALSE,4,2,2,2_2,e5c89fcf-cc57-4fad-a138-ea47ee9ea225,IGSF10
3,151713612,151713612,1,snv_mnv,NA,NA,"broad,dkfz,muse,sanger",4,COSN9760001,NA,NA,FALSE,0.2373,NA,14,45,NA,NA,NA,IGR,FALSE,FALSE,FALSE,FALSE,4,2,2,2_2,e5c89fcf-cc57-4fad-a138-ea47ee9ea225,NA
3,151877638,151877638,1,snv_mnv,1.9968e-4,rs539884977,"broad,dkfz,muse,sanger",4,COSN15585004,rs539884977,NA,FALSE,0.2353,NA,16,52,NA,NA,NA,IGR,FALSE,FALSE,FALSE,FALSE,4,2,2,2_2,e5c89fcf-cc57-4fad-a138-ea47ee9ea225,NA
3,152449951,152449951,1,snv_mnv,NA,NA,"broad,dkfz,muse,sanger",4,COSN9760134,NA,NA,FALSE,0.3038,NA,24,55,NA,NA,NA,IGR,FALSE,FALSE,FALSE,FALSE,4,2,2,2_2,e5c89fcf-cc57-4fad-a138-ea47ee9ea225,NA
3,152510944,152510944,1,snv_mnv,NA,NA,"broad,dkfz,muse,sanger",4,COSN9760148,NA,NA,FALSE,0.3333,NA,19,38,NA,NA,NA,IGR,FALSE,FALSE,FALSE,FALSE,4,2,2,2_2,e5c89fcf-cc57-4fad-a138-ea47ee9ea225,NA
3,153275196,153275196,1,snv_mnv,NA,NA,"broad,dkfz,muse,sanger",4,COSN9760309,NA,L1PA10,FALSE,0.2537,NA,17,50,NA,NA,NA,RNA,FALSE,FALSE,FALSE,FALSE,4,2,2,2_2,e5c89fcf-cc57-4fad-a138-ea47ee9ea225,NA
3,154089878,154089878,1,snv_mnv,NA,NA,"broad,dkfz,muse,sanger",4,COSN6572100,NA,HERV30-int,FALSE,0.2895,NA,11,27,NA,NA,NA,Intron,FALSE,FALSE,FALSE,FALSE,4,2,2,2_2,e5c89fcf-cc57-4fad-a138-ea47ee9ea225,NA
3,154417517,154417517,1,snv_mnv,NA,NA,"broad,dkfz,muse,sanger",4,COSN9760580,NA,MER50,FALSE,0.2157,NA,11,40,NA,NA,NA,IGR,FALSE,FALSE,FALSE,FALSE,4,2,2,2_2,e5c89fcf-cc57-4fad-a138-ea47ee9ea225,NA
3,155091645,155091645,1,snv_mnv,NA,NA,"broad,dkfz,muse,sanger",4,COSN9760717,NA,NA,FALSE,0.25,NA,19,57,NA,NA,NA,IGR,FALSE,FALSE,FALSE,FALSE,4,2,2,2_2,e5c89fcf-cc57-4fad-a138-ea47ee9ea225,"AC108729.3,PLCH1"
3,156058454,156058454,1,snv_mnv,NA,NA,"broad,dkfz,muse",3,COSN9760856,NA,NA,FALSE,0.2857,NA,8,20,NA,NA,NA,Intron,FALSE,FALSE,FALSE,FALSE,4,2,2,2_2,e5c89fcf-cc57-4fad-a138-ea47ee9ea225,NA
3,156880257,156880257,1,snv_mnv,NA,NA,"broad,dkfz,muse,sanger",4,COSN9760959,NA,L1MC4a,FALSE,0.2333,NA,14,46,NA,NA,NA,5'Flank,FALSE,FALSE,FALSE,FALSE,4,2,2,2_2,e5c89fcf-cc57-4fad-a138-ea47ee9ea225,"CCNL1,KRT18P34,AC104411.1"
3,156941341,156941341,1,snv_mnv,NA,NA,"broad,dkfz,muse,sanger",4,COSN9760960,NA,MLT2B3,FALSE,0.3061,NA,15,34,NA,NA,NA,RNA,FALSE,FALSE,FALSE,FALSE,4,2,2,2_2,e5c89fcf-cc57-4fad-a138-ea47ee9ea225,NA
3,157543667,157543667,1,snv_mnv,NA,NA,"broad,dkfz,muse,sanger",4,COSN9761064,NA,NA,FALSE,0.1912,NA,13,55,NA,NA,NA,IGR,FALSE,FALSE,FALSE,FALSE,4,2,2,2_2,e5c89fcf-cc57-4fad-a138-ea47ee9ea225,NA
3,157543668,157543668,1,snv_mnv,NA,NA,"broad,dkfz,muse,sanger",4,COSN9761065,NA,NA,FALSE,0.2,NA,13,52,NA,NA,NA,IGR,FALSE,FALSE,FALSE,FALSE,4,2,2,2_2,e5c89fcf-cc57-4fad-a138-ea47ee9ea225,NA
3,158469164,158469164,1,snv_mnv,NA,NA,"broad,dkfz,muse,sanger",4,COSN9761218,NA,NA,FALSE,0.2,NA,10,40,NA,NA,NA,RNA,FALSE,FALSE,FALSE,FALSE,4,2,2,2_2,e5c89fcf-cc57-4fad-a138-ea47ee9ea225,NA
3,158507267,158507267,1,snv_mnv,NA,NA,"broad,dkfz,muse,sanger",4,COSN9761222,NA,NA,FALSE,0.2453,NA,13,40,NA,NA,NA,IGR,FALSE,FALSE,FALSE,FALSE,4,2,2,2_2,e5c89fcf-cc57-4fad-a138-ea47ee9ea225,NA
3,158711771,158711771,1,snv_mnv,NA,NA,"broad,dkfz,muse,sanger",4,COSN9761259,NA,NA,FALSE,0.2895,NA,22,54,NA,NA,NA,Intron,FALSE,FALSE,FALSE,FALSE,4,2,2,2_2,e5c89fcf-cc57-4fad-a138-ea47ee9ea225,NA
3,159153223,159153223,1,snv_mnv,NA,NA,"broad,dkfz,muse,sanger",4,COSN9761357,NA,NA,FALSE,0.2456,NA,14,43,NA,NA,NA,Intron,FALSE,FALSE,FALSE,FALSE,4,2,2,2_2,e5c89fcf-cc57-4fad-a138-ea47ee9ea225,NA
3,159712545,159712545,1,snv_mnv,NA,NA,"broad,dkfz,muse,sanger",4,COSN9761445,NA,MIR3,FALSE,0.2821,NA,11,28,NA,NA,NA,Intron,FALSE,FALSE,FALSE,FALSE,4,2,2,2_2,e5c89fcf-cc57-4fad-a138-ea47ee9ea225,"IL12A,IL12A-AS1"
3,160960024,160960024,1,snv_mnv,NA,NA,"broad,dkfz,muse,sanger",4,COSN9761602,NA,NA,FALSE,0.2353,NA,12,39,NA,NA,NA,Intron,FALSE,FALSE,FALSE,FALSE,4,2,2,2_2,e5c89fcf-cc57-4fad-a138-ea47ee9ea225,NMD3
3,161923271,161923271,1,snv_mnv,NA,NA,"broad,dkfz,muse,sanger",4,COSN9761851,NA,NA,FALSE,0.3034,NA,27,62,NA,NA,NA,IGR,FALSE,FALSE,FALSE,FALSE,4,2,2,2_2,e5c89fcf-cc57-4fad-a138-ea47ee9ea225,NA
3,161979689,161979689,1,snv_mnv,NA,NA,"broad,dkfz,muse,sanger",4,COSN9761875,NA,Tigger1,FALSE,0.3148,NA,17,37,NA,NA,NA,IGR,FALSE,FALSE,FALSE,FALSE,4,2,2,2_2,e5c89fcf-cc57-4fad-a138-ea47ee9ea225,NA
3,162931937,162931937,1,snv_mnv,NA,NA,"broad,dkfz,muse,sanger",4,COSN9762115,NA,L1MEd,FALSE,0.2414,NA,14,44,NA,NA,NA,lincRNA,FALSE,FALSE,FALSE,FALSE,4,2,2,2_2,e5c89fcf-cc57-4fad-a138-ea47ee9ea225,LINC01192
3,163540928,163540928,1,snv_mnv,NA,NA,"broad,dkfz,muse,sanger",4,COSN9762300,NA,NA,FALSE,0.2222,NA,8,28,NA,NA,NA,IGR,FALSE,FALSE,FALSE,FALSE,4,2,2,2_2,e5c89fcf-cc57-4fad-a138-ea47ee9ea225,NA
3,164536111,164536111,1,snv_mnv,NA,NA,"broad,dkfz,muse,sanger",4,COSN9762546,NA,LTR12D,FALSE,0.3095,NA,13,29,NA,NA,NA,lincRNA,FALSE,FALSE,FALSE,FALSE,4,2,2,2_2,e5c89fcf-cc57-4fad-a138-ea47ee9ea225,NA
3,165074271,165074271,1,snv_mnv,NA,NA,"broad,dkfz,muse,sanger",4,COSN9762674,NA,MLT1L,FALSE,0.4237,NA,25,34,NA,NA,NA,IGR,FALSE,FALSE,FALSE,FALSE,4,2,2,2_2,e5c89fcf-cc57-4fad-a138-ea47ee9ea225,NA
3,165322012,165322012,1,snv_mnv,NA,NA,"broad,dkfz,muse,sanger",4,COSN9762726,NA,L1PB,FALSE,0.3065,NA,19,43,NA,NA,NA,lincRNA,FALSE,FALSE,FALSE,FALSE,4,2,2,2_2,e5c89fcf-cc57-4fad-a138-ea47ee9ea225,NA
3,165745699,165745699,1,snv_mnv,NA,NA,"broad,dkfz,muse,sanger",4,COSN9762824,NA,NA,FALSE,0.3235,NA,22,46,NA,NA,NA,IGR,FALSE,FALSE,FALSE,FALSE,4,2,2,2_2,e5c89fcf-cc57-4fad-a138-ea47ee9ea225,NA
3,165840644,165840644,1,snv_mnv,NA,NA,"broad,dkfz,muse,sanger",4,COSN9762848,NA,NA,FALSE,0.2568,NA,19,55,NA,NA,NA,IGR,FALSE,FALSE,FALSE,FALSE,4,2,2,2_2,e5c89fcf-cc57-4fad-a138-ea47ee9ea225,NA
3,166202095,166202095,1,snv_mnv,NA,NA,"broad,dkfz,muse,sanger",4,COSN9762970,NA,L1MA2,FALSE,0.3333,NA,21,42,NA,NA,NA,IGR,FALSE,FALSE,FALSE,FALSE,3,2,1,2_1,e5c89fcf-cc57-4fad-a138-ea47ee9ea225,NA
3,167124139,167124139,1,snv_mnv,NA,NA,"broad,dkfz,muse,sanger",4,COSN9763160,NA,NA,FALSE,0.3333,NA,23,46,NA,NA,NA,lincRNA,FALSE,FALSE,FALSE,FALSE,3,2,1,2_1,e5c89fcf-cc57-4fad-a138-ea47ee9ea225,NA
3,168008201,168008201,1,snv_mnv,NA,NA,"broad,dkfz,muse,sanger",4,COSN9763320,NA,NA,FALSE,0.3898,NA,23,36,NA,NA,NA,lincRNA,FALSE,FALSE,FALSE,FALSE,3,2,1,2_1,e5c89fcf-cc57-4fad-a138-ea47ee9ea225,NA
3,168993686,168993686,1,snv_mnv,NA,NA,"broad,dkfz,muse,sanger",4,COSN9763499,NA,NA,FALSE,0.2642,NA,14,39,NA,NA,NA,Intron,FALSE,FALSE,FALSE,FALSE,3,2,1,2_1,e5c89fcf-cc57-4fad-a138-ea47ee9ea225,NA
3,171041234,171041234,1,snv_mnv,1.9968e-4,rs182016303,"broad,dkfz,muse,sanger",4,COSN9763764,rs182016303,NA,FALSE,0.2203,NA,13,46,NA,NA,NA,Intron,FALSE,FALSE,FALSE,FALSE,3,2,1,2_1,e5c89fcf-cc57-4fad-a138-ea47ee9ea225,NA
3,172918712,172918712,1,snv_mnv,NA,NA,"broad,dkfz,muse,sanger",4,COSN9764031,NA,MER31-int,FALSE,0.3148,NA,17,37,NA,NA,NA,lincRNA,FALSE,FALSE,FALSE,FALSE,3,2,1,2_1,e5c89fcf-cc57-4fad-a138-ea47ee9ea225,NA
3,174862338,174862338,1,snv_mnv,0.0011981,rs550011572,"broad,dkfz,muse,sanger",4,COSN9764288,rs550011572,L1ME4a,FALSE,0.3684,NA,21,36,NA,NA,NA,Intron,FALSE,FALSE,FALSE,FALSE,3,2,1,2_1,e5c89fcf-cc57-4fad-a138-ea47ee9ea225,NA
3,175548331,175548331,1,snv_mnv,NA,NA,"broad,dkfz,muse,sanger",4,COSN9764407,NA,HERVH-int,FALSE,0.2955,NA,13,31,NA,NA,NA,IGR,FALSE,FALSE,FALSE,FALSE,3,2,1,2_1,e5c89fcf-cc57-4fad-a138-ea47ee9ea225,NA
3,178783224,178783224,1,snv_mnv,NA,NA,"broad,dkfz,muse,sanger",4,COSN9764955,NA,NA,FALSE,0.3636,NA,16,28,NA,NA,NA,Intron,FALSE,FALSE,FALSE,FALSE,3,2,1,2_1,e5c89fcf-cc57-4fad-a138-ea47ee9ea225,NA
3,179145112,179145112,1,snv_mnv,NA,NA,"broad,dkfz,muse,sanger",4,COSN9765001,NA,AluSz6,FALSE,0.3429,NA,12,23,NA,NA,NA,Intron,FALSE,FALSE,FALSE,FALSE,3,2,1,2_1,e5c89fcf-cc57-4fad-a138-ea47ee9ea225,NA
3,179787534,179787534,1,snv_mnv,NA,NA,"broad,dkfz,muse,sanger",4,COSN9765118,NA,NA,FALSE,0.2321,NA,13,43,NA,NA,NA,IGR,FALSE,FALSE,FALSE,FALSE,3,2,1,2_1,e5c89fcf-cc57-4fad-a138-ea47ee9ea225,NA
3,179901600,179901600,1,snv_mnv,NA,NA,"broad,dkfz,muse,sanger",4,COSN9765141,NA,NA,FALSE,0.3462,NA,18,34,NA,NA,NA,IGR,FALSE,FALSE,FALSE,FALSE,3,2,1,2_1,e5c89fcf-cc57-4fad-a138-ea47ee9ea225,NA
3,180983241,180983241,1,snv_mnv,NA,NA,"broad,dkfz,muse,sanger",4,COSN9765366,NA,Charlie1a,FALSE,0.4133,NA,31,44,NA,NA,NA,IGR,FALSE,FALSE,FALSE,FALSE,3,2,1,2_1,e5c89fcf-cc57-4fad-a138-ea47ee9ea225,NA
3,180985738,180985738,1,snv_mnv,NA,NA,"broad,dkfz,muse,sanger",4,COSN9765367,NA,NA,FALSE,0.5,NA,17,17,NA,NA,NA,IGR,FALSE,FALSE,FALSE,FALSE,3,2,1,2_1,e5c89fcf-cc57-4fad-a138-ea47ee9ea225,NA
3,181003197,181003197,1,snv_mnv,NA,NA,"broad,dkfz,muse,sanger",4,COSN9765371,NA,NA,FALSE,0.2373,NA,14,45,NA,NA,NA,IGR,FALSE,FALSE,FALSE,FALSE,3,2,1,2_1,e5c89fcf-cc57-4fad-a138-ea47ee9ea225,NA
3,181222476,181222476,1,snv_mnv,NA,NA,"broad,dkfz,muse,sanger",4,COSN9765412,NA,NA,FALSE,0.254,NA,16,47,NA,NA,NA,IGR,FALSE,FALSE,FALSE,FALSE,3,2,1,2_1,e5c89fcf-cc57-4fad-a138-ea47ee9ea225,RPL7AP25
3,186577533,186577533,1,snv_mnv,NA,NA,"broad,dkfz,muse,sanger",4,COSN9766199,NA,NA,FALSE,0.2778,NA,15,39,NA,NA,NA,IGR,FALSE,FALSE,FALSE,FALSE,3,2,1,2_1,e5c89fcf-cc57-4fad-a138-ea47ee9ea225,"ADIPOQ,ADIPOQ-AS1"
3,187312952,187312952,1,snv_mnv,NA,NA,"broad,dkfz,muse,sanger",4,COSN9766307,NA,NA,FALSE,0.28,NA,7,18,NA,NA,NA,IGR,FALSE,FALSE,FALSE,FALSE,3,2,1,2_1,e5c89fcf-cc57-4fad-a138-ea47ee9ea225,NA
3,187638607,187638607,1,snv_mnv,NA,NA,"broad,dkfz,muse",3,COSN9766351,NA,MER103C,FALSE,0.4062,NA,13,19,NA,NA,NA,IGR,FALSE,FALSE,FALSE,FALSE,3,2,1,2_1,e5c89fcf-cc57-4fad-a138-ea47ee9ea225,NA
3,188967360,188967360,1,snv_mnv,NA,NA,"broad,dkfz,muse,sanger",4,COSN9717105,NA,L1M7,FALSE,0.3103,NA,18,40,NA,NA,NA,Intron,FALSE,FALSE,FALSE,FALSE,3,2,1,2_1,e5c89fcf-cc57-4fad-a138-ea47ee9ea225,NA
3,189646707,189646707,1,snv_mnv,NA,NA,"broad,dkfz,muse,sanger",4,COSN9717191,NA,NA,FALSE,0.2909,NA,16,39,NA,NA,NA,IGR,FALSE,FALSE,FALSE,FALSE,3,2,1,2_1,e5c89fcf-cc57-4fad-a138-ea47ee9ea225,NA
3,191036347,191036347,1,snv_mnv,NA,NA,"broad,dkfz,muse,sanger",4,COSN9717400,NA,AluSx3,FALSE,0.2619,NA,11,31,NA,NA,NA,Intron,FALSE,FALSE,FALSE,FALSE,3,2,1,2_1,e5c89fcf-cc57-4fad-a138-ea47ee9ea225,UTS2B
3,191301420,191301420,1,snv_mnv,NA,NA,"broad,dkfz,muse,sanger",4,COSN15585443,NA,NA,FALSE,0.2558,NA,11,32,NA,NA,NA,lincRNA,FALSE,FALSE,FALSE,FALSE,3,2,1,2_1,e5c89fcf-cc57-4fad-a138-ea47ee9ea225,NA
3,192820870,192820870,1,snv_mnv,3.9936e-4,rs183739220,"broad,dkfz,muse,sanger",4,COSN9717742,rs183739220,L1PA13,FALSE,0.3091,NA,17,38,NA,NA,NA,IGR,FALSE,FALSE,FALSE,FALSE,3,2,1,2_1,e5c89fcf-cc57-4fad-a138-ea47ee9ea225,NA
3,192982940,192982940,1,snv_mnv,NA,NA,"broad,dkfz,muse,sanger",4,COSN9717774,NA,L1MB8,FALSE,0.2292,NA,11,37,NA,NA,NA,Intron,FALSE,FALSE,FALSE,FALSE,3,2,1,2_1,e5c89fcf-cc57-4fad-a138-ea47ee9ea225,NA
3,194268409,194268409,1,snv_mnv,NA,NA,"broad,dkfz,muse,sanger",4,COSN9717965,NA,L1MC1,FALSE,0.3571,NA,15,27,NA,NA,NA,IGR,FALSE,FALSE,FALSE,FALSE,3,2,1,2_1,e5c89fcf-cc57-4fad-a138-ea47ee9ea225,NA
4,425990,425990,1,snv_mnv,NA,NA,"broad,dkfz,muse,sanger",4,COSN9790343,NA,AluYb8,FALSE,0.5,NA,9,9,NA,NA,NA,Intron,FALSE,FALSE,FALSE,FALSE,3,2,1,2_1,e5c89fcf-cc57-4fad-a138-ea47ee9ea225,"ABCA11P,ZNF721"
4,1724490,1724490,1,snv_mnv,NA,NA,"broad,dkfz,muse,sanger",4,COSN9890135,rs781055766,NA,FALSE,0.5652,NA,13,10,NA,NA,NA,Intron,FALSE,FALSE,FALSE,FALSE,3,2,1,2_1,e5c89fcf-cc57-4fad-a138-ea47ee9ea225,"TACC3,TMEM129"
4,4304215,4304215,1,snv_mnv,NA,NA,"broad,dkfz,muse,sanger",4,COSM4153478,NA,NA,FALSE,0.25,NA,11,33,NA,NA,NA,Missense_Mutation,FALSE,FALSE,FALSE,FALSE,3,2,1,2_1,e5c89fcf-cc57-4fad-a138-ea47ee9ea225,ZBTB49
4,4443390,4443390,1,snv_mnv,NA,NA,"broad,dkfz,muse,sanger",4,COSN9790825,NA,L1MC4a,FALSE,0.2941,NA,15,36,NA,NA,NA,Intron,FALSE,FALSE,FALSE,FALSE,3,2,1,2_1,e5c89fcf-cc57-4fad-a138-ea47ee9ea225,NA
4,8463621,8463621,1,snv_mnv,NA,NA,"broad,dkfz,muse,sanger",4,COSN10036247,NA,NA,FALSE,0.3878,NA,19,30,NA,NA,NA,Intron,FALSE,FALSE,FALSE,FALSE,3,2,1,2_1,e5c89fcf-cc57-4fad-a138-ea47ee9ea225,NA
4,9791266,9791266,1,snv_mnv,NA,NA,"broad,muse,sanger",3,COSN10038429,NA,NA,FALSE,0.2778,NA,15,39,NA,NA,NA,IGR,FALSE,FALSE,FALSE,FALSE,3,2,1,2_1,e5c89fcf-cc57-4fad-a138-ea47ee9ea225,RNA5SP154
4,11982744,11982744,1,snv_mnv,NA,NA,"broad,dkfz,muse,sanger",4,COSN9900508,NA,MER58A,FALSE,0.3167,NA,19,41,NA,NA,NA,IGR,FALSE,FALSE,FALSE,FALSE,3,2,1,2_1,e5c89fcf-cc57-4fad-a138-ea47ee9ea225,NA
4,12419374,12419374,1,snv_mnv,NA,NA,"broad,dkfz,muse,sanger",4,COSN9901171,NA,MIRc,FALSE,0.25,NA,12,36,NA,NA,NA,IGR,FALSE,FALSE,FALSE,FALSE,3,2,1,2_1,e5c89fcf-cc57-4fad-a138-ea47ee9ea225,NA
4,13868378,13868378,1,snv_mnv,NA,NA,"broad,dkfz,muse,sanger",4,COSN9904078,NA,MIR,FALSE,0.3214,NA,18,38,NA,NA,NA,lincRNA,FALSE,FALSE,FALSE,FALSE,3,2,1,2_1,e5c89fcf-cc57-4fad-a138-ea47ee9ea225,NA
4,14065425,14065425,1,snv_mnv,NA,NA,"broad,dkfz,muse,sanger",4,COSN9904421,NA,L1MC4,FALSE,0.3231,NA,21,44,NA,NA,NA,IGR,FALSE,FALSE,FALSE,FALSE,3,2,1,2_1,e5c89fcf-cc57-4fad-a138-ea47ee9ea225,NA
4,14779695,14779695,1,snv_mnv,NA,NA,"broad,dkfz,muse,sanger",4,COSN9885588,NA,NA,FALSE,0.36,NA,18,32,NA,NA,NA,lincRNA,FALSE,FALSE,FALSE,FALSE,3,2,1,2_1,e5c89fcf-cc57-4fad-a138-ea47ee9ea225,NA
4,16096264,16096264,1,snv_mnv,NA,NA,"broad,dkfz,muse,sanger",4,COSN9887624,NA,L1MA3,FALSE,0.2105,NA,12,45,NA,NA,NA,IGR,FALSE,FALSE,FALSE,FALSE,3,2,1,2_1,e5c89fcf-cc57-4fad-a138-ea47ee9ea225,NA
4,16735319,16735319,1,snv_mnv,NA,NA,"broad,dkfz,muse,sanger",4,COSN15584979,NA,NA,FALSE,0.2174,NA,10,36,NA,NA,NA,Intron,FALSE,FALSE,FALSE,FALSE,3,2,1,2_1,e5c89fcf-cc57-4fad-a138-ea47ee9ea225,NA
4,17481006,17481006,1,snv_mnv,NA,NA,"broad,dkfz,muse,sanger",4,COSN9890663,NA,NA,FALSE,0.2821,NA,11,28,NA,NA,NA,Intron,FALSE,FALSE,FALSE,FALSE,3,2,1,2_1,e5c89fcf-cc57-4fad-a138-ea47ee9ea225,NA
4,18058558,18058558,1,snv_mnv,NA,NA,"broad,dkfz,muse,sanger",4,COSN9892037,NA,NA,FALSE,0.3167,NA,19,41,NA,NA,NA,IGR,FALSE,FALSE,FALSE,FALSE,3,2,1,2_1,e5c89fcf-cc57-4fad-a138-ea47ee9ea225,NA
4,20456451,20456451,1,snv_mnv,NA,NA,"broad,dkfz,muse,sanger",4,COSN9894644,NA,NA,FALSE,0.3333,NA,18,36,NA,NA,NA,Intron,FALSE,FALSE,FALSE,FALSE,3,2,1,2_1,e5c89fcf-cc57-4fad-a138-ea47ee9ea225,NA
4,20974775,20974775,1,snv_mnv,NA,NA,"broad,dkfz,muse,sanger",4,COSN9894731,NA,Tigger1,FALSE,0.3654,NA,19,33,NA,NA,NA,Intron,FALSE,FALSE,FALSE,FALSE,3,2,1,2_1,e5c89fcf-cc57-4fad-a138-ea47ee9ea225,NA
4,20978636,20978636,1,snv_mnv,NA,NA,"broad,dkfz,muse,sanger",4,COSN15584974,NA,AluSp,FALSE,0.2778,NA,10,26,NA,NA,NA,Intron,FALSE,FALSE,FALSE,FALSE,3,2,1,2_1,e5c89fcf-cc57-4fad-a138-ea47ee9ea225,NA
4,21865390,21865390,1,snv_mnv,NA,NA,"broad,dkfz,muse,sanger",4,COSN15585402,NA,NA,FALSE,0.2055,NA,15,58,NA,NA,NA,Intron,FALSE,FALSE,FALSE,FALSE,3,2,1,2_1,e5c89fcf-cc57-4fad-a138-ea47ee9ea225,NA
4,22849060,22849060,1,snv_mnv,NA,NA,"broad,dkfz,muse,sanger",4,COSN9786262,NA,NA,FALSE,0.25,NA,11,33,NA,NA,NA,IGR,FALSE,FALSE,FALSE,FALSE,3,2,1,2_1,e5c89fcf-cc57-4fad-a138-ea47ee9ea225,NA
4,23140102,23140102,1,snv_mnv,NA,NA,"broad,dkfz,muse,sanger",4,COSN9786300,NA,MLT1A0,FALSE,0.3077,NA,16,36,NA,NA,NA,IGR,FALSE,FALSE,FALSE,FALSE,3,2,1,2_1,e5c89fcf-cc57-4fad-a138-ea47ee9ea225,NA
4,24087879,24087879,1,snv_mnv,NA,NA,"broad,dkfz,muse,sanger",4,COSN9786407,NA,NA,FALSE,0.35,NA,14,26,NA,NA,NA,IGR,FALSE,FALSE,FALSE,FALSE,3,2,1,2_1,e5c89fcf-cc57-4fad-a138-ea47ee9ea225,NA
4,25407017,25407017,1,snv_mnv,NA,NA,"broad,dkfz,muse,sanger",4,COSN9786595,NA,NA,FALSE,0.2917,NA,14,34,NA,NA,NA,Intron,FALSE,FALSE,FALSE,FALSE,3,2,1,2_1,e5c89fcf-cc57-4fad-a138-ea47ee9ea225,ANAPC4
4,26063201,26063201,1,snv_mnv,NA,NA,"broad,dkfz,muse,sanger",4,COSN9786687,NA,NA,FALSE,0.3,NA,12,28,NA,NA,NA,IGR,FALSE,FALSE,FALSE,FALSE,3,2,1,2_1,e5c89fcf-cc57-4fad-a138-ea47ee9ea225,NA
4,28153257,28153257,1,snv_mnv,NA,NA,"broad,dkfz,muse,sanger",4,COSN9787074,NA,NA,FALSE,0.2167,NA,13,47,NA,NA,NA,IGR,FALSE,FALSE,FALSE,FALSE,3,2,1,2_1,e5c89fcf-cc57-4fad-a138-ea47ee9ea225,NA
4,28503536,28503536,1,snv_mnv,NA,NA,"broad,dkfz,muse,sanger",4,COSN9787196,NA,L2a,FALSE,0.2879,NA,19,47,NA,NA,NA,lincRNA,FALSE,FALSE,FALSE,FALSE,3,2,1,2_1,e5c89fcf-cc57-4fad-a138-ea47ee9ea225,NA
4,28815175,28815175,1,snv_mnv,NA,NA,"broad,dkfz,muse,sanger",4,COSN9787320,NA,L1MA6,FALSE,0.2619,NA,11,31,NA,NA,NA,IGR,FALSE,FALSE,FALSE,FALSE,3,2,1,2_1,e5c89fcf-cc57-4fad-a138-ea47ee9ea225,NA
4,29064391,29064391,1,snv_mnv,NA,NA,"broad,dkfz,muse,sanger",4,COSN9787417,NA,NA,FALSE,0.2391,NA,11,35,NA,NA,NA,IGR,FALSE,FALSE,FALSE,FALSE,3,2,1,2_1,e5c89fcf-cc57-4fad-a138-ea47ee9ea225,NA
4,29190506,29190506,1,snv_mnv,NA,NA,"broad,dkfz,muse,sanger",4,COSN9787463,NA,AluJr,FALSE,0.325,NA,13,27,NA,NA,NA,lincRNA,FALSE,FALSE,FALSE,FALSE,3,2,1,2_1,e5c89fcf-cc57-4fad-a138-ea47ee9ea225,NA
4,29388451,29388451,1,snv_mnv,NA,NA,"broad,dkfz,muse,sanger",4,COSN15585115,NA,MLT1A,FALSE,0.2,NA,13,52,NA,NA,NA,IGR,FALSE,FALSE,FALSE,FALSE,3,2,1,2_1,e5c89fcf-cc57-4fad-a138-ea47ee9ea225,NA
4,29620969,29620969,1,snv_mnv,NA,NA,"broad,dkfz,muse,sanger",4,COSN9787624,NA,NA,FALSE,0.3077,NA,16,36,NA,NA,NA,IGR,FALSE,FALSE,FALSE,FALSE,3,2,1,2_1,e5c89fcf-cc57-4fad-a138-ea47ee9ea225,NA
4,29694642,29694642,1,snv_mnv,NA,NA,"broad,dkfz,muse,sanger",4,COSN9787650,NA,AluSg,FALSE,0.28,NA,7,18,NA,NA,NA,IGR,FALSE,FALSE,FALSE,FALSE,3,2,1,2_1,e5c89fcf-cc57-4fad-a138-ea47ee9ea225,NA
4,30273774,30273774,1,snv_mnv,NA,NA,"broad,dkfz,muse,sanger",4,COSN9787878,NA,L1PA7,FALSE,0.2195,NA,9,32,NA,NA,NA,IGR,FALSE,FALSE,FALSE,FALSE,3,2,1,2_1,e5c89fcf-cc57-4fad-a138-ea47ee9ea225,NA
4,31120929,31120929,1,snv_mnv,NA,NA,"broad,dkfz,muse,sanger",4,COSN9788180,NA,NA,FALSE,0.2373,NA,14,45,NA,NA,NA,Intron,FALSE,FALSE,FALSE,FALSE,3,2,1,2_1,e5c89fcf-cc57-4fad-a138-ea47ee9ea225,NA
4,31397899,31397899,1,snv_mnv,NA,NA,"broad,dkfz,muse,sanger",4,COSN9788275,NA,NA,FALSE,0.3673,NA,18,31,NA,NA,NA,IGR,FALSE,FALSE,FALSE,FALSE,3,2,1,2_1,e5c89fcf-cc57-4fad-a138-ea47ee9ea225,NA
4,31528490,31528490,1,snv_mnv,NA,NA,"broad,dkfz,muse,sanger",4,COSN9788309,NA,L1PA15,FALSE,0.3725,NA,19,32,NA,NA,NA,lincRNA,FALSE,FALSE,FALSE,FALSE,3,2,1,2_1,e5c89fcf-cc57-4fad-a138-ea47ee9ea225,NA
4,32385174,32385174,1,snv_mnv,NA,NA,"broad,dkfz,muse,sanger",4,COSN9788515,NA,NA,FALSE,0.2963,NA,16,38,NA,NA,NA,IGR,FALSE,FALSE,FALSE,FALSE,3,2,1,2_1,e5c89fcf-cc57-4fad-a138-ea47ee9ea225,NA
4,33261168,33261168,1,snv_mnv,NA,NA,"broad,dkfz,muse,sanger",4,COSN9788681,NA,NA,FALSE,0.3729,NA,22,37,NA,NA,NA,IGR,FALSE,FALSE,FALSE,FALSE,3,2,1,2_1,e5c89fcf-cc57-4fad-a138-ea47ee9ea225,NA
4,33263331,33263331,1,snv_mnv,NA,NA,"broad,dkfz,muse,sanger",4,COSN9788682,NA,NA,FALSE,0.2281,NA,13,44,NA,NA,NA,IGR,FALSE,FALSE,FALSE,FALSE,3,2,1,2_1,e5c89fcf-cc57-4fad-a138-ea47ee9ea225,NA
4,33515795,33515795,1,snv_mnv,NA,NA,"broad,dkfz,muse,sanger",4,COSN9788743,NA,NA,FALSE,0.1897,NA,11,47,NA,NA,NA,IGR,FALSE,FALSE,FALSE,FALSE,3,2,1,2_1,e5c89fcf-cc57-4fad-a138-ea47ee9ea225,NA
4,33774708,33774708,1,snv_mnv,NA,NA,"broad,dkfz,muse,sanger",4,COSN9788819,NA,NA,FALSE,0.2639,NA,19,53,NA,NA,NA,IGR,FALSE,FALSE,FALSE,FALSE,3,2,1,2_1,e5c89fcf-cc57-4fad-a138-ea47ee9ea225,AC016687.3
4,34733577,34733577,1,snv_mnv,NA,NA,"broad,dkfz,muse,sanger",4,COSN9789127,NA,MER76,FALSE,0.2708,NA,13,35,NA,NA,NA,IGR,FALSE,FALSE,FALSE,FALSE,3,2,1,2_1,e5c89fcf-cc57-4fad-a138-ea47ee9ea225,NA
4,36345401,36345401,1,snv_mnv,NA,NA,"broad,dkfz,muse,sanger",4,COSM4153471,NA,NA,FALSE,0.325,NA,13,27,NA,NA,NA,Silent,FALSE,FALSE,FALSE,FALSE,3,2,1,2_1,e5c89fcf-cc57-4fad-a138-ea47ee9ea225,NA
4,38420036,38420036,1,snv_mnv,NA,NA,"broad,dkfz,muse,sanger",4,COSN9789811,NA,THE1B,FALSE,0.3191,NA,15,32,NA,NA,NA,lincRNA,FALSE,FALSE,FALSE,FALSE,3,2,1,2_1,e5c89fcf-cc57-4fad-a138-ea47ee9ea225,LINC01258
4,38964709,38964709,1,snv_mnv,NA,NA,"broad,dkfz,muse,sanger",4,COSN9789879,NA,NA,FALSE,0.3023,NA,13,30,NA,NA,NA,IGR,FALSE,FALSE,FALSE,FALSE,3,2,1,2_1,e5c89fcf-cc57-4fad-a138-ea47ee9ea225,TMEM156
4,42080710,42080710,1,snv_mnv,NA,NA,"broad,dkfz,muse,sanger",4,COSN9790256,NA,NA,FALSE,0.2222,NA,12,42,NA,NA,NA,Intron,FALSE,FALSE,FALSE,FALSE,3,2,1,2_1,e5c89fcf-cc57-4fad-a138-ea47ee9ea225,NA
4,42919884,42919884,1,snv_mnv,NA,NA,"broad,dkfz,muse,sanger",4,COSN9790401,NA,NA,FALSE,0.2245,NA,11,38,NA,NA,NA,Intron,FALSE,FALSE,FALSE,FALSE,3,2,1,2_1,e5c89fcf-cc57-4fad-a138-ea47ee9ea225,NA
4,43339033,43339033,1,snv_mnv,NA,NA,"broad,dkfz,muse,sanger",4,COSN9790501,NA,ERV3-16A3_I-int,FALSE,0.2817,NA,20,51,NA,NA,NA,IGR,FALSE,FALSE,FALSE,FALSE,3,2,1,2_1,e5c89fcf-cc57-4fad-a138-ea47ee9ea225,AC097451.1
4,43387467,43387467,1,snv_mnv,NA,NA,"broad,dkfz,muse,sanger",4,COSN9790515,NA,NA,FALSE,0.3281,NA,21,43,NA,NA,NA,IGR,FALSE,FALSE,FALSE,FALSE,3,2,1,2_1,e5c89fcf-cc57-4fad-a138-ea47ee9ea225,AC098590.2
4,44687916,44687916,1,snv_mnv,NA,NA,"broad,dkfz,muse,sanger",4,COSN9790868,NA,NA,FALSE,0.3051,NA,18,41,NA,NA,NA,Intron,FALSE,FALSE,FALSE,FALSE,3,2,1,2_1,e5c89fcf-cc57-4fad-a138-ea47ee9ea225,NA
4,46146828,46146828,1,snv_mnv,NA,NA,"broad,dkfz,muse,sanger",4,COSN9791134,NA,L1PB2,FALSE,0.25,NA,17,51,NA,NA,NA,IGR,FALSE,FALSE,FALSE,FALSE,3,2,1,2_1,e5c89fcf-cc57-4fad-a138-ea47ee9ea225,NA
4,46229339,46229339,1,snv_mnv,NA,NA,"broad,dkfz,muse,sanger",4,COSN9791163,NA,ERVL-B4-int,FALSE,0.3396,NA,18,35,NA,NA,NA,IGR,FALSE,FALSE,FALSE,FALSE,3,2,1,2_1,e5c89fcf-cc57-4fad-a138-ea47ee9ea225,NA
4,46568315,46568315,1,snv_mnv,NA,NA,"broad,dkfz,muse,sanger",4,COSN9791268,NA,NA,FALSE,0.3188,NA,22,47,NA,NA,NA,IGR,FALSE,FALSE,FALSE,FALSE,3,2,1,2_1,e5c89fcf-cc57-4fad-a138-ea47ee9ea225,NA
4,47120620,47120620,1,snv_mnv,NA,NA,"broad,dkfz,muse,sanger",4,COSN9791413,NA,NA,FALSE,0.3265,NA,16,33,NA,NA,NA,Intron,FALSE,FALSE,FALSE,FALSE,3,2,1,2_1,e5c89fcf-cc57-4fad-a138-ea47ee9ea225,NA
4,47248949,47248949,1,snv_mnv,NA,NA,"broad,dkfz,muse,sanger",4,COSN9791443,NA,L1PB1,FALSE,0.2239,NA,15,52,NA,NA,NA,Intron,FALSE,FALSE,FALSE,FALSE,3,2,1,2_1,e5c89fcf-cc57-4fad-a138-ea47ee9ea225,NA
4,48946570,48946570,1,snv_mnv,NA,NA,"broad,dkfz,muse",3,COSN9791651,NA,LTR50,FALSE,0.4167,NA,10,14,NA,NA,NA,IGR,FALSE,FALSE,FALSE,FALSE,3,2,1,2_1,e5c89fcf-cc57-4fad-a138-ea47ee9ea225,NA
4,52858843,52858843,1,snv_mnv,NA,NA,"broad,dkfz,muse,sanger",4,COSN9791982,NA,NA,FALSE,0.2545,NA,14,41,NA,NA,NA,IGR,FALSE,FALSE,FALSE,FALSE,3,2,1,2_1,e5c89fcf-cc57-4fad-a138-ea47ee9ea225,LRRC66
4,54607075,54607075,1,snv_mnv,NA,NA,"broad,dkfz,muse,sanger",4,COSN9792210,NA,Tigger3a,FALSE,0.2564,NA,10,29,NA,NA,NA,Intron,FALSE,FALSE,FALSE,FALSE,3,2,1,2_1,e5c89fcf-cc57-4fad-a138-ea47ee9ea225,AC124017.1
4,54607076,54607076,1,snv_mnv,NA,NA,"broad,dkfz,muse,sanger",4,COSN9792211,NA,Tigger3a,FALSE,0.2632,NA,10,28,NA,NA,NA,Intron,FALSE,FALSE,FALSE,FALSE,3,2,1,2_1,e5c89fcf-cc57-4fad-a138-ea47ee9ea225,AC124017.1
4,56354428,56354428,1,snv_mnv,NA,NA,"broad,dkfz,muse,sanger",4,COSN9792546,NA,L2a,FALSE,0.2727,NA,12,32,NA,NA,NA,Intron,FALSE,FALSE,FALSE,FALSE,3,2,1,2_1,e5c89fcf-cc57-4fad-a138-ea47ee9ea225,NA
4,58071644,58071644,1,snv_mnv,NA,NA,"broad,dkfz,muse,sanger",4,COSN9792772,NA,L4,FALSE,0.3934,NA,24,37,NA,NA,NA,RNA,FALSE,FALSE,FALSE,FALSE,3,2,1,2_1,e5c89fcf-cc57-4fad-a138-ea47ee9ea225,IGFBP7-AS1
4,58655714,58655714,1,snv_mnv,NA,NA,"broad,dkfz,muse,sanger",4,COSN9792856,NA,NA,FALSE,0.3448,NA,20,38,NA,NA,NA,IGR,FALSE,FALSE,FALSE,FALSE,3,2,1,2_1,e5c89fcf-cc57-4fad-a138-ea47ee9ea225,NA
4,58668069,58668069,1,snv_mnv,NA,NA,"broad,dkfz,muse,sanger",4,COSN9792862,NA,NA,FALSE,0.2308,NA,12,40,NA,NA,NA,IGR,FALSE,FALSE,FALSE,FALSE,3,2,1,2_1,e5c89fcf-cc57-4fad-a138-ea47ee9ea225,NA
4,59267467,59267467,1,snv_mnv,NA,NA,"broad,dkfz,muse,sanger",4,COSN9792978,NA,L1PA4,FALSE,0.5,NA,15,15,NA,NA,NA,IGR,FALSE,FALSE,FALSE,FALSE,3,2,1,2_1,e5c89fcf-cc57-4fad-a138-ea47ee9ea225,NA
4,59734322,59734322,1,snv_mnv,NA,NA,"broad,dkfz,muse,sanger",4,COSN9793070,rs756107685,NA,FALSE,0.3667,NA,22,38,NA,NA,NA,lincRNA,FALSE,FALSE,FALSE,FALSE,3,2,1,2_1,e5c89fcf-cc57-4fad-a138-ea47ee9ea225,NA
4,60081038,60081038,1,snv_mnv,NA,NA,"broad,dkfz,muse,sanger",4,COSN9793139,NA,NA,FALSE,0.3889,NA,21,33,NA,NA,NA,IGR,FALSE,FALSE,FALSE,FALSE,3,2,1,2_1,e5c89fcf-cc57-4fad-a138-ea47ee9ea225,NA
4,60317549,60317549,1,snv_mnv,NA,NA,"broad,dkfz,muse,sanger",4,COSN9793205,NA,NA,FALSE,0.2667,NA,12,33,NA,NA,NA,IGR,FALSE,FALSE,FALSE,FALSE,3,2,1,2_1,e5c89fcf-cc57-4fad-a138-ea47ee9ea225,NA
4,60376960,60376960,1,snv_mnv,NA,NA,"broad,dkfz,muse,sanger",4,COSN9793222,NA,MER3,FALSE,0.2745,NA,14,37,NA,NA,NA,IGR,FALSE,FALSE,FALSE,FALSE,3,2,1,2_1,e5c89fcf-cc57-4fad-a138-ea47ee9ea225,NA
4,61283356,61283356,1,snv_mnv,NA,NA,"broad,dkfz,muse,sanger",4,COSN9793524,NA,L1PA7,FALSE,0.5,NA,8,8,NA,NA,NA,IGR,FALSE,FALSE,FALSE,TRUE,3,2,1,2_1,e5c89fcf-cc57-4fad-a138-ea47ee9ea225,NA
4,61592864,61592864,1,snv_mnv,NA,NA,"broad,dkfz,muse,sanger",4,COSN9793629,NA,NA,FALSE,0.3509,NA,20,37,NA,NA,NA,IGR,FALSE,FALSE,FALSE,FALSE,3,2,1,2_1,e5c89fcf-cc57-4fad-a138-ea47ee9ea225,NA
4,61592865,61592865,1,snv_mnv,NA,NA,"broad,dkfz,muse,sanger",4,COSN9793630,NA,NA,FALSE,0.3571,NA,20,36,NA,NA,NA,IGR,FALSE,FALSE,FALSE,FALSE,3,2,1,2_1,e5c89fcf-cc57-4fad-a138-ea47ee9ea225,NA
4,61729883,61729883,1,snv_mnv,NA,NA,"broad,dkfz,muse,sanger",4,COSN9793680,NA,NA,FALSE,0.1778,NA,8,37,NA,NA,NA,IGR,FALSE,FALSE,FALSE,FALSE,3,2,1,2_1,e5c89fcf-cc57-4fad-a138-ea47ee9ea225,NA
4,62284838,62284838,1,snv_mnv,NA,NA,"broad,dkfz,muse,sanger",4,COSN9793826,NA,MER6A,FALSE,0.225,NA,18,62,NA,NA,NA,Intron,FALSE,FALSE,FALSE,FALSE,3,2,1,2_1,e5c89fcf-cc57-4fad-a138-ea47ee9ea225,AC020741.1
4,63035594,63035594,1,snv_mnv,NA,NA,"broad,dkfz,muse,sanger",4,COSN9794038,NA,NA,FALSE,0.3065,NA,19,43,NA,NA,NA,IGR,FALSE,FALSE,FALSE,FALSE,3,2,1,2_1,e5c89fcf-cc57-4fad-a138-ea47ee9ea225,ADGRL3-AS1
4,63181293,63181293,1,snv_mnv,NA,NA,"broad,dkfz,muse,sanger",4,COSN9794101,NA,L1M3d,FALSE,0.3214,NA,18,38,NA,NA,NA,IGR,FALSE,FALSE,FALSE,FALSE,3,2,1,2_1,e5c89fcf-cc57-4fad-a138-ea47ee9ea225,NA
4,64054200,64054200,1,snv_mnv,NA,NA,"broad,dkfz,muse,sanger",4,COSN9794421,NA,HERV9-int,FALSE,0.4182,NA,23,32,NA,NA,NA,IGR,FALSE,FALSE,FALSE,FALSE,3,2,1,2_1,e5c89fcf-cc57-4fad-a138-ea47ee9ea225,NA
4,64377581,64377581,1,snv_mnv,NA,NA,"broad,dkfz,muse,sanger",4,COSN9794529,NA,L1PA8,FALSE,0.3478,NA,24,45,NA,NA,NA,IGR,FALSE,FALSE,FALSE,FALSE,3,2,1,2_1,e5c89fcf-cc57-4fad-a138-ea47ee9ea225,NA
4,64509721,64509721,1,snv_mnv,NA,NA,"broad,dkfz,muse,sanger",4,COSN9794571,NA,NA,FALSE,0.1905,NA,12,51,NA,NA,NA,IGR,FALSE,FALSE,FALSE,FALSE,3,2,1,2_1,e5c89fcf-cc57-4fad-a138-ea47ee9ea225,NA
4,66252953,66252953,1,snv_mnv,NA,NA,"broad,dkfz,muse,sanger",4,COSN9795052,NA,NA,FALSE,0.3095,NA,13,29,NA,NA,NA,Intron,FALSE,FALSE,FALSE,FALSE,3,2,1,2_1,e5c89fcf-cc57-4fad-a138-ea47ee9ea225,NA
4,66462237,66462237,1,snv_mnv,NA,NA,"broad,dkfz,muse",3,COSN9795108,NA,NA,FALSE,0.2576,NA,17,49,NA,NA,NA,Intron,FALSE,FALSE,FALSE,FALSE,3,2,1,2_1,e5c89fcf-cc57-4fad-a138-ea47ee9ea225,NA
4,66712494,66712494,1,snv_mnv,NA,NA,"broad,dkfz,muse,sanger",4,COSN9795197,NA,LTR33A_,FALSE,0.3103,NA,18,40,NA,NA,NA,IGR,FALSE,FALSE,FALSE,FALSE,3,2,1,2_1,e5c89fcf-cc57-4fad-a138-ea47ee9ea225,NA
4,66951242,66951242,1,snv_mnv,NA,NA,"broad,dkfz,muse,sanger",4,COSN9795255,NA,L1MB4,FALSE,0.2281,NA,13,44,NA,NA,NA,lincRNA,FALSE,FALSE,FALSE,FALSE,3,2,1,2_1,e5c89fcf-cc57-4fad-a138-ea47ee9ea225,NA
4,67990805,67990805,1,snv_mnv,NA,NA,"broad,dkfz,muse,sanger",4,COSN9795531,NA,LTR85a,FALSE,0.2667,NA,12,33,NA,NA,NA,IGR,FALSE,FALSE,FALSE,FALSE,3,2,1,2_1,e5c89fcf-cc57-4fad-a138-ea47ee9ea225,NA
4,69725540,69725540,1,snv_mnv,NA,NA,"broad,dkfz,muse,sanger",4,COSN9795805,NA,L1M3,FALSE,0.3103,NA,18,40,NA,NA,NA,IGR,FALSE,FALSE,FALSE,FALSE,3,2,1,2_1,e5c89fcf-cc57-4fad-a138-ea47ee9ea225,AC021146.4
4,70526106,70526106,1,snv_mnv,NA,NA,"broad,dkfz,muse,sanger",4,COSN9795923,NA,L1PBa,FALSE,0.209,NA,14,53,NA,NA,NA,IGR,FALSE,FALSE,FALSE,FALSE,3,2,1,2_1,e5c89fcf-cc57-4fad-a138-ea47ee9ea225,NA
4,70658041,70658041,1,snv_mnv,NA,NA,"broad,dkfz,muse,sanger",4,COSN9795947,NA,NA,FALSE,0.3654,NA,19,33,NA,NA,NA,IGR,FALSE,FALSE,FALSE,FALSE,3,2,1,2_1,e5c89fcf-cc57-4fad-a138-ea47ee9ea225,SULT1B1
4,72634980,72634980,1,snv_mnv,NA,NA,"broad,dkfz,muse,sanger",4,COSN10034585,NA,NA,FALSE,0.2692,NA,14,38,NA,NA,NA,Intron,FALSE,FALSE,FALSE,FALSE,3,2,1,2_1,e5c89fcf-cc57-4fad-a138-ea47ee9ea225,NA
4,75188538,75188538,1,snv_mnv,NA,NA,"broad,dkfz,muse,sanger",4,COSN10034946,NA,NA,FALSE,0.2281,NA,13,44,NA,NA,NA,IGR,FALSE,FALSE,FALSE,FALSE,3,2,1,2_1,e5c89fcf-cc57-4fad-a138-ea47ee9ea225,NA
4,75213858,75213858,1,snv_mnv,NA,NA,"broad,dkfz,muse,sanger",4,COSN10034948,NA,L1MCa,FALSE,0.2787,NA,17,44,NA,NA,NA,IGR,FALSE,FALSE,FALSE,FALSE,3,2,1,2_1,e5c89fcf-cc57-4fad-a138-ea47ee9ea225,NA
4,80308008,80308008,1,snv_mnv,NA,NA,"broad,dkfz,muse,sanger",4,COSN10035633,NA,NA,FALSE,0.2632,NA,15,42,NA,NA,NA,IGR,FALSE,FALSE,FALSE,FALSE,3,2,1,2_1,e5c89fcf-cc57-4fad-a138-ea47ee9ea225,NA
4,82541014,82541014,1,snv_mnv,NA,NA,"broad,dkfz,muse,sanger",4,COSN10036006,NA,NA,FALSE,0.3571,NA,20,36,NA,NA,NA,lincRNA,FALSE,FALSE,FALSE,FALSE,3,2,1,2_1,e5c89fcf-cc57-4fad-a138-ea47ee9ea225,NA
4,83650913,83650913,1,snv_mnv,NA,NA,"broad,dkfz,muse,sanger",4,COSN10036136,NA,MER34A1,FALSE,0.2927,NA,12,29,NA,NA,NA,Intron,FALSE,FALSE,FALSE,FALSE,3,2,1,2_1,e5c89fcf-cc57-4fad-a138-ea47ee9ea225,NA
4,84171146,84171146,1,snv_mnv,NA,NA,"broad,dkfz,muse,sanger",4,COSN15585271,NA,NA,FALSE,0.2424,NA,8,25,NA,NA,NA,lincRNA,FALSE,FALSE,FALSE,FALSE,3,2,1,2_1,e5c89fcf-cc57-4fad-a138-ea47ee9ea225,"AC114781.1,AC114781.2"
4,84536298,84536298,1,snv_mnv,NA,NA,"broad,dkfz,muse,sanger",4,COSN10036232,NA,L1MA5,FALSE,0.4375,NA,7,9,NA,NA,NA,IGR,FALSE,FALSE,FALSE,FALSE,3,2,1,2_1,e5c89fcf-cc57-4fad-a138-ea47ee9ea225,NA
4,84894203,84894203,1,snv_mnv,NA,NA,"broad,dkfz,muse,sanger",4,COSN10036291,NA,NA,FALSE,0.3333,NA,21,42,NA,NA,NA,IGR,FALSE,FALSE,FALSE,FALSE,3,2,1,2_1,e5c89fcf-cc57-4fad-a138-ea47ee9ea225,NA
4,84976847,84976847,1,snv_mnv,NA,NA,"broad,dkfz,muse,sanger",4,COSN10036304,NA,L4,FALSE,0.2154,NA,14,51,NA,NA,NA,IGR,FALSE,FALSE,FALSE,FALSE,3,2,1,2_1,e5c89fcf-cc57-4fad-a138-ea47ee9ea225,NA
4,85032143,85032143,1,snv_mnv,NA,NA,"broad,dkfz,muse,sanger",4,COSN10036315,NA,T-rich,FALSE,0.2273,NA,10,34,NA,NA,NA,IGR,FALSE,FALSE,FALSE,FALSE,3,2,1,2_1,e5c89fcf-cc57-4fad-a138-ea47ee9ea225,NA
4,85212413,85212413,1,snv_mnv,NA,NA,"broad,dkfz,muse,sanger",4,COSN10036347,NA,L1PA7,FALSE,0.4118,NA,21,30,NA,NA,NA,IGR,FALSE,FALSE,FALSE,FALSE,3,2,1,2_1,e5c89fcf-cc57-4fad-a138-ea47ee9ea225,NA
4,86975636,86975636,1,snv_mnv,NA,NA,"broad,dkfz,muse,sanger",4,COSN10036589,NA,NA,FALSE,0.2308,NA,15,50,NA,NA,NA,Intron,FALSE,FALSE,FALSE,FALSE,3,2,1,2_1,e5c89fcf-cc57-4fad-a138-ea47ee9ea225,NA
4,87221601,87221601,1,snv_mnv,NA,NA,"broad,dkfz,muse,sanger",4,COSN10036617,NA,NA,FALSE,0.3095,NA,13,29,NA,NA,NA,Intron,FALSE,FALSE,FALSE,FALSE,3,2,1,2_1,e5c89fcf-cc57-4fad-a138-ea47ee9ea225,MAPK10
4,87240444,87240444,1,snv_mnv,NA,NA,"broad,dkfz,muse,sanger",4,COSN10036621,NA,NA,FALSE,0.375,NA,18,30,NA,NA,NA,Intron,FALSE,FALSE,FALSE,FALSE,3,2,1,2_1,e5c89fcf-cc57-4fad-a138-ea47ee9ea225,NA
4,89260628,89260628,1,snv_mnv,NA,NA,"broad,dkfz,muse,sanger",4,COSN10036880,NA,MER21B,FALSE,0.3824,NA,13,21,NA,NA,NA,IGR,FALSE,FALSE,FALSE,FALSE,3,2,1,2_1,e5c89fcf-cc57-4fad-a138-ea47ee9ea225,NA
4,90865758,90865758,1,snv_mnv,NA,NA,"broad,dkfz,muse,sanger",4,COSN10037090,NA,NA,FALSE,0.2667,NA,20,55,NA,NA,NA,Intron,FALSE,FALSE,FALSE,FALSE,3,2,1,2_1,e5c89fcf-cc57-4fad-a138-ea47ee9ea225,NA
4,92297119,92297119,1,snv_mnv,NA,NA,"broad,dkfz,muse,sanger",4,COSN10037268,NA,AT_rich,FALSE,0.2885,NA,15,37,NA,NA,NA,Intron,FALSE,FALSE,FALSE,FALSE,3,2,1,2_1,e5c89fcf-cc57-4fad-a138-ea47ee9ea225,NA
4,92817075,92817075,1,snv_mnv,NA,NA,"broad,dkfz,muse,sanger",4,COSN10037351,NA,NA,FALSE,0.3036,NA,17,39,NA,NA,NA,lincRNA,FALSE,FALSE,FALSE,FALSE,3,2,1,2_1,e5c89fcf-cc57-4fad-a138-ea47ee9ea225,NA
4,93904410,93904410,1,snv_mnv,NA,NA,"broad,dkfz,muse,sanger",4,COSN10037617,NA,MLT1A1,FALSE,0.2333,NA,14,46,NA,NA,NA,Intron,FALSE,FALSE,FALSE,FALSE,3,2,1,2_1,e5c89fcf-cc57-4fad-a138-ea47ee9ea225,NA
4,94085585,94085585,1,snv_mnv,NA,NA,"broad,dkfz,muse,sanger",4,COSN10037669,NA,NA,FALSE,0.3684,NA,28,48,NA,NA,NA,Intron,FALSE,FALSE,FALSE,FALSE,3,2,1,2_1,e5c89fcf-cc57-4fad-a138-ea47ee9ea225,NA
4,95442503,95442503,1,snv_mnv,NA,NA,"broad,dkfz,muse,sanger",4,COSN10037909,NA,NA,FALSE,0.2456,NA,14,43,NA,NA,NA,Intron,FALSE,FALSE,FALSE,FALSE,3,2,1,2_1,e5c89fcf-cc57-4fad-a138-ea47ee9ea225,PDLIM5
4,96178018,96178018,1,snv_mnv,NA,NA,"broad,dkfz,muse,sanger",4,COSN10038015,NA,MLT2A1,FALSE,0.3939,NA,13,20,NA,NA,NA,Intron,FALSE,FALSE,FALSE,FALSE,3,2,1,2_1,e5c89fcf-cc57-4fad-a138-ea47ee9ea225,NA
4,97254505,97254505,1,snv_mnv,NA,NA,"broad,dkfz,muse,sanger",4,COSN10038254,NA,L1PA11,FALSE,0.3429,NA,12,23,NA,NA,NA,lincRNA,FALSE,FALSE,FALSE,FALSE,3,2,1,2_1,e5c89fcf-cc57-4fad-a138-ea47ee9ea225,NA
4,97360000,97360000,1,snv_mnv,NA,NA,"broad,dkfz,muse,sanger",4,COSN10038276,NA,NA,FALSE,0.2593,NA,14,40,NA,NA,NA,IGR,FALSE,FALSE,FALSE,FALSE,3,2,1,2_1,e5c89fcf-cc57-4fad-a138-ea47ee9ea225,NA
4,97705195,97705195,1,snv_mnv,NA,NA,"broad,dkfz,muse,sanger",4,COSN10038367,NA,NA,FALSE,0.35,NA,21,39,NA,NA,NA,IGR,FALSE,FALSE,FALSE,FALSE,3,2,1,2_1,e5c89fcf-cc57-4fad-a138-ea47ee9ea225,NA
4,98274767,98274767,1,snv_mnv,NA,NA,"broad,dkfz,muse,sanger",4,COSN10038471,NA,NA,FALSE,0.2286,NA,16,54,NA,NA,NA,Intron,FALSE,FALSE,FALSE,FALSE,3,2,1,2_1,e5c89fcf-cc57-4fad-a138-ea47ee9ea225,NA
4,102729936,102729936,1,snv_mnv,NA,NA,"broad,dkfz,muse,sanger",4,COSN15585312,NA,L1PB2,FALSE,0.1905,NA,12,51,NA,NA,NA,Intron,FALSE,FALSE,FALSE,FALSE,3,2,1,2_1,e5c89fcf-cc57-4fad-a138-ea47ee9ea225,NA
4,103188172,103188172,1,snv_mnv,NA,NA,"broad,dkfz,muse,sanger",4,COSN9897708,NA,NA,FALSE,0.3175,NA,20,43,NA,NA,NA,Intron,FALSE,FALSE,FALSE,FALSE,3,2,1,2_1,e5c89fcf-cc57-4fad-a138-ea47ee9ea225,SLC39A8
4,104342145,104342145,1,snv_mnv,NA,NA,"broad,dkfz,muse,sanger",4,COSN9897858,NA,THE1D-int,FALSE,0.5278,NA,19,17,NA,NA,NA,lincRNA,FALSE,FALSE,FALSE,FALSE,3,2,1,2_1,e5c89fcf-cc57-4fad-a138-ea47ee9ea225,LINC02428
4,105836485,105836485,1,snv_mnv,NA,NA,"broad,dkfz,muse,sanger",4,COSN9898086,NA,Charlie1a,FALSE,0.2679,NA,15,41,NA,NA,NA,lincRNA,FALSE,FALSE,FALSE,FALSE,3,2,1,2_1,e5c89fcf-cc57-4fad-a138-ea47ee9ea225,NA
4,106325837,106325837,1,snv_mnv,NA,NA,"broad,dkfz,muse,sanger",4,COSN9898142,NA,NA,FALSE,0.3387,NA,21,41,NA,NA,NA,Intron,FALSE,FALSE,FALSE,FALSE,3,2,1,2_1,e5c89fcf-cc57-4fad-a138-ea47ee9ea225,"PPA2,RNU6-553P"
4,107093443,107093443,1,snv_mnv,NA,NA,"broad,dkfz,muse,sanger",4,COSN9898235,NA,NA,FALSE,0.2088,NA,19,72,NA,NA,NA,Intron,FALSE,FALSE,FALSE,FALSE,3,2,1,2_1,e5c89fcf-cc57-4fad-a138-ea47ee9ea225,TBCK
4,107526209,107526209,1,snv_mnv,NA,NA,"broad,dkfz,muse,sanger",4,COSN9898315,NA,NA,FALSE,0.2542,NA,15,44,NA,NA,NA,IGR,FALSE,FALSE,FALSE,FALSE,3,2,1,2_1,e5c89fcf-cc57-4fad-a138-ea47ee9ea225,NA
4,107747092,107747092,1,snv_mnv,NA,NA,"broad,dkfz,muse,sanger",4,COSN9898372,NA,L1ME1,FALSE,0.3061,NA,15,34,NA,NA,NA,IGR,FALSE,FALSE,FALSE,FALSE,3,2,1,2_1,e5c89fcf-cc57-4fad-a138-ea47ee9ea225,NA
4,108463140,108463140,1,snv_mnv,NA,NA,"broad,dkfz,muse,sanger",4,COSN9898524,NA,L2a,FALSE,0.2549,NA,13,38,NA,NA,NA,IGR,FALSE,FALSE,FALSE,FALSE,3,2,1,2_1,e5c89fcf-cc57-4fad-a138-ea47ee9ea225,NA
4,109024614,109024614,1,snv_mnv,NA,NA,"broad,dkfz,muse,sanger",4,COSN9898617,NA,NA,FALSE,0.3333,NA,19,38,NA,NA,NA,Intron,FALSE,FALSE,FALSE,FALSE,3,2,1,2_1,e5c89fcf-cc57-4fad-a138-ea47ee9ea225,NA
4,110132781,110132781,1,snv_mnv,NA,NA,"broad,dkfz,muse,sanger",4,COSN9898814,NA,AT_rich,FALSE,0.3,NA,18,42,NA,NA,NA,Intron,FALSE,FALSE,FALSE,FALSE,3,2,1,2_1,e5c89fcf-cc57-4fad-a138-ea47ee9ea225,NA
4,110460675,110460675,1,snv_mnv,NA,NA,"broad,dkfz,muse,sanger",4,COSN9898860,NA,L1PB4,FALSE,0.2885,NA,15,37,NA,NA,NA,Intron,FALSE,FALSE,FALSE,FALSE,3,2,1,2_1,e5c89fcf-cc57-4fad-a138-ea47ee9ea225,NA
4,110595044,110595044,1,snv_mnv,NA,NA,"broad,dkfz,muse,sanger",4,COSN9898874,NA,NA,FALSE,0.3137,NA,16,35,NA,NA,NA,Intron,FALSE,FALSE,FALSE,FALSE,3,2,1,2_1,e5c89fcf-cc57-4fad-a138-ea47ee9ea225,NA
4,110649154,110649154,1,snv_mnv,NA,NA,"broad,dkfz,muse,sanger",4,COSN9898884,NA,L2a,FALSE,0.3571,NA,10,18,NA,NA,NA,Intron,FALSE,FALSE,FALSE,FALSE,3,2,1,2_1,e5c89fcf-cc57-4fad-a138-ea47ee9ea225,NA
4,111583258,111583258,1,snv_mnv,NA,NA,"broad,dkfz,muse,sanger",4,COSN9899001,NA,NA,FALSE,0.3409,NA,15,29,NA,NA,NA,IGR,FALSE,FALSE,FALSE,FALSE,3,2,1,2_1,e5c89fcf-cc57-4fad-a138-ea47ee9ea225,NA
4,112639566,112639566,1,snv_mnv,NA,NA,"broad,dkfz,muse,sanger",4,COSN9899228,NA,MIRc,FALSE,0.2464,NA,17,52,NA,NA,NA,IGR,FALSE,FALSE,FALSE,FALSE,3,2,1,2_1,e5c89fcf-cc57-4fad-a138-ea47ee9ea225,NA
4,112733347,112733347,1,snv_mnv,NA,NA,"broad,dkfz,muse,sanger",4,COSN9899253,NA,NA,FALSE,0.2879,NA,19,47,NA,NA,NA,lincRNA,FALSE,FALSE,FALSE,FALSE,3,2,1,2_1,e5c89fcf-cc57-4fad-a138-ea47ee9ea225,AC139718.1
4,113375967,113375967,1,snv_mnv,NA,NA,"broad,dkfz,muse,sanger",4,COSN15584933,NA,NA,FALSE,0.193,NA,11,46,NA,NA,NA,IGR,FALSE,FALSE,FALSE,FALSE,3,2,1,2_1,e5c89fcf-cc57-4fad-a138-ea47ee9ea225,TOX4P1
4,113691284,113691284,1,snv_mnv,NA,NA,"broad,dkfz,muse,sanger",4,COSN9899405,NA,NA,FALSE,0.3529,NA,18,33,NA,NA,NA,IGR,FALSE,FALSE,FALSE,FALSE,3,2,1,2_1,e5c89fcf-cc57-4fad-a138-ea47ee9ea225,NA
4,114884002,114884002,1,snv_mnv,NA,NA,"broad,dkfz,muse,sanger",4,COSN9899554,NA,L2a,FALSE,0.413,NA,19,27,NA,NA,NA,Intron,FALSE,FALSE,FALSE,FALSE,3,2,1,2_1,e5c89fcf-cc57-4fad-a138-ea47ee9ea225,NA
4,116164357,116164357,1,snv_mnv,NA,NA,"broad,dkfz,muse,sanger",4,COSN9899761,NA,ERVL-E-int,FALSE,0.2143,NA,12,44,NA,NA,NA,IGR,FALSE,FALSE,FALSE,FALSE,3,2,1,2_1,e5c89fcf-cc57-4fad-a138-ea47ee9ea225,NA
4,116559710,116559710,1,snv_mnv,NA,NA,"broad,dkfz,muse,sanger",4,COSN9899874,NA,AluY,FALSE,0.275,NA,11,29,NA,NA,NA,IGR,FALSE,FALSE,FALSE,FALSE,3,2,1,2_1,e5c89fcf-cc57-4fad-a138-ea47ee9ea225,NA
4,117973256,117973256,1,snv_mnv,NA,NA,"broad,dkfz,muse,sanger",4,COSN9900180,NA,NA,FALSE,0.2206,NA,15,53,NA,NA,NA,IGR,FALSE,FALSE,FALSE,FALSE,3,2,1,2_1,e5c89fcf-cc57-4fad-a138-ea47ee9ea225,NA
4,118122958,118122958,1,snv_mnv,NA,NA,"broad,dkfz,muse,sanger",4,COSN9900211,NA,L1M1,FALSE,0.3774,NA,20,33,NA,NA,NA,IGR,FALSE,FALSE,FALSE,FALSE,3,2,1,2_1,e5c89fcf-cc57-4fad-a138-ea47ee9ea225,NA
4,118310152,118310152,1,snv_mnv,NA,NA,"broad,dkfz,muse,sanger",4,COSN9900257,NA,L2b,FALSE,0.2083,NA,15,57,NA,NA,NA,IGR,FALSE,FALSE,FALSE,FALSE,3,2,1,2_1,e5c89fcf-cc57-4fad-a138-ea47ee9ea225,NA
4,118344249,118344249,1,snv_mnv,NA,NA,"broad,dkfz,muse,sanger",4,COSN9900269,NA,NA,FALSE,0.3714,NA,26,44,NA,NA,NA,IGR,FALSE,FALSE,FALSE,FALSE,3,2,1,2_1,e5c89fcf-cc57-4fad-a138-ea47ee9ea225,NA
4,122928301,122928301,1,snv_mnv,NA,NA,"broad,dkfz,muse,sanger",4,COSN9900985,NA,MER5A,FALSE,0.383,NA,18,29,NA,NA,NA,IGR,FALSE,FALSE,FALSE,FALSE,3,2,1,2_1,e5c89fcf-cc57-4fad-a138-ea47ee9ea225,NA
4,124524231,124524231,1,snv_mnv,NA,NA,"broad,dkfz,muse,sanger",4,COSN9901226,NA,MER50,FALSE,0.3929,NA,11,17,NA,NA,NA,IGR,FALSE,FALSE,FALSE,FALSE,3,2,1,2_1,e5c89fcf-cc57-4fad-a138-ea47ee9ea225,NA
4,124928370,124928370,1,snv_mnv,NA,NA,"broad,dkfz,muse,sanger",4,COSN15585459,NA,NA,FALSE,0.2167,NA,13,47,NA,NA,NA,IGR,FALSE,FALSE,FALSE,FALSE,3,2,1,2_1,e5c89fcf-cc57-4fad-a138-ea47ee9ea225,NA
4,124929818,124929818,1,snv_mnv,NA,NA,"broad,dkfz,muse,sanger",4,COSN9901279,NA,L1PA6,FALSE,0.2807,NA,16,41,NA,NA,NA,IGR,FALSE,FALSE,FALSE,FALSE,3,2,1,2_1,e5c89fcf-cc57-4fad-a138-ea47ee9ea225,NA
4,125108088,125108088,1,snv_mnv,NA,NA,"broad,dkfz,muse,sanger",4,COSN9901310,NA,NA,FALSE,0.4225,NA,30,41,NA,NA,NA,lincRNA,FALSE,FALSE,FALSE,FALSE,3,2,1,2_1,e5c89fcf-cc57-4fad-a138-ea47ee9ea225,NA
4,125226318,125226318,1,snv_mnv,NA,NA,"broad,dkfz,muse,sanger",4,COSN9901337,NA,NA,FALSE,0.2667,NA,8,22,NA,NA,NA,IGR,FALSE,FALSE,FALSE,FALSE,3,2,1,2_1,e5c89fcf-cc57-4fad-a138-ea47ee9ea225,NA
4,125857085,125857085,1,snv_mnv,NA,NA,"broad,dkfz,muse,sanger",4,COSN9901469,NA,NA,FALSE,0.375,NA,12,20,NA,NA,NA,IGR,FALSE,FALSE,FALSE,FALSE,3,2,1,2_1,e5c89fcf-cc57-4fad-a138-ea47ee9ea225,NA
4,126041020,126041020,1,snv_mnv,NA,NA,"broad,dkfz,muse,sanger",4,COSN9901514,NA,L1ME3B,FALSE,0.3148,NA,17,37,NA,NA,NA,IGR,FALSE,FALSE,FALSE,FALSE,3,2,1,2_1,e5c89fcf-cc57-4fad-a138-ea47ee9ea225,NA
4,126054641,126054641,1,snv_mnv,NA,NA,"broad,dkfz,muse,sanger",4,COSN9901520,NA,ERVL-E-int,FALSE,0.283,NA,15,38,NA,NA,NA,IGR,FALSE,FALSE,FALSE,FALSE,3,2,1,2_1,e5c89fcf-cc57-4fad-a138-ea47ee9ea225,NA
4,127218742,127218742,1,snv_mnv,NA,NA,"broad,dkfz,muse,sanger",4,COSN15585369,NA,NA,FALSE,0.2639,NA,19,53,NA,NA,NA,IGR,FALSE,FALSE,FALSE,FALSE,3,2,1,2_1,e5c89fcf-cc57-4fad-a138-ea47ee9ea225,NA
4,127599371,127599371,1,snv_mnv,NA,NA,"broad,dkfz,muse,sanger",4,COSN9901779,NA,NA,FALSE,0.2258,NA,14,48,NA,NA,NA,IGR,FALSE,FALSE,FALSE,FALSE,3,2,1,2_1,e5c89fcf-cc57-4fad-a138-ea47ee9ea225,NA
4,130910964,130910964,1,snv_mnv,NA,NA,"broad,muse,sanger",3,COSN15584838,NA,NA,FALSE,0.2333,NA,14,46,NA,NA,NA,IGR,FALSE,FALSE,FALSE,TRUE,3,2,1,2_1,e5c89fcf-cc57-4fad-a138-ea47ee9ea225,NA
4,133373446,133373446,1,snv_mnv,NA,NA,"broad,dkfz,muse,sanger",4,COSN15585022,NA,L1MA1,FALSE,0.175,NA,14,66,NA,NA,NA,IGR,FALSE,FALSE,FALSE,FALSE,3,2,1,2_1,e5c89fcf-cc57-4fad-a138-ea47ee9ea225,NA
4,135491907,135491907,1,snv_mnv,NA,NA,"broad,dkfz,muse,sanger",4,COSN9903345,NA,L1ME4a,FALSE,0.2105,NA,12,45,NA,NA,NA,IGR,FALSE,FALSE,FALSE,FALSE,3,2,1,2_1,e5c89fcf-cc57-4fad-a138-ea47ee9ea225,NA
4,136660359,136660359,1,snv_mnv,NA,NA,"broad,dkfz,muse,sanger",4,COSN9903628,NA,NA,FALSE,0.25,NA,16,48,NA,NA,NA,IGR,FALSE,FALSE,FALSE,FALSE,3,2,1,2_1,e5c89fcf-cc57-4fad-a138-ea47ee9ea225,NA
4,136748785,136748785,1,snv_mnv,NA,NA,"broad,dkfz,muse,sanger",4,COSN9903651,NA,L2a,FALSE,0.3023,NA,13,30,NA,NA,NA,IGR,FALSE,FALSE,FALSE,FALSE,3,2,1,2_1,e5c89fcf-cc57-4fad-a138-ea47ee9ea225,NA
4,136762174,136762174,1,snv_mnv,NA,NA,"broad,dkfz,muse,sanger",4,COSN9903661,NA,ERVL-B4-int,FALSE,0.4324,NA,16,21,NA,NA,NA,IGR,FALSE,FALSE,FALSE,FALSE,3,2,1,2_1,e5c89fcf-cc57-4fad-a138-ea47ee9ea225,NA
4,137264150,137264150,1,snv_mnv,NA,NA,"broad,dkfz,muse,sanger",4,COSN9903805,NA,L1PA15,FALSE,0.36,NA,18,32,NA,NA,NA,IGR,FALSE,FALSE,FALSE,FALSE,3,2,1,2_1,e5c89fcf-cc57-4fad-a138-ea47ee9ea225,NA
4,137965186,137965186,1,snv_mnv,NA,NA,"broad,dkfz,muse,sanger",4,COSN9903937,NA,L1MDa,FALSE,0.2462,NA,16,49,NA,NA,NA,lincRNA,FALSE,FALSE,FALSE,FALSE,3,2,1,2_1,e5c89fcf-cc57-4fad-a138-ea47ee9ea225,NA
4,138204939,138204939,1,snv_mnv,NA,NA,"broad,dkfz,muse,sanger",4,COSN15585023,NA,NA,FALSE,0.1791,NA,12,55,NA,NA,NA,IGR,FALSE,FALSE,FALSE,FALSE,3,2,1,2_1,e5c89fcf-cc57-4fad-a138-ea47ee9ea225,NA
4,139149435,139149435,1,snv_mnv,NA,NA,"broad,dkfz,muse,sanger",4,COSN9904194,NA,NA,FALSE,0.2647,NA,18,50,NA,NA,NA,Intron,FALSE,FALSE,FALSE,FALSE,3,2,1,2_1,e5c89fcf-cc57-4fad-a138-ea47ee9ea225,NA
4,142034982,142034982,1,snv_mnv,NA,NA,"broad,dkfz,muse,sanger",4,COSN15584721,NA,L1PA7,FALSE,0.1791,NA,12,55,NA,NA,NA,Intron,FALSE,FALSE,FALSE,FALSE,3,2,1,2_1,e5c89fcf-cc57-4fad-a138-ea47ee9ea225,NA
4,144609266,144609266,1,snv_mnv,NA,NA,"broad,dkfz,muse,sanger",4,COSN15584999,NA,L1PB1,FALSE,0.2034,NA,12,47,NA,NA,NA,Intron,FALSE,FALSE,FALSE,FALSE,3,2,1,2_1,e5c89fcf-cc57-4fad-a138-ea47ee9ea225,NA
4,144650303,144650303,1,snv_mnv,NA,NA,"broad,dkfz,muse,sanger",4,COSN9885150,NA,MLT1C,FALSE,0.3519,NA,19,35,NA,NA,NA,RNA,FALSE,FALSE,FALSE,FALSE,3,2,1,2_1,e5c89fcf-cc57-4fad-a138-ea47ee9ea225,NA
4,144652854,144652854,1,snv_mnv,NA,NA,"broad,dkfz,muse,sanger",4,COSN9885152,NA,LTR39,FALSE,0.3542,NA,17,31,NA,NA,NA,RNA,FALSE,FALSE,FALSE,FALSE,3,2,1,2_1,e5c89fcf-cc57-4fad-a138-ea47ee9ea225,NA
4,149190323,149190323,1,snv_mnv,NA,NA,"broad,dkfz,muse,sanger",4,COSN9885774,NA,NA,FALSE,0.2857,NA,14,35,NA,NA,NA,Intron,FALSE,FALSE,FALSE,FALSE,3,2,1,2_1,e5c89fcf-cc57-4fad-a138-ea47ee9ea225,NA
4,149622540,149622540,1,snv_mnv,NA,NA,"broad,dkfz,muse,sanger",4,COSN15585202,NA,L1M2,FALSE,0.3182,NA,14,30,NA,NA,NA,IGR,FALSE,FALSE,FALSE,FALSE,3,2,1,2_1,e5c89fcf-cc57-4fad-a138-ea47ee9ea225,ATP5MGP4
4,150593576,150593576,1,snv_mnv,NA,NA,"broad,dkfz,muse,sanger",4,COSN9885975,NA,L1P1,FALSE,0.3529,NA,18,33,NA,NA,NA,lincRNA,FALSE,FALSE,FALSE,FALSE,3,2,1,2_1,e5c89fcf-cc57-4fad-a138-ea47ee9ea225,NA
4,151476403,151476403,1,snv_mnv,NA,NA,"broad,dkfz,muse,sanger",4,COSN15584715,NA,NA,FALSE,0.2909,NA,16,39,NA,NA,NA,Intron,FALSE,FALSE,FALSE,FALSE,3,2,1,2_1,e5c89fcf-cc57-4fad-a138-ea47ee9ea225,NA
4,152984787,152984787,1,snv_mnv,3.9936e-4,rs562421455,"broad,dkfz,muse,sanger",4,COSN9886313,rs562421455,MER20B,FALSE,0.2381,NA,10,32,NA,NA,NA,IGR,FALSE,FALSE,FALSE,FALSE,3,2,1,2_1,e5c89fcf-cc57-4fad-a138-ea47ee9ea225,NA
4,153826454,153826454,1,snv_mnv,NA,NA,"broad,dkfz,muse,sanger",4,COSN9886437,NA,L1M4,FALSE,0.2571,NA,18,52,NA,NA,NA,Intron,FALSE,FALSE,FALSE,FALSE,3,2,1,2_1,e5c89fcf-cc57-4fad-a138-ea47ee9ea225,NA
4,154128978,154128978,1,snv_mnv,NA,NA,"broad,dkfz,muse,sanger",4,COSN15585039,NA,NA,FALSE,0.2292,NA,11,37,NA,NA,NA,Intron,FALSE,FALSE,FALSE,FALSE,3,2,1,2_1,e5c89fcf-cc57-4fad-a138-ea47ee9ea225,NA
4,155184020,155184020,1,snv_mnv,NA,NA,"broad,dkfz,muse,sanger",4,COSN9886636,NA,NA,FALSE,0.2453,NA,13,40,NA,NA,NA,Intron,FALSE,FALSE,FALSE,FALSE,3,2,1,2_1,e5c89fcf-cc57-4fad-a138-ea47ee9ea225,AC079298.2
4,155820471,155820471,1,snv_mnv,NA,NA,"broad,dkfz,muse,sanger",4,COSN18966190,NA,NA,FALSE,0.3117,NA,24,53,NA,NA,NA,IGR,FALSE,FALSE,FALSE,FALSE,3,2,1,2_1,e5c89fcf-cc57-4fad-a138-ea47ee9ea225,NA
4,155869658,155869658,1,snv_mnv,NA,NA,"broad,dkfz,muse,sanger",4,COSN9886752,NA,NA,FALSE,0.3281,NA,21,43,NA,NA,NA,IGR,FALSE,FALSE,FALSE,FALSE,3,2,1,2_1,e5c89fcf-cc57-4fad-a138-ea47ee9ea225,NA
4,157113836,157113836,1,snv_mnv,NA,NA,"broad,dkfz,muse,sanger",4,COSN9886952,NA,NA,FALSE,0.3115,NA,19,42,NA,NA,NA,IGR,FALSE,FALSE,FALSE,FALSE,3,2,1,2_1,e5c89fcf-cc57-4fad-a138-ea47ee9ea225,NA
4,158062074,158062074,1,snv_mnv,NA,NA,"broad,dkfz,muse,sanger",4,COSN9887103,NA,NA,FALSE,0.2787,NA,17,44,NA,NA,NA,Intron,FALSE,FALSE,FALSE,FALSE,3,2,1,2_1,e5c89fcf-cc57-4fad-a138-ea47ee9ea225,GLRB
4,158725400,158725400,1,snv_mnv,NA,NA,"broad,dkfz,muse,sanger",4,COSN9887229,NA,L1ME1,FALSE,0.2245,NA,11,38,NA,NA,NA,IGR,FALSE,FALSE,FALSE,FALSE,3,2,1,2_1,e5c89fcf-cc57-4fad-a138-ea47ee9ea225,NA
4,159653128,159653128,1,snv_mnv,NA,NA,"broad,dkfz,muse,sanger",4,COSN9887396,NA,L2,FALSE,0.3438,NA,11,21,NA,NA,NA,IGR,FALSE,FALSE,FALSE,FALSE,3,2,1,2_1,e5c89fcf-cc57-4fad-a138-ea47ee9ea225,NA
4,160233261,160233261,1,snv_mnv,NA,NA,"broad,dkfz,muse,sanger",4,COSN9887463,NA,NA,FALSE,0.3404,NA,16,31,NA,NA,NA,Intron,FALSE,FALSE,FALSE,FALSE,3,2,1,2_1,e5c89fcf-cc57-4fad-a138-ea47ee9ea225,NA
4,160765900,160765900,1,snv_mnv,NA,NA,"broad,dkfz,muse,sanger",4,COSN9887579,NA,L1ME1,FALSE,0.413,NA,19,27,NA,NA,NA,IGR,FALSE,FALSE,FALSE,FALSE,3,2,1,2_1,e5c89fcf-cc57-4fad-a138-ea47ee9ea225,NA
4,161701906,161701906,1,snv_mnv,NA,NA,"broad,dkfz,muse,sanger",4,COSN9887823,NA,L1PB1,FALSE,0.2449,NA,12,37,NA,NA,NA,IGR,FALSE,FALSE,FALSE,FALSE,3,2,1,2_1,e5c89fcf-cc57-4fad-a138-ea47ee9ea225,NA
4,162250976,162250976,1,snv_mnv,NA,NA,"broad,dkfz,muse,sanger",4,COSN9887998,NA,ERVL-E-int,FALSE,0.1795,NA,7,32,NA,NA,NA,IGR,FALSE,FALSE,FALSE,FALSE,3,2,1,2_1,e5c89fcf-cc57-4fad-a138-ea47ee9ea225,NA
4,164019913,164019913,1,snv_mnv,NA,NA,"broad,dkfz,muse,sanger",4,COSN2840003,rs772038804,NA,FALSE,0.3261,NA,15,31,NA,NA,NA,IGR,FALSE,FALSE,FALSE,FALSE,3,2,1,2_1,e5c89fcf-cc57-4fad-a138-ea47ee9ea225,NA
4,164521683,164521683,1,snv_mnv,NA,NA,"broad,dkfz,muse,sanger",4,COSN9888542,NA,NA,FALSE,0.26,NA,13,37,NA,NA,NA,Intron,FALSE,FALSE,FALSE,FALSE,3,2,1,2_1,e5c89fcf-cc57-4fad-a138-ea47ee9ea225,NA
4,165104620,165104620,1,snv_mnv,NA,NA,"broad,dkfz,muse,sanger",4,COSN9888704,NA,L1M5,FALSE,0.25,NA,16,48,NA,NA,NA,Intron,FALSE,FALSE,FALSE,FALSE,3,2,1,2_1,e5c89fcf-cc57-4fad-a138-ea47ee9ea225,AC105250.1
4,165109022,165109022,1,snv_mnv,NA,NA,"broad,dkfz,muse,sanger",4,COSN9888707,NA,Charlie25,FALSE,0.2766,NA,13,34,NA,NA,NA,Intron,FALSE,FALSE,FALSE,FALSE,3,2,1,2_1,e5c89fcf-cc57-4fad-a138-ea47ee9ea225,AC105250.1
4,165396557,165396557,1,snv_mnv,NA,NA,"broad,dkfz,muse,sanger",4,COSN9888778,NA,L1MA2,FALSE,0.3273,NA,18,37,NA,NA,NA,IGR,FALSE,FALSE,FALSE,FALSE,3,2,1,2_1,e5c89fcf-cc57-4fad-a138-ea47ee9ea225,NA
4,165396901,165396901,1,snv_mnv,NA,NA,"broad,dkfz,muse,sanger",4,COSN9888779,NA,L1MA2,FALSE,0.3226,NA,20,42,NA,NA,NA,IGR,FALSE,FALSE,FALSE,FALSE,3,2,1,2_1,e5c89fcf-cc57-4fad-a138-ea47ee9ea225,NA
4,167305838,167305838,1,snv_mnv,NA,NA,"broad,dkfz,muse,sanger",4,COSN9889084,NA,L1MB8,FALSE,0.3137,NA,16,35,NA,NA,NA,IGR,FALSE,FALSE,FALSE,FALSE,3,2,1,2_1,e5c89fcf-cc57-4fad-a138-ea47ee9ea225,AC097487.1
4,169101767,169101767,1,snv_mnv,NA,NA,"broad,dkfz,muse,sanger",4,COSN9889530,NA,NA,FALSE,0.2381,NA,10,32,NA,NA,NA,Intron,FALSE,FALSE,FALSE,FALSE,3,2,1,2_1,e5c89fcf-cc57-4fad-a138-ea47ee9ea225,ANXA10
4,169574164,169574164,1,snv_mnv,NA,NA,"broad,dkfz,muse,sanger",4,COSN9889587,NA,NA,FALSE,0.4179,NA,28,39,NA,NA,NA,Intron,FALSE,FALSE,FALSE,FALSE,3,2,1,2_1,e5c89fcf-cc57-4fad-a138-ea47ee9ea225,"AC079858.1,PALLD"
4,170133797,170133797,1,snv_mnv,NA,NA,"broad,dkfz,muse,sanger",4,COSN9889698,NA,L1MC1,FALSE,0.1852,NA,10,44,NA,NA,NA,Intron,FALSE,FALSE,FALSE,FALSE,3,2,1,2_1,e5c89fcf-cc57-4fad-a138-ea47ee9ea225,NA
4,171689832,171689832,1,snv_mnv,NA,NA,"broad,dkfz,muse,sanger",4,COSN9889969,NA,NA,FALSE,0.25,NA,16,48,NA,NA,NA,IGR,FALSE,FALSE,FALSE,FALSE,3,2,1,2_1,e5c89fcf-cc57-4fad-a138-ea47ee9ea225,NA
4,171690819,171690819,1,snv_mnv,NA,NA,"broad,dkfz,muse,sanger",4,COSN9889971,NA,NA,FALSE,0.3214,NA,27,57,NA,NA,NA,IGR,FALSE,FALSE,FALSE,FALSE,3,2,1,2_1,e5c89fcf-cc57-4fad-a138-ea47ee9ea225,NA
4,172309978,172309978,1,snv_mnv,NA,NA,"broad,dkfz,muse,sanger",4,COSN9890101,NA,L1PA8,FALSE,0.2131,NA,13,48,NA,NA,NA,IGR,FALSE,FALSE,FALSE,FALSE,3,2,1,2_1,e5c89fcf-cc57-4fad-a138-ea47ee9ea225,NA
4,173228891,173228891,1,snv_mnv,NA,NA,"broad,dkfz,muse,sanger",4,COSN9890393,NA,L1PB1,FALSE,0.2055,NA,15,58,NA,NA,NA,Intron,FALSE,FALSE,FALSE,FALSE,3,2,1,2_1,e5c89fcf-cc57-4fad-a138-ea47ee9ea225,NA
4,173839398,173839398,1,snv_mnv,NA,NA,"broad,dkfz,muse,sanger",4,COSN9890507,NA,L1PA5,FALSE,0.2903,NA,9,22,NA,NA,NA,Intron,FALSE,FALSE,FALSE,FALSE,3,2,1,2_1,e5c89fcf-cc57-4fad-a138-ea47ee9ea225,NA
4,174833719,174833719,1,snv_mnv,NA,NA,"broad,dkfz,muse,sanger",4,COSN9890671,NA,NA,FALSE,0.2373,NA,14,45,NA,NA,NA,lincRNA,FALSE,FALSE,FALSE,FALSE,3,2,1,2_1,e5c89fcf-cc57-4fad-a138-ea47ee9ea225,AC106895.1
4,175374580,175374580,1,snv_mnv,NA,NA,"broad,dkfz,muse,sanger",4,COSN9890766,NA,NA,FALSE,0.3433,NA,23,44,NA,NA,NA,IGR,FALSE,FALSE,FALSE,FALSE,3,2,1,2_1,e5c89fcf-cc57-4fad-a138-ea47ee9ea225,NA
4,176609250,176609250,1,snv_mnv,NA,NA,"broad,dkfz,muse,sanger",4,COSN9891085,NA,L1MB1,FALSE,0.2778,NA,15,39,NA,NA,NA,Intron,FALSE,FALSE,FALSE,FALSE,3,2,1,2_1,e5c89fcf-cc57-4fad-a138-ea47ee9ea225,NA
4,176786308,176786308,1,snv_mnv,NA,NA,"broad,dkfz,muse,sanger",4,COSN9891132,NA,L1ME1,FALSE,0.3019,NA,16,37,NA,NA,NA,Intron,FALSE,FALSE,FALSE,FALSE,3,2,1,2_1,e5c89fcf-cc57-4fad-a138-ea47ee9ea225,NA
4,177717914,177717914,1,snv_mnv,NA,NA,"broad,dkfz,muse,sanger",4,COSN9891304,NA,NA,FALSE,0.2069,NA,12,46,NA,NA,NA,IGR,FALSE,FALSE,FALSE,FALSE,3,2,1,2_1,e5c89fcf-cc57-4fad-a138-ea47ee9ea225,VEGFC
4,178649313,178649313,1,snv_mnv,NA,NA,"broad,dkfz,muse,sanger",4,COSN9891436,NA,NA,FALSE,0.2222,NA,10,35,NA,NA,NA,5'Flank,FALSE,FALSE,FALSE,FALSE,3,2,1,2_1,e5c89fcf-cc57-4fad-a138-ea47ee9ea225,"LINC01098,LINC01099"
4,179703237,179703237,1,snv_mnv,NA,NA,"broad,dkfz,muse,sanger",4,COSN9891734,NA,NA,FALSE,0.32,NA,24,51,NA,NA,NA,IGR,FALSE,FALSE,FALSE,FALSE,3,2,1,2_1,e5c89fcf-cc57-4fad-a138-ea47ee9ea225,NA
4,179952575,179952575,1,snv_mnv,NA,NA,"broad,dkfz,muse,sanger",4,COSN9891817,NA,L1PA5,FALSE,0.4906,NA,26,27,NA,NA,NA,IGR,FALSE,FALSE,FALSE,FALSE,3,2,1,2_1,e5c89fcf-cc57-4fad-a138-ea47ee9ea225,NA
4,180268949,180268949,1,snv_mnv,NA,NA,"broad,dkfz,muse,sanger",4,COSN9891915,NA,L1M4,FALSE,0.4032,NA,25,37,NA,NA,NA,IGR,FALSE,FALSE,FALSE,FALSE,3,2,1,2_1,e5c89fcf-cc57-4fad-a138-ea47ee9ea225,NA
4,180326225,180326225,1,snv_mnv,NA,NA,"broad,dkfz,muse,sanger",4,COSN9891949,NA,HERVH-int,FALSE,0.2889,NA,13,32,NA,NA,NA,lincRNA,FALSE,FALSE,FALSE,FALSE,3,2,1,2_1,e5c89fcf-cc57-4fad-a138-ea47ee9ea225,NA
4,180365757,180365757,1,snv_mnv,NA,NA,"broad,dkfz,muse,sanger",4,COSN9891968,NA,NA,FALSE,0.2333,NA,14,46,NA,NA,NA,lincRNA,FALSE,FALSE,FALSE,FALSE,3,2,1,2_1,e5c89fcf-cc57-4fad-a138-ea47ee9ea225,NA
4,180796362,180796362,1,snv_mnv,NA,NA,"broad,dkfz,muse,sanger",4,COSN9892112,NA,L1PA13,FALSE,0.3095,NA,13,29,NA,NA,NA,IGR,FALSE,FALSE,FALSE,FALSE,3,2,1,2_1,e5c89fcf-cc57-4fad-a138-ea47ee9ea225,NA
4,180868037,180868037,1,snv_mnv,NA,NA,"broad,dkfz,muse,sanger",4,COSN9892145,NA,L1MA9,FALSE,0.1972,NA,14,57,NA,NA,NA,IGR,FALSE,FALSE,FALSE,FALSE,3,2,1,2_1,e5c89fcf-cc57-4fad-a138-ea47ee9ea225,NA
4,180942771,180942771,1,snv_mnv,NA,NA,"broad,dkfz,muse,sanger",4,COSN9892171,NA,NA,FALSE,0.2281,NA,13,44,NA,NA,NA,IGR,FALSE,FALSE,FALSE,FALSE,3,2,1,2_1,e5c89fcf-cc57-4fad-a138-ea47ee9ea225,NA
4,181003228,181003228,1,snv_mnv,NA,NA,"broad,dkfz,muse,sanger",4,COSN15584749,NA,NA,FALSE,0.197,NA,13,53,NA,NA,NA,IGR,FALSE,FALSE,FALSE,FALSE,3,2,1,2_1,e5c89fcf-cc57-4fad-a138-ea47ee9ea225,NA
4,181665369,181665369,1,snv_mnv,NA,NA,"broad,dkfz,muse,sanger",4,COSN9892409,NA,NA,FALSE,0.3273,NA,18,37,NA,NA,NA,lincRNA,FALSE,FALSE,FALSE,FALSE,3,2,1,2_1,e5c89fcf-cc57-4fad-a138-ea47ee9ea225,NA
4,182138874,182138874,1,snv_mnv,NA,NA,"broad,dkfz,muse,sanger",4,COSN9892563,NA,L2b,FALSE,0.225,NA,9,31,NA,NA,NA,IGR,FALSE,FALSE,FALSE,FALSE,3,2,1,2_1,e5c89fcf-cc57-4fad-a138-ea47ee9ea225,NA
4,182442661,182442661,1,snv_mnv,1.9968e-4,rs568374393,"broad,dkfz,muse,sanger",4,COSN9892672,rs568374393,NA,FALSE,0.2115,NA,11,41,NA,NA,NA,IGR,FALSE,FALSE,FALSE,FALSE,3,2,1,2_1,e5c89fcf-cc57-4fad-a138-ea47ee9ea225,AC093840.1
4,182494868,182494868,1,snv_mnv,NA,NA,"broad,dkfz,muse,sanger",4,COSN9892683,NA,NA,FALSE,0.2769,NA,18,47,NA,NA,NA,IGR,FALSE,FALSE,FALSE,FALSE,3,2,1,2_1,e5c89fcf-cc57-4fad-a138-ea47ee9ea225,NA
4,182958759,182958759,1,snv_mnv,NA,NA,"broad,dkfz,muse,sanger",4,COSN9892818,NA,NA,FALSE,0.3393,NA,19,37,NA,NA,NA,RNA,FALSE,FALSE,FALSE,FALSE,3,2,1,2_1,e5c89fcf-cc57-4fad-a138-ea47ee9ea225,NA
4,183179267,183179267,1,snv_mnv,NA,NA,"broad,dkfz,muse",3,COSN9892866,NA,(TA)n,FALSE,0.2727,NA,15,40,NA,NA,NA,Intron,FALSE,FALSE,FALSE,FALSE,3,2,1,2_1,e5c89fcf-cc57-4fad-a138-ea47ee9ea225,NA
4,183836543,183836543,1,snv_mnv,NA,NA,"broad,dkfz,muse,sanger",4,COSN15584784,NA,NA,FALSE,0.2045,NA,9,35,NA,NA,NA,Intron,FALSE,FALSE,FALSE,FALSE,3,2,1,2_1,e5c89fcf-cc57-4fad-a138-ea47ee9ea225,DCTD
4,183836544,183836544,1,snv_mnv,NA,NA,"broad,dkfz,muse,sanger",4,COSN9892971,NA,NA,FALSE,0.1905,NA,8,34,NA,NA,NA,Intron,FALSE,FALSE,FALSE,FALSE,3,2,1,2_1,e5c89fcf-cc57-4fad-a138-ea47ee9ea225,DCTD
4,187277502,187277502,1,snv_mnv,NA,NA,"broad,dkfz,muse,sanger",4,COSN9893454,NA,L1MC4,FALSE,0.2826,NA,13,33,NA,NA,NA,RNA,FALSE,FALSE,FALSE,FALSE,3,2,1,2_1,e5c89fcf-cc57-4fad-a138-ea47ee9ea225,NA
4,187712061,187712061,1,snv_mnv,NA,NA,"broad,dkfz,muse,sanger",4,COSN15585055,NA,NA,FALSE,0.2558,NA,11,32,NA,NA,NA,IGR,FALSE,FALSE,FALSE,FALSE,3,2,1,2_1,e5c89fcf-cc57-4fad-a138-ea47ee9ea225,NA
4,188192846,188192846,1,snv_mnv,NA,NA,"broad,dkfz,muse,sanger",4,COSN9893591,NA,MER6,FALSE,0.2553,NA,12,35,NA,NA,NA,IGR,FALSE,FALSE,FALSE,FALSE,3,2,1,2_1,e5c89fcf-cc57-4fad-a138-ea47ee9ea225,NA
5,1302503,1302503,1,snv_mnv,NA,NA,"broad,dkfz,muse,sanger",4,COSN9925613,NA,L1MA3,FALSE,0.2881,NA,17,42,NA,NA,NA,IGR,FALSE,FALSE,FALSE,FALSE,4,2,2,2_2,e5c89fcf-cc57-4fad-a138-ea47ee9ea225,NA
5,1644516,1644516,1,snv_mnv,NA,NA,"broad,dkfz,muse,sanger",4,COSN9931878,NA,NA,FALSE,0.3023,NA,13,30,NA,NA,NA,IGR,FALSE,FALSE,FALSE,FALSE,4,2,2,2_2,e5c89fcf-cc57-4fad-a138-ea47ee9ea225,NA
5,1960116,1960116,1,snv_mnv,NA,NA,"broad,dkfz,muse,sanger",4,COSN9945647,NA,MER82,FALSE,0.3659,NA,15,26,NA,NA,NA,lincRNA,FALSE,FALSE,FALSE,FALSE,4,2,2,2_2,e5c89fcf-cc57-4fad-a138-ea47ee9ea225,"AC126768.2,AC126768.1"
5,1991808,1991808,1,snv_mnv,NA,NA,"broad,dkfz,muse,sanger",4,COSN9945791,NA,L1MEc,FALSE,0.2969,NA,19,45,NA,NA,NA,IGR,FALSE,FALSE,FALSE,FALSE,4,2,2,2_2,e5c89fcf-cc57-4fad-a138-ea47ee9ea225,NA
5,3197730,3197730,1,snv_mnv,NA,NA,"broad,dkfz,muse,sanger",4,COSN9949566,NA,NA,FALSE,0.2812,NA,9,23,NA,NA,NA,IGR,FALSE,FALSE,FALSE,FALSE,4,2,2,2_2,e5c89fcf-cc57-4fad-a138-ea47ee9ea225,NA
5,4002417,4002417,1,snv_mnv,NA,NA,"broad,dkfz,muse,sanger",4,COSN9950911,NA,NA,FALSE,0.2,NA,8,32,NA,NA,NA,IGR,FALSE,FALSE,FALSE,FALSE,4,2,2,2_2,e5c89fcf-cc57-4fad-a138-ea47ee9ea225,NA
5,4532892,4532892,1,snv_mnv,NA,NA,"broad,dkfz,muse,sanger",4,COSN9952061,NA,NA,FALSE,0.4474,NA,17,21,NA,NA,NA,lincRNA,FALSE,FALSE,FALSE,FALSE,4,2,2,2_2,e5c89fcf-cc57-4fad-a138-ea47ee9ea225,NA
5,4732875,4732875,1,snv_mnv,NA,NA,"broad,dkfz,muse,sanger",4,COSN9952531,NA,NA,FALSE,0.3108,NA,23,51,NA,NA,NA,lincRNA,FALSE,FALSE,FALSE,FALSE,4,2,2,2_2,e5c89fcf-cc57-4fad-a138-ea47ee9ea225,NA
5,4768361,4768361,1,snv_mnv,NA,NA,"broad,dkfz,muse,sanger",4,COSN9952541,NA,MLT1A,FALSE,0.2414,NA,14,44,NA,NA,NA,lincRNA,FALSE,FALSE,FALSE,FALSE,4,2,2,2_2,e5c89fcf-cc57-4fad-a138-ea47ee9ea225,NA
5,5647394,5647394,1,snv_mnv,NA,NA,"broad,dkfz,muse,sanger",4,COSN9953997,NA,NA,FALSE,0.2364,NA,13,42,NA,NA,NA,IGR,FALSE,FALSE,FALSE,FALSE,4,2,2,2_2,e5c89fcf-cc57-4fad-a138-ea47ee9ea225,NA
5,6849256,6849256,1,snv_mnv,NA,NA,"broad,dkfz,muse,sanger",4,COSN9956119,NA,NA,FALSE,0.1935,NA,12,50,NA,NA,NA,RNA,FALSE,FALSE,FALSE,FALSE,4,2,2,2_2,e5c89fcf-cc57-4fad-a138-ea47ee9ea225,RN7SKP79
5,7837980,7837980,1,snv_mnv,NA,NA,"broad,dkfz,muse,sanger",4,COSN9957353,NA,NA,FALSE,0.2973,NA,11,26,NA,NA,NA,Intron,FALSE,FALSE,FALSE,FALSE,4,2,2,2_2,e5c89fcf-cc57-4fad-a138-ea47ee9ea225,NA
5,8560326,8560326,1,snv_mnv,NA,NA,"broad,dkfz,muse,sanger",4,COSN9958829,NA,NA,FALSE,0.2931,NA,17,41,NA,NA,NA,IGR,FALSE,FALSE,FALSE,FALSE,4,2,2,2_2,e5c89fcf-cc57-4fad-a138-ea47ee9ea225,NA
5,8620242,8620242,1,snv_mnv,NA,NA,"broad,dkfz,muse,sanger",4,COSN9958962,NA,NA,FALSE,0.2439,NA,10,31,NA,NA,NA,IGR,FALSE,FALSE,FALSE,FALSE,4,2,2,2_2,e5c89fcf-cc57-4fad-a138-ea47ee9ea225,MTND6P2
5,8799115,8799115,1,snv_mnv,NA,NA,"broad,dkfz,muse,sanger",4,COSN15585099,NA,L1M3de,FALSE,0.2034,NA,12,47,NA,NA,NA,IGR,FALSE,FALSE,FALSE,FALSE,4,2,2,2_2,e5c89fcf-cc57-4fad-a138-ea47ee9ea225,AC091932.3
5,10410496,10410496,1,snv_mnv,NA,NA,"broad,dkfz,muse,sanger",4,COSN10039597,NA,NA,FALSE,0.2963,NA,16,38,NA,NA,NA,Intron,FALSE,FALSE,FALSE,FALSE,4,2,2,2_2,e5c89fcf-cc57-4fad-a138-ea47ee9ea225,MARCH6
5,11557744,11557744,1,snv_mnv,NA,NA,"broad,dkfz,muse,sanger",4,COSN10042158,NA,MLT1E3,FALSE,0.2549,NA,13,38,NA,NA,NA,Intron,FALSE,FALSE,FALSE,FALSE,4,2,2,2_2,e5c89fcf-cc57-4fad-a138-ea47ee9ea225,NA
5,11974906,11974906,1,snv_mnv,NA,NA,"broad,dkfz,muse,sanger",4,COSN10042933,NA,THE1B,FALSE,0.3846,NA,15,24,NA,NA,NA,IGR,FALSE,FALSE,FALSE,FALSE,4,2,2,2_2,e5c89fcf-cc57-4fad-a138-ea47ee9ea225,NA
5,12476049,12476049,1,snv_mnv,1.9968e-4,rs576465354,"broad,dkfz,muse,sanger",4,COSN15585078,rs576465354,MER89,FALSE,0.22,NA,11,39,NA,NA,NA,IGR,FALSE,FALSE,FALSE,FALSE,4,2,2,2_2,e5c89fcf-cc57-4fad-a138-ea47ee9ea225,NA
5,12828944,12828944,1,snv_mnv,NA,NA,"broad,dkfz,muse,sanger",4,COSN9925122,NA,L1ME2,FALSE,0.2436,NA,19,59,NA,NA,NA,IGR,FALSE,FALSE,FALSE,FALSE,4,2,2,2_2,e5c89fcf-cc57-4fad-a138-ea47ee9ea225,NA
5,12895577,12895577,1,snv_mnv,NA,NA,"broad,dkfz,muse,sanger",4,COSN9925286,NA,NA,FALSE,0.25,NA,17,51,NA,NA,NA,IGR,FALSE,FALSE,FALSE,FALSE,4,2,2,2_2,e5c89fcf-cc57-4fad-a138-ea47ee9ea225,NA
5,13186954,13186954,1,snv_mnv,NA,NA,"broad,dkfz,muse,sanger",4,COSN9925872,NA,NA,FALSE,0.3051,NA,18,41,NA,NA,NA,IGR,FALSE,FALSE,FALSE,FALSE,4,2,2,2_2,e5c89fcf-cc57-4fad-a138-ea47ee9ea225,NA
5,13969499,13969499,1,snv_mnv,NA,NA,"broad,dkfz,muse,sanger",4,COSN9927060,NA,L1PB1,FALSE,0.254,NA,16,47,NA,NA,NA,IGR,FALSE,FALSE,FALSE,FALSE,4,2,2,2_2,e5c89fcf-cc57-4fad-a138-ea47ee9ea225,NA
5,14208700,14208700,1,snv_mnv,NA,NA,"broad,dkfz,muse,sanger",4,COSN15585088,NA,MER57C2,FALSE,0.2063,NA,13,50,NA,NA,NA,Intron,FALSE,FALSE,FALSE,FALSE,4,2,2,2_2,e5c89fcf-cc57-4fad-a138-ea47ee9ea225,NA
5,16099944,16099944,1,snv_mnv,NA,NA,"broad,dkfz,muse,sanger",4,COSN9930917,NA,NA,FALSE,0.2203,NA,13,46,NA,NA,NA,Intron,FALSE,FALSE,FALSE,FALSE,4,2,2,2_2,e5c89fcf-cc57-4fad-a138-ea47ee9ea225,NA
5,18097515,18097515,1,snv_mnv,NA,NA,"broad,dkfz,muse,sanger",4,COSN9945102,NA,NA,FALSE,0.1846,NA,12,53,NA,NA,NA,IGR,FALSE,FALSE,FALSE,FALSE,4,2,2,2_2,e5c89fcf-cc57-4fad-a138-ea47ee9ea225,NA
5,18143371,18143371,1,snv_mnv,NA,NA,"broad,dkfz,muse,sanger",4,COSN9945122,NA,NA,FALSE,0.241,NA,20,63,NA,NA,NA,IGR,FALSE,FALSE,FALSE,FALSE,4,2,2,2_2,e5c89fcf-cc57-4fad-a138-ea47ee9ea225,NA
5,18646872,18646872,1,snv_mnv,NA,NA,"broad,dkfz,muse,sanger",4,COSN9945309,NA,L1MA3,FALSE,0.2667,NA,16,44,NA,NA,NA,IGR,FALSE,FALSE,FALSE,FALSE,4,2,2,2_2,e5c89fcf-cc57-4fad-a138-ea47ee9ea225,NA
5,18696737,18696737,1,snv_mnv,NA,NA,"broad,dkfz,muse,sanger",4,COSN9945318,NA,NA,FALSE,0.25,NA,17,51,NA,NA,NA,IGR,FALSE,FALSE,FALSE,FALSE,4,2,2,2_2,e5c89fcf-cc57-4fad-a138-ea47ee9ea225,NA
5,18801741,18801741,1,snv_mnv,NA,NA,"broad,dkfz,muse,sanger",4,COSN9945350,NA,MER4A1,FALSE,0.2857,NA,14,35,NA,NA,NA,IGR,FALSE,FALSE,FALSE,FALSE,4,2,2,2_2,e5c89fcf-cc57-4fad-a138-ea47ee9ea225,NA
5,18855236,18855236,1,snv_mnv,9.984e-4,rs533003626,"broad,dkfz,muse,sanger",4,COSN15585430,rs533003626,THE1B,FALSE,0.2444,NA,11,34,NA,NA,NA,IGR,FALSE,FALSE,FALSE,FALSE,4,2,2,2_2,e5c89fcf-cc57-4fad-a138-ea47ee9ea225,NA
5,18990688,18990688,1,snv_mnv,NA,NA,"broad,dkfz,muse,sanger",4,COSN15584694,NA,NA,FALSE,0.2308,NA,12,40,NA,NA,NA,lincRNA,FALSE,FALSE,FALSE,FALSE,4,2,2,2_2,e5c89fcf-cc57-4fad-a138-ea47ee9ea225,NA
5,19414442,19414442,1,snv_mnv,NA,NA,"broad,dkfz,muse,sanger",4,COSN9945581,NA,NA,FALSE,0.1923,NA,15,63,NA,NA,NA,IGR,FALSE,FALSE,FALSE,FALSE,4,2,2,2_2,e5c89fcf-cc57-4fad-a138-ea47ee9ea225,NA
5,19655990,19655990,1,snv_mnv,NA,NA,"broad,dkfz,muse,sanger",4,COSN9945672,NA,NA,FALSE,0.3651,NA,23,40,NA,NA,NA,Intron,FALSE,FALSE,FALSE,FALSE,4,2,2,2_2,e5c89fcf-cc57-4fad-a138-ea47ee9ea225,NA
5,19656548,19656548,1,snv_mnv,NA,NA,"broad,dkfz,muse,sanger",4,COSN9945673,NA,NA,FALSE,0.2911,NA,23,56,NA,NA,NA,Intron,FALSE,FALSE,FALSE,FALSE,4,2,2,2_2,e5c89fcf-cc57-4fad-a138-ea47ee9ea225,NA
5,19865674,19865674,1,snv_mnv,NA,NA,"broad,dkfz,muse,sanger",4,COSN9945756,NA,NA,FALSE,0.2,NA,11,44,NA,NA,NA,Intron,FALSE,FALSE,FALSE,FALSE,4,2,2,2_2,e5c89fcf-cc57-4fad-a138-ea47ee9ea225,NA
5,19876342,19876342,1,snv_mnv,NA,NA,"broad,dkfz,muse,sanger",4,COSN9945766,NA,MLT1J2-int,FALSE,0.2424,NA,16,50,NA,NA,NA,Intron,FALSE,FALSE,FALSE,FALSE,4,2,2,2_2,e5c89fcf-cc57-4fad-a138-ea47ee9ea225,NA
5,19917442,19917442,1,snv_mnv,NA,NA,"broad,dkfz,muse,sanger",4,COSN9945790,NA,NA,FALSE,0.1731,NA,9,43,NA,NA,NA,Intron,FALSE,FALSE,FALSE,FALSE,4,2,2,2_2,e5c89fcf-cc57-4fad-a138-ea47ee9ea225,NA
5,19935106,19935106,1,snv_mnv,NA,NA,"broad,dkfz,muse,sanger",4,COSN9945800,NA,NA,FALSE,0.2615,NA,17,48,NA,NA,NA,Intron,FALSE,FALSE,FALSE,FALSE,4,2,2,2_2,e5c89fcf-cc57-4fad-a138-ea47ee9ea225,NA
5,20161576,20161576,1,snv_mnv,NA,NA,"broad,dkfz,muse,sanger",4,COSN9945879,NA,MLT1H2,FALSE,0.2459,NA,15,46,NA,NA,NA,Intron,FALSE,FALSE,FALSE,FALSE,4,2,2,2_2,e5c89fcf-cc57-4fad-a138-ea47ee9ea225,AC093303.1
5,20403185,20403185,1,snv_mnv,NA,NA,"broad,dkfz,muse,sanger",4,COSN9945992,NA,Tigger1,FALSE,0.3333,NA,9,18,NA,NA,NA,Intron,FALSE,FALSE,FALSE,FALSE,4,2,2,2_2,e5c89fcf-cc57-4fad-a138-ea47ee9ea225,NA
5,21678311,21678311,1,snv_mnv,NA,NA,"broad,dkfz,muse,sanger",4,COSN15585116,NA,L1M4,FALSE,0.2245,NA,11,38,NA,NA,NA,RNA,FALSE,FALSE,FALSE,FALSE,4,2,2,2_2,e5c89fcf-cc57-4fad-a138-ea47ee9ea225,NA
5,21994528,21994528,1,snv_mnv,NA,NA,"broad,dkfz,muse,sanger",4,COSN9946436,NA,NA,FALSE,0.3133,NA,26,57,NA,NA,NA,Intron,FALSE,FALSE,FALSE,FALSE,4,2,2,2_2,e5c89fcf-cc57-4fad-a138-ea47ee9ea225,NA
5,22327068,22327068,1,snv_mnv,NA,NA,"broad,dkfz,muse,sanger",4,COSN9946547,NA,NA,FALSE,0.2632,NA,15,42,NA,NA,NA,Intron,FALSE,FALSE,FALSE,FALSE,4,2,2,2_2,e5c89fcf-cc57-4fad-a138-ea47ee9ea225,NA
5,22945843,22945843,1,snv_mnv,NA,NA,"broad,dkfz,muse,sanger",4,COSN9946806,NA,ERVL-E-int,FALSE,0.3333,NA,30,60,NA,NA,NA,IGR,FALSE,FALSE,FALSE,FALSE,4,2,2,2_2,e5c89fcf-cc57-4fad-a138-ea47ee9ea225,NA
5,23093024,23093024,1,snv_mnv,NA,NA,"broad,dkfz,muse,sanger",4,COSN9946858,NA,NA,FALSE,0.3425,NA,25,48,NA,NA,NA,IGR,FALSE,FALSE,FALSE,FALSE,4,2,2,2_2,e5c89fcf-cc57-4fad-a138-ea47ee9ea225,NA
5,23856749,23856749,1,snv_mnv,NA,NA,"broad,dkfz,muse,sanger",4,COSN9947114,NA,L1PA7,FALSE,0.241,NA,20,63,NA,NA,NA,IGR,FALSE,FALSE,FALSE,FALSE,4,2,2,2_2,e5c89fcf-cc57-4fad-a138-ea47ee9ea225,NA
5,23958126,23958126,1,snv_mnv,NA,NA,"broad,dkfz,muse,sanger",4,COSN9947159,NA,NA,FALSE,0.3016,NA,19,44,NA,NA,NA,Intron,FALSE,FALSE,FALSE,FALSE,4,2,2,2_2,e5c89fcf-cc57-4fad-a138-ea47ee9ea225,NA
5,24081883,24081883,1,snv_mnv,NA,NA,"broad,dkfz,muse,sanger",4,COSN9947209,NA,ERVL-B4-int,FALSE,0.3607,NA,22,39,NA,NA,NA,IGR,FALSE,FALSE,FALSE,FALSE,4,2,2,2_2,e5c89fcf-cc57-4fad-a138-ea47ee9ea225,NA
5,24153344,24153344,1,snv_mnv,NA,NA,"broad,dkfz,muse,sanger",4,COSN9947235,NA,NA,FALSE,0.24,NA,18,57,NA,NA,NA,IGR,FALSE,FALSE,FALSE,FALSE,4,2,2,2_2,e5c89fcf-cc57-4fad-a138-ea47ee9ea225,NA
5,24190516,24190516,1,snv_mnv,9.984e-4,rs567257518,"broad,dkfz,muse,sanger",4,COSN9947250,rs567257518,NA,FALSE,0.2745,NA,14,37,NA,NA,NA,IGR,FALSE,FALSE,FALSE,FALSE,4,2,2,2_2,e5c89fcf-cc57-4fad-a138-ea47ee9ea225,NA
5,24219606,24219606,1,snv_mnv,NA,NA,"broad,dkfz,muse,sanger",4,COSN9947263,NA,NA,FALSE,0.2586,NA,15,43,NA,NA,NA,IGR,FALSE,FALSE,FALSE,FALSE,4,2,2,2_2,e5c89fcf-cc57-4fad-a138-ea47ee9ea225,NA
5,24488958,24488958,1,snv_mnv,NA,NA,"broad,dkfz,muse,sanger",4,COSN9947334,NA,NA,FALSE,0.2203,NA,13,46,NA,NA,NA,Intron,FALSE,FALSE,FALSE,FALSE,4,2,2,2_2,e5c89fcf-cc57-4fad-a138-ea47ee9ea225,NA
5,24693461,24693461,1,snv_mnv,NA,NA,"broad,dkfz,muse,sanger",4,COSN9947393,NA,L2a,FALSE,0.3333,NA,23,46,NA,NA,NA,IGR,FALSE,FALSE,FALSE,FALSE,4,2,2,2_2,e5c89fcf-cc57-4fad-a138-ea47ee9ea225,NA
5,24845454,24845454,1,snv_mnv,NA,NA,"broad,dkfz,muse,sanger",4,COSN9947445,NA,L1MC4,FALSE,0.2881,NA,17,42,NA,NA,NA,IGR,FALSE,FALSE,FALSE,FALSE,4,2,2,2_2,e5c89fcf-cc57-4fad-a138-ea47ee9ea225,LINC02239
5,25186144,25186144,1,snv_mnv,NA,NA,"broad,dkfz,muse,sanger",4,COSN9947590,NA,L1MA9,FALSE,0.2329,NA,17,56,NA,NA,NA,lincRNA,FALSE,FALSE,FALSE,FALSE,4,2,2,2_2,e5c89fcf-cc57-4fad-a138-ea47ee9ea225,"LINC02211,AC099499.2"
5,25413149,25413149,1,snv_mnv,NA,NA,"broad,dkfz,muse,sanger",4,COSN9947685,NA,NA,FALSE,0.2532,NA,20,59,NA,NA,NA,lincRNA,FALSE,FALSE,FALSE,FALSE,4,2,2,2_2,e5c89fcf-cc57-4fad-a138-ea47ee9ea225,AC022140.1
5,25737575,25737575,1,snv_mnv,NA,NA,"broad,dkfz,muse,sanger",4,COSN9947829,NA,NA,FALSE,0.2048,NA,17,66,NA,NA,NA,IGR,FALSE,FALSE,FALSE,FALSE,4,2,2,2_2,e5c89fcf-cc57-4fad-a138-ea47ee9ea225,NA
5,26055966,26055966,1,snv_mnv,NA,NA,"broad,dkfz,muse,sanger",4,COSN9947951,NA,THE1D,FALSE,0.2838,NA,21,53,NA,NA,NA,IGR,FALSE,FALSE,FALSE,FALSE,4,2,2,2_2,e5c89fcf-cc57-4fad-a138-ea47ee9ea225,NA
5,26312439,26312439,1,snv_mnv,NA,NA,"broad,dkfz,muse,sanger",4,COSN9948040,NA,NA,FALSE,0.2037,NA,11,43,NA,NA,NA,IGR,FALSE,FALSE,FALSE,FALSE,4,2,2,2_2,e5c89fcf-cc57-4fad-a138-ea47ee9ea225,NA
5,26716368,26716368,1,snv_mnv,NA,NA,"broad,dkfz,muse,sanger",4,COSN9948184,NA,MIR,FALSE,0.2727,NA,18,48,NA,NA,NA,lincRNA,FALSE,FALSE,FALSE,FALSE,4,2,2,2_2,e5c89fcf-cc57-4fad-a138-ea47ee9ea225,NA
5,26977883,26977883,1,snv_mnv,NA,NA,"broad,dkfz,muse,sanger",4,COSN9948269,NA,NA,FALSE,0.2903,NA,18,44,NA,NA,NA,Intron,FALSE,FALSE,FALSE,FALSE,4,2,2,2_2,e5c89fcf-cc57-4fad-a138-ea47ee9ea225,NA
5,27616185,27616185,1,snv_mnv,NA,NA,"broad,dkfz,muse,sanger",4,COSN9948446,NA,L1PA8,FALSE,0.386,NA,22,35,NA,NA,NA,IGR,FALSE,FALSE,FALSE,FALSE,4,2,2,2_2,e5c89fcf-cc57-4fad-a138-ea47ee9ea225,NA
5,27948748,27948748,1,snv_mnv,NA,NA,"broad,dkfz,muse,sanger",4,COSN16322105,NA,NA,FALSE,0.1948,NA,15,62,NA,NA,NA,IGR,FALSE,FALSE,FALSE,FALSE,4,2,2,2_2,e5c89fcf-cc57-4fad-a138-ea47ee9ea225,NA
5,27963458,27963458,1,snv_mnv,NA,NA,"broad,dkfz,muse,sanger",4,COSN9948534,NA,L1PREC2,FALSE,0.2821,NA,11,28,NA,NA,NA,IGR,FALSE,FALSE,FALSE,FALSE,4,2,2,2_2,e5c89fcf-cc57-4fad-a138-ea47ee9ea225,NA
5,28058488,28058488,1,snv_mnv,NA,NA,"broad,dkfz,muse,sanger",4,COSN9948558,NA,NA,FALSE,0.3099,NA,22,49,NA,NA,NA,IGR,FALSE,FALSE,FALSE,FALSE,4,2,2,2_2,e5c89fcf-cc57-4fad-a138-ea47ee9ea225,NA
5,28130550,28130550,1,snv_mnv,NA,NA,"broad,dkfz,muse,sanger",4,COSN15585035,NA,PRIMA4-int,FALSE,0.16,NA,12,63,NA,NA,NA,IGR,FALSE,FALSE,FALSE,FALSE,4,2,2,2_2,e5c89fcf-cc57-4fad-a138-ea47ee9ea225,NA
5,28243490,28243490,1,snv_mnv,NA,NA,"broad,dkfz,muse,sanger",4,COSN9948617,NA,NA,FALSE,0.1833,NA,11,49,NA,NA,NA,IGR,FALSE,FALSE,FALSE,FALSE,4,2,2,2_2,e5c89fcf-cc57-4fad-a138-ea47ee9ea225,NA
5,28423111,28423111,1,snv_mnv,NA,NA,"broad,dkfz,muse,sanger",4,COSN9948678,NA,MER65A,FALSE,0.2667,NA,16,44,NA,NA,NA,IGR,FALSE,FALSE,FALSE,FALSE,4,2,2,2_2,e5c89fcf-cc57-4fad-a138-ea47ee9ea225,NA
5,28468747,28468747,1,snv_mnv,NA,NA,"broad,dkfz,muse,sanger",4,COSN9948691,NA,L1MA10,FALSE,0.3286,NA,23,47,NA,NA,NA,IGR,FALSE,FALSE,FALSE,FALSE,4,2,2,2_2,e5c89fcf-cc57-4fad-a138-ea47ee9ea225,NA
5,28630789,28630789,1,snv_mnv,NA,NA,"broad,dkfz,muse,sanger",4,COSN9948747,NA,MIR,FALSE,0.3636,NA,20,35,NA,NA,NA,IGR,FALSE,FALSE,FALSE,FALSE,4,2,2,2_2,e5c89fcf-cc57-4fad-a138-ea47ee9ea225,NA
5,29397547,29397547,1,snv_mnv,NA,NA,"broad,dkfz,muse,sanger",4,COSN9948961,NA,L1MB7,FALSE,0.28,NA,21,54,NA,NA,NA,lincRNA,FALSE,FALSE,FALSE,FALSE,4,2,2,2_2,e5c89fcf-cc57-4fad-a138-ea47ee9ea225,LINC02064
5,29586191,29586191,1,snv_mnv,NA,NA,"broad,dkfz,muse,sanger",4,COSN9949026,NA,MER3,FALSE,0.1714,NA,12,58,NA,NA,NA,IGR,FALSE,FALSE,FALSE,FALSE,4,2,2,2_2,e5c89fcf-cc57-4fad-a138-ea47ee9ea225,NA
5,29598830,29598830,1,snv_mnv,NA,NA,"broad,dkfz,muse,sanger",4,COSN9949029,NA,NA,FALSE,0.2821,NA,22,56,NA,NA,NA,IGR,FALSE,FALSE,FALSE,FALSE,4,2,2,2_2,e5c89fcf-cc57-4fad-a138-ea47ee9ea225,UBL5P1
5,29815365,29815365,1,snv_mnv,NA,NA,"broad,dkfz,muse,sanger",4,COSN9949107,NA,NA,FALSE,0.48,NA,24,26,NA,NA,NA,IGR,FALSE,FALSE,FALSE,FALSE,4,2,2,2_2,e5c89fcf-cc57-4fad-a138-ea47ee9ea225,NA
5,30344846,30344846,1,snv_mnv,NA,NA,"broad,dkfz,muse,sanger",4,COSN9949272,NA,NA,FALSE,0.2658,NA,21,58,NA,NA,NA,IGR,FALSE,FALSE,FALSE,FALSE,4,2,2,2_2,e5c89fcf-cc57-4fad-a138-ea47ee9ea225,NA
5,30474683,30474683,1,snv_mnv,NA,NA,"broad,dkfz,muse,sanger",4,COSN9949306,rs534184416,NA,FALSE,0.2667,NA,24,66,NA,NA,NA,IGR,FALSE,FALSE,FALSE,FALSE,4,2,2,2_2,e5c89fcf-cc57-4fad-a138-ea47ee9ea225,NA
5,30613675,30613675,1,snv_mnv,NA,NA,"broad,dkfz,muse,sanger",4,COSN9949339,NA,L1ME2,FALSE,0.3125,NA,20,44,NA,NA,NA,IGR,FALSE,FALSE,FALSE,FALSE,4,2,2,2_2,e5c89fcf-cc57-4fad-a138-ea47ee9ea225,NA
5,31830022,31830022,1,snv_mnv,NA,NA,"broad,dkfz,muse,sanger",4,COSN9949548,NA,AluSx1,FALSE,0.4,NA,18,27,NA,NA,NA,Intron,FALSE,FALSE,FALSE,FALSE,4,2,2,2_2,e5c89fcf-cc57-4fad-a138-ea47ee9ea225,RNU6-760P
5,32108307,32108307,1,snv_mnv,NA,NA,"broad,dkfz,muse,sanger",4,COSN9949586,NA,NA,FALSE,0.2553,NA,12,35,NA,NA,NA,3'UTR,FALSE,FALSE,FALSE,FALSE,4,2,2,2_2,e5c89fcf-cc57-4fad-a138-ea47ee9ea225,NA
5,34451882,34451882,1,snv_mnv,NA,NA,"broad,dkfz,muse,sanger",4,COSN9949962,NA,NA,FALSE,0.3393,NA,19,37,NA,NA,NA,IGR,FALSE,FALSE,FALSE,FALSE,4,2,2,2_2,e5c89fcf-cc57-4fad-a138-ea47ee9ea225,NA
5,35094306,35094306,1,snv_mnv,NA,NA,"broad,dkfz,muse,sanger",4,COSN9950076,NA,L1ME3A,FALSE,0.2951,NA,18,43,NA,NA,NA,Intron,FALSE,FALSE,FALSE,FALSE,4,2,2,2_2,e5c89fcf-cc57-4fad-a138-ea47ee9ea225,PRLR
5,36139661,36139661,1,snv_mnv,NA,NA,"broad,dkfz,muse,sanger",4,COSN15585219,NA,MER52A,FALSE,0.3333,NA,10,20,NA,NA,NA,Intron,FALSE,FALSE,FALSE,FALSE,4,2,2,2_2,e5c89fcf-cc57-4fad-a138-ea47ee9ea225,LMBRD2
5,36795194,36795194,1,snv_mnv,NA,NA,"broad,dkfz,muse,sanger",4,COSN9950354,NA,NA,FALSE,0.1875,NA,12,52,NA,NA,NA,IGR,FALSE,FALSE,FALSE,FALSE,4,2,2,2_2,e5c89fcf-cc57-4fad-a138-ea47ee9ea225,NA
5,38264734,38264734,1,snv_mnv,3.9936e-4,rs560101083,"broad,dkfz,muse,sanger",4,COSN9950606,rs560101083,NA,FALSE,0.2308,NA,12,40,NA,NA,NA,Intron,FALSE,FALSE,FALSE,FALSE,4,2,2,2_2,e5c89fcf-cc57-4fad-a138-ea47ee9ea225,NA
5,39008913,39008913,1,snv_mnv,NA,NA,"broad,dkfz,muse,sanger",4,COSN9950724,NA,NA,FALSE,0.2154,NA,14,51,NA,NA,NA,Intron,FALSE,FALSE,FALSE,FALSE,4,2,2,2_2,e5c89fcf-cc57-4fad-a138-ea47ee9ea225,NA
5,39058254,39058254,1,snv_mnv,NA,NA,"broad,dkfz,muse,sanger",4,COSN9950728,NA,NA,FALSE,0.2615,NA,17,48,NA,NA,NA,Intron,FALSE,FALSE,FALSE,FALSE,4,2,2,2_2,e5c89fcf-cc57-4fad-a138-ea47ee9ea225,NA
5,39170808,39170808,1,snv_mnv,NA,NA,"broad,dkfz,muse,sanger",4,COSN6296518,NA,L2,FALSE,0.1754,NA,10,47,NA,NA,NA,Intron,FALSE,FALSE,FALSE,FALSE,4,2,2,2_2,e5c89fcf-cc57-4fad-a138-ea47ee9ea225,GOLGA5P1
5,39832837,39832837,1,snv_mnv,NA,NA,"broad,dkfz,muse,sanger",4,COSN9950867,NA,L1ME2z,FALSE,0.4133,NA,31,44,NA,NA,NA,IGR,FALSE,FALSE,FALSE,FALSE,4,2,2,2_2,e5c89fcf-cc57-4fad-a138-ea47ee9ea225,NA
5,40589657,40589657,1,snv_mnv,NA,NA,"broad,dkfz,muse,sanger",4,COSN9951010,rs778349505,NA,FALSE,0.2361,NA,17,55,NA,NA,NA,IGR,FALSE,FALSE,FALSE,FALSE,4,2,2,2_2,e5c89fcf-cc57-4fad-a138-ea47ee9ea225,NA
5,42160726,42160726,1,snv_mnv,NA,NA,"broad,dkfz,muse,sanger",4,COSN9951326,NA,L1ME2,FALSE,0.2273,NA,10,34,NA,NA,NA,IGR,FALSE,FALSE,FALSE,FALSE,3,2,1,2_1,e5c89fcf-cc57-4fad-a138-ea47ee9ea225,NA
5,43791373,43791373,1,snv_mnv,NA,NA,"broad,dkfz,muse,sanger",4,COSN9951610,NA,HERVH-int,FALSE,0.2727,NA,12,32,NA,NA,NA,IGR,FALSE,FALSE,FALSE,FALSE,3,2,1,2_1,e5c89fcf-cc57-4fad-a138-ea47ee9ea225,NA
5,43936233,43936233,1,snv_mnv,NA,NA,"broad,dkfz,muse,sanger",4,COSN9951651,NA,L1MA1,FALSE,0.4359,NA,17,22,NA,NA,NA,IGR,FALSE,FALSE,FALSE,FALSE,3,2,1,2_1,e5c89fcf-cc57-4fad-a138-ea47ee9ea225,NA
5,44443861,44443861,1,snv_mnv,NA,NA,"broad,dkfz,muse,sanger",4,COSN9951810,NA,LTR78,FALSE,0.2857,NA,16,40,NA,NA,NA,IGR,FALSE,FALSE,FALSE,FALSE,3,2,1,2_1,e5c89fcf-cc57-4fad-a138-ea47ee9ea225,NA
5,45259157,45259157,1,snv_mnv,NA,NA,"broad,dkfz,muse,sanger",4,COSN9952037,NA,NA,FALSE,0.2833,NA,17,43,NA,NA,NA,IGR,FALSE,FALSE,FALSE,FALSE,3,2,1,2_1,e5c89fcf-cc57-4fad-a138-ea47ee9ea225,HCN1
5,45455733,45455733,1,snv_mnv,NA,NA,"broad,dkfz,muse,sanger",4,COSN9952118,NA,NA,FALSE,0.2742,NA,17,45,NA,NA,NA,Intron,FALSE,FALSE,FALSE,FALSE,3,2,1,2_1,e5c89fcf-cc57-4fad-a138-ea47ee9ea225,NA
5,45699831,45699831,1,snv_mnv,NA,NA,"broad,dkfz,muse,sanger",4,COSN9952211,NA,L1M5,FALSE,0.3165,NA,25,54,NA,NA,NA,IGR,FALSE,FALSE,FALSE,FALSE,3,2,1,2_1,e5c89fcf-cc57-4fad-a138-ea47ee9ea225,HCN1
5,45785163,45785163,1,snv_mnv,NA,NA,"broad,dkfz,muse,sanger",4,COSN9952242,NA,MER57E1,FALSE,0.1967,NA,12,49,NA,NA,NA,IGR,FALSE,FALSE,FALSE,FALSE,3,2,1,2_1,e5c89fcf-cc57-4fad-a138-ea47ee9ea225,NA
5,45859793,45859793,1,snv_mnv,NA,NA,"broad,dkfz,muse,sanger",4,COSN9952281,NA,L1PA13,FALSE,0.3846,NA,25,40,NA,NA,NA,IGR,FALSE,FALSE,FALSE,FALSE,3,2,1,2_1,e5c89fcf-cc57-4fad-a138-ea47ee9ea225,NA
5,46034429,46034429,1,snv_mnv,NA,NA,"broad,muse",2,COSN9952367,NA,ALR/Alpha,FALSE,0.3276,NA,19,39,NA,NA,NA,IGR,FALSE,FALSE,FALSE,FALSE,3,2,1,2_1,e5c89fcf-cc57-4fad-a138-ea47ee9ea225,NA
5,49492509,49492509,1,snv_mnv,NA,NA,"broad,muse",2,COSN9952596,NA,ALR/Alpha,FALSE,0.3333,NA,15,30,NA,NA,NA,IGR,FALSE,FALSE,FALSE,FALSE,3,2,1,2_1,e5c89fcf-cc57-4fad-a138-ea47ee9ea225,NA
5,50150159,50150159,1,snv_mnv,NA,NA,"broad,dkfz,muse",3,COSN9952785,NA,NA,FALSE,0.3704,NA,20,34,NA,NA,NA,IGR,FALSE,FALSE,FALSE,FALSE,3,2,1,2_1,e5c89fcf-cc57-4fad-a138-ea47ee9ea225,AC022441.1
5,50575972,50575972,1,snv_mnv,NA,NA,"broad,dkfz,muse,sanger",4,COSN15966452,NA,NA,FALSE,0.2195,NA,9,32,NA,NA,NA,IGR,FALSE,FALSE,FALSE,FALSE,3,2,1,2_1,e5c89fcf-cc57-4fad-a138-ea47ee9ea225,NA
5,51847967,51847967,1,snv_mnv,NA,NA,"broad,dkfz,muse,sanger",4,COSN9953290,NA,NA,FALSE,0.2192,NA,16,57,NA,NA,NA,IGR,FALSE,FALSE,FALSE,FALSE,3,2,1,2_1,e5c89fcf-cc57-4fad-a138-ea47ee9ea225,NA
5,52181457,52181457,1,snv_mnv,NA,NA,"broad,dkfz,muse,sanger",4,COSN9953334,NA,MER57D,FALSE,0.2615,NA,17,48,NA,NA,NA,Intron,FALSE,FALSE,FALSE,FALSE,3,2,1,2_1,e5c89fcf-cc57-4fad-a138-ea47ee9ea225,"ITGA1,B3GNTL1P1"
5,53051586,53051586,1,snv_mnv,NA,NA,"broad,dkfz,muse,sanger",4,COSN15585136,NA,L1PA6,FALSE,0.2667,NA,8,22,NA,NA,NA,IGR,FALSE,FALSE,FALSE,FALSE,3,2,1,2_1,e5c89fcf-cc57-4fad-a138-ea47ee9ea225,NA
5,54739793,54739793,1,snv_mnv,NA,NA,"broad,dkfz,muse,sanger",4,COSN9953755,NA,NA,FALSE,0.4186,NA,18,25,NA,NA,NA,Intron,FALSE,FALSE,FALSE,FALSE,3,2,1,2_1,e5c89fcf-cc57-4fad-a138-ea47ee9ea225,NA
5,55269552,55269552,1,snv_mnv,NA,NA,"broad,dkfz,muse,sanger",4,COSN9953826,NA,MLT1G3,FALSE,0.3,NA,9,21,NA,NA,NA,Intron,FALSE,FALSE,FALSE,FALSE,3,2,1,2_1,e5c89fcf-cc57-4fad-a138-ea47ee9ea225,AC008892.1
5,55949342,55949342,1,snv_mnv,NA,NA,"broad,dkfz,muse,sanger",4,COSN9953913,NA,NA,FALSE,0.2609,NA,12,34,NA,NA,NA,IGR,FALSE,FALSE,FALSE,FALSE,3,2,1,2_1,e5c89fcf-cc57-4fad-a138-ea47ee9ea225,NA
5,57478368,57478368,1,snv_mnv,NA,NA,"broad,dkfz,muse,sanger",4,COSN9954206,NA,NA,FALSE,0.3182,NA,14,30,NA,NA,NA,IGR,FALSE,FALSE,FALSE,FALSE,3,2,1,2_1,e5c89fcf-cc57-4fad-a138-ea47ee9ea225,NA
5,58517780,58517780,1,snv_mnv,NA,NA,"broad,dkfz,muse,sanger",4,COSN15585105,NA,NA,FALSE,0.25,NA,11,33,NA,NA,NA,Intron,FALSE,FALSE,FALSE,FALSE,3,2,1,2_1,e5c89fcf-cc57-4fad-a138-ea47ee9ea225,PDE4D
5,58654966,58654966,1,snv_mnv,NA,NA,"broad,dkfz,muse,sanger",4,COSN9954427,NA,NA,FALSE,0.2576,NA,17,49,NA,NA,NA,Intron,FALSE,FALSE,FALSE,FALSE,3,2,1,2_1,e5c89fcf-cc57-4fad-a138-ea47ee9ea225,PDE4D
5,62377987,62377987,1,snv_mnv,NA,NA,"broad,dkfz,muse,sanger",4,COSN9955035,NA,NA,FALSE,0.2373,NA,14,45,NA,NA,NA,IGR,FALSE,FALSE,FALSE,FALSE,3,2,1,2_1,e5c89fcf-cc57-4fad-a138-ea47ee9ea225,NA
5,62471385,62471385,1,snv_mnv,NA,NA,"broad,dkfz,muse,sanger",4,COSN9955051,NA,L3,FALSE,0.2162,NA,16,58,NA,NA,NA,IGR,FALSE,FALSE,FALSE,FALSE,3,2,1,2_1,e5c89fcf-cc57-4fad-a138-ea47ee9ea225,NA
5,62664147,62664147,1,snv_mnv,NA,NA,"broad,dkfz,muse",3,COSN9955098,NA,L1ME2,FALSE,0.3889,NA,21,33,NA,NA,NA,IGR,FALSE,FALSE,FALSE,FALSE,3,2,1,2_1,e5c89fcf-cc57-4fad-a138-ea47ee9ea225,NA
5,63066329,63066329,1,snv_mnv,NA,NA,"broad,dkfz,muse,sanger",4,COSN9955195,NA,L1MEc,FALSE,0.4237,NA,25,34,NA,NA,NA,IGR,FALSE,FALSE,FALSE,FALSE,3,2,1,2_1,e5c89fcf-cc57-4fad-a138-ea47ee9ea225,NA
5,63179310,63179310,1,snv_mnv,NA,NA,"broad,dkfz,muse,sanger",4,COSN9955220,NA,Tigger1,FALSE,0.3088,NA,21,47,NA,NA,NA,IGR,FALSE,FALSE,FALSE,FALSE,3,2,1,2_1,e5c89fcf-cc57-4fad-a138-ea47ee9ea225,NA
5,63226961,63226961,1,snv_mnv,NA,NA,"broad,dkfz,muse,sanger",4,COSN9955234,NA,NA,FALSE,0.4082,NA,20,29,NA,NA,NA,IGR,FALSE,FALSE,FALSE,FALSE,3,2,1,2_1,e5c89fcf-cc57-4fad-a138-ea47ee9ea225,NA
5,63716684,63716684,1,snv_mnv,NA,NA,"broad,dkfz,muse,sanger",4,COSN9955323,rs528649122,L1MA3,FALSE,0.3235,NA,22,46,NA,NA,NA,IGR,FALSE,FALSE,FALSE,FALSE,3,2,1,2_1,e5c89fcf-cc57-4fad-a138-ea47ee9ea225,NA
5,72693639,72693639,1,snv_mnv,NA,NA,"broad,dkfz,muse,sanger",4,COSN9956518,NA,MLT2F,FALSE,0.2128,NA,10,37,NA,NA,NA,RNA,FALSE,FALSE,FALSE,FALSE,3,2,1,2_1,e5c89fcf-cc57-4fad-a138-ea47ee9ea225,NA
5,73784799,73784799,1,snv_mnv,NA,NA,"broad,dkfz,muse,sanger",4,COSN9956696,NA,AluSx,FALSE,0.3333,NA,9,18,NA,NA,NA,lincRNA,FALSE,FALSE,FALSE,FALSE,3,2,1,2_1,e5c89fcf-cc57-4fad-a138-ea47ee9ea225,NA
5,74377949,74377949,1,snv_mnv,NA,NA,"broad,dkfz,muse,sanger",4,COSN9956779,NA,NA,FALSE,0.2969,NA,19,45,NA,NA,NA,Intron,FALSE,FALSE,FALSE,FALSE,3,2,1,2_1,e5c89fcf-cc57-4fad-a138-ea47ee9ea225,NA
5,82352772,82352772,1,snv_mnv,NA,NA,"broad,dkfz,muse,sanger",4,COSN9957940,NA,NA,FALSE,0.2593,NA,14,40,NA,NA,NA,3'UTR,FALSE,FALSE,FALSE,FALSE,3,2,1,2_1,e5c89fcf-cc57-4fad-a138-ea47ee9ea225,NA
5,83709057,83709057,1,snv_mnv,NA,NA,"broad,dkfz,muse,sanger",4,COSN9958230,NA,AluSc,FALSE,0.3488,NA,15,28,NA,NA,NA,RNA,FALSE,FALSE,FALSE,FALSE,3,2,1,2_1,e5c89fcf-cc57-4fad-a138-ea47ee9ea225,NA
5,83964330,83964330,1,snv_mnv,NA,NA,"broad,dkfz,muse,sanger",4,COSN9958307,rs552758483,MER21A,FALSE,0.325,NA,13,27,NA,NA,NA,IGR,FALSE,FALSE,FALSE,FALSE,3,2,1,2_1,e5c89fcf-cc57-4fad-a138-ea47ee9ea225,NA
5,84054201,84054201,1,snv_mnv,NA,NA,"broad,dkfz,muse,sanger",4,COSN15585370,NA,THE1D,FALSE,0.25,NA,10,30,NA,NA,NA,IGR,FALSE,FALSE,FALSE,FALSE,3,2,1,2_1,e5c89fcf-cc57-4fad-a138-ea47ee9ea225,NA
5,84113003,84113003,1,snv_mnv,NA,NA,"broad,dkfz,muse,sanger",4,COSN9958364,NA,NA,FALSE,0.2885,NA,15,37,NA,NA,NA,IGR,FALSE,FALSE,FALSE,FALSE,3,2,1,2_1,e5c89fcf-cc57-4fad-a138-ea47ee9ea225,NA
5,85136364,85136364,1,snv_mnv,NA,NA,"broad,dkfz,muse,sanger",4,COSN9958694,NA,NA,FALSE,0.377,NA,23,38,NA,NA,NA,IGR,FALSE,FALSE,FALSE,FALSE,3,2,1,2_1,e5c89fcf-cc57-4fad-a138-ea47ee9ea225,NA
5,85804986,85804986,1,snv_mnv,NA,NA,"broad,dkfz,muse,sanger",4,COSN9958872,NA,NA,FALSE,0.2549,NA,13,38,NA,NA,NA,IGR,FALSE,FALSE,FALSE,FALSE,3,2,1,2_1,e5c89fcf-cc57-4fad-a138-ea47ee9ea225,NA
5,85902742,85902742,1,snv_mnv,1.9968e-4,rs193006507,"broad,dkfz,muse,sanger",4,COSN9958894,rs193006507,L1MC4,FALSE,0.3158,NA,12,26,NA,NA,NA,IGR,FALSE,FALSE,FALSE,FALSE,3,2,1,2_1,e5c89fcf-cc57-4fad-a138-ea47ee9ea225,NA
5,86163521,86163521,1,snv_mnv,NA,NA,"broad,dkfz,muse,sanger",4,COSN9958951,NA,L2b,FALSE,0.2931,NA,17,41,NA,NA,NA,IGR,FALSE,FALSE,FALSE,FALSE,6,3,3,3_3,e5c89fcf-cc57-4fad-a138-ea47ee9ea225,NA
5,87052537,87052537,1,snv_mnv,NA,NA,"broad,dkfz,muse,sanger",4,COSN15584985,NA,AluSg4,FALSE,0.2619,NA,11,31,NA,NA,NA,IGR,FALSE,FALSE,FALSE,FALSE,3,2,1,2_1,e5c89fcf-cc57-4fad-a138-ea47ee9ea225,NA
5,87433792,87433792,1,snv_mnv,NA,NA,"broad,dkfz,muse,sanger",4,COSN15584873,NA,NA,FALSE,0.2679,NA,15,41,NA,NA,NA,IGR,FALSE,FALSE,FALSE,FALSE,3,2,1,2_1,e5c89fcf-cc57-4fad-a138-ea47ee9ea225,NA
5,89229331,89229331,1,snv_mnv,NA,NA,"broad,dkfz,muse,sanger",4,COSN9959763,NA,MLT1J2,FALSE,0.2222,NA,18,63,NA,NA,NA,IGR,FALSE,FALSE,FALSE,FALSE,4,2,2,2_2,e5c89fcf-cc57-4fad-a138-ea47ee9ea225,NA
5,89229332,89229332,1,snv_mnv,NA,NA,"broad,dkfz,muse,sanger",4,COSN9959764,NA,MLT1J2,FALSE,0.2222,NA,18,63,NA,NA,NA,IGR,FALSE,FALSE,FALSE,FALSE,4,2,2,2_2,e5c89fcf-cc57-4fad-a138-ea47ee9ea225,NA
5,89486578,89486578,1,snv_mnv,NA,NA,"broad,dkfz,muse,sanger",4,COSN9959844,rs748401517,NA,FALSE,0.2373,NA,14,45,NA,NA,NA,IGR,FALSE,FALSE,FALSE,FALSE,4,2,2,2_2,e5c89fcf-cc57-4fad-a138-ea47ee9ea225,NA
5,89554109,89554109,1,snv_mnv,NA,NA,"broad,dkfz,muse,sanger",4,COSN9959859,NA,NA,FALSE,0.1463,NA,6,35,NA,NA,NA,RNA,FALSE,FALSE,FALSE,FALSE,3,2,1,2_1,e5c89fcf-cc57-4fad-a138-ea47ee9ea225,NA
5,89554110,89554110,1,snv_mnv,NA,NA,"broad,dkfz,muse,sanger",4,COSN15585148,NA,NA,FALSE,0.15,NA,6,34,NA,NA,NA,RNA,FALSE,FALSE,FALSE,FALSE,3,2,1,2_1,e5c89fcf-cc57-4fad-a138-ea47ee9ea225,NA
5,89824299,89824299,1,snv_mnv,NA,NA,"broad,dkfz,muse,sanger",4,COSN9959911,NA,NA,FALSE,0.2097,NA,13,49,NA,NA,NA,Intron,FALSE,FALSE,FALSE,FALSE,3,2,1,2_1,e5c89fcf-cc57-4fad-a138-ea47ee9ea225,ADGRV1
5,90925392,90925392,1,snv_mnv,NA,NA,"broad,dkfz,muse,sanger",4,COSN9960035,NA,NA,FALSE,0.382,NA,34,55,NA,NA,NA,IGR,FALSE,FALSE,FALSE,FALSE,5,3,2,3_2,e5c89fcf-cc57-4fad-a138-ea47ee9ea225,NA
5,92243419,92243419,1,snv_mnv,NA,NA,"broad,dkfz,muse,sanger",4,COSN9960242,NA,NA,FALSE,0.2619,NA,22,62,NA,NA,NA,lincRNA,FALSE,FALSE,FALSE,FALSE,5,3,2,3_2,e5c89fcf-cc57-4fad-a138-ea47ee9ea225,NA
5,93264237,93264237,1,snv_mnv,NA,NA,"broad,dkfz,muse,sanger",4,COSN9960439,NA,NA,FALSE,0.3333,NA,23,46,NA,NA,NA,Intron,FALSE,FALSE,FALSE,FALSE,3,2,1,2_1,e5c89fcf-cc57-4fad-a138-ea47ee9ea225,NA
5,93992284,93992284,1,snv_mnv,NA,NA,"broad,dkfz,muse,sanger",4,COSN9960550,NA,L1M2,FALSE,0.3235,NA,22,46,NA,NA,NA,Intron,FALSE,FALSE,FALSE,FALSE,3,2,1,2_1,e5c89fcf-cc57-4fad-a138-ea47ee9ea225,SLF1
5,95042930,95042930,1,snv_mnv,NA,NA,"broad,dkfz,muse,sanger",4,COSN9960773,NA,L1ME3B,FALSE,0.2676,NA,19,52,NA,NA,NA,RNA,FALSE,FALSE,FALSE,FALSE,5,3,2,3_2,e5c89fcf-cc57-4fad-a138-ea47ee9ea225,NA
5,95977398,95977398,1,snv_mnv,NA,NA,"broad,dkfz,muse,sanger",4,COSN9960896,NA,L2c,FALSE,0.3171,NA,13,28,NA,NA,NA,IGR,FALSE,FALSE,FALSE,FALSE,5,3,2,3_2,e5c89fcf-cc57-4fad-a138-ea47ee9ea225,NA
5,95977399,95977399,1,snv_mnv,NA,NA,"broad,dkfz,muse,sanger",4,COSN9960897,NA,L2c,FALSE,0.3171,NA,13,28,NA,NA,NA,IGR,FALSE,FALSE,FALSE,FALSE,5,3,2,3_2,e5c89fcf-cc57-4fad-a138-ea47ee9ea225,NA
5,96496516,96496516,1,snv_mnv,NA,NA,"broad,dkfz,muse,sanger",4,COSN9960976,NA,NA,FALSE,0.3,NA,21,49,NA,NA,NA,IGR,FALSE,FALSE,FALSE,FALSE,5,3,2,3_2,e5c89fcf-cc57-4fad-a138-ea47ee9ea225,RIOK2
5,97170396,97170396,1,snv_mnv,NA,NA,"broad,dkfz,muse,sanger",4,COSN15584941,NA,NA,FALSE,0.2449,NA,12,37,NA,NA,NA,IGR,FALSE,FALSE,FALSE,FALSE,5,3,2,3_2,e5c89fcf-cc57-4fad-a138-ea47ee9ea225,NA
5,97203298,97203298,1,snv_mnv,NA,NA,"broad,dkfz,muse,sanger",4,COSN9961121,NA,NA,FALSE,0.25,NA,18,54,NA,NA,NA,IGR,FALSE,FALSE,FALSE,FALSE,5,3,2,3_2,e5c89fcf-cc57-4fad-a138-ea47ee9ea225,NA
5,97390852,97390852,1,snv_mnv,NA,NA,"broad,dkfz,muse,sanger",4,COSN9961168,NA,L1MA3,FALSE,0.2143,NA,15,55,NA,NA,NA,IGR,FALSE,FALSE,FALSE,FALSE,5,3,2,3_2,e5c89fcf-cc57-4fad-a138-ea47ee9ea225,NA
5,98207349,98207349,1,snv_mnv,NA,NA,"broad,dkfz,muse,sanger",4,COSN9961371,NA,L1MA4,FALSE,0.2143,NA,21,77,NA,NA,NA,Intron,FALSE,FALSE,FALSE,FALSE,5,3,2,3_2,e5c89fcf-cc57-4fad-a138-ea47ee9ea225,CHD1
5,98233640,98233640,1,snv_mnv,NA,NA,"broad,dkfz,muse,sanger",4,COSN9961374,NA,NA,FALSE,0.3333,NA,22,44,NA,NA,NA,Intron,FALSE,FALSE,FALSE,FALSE,5,3,2,3_2,e5c89fcf-cc57-4fad-a138-ea47ee9ea225,NA
5,99157357,99157357,1,snv_mnv,NA,NA,"broad,dkfz,muse,sanger",4,COSN9961536,NA,NA,FALSE,0.2874,NA,25,62,NA,NA,NA,IGR,FALSE,FALSE,FALSE,FALSE,5,3,2,3_2,e5c89fcf-cc57-4fad-a138-ea47ee9ea225,NA
5,100565305,100565305,1,snv_mnv,NA,NA,"broad,dkfz,muse,sanger",4,COSN10038846,NA,L1PB2,FALSE,0.2,NA,18,72,NA,NA,NA,IGR,FALSE,FALSE,FALSE,FALSE,5,3,2,3_2,e5c89fcf-cc57-4fad-a138-ea47ee9ea225,NA
5,100659535,100659535,1,snv_mnv,1.9968e-4,rs569919339,"broad,dkfz,muse,sanger",4,COSN10038870,rs569919339,L1MC3,FALSE,0.2581,NA,16,46,NA,NA,NA,IGR,FALSE,FALSE,FALSE,FALSE,5,3,2,3_2,e5c89fcf-cc57-4fad-a138-ea47ee9ea225,NA
5,100875804,100875804,1,snv_mnv,NA,NA,"broad,dkfz,muse",3,COSN10038921,NA,L1PA15,FALSE,0.2157,NA,11,40,NA,NA,NA,IGR,FALSE,FALSE,FALSE,FALSE,5,3,2,3_2,e5c89fcf-cc57-4fad-a138-ea47ee9ea225,NA
5,102659584,102659584,1,snv_mnv,NA,NA,"broad,dkfz,muse,sanger",4,COSN10039257,NA,NA,FALSE,0.2439,NA,10,31,NA,NA,NA,IGR,FALSE,FALSE,FALSE,FALSE,5,3,2,3_2,e5c89fcf-cc57-4fad-a138-ea47ee9ea225,NA
5,104266542,104266542,1,snv_mnv,NA,NA,"broad,dkfz,muse,sanger",4,COSN10039645,NA,NA,FALSE,0.28,NA,21,54,NA,NA,NA,lincRNA,FALSE,FALSE,FALSE,FALSE,5,3,2,3_2,e5c89fcf-cc57-4fad-a138-ea47ee9ea225,NA
5,104748801,104748801,1,snv_mnv,NA,NA,"broad,dkfz,muse,sanger",4,COSN15585000,NA,MLT1A0,FALSE,0.1667,NA,11,55,NA,NA,NA,IGR,FALSE,FALSE,FALSE,FALSE,5,3,2,3_2,e5c89fcf-cc57-4fad-a138-ea47ee9ea225,NA
5,105161931,105161931,1,snv_mnv,NA,NA,"broad,dkfz,muse,sanger",4,COSN10039991,NA,NA,FALSE,0.2338,NA,18,59,NA,NA,NA,IGR,FALSE,FALSE,FALSE,FALSE,5,3,2,3_2,e5c89fcf-cc57-4fad-a138-ea47ee9ea225,NA
5,105623857,105623857,1,snv_mnv,NA,NA,"broad,dkfz,muse,sanger",4,COSN10040176,NA,LTR40a,FALSE,0.3651,NA,23,40,NA,NA,NA,IGR,FALSE,FALSE,FALSE,FALSE,5,3,2,3_2,e5c89fcf-cc57-4fad-a138-ea47ee9ea225,NA
5,105638997,105638997,1,snv_mnv,NA,NA,"broad,dkfz,muse,sanger",4,COSN10040182,NA,NA,FALSE,0.1,NA,6,54,NA,NA,NA,IGR,FALSE,FALSE,FALSE,FALSE,5,3,2,3_2,e5c89fcf-cc57-4fad-a138-ea47ee9ea225,NA
5,105638998,105638998,1,snv_mnv,NA,NA,"broad,dkfz,muse,sanger",4,COSN10040183,NA,NA,FALSE,0.0862,NA,5,53,NA,NA,NA,IGR,FALSE,FALSE,FALSE,FALSE,5,3,2,3_2,e5c89fcf-cc57-4fad-a138-ea47ee9ea225,NA
5,106405269,106405269,1,snv_mnv,NA,NA,"broad,dkfz,muse,sanger",4,COSN10040376,NA,NA,FALSE,0.2289,NA,19,64,NA,NA,NA,IGR,FALSE,FALSE,FALSE,FALSE,5,3,2,3_2,e5c89fcf-cc57-4fad-a138-ea47ee9ea225,NA
5,106872572,106872572,1,snv_mnv,NA,NA,"broad,dkfz,muse,sanger",4,COSN10040489,NA,AluSx1,FALSE,0.434,NA,23,30,NA,NA,NA,Intron,FALSE,FALSE,FALSE,FALSE,5,3,2,3_2,e5c89fcf-cc57-4fad-a138-ea47ee9ea225,NA
5,106929543,106929543,1,snv_mnv,NA,NA,"broad,dkfz,muse,sanger",4,COSN10040498,NA,NA,FALSE,0.2237,NA,17,59,NA,NA,NA,Intron,FALSE,FALSE,FALSE,FALSE,5,3,2,3_2,e5c89fcf-cc57-4fad-a138-ea47ee9ea225,NA
5,107342283,107342283,1,snv_mnv,NA,NA,"broad,dkfz,muse,sanger",4,COSN10040585,NA,NA,FALSE,0.2222,NA,14,49,NA,NA,NA,Intron,FALSE,FALSE,FALSE,FALSE,5,3,2,3_2,e5c89fcf-cc57-4fad-a138-ea47ee9ea225,NA
5,107487744,107487744,1,snv_mnv,NA,NA,"broad,dkfz,muse,sanger",4,COSN10040613,NA,NA,FALSE,0.2787,NA,17,44,NA,NA,NA,Intron,FALSE,FALSE,FALSE,FALSE,5,3,2,3_2,e5c89fcf-cc57-4fad-a138-ea47ee9ea225,NA
5,109419031,109419031,1,snv_mnv,NA,NA,"broad,dkfz,muse,sanger",4,COSN10040951,NA,NA,FALSE,0.2571,NA,18,52,NA,NA,NA,IGR,FALSE,FALSE,FALSE,FALSE,5,3,2,3_2,e5c89fcf-cc57-4fad-a138-ea47ee9ea225,NA
5,110169221,110169221,1,snv_mnv,NA,NA,"broad,dkfz,muse,sanger",4,COSN10041093,NA,NA,FALSE,0.25,NA,19,57,NA,NA,NA,IGR,FALSE,FALSE,FALSE,FALSE,5,3,2,3_2,e5c89fcf-cc57-4fad-a138-ea47ee9ea225,NA
5,110656792,110656792,1,snv_mnv,NA,NA,"broad,dkfz,muse,sanger",4,COSN10041211,NA,NA,FALSE,0.2533,NA,19,56,NA,NA,NA,Intron,FALSE,FALSE,FALSE,FALSE,5,3,2,3_2,e5c89fcf-cc57-4fad-a138-ea47ee9ea225,NA
5,112646525,112646525,1,snv_mnv,NA,NA,"broad,dkfz,muse,sanger",4,COSN10041505,NA,NA,FALSE,0.2533,NA,19,56,NA,NA,NA,Intron,FALSE,FALSE,FALSE,FALSE,5,3,2,3_2,e5c89fcf-cc57-4fad-a138-ea47ee9ea225,NA
5,113774814,113774814,1,snv_mnv,7.9872e-4,rs568912472,"broad,dkfz,muse,sanger",4,COSN9399421,rs568912472,NA,FALSE,0.2597,NA,20,57,NA,NA,NA,Intron,FALSE,FALSE,FALSE,FALSE,5,3,2,3_2,e5c89fcf-cc57-4fad-a138-ea47ee9ea225,NA
5,115522343,115522343,1,snv_mnv,NA,NA,"broad,dkfz,muse,sanger",4,COSN10042146,NA,L2c,FALSE,0.3077,NA,20,45,NA,NA,NA,Intron,FALSE,FALSE,FALSE,FALSE,5,3,2,3_2,e5c89fcf-cc57-4fad-a138-ea47ee9ea225,RNU6-644P
5,115905352,115905352,1,snv_mnv,NA,NA,"broad,dkfz,muse,sanger",4,COSN10042201,NA,L2a,FALSE,0.3889,NA,14,22,NA,NA,NA,Intron,FALSE,FALSE,FALSE,FALSE,5,3,2,3_2,e5c89fcf-cc57-4fad-a138-ea47ee9ea225,SEMA6A-AS2
5,116406385,116406385,1,snv_mnv,NA,NA,"broad,dkfz,muse,sanger",4,COSN10042274,NA,L1MA7,FALSE,0.32,NA,24,51,NA,NA,NA,IGR,FALSE,FALSE,FALSE,FALSE,5,3,2,3_2,e5c89fcf-cc57-4fad-a138-ea47ee9ea225,NA
5,116643659,116643659,1,snv_mnv,NA,NA,"broad,dkfz,muse,sanger",4,COSN10042316,NA,NA,FALSE,0.2317,NA,19,63,NA,NA,NA,IGR,FALSE,FALSE,FALSE,FALSE,5,3,2,3_2,e5c89fcf-cc57-4fad-a138-ea47ee9ea225,NA
5,116688823,116688823,1,snv_mnv,NA,NA,"broad,dkfz,muse,sanger",4,COSN10042327,NA,NA,FALSE,0.1948,NA,15,62,NA,NA,NA,IGR,FALSE,FALSE,FALSE,FALSE,5,3,2,3_2,e5c89fcf-cc57-4fad-a138-ea47ee9ea225,NA
5,116688824,116688824,1,snv_mnv,NA,NA,"broad,dkfz,muse,sanger",4,COSN10042328,NA,NA,FALSE,0.1948,NA,15,62,NA,NA,NA,IGR,FALSE,FALSE,FALSE,FALSE,5,3,2,3_2,e5c89fcf-cc57-4fad-a138-ea47ee9ea225,NA
5,117159936,117159936,1,snv_mnv,NA,NA,"broad,dkfz,muse,sanger",4,COSN10042423,NA,L1PA8A,FALSE,0.2917,NA,21,51,NA,NA,NA,IGR,FALSE,FALSE,FALSE,FALSE,5,3,2,3_2,e5c89fcf-cc57-4fad-a138-ea47ee9ea225,NA
5,118568841,118568841,1,snv_mnv,NA,NA,"broad,dkfz,muse,sanger",4,COSN10042634,NA,NA,FALSE,0.2381,NA,15,48,NA,NA,NA,Intron,FALSE,FALSE,FALSE,FALSE,5,3,2,3_2,e5c89fcf-cc57-4fad-a138-ea47ee9ea225,DMXL1
5,119404537,119404537,1,snv_mnv,NA,NA,"broad,dkfz,muse,sanger",4,COSN10042835,NA,NA,FALSE,0.2222,NA,20,70,NA,NA,NA,IGR,FALSE,FALSE,FALSE,FALSE,5,3,2,3_2,e5c89fcf-cc57-4fad-a138-ea47ee9ea225,NA
5,119597697,119597697,1,snv_mnv,NA,NA,"broad,dkfz,muse,sanger",4,COSN10042896,NA,L1M7,FALSE,0.1829,NA,15,67,NA,NA,NA,lincRNA,FALSE,FALSE,FALSE,FALSE,5,3,2,3_2,e5c89fcf-cc57-4fad-a138-ea47ee9ea225,NA
5,120629041,120629041,1,snv_mnv,NA,NA,"broad,dkfz,muse,sanger",4,COSN10043272,NA,NA,FALSE,0.2388,NA,16,51,NA,NA,NA,IGR,FALSE,FALSE,FALSE,FALSE,5,3,2,3_2,e5c89fcf-cc57-4fad-a138-ea47ee9ea225,NA
5,121105736,121105736,1,snv_mnv,NA,NA,"broad,dkfz,muse,sanger",4,COSN10043437,NA,MSTA-int,FALSE,0.2308,NA,12,40,NA,NA,NA,IGR,FALSE,FALSE,FALSE,FALSE,5,3,2,3_2,e5c89fcf-cc57-4fad-a138-ea47ee9ea225,NA
5,121196724,121196724,1,snv_mnv,NA,NA,"broad,dkfz,muse",3,COSN10043461,NA,(TA)n,FALSE,0.2727,NA,12,32,NA,NA,NA,IGR,FALSE,FALSE,FALSE,FALSE,5,3,2,3_2,e5c89fcf-cc57-4fad-a138-ea47ee9ea225,NA
5,121640935,121640935,1,snv_mnv,NA,NA,"broad,dkfz,muse,sanger",4,COSN10043563,NA,NA,FALSE,0.2,NA,15,60,NA,NA,NA,IGR,FALSE,FALSE,FALSE,FALSE,5,3,2,3_2,e5c89fcf-cc57-4fad-a138-ea47ee9ea225,NA
5,121863846,121863846,1,snv_mnv,NA,NA,"broad,dkfz,muse,sanger",4,COSN15585167,NA,NA,FALSE,0.1846,NA,12,53,NA,NA,NA,IGR,FALSE,FALSE,FALSE,FALSE,5,3,2,3_2,e5c89fcf-cc57-4fad-a138-ea47ee9ea225,NA
5,122269941,122269941,1,snv_mnv,NA,NA,"broad,dkfz,muse,sanger",4,COSN10043675,NA,NA,FALSE,0.2564,NA,10,29,NA,NA,NA,Intron,FALSE,FALSE,FALSE,FALSE,5,3,2,3_2,e5c89fcf-cc57-4fad-a138-ea47ee9ea225,SNX24
5,123797844,123797844,1,snv_mnv,NA,NA,"broad,dkfz,muse,sanger",4,COSN10043998,NA,NA,FALSE,0.2063,NA,13,50,NA,NA,NA,lincRNA,FALSE,FALSE,FALSE,FALSE,5,3,2,3_2,e5c89fcf-cc57-4fad-a138-ea47ee9ea225,"AC025465.4,AC025465.2"
5,124614968,124614968,1,snv_mnv,NA,NA,"broad,dkfz,muse,sanger",4,COSN10044149,NA,NA,FALSE,0.1915,NA,18,76,NA,NA,NA,IGR,FALSE,FALSE,FALSE,FALSE,5,3,2,3_2,e5c89fcf-cc57-4fad-a138-ea47ee9ea225,NA
5,126062099,126062099,1,snv_mnv,NA,NA,"broad,dkfz,muse,sanger",4,COSN15584793,NA,NA,FALSE,0.2264,NA,12,41,NA,NA,NA,IGR,FALSE,FALSE,FALSE,FALSE,5,3,2,3_2,e5c89fcf-cc57-4fad-a138-ea47ee9ea225,NA
5,126303928,126303928,1,snv_mnv,NA,NA,"broad,dkfz,muse,sanger",4,COSN9924671,NA,L1ME2z,FALSE,0.3036,NA,17,39,NA,NA,NA,Intron,FALSE,FALSE,FALSE,FALSE,5,3,2,3_2,e5c89fcf-cc57-4fad-a138-ea47ee9ea225,NA
5,126920914,126920914,1,snv_mnv,NA,NA,"broad,dkfz,muse,sanger",4,COSN9924814,NA,NA,FALSE,0.2429,NA,17,53,NA,NA,NA,IGR,FALSE,FALSE,FALSE,FALSE,5,3,2,3_2,e5c89fcf-cc57-4fad-a138-ea47ee9ea225,AC010424.3
5,127664133,127664133,1,snv_mnv,NA,NA,"broad,dkfz,muse,sanger",4,COSN9924939,NA,NA,FALSE,0.2059,NA,14,54,NA,NA,NA,Intron,FALSE,FALSE,FALSE,FALSE,5,3,2,3_2,e5c89fcf-cc57-4fad-a138-ea47ee9ea225,NA
5,127921756,127921756,1,snv_mnv,NA,NA,"broad,dkfz,muse,sanger",4,COSN9925004,NA,L1ME3C,FALSE,0.2949,NA,23,55,NA,NA,NA,Intron,FALSE,FALSE,FALSE,FALSE,5,3,2,3_2,e5c89fcf-cc57-4fad-a138-ea47ee9ea225,NA
5,128092780,128092780,1,snv_mnv,NA,NA,"broad,dkfz,muse,sanger",4,COSN9925065,NA,NA,FALSE,0.2879,NA,19,47,NA,NA,NA,IGR,FALSE,FALSE,FALSE,FALSE,5,3,2,3_2,e5c89fcf-cc57-4fad-a138-ea47ee9ea225,NA
5,128169151,128169151,1,snv_mnv,NA,NA,"broad,dkfz,muse,sanger",4,COSN15585030,NA,NA,FALSE,0.1771,NA,17,79,NA,NA,NA,IGR,FALSE,FALSE,FALSE,FALSE,5,3,2,3_2,e5c89fcf-cc57-4fad-a138-ea47ee9ea225,NA
5,128695687,128695687,1,snv_mnv,NA,NA,"broad,dkfz,muse,sanger",4,COSN9925218,NA,NA,FALSE,0.2593,NA,21,60,NA,NA,NA,IGR,FALSE,FALSE,FALSE,FALSE,5,3,2,3_2,e5c89fcf-cc57-4fad-a138-ea47ee9ea225,NA
5,128779457,128779457,1,snv_mnv,1.9968e-4,rs189419216,"broad,dkfz,muse,sanger",4,COSN9925235,rs189419216,NA,FALSE,0.4348,NA,30,39,NA,NA,NA,IGR,FALSE,FALSE,FALSE,FALSE,5,3,2,3_2,e5c89fcf-cc57-4fad-a138-ea47ee9ea225,NA
5,128954985,128954985,1,snv_mnv,NA,NA,"broad,dkfz,muse,sanger",4,COSN9925285,NA,MIR,FALSE,0.2826,NA,26,66,NA,NA,NA,Intron,FALSE,FALSE,FALSE,FALSE,5,3,2,3_2,e5c89fcf-cc57-4fad-a138-ea47ee9ea225,NA
5,129505279,129505279,1,snv_mnv,NA,NA,"broad,dkfz,muse,sanger",4,COSN9925423,NA,NA,FALSE,0.3614,NA,30,53,NA,NA,NA,Intron,FALSE,FALSE,FALSE,FALSE,5,3,2,3_2,e5c89fcf-cc57-4fad-a138-ea47ee9ea225,NA
5,129583931,129583931,1,snv_mnv,NA,NA,"broad,dkfz,muse,sanger",4,COSN9925442,NA,L1PA7,FALSE,0.2933,NA,22,53,NA,NA,NA,IGR,FALSE,FALSE,FALSE,FALSE,5,3,2,3_2,e5c89fcf-cc57-4fad-a138-ea47ee9ea225,NA
5,129856624,129856624,1,snv_mnv,NA,NA,"broad,dkfz,muse,sanger",4,COSN9925526,NA,NA,FALSE,0.225,NA,18,62,NA,NA,NA,IGR,FALSE,FALSE,FALSE,FALSE,5,3,2,3_2,e5c89fcf-cc57-4fad-a138-ea47ee9ea225,NA
5,130732367,130732367,1,snv_mnv,NA,NA,"broad,dkfz,muse,sanger",4,COSN15585419,NA,NA,FALSE,0.2121,NA,14,52,NA,NA,NA,IGR,FALSE,FALSE,FALSE,FALSE,5,3,2,3_2,e5c89fcf-cc57-4fad-a138-ea47ee9ea225,CDC42SE2
5,130933130,130933130,1,snv_mnv,NA,NA,"broad,dkfz,muse,sanger",4,COSN9925736,rs759308409,L1MA6,FALSE,0.2338,NA,18,59,NA,NA,NA,Intron,FALSE,FALSE,FALSE,FALSE,5,3,2,3_2,e5c89fcf-cc57-4fad-a138-ea47ee9ea225,NA
5,131615591,131615591,1,snv_mnv,NA,NA,"broad,dkfz,muse,sanger",4,COSN9925831,NA,NA,FALSE,0.3409,NA,15,29,NA,NA,NA,Intron,FALSE,FALSE,FALSE,FALSE,5,3,2,3_2,e5c89fcf-cc57-4fad-a138-ea47ee9ea225,P4HA2
5,131616948,131616948,1,snv_mnv,NA,NA,"broad,dkfz,muse,sanger",4,COSN9925832,NA,LTR57,FALSE,0.2133,NA,16,59,NA,NA,NA,Intron,FALSE,FALSE,FALSE,FALSE,5,3,2,3_2,e5c89fcf-cc57-4fad-a138-ea47ee9ea225,P4HA2
5,131727687,131727687,1,snv_mnv,NA,NA,"broad,dkfz,muse,sanger",4,COSN9925853,NA,NA,FALSE,0.2857,NA,16,40,NA,NA,NA,Intron,FALSE,FALSE,FALSE,FALSE,5,3,2,3_2,e5c89fcf-cc57-4fad-a138-ea47ee9ea225,SLC22A5
5,131912617,131912617,1,snv_mnv,NA,NA,"broad,dkfz,muse,sanger",4,COSN9925878,NA,MIRb,FALSE,0.2794,NA,19,49,NA,NA,NA,Intron,FALSE,FALSE,FALSE,FALSE,5,3,2,3_2,e5c89fcf-cc57-4fad-a138-ea47ee9ea225,RAD50
5,133017671,133017671,1,snv_mnv,NA,NA,"broad,dkfz,muse,sanger",4,COSN9926051,NA,NA,FALSE,0.225,NA,9,31,NA,NA,NA,IGR,FALSE,FALSE,FALSE,FALSE,5,3,2,3_2,e5c89fcf-cc57-4fad-a138-ea47ee9ea225,NA
5,133558392,133558392,1,snv_mnv,NA,NA,"broad,dkfz,muse,sanger",4,COSN9926130,NA,NA,FALSE,0.3385,NA,22,43,NA,NA,NA,Intron,FALSE,FALSE,FALSE,FALSE,5,3,2,3_2,e5c89fcf-cc57-4fad-a138-ea47ee9ea225,"AC104109.2,MIR3661"
5,134075975,134075975,1,snv_mnv,NA,NA,"broad,dkfz,muse,sanger",4,COSN15584811,NA,NA,FALSE,0.2353,NA,8,26,NA,NA,NA,Intron,FALSE,FALSE,FALSE,FALSE,5,3,2,3_2,e5c89fcf-cc57-4fad-a138-ea47ee9ea225,NA
5,135406665,135406665,1,snv_mnv,NA,NA,"broad,dkfz,muse,sanger",4,COSN9926376,NA,NA,FALSE,0.2745,NA,14,37,NA,NA,NA,IGR,FALSE,FALSE,FALSE,FALSE,5,3,2,3_2,e5c89fcf-cc57-4fad-a138-ea47ee9ea225,NA
5,136208532,136208532,1,snv_mnv,NA,NA,"broad,dkfz,muse,sanger",4,COSN9926535,NA,NA,FALSE,0.2462,NA,16,49,NA,NA,NA,IGR,FALSE,FALSE,FALSE,FALSE,5,3,2,3_2,e5c89fcf-cc57-4fad-a138-ea47ee9ea225,NA
5,136791575,136791575,1,snv_mnv,NA,NA,"broad,dkfz,muse,sanger",4,COSN9926624,NA,AluJo,FALSE,0.1935,NA,12,50,NA,NA,NA,Intron,FALSE,FALSE,FALSE,FALSE,5,3,2,3_2,e5c89fcf-cc57-4fad-a138-ea47ee9ea225,NA
5,141416309,141416309,1,snv_mnv,NA,NA,"broad,dkfz,muse,sanger",4,COSN9927334,NA,NA,FALSE,0.3043,NA,14,32,NA,NA,NA,IGR,FALSE,FALSE,FALSE,FALSE,5,3,2,3_2,e5c89fcf-cc57-4fad-a138-ea47ee9ea225,NA
5,141865417,141865417,1,snv_mnv,NA,NA,"broad,dkfz,muse,sanger",4,COSN9927391,NA,L2,FALSE,0.3143,NA,11,24,NA,NA,NA,RNA,FALSE,FALSE,FALSE,FALSE,5,3,2,3_2,e5c89fcf-cc57-4fad-a138-ea47ee9ea225,NA
5,141905564,141905564,1,snv_mnv,NA,NA,"broad,dkfz,muse,sanger",4,COSN9927398,NA,MIR,FALSE,0.2031,NA,13,51,NA,NA,NA,RNA,FALSE,FALSE,FALSE,FALSE,5,3,2,3_2,e5c89fcf-cc57-4fad-a138-ea47ee9ea225,NA
5,142546362,142546362,1,snv_mnv,NA,NA,"broad,dkfz,muse,sanger",4,COSN9927503,NA,NA,FALSE,0.3023,NA,13,30,NA,NA,NA,Intron,FALSE,FALSE,FALSE,FALSE,5,3,2,3_2,e5c89fcf-cc57-4fad-a138-ea47ee9ea225,ARHGAP26
5,142854811,142854811,1,snv_mnv,NA,NA,"broad,dkfz,muse,sanger",4,COSN9927534,NA,L1MC3,FALSE,0.2195,NA,18,64,NA,NA,NA,IGR,FALSE,FALSE,FALSE,FALSE,5,3,2,3_2,e5c89fcf-cc57-4fad-a138-ea47ee9ea225,NA
5,143226323,143226323,1,snv_mnv,NA,NA,"broad,dkfz,muse,sanger",4,COSN9927600,NA,Charlie7,FALSE,0.24,NA,18,57,NA,NA,NA,IGR,FALSE,FALSE,FALSE,FALSE,5,3,2,3_2,e5c89fcf-cc57-4fad-a138-ea47ee9ea225,NA
5,145396719,145396719,1,snv_mnv,NA,NA,"broad,dkfz,muse,sanger",4,COSN9927913,NA,NA,FALSE,0.2206,NA,15,53,NA,NA,NA,Intron,FALSE,FALSE,FALSE,FALSE,5,3,2,3_2,e5c89fcf-cc57-4fad-a138-ea47ee9ea225,NA
5,145412055,145412055,1,snv_mnv,NA,NA,"broad,dkfz,muse,sanger",4,COSN9927914,NA,NA,FALSE,0.3,NA,18,42,NA,NA,NA,Intron,FALSE,FALSE,FALSE,FALSE,5,3,2,3_2,e5c89fcf-cc57-4fad-a138-ea47ee9ea225,NA
5,146126741,146126741,1,snv_mnv,NA,NA,"broad,dkfz,muse,sanger",4,COSN9928023,NA,NA,FALSE,0.2727,NA,18,48,NA,NA,NA,Intron,FALSE,FALSE,FALSE,FALSE,5,3,2,3_2,e5c89fcf-cc57-4fad-a138-ea47ee9ea225,PPP2R2B
5,146126742,146126742,1,snv_mnv,NA,NA,"broad,dkfz,muse,sanger",4,COSN9928024,NA,NA,FALSE,0.2576,NA,17,49,NA,NA,NA,Intron,FALSE,FALSE,FALSE,FALSE,5,3,2,3_2,e5c89fcf-cc57-4fad-a138-ea47ee9ea225,PPP2R2B
5,146601600,146601600,1,snv_mnv,NA,NA,"broad,dkfz,muse,sanger",4,COSN9928114,NA,NA,FALSE,0.2297,NA,17,57,NA,NA,NA,RNA,FALSE,FALSE,FALSE,FALSE,5,3,2,3_2,e5c89fcf-cc57-4fad-a138-ea47ee9ea225,NA
5,146998878,146998878,1,snv_mnv,NA,NA,"broad,dkfz,muse,sanger",4,COSN9928191,NA,NA,FALSE,0.377,NA,23,38,NA,NA,NA,Intron,FALSE,FALSE,FALSE,FALSE,5,3,2,3_2,e5c89fcf-cc57-4fad-a138-ea47ee9ea225,NA
5,147359971,147359971,1,snv_mnv,NA,NA,"broad,dkfz,muse,sanger",4,COSN9928279,NA,NA,FALSE,0.2286,NA,16,54,NA,NA,NA,IGR,FALSE,FALSE,FALSE,FALSE,5,3,2,3_2,e5c89fcf-cc57-4fad-a138-ea47ee9ea225,NA
5,147488170,147488170,1,snv_mnv,NA,NA,"broad,dkfz,muse,sanger",4,COSN9928306,NA,NA,FALSE,0.2778,NA,20,52,NA,NA,NA,Intron,FALSE,FALSE,FALSE,FALSE,5,3,2,3_2,e5c89fcf-cc57-4fad-a138-ea47ee9ea225,NA
5,147999466,147999466,1,snv_mnv,NA,NA,"broad,dkfz,muse,sanger",4,COSN9928374,NA,NA,FALSE,0.1905,NA,12,51,NA,NA,NA,Intron,FALSE,FALSE,FALSE,FALSE,5,3,2,3_2,e5c89fcf-cc57-4fad-a138-ea47ee9ea225,NA
5,148347697,148347697,1,snv_mnv,NA,NA,"broad,dkfz,muse,sanger",4,COSN9928437,NA,NA,FALSE,0.2542,NA,15,44,NA,NA,NA,RNA,FALSE,FALSE,FALSE,FALSE,5,3,2,3_2,e5c89fcf-cc57-4fad-a138-ea47ee9ea225,AC116312.1
5,149098875,149098875,1,snv_mnv,NA,NA,"broad,dkfz,muse,sanger",4,COSN9928543,NA,AluSc,FALSE,0.3243,NA,12,25,NA,NA,NA,RNA,FALSE,FALSE,FALSE,FALSE,5,3,2,3_2,e5c89fcf-cc57-4fad-a138-ea47ee9ea225,RN7SL868P
5,150328347,150328347,1,snv_mnv,NA,NA,"broad,dkfz,muse,sanger",4,COSN9928721,NA,MLT1H,FALSE,0.451,NA,23,28,NA,NA,NA,IGR,FALSE,FALSE,FALSE,FALSE,5,3,2,3_2,e5c89fcf-cc57-4fad-a138-ea47ee9ea225,"ZNF300P1,AC022106.1"
5,150680755,150680755,1,snv_mnv,NA,NA,"broad,dkfz,muse,sanger",4,COSN9928771,NA,LTR8,FALSE,0.3016,NA,19,44,NA,NA,NA,Intron,FALSE,FALSE,FALSE,FALSE,5,3,2,3_2,e5c89fcf-cc57-4fad-a138-ea47ee9ea225,SLC36A3
5,151323886,151323886,1,snv_mnv,NA,NA,"broad,dkfz,muse,sanger",4,COSN9928884,NA,MIRc,FALSE,0.3099,NA,22,49,NA,NA,NA,IGR,FALSE,FALSE,FALSE,FALSE,5,3,2,3_2,e5c89fcf-cc57-4fad-a138-ea47ee9ea225,NA
5,151715547,151715547,1,snv_mnv,NA,NA,"broad,dkfz,muse,sanger",4,COSN9928968,NA,MIRc,FALSE,0.3051,NA,18,41,NA,NA,NA,IGR,FALSE,FALSE,FALSE,FALSE,5,3,2,3_2,e5c89fcf-cc57-4fad-a138-ea47ee9ea225,NA
5,152133228,152133228,1,snv_mnv,NA,NA,"broad,dkfz,muse,sanger",4,COSN9929074,NA,L1PA8,FALSE,0.2903,NA,18,44,NA,NA,NA,IGR,FALSE,FALSE,FALSE,FALSE,5,3,2,3_2,e5c89fcf-cc57-4fad-a138-ea47ee9ea225,NA
5,152457292,152457292,1,snv_mnv,NA,NA,"broad,dkfz,muse,sanger",4,COSN9929170,NA,NA,FALSE,0.2143,NA,18,66,NA,NA,NA,IGR,FALSE,FALSE,FALSE,FALSE,5,3,2,3_2,e5c89fcf-cc57-4fad-a138-ea47ee9ea225,NA
5,152469924,152469924,1,snv_mnv,NA,NA,"broad,dkfz,muse,sanger",4,COSN9929174,NA,NA,FALSE,0.2553,NA,12,35,NA,NA,NA,IGR,FALSE,FALSE,FALSE,FALSE,5,3,2,3_2,e5c89fcf-cc57-4fad-a138-ea47ee9ea225,NA
5,152496245,152496245,1,snv_mnv,NA,NA,"broad,dkfz,muse,sanger",4,COSN9929184,NA,NA,FALSE,0.2836,NA,19,48,NA,NA,NA,IGR,FALSE,FALSE,FALSE,FALSE,5,3,2,3_2,e5c89fcf-cc57-4fad-a138-ea47ee9ea225,NA
5,152647557,152647557,1,snv_mnv,NA,NA,"broad,dkfz,muse,sanger",4,COSN9929228,NA,MER44C,FALSE,0.2424,NA,16,50,NA,NA,NA,IGR,FALSE,FALSE,FALSE,FALSE,5,3,2,3_2,e5c89fcf-cc57-4fad-a138-ea47ee9ea225,NA
5,153319247,153319247,1,snv_mnv,NA,NA,"broad,dkfz,muse,sanger",4,COSN9929416,NA,NA,FALSE,0.2206,NA,15,53,NA,NA,NA,IGR,FALSE,FALSE,FALSE,FALSE,5,3,2,3_2,e5c89fcf-cc57-4fad-a138-ea47ee9ea225,NA
5,153638192,153638192,1,snv_mnv,NA,NA,"broad,dkfz,muse,sanger",4,COSN9929461,NA,NA,FALSE,0.2545,NA,14,41,NA,NA,NA,Intron,FALSE,FALSE,FALSE,FALSE,5,3,2,3_2,e5c89fcf-cc57-4fad-a138-ea47ee9ea225,NA
5,154318705,154318705,1,snv_mnv,NA,NA,"broad,dkfz,muse,sanger",4,COSN9929565,NA,LTR6B,FALSE,0.2909,NA,16,39,NA,NA,NA,5'Flank,FALSE,FALSE,FALSE,FALSE,5,3,2,3_2,e5c89fcf-cc57-4fad-a138-ea47ee9ea225,"MRPL22,GEMIN5"
5,156114437,156114437,1,snv_mnv,NA,NA,"broad,dkfz,muse,sanger",4,COSN9929975,NA,NA,FALSE,0.3509,NA,20,37,NA,NA,NA,Intron,FALSE,FALSE,FALSE,FALSE,5,3,2,3_2,e5c89fcf-cc57-4fad-a138-ea47ee9ea225,NA
5,156535885,156535885,1,snv_mnv,NA,NA,"broad,dkfz,muse,sanger",4,COSN9930059,NA,L1ME3C,FALSE,0.3273,NA,18,37,NA,NA,NA,Intron,FALSE,FALSE,FALSE,FALSE,5,3,2,3_2,e5c89fcf-cc57-4fad-a138-ea47ee9ea225,HAVCR2
5,156890114,156890114,1,snv_mnv,NA,NA,"broad,dkfz,muse,sanger",4,COSM4155580,NA,NA,FALSE,0.3333,NA,11,22,NA,NA,NA,Missense_Mutation,FALSE,FALSE,FALSE,FALSE,5,3,2,3_2,e5c89fcf-cc57-4fad-a138-ea47ee9ea225,NA
5,157043007,157043007,1,snv_mnv,NA,NA,"broad,dkfz,muse,sanger",4,COSN9930152,NA,L2c,FALSE,0.2593,NA,14,40,NA,NA,NA,IGR,FALSE,FALSE,FALSE,FALSE,5,3,2,3_2,e5c89fcf-cc57-4fad-a138-ea47ee9ea225,NA
5,157160778,157160778,1,snv_mnv,NA,NA,"broad,dkfz,muse,sanger",4,COSN9930173,NA,AluJo,FALSE,0.25,NA,9,27,NA,NA,NA,Intron,FALSE,FALSE,FALSE,FALSE,5,3,2,3_2,e5c89fcf-cc57-4fad-a138-ea47ee9ea225,THG1L
5,157788945,157788945,1,snv_mnv,NA,NA,"broad,dkfz,muse,sanger",4,COSN9930285,NA,NA,FALSE,0.3333,NA,15,30,NA,NA,NA,IGR,FALSE,FALSE,FALSE,FALSE,5,3,2,3_2,e5c89fcf-cc57-4fad-a138-ea47ee9ea225,NA
5,160014317,160014317,1,snv_mnv,NA,NA,"broad,dkfz,muse,sanger",4,COSN9930709,NA,L1PA8,FALSE,0.241,NA,20,63,NA,NA,NA,Intron,FALSE,FALSE,FALSE,FALSE,5,3,2,3_2,e5c89fcf-cc57-4fad-a138-ea47ee9ea225,NA
5,160889458,160889458,1,snv_mnv,NA,NA,"broad,dkfz,muse,sanger",4,COSN9930897,NA,NA,FALSE,0.2317,NA,19,63,NA,NA,NA,Intron,FALSE,FALSE,FALSE,FALSE,5,3,2,3_2,e5c89fcf-cc57-4fad-a138-ea47ee9ea225,NA
5,161384264,161384264,1,snv_mnv,NA,NA,"broad,dkfz,muse,sanger",4,COSN9931028,NA,NA,FALSE,0.25,NA,12,36,NA,NA,NA,IGR,FALSE,FALSE,FALSE,FALSE,5,3,2,3_2,e5c89fcf-cc57-4fad-a138-ea47ee9ea225,NA
5,161487052,161487052,1,snv_mnv,NA,NA,"broad,dkfz,muse,sanger",4,COSN9931080,NA,L1ME2,FALSE,0.2297,NA,17,57,NA,NA,NA,IGR,FALSE,FALSE,FALSE,FALSE,5,3,2,3_2,e5c89fcf-cc57-4fad-a138-ea47ee9ea225,GABRG2
5,162308993,162308993,1,snv_mnv,NA,NA,"broad,dkfz,muse,sanger",4,COSN9931302,NA,NA,FALSE,0.2329,NA,17,56,NA,NA,NA,IGR,FALSE,FALSE,FALSE,FALSE,5,3,2,3_2,e5c89fcf-cc57-4fad-a138-ea47ee9ea225,NA
5,162543347,162543347,1,snv_mnv,NA,NA,"broad,dkfz,muse,sanger",4,COSN9931368,NA,L1M3,FALSE,0.2368,NA,18,58,NA,NA,NA,RNA,FALSE,FALSE,FALSE,FALSE,5,3,2,3_2,e5c89fcf-cc57-4fad-a138-ea47ee9ea225,NA
5,164628176,164628176,1,snv_mnv,NA,NA,"broad,dkfz,muse,sanger",4,COSN9931943,NA,NA,FALSE,0.2632,NA,20,56,NA,NA,NA,IGR,FALSE,FALSE,FALSE,FALSE,5,3,2,3_2,e5c89fcf-cc57-4fad-a138-ea47ee9ea225,NA
5,164628177,164628177,1,snv_mnv,NA,NA,"broad,dkfz,muse,sanger",4,COSN9931944,NA,NA,FALSE,0.2597,NA,20,57,NA,NA,NA,IGR,FALSE,FALSE,FALSE,FALSE,5,3,2,3_2,e5c89fcf-cc57-4fad-a138-ea47ee9ea225,NA
5,165649135,165649135,1,snv_mnv,NA,NA,"broad,dkfz,muse,sanger",4,COSN9932346,NA,MER102c,FALSE,0.2857,NA,14,35,NA,NA,NA,IGR,FALSE,FALSE,FALSE,FALSE,5,3,2,3_2,e5c89fcf-cc57-4fad-a138-ea47ee9ea225,NA
5,165649136,165649136,1,snv_mnv,NA,NA,"broad,dkfz,muse,sanger",4,COSN9932347,NA,MER102c,FALSE,0.28,NA,14,36,NA,NA,NA,IGR,FALSE,FALSE,FALSE,FALSE,5,3,2,3_2,e5c89fcf-cc57-4fad-a138-ea47ee9ea225,NA
5,165866047,165866047,1,snv_mnv,NA,NA,"broad,dkfz,muse,sanger",4,COSN9932408,NA,THE1D-int,FALSE,0.2381,NA,15,48,NA,NA,NA,IGR,FALSE,FALSE,FALSE,FALSE,5,3,2,3_2,e5c89fcf-cc57-4fad-a138-ea47ee9ea225,NA
5,166134761,166134761,1,snv_mnv,NA,NA,"broad,dkfz,muse,sanger",4,COSN9932513,NA,NA,FALSE,0.2222,NA,16,56,NA,NA,NA,IGR,FALSE,FALSE,FALSE,FALSE,5,3,2,3_2,e5c89fcf-cc57-4fad-a138-ea47ee9ea225,NA
5,167183929,167183929,1,snv_mnv,NA,NA,"broad,dkfz,muse,sanger",4,COSN9932772,NA,NA,FALSE,0.3235,NA,11,23,NA,NA,NA,Intron,FALSE,FALSE,FALSE,FALSE,5,3,2,3_2,e5c89fcf-cc57-4fad-a138-ea47ee9ea225,NA
5,167620982,167620982,1,snv_mnv,NA,NA,"broad,dkfz,muse,sanger",4,COSN9932858,NA,NA,FALSE,0.2857,NA,14,35,NA,NA,NA,Intron,FALSE,FALSE,FALSE,FALSE,5,3,2,3_2,e5c89fcf-cc57-4fad-a138-ea47ee9ea225,TENM2
5,167791858,167791858,1,snv_mnv,NA,NA,"broad,dkfz,muse,sanger",4,COSN9932887,NA,NA,FALSE,0.3846,NA,15,24,NA,NA,NA,Intron,FALSE,FALSE,FALSE,FALSE,5,3,2,3_2,e5c89fcf-cc57-4fad-a138-ea47ee9ea225,NA
5,168797817,168797817,1,snv_mnv,NA,NA,"broad,dkfz,muse,sanger",4,COSN9933058,NA,L1PB3,FALSE,0.2639,NA,19,53,NA,NA,NA,IGR,FALSE,FALSE,FALSE,FALSE,5,3,2,3_2,e5c89fcf-cc57-4fad-a138-ea47ee9ea225,NA
5,169041447,169041447,1,snv_mnv,NA,NA,"broad,dkfz,muse,sanger",4,COSN9933098,NA,L1M1,FALSE,0.2344,NA,15,49,NA,NA,NA,IGR,FALSE,FALSE,FALSE,FALSE,5,3,2,3_2,e5c89fcf-cc57-4fad-a138-ea47ee9ea225,NA
5,170109068,170109068,1,snv_mnv,NA,NA,"broad,dkfz,muse,sanger",4,COSN9933361,NA,NA,FALSE,0.2418,NA,22,69,NA,NA,NA,Intron,FALSE,FALSE,FALSE,FALSE,5,3,2,3_2,e5c89fcf-cc57-4fad-a138-ea47ee9ea225,AC027312.1
5,171085864,171085864,1,snv_mnv,NA,NA,"broad,dkfz,muse,sanger",4,COSN15585292,NA,NA,FALSE,0.2031,NA,13,51,NA,NA,NA,IGR,FALSE,FALSE,FALSE,FALSE,5,3,2,3_2,e5c89fcf-cc57-4fad-a138-ea47ee9ea225,NA
5,173107432,173107432,1,snv_mnv,NA,NA,"broad,dkfz,muse,sanger",4,COSN9933888,NA,MIRb,FALSE,0.4776,NA,32,35,NA,NA,NA,IGR,FALSE,FALSE,FALSE,FALSE,5,3,2,3_2,e5c89fcf-cc57-4fad-a138-ea47ee9ea225,NA
5,173412947,173412947,1,snv_mnv,NA,NA,"broad,dkfz,muse,sanger",4,COSN9933929,NA,LTR31,FALSE,0.4259,NA,23,31,NA,NA,NA,Intron,FALSE,FALSE,FALSE,FALSE,5,3,2,3_2,e5c89fcf-cc57-4fad-a138-ea47ee9ea225,C5orf47
5,173589719,173589719,1,snv_mnv,NA,NA,"broad,dkfz,muse,sanger",4,COSN9933953,NA,NA,FALSE,0.2769,NA,18,47,NA,NA,NA,Intron,FALSE,FALSE,FALSE,FALSE,5,3,2,3_2,e5c89fcf-cc57-4fad-a138-ea47ee9ea225,NA
5,175216266,175216266,1,snv_mnv,NA,NA,"broad,dkfz,muse,sanger",4,COSN9934314,NA,MIRb,FALSE,0.3636,NA,20,35,NA,NA,NA,IGR,FALSE,FALSE,FALSE,FALSE,5,3,2,3_2,e5c89fcf-cc57-4fad-a138-ea47ee9ea225,NA
5,175301770,175301770,1,snv_mnv,NA,NA,"broad,dkfz,muse,sanger",4,COSN9934327,NA,L2b,FALSE,0.3051,NA,18,41,NA,NA,NA,Intron,FALSE,FALSE,FALSE,FALSE,5,3,2,3_2,e5c89fcf-cc57-4fad-a138-ea47ee9ea225,CPLX2
5,178001590,178001590,1,snv_mnv,NA,NA,"broad,dkfz,muse,sanger",4,COSN9944591,NA,NA,FALSE,0.26,NA,13,37,NA,NA,NA,Intron,FALSE,FALSE,FALSE,FALSE,5,3,2,3_2,e5c89fcf-cc57-4fad-a138-ea47ee9ea225,NA
6,1437608,1437608,1,snv_mnv,NA,NA,"broad,dkfz,muse,sanger",4,COSN9969302,NA,FLAM_C,FALSE,0.1957,NA,9,37,NA,NA,NA,IGR,FALSE,FALSE,FALSE,FALSE,4,2,2,2_2,e5c89fcf-cc57-4fad-a138-ea47ee9ea225,NA
6,1946173,1946173,1,snv_mnv,NA,NA,"broad,dkfz,muse,sanger",4,COSN9973747,NA,NA,FALSE,0.2742,NA,17,45,NA,NA,NA,Intron,FALSE,FALSE,FALSE,FALSE,4,2,2,2_2,e5c89fcf-cc57-4fad-a138-ea47ee9ea225,NA
6,2664935,2664935,1,snv_mnv,NA,NA,"broad,dkfz,muse,sanger",4,COSN9905401,NA,NA,FALSE,0.386,NA,22,35,NA,NA,NA,3'UTR,FALSE,FALSE,FALSE,FALSE,4,2,2,2_2,e5c89fcf-cc57-4fad-a138-ea47ee9ea225,NA
6,3533167,3533167,1,snv_mnv,NA,NA,"broad,dkfz,muse,sanger",4,COSN9906424,NA,MLT1B-int,FALSE,0.2188,NA,14,50,NA,NA,NA,IGR,FALSE,FALSE,FALSE,FALSE,4,2,2,2_2,e5c89fcf-cc57-4fad-a138-ea47ee9ea225,NA
6,4086798,4086798,1,snv_mnv,NA,NA,"broad,dkfz,muse,sanger",4,COSN9907170,NA,NA,FALSE,0.2444,NA,11,34,NA,NA,NA,Intron,FALSE,FALSE,FALSE,FALSE,4,2,2,2_2,e5c89fcf-cc57-4fad-a138-ea47ee9ea225,C6orf201
6,5680848,5680848,1,snv_mnv,NA,NA,"broad,dkfz,muse,sanger",4,COSN9909660,NA,L1ME4a,FALSE,0.3103,NA,18,40,NA,NA,NA,Intron,FALSE,FALSE,FALSE,FALSE,4,2,2,2_2,e5c89fcf-cc57-4fad-a138-ea47ee9ea225,NA
6,6473301,6473301,1,snv_mnv,NA,NA,"broad,dkfz,muse,sanger",4,COSN9910883,NA,MADE1,FALSE,0.2857,NA,22,55,NA,NA,NA,RNA,FALSE,FALSE,FALSE,FALSE,4,2,2,2_2,e5c89fcf-cc57-4fad-a138-ea47ee9ea225,LY86-AS1
6,7539769,7539769,1,snv_mnv,NA,NA,"broad,dkfz,muse,sanger",4,COSN9913068,NA,L2c,FALSE,0.2558,NA,11,32,NA,NA,NA,5'Flank,FALSE,FALSE,FALSE,FALSE,4,2,2,2_2,e5c89fcf-cc57-4fad-a138-ea47ee9ea225,"DSP,AL031058.1"
6,7694590,7694590,1,snv_mnv,NA,NA,"broad,dkfz,muse,sanger",4,COSN9913320,NA,ORSL,FALSE,0.2857,NA,10,25,NA,NA,NA,IGR,FALSE,FALSE,FALSE,FALSE,4,2,2,2_2,e5c89fcf-cc57-4fad-a138-ea47ee9ea225,NA
6,8163651,8163651,1,snv_mnv,NA,NA,"broad,dkfz,muse,sanger",4,COSN9914196,NA,AluY,FALSE,0.3846,NA,15,24,NA,NA,NA,IGR,FALSE,FALSE,FALSE,FALSE,4,2,2,2_2,e5c89fcf-cc57-4fad-a138-ea47ee9ea225,AL355499.1
6,9125778,9125778,1,snv_mnv,NA,NA,"broad,dkfz,muse,sanger",4,COSN9915854,NA,NA,FALSE,0.2273,NA,10,34,NA,NA,NA,lincRNA,FALSE,FALSE,FALSE,FALSE,4,2,2,2_2,e5c89fcf-cc57-4fad-a138-ea47ee9ea225,NA
6,9125779,9125779,1,snv_mnv,NA,NA,"broad,dkfz,muse,sanger",4,COSN9915855,NA,NA,FALSE,0.2326,NA,10,33,NA,NA,NA,lincRNA,FALSE,FALSE,FALSE,FALSE,4,2,2,2_2,e5c89fcf-cc57-4fad-a138-ea47ee9ea225,NA
6,9956902,9956902,1,snv_mnv,NA,NA,"broad,dkfz,muse,sanger",4,COSN9917535,NA,NA,FALSE,0.3208,NA,17,36,NA,NA,NA,Intron,FALSE,FALSE,FALSE,FALSE,4,2,2,2_2,e5c89fcf-cc57-4fad-a138-ea47ee9ea225,NA
6,10141618,10141618,1,snv_mnv,NA,NA,"broad,dkfz,muse,sanger",4,COSN9961929,NA,NA,FALSE,0.2742,NA,17,45,NA,NA,NA,IGR,FALSE,FALSE,FALSE,FALSE,4,2,2,2_2,e5c89fcf-cc57-4fad-a138-ea47ee9ea225,NA
6,12045455,12045455,1,snv_mnv,NA,NA,"broad,dkfz,muse,sanger",4,COSN9965455,NA,MamSINE1,FALSE,0.4043,NA,19,28,NA,NA,NA,Intron,FALSE,FALSE,FALSE,FALSE,4,2,2,2_2,e5c89fcf-cc57-4fad-a138-ea47ee9ea225,NA
6,12183161,12183161,1,snv_mnv,NA,NA,"broad,dkfz,muse,sanger",4,COSN9965766,NA,NA,FALSE,0.2927,NA,12,29,NA,NA,NA,IGR,FALSE,FALSE,FALSE,FALSE,4,2,2,2_2,e5c89fcf-cc57-4fad-a138-ea47ee9ea225,NA
6,12525070,12525070,1,snv_mnv,NA,NA,"broad,dkfz,muse,sanger",4,COSN9966482,NA,MER45C,FALSE,0.2326,NA,10,33,NA,NA,NA,IGR,FALSE,FALSE,FALSE,FALSE,4,2,2,2_2,e5c89fcf-cc57-4fad-a138-ea47ee9ea225,NA
6,13176471,13176471,1,snv_mnv,NA,NA,"broad,dkfz,muse,sanger",4,COSN9967484,NA,NA,FALSE,0.2449,NA,12,37,NA,NA,NA,Intron,FALSE,FALSE,FALSE,FALSE,4,2,2,2_2,e5c89fcf-cc57-4fad-a138-ea47ee9ea225,NA
6,14062433,14062433,1,snv_mnv,NA,NA,"broad,dkfz,muse,sanger",4,COSN9968817,NA,MLT1B,FALSE,0.3462,NA,18,34,NA,NA,NA,IGR,FALSE,FALSE,FALSE,FALSE,4,2,2,2_2,e5c89fcf-cc57-4fad-a138-ea47ee9ea225,NA
6,14428033,14428033,1,snv_mnv,NA,NA,"broad,dkfz,muse,sanger",4,COSN9969360,NA,NA,FALSE,0.3256,NA,14,29,NA,NA,NA,IGR,FALSE,FALSE,FALSE,FALSE,4,2,2,2_2,e5c89fcf-cc57-4fad-a138-ea47ee9ea225,NA
6,17180867,17180867,1,snv_mnv,NA,NA,"broad,dkfz,muse,sanger",4,COSN9973434,NA,L1MC5,FALSE,0.2609,NA,18,51,NA,NA,NA,IGR,FALSE,FALSE,FALSE,FALSE,4,2,2,2_2,e5c89fcf-cc57-4fad-a138-ea47ee9ea225,NA
6,19464762,19464762,1,snv_mnv,NA,NA,"broad,dkfz,muse,sanger",4,COSN9973748,NA,NA,FALSE,0.3273,NA,18,37,NA,NA,NA,IGR,FALSE,FALSE,FALSE,FALSE,4,2,2,2_2,e5c89fcf-cc57-4fad-a138-ea47ee9ea225,NA
6,19560230,19560230,1,snv_mnv,NA,NA,"broad,dkfz,muse,sanger",4,COSN9973764,NA,NA,FALSE,0.1296,NA,7,47,NA,NA,NA,RNA,FALSE,FALSE,FALSE,FALSE,4,2,2,2_2,e5c89fcf-cc57-4fad-a138-ea47ee9ea225,NA
6,21557517,21557517,1,snv_mnv,NA,NA,"broad,dkfz,muse,sanger",4,COSN9973992,NA,NA,FALSE,0.2885,NA,15,37,NA,NA,NA,IGR,FALSE,FALSE,FALSE,FALSE,4,2,2,2_2,e5c89fcf-cc57-4fad-a138-ea47ee9ea225,NA
6,24448344,24448344,1,snv_mnv,NA,NA,"broad,dkfz,muse,sanger",4,COSN9905122,NA,NA,FALSE,0.2381,NA,10,32,NA,NA,NA,Intron,FALSE,FALSE,FALSE,FALSE,4,2,2,2_2,e5c89fcf-cc57-4fad-a138-ea47ee9ea225,NA
6,25783328,25783328,1,snv_mnv,NA,NA,"broad,dkfz,muse,sanger",4,COSN9905280,NA,NA,FALSE,0.125,NA,5,35,NA,NA,NA,3'UTR,FALSE,FALSE,FALSE,FALSE,4,2,2,2_2,e5c89fcf-cc57-4fad-a138-ea47ee9ea225,"SLC17A4,SLC17A1"
6,27055462,27055462,1,snv_mnv,NA,NA,"broad,dkfz,muse,sanger",4,COSN9905435,NA,NA,FALSE,0.3256,NA,14,29,NA,NA,NA,IGR,FALSE,FALSE,FALSE,FALSE,4,2,2,2_2,e5c89fcf-cc57-4fad-a138-ea47ee9ea225,VN1R11P
6,28680207,28680207,1,snv_mnv,NA,NA,"broad,dkfz,muse,sanger",4,COSN9905654,NA,FordPrefect,FALSE,0.25,NA,10,30,NA,NA,NA,IGR,FALSE,FALSE,FALSE,FALSE,4,2,2,2_2,e5c89fcf-cc57-4fad-a138-ea47ee9ea225,NA
6,30974129,30974129,1,snv_mnv,NA,NA,"broad,dkfz,muse,sanger",4,COSN9905931,NA,L1MC1,FALSE,0.2549,NA,13,38,NA,NA,NA,IGR,FALSE,FALSE,FALSE,FALSE,4,2,2,2_2,e5c89fcf-cc57-4fad-a138-ea47ee9ea225,MUC22
6,31517561,31517561,1,snv_mnv,NA,NA,"broad,dkfz,muse,sanger",4,COSN9905998,NA,MER46C,FALSE,0.2292,NA,11,37,NA,NA,NA,5'Flank,FALSE,FALSE,FALSE,FALSE,4,2,2,2_2,e5c89fcf-cc57-4fad-a138-ea47ee9ea225,"ATP6V1G2-DDX39B,ATP6V1G2"
6,31931927,31931927,1,snv_mnv,NA,NA,"broad,dkfz,muse,sanger",4,COSN9906029,NA,NA,FALSE,0.2857,NA,6,15,NA,NA,NA,Intron,FALSE,FALSE,FALSE,FALSE,4,2,2,2_2,e5c89fcf-cc57-4fad-a138-ea47ee9ea225,SKIV2L
6,35815750,35815750,1,snv_mnv,NA,NA,"broad,dkfz,muse,sanger",4,COSN9906475,NA,AluSz6,FALSE,0.2941,NA,10,24,NA,NA,NA,Intron,FALSE,FALSE,FALSE,FALSE,4,2,2,2_2,e5c89fcf-cc57-4fad-a138-ea47ee9ea225,NA
6,35864952,35864952,1,snv_mnv,NA,NA,"broad,dkfz,muse,sanger",4,COSN9906483,NA,L1MB7,FALSE,0.2121,NA,14,52,NA,NA,NA,Intron,FALSE,FALSE,FALSE,FALSE,4,2,2,2_2,e5c89fcf-cc57-4fad-a138-ea47ee9ea225,SRPK1
6,35934830,35934830,1,snv_mnv,NA,NA,"broad,dkfz,muse,sanger",4,COSN9906490,NA,NA,FALSE,0.3404,NA,16,31,NA,NA,NA,Intron,FALSE,FALSE,FALSE,FALSE,4,2,2,2_2,e5c89fcf-cc57-4fad-a138-ea47ee9ea225,NA
6,36501091,36501091,1,snv_mnv,NA,NA,"broad,dkfz,muse,sanger",4,COSN9906547,NA,NA,FALSE,0.2619,NA,11,31,NA,NA,NA,Intron,FALSE,FALSE,FALSE,FALSE,4,2,2,2_2,e5c89fcf-cc57-4fad-a138-ea47ee9ea225,NA
6,36642688,36642688,1,snv_mnv,NA,NA,"broad,dkfz,muse,sanger",4,COSN9906569,NA,NA,FALSE,0.25,NA,8,24,NA,NA,NA,5'Flank,FALSE,FALSE,FALSE,FALSE,4,2,2,2_2,e5c89fcf-cc57-4fad-a138-ea47ee9ea225,"RF00019,CDKN1A,DINOL"
6,37210954,37210954,1,snv_mnv,NA,NA,"broad,dkfz,muse,sanger",4,COSN9906629,NA,NA,FALSE,0.2558,NA,11,32,NA,NA,NA,Intron,FALSE,FALSE,FALSE,FALSE,4,2,2,2_2,e5c89fcf-cc57-4fad-a138-ea47ee9ea225,NA
6,40814357,40814357,1,snv_mnv,NA,NA,"broad,dkfz,muse,sanger",4,COSN9907161,NA,NA,FALSE,0.2903,NA,18,44,NA,NA,NA,IGR,FALSE,FALSE,FALSE,FALSE,4,2,2,2_2,e5c89fcf-cc57-4fad-a138-ea47ee9ea225,NA
6,41127343,41127343,1,snv_mnv,NA,NA,"broad,dkfz,muse,sanger",4,COSN9907199,NA,MamRep38,FALSE,0.2368,NA,9,29,NA,NA,NA,Intron,FALSE,FALSE,FALSE,FALSE,4,2,2,2_2,e5c89fcf-cc57-4fad-a138-ea47ee9ea225,NA
6,41127344,41127344,1,snv_mnv,NA,NA,"broad,dkfz,muse,sanger",4,COSN9907200,NA,MamRep38,FALSE,0.2432,NA,9,28,NA,NA,NA,Intron,FALSE,FALSE,FALSE,FALSE,4,2,2,2_2,e5c89fcf-cc57-4fad-a138-ea47ee9ea225,NA
6,45286223,45286223,1,snv_mnv,NA,NA,"broad,dkfz,muse,sanger",4,COSN9907712,NA,L1MC2,FALSE,0.4107,NA,23,33,NA,NA,NA,Intron,FALSE,FALSE,FALSE,FALSE,4,2,2,2_2,e5c89fcf-cc57-4fad-a138-ea47ee9ea225,NA
6,46281542,46281542,1,snv_mnv,NA,NA,"broad,dkfz,muse,sanger",4,COSN9907862,NA,NA,FALSE,0.2125,NA,17,63,NA,NA,NA,Intron,FALSE,FALSE,FALSE,FALSE,4,2,2,2_2,e5c89fcf-cc57-4fad-a138-ea47ee9ea225,NA
6,47717926,47717926,1,snv_mnv,NA,NA,"broad,dkfz,muse,sanger",4,COSN15585040,NA,Charlie5,FALSE,0.2222,NA,12,42,NA,NA,NA,IGR,FALSE,FALSE,FALSE,FALSE,4,2,2,2_2,e5c89fcf-cc57-4fad-a138-ea47ee9ea225,AL356421.1
6,48448115,48448115,1,snv_mnv,NA,NA,"broad,dkfz,muse,sanger",4,COSN9908193,NA,L1MA3,FALSE,0.2414,NA,14,44,NA,NA,NA,IGR,FALSE,FALSE,FALSE,FALSE,4,2,2,2_2,e5c89fcf-cc57-4fad-a138-ea47ee9ea225,NA
6,49123807,49123807,1,snv_mnv,NA,NA,"broad,dkfz,muse,sanger",4,COSN9908354,NA,NA,FALSE,0.2656,NA,17,47,NA,NA,NA,IGR,FALSE,FALSE,FALSE,FALSE,4,2,2,2_2,e5c89fcf-cc57-4fad-a138-ea47ee9ea225,NA
6,49132459,49132459,1,snv_mnv,NA,NA,"broad,dkfz,muse,sanger",4,COSN9908359,NA,MLT1J1-int,FALSE,0.2326,NA,20,66,NA,NA,NA,IGR,FALSE,FALSE,FALSE,FALSE,4,2,2,2_2,e5c89fcf-cc57-4fad-a138-ea47ee9ea225,NA
6,49290177,49290177,1,snv_mnv,NA,NA,"broad,dkfz,muse,sanger",4,COSN9908402,NA,L2c,FALSE,0.2535,NA,18,53,NA,NA,NA,IGR,FALSE,FALSE,FALSE,FALSE,4,2,2,2_2,e5c89fcf-cc57-4fad-a138-ea47ee9ea225,NA
6,49364520,49364520,1,snv_mnv,NA,NA,"broad,dkfz,muse,sanger",4,COSN9908422,NA,L1PB1,FALSE,0.2653,NA,13,36,NA,NA,NA,IGR,FALSE,FALSE,FALSE,FALSE,4,2,2,2_2,e5c89fcf-cc57-4fad-a138-ea47ee9ea225,NA
6,49649453,49649453,1,snv_mnv,NA,NA,"broad,dkfz,muse,sanger",4,COSN9908463,NA,NA,FALSE,0.2459,NA,15,46,NA,NA,NA,IGR,FALSE,FALSE,FALSE,FALSE,4,2,2,2_2,e5c89fcf-cc57-4fad-a138-ea47ee9ea225,NA
6,49751553,49751553,1,snv_mnv,NA,NA,"broad,dkfz,muse,sanger",4,COSN15585311,NA,MLT1J-int,FALSE,0.2289,NA,19,64,NA,NA,NA,IGR,FALSE,FALSE,FALSE,FALSE,4,2,2,2_2,e5c89fcf-cc57-4fad-a138-ea47ee9ea225,PGK2
6,49895037,49895037,1,snv_mnv,NA,NA,"broad,dkfz,muse,sanger",4,COSN9908508,NA,L1ME3A,FALSE,0.2051,NA,16,62,NA,NA,NA,IGR,FALSE,FALSE,FALSE,FALSE,4,2,2,2_2,e5c89fcf-cc57-4fad-a138-ea47ee9ea225,NA
6,49952348,49952348,1,snv_mnv,NA,NA,"broad,dkfz,muse,sanger",4,COSN9908525,NA,MER57D,FALSE,0.3182,NA,21,45,NA,NA,NA,IGR,FALSE,FALSE,FALSE,FALSE,4,2,2,2_2,e5c89fcf-cc57-4fad-a138-ea47ee9ea225,NA
6,50006173,50006173,1,snv_mnv,NA,NA,"broad,dkfz,muse,sanger",4,COSN9908538,NA,L1PA7,FALSE,0.3167,NA,19,41,NA,NA,NA,IGR,FALSE,FALSE,FALSE,FALSE,4,2,2,2_2,e5c89fcf-cc57-4fad-a138-ea47ee9ea225,NA
6,50199636,50199636,1,snv_mnv,NA,NA,"broad,dkfz,muse,sanger",4,COSN9908574,NA,NA,FALSE,0.2857,NA,22,55,NA,NA,NA,IGR,FALSE,FALSE,FALSE,FALSE,4,2,2,2_2,e5c89fcf-cc57-4fad-a138-ea47ee9ea225,NA
6,50262792,50262792,1,snv_mnv,NA,NA,"broad,dkfz,muse,sanger",4,COSN9908585,NA,NA,FALSE,0.3065,NA,19,43,NA,NA,NA,IGR,FALSE,FALSE,FALSE,FALSE,4,2,2,2_2,e5c89fcf-cc57-4fad-a138-ea47ee9ea225,NA
6,50680042,50680042,1,snv_mnv,NA,NA,"broad,dkfz,muse,sanger",4,COSN9908659,NA,NA,FALSE,0.3333,NA,11,22,NA,NA,NA,5'Flank,FALSE,FALSE,FALSE,FALSE,4,2,2,2_2,e5c89fcf-cc57-4fad-a138-ea47ee9ea225,TFAP2D
6,50707805,50707805,1,snv_mnv,1.9968e-4,rs544155136,"broad,dkfz,muse,sanger",4,COSN9908667,rs544155136,NA,FALSE,0.3205,NA,25,53,NA,NA,NA,Intron,FALSE,FALSE,FALSE,FALSE,4,2,2,2_2,e5c89fcf-cc57-4fad-a138-ea47ee9ea225,NA
6,51789762,51789762,1,snv_mnv,NA,NA,"broad,dkfz,muse,sanger",4,COSN9908835,NA,MIR,FALSE,0.2,NA,13,52,NA,NA,NA,Intron,FALSE,FALSE,FALSE,FALSE,4,2,2,2_2,e5c89fcf-cc57-4fad-a138-ea47ee9ea225,NA
6,54373254,54373254,1,snv_mnv,NA,NA,"broad,dkfz,muse,sanger",4,COSN9909175,NA,Tigger1,FALSE,0.3151,NA,23,50,NA,NA,NA,IGR,FALSE,FALSE,FALSE,FALSE,4,2,2,2_2,e5c89fcf-cc57-4fad-a138-ea47ee9ea225,NA
6,54882959,54882959,1,snv_mnv,NA,NA,"broad,dkfz,muse,sanger",4,COSN9909269,NA,L1MC3,FALSE,0.2909,NA,16,39,NA,NA,NA,IGR,FALSE,FALSE,FALSE,FALSE,4,2,2,2_2,e5c89fcf-cc57-4fad-a138-ea47ee9ea225,NA
6,55018404,55018404,1,snv_mnv,NA,NA,"broad,dkfz,muse,sanger",4,COSN9909311,NA,L1MA10,FALSE,0.2941,NA,20,48,NA,NA,NA,IGR,FALSE,FALSE,FALSE,FALSE,4,2,2,2_2,e5c89fcf-cc57-4fad-a138-ea47ee9ea225,NA
6,55952174,55952174,1,snv_mnv,NA,NA,"broad,dkfz,muse,sanger",4,COSN9909515,NA,Tigger2,FALSE,0.2917,NA,21,51,NA,NA,NA,Intron,FALSE,FALSE,FALSE,FALSE,4,2,2,2_2,e5c89fcf-cc57-4fad-a138-ea47ee9ea225,NA
6,55967428,55967428,1,snv_mnv,NA,NA,"broad,dkfz,muse,sanger",4,COSN15584960,NA,NA,FALSE,0.175,NA,14,66,NA,NA,NA,Intron,FALSE,FALSE,FALSE,FALSE,4,2,2,2_2,e5c89fcf-cc57-4fad-a138-ea47ee9ea225,NA
6,56497374,56497374,1,snv_mnv,NA,NA,"broad,dkfz,muse,sanger",4,COSN9909607,NA,NA,FALSE,0.2586,NA,15,43,NA,NA,NA,Intron,FALSE,FALSE,FALSE,FALSE,4,2,2,2_2,e5c89fcf-cc57-4fad-a138-ea47ee9ea225,DST
6,56546527,56546527,1,snv_mnv,NA,NA,"broad,dkfz,muse,sanger",4,COSN9909615,NA,L2c,FALSE,0.1944,NA,14,58,NA,NA,NA,Intron,FALSE,FALSE,FALSE,FALSE,4,2,2,2_2,e5c89fcf-cc57-4fad-a138-ea47ee9ea225,NA
6,57861378,57861378,1,snv_mnv,NA,NA,"broad,dkfz,muse,sanger",4,COSN9909917,NA,NA,FALSE,0.3281,NA,21,43,NA,NA,NA,IGR,FALSE,FALSE,FALSE,FALSE,4,2,2,2_2,e5c89fcf-cc57-4fad-a138-ea47ee9ea225,NA
6,57956099,57956099,1,snv_mnv,NA,NA,"broad,muse,sanger",3,COSN9909947,NA,L1PA16,FALSE,0.2857,NA,20,50,NA,NA,NA,IGR,FALSE,FALSE,FALSE,FALSE,4,2,2,2_2,e5c89fcf-cc57-4fad-a138-ea47ee9ea225,NA
6,61990569,61990569,1,snv_mnv,NA,NA,"broad,dkfz,muse,sanger",4,COSN9910256,NA,L1PA11,FALSE,0.2388,NA,16,51,NA,NA,NA,IGR,FALSE,FALSE,FALSE,FALSE,4,2,2,2_2,e5c89fcf-cc57-4fad-a138-ea47ee9ea225,NA
6,62415031,62415031,1,snv_mnv,NA,NA,"broad,dkfz,muse,sanger",4,COSN9910358,NA,NA,FALSE,0.2048,NA,17,66,NA,NA,NA,Intron,FALSE,FALSE,FALSE,FALSE,4,2,2,2_2,e5c89fcf-cc57-4fad-a138-ea47ee9ea225,NA
6,62674831,62674831,1,snv_mnv,NA,NA,"broad,dkfz,muse,sanger",4,COSN9910411,NA,NA,FALSE,0.2639,NA,19,53,NA,NA,NA,Intron,FALSE,FALSE,FALSE,FALSE,4,2,2,2_2,e5c89fcf-cc57-4fad-a138-ea47ee9ea225,NA
6,62683127,62683127,1,snv_mnv,NA,NA,"broad,dkfz,muse,sanger",4,COSN9910413,rs189153151,NA,FALSE,0.2154,NA,14,51,NA,NA,NA,Intron,FALSE,FALSE,FALSE,FALSE,4,2,2,2_2,e5c89fcf-cc57-4fad-a138-ea47ee9ea225,NA
6,63075577,63075577,1,snv_mnv,NA,NA,"broad,dkfz,muse,sanger",4,COSN15584733,NA,NA,FALSE,0.2059,NA,14,54,NA,NA,NA,IGR,FALSE,FALSE,FALSE,FALSE,4,2,2,2_2,e5c89fcf-cc57-4fad-a138-ea47ee9ea225,NA
6,63099942,63099942,1,snv_mnv,NA,NA,"broad,dkfz,muse,sanger",4,COSN9910506,NA,NA,FALSE,0.2113,NA,15,56,NA,NA,NA,IGR,FALSE,FALSE,FALSE,FALSE,4,2,2,2_2,e5c89fcf-cc57-4fad-a138-ea47ee9ea225,NA
6,63115339,63115339,1,snv_mnv,NA,NA,"broad,dkfz,muse,sanger",4,COSN9910509,NA,NA,FALSE,0.2162,NA,16,58,NA,NA,NA,IGR,FALSE,FALSE,FALSE,FALSE,4,2,2,2_2,e5c89fcf-cc57-4fad-a138-ea47ee9ea225,NA
6,63275075,63275075,1,snv_mnv,NA,NA,"broad,dkfz,muse,sanger",4,COSN9910545,NA,NA,FALSE,0.2537,NA,17,50,NA,NA,NA,IGR,FALSE,FALSE,FALSE,FALSE,4,2,2,2_2,e5c89fcf-cc57-4fad-a138-ea47ee9ea225,NA
6,63498261,63498261,1,snv_mnv,NA,NA,"broad,dkfz,muse,sanger",4,COSN9910628,NA,LTR16A,FALSE,0.3607,NA,22,39,NA,NA,NA,IGR,FALSE,FALSE,FALSE,FALSE,4,2,2,2_2,e5c89fcf-cc57-4fad-a138-ea47ee9ea225,NA
6,63580843,63580843,1,snv_mnv,NA,NA,"broad,dkfz,muse,sanger",4,COSN9910653,NA,SATR1,FALSE,0.2222,NA,14,49,NA,NA,NA,IGR,FALSE,FALSE,FALSE,FALSE,4,2,2,2_2,e5c89fcf-cc57-4fad-a138-ea47ee9ea225,NA
6,64112040,64112040,1,snv_mnv,NA,NA,"broad,dkfz,muse,sanger",4,COSN9910782,NA,L2,FALSE,0.2333,NA,14,46,NA,NA,NA,IGR,FALSE,FALSE,FALSE,FALSE,4,2,2,2_2,e5c89fcf-cc57-4fad-a138-ea47ee9ea225,NA
6,65065045,65065045,1,snv_mnv,NA,NA,"broad,dkfz,muse,sanger",4,COSN9910957,NA,MER113B,FALSE,0.2727,NA,18,48,NA,NA,NA,Intron,FALSE,FALSE,FALSE,TRUE,4,2,2,2_2,e5c89fcf-cc57-4fad-a138-ea47ee9ea225,NA
6,65380967,65380967,1,snv_mnv,NA,NA,"broad,dkfz,muse,sanger",4,COSN9911015,NA,NA,FALSE,0.3036,NA,17,39,NA,NA,NA,Intron,FALSE,FALSE,FALSE,FALSE,4,2,2,2_2,e5c89fcf-cc57-4fad-a138-ea47ee9ea225,NA
6,65609845,65609845,1,snv_mnv,NA,NA,"broad,dkfz,muse,sanger",4,COSN9911056,NA,L1PA7,FALSE,0.2308,NA,15,50,NA,NA,NA,Intron,FALSE,FALSE,FALSE,FALSE,4,2,2,2_2,e5c89fcf-cc57-4fad-a138-ea47ee9ea225,NA
6,65686136,65686136,1,snv_mnv,NA,NA,"broad,dkfz,muse,sanger",4,COSN9911076,NA,NA,FALSE,0.2029,NA,14,55,NA,NA,NA,Intron,FALSE,FALSE,FALSE,FALSE,4,2,2,2_2,e5c89fcf-cc57-4fad-a138-ea47ee9ea225,NA
6,65740313,65740313,1,snv_mnv,NA,NA,"broad,dkfz,muse,sanger",4,COSN9911090,NA,L1PA15,FALSE,0.4054,NA,15,22,NA,NA,NA,Intron,FALSE,FALSE,FALSE,FALSE,4,2,2,2_2,e5c89fcf-cc57-4fad-a138-ea47ee9ea225,NA
6,65826349,65826349,1,snv_mnv,NA,NA,"broad,dkfz,muse,sanger",4,COSN9911109,NA,NA,FALSE,0.2558,NA,11,32,NA,NA,NA,Intron,FALSE,FALSE,FALSE,FALSE,4,2,2,2_2,e5c89fcf-cc57-4fad-a138-ea47ee9ea225,NA
6,65847105,65847105,1,snv_mnv,NA,NA,"broad,dkfz,muse",3,COSN9911117,NA,L2b,FALSE,0.2097,NA,13,49,NA,NA,NA,Intron,FALSE,FALSE,FALSE,FALSE,4,2,2,2_2,e5c89fcf-cc57-4fad-a138-ea47ee9ea225,NA
6,65955078,65955078,1,snv_mnv,NA,NA,"broad,dkfz,muse,sanger",4,COSN9911139,NA,NA,FALSE,0.2459,NA,15,46,NA,NA,NA,Intron,FALSE,FALSE,FALSE,FALSE,4,2,2,2_2,e5c89fcf-cc57-4fad-a138-ea47ee9ea225,NA
6,66166559,66166559,1,snv_mnv,NA,NA,"broad,dkfz,muse,sanger",4,COSN15585112,NA,L1M2,FALSE,0.193,NA,11,46,NA,NA,NA,Intron,FALSE,FALSE,FALSE,FALSE,4,2,2,2_2,e5c89fcf-cc57-4fad-a138-ea47ee9ea225,NA
6,66289580,66289580,1,snv_mnv,NA,NA,"broad,dkfz,muse,sanger",4,COSN9911226,NA,MLT1B,FALSE,0.2807,NA,16,41,NA,NA,NA,Intron,FALSE,FALSE,FALSE,FALSE,4,2,2,2_2,e5c89fcf-cc57-4fad-a138-ea47ee9ea225,NA
6,66422232,66422232,1,snv_mnv,NA,NA,"broad,dkfz,muse,sanger",4,COSN9911264,NA,NA,FALSE,0.2742,NA,17,45,NA,NA,NA,IGR,FALSE,FALSE,FALSE,FALSE,4,2,2,2_2,e5c89fcf-cc57-4fad-a138-ea47ee9ea225,NA
6,66813051,66813051,1,snv_mnv,NA,NA,"broad,dkfz,muse,sanger",4,COSN9911428,NA,NA,FALSE,0.2653,NA,26,72,NA,NA,NA,IGR,FALSE,FALSE,FALSE,FALSE,4,2,2,2_2,e5c89fcf-cc57-4fad-a138-ea47ee9ea225,NA
6,67425530,67425530,1,snv_mnv,NA,NA,"broad,dkfz,muse,sanger",4,COSN15585121,rs548604475,L1PA13,FALSE,0.2063,NA,13,50,NA,NA,NA,IGR,FALSE,FALSE,FALSE,FALSE,4,2,2,2_2,e5c89fcf-cc57-4fad-a138-ea47ee9ea225,AL450336.1
6,67577989,67577989,1,snv_mnv,NA,NA,"broad,dkfz,muse,sanger",4,COSN9911712,NA,Kanga2_a,FALSE,0.3269,NA,17,35,NA,NA,NA,IGR,FALSE,FALSE,FALSE,FALSE,4,2,2,2_2,e5c89fcf-cc57-4fad-a138-ea47ee9ea225,NA
6,67641086,67641086,1,snv_mnv,NA,NA,"broad,dkfz,muse,sanger",4,COSN9911738,NA,NA,FALSE,0.3016,NA,19,44,NA,NA,NA,IGR,FALSE,FALSE,FALSE,FALSE,4,2,2,2_2,e5c89fcf-cc57-4fad-a138-ea47ee9ea225,NA
6,67641088,67641088,1,snv_mnv,NA,NA,"broad,dkfz,muse,sanger",4,COSN9911739,NA,NA,FALSE,0.3016,NA,19,44,NA,NA,NA,IGR,FALSE,FALSE,FALSE,FALSE,4,2,2,2_2,e5c89fcf-cc57-4fad-a138-ea47ee9ea225,NA
6,67727824,67727824,1,snv_mnv,NA,NA,"broad,dkfz,muse,sanger",4,COSN9911762,NA,L1MA3,FALSE,0.3542,NA,17,31,NA,NA,NA,IGR,FALSE,FALSE,FALSE,FALSE,4,2,2,2_2,e5c89fcf-cc57-4fad-a138-ea47ee9ea225,NA
6,68403664,68403664,1,snv_mnv,NA,NA,"broad,dkfz,muse,sanger",4,COSN9911879,NA,NA,FALSE,0.3125,NA,20,44,NA,NA,NA,IGR,FALSE,FALSE,FALSE,FALSE,4,2,2,2_2,e5c89fcf-cc57-4fad-a138-ea47ee9ea225,NA
6,69032065,69032065,1,snv_mnv,NA,NA,"broad,dkfz,muse,sanger",4,COSN15584800,NA,L1MA4A,FALSE,0.2022,NA,18,71,NA,NA,NA,lincRNA,FALSE,FALSE,FALSE,FALSE,4,2,2,2_2,e5c89fcf-cc57-4fad-a138-ea47ee9ea225,NA
6,70169072,70169072,1,snv_mnv,NA,NA,"broad,dkfz,muse,sanger",4,COSN9912212,NA,NA,FALSE,0.2581,NA,16,46,NA,NA,NA,IGR,FALSE,FALSE,FALSE,FALSE,4,2,2,2_2,e5c89fcf-cc57-4fad-a138-ea47ee9ea225,NA
6,73721096,73721096,1,snv_mnv,NA,NA,"broad,dkfz,muse,sanger",4,COSN9912807,NA,L1MB3,FALSE,0.2133,NA,16,59,NA,NA,NA,Intron,FALSE,FALSE,FALSE,FALSE,4,2,2,2_2,e5c89fcf-cc57-4fad-a138-ea47ee9ea225,NA
6,73748440,73748440,1,snv_mnv,NA,NA,"broad,dkfz,muse,sanger",4,COSN9912810,NA,L1MD2,FALSE,0.2308,NA,15,50,NA,NA,NA,Intron,FALSE,FALSE,FALSE,FALSE,4,2,2,2_2,e5c89fcf-cc57-4fad-a138-ea47ee9ea225,KCNQ5
6,73858316,73858316,1,snv_mnv,NA,NA,"broad,dkfz,muse,sanger",4,COSN9912838,NA,NA,FALSE,0.3235,NA,11,23,NA,NA,NA,Intron,FALSE,FALSE,FALSE,FALSE,4,2,2,2_2,e5c89fcf-cc57-4fad-a138-ea47ee9ea225,NA
6,74594680,74594680,1,snv_mnv,NA,NA,"broad,dkfz,muse,sanger",4,COSN9912926,NA,NA,FALSE,0.2222,NA,12,42,NA,NA,NA,IGR,FALSE,FALSE,FALSE,FALSE,4,2,2,2_2,e5c89fcf-cc57-4fad-a138-ea47ee9ea225,NA
6,74892601,74892601,1,snv_mnv,NA,NA,"broad,dkfz,muse,sanger",4,COSN9912980,NA,LTR28,FALSE,0.3214,NA,9,19,NA,NA,NA,lincRNA,FALSE,FALSE,FALSE,FALSE,4,2,2,2_2,e5c89fcf-cc57-4fad-a138-ea47ee9ea225,NA
6,75933097,75933097,1,snv_mnv,NA,NA,"broad,dkfz,muse,sanger",4,COSN9913169,NA,MLT1B,FALSE,0.2714,NA,19,51,NA,NA,NA,IGR,FALSE,FALSE,FALSE,FALSE,4,2,2,2_2,e5c89fcf-cc57-4fad-a138-ea47ee9ea225,NA
6,76876820,76876820,1,snv_mnv,NA,NA,"broad,dkfz,muse,sanger",4,COSN9913308,NA,L1PA15,FALSE,0.3673,NA,18,31,NA,NA,NA,IGR,FALSE,FALSE,FALSE,FALSE,4,2,2,2_2,e5c89fcf-cc57-4fad-a138-ea47ee9ea225,NA
6,76893824,76893824,1,snv_mnv,NA,NA,"broad,dkfz,muse,sanger",4,COSN15585341,NA,L1PA14,FALSE,0.2,NA,11,44,NA,NA,NA,IGR,FALSE,FALSE,FALSE,FALSE,4,2,2,2_2,e5c89fcf-cc57-4fad-a138-ea47ee9ea225,NA
6,77590328,77590328,1,snv_mnv,NA,NA,"broad,dkfz,muse,sanger",4,COSN9913469,NA,NA,FALSE,0.2703,NA,20,54,NA,NA,NA,IGR,FALSE,FALSE,FALSE,FALSE,4,2,2,2_2,e5c89fcf-cc57-4fad-a138-ea47ee9ea225,NA
6,77922997,77922997,1,snv_mnv,NA,NA,"broad,dkfz,muse,sanger",4,COSN9913540,NA,NA,FALSE,0.2969,NA,19,45,NA,NA,NA,IGR,FALSE,FALSE,FALSE,FALSE,4,2,2,2_2,e5c89fcf-cc57-4fad-a138-ea47ee9ea225,NA
6,77971369,77971369,1,snv_mnv,NA,NA,"broad,dkfz,muse,sanger",4,COSN9913553,NA,NA,FALSE,0.2338,NA,18,59,NA,NA,NA,IGR,FALSE,FALSE,FALSE,FALSE,4,2,2,2_2,e5c89fcf-cc57-4fad-a138-ea47ee9ea225,NA
6,77988892,77988892,1,snv_mnv,NA,NA,"broad,dkfz,muse,sanger",4,COSN9913558,NA,L1PREC2,FALSE,0.2346,NA,19,62,NA,NA,NA,IGR,FALSE,FALSE,FALSE,FALSE,4,2,2,2_2,e5c89fcf-cc57-4fad-a138-ea47ee9ea225,NA
6,78473065,78473065,1,snv_mnv,NA,NA,"broad,dkfz,muse,sanger",4,COSN9913661,NA,L1M1,FALSE,0.3256,NA,14,29,NA,NA,NA,Intron,FALSE,FALSE,FALSE,FALSE,4,2,2,2_2,e5c89fcf-cc57-4fad-a138-ea47ee9ea225,NA
6,79157862,79157862,1,snv_mnv,NA,NA,"broad,dkfz,muse,sanger",4,COSN9913826,NA,NA,FALSE,0.3175,NA,20,43,NA,NA,NA,IGR,FALSE,FALSE,FALSE,FALSE,4,2,2,2_2,e5c89fcf-cc57-4fad-a138-ea47ee9ea225,NA
6,79899080,79899080,1,snv_mnv,NA,NA,"broad,dkfz,muse,sanger",4,COSN9913932,NA,NA,FALSE,0.28,NA,14,36,NA,NA,NA,IGR,FALSE,FALSE,FALSE,FALSE,4,2,2,2_2,e5c89fcf-cc57-4fad-a138-ea47ee9ea225,NA
6,81541709,81541709,1,snv_mnv,NA,NA,"broad,dkfz,muse,sanger",4,COSN9914172,NA,L1MA9,FALSE,0.2727,NA,18,48,NA,NA,NA,IGR,FALSE,FALSE,FALSE,FALSE,4,2,2,2_2,e5c89fcf-cc57-4fad-a138-ea47ee9ea225,NA
6,81999588,81999588,1,snv_mnv,NA,NA,"broad,dkfz,muse,sanger",4,COSN9914315,NA,NA,FALSE,0.2857,NA,18,45,NA,NA,NA,IGR,FALSE,FALSE,FALSE,FALSE,4,2,2,2_2,e5c89fcf-cc57-4fad-a138-ea47ee9ea225,NA
6,82523565,82523565,1,snv_mnv,NA,NA,"broad,dkfz,muse,sanger",4,COSN9914423,NA,NA,FALSE,0.2,NA,12,48,NA,NA,NA,lincRNA,FALSE,FALSE,FALSE,FALSE,4,2,2,2_2,e5c89fcf-cc57-4fad-a138-ea47ee9ea225,NA
6,82711043,82711043,1,snv_mnv,NA,NA,"broad,dkfz,muse,sanger",4,COSN9914453,NA,L1MA10,FALSE,0.2644,NA,23,64,NA,NA,NA,IGR,FALSE,FALSE,FALSE,FALSE,4,2,2,2_2,e5c89fcf-cc57-4fad-a138-ea47ee9ea225,NA
6,82941606,82941606,1,snv_mnv,NA,NA,"broad,dkfz,muse,sanger",4,COSN9914495,rs745795525,NA,FALSE,0.2727,NA,12,32,NA,NA,NA,Intron,FALSE,FALSE,FALSE,FALSE,4,2,2,2_2,e5c89fcf-cc57-4fad-a138-ea47ee9ea225,NA
6,83221806,83221806,1,snv_mnv,NA,NA,"broad,dkfz,muse,sanger",4,COSN9914569,NA,NA,FALSE,0.2714,NA,19,51,NA,NA,NA,IGR,FALSE,FALSE,FALSE,FALSE,4,2,2,2_2,e5c89fcf-cc57-4fad-a138-ea47ee9ea225,NA
6,83895757,83895757,1,snv_mnv,NA,NA,"broad,dkfz,muse,sanger",4,COSN9914667,NA,AT_rich,FALSE,0.3509,NA,20,37,NA,NA,NA,Intron,FALSE,FALSE,FALSE,FALSE,4,2,2,2_2,e5c89fcf-cc57-4fad-a138-ea47ee9ea225,PGM3
6,84408103,84408103,1,snv_mnv,NA,NA,"broad,dkfz,muse,sanger",4,COSN9914764,NA,L1MEd,FALSE,0.3396,NA,18,35,NA,NA,NA,Intron,FALSE,FALSE,FALSE,FALSE,4,2,2,2_2,e5c89fcf-cc57-4fad-a138-ea47ee9ea225,NA
6,84408104,84408104,1,snv_mnv,NA,NA,"broad,dkfz,muse,sanger",4,COSN9914765,NA,L1MEd,FALSE,0.3269,NA,17,35,NA,NA,NA,Intron,FALSE,FALSE,FALSE,FALSE,4,2,2,2_2,e5c89fcf-cc57-4fad-a138-ea47ee9ea225,NA
6,84420111,84420111,1,snv_mnv,NA,NA,"broad,dkfz,muse,sanger",4,COSN9914768,NA,L1ME1,FALSE,0.2639,NA,19,53,NA,NA,NA,5'Flank,FALSE,FALSE,FALSE,FALSE,4,2,2,2_2,e5c89fcf-cc57-4fad-a138-ea47ee9ea225,SNAP91
6,84519179,84519179,1,snv_mnv,NA,NA,"broad,dkfz,muse,sanger",4,COSN9914789,NA,NA,FALSE,0.2167,NA,13,47,NA,NA,NA,IGR,FALSE,FALSE,FALSE,FALSE,4,2,2,2_2,e5c89fcf-cc57-4fad-a138-ea47ee9ea225,NA
6,85617511,85617511,1,snv_mnv,NA,NA,"broad,dkfz,muse,sanger",4,COSN9915003,NA,NA,FALSE,0.25,NA,15,45,NA,NA,NA,IGR,FALSE,FALSE,FALSE,FALSE,4,2,2,2_2,e5c89fcf-cc57-4fad-a138-ea47ee9ea225,NA
6,85827987,85827987,1,snv_mnv,NA,NA,"broad,dkfz,muse,sanger",4,COSN9915039,NA,NA,FALSE,0.2424,NA,16,50,NA,NA,NA,IGR,FALSE,FALSE,FALSE,FALSE,4,2,2,2_2,e5c89fcf-cc57-4fad-a138-ea47ee9ea225,NA
6,86815837,86815837,1,snv_mnv,NA,NA,"broad,dkfz,muse,sanger",4,COSN9915190,NA,NA,FALSE,0.2222,NA,16,56,NA,NA,NA,IGR,FALSE,FALSE,FALSE,FALSE,4,2,2,2_2,e5c89fcf-cc57-4fad-a138-ea47ee9ea225,NA
6,87219327,87219327,1,snv_mnv,NA,NA,"broad,dkfz,muse,sanger",4,COSN9915276,NA,L1MA3,FALSE,0.25,NA,16,48,NA,NA,NA,IGR,FALSE,FALSE,FALSE,FALSE,4,2,2,2_2,e5c89fcf-cc57-4fad-a138-ea47ee9ea225,NA
6,87296221,87296221,1,snv_mnv,NA,NA,"broad,dkfz,muse,sanger",4,COSN9915301,NA,NA,FALSE,0.3269,NA,17,35,NA,NA,NA,IGR,FALSE,FALSE,FALSE,FALSE,4,2,2,2_2,e5c89fcf-cc57-4fad-a138-ea47ee9ea225,NA
6,87323720,87323720,1,snv_mnv,NA,NA,"broad,dkfz,muse,sanger",4,COSN15585378,NA,NA,FALSE,0.1912,NA,13,55,NA,NA,NA,IGR,FALSE,FALSE,FALSE,FALSE,4,2,2,2_2,e5c89fcf-cc57-4fad-a138-ea47ee9ea225,NA
6,89294085,89294085,1,snv_mnv,NA,NA,"broad,dkfz,muse,sanger",4,COSN9915582,NA,NA,FALSE,0.2833,NA,17,43,NA,NA,NA,IGR,FALSE,FALSE,FALSE,FALSE,4,2,2,2_2,e5c89fcf-cc57-4fad-a138-ea47ee9ea225,NA
6,89410583,89410583,1,snv_mnv,NA,NA,"broad,dkfz,muse,sanger",4,COSN15584687,NA,MIRc,FALSE,0.2131,NA,13,48,NA,NA,NA,Intron,FALSE,FALSE,FALSE,FALSE,4,2,2,2_2,e5c89fcf-cc57-4fad-a138-ea47ee9ea225,NA
6,90665453,90665453,1,snv_mnv,NA,NA,"broad,dkfz,muse,sanger",4,COSN9915759,NA,NA,FALSE,0.2449,NA,12,37,NA,NA,NA,Intron,FALSE,FALSE,FALSE,FALSE,4,2,2,2_2,e5c89fcf-cc57-4fad-a138-ea47ee9ea225,AL121787.1
6,91104256,91104256,1,snv_mnv,NA,NA,"broad,dkfz,muse,sanger",4,COSN9915825,NA,NA,FALSE,0.2344,NA,15,49,NA,NA,NA,IGR,FALSE,FALSE,FALSE,FALSE,4,2,2,2_2,e5c89fcf-cc57-4fad-a138-ea47ee9ea225,NA
6,91460305,91460305,1,snv_mnv,NA,NA,"broad,dkfz,muse",3,COSN9915898,NA,L3,FALSE,0.2258,NA,14,48,NA,NA,NA,IGR,FALSE,FALSE,FALSE,FALSE,4,2,2,2_2,e5c89fcf-cc57-4fad-a138-ea47ee9ea225,NA
6,91467517,91467517,1,snv_mnv,NA,NA,"broad,dkfz,muse,sanger",4,COSN9915901,NA,NA,FALSE,0.303,NA,20,46,NA,NA,NA,IGR,FALSE,FALSE,FALSE,FALSE,4,2,2,2_2,e5c89fcf-cc57-4fad-a138-ea47ee9ea225,NA
6,92634648,92634648,1,snv_mnv,NA,NA,"broad,dkfz,muse,sanger",4,COSN9916098,NA,MamGypLTR2c,FALSE,0.3061,NA,15,34,NA,NA,NA,IGR,FALSE,FALSE,FALSE,FALSE,4,2,2,2_2,e5c89fcf-cc57-4fad-a138-ea47ee9ea225,NA
6,92761717,92761717,1,snv_mnv,NA,NA,"broad,dkfz,muse",3,COSN9916137,NA,(TAA)n,FALSE,0.3559,NA,21,38,NA,NA,NA,IGR,FALSE,FALSE,FALSE,FALSE,4,2,2,2_2,e5c89fcf-cc57-4fad-a138-ea47ee9ea225,NA
6,93100204,93100204,1,snv_mnv,NA,NA,"broad,dkfz,muse,sanger",4,COSN9916220,NA,NA,FALSE,0.2113,NA,15,56,NA,NA,NA,lincRNA,FALSE,FALSE,FALSE,FALSE,4,2,2,2_2,e5c89fcf-cc57-4fad-a138-ea47ee9ea225,AL133457.1
6,93256879,93256879,1,snv_mnv,NA,NA,"broad,dkfz,muse,sanger",4,COSN9916257,NA,THE1A-int,FALSE,0.24,NA,12,38,NA,NA,NA,IGR,FALSE,FALSE,FALSE,FALSE,4,2,2,2_2,e5c89fcf-cc57-4fad-a138-ea47ee9ea225,NA
6,93315479,93315479,1,snv_mnv,NA,NA,"broad,dkfz,muse,sanger",4,COSN9916274,NA,L1MA1,FALSE,0.2609,NA,18,51,NA,NA,NA,IGR,FALSE,FALSE,FALSE,FALSE,4,2,2,2_2,e5c89fcf-cc57-4fad-a138-ea47ee9ea225,NA
6,93679032,93679032,1,snv_mnv,NA,NA,"broad,dkfz,muse,sanger",4,COSN9916360,NA,L1PA7,FALSE,0.2857,NA,12,30,NA,NA,NA,IGR,FALSE,FALSE,FALSE,FALSE,4,2,2,2_2,e5c89fcf-cc57-4fad-a138-ea47ee9ea225,NA
6,95102207,95102207,1,snv_mnv,NA,NA,"broad,dkfz,muse,sanger",4,COSN9916611,NA,NA,FALSE,0.2188,NA,14,50,NA,NA,NA,IGR,FALSE,FALSE,FALSE,FALSE,4,2,2,2_2,e5c89fcf-cc57-4fad-a138-ea47ee9ea225,NA
6,95312272,95312272,1,snv_mnv,NA,NA,"broad,dkfz,muse,sanger",4,COSN9916662,NA,NA,FALSE,0.25,NA,16,48,NA,NA,NA,IGR,FALSE,FALSE,FALSE,FALSE,4,2,2,2_2,e5c89fcf-cc57-4fad-a138-ea47ee9ea225,NA
6,95351829,95351829,1,snv_mnv,NA,NA,"broad,dkfz,muse,sanger",4,COSN9916674,NA,NA,FALSE,0.3,NA,18,42,NA,NA,NA,IGR,FALSE,FALSE,FALSE,FALSE,4,2,2,2_2,e5c89fcf-cc57-4fad-a138-ea47ee9ea225,NA
6,95615856,95615856,1,snv_mnv,NA,NA,"broad,dkfz,muse,sanger",4,COSN9916758,NA,L1MA1,FALSE,0.2319,NA,16,53,NA,NA,NA,IGR,FALSE,FALSE,FALSE,FALSE,4,2,2,2_2,e5c89fcf-cc57-4fad-a138-ea47ee9ea225,NA
6,95843914,95843914,1,snv_mnv,NA,NA,"broad,dkfz,muse,sanger",4,COSN9916790,NA,NA,FALSE,0.25,NA,18,54,NA,NA,NA,IGR,FALSE,FALSE,FALSE,FALSE,4,2,2,2_2,e5c89fcf-cc57-4fad-a138-ea47ee9ea225,NA
6,96973695,96973695,1,snv_mnv,NA,NA,"broad,dkfz,muse,sanger",4,COSN9917022,NA,NA,FALSE,0.3455,NA,19,36,NA,NA,NA,Intron,FALSE,FALSE,FALSE,FALSE,4,2,2,2_2,e5c89fcf-cc57-4fad-a138-ea47ee9ea225,"UFL1,UFL1-AS1"
6,97438338,97438338,1,snv_mnv,NA,NA,"broad,dkfz,muse,sanger",4,COSN9917096,NA,L1PA15,FALSE,0.2807,NA,16,41,NA,NA,NA,Intron,FALSE,FALSE,FALSE,FALSE,4,2,2,2_2,e5c89fcf-cc57-4fad-a138-ea47ee9ea225,NA
6,97996944,97996944,1,snv_mnv,NA,NA,"broad,dkfz,muse,sanger",4,COSN9917177,NA,NA,FALSE,0.3088,NA,21,47,NA,NA,NA,IGR,FALSE,FALSE,FALSE,FALSE,4,2,2,2_2,e5c89fcf-cc57-4fad-a138-ea47ee9ea225,NA
6,98304127,98304127,1,snv_mnv,NA,NA,"broad,dkfz,muse,sanger",4,COSN9917241,NA,NA,FALSE,0.2143,NA,18,66,NA,NA,NA,lincRNA,FALSE,FALSE,FALSE,FALSE,4,2,2,2_2,e5c89fcf-cc57-4fad-a138-ea47ee9ea225,NA
6,98313882,98313882,1,snv_mnv,NA,NA,"broad,dkfz,muse,sanger",4,COSN9917244,NA,NA,FALSE,0.2687,NA,18,49,NA,NA,NA,lincRNA,FALSE,FALSE,FALSE,FALSE,4,2,2,2_2,e5c89fcf-cc57-4fad-a138-ea47ee9ea225,NA
6,98374489,98374489,1,snv_mnv,NA,NA,"broad,dkfz,muse,sanger",4,COSN9917259,NA,NA,FALSE,0.2766,NA,13,34,NA,NA,NA,lincRNA,FALSE,FALSE,FALSE,FALSE,4,2,2,2_2,e5c89fcf-cc57-4fad-a138-ea47ee9ea225,NA
6,100132333,100132333,1,snv_mnv,NA,NA,"broad,dkfz,muse,sanger",4,COSN9961689,NA,MER91A,FALSE,0.1212,NA,4,29,NA,NA,NA,IGR,FALSE,FALSE,FALSE,FALSE,4,2,2,2_2,e5c89fcf-cc57-4fad-a138-ea47ee9ea225,NA
6,100190607,100190607,1,snv_mnv,NA,NA,"broad,dkfz,muse,sanger",4,COSN9961718,NA,HERVL74-int,FALSE,0.3091,NA,17,38,NA,NA,NA,IGR,FALSE,FALSE,FALSE,FALSE,4,2,2,2_2,e5c89fcf-cc57-4fad-a138-ea47ee9ea225,NA
6,100247418,100247418,1,snv_mnv,NA,NA,"broad,dkfz,muse,sanger",4,COSN9961726,NA,NA,FALSE,0.3333,NA,17,34,NA,NA,NA,IGR,FALSE,FALSE,FALSE,FALSE,4,2,2,2_2,e5c89fcf-cc57-4fad-a138-ea47ee9ea225,NA
6,100610282,100610282,1,snv_mnv,NA,NA,"broad,dkfz,muse,sanger",4,COSN9961801,NA,NA,FALSE,0.22,NA,11,39,NA,NA,NA,IGR,FALSE,FALSE,FALSE,FALSE,4,2,2,2_2,e5c89fcf-cc57-4fad-a138-ea47ee9ea225,NA
6,100639077,100639077,1,snv_mnv,NA,NA,"broad,dkfz,muse,sanger",4,COSN9961810,NA,NA,FALSE,0.194,NA,13,54,NA,NA,NA,IGR,FALSE,FALSE,FALSE,FALSE,4,2,2,2_2,e5c89fcf-cc57-4fad-a138-ea47ee9ea225,NA
6,100712490,100712490,1,snv_mnv,NA,NA,"broad,dkfz,muse,sanger",4,COSN9961820,NA,Arthur1,FALSE,0.2045,NA,18,70,NA,NA,NA,IGR,FALSE,FALSE,FALSE,FALSE,4,2,2,2_2,e5c89fcf-cc57-4fad-a138-ea47ee9ea225,NA
6,101865013,101865013,1,snv_mnv,NA,NA,"broad,dkfz,muse",3,COSN9962031,NA,THE1B,FALSE,0.2414,NA,14,44,NA,NA,NA,Intron,FALSE,FALSE,FALSE,FALSE,4,2,2,2_2,e5c89fcf-cc57-4fad-a138-ea47ee9ea225,NA
6,102072458,102072458,1,snv_mnv,NA,NA,"broad,dkfz,muse,sanger",4,COSN9962084,NA,NA,FALSE,0.2414,NA,14,44,NA,NA,NA,Intron,FALSE,FALSE,FALSE,FALSE,4,2,2,2_2,e5c89fcf-cc57-4fad-a138-ea47ee9ea225,NA
6,102448364,102448364,1,snv_mnv,NA,NA,"broad,dkfz,muse,sanger",4,COSN9962192,NA,L1PA16,FALSE,0.1944,NA,14,58,NA,NA,NA,Intron,FALSE,FALSE,FALSE,FALSE,4,2,2,2_2,e5c89fcf-cc57-4fad-a138-ea47ee9ea225,NA
6,102526152,102526152,1,snv_mnv,NA,NA,"broad,dkfz,muse,sanger",4,COSN9962211,NA,NA,FALSE,0.2679,NA,15,41,NA,NA,NA,IGR,FALSE,FALSE,FALSE,FALSE,4,2,2,2_2,e5c89fcf-cc57-4fad-a138-ea47ee9ea225,AP002530.1
6,102647171,102647171,1,snv_mnv,NA,NA,"broad,dkfz,muse,sanger",4,COSN9962260,NA,L1MEe,FALSE,0.2469,NA,20,61,NA,NA,NA,IGR,FALSE,FALSE,FALSE,FALSE,4,2,2,2_2,e5c89fcf-cc57-4fad-a138-ea47ee9ea225,NA
6,102979698,102979698,1,snv_mnv,NA,NA,"broad,dkfz,muse,sanger",4,COSN9962382,NA,L1MA9,FALSE,0.2222,NA,18,63,NA,NA,NA,IGR,FALSE,FALSE,FALSE,FALSE,4,2,2,2_2,e5c89fcf-cc57-4fad-a138-ea47ee9ea225,NA
6,103377824,103377824,1,snv_mnv,NA,NA,"broad,dkfz,muse,sanger",4,COSN15585359,NA,NA,FALSE,0.1695,NA,10,49,NA,NA,NA,IGR,FALSE,FALSE,FALSE,FALSE,4,2,2,2_2,e5c89fcf-cc57-4fad-a138-ea47ee9ea225,NA
6,103377825,103377825,1,snv_mnv,NA,NA,"broad,dkfz,muse,sanger",4,COSN9962524,NA,NA,FALSE,0.1724,NA,10,48,NA,NA,NA,IGR,FALSE,FALSE,FALSE,FALSE,4,2,2,2_2,e5c89fcf-cc57-4fad-a138-ea47ee9ea225,NA
6,103402831,103402831,1,snv_mnv,NA,NA,"broad,dkfz,muse,sanger",4,COSN9962533,NA,L2b,FALSE,0.3269,NA,17,35,NA,NA,NA,IGR,FALSE,FALSE,FALSE,FALSE,4,2,2,2_2,e5c89fcf-cc57-4fad-a138-ea47ee9ea225,NA
6,103604985,103604985,1,snv_mnv,NA,NA,"broad,dkfz,muse,sanger",4,COSN9962623,NA,L1ME3D,FALSE,0.25,NA,17,51,NA,NA,NA,IGR,FALSE,FALSE,FALSE,FALSE,4,2,2,2_2,e5c89fcf-cc57-4fad-a138-ea47ee9ea225,NA
6,104204817,104204817,1,snv_mnv,NA,NA,"broad,dkfz,muse,sanger",4,COSN9962828,NA,L1MA8,FALSE,0.2857,NA,18,45,NA,NA,NA,IGR,FALSE,FALSE,FALSE,FALSE,4,2,2,2_2,e5c89fcf-cc57-4fad-a138-ea47ee9ea225,NA
6,104340443,104340443,1,snv_mnv,NA,NA,"broad,dkfz,muse,sanger",4,COSN9962872,NA,NA,FALSE,0.1935,NA,12,50,NA,NA,NA,IGR,FALSE,FALSE,FALSE,FALSE,4,2,2,2_2,e5c89fcf-cc57-4fad-a138-ea47ee9ea225,NA
6,104542526,104542526,1,snv_mnv,NA,NA,"broad,dkfz,muse,sanger",4,COSN9962943,NA,NA,FALSE,0.2903,NA,18,44,NA,NA,NA,IGR,FALSE,FALSE,FALSE,FALSE,4,2,2,2_2,e5c89fcf-cc57-4fad-a138-ea47ee9ea225,NA
6,105365592,105365592,1,snv_mnv,NA,NA,"broad,dkfz,muse,sanger",4,COSN9963146,NA,L1PA16,FALSE,0.3729,NA,22,37,NA,NA,NA,IGR,FALSE,FALSE,FALSE,FALSE,4,2,2,2_2,e5c89fcf-cc57-4fad-a138-ea47ee9ea225,NA
6,105380106,105380106,1,snv_mnv,NA,NA,"broad,dkfz,muse,sanger",4,COSN9963153,NA,AT_rich,FALSE,0.3542,NA,17,31,NA,NA,NA,IGR,FALSE,FALSE,FALSE,FALSE,4,2,2,2_2,e5c89fcf-cc57-4fad-a138-ea47ee9ea225,"LIN28B-AS1,LIN28B"
6,105712931,105712931,1,snv_mnv,NA,NA,"broad,dkfz,muse,sanger",4,COSN9963218,NA,L1MC1,FALSE,0.2653,NA,13,36,NA,NA,NA,IGR,FALSE,FALSE,FALSE,FALSE,4,2,2,2_2,e5c89fcf-cc57-4fad-a138-ea47ee9ea225,NA
6,107169172,107169172,1,snv_mnv,NA,NA,"broad,dkfz,muse,sanger",4,COSN9963432,NA,NA,FALSE,0.2778,NA,10,26,NA,NA,NA,IGR,FALSE,FALSE,FALSE,FALSE,4,2,2,2_2,e5c89fcf-cc57-4fad-a138-ea47ee9ea225,LINC02532
6,107188240,107188240,1,snv_mnv,NA,NA,"broad,dkfz,muse,sanger",4,COSN9963436,NA,NA,FALSE,0.25,NA,8,24,NA,NA,NA,RNA,FALSE,FALSE,FALSE,FALSE,4,2,2,2_2,e5c89fcf-cc57-4fad-a138-ea47ee9ea225,"LINC02532,RNU6-117P"
6,107691734,107691734,1,snv_mnv,NA,NA,"broad,dkfz,muse,sanger",4,COSN9963496,NA,NA,FALSE,0.2754,NA,19,50,NA,NA,NA,Intron,FALSE,FALSE,FALSE,FALSE,4,2,2,2_2,e5c89fcf-cc57-4fad-a138-ea47ee9ea225,NA
6,107752785,107752785,1,snv_mnv,NA,NA,"broad,dkfz,muse,sanger",4,COSN9963501,NA,NA,FALSE,0.1786,NA,10,46,NA,NA,NA,Intron,FALSE,FALSE,FALSE,FALSE,4,2,2,2_2,e5c89fcf-cc57-4fad-a138-ea47ee9ea225,NA
6,110330102,110330102,1,snv_mnv,NA,NA,"broad,dkfz,muse,sanger",4,COSN15584877,NA,AluSq2,FALSE,0.2927,NA,12,29,NA,NA,NA,IGR,FALSE,FALSE,FALSE,FALSE,4,2,2,2_2,e5c89fcf-cc57-4fad-a138-ea47ee9ea225,NA
6,110947474,110947474,1,snv_mnv,NA,NA,"broad,dkfz,muse,sanger",4,COSN9963874,NA,NA,FALSE,0.1404,NA,8,49,NA,NA,NA,Intron,FALSE,FALSE,FALSE,FALSE,4,2,2,2_2,e5c89fcf-cc57-4fad-a138-ea47ee9ea225,CDK19
6,112234355,112234355,1,snv_mnv,NA,NA,"broad,dkfz,muse,sanger",4,COSN9964022,NA,L1MB3,FALSE,0.375,NA,12,20,NA,NA,NA,IGR,FALSE,FALSE,FALSE,FALSE,4,2,2,2_2,e5c89fcf-cc57-4fad-a138-ea47ee9ea225,NA
6,112874429,112874429,1,snv_mnv,NA,NA,"broad,dkfz,muse,sanger",4,COSN9964115,NA,L1PA6,FALSE,0.2667,NA,16,44,NA,NA,NA,IGR,FALSE,FALSE,FALSE,FALSE,4,2,2,2_2,e5c89fcf-cc57-4fad-a138-ea47ee9ea225,NA
6,113159727,113159727,1,snv_mnv,NA,NA,"broad,dkfz,muse,sanger",4,COSN9964156,NA,NA,FALSE,0.2615,NA,17,48,NA,NA,NA,IGR,FALSE,FALSE,FALSE,FALSE,4,2,2,2_2,e5c89fcf-cc57-4fad-a138-ea47ee9ea225,NA
6,113562963,113562963,1,snv_mnv,NA,NA,"broad,dkfz,muse,sanger",4,COSN9964234,NA,NA,FALSE,0.2394,NA,17,54,NA,NA,NA,IGR,FALSE,FALSE,FALSE,FALSE,4,2,2,2_2,e5c89fcf-cc57-4fad-a138-ea47ee9ea225,NA
6,114922123,114922123,1,snv_mnv,NA,NA,"broad,dkfz,muse,sanger",4,COSN9964451,NA,NA,FALSE,0.1096,NA,8,65,NA,NA,NA,IGR,FALSE,FALSE,FALSE,FALSE,4,2,2,2_2,e5c89fcf-cc57-4fad-a138-ea47ee9ea225,NA
6,115128023,115128023,1,snv_mnv,NA,NA,"broad,dkfz,muse,sanger",4,COSN9964497,NA,AluJr,FALSE,0.2439,NA,10,31,NA,NA,NA,IGR,FALSE,FALSE,FALSE,FALSE,4,2,2,2_2,e5c89fcf-cc57-4fad-a138-ea47ee9ea225,NA
6,115380211,115380211,1,snv_mnv,NA,NA,"broad,dkfz,muse,sanger",4,COSN9964562,NA,MER57B2,FALSE,0.3455,NA,19,36,NA,NA,NA,IGR,FALSE,FALSE,FALSE,FALSE,4,2,2,2_2,e5c89fcf-cc57-4fad-a138-ea47ee9ea225,NA
6,115482373,115482373,1,snv_mnv,1.9968e-4,rs529349851,"broad,dkfz,muse,sanger",4,COSN9964584,rs529349851,L1PA7,FALSE,0.3016,NA,19,44,NA,NA,NA,IGR,FALSE,FALSE,FALSE,FALSE,4,2,2,2_2,e5c89fcf-cc57-4fad-a138-ea47ee9ea225,NA
6,115654135,115654135,1,snv_mnv,NA,NA,"broad,dkfz,muse,sanger",4,COSN9964624,NA,MER67D,FALSE,0.2029,NA,14,55,NA,NA,NA,IGR,FALSE,FALSE,FALSE,FALSE,4,2,2,2_2,e5c89fcf-cc57-4fad-a138-ea47ee9ea225,NA
6,115943162,115943162,1,snv_mnv,NA,NA,"broad,dkfz,muse,sanger",4,COSN9964705,NA,L1PB4,FALSE,0.25,NA,16,48,NA,NA,NA,IGR,FALSE,FALSE,FALSE,FALSE,4,2,2,2_2,e5c89fcf-cc57-4fad-a138-ea47ee9ea225,NA
6,116257592,116257592,1,snv_mnv,NA,NA,"broad,dkfz,muse,sanger",4,COSN9964752,NA,L1PA7,FALSE,0.2951,NA,18,43,NA,NA,NA,3'UTR,FALSE,FALSE,FALSE,FALSE,4,2,2,2_2,e5c89fcf-cc57-4fad-a138-ea47ee9ea225,NA
6,116352937,116352937,1,snv_mnv,NA,NA,"broad,dkfz,muse,sanger",4,COSN9964761,NA,NA,FALSE,0.2133,NA,16,59,NA,NA,NA,Intron,FALSE,FALSE,FALSE,FALSE,4,2,2,2_2,e5c89fcf-cc57-4fad-a138-ea47ee9ea225,NA
6,116660076,116660076,1,snv_mnv,NA,NA,"broad,dkfz,muse,sanger",4,COSN9964800,NA,NA,FALSE,0.3333,NA,17,34,NA,NA,NA,Intron,FALSE,FALSE,FALSE,FALSE,4,2,2,2_2,e5c89fcf-cc57-4fad-a138-ea47ee9ea225,NA
6,116979514,116979514,1,snv_mnv,NA,NA,"broad,dkfz,muse,sanger",4,COSN9964843,NA,NA,FALSE,0.2414,NA,14,44,NA,NA,NA,Intron,FALSE,FALSE,FALSE,FALSE,4,2,2,2_2,e5c89fcf-cc57-4fad-a138-ea47ee9ea225,NA
6,117094521,117094521,1,snv_mnv,NA,NA,"broad,dkfz,muse,sanger",4,COSN9964863,NA,NA,FALSE,0.2222,NA,18,63,NA,NA,NA,IGR,FALSE,FALSE,FALSE,FALSE,4,2,2,2_2,e5c89fcf-cc57-4fad-a138-ea47ee9ea225,NA
6,117309466,117309466,1,snv_mnv,NA,NA,"broad,dkfz,muse,sanger",4,COSN9964904,NA,L1MEc,FALSE,0.3088,NA,21,47,NA,NA,NA,IGR,FALSE,FALSE,FALSE,FALSE,4,2,2,2_2,e5c89fcf-cc57-4fad-a138-ea47ee9ea225,NA
6,119332166,119332166,1,snv_mnv,NA,NA,"broad,dkfz,muse,sanger",4,COSN9965274,NA,NA,FALSE,0.2679,NA,15,41,NA,NA,NA,Intron,FALSE,FALSE,FALSE,FALSE,4,2,2,2_2,e5c89fcf-cc57-4fad-a138-ea47ee9ea225,FAM184A
6,119332168,119332168,1,snv_mnv,NA,NA,"broad,dkfz,muse,sanger",4,COSN9965275,NA,NA,FALSE,0.2727,NA,15,40,NA,NA,NA,Intron,FALSE,FALSE,FALSE,FALSE,4,2,2,2_2,e5c89fcf-cc57-4fad-a138-ea47ee9ea225,FAM184A
6,120639163,120639163,1,snv_mnv,NA,NA,"broad,dkfz,muse,sanger",4,COSN9965503,NA,NA,FALSE,0.3134,NA,21,46,NA,NA,NA,IGR,FALSE,FALSE,FALSE,FALSE,4,2,2,2_2,e5c89fcf-cc57-4fad-a138-ea47ee9ea225,NA
6,120850053,120850053,1,snv_mnv,NA,NA,"broad,dkfz,muse,sanger",4,COSN9965558,NA,NA,FALSE,0.194,NA,13,54,NA,NA,NA,RNA,FALSE,FALSE,FALSE,FALSE,4,2,2,2_2,e5c89fcf-cc57-4fad-a138-ea47ee9ea225,RNU6-214P
6,121002885,121002885,1,snv_mnv,NA,NA,"broad,dkfz,muse,sanger",4,COSN9965603,NA,MIRb,FALSE,0.2951,NA,18,43,NA,NA,NA,IGR,FALSE,FALSE,FALSE,FALSE,4,2,2,2_2,e5c89fcf-cc57-4fad-a138-ea47ee9ea225,RNA5SP215
6,122795213,122795213,1,snv_mnv,NA,NA,"broad,dkfz,muse,sanger",4,COSN9965984,NA,AluSq2,FALSE,0.3529,NA,12,22,NA,NA,NA,Intron,FALSE,FALSE,FALSE,FALSE,4,2,2,2_2,e5c89fcf-cc57-4fad-a138-ea47ee9ea225,SERINC1
6,124241811,124241811,1,snv_mnv,NA,NA,"broad,dkfz,muse,sanger",4,COSN9966221,NA,NA,FALSE,0.2581,NA,16,46,NA,NA,NA,Intron,FALSE,FALSE,FALSE,FALSE,4,2,2,2_2,e5c89fcf-cc57-4fad-a138-ea47ee9ea225,NA
6,124544180,124544180,1,snv_mnv,NA,NA,"broad,dkfz,muse,sanger",4,COSN9966312,NA,AluSx3,FALSE,0.425,NA,17,23,NA,NA,NA,Intron,FALSE,FALSE,FALSE,FALSE,4,2,2,2_2,e5c89fcf-cc57-4fad-a138-ea47ee9ea225,NA
6,124741105,124741105,1,snv_mnv,NA,NA,"broad,dkfz,muse,sanger",4,COSN9966372,NA,NA,FALSE,0.25,NA,15,45,NA,NA,NA,Intron,FALSE,FALSE,FALSE,FALSE,4,2,2,2_2,e5c89fcf-cc57-4fad-a138-ea47ee9ea225,NA
6,124986814,124986814,1,snv_mnv,NA,NA,"broad,dkfz,muse,sanger",4,COSN9966434,NA,NA,FALSE,0.2923,NA,19,46,NA,NA,NA,Intron,FALSE,FALSE,FALSE,FALSE,4,2,2,2_2,e5c89fcf-cc57-4fad-a138-ea47ee9ea225,NA
6,126351392,126351392,1,snv_mnv,NA,NA,"broad,dkfz,muse,sanger",4,COSN15584688,NA,NA,FALSE,0.2273,NA,15,51,NA,NA,NA,Intron,FALSE,FALSE,FALSE,FALSE,4,2,2,2_2,e5c89fcf-cc57-4fad-a138-ea47ee9ea225,NA
6,126881225,126881225,1,snv_mnv,NA,NA,"broad,muse,sanger",3,COSN9966700,NA,L1PA7,FALSE,0.2769,NA,18,47,NA,NA,NA,IGR,FALSE,FALSE,FALSE,FALSE,4,2,2,2_2,e5c89fcf-cc57-4fad-a138-ea47ee9ea225,NA
6,127109418,127109418,1,snv_mnv,NA,NA,"broad,dkfz,muse,sanger",4,COSN9966740,NA,NA,FALSE,0.3516,NA,32,59,NA,NA,NA,IGR,FALSE,FALSE,FALSE,FALSE,4,2,2,2_2,e5c89fcf-cc57-4fad-a138-ea47ee9ea225,NA
6,128804988,128804988,1,snv_mnv,NA,NA,"broad,dkfz,muse,sanger",4,COSN9967006,NA,NA,FALSE,0.274,NA,20,53,NA,NA,NA,Intron,FALSE,FALSE,FALSE,FALSE,4,2,2,2_2,e5c89fcf-cc57-4fad-a138-ea47ee9ea225,NA
6,129403771,129403771,1,snv_mnv,NA,NA,"broad,dkfz,muse,sanger",4,COSN15585294,NA,NA,FALSE,0.191,NA,17,72,NA,NA,NA,Intron,FALSE,FALSE,FALSE,FALSE,4,2,2,2_2,e5c89fcf-cc57-4fad-a138-ea47ee9ea225,NA
6,129429466,129429466,1,snv_mnv,NA,NA,"broad,dkfz,muse,sanger",4,COSN9967164,NA,NA,FALSE,0.2031,NA,13,51,NA,NA,NA,Intron,FALSE,FALSE,FALSE,FALSE,4,2,2,2_2,e5c89fcf-cc57-4fad-a138-ea47ee9ea225,NA
6,130638154,130638154,1,snv_mnv,NA,NA,"broad,dkfz,muse,sanger",4,COSN9967327,NA,MIRc,FALSE,0.2857,NA,18,45,NA,NA,NA,Intron,FALSE,FALSE,FALSE,FALSE,4,2,2,2_2,e5c89fcf-cc57-4fad-a138-ea47ee9ea225,NA
6,133099790,133099790,1,snv_mnv,NA,NA,"broad,dkfz,muse,sanger",4,COSN9967673,NA,NA,FALSE,0.2615,NA,17,48,NA,NA,NA,Intron,FALSE,FALSE,FALSE,FALSE,4,2,2,2_2,e5c89fcf-cc57-4fad-a138-ea47ee9ea225,NA
6,133319809,133319809,1,snv_mnv,NA,NA,"broad,dkfz,muse,sanger",4,COSN9967714,NA,L1MEd,FALSE,0.2338,NA,18,59,NA,NA,NA,IGR,FALSE,FALSE,FALSE,FALSE,4,2,2,2_2,e5c89fcf-cc57-4fad-a138-ea47ee9ea225,RPL23AP46
6,133387117,133387117,1,snv_mnv,NA,NA,"broad,dkfz,muse,sanger",4,COSN9967726,NA,NA,FALSE,0.3214,NA,18,38,NA,NA,NA,IGR,FALSE,FALSE,FALSE,FALSE,4,2,2,2_2,e5c89fcf-cc57-4fad-a138-ea47ee9ea225,NA
6,133480959,133480959,1,snv_mnv,NA,NA,"broad,dkfz,muse,sanger",4,COSN15585041,NA,NA,FALSE,0.2063,NA,13,50,NA,NA,NA,IGR,FALSE,FALSE,FALSE,FALSE,4,2,2,2_2,e5c89fcf-cc57-4fad-a138-ea47ee9ea225,NA
6,133605468,133605468,1,snv_mnv,NA,NA,"broad,dkfz,muse,sanger",4,COSN9967778,NA,AluSz6,FALSE,0.2712,NA,16,43,NA,NA,NA,Intron,FALSE,FALSE,FALSE,FALSE,4,2,2,2_2,e5c89fcf-cc57-4fad-a138-ea47ee9ea225,NA
6,133702542,133702542,1,snv_mnv,NA,NA,"broad,dkfz,muse,sanger",4,COSN9967800,NA,NA,FALSE,0.2857,NA,24,60,NA,NA,NA,Intron,FALSE,FALSE,FALSE,FALSE,4,2,2,2_2,e5c89fcf-cc57-4fad-a138-ea47ee9ea225,NA
6,134322616,134322616,1,snv_mnv,NA,NA,"broad,dkfz,muse,sanger",4,COSN15585158,NA,MER97c,FALSE,0.1964,NA,11,45,NA,NA,NA,Intron,FALSE,FALSE,FALSE,FALSE,4,2,2,2_2,e5c89fcf-cc57-4fad-a138-ea47ee9ea225,NA
6,135082743,135082743,1,snv_mnv,NA,NA,"broad,dkfz,muse,sanger",4,COSN9968000,NA,NA,FALSE,0.2885,NA,15,37,NA,NA,NA,IGR,FALSE,FALSE,FALSE,FALSE,4,2,2,2_2,e5c89fcf-cc57-4fad-a138-ea47ee9ea225,NA
6,135394425,135394425,1,snv_mnv,NA,NA,"broad,dkfz,muse,sanger",4,COSN9968071,rs752065910,AmnSINE1,FALSE,0.193,NA,11,46,NA,NA,NA,IGR,FALSE,FALSE,FALSE,FALSE,4,2,2,2_2,e5c89fcf-cc57-4fad-a138-ea47ee9ea225,NA
6,136586064,136586064,1,snv_mnv,NA,NA,"broad,dkfz,muse,sanger",4,COSN9968242,NA,NA,FALSE,0.193,NA,11,46,NA,NA,NA,Intron,FALSE,FALSE,FALSE,FALSE,4,2,2,2_2,e5c89fcf-cc57-4fad-a138-ea47ee9ea225,BCLAF1
6,138101940,138101940,1,snv_mnv,NA,NA,"broad,dkfz,muse,sanger",4,COSN9968480,NA,NA,FALSE,0.3208,NA,17,36,NA,NA,NA,IGR,FALSE,FALSE,FALSE,FALSE,4,2,2,2_2,e5c89fcf-cc57-4fad-a138-ea47ee9ea225,RF00019
6,138282424,138282424,1,snv_mnv,NA,NA,"broad,dkfz,muse,sanger",4,COSN9968512,NA,NA,FALSE,0.3111,NA,14,31,NA,NA,NA,IGR,FALSE,FALSE,FALSE,FALSE,4,2,2,2_2,e5c89fcf-cc57-4fad-a138-ea47ee9ea225,NA
6,139913093,139913093,1,snv_mnv,NA,NA,"broad,dkfz,muse,sanger",4,COSN9968713,NA,NA,FALSE,0.2857,NA,12,30,NA,NA,NA,IGR,FALSE,FALSE,FALSE,FALSE,4,2,2,2_2,e5c89fcf-cc57-4fad-a138-ea47ee9ea225,NA
6,140474594,140474594,1,snv_mnv,NA,NA,"broad,dkfz,muse,sanger",4,COSN9968789,NA,MLT1B,FALSE,0.3768,NA,26,43,NA,NA,NA,IGR,FALSE,FALSE,FALSE,FALSE,4,2,2,2_2,e5c89fcf-cc57-4fad-a138-ea47ee9ea225,NA
6,142065469,142065469,1,snv_mnv,NA,NA,"broad,dkfz,muse,sanger",4,COSN15585300,NA,MLT1G3-int,FALSE,0.2105,NA,12,45,NA,NA,NA,IGR,FALSE,FALSE,FALSE,FALSE,4,2,2,2_2,e5c89fcf-cc57-4fad-a138-ea47ee9ea225,NA
6,143128486,143128486,1,snv_mnv,NA,NA,"broad,dkfz,muse,sanger",4,COSN9969223,NA,NA,FALSE,0.3256,NA,14,29,NA,NA,NA,Intron,FALSE,FALSE,FALSE,FALSE,4,2,2,2_2,e5c89fcf-cc57-4fad-a138-ea47ee9ea225,NA
6,143128487,143128487,1,snv_mnv,NA,NA,"broad,dkfz,muse,sanger",4,COSN9969224,NA,NA,FALSE,0.3256,NA,14,29,NA,NA,NA,Intron,FALSE,FALSE,FALSE,FALSE,4,2,2,2_2,e5c89fcf-cc57-4fad-a138-ea47ee9ea225,NA
6,143231381,143231381,1,snv_mnv,NA,NA,"broad,dkfz,muse,sanger",4,COSN9969241,NA,NA,FALSE,0.3,NA,21,49,NA,NA,NA,Intron,FALSE,FALSE,FALSE,FALSE,4,2,2,2_2,e5c89fcf-cc57-4fad-a138-ea47ee9ea225,NA
6,144872329,144872329,1,snv_mnv,NA,NA,"broad,dkfz,muse,sanger",4,COSN9969438,NA,NA,FALSE,0.2373,NA,14,45,NA,NA,NA,Intron,FALSE,FALSE,FALSE,FALSE,4,2,2,2_2,e5c89fcf-cc57-4fad-a138-ea47ee9ea225,NA
6,145556298,145556298,1,snv_mnv,NA,NA,"broad,dkfz,muse,sanger",4,COSN9969544,NA,MER57E1,FALSE,0.3273,NA,18,37,NA,NA,NA,IGR,FALSE,FALSE,FALSE,FALSE,4,2,2,2_2,e5c89fcf-cc57-4fad-a138-ea47ee9ea225,NA
6,145625532,145625532,1,snv_mnv,NA,NA,"broad,dkfz,muse,sanger",4,COSN9969553,NA,MLT1A0,FALSE,0.3492,NA,22,41,NA,NA,NA,IGR,FALSE,FALSE,FALSE,FALSE,4,2,2,2_2,e5c89fcf-cc57-4fad-a138-ea47ee9ea225,NA
6,145647510,145647510,1,snv_mnv,NA,NA,"broad,dkfz,muse,sanger",4,COSN9969557,NA,NA,FALSE,0.2295,NA,14,47,NA,NA,NA,IGR,FALSE,FALSE,FALSE,FALSE,4,2,2,2_2,e5c89fcf-cc57-4fad-a138-ea47ee9ea225,NA
6,145732905,145732905,1,snv_mnv,NA,NA,"broad,dkfz,muse,sanger",4,COSN9969573,NA,NA,FALSE,0.322,NA,19,40,NA,NA,NA,IGR,FALSE,FALSE,FALSE,FALSE,4,2,2,2_2,e5c89fcf-cc57-4fad-a138-ea47ee9ea225,NA
6,146498809,146498809,1,snv_mnv,NA,NA,"broad,dkfz,muse,sanger",4,COSN15584763,NA,NA,FALSE,0.1781,NA,13,60,NA,NA,NA,Intron,FALSE,FALSE,FALSE,FALSE,4,2,2,2_2,e5c89fcf-cc57-4fad-a138-ea47ee9ea225,NA
6,146660844,146660844,1,snv_mnv,NA,NA,"broad,dkfz,muse,sanger",4,COSN9969744,NA,NA,FALSE,0.2466,NA,18,55,NA,NA,NA,Intron,FALSE,FALSE,FALSE,FALSE,4,2,2,2_2,e5c89fcf-cc57-4fad-a138-ea47ee9ea225,RNA5SP222
6,147590876,147590876,1,snv_mnv,NA,NA,"broad,dkfz,muse,sanger",4,COSN9969924,NA,NA,FALSE,0.2394,NA,17,54,NA,NA,NA,Intron,FALSE,FALSE,FALSE,FALSE,4,2,2,2_2,e5c89fcf-cc57-4fad-a138-ea47ee9ea225,NA
6,150361400,150361400,1,snv_mnv,NA,NA,"broad,dkfz,muse,sanger",4,COSN9970310,NA,AluJr,FALSE,0.2703,NA,10,27,NA,NA,NA,lincRNA,FALSE,FALSE,FALSE,FALSE,4,2,2,2_2,e5c89fcf-cc57-4fad-a138-ea47ee9ea225,"PHBP1,AL355497.2"
6,150449372,150449372,1,snv_mnv,NA,NA,"broad,dkfz,muse,sanger",4,COSN9970323,NA,NA,FALSE,0.2642,NA,14,39,NA,NA,NA,IGR,FALSE,FALSE,FALSE,FALSE,4,2,2,2_2,e5c89fcf-cc57-4fad-a138-ea47ee9ea225,NA
6,151246860,151246860,1,snv_mnv,3.9936e-4,rs558653125,"broad,dkfz,muse,sanger",4,COSN9970435,rs558653125,NA,FALSE,0.3235,NA,11,23,NA,NA,NA,Intron,FALSE,FALSE,FALSE,FALSE,4,2,2,2_2,e5c89fcf-cc57-4fad-a138-ea47ee9ea225,NA
6,152244861,152244861,1,snv_mnv,NA,NA,"broad,dkfz,muse,sanger",4,COSN9970565,NA,L1MC3,FALSE,0.2632,NA,15,42,NA,NA,NA,Intron,FALSE,FALSE,FALSE,FALSE,4,2,2,2_2,e5c89fcf-cc57-4fad-a138-ea47ee9ea225,NA
6,153326437,153326437,1,snv_mnv,NA,NA,"broad,dkfz,muse,sanger",4,COSN9970740,NA,NA,FALSE,0.3175,NA,20,43,NA,NA,NA,3'UTR,FALSE,FALSE,FALSE,FALSE,4,2,2,2_2,e5c89fcf-cc57-4fad-a138-ea47ee9ea225,MTRF1L
6,153857796,153857796,1,snv_mnv,NA,NA,"broad,dkfz,muse,sanger",4,COSN9970854,NA,MLT2F,FALSE,0.2131,NA,13,48,NA,NA,NA,IGR,FALSE,FALSE,FALSE,FALSE,4,2,2,2_2,e5c89fcf-cc57-4fad-a138-ea47ee9ea225,NA
6,154462892,154462892,1,snv_mnv,NA,NA,"broad,dkfz,muse,sanger",4,COSN15584795,NA,MER4A1,FALSE,0.234,NA,11,36,NA,NA,NA,Intron,FALSE,FALSE,FALSE,FALSE,4,2,2,2_2,e5c89fcf-cc57-4fad-a138-ea47ee9ea225,NA
6,160170627,160170627,1,snv_mnv,NA,NA,"broad,dkfz,muse,sanger",4,COSN9971772,NA,NA,FALSE,0.4474,NA,17,21,NA,NA,NA,Intron,FALSE,FALSE,FALSE,FALSE,4,2,2,2_2,e5c89fcf-cc57-4fad-a138-ea47ee9ea225,"WTAP,SOD2"
6,160812729,160812729,1,snv_mnv,NA,NA,"broad,dkfz,muse,sanger",4,COSN9971871,NA,NA,FALSE,0.3115,NA,19,42,NA,NA,NA,Intron,FALSE,FALSE,FALSE,FALSE,4,2,2,2_2,e5c89fcf-cc57-4fad-a138-ea47ee9ea225,NA
6,161249193,161249193,1,snv_mnv,NA,NA,"broad,dkfz,muse,sanger",4,COSN9971922,NA,NA,FALSE,0.3934,NA,24,37,NA,NA,NA,IGR,FALSE,FALSE,FALSE,FALSE,4,2,2,2_2,e5c89fcf-cc57-4fad-a138-ea47ee9ea225,NA
6,162172304,162172304,1,snv_mnv,NA,NA,"broad,dkfz,muse,sanger",4,COSN9972030,NA,NA,FALSE,0.254,NA,16,47,NA,NA,NA,Intron,FALSE,FALSE,FALSE,FALSE,4,2,2,2_2,e5c89fcf-cc57-4fad-a138-ea47ee9ea225,NA
6,163053705,163053705,1,snv_mnv,NA,NA,"broad,dkfz,muse,sanger",4,COSN9972127,NA,AT_rich,FALSE,0.2955,NA,13,31,NA,NA,NA,Intron,FALSE,FALSE,FALSE,FALSE,4,2,2,2_2,e5c89fcf-cc57-4fad-a138-ea47ee9ea225,NA
6,164351576,164351576,1,snv_mnv,NA,NA,"broad,dkfz,muse,sanger",4,COSN9972302,NA,NA,FALSE,0.375,NA,15,25,NA,NA,NA,IGR,FALSE,FALSE,FALSE,FALSE,4,2,2,2_2,e5c89fcf-cc57-4fad-a138-ea47ee9ea225,NA
6,164583776,164583776,1,snv_mnv,NA,NA,"broad,dkfz,muse,sanger",4,COSN9972343,NA,Charlie19a,FALSE,0.2979,NA,14,33,NA,NA,NA,IGR,FALSE,FALSE,FALSE,FALSE,4,2,2,2_2,e5c89fcf-cc57-4fad-a138-ea47ee9ea225,NA
6,164774175,164774175,1,snv_mnv,NA,NA,"broad,dkfz,muse",3,COSN9972385,NA,L1PA16,FALSE,0.2344,NA,15,49,NA,NA,NA,IGR,FALSE,FALSE,FALSE,FALSE,4,2,2,2_2,e5c89fcf-cc57-4fad-a138-ea47ee9ea225,AL358972.1
6,165169954,165169954,1,snv_mnv,NA,NA,"broad,dkfz,muse,sanger",4,COSN9972480,NA,NA,FALSE,0.2909,NA,16,39,NA,NA,NA,IGR,FALSE,FALSE,FALSE,FALSE,4,2,2,2_2,e5c89fcf-cc57-4fad-a138-ea47ee9ea225,NA
6,165310814,165310814,1,snv_mnv,NA,NA,"broad,dkfz,muse,sanger",4,COSN9972511,NA,L2a,FALSE,0.2381,NA,15,48,NA,NA,NA,IGR,FALSE,FALSE,FALSE,FALSE,4,2,2,2_2,e5c89fcf-cc57-4fad-a138-ea47ee9ea225,NA
6,165957290,165957290,1,snv_mnv,1.9968e-4,rs567025061,"broad,dkfz,muse,sanger",4,COSN9972639,rs567025061,L1MB4,FALSE,0.2537,NA,17,50,NA,NA,NA,Intron,FALSE,FALSE,FALSE,FALSE,4,2,2,2_2,e5c89fcf-cc57-4fad-a138-ea47ee9ea225,NA
6,166317010,166317010,1,snv_mnv,NA,NA,"broad,dkfz,muse,sanger",4,COSN9972713,rs374155900,L2,FALSE,0.2308,NA,12,40,NA,NA,NA,Intron,FALSE,FALSE,FALSE,FALSE,4,2,2,2_2,e5c89fcf-cc57-4fad-a138-ea47ee9ea225,NA
6,167395545,167395545,1,snv_mnv,NA,NA,"broad,dkfz,muse,sanger",4,COSN9972892,NA,L1M7,FALSE,0.3684,NA,14,24,NA,NA,NA,RNA,FALSE,FALSE,FALSE,FALSE,4,2,2,2_2,e5c89fcf-cc57-4fad-a138-ea47ee9ea225,NA
6,169781984,169781984,1,snv_mnv,NA,NA,"broad,dkfz,muse",3,COSN9973216,rs373416802,(TG)n,FALSE,0.25,NA,13,39,NA,NA,NA,lincRNA,FALSE,FALSE,FALSE,FALSE,4,2,2,2_2,e5c89fcf-cc57-4fad-a138-ea47ee9ea225,NA
6,169990152,169990152,1,snv_mnv,NA,NA,"broad,dkfz,muse,sanger",4,COSN15585190,NA,NA,FALSE,0.1875,NA,12,52,NA,NA,NA,Intron,FALSE,FALSE,FALSE,FALSE,4,2,2,2_2,e5c89fcf-cc57-4fad-a138-ea47ee9ea225,NA
7,1418557,1418557,1,snv_mnv,NA,NA,"broad,dkfz,muse",3,COSN9934852,NA,NA,FALSE,0.3099,NA,22,49,NA,NA,NA,IGR,FALSE,FALSE,FALSE,FALSE,4,2,2,2_2,e5c89fcf-cc57-4fad-a138-ea47ee9ea225,NA
7,3204253,3204253,1,snv_mnv,NA,NA,"broad,dkfz,muse,sanger",4,COSN9941170,NA,NA,FALSE,0.3226,NA,10,21,NA,NA,NA,Intron,FALSE,FALSE,FALSE,FALSE,4,2,2,2_2,e5c89fcf-cc57-4fad-a138-ea47ee9ea225,NA
7,5465757,5465757,1,snv_mnv,NA,NA,"broad,dkfz,muse,sanger",4,COSN9767422,NA,NA,FALSE,0.225,NA,9,31,NA,NA,NA,5'Flank,FALSE,FALSE,FALSE,FALSE,4,2,2,2_2,e5c89fcf-cc57-4fad-a138-ea47ee9ea225,"AC092171.1,AC092171.3,TNRC18,AC092171.5"
7,5465758,5465758,1,snv_mnv,NA,NA,"broad,dkfz,muse,sanger",4,COSN9767423,NA,NA,FALSE,0.225,NA,9,31,NA,NA,NA,5'Flank,FALSE,FALSE,FALSE,FALSE,4,2,2,2_2,e5c89fcf-cc57-4fad-a138-ea47ee9ea225,"AC092171.5,TNRC18,AC092171.3,AC092171.1"
7,6568219,6568219,1,snv_mnv,NA,NA,"broad,dkfz,muse,sanger",4,COSN9769461,NA,NA,FALSE,0.4,NA,12,18,NA,NA,NA,Intron,FALSE,FALSE,FALSE,FALSE,4,2,2,2_2,e5c89fcf-cc57-4fad-a138-ea47ee9ea225,NA
7,8747755,8747755,1,snv_mnv,NA,NA,"broad,dkfz,muse,sanger",4,COSN9773393,NA,NA,FALSE,0.2561,NA,21,61,NA,NA,NA,Intron,FALSE,FALSE,FALSE,FALSE,4,2,2,2_2,e5c89fcf-cc57-4fad-a138-ea47ee9ea225,NA
7,8777248,8777248,1,snv_mnv,NA,NA,"broad,dkfz,muse,sanger",4,COSN9773426,NA,L1PA7,FALSE,0.2083,NA,15,57,NA,NA,NA,Intron,FALSE,FALSE,FALSE,FALSE,4,2,2,2_2,e5c89fcf-cc57-4fad-a138-ea47ee9ea225,NA
7,9027712,9027712,1,snv_mnv,NA,NA,"broad,dkfz,muse,sanger",4,COSN9773850,NA,NA,FALSE,0.2571,NA,9,26,NA,NA,NA,IGR,FALSE,FALSE,FALSE,FALSE,4,2,2,2_2,e5c89fcf-cc57-4fad-a138-ea47ee9ea225,NA
7,9172187,9172187,1,snv_mnv,NA,NA,"broad,dkfz,muse,sanger",4,COSN9774046,NA,L1PA8,FALSE,0.3,NA,24,56,NA,NA,NA,IGR,FALSE,FALSE,FALSE,FALSE,4,2,2,2_2,e5c89fcf-cc57-4fad-a138-ea47ee9ea225,NA
7,9182887,9182887,1,snv_mnv,NA,NA,"broad,dkfz,muse,sanger",4,COSN9774066,NA,Tigger3b,FALSE,0.2698,NA,17,46,NA,NA,NA,IGR,FALSE,FALSE,FALSE,FALSE,4,2,2,2_2,e5c89fcf-cc57-4fad-a138-ea47ee9ea225,NA
7,9508298,9508298,1,snv_mnv,NA,NA,"broad,dkfz,muse,sanger",4,COSN9774671,NA,L1PA15-16,FALSE,0.2099,NA,17,64,NA,NA,NA,IGR,FALSE,FALSE,FALSE,FALSE,4,2,2,2_2,e5c89fcf-cc57-4fad-a138-ea47ee9ea225,NA
7,9532653,9532653,1,snv_mnv,NA,NA,"broad,dkfz,muse,sanger",4,COSN9774721,NA,L1PA15,FALSE,0.2208,NA,17,60,NA,NA,NA,IGR,FALSE,FALSE,FALSE,FALSE,4,2,2,2_2,e5c89fcf-cc57-4fad-a138-ea47ee9ea225,NA
7,9804084,9804084,1,snv_mnv,NA,NA,"broad,dkfz,muse",3,COSN15585122,NA,(TA)n,FALSE,0.1944,NA,7,29,NA,NA,NA,lincRNA,FALSE,FALSE,FALSE,FALSE,4,2,2,2_2,e5c89fcf-cc57-4fad-a138-ea47ee9ea225,NA
7,10000123,10000123,1,snv_mnv,NA,NA,"broad,dkfz,muse,sanger",4,COSN9917598,NA,NA,FALSE,0.3,NA,15,35,NA,NA,NA,lincRNA,FALSE,FALSE,FALSE,FALSE,4,2,2,2_2,e5c89fcf-cc57-4fad-a138-ea47ee9ea225,AC004936.1
7,10105396,10105396,1,snv_mnv,NA,NA,"broad,dkfz,muse,sanger",4,COSN9917745,NA,L1MC2,FALSE,0.225,NA,18,62,NA,NA,NA,IGR,FALSE,FALSE,FALSE,FALSE,4,2,2,2_2,e5c89fcf-cc57-4fad-a138-ea47ee9ea225,NA
7,10144317,10144317,1,snv_mnv,NA,NA,"broad,dkfz,muse,sanger",4,COSN9917813,NA,NA,FALSE,0.2258,NA,14,48,NA,NA,NA,IGR,FALSE,FALSE,FALSE,FALSE,4,2,2,2_2,e5c89fcf-cc57-4fad-a138-ea47ee9ea225,NA
7,10161021,10161021,1,snv_mnv,NA,NA,"broad,dkfz,muse,sanger",4,COSN9917841,NA,NA,FALSE,0.2388,NA,16,51,NA,NA,NA,IGR,FALSE,FALSE,FALSE,FALSE,4,2,2,2_2,e5c89fcf-cc57-4fad-a138-ea47ee9ea225,NA
7,10191898,10191898,1,snv_mnv,NA,NA,"broad,dkfz,muse,sanger",4,COSN9917900,NA,L1PB4,FALSE,0.2208,NA,17,60,NA,NA,NA,IGR,FALSE,FALSE,FALSE,FALSE,4,2,2,2_2,e5c89fcf-cc57-4fad-a138-ea47ee9ea225,NA
7,11916259,11916259,1,snv_mnv,NA,NA,"broad,dkfz,muse,sanger",4,COSN9920924,NA,NA,FALSE,0.2097,NA,13,49,NA,NA,NA,IGR,FALSE,FALSE,FALSE,FALSE,4,2,2,2_2,e5c89fcf-cc57-4fad-a138-ea47ee9ea225,NA
7,13725799,13725799,1,snv_mnv,NA,NA,"broad,dkfz,muse,sanger",4,COSN9924323,NA,NA,FALSE,0.3281,NA,21,43,NA,NA,NA,IGR,FALSE,FALSE,FALSE,FALSE,4,2,2,2_2,e5c89fcf-cc57-4fad-a138-ea47ee9ea225,NA
7,14558760,14558760,1,snv_mnv,NA,NA,"broad,dkfz,muse,sanger",4,COSN9935549,NA,L1MB8,FALSE,0.3333,NA,22,44,NA,NA,NA,Intron,FALSE,FALSE,FALSE,FALSE,4,2,2,2_2,e5c89fcf-cc57-4fad-a138-ea47ee9ea225,NA
7,14636667,14636667,1,snv_mnv,NA,NA,"broad,dkfz,muse,sanger",4,COSN9935816,NA,NA,FALSE,0.2545,NA,14,41,NA,NA,NA,Intron,FALSE,FALSE,FALSE,FALSE,4,2,2,2_2,e5c89fcf-cc57-4fad-a138-ea47ee9ea225,NA
7,14751125,14751125,1,snv_mnv,NA,NA,"broad,dkfz,muse,sanger",4,COSN9936204,NA,HAL1,FALSE,0.3226,NA,20,42,NA,NA,NA,Intron,FALSE,FALSE,FALSE,FALSE,4,2,2,2_2,e5c89fcf-cc57-4fad-a138-ea47ee9ea225,NA
7,14784924,14784924,1,snv_mnv,NA,NA,"broad,dkfz,muse,sanger",4,COSN9936281,NA,MER41-int,FALSE,0.2273,NA,10,34,NA,NA,NA,Intron,FALSE,FALSE,FALSE,FALSE,4,2,2,2_2,e5c89fcf-cc57-4fad-a138-ea47ee9ea225,NA
7,15511254,15511254,1,snv_mnv,NA,NA,"broad,dkfz,muse,sanger",4,COSN9937618,NA,NA,FALSE,0.2179,NA,17,61,NA,NA,NA,Intron,FALSE,FALSE,FALSE,FALSE,4,2,2,2_2,e5c89fcf-cc57-4fad-a138-ea47ee9ea225,NA
7,15636125,15636125,1,snv_mnv,NA,NA,"broad,dkfz,muse,sanger",4,COSN9937852,NA,NA,FALSE,0.34,NA,17,33,NA,NA,NA,IGR,FALSE,FALSE,FALSE,FALSE,4,2,2,2_2,e5c89fcf-cc57-4fad-a138-ea47ee9ea225,NA
7,15693567,15693567,1,snv_mnv,NA,NA,"broad,dkfz,muse,sanger",4,COSN9937963,NA,L1MD1,FALSE,0.2647,NA,18,50,NA,NA,NA,Intron,FALSE,FALSE,FALSE,FALSE,4,2,2,2_2,e5c89fcf-cc57-4fad-a138-ea47ee9ea225,NA
7,16559981,16559981,1,snv_mnv,NA,NA,"broad,dkfz,muse,sanger",4,COSN9938497,NA,L1PREC2,FALSE,0.2254,NA,16,55,NA,NA,NA,Intron,FALSE,FALSE,FALSE,FALSE,4,2,2,2_2,e5c89fcf-cc57-4fad-a138-ea47ee9ea225,NA
7,16901649,16901649,1,snv_mnv,NA,NA,"broad,dkfz,muse,sanger",4,COSM4155684,NA,NA,FALSE,0.2708,NA,13,35,NA,NA,NA,Missense_Mutation,FALSE,FALSE,FALSE,FALSE,4,2,2,2_2,e5c89fcf-cc57-4fad-a138-ea47ee9ea225,RAD17P1
7,17131130,17131130,1,snv_mnv,NA,NA,"broad,dkfz,muse,sanger",4,COSN9938607,NA,NA,FALSE,0.3671,NA,29,50,NA,NA,NA,IGR,FALSE,FALSE,FALSE,FALSE,4,2,2,2_2,e5c89fcf-cc57-4fad-a138-ea47ee9ea225,NA
7,17738372,17738372,1,snv_mnv,NA,NA,"broad,dkfz,muse,sanger",4,COSN9938698,NA,L1MA9,FALSE,0.2833,NA,17,43,NA,NA,NA,IGR,FALSE,FALSE,FALSE,FALSE,4,2,2,2_2,e5c89fcf-cc57-4fad-a138-ea47ee9ea225,NA
7,18271208,18271208,1,snv_mnv,NA,NA,"broad,dkfz,muse,sanger",4,COSN9938799,NA,NA,FALSE,0.2319,NA,16,53,NA,NA,NA,Intron,FALSE,FALSE,FALSE,FALSE,4,2,2,2_2,e5c89fcf-cc57-4fad-a138-ea47ee9ea225,NA
7,18492293,18492293,1,snv_mnv,NA,NA,"broad,dkfz,muse,sanger",4,COSN9938858,NA,THE1B,FALSE,0.2069,NA,12,46,NA,NA,NA,Intron,FALSE,FALSE,FALSE,FALSE,4,2,2,2_2,e5c89fcf-cc57-4fad-a138-ea47ee9ea225,NA
7,19267491,19267491,1,snv_mnv,NA,NA,"broad,dkfz,muse,sanger",4,COSN9939083,NA,L1PA7,FALSE,0.2329,NA,17,56,NA,NA,NA,IGR,FALSE,FALSE,FALSE,FALSE,4,2,2,2_2,e5c89fcf-cc57-4fad-a138-ea47ee9ea225,NA
7,19269979,19269979,1,snv_mnv,NA,NA,"broad,dkfz,muse,sanger",4,COSN9939086,NA,L1PA7,FALSE,0.2985,NA,20,47,NA,NA,NA,IGR,FALSE,FALSE,FALSE,FALSE,4,2,2,2_2,e5c89fcf-cc57-4fad-a138-ea47ee9ea225,NA
7,21038506,21038506,1,snv_mnv,NA,NA,"broad,dkfz,muse,sanger",4,COSN9939444,NA,AluSc5,FALSE,0.2245,NA,11,38,NA,NA,NA,lincRNA,FALSE,FALSE,FALSE,TRUE,4,2,2,2_2,e5c89fcf-cc57-4fad-a138-ea47ee9ea225,NA
7,23314139,23314139,1,snv_mnv,NA,NA,"broad,dkfz,muse,sanger",4,COSN9939855,NA,NA,FALSE,0.2609,NA,12,34,NA,NA,NA,3'UTR,FALSE,FALSE,FALSE,FALSE,4,2,2,2_2,e5c89fcf-cc57-4fad-a138-ea47ee9ea225,GPNMB
7,23356771,23356771,1,snv_mnv,NA,NA,"broad,dkfz,muse,sanger",4,COSN9939861,NA,NA,FALSE,0.3778,NA,17,28,NA,NA,NA,Intron,FALSE,FALSE,FALSE,FALSE,4,2,2,2_2,e5c89fcf-cc57-4fad-a138-ea47ee9ea225,IGF2BP3
7,23703267,23703267,1,snv_mnv,NA,NA,"broad,dkfz,muse",3,COSN9939907,NA,MER4B,FALSE,0.2708,NA,13,35,NA,NA,NA,IGR,FALSE,FALSE,FALSE,FALSE,4,2,2,2_2,e5c89fcf-cc57-4fad-a138-ea47ee9ea225,NA
7,23897512,23897512,1,snv_mnv,3.9936e-4,rs527578814,"broad,dkfz,muse,sanger",4,COSN9939936,rs527578814,HERV9-int,FALSE,0.2292,NA,11,37,NA,NA,NA,IGR,FALSE,FALSE,FALSE,FALSE,4,2,2,2_2,e5c89fcf-cc57-4fad-a138-ea47ee9ea225,NA
7,24047099,24047099,1,snv_mnv,NA,NA,"broad,dkfz,muse,sanger",4,COSN9939963,NA,L1MA4,FALSE,0.2,NA,10,40,NA,NA,NA,IGR,FALSE,FALSE,FALSE,FALSE,4,2,2,2_2,e5c89fcf-cc57-4fad-a138-ea47ee9ea225,NA
7,24289687,24289687,1,snv_mnv,NA,NA,"broad,dkfz,muse,sanger",4,COSN9940018,NA,NA,FALSE,0.3016,NA,19,44,NA,NA,NA,RNA,FALSE,FALSE,FALSE,FALSE,4,2,2,2_2,e5c89fcf-cc57-4fad-a138-ea47ee9ea225,NA
7,24932376,24932376,1,snv_mnv,NA,NA,"broad,dkfz,muse,sanger",4,COSN9940112,NA,NA,FALSE,0.325,NA,13,27,NA,NA,NA,Intron,FALSE,FALSE,FALSE,FALSE,4,2,2,2_2,e5c89fcf-cc57-4fad-a138-ea47ee9ea225,OSBPL3
7,25334562,25334562,1,snv_mnv,NA,NA,"broad,dkfz,muse,sanger",4,COSN15585042,NA,MER58A,FALSE,0.1967,NA,12,49,NA,NA,NA,IGR,FALSE,FALSE,FALSE,FALSE,4,2,2,2_2,e5c89fcf-cc57-4fad-a138-ea47ee9ea225,NA
7,26464838,26464838,1,snv_mnv,NA,NA,"broad,dkfz,muse,sanger",4,COSN9940364,NA,NA,FALSE,0.2625,NA,21,59,NA,NA,NA,lincRNA,FALSE,FALSE,FALSE,FALSE,4,2,2,2_2,e5c89fcf-cc57-4fad-a138-ea47ee9ea225,NA
7,28313678,28313678,1,snv_mnv,NA,NA,"broad,dkfz,muse,sanger",4,COSN9940600,NA,AluJr,FALSE,0.3962,NA,21,32,NA,NA,NA,IGR,FALSE,FALSE,FALSE,FALSE,4,2,2,2_2,e5c89fcf-cc57-4fad-a138-ea47ee9ea225,NA
7,28475338,28475338,1,snv_mnv,NA,NA,"broad,dkfz,muse,sanger",4,COSN9940632,NA,NA,FALSE,0.2222,NA,14,49,NA,NA,NA,Intron,FALSE,FALSE,FALSE,FALSE,4,2,2,2_2,e5c89fcf-cc57-4fad-a138-ea47ee9ea225,NA
7,28546448,28546448,1,snv_mnv,NA,NA,"broad,dkfz,muse,sanger",4,COSN9940644,NA,NA,FALSE,0.25,NA,14,42,NA,NA,NA,Intron,FALSE,FALSE,FALSE,FALSE,4,2,2,2_2,e5c89fcf-cc57-4fad-a138-ea47ee9ea225,NA
7,29921899,29921899,1,snv_mnv,NA,NA,"broad,dkfz,muse,sanger",4,COSN9940809,NA,LTR90B,FALSE,0.325,NA,13,27,NA,NA,NA,Intron,FALSE,FALSE,FALSE,FALSE,4,2,2,2_2,e5c89fcf-cc57-4fad-a138-ea47ee9ea225,NA
7,31964172,31964172,1,snv_mnv,NA,NA,"broad,dkfz,muse,sanger",4,COSN9941150,NA,NA,FALSE,0.2576,NA,17,49,NA,NA,NA,Intron,FALSE,FALSE,FALSE,FALSE,4,2,2,2_2,e5c89fcf-cc57-4fad-a138-ea47ee9ea225,NA
7,34092271,34092271,1,snv_mnv,NA,NA,"broad,dkfz,muse,sanger",4,COSN9941472,NA,NA,FALSE,0.2687,NA,18,49,NA,NA,NA,Intron,FALSE,FALSE,FALSE,FALSE,4,2,2,2_2,e5c89fcf-cc57-4fad-a138-ea47ee9ea225,NA
7,34365865,34365865,1,snv_mnv,NA,NA,"broad,dkfz,muse,sanger",4,COSN15585386,NA,MLT2C1,FALSE,0.1707,NA,7,34,NA,NA,NA,IGR,FALSE,FALSE,FALSE,FALSE,4,2,2,2_2,e5c89fcf-cc57-4fad-a138-ea47ee9ea225,NA
7,34365866,34365866,1,snv_mnv,NA,NA,"broad,dkfz,muse,sanger",4,COSN15585360,NA,MLT2C1,FALSE,0.1707,NA,7,34,NA,NA,NA,IGR,FALSE,FALSE,FALSE,FALSE,4,2,2,2_2,e5c89fcf-cc57-4fad-a138-ea47ee9ea225,NA
7,34648708,34648708,1,snv_mnv,NA,NA,"broad,dkfz,muse,sanger",4,COSN9941639,NA,L1MC4,FALSE,0.2308,NA,18,60,NA,NA,NA,RNA,FALSE,FALSE,FALSE,FALSE,4,2,2,2_2,e5c89fcf-cc57-4fad-a138-ea47ee9ea225,NA
7,35287893,35287893,1,snv_mnv,NA,NA,"broad,dkfz,muse,sanger",4,COSN15585379,NA,NA,FALSE,0.2222,NA,16,56,NA,NA,NA,Intron,FALSE,FALSE,FALSE,FALSE,4,2,2,2_2,e5c89fcf-cc57-4fad-a138-ea47ee9ea225,NA
7,35484909,35484909,1,snv_mnv,NA,NA,"broad,dkfz,muse,sanger",4,COSN15584812,NA,NA,FALSE,0.2167,NA,13,47,NA,NA,NA,IGR,FALSE,FALSE,FALSE,FALSE,4,2,2,2_2,e5c89fcf-cc57-4fad-a138-ea47ee9ea225,NA
7,37040203,37040203,1,snv_mnv,1.9968e-4,rs542342377,"broad,dkfz,muse,sanger",4,COSN9942038,rs542342377,NA,FALSE,0.3061,NA,15,34,NA,NA,NA,Intron,FALSE,FALSE,FALSE,FALSE,4,2,2,2_2,e5c89fcf-cc57-4fad-a138-ea47ee9ea225,NA
7,38623903,38623903,1,snv_mnv,NA,NA,"broad,muse,sanger",3,COSN15585412,NA,L1MC4,FALSE,0.2075,NA,11,42,NA,NA,NA,Intron,FALSE,FALSE,FALSE,FALSE,4,2,2,2_2,e5c89fcf-cc57-4fad-a138-ea47ee9ea225,NA
7,39627113,39627113,1,snv_mnv,NA,NA,"broad,dkfz,muse,sanger",4,COSN15585445,NA,MER20B,FALSE,0.2558,NA,11,32,NA,NA,NA,Intron,FALSE,FALSE,FALSE,FALSE,4,2,2,2_2,e5c89fcf-cc57-4fad-a138-ea47ee9ea225,NA
7,40429396,40429396,1,snv_mnv,NA,NA,"broad,dkfz,muse,sanger",4,COSN9942576,NA,NA,FALSE,0.3582,NA,24,43,NA,NA,NA,Intron,FALSE,FALSE,FALSE,FALSE,4,2,2,2_2,e5c89fcf-cc57-4fad-a138-ea47ee9ea225,SUGCT
7,40508253,40508253,1,snv_mnv,NA,NA,"broad,dkfz,muse,sanger",4,COSN9942586,NA,NA,FALSE,0.2449,NA,12,37,NA,NA,NA,Intron,FALSE,FALSE,FALSE,FALSE,4,2,2,2_2,e5c89fcf-cc57-4fad-a138-ea47ee9ea225,NA
7,42561623,42561623,1,snv_mnv,NA,NA,"broad,dkfz,muse,sanger",4,COSN9942957,NA,NA,FALSE,0.2432,NA,18,56,NA,NA,NA,IGR,FALSE,FALSE,FALSE,FALSE,4,2,2,2_2,e5c89fcf-cc57-4fad-a138-ea47ee9ea225,NA
7,42588267,42588267,1,snv_mnv,NA,NA,"broad,dkfz,muse,sanger",4,COSN15585258,NA,MSTB,FALSE,0.22,NA,11,39,NA,NA,NA,IGR,FALSE,FALSE,FALSE,FALSE,4,2,2,2_2,e5c89fcf-cc57-4fad-a138-ea47ee9ea225,NA
7,43734669,43734669,1,snv_mnv,NA,NA,"broad,dkfz,muse,sanger",4,COSN9943162,NA,L2a,FALSE,0.2364,NA,13,42,NA,NA,NA,Intron,FALSE,FALSE,FALSE,FALSE,4,2,2,2_2,e5c89fcf-cc57-4fad-a138-ea47ee9ea225,NA
7,45073028,45073028,1,snv_mnv,NA,NA,"broad,dkfz,muse,sanger",4,COSN9943326,NA,NA,FALSE,0.3778,NA,17,28,NA,NA,NA,Intron,FALSE,FALSE,FALSE,FALSE,4,2,2,2_2,e5c89fcf-cc57-4fad-a138-ea47ee9ea225,CCM2
7,47595598,47595598,1,snv_mnv,NA,NA,"broad,dkfz,muse",3,COSN9943756,NA,(CATATA)n,FALSE,0.3594,NA,23,41,NA,NA,NA,Intron,FALSE,FALSE,FALSE,FALSE,4,2,2,2_2,e5c89fcf-cc57-4fad-a138-ea47ee9ea225,NA
7,47791462,47791462,1,snv_mnv,NA,NA,"broad,muse,sanger",3,COSN9943782,rs769426689,LTR12,FALSE,0.3548,NA,11,20,NA,NA,NA,IGR,FALSE,FALSE,FALSE,FALSE,4,2,2,2_2,e5c89fcf-cc57-4fad-a138-ea47ee9ea225,NA
7,47949172,47949172,1,snv_mnv,NA,NA,"broad,dkfz,muse,sanger",4,COSN15585049,NA,NA,FALSE,0.2162,NA,8,29,NA,NA,NA,Intron,FALSE,FALSE,FALSE,FALSE,4,2,2,2_2,e5c89fcf-cc57-4fad-a138-ea47ee9ea225,NA
7,48755527,48755527,1,snv_mnv,NA,NA,"broad,dkfz,muse,sanger",4,COSN9943986,NA,L1ME3,FALSE,0.2292,NA,11,37,NA,NA,NA,IGR,FALSE,FALSE,FALSE,FALSE,4,2,2,2_2,e5c89fcf-cc57-4fad-a138-ea47ee9ea225,NA
7,48967861,48967861,1,snv_mnv,NA,NA,"broad,dkfz,muse,sanger",4,COSN9944033,NA,NA,FALSE,0.4082,NA,20,29,NA,NA,NA,IGR,FALSE,FALSE,FALSE,FALSE,4,2,2,2_2,e5c89fcf-cc57-4fad-a138-ea47ee9ea225,CDC14C
7,49040353,49040353,1,snv_mnv,NA,NA,"broad,dkfz,muse,sanger",4,COSN9944053,NA,NA,FALSE,0.2388,NA,16,51,NA,NA,NA,IGR,FALSE,FALSE,FALSE,FALSE,4,2,2,2_2,e5c89fcf-cc57-4fad-a138-ea47ee9ea225,NA
7,49250143,49250143,1,snv_mnv,NA,NA,"broad,dkfz,muse,sanger",4,COSN9944110,NA,NA,FALSE,0.3375,NA,27,53,NA,NA,NA,IGR,FALSE,FALSE,FALSE,FALSE,4,2,2,2_2,e5c89fcf-cc57-4fad-a138-ea47ee9ea225,NA
7,49295862,49295862,1,snv_mnv,NA,NA,"broad,dkfz,muse,sanger",4,COSN9944121,NA,Tigger3a,FALSE,0.2364,NA,13,42,NA,NA,NA,lincRNA,FALSE,FALSE,FALSE,FALSE,4,2,2,2_2,e5c89fcf-cc57-4fad-a138-ea47ee9ea225,"AC091730.1,DDX43P2"
7,49295863,49295863,1,snv_mnv,NA,NA,"broad,dkfz,muse,sanger",4,COSN9944122,NA,Tigger3a,FALSE,0.2364,NA,13,42,NA,NA,NA,lincRNA,FALSE,FALSE,FALSE,FALSE,4,2,2,2_2,e5c89fcf-cc57-4fad-a138-ea47ee9ea225,"AC091730.1,DDX43P2"
7,49333645,49333645,1,snv_mnv,NA,NA,"broad,dkfz,muse,sanger",4,COSN9944134,NA,NA,FALSE,0.2785,NA,22,57,NA,NA,NA,IGR,FALSE,FALSE,FALSE,FALSE,4,2,2,2_2,e5c89fcf-cc57-4fad-a138-ea47ee9ea225,NA
7,49399179,49399179,1,snv_mnv,NA,NA,"broad,dkfz,muse,sanger",4,COSN9944154,NA,NA,FALSE,0.2949,NA,23,55,NA,NA,NA,IGR,FALSE,FALSE,FALSE,FALSE,4,2,2,2_2,e5c89fcf-cc57-4fad-a138-ea47ee9ea225,NA
7,49747156,49747156,1,snv_mnv,NA,NA,"broad,dkfz,muse,sanger",4,COSN9944236,NA,NA,FALSE,0.2424,NA,16,50,NA,NA,NA,IGR,FALSE,FALSE,FALSE,FALSE,4,2,2,2_2,e5c89fcf-cc57-4fad-a138-ea47ee9ea225,NA
7,50257010,50257010,1,snv_mnv,NA,NA,"broad,dkfz,muse,sanger",4,COSN9944324,NA,NA,FALSE,0.3333,NA,15,30,NA,NA,NA,IGR,FALSE,FALSE,FALSE,FALSE,4,2,2,2_2,e5c89fcf-cc57-4fad-a138-ea47ee9ea225,NA
7,51115889,51115889,1,snv_mnv,NA,NA,"broad,dkfz,muse",3,COSN15584961,NA,NA,FALSE,0.2564,NA,10,29,NA,NA,NA,Intron,FALSE,FALSE,FALSE,FALSE,4,2,2,2_2,e5c89fcf-cc57-4fad-a138-ea47ee9ea225,NA
7,51723815,51723815,1,snv_mnv,NA,NA,"broad,dkfz,muse,sanger",4,COSN9766723,NA,NA,FALSE,0.2424,NA,16,50,NA,NA,NA,IGR,FALSE,FALSE,FALSE,FALSE,4,2,2,2_2,e5c89fcf-cc57-4fad-a138-ea47ee9ea225,NA
7,52534137,52534137,1,snv_mnv,NA,NA,"broad,dkfz,muse,sanger",4,COSN9766935,NA,HERV16-int,FALSE,0.2239,NA,15,52,NA,NA,NA,IGR,FALSE,FALSE,FALSE,FALSE,4,2,2,2_2,e5c89fcf-cc57-4fad-a138-ea47ee9ea225,NA
7,52709806,52709806,1,snv_mnv,NA,NA,"broad,dkfz,muse,sanger",4,COSN9766995,NA,MamRep137,FALSE,0.1857,NA,13,57,NA,NA,NA,IGR,FALSE,FALSE,FALSE,FALSE,4,2,2,2_2,e5c89fcf-cc57-4fad-a138-ea47ee9ea225,NA
7,53054804,53054804,1,snv_mnv,NA,NA,"broad,dkfz,muse,sanger",4,COSN9767078,NA,L1MCa,FALSE,0.3115,NA,19,42,NA,NA,NA,IGR,FALSE,FALSE,FALSE,FALSE,4,2,2,2_2,e5c89fcf-cc57-4fad-a138-ea47ee9ea225,NA
7,53074420,53074420,1,snv_mnv,NA,NA,"broad,dkfz,muse,sanger",4,COSN9767085,NA,NA,FALSE,0.2542,NA,15,44,NA,NA,NA,IGR,FALSE,FALSE,FALSE,FALSE,4,2,2,2_2,e5c89fcf-cc57-4fad-a138-ea47ee9ea225,AC074397.1
7,54001767,54001767,1,snv_mnv,NA,NA,"broad,dkfz,muse,sanger",4,COSN9767264,NA,L1PA8A,FALSE,0.2273,NA,15,51,NA,NA,NA,lincRNA,FALSE,FALSE,FALSE,FALSE,4,2,2,2_2,e5c89fcf-cc57-4fad-a138-ea47ee9ea225,NA
7,54603980,54603980,1,snv_mnv,NA,NA,"broad,dkfz,muse,sanger",4,COSN9767408,NA,MER94,FALSE,0.3019,NA,16,37,NA,NA,NA,IGR,FALSE,FALSE,FALSE,FALSE,4,2,2,2_2,e5c89fcf-cc57-4fad-a138-ea47ee9ea225,NA
7,62332675,62332675,1,snv_mnv,NA,NA,"broad,muse",2,COSN9768783,NA,ALR/Alpha,FALSE,0.3333,NA,15,30,NA,NA,NA,IGR,FALSE,FALSE,FALSE,FALSE,4,2,2,2_2,e5c89fcf-cc57-4fad-a138-ea47ee9ea225,NA
7,62354185,62354185,1,snv_mnv,NA,NA,"broad,muse",2,COSN9768796,NA,ALR/Alpha,FALSE,0.2951,NA,18,43,NA,NA,NA,IGR,FALSE,FALSE,FALSE,FALSE,4,2,2,2_2,e5c89fcf-cc57-4fad-a138-ea47ee9ea225,NA
7,62550928,62550928,1,snv_mnv,NA,NA,"broad,muse,sanger",3,COSN9768888,NA,L1MB2,FALSE,0.2373,NA,14,45,NA,NA,NA,IGR,FALSE,FALSE,FALSE,FALSE,4,2,2,2_2,e5c89fcf-cc57-4fad-a138-ea47ee9ea225,ZNF90P3
7,62559763,62559763,1,snv_mnv,NA,NA,"broad,dkfz,muse,sanger",4,COSN15585469,NA,NA,FALSE,0.2623,NA,16,45,NA,NA,NA,IGR,FALSE,FALSE,FALSE,FALSE,4,2,2,2_2,e5c89fcf-cc57-4fad-a138-ea47ee9ea225,NA
7,63301414,63301414,1,snv_mnv,NA,NA,"broad,dkfz,muse,sanger",4,COSN15585289,NA,NA,FALSE,0.2,NA,7,28,NA,NA,NA,IGR,FALSE,FALSE,FALSE,FALSE,4,2,2,2_2,e5c89fcf-cc57-4fad-a138-ea47ee9ea225,AC092634.6
7,63466654,63466654,1,snv_mnv,NA,NA,"broad,dkfz,muse,sanger",4,COSN9769080,NA,NA,FALSE,0.2333,NA,14,46,NA,NA,NA,IGR,FALSE,FALSE,FALSE,FALSE,4,2,2,2_2,e5c89fcf-cc57-4fad-a138-ea47ee9ea225,NA
7,63661306,63661306,1,snv_mnv,NA,NA,"broad,muse,sanger",3,COSN15585082,NA,MER41-int,FALSE,0.1852,NA,15,66,NA,NA,NA,IGR,FALSE,FALSE,FALSE,FALSE,4,2,2,2_2,e5c89fcf-cc57-4fad-a138-ea47ee9ea225,NA
7,63751347,63751347,1,snv_mnv,NA,NA,"broad,muse,sanger",3,COSN9769152,NA,BSR/Beta,FALSE,0.2373,NA,14,45,NA,NA,NA,IGR,FALSE,FALSE,FALSE,FALSE,4,2,2,2_2,e5c89fcf-cc57-4fad-a138-ea47ee9ea225,NA
7,64899638,64899638,1,snv_mnv,NA,NA,"broad,muse,sanger",3,COSN9769349,NA,L2c,FALSE,0.2609,NA,12,34,NA,NA,NA,IGR,FALSE,FALSE,FALSE,FALSE,4,2,2,2_2,e5c89fcf-cc57-4fad-a138-ea47ee9ea225,NA
7,66665388,66665388,1,snv_mnv,NA,NA,"broad,muse,sanger",3,COSN9769558,NA,THE1B,FALSE,0.3125,NA,15,33,NA,NA,NA,Intron,FALSE,FALSE,FALSE,FALSE,4,2,2,2_2,e5c89fcf-cc57-4fad-a138-ea47ee9ea225,NA
7,67561318,67561318,1,snv_mnv,NA,NA,"broad,dkfz,muse",3,COSN9769716,NA,(TTTC)n,FALSE,0.3571,NA,20,36,NA,NA,NA,lincRNA,FALSE,FALSE,FALSE,FALSE,4,2,2,2_2,e5c89fcf-cc57-4fad-a138-ea47ee9ea225,MTCO1P57
7,69756358,69756358,1,snv_mnv,NA,NA,"broad,dkfz,muse,sanger",4,COSN9770192,NA,NA,FALSE,0.3617,NA,17,30,NA,NA,NA,Intron,FALSE,FALSE,FALSE,FALSE,4,2,2,2_2,e5c89fcf-cc57-4fad-a138-ea47ee9ea225,AUTS2
7,69853493,69853493,1,snv_mnv,NA,NA,"broad,dkfz,muse,sanger",4,COSN9770210,NA,NA,FALSE,0.3175,NA,20,43,NA,NA,NA,Intron,FALSE,FALSE,FALSE,FALSE,4,2,2,2_2,e5c89fcf-cc57-4fad-a138-ea47ee9ea225,NA
7,71417930,71417930,1,snv_mnv,NA,NA,"broad,dkfz,muse,sanger",4,COSN9770554,NA,NA,FALSE,0.2292,NA,11,37,NA,NA,NA,Intron,FALSE,FALSE,FALSE,FALSE,4,2,2,2_2,e5c89fcf-cc57-4fad-a138-ea47ee9ea225,NA
7,72133708,72133708,1,snv_mnv,NA,NA,"broad,dkfz,muse,sanger",4,COSN9770695,NA,NA,FALSE,0.3077,NA,12,27,NA,NA,NA,RNA,FALSE,FALSE,FALSE,FALSE,4,2,2,2_2,e5c89fcf-cc57-4fad-a138-ea47ee9ea225,NA
7,77925881,77925881,1,snv_mnv,NA,NA,"broad,dkfz,muse,sanger",4,COSN9771292,NA,L2a,FALSE,0.2941,NA,20,48,NA,NA,NA,Intron,FALSE,FALSE,FALSE,FALSE,4,2,2,2_2,e5c89fcf-cc57-4fad-a138-ea47ee9ea225,NA
7,78333702,78333702,1,snv_mnv,NA,NA,"broad,dkfz,muse",3,COSN9771358,NA,L1PA15,FALSE,0.1846,NA,12,53,NA,NA,NA,Intron,FALSE,FALSE,FALSE,FALSE,4,2,2,2_2,e5c89fcf-cc57-4fad-a138-ea47ee9ea225,NA
7,78615438,78615438,1,snv_mnv,NA,NA,"broad,dkfz,muse,sanger",4,COSN9771428,NA,NA,FALSE,0.2727,NA,21,56,NA,NA,NA,Intron,FALSE,FALSE,FALSE,FALSE,4,2,2,2_2,e5c89fcf-cc57-4fad-a138-ea47ee9ea225,NA
7,78787498,78787498,1,snv_mnv,NA,NA,"broad,dkfz,muse,sanger",4,COSN9771474,NA,MER4B-int,FALSE,0.303,NA,20,46,NA,NA,NA,Intron,FALSE,FALSE,FALSE,FALSE,4,2,2,2_2,e5c89fcf-cc57-4fad-a138-ea47ee9ea225,NA
7,79198908,79198908,1,snv_mnv,NA,NA,"broad,dkfz,muse,sanger",4,COSN9771558,NA,NA,FALSE,0.2889,NA,26,64,NA,NA,NA,IGR,FALSE,FALSE,FALSE,FALSE,4,2,2,2_2,e5c89fcf-cc57-4fad-a138-ea47ee9ea225,NA
7,80600792,80600792,1,snv_mnv,NA,NA,"broad,dkfz,muse,sanger",4,COSN9771855,NA,ERVL-E-int,FALSE,0.2264,NA,12,41,NA,NA,NA,IGR,FALSE,FALSE,FALSE,FALSE,4,2,2,2_2,e5c89fcf-cc57-4fad-a138-ea47ee9ea225,AC004972.1
7,80806708,80806708,1,snv_mnv,NA,NA,"broad,muse,sanger",3,COSN9771900,NA,L1PA6,FALSE,0.1918,NA,14,59,NA,NA,NA,Intron,FALSE,FALSE,FALSE,FALSE,4,2,2,2_2,e5c89fcf-cc57-4fad-a138-ea47ee9ea225,NA
7,81122568,81122568,1,snv_mnv,NA,NA,"broad,dkfz,muse,sanger",4,COSN9771978,NA,NA,FALSE,0.2692,NA,14,38,NA,NA,NA,IGR,FALSE,FALSE,FALSE,FALSE,4,2,2,2_2,e5c89fcf-cc57-4fad-a138-ea47ee9ea225,NA
7,81775453,81775453,1,snv_mnv,NA,NA,"broad,dkfz,muse,sanger",4,COSN9772091,NA,NA,FALSE,0.2807,NA,16,41,NA,NA,NA,Intron,FALSE,FALSE,FALSE,FALSE,4,2,2,2_2,e5c89fcf-cc57-4fad-a138-ea47ee9ea225,NA
7,81802020,81802020,1,snv_mnv,NA,NA,"broad,dkfz,muse,sanger",4,COSN9772094,NA,AluJr,FALSE,0.234,NA,11,36,NA,NA,NA,Intron,FALSE,FALSE,FALSE,FALSE,4,2,2,2_2,e5c89fcf-cc57-4fad-a138-ea47ee9ea225,NA
7,82926819,82926819,1,snv_mnv,NA,NA,"broad,dkfz,muse,sanger",4,COSN9772281,NA,NA,FALSE,0.2254,NA,16,55,NA,NA,NA,IGR,FALSE,FALSE,FALSE,FALSE,4,2,2,2_2,e5c89fcf-cc57-4fad-a138-ea47ee9ea225,NA
7,83307382,83307382,1,snv_mnv,NA,NA,"broad,dkfz,muse,sanger",4,COSN9772373,NA,L2a,FALSE,0.3425,NA,25,48,NA,NA,NA,IGR,FALSE,FALSE,FALSE,FALSE,4,2,2,2_2,e5c89fcf-cc57-4fad-a138-ea47ee9ea225,NA
7,83617465,83617465,1,snv_mnv,NA,NA,"broad,dkfz,muse,sanger",4,COSN9772464,NA,NA,FALSE,0.2791,NA,12,31,NA,NA,NA,Intron,FALSE,FALSE,FALSE,FALSE,4,2,2,2_2,e5c89fcf-cc57-4fad-a138-ea47ee9ea225,NA
7,83639267,83639267,1,snv_mnv,NA,NA,"broad,dkfz,muse,sanger",4,COSN9772470,NA,NA,FALSE,0.234,NA,11,36,NA,NA,NA,Intron,FALSE,FALSE,FALSE,FALSE,4,2,2,2_2,e5c89fcf-cc57-4fad-a138-ea47ee9ea225,NA
7,84577956,84577956,1,snv_mnv,NA,NA,"broad,dkfz,muse,sanger",4,COSN9772660,NA,NA,FALSE,0.3056,NA,22,50,NA,NA,NA,IGR,FALSE,FALSE,FALSE,FALSE,4,2,2,2_2,e5c89fcf-cc57-4fad-a138-ea47ee9ea225,NA
7,85586764,85586764,1,snv_mnv,NA,NA,"broad,dkfz,muse,sanger",4,COSN9772907,NA,NA,FALSE,0.2258,NA,14,48,NA,NA,NA,IGR,FALSE,FALSE,FALSE,FALSE,4,2,2,2_2,e5c89fcf-cc57-4fad-a138-ea47ee9ea225,NA
7,85588505,85588505,1,snv_mnv,NA,NA,"broad,dkfz,muse,sanger",4,COSN9772909,NA,L1ME1,FALSE,0.2429,NA,17,53,NA,NA,NA,IGR,FALSE,FALSE,FALSE,FALSE,4,2,2,2_2,e5c89fcf-cc57-4fad-a138-ea47ee9ea225,NA
7,85750565,85750565,1,snv_mnv,NA,NA,"broad,dkfz,muse,sanger",4,COSN9772984,NA,L1PA11,FALSE,0.284,NA,23,58,NA,NA,NA,IGR,FALSE,FALSE,FALSE,FALSE,4,2,2,2_2,e5c89fcf-cc57-4fad-a138-ea47ee9ea225,NA
7,86245398,86245398,1,snv_mnv,NA,NA,"broad,dkfz,muse",3,COSN9773158,rs758056484,THE1C-int,FALSE,0.2623,NA,16,45,NA,NA,NA,IGR,FALSE,FALSE,FALSE,FALSE,4,2,2,2_2,e5c89fcf-cc57-4fad-a138-ea47ee9ea225,NA
7,86247899,86247899,1,snv_mnv,NA,NA,"broad,dkfz,muse,sanger",4,COSN9773161,NA,L1MA8,FALSE,0.283,NA,15,38,NA,NA,NA,IGR,FALSE,FALSE,FALSE,FALSE,4,2,2,2_2,e5c89fcf-cc57-4fad-a138-ea47ee9ea225,NA
7,87308175,87308175,1,snv_mnv,NA,NA,"broad,dkfz,muse,sanger",4,COSN9773371,NA,L1ME1,FALSE,0.2468,NA,19,58,NA,NA,NA,Intron,FALSE,FALSE,FALSE,FALSE,4,2,2,2_2,e5c89fcf-cc57-4fad-a138-ea47ee9ea225,NA
7,87717470,87717470,1,snv_mnv,NA,NA,"broad,dkfz,muse,sanger",4,COSN9773418,NA,NA,FALSE,0.2766,NA,13,34,NA,NA,NA,Intron,FALSE,FALSE,FALSE,FALSE,4,2,2,2_2,e5c89fcf-cc57-4fad-a138-ea47ee9ea225,ADAM22
7,88234973,88234973,1,snv_mnv,NA,NA,"broad,dkfz,muse,sanger",4,COSN9773503,NA,NA,FALSE,0.2464,NA,17,52,NA,NA,NA,IGR,FALSE,FALSE,FALSE,FALSE,4,2,2,2_2,e5c89fcf-cc57-4fad-a138-ea47ee9ea225,PQLC1P1
7,89272213,89272213,1,snv_mnv,NA,NA,"broad,dkfz,muse,sanger",4,COSN9773675,NA,NA,FALSE,0.3623,NA,25,44,NA,NA,NA,IGR,FALSE,FALSE,FALSE,FALSE,4,2,2,2_2,e5c89fcf-cc57-4fad-a138-ea47ee9ea225,NA
7,89655163,89655163,1,snv_mnv,NA,NA,"broad,dkfz,muse,sanger",4,COSN9773744,NA,L1MA1,FALSE,0.2247,NA,20,69,NA,NA,NA,RNA,FALSE,FALSE,FALSE,FALSE,4,2,2,2_2,e5c89fcf-cc57-4fad-a138-ea47ee9ea225,NA
7,89850194,89850194,1,snv_mnv,NA,NA,"broad,dkfz,muse",3,COSN9773771,NA,L1MA4A,FALSE,0.3182,NA,21,45,NA,NA,NA,Intron,FALSE,FALSE,FALSE,FALSE,4,2,2,2_2,e5c89fcf-cc57-4fad-a138-ea47ee9ea225,NA
7,89865410,89865410,1,snv_mnv,NA,NA,"broad,dkfz,muse,sanger",4,COSN9773774,NA,AT_rich,FALSE,0.2712,NA,16,43,NA,NA,NA,3'UTR,FALSE,FALSE,FALSE,FALSE,4,2,2,2_2,e5c89fcf-cc57-4fad-a138-ea47ee9ea225,NA
7,89885150,89885150,1,snv_mnv,NA,NA,"broad,dkfz,muse,sanger",4,COSN9773781,NA,NA,FALSE,0.2917,NA,21,51,NA,NA,NA,Intron,FALSE,FALSE,FALSE,FALSE,4,2,2,2_2,e5c89fcf-cc57-4fad-a138-ea47ee9ea225,"RF00019,CFAP69"
7,90526743,90526743,1,snv_mnv,NA,NA,"broad,dkfz,muse,sanger",4,COSN9773900,NA,NA,FALSE,0.2712,NA,16,43,NA,NA,NA,Intron,FALSE,FALSE,FALSE,FALSE,4,2,2,2_2,e5c89fcf-cc57-4fad-a138-ea47ee9ea225,NA
7,92066164,92066164,1,snv_mnv,NA,NA,"broad,dkfz,muse,sanger",4,COSN9774108,NA,NA,FALSE,0.1974,NA,15,61,NA,NA,NA,IGR,FALSE,FALSE,FALSE,FALSE,4,2,2,2_2,e5c89fcf-cc57-4fad-a138-ea47ee9ea225,TMBIM7P
7,92082043,92082043,1,snv_mnv,NA,NA,"broad,dkfz,muse,sanger",4,COSN9774110,NA,L2a,FALSE,0.2456,NA,14,43,NA,NA,NA,Intron,FALSE,FALSE,FALSE,FALSE,4,2,2,2_2,e5c89fcf-cc57-4fad-a138-ea47ee9ea225,"TMBIM7P,GATAD1,AC007566.1"
7,92446899,92446899,1,snv_mnv,NA,NA,"broad,dkfz,muse,sanger",4,COSN9774167,NA,L1ME1,FALSE,0.2549,NA,13,38,NA,NA,NA,Intron,FALSE,FALSE,FALSE,FALSE,4,2,2,2_2,e5c89fcf-cc57-4fad-a138-ea47ee9ea225,NA
7,93050582,93050582,1,snv_mnv,NA,NA,"broad,dkfz,muse,sanger",4,COSN15585169,NA,NA,FALSE,0.1731,NA,9,43,NA,NA,NA,IGR,FALSE,FALSE,FALSE,FALSE,4,2,2,2_2,e5c89fcf-cc57-4fad-a138-ea47ee9ea225,CALCR
7,93081115,93081115,1,snv_mnv,NA,NA,"broad,dkfz,muse,sanger",4,COSN9774306,NA,L1PA16,FALSE,0.2581,NA,16,46,NA,NA,NA,Intron,FALSE,FALSE,FALSE,FALSE,4,2,2,2_2,e5c89fcf-cc57-4fad-a138-ea47ee9ea225,NA
7,95217367,95217367,1,snv_mnv,NA,NA,"broad,dkfz,muse,sanger",4,COSN9774696,NA,NA,FALSE,0.2414,NA,14,44,NA,NA,NA,Intron,FALSE,FALSE,FALSE,FALSE,4,2,2,2_2,e5c89fcf-cc57-4fad-a138-ea47ee9ea225,PDK4
7,96012847,96012847,1,snv_mnv,NA,NA,"broad,dkfz,muse,sanger",4,COSN9774848,NA,NA,FALSE,0.2105,NA,16,60,NA,NA,NA,IGR,FALSE,FALSE,FALSE,FALSE,4,2,2,2_2,e5c89fcf-cc57-4fad-a138-ea47ee9ea225,NA
7,96528727,96528727,1,snv_mnv,NA,NA,"broad,dkfz,muse,sanger",4,COSN9774947,NA,NA,FALSE,0.3333,NA,23,46,NA,NA,NA,IGR,FALSE,FALSE,FALSE,FALSE,4,2,2,2_2,e5c89fcf-cc57-4fad-a138-ea47ee9ea225,NA
7,98000762,98000762,1,snv_mnv,NA,NA,"broad,dkfz,muse,sanger",4,COSN9775256,NA,NA,FALSE,0.2656,NA,17,47,NA,NA,NA,Intron,FALSE,FALSE,FALSE,FALSE,4,2,2,2_2,e5c89fcf-cc57-4fad-a138-ea47ee9ea225,NA
7,99348450,99348450,1,snv_mnv,NA,NA,"broad,muse,sanger",3,COSN9775459,NA,NA,FALSE,0.3404,NA,16,31,NA,NA,NA,IGR,FALSE,FALSE,FALSE,FALSE,4,2,2,2_2,e5c89fcf-cc57-4fad-a138-ea47ee9ea225,NA
7,100014103,100014103,1,snv_mnv,NA,NA,"broad,dkfz,muse,sanger",4,COSN9917600,NA,NA,FALSE,0.3171,NA,13,28,NA,NA,NA,Intron,FALSE,FALSE,FALSE,FALSE,4,2,2,2_2,e5c89fcf-cc57-4fad-a138-ea47ee9ea225,ZCWPW1
7,101209836,101209836,1,snv_mnv,NA,NA,"broad,dkfz,muse,sanger",4,COSN9917783,NA,MLT1A,FALSE,0.2222,NA,8,28,NA,NA,NA,lincRNA,FALSE,FALSE,FALSE,FALSE,4,2,2,2_2,e5c89fcf-cc57-4fad-a138-ea47ee9ea225,NA
7,103440646,103440646,1,snv_mnv,NA,NA,"broad,muse,sanger",3,COSN9918105,NA,L1PA6,FALSE,0.2453,NA,13,40,NA,NA,NA,Intron,FALSE,FALSE,FALSE,FALSE,4,2,2,2_2,e5c89fcf-cc57-4fad-a138-ea47ee9ea225,NA
7,104781833,104781833,1,snv_mnv,NA,NA,"broad,dkfz,muse,sanger",4,COSN9918339,NA,NA,FALSE,0.2794,NA,19,49,NA,NA,NA,Intron,FALSE,FALSE,FALSE,FALSE,4,2,2,2_2,e5c89fcf-cc57-4fad-a138-ea47ee9ea225,NA
7,106741090,106741090,1,snv_mnv,NA,NA,"broad,dkfz,muse,sanger",4,COSN9918670,NA,L1M4b,FALSE,0.25,NA,18,54,NA,NA,NA,Intron,FALSE,FALSE,FALSE,FALSE,4,2,2,2_2,e5c89fcf-cc57-4fad-a138-ea47ee9ea225,NA
7,106820688,106820688,1,snv_mnv,NA,NA,"broad,dkfz,muse,sanger",4,COSN9918683,NA,NA,FALSE,0.197,NA,13,53,NA,NA,NA,Intron,FALSE,FALSE,FALSE,FALSE,4,2,2,2_2,e5c89fcf-cc57-4fad-a138-ea47ee9ea225,HBP1
7,107375961,107375961,1,snv_mnv,NA,NA,"broad,dkfz,muse,sanger",4,COSN9918771,NA,HERVL-int,FALSE,0.2468,NA,19,58,NA,NA,NA,IGR,FALSE,FALSE,FALSE,FALSE,4,2,2,2_2,e5c89fcf-cc57-4fad-a138-ea47ee9ea225,NA
7,108206107,108206107,1,snv_mnv,NA,NA,"broad,dkfz,muse,sanger",4,COSN9918897,NA,NA,FALSE,0.3396,NA,18,35,NA,NA,NA,Intron,FALSE,FALSE,FALSE,FALSE,4,2,2,2_2,e5c89fcf-cc57-4fad-a138-ea47ee9ea225,DNAJB9
7,108431824,108431824,1,snv_mnv,NA,NA,"broad,dkfz,muse,sanger",4,COSN9918934,NA,L1PREC2,FALSE,0.4151,NA,22,31,NA,NA,NA,IGR,FALSE,FALSE,FALSE,FALSE,4,2,2,2_2,e5c89fcf-cc57-4fad-a138-ea47ee9ea225,NA
7,108667305,108667305,1,snv_mnv,NA,NA,"broad,dkfz,muse,sanger",4,COSN9918980,NA,NA,FALSE,0.2069,NA,18,69,NA,NA,NA,IGR,FALSE,FALSE,FALSE,FALSE,4,2,2,2_2,e5c89fcf-cc57-4fad-a138-ea47ee9ea225,NA
7,108868568,108868568,1,snv_mnv,NA,NA,"broad,dkfz,muse,sanger",4,COSN9919031,NA,NA,FALSE,0.2738,NA,23,61,NA,NA,NA,IGR,FALSE,FALSE,FALSE,FALSE,4,2,2,2_2,e5c89fcf-cc57-4fad-a138-ea47ee9ea225,NA
7,109013625,109013625,1,snv_mnv,NA,NA,"broad,dkfz,muse,sanger",4,COSN9919082,NA,L2b,FALSE,0.2727,NA,15,40,NA,NA,NA,IGR,FALSE,FALSE,FALSE,FALSE,4,2,2,2_2,e5c89fcf-cc57-4fad-a138-ea47ee9ea225,NA
7,109266445,109266445,1,snv_mnv,NA,NA,"broad,dkfz,muse,sanger",4,COSN7920657,NA,LTR23,FALSE,0.2727,NA,15,40,NA,NA,NA,IGR,FALSE,FALSE,FALSE,FALSE,4,2,2,2_2,e5c89fcf-cc57-4fad-a138-ea47ee9ea225,NA
7,109370672,109370672,1,snv_mnv,NA,NA,"broad,dkfz,muse,sanger",4,COSN9919186,NA,THE1B-int,FALSE,0.3182,NA,14,30,NA,NA,NA,IGR,FALSE,FALSE,FALSE,FALSE,4,2,2,2_2,e5c89fcf-cc57-4fad-a138-ea47ee9ea225,NA
7,109966958,109966958,1,snv_mnv,NA,NA,"broad,dkfz,muse,sanger",4,COSN9919335,NA,NA,FALSE,0.1964,NA,11,45,NA,NA,NA,IGR,FALSE,FALSE,FALSE,FALSE,4,2,2,2_2,e5c89fcf-cc57-4fad-a138-ea47ee9ea225,NA
7,109966959,109966959,1,snv_mnv,NA,NA,"broad,dkfz,muse,sanger",4,COSN9919336,NA,NA,FALSE,0.1964,NA,11,45,NA,NA,NA,IGR,FALSE,FALSE,FALSE,FALSE,4,2,2,2_2,e5c89fcf-cc57-4fad-a138-ea47ee9ea225,NA
7,110415023,110415023,1,snv_mnv,NA,NA,"broad,dkfz,muse,sanger",4,COSN9919420,NA,L1ME4a,FALSE,0.2917,NA,21,51,NA,NA,NA,Intron,FALSE,FALSE,FALSE,FALSE,4,2,2,2_2,e5c89fcf-cc57-4fad-a138-ea47ee9ea225,NA
7,110618907,110618907,1,snv_mnv,NA,NA,"broad,dkfz,muse,sanger",4,COSN9919452,NA,NA,FALSE,0.2388,NA,16,51,NA,NA,NA,Intron,FALSE,FALSE,FALSE,FALSE,4,2,2,2_2,e5c89fcf-cc57-4fad-a138-ea47ee9ea225,NA
7,111549071,111549071,1,snv_mnv,NA,NA,"broad,dkfz,muse,sanger",4,COSN9919574,NA,L1PA8,FALSE,0.2321,NA,13,43,NA,NA,NA,Intron,FALSE,FALSE,FALSE,FALSE,4,2,2,2_2,e5c89fcf-cc57-4fad-a138-ea47ee9ea225,NA
7,112610011,112610011,1,snv_mnv,NA,NA,"broad,dkfz,muse,sanger",4,COSN9919711,NA,NA,FALSE,0.3485,NA,23,43,NA,NA,NA,lincRNA,FALSE,FALSE,FALSE,FALSE,4,2,2,2_2,e5c89fcf-cc57-4fad-a138-ea47ee9ea225,AC018464.1
7,112959232,112959232,1,snv_mnv,NA,NA,"broad,dkfz,muse,sanger",4,COSN9919760,NA,NA,FALSE,0.2703,NA,20,54,NA,NA,NA,IGR,FALSE,FALSE,FALSE,FALSE,4,2,2,2_2,e5c89fcf-cc57-4fad-a138-ea47ee9ea225,NA
7,113515102,113515102,1,snv_mnv,NA,NA,"broad,dkfz,muse,sanger",4,COSN9919831,NA,NA,FALSE,0.25,NA,17,51,NA,NA,NA,IGR,FALSE,FALSE,FALSE,FALSE,4,2,2,2_2,e5c89fcf-cc57-4fad-a138-ea47ee9ea225,PPP1R3A
7,114821456,114821456,1,snv_mnv,NA,NA,"broad,dkfz,muse,sanger",4,COSN9920100,NA,L1MD1,FALSE,0.3086,NA,25,56,NA,NA,NA,lincRNA,FALSE,FALSE,FALSE,FALSE,4,2,2,2_2,e5c89fcf-cc57-4fad-a138-ea47ee9ea225,NA
7,114980881,114980881,1,snv_mnv,NA,NA,"broad,dkfz,muse,sanger",4,COSN9920142,NA,MIR,FALSE,0.338,NA,24,47,NA,NA,NA,IGR,FALSE,FALSE,FALSE,FALSE,4,2,2,2_2,e5c89fcf-cc57-4fad-a138-ea47ee9ea225,NA
7,115326856,115326856,1,snv_mnv,NA,NA,"broad,dkfz,muse,sanger",4,COSN9920214,NA,L1MEe,FALSE,0.2338,NA,18,59,NA,NA,NA,IGR,FALSE,FALSE,FALSE,FALSE,4,2,2,2_2,e5c89fcf-cc57-4fad-a138-ea47ee9ea225,AC093714.1
7,115391234,115391234,1,snv_mnv,0.0011981,rs185977471,"broad,dkfz,muse,sanger",4,COSN9920228,rs185977471,NA,FALSE,0.3023,NA,26,60,NA,NA,NA,IGR,FALSE,FALSE,FALSE,FALSE,4,2,2,2_2,e5c89fcf-cc57-4fad-a138-ea47ee9ea225,NA
7,118006984,118006984,1,snv_mnv,NA,NA,"broad,dkfz,muse,sanger",4,COSN9920612,NA,NA,FALSE,0.2162,NA,16,58,NA,NA,NA,IGR,FALSE,FALSE,FALSE,FALSE,4,2,2,2_2,e5c89fcf-cc57-4fad-a138-ea47ee9ea225,NA
7,118415106,118415106,1,snv_mnv,NA,NA,"broad,dkfz,muse,sanger",4,COSN9920681,NA,NA,FALSE,0.2985,NA,20,47,NA,NA,NA,IGR,FALSE,FALSE,FALSE,FALSE,4,2,2,2_2,e5c89fcf-cc57-4fad-a138-ea47ee9ea225,NA
7,118668863,118668863,1,snv_mnv,NA,NA,"broad,dkfz,muse,sanger",4,COSN9920751,NA,Tigger7,FALSE,0.1972,NA,14,57,NA,NA,NA,IGR,FALSE,FALSE,FALSE,FALSE,4,2,2,2_2,e5c89fcf-cc57-4fad-a138-ea47ee9ea225,NA
7,118762764,118762764,1,snv_mnv,NA,NA,"broad,muse,sanger",3,COSN15585276,NA,MLT1G,FALSE,0.2273,NA,10,34,NA,NA,NA,IGR,FALSE,FALSE,FALSE,FALSE,4,2,2,2_2,e5c89fcf-cc57-4fad-a138-ea47ee9ea225,NA
7,118850188,118850188,1,snv_mnv,NA,NA,"broad,dkfz,muse,sanger",4,COSN15585210,NA,THE1C-int,FALSE,0.2105,NA,12,45,NA,NA,NA,IGR,FALSE,FALSE,FALSE,FALSE,4,2,2,2_2,e5c89fcf-cc57-4fad-a138-ea47ee9ea225,NA
7,118852557,118852557,1,snv_mnv,NA,NA,"broad,dkfz,muse,sanger",4,COSN9920804,NA,L1M3e,FALSE,0.2838,NA,21,53,NA,NA,NA,IGR,FALSE,FALSE,FALSE,FALSE,4,2,2,2_2,e5c89fcf-cc57-4fad-a138-ea47ee9ea225,NA
7,119698494,119698494,1,snv_mnv,NA,NA,"broad,dkfz,muse,sanger",4,COSN9921080,NA,HERV3-int,FALSE,0.2281,NA,13,44,NA,NA,NA,IGR,FALSE,FALSE,FALSE,FALSE,4,2,2,2_2,e5c89fcf-cc57-4fad-a138-ea47ee9ea225,NA
7,119698508,119698508,1,snv_mnv,NA,NA,"broad,dkfz,muse,sanger",4,COSN9921081,NA,HERV3-int,FALSE,0.2698,NA,17,46,NA,NA,NA,IGR,FALSE,FALSE,FALSE,FALSE,4,2,2,2_2,e5c89fcf-cc57-4fad-a138-ea47ee9ea225,NA
7,119841897,119841897,1,snv_mnv,NA,NA,"broad,dkfz,muse,sanger",4,COSN9921121,NA,HAL1,FALSE,0.3538,NA,23,42,NA,NA,NA,IGR,FALSE,FALSE,FALSE,FALSE,4,2,2,2_2,e5c89fcf-cc57-4fad-a138-ea47ee9ea225,NA
7,120415966,120415966,1,snv_mnv,NA,NA,"broad,dkfz,muse,sanger",4,COSN9921226,NA,NA,FALSE,0.2542,NA,15,44,NA,NA,NA,IGR,FALSE,FALSE,FALSE,FALSE,4,2,2,2_2,e5c89fcf-cc57-4fad-a138-ea47ee9ea225,NA
7,120740438,120740438,1,snv_mnv,NA,NA,"broad,dkfz,muse,sanger",4,COSN9921278,NA,NA,FALSE,0.3175,NA,20,43,NA,NA,NA,Intron,FALSE,FALSE,FALSE,FALSE,4,2,2,2_2,e5c89fcf-cc57-4fad-a138-ea47ee9ea225,CPED1
7,121372360,121372360,1,snv_mnv,NA,NA,"broad,muse",2,COSN15584785,NA,(CCA)n,FALSE,0.2692,NA,14,38,NA,NA,NA,IGR,FALSE,FALSE,FALSE,FALSE,4,2,2,2_2,e5c89fcf-cc57-4fad-a138-ea47ee9ea225,RN7SKP277
7,121787731,121787731,1,snv_mnv,NA,NA,"broad,dkfz,muse,sanger",4,COSN9921455,NA,LTR33,FALSE,0.2167,NA,13,47,NA,NA,NA,IGR,FALSE,FALSE,FALSE,FALSE,4,2,2,2_2,e5c89fcf-cc57-4fad-a138-ea47ee9ea225,AASS
7,122245122,122245122,1,snv_mnv,NA,NA,"broad,dkfz,muse,sanger",4,COSN9921526,NA,Tigger3c,FALSE,0.3378,NA,25,49,NA,NA,NA,Intron,FALSE,FALSE,FALSE,FALSE,4,2,2,2_2,e5c89fcf-cc57-4fad-a138-ea47ee9ea225,NA
7,122806269,122806269,1,snv_mnv,NA,NA,"broad,dkfz,muse,sanger",4,COSN9921616,NA,L2b,FALSE,0.2542,NA,15,44,NA,NA,NA,Intron,FALSE,FALSE,FALSE,FALSE,4,2,2,2_2,e5c89fcf-cc57-4fad-a138-ea47ee9ea225,NA
7,122936254,122936254,1,snv_mnv,NA,NA,"broad,dkfz,muse,sanger",4,COSN9921636,NA,L1MA3,FALSE,0.2727,NA,12,32,NA,NA,NA,IGR,FALSE,FALSE,FALSE,FALSE,4,2,2,2_2,e5c89fcf-cc57-4fad-a138-ea47ee9ea225,NA
7,123013820,123013820,1,snv_mnv,NA,NA,"broad,dkfz,muse,sanger",4,COSN9921643,NA,MamGypLTR1d,FALSE,0.2097,NA,13,49,NA,NA,NA,IGR,FALSE,FALSE,FALSE,FALSE,4,2,2,2_2,e5c89fcf-cc57-4fad-a138-ea47ee9ea225,NA
7,123177216,123177216,1,snv_mnv,NA,NA,"broad,dkfz,muse,sanger",4,COSN9921670,NA,NA,FALSE,0.2456,NA,14,43,NA,NA,NA,5'Flank,FALSE,FALSE,FALSE,FALSE,4,2,2,2_2,e5c89fcf-cc57-4fad-a138-ea47ee9ea225,"IQUB,NDUFA5"
7,123747013,123747013,1,snv_mnv,NA,NA,"broad,dkfz,muse,sanger",4,COSN9921766,NA,L1MC4a,FALSE,0.1884,NA,13,56,NA,NA,NA,RNA,FALSE,FALSE,FALSE,FALSE,4,2,2,2_2,e5c89fcf-cc57-4fad-a138-ea47ee9ea225,NA
7,123965057,123965057,1,snv_mnv,NA,NA,"broad,dkfz,muse,sanger",4,COSN9921834,NA,AluSz,FALSE,0.2632,NA,10,28,NA,NA,NA,RNA,FALSE,FALSE,FALSE,FALSE,4,2,2,2_2,e5c89fcf-cc57-4fad-a138-ea47ee9ea225,NA
7,124223419,124223419,1,snv_mnv,NA,NA,"broad,dkfz,muse,sanger",4,COSN9921905,NA,NA,FALSE,0.2564,NA,20,58,NA,NA,NA,IGR,FALSE,FALSE,FALSE,FALSE,4,2,2,2_2,e5c89fcf-cc57-4fad-a138-ea47ee9ea225,NA
7,124586175,124586175,1,snv_mnv,NA,NA,"broad,dkfz,muse,sanger",4,COSN9921977,NA,L1PREC2,FALSE,0.3167,NA,19,41,NA,NA,NA,RNA,FALSE,FALSE,FALSE,FALSE,4,2,2,2_2,e5c89fcf-cc57-4fad-a138-ea47ee9ea225,NA
7,124757946,124757946,1,snv_mnv,NA,NA,"broad,dkfz,muse,sanger",4,COSN9922005,NA,AT_rich,FALSE,0.3043,NA,14,32,NA,NA,NA,RNA,FALSE,FALSE,FALSE,FALSE,4,2,2,2_2,e5c89fcf-cc57-4fad-a138-ea47ee9ea225,NA
7,124862983,124862983,1,snv_mnv,NA,NA,"broad,dkfz,muse,sanger",4,COSN9922027,NA,NA,FALSE,0.3,NA,18,42,NA,NA,NA,lincRNA,FALSE,FALSE,FALSE,FALSE,4,2,2,2_2,e5c89fcf-cc57-4fad-a138-ea47ee9ea225,NA
7,125203288,125203288,1,snv_mnv,NA,NA,"broad,dkfz,muse,sanger",4,COSN9922083,NA,L1MC4a,FALSE,0.2874,NA,25,62,NA,NA,NA,IGR,FALSE,FALSE,FALSE,FALSE,4,2,2,2_2,e5c89fcf-cc57-4fad-a138-ea47ee9ea225,NA
7,126073173,126073173,1,snv_mnv,NA,NA,"broad,dkfz,muse,sanger",4,COSN9922293,NA,L2a,FALSE,0.2273,NA,15,51,NA,NA,NA,IGR,FALSE,FALSE,FALSE,FALSE,4,2,2,2_2,e5c89fcf-cc57-4fad-a138-ea47ee9ea225,NA
7,126099506,126099506,1,snv_mnv,NA,NA,"broad,dkfz,muse,sanger",4,COSN9922306,NA,NA,FALSE,0.2941,NA,20,48,NA,NA,NA,Intron,FALSE,FALSE,FALSE,FALSE,4,2,2,2_2,e5c89fcf-cc57-4fad-a138-ea47ee9ea225,NA
7,126429588,126429588,1,snv_mnv,NA,NA,"broad,dkfz,muse,sanger",4,COSN9922398,NA,NA,FALSE,0.2708,NA,13,35,NA,NA,NA,Intron,FALSE,FALSE,FALSE,FALSE,4,2,2,2_2,e5c89fcf-cc57-4fad-a138-ea47ee9ea225,NA
7,126557698,126557698,1,snv_mnv,NA,NA,"broad,muse,sanger",3,COSN9922431,NA,MIRc,FALSE,0.3469,NA,17,32,NA,NA,NA,Intron,FALSE,FALSE,FALSE,FALSE,4,2,2,2_2,e5c89fcf-cc57-4fad-a138-ea47ee9ea225,NA
7,127580892,127580892,1,snv_mnv,NA,NA,"broad,dkfz,muse,sanger",4,COSN9922622,NA,NA,FALSE,0.3333,NA,15,30,NA,NA,NA,Intron,FALSE,FALSE,FALSE,FALSE,4,2,2,2_2,e5c89fcf-cc57-4fad-a138-ea47ee9ea225,NA
7,129249407,129249407,1,snv_mnv,1.9968e-4,rs574844700,"broad,dkfz,muse,sanger",4,COSN9922845,rs574844700,MIR,FALSE,0.3143,NA,11,24,NA,NA,NA,5'Flank,FALSE,FALSE,FALSE,FALSE,4,2,2,2_2,e5c89fcf-cc57-4fad-a138-ea47ee9ea225,NRF1
7,129720732,129720732,1,snv_mnv,NA,NA,"broad,dkfz,muse,sanger",4,COSN9922908,NA,NA,FALSE,0.3171,NA,13,28,NA,NA,NA,Intron,FALSE,FALSE,FALSE,FALSE,4,2,2,2_2,e5c89fcf-cc57-4fad-a138-ea47ee9ea225,NA
7,129922359,129922359,1,snv_mnv,NA,NA,"broad,dkfz,muse",3,COSN9922942,NA,AluSx,FALSE,0.3261,NA,15,31,NA,NA,NA,Intron,FALSE,FALSE,FALSE,FALSE,4,2,2,2_2,e5c89fcf-cc57-4fad-a138-ea47ee9ea225,NA
7,131220122,131220122,1,snv_mnv,NA,NA,"broad,dkfz,muse,sanger",4,COSN9923128,NA,NA,FALSE,0.3469,NA,17,32,NA,NA,NA,Intron,FALSE,FALSE,FALSE,FALSE,4,2,2,2_2,e5c89fcf-cc57-4fad-a138-ea47ee9ea225,NA
7,131589103,131589103,1,snv_mnv,NA,NA,"broad,dkfz,muse,sanger",4,COSN9923200,NA,NA,FALSE,0.3438,NA,22,42,NA,NA,NA,IGR,FALSE,FALSE,FALSE,FALSE,4,2,2,2_2,e5c89fcf-cc57-4fad-a138-ea47ee9ea225,NA
7,132308712,132308712,1,snv_mnv,NA,NA,"broad,dkfz,muse,sanger",4,COSN15584777,NA,L2a,FALSE,0.194,NA,13,54,NA,NA,NA,Intron,FALSE,FALSE,FALSE,FALSE,4,2,2,2_2,e5c89fcf-cc57-4fad-a138-ea47ee9ea225,NA
7,132405693,132405693,1,snv_mnv,NA,NA,"broad,dkfz,muse,sanger",4,COSN9923374,NA,NA,FALSE,0.2909,NA,16,39,NA,NA,NA,Intron,FALSE,FALSE,FALSE,FALSE,4,2,2,2_2,e5c89fcf-cc57-4fad-a138-ea47ee9ea225,NA
7,133147087,133147087,1,snv_mnv,NA,NA,"broad,dkfz,muse,sanger",4,COSN9923482,NA,NA,FALSE,0.2985,NA,20,47,NA,NA,NA,Intron,FALSE,FALSE,FALSE,FALSE,4,2,2,2_2,e5c89fcf-cc57-4fad-a138-ea47ee9ea225,NA
7,134362849,134362849,1,snv_mnv,NA,NA,"broad,dkfz,muse,sanger",4,COSN9923677,NA,NA,FALSE,0.2407,NA,13,41,NA,NA,NA,Intron,FALSE,FALSE,FALSE,FALSE,4,2,2,2_2,e5c89fcf-cc57-4fad-a138-ea47ee9ea225,NA
7,136551318,136551318,1,snv_mnv,NA,NA,"broad,dkfz,muse,sanger",4,COSN9924143,NA,NA,FALSE,0.2333,NA,14,46,NA,NA,NA,5'Flank,FALSE,FALSE,FALSE,FALSE,4,2,2,2_2,e5c89fcf-cc57-4fad-a138-ea47ee9ea225,CHRM2
7,136562969,136562969,1,snv_mnv,NA,NA,"broad,dkfz,muse,sanger",4,COSN9924147,NA,NA,FALSE,0.254,NA,16,47,NA,NA,NA,Intron,FALSE,FALSE,FALSE,FALSE,4,2,2,2_2,e5c89fcf-cc57-4fad-a138-ea47ee9ea225,NA
7,138199835,138199835,1,snv_mnv,NA,NA,"broad,dkfz,muse,sanger",4,COSN9924484,NA,NA,FALSE,0.2941,NA,15,36,NA,NA,NA,Intron,FALSE,FALSE,FALSE,FALSE,4,2,2,2_2,e5c89fcf-cc57-4fad-a138-ea47ee9ea225,NA
7,139225863,139225863,1,snv_mnv,NA,NA,"broad,dkfz,muse,sanger",4,COSN9934497,NA,AluSz6,FALSE,0.4,NA,12,18,NA,NA,NA,Intron,FALSE,FALSE,FALSE,FALSE,4,2,2,2_2,e5c89fcf-cc57-4fad-a138-ea47ee9ea225,NA
7,139848488,139848488,1,snv_mnv,NA,NA,"broad,dkfz,muse,sanger",4,COSN9934593,NA,NA,FALSE,0.3509,NA,20,37,NA,NA,NA,Intron,FALSE,FALSE,FALSE,FALSE,4,2,2,2_2,e5c89fcf-cc57-4fad-a138-ea47ee9ea225,NA
7,140639435,140639435,1,snv_mnv,NA,NA,"broad,dkfz,muse,sanger",4,COSN9934688,NA,ERVL-B4-int,FALSE,0.3,NA,15,35,NA,NA,NA,IGR,FALSE,FALSE,FALSE,FALSE,4,2,2,2_2,e5c89fcf-cc57-4fad-a138-ea47ee9ea225,AC006006.1
7,141339162,141339162,1,snv_mnv,NA,NA,"broad,dkfz,muse,sanger",4,COSN9934775,NA,L2c,FALSE,0.2759,NA,16,42,NA,NA,NA,Intron,FALSE,FALSE,FALSE,FALSE,4,2,2,2_2,e5c89fcf-cc57-4fad-a138-ea47ee9ea225,NA
7,141767418,141767418,1,snv_mnv,NA,NA,"broad,muse,sanger",3,COSN9934838,NA,MIRb,FALSE,0.2564,NA,10,29,NA,NA,NA,Intron,FALSE,FALSE,FALSE,FALSE,4,2,2,2_2,e5c89fcf-cc57-4fad-a138-ea47ee9ea225,NA
7,144096824,144096824,1,snv_mnv,NA,NA,"broad,dkfz,muse,sanger",4,COSN9935151,NA,NA,FALSE,0.4054,NA,15,22,NA,NA,NA,Intron,FALSE,FALSE,FALSE,FALSE,4,2,2,2_2,e5c89fcf-cc57-4fad-a138-ea47ee9ea225,NA
7,144472580,144472580,1,snv_mnv,NA,NA,"broad,dkfz,muse,sanger",4,COSN9935207,NA,L2a,FALSE,0.2353,NA,12,39,NA,NA,NA,Intron,FALSE,FALSE,FALSE,FALSE,4,2,2,2_2,e5c89fcf-cc57-4fad-a138-ea47ee9ea225,NA
7,144970479,144970479,1,snv_mnv,NA,NA,"broad,dkfz,muse,sanger",4,COSN9935345,NA,MLT1A0,FALSE,0.2885,NA,15,37,NA,NA,NA,IGR,FALSE,FALSE,FALSE,FALSE,4,2,2,2_2,e5c89fcf-cc57-4fad-a138-ea47ee9ea225,AC004911.1
7,145105429,145105429,1,snv_mnv,NA,NA,"broad,dkfz,muse,sanger",4,COSN9935386,NA,NA,FALSE,0.2576,NA,17,49,NA,NA,NA,IGR,FALSE,FALSE,FALSE,FALSE,4,2,2,2_2,e5c89fcf-cc57-4fad-a138-ea47ee9ea225,NA
7,145272110,145272110,1,snv_mnv,NA,NA,"broad,dkfz,muse,sanger",4,COSN9935451,NA,L1ME1,FALSE,0.2564,NA,20,58,NA,NA,NA,IGR,FALSE,FALSE,FALSE,FALSE,4,2,2,2_2,e5c89fcf-cc57-4fad-a138-ea47ee9ea225,NA
7,145410211,145410211,1,snv_mnv,NA,NA,"broad,dkfz,muse,sanger",4,COSN9935491,NA,L1M1,FALSE,0.3429,NA,12,23,NA,NA,NA,IGR,FALSE,FALSE,FALSE,FALSE,4,2,2,2_2,e5c89fcf-cc57-4fad-a138-ea47ee9ea225,NA
7,145533689,145533689,1,snv_mnv,NA,NA,"broad,dkfz,muse,sanger",4,COSN9935524,NA,L1MA3,FALSE,0.274,NA,20,53,NA,NA,NA,IGR,FALSE,FALSE,FALSE,FALSE,4,2,2,2_2,e5c89fcf-cc57-4fad-a138-ea47ee9ea225,NA
7,145626885,145626885,1,snv_mnv,NA,NA,"broad,dkfz,muse,sanger",4,COSN9935562,NA,ERVL-E-int,FALSE,0.2429,NA,17,53,NA,NA,NA,IGR,FALSE,FALSE,FALSE,FALSE,4,2,2,2_2,e5c89fcf-cc57-4fad-a138-ea47ee9ea225,NA
7,145842748,145842748,1,snv_mnv,NA,NA,"broad,dkfz,muse,sanger",4,COSN9935625,NA,NA,FALSE,0.3231,NA,21,44,NA,NA,NA,Intron,FALSE,FALSE,FALSE,FALSE,4,2,2,2_2,e5c89fcf-cc57-4fad-a138-ea47ee9ea225,NA
7,146099415,146099415,1,snv_mnv,NA,NA,"broad,dkfz,muse,sanger",4,COSN9935708,NA,NA,FALSE,0.2679,NA,15,41,NA,NA,NA,Intron,FALSE,FALSE,FALSE,FALSE,4,2,2,2_2,e5c89fcf-cc57-4fad-a138-ea47ee9ea225,NA
7,146317900,146317900,1,snv_mnv,NA,NA,"broad,dkfz,muse,sanger",4,COSN9935804,NA,NA,FALSE,0.3857,NA,27,43,NA,NA,NA,Intron,FALSE,FALSE,FALSE,FALSE,4,2,2,2_2,e5c89fcf-cc57-4fad-a138-ea47ee9ea225,NA
7,146930384,146930384,1,snv_mnv,NA,NA,"broad,dkfz,muse,sanger",4,COSN9936024,NA,Tigger13a,FALSE,0.2812,NA,9,23,NA,NA,NA,Intron,FALSE,FALSE,FALSE,FALSE,4,2,2,2_2,e5c89fcf-cc57-4fad-a138-ea47ee9ea225,NA
7,147261398,147261398,1,snv_mnv,NA,NA,"broad,dkfz,muse,sanger",4,COSN9936126,NA,NA,FALSE,0.2456,NA,14,43,NA,NA,NA,Intron,FALSE,FALSE,FALSE,FALSE,4,2,2,2_2,e5c89fcf-cc57-4fad-a138-ea47ee9ea225,NA
7,147327727,147327727,1,snv_mnv,NA,NA,"broad,dkfz,muse,sanger",4,COSN9936147,NA,L1PB2,FALSE,0.2676,NA,19,52,NA,NA,NA,Intron,FALSE,FALSE,FALSE,FALSE,4,2,2,2_2,e5c89fcf-cc57-4fad-a138-ea47ee9ea225,NA
7,147345470,147345470,1,snv_mnv,NA,NA,"broad,dkfz,muse,sanger",4,COSN9936155,NA,MIRb,FALSE,0.25,NA,16,48,NA,NA,NA,Intron,FALSE,FALSE,FALSE,FALSE,4,2,2,2_2,e5c89fcf-cc57-4fad-a138-ea47ee9ea225,CNTNAP2
7,150764169,150764169,1,snv_mnv,NA,NA,"broad,dkfz,muse,sanger",4,COSN9936723,NA,NA,FALSE,0.4286,NA,12,16,NA,NA,NA,Intron,FALSE,FALSE,FALSE,FALSE,4,2,2,2_2,e5c89fcf-cc57-4fad-a138-ea47ee9ea225,SLC4A2
7,150859142,150859142,1,snv_mnv,NA,NA,"broad,dkfz,muse,sanger",4,COSN9936734,NA,MIR3,FALSE,0.2222,NA,12,42,NA,NA,NA,Intron,FALSE,FALSE,FALSE,FALSE,4,2,2,2_2,e5c89fcf-cc57-4fad-a138-ea47ee9ea225,NA
7,151272313,151272313,1,snv_mnv,NA,NA,"broad,dkfz,muse,sanger",4,COSN9936786,NA,NA,FALSE,0.2537,NA,17,50,NA,NA,NA,Intron,FALSE,FALSE,FALSE,FALSE,4,2,2,2_2,e5c89fcf-cc57-4fad-a138-ea47ee9ea225,PRKAG2
7,153275157,153275157,1,snv_mnv,NA,NA,"broad,dkfz,muse,sanger",4,COSN9937183,NA,L1MB2,FALSE,0.2353,NA,16,52,NA,NA,NA,IGR,FALSE,FALSE,FALSE,FALSE,4,2,2,2_2,e5c89fcf-cc57-4fad-a138-ea47ee9ea225,NA
7,153291559,153291559,1,snv_mnv,NA,NA,"broad,dkfz,muse,sanger",4,COSN9937188,NA,NA,FALSE,0.2373,NA,14,45,NA,NA,NA,IGR,FALSE,FALSE,FALSE,FALSE,4,2,2,2_2,e5c89fcf-cc57-4fad-a138-ea47ee9ea225,NA
7,153322655,153322655,1,snv_mnv,NA,NA,"broad,dkfz,muse,sanger",4,COSN9937204,NA,L1P4,FALSE,0.2794,NA,19,49,NA,NA,NA,IGR,FALSE,FALSE,FALSE,FALSE,4,2,2,2_2,e5c89fcf-cc57-4fad-a138-ea47ee9ea225,NA
7,153386436,153386436,1,snv_mnv,NA,NA,"broad,dkfz,muse,sanger",4,COSN9937228,NA,NA,FALSE,0.3016,NA,19,44,NA,NA,NA,IGR,FALSE,FALSE,FALSE,FALSE,4,2,2,2_2,e5c89fcf-cc57-4fad-a138-ea47ee9ea225,NA
7,153496103,153496103,1,snv_mnv,NA,NA,"broad,muse,sanger",3,COSN9937245,NA,MER1A,FALSE,0.3673,NA,18,31,NA,NA,NA,IGR,FALSE,FALSE,FALSE,FALSE,4,2,2,2_2,e5c89fcf-cc57-4fad-a138-ea47ee9ea225,NA
7,153630371,153630371,1,snv_mnv,NA,NA,"broad,dkfz,muse,sanger",4,COSN9937280,NA,NA,FALSE,0.3125,NA,20,44,NA,NA,NA,Intron,FALSE,FALSE,FALSE,FALSE,4,2,2,2_2,e5c89fcf-cc57-4fad-a138-ea47ee9ea225,NA
7,154504792,154504792,1,snv_mnv,NA,NA,"broad,dkfz,muse,sanger",4,COSN9937484,NA,THE1C-int,FALSE,0.2264,NA,12,41,NA,NA,NA,Intron,FALSE,FALSE,FALSE,FALSE,4,2,2,2_2,e5c89fcf-cc57-4fad-a138-ea47ee9ea225,NA
7,154819177,154819177,1,snv_mnv,NA,NA,"broad,dkfz,muse,sanger",4,COSN9937550,NA,NA,FALSE,0.3056,NA,11,25,NA,NA,NA,IGR,FALSE,FALSE,FALSE,FALSE,4,2,2,2_2,e5c89fcf-cc57-4fad-a138-ea47ee9ea225,NA
7,157250758,157250758,1,snv_mnv,1.9968e-4,rs528137396,"broad,dkfz,muse,sanger",4,COSN9938024,rs528137396,NA,FALSE,0.3846,NA,15,24,NA,NA,NA,IGR,FALSE,FALSE,FALSE,FALSE,4,2,2,2_2,e5c89fcf-cc57-4fad-a138-ea47ee9ea225,NA
7,157644864,157644864,1,snv_mnv,NA,NA,"broad,dkfz,muse,sanger",4,COSN9938123,NA,NA,FALSE,0.25,NA,15,45,NA,NA,NA,Intron,FALSE,FALSE,FALSE,FALSE,4,2,2,2_2,e5c89fcf-cc57-4fad-a138-ea47ee9ea225,AC011899.2
7,158041062,158041062,1,snv_mnv,NA,NA,"broad,dkfz,muse,sanger",4,COSN9938196,NA,NA,FALSE,0.3333,NA,10,20,NA,NA,NA,Intron,FALSE,FALSE,FALSE,FALSE,4,2,2,2_2,e5c89fcf-cc57-4fad-a138-ea47ee9ea225,NA
7,158440103,158440103,1,snv_mnv,NA,NA,"broad,dkfz,muse,sanger",4,COSN9938303,NA,MER20,FALSE,0.2895,NA,11,27,NA,NA,NA,Intron,FALSE,FALSE,FALSE,FALSE,4,2,2,2_2,e5c89fcf-cc57-4fad-a138-ea47ee9ea225,NA
8,2283610,2283610,1,snv_mnv,NA,NA,"broad,dkfz,muse,sanger",4,COSN9259710,NA,L1PA7,FALSE,0.1961,NA,10,41,NA,NA,NA,IGR,FALSE,FALSE,FALSE,FALSE,4,2,2,2_2,e5c89fcf-cc57-4fad-a138-ea47ee9ea225,NA
8,2482289,2482289,1,snv_mnv,NA,NA,"broad,dkfz,muse,sanger",4,COSN9259958,NA,L1MA5,FALSE,0.2609,NA,12,34,NA,NA,NA,lincRNA,FALSE,FALSE,FALSE,FALSE,4,2,2,2_2,e5c89fcf-cc57-4fad-a138-ea47ee9ea225,AC245123.1
8,3626381,3626381,1,snv_mnv,NA,NA,"broad,dkfz,muse,sanger",4,COSN15584704,NA,NA,FALSE,0.1731,NA,9,43,NA,NA,NA,Intron,FALSE,FALSE,FALSE,FALSE,4,2,2,2_2,e5c89fcf-cc57-4fad-a138-ea47ee9ea225,NA
8,3923718,3923718,1,snv_mnv,NA,NA,"broad,dkfz,muse,sanger",4,COSN9262182,NA,NA,FALSE,0.2353,NA,8,26,NA,NA,NA,Intron,FALSE,FALSE,FALSE,FALSE,4,2,2,2_2,e5c89fcf-cc57-4fad-a138-ea47ee9ea225,NA
8,4072022,4072022,1,snv_mnv,NA,NA,"broad,dkfz,muse,sanger",4,COSN9262457,NA,AluSz6,FALSE,0.2941,NA,15,36,NA,NA,NA,Intron,FALSE,FALSE,FALSE,FALSE,4,2,2,2_2,e5c89fcf-cc57-4fad-a138-ea47ee9ea225,NA
8,4664664,4664664,1,snv_mnv,NA,NA,"broad,dkfz,muse,sanger",4,COSN9263100,NA,NA,FALSE,0.2353,NA,12,39,NA,NA,NA,Intron,FALSE,FALSE,FALSE,FALSE,4,2,2,2_2,e5c89fcf-cc57-4fad-a138-ea47ee9ea225,NA
8,4972565,4972565,1,snv_mnv,NA,NA,"broad,dkfz,muse,sanger",4,COSN9263671,NA,NA,FALSE,0.25,NA,19,57,NA,NA,NA,IGR,FALSE,FALSE,FALSE,FALSE,4,2,2,2_2,e5c89fcf-cc57-4fad-a138-ea47ee9ea225,NA
8,5020559,5020559,1,snv_mnv,NA,NA,"broad,dkfz,muse,sanger",4,COSN9263797,NA,AluSc,FALSE,0.3,NA,9,21,NA,NA,NA,IGR,FALSE,FALSE,FALSE,FALSE,4,2,2,2_2,e5c89fcf-cc57-4fad-a138-ea47ee9ea225,NA
8,5226687,5226687,1,snv_mnv,NA,NA,"broad,dkfz,muse,sanger",4,COSN9264480,NA,AT_rich,FALSE,0.3051,NA,18,41,NA,NA,NA,IGR,FALSE,FALSE,FALSE,FALSE,4,2,2,2_2,e5c89fcf-cc57-4fad-a138-ea47ee9ea225,NA
8,5449981,5449981,1,snv_mnv,NA,NA,"broad,dkfz,muse",3,COSN9265006,NA,(CA)n,FALSE,0.2727,NA,12,32,NA,NA,NA,IGR,FALSE,FALSE,FALSE,FALSE,4,2,2,2_2,e5c89fcf-cc57-4fad-a138-ea47ee9ea225,NA
8,5567025,5567025,1,snv_mnv,NA,NA,"broad,dkfz,muse,sanger",4,COSN9265220,NA,NA,FALSE,0.2586,NA,15,43,NA,NA,NA,IGR,FALSE,FALSE,FALSE,FALSE,4,2,2,2_2,e5c89fcf-cc57-4fad-a138-ea47ee9ea225,NA
8,5824440,5824440,1,snv_mnv,NA,NA,"broad,dkfz,muse,sanger",4,COSN9265810,NA,L2,FALSE,0.2812,NA,9,23,NA,NA,NA,IGR,FALSE,FALSE,FALSE,FALSE,4,2,2,2_2,e5c89fcf-cc57-4fad-a138-ea47ee9ea225,NA
8,6049971,6049971,1,snv_mnv,NA,NA,"broad,dkfz,muse,sanger",4,COSN9266234,NA,L1PA4,FALSE,0.3333,NA,22,44,NA,NA,NA,lincRNA,FALSE,FALSE,FALSE,FALSE,4,2,2,2_2,e5c89fcf-cc57-4fad-a138-ea47ee9ea225,NA
8,6475400,6475400,1,snv_mnv,NA,NA,"dkfz,muse",2,COSN9267036,NA,(TCTA)n,FALSE,0.3636,NA,20,35,NA,NA,NA,Intron,FALSE,FALSE,FALSE,FALSE,4,2,2,2_2,e5c89fcf-cc57-4fad-a138-ea47ee9ea225,"MCPH1,MCPH1-AS1,MIR8055,AF287957.1"
8,9523286,9523286,1,snv_mnv,NA,NA,"broad,dkfz,muse,sanger",4,COSN9272797,NA,NA,FALSE,0.2917,NA,14,34,NA,NA,NA,Intron,FALSE,FALSE,FALSE,FALSE,4,2,2,2_2,e5c89fcf-cc57-4fad-a138-ea47ee9ea225,TNKS
8,9747723,9747723,1,snv_mnv,NA,NA,"broad,dkfz,muse,sanger",4,COSN9273107,NA,NA,FALSE,0.3478,NA,16,30,NA,NA,NA,IGR,FALSE,FALSE,FALSE,FALSE,4,2,2,2_2,e5c89fcf-cc57-4fad-a138-ea47ee9ea225,NA
8,10863633,10863633,1,snv_mnv,NA,NA,"broad,dkfz,muse,sanger",4,COSN9251107,NA,AluSx1,FALSE,0.3704,NA,10,17,NA,NA,NA,Intron,FALSE,FALSE,FALSE,FALSE,4,2,2,2_2,e5c89fcf-cc57-4fad-a138-ea47ee9ea225,XKR6
8,12898364,12898364,1,snv_mnv,NA,NA,"broad,dkfz,muse,sanger",4,COSN9255284,NA,THE1C,FALSE,0.25,NA,13,39,NA,NA,NA,IGR,FALSE,FALSE,FALSE,FALSE,4,2,2,2_2,e5c89fcf-cc57-4fad-a138-ea47ee9ea225,RNU6-842P
8,13421395,13421395,1,snv_mnv,0.0031949,rs565445662,"broad,dkfz,muse,sanger",4,COSN15585005,rs565445662,NA,FALSE,0.1695,NA,10,49,NA,NA,NA,5'Flank,FALSE,FALSE,FALSE,FALSE,4,2,2,2_2,e5c89fcf-cc57-4fad-a138-ea47ee9ea225,C8orf48
8,13762886,13762886,1,snv_mnv,NA,NA,"broad,dkfz,muse,sanger",4,COSN9256763,NA,NA,FALSE,0.2121,NA,14,52,NA,NA,NA,IGR,FALSE,FALSE,FALSE,FALSE,4,2,2,2_2,e5c89fcf-cc57-4fad-a138-ea47ee9ea225,AC022690.1
8,13860723,13860723,1,snv_mnv,NA,NA,"broad,dkfz,muse",3,COSN9256995,NA,MIRc,FALSE,0.2933,NA,22,53,NA,NA,NA,IGR,FALSE,FALSE,FALSE,FALSE,4,2,2,2_2,e5c89fcf-cc57-4fad-a138-ea47ee9ea225,NA
8,14675815,14675815,1,snv_mnv,NA,NA,"broad,dkfz,muse,sanger",4,COSN9258282,NA,L1MA6,FALSE,0.381,NA,16,26,NA,NA,NA,Intron,FALSE,FALSE,FALSE,FALSE,4,2,2,2_2,e5c89fcf-cc57-4fad-a138-ea47ee9ea225,NA
8,14947014,14947014,1,snv_mnv,1.9968e-4,rs555538920,"broad,dkfz,muse,sanger",4,COSN9258366,rs555538920,NA,FALSE,0.274,NA,20,53,NA,NA,NA,Intron,FALSE,FALSE,FALSE,FALSE,4,2,2,2_2,e5c89fcf-cc57-4fad-a138-ea47ee9ea225,NA
8,15037278,15037278,1,snv_mnv,NA,NA,"broad,dkfz,muse,sanger",4,COSN9258406,NA,NA,FALSE,0.2667,NA,16,44,NA,NA,NA,Intron,FALSE,FALSE,FALSE,FALSE,4,2,2,2_2,e5c89fcf-cc57-4fad-a138-ea47ee9ea225,NA
8,15526218,15526218,1,snv_mnv,NA,NA,"broad,dkfz,muse,sanger",4,COSN9258534,NA,NA,FALSE,0.2857,NA,20,50,NA,NA,NA,Intron,FALSE,FALSE,FALSE,FALSE,4,2,2,2_2,e5c89fcf-cc57-4fad-a138-ea47ee9ea225,NA
8,16145585,16145585,1,snv_mnv,NA,NA,"broad,dkfz,muse,sanger",4,COSN15584996,NA,NA,FALSE,0.2297,NA,17,57,NA,NA,NA,Intron,FALSE,FALSE,FALSE,FALSE,4,2,2,2_2,e5c89fcf-cc57-4fad-a138-ea47ee9ea225,NA
8,16201586,16201586,1,snv_mnv,NA,NA,"broad,dkfz,muse,sanger",4,COSN9258737,NA,NA,FALSE,0.2353,NA,16,52,NA,NA,NA,Intron,FALSE,FALSE,FALSE,FALSE,4,2,2,2_2,e5c89fcf-cc57-4fad-a138-ea47ee9ea225,NA
8,16675291,16675291,1,snv_mnv,NA,NA,"broad,dkfz,muse,sanger",4,COSN9258832,NA,NA,FALSE,0.3673,NA,18,31,NA,NA,NA,lincRNA,FALSE,FALSE,FALSE,FALSE,4,2,2,2_2,e5c89fcf-cc57-4fad-a138-ea47ee9ea225,NA
8,16835820,16835820,1,snv_mnv,NA,NA,"broad,dkfz,muse,sanger",4,COSN9258874,NA,L1PA7,FALSE,0.24,NA,18,57,NA,NA,NA,IGR,FALSE,FALSE,FALSE,FALSE,4,2,2,2_2,e5c89fcf-cc57-4fad-a138-ea47ee9ea225,NA
8,16842587,16842587,1,snv_mnv,NA,NA,"broad,dkfz,muse,sanger",4,COSN9258877,NA,MLT1E1A,FALSE,0.1538,NA,2,11,NA,NA,NA,IGR,FALSE,FALSE,FALSE,FALSE,4,2,2,2_2,e5c89fcf-cc57-4fad-a138-ea47ee9ea225,NA
8,17019608,17019608,1,snv_mnv,NA,NA,"broad,dkfz,muse,sanger",4,COSN9258904,NA,NA,FALSE,0.2188,NA,14,50,NA,NA,NA,Intron,FALSE,FALSE,FALSE,FALSE,4,2,2,2_2,e5c89fcf-cc57-4fad-a138-ea47ee9ea225,ZDHHC2
8,18987515,18987515,1,snv_mnv,NA,NA,"broad,dkfz,muse,sanger",4,COSN9259183,NA,NA,FALSE,0.2453,NA,13,40,NA,NA,NA,IGR,FALSE,FALSE,FALSE,FALSE,4,2,2,2_2,e5c89fcf-cc57-4fad-a138-ea47ee9ea225,NA
8,19031014,19031014,1,snv_mnv,NA,NA,"broad,dkfz,muse,sanger",4,COSN9259193,NA,NA,FALSE,0.3191,NA,15,32,NA,NA,NA,IGR,FALSE,FALSE,FALSE,FALSE,4,2,2,2_2,e5c89fcf-cc57-4fad-a138-ea47ee9ea225,NA
8,19350615,19350615,1,snv_mnv,NA,NA,"broad,dkfz,muse,sanger",4,COSN9259241,NA,NA,FALSE,0.2951,NA,18,43,NA,NA,NA,Intron,FALSE,FALSE,FALSE,FALSE,4,2,2,2_2,e5c89fcf-cc57-4fad-a138-ea47ee9ea225,NA
8,21815468,21815468,1,snv_mnv,NA,NA,"broad,dkfz,muse,sanger",4,COSN9259588,NA,MER82,FALSE,0.3103,NA,18,40,NA,NA,NA,Intron,FALSE,FALSE,FALSE,FALSE,4,2,2,2_2,e5c89fcf-cc57-4fad-a138-ea47ee9ea225,NA
8,23559069,23559069,1,snv_mnv,NA,NA,"broad,dkfz,muse,sanger",4,COSN9259795,NA,NA,FALSE,0.2174,NA,10,36,NA,NA,NA,IGR,FALSE,FALSE,FALSE,FALSE,4,2,2,2_2,e5c89fcf-cc57-4fad-a138-ea47ee9ea225,NKX2-6
8,24467988,24467988,1,snv_mnv,NA,NA,"broad,dkfz,muse,sanger",4,COSN9259903,NA,NA,FALSE,0.209,NA,14,53,NA,NA,NA,RNA,FALSE,FALSE,FALSE,FALSE,4,2,2,2_2,e5c89fcf-cc57-4fad-a138-ea47ee9ea225,NA
8,24750319,24750319,1,snv_mnv,NA,NA,"broad,dkfz,muse,sanger",4,COSN9259951,NA,NA,FALSE,0.283,NA,15,38,NA,NA,NA,RNA,FALSE,FALSE,FALSE,FALSE,4,2,2,2_2,e5c89fcf-cc57-4fad-a138-ea47ee9ea225,NA
8,25708299,25708299,1,snv_mnv,NA,NA,"broad,dkfz,muse,sanger",4,COSN9260076,NA,NA,FALSE,0.2963,NA,16,38,NA,NA,NA,Intron,FALSE,FALSE,FALSE,FALSE,4,2,2,2_2,e5c89fcf-cc57-4fad-a138-ea47ee9ea225,NA
8,25756690,25756690,1,snv_mnv,NA,NA,"broad,dkfz,muse,sanger",4,COSN15585446,NA,NA,FALSE,0.2407,NA,13,41,NA,NA,NA,Intron,FALSE,FALSE,FALSE,FALSE,4,2,2,2_2,e5c89fcf-cc57-4fad-a138-ea47ee9ea225,NA
8,25806701,25806701,1,snv_mnv,NA,NA,"broad,dkfz,muse,sanger",4,COSN9260095,NA,MIR,FALSE,0.2769,NA,18,47,NA,NA,NA,Intron,FALSE,FALSE,FALSE,FALSE,4,2,2,2_2,e5c89fcf-cc57-4fad-a138-ea47ee9ea225,NA
8,25973725,25973725,1,snv_mnv,NA,NA,"broad,dkfz,muse,sanger",4,COSN9260115,rs747515746,L2b,FALSE,0.2571,NA,9,26,NA,NA,NA,IGR,FALSE,FALSE,FALSE,FALSE,4,2,2,2_2,e5c89fcf-cc57-4fad-a138-ea47ee9ea225,NA
8,26824733,26824733,1,snv_mnv,NA,NA,"broad,dkfz,muse,sanger",4,COSN9260213,rs755423925,NA,FALSE,0.2979,NA,14,33,NA,NA,NA,IGR,FALSE,FALSE,FALSE,FALSE,4,2,2,2_2,e5c89fcf-cc57-4fad-a138-ea47ee9ea225,NA
8,26848444,26848444,1,snv_mnv,NA,NA,"broad,dkfz,muse,sanger",4,COSN9260217,NA,NA,FALSE,0.2292,NA,11,37,NA,NA,NA,IGR,FALSE,FALSE,FALSE,FALSE,4,2,2,2_2,e5c89fcf-cc57-4fad-a138-ea47ee9ea225,NA
8,27089100,27089100,1,snv_mnv,NA,NA,"broad,dkfz,muse,sanger",4,COSN9260241,NA,L1MEc,FALSE,0.2745,NA,14,37,NA,NA,NA,IGR,FALSE,FALSE,FALSE,FALSE,4,2,2,2_2,e5c89fcf-cc57-4fad-a138-ea47ee9ea225,STMN4
8,29532114,29532114,1,snv_mnv,NA,NA,"broad,dkfz,muse,sanger",4,COSN9260552,NA,NA,FALSE,0.2576,NA,17,49,NA,NA,NA,IGR,FALSE,FALSE,FALSE,FALSE,4,2,2,2_2,e5c89fcf-cc57-4fad-a138-ea47ee9ea225,NA
8,30298144,30298144,1,snv_mnv,NA,NA,"broad,dkfz,muse,sanger",4,COSN9260670,NA,L1MB2,FALSE,0.3182,NA,14,30,NA,NA,NA,Intron,FALSE,FALSE,FALSE,FALSE,4,2,2,2_2,e5c89fcf-cc57-4fad-a138-ea47ee9ea225,RBPMS
8,30929829,30929829,1,snv_mnv,NA,NA,"broad,dkfz,muse,sanger",4,COSN9260748,NA,L2c,FALSE,0.2656,NA,17,47,NA,NA,NA,Intron,FALSE,FALSE,FALSE,FALSE,4,2,2,2_2,e5c89fcf-cc57-4fad-a138-ea47ee9ea225,NA
8,31139691,31139691,1,snv_mnv,NA,NA,"broad,dkfz,muse,sanger",4,COSN9260775,NA,L1M5,FALSE,0.2769,NA,18,47,NA,NA,NA,lincRNA,FALSE,FALSE,FALSE,FALSE,4,2,2,2_2,e5c89fcf-cc57-4fad-a138-ea47ee9ea225,NA
8,31461304,31461304,1,snv_mnv,NA,NA,"broad,dkfz,muse,sanger",4,COSN9260839,NA,L1MC4a,FALSE,0.2353,NA,16,52,NA,NA,NA,IGR,FALSE,FALSE,FALSE,FALSE,4,2,2,2_2,e5c89fcf-cc57-4fad-a138-ea47ee9ea225,NA
8,31472920,31472920,1,snv_mnv,NA,NA,"broad,dkfz,muse,sanger",4,COSN9260847,NA,NA,FALSE,0.2857,NA,22,55,NA,NA,NA,IGR,FALSE,FALSE,FALSE,FALSE,4,2,2,2_2,e5c89fcf-cc57-4fad-a138-ea47ee9ea225,NA
8,31928059,31928059,1,snv_mnv,NA,NA,"broad,dkfz,muse,sanger",4,COSN9260938,NA,NA,FALSE,0.2941,NA,15,36,NA,NA,NA,Intron,FALSE,FALSE,FALSE,FALSE,4,2,2,2_2,e5c89fcf-cc57-4fad-a138-ea47ee9ea225,NA
8,32264167,32264167,1,snv_mnv,NA,NA,"broad,dkfz,muse,sanger",4,COSN9260986,NA,NA,FALSE,0.26,NA,13,37,NA,NA,NA,Intron,FALSE,FALSE,FALSE,FALSE,4,2,2,2_2,e5c89fcf-cc57-4fad-a138-ea47ee9ea225,NA
8,32543612,32543612,1,snv_mnv,NA,NA,"broad,dkfz,muse,sanger",4,COSN9261024,NA,NA,FALSE,0.3594,NA,23,41,NA,NA,NA,Intron,FALSE,FALSE,FALSE,FALSE,4,2,2,2_2,e5c89fcf-cc57-4fad-a138-ea47ee9ea225,NA
8,32961471,32961471,1,snv_mnv,NA,NA,"broad,dkfz,muse,sanger",4,COSN9261070,NA,NA,FALSE,0.3182,NA,21,45,NA,NA,NA,IGR,FALSE,FALSE,FALSE,FALSE,4,2,2,2_2,e5c89fcf-cc57-4fad-a138-ea47ee9ea225,NA
8,33973296,33973296,1,snv_mnv,3.9936e-4,rs552586335,"broad,dkfz,muse,sanger",4,COSN9261254,rs552586335,MSTA,FALSE,0.3036,NA,17,39,NA,NA,NA,IGR,FALSE,FALSE,FALSE,FALSE,4,2,2,2_2,e5c89fcf-cc57-4fad-a138-ea47ee9ea225,NA
8,34433797,34433797,1,snv_mnv,NA,NA,"broad,dkfz,muse,sanger",4,COSN9261369,NA,ERVL-E-int,FALSE,0.2712,NA,16,43,NA,NA,NA,IGR,FALSE,FALSE,FALSE,FALSE,4,2,2,2_2,e5c89fcf-cc57-4fad-a138-ea47ee9ea225,NA
8,35761218,35761218,1,snv_mnv,NA,NA,"broad,dkfz,muse,sanger",4,COSN9261630,NA,NA,FALSE,0.2895,NA,22,54,NA,NA,NA,lincRNA,FALSE,FALSE,FALSE,FALSE,4,2,2,2_2,e5c89fcf-cc57-4fad-a138-ea47ee9ea225,NA
8,36717323,36717323,1,snv_mnv,NA,NA,"broad,dkfz,muse,sanger",4,COSN9261796,NA,MIR,FALSE,0.3729,NA,22,37,NA,NA,NA,Intron,FALSE,FALSE,FALSE,FALSE,4,2,2,2_2,e5c89fcf-cc57-4fad-a138-ea47ee9ea225,NA
8,36751857,36751857,1,snv_mnv,NA,NA,"broad,dkfz,muse,sanger",4,COSN9261805,NA,Cheshire,FALSE,0.2667,NA,20,55,NA,NA,NA,Intron,FALSE,FALSE,FALSE,FALSE,4,2,2,2_2,e5c89fcf-cc57-4fad-a138-ea47ee9ea225,NA
8,37796580,37796580,1,snv_mnv,NA,NA,"broad,dkfz,muse,sanger",4,COSN9261989,NA,NA,FALSE,0.3721,NA,16,27,NA,NA,NA,Intron,FALSE,FALSE,FALSE,FALSE,4,2,2,2_2,e5c89fcf-cc57-4fad-a138-ea47ee9ea225,GOT1L1
8,38140852,38140852,1,snv_mnv,NA,NA,"broad,dkfz,muse,sanger",4,COSN9262034,NA,NA,FALSE,0.2453,NA,13,40,NA,NA,NA,Intron,FALSE,FALSE,FALSE,FALSE,4,2,2,2_2,e5c89fcf-cc57-4fad-a138-ea47ee9ea225,NSD3
8,39269408,39269408,1,snv_mnv,NA,NA,"broad,dkfz,muse,sanger",4,COSN9262188,NA,L1M1,FALSE,0.2927,NA,12,29,NA,NA,NA,RNA,FALSE,FALSE,FALSE,FALSE,4,2,2,2_2,e5c89fcf-cc57-4fad-a138-ea47ee9ea225,NA
8,39272248,39272248,1,snv_mnv,NA,NA,"broad,dkfz,muse,sanger",4,COSN9262189,rs543238767,L1MB2,FALSE,0.2361,NA,17,55,NA,NA,NA,RNA,FALSE,FALSE,FALSE,FALSE,4,2,2,2_2,e5c89fcf-cc57-4fad-a138-ea47ee9ea225,NA
8,39968392,39968392,1,snv_mnv,NA,NA,"broad,dkfz,muse,sanger",4,COSN9262322,NA,NA,FALSE,0.2931,NA,17,41,NA,NA,NA,lincRNA,FALSE,FALSE,FALSE,FALSE,4,2,2,2_2,e5c89fcf-cc57-4fad-a138-ea47ee9ea225,"AC022733.1,AC087518.1"
8,40526520,40526520,1,snv_mnv,NA,NA,"broad,dkfz,muse,sanger",4,COSN9262433,NA,Tigger2,FALSE,0.2453,NA,13,40,NA,NA,NA,Intron,FALSE,FALSE,FALSE,FALSE,4,2,2,2_2,e5c89fcf-cc57-4fad-a138-ea47ee9ea225,NA
8,40752401,40752401,1,snv_mnv,NA,NA,"broad,dkfz,muse,sanger",4,COSN9262467,NA,NA,FALSE,0.2453,NA,13,40,NA,NA,NA,Intron,FALSE,FALSE,FALSE,FALSE,4,2,2,2_2,e5c89fcf-cc57-4fad-a138-ea47ee9ea225,NA
8,40926057,40926057,1,snv_mnv,NA,NA,"broad,dkfz,muse,sanger",4,COSN15584695,NA,NA,FALSE,0.2143,NA,9,33,NA,NA,NA,IGR,FALSE,FALSE,FALSE,FALSE,4,2,2,2_2,e5c89fcf-cc57-4fad-a138-ea47ee9ea225,NA
8,41085483,41085483,1,snv_mnv,NA,NA,"broad,dkfz,muse,sanger",4,COSN9262535,NA,L1PA6,FALSE,0.377,NA,23,38,NA,NA,NA,IGR,FALSE,FALSE,FALSE,FALSE,4,2,2,2_2,e5c89fcf-cc57-4fad-a138-ea47ee9ea225,NA
8,48163673,48163673,1,snv_mnv,NA,NA,"broad,dkfz,muse,sanger",4,COSN9263452,NA,L1MA9,FALSE,0.3,NA,9,21,NA,NA,NA,IGR,FALSE,FALSE,FALSE,FALSE,4,2,2,2_2,e5c89fcf-cc57-4fad-a138-ea47ee9ea225,NA
8,49075565,49075565,1,snv_mnv,NA,NA,"broad,dkfz,muse,sanger",4,COSN9263550,NA,L1PA11,FALSE,0.2778,NA,20,52,NA,NA,NA,IGR,FALSE,FALSE,FALSE,FALSE,4,2,2,2_2,e5c89fcf-cc57-4fad-a138-ea47ee9ea225,NA
8,49084495,49084495,1,snv_mnv,NA,NA,"broad,dkfz,muse,sanger",4,COSN15585437,NA,NA,FALSE,0.25,NA,7,21,NA,NA,NA,IGR,FALSE,FALSE,FALSE,FALSE,4,2,2,2_2,e5c89fcf-cc57-4fad-a138-ea47ee9ea225,NA
8,49617720,49617720,1,snv_mnv,NA,NA,"broad,dkfz,muse,sanger",4,COSN9263651,NA,NA,FALSE,0.3529,NA,18,33,NA,NA,NA,IGR,FALSE,FALSE,FALSE,FALSE,4,2,2,2_2,e5c89fcf-cc57-4fad-a138-ea47ee9ea225,NA
8,49768663,49768663,1,snv_mnv,NA,NA,"broad,dkfz,muse,sanger",4,COSN9263680,NA,NA,FALSE,0.283,NA,15,38,NA,NA,NA,IGR,FALSE,FALSE,FALSE,FALSE,4,2,2,2_2,e5c89fcf-cc57-4fad-a138-ea47ee9ea225,NA
8,49989058,49989058,1,snv_mnv,NA,NA,"broad,dkfz,muse,sanger",4,COSN9263732,NA,NA,FALSE,0.2759,NA,16,42,NA,NA,NA,IGR,FALSE,FALSE,FALSE,FALSE,4,2,2,2_2,e5c89fcf-cc57-4fad-a138-ea47ee9ea225,PPDPFL
8,50120686,50120686,1,snv_mnv,1.9968e-4,rs568876841,"broad,dkfz,muse,sanger",4,COSN15585198,rs568876841,NA,FALSE,0.3148,NA,17,37,NA,NA,NA,lincRNA,FALSE,FALSE,FALSE,FALSE,4,2,2,2_2,e5c89fcf-cc57-4fad-a138-ea47ee9ea225,NA
8,50470086,50470086,1,snv_mnv,NA,NA,"broad,dkfz,muse,sanger",4,COSN9263898,NA,LTR79,FALSE,0.3333,NA,15,30,NA,NA,NA,IGR,FALSE,FALSE,FALSE,FALSE,4,2,2,2_2,e5c89fcf-cc57-4fad-a138-ea47ee9ea225,AC090155.1
8,50852446,50852446,1,snv_mnv,NA,NA,"broad,dkfz,muse,sanger",4,COSN9264011,NA,NA,FALSE,0.2911,NA,23,56,NA,NA,NA,Intron,FALSE,FALSE,FALSE,FALSE,4,2,2,2_2,e5c89fcf-cc57-4fad-a138-ea47ee9ea225,NA
8,50981123,50981123,1,snv_mnv,NA,NA,"broad,dkfz,muse,sanger",4,COSN9264066,NA,L2a,FALSE,0.3,NA,12,28,NA,NA,NA,Intron,FALSE,FALSE,FALSE,FALSE,4,2,2,2_2,e5c89fcf-cc57-4fad-a138-ea47ee9ea225,NA
8,51270991,51270991,1,snv_mnv,NA,NA,"broad,dkfz,muse,sanger",4,COSN9264161,NA,NA,FALSE,0.2344,NA,15,49,NA,NA,NA,Intron,FALSE,FALSE,FALSE,FALSE,4,2,2,2_2,e5c89fcf-cc57-4fad-a138-ea47ee9ea225,NA
8,51750243,51750243,1,snv_mnv,NA,NA,"broad,dkfz,muse,sanger",4,COSN9264311,NA,MLT1H1,FALSE,0.3478,NA,8,15,NA,NA,NA,IGR,FALSE,FALSE,FALSE,FALSE,4,2,2,2_2,e5c89fcf-cc57-4fad-a138-ea47ee9ea225,NA
8,52046910,52046910,1,snv_mnv,NA,NA,"broad,dkfz,muse,sanger",4,COSN9264405,NA,NA,FALSE,0.2078,NA,16,61,NA,NA,NA,IGR,FALSE,FALSE,FALSE,FALSE,4,2,2,2_2,e5c89fcf-cc57-4fad-a138-ea47ee9ea225,NA
8,52888774,52888774,1,snv_mnv,NA,NA,"broad,dkfz,muse,sanger",4,COSN9264605,NA,AluSz,FALSE,0.2381,NA,10,32,NA,NA,NA,lincRNA,FALSE,FALSE,FALSE,FALSE,4,2,2,2_2,e5c89fcf-cc57-4fad-a138-ea47ee9ea225,NA
8,55271529,55271529,1,snv_mnv,NA,NA,"broad,dkfz,muse,sanger",4,COSN9265134,NA,L1PA16,FALSE,0.2097,NA,13,49,NA,NA,NA,IGR,FALSE,FALSE,FALSE,FALSE,4,2,2,2_2,e5c89fcf-cc57-4fad-a138-ea47ee9ea225,AC027250.1
8,55456600,55456600,1,snv_mnv,NA,NA,"broad,dkfz,muse,sanger",4,COSN9265176,rs142160754,L1ME1,FALSE,0.2258,NA,14,48,NA,NA,NA,IGR,FALSE,FALSE,FALSE,FALSE,4,2,2,2_2,e5c89fcf-cc57-4fad-a138-ea47ee9ea225,NA
8,55936483,55936483,1,snv_mnv,NA,NA,"broad,dkfz,muse,sanger",4,COSN9265284,NA,L1MD1,FALSE,0.26,NA,13,37,NA,NA,NA,IGR,FALSE,FALSE,FALSE,FALSE,4,2,2,2_2,e5c89fcf-cc57-4fad-a138-ea47ee9ea225,NA
8,57296543,57296543,1,snv_mnv,NA,NA,"broad,dkfz,muse,sanger",4,COSN9265579,NA,NA,FALSE,0.2,NA,7,28,NA,NA,NA,RNA,FALSE,FALSE,FALSE,FALSE,4,2,2,2_2,e5c89fcf-cc57-4fad-a138-ea47ee9ea225,NA
8,57491814,57491814,1,snv_mnv,NA,NA,"broad,dkfz,muse,sanger",4,COSN9265638,NA,MER72,FALSE,0.2889,NA,13,32,NA,NA,NA,IGR,FALSE,FALSE,FALSE,FALSE,4,2,2,2_2,e5c89fcf-cc57-4fad-a138-ea47ee9ea225,NA
8,57624184,57624184,1,snv_mnv,NA,NA,"broad,dkfz,muse,sanger",4,COSN9265672,NA,NA,FALSE,0.3,NA,24,56,NA,NA,NA,IGR,FALSE,FALSE,FALSE,FALSE,4,2,2,2_2,e5c89fcf-cc57-4fad-a138-ea47ee9ea225,NA
8,57661578,57661578,1,snv_mnv,NA,NA,"broad,dkfz,muse,sanger",4,COSN9265685,NA,NA,FALSE,0.2373,NA,14,45,NA,NA,NA,IGR,FALSE,FALSE,FALSE,FALSE,4,2,2,2_2,e5c89fcf-cc57-4fad-a138-ea47ee9ea225,NA
8,57917125,57917125,1,snv_mnv,NA,NA,"broad,dkfz,muse,sanger",4,COSN9265743,NA,L1PA16,FALSE,0.4255,NA,20,27,NA,NA,NA,IGR,FALSE,FALSE,FALSE,FALSE,4,2,2,2_2,e5c89fcf-cc57-4fad-a138-ea47ee9ea225,NA
8,58245619,58245619,1,snv_mnv,NA,NA,"broad,dkfz,muse,sanger",4,COSN15585266,NA,NA,FALSE,0.2353,NA,12,39,NA,NA,NA,IGR,FALSE,FALSE,FALSE,FALSE,4,2,2,2_2,e5c89fcf-cc57-4fad-a138-ea47ee9ea225,NA
8,59982255,59982255,1,snv_mnv,NA,NA,"broad,dkfz,muse,sanger",4,COSN9266136,NA,NA,FALSE,0.2391,NA,11,35,NA,NA,NA,Intron,FALSE,FALSE,FALSE,FALSE,4,2,2,2_2,e5c89fcf-cc57-4fad-a138-ea47ee9ea225,NA
8,60539492,60539492,1,snv_mnv,NA,NA,"broad,dkfz,muse,sanger",4,COSN9266245,NA,NA,FALSE,0.2419,NA,15,47,NA,NA,NA,IGR,FALSE,FALSE,FALSE,FALSE,4,2,2,2_2,e5c89fcf-cc57-4fad-a138-ea47ee9ea225,NA
8,60570904,60570904,1,snv_mnv,NA,NA,"broad,dkfz,muse,sanger",4,COSN9266254,NA,NA,FALSE,0.2532,NA,20,59,NA,NA,NA,IGR,FALSE,FALSE,FALSE,FALSE,4,2,2,2_2,e5c89fcf-cc57-4fad-a138-ea47ee9ea225,NA
8,61225402,61225402,1,snv_mnv,NA,NA,"broad,dkfz,muse,sanger",4,COSN9266417,NA,MER4B-int,FALSE,0.2941,NA,10,24,NA,NA,NA,IGR,FALSE,FALSE,FALSE,FALSE,4,2,2,2_2,e5c89fcf-cc57-4fad-a138-ea47ee9ea225,NA
8,61441211,61441211,1,snv_mnv,NA,NA,"broad,dkfz,muse,sanger",4,COSN9266450,NA,NA,FALSE,0.254,NA,16,47,NA,NA,NA,Intron,FALSE,FALSE,FALSE,FALSE,4,2,2,2_2,e5c89fcf-cc57-4fad-a138-ea47ee9ea225,NA
8,61505763,61505763,1,snv_mnv,NA,NA,"broad,dkfz,muse,sanger",4,COSN9266458,NA,Tigger3c,FALSE,0.3148,NA,17,37,NA,NA,NA,Intron,FALSE,FALSE,FALSE,FALSE,4,2,2,2_2,e5c89fcf-cc57-4fad-a138-ea47ee9ea225,RAB2A
8,62785920,62785920,1,snv_mnv,NA,NA,"broad,dkfz,muse,sanger",4,COSN9266654,NA,NA,FALSE,0.2812,NA,18,46,NA,NA,NA,IGR,FALSE,FALSE,FALSE,FALSE,4,2,2,2_2,e5c89fcf-cc57-4fad-a138-ea47ee9ea225,NA
8,62941000,62941000,1,snv_mnv,NA,NA,"broad,dkfz,muse,sanger",4,COSN9266688,rs553967523,NA,FALSE,0.3026,NA,23,53,NA,NA,NA,IGR,FALSE,FALSE,FALSE,FALSE,4,2,2,2_2,e5c89fcf-cc57-4fad-a138-ea47ee9ea225,NA
8,64763854,64763854,1,snv_mnv,NA,NA,"broad,dkfz,muse,sanger",4,COSN9267038,NA,NA,FALSE,0.359,NA,14,25,NA,NA,NA,RNA,FALSE,FALSE,FALSE,FALSE,4,2,2,2_2,e5c89fcf-cc57-4fad-a138-ea47ee9ea225,NA
8,64924341,64924341,1,snv_mnv,NA,NA,"broad,dkfz,muse",3,COSN9267084,NA,AluSx1,FALSE,0.32,NA,16,34,NA,NA,NA,RNA,FALSE,FALSE,FALSE,FALSE,4,2,2,2_2,e5c89fcf-cc57-4fad-a138-ea47ee9ea225,NA
8,64943301,64943301,1,snv_mnv,NA,NA,"broad,dkfz,muse,sanger",4,COSN9267090,NA,NA,FALSE,0.2879,NA,19,47,NA,NA,NA,RNA,FALSE,FALSE,FALSE,FALSE,4,2,2,2_2,e5c89fcf-cc57-4fad-a138-ea47ee9ea225,NA
8,65064382,65064382,1,snv_mnv,NA,NA,"broad,dkfz,muse,sanger",4,COSN9267134,NA,NA,FALSE,0.3333,NA,22,44,NA,NA,NA,RNA,FALSE,FALSE,FALSE,FALSE,4,2,2,2_2,e5c89fcf-cc57-4fad-a138-ea47ee9ea225,NA
8,65748414,65748414,1,snv_mnv,NA,NA,"broad,dkfz,muse,sanger",4,COSN9267311,NA,L1MD1,FALSE,0.2466,NA,18,55,NA,NA,NA,IGR,FALSE,FALSE,FALSE,FALSE,4,2,2,2_2,e5c89fcf-cc57-4fad-a138-ea47ee9ea225,NA
8,66048315,66048315,1,snv_mnv,NA,NA,"broad,dkfz,muse,sanger",4,COSN9267361,NA,L1PB1,FALSE,0.2464,NA,17,52,NA,NA,NA,IGR,FALSE,FALSE,FALSE,FALSE,4,2,2,2_2,e5c89fcf-cc57-4fad-a138-ea47ee9ea225,NA
8,66775132,66775132,1,snv_mnv,NA,NA,"broad,dkfz,muse,sanger",4,COSN9267465,NA,NA,FALSE,0.24,NA,12,38,NA,NA,NA,IGR,FALSE,FALSE,FALSE,FALSE,4,2,2,2_2,e5c89fcf-cc57-4fad-a138-ea47ee9ea225,NA
8,67546954,67546954,1,snv_mnv,NA,NA,"broad,dkfz,muse,sanger",4,COSM4138727,NA,NA,FALSE,0.3043,NA,14,32,NA,NA,NA,Missense_Mutation,FALSE,FALSE,FALSE,FALSE,4,2,2,2_2,e5c89fcf-cc57-4fad-a138-ea47ee9ea225,NA
8,68409856,68409856,1,snv_mnv,NA,NA,"broad,dkfz,muse,sanger",4,COSN9267677,NA,L1MB7,FALSE,0.2444,NA,11,34,NA,NA,NA,Intron,FALSE,FALSE,FALSE,FALSE,4,2,2,2_2,e5c89fcf-cc57-4fad-a138-ea47ee9ea225,NA
8,68523802,68523802,1,snv_mnv,NA,NA,"broad,dkfz,muse,sanger",4,COSN9267698,NA,LTR41,FALSE,0.3095,NA,13,29,NA,NA,NA,Intron,FALSE,FALSE,FALSE,FALSE,4,2,2,2_2,e5c89fcf-cc57-4fad-a138-ea47ee9ea225,NA
8,69326686,69326686,1,snv_mnv,NA,NA,"broad,dkfz,muse,sanger",4,COSN9267891,NA,NA,FALSE,0.2742,NA,17,45,NA,NA,NA,Intron,FALSE,FALSE,FALSE,FALSE,4,2,2,2_2,e5c89fcf-cc57-4fad-a138-ea47ee9ea225,NA
8,69394615,69394615,1,snv_mnv,NA,NA,"broad,dkfz,muse,sanger",4,COSN15585216,NA,NA,FALSE,0.2063,NA,13,50,NA,NA,NA,Intron,FALSE,FALSE,FALSE,FALSE,4,2,2,2_2,e5c89fcf-cc57-4fad-a138-ea47ee9ea225,NA
8,69818111,69818111,1,snv_mnv,NA,NA,"broad,dkfz,muse,sanger",4,COSN9268038,NA,LTR40a,FALSE,0.3519,NA,19,35,NA,NA,NA,IGR,FALSE,FALSE,FALSE,FALSE,4,2,2,2_2,e5c89fcf-cc57-4fad-a138-ea47ee9ea225,NA
8,70361186,70361186,1,snv_mnv,NA,NA,"broad,dkfz,muse,sanger",4,COSN9268175,NA,NA,FALSE,0.3115,NA,19,42,NA,NA,NA,lincRNA,FALSE,FALSE,FALSE,FALSE,4,2,2,2_2,e5c89fcf-cc57-4fad-a138-ea47ee9ea225,"LINC01603,AC022790.1"
8,71247261,71247261,1,snv_mnv,NA,NA,"broad,dkfz,muse,sanger",4,COSN9268336,NA,AluSx,FALSE,0.3256,NA,14,29,NA,NA,NA,Intron,FALSE,FALSE,FALSE,FALSE,4,2,2,2_2,e5c89fcf-cc57-4fad-a138-ea47ee9ea225,NA
8,71902800,71902800,1,snv_mnv,NA,NA,"broad,dkfz,muse,sanger",4,COSN9268418,NA,NA,FALSE,0.2344,NA,15,49,NA,NA,NA,IGR,FALSE,FALSE,FALSE,FALSE,4,2,2,2_2,e5c89fcf-cc57-4fad-a138-ea47ee9ea225,NA
8,72304752,72304752,1,snv_mnv,NA,NA,"broad,dkfz,muse,sanger",4,COSN9268473,NA,L1MEf,FALSE,0.3684,NA,21,36,NA,NA,NA,IGR,FALSE,FALSE,FALSE,FALSE,4,2,2,2_2,e5c89fcf-cc57-4fad-a138-ea47ee9ea225,NA
8,74122220,74122220,1,snv_mnv,NA,NA,"broad,dkfz,muse,sanger",4,COSN9268772,NA,MIRb,FALSE,0.28,NA,14,36,NA,NA,NA,IGR,FALSE,FALSE,FALSE,FALSE,4,2,2,2_2,e5c89fcf-cc57-4fad-a138-ea47ee9ea225,NA
8,76026695,76026695,1,snv_mnv,NA,NA,"broad,dkfz,muse,sanger",4,COSN9269046,NA,L1MB7,FALSE,0.2857,NA,22,55,NA,NA,NA,IGR,FALSE,FALSE,FALSE,FALSE,4,2,2,2_2,e5c89fcf-cc57-4fad-a138-ea47ee9ea225,NA
8,76200850,76200850,1,snv_mnv,NA,NA,"broad,dkfz,muse,sanger",4,COSN9269090,NA,NA,FALSE,0.283,NA,15,38,NA,NA,NA,IGR,FALSE,FALSE,FALSE,FALSE,4,2,2,2_2,e5c89fcf-cc57-4fad-a138-ea47ee9ea225,NA
8,78433551,78433551,1,snv_mnv,NA,NA,"broad,dkfz,muse,sanger",4,COSN9269545,NA,MSTA-int,FALSE,0.2838,NA,21,53,NA,NA,NA,lincRNA,FALSE,FALSE,FALSE,FALSE,4,2,2,2_2,e5c89fcf-cc57-4fad-a138-ea47ee9ea225,NA
8,78918950,78918950,1,snv_mnv,NA,NA,"broad,dkfz,muse,sanger",4,COSN9269718,NA,Eulor3,FALSE,0.36,NA,27,48,NA,NA,NA,IGR,FALSE,FALSE,FALSE,FALSE,4,2,2,2_2,e5c89fcf-cc57-4fad-a138-ea47ee9ea225,NA
8,78988585,78988585,1,snv_mnv,NA,NA,"broad,dkfz,muse,sanger",4,COSN9269747,NA,NA,FALSE,0.3281,NA,21,43,NA,NA,NA,IGR,FALSE,FALSE,FALSE,FALSE,4,2,2,2_2,e5c89fcf-cc57-4fad-a138-ea47ee9ea225,NA
8,79014739,79014739,1,snv_mnv,NA,NA,"broad,dkfz,muse,sanger",4,COSN9269754,NA,MLT1I,FALSE,0.3091,NA,17,38,NA,NA,NA,IGR,FALSE,FALSE,FALSE,FALSE,4,2,2,2_2,e5c89fcf-cc57-4fad-a138-ea47ee9ea225,NA
8,79473877,79473877,1,snv_mnv,NA,NA,"broad,dkfz,muse,sanger",4,COSN9269866,NA,MIRb,FALSE,0.2432,NA,18,56,NA,NA,NA,Intron,FALSE,FALSE,FALSE,FALSE,4,2,2,2_2,e5c89fcf-cc57-4fad-a138-ea47ee9ea225,PKIA-AS1
8,79546862,79546862,1,snv_mnv,NA,NA,"broad,dkfz,muse,sanger",4,COSN9269877,NA,MLT2B1,FALSE,0.2381,NA,15,48,NA,NA,NA,IGR,FALSE,FALSE,FALSE,FALSE,4,2,2,2_2,e5c89fcf-cc57-4fad-a138-ea47ee9ea225,NA
8,80304886,80304886,1,snv_mnv,NA,NA,"broad,dkfz,muse,sanger",4,COSN9269995,NA,NA,FALSE,0.3043,NA,14,32,NA,NA,NA,IGR,FALSE,FALSE,FALSE,FALSE,4,2,2,2_2,e5c89fcf-cc57-4fad-a138-ea47ee9ea225,NA
8,80835811,80835811,1,snv_mnv,NA,NA,"broad,dkfz,muse,sanger",4,COSN15585328,NA,NA,FALSE,0.2182,NA,12,43,NA,NA,NA,Intron,FALSE,FALSE,FALSE,FALSE,4,2,2,2_2,e5c89fcf-cc57-4fad-a138-ea47ee9ea225,NA
8,81355889,81355889,1,snv_mnv,NA,NA,"broad,dkfz,muse,sanger",4,COSN9270160,NA,Tigger16a,FALSE,0.3036,NA,17,39,NA,NA,NA,IGR,FALSE,FALSE,FALSE,FALSE,4,2,2,2_2,e5c89fcf-cc57-4fad-a138-ea47ee9ea225,NA
8,81726790,81726790,1,snv_mnv,NA,NA,"broad,dkfz,muse,sanger",4,COSN15585243,NA,NA,FALSE,0.25,NA,15,45,NA,NA,NA,Intron,FALSE,FALSE,FALSE,FALSE,4,2,2,2_2,e5c89fcf-cc57-4fad-a138-ea47ee9ea225,"HMGB1P41,ZNF704"
8,82862885,82862885,1,snv_mnv,NA,NA,"broad,dkfz,muse,sanger",4,COSN9270382,NA,MIRb,FALSE,0.2807,NA,16,41,NA,NA,NA,IGR,FALSE,FALSE,FALSE,FALSE,4,2,2,2_2,e5c89fcf-cc57-4fad-a138-ea47ee9ea225,NA
8,83100874,83100874,1,snv_mnv,NA,NA,"broad,dkfz,muse,sanger",4,COSN9270437,NA,NA,FALSE,0.2982,NA,17,40,NA,NA,NA,IGR,FALSE,FALSE,FALSE,FALSE,4,2,2,2_2,e5c89fcf-cc57-4fad-a138-ea47ee9ea225,NA
8,83518881,83518881,1,snv_mnv,NA,NA,"broad,dkfz,muse,sanger",4,COSN9270540,NA,NA,FALSE,0.2683,NA,22,60,NA,NA,NA,lincRNA,FALSE,FALSE,FALSE,FALSE,4,2,2,2_2,e5c89fcf-cc57-4fad-a138-ea47ee9ea225,NA
8,83754551,83754551,1,snv_mnv,NA,NA,"broad,dkfz,muse,sanger",4,COSN9270587,NA,NA,FALSE,0.3117,NA,24,53,NA,NA,NA,IGR,FALSE,FALSE,FALSE,FALSE,4,2,2,2_2,e5c89fcf-cc57-4fad-a138-ea47ee9ea225,NA
8,84086114,84086114,1,snv_mnv,NA,NA,"broad,dkfz,muse,sanger",4,COSN9270644,NA,NA,FALSE,0.3387,NA,21,41,NA,NA,NA,IGR,FALSE,FALSE,FALSE,FALSE,4,2,2,2_2,e5c89fcf-cc57-4fad-a138-ea47ee9ea225,NA
8,84617198,84617198,1,snv_mnv,NA,NA,"broad,dkfz,muse,sanger",4,COSN9270785,NA,NA,FALSE,0.3284,NA,22,45,NA,NA,NA,IGR,FALSE,FALSE,FALSE,FALSE,4,2,2,2_2,e5c89fcf-cc57-4fad-a138-ea47ee9ea225,NA
8,85229357,85229357,1,snv_mnv,NA,NA,"broad,dkfz,muse,sanger",4,COSN9270937,NA,NA,FALSE,0.2687,NA,18,49,NA,NA,NA,Intron,FALSE,FALSE,FALSE,FALSE,4,2,2,2_2,e5c89fcf-cc57-4fad-a138-ea47ee9ea225,NA
8,85232522,85232522,1,snv_mnv,NA,NA,"broad,dkfz,muse,sanger",4,COSN9270938,NA,NA,FALSE,0.2319,NA,16,53,NA,NA,NA,Intron,FALSE,FALSE,FALSE,FALSE,4,2,2,2_2,e5c89fcf-cc57-4fad-a138-ea47ee9ea225,NA
8,85232523,85232523,1,snv_mnv,NA,NA,"broad,dkfz,muse,sanger",4,COSN9270939,NA,NA,FALSE,0.2319,NA,16,53,NA,NA,NA,Intron,FALSE,FALSE,FALSE,FALSE,4,2,2,2_2,e5c89fcf-cc57-4fad-a138-ea47ee9ea225,NA
8,85611301,85611301,1,snv_mnv,NA,NA,"broad,dkfz,muse",3,COSN9271000,NA,(TAGA)n,FALSE,0.2647,NA,18,50,NA,NA,NA,Intron,FALSE,FALSE,FALSE,FALSE,4,2,2,2_2,e5c89fcf-cc57-4fad-a138-ea47ee9ea225,NA
8,85721169,85721169,1,snv_mnv,NA,NA,"broad,dkfz,muse,sanger",4,COSN9271034,NA,L1PB1,FALSE,0.2432,NA,18,56,NA,NA,NA,Intron,FALSE,FALSE,FALSE,FALSE,4,2,2,2_2,e5c89fcf-cc57-4fad-a138-ea47ee9ea225,NA
8,85993522,85993522,1,snv_mnv,NA,NA,"broad,dkfz,muse,sanger",4,COSN9271094,NA,L1MC1,FALSE,0.2857,NA,22,55,NA,NA,NA,IGR,FALSE,FALSE,FALSE,FALSE,4,2,2,2_2,e5c89fcf-cc57-4fad-a138-ea47ee9ea225,NA
8,86431056,86431056,1,snv_mnv,NA,NA,"broad,dkfz,muse,sanger",4,COSN9271145,NA,NA,FALSE,0.3239,NA,23,48,NA,NA,NA,IGR,FALSE,FALSE,FALSE,FALSE,4,2,2,2_2,e5c89fcf-cc57-4fad-a138-ea47ee9ea225,NA
8,87247318,87247318,1,snv_mnv,NA,NA,"broad,dkfz,muse,sanger",4,COSN9271227,NA,MIRb,FALSE,0.2295,NA,14,47,NA,NA,NA,Intron,FALSE,FALSE,FALSE,FALSE,4,2,2,2_2,e5c89fcf-cc57-4fad-a138-ea47ee9ea225,SLC7A13
8,87247319,87247319,1,snv_mnv,NA,NA,"broad,dkfz,muse,sanger",4,COSN9271228,NA,MIRb,FALSE,0.2167,NA,13,47,NA,NA,NA,Intron,FALSE,FALSE,FALSE,FALSE,4,2,2,2_2,e5c89fcf-cc57-4fad-a138-ea47ee9ea225,SLC7A13
8,87851386,87851386,1,snv_mnv,NA,NA,"broad,dkfz,muse,sanger",4,COSN9271320,NA,NA,FALSE,0.2676,NA,19,52,NA,NA,NA,IGR,FALSE,FALSE,FALSE,FALSE,4,2,2,2_2,e5c89fcf-cc57-4fad-a138-ea47ee9ea225,NA
8,88047184,88047184,1,snv_mnv,NA,NA,"broad,dkfz,muse,sanger",4,COSN9271365,NA,NA,FALSE,0.2778,NA,20,52,NA,NA,NA,Intron,FALSE,FALSE,FALSE,FALSE,4,2,2,2_2,e5c89fcf-cc57-4fad-a138-ea47ee9ea225,NA
8,88358088,88358088,1,snv_mnv,NA,NA,"broad,dkfz,muse,sanger",4,COSN9271455,NA,NA,FALSE,0.209,NA,14,53,NA,NA,NA,Intron,FALSE,FALSE,FALSE,FALSE,4,2,2,2_2,e5c89fcf-cc57-4fad-a138-ea47ee9ea225,NA
8,88629407,88629407,1,snv_mnv,NA,NA,"broad,dkfz,muse,sanger",4,COSN9271538,NA,L1M6,FALSE,0.2143,NA,12,44,NA,NA,NA,RNA,FALSE,FALSE,FALSE,FALSE,4,2,2,2_2,e5c89fcf-cc57-4fad-a138-ea47ee9ea225,CNBD1
8,89092366,89092366,1,snv_mnv,NA,NA,"broad,dkfz,muse,sanger",4,COSN9271660,NA,L2b,FALSE,0.2466,NA,18,55,NA,NA,NA,Intron,FALSE,FALSE,FALSE,FALSE,4,2,2,2_2,e5c89fcf-cc57-4fad-a138-ea47ee9ea225,NA
8,89669353,89669353,1,snv_mnv,NA,NA,"broad,dkfz,muse",3,COSN9271797,NA,NA,FALSE,0.2545,NA,14,41,NA,NA,NA,RNA,FALSE,FALSE,FALSE,FALSE,4,2,2,2_2,e5c89fcf-cc57-4fad-a138-ea47ee9ea225,NA
8,89994846,89994846,1,snv_mnv,NA,NA,"broad,dkfz,muse,sanger",4,COSN15585355,NA,NA,FALSE,0.2069,NA,12,46,NA,NA,NA,IGR,FALSE,FALSE,FALSE,FALSE,4,2,2,2_2,e5c89fcf-cc57-4fad-a138-ea47ee9ea225,NA
8,90243223,90243223,1,snv_mnv,NA,NA,"broad,dkfz,muse,sanger",4,COSN9271953,NA,NA,FALSE,0.3226,NA,20,42,NA,NA,NA,IGR,FALSE,FALSE,FALSE,FALSE,4,2,2,2_2,e5c89fcf-cc57-4fad-a138-ea47ee9ea225,NA
8,90699050,90699050,1,snv_mnv,NA,NA,"broad,dkfz,muse,sanger",4,COSN9272022,NA,L1PA10,FALSE,0.2182,NA,12,43,NA,NA,NA,IGR,FALSE,FALSE,FALSE,FALSE,4,2,2,2_2,e5c89fcf-cc57-4fad-a138-ea47ee9ea225,NA
8,90927470,90927470,1,snv_mnv,NA,NA,"broad,dkfz,muse,sanger",4,COSN9272041,NA,MLT1A,FALSE,0.3333,NA,15,30,NA,NA,NA,Intron,FALSE,FALSE,FALSE,FALSE,4,2,2,2_2,e5c89fcf-cc57-4fad-a138-ea47ee9ea225,NA
8,90958524,90958524,1,snv_mnv,NA,NA,"broad,dkfz,muse,sanger",4,COSM4138767,NA,NA,FALSE,0.2985,NA,20,47,NA,NA,NA,Splice_Site,FALSE,FALSE,FALSE,FALSE,4,2,2,2_2,e5c89fcf-cc57-4fad-a138-ea47ee9ea225,NA
8,91304156,91304156,1,snv_mnv,NA,NA,"broad,dkfz,muse,sanger",4,COSN9272096,NA,L2a,FALSE,0.1711,NA,13,63,NA,NA,NA,lincRNA,FALSE,FALSE,FALSE,FALSE,4,2,2,2_2,e5c89fcf-cc57-4fad-a138-ea47ee9ea225,NA
8,91704473,91704473,1,snv_mnv,NA,NA,"broad,dkfz,muse,sanger",4,COSN9272140,NA,NA,FALSE,0.26,NA,13,37,NA,NA,NA,Intron,FALSE,FALSE,FALSE,FALSE,4,2,2,2_2,e5c89fcf-cc57-4fad-a138-ea47ee9ea225,NA
8,93092668,93092668,1,snv_mnv,1.9968e-4,rs543536073,"broad,dkfz,muse,sanger",4,COSN9272392,rs543536073,NA,FALSE,0.3958,NA,19,29,NA,NA,NA,Intron,FALSE,FALSE,FALSE,FALSE,4,2,2,2_2,e5c89fcf-cc57-4fad-a138-ea47ee9ea225,NA
8,93175576,93175576,1,snv_mnv,NA,NA,"broad,dkfz,muse,sanger",4,COSN9272407,NA,NA,FALSE,0.25,NA,16,48,NA,NA,NA,IGR,FALSE,FALSE,FALSE,FALSE,4,2,2,2_2,e5c89fcf-cc57-4fad-a138-ea47ee9ea225,NA
8,93175577,93175577,1,snv_mnv,NA,NA,"broad,dkfz,muse,sanger",4,COSN9272408,NA,NA,FALSE,0.2581,NA,16,46,NA,NA,NA,IGR,FALSE,FALSE,FALSE,FALSE,4,2,2,2_2,e5c89fcf-cc57-4fad-a138-ea47ee9ea225,NA
8,93691853,93691853,1,snv_mnv,NA,NA,"broad,dkfz,muse,sanger",4,COSN9272539,NA,NA,FALSE,0.28,NA,14,36,NA,NA,NA,lincRNA,FALSE,FALSE,FALSE,FALSE,4,2,2,2_2,e5c89fcf-cc57-4fad-a138-ea47ee9ea225,AC104211.2
8,93703257,93703257,1,snv_mnv,NA,NA,"broad,dkfz,muse,sanger",4,COSN9272541,NA,MIR,FALSE,0.2429,NA,17,53,NA,NA,NA,IGR,FALSE,FALSE,FALSE,FALSE,4,2,2,2_2,e5c89fcf-cc57-4fad-a138-ea47ee9ea225,NA
8,93915934,93915934,1,snv_mnv,NA,NA,"broad,dkfz,muse,sanger",4,COSN9272580,NA,NA,FALSE,0.2131,NA,13,48,NA,NA,NA,Intron,FALSE,FALSE,FALSE,FALSE,4,2,2,2_2,e5c89fcf-cc57-4fad-a138-ea47ee9ea225,NA
8,94455972,94455972,1,snv_mnv,NA,NA,"broad,dkfz,muse",3,COSN9272676,NA,NA,FALSE,0.4706,NA,16,18,NA,NA,NA,RNA,FALSE,FALSE,FALSE,FALSE,4,2,2,2_2,e5c89fcf-cc57-4fad-a138-ea47ee9ea225,RNA5SP274
8,94551177,94551177,1,snv_mnv,NA,NA,"broad,dkfz,muse,sanger",4,COSN9272684,NA,NA,FALSE,0.2698,NA,17,46,NA,NA,NA,RNA,FALSE,FALSE,FALSE,FALSE,4,2,2,2_2,e5c89fcf-cc57-4fad-a138-ea47ee9ea225,NA
8,94609862,94609862,1,snv_mnv,NA,NA,"broad,dkfz,muse",3,COSN9272695,NA,MER5A,FALSE,0.2963,NA,16,38,NA,NA,NA,RNA,FALSE,FALSE,FALSE,FALSE,4,2,2,2_2,e5c89fcf-cc57-4fad-a138-ea47ee9ea225,NA
8,94884678,94884678,1,snv_mnv,NA,NA,"broad,dkfz,muse,sanger",4,COSN9272738,NA,NA,FALSE,0.3659,NA,15,26,NA,NA,NA,Intron,FALSE,FALSE,FALSE,FALSE,4,2,2,2_2,e5c89fcf-cc57-4fad-a138-ea47ee9ea225,NA
8,95054074,95054074,1,snv_mnv,NA,NA,"broad,dkfz,muse,sanger",4,COSN9272764,NA,NA,FALSE,0.3929,NA,11,17,NA,NA,NA,IGR,FALSE,FALSE,FALSE,FALSE,4,2,2,2_2,e5c89fcf-cc57-4fad-a138-ea47ee9ea225,NA
8,95054918,95054918,1,snv_mnv,NA,NA,"broad,dkfz,muse,sanger",4,COSN9272765,NA,MIR,FALSE,0.3611,NA,13,23,NA,NA,NA,IGR,FALSE,FALSE,FALSE,FALSE,4,2,2,2_2,e5c89fcf-cc57-4fad-a138-ea47ee9ea225,NA
8,96967596,96967596,1,snv_mnv,NA,NA,"broad,dkfz,muse,sanger",4,COSN9273029,NA,L1M7,FALSE,0.2319,NA,16,53,NA,NA,NA,IGR,FALSE,FALSE,FALSE,FALSE,4,2,2,2_2,e5c89fcf-cc57-4fad-a138-ea47ee9ea225,NA
8,97859557,97859557,1,snv_mnv,NA,NA,"broad,muse,sanger",3,COSN9273152,NA,L1MC4,FALSE,0.2982,NA,17,40,NA,NA,NA,Intron,FALSE,FALSE,FALSE,FALSE,4,2,2,2_2,e5c89fcf-cc57-4fad-a138-ea47ee9ea225,NA
8,98445741,98445741,1,snv_mnv,NA,NA,"broad,dkfz,muse,sanger",4,COSN9273240,NA,MSTB,FALSE,0.2889,NA,13,32,NA,NA,NA,IGR,FALSE,FALSE,FALSE,FALSE,4,2,2,2_2,e5c89fcf-cc57-4fad-a138-ea47ee9ea225,NA
8,98742542,98742542,1,snv_mnv,NA,NA,"broad,dkfz,muse,sanger",4,COSN9273293,NA,NA,FALSE,0.3061,NA,15,34,NA,NA,NA,IGR,FALSE,FALSE,FALSE,FALSE,4,2,2,2_2,e5c89fcf-cc57-4fad-a138-ea47ee9ea225,MTDH
8,99547233,99547233,1,snv_mnv,NA,NA,"broad,dkfz,muse,sanger",4,COSN9273386,NA,NA,FALSE,0.25,NA,17,51,NA,NA,NA,Intron,FALSE,FALSE,FALSE,FALSE,4,2,2,2_2,e5c89fcf-cc57-4fad-a138-ea47ee9ea225,NA
8,99881507,99881507,1,snv_mnv,NA,NA,"broad,dkfz,muse,sanger",4,COSN9273418,NA,AluSz6,FALSE,0.3611,NA,13,23,NA,NA,NA,Intron,FALSE,FALSE,FALSE,FALSE,4,2,2,2_2,e5c89fcf-cc57-4fad-a138-ea47ee9ea225,NA
8,100409266,100409266,1,snv_mnv,NA,NA,"broad,dkfz,muse,sanger",4,COSN9775603,NA,NA,FALSE,0.2982,NA,17,40,NA,NA,NA,Intron,FALSE,FALSE,FALSE,FALSE,4,2,2,2_2,e5c89fcf-cc57-4fad-a138-ea47ee9ea225,NA
8,101140643,101140643,1,snv_mnv,NA,NA,"broad,dkfz,muse,sanger",4,COSN9775707,NA,NA,FALSE,0.3469,NA,17,32,NA,NA,NA,IGR,FALSE,FALSE,FALSE,FALSE,4,2,2,2_2,e5c89fcf-cc57-4fad-a138-ea47ee9ea225,"RGS22,FBXO43"
8,101585812,101585812,1,snv_mnv,NA,NA,"broad,dkfz,muse,sanger",4,COSN9775761,NA,NA,FALSE,0.2909,NA,16,39,NA,NA,NA,3'UTR,FALSE,FALSE,FALSE,FALSE,4,2,2,2_2,e5c89fcf-cc57-4fad-a138-ea47ee9ea225,SNX31
8,102575359,102575359,1,snv_mnv,NA,NA,"broad,dkfz,muse,sanger",4,COSN9775896,NA,MIR,FALSE,0.3542,NA,17,31,NA,NA,NA,Intron,FALSE,FALSE,FALSE,FALSE,4,2,2,2_2,e5c89fcf-cc57-4fad-a138-ea47ee9ea225,AP001207.1
8,104141698,104141698,1,snv_mnv,NA,NA,"broad,dkfz,muse,sanger",4,COSN9776099,NA,HAL1,FALSE,0.2923,NA,19,46,NA,NA,NA,RNA,FALSE,FALSE,FALSE,FALSE,4,2,2,2_2,e5c89fcf-cc57-4fad-a138-ea47ee9ea225,BAALC-AS2
8,104299545,104299545,1,snv_mnv,NA,NA,"broad,dkfz,muse,sanger",4,COSN9776119,NA,L1MA9,FALSE,0.2063,NA,13,50,NA,NA,NA,RNA,FALSE,FALSE,FALSE,FALSE,4,2,2,2_2,e5c89fcf-cc57-4fad-a138-ea47ee9ea225,BAALC-AS1
8,105751923,105751923,1,snv_mnv,NA,NA,"broad,dkfz,muse,sanger",4,COSN15584790,NA,L2a,FALSE,0.3143,NA,11,24,NA,NA,NA,Intron,FALSE,FALSE,FALSE,FALSE,4,2,2,2_2,e5c89fcf-cc57-4fad-a138-ea47ee9ea225,NA
8,105839130,105839130,1,snv_mnv,NA,NA,"broad,dkfz,muse,sanger",4,COSN9250533,NA,HSMAR2,FALSE,0.3182,NA,21,45,NA,NA,NA,Intron,FALSE,FALSE,FALSE,FALSE,4,2,2,2_2,e5c89fcf-cc57-4fad-a138-ea47ee9ea225,NA
8,106740710,106740710,1,snv_mnv,NA,NA,"broad,dkfz,muse,sanger",4,COSN9250788,NA,MLT1I,FALSE,0.2787,NA,17,44,NA,NA,NA,Intron,FALSE,FALSE,FALSE,FALSE,4,2,2,2_2,e5c89fcf-cc57-4fad-a138-ea47ee9ea225,NA
8,106964003,106964003,1,snv_mnv,NA,NA,"broad,dkfz,muse,sanger",4,COSN9250833,NA,L1MC4a,FALSE,0.25,NA,18,54,NA,NA,NA,RNA,FALSE,FALSE,FALSE,FALSE,4,2,2,2_2,e5c89fcf-cc57-4fad-a138-ea47ee9ea225,NA
8,107676610,107676610,1,snv_mnv,NA,NA,"broad,dkfz,muse,sanger",4,COSN9250941,NA,MER5A,FALSE,0.2623,NA,16,45,NA,NA,NA,Intron,FALSE,FALSE,FALSE,FALSE,4,2,2,2_2,e5c89fcf-cc57-4fad-a138-ea47ee9ea225,NA
8,108141227,108141227,1,snv_mnv,NA,NA,"broad,dkfz,muse,sanger",4,COSN9251011,NA,NA,FALSE,0.2985,NA,20,47,NA,NA,NA,IGR,FALSE,FALSE,FALSE,FALSE,4,2,2,2_2,e5c89fcf-cc57-4fad-a138-ea47ee9ea225,NA
8,108211188,108211188,1,snv_mnv,NA,NA,"broad,dkfz,muse,sanger",4,COSN9251024,NA,L1MB4,FALSE,0.3333,NA,23,46,NA,NA,NA,IGR,FALSE,FALSE,FALSE,FALSE,4,2,2,2_2,e5c89fcf-cc57-4fad-a138-ea47ee9ea225,NA
8,109072482,109072482,1,snv_mnv,NA,NA,"broad,dkfz,muse,sanger",4,COSN9251224,NA,L1PA5,FALSE,0.254,NA,16,47,NA,NA,NA,Intron,FALSE,FALSE,FALSE,FALSE,4,2,2,2_2,e5c89fcf-cc57-4fad-a138-ea47ee9ea225,NA
8,109558978,109558978,1,snv_mnv,NA,NA,"broad,dkfz,muse,sanger",4,COSN9251296,NA,L1MD2,FALSE,0.2462,NA,16,49,NA,NA,NA,IGR,FALSE,FALSE,FALSE,FALSE,4,2,2,2_2,e5c89fcf-cc57-4fad-a138-ea47ee9ea225,NA
8,109791500,109791500,1,snv_mnv,NA,NA,"broad,dkfz,muse,sanger",4,COSN9251339,NA,NA,FALSE,0.2568,NA,19,55,NA,NA,NA,Intron,FALSE,FALSE,FALSE,FALSE,4,2,2,2_2,e5c89fcf-cc57-4fad-a138-ea47ee9ea225,TMEM74
8,110607803,110607803,1,snv_mnv,NA,NA,"broad,dkfz,muse,sanger",4,COSN9251470,NA,NA,FALSE,0.2128,NA,10,37,NA,NA,NA,Intron,FALSE,FALSE,FALSE,FALSE,4,2,2,2_2,e5c89fcf-cc57-4fad-a138-ea47ee9ea225,NA
8,110627629,110627629,1,snv_mnv,NA,NA,"broad,dkfz,muse,sanger",4,COSN9251474,NA,NA,FALSE,0.42,NA,21,29,NA,NA,NA,Intron,FALSE,FALSE,FALSE,FALSE,4,2,2,2_2,e5c89fcf-cc57-4fad-a138-ea47ee9ea225,SYBU
8,110860293,110860293,1,snv_mnv,NA,NA,"broad,dkfz,muse,sanger",4,COSN9251534,NA,L1MA4,FALSE,0.2564,NA,20,58,NA,NA,NA,IGR,FALSE,FALSE,FALSE,FALSE,4,2,2,2_2,e5c89fcf-cc57-4fad-a138-ea47ee9ea225,NA
8,111290394,111290394,1,snv_mnv,NA,NA,"broad,dkfz,muse,sanger",4,COSN9251611,NA,NA,FALSE,0.2034,NA,12,47,NA,NA,NA,IGR,FALSE,FALSE,FALSE,FALSE,4,2,2,2_2,e5c89fcf-cc57-4fad-a138-ea47ee9ea225,NA
8,111628784,111628784,1,snv_mnv,NA,NA,"broad,dkfz,muse,sanger",4,COSN9251687,NA,NA,FALSE,0.2791,NA,24,62,NA,NA,NA,lincRNA,FALSE,FALSE,FALSE,FALSE,4,2,2,2_2,e5c89fcf-cc57-4fad-a138-ea47ee9ea225,NA
8,111838029,111838029,1,snv_mnv,NA,NA,"broad,dkfz,muse,sanger",4,COSN9251741,NA,NA,FALSE,0.2128,NA,20,74,NA,NA,NA,IGR,FALSE,FALSE,FALSE,FALSE,4,2,2,2_2,e5c89fcf-cc57-4fad-a138-ea47ee9ea225,NA
8,112048450,112048450,1,snv_mnv,NA,NA,"broad,dkfz,muse,sanger",4,COSN9251808,NA,NA,FALSE,0.266,NA,25,69,NA,NA,NA,IGR,FALSE,FALSE,FALSE,FALSE,4,2,2,2_2,e5c89fcf-cc57-4fad-a138-ea47ee9ea225,NA
8,112298411,112298411,1,snv_mnv,NA,NA,"broad,dkfz,muse,sanger",4,COSN9251894,NA,THE1C-int,FALSE,0.2712,NA,16,43,NA,NA,NA,IGR,FALSE,FALSE,FALSE,FALSE,4,2,2,2_2,e5c89fcf-cc57-4fad-a138-ea47ee9ea225,NA
8,112442015,112442015,1,snv_mnv,NA,NA,"broad,dkfz,muse,sanger",4,COSN15585470,rs781336136,NA,FALSE,0.1806,NA,13,59,NA,NA,NA,lincRNA,FALSE,FALSE,FALSE,FALSE,4,2,2,2_2,e5c89fcf-cc57-4fad-a138-ea47ee9ea225,NA
8,112567673,112567673,1,snv_mnv,NA,NA,"broad,dkfz,muse",3,COSN15584980,NA,L1PA8,FALSE,0.2063,NA,13,50,NA,NA,NA,IGR,FALSE,FALSE,FALSE,FALSE,4,2,2,2_2,e5c89fcf-cc57-4fad-a138-ea47ee9ea225,NA
8,113134076,113134076,1,snv_mnv,NA,NA,"broad,dkfz,muse,sanger",4,COSN9252208,NA,NA,FALSE,0.2239,NA,15,52,NA,NA,NA,IGR,FALSE,FALSE,FALSE,FALSE,4,2,2,2_2,e5c89fcf-cc57-4fad-a138-ea47ee9ea225,NA
8,114486202,114486202,1,snv_mnv,NA,NA,"broad,dkfz,muse,sanger",4,COSN9252734,NA,HERV4_I-int,FALSE,0.2329,NA,17,56,NA,NA,NA,IGR,FALSE,FALSE,FALSE,FALSE,4,2,2,2_2,e5c89fcf-cc57-4fad-a138-ea47ee9ea225,NA
8,114948342,114948342,1,snv_mnv,NA,NA,"broad,dkfz,muse,sanger",4,COSN9252913,NA,L1PB,FALSE,0.3137,NA,16,35,NA,NA,NA,IGR,FALSE,FALSE,FALSE,FALSE,4,2,2,2_2,e5c89fcf-cc57-4fad-a138-ea47ee9ea225,NA
8,114948343,114948343,1,snv_mnv,NA,NA,"broad,dkfz,muse,sanger",4,COSN9252914,NA,L1PB,FALSE,0.3137,NA,16,35,NA,NA,NA,IGR,FALSE,FALSE,FALSE,FALSE,4,2,2,2_2,e5c89fcf-cc57-4fad-a138-ea47ee9ea225,NA
8,115373929,115373929,1,snv_mnv,NA,NA,"broad,dkfz,muse,sanger",4,COSN9253026,NA,L1PB2,FALSE,0.2692,NA,21,57,NA,NA,NA,IGR,FALSE,FALSE,FALSE,FALSE,4,2,2,2_2,e5c89fcf-cc57-4fad-a138-ea47ee9ea225,NA
8,115398100,115398100,1,snv_mnv,NA,NA,"broad,dkfz,muse,sanger",4,COSN9253041,NA,NA,FALSE,0.2254,NA,16,55,NA,NA,NA,IGR,FALSE,FALSE,FALSE,FALSE,4,2,2,2_2,e5c89fcf-cc57-4fad-a138-ea47ee9ea225,NA
8,116832570,116832570,1,snv_mnv,NA,NA,"broad,dkfz,muse,sanger",4,COSN9253365,NA,L1M5,FALSE,0.2321,NA,13,43,NA,NA,NA,IGR,FALSE,FALSE,FALSE,FALSE,4,2,2,2_2,e5c89fcf-cc57-4fad-a138-ea47ee9ea225,NA
8,117061571,117061571,1,snv_mnv,NA,NA,"broad,dkfz,muse,sanger",4,COSN9253403,NA,MLT1N2,FALSE,0.3134,NA,21,46,NA,NA,NA,lincRNA,FALSE,FALSE,FALSE,FALSE,4,2,2,2_2,e5c89fcf-cc57-4fad-a138-ea47ee9ea225,NA
8,117693240,117693240,1,snv_mnv,NA,NA,"broad,dkfz,muse,sanger",4,COSN9253532,NA,NA,FALSE,0.3784,NA,14,23,NA,NA,NA,Intron,FALSE,FALSE,FALSE,FALSE,4,2,2,2_2,e5c89fcf-cc57-4fad-a138-ea47ee9ea225,NA
8,118694709,118694709,1,snv_mnv,NA,NA,"broad,dkfz,muse,sanger",4,COSN15584689,NA,NA,FALSE,0.2319,NA,16,53,NA,NA,NA,IGR,FALSE,FALSE,FALSE,FALSE,4,2,2,2_2,e5c89fcf-cc57-4fad-a138-ea47ee9ea225,NA
8,120357090,120357090,1,snv_mnv,NA,NA,"broad,dkfz,muse,sanger",4,COSN9253917,NA,NA,FALSE,0.2321,NA,13,43,NA,NA,NA,IGR,FALSE,FALSE,FALSE,FALSE,4,2,2,2_2,e5c89fcf-cc57-4fad-a138-ea47ee9ea225,NA
8,120951796,120951796,1,snv_mnv,NA,NA,"broad,dkfz,muse,sanger",4,COSN9253995,NA,AluSz6,FALSE,0.3871,NA,12,19,NA,NA,NA,Intron,FALSE,FALSE,FALSE,FALSE,4,2,2,2_2,e5c89fcf-cc57-4fad-a138-ea47ee9ea225,NA
8,122216016,122216016,1,snv_mnv,NA,NA,"broad,dkfz,muse,sanger",4,COSN9254168,NA,L1MA4,FALSE,0.25,NA,16,48,NA,NA,NA,IGR,FALSE,FALSE,FALSE,FALSE,4,2,2,2_2,e5c89fcf-cc57-4fad-a138-ea47ee9ea225,NA
8,126282195,126282195,1,snv_mnv,NA,NA,"broad,dkfz,muse,sanger",4,COSN9254915,NA,NA,FALSE,0.2264,NA,12,41,NA,NA,NA,Intron,FALSE,FALSE,FALSE,FALSE,4,2,2,2_2,e5c89fcf-cc57-4fad-a138-ea47ee9ea225,RN7SL329P
8,126607596,126607596,1,snv_mnv,NA,NA,"broad,dkfz,muse,sanger",4,COSN9254962,NA,NA,FALSE,0.3182,NA,14,30,NA,NA,NA,IGR,FALSE,FALSE,FALSE,FALSE,4,2,2,2_2,e5c89fcf-cc57-4fad-a138-ea47ee9ea225,NA
8,126807198,126807198,1,snv_mnv,3.9936e-4,rs539434824,"broad,dkfz,muse,sanger",4,COSN9254990,rs539434824,NA,FALSE,0.2542,NA,15,44,NA,NA,NA,IGR,FALSE,FALSE,FALSE,FALSE,4,2,2,2_2,e5c89fcf-cc57-4fad-a138-ea47ee9ea225,NA
8,127420919,127420919,1,snv_mnv,NA,NA,"broad,dkfz,muse,sanger",4,COSN9255096,NA,LTR48,FALSE,0.2241,NA,13,45,NA,NA,NA,IGR,FALSE,FALSE,FALSE,FALSE,4,2,2,2_2,e5c89fcf-cc57-4fad-a138-ea47ee9ea225,NA
8,127963334,127963334,1,snv_mnv,NA,NA,"broad,dkfz,muse,sanger",4,COSN9255153,NA,NA,FALSE,0.2899,NA,20,49,NA,NA,NA,IGR,FALSE,FALSE,FALSE,FALSE,4,2,2,2_2,e5c89fcf-cc57-4fad-a138-ea47ee9ea225,NA
8,128247879,128247879,1,snv_mnv,NA,NA,"broad,dkfz,muse,sanger",4,COSN9255183,NA,LTR16A,FALSE,0.2941,NA,15,36,NA,NA,NA,IGR,FALSE,FALSE,FALSE,FALSE,4,2,2,2_2,e5c89fcf-cc57-4fad-a138-ea47ee9ea225,NA
8,128465954,128465954,1,snv_mnv,NA,NA,"broad,muse",2,COSN9255206,NA,NA,FALSE,0.1176,NA,4,30,NA,NA,NA,RNA,FALSE,FALSE,FALSE,FALSE,4,2,2,2_2,e5c89fcf-cc57-4fad-a138-ea47ee9ea225,NA
8,130215370,130215370,1,snv_mnv,1.9968e-4,rs551507964,"broad,dkfz,muse,sanger",4,COSN9255503,rs551507964,NA,FALSE,0.26,NA,13,37,NA,NA,NA,IGR,FALSE,FALSE,FALSE,FALSE,4,2,2,2_2,e5c89fcf-cc57-4fad-a138-ea47ee9ea225,NA
8,130571421,130571421,1,snv_mnv,NA,NA,"broad,dkfz,muse,sanger",4,COSN9255569,NA,NA,FALSE,0.283,NA,15,38,NA,NA,NA,lincRNA,FALSE,FALSE,FALSE,FALSE,4,2,2,2_2,e5c89fcf-cc57-4fad-a138-ea47ee9ea225,NA
8,130639346,130639346,1,snv_mnv,NA,NA,"broad,dkfz,muse,sanger",4,COSN9255584,NA,NA,FALSE,0.3947,NA,15,23,NA,NA,NA,lincRNA,FALSE,FALSE,FALSE,FALSE,4,2,2,2_2,e5c89fcf-cc57-4fad-a138-ea47ee9ea225,CCDC26
8,130823760,130823760,1,snv_mnv,NA,NA,"broad,dkfz,muse",3,COSN9255619,NA,L1PA16,FALSE,0.3462,NA,18,34,NA,NA,NA,IGR,FALSE,FALSE,FALSE,FALSE,4,2,2,2_2,e5c89fcf-cc57-4fad-a138-ea47ee9ea225,NA
8,131082848,131082848,1,snv_mnv,NA,NA,"broad,dkfz,muse,sanger",4,COSN9255660,NA,MER21-int,FALSE,0.2632,NA,10,28,NA,NA,NA,Intron,FALSE,FALSE,FALSE,FALSE,4,2,2,2_2,e5c89fcf-cc57-4fad-a138-ea47ee9ea225,RNU6-1255P
8,132165531,132165531,1,snv_mnv,NA,NA,"broad,dkfz,muse,sanger",4,COSN9255823,NA,NA,FALSE,0.2414,NA,14,44,NA,NA,NA,IGR,FALSE,FALSE,FALSE,FALSE,4,2,2,2_2,e5c89fcf-cc57-4fad-a138-ea47ee9ea225,NA
8,132701057,132701057,1,snv_mnv,NA,NA,"broad,dkfz,muse,sanger",4,COSN9255909,NA,NA,FALSE,0.2969,NA,19,45,NA,NA,NA,IGR,FALSE,FALSE,FALSE,FALSE,4,2,2,2_2,e5c89fcf-cc57-4fad-a138-ea47ee9ea225,NA
8,133957255,133957255,1,snv_mnv,NA,NA,"broad,dkfz,muse,sanger",4,COSN9256103,NA,L2b,FALSE,0.2895,NA,11,27,NA,NA,NA,Intron,FALSE,FALSE,FALSE,FALSE,4,2,2,2_2,e5c89fcf-cc57-4fad-a138-ea47ee9ea225,NA
8,135644266,135644266,1,snv_mnv,NA,NA,"broad,dkfz,muse,sanger",4,COSN9256340,rs763243778,Charlie19a,FALSE,0.2,NA,12,48,NA,NA,NA,Intron,FALSE,FALSE,FALSE,FALSE,4,2,2,2_2,e5c89fcf-cc57-4fad-a138-ea47ee9ea225,NA
8,136163580,136163580,1,snv_mnv,NA,NA,"broad,dkfz,muse,sanger",4,COSN9256433,NA,L2a,FALSE,0.2623,NA,16,45,NA,NA,NA,IGR,FALSE,FALSE,FALSE,FALSE,4,2,2,2_2,e5c89fcf-cc57-4fad-a138-ea47ee9ea225,NA
8,136263002,136263002,1,snv_mnv,NA,NA,"broad,dkfz,muse,sanger",4,COSN9256451,NA,L1PB1,FALSE,0.2459,NA,15,46,NA,NA,NA,lincRNA,FALSE,FALSE,FALSE,FALSE,4,2,2,2_2,e5c89fcf-cc57-4fad-a138-ea47ee9ea225,NA
8,136365846,136365846,1,snv_mnv,NA,NA,"broad,dkfz,muse,sanger",4,COSN9256469,rs537082766,NA,FALSE,0.3913,NA,18,28,NA,NA,NA,IGR,FALSE,FALSE,FALSE,FALSE,4,2,2,2_2,e5c89fcf-cc57-4fad-a138-ea47ee9ea225,NA
8,138162559,138162559,1,snv_mnv,NA,NA,"broad,dkfz,muse,sanger",4,COSN9256890,NA,MIRb,FALSE,0.2615,NA,17,48,NA,NA,NA,IGR,FALSE,FALSE,FALSE,FALSE,4,2,2,2_2,e5c89fcf-cc57-4fad-a138-ea47ee9ea225,NA
8,138350408,138350408,1,snv_mnv,NA,NA,"broad,dkfz,muse,sanger",4,COSN9256923,NA,NA,FALSE,0.2459,NA,15,46,NA,NA,NA,IGR,FALSE,FALSE,FALSE,TRUE,4,2,2,2_2,e5c89fcf-cc57-4fad-a138-ea47ee9ea225,NA
8,138935639,138935639,1,snv_mnv,NA,NA,"broad,dkfz,muse,sanger",4,COSN9257097,NA,THE1B,FALSE,0.2439,NA,10,31,NA,NA,NA,lincRNA,FALSE,FALSE,FALSE,FALSE,4,2,2,2_2,e5c89fcf-cc57-4fad-a138-ea47ee9ea225,NA
8,140434070,140434070,1,snv_mnv,NA,NA,"broad,dkfz,muse,sanger",4,COSN9257362,NA,ERVL-E-int,FALSE,0.2903,NA,9,22,NA,NA,NA,IGR,FALSE,FALSE,FALSE,FALSE,4,2,2,2_2,e5c89fcf-cc57-4fad-a138-ea47ee9ea225,NA
8,141379513,141379513,1,snv_mnv,NA,NA,"broad,dkfz,muse,sanger",4,COSN9257497,NA,L2a,FALSE,0.2174,NA,10,36,NA,NA,NA,Intron,FALSE,FALSE,FALSE,FALSE,4,2,2,2_2,e5c89fcf-cc57-4fad-a138-ea47ee9ea225,NA
8,143007100,143007100,1,snv_mnv,NA,NA,"broad,dkfz,muse,sanger",4,COSN9257775,NA,NA,FALSE,0.5,NA,14,14,NA,NA,NA,IGR,FALSE,FALSE,FALSE,FALSE,4,2,2,2_2,e5c89fcf-cc57-4fad-a138-ea47ee9ea225,NA
8,143298913,143298913,1,snv_mnv,NA,NA,"broad,dkfz,muse,sanger",4,COSN9257843,NA,NA,FALSE,0.3333,NA,10,20,NA,NA,NA,Intron,FALSE,FALSE,FALSE,FALSE,4,2,2,2_2,e5c89fcf-cc57-4fad-a138-ea47ee9ea225,NA
8,144054093,144054093,1,snv_mnv,NA,NA,"broad,dkfz,muse,sanger",4,COSN15584786,NA,L1MA9,FALSE,0.3077,NA,12,27,NA,NA,NA,IGR,FALSE,FALSE,FALSE,FALSE,4,2,2,2_2,e5c89fcf-cc57-4fad-a138-ea47ee9ea225,NA
9,895566,895566,1,snv_mnv,NA,NA,"broad,dkfz,muse,sanger",4,COSN9287035,NA,L1MA9,FALSE,0.2632,NA,15,42,NA,NA,NA,Intron,FALSE,FALSE,FALSE,FALSE,3,2,1,2_1,e5c89fcf-cc57-4fad-a138-ea47ee9ea225,DMRT1
9,921424,921424,1,snv_mnv,NA,NA,"broad,dkfz,muse,sanger",4,COSN9287365,NA,L1MB5,FALSE,0.2143,NA,12,44,NA,NA,NA,Intron,FALSE,FALSE,FALSE,FALSE,3,2,1,2_1,e5c89fcf-cc57-4fad-a138-ea47ee9ea225,NA
9,978558,978558,1,snv_mnv,NA,NA,"broad,dkfz,muse,sanger",4,COSN9288153,NA,NA,FALSE,0.3721,NA,16,27,NA,NA,NA,Intron,FALSE,FALSE,FALSE,FALSE,3,2,1,2_1,e5c89fcf-cc57-4fad-a138-ea47ee9ea225,NA
9,1093730,1093730,1,snv_mnv,NA,NA,"broad,dkfz,muse,sanger",4,COSN9274935,NA,Tigger2b_Pri,FALSE,0.2619,NA,11,31,NA,NA,NA,IGR,FALSE,FALSE,FALSE,FALSE,3,2,1,2_1,e5c89fcf-cc57-4fad-a138-ea47ee9ea225,NA
9,1525745,1525745,1,snv_mnv,NA,NA,"broad,dkfz,muse,sanger",4,COSN9279458,NA,MER4D1,FALSE,0.2727,NA,18,48,NA,NA,NA,IGR,FALSE,FALSE,FALSE,FALSE,3,2,1,2_1,e5c89fcf-cc57-4fad-a138-ea47ee9ea225,NA
9,5648660,5648660,1,snv_mnv,NA,NA,"broad,dkfz,muse,sanger",4,COSN9283773,NA,L1M2,FALSE,0.2778,NA,10,26,NA,NA,NA,Intron,FALSE,FALSE,FALSE,FALSE,3,2,1,2_1,e5c89fcf-cc57-4fad-a138-ea47ee9ea225,NA
9,9555269,9555269,1,snv_mnv,NA,NA,"broad,dkfz,muse,sanger",4,COSN9287806,NA,NA,FALSE,0.2857,NA,18,45,NA,NA,NA,Intron,FALSE,FALSE,FALSE,FALSE,3,2,1,2_1,e5c89fcf-cc57-4fad-a138-ea47ee9ea225,NA
9,10239847,10239847,1,snv_mnv,NA,NA,"broad,dkfz,muse,sanger",4,COSN9273776,NA,MER39,FALSE,0.2453,NA,13,40,NA,NA,NA,Intron,FALSE,FALSE,FALSE,FALSE,3,2,1,2_1,e5c89fcf-cc57-4fad-a138-ea47ee9ea225,NA
9,10296451,10296451,1,snv_mnv,NA,NA,"broad,dkfz,muse,sanger",4,COSN9273863,NA,LOR1b,FALSE,0.2034,NA,12,47,NA,NA,NA,Intron,FALSE,FALSE,FALSE,FALSE,3,2,1,2_1,e5c89fcf-cc57-4fad-a138-ea47ee9ea225,NA
9,10421106,10421106,1,snv_mnv,NA,NA,"broad,dkfz,muse,sanger",4,COSN9274043,NA,MER30,FALSE,0.2245,NA,11,38,NA,NA,NA,Intron,FALSE,FALSE,FALSE,FALSE,3,2,1,2_1,e5c89fcf-cc57-4fad-a138-ea47ee9ea225,NA
9,10501540,10501540,1,snv_mnv,NA,NA,"broad,dkfz,muse,sanger",4,COSN9274156,NA,NA,FALSE,0.3291,NA,26,53,NA,NA,NA,Intron,FALSE,FALSE,FALSE,FALSE,3,2,1,2_1,e5c89fcf-cc57-4fad-a138-ea47ee9ea225,NA
9,10602332,10602332,1,snv_mnv,NA,NA,"broad,dkfz,muse,sanger",4,COSN9274350,NA,NA,FALSE,0.3378,NA,25,49,NA,NA,NA,Intron,FALSE,FALSE,FALSE,FALSE,3,2,1,2_1,e5c89fcf-cc57-4fad-a138-ea47ee9ea225,NA
9,10770501,10770501,1,snv_mnv,NA,NA,"dkfz,muse,sanger",3,COSN9274706,NA,L1PA5,FALSE,0.25,NA,15,45,NA,NA,NA,IGR,FALSE,FALSE,FALSE,FALSE,3,2,1,2_1,e5c89fcf-cc57-4fad-a138-ea47ee9ea225,NA
9,11033941,11033941,1,snv_mnv,NA,NA,"broad,dkfz,muse,sanger",4,COSN9275081,NA,NA,FALSE,0.2037,NA,11,43,NA,NA,NA,IGR,FALSE,FALSE,FALSE,FALSE,3,2,1,2_1,e5c89fcf-cc57-4fad-a138-ea47ee9ea225,NA
9,11347007,11347007,1,snv_mnv,NA,NA,"broad,dkfz,muse,sanger",4,COSN9275506,NA,L1ME2,FALSE,0.2597,NA,20,57,NA,NA,NA,IGR,FALSE,FALSE,FALSE,FALSE,3,2,1,2_1,e5c89fcf-cc57-4fad-a138-ea47ee9ea225,NA
9,11788759,11788759,1,snv_mnv,NA,NA,"broad,dkfz,muse,sanger",4,COSN15585179,NA,NA,FALSE,0.2128,NA,10,37,NA,NA,NA,IGR,FALSE,FALSE,FALSE,FALSE,3,2,1,2_1,e5c89fcf-cc57-4fad-a138-ea47ee9ea225,NA
9,12180578,12180578,1,snv_mnv,NA,NA,"broad,dkfz,muse,sanger",4,COSN9276782,NA,NA,FALSE,0.1385,NA,9,56,NA,NA,NA,IGR,FALSE,FALSE,FALSE,FALSE,3,2,1,2_1,e5c89fcf-cc57-4fad-a138-ea47ee9ea225,NA
9,12394056,12394056,1,snv_mnv,NA,NA,"broad,dkfz,muse,sanger",4,COSN9277078,NA,MER66C,FALSE,0.2167,NA,13,47,NA,NA,NA,IGR,FALSE,FALSE,FALSE,FALSE,3,2,1,2_1,e5c89fcf-cc57-4fad-a138-ea47ee9ea225,NA
9,16201744,16201744,1,snv_mnv,NA,NA,"broad,dkfz,muse,sanger",4,COSN9279549,NA,NA,FALSE,0.2609,NA,12,34,NA,NA,NA,IGR,FALSE,FALSE,FALSE,FALSE,3,2,1,2_1,e5c89fcf-cc57-4fad-a138-ea47ee9ea225,C9orf92
9,16676585,16676585,1,snv_mnv,NA,NA,"broad,dkfz,muse,sanger",4,COSN15584895,NA,Tigger16a,FALSE,0.2281,NA,13,44,NA,NA,NA,Intron,FALSE,FALSE,FALSE,FALSE,3,2,1,2_1,e5c89fcf-cc57-4fad-a138-ea47ee9ea225,NA
9,17183273,17183273,1,snv_mnv,NA,NA,"broad,dkfz,muse,sanger",4,COSN9279683,NA,NA,FALSE,0.2105,NA,12,45,NA,NA,NA,Intron,FALSE,FALSE,FALSE,FALSE,3,2,1,2_1,e5c89fcf-cc57-4fad-a138-ea47ee9ea225,NA
9,18479929,18479929,1,snv_mnv,NA,NA,"broad,dkfz,muse,sanger",4,COSN15584757,NA,NA,FALSE,0.2549,NA,13,38,NA,NA,NA,Intron,FALSE,FALSE,FALSE,FALSE,3,2,1,2_1,e5c89fcf-cc57-4fad-a138-ea47ee9ea225,NA
9,20436254,20436254,1,snv_mnv,NA,NA,"broad,dkfz,muse,sanger",4,COSN9280122,NA,NA,FALSE,0.386,NA,22,35,NA,NA,NA,Intron,FALSE,FALSE,FALSE,FALSE,3,2,1,2_1,e5c89fcf-cc57-4fad-a138-ea47ee9ea225,NA
9,20845681,20845681,1,snv_mnv,NA,NA,"broad,dkfz,muse,sanger",4,COSN9280173,NA,L1ME4a,FALSE,0.375,NA,15,25,NA,NA,NA,Intron,FALSE,FALSE,FALSE,FALSE,3,2,1,2_1,e5c89fcf-cc57-4fad-a138-ea47ee9ea225,NA
9,20904650,20904650,1,snv_mnv,NA,NA,"broad,dkfz,muse,sanger",4,COSN9280179,NA,NA,FALSE,0.3509,NA,20,37,NA,NA,NA,Intron,FALSE,FALSE,FALSE,FALSE,3,2,1,2_1,e5c89fcf-cc57-4fad-a138-ea47ee9ea225,NA
9,21851549,21851549,1,snv_mnv,NA,NA,"broad,dkfz,muse,sanger",4,COSN9280300,NA,HERVL-int,FALSE,0.2456,NA,14,43,NA,NA,NA,Intron,FALSE,FALSE,FALSE,FALSE,3,2,1,2_1,e5c89fcf-cc57-4fad-a138-ea47ee9ea225,MTAP
9,22285622,22285622,1,snv_mnv,NA,NA,"broad,dkfz,muse,sanger",4,COSN9280364,NA,NA,FALSE,0.3,NA,15,35,NA,NA,NA,IGR,FALSE,FALSE,FALSE,FALSE,3,2,1,2_1,e5c89fcf-cc57-4fad-a138-ea47ee9ea225,NA
9,23153553,23153553,1,snv_mnv,NA,NA,"broad,dkfz,muse,sanger",4,COSN15585462,NA,L1MA1,FALSE,0.2581,NA,8,23,NA,NA,NA,IGR,FALSE,FALSE,FALSE,FALSE,3,2,1,2_1,e5c89fcf-cc57-4fad-a138-ea47ee9ea225,NA
9,23231833,23231833,1,snv_mnv,NA,NA,"broad,dkfz,muse,sanger",4,COSN9280493,NA,NA,FALSE,0.2295,NA,14,47,NA,NA,NA,IGR,FALSE,FALSE,FALSE,FALSE,3,2,1,2_1,e5c89fcf-cc57-4fad-a138-ea47ee9ea225,NA
9,24507784,24507784,1,snv_mnv,NA,NA,"broad,dkfz,muse,sanger",4,COSN15584722,NA,NA,FALSE,0.1818,NA,14,63,NA,NA,NA,IGR,FALSE,FALSE,FALSE,FALSE,3,2,1,2_1,e5c89fcf-cc57-4fad-a138-ea47ee9ea225,NA
9,24711991,24711991,1,snv_mnv,NA,NA,"broad,dkfz,muse,sanger",4,COSN9280846,NA,NA,FALSE,0.3091,NA,17,38,NA,NA,NA,IGR,FALSE,FALSE,FALSE,FALSE,3,2,1,2_1,e5c89fcf-cc57-4fad-a138-ea47ee9ea225,NA
9,25664018,25664018,1,snv_mnv,NA,NA,"broad,dkfz,muse,sanger",4,COSN9281054,NA,NA,FALSE,0.2955,NA,13,31,NA,NA,NA,IGR,FALSE,FALSE,FALSE,FALSE,3,2,1,2_1,e5c89fcf-cc57-4fad-a138-ea47ee9ea225,NA
9,26514790,26514790,1,snv_mnv,NA,NA,"broad,dkfz,muse,sanger",4,COSN9281193,NA,L2,FALSE,0.2812,NA,18,46,NA,NA,NA,IGR,FALSE,FALSE,FALSE,FALSE,3,2,1,2_1,e5c89fcf-cc57-4fad-a138-ea47ee9ea225,NA
9,27938250,27938250,1,snv_mnv,NA,NA,"broad,muse,sanger",3,COSN9281388,NA,NA,FALSE,0.3571,NA,15,27,NA,NA,NA,RNA,FALSE,FALSE,FALSE,FALSE,3,2,1,2_1,e5c89fcf-cc57-4fad-a138-ea47ee9ea225,NA
9,28914288,28914288,1,snv_mnv,NA,NA,"broad,dkfz,muse,sanger",4,COSN9281616,NA,NA,FALSE,0.1923,NA,10,42,NA,NA,NA,IGR,FALSE,FALSE,FALSE,FALSE,3,2,1,2_1,e5c89fcf-cc57-4fad-a138-ea47ee9ea225,NA
9,29144965,29144965,1,snv_mnv,NA,NA,"broad,dkfz,muse,sanger",4,COSN9281687,NA,NA,FALSE,0.2206,NA,15,53,NA,NA,NA,IGR,FALSE,FALSE,FALSE,FALSE,3,2,1,2_1,e5c89fcf-cc57-4fad-a138-ea47ee9ea225,NA
9,29363392,29363392,1,snv_mnv,NA,NA,"broad,dkfz,muse,sanger",4,COSN15585383,NA,NA,FALSE,0.22,NA,11,39,NA,NA,NA,IGR,FALSE,FALSE,FALSE,FALSE,3,2,1,2_1,e5c89fcf-cc57-4fad-a138-ea47ee9ea225,NA
9,29649306,29649306,1,snv_mnv,NA,NA,"broad,dkfz,muse,sanger",4,COSN9281841,NA,L1M3c,FALSE,0.2407,NA,13,41,NA,NA,NA,IGR,FALSE,FALSE,FALSE,FALSE,3,2,1,2_1,e5c89fcf-cc57-4fad-a138-ea47ee9ea225,NA
9,29977034,29977034,1,snv_mnv,NA,NA,"broad,dkfz,muse,sanger",4,COSN19290984,NA,LTR79,FALSE,0.2045,NA,9,35,NA,NA,NA,IGR,FALSE,FALSE,FALSE,FALSE,3,2,1,2_1,e5c89fcf-cc57-4fad-a138-ea47ee9ea225,NA
9,30669565,30669565,1,snv_mnv,NA,NA,"broad,dkfz,muse,sanger",4,COSN9282141,NA,L2,FALSE,0.2615,NA,17,48,NA,NA,NA,IGR,FALSE,FALSE,FALSE,FALSE,3,2,1,2_1,e5c89fcf-cc57-4fad-a138-ea47ee9ea225,C2orf27AP2
9,32107508,32107508,1,snv_mnv,NA,NA,"broad,dkfz,muse,sanger",4,COSN9282523,NA,NA,FALSE,0.2069,NA,6,23,NA,NA,NA,IGR,FALSE,FALSE,FALSE,FALSE,3,2,1,2_1,e5c89fcf-cc57-4fad-a138-ea47ee9ea225,NA
9,32482961,32482961,1,snv_mnv,NA,NA,"broad,dkfz,muse,sanger",4,COSN9282590,NA,NA,FALSE,0.325,NA,13,27,NA,NA,NA,Intron,FALSE,FALSE,FALSE,FALSE,3,2,1,2_1,e5c89fcf-cc57-4fad-a138-ea47ee9ea225,NA
9,32593504,32593504,1,snv_mnv,NA,NA,"broad,dkfz,muse,sanger",4,COSN9282610,NA,FLAM_A,FALSE,0.3824,NA,13,21,NA,NA,NA,IGR,FALSE,FALSE,FALSE,FALSE,3,2,1,2_1,e5c89fcf-cc57-4fad-a138-ea47ee9ea225,NA
9,32646237,32646237,1,snv_mnv,NA,NA,"broad,dkfz,muse,sanger",4,COSN9282622,NA,MER33,FALSE,0.28,NA,14,36,NA,NA,NA,lincRNA,FALSE,FALSE,FALSE,FALSE,3,2,1,2_1,e5c89fcf-cc57-4fad-a138-ea47ee9ea225,AL589642.2
9,33155304,33155304,1,snv_mnv,NA,NA,"broad,dkfz,muse,sanger",4,COSN9282712,NA,NA,FALSE,0.2245,NA,11,38,NA,NA,NA,Intron,FALSE,FALSE,FALSE,FALSE,3,2,1,2_1,e5c89fcf-cc57-4fad-a138-ea47ee9ea225,NA
9,33914326,33914326,1,snv_mnv,NA,NA,"broad,dkfz,muse,sanger",4,COSN9282822,NA,NA,FALSE,0.193,NA,11,46,NA,NA,NA,Intron,FALSE,FALSE,FALSE,FALSE,3,2,1,2_1,e5c89fcf-cc57-4fad-a138-ea47ee9ea225,NA
9,68202009,68202009,1,snv_mnv,NA,NA,"broad,muse,sanger",3,COSN9284074,NA,L1PA16,FALSE,0.1833,NA,11,49,NA,NA,NA,IGR,FALSE,FALSE,FALSE,FALSE,3,2,1,2_1,e5c89fcf-cc57-4fad-a138-ea47ee9ea225,NA
9,72359672,72359672,1,snv_mnv,NA,NA,"broad,dkfz,muse,sanger",4,COSN9284555,NA,NA,FALSE,0.2791,NA,12,31,NA,NA,NA,Intron,FALSE,FALSE,FALSE,FALSE,3,2,1,2_1,e5c89fcf-cc57-4fad-a138-ea47ee9ea225,NA
9,74151972,74151972,1,snv_mnv,NA,NA,"broad,dkfz,muse,sanger",4,COSN9284776,NA,NA,FALSE,0.2941,NA,10,24,NA,NA,NA,IGR,FALSE,FALSE,FALSE,FALSE,3,2,1,2_1,e5c89fcf-cc57-4fad-a138-ea47ee9ea225,NA
9,74548711,74548711,1,snv_mnv,NA,NA,"broad,dkfz,muse,sanger",4,COSN9284817,NA,LTR39,FALSE,0.3171,NA,13,28,NA,NA,NA,Intron,FALSE,FALSE,FALSE,FALSE,3,2,1,2_1,e5c89fcf-cc57-4fad-a138-ea47ee9ea225,NA
9,76025505,76025505,1,snv_mnv,NA,NA,"broad,dkfz,muse,sanger",4,COSN9285004,NA,L1M5,FALSE,0.25,NA,18,54,NA,NA,NA,IGR,FALSE,FALSE,FALSE,FALSE,3,2,1,2_1,e5c89fcf-cc57-4fad-a138-ea47ee9ea225,NA
9,77497197,77497197,1,snv_mnv,NA,NA,"broad,dkfz,muse,sanger",4,COSN9285283,NA,L1M2,FALSE,0.2923,NA,19,46,NA,NA,NA,Intron,FALSE,FALSE,FALSE,FALSE,3,2,1,2_1,e5c89fcf-cc57-4fad-a138-ea47ee9ea225,NA
9,78417496,78417496,1,snv_mnv,NA,NA,"broad,dkfz,muse,sanger",4,COSN9285428,NA,NA,FALSE,0.4318,NA,19,25,NA,NA,NA,IGR,FALSE,FALSE,FALSE,FALSE,3,2,1,2_1,e5c89fcf-cc57-4fad-a138-ea47ee9ea225,NA
9,78714424,78714424,1,snv_mnv,NA,NA,"broad,dkfz,muse,sanger",4,COSN9285463,rs559458108,NA,FALSE,0.4138,NA,12,17,NA,NA,NA,Intron,FALSE,FALSE,FALSE,FALSE,3,2,1,2_1,e5c89fcf-cc57-4fad-a138-ea47ee9ea225,NA
9,80649011,80649011,1,snv_mnv,NA,NA,"broad,dkfz,muse,sanger",4,COSN9285707,NA,NA,FALSE,0.2157,NA,11,40,NA,NA,NA,5'Flank,FALSE,FALSE,FALSE,FALSE,3,2,1,2_1,e5c89fcf-cc57-4fad-a138-ea47ee9ea225,GNAQ
9,80963353,80963353,1,snv_mnv,NA,NA,"broad,dkfz,muse,sanger",4,COSN9285749,NA,NA,FALSE,0.2708,NA,13,35,NA,NA,NA,IGR,FALSE,FALSE,FALSE,FALSE,3,2,1,2_1,e5c89fcf-cc57-4fad-a138-ea47ee9ea225,NA
9,82456522,82456522,1,snv_mnv,NA,NA,"broad,dkfz,muse,sanger",4,COSN9285993,NA,L1PA15,FALSE,0.22,NA,11,39,NA,NA,NA,IGR,FALSE,FALSE,FALSE,FALSE,3,2,1,2_1,e5c89fcf-cc57-4fad-a138-ea47ee9ea225,NA
9,82582295,82582295,1,snv_mnv,NA,NA,"broad,dkfz,muse,sanger",4,COSN9286015,NA,NA,FALSE,0.2909,NA,16,39,NA,NA,NA,IGR,FALSE,FALSE,FALSE,FALSE,3,2,1,2_1,e5c89fcf-cc57-4fad-a138-ea47ee9ea225,NA
9,83881172,83881172,1,snv_mnv,NA,NA,"broad,dkfz,muse,sanger",4,COSN9286204,NA,NA,FALSE,0.2609,NA,12,34,NA,NA,NA,IGR,FALSE,FALSE,FALSE,FALSE,3,2,1,2_1,e5c89fcf-cc57-4fad-a138-ea47ee9ea225,NA
9,84349749,84349749,1,snv_mnv,NA,NA,"broad,dkfz,muse,sanger",4,COSN9286294,NA,FRAM,FALSE,0.3103,NA,9,20,NA,NA,NA,lincRNA,FALSE,FALSE,FALSE,FALSE,3,2,1,2_1,e5c89fcf-cc57-4fad-a138-ea47ee9ea225,NA
9,86772661,86772661,1,snv_mnv,NA,NA,"broad,dkfz,muse,sanger",4,COSN9286654,NA,NA,FALSE,0.25,NA,9,27,NA,NA,NA,IGR,FALSE,FALSE,FALSE,FALSE,3,2,1,2_1,e5c89fcf-cc57-4fad-a138-ea47ee9ea225,NA
9,87361890,87361890,1,snv_mnv,NA,NA,"broad,dkfz,muse,sanger",4,COSN9286745,NA,L2a,FALSE,0.2889,NA,13,32,NA,NA,NA,Intron,FALSE,FALSE,FALSE,FALSE,3,2,1,2_1,e5c89fcf-cc57-4fad-a138-ea47ee9ea225,NA
9,89748622,89748622,1,snv_mnv,NA,NA,"broad,dkfz,muse,sanger",4,COSN15584690,NA,L1PA8,FALSE,0.3542,NA,17,31,NA,NA,NA,IGR,FALSE,FALSE,FALSE,FALSE,3,2,1,2_1,e5c89fcf-cc57-4fad-a138-ea47ee9ea225,NA
9,91592702,91592702,1,snv_mnv,NA,NA,"broad,dkfz,muse,sanger",4,COSN9287292,NA,HAL1,FALSE,0.3846,NA,20,32,NA,NA,NA,lincRNA,FALSE,FALSE,FALSE,FALSE,3,2,1,2_1,e5c89fcf-cc57-4fad-a138-ea47ee9ea225,AL772202.1
9,94714117,94714117,1,snv_mnv,NA,NA,"broad,dkfz,muse,sanger",4,COSN15584962,NA,NA,FALSE,0.2667,NA,8,22,NA,NA,NA,5'Flank,FALSE,FALSE,FALSE,FALSE,3,2,1,2_1,e5c89fcf-cc57-4fad-a138-ea47ee9ea225,ROR2
9,95762833,95762833,1,snv_mnv,NA,NA,"broad,dkfz,muse,sanger",4,COSN9287839,NA,L1M4c,FALSE,0.3469,NA,17,32,NA,NA,NA,Intron,FALSE,FALSE,FALSE,FALSE,3,2,1,2_1,e5c89fcf-cc57-4fad-a138-ea47ee9ea225,NA
9,96584288,96584288,1,snv_mnv,NA,NA,"broad,dkfz,muse,sanger",4,COSN9287970,NA,L1MC4,FALSE,0.2281,NA,13,44,NA,NA,NA,RNA,FALSE,FALSE,FALSE,FALSE,3,2,1,2_1,e5c89fcf-cc57-4fad-a138-ea47ee9ea225,MIR4291
9,96828750,96828750,1,snv_mnv,NA,NA,"broad,dkfz,muse,sanger",4,COSN9288007,NA,NA,FALSE,0.1964,NA,11,45,NA,NA,NA,Intron,FALSE,FALSE,FALSE,FALSE,3,2,1,2_1,e5c89fcf-cc57-4fad-a138-ea47ee9ea225,NA
9,98284036,98284036,1,snv_mnv,NA,NA,"broad,dkfz,muse,sanger",4,COSN9288213,NA,NA,FALSE,0.3,NA,15,35,NA,NA,NA,IGR,FALSE,FALSE,FALSE,FALSE,3,2,1,2_1,e5c89fcf-cc57-4fad-a138-ea47ee9ea225,PTCH1
9,99297812,99297812,1,snv_mnv,NA,NA,"broad,dkfz,muse,sanger",4,COSN9288347,NA,NA,FALSE,0.2593,NA,14,40,NA,NA,NA,Intron,FALSE,FALSE,FALSE,FALSE,3,2,1,2_1,e5c89fcf-cc57-4fad-a138-ea47ee9ea225,CDC14B
9,103760985,103760985,1,snv_mnv,NA,NA,"broad,dkfz,muse,sanger",4,COSN9273971,NA,NA,FALSE,0.2131,NA,13,48,NA,NA,NA,IGR,FALSE,FALSE,FALSE,FALSE,3,2,1,2_1,e5c89fcf-cc57-4fad-a138-ea47ee9ea225,NA
9,104813379,104813379,1,snv_mnv,NA,NA,"broad,dkfz,muse,sanger",4,COSN15584963,NA,L1ME1,FALSE,0.1111,NA,5,40,NA,NA,NA,IGR,FALSE,FALSE,FALSE,FALSE,3,2,1,2_1,e5c89fcf-cc57-4fad-a138-ea47ee9ea225,ARL2BPP7
9,105295173,105295173,1,snv_mnv,NA,NA,"broad,dkfz,muse,sanger",4,COSN9274204,NA,NA,FALSE,0.375,NA,12,20,NA,NA,NA,lincRNA,FALSE,FALSE,FALSE,FALSE,3,2,1,2_1,e5c89fcf-cc57-4fad-a138-ea47ee9ea225,NA
9,105514247,105514247,1,snv_mnv,NA,NA,"broad,dkfz,muse,sanger",4,COSN9274241,NA,MER4C,FALSE,0.3191,NA,15,32,NA,NA,NA,IGR,FALSE,FALSE,FALSE,FALSE,3,2,1,2_1,e5c89fcf-cc57-4fad-a138-ea47ee9ea225,NA
9,106467657,106467657,1,snv_mnv,NA,NA,"broad,dkfz,muse,sanger",4,COSN15585199,NA,NA,FALSE,0.1961,NA,10,41,NA,NA,NA,IGR,FALSE,FALSE,FALSE,FALSE,3,2,1,2_1,e5c89fcf-cc57-4fad-a138-ea47ee9ea225,NA
9,107275382,107275382,1,snv_mnv,NA,NA,"broad,dkfz,muse,sanger",4,COSN9274635,NA,MIR,FALSE,0.2698,NA,17,46,NA,NA,NA,IGR,FALSE,FALSE,FALSE,FALSE,3,2,1,2_1,e5c89fcf-cc57-4fad-a138-ea47ee9ea225,NA
9,108136258,108136258,1,snv_mnv,NA,NA,"broad,dkfz,muse,sanger",4,COSN9274768,NA,MLT1K,FALSE,0.4103,NA,16,23,NA,NA,NA,Intron,FALSE,FALSE,FALSE,FALSE,3,2,1,2_1,e5c89fcf-cc57-4fad-a138-ea47ee9ea225,NA
9,109023804,109023804,1,snv_mnv,NA,NA,"broad,dkfz,muse,sanger",4,COSN15585427,NA,L1ME1,FALSE,0.2381,NA,10,32,NA,NA,NA,IGR,FALSE,FALSE,FALSE,FALSE,3,2,1,2_1,e5c89fcf-cc57-4fad-a138-ea47ee9ea225,NA
9,109784859,109784859,1,snv_mnv,NA,NA,"broad,dkfz,muse,sanger",4,COSN9274983,NA,MLT1L,FALSE,0.25,NA,12,36,NA,NA,NA,RNA,FALSE,FALSE,FALSE,FALSE,3,2,1,2_1,e5c89fcf-cc57-4fad-a138-ea47ee9ea225,NA
9,111579464,111579464,1,snv_mnv,NA,NA,"broad,dkfz,muse",3,COSN9275256,NA,NA,FALSE,0.2586,NA,15,43,NA,NA,NA,IGR,FALSE,FALSE,FALSE,FALSE,3,2,1,2_1,e5c89fcf-cc57-4fad-a138-ea47ee9ea225,RPL36AP35
9,115052574,115052574,1,snv_mnv,NA,NA,"broad,dkfz,muse,sanger",4,COSN15585059,NA,L1MB2,FALSE,0.1837,NA,9,40,NA,NA,NA,Intron,FALSE,FALSE,FALSE,FALSE,3,2,1,2_1,e5c89fcf-cc57-4fad-a138-ea47ee9ea225,NA
9,115146826,115146826,1,snv_mnv,NA,NA,"muse,sanger",2,COSN9275744,NA,NA,FALSE,0.3,NA,12,28,NA,NA,NA,Intron,FALSE,FALSE,FALSE,FALSE,3,2,1,2_1,e5c89fcf-cc57-4fad-a138-ea47ee9ea225,NA
9,116730567,116730567,1,snv_mnv,NA,NA,"broad,dkfz,muse,sanger",4,COSN9275961,NA,MER46C,FALSE,0.2558,NA,11,32,NA,NA,NA,Intron,FALSE,FALSE,FALSE,FALSE,3,2,1,2_1,e5c89fcf-cc57-4fad-a138-ea47ee9ea225,NA
9,117650470,117650470,1,snv_mnv,NA,NA,"broad,dkfz,muse,sanger",4,COSN9276107,NA,LTR37A,FALSE,0.2333,NA,14,46,NA,NA,NA,IGR,FALSE,FALSE,FALSE,FALSE,3,2,1,2_1,e5c89fcf-cc57-4fad-a138-ea47ee9ea225,NA
9,117832521,117832521,1,snv_mnv,NA,NA,"broad,dkfz,muse,sanger",4,COSN15585455,NA,L2a,FALSE,0.25,NA,9,27,NA,NA,NA,Intron,FALSE,FALSE,FALSE,FALSE,3,2,1,2_1,e5c89fcf-cc57-4fad-a138-ea47ee9ea225,NA
9,118246307,118246307,1,snv_mnv,NA,NA,"broad,dkfz,muse,sanger",4,COSN9276195,NA,AluSx1,FALSE,0.2424,NA,8,25,NA,NA,NA,IGR,FALSE,FALSE,FALSE,FALSE,3,2,1,2_1,e5c89fcf-cc57-4fad-a138-ea47ee9ea225,NA
9,119926248,119926248,1,snv_mnv,NA,NA,"broad,dkfz,muse,sanger",4,COSN9276474,NA,L2b,FALSE,0.2745,NA,14,37,NA,NA,NA,Intron,FALSE,FALSE,FALSE,FALSE,3,2,1,2_1,e5c89fcf-cc57-4fad-a138-ea47ee9ea225,NA
9,120274225,120274225,1,snv_mnv,NA,NA,"broad,dkfz,muse,sanger",4,COSN9276544,NA,NA,FALSE,0.234,NA,11,36,NA,NA,NA,IGR,FALSE,FALSE,FALSE,FALSE,3,2,1,2_1,e5c89fcf-cc57-4fad-a138-ea47ee9ea225,NA
9,134254589,134254589,1,snv_mnv,NA,NA,"broad,dkfz,muse,sanger",4,COSN9278390,NA,L1MC4,FALSE,0.3333,NA,10,20,NA,NA,NA,IGR,FALSE,FALSE,FALSE,FALSE,3,2,1,2_1,e5c89fcf-cc57-4fad-a138-ea47ee9ea225,NA
9,134562102,134562102,1,snv_mnv,NA,NA,"broad,dkfz,muse,sanger",4,COSN15584902,NA,L2b,FALSE,0.2258,NA,7,24,NA,NA,NA,Intron,FALSE,FALSE,FALSE,FALSE,3,2,1,2_1,e5c89fcf-cc57-4fad-a138-ea47ee9ea225,NA
9,136162889,136162889,1,snv_mnv,NA,NA,"broad,dkfz,muse,sanger",4,COSN9278637,NA,HUERS-P1-int,FALSE,0.2128,NA,10,37,NA,NA,NA,IGR,FALSE,FALSE,FALSE,FALSE,3,2,1,2_1,e5c89fcf-cc57-4fad-a138-ea47ee9ea225,NA
9,140229033,140229033,1,snv_mnv,NA,NA,"broad,dkfz,muse,sanger",4,COSN9279184,NA,L1PB3,FALSE,0.3421,NA,13,25,NA,NA,NA,Intron,FALSE,FALSE,FALSE,FALSE,3,2,1,2_1,e5c89fcf-cc57-4fad-a138-ea47ee9ea225,NA
X,857732,857732,1,snv_mnv,NA,NA,"broad,muse,sanger",3,COSN9729124,NA,MLT1D,FALSE,0.25,NA,8,24,NA,NA,NA,IGR,FALSE,FALSE,FALSE,FALSE,1,1,0,1_0,e5c89fcf-cc57-4fad-a138-ea47ee9ea225,NA
X,2511389,2511389,1,snv_mnv,NA,NA,"broad,dkfz,muse,sanger",4,COSN9880431,NA,NA,FALSE,0.3333,NA,8,16,NA,NA,NA,IGR,FALSE,FALSE,FALSE,FALSE,1,1,0,1_0,e5c89fcf-cc57-4fad-a138-ea47ee9ea225,NA
X,3239779,3239779,1,snv_mnv,NA,NA,"broad,dkfz,muse,sanger",4,COSM4154937,NA,NA,FALSE,0.6129,NA,19,12,NA,NA,NA,Missense_Mutation,FALSE,FALSE,FALSE,FALSE,1,1,0,1_0,e5c89fcf-cc57-4fad-a138-ea47ee9ea225,NA
X,12900246,12900246,1,snv_mnv,NA,NA,"broad,dkfz,muse,sanger",4,COSN9876271,NA,L2a,FALSE,0.52,NA,13,12,NA,NA,NA,Intron,FALSE,FALSE,FALSE,FALSE,1,1,0,1_0,e5c89fcf-cc57-4fad-a138-ea47ee9ea225,TLR7
X,19976770,19976770,1,snv_mnv,NA,NA,"broad,dkfz,muse,sanger",4,COSN9879838,NA,Tigger3a,FALSE,0.4062,NA,13,19,NA,NA,NA,Intron,FALSE,FALSE,FALSE,FALSE,1,1,0,1_0,e5c89fcf-cc57-4fad-a138-ea47ee9ea225,NA
X,24524777,24524777,1,snv_mnv,NA,NA,"broad,dkfz,muse,sanger",4,COSN9880367,NA,NA,FALSE,0.6316,NA,12,7,NA,NA,NA,Intron,FALSE,FALSE,FALSE,FALSE,1,1,0,1_0,e5c89fcf-cc57-4fad-a138-ea47ee9ea225,NA
X,26580808,26580808,1,snv_mnv,NA,NA,"broad,dkfz,muse,sanger",4,COSN9880669,NA,HAL1,FALSE,0.4333,NA,13,17,NA,NA,NA,lincRNA,FALSE,FALSE,FALSE,FALSE,1,1,0,1_0,e5c89fcf-cc57-4fad-a138-ea47ee9ea225,"VENTXP1,AC079178.1"
X,29359672,29359672,1,snv_mnv,NA,NA,"broad,dkfz,muse,sanger",4,COSN9881152,NA,NA,FALSE,0.5938,NA,19,13,NA,NA,NA,Intron,FALSE,FALSE,FALSE,FALSE,1,1,0,1_0,e5c89fcf-cc57-4fad-a138-ea47ee9ea225,NA
X,29482939,29482939,1,snv_mnv,NA,NA,"broad,dkfz,muse,sanger",4,COSN9881170,NA,L1PA15,FALSE,0.5172,NA,15,14,NA,NA,NA,Intron,FALSE,FALSE,FALSE,FALSE,1,1,0,1_0,e5c89fcf-cc57-4fad-a138-ea47ee9ea225,NA
X,29628717,29628717,1,snv_mnv,NA,NA,"broad,dkfz,muse,sanger",4,COSN9881186,NA,LTR90A,FALSE,0.45,NA,18,22,NA,NA,NA,Intron,FALSE,FALSE,FALSE,FALSE,1,1,0,1_0,e5c89fcf-cc57-4fad-a138-ea47ee9ea225,NA
X,32782802,32782802,1,snv_mnv,NA,NA,"broad,dkfz,muse,sanger",4,COSN9881586,NA,L1MB3,FALSE,0.5714,NA,16,12,NA,NA,NA,Intron,FALSE,FALSE,FALSE,FALSE,1,1,0,1_0,e5c89fcf-cc57-4fad-a138-ea47ee9ea225,NA
X,32889731,32889731,1,snv_mnv,NA,NA,"broad,dkfz,muse,sanger",4,COSN9881605,NA,NA,FALSE,0.619,NA,26,16,NA,NA,NA,Intron,FALSE,FALSE,FALSE,FALSE,1,1,0,1_0,e5c89fcf-cc57-4fad-a138-ea47ee9ea225,NA
X,37087238,37087238,1,snv_mnv,NA,NA,"broad,dkfz,muse,sanger",4,COSN9882252,NA,L1MA2,FALSE,0.5143,NA,18,17,NA,NA,NA,IGR,FALSE,FALSE,FALSE,FALSE,1,1,0,1_0,e5c89fcf-cc57-4fad-a138-ea47ee9ea225,NA
X,37152123,37152123,1,snv_mnv,NA,NA,"broad,dkfz,muse,sanger",4,COSN9882255,NA,NA,FALSE,0.5758,NA,19,14,NA,NA,NA,IGR,FALSE,FALSE,FALSE,FALSE,1,1,0,1_0,e5c89fcf-cc57-4fad-a138-ea47ee9ea225,MOB1AP2
X,38085151,38085151,1,snv_mnv,NA,NA,"broad,dkfz,muse,sanger",4,COSN9882347,NA,MER41D,FALSE,0.525,NA,21,19,NA,NA,NA,Intron,FALSE,FALSE,FALSE,FALSE,1,1,0,1_0,e5c89fcf-cc57-4fad-a138-ea47ee9ea225,"SRPX,AL606748.1"
X,39407088,39407088,1,snv_mnv,NA,NA,"broad,muse,sanger",3,COSN15584897,NA,L1PA6,FALSE,0.2571,NA,9,26,NA,NA,NA,IGR,FALSE,FALSE,FALSE,FALSE,1,1,0,1_0,e5c89fcf-cc57-4fad-a138-ea47ee9ea225,NA
X,43657982,43657982,1,snv_mnv,NA,NA,"broad,dkfz,muse,sanger",4,COSN9882871,NA,NA,FALSE,0.5294,NA,18,16,NA,NA,NA,Intron,FALSE,FALSE,FALSE,FALSE,1,1,0,1_0,e5c89fcf-cc57-4fad-a138-ea47ee9ea225,NA
X,50615984,50615984,1,snv_mnv,NA,NA,"broad,dkfz,muse,sanger",4,COSN9883531,NA,NA,FALSE,0.6905,NA,29,13,NA,NA,NA,IGR,FALSE,FALSE,FALSE,FALSE,1,1,0,1_0,e5c89fcf-cc57-4fad-a138-ea47ee9ea225,NA
X,66209480,66209480,1,snv_mnv,NA,NA,"broad,dkfz,muse,sanger",4,COSN9884993,NA,L1M4b,FALSE,0.44,NA,11,14,NA,NA,NA,IGR,FALSE,FALSE,FALSE,FALSE,1,1,0,1_0,e5c89fcf-cc57-4fad-a138-ea47ee9ea225,NA
X,68124033,68124033,1,snv_mnv,NA,NA,"broad,muse",2,COSN9727069,NA,L1MEg,FALSE,0.4828,NA,14,15,NA,NA,NA,IGR,FALSE,FALSE,FALSE,FALSE,1,1,0,1_0,e5c89fcf-cc57-4fad-a138-ea47ee9ea225,NA
X,68413330,68413330,1,snv_mnv,NA,NA,"broad,dkfz,muse,sanger",4,COSN9727097,NA,NA,FALSE,0.5,NA,11,11,NA,NA,NA,lincRNA,FALSE,FALSE,FALSE,FALSE,1,1,0,1_0,e5c89fcf-cc57-4fad-a138-ea47ee9ea225,NA
X,82519610,82519610,1,snv_mnv,NA,NA,"broad,dkfz,muse,sanger",4,COSN9728702,NA,L1PA11,FALSE,0.28,NA,7,18,NA,NA,NA,IGR,FALSE,FALSE,FALSE,FALSE,1,1,0,1_0,e5c89fcf-cc57-4fad-a138-ea47ee9ea225,NA
X,85929460,85929460,1,snv_mnv,NA,NA,"broad,dkfz,muse,sanger",4,COSN9729148,NA,NA,FALSE,0.3143,NA,11,24,NA,NA,NA,Intron,FALSE,FALSE,FALSE,FALSE,1,1,0,1_0,e5c89fcf-cc57-4fad-a138-ea47ee9ea225,NA
X,86804950,86804950,1,snv_mnv,NA,NA,"broad,dkfz,muse,sanger",4,COSN9729283,NA,L1M1,FALSE,0.5676,NA,21,16,NA,NA,NA,Intron,FALSE,FALSE,FALSE,FALSE,1,1,0,1_0,e5c89fcf-cc57-4fad-a138-ea47ee9ea225,NA
X,89310305,89310305,1,snv_mnv,NA,NA,"broad,dkfz,muse,sanger",4,COSN9729667,NA,MER101-int,FALSE,0.4118,NA,14,20,NA,NA,NA,IGR,FALSE,FALSE,FALSE,FALSE,1,1,0,1_0,e5c89fcf-cc57-4fad-a138-ea47ee9ea225,NA
X,90392118,90392118,1,snv_mnv,NA,NA,"broad,dkfz,muse,sanger",4,COSN9729801,NA,L1MA4,FALSE,0.4286,NA,15,20,NA,NA,NA,IGR,FALSE,FALSE,FALSE,FALSE,1,1,0,1_0,e5c89fcf-cc57-4fad-a138-ea47ee9ea225,NA
X,92425992,92425992,1,snv_mnv,NA,NA,"broad,dkfz,muse,sanger",4,COSN9730118,NA,L1MA1,FALSE,0.4,NA,14,21,NA,NA,NA,IGR,FALSE,FALSE,FALSE,FALSE,1,1,0,1_0,e5c89fcf-cc57-4fad-a138-ea47ee9ea225,NA
X,92556248,92556248,1,snv_mnv,NA,NA,"broad,dkfz,muse,sanger",4,COSN9730146,NA,L1M1,FALSE,0.5,NA,13,13,NA,NA,NA,IGR,FALSE,FALSE,FALSE,FALSE,1,1,0,1_0,e5c89fcf-cc57-4fad-a138-ea47ee9ea225,NA
X,93114376,93114376,1,snv_mnv,NA,NA,"broad,dkfz,muse,sanger",4,COSN9730244,NA,THE1D-int,FALSE,0.6429,NA,27,15,NA,NA,NA,IGR,FALSE,FALSE,FALSE,FALSE,1,1,0,1_0,e5c89fcf-cc57-4fad-a138-ea47ee9ea225,NA
X,93215482,93215482,1,snv_mnv,NA,NA,"broad,dkfz,muse,sanger",4,COSN9730260,NA,HERVL-int,FALSE,0.25,NA,4,12,NA,NA,NA,IGR,FALSE,FALSE,FALSE,FALSE,1,1,0,1_0,e5c89fcf-cc57-4fad-a138-ea47ee9ea225,NA
X,93514986,93514986,1,snv_mnv,NA,NA,"broad,dkfz,muse,sanger",4,COSN9730316,NA,L1PB1,FALSE,0.6061,NA,20,13,NA,NA,NA,IGR,FALSE,FALSE,FALSE,FALSE,1,1,0,1_0,e5c89fcf-cc57-4fad-a138-ea47ee9ea225,NA
X,93763671,93763671,1,snv_mnv,NA,NA,"broad,dkfz,muse,sanger",4,COSN9730370,NA,L1MEf,FALSE,0.4706,NA,16,18,NA,NA,NA,IGR,FALSE,FALSE,FALSE,FALSE,1,1,0,1_0,e5c89fcf-cc57-4fad-a138-ea47ee9ea225,NA
X,93818283,93818283,1,snv_mnv,NA,NA,"broad,dkfz,muse,sanger",4,COSN9730381,NA,L1M1,FALSE,0.4815,NA,13,14,NA,NA,NA,IGR,FALSE,FALSE,FALSE,FALSE,1,1,0,1_0,e5c89fcf-cc57-4fad-a138-ea47ee9ea225,NA
X,95595884,95595884,1,snv_mnv,NA,NA,"broad,dkfz,muse,sanger",4,COSN9730686,NA,L1PA12,FALSE,0.3571,NA,10,18,NA,NA,NA,IGR,FALSE,FALSE,FALSE,FALSE,1,1,0,1_0,e5c89fcf-cc57-4fad-a138-ea47ee9ea225,BRDTP1
X,95602759,95602759,1,snv_mnv,NA,NA,"broad,dkfz,muse,sanger",4,COSN9730689,NA,L1PA5,FALSE,0.6857,NA,24,11,NA,NA,NA,IGR,FALSE,FALSE,FALSE,FALSE,1,1,0,1_0,e5c89fcf-cc57-4fad-a138-ea47ee9ea225,NA
X,95651888,95651888,1,snv_mnv,NA,NA,"broad,dkfz,muse,sanger",4,COSN9730693,NA,Tigger3c,FALSE,0.3929,NA,11,17,NA,NA,NA,IGR,FALSE,FALSE,FALSE,FALSE,1,1,0,1_0,e5c89fcf-cc57-4fad-a138-ea47ee9ea225,NA
X,96361383,96361383,1,snv_mnv,NA,NA,"broad,dkfz,muse,sanger",4,COSN9730771,NA,NA,FALSE,0.5882,NA,20,14,NA,NA,NA,Intron,FALSE,FALSE,FALSE,FALSE,1,1,0,1_0,e5c89fcf-cc57-4fad-a138-ea47ee9ea225,NA
X,98127882,98127882,1,snv_mnv,NA,NA,"broad,dkfz,muse,sanger",4,COSN9731026,NA,L1PA15,FALSE,0.3784,NA,14,23,NA,NA,NA,IGR,FALSE,FALSE,FALSE,FALSE,1,1,0,1_0,e5c89fcf-cc57-4fad-a138-ea47ee9ea225,NA
X,98716442,98716442,1,snv_mnv,NA,NA,"broad,dkfz,muse,sanger",4,COSN9731121,NA,NA,FALSE,0.4412,NA,15,19,NA,NA,NA,IGR,FALSE,FALSE,FALSE,FALSE,1,1,0,1_0,e5c89fcf-cc57-4fad-a138-ea47ee9ea225,NA
X,99338038,99338038,1,snv_mnv,NA,NA,"broad,dkfz,muse,sanger",4,COSN9731212,NA,NA,FALSE,0.5312,NA,17,15,NA,NA,NA,IGR,FALSE,FALSE,FALSE,FALSE,1,1,0,1_0,e5c89fcf-cc57-4fad-a138-ea47ee9ea225,NA
X,106564910,106564910,1,snv_mnv,NA,NA,"broad,dkfz,muse,sanger",4,COSN10032969,NA,MIR,FALSE,0.5854,NA,24,17,NA,NA,NA,IGR,FALSE,FALSE,FALSE,FALSE,1,1,0,1_0,e5c89fcf-cc57-4fad-a138-ea47ee9ea225,NA
X,108222282,108222282,1,snv_mnv,NA,NA,"broad,dkfz,muse,sanger",4,COSN10033151,NA,L1PB2,FALSE,0.4839,NA,15,16,NA,NA,NA,IGR,FALSE,FALSE,FALSE,FALSE,1,1,0,1_0,e5c89fcf-cc57-4fad-a138-ea47ee9ea225,NA
X,109286513,109286513,1,snv_mnv,NA,NA,"broad,dkfz,muse,sanger",4,COSN10033286,NA,NA,FALSE,0.5806,NA,18,13,NA,NA,NA,Intron,FALSE,FALSE,FALSE,FALSE,1,1,0,1_0,e5c89fcf-cc57-4fad-a138-ea47ee9ea225,NA
X,113953770,113953770,1,snv_mnv,NA,NA,"broad,dkfz,muse,sanger",4,COSN10033833,NA,NA,FALSE,0.5714,NA,20,15,NA,NA,NA,Intron,FALSE,FALSE,FALSE,FALSE,1,1,0,1_0,e5c89fcf-cc57-4fad-a138-ea47ee9ea225,MIR1298
X,121479997,121479997,1,snv_mnv,NA,NA,"broad,dkfz,muse,sanger",4,COSN9875302,NA,MER1B,FALSE,0.4643,NA,13,15,NA,NA,NA,IGR,FALSE,FALSE,FALSE,FALSE,1,1,0,1_0,e5c89fcf-cc57-4fad-a138-ea47ee9ea225,NA
X,122042908,122042908,1,snv_mnv,NA,NA,"broad,dkfz,muse,sanger",4,COSN9875393,NA,L1PA14,FALSE,0.2286,NA,8,27,NA,NA,NA,IGR,FALSE,FALSE,FALSE,FALSE,1,1,0,1_0,e5c89fcf-cc57-4fad-a138-ea47ee9ea225,NA
X,125007526,125007526,1,snv_mnv,NA,NA,"broad,dkfz,muse,sanger",4,COSN9875751,NA,L1MA2,FALSE,0.4545,NA,15,18,NA,NA,NA,IGR,FALSE,FALSE,FALSE,FALSE,1,1,0,1_0,e5c89fcf-cc57-4fad-a138-ea47ee9ea225,NA
X,127129002,127129002,1,snv_mnv,NA,NA,"broad,dkfz,muse,sanger",4,COSN9876036,NA,L1MA2,FALSE,0.4595,NA,17,20,NA,NA,NA,IGR,FALSE,FALSE,FALSE,FALSE,1,1,0,1_0,e5c89fcf-cc57-4fad-a138-ea47ee9ea225,NA
X,129201290,129201290,1,snv_mnv,NA,NA,"broad,dkfz,muse,sanger",4,COSM4680747,rs746430299,NA,FALSE,0.6364,NA,7,4,NA,NA,NA,Silent,FALSE,FALSE,FALSE,FALSE,1,1,0,1_0,e5c89fcf-cc57-4fad-a138-ea47ee9ea225,NA
X,131861921,131861921,1,snv_mnv,NA,NA,"broad,dkfz,muse,sanger",4,COSN9876574,NA,L1MB5,FALSE,0.6,NA,18,12,NA,NA,NA,Intron,FALSE,FALSE,FALSE,FALSE,1,1,0,1_0,e5c89fcf-cc57-4fad-a138-ea47ee9ea225,NA
X,131955441,131955441,1,snv_mnv,NA,NA,"broad,muse,sanger",3,COSN16585171,NA,AluY,FALSE,0.2667,NA,4,11,NA,NA,NA,Intron,FALSE,FALSE,FALSE,FALSE,1,1,0,1_0,e5c89fcf-cc57-4fad-a138-ea47ee9ea225,NA
X,137002087,137002087,1,snv_mnv,NA,NA,"broad,dkfz,muse,sanger",4,COSN9877118,NA,NA,FALSE,0.5349,NA,23,20,NA,NA,NA,IGR,FALSE,FALSE,FALSE,FALSE,1,1,0,1_0,e5c89fcf-cc57-4fad-a138-ea47ee9ea225,NA
X,137428138,137428138,1,snv_mnv,NA,NA,"broad,dkfz,muse,sanger",4,COSN9877186,NA,MER112,FALSE,0.2857,NA,12,30,NA,NA,NA,IGR,FALSE,FALSE,FALSE,FALSE,1,1,0,1_0,e5c89fcf-cc57-4fad-a138-ea47ee9ea225,NA
X,139831742,139831742,1,snv_mnv,NA,NA,"broad,dkfz,muse,sanger",4,COSN9877472,NA,NA,FALSE,0.2963,NA,8,19,NA,NA,NA,Intron,FALSE,FALSE,FALSE,FALSE,1,1,0,1_0,e5c89fcf-cc57-4fad-a138-ea47ee9ea225,NA
X,141490375,141490375,1,snv_mnv,NA,NA,"broad,dkfz,muse,sanger",4,COSN9877676,NA,NA,FALSE,0.5714,NA,16,12,NA,NA,NA,IGR,FALSE,FALSE,FALSE,FALSE,1,1,0,1_0,e5c89fcf-cc57-4fad-a138-ea47ee9ea225,NA
X,141656894,141656894,1,snv_mnv,0.019338,NA,"dkfz,muse",2,COSN16941747,rs781471292,AT_rich,FALSE,0.4583,NA,11,13,NA,NA,NA,IGR,FALSE,FALSE,FALSE,FALSE,1,1,0,1_0,e5c89fcf-cc57-4fad-a138-ea47ee9ea225,NA
X,146865306,146865306,1,snv_mnv,NA,NA,"broad,dkfz,muse,sanger",4,COSN9878510,NA,L1MB8,FALSE,0.4667,NA,14,16,NA,NA,NA,IGR,FALSE,FALSE,FALSE,FALSE,1,1,0,1_0,e5c89fcf-cc57-4fad-a138-ea47ee9ea225,NA
X,148533272,148533272,1,snv_mnv,NA,NA,"broad,dkfz,muse,sanger",4,COSN9878712,NA,NA,FALSE,0.3143,NA,11,24,NA,NA,NA,IGR,FALSE,FALSE,FALSE,FALSE,1,1,0,1_0,e5c89fcf-cc57-4fad-a138-ea47ee9ea225,NA
X,148538134,148538134,1,snv_mnv,NA,NA,"broad,dkfz,muse,sanger",4,COSN9878713,NA,NA,FALSE,0.4242,NA,14,19,NA,NA,NA,IGR,FALSE,FALSE,FALSE,FALSE,1,1,0,1_0,e5c89fcf-cc57-4fad-a138-ea47ee9ea225,NA
X,154907708,154907708,1,snv_mnv,NA,NA,"broad,dkfz,muse,sanger",4,COSN9879342,NA,NA,FALSE,0.5294,NA,18,16,NA,NA,NA,IGR,FALSE,FALSE,FALSE,FALSE,1,1,0,1_0,e5c89fcf-cc57-4fad-a138-ea47ee9ea225,NA
Y,7753869,7753869,1,snv_mnv,NA,NA,"broad,dkfz,muse,sanger",4,COSN9731912,NA,L1M2,FALSE,0.3409,NA,15,29,NA,NA,NA,IGR,FALSE,FALSE,FALSE,FALSE,2,2,0,2_0,e5c89fcf-cc57-4fad-a138-ea47ee9ea225,NA
Y,17944187,17944187,1,snv_mnv,NA,NA,"broad,dkfz,muse",3,COSN9731614,NA,(TA)n,FALSE,0.5676,NA,21,16,NA,NA,NA,IGR,FALSE,FALSE,FALSE,FALSE,1,1,0,1_0,e5c89fcf-cc57-4fad-a138-ea47ee9ea225,NA
