chromosome,start,end,width,type,1000genomes_AF,1000genomes_ID,Callers,NumCallers,cosmic,dbsnp,repeat_masker,dbsnp_somatic,VAF,n_vaf,t_alt_count,t_ref_count,n_alt_count,n_ref_count,model_score,Variant_Classification,signature_R1,signature_R2,signature_N3,snv_near_indel,total_cn,major_cn,minor_cn,karyotype,sample,gene
11,131664940,131664941,2,indel,NA,NA,"broad,dkfz,smufin",3,COSN19599485,rs199575736,MER96B,FALSE,0.2615,NA,17,48,NA,NA,0.786,Intron,NA,NA,NA,NA,3,2,1,2_1,7f94d650-41b9-4664-bcde-dc8533e4602d,NA
12,129498824,129498825,2,indel,0.0017971,rs112833376,"sanger,smufin",2,COSN18736444,rs112833376,NA,FALSE,0.1147,NA,7,54,NA,NA,0.768,IGR,NA,NA,NA,NA,3,2,1,2_1,7f94d650-41b9-4664-bcde-dc8533e4602d,NA
13,56574163,56574164,2,indel,NA,NA,"dkfz,sanger",2,COSN18737488,NA,NA,FALSE,0.2969,NA,19,45,NA,NA,0.967,IGR,NA,NA,NA,NA,4,2,2,2_2,7f94d650-41b9-4664-bcde-dc8533e4602d,NA
20,63548,63549,2,indel,NA,NA,"dkfz,sanger,smufin",3,COSN1252422,NA,NA,FALSE,0.1818,NA,12,54,NA,NA,0.961,IGR,NA,NA,NA,NA,3,2,1,2_1,7f94d650-41b9-4664-bcde-dc8533e4602d,DEFB125
21,40076629,40076629,1,indel,7.9872e-4,rs570077835,sanger,1,COSN5864295,rs570077835,NA,FALSE,0.1205,NA,10,73,NA,NA,0.744,IGR,NA,NA,NA,NA,3,2,1,2_1,7f94d650-41b9-4664-bcde-dc8533e4602d,NA
4,23420923,23420924,2,indel,NA,NA,sanger,1,COSN19515396,NA,NA,FALSE,0.1,NA,8,72,NA,NA,0.738,IGR,NA,NA,NA,NA,3,2,1,2_1,7f94d650-41b9-4664-bcde-dc8533e4602d,NA
4,149316252,149316252,1,indel,NA,NA,sanger,1,COSN1998147,NA,NA,FALSE,0.1429,NA,9,54,NA,NA,0.773,Intron,NA,NA,NA,NA,3,2,1,2_1,7f94d650-41b9-4664-bcde-dc8533e4602d,NA
4,160740539,160740540,2,indel,NA,NA,sanger,1,COSN7051482,NA,L1PA7,FALSE,0.1358,NA,11,70,NA,NA,0.788,IGR,NA,NA,NA,NA,3,2,1,2_1,7f94d650-41b9-4664-bcde-dc8533e4602d,NA
X,39512211,39512212,2,indel,NA,NA,sanger,1,COSN173864,NA,NA,FALSE,0.1628,NA,14,72,NA,NA,0.83,IGR,NA,NA,NA,NA,3,2,1,2_1,7f94d650-41b9-4664-bcde-dc8533e4602d,NA
X,74964980,74964980,1,indel,NA,NA,sanger,1,COSM5368032,NA,NA,FALSE,0.1375,NA,11,69,NA,NA,0.793,IGR,NA,NA,NA,NA,3,2,1,2_1,7f94d650-41b9-4664-bcde-dc8533e4602d,NA
X,129434826,129434827,2,indel,NA,NA,"sanger,smufin",2,COSN19594903,NA,L1MB5,FALSE,0.125,NA,11,77,NA,NA,0.924,IGR,NA,NA,NA,NA,3,2,1,2_1,7f94d650-41b9-4664-bcde-dc8533e4602d,NA
X,136341666,136341667,2,indel,NA,NA,"dkfz,sanger,smufin",3,COSN19612004,NA,MIRb,FALSE,0.2353,NA,20,65,NA,NA,0.984,IGR,NA,NA,NA,NA,3,2,1,2_1,7f94d650-41b9-4664-bcde-dc8533e4602d,NA
1,5423216,5423216,1,snv_mnv,NA,NA,"broad,dkfz,muse,sanger",4,COSN8913370,NA,L2a,FALSE,0.3571,NA,25,45,NA,NA,NA,IGR,FALSE,FALSE,FALSE,FALSE,4,3,1,3_1,7f94d650-41b9-4664-bcde-dc8533e4602d,NA
1,5690628,5690628,1,snv_mnv,NA,NA,"broad,dkfz,muse,sanger",4,COSN17547009,NA,L1PA10,FALSE,0.3226,NA,20,42,NA,NA,NA,lincRNA,FALSE,FALSE,FALSE,FALSE,4,3,1,3_1,7f94d650-41b9-4664-bcde-dc8533e4602d,NA
1,11492503,11492503,1,snv_mnv,NA,NA,"broad,dkfz,muse,sanger",4,COSN16516250,NA,AluJb,FALSE,0.1887,NA,10,43,NA,NA,NA,IGR,FALSE,FALSE,FALSE,FALSE,4,2,2,2_2,7f94d650-41b9-4664-bcde-dc8533e4602d,NA
1,14835841,14835841,1,snv_mnv,NA,NA,"broad,dkfz,muse,sanger",4,COSN8964846,NA,MIRb,FALSE,0.1412,NA,12,73,NA,NA,NA,IGR,FALSE,FALSE,FALSE,FALSE,4,2,2,2_2,7f94d650-41b9-4664-bcde-dc8533e4602d,NA
1,31065891,31065891,1,snv_mnv,3.9936e-4,rs550982746,"broad,dkfz,muse,sanger",4,COSN15318755,rs550982746,L1M3,FALSE,0.2222,NA,18,63,NA,NA,NA,IGR,FALSE,FALSE,FALSE,FALSE,4,2,2,2_2,7f94d650-41b9-4664-bcde-dc8533e4602d,NA
1,31427921,31427921,1,snv_mnv,9.984e-4,rs185770060,"broad,muse",2,COSN15883916,rs185770060,AluJo,FALSE,0.1266,NA,10,69,NA,NA,NA,Intron,FALSE,FALSE,FALSE,FALSE,4,2,2,2_2,7f94d650-41b9-4664-bcde-dc8533e4602d,PUM1
1,49162972,49162972,1,snv_mnv,NA,NA,"broad,dkfz,sanger",3,COSN5203845,NA,NA,FALSE,0.102,NA,5,44,NA,NA,NA,Intron,FALSE,FALSE,FALSE,FALSE,4,2,2,2_2,7f94d650-41b9-4664-bcde-dc8533e4602d,NA
1,49949192,49949192,1,snv_mnv,NA,NA,"broad,dkfz,muse,sanger",4,COSN15827299,NA,L1MA2,FALSE,0.2821,NA,22,56,NA,NA,NA,Intron,FALSE,FALSE,FALSE,FALSE,2,1,1,1_1,7f94d650-41b9-4664-bcde-dc8533e4602d,NA
1,56159740,56159740,1,snv_mnv,NA,NA,"broad,dkfz,muse,sanger",4,COSN8913448,NA,LTR16A,FALSE,0.1333,NA,8,52,NA,NA,NA,lincRNA,FALSE,FALSE,FALSE,FALSE,2,1,1,1_1,7f94d650-41b9-4664-bcde-dc8533e4602d,NA
1,62860527,62860527,1,snv_mnv,NA,NA,"broad,dkfz,muse,sanger",4,COSN5798688,NA,LTR33,FALSE,0.3269,NA,17,35,NA,NA,NA,IGR,FALSE,FALSE,FALSE,FALSE,2,1,1,1_1,7f94d650-41b9-4664-bcde-dc8533e4602d,NA
1,70103236,70103236,1,snv_mnv,NA,NA,"broad,dkfz,muse,sanger",4,COSN14953468,NA,NA,FALSE,0.2059,NA,14,54,NA,NA,NA,Intron,FALSE,FALSE,FALSE,FALSE,2,1,1,1_1,7f94d650-41b9-4664-bcde-dc8533e4602d,NA
1,70412612,70412612,1,snv_mnv,NA,NA,"broad,muse,sanger",3,COSN17611469,NA,AluSx,FALSE,0.1087,NA,5,41,NA,NA,NA,Intron,FALSE,FALSE,FALSE,FALSE,2,1,1,1_1,7f94d650-41b9-4664-bcde-dc8533e4602d,NA
1,71175383,71175383,1,snv_mnv,NA,NA,"broad,muse,sanger",3,COSN17400449,NA,Tigger2,FALSE,0.0781,NA,5,59,NA,NA,NA,lincRNA,FALSE,FALSE,FALSE,FALSE,2,1,1,1_1,7f94d650-41b9-4664-bcde-dc8533e4602d,NA
1,71351624,71351624,1,snv_mnv,NA,NA,"broad,dkfz,muse,sanger",4,COSN5204850,NA,MIR,FALSE,0.1698,NA,9,44,NA,NA,NA,Intron,FALSE,FALSE,FALSE,FALSE,2,1,1,1_1,7f94d650-41b9-4664-bcde-dc8533e4602d,NA
1,71842803,71842803,1,snv_mnv,NA,NA,"broad,dkfz,muse,sanger",4,COSN17575528,NA,MLT1J1-int,FALSE,0.0822,NA,6,67,NA,NA,NA,IGR,FALSE,FALSE,FALSE,FALSE,2,1,1,1_1,7f94d650-41b9-4664-bcde-dc8533e4602d,NA
1,72541276,72541276,1,snv_mnv,NA,NA,"broad,dkfz,muse,sanger",4,COSN16629541,NA,NA,FALSE,0.197,NA,13,53,NA,NA,NA,Intron,FALSE,FALSE,FALSE,FALSE,2,1,1,1_1,7f94d650-41b9-4664-bcde-dc8533e4602d,NA
1,73060375,73060375,1,snv_mnv,NA,NA,"broad,dkfz,muse,sanger",4,COSN16944840,NA,AluSq,FALSE,0.2444,NA,11,34,NA,NA,NA,IGR,FALSE,FALSE,FALSE,FALSE,1,1,0,1_0,7f94d650-41b9-4664-bcde-dc8533e4602d,NA
1,76635319,76635319,1,snv_mnv,NA,NA,"broad,dkfz,muse,sanger",4,COSN17326156,NA,L1PA13,FALSE,0.1639,NA,10,51,NA,NA,NA,Intron,FALSE,FALSE,FALSE,FALSE,2,1,1,1_1,7f94d650-41b9-4664-bcde-dc8533e4602d,NA
1,79392221,79392221,1,snv_mnv,NA,NA,"broad,dkfz,muse,sanger",4,COSN8915504,NA,NA,FALSE,0.087,NA,6,63,NA,NA,NA,Intron,FALSE,FALSE,FALSE,FALSE,2,1,1,1_1,7f94d650-41b9-4664-bcde-dc8533e4602d,NA
1,79501165,79501165,1,snv_mnv,NA,NA,"broad,dkfz,muse,sanger",4,COSN5744368,NA,AluSx,FALSE,0.02,NA,1,49,NA,NA,NA,IGR,FALSE,FALSE,FALSE,FALSE,2,1,1,1_1,7f94d650-41b9-4664-bcde-dc8533e4602d,NA
1,79761855,79761855,1,snv_mnv,NA,NA,"dkfz,muse,sanger",3,COSN14438020,NA,NA,FALSE,0.1321,NA,7,46,NA,NA,NA,IGR,FALSE,FALSE,FALSE,FALSE,2,1,1,1_1,7f94d650-41b9-4664-bcde-dc8533e4602d,NA
1,81086247,81086247,1,snv_mnv,NA,NA,"broad,dkfz,muse,sanger",4,COSN8915792,NA,NA,FALSE,0.1447,NA,11,65,NA,NA,NA,lincRNA,FALSE,FALSE,FALSE,FALSE,2,1,1,1_1,7f94d650-41b9-4664-bcde-dc8533e4602d,NA
1,81130139,81130139,1,snv_mnv,NA,NA,"broad,dkfz,muse,sanger",4,COSN8915798,NA,NA,FALSE,0.1739,NA,8,38,NA,NA,NA,IGR,FALSE,FALSE,FALSE,FALSE,2,1,1,1_1,7f94d650-41b9-4664-bcde-dc8533e4602d,NA
1,81537438,81537438,1,snv_mnv,NA,NA,"broad,muse,sanger",3,COSN17732821,NA,NA,FALSE,0.0862,NA,5,53,NA,NA,NA,IGR,FALSE,FALSE,FALSE,FALSE,2,1,1,1_1,7f94d650-41b9-4664-bcde-dc8533e4602d,NA
1,102810122,102810122,1,snv_mnv,NA,NA,"broad,muse",2,COSN7167835,NA,MER54A,FALSE,0.2373,NA,14,45,NA,NA,NA,lincRNA,FALSE,FALSE,FALSE,FALSE,2,1,1,1_1,7f94d650-41b9-4664-bcde-dc8533e4602d,NA
1,102833494,102833494,1,snv_mnv,NA,NA,"broad,dkfz,muse,sanger",4,COSN15097381,NA,THE1D-int,FALSE,0.1552,NA,9,49,NA,NA,NA,lincRNA,FALSE,FALSE,FALSE,FALSE,2,1,1,1_1,7f94d650-41b9-4664-bcde-dc8533e4602d,NA
1,102961653,102961653,1,snv_mnv,NA,NA,"broad,dkfz,muse,sanger",4,COSN8963016,NA,NA,FALSE,0.1818,NA,12,54,NA,NA,NA,IGR,FALSE,FALSE,FALSE,FALSE,2,1,1,1_1,7f94d650-41b9-4664-bcde-dc8533e4602d,NA
1,103064446,103064446,1,snv_mnv,NA,NA,"broad,dkfz,muse,sanger",4,COSN17706796,NA,NA,FALSE,0.1569,NA,8,43,NA,NA,NA,IGR,FALSE,FALSE,FALSE,FALSE,1,1,0,1_0,7f94d650-41b9-4664-bcde-dc8533e4602d,NA
1,105735894,105735894,1,snv_mnv,NA,NA,"broad,dkfz,muse,sanger",4,COSN17421216,NA,NA,FALSE,0.1884,NA,13,56,NA,NA,NA,IGR,FALSE,FALSE,FALSE,FALSE,2,1,1,1_1,7f94d650-41b9-4664-bcde-dc8533e4602d,NA
1,106003900,106003900,1,snv_mnv,NA,NA,"broad,dkfz,muse,sanger",4,COSN5196764,NA,NA,FALSE,0.1818,NA,14,63,NA,NA,NA,IGR,FALSE,FALSE,FALSE,FALSE,2,1,1,1_1,7f94d650-41b9-4664-bcde-dc8533e4602d,NA
1,106250588,106250588,1,snv_mnv,NA,NA,"broad,dkfz,muse,sanger",4,COSN17627973,NA,AluSg,FALSE,0.1837,NA,9,40,NA,NA,NA,IGR,FALSE,FALSE,FALSE,FALSE,2,1,1,1_1,7f94d650-41b9-4664-bcde-dc8533e4602d,NA
1,156816345,156816345,1,snv_mnv,NA,NA,"broad,dkfz,muse,sanger",4,COSM4896869,NA,NA,FALSE,0.6056,NA,43,28,NA,NA,NA,Silent,FALSE,FALSE,FALSE,FALSE,5,5,0,5_0,7f94d650-41b9-4664-bcde-dc8533e4602d,NA
1,158231433,158231433,1,snv_mnv,NA,NA,"dkfz,muse,sanger",3,COSN17715338,NA,LOR1-int,FALSE,0.1507,NA,11,62,NA,NA,NA,IGR,FALSE,FALSE,FALSE,FALSE,5,5,0,5_0,7f94d650-41b9-4664-bcde-dc8533e4602d,CD1A
1,158263209,158263209,1,snv_mnv,NA,NA,"broad,dkfz,muse,sanger",4,COSN8965258,NA,NA,FALSE,0.0625,NA,6,90,NA,NA,NA,Intron,FALSE,FALSE,FALSE,FALSE,5,5,0,5_0,7f94d650-41b9-4664-bcde-dc8533e4602d,NA
1,158283720,158283720,1,snv_mnv,NA,NA,"broad,muse,sanger",3,COSN15048947,NA,L1M1,FALSE,0.0617,NA,5,76,NA,NA,NA,IGR,FALSE,FALSE,FALSE,FALSE,5,5,0,5_0,7f94d650-41b9-4664-bcde-dc8533e4602d,NA
1,158687131,158687131,1,snv_mnv,NA,NA,"broad,dkfz,muse,sanger",4,COSM207085,NA,NA,FALSE,0.2727,NA,21,56,NA,NA,NA,Missense_Mutation,FALSE,FALSE,FALSE,FALSE,5,5,0,5_0,7f94d650-41b9-4664-bcde-dc8533e4602d,NA
1,158786266,158786266,1,snv_mnv,NA,NA,"broad,dkfz,muse,sanger",4,COSN17331531,NA,AluJo,FALSE,0.1486,NA,11,63,NA,NA,NA,IGR,FALSE,FALSE,FALSE,FALSE,5,5,0,5_0,7f94d650-41b9-4664-bcde-dc8533e4602d,NA
1,159205804,159205804,1,snv_mnv,NA,NA,"broad,muse,sanger",3,COSN17620384,NA,L1PA6,FALSE,0.0588,NA,5,80,NA,NA,NA,IGR,FALSE,FALSE,FALSE,FALSE,5,5,0,5_0,7f94d650-41b9-4664-bcde-dc8533e4602d,NA
1,175821353,175821353,1,snv_mnv,NA,NA,"broad,dkfz,muse,sanger",4,COSN8966185,NA,MIR,FALSE,0.1014,NA,7,62,NA,NA,NA,IGR,FALSE,FALSE,FALSE,FALSE,5,5,0,5_0,7f94d650-41b9-4664-bcde-dc8533e4602d,NA
1,176809679,176809679,1,snv_mnv,NA,NA,"broad,dkfz,sanger",3,COSN18023716,NA,NA,FALSE,0.0521,NA,5,91,NA,NA,NA,Intron,FALSE,FALSE,FALSE,FALSE,5,5,0,5_0,7f94d650-41b9-4664-bcde-dc8533e4602d,PAPPA2
1,187154272,187154272,1,snv_mnv,NA,NA,"broad,dkfz,muse,sanger",4,COSN17346512,NA,NA,FALSE,0.0521,NA,5,91,NA,NA,NA,lincRNA,FALSE,FALSE,FALSE,FALSE,5,5,0,5_0,7f94d650-41b9-4664-bcde-dc8533e4602d,NA
1,188071154,188071154,1,snv_mnv,NA,NA,"broad,dkfz,muse,sanger",4,COSN17624612,NA,LTR49-int,FALSE,0.1316,NA,10,66,NA,NA,NA,IGR,FALSE,FALSE,FALSE,FALSE,5,5,0,5_0,7f94d650-41b9-4664-bcde-dc8533e4602d,NA
1,188308145,188308145,1,snv_mnv,NA,NA,"broad,dkfz,muse,sanger",4,COSN8967118,NA,HERVL-int,FALSE,0.1546,NA,15,82,NA,NA,NA,IGR,FALSE,FALSE,FALSE,FALSE,5,5,0,5_0,7f94d650-41b9-4664-bcde-dc8533e4602d,NA
1,188701218,188701218,1,snv_mnv,NA,NA,"broad,dkfz,muse,sanger",4,COSN17763424,NA,HERVL-int,FALSE,0.2472,NA,22,67,NA,NA,NA,IGR,FALSE,FALSE,FALSE,FALSE,5,5,0,5_0,7f94d650-41b9-4664-bcde-dc8533e4602d,NA
1,188736128,188736128,1,snv_mnv,NA,NA,"broad,dkfz,sanger",3,COSN15283214,NA,NA,FALSE,0.0556,NA,5,85,NA,NA,NA,IGR,FALSE,FALSE,FALSE,FALSE,5,5,0,5_0,7f94d650-41b9-4664-bcde-dc8533e4602d,NA
1,189576198,189576198,1,snv_mnv,NA,NA,"broad,dkfz,muse,sanger",4,COSN8967406,NA,MER63C,FALSE,0.13,NA,13,87,NA,NA,NA,IGR,FALSE,FALSE,FALSE,FALSE,5,5,0,5_0,7f94d650-41b9-4664-bcde-dc8533e4602d,NA
1,189901968,189901968,1,snv_mnv,NA,NA,"broad,dkfz,muse,sanger",4,COSN17644334,NA,MLT1I,FALSE,0.06,NA,6,94,NA,NA,NA,IGR,FALSE,FALSE,FALSE,FALSE,5,5,0,5_0,7f94d650-41b9-4664-bcde-dc8533e4602d,NA
1,199182771,199182771,1,snv_mnv,NA,NA,"broad,dkfz,muse,sanger",4,COSN17333197,NA,L1PA13,FALSE,0.1628,NA,14,72,NA,NA,NA,lincRNA,FALSE,FALSE,FALSE,FALSE,5,5,0,5_0,7f94d650-41b9-4664-bcde-dc8533e4602d,NA
1,201015306,201015306,1,snv_mnv,NA,NA,"broad,muse",2,COSN14922805,NA,AluSz,FALSE,0.0685,NA,5,68,NA,NA,NA,Intron,FALSE,FALSE,FALSE,FALSE,5,5,0,5_0,7f94d650-41b9-4664-bcde-dc8533e4602d,AL358473.2
1,207749006,207749006,1,snv_mnv,1.9968e-4,rs56249955,"broad,muse,sanger",3,COSM903155,rs56249955,NA,FALSE,0.1463,NA,12,70,NA,NA,NA,Silent,FALSE,FALSE,FALSE,FALSE,5,5,0,5_0,7f94d650-41b9-4664-bcde-dc8533e4602d,NA
1,208834450,208834450,1,snv_mnv,NA,NA,"broad,dkfz,muse,sanger",4,COSN15247389,NA,NA,FALSE,0.1392,NA,11,68,NA,NA,NA,IGR,FALSE,FALSE,FALSE,FALSE,5,5,0,5_0,7f94d650-41b9-4664-bcde-dc8533e4602d,NA
1,209610136,209610136,1,snv_mnv,NA,NA,"muse,sanger",2,COSN19303294,NA,MIRb,FALSE,0.0455,NA,5,105,NA,NA,NA,IGR,FALSE,FALSE,FALSE,FALSE,5,5,0,5_0,7f94d650-41b9-4664-bcde-dc8533e4602d,"MIR205HG,MIR205"
1,215133821,215133821,1,snv_mnv,NA,NA,"broad,dkfz,muse,sanger",4,COSN17322243,NA,NA,FALSE,0.125,NA,15,105,NA,NA,NA,IGR,FALSE,FALSE,FALSE,FALSE,5,5,0,5_0,7f94d650-41b9-4664-bcde-dc8533e4602d,NA
1,215544409,215544409,1,snv_mnv,NA,NA,"broad,dkfz,muse,sanger",4,COSN8969684,NA,L1PA8A,FALSE,0.0947,NA,9,86,NA,NA,NA,IGR,FALSE,FALSE,FALSE,FALSE,5,5,0,5_0,7f94d650-41b9-4664-bcde-dc8533e4602d,NA
1,217361718,217361718,1,snv_mnv,NA,NA,"broad,dkfz,muse,sanger",4,COSN7985186,NA,MLT1E1A,FALSE,0.5851,NA,55,39,NA,NA,NA,IGR,FALSE,FALSE,FALSE,FALSE,5,5,0,5_0,7f94d650-41b9-4664-bcde-dc8533e4602d,NA
1,221140397,221140397,1,snv_mnv,NA,NA,"broad,dkfz,muse,sanger",4,COSN7204740,NA,NA,FALSE,0.1915,NA,9,38,NA,NA,NA,IGR,FALSE,FALSE,FALSE,FALSE,2,2,0,2_0,7f94d650-41b9-4664-bcde-dc8533e4602d,NA
1,237496734,237496734,1,snv_mnv,NA,NA,"broad,dkfz,muse",3,COSN17323460,NA,MamRep38,FALSE,0.0816,NA,8,90,NA,NA,NA,Intron,FALSE,FALSE,FALSE,FALSE,8,8,0,8_0,7f94d650-41b9-4664-bcde-dc8533e4602d,NA
1,240377010,240377010,1,snv_mnv,NA,NA,"broad,dkfz,muse,sanger",4,COSN17290373,NA,NA,FALSE,0.1357,NA,19,121,NA,NA,NA,Intron,FALSE,FALSE,FALSE,FALSE,10,10,0,10_0,7f94d650-41b9-4664-bcde-dc8533e4602d,NA
1,240720237,240720237,1,snv_mnv,NA,NA,"broad,dkfz,muse,sanger",4,COSN8971061,NA,AluSx3,FALSE,0.0734,NA,8,101,NA,NA,NA,Intron,FALSE,FALSE,FALSE,FALSE,10,10,0,10_0,7f94d650-41b9-4664-bcde-dc8533e4602d,NA
1,243009888,243009888,1,snv_mnv,NA,NA,"broad,dkfz,muse,sanger",4,COSN17623568,NA,NA,FALSE,0.0656,NA,8,114,NA,NA,NA,IGR,FALSE,FALSE,FALSE,FALSE,9,9,0,9_0,7f94d650-41b9-4664-bcde-dc8533e4602d,NA
1,243125120,243125120,1,snv_mnv,NA,NA,"broad,muse,sanger",3,COSN8971393,NA,NA,FALSE,0.0504,NA,6,113,NA,NA,NA,IGR,FALSE,FALSE,FALSE,FALSE,9,9,0,9_0,7f94d650-41b9-4664-bcde-dc8533e4602d,NA
1,243879435,243879435,1,snv_mnv,NA,NA,"broad,dkfz,muse,sanger",4,COSN8971438,NA,NA,FALSE,0.2754,NA,38,100,NA,NA,NA,Intron,FALSE,FALSE,FALSE,FALSE,9,9,0,9_0,7f94d650-41b9-4664-bcde-dc8533e4602d,NA
1,248525567,248525567,1,snv_mnv,NA,NA,"broad,dkfz,muse,sanger",4,COSM1582234,NA,NA,FALSE,0.055,NA,6,103,NA,NA,NA,Missense_Mutation,FALSE,FALSE,FALSE,FALSE,8,8,0,8_0,7f94d650-41b9-4664-bcde-dc8533e4602d,NA
10,2305708,2305708,1,snv_mnv,NA,NA,"broad,dkfz,muse,sanger",4,COSN17424410,NA,NA,FALSE,0.1724,NA,10,48,NA,NA,NA,IGR,FALSE,FALSE,FALSE,FALSE,3,2,1,2_1,7f94d650-41b9-4664-bcde-dc8533e4602d,NA
10,9000054,9000054,1,snv_mnv,1.9968e-4,rs557763341,"broad,dkfz,muse,sanger",4,COSN8725001,rs557763341,NA,FALSE,0.3684,NA,21,36,NA,NA,NA,IGR,FALSE,FALSE,FALSE,FALSE,3,2,1,2_1,7f94d650-41b9-4664-bcde-dc8533e4602d,NA
10,9203852,9203852,1,snv_mnv,NA,NA,"broad,dkfz,muse,sanger",4,COSN17418019,NA,NA,FALSE,0.2609,NA,12,34,NA,NA,NA,IGR,FALSE,FALSE,FALSE,FALSE,3,2,1,2_1,7f94d650-41b9-4664-bcde-dc8533e4602d,NA
10,10560946,10560946,1,snv_mnv,NA,NA,"broad,dkfz,muse,sanger",4,COSN17344024,NA,NA,FALSE,0.0794,NA,5,58,NA,NA,NA,IGR,FALSE,FALSE,FALSE,FALSE,3,2,1,2_1,7f94d650-41b9-4664-bcde-dc8533e4602d,NA
10,36590778,36590778,1,snv_mnv,NA,NA,"broad,dkfz,muse,sanger",4,COSN16113159,NA,NA,FALSE,0.1558,NA,12,65,NA,NA,NA,IGR,FALSE,FALSE,FALSE,FALSE,3,2,1,2_1,7f94d650-41b9-4664-bcde-dc8533e4602d,NA
10,55505835,55505835,1,snv_mnv,NA,NA,"broad,dkfz,muse,sanger",4,COSN14967016,NA,NA,FALSE,0.0698,NA,6,80,NA,NA,NA,IGR,FALSE,FALSE,FALSE,FALSE,3,2,1,2_1,7f94d650-41b9-4664-bcde-dc8533e4602d,NA
10,56391114,56391114,1,snv_mnv,NA,NA,"broad,dkfz,muse,sanger",4,COSN6974537,NA,MSTA,FALSE,0.2059,NA,14,54,NA,NA,NA,Intron,FALSE,FALSE,FALSE,FALSE,3,2,1,2_1,7f94d650-41b9-4664-bcde-dc8533e4602d,NA
10,56617462,56617462,1,snv_mnv,NA,NA,"broad,dkfz,muse,sanger",4,COSN15274773,NA,AluJr4,FALSE,0.2045,NA,9,35,NA,NA,NA,Intron,FALSE,FALSE,FALSE,FALSE,3,2,1,2_1,7f94d650-41b9-4664-bcde-dc8533e4602d,NA
10,57233095,57233095,1,snv_mnv,NA,NA,"broad,dkfz,muse,sanger",4,COSN6975200,rs762856333,NA,FALSE,0.1711,NA,13,63,NA,NA,NA,Intron,FALSE,FALSE,FALSE,FALSE,3,2,1,2_1,7f94d650-41b9-4664-bcde-dc8533e4602d,NA
10,57389074,57389074,1,snv_mnv,NA,NA,"broad,dkfz,muse,sanger",4,COSN17389547,NA,NA,FALSE,0.1324,NA,9,59,NA,NA,NA,5'Flank,FALSE,FALSE,FALSE,FALSE,3,2,1,2_1,7f94d650-41b9-4664-bcde-dc8533e4602d,PCDH15
10,57894669,57894669,1,snv_mnv,NA,NA,"dkfz,muse,sanger",3,COSN5820129,NA,NA,FALSE,0.1053,NA,6,51,NA,NA,NA,IGR,FALSE,FALSE,FALSE,FALSE,3,2,1,2_1,7f94d650-41b9-4664-bcde-dc8533e4602d,NA
10,58558047,58558047,1,snv_mnv,NA,NA,"broad,dkfz,muse,sanger",4,COSN6976378,NA,NA,FALSE,0.08,NA,6,69,NA,NA,NA,IGR,FALSE,FALSE,FALSE,FALSE,3,2,1,2_1,7f94d650-41b9-4664-bcde-dc8533e4602d,NA
10,58793104,58793104,1,snv_mnv,NA,NA,"broad,dkfz,muse,sanger",4,COSN5820293,NA,THE1A,FALSE,0.1864,NA,11,48,NA,NA,NA,IGR,FALSE,FALSE,FALSE,FALSE,3,2,1,2_1,7f94d650-41b9-4664-bcde-dc8533e4602d,NA
10,60741269,60741269,1,snv_mnv,NA,NA,"broad,dkfz,muse,sanger",4,COSN8934731,NA,MIRb,FALSE,0.1837,NA,9,40,NA,NA,NA,IGR,FALSE,FALSE,FALSE,FALSE,3,2,1,2_1,7f94d650-41b9-4664-bcde-dc8533e4602d,NA
10,67507160,67507160,1,snv_mnv,NA,NA,"broad,dkfz,muse,sanger",4,COSN15280070,NA,NA,FALSE,0.1077,NA,7,58,NA,NA,NA,IGR,FALSE,FALSE,FALSE,FALSE,3,2,1,2_1,7f94d650-41b9-4664-bcde-dc8533e4602d,NA
10,67773497,67773497,1,snv_mnv,NA,NA,"broad,dkfz,muse,sanger",4,COSN17588231,NA,NA,FALSE,0.1486,NA,11,63,NA,NA,NA,Intron,FALSE,FALSE,FALSE,FALSE,3,2,1,2_1,7f94d650-41b9-4664-bcde-dc8533e4602d,NA
10,78228145,78228145,1,snv_mnv,NA,NA,"broad,dkfz,muse,sanger",4,COSN8935824,NA,NA,FALSE,0.069,NA,6,81,NA,NA,NA,Intron,FALSE,FALSE,FALSE,FALSE,3,2,1,2_1,7f94d650-41b9-4664-bcde-dc8533e4602d,LRMDA
10,83096929,83096929,1,snv_mnv,NA,NA,"broad,dkfz,muse,sanger",4,COSN7070695,NA,MSTA-int,FALSE,0.1587,NA,10,53,NA,NA,NA,IGR,FALSE,FALSE,FALSE,FALSE,3,2,1,2_1,7f94d650-41b9-4664-bcde-dc8533e4602d,NA
10,83318072,83318072,1,snv_mnv,NA,NA,"broad,muse,sanger",3,COSN8936199,NA,L1PA7,FALSE,0.1493,NA,10,57,NA,NA,NA,IGR,FALSE,FALSE,FALSE,FALSE,3,2,1,2_1,7f94d650-41b9-4664-bcde-dc8533e4602d,NA
10,83383963,83383963,1,snv_mnv,NA,NA,"broad,dkfz,muse,sanger",4,COSN5291520,NA,L1PB4,FALSE,0.2344,NA,15,49,NA,NA,NA,IGR,FALSE,FALSE,FALSE,FALSE,3,2,1,2_1,7f94d650-41b9-4664-bcde-dc8533e4602d,NA
10,83387196,83387196,1,snv_mnv,NA,NA,"broad,dkfz,muse,sanger",4,COSN17718480,NA,NA,FALSE,0.2078,NA,16,61,NA,NA,NA,IGR,FALSE,FALSE,FALSE,FALSE,3,2,1,2_1,7f94d650-41b9-4664-bcde-dc8533e4602d,NA
10,83415094,83415094,1,snv_mnv,NA,NA,"broad,dkfz,muse,sanger",4,COSN15271533,NA,L1MA8,FALSE,0.1452,NA,9,53,NA,NA,NA,IGR,FALSE,FALSE,FALSE,FALSE,3,2,1,2_1,7f94d650-41b9-4664-bcde-dc8533e4602d,NA
10,83613815,83613815,1,snv_mnv,NA,NA,"broad,muse",2,COSN17513387,NA,Tigger1,FALSE,0.0933,NA,7,68,NA,NA,NA,IGR,FALSE,FALSE,FALSE,FALSE,3,2,1,2_1,7f94d650-41b9-4664-bcde-dc8533e4602d,NA
10,84053124,84053124,1,snv_mnv,NA,NA,"dkfz,muse,sanger",3,COSN8936371,NA,NA,FALSE,0.0864,NA,7,74,NA,NA,NA,Intron,FALSE,FALSE,FALSE,FALSE,3,2,1,2_1,7f94d650-41b9-4664-bcde-dc8533e4602d,NA
10,86760232,86760232,1,snv_mnv,NA,NA,"broad,dkfz,muse,sanger",4,COSN14438572,NA,NA,FALSE,0.2857,NA,22,55,NA,NA,NA,IGR,FALSE,FALSE,FALSE,FALSE,3,2,1,2_1,7f94d650-41b9-4664-bcde-dc8533e4602d,NA
10,92007652,92007652,1,snv_mnv,NA,NA,"broad,dkfz,muse,sanger",4,COSN8937162,NA,NA,FALSE,0.127,NA,8,55,NA,NA,NA,IGR,FALSE,FALSE,FALSE,FALSE,3,2,1,2_1,7f94d650-41b9-4664-bcde-dc8533e4602d,NA
10,92457473,92457473,1,snv_mnv,NA,NA,"broad,dkfz,muse,sanger",4,COSN8937241,NA,NA,FALSE,0.2254,NA,16,55,NA,NA,NA,IGR,FALSE,FALSE,FALSE,FALSE,3,2,1,2_1,7f94d650-41b9-4664-bcde-dc8533e4602d,NA
10,107400832,107400832,1,snv_mnv,NA,NA,"broad,dkfz,muse,sanger",4,COSN15178938,NA,L1ME4a,FALSE,0.1127,NA,8,63,NA,NA,NA,IGR,FALSE,FALSE,FALSE,FALSE,3,2,1,2_1,7f94d650-41b9-4664-bcde-dc8533e4602d,NA
10,108120868,108120868,1,snv_mnv,1.9968e-4,rs555133335,"broad,dkfz,muse,sanger",4,COSN8917911,rs555133335,MLT1E1,FALSE,0.1224,NA,6,43,NA,NA,NA,IGR,FALSE,FALSE,FALSE,FALSE,3,2,1,2_1,7f94d650-41b9-4664-bcde-dc8533e4602d,NA
10,108141833,108141833,1,snv_mnv,NA,NA,"broad,dkfz,muse,sanger",4,COSN14590322,NA,AluSx1,FALSE,0.2889,NA,13,32,NA,NA,NA,IGR,FALSE,FALSE,FALSE,FALSE,3,2,1,2_1,7f94d650-41b9-4664-bcde-dc8533e4602d,NA
10,108839253,108839253,1,snv_mnv,NA,NA,"broad,dkfz,muse,sanger",4,COSN15183424,NA,NA,FALSE,0.0857,NA,6,64,NA,NA,NA,Intron,FALSE,FALSE,FALSE,FALSE,3,2,1,2_1,7f94d650-41b9-4664-bcde-dc8533e4602d,NA
10,109082694,109082694,1,snv_mnv,0.0017971,rs561911042,"broad,dkfz,muse,sanger",4,COSN19487670,rs561911042,AluSx3,FALSE,0.1549,NA,11,60,NA,NA,NA,IGR,FALSE,FALSE,FALSE,FALSE,3,2,1,2_1,7f94d650-41b9-4664-bcde-dc8533e4602d,NA
10,109588704,109588704,1,snv_mnv,NA,NA,"broad,dkfz,muse,sanger",4,COSN8918340,NA,MIRb,FALSE,0.1127,NA,8,63,NA,NA,NA,IGR,FALSE,FALSE,FALSE,FALSE,3,2,1,2_1,7f94d650-41b9-4664-bcde-dc8533e4602d,NA
10,109971953,109971953,1,snv_mnv,NA,NA,"broad,dkfz,muse,sanger",4,COSN17619452,NA,L1PBa,FALSE,0.1045,NA,7,60,NA,NA,NA,IGR,FALSE,FALSE,FALSE,FALSE,3,2,1,2_1,7f94d650-41b9-4664-bcde-dc8533e4602d,NA
10,117304918,117304918,1,snv_mnv,NA,NA,"broad,dkfz,muse,sanger",4,COSN15012043,NA,NA,FALSE,0.0789,NA,6,70,NA,NA,NA,Intron,FALSE,FALSE,FALSE,FALSE,3,2,1,2_1,7f94d650-41b9-4664-bcde-dc8533e4602d,NA
10,117539920,117539920,1,snv_mnv,NA,NA,"broad,dkfz,muse,sanger",4,COSN14836921,NA,L1M1,FALSE,0.129,NA,8,54,NA,NA,NA,Intron,FALSE,FALSE,FALSE,FALSE,3,2,1,2_1,7f94d650-41b9-4664-bcde-dc8533e4602d,NA
10,118553110,118553110,1,snv_mnv,NA,NA,"broad,muse,sanger",3,COSN15545862,NA,AluJb,FALSE,0.1644,NA,12,61,NA,NA,NA,IGR,FALSE,FALSE,FALSE,FALSE,3,2,1,2_1,7f94d650-41b9-4664-bcde-dc8533e4602d,NA
10,120363595,120363595,1,snv_mnv,NA,NA,"broad,dkfz,muse,sanger",4,COSN17410104,NA,NA,FALSE,0.2687,NA,18,49,NA,NA,NA,IGR,FALSE,FALSE,FALSE,FALSE,3,2,1,2_1,7f94d650-41b9-4664-bcde-dc8533e4602d,NA
10,125506337,125506337,1,snv_mnv,NA,NA,"broad,dkfz,muse,sanger",4,COSM5360155,NA,NA,FALSE,0.0833,NA,4,44,NA,NA,NA,Silent,FALSE,FALSE,FALSE,FALSE,3,2,1,2_1,7f94d650-41b9-4664-bcde-dc8533e4602d,NA
10,130782189,130782189,1,snv_mnv,NA,NA,"broad,dkfz,muse,sanger",4,COSN17278304,NA,NA,FALSE,0.1538,NA,10,55,NA,NA,NA,IGR,FALSE,FALSE,FALSE,FALSE,3,2,1,2_1,7f94d650-41b9-4664-bcde-dc8533e4602d,NA
10,131232081,131232081,1,snv_mnv,NA,NA,"broad,dkfz,muse,sanger",4,COSN8920101,NA,NA,FALSE,0.2308,NA,12,40,NA,NA,NA,IGR,FALSE,FALSE,FALSE,FALSE,3,2,1,2_1,7f94d650-41b9-4664-bcde-dc8533e4602d,NA
10,131245356,131245356,1,snv_mnv,NA,NA,"broad,dkfz,muse,sanger",4,COSN8920102,NA,NA,FALSE,0.0921,NA,7,69,NA,NA,NA,IGR,FALSE,FALSE,FALSE,FALSE,3,2,1,2_1,7f94d650-41b9-4664-bcde-dc8533e4602d,NA
11,2445288,2445288,1,snv_mnv,NA,NA,"broad,dkfz,muse",3,COSN15812400,NA,NA,FALSE,0.0794,NA,5,58,NA,NA,NA,5'Flank,FALSE,FALSE,FALSE,FALSE,4,3,1,3_1,7f94d650-41b9-4664-bcde-dc8533e4602d,TRPM5
11,4547185,4547185,1,snv_mnv,NA,NA,"broad,muse",2,COSN17319952,NA,AluSx1,FALSE,0.0633,NA,5,74,NA,NA,NA,IGR,FALSE,FALSE,FALSE,FALSE,4,3,1,3_1,7f94d650-41b9-4664-bcde-dc8533e4602d,NA
11,5034844,5034844,1,snv_mnv,NA,NA,"broad,dkfz,muse,sanger",4,COSN8955476,NA,NA,FALSE,0.1341,NA,11,71,NA,NA,NA,IGR,FALSE,FALSE,FALSE,FALSE,4,3,1,3_1,7f94d650-41b9-4664-bcde-dc8533e4602d,OR51P1P
11,6078955,6078955,1,snv_mnv,NA,NA,"broad,dkfz,muse,sanger",4,COSM929367,NA,NA,FALSE,0.1184,NA,9,67,NA,NA,NA,IGR,FALSE,FALSE,FALSE,FALSE,4,3,1,3_1,7f94d650-41b9-4664-bcde-dc8533e4602d,NA
11,17111392,17111392,1,snv_mnv,NA,NA,"broad,dkfz,muse,sanger",4,COSM1507505,NA,NA,FALSE,0.1644,NA,12,61,NA,NA,NA,Missense_Mutation,FALSE,FALSE,FALSE,FALSE,4,3,1,3_1,7f94d650-41b9-4664-bcde-dc8533e4602d,NA
11,19015282,19015282,1,snv_mnv,NA,NA,"broad,dkfz,muse,sanger",4,COSN9030590,NA,L1PA6,FALSE,0.1053,NA,8,68,NA,NA,NA,IGR,FALSE,FALSE,FALSE,FALSE,4,3,1,3_1,7f94d650-41b9-4664-bcde-dc8533e4602d,NA
11,20658776,20658776,1,snv_mnv,NA,NA,"broad,dkfz,muse,sanger",4,COSM267454,rs138885115,NA,FALSE,0.1528,NA,11,61,NA,NA,NA,Missense_Mutation,FALSE,FALSE,FALSE,FALSE,4,3,1,3_1,7f94d650-41b9-4664-bcde-dc8533e4602d,NA
11,20959354,20959354,1,snv_mnv,NA,NA,"broad,dkfz,muse,sanger",4,COSM211909,NA,NA,FALSE,0.1205,NA,10,73,NA,NA,NA,Missense_Mutation,FALSE,FALSE,FALSE,FALSE,4,3,1,3_1,7f94d650-41b9-4664-bcde-dc8533e4602d,NA
11,21499075,21499075,1,snv_mnv,NA,NA,"broad,dkfz,muse,sanger",4,COSN8941728,NA,L1M1,FALSE,0.1098,NA,9,73,NA,NA,NA,Intron,FALSE,FALSE,FALSE,FALSE,4,3,1,3_1,7f94d650-41b9-4664-bcde-dc8533e4602d,NA
11,28928684,28928684,1,snv_mnv,NA,NA,"broad,dkfz,muse,sanger",4,COSN8218742,NA,L2b,FALSE,0.1548,NA,13,71,NA,NA,NA,lincRNA,FALSE,FALSE,FALSE,FALSE,4,3,1,3_1,7f94d650-41b9-4664-bcde-dc8533e4602d,NA
11,29315125,29315125,1,snv_mnv,NA,NA,"broad,muse,sanger",3,COSN16851173,NA,MIRc,FALSE,0.0667,NA,5,70,NA,NA,NA,IGR,FALSE,FALSE,FALSE,FALSE,4,3,1,3_1,7f94d650-41b9-4664-bcde-dc8533e4602d,NA
11,29618325,29618325,1,snv_mnv,NA,NA,"broad,sanger",2,COSN15666515,NA,MER2,FALSE,0.0952,NA,6,57,NA,NA,NA,lincRNA,FALSE,FALSE,FALSE,FALSE,4,3,1,3_1,7f94d650-41b9-4664-bcde-dc8533e4602d,AC090124.1
11,29814459,29814459,1,snv_mnv,NA,NA,"broad,muse",2,COSN38645,NA,NA,FALSE,0.0513,NA,4,74,NA,NA,NA,lincRNA,FALSE,FALSE,FALSE,FALSE,4,3,1,3_1,7f94d650-41b9-4664-bcde-dc8533e4602d,NA
11,29941156,29941156,1,snv_mnv,NA,NA,"broad,dkfz,muse,sanger",4,COSN17343327,NA,NA,FALSE,0.0959,NA,7,66,NA,NA,NA,IGR,FALSE,FALSE,FALSE,FALSE,4,3,1,3_1,7f94d650-41b9-4664-bcde-dc8533e4602d,NA
11,30226600,30226600,1,snv_mnv,NA,NA,"broad,dkfz,muse,sanger",4,COSN152228,NA,NA,FALSE,0.1158,NA,11,84,NA,NA,NA,IGR,FALSE,FALSE,FALSE,FALSE,4,3,1,3_1,7f94d650-41b9-4664-bcde-dc8533e4602d,NA
11,31040891,31040891,1,snv_mnv,NA,NA,"broad,dkfz,muse,sanger",4,COSN15006755,NA,NA,FALSE,0.0879,NA,8,83,NA,NA,NA,Intron,FALSE,FALSE,FALSE,FALSE,4,3,1,3_1,7f94d650-41b9-4664-bcde-dc8533e4602d,NA
11,37185284,37185284,1,snv_mnv,NA,NA,"broad,dkfz,muse,sanger",4,COSN8953400,NA,LTR16C,FALSE,0.2188,NA,14,50,NA,NA,NA,IGR,FALSE,FALSE,FALSE,FALSE,4,3,1,3_1,7f94d650-41b9-4664-bcde-dc8533e4602d,NA
11,37278300,37278300,1,snv_mnv,NA,NA,"broad,dkfz,muse,sanger",4,COSN15297923,NA,MLT1I,FALSE,0.1099,NA,10,81,NA,NA,NA,IGR,FALSE,FALSE,FALSE,FALSE,4,3,1,3_1,7f94d650-41b9-4664-bcde-dc8533e4602d,NA
11,38002988,38002988,1,snv_mnv,NA,NA,"broad,dkfz,muse,sanger",4,COSN7005105,NA,NA,FALSE,0.1304,NA,12,80,NA,NA,NA,IGR,FALSE,FALSE,FALSE,FALSE,4,3,1,3_1,7f94d650-41b9-4664-bcde-dc8533e4602d,NA
11,39791997,39791997,1,snv_mnv,NA,NA,"broad,dkfz,muse,sanger",4,COSN8953871,NA,NA,FALSE,0.0519,NA,4,73,NA,NA,NA,IGR,FALSE,FALSE,FALSE,FALSE,4,3,1,3_1,7f94d650-41b9-4664-bcde-dc8533e4602d,NA
11,40041544,40041544,1,snv_mnv,NA,NA,"broad,dkfz,muse,sanger",4,COSN8953911,NA,LTR88b,FALSE,0.1324,NA,9,59,NA,NA,NA,IGR,FALSE,FALSE,FALSE,FALSE,4,3,1,3_1,7f94d650-41b9-4664-bcde-dc8533e4602d,NA
11,40634811,40634811,1,snv_mnv,NA,NA,"broad,dkfz,muse,sanger",4,COSN8954029,NA,Tigger1,FALSE,0.0909,NA,5,50,NA,NA,NA,Intron,FALSE,FALSE,FALSE,FALSE,4,3,1,3_1,7f94d650-41b9-4664-bcde-dc8533e4602d,NA
11,42137658,42137658,1,snv_mnv,NA,NA,"broad,muse,sanger",3,COSN17628102,NA,ERVL-E-int,FALSE,0.0588,NA,5,80,NA,NA,NA,lincRNA,FALSE,FALSE,FALSE,FALSE,4,3,1,3_1,7f94d650-41b9-4664-bcde-dc8533e4602d,NA
11,42197133,42197133,1,snv_mnv,NA,NA,"broad,dkfz,muse,sanger",4,COSN15000468,NA,NA,FALSE,0.0921,NA,7,69,NA,NA,NA,IGR,FALSE,FALSE,FALSE,FALSE,4,3,1,3_1,7f94d650-41b9-4664-bcde-dc8533e4602d,NA
11,42378096,42378096,1,snv_mnv,NA,NA,"broad,muse",2,COSN14907546,NA,NA,FALSE,0.0854,NA,7,75,NA,NA,NA,IGR,FALSE,FALSE,FALSE,FALSE,4,3,1,3_1,7f94d650-41b9-4664-bcde-dc8533e4602d,NA
11,42684437,42684437,1,snv_mnv,NA,NA,"broad,dkfz,muse,sanger",4,COSN8535838,NA,MIRb,FALSE,0.1205,NA,10,73,NA,NA,NA,IGR,FALSE,FALSE,FALSE,FALSE,4,3,1,3_1,7f94d650-41b9-4664-bcde-dc8533e4602d,NA
11,43066202,43066202,1,snv_mnv,NA,NA,"broad,dkfz,muse,sanger",4,COSN8954696,NA,NA,FALSE,0.0732,NA,6,76,NA,NA,NA,IGR,FALSE,FALSE,FALSE,FALSE,4,3,1,3_1,7f94d650-41b9-4664-bcde-dc8533e4602d,NA
11,48445541,48445541,1,snv_mnv,NA,NA,"broad,muse,sanger",3,COSN7010403,NA,L1PB1,FALSE,0.0619,NA,6,91,NA,NA,NA,IGR,FALSE,FALSE,FALSE,FALSE,4,3,1,3_1,7f94d650-41b9-4664-bcde-dc8533e4602d,OR4C2P
11,48866718,48866718,1,snv_mnv,NA,NA,"broad,muse",2,COSN7010720,NA,ALR/Alpha,FALSE,0.4648,NA,33,38,NA,NA,NA,IGR,FALSE,FALSE,FALSE,FALSE,4,3,1,3_1,7f94d650-41b9-4664-bcde-dc8533e4602d,NA
11,49083269,49083269,1,snv_mnv,NA,NA,"broad,muse,sanger",3,COSN16593362,NA,AluSg4,FALSE,0.3095,NA,13,29,NA,NA,NA,5'Flank,FALSE,FALSE,FALSE,FALSE,4,3,1,3_1,7f94d650-41b9-4664-bcde-dc8533e4602d,NA
11,55722491,55722491,1,snv_mnv,NA,NA,"broad,dkfz,muse,sanger",4,COSN17325768,NA,L1ME3A,FALSE,0.1719,NA,11,53,NA,NA,NA,IGR,FALSE,FALSE,FALSE,FALSE,3,2,1,2_1,7f94d650-41b9-4664-bcde-dc8533e4602d,OR10AK1P
11,55844929,55844929,1,snv_mnv,NA,NA,"broad,dkfz,muse,sanger",4,COSN5828243,NA,L1PA10,FALSE,0.1529,NA,13,72,NA,NA,NA,IGR,FALSE,FALSE,FALSE,FALSE,3,2,1,2_1,7f94d650-41b9-4664-bcde-dc8533e4602d,NA
11,66359159,66359159,1,snv_mnv,NA,NA,"broad,dkfz,muse,sanger",4,COSM2040512,rs780473418,NA,FALSE,0.1864,NA,11,48,NA,NA,NA,Missense_Mutation,FALSE,FALSE,FALSE,FALSE,3,2,1,2_1,7f94d650-41b9-4664-bcde-dc8533e4602d,CCS
11,78443566,78443566,1,snv_mnv,NA,NA,"broad,dkfz,muse,sanger",4,COSM3453746,NA,NA,FALSE,0.1224,NA,6,43,NA,NA,NA,Missense_Mutation,FALSE,FALSE,FALSE,FALSE,3,2,1,2_1,7f94d650-41b9-4664-bcde-dc8533e4602d,NA
11,82262131,82262131,1,snv_mnv,NA,NA,"broad,dkfz,muse,sanger",4,COSN15194880,NA,NA,FALSE,0.2338,NA,18,59,NA,NA,NA,IGR,FALSE,FALSE,FALSE,FALSE,3,2,1,2_1,7f94d650-41b9-4664-bcde-dc8533e4602d,NA
11,83844048,83844048,1,snv_mnv,NA,NA,"broad,dkfz,muse,sanger",4,COSN15110708,NA,NA,FALSE,0.3651,NA,23,40,NA,NA,NA,Intron,FALSE,FALSE,FALSE,FALSE,3,2,1,2_1,7f94d650-41b9-4664-bcde-dc8533e4602d,NA
11,88909782,88909782,1,snv_mnv,NA,NA,"dkfz,muse,sanger",3,COSN8958121,NA,NA,FALSE,0.1719,NA,11,53,NA,NA,NA,5'Flank,FALSE,FALSE,FALSE,FALSE,3,2,1,2_1,7f94d650-41b9-4664-bcde-dc8533e4602d,TYR
11,89233658,89233658,1,snv_mnv,NA,NA,"broad,dkfz,muse,sanger",4,COSN17764351,NA,MLT1J,FALSE,0.0986,NA,7,64,NA,NA,NA,Intron,FALSE,FALSE,FALSE,FALSE,3,2,1,2_1,7f94d650-41b9-4664-bcde-dc8533e4602d,NA
11,89774444,89774444,1,snv_mnv,NA,NA,"broad,dkfz,muse,sanger",4,COSM430016,rs780192949,NA,FALSE,0.1467,NA,11,64,NA,NA,NA,Missense_Mutation,FALSE,FALSE,FALSE,FALSE,3,2,1,2_1,7f94d650-41b9-4664-bcde-dc8533e4602d,NA
11,90039150,90039150,1,snv_mnv,NA,NA,"broad,dkfz,muse,sanger",4,COSN14806968,NA,NA,FALSE,0.125,NA,6,42,NA,NA,NA,IGR,FALSE,FALSE,FALSE,FALSE,3,2,1,2_1,7f94d650-41b9-4664-bcde-dc8533e4602d,NA
11,90205206,90205206,1,snv_mnv,NA,NA,"broad,dkfz,muse,sanger",4,COSN17625509,NA,NA,FALSE,0.1343,NA,9,58,NA,NA,NA,IGR,FALSE,FALSE,FALSE,FALSE,3,2,1,2_1,7f94d650-41b9-4664-bcde-dc8533e4602d,NA
11,90437583,90437583,1,snv_mnv,1.9968e-4,rs565536990,"broad,dkfz,muse,sanger",4,COSN8877927,rs565536990,ERV3-16A3_I-int,FALSE,0.1833,NA,11,49,NA,NA,NA,RNA,FALSE,FALSE,FALSE,FALSE,3,2,1,2_1,7f94d650-41b9-4664-bcde-dc8533e4602d,NA
11,96750242,96750242,1,snv_mnv,NA,NA,"broad,dkfz,muse,sanger",4,COSN15196557,NA,MIRb,FALSE,0.1127,NA,8,63,NA,NA,NA,IGR,FALSE,FALSE,FALSE,FALSE,3,2,1,2_1,7f94d650-41b9-4664-bcde-dc8533e4602d,NA
11,96804241,96804241,1,snv_mnv,NA,NA,"broad,dkfz,muse,sanger",4,COSN17331268,NA,NA,FALSE,0.0854,NA,7,75,NA,NA,NA,IGR,FALSE,FALSE,FALSE,FALSE,3,2,1,2_1,7f94d650-41b9-4664-bcde-dc8533e4602d,NA
11,97087445,97087445,1,snv_mnv,NA,NA,"broad,dkfz,muse,sanger",4,COSN17675788,NA,NA,FALSE,0.1148,NA,7,54,NA,NA,NA,IGR,FALSE,FALSE,FALSE,FALSE,3,2,1,2_1,7f94d650-41b9-4664-bcde-dc8533e4602d,NA
11,97338637,97338637,1,snv_mnv,NA,NA,"broad,muse",2,COSN8286738,NA,NA,FALSE,0.0506,NA,4,75,NA,NA,NA,IGR,FALSE,FALSE,FALSE,FALSE,3,2,1,2_1,7f94d650-41b9-4664-bcde-dc8533e4602d,NA
11,97339405,97339405,1,snv_mnv,NA,NA,"broad,dkfz,muse,sanger",4,COSN8958992,NA,NA,FALSE,0.1296,NA,7,47,NA,NA,NA,IGR,FALSE,FALSE,FALSE,FALSE,3,2,1,2_1,7f94d650-41b9-4664-bcde-dc8533e4602d,NA
11,98784928,98784928,1,snv_mnv,NA,NA,"broad,dkfz,muse,sanger",4,COSN8959352,NA,L1MA3,FALSE,0.194,NA,13,54,NA,NA,NA,IGR,FALSE,FALSE,FALSE,FALSE,3,2,1,2_1,7f94d650-41b9-4664-bcde-dc8533e4602d,NA
11,98965113,98965113,1,snv_mnv,NA,NA,"broad,dkfz,muse,sanger",4,COSN17726563,NA,NA,FALSE,0.1765,NA,12,56,NA,NA,NA,Intron,FALSE,FALSE,FALSE,FALSE,3,2,1,2_1,7f94d650-41b9-4664-bcde-dc8533e4602d,NA
11,99366967,99366967,1,snv_mnv,NA,NA,"broad,dkfz,muse,sanger",4,COSN16091742,NA,L2a,FALSE,0.1389,NA,10,62,NA,NA,NA,Intron,FALSE,FALSE,FALSE,FALSE,3,2,1,2_1,7f94d650-41b9-4664-bcde-dc8533e4602d,NA
11,99458842,99458842,1,snv_mnv,1.9968e-4,rs564489946,"broad,dkfz,muse",3,COSN16477386,rs564489946,AluY,FALSE,0.1273,NA,7,48,NA,NA,NA,Intron,FALSE,FALSE,FALSE,FALSE,3,2,1,2_1,7f94d650-41b9-4664-bcde-dc8533e4602d,NA
11,100093906,100093906,1,snv_mnv,NA,NA,"broad,dkfz,muse,sanger",4,COSN17751878,NA,NA,FALSE,0.16,NA,12,63,NA,NA,NA,Intron,FALSE,FALSE,FALSE,FALSE,3,2,1,2_1,7f94d650-41b9-4664-bcde-dc8533e4602d,NA
11,104208436,104208436,1,snv_mnv,NA,NA,"broad,dkfz,muse,sanger",4,COSN17820023,rs200395321,NA,FALSE,0.2812,NA,18,46,NA,NA,NA,IGR,FALSE,FALSE,FALSE,FALSE,3,2,1,2_1,7f94d650-41b9-4664-bcde-dc8533e4602d,NA
11,105774463,105774463,1,snv_mnv,NA,NA,"broad,dkfz,muse,sanger",4,COSN18163447,NA,NA,FALSE,0.1316,NA,10,66,NA,NA,NA,Intron,FALSE,FALSE,FALSE,FALSE,3,2,1,2_1,7f94d650-41b9-4664-bcde-dc8533e4602d,NA
11,109362334,109362334,1,snv_mnv,NA,NA,"broad,muse,sanger",3,COSN6984474,NA,MSTA,FALSE,0.0943,NA,5,48,NA,NA,NA,RNA,FALSE,FALSE,FALSE,FALSE,2,2,0,2_0,7f94d650-41b9-4664-bcde-dc8533e4602d,AP003049.1
11,121613785,121613785,1,snv_mnv,NA,NA,"broad,dkfz,muse,sanger",4,COSN8939522,NA,NA,FALSE,0.1618,NA,11,57,NA,NA,NA,IGR,FALSE,FALSE,FALSE,FALSE,2,2,0,2_0,7f94d650-41b9-4664-bcde-dc8533e4602d,NA
11,127631242,127631242,1,snv_mnv,NA,NA,"broad,dkfz,muse,sanger",4,COSN14968751,NA,L1PB,FALSE,0.1351,NA,10,64,NA,NA,NA,IGR,FALSE,FALSE,FALSE,FALSE,3,2,1,2_1,7f94d650-41b9-4664-bcde-dc8533e4602d,NA
11,131675437,131675437,1,snv_mnv,NA,NA,"broad,dkfz,muse,sanger",4,COSN17555322,NA,NA,FALSE,0.0893,NA,5,51,NA,NA,NA,Intron,FALSE,FALSE,FALSE,FALSE,3,2,1,2_1,7f94d650-41b9-4664-bcde-dc8533e4602d,NA
11,132822209,132822209,1,snv_mnv,NA,NA,"broad,dkfz,muse,sanger",4,COSN17693749,NA,NA,FALSE,0.1408,NA,10,61,NA,NA,NA,Intron,FALSE,FALSE,FALSE,FALSE,3,2,1,2_1,7f94d650-41b9-4664-bcde-dc8533e4602d,NA
12,3245558,3245558,1,snv_mnv,1.9968e-4,rs180875645,"broad,dkfz,muse,sanger",4,COSN14633481,rs180875645,MIRc,FALSE,0.2632,NA,15,42,NA,NA,NA,Intron,FALSE,FALSE,FALSE,FALSE,3,2,1,2_1,7f94d650-41b9-4664-bcde-dc8533e4602d,NA
12,7475131,7475131,1,snv_mnv,NA,NA,"broad,dkfz,muse,sanger",4,COSM3417128,rs751974625,NA,FALSE,0.2121,NA,14,52,NA,NA,NA,Silent,FALSE,FALSE,FALSE,FALSE,3,2,1,2_1,7f94d650-41b9-4664-bcde-dc8533e4602d,ACSM4
12,7601388,7601388,1,snv_mnv,3.9936e-4,ss1388041442,"broad,dkfz,muse,sanger",4,COSN17844927,rs759940118,L1MCa,FALSE,0.2615,NA,17,48,NA,NA,NA,IGR,FALSE,FALSE,FALSE,FALSE,3,2,1,2_1,7f94d650-41b9-4664-bcde-dc8533e4602d,NA
12,13717461,13717461,1,snv_mnv,1.9968e-4,rs552036402,"broad,dkfz,muse,sanger",4,COSM1322635,rs552036402,NA,FALSE,0.2353,NA,16,52,NA,NA,NA,Missense_Mutation,FALSE,FALSE,FALSE,FALSE,3,2,1,2_1,7f94d650-41b9-4664-bcde-dc8533e4602d,GRIN2B
12,15593727,15593727,1,snv_mnv,NA,NA,"broad,dkfz,muse,sanger",4,COSN5796070,rs747676282,L1PA16,FALSE,0.1618,NA,11,57,NA,NA,NA,Intron,FALSE,FALSE,FALSE,FALSE,3,2,1,2_1,7f94d650-41b9-4664-bcde-dc8533e4602d,AC092183.1
12,17475896,17475896,1,snv_mnv,NA,NA,"broad,dkfz,muse,sanger",4,COSN17750200,NA,L1PB1,FALSE,0.1186,NA,7,52,NA,NA,NA,IGR,FALSE,FALSE,FALSE,FALSE,3,2,1,2_1,7f94d650-41b9-4664-bcde-dc8533e4602d,NA
12,18018408,18018408,1,snv_mnv,NA,NA,"broad,dkfz,muse,sanger",4,COSN5832741,NA,NA,FALSE,0.0789,NA,6,70,NA,NA,NA,IGR,FALSE,FALSE,FALSE,FALSE,3,2,1,2_1,7f94d650-41b9-4664-bcde-dc8533e4602d,NA
12,20290875,20290875,1,snv_mnv,NA,NA,"broad,muse,sanger",3,COSN17536732,NA,NA,FALSE,0.0615,NA,4,61,NA,NA,NA,IGR,FALSE,FALSE,FALSE,FALSE,3,2,1,2_1,7f94d650-41b9-4664-bcde-dc8533e4602d,NA
12,20467142,20467142,1,snv_mnv,NA,NA,"broad,dkfz,muse,sanger",4,COSN15221625,NA,NA,FALSE,0.1667,NA,11,55,NA,NA,NA,IGR,FALSE,FALSE,FALSE,FALSE,3,2,1,2_1,7f94d650-41b9-4664-bcde-dc8533e4602d,NA
12,20757246,20757246,1,snv_mnv,NA,NA,"broad,dkfz,muse,sanger",4,COSN17824588,NA,MIR,FALSE,0.2615,NA,17,48,NA,NA,NA,Intron,FALSE,FALSE,FALSE,FALSE,3,2,1,2_1,7f94d650-41b9-4664-bcde-dc8533e4602d,NA
12,23431935,23431935,1,snv_mnv,NA,NA,"broad,dkfz,muse,sanger",4,COSN7613087,NA,NA,FALSE,0.0685,NA,5,68,NA,NA,NA,IGR,FALSE,FALSE,FALSE,FALSE,3,2,1,2_1,7f94d650-41b9-4664-bcde-dc8533e4602d,NA
12,23778198,23778198,1,snv_mnv,NA,NA,"broad,dkfz,muse",3,COSN5320096,NA,NA,FALSE,0.1148,NA,7,54,NA,NA,NA,Intron,FALSE,FALSE,FALSE,FALSE,3,2,1,2_1,7f94d650-41b9-4664-bcde-dc8533e4602d,NA
12,23886214,23886214,1,snv_mnv,NA,NA,"broad,dkfz,muse,sanger",4,COSN5833183,NA,NA,FALSE,0.2,NA,11,44,NA,NA,NA,Intron,FALSE,FALSE,FALSE,FALSE,3,2,1,2_1,7f94d650-41b9-4664-bcde-dc8533e4602d,NA
12,24436284,24436284,1,snv_mnv,NA,NA,"broad,dkfz,muse,sanger",4,COSN17616619,NA,NA,FALSE,0.3134,NA,21,46,NA,NA,NA,IGR,FALSE,FALSE,FALSE,FALSE,3,2,1,2_1,7f94d650-41b9-4664-bcde-dc8533e4602d,NA
12,25764444,25764444,1,snv_mnv,NA,NA,"broad,dkfz,muse,sanger",4,COSN15137622,NA,NA,FALSE,0.125,NA,8,56,NA,NA,NA,Intron,FALSE,FALSE,FALSE,FALSE,3,2,1,2_1,7f94d650-41b9-4664-bcde-dc8533e4602d,NA
12,31166358,31166358,1,snv_mnv,0.004393,rs575803426,"broad,muse,sanger",3,COSN9748186,rs575803426,AluJb,FALSE,0.3594,NA,23,41,NA,NA,NA,lincRNA,FALSE,FALSE,FALSE,FALSE,3,2,1,2_1,7f94d650-41b9-4664-bcde-dc8533e4602d,AC008013.2
12,34535274,34535274,1,snv_mnv,NA,NA,"broad,muse",2,COSN7367763,NA,GSATII,FALSE,0.1094,NA,7,57,NA,NA,NA,IGR,FALSE,FALSE,FALSE,FALSE,3,2,1,2_1,7f94d650-41b9-4664-bcde-dc8533e4602d,NA
12,41894317,41894317,1,snv_mnv,NA,NA,"dkfz,muse,sanger",3,COSN7615530,NA,NA,FALSE,0.1194,NA,8,59,NA,NA,NA,Intron,FALSE,FALSE,FALSE,FALSE,3,2,1,2_1,7f94d650-41b9-4664-bcde-dc8533e4602d,NA
12,43313028,43313028,1,snv_mnv,NA,NA,"broad,dkfz,muse,sanger",4,COSN14454948,NA,NA,FALSE,0.1452,NA,9,53,NA,NA,NA,IGR,FALSE,FALSE,FALSE,FALSE,3,2,1,2_1,7f94d650-41b9-4664-bcde-dc8533e4602d,NA
12,61283069,61283069,1,snv_mnv,NA,NA,"broad,dkfz,muse,sanger",4,COSN5186467,NA,L1PB1,FALSE,0.2449,NA,12,37,NA,NA,NA,IGR,FALSE,FALSE,FALSE,FALSE,3,2,1,2_1,7f94d650-41b9-4664-bcde-dc8533e4602d,NA
12,73255330,73255330,1,snv_mnv,NA,NA,"broad,dkfz,sanger",3,COSN8664335,NA,NA,FALSE,0.0781,NA,5,59,NA,NA,NA,IGR,FALSE,FALSE,FALSE,FALSE,3,2,1,2_1,7f94d650-41b9-4664-bcde-dc8533e4602d,NA
12,73305492,73305492,1,snv_mnv,NA,NA,"broad,dkfz,muse,sanger",4,COSN17646670,NA,NA,FALSE,0.3051,NA,18,41,NA,NA,NA,IGR,FALSE,FALSE,FALSE,FALSE,3,2,1,2_1,7f94d650-41b9-4664-bcde-dc8533e4602d,NA
12,73526623,73526623,1,snv_mnv,NA,NA,"broad,dkfz,muse,sanger",4,COSN17865964,NA,NA,FALSE,0.1806,NA,13,59,NA,NA,NA,RNA,FALSE,FALSE,FALSE,FALSE,3,2,1,2_1,7f94d650-41b9-4664-bcde-dc8533e4602d,AC090503.2
12,75120717,75120717,1,snv_mnv,5.9904e-4,rs189223945,"broad,dkfz,muse,sanger",4,COSN19175770,rs189223945,NA,FALSE,0.25,NA,15,45,NA,NA,NA,IGR,FALSE,FALSE,FALSE,FALSE,3,2,1,2_1,7f94d650-41b9-4664-bcde-dc8533e4602d,AC123904.3
12,78317208,78317208,1,snv_mnv,NA,NA,"broad,dkfz,muse,sanger",4,COSN8541511,NA,NA,FALSE,0.0986,NA,7,64,NA,NA,NA,Intron,FALSE,FALSE,FALSE,FALSE,3,2,1,2_1,7f94d650-41b9-4664-bcde-dc8533e4602d,NA
12,78688356,78688356,1,snv_mnv,NA,NA,"broad,dkfz,muse,sanger",4,COSN19310224,NA,NA,FALSE,0.275,NA,22,58,NA,NA,NA,IGR,FALSE,FALSE,FALSE,FALSE,3,2,1,2_1,7f94d650-41b9-4664-bcde-dc8533e4602d,NA
12,78835518,78835518,1,snv_mnv,NA,NA,"broad,dkfz,muse,sanger",4,COSN7382149,NA,NA,FALSE,0.3836,NA,28,45,NA,NA,NA,lincRNA,FALSE,FALSE,FALSE,FALSE,3,2,1,2_1,7f94d650-41b9-4664-bcde-dc8533e4602d,NA
12,81197274,81197274,1,snv_mnv,NA,NA,"broad,dkfz,muse,sanger",4,COSN7383076,NA,L1MA7,FALSE,0.1538,NA,10,55,NA,NA,NA,Intron,FALSE,FALSE,FALSE,FALSE,3,2,1,2_1,7f94d650-41b9-4664-bcde-dc8533e4602d,NA
12,81776802,81776802,1,snv_mnv,NA,NA,"broad,dkfz,muse,sanger",4,COSN15917265,NA,L2a,FALSE,0.2429,NA,17,53,NA,NA,NA,Intron,FALSE,FALSE,FALSE,FALSE,3,2,1,2_1,7f94d650-41b9-4664-bcde-dc8533e4602d,NA
12,82311484,82311484,1,snv_mnv,NA,NA,"broad,muse,sanger",3,COSN17526607,NA,L1MEd,FALSE,0.1026,NA,4,35,NA,NA,NA,IGR,FALSE,FALSE,FALSE,FALSE,3,2,1,2_1,7f94d650-41b9-4664-bcde-dc8533e4602d,NA
12,86448745,86448745,1,snv_mnv,NA,NA,"broad,dkfz,muse,sanger",4,COSN8665465,NA,NA,FALSE,0.2647,NA,18,50,NA,NA,NA,Intron,FALSE,FALSE,FALSE,FALSE,3,2,1,2_1,7f94d650-41b9-4664-bcde-dc8533e4602d,NA
12,87784113,87784113,1,snv_mnv,NA,NA,"broad,dkfz,muse,sanger",4,COSN17667411,NA,MER65A,FALSE,0.3165,NA,25,54,NA,NA,NA,IGR,FALSE,FALSE,FALSE,FALSE,3,2,1,2_1,7f94d650-41b9-4664-bcde-dc8533e4602d,NA
12,99266186,99266186,1,snv_mnv,NA,NA,"broad,dkfz,muse,sanger",4,COSN8124600,rs569130380,AluSz,FALSE,0.3088,NA,21,47,NA,NA,NA,Intron,FALSE,FALSE,FALSE,FALSE,3,2,1,2_1,7f94d650-41b9-4664-bcde-dc8533e4602d,NA
12,99454054,99454054,1,snv_mnv,NA,NA,"broad,dkfz,muse,sanger",4,COSN15188452,NA,NA,FALSE,0.1493,NA,10,57,NA,NA,NA,Intron,FALSE,FALSE,FALSE,FALSE,3,2,1,2_1,7f94d650-41b9-4664-bcde-dc8533e4602d,NA
12,108051360,108051360,1,snv_mnv,NA,NA,"broad,dkfz,muse,sanger",4,COSM4666327,rs138617821,NA,FALSE,0.3235,NA,22,46,NA,NA,NA,Silent,FALSE,FALSE,FALSE,FALSE,3,2,1,2_1,7f94d650-41b9-4664-bcde-dc8533e4602d,NA
12,125952424,125952424,1,snv_mnv,NA,NA,"broad,dkfz,muse,sanger",4,COSN8960680,NA,L1MB5,FALSE,0.1268,NA,9,62,NA,NA,NA,Intron,FALSE,FALSE,FALSE,FALSE,3,2,1,2_1,7f94d650-41b9-4664-bcde-dc8533e4602d,NA
12,127484401,127484401,1,snv_mnv,NA,NA,"broad,dkfz,muse,sanger",4,COSN7315330,NA,NA,FALSE,0.1364,NA,9,57,NA,NA,NA,lincRNA,FALSE,FALSE,FALSE,FALSE,3,2,1,2_1,7f94d650-41b9-4664-bcde-dc8533e4602d,NA
12,128991173,128991173,1,snv_mnv,NA,NA,"broad,dkfz,muse",3,COSN7316358,NA,MLT1K,FALSE,0.3833,NA,23,37,NA,NA,NA,Intron,FALSE,FALSE,FALSE,FALSE,3,2,1,2_1,7f94d650-41b9-4664-bcde-dc8533e4602d,NA
13,22846654,22846654,1,snv_mnv,NA,NA,"broad,dkfz,muse,sanger",4,COSN14817197,NA,NA,FALSE,0.1098,NA,9,73,NA,NA,NA,IGR,FALSE,FALSE,FALSE,FALSE,4,2,2,2_2,7f94d650-41b9-4664-bcde-dc8533e4602d,NA
13,22935985,22935985,1,snv_mnv,NA,NA,"broad,muse,sanger",3,COSN8667710,NA,L1MA4,FALSE,0.0704,NA,5,66,NA,NA,NA,IGR,FALSE,FALSE,FALSE,FALSE,4,2,2,2_2,7f94d650-41b9-4664-bcde-dc8533e4602d,NA
13,22938907,22938907,1,snv_mnv,NA,NA,"broad,dkfz,muse,sanger",4,COSN17625122,NA,L1PA13,FALSE,0.0864,NA,7,74,NA,NA,NA,IGR,FALSE,FALSE,FALSE,FALSE,4,2,2,2_2,7f94d650-41b9-4664-bcde-dc8533e4602d,NA
13,22995192,22995192,1,snv_mnv,NA,NA,"broad,dkfz,muse,sanger",4,COSN8667725,NA,NA,FALSE,0.2424,NA,16,50,NA,NA,NA,IGR,FALSE,FALSE,FALSE,FALSE,4,2,2,2_2,7f94d650-41b9-4664-bcde-dc8533e4602d,NA
13,27225350,27225350,1,snv_mnv,NA,NA,"broad,dkfz,muse,sanger",4,COSN17395167,NA,AluSz6,FALSE,0.1765,NA,15,70,NA,NA,NA,Intron,FALSE,FALSE,FALSE,FALSE,4,2,2,2_2,7f94d650-41b9-4664-bcde-dc8533e4602d,NA
13,35411476,35411476,1,snv_mnv,NA,NA,"broad,dkfz,muse,sanger",4,COSN8668268,NA,AluSz,FALSE,0.125,NA,9,63,NA,NA,NA,IGR,FALSE,FALSE,FALSE,FALSE,4,2,2,2_2,7f94d650-41b9-4664-bcde-dc8533e4602d,NA
13,36445922,36445922,1,snv_mnv,NA,NA,"broad,dkfz,muse,sanger",4,COSN17533084,NA,NA,FALSE,0.1839,NA,16,71,NA,NA,NA,Intron,FALSE,FALSE,FALSE,FALSE,4,2,2,2_2,7f94d650-41b9-4664-bcde-dc8533e4602d,NA
13,36474445,36474445,1,snv_mnv,NA,NA,"broad,dkfz,muse,sanger",4,COSN17634730,NA,AluSz6,FALSE,0.1429,NA,9,54,NA,NA,NA,Intron,FALSE,FALSE,FALSE,FALSE,4,2,2,2_2,7f94d650-41b9-4664-bcde-dc8533e4602d,NA
13,36951696,36951696,1,snv_mnv,NA,NA,"broad,dkfz,muse,sanger",4,COSN17624820,NA,AluJb,FALSE,0.1389,NA,10,62,NA,NA,NA,IGR,FALSE,FALSE,FALSE,FALSE,4,2,2,2_2,7f94d650-41b9-4664-bcde-dc8533e4602d,NA
13,37013865,37013865,1,snv_mnv,1.9968e-4,rs527250212,"broad,dkfz,muse,sanger",4,COSN5190614,rs527250212,NA,FALSE,0.0825,NA,8,89,NA,NA,NA,Intron,FALSE,FALSE,FALSE,FALSE,4,2,2,2_2,7f94d650-41b9-4664-bcde-dc8533e4602d,NA
13,37338485,37338485,1,snv_mnv,NA,NA,"broad,dkfz,muse,sanger",4,COSN15154341,NA,NA,FALSE,0.1486,NA,11,63,NA,NA,NA,IGR,FALSE,FALSE,FALSE,FALSE,4,2,2,2_2,7f94d650-41b9-4664-bcde-dc8533e4602d,NA
13,37861995,37861995,1,snv_mnv,NA,NA,"broad,dkfz,muse,sanger",4,COSN5190684,NA,NA,FALSE,0.3,NA,24,56,NA,NA,NA,IGR,FALSE,FALSE,FALSE,FALSE,4,2,2,2_2,7f94d650-41b9-4664-bcde-dc8533e4602d,NA
13,37957978,37957978,1,snv_mnv,NA,NA,"dkfz,muse,sanger",3,COSN17782930,NA,NA,FALSE,0.1071,NA,9,75,NA,NA,NA,IGR,FALSE,FALSE,FALSE,FALSE,4,2,2,2_2,7f94d650-41b9-4664-bcde-dc8533e4602d,NA
13,40068002,40068002,1,snv_mnv,NA,NA,"broad,dkfz,muse,sanger",4,COSN17729610,NA,LTR84b,FALSE,0.1094,NA,7,57,NA,NA,NA,Intron,FALSE,FALSE,FALSE,FALSE,4,2,2,2_2,7f94d650-41b9-4664-bcde-dc8533e4602d,NA
13,40120680,40120680,1,snv_mnv,NA,NA,"broad,dkfz,muse,sanger",4,COSN14899972,NA,MER5A,FALSE,0.3125,NA,25,55,NA,NA,NA,Intron,FALSE,FALSE,FALSE,FALSE,4,2,2,2_2,7f94d650-41b9-4664-bcde-dc8533e4602d,NA
13,54365353,54365353,1,snv_mnv,NA,NA,"broad,dkfz,muse,sanger",4,COSN14910264,NA,5S,FALSE,0.1327,NA,13,85,NA,NA,NA,IGR,FALSE,FALSE,FALSE,FALSE,4,2,2,2_2,7f94d650-41b9-4664-bcde-dc8533e4602d,NA
13,54676493,54676493,1,snv_mnv,NA,NA,"broad,dkfz,muse,sanger",4,COSN8669430,NA,Tigger1,FALSE,0.1163,NA,10,76,NA,NA,NA,IGR,FALSE,FALSE,FALSE,FALSE,4,2,2,2_2,7f94d650-41b9-4664-bcde-dc8533e4602d,NA
13,55020229,55020229,1,snv_mnv,NA,NA,"broad,dkfz,muse,sanger",4,COSN15209104,NA,NA,FALSE,0.1789,NA,17,78,NA,NA,NA,IGR,FALSE,FALSE,FALSE,FALSE,4,2,2,2_2,7f94d650-41b9-4664-bcde-dc8533e4602d,RPL13AP25
13,55729816,55729816,1,snv_mnv,NA,NA,"broad,dkfz,muse,sanger",4,COSN15000115,NA,MSTA,FALSE,0.1852,NA,15,66,NA,NA,NA,IGR,FALSE,FALSE,FALSE,FALSE,4,2,2,2_2,7f94d650-41b9-4664-bcde-dc8533e4602d,NA
13,56185057,56185057,1,snv_mnv,NA,NA,"broad,muse,sanger",3,COSN15162538,NA,MLT1A0,FALSE,0.0822,NA,6,67,NA,NA,NA,IGR,FALSE,FALSE,FALSE,FALSE,4,2,2,2_2,7f94d650-41b9-4664-bcde-dc8533e4602d,NA
13,56892194,56892194,1,snv_mnv,NA,NA,"broad,dkfz,muse",3,COSN15136413,NA,MLT1F1,FALSE,0.119,NA,10,74,NA,NA,NA,IGR,FALSE,FALSE,FALSE,FALSE,4,2,2,2_2,7f94d650-41b9-4664-bcde-dc8533e4602d,NA
13,57278734,57278734,1,snv_mnv,NA,NA,"broad,dkfz,muse,sanger",4,COSN5725270,NA,L1MB8,FALSE,0.1667,NA,12,60,NA,NA,NA,IGR,FALSE,FALSE,FALSE,FALSE,4,2,2,2_2,7f94d650-41b9-4664-bcde-dc8533e4602d,NA
13,57960132,57960132,1,snv_mnv,NA,NA,"broad,dkfz,muse,sanger",4,COSN17861066,NA,NA,FALSE,0.3333,NA,28,56,NA,NA,NA,IGR,FALSE,FALSE,FALSE,FALSE,4,2,2,2_2,7f94d650-41b9-4664-bcde-dc8533e4602d,NA
13,58595396,58595396,1,snv_mnv,NA,NA,"broad,dkfz,muse,sanger",4,COSN15229172,NA,MER31-int,FALSE,0.119,NA,10,74,NA,NA,NA,IGR,FALSE,FALSE,FALSE,FALSE,4,2,2,2_2,7f94d650-41b9-4664-bcde-dc8533e4602d,NA
13,58600936,58600936,1,snv_mnv,NA,NA,"broad,dkfz,muse,sanger",4,COSN17819304,NA,NA,FALSE,0.2169,NA,18,65,NA,NA,NA,IGR,FALSE,FALSE,FALSE,FALSE,4,2,2,2_2,7f94d650-41b9-4664-bcde-dc8533e4602d,NA
13,58703115,58703115,1,snv_mnv,NA,NA,"broad,dkfz,muse,sanger",4,COSN8670371,NA,L1PA10,FALSE,0.16,NA,12,63,NA,NA,NA,IGR,FALSE,FALSE,FALSE,FALSE,4,2,2,2_2,7f94d650-41b9-4664-bcde-dc8533e4602d,NA
13,59483114,59483114,1,snv_mnv,NA,NA,"broad,dkfz,muse,sanger",4,COSN8670525,NA,NA,FALSE,0.1184,NA,9,67,NA,NA,NA,IGR,FALSE,FALSE,FALSE,FALSE,4,2,2,2_2,7f94d650-41b9-4664-bcde-dc8533e4602d,NA
13,62442452,62442452,1,snv_mnv,NA,NA,"dkfz,muse,sanger",3,COSN14958689,NA,L1PA10,FALSE,0.1139,NA,9,70,NA,NA,NA,IGR,FALSE,FALSE,FALSE,FALSE,4,2,2,2_2,7f94d650-41b9-4664-bcde-dc8533e4602d,NA
13,63117996,63117996,1,snv_mnv,1.9968e-4,rs568294947,"broad,dkfz,muse",3,COSN15224187,rs568294947,NA,FALSE,0.0602,NA,5,78,NA,NA,NA,IGR,FALSE,FALSE,FALSE,FALSE,4,2,2,2_2,7f94d650-41b9-4664-bcde-dc8533e4602d,NA
13,63855613,63855613,1,snv_mnv,NA,NA,"broad,dkfz,muse,sanger",4,COSN15051552,NA,MIRc,FALSE,0.1688,NA,13,64,NA,NA,NA,IGR,FALSE,FALSE,FALSE,FALSE,4,2,2,2_2,7f94d650-41b9-4664-bcde-dc8533e4602d,NA
13,64172246,64172246,1,snv_mnv,NA,NA,"broad,dkfz,muse,sanger",4,COSN17629857,NA,MER41B,FALSE,0.1081,NA,8,66,NA,NA,NA,IGR,FALSE,FALSE,FALSE,FALSE,4,2,2,2_2,7f94d650-41b9-4664-bcde-dc8533e4602d,NA
13,64579361,64579361,1,snv_mnv,NA,NA,"broad,dkfz,muse,sanger",4,COSN18094600,NA,NA,FALSE,0.0811,NA,6,68,NA,NA,NA,lincRNA,FALSE,FALSE,FALSE,FALSE,4,2,2,2_2,7f94d650-41b9-4664-bcde-dc8533e4602d,NA
13,65237459,65237459,1,snv_mnv,NA,NA,"broad,muse,sanger",3,COSN5192891,NA,MER52A,FALSE,0.25,NA,17,51,NA,NA,NA,IGR,FALSE,FALSE,FALSE,FALSE,4,2,2,2_2,7f94d650-41b9-4664-bcde-dc8533e4602d,NA
13,65553825,65553825,1,snv_mnv,NA,NA,"broad,muse,sanger",3,COSN17861951,NA,L1PA7,FALSE,0.0972,NA,7,65,NA,NA,NA,IGR,FALSE,FALSE,FALSE,FALSE,4,2,2,2_2,7f94d650-41b9-4664-bcde-dc8533e4602d,NA
13,66109941,66109941,1,snv_mnv,NA,NA,"broad,dkfz,muse,sanger",4,COSN8651833,NA,L1M5,FALSE,0.3,NA,27,63,NA,NA,NA,IGR,FALSE,FALSE,FALSE,FALSE,4,2,2,2_2,7f94d650-41b9-4664-bcde-dc8533e4602d,NA
13,66877092,66877092,1,snv_mnv,1.9968e-4,rs567298185,"broad,dkfz,muse,sanger",4,COSN5343018,rs567298185,NA,FALSE,0.1351,NA,10,64,NA,NA,NA,3'UTR,FALSE,FALSE,FALSE,FALSE,4,2,2,2_2,7f94d650-41b9-4664-bcde-dc8533e4602d,"PCDH9,PCDH9-AS1"
13,67532116,67532116,1,snv_mnv,NA,NA,"broad,dkfz,muse,sanger",4,COSN17648086,NA,NA,FALSE,0.2353,NA,20,65,NA,NA,NA,Intron,FALSE,FALSE,FALSE,FALSE,4,2,2,2_2,7f94d650-41b9-4664-bcde-dc8533e4602d,NA
13,67765740,67765740,1,snv_mnv,NA,NA,"broad,dkfz,muse,sanger",4,COSN8652233,NA,NA,FALSE,0.0972,NA,7,65,NA,NA,NA,Intron,FALSE,FALSE,FALSE,FALSE,4,2,2,2_2,7f94d650-41b9-4664-bcde-dc8533e4602d,NA
13,68154930,68154930,1,snv_mnv,NA,NA,"broad,dkfz,muse,sanger",4,COSN15125418,NA,NA,FALSE,0.2553,NA,24,70,NA,NA,NA,IGR,FALSE,FALSE,FALSE,FALSE,4,2,2,2_2,7f94d650-41b9-4664-bcde-dc8533e4602d,NA
13,68816722,68816722,1,snv_mnv,NA,NA,"broad,dkfz,muse,sanger",4,COSN9469285,NA,LTR33,FALSE,0.2644,NA,23,64,NA,NA,NA,IGR,FALSE,FALSE,FALSE,FALSE,4,2,2,2_2,7f94d650-41b9-4664-bcde-dc8533e4602d,NA
13,69431152,69431152,1,snv_mnv,NA,NA,"broad,dkfz,muse,sanger",4,COSN8652609,NA,MLT2F,FALSE,0.3448,NA,20,38,NA,NA,NA,IGR,FALSE,FALSE,FALSE,FALSE,4,2,2,2_2,7f94d650-41b9-4664-bcde-dc8533e4602d,NA
13,69469636,69469636,1,snv_mnv,NA,NA,"broad,dkfz,muse,sanger",4,COSN15165211,NA,LTR8A,FALSE,0.2024,NA,17,67,NA,NA,NA,IGR,FALSE,FALSE,FALSE,FALSE,4,2,2,2_2,7f94d650-41b9-4664-bcde-dc8533e4602d,LINC02342
13,69563723,69563723,1,snv_mnv,NA,NA,"broad,dkfz,muse,sanger",4,COSN17341449,NA,NA,FALSE,0.1089,NA,11,90,NA,NA,NA,IGR,FALSE,FALSE,FALSE,FALSE,4,2,2,2_2,7f94d650-41b9-4664-bcde-dc8533e4602d,ZDHHC20P4
13,69839507,69839507,1,snv_mnv,NA,NA,"broad,dkfz,muse,sanger",4,COSN17288617,NA,L1PA14,FALSE,0.1562,NA,10,54,NA,NA,NA,lincRNA,FALSE,FALSE,FALSE,FALSE,4,2,2,2_2,7f94d650-41b9-4664-bcde-dc8533e4602d,NA
13,70659039,70659039,1,snv_mnv,NA,NA,"broad,muse,sanger",3,COSN17090273,rs367687430,NA,FALSE,0.1111,NA,9,72,NA,NA,NA,Intron,FALSE,FALSE,FALSE,FALSE,4,2,2,2_2,7f94d650-41b9-4664-bcde-dc8533e4602d,NA
13,71267424,71267424,1,snv_mnv,NA,NA,"broad,dkfz,muse,sanger",4,COSN8652874,NA,L1M3d,FALSE,0.163,NA,15,77,NA,NA,NA,IGR,FALSE,FALSE,FALSE,FALSE,4,2,2,2_2,7f94d650-41b9-4664-bcde-dc8533e4602d,NA
13,78022181,78022181,1,snv_mnv,NA,NA,"broad,muse,sanger",3,COSN5194159,NA,MER39B,FALSE,0.0649,NA,5,72,NA,NA,NA,IGR,FALSE,FALSE,FALSE,FALSE,4,2,2,2_2,7f94d650-41b9-4664-bcde-dc8533e4602d,NA
13,78437527,78437527,1,snv_mnv,NA,NA,"broad,dkfz,muse,sanger",4,COSN8135619,NA,LTR79,FALSE,0.0814,NA,7,79,NA,NA,NA,IGR,FALSE,FALSE,FALSE,FALSE,4,2,2,2_2,7f94d650-41b9-4664-bcde-dc8533e4602d,NA
13,79080549,79080549,1,snv_mnv,NA,NA,"broad,dkfz,muse,sanger",4,COSN8653376,NA,NA,FALSE,0.0556,NA,5,85,NA,NA,NA,RNA,FALSE,FALSE,FALSE,FALSE,4,2,2,2_2,7f94d650-41b9-4664-bcde-dc8533e4602d,NA
13,81508101,81508101,1,snv_mnv,NA,NA,"broad,dkfz,muse,sanger",4,COSN17725760,NA,L1MC3,FALSE,0.3214,NA,27,57,NA,NA,NA,IGR,FALSE,FALSE,FALSE,FALSE,4,2,2,2_2,7f94d650-41b9-4664-bcde-dc8533e4602d,NA
13,82193278,82193278,1,snv_mnv,NA,NA,"broad,dkfz,muse,sanger",4,COSN16687415,NA,NA,FALSE,0.1266,NA,10,69,NA,NA,NA,IGR,FALSE,FALSE,FALSE,FALSE,4,2,2,2_2,7f94d650-41b9-4664-bcde-dc8533e4602d,NA
13,82557426,82557426,1,snv_mnv,NA,NA,"broad,dkfz,muse,sanger",4,COSN15010904,NA,Tigger7,FALSE,0.1277,NA,12,82,NA,NA,NA,IGR,FALSE,FALSE,FALSE,FALSE,4,2,2,2_2,7f94d650-41b9-4664-bcde-dc8533e4602d,NA
13,83129625,83129625,1,snv_mnv,NA,NA,"broad,muse,sanger",3,COSN7420347,NA,AluSz6,FALSE,0.0795,NA,7,81,NA,NA,NA,IGR,FALSE,FALSE,FALSE,FALSE,4,2,2,2_2,7f94d650-41b9-4664-bcde-dc8533e4602d,NA
13,83163692,83163692,1,snv_mnv,NA,NA,"broad,dkfz,muse,sanger",4,COSN8422778,NA,THE1B,FALSE,0.1071,NA,9,75,NA,NA,NA,IGR,FALSE,FALSE,FALSE,FALSE,4,2,2,2_2,7f94d650-41b9-4664-bcde-dc8533e4602d,NA
13,83706741,83706741,1,snv_mnv,NA,NA,"broad,muse",2,COSN15295734,NA,L1PA16,FALSE,0.0676,NA,5,69,NA,NA,NA,IGR,FALSE,FALSE,FALSE,FALSE,4,2,2,2_2,7f94d650-41b9-4664-bcde-dc8533e4602d,NA
13,84491419,84491419,1,snv_mnv,NA,NA,"broad,muse,sanger",3,COSN8654080,NA,NA,FALSE,0.0581,NA,5,81,NA,NA,NA,IGR,FALSE,FALSE,FALSE,FALSE,4,2,2,2_2,7f94d650-41b9-4664-bcde-dc8533e4602d,NA
13,84668110,84668110,1,snv_mnv,NA,NA,"broad,muse",2,COSN8546677,NA,NA,FALSE,0.0449,NA,4,85,NA,NA,NA,IGR,FALSE,FALSE,FALSE,FALSE,4,2,2,2_2,7f94d650-41b9-4664-bcde-dc8533e4602d,NA
13,85059077,85059077,1,snv_mnv,NA,NA,"broad,dkfz,muse,sanger",4,COSN17734836,NA,L2b,FALSE,0.1235,NA,10,71,NA,NA,NA,IGR,FALSE,FALSE,FALSE,FALSE,4,2,2,2_2,7f94d650-41b9-4664-bcde-dc8533e4602d,NA
13,85082156,85082156,1,snv_mnv,NA,NA,"broad,dkfz,muse,sanger",4,COSN15135340,rs868863120,AluSx,FALSE,0.1455,NA,8,47,NA,NA,NA,IGR,FALSE,FALSE,FALSE,FALSE,4,2,2,2_2,7f94d650-41b9-4664-bcde-dc8533e4602d,NA
13,85962459,85962459,1,snv_mnv,NA,NA,"broad,dkfz,muse,sanger",4,COSN17582580,NA,NA,FALSE,0.1266,NA,10,69,NA,NA,NA,lincRNA,FALSE,FALSE,FALSE,FALSE,4,2,2,2_2,7f94d650-41b9-4664-bcde-dc8533e4602d,NA
13,86935977,86935977,1,snv_mnv,NA,NA,"broad,dkfz,muse,sanger",4,COSN5195090,NA,NA,FALSE,0.12,NA,9,66,NA,NA,NA,IGR,FALSE,FALSE,FALSE,FALSE,4,2,2,2_2,7f94d650-41b9-4664-bcde-dc8533e4602d,NA
13,86970357,86970357,1,snv_mnv,NA,NA,"broad,dkfz,muse,sanger",4,COSN7422807,NA,NA,FALSE,0.1098,NA,9,73,NA,NA,NA,IGR,FALSE,FALSE,FALSE,FALSE,4,2,2,2_2,7f94d650-41b9-4664-bcde-dc8533e4602d,NA
13,87201705,87201705,1,snv_mnv,NA,NA,"broad,dkfz,muse,sanger",4,COSN17687223,NA,L1MEg,FALSE,0.2442,NA,21,65,NA,NA,NA,IGR,FALSE,FALSE,FALSE,FALSE,4,2,2,2_2,7f94d650-41b9-4664-bcde-dc8533e4602d,NA
13,87556033,87556033,1,snv_mnv,NA,NA,"broad,dkfz,muse,sanger",4,COSN14885812,NA,MLT1C,FALSE,0.1528,NA,11,61,NA,NA,NA,IGR,FALSE,FALSE,FALSE,FALSE,4,2,2,2_2,7f94d650-41b9-4664-bcde-dc8533e4602d,NA
13,87629153,87629153,1,snv_mnv,NA,NA,"broad,dkfz,muse,sanger",4,COSN7423389,NA,L1MD3,FALSE,0.0886,NA,7,72,NA,NA,NA,IGR,FALSE,FALSE,FALSE,FALSE,4,2,2,2_2,7f94d650-41b9-4664-bcde-dc8533e4602d,NA
13,88403919,88403919,1,snv_mnv,NA,NA,"broad,sanger",2,COSN17588314,NA,L1MC5,FALSE,0.0581,NA,5,81,NA,NA,NA,IGR,FALSE,FALSE,FALSE,FALSE,4,2,2,2_2,7f94d650-41b9-4664-bcde-dc8533e4602d,NA
13,89088006,89088006,1,snv_mnv,NA,NA,"broad,dkfz,muse,sanger",4,COSN17785379,NA,L1M3,FALSE,0.0879,NA,8,83,NA,NA,NA,IGR,FALSE,FALSE,FALSE,FALSE,4,2,2,2_2,7f94d650-41b9-4664-bcde-dc8533e4602d,NA
13,89149476,89149476,1,snv_mnv,NA,NA,"broad,dkfz,muse,sanger",4,COSN8137763,NA,NA,FALSE,0.2206,NA,15,53,NA,NA,NA,IGR,FALSE,FALSE,FALSE,FALSE,4,2,2,2_2,7f94d650-41b9-4664-bcde-dc8533e4602d,NA
13,90282454,90282454,1,snv_mnv,NA,NA,"broad,muse,sanger",3,COSN14926325,NA,AluSx1,FALSE,0.0735,NA,5,63,NA,NA,NA,IGR,FALSE,FALSE,FALSE,FALSE,4,2,2,2_2,7f94d650-41b9-4664-bcde-dc8533e4602d,NA
13,92575104,92575104,1,snv_mnv,NA,NA,"broad,dkfz,muse,sanger",4,COSN17831446,NA,NA,FALSE,0.1324,NA,9,59,NA,NA,NA,Intron,FALSE,FALSE,FALSE,FALSE,4,2,2,2_2,7f94d650-41b9-4664-bcde-dc8533e4602d,NA
13,94170472,94170472,1,snv_mnv,NA,NA,"broad,dkfz,muse,sanger",4,COSN17793640,NA,NA,FALSE,0.0328,NA,2,59,NA,NA,NA,Intron,FALSE,FALSE,FALSE,FALSE,4,2,2,2_2,7f94d650-41b9-4664-bcde-dc8533e4602d,NA
13,94363108,94363108,1,snv_mnv,NA,NA,"dkfz,muse,sanger",3,COSN15266818,NA,NA,FALSE,0.1972,NA,14,57,NA,NA,NA,Intron,FALSE,FALSE,FALSE,FALSE,4,2,2,2_2,7f94d650-41b9-4664-bcde-dc8533e4602d,NA
13,94655994,94655994,1,snv_mnv,NA,NA,"broad,dkfz,muse,sanger",4,COSN17719421,NA,NA,FALSE,0.0822,NA,6,67,NA,NA,NA,Intron,FALSE,FALSE,FALSE,FALSE,4,2,2,2_2,7f94d650-41b9-4664-bcde-dc8533e4602d,NA
13,94715891,94715891,1,snv_mnv,NA,NA,"broad,dkfz,muse,sanger",4,COSN7427165,NA,NA,FALSE,0.1343,NA,9,58,NA,NA,NA,Intron,FALSE,FALSE,FALSE,FALSE,4,2,2,2_2,7f94d650-41b9-4664-bcde-dc8533e4602d,NA
13,94919285,94919285,1,snv_mnv,NA,NA,"muse,sanger",2,COSN17661707,NA,NA,FALSE,0.0494,NA,4,77,NA,NA,NA,Intron,FALSE,FALSE,FALSE,FALSE,4,2,2,2_2,7f94d650-41b9-4664-bcde-dc8533e4602d,NA
13,102036970,102036970,1,snv_mnv,NA,NA,"broad,dkfz,muse,sanger",4,COSN7390025,NA,NA,FALSE,0.1154,NA,9,69,NA,NA,NA,Intron,FALSE,FALSE,FALSE,FALSE,4,2,2,2_2,7f94d650-41b9-4664-bcde-dc8533e4602d,NA
13,102130979,102130979,1,snv_mnv,NA,NA,"broad,dkfz,muse,sanger",4,COSN17393277,NA,L1MA3,FALSE,0.1098,NA,9,73,NA,NA,NA,Intron,FALSE,FALSE,FALSE,FALSE,4,2,2,2_2,7f94d650-41b9-4664-bcde-dc8533e4602d,NA
13,102188428,102188428,1,snv_mnv,NA,NA,"broad,dkfz,muse,sanger",4,COSN16850752,NA,L1PA2,FALSE,0.0822,NA,6,67,NA,NA,NA,Intron,FALSE,FALSE,FALSE,FALSE,4,2,2,2_2,7f94d650-41b9-4664-bcde-dc8533e4602d,NA
13,102448367,102448367,1,snv_mnv,NA,NA,"broad,dkfz,muse,sanger",4,COSN7390188,NA,NA,FALSE,0.1067,NA,8,67,NA,NA,NA,Intron,FALSE,FALSE,FALSE,FALSE,4,2,2,2_2,7f94d650-41b9-4664-bcde-dc8533e4602d,NA
13,102677627,102677627,1,snv_mnv,NA,NA,"broad,dkfz,muse,sanger",4,COSN1596981,NA,L1MB7,FALSE,0.2025,NA,16,63,NA,NA,NA,Intron,FALSE,FALSE,FALSE,FALSE,4,2,2,2_2,7f94d650-41b9-4664-bcde-dc8533e4602d,NA
13,104221851,104221851,1,snv_mnv,NA,NA,"broad,dkfz,muse,sanger",4,COSN17811782,NA,NA,FALSE,0.2771,NA,23,60,NA,NA,NA,IGR,FALSE,FALSE,FALSE,FALSE,4,2,2,2_2,7f94d650-41b9-4664-bcde-dc8533e4602d,NA
13,105044318,105044318,1,snv_mnv,NA,NA,"broad,dkfz,muse,sanger",4,COSN17277973,NA,MER41A,FALSE,0.1,NA,8,72,NA,NA,NA,IGR,FALSE,FALSE,FALSE,FALSE,4,2,2,2_2,7f94d650-41b9-4664-bcde-dc8533e4602d,NA
13,105525090,105525090,1,snv_mnv,NA,NA,"broad,dkfz,muse,sanger",4,COSN15242859,NA,NA,FALSE,0.1447,NA,11,65,NA,NA,NA,IGR,FALSE,FALSE,FALSE,FALSE,4,2,2,2_2,7f94d650-41b9-4664-bcde-dc8533e4602d,NA
13,107918287,107918287,1,snv_mnv,NA,NA,"broad,dkfz,muse,sanger",4,COSN16767484,NA,NA,FALSE,0.0989,NA,9,82,NA,NA,NA,Intron,FALSE,FALSE,FALSE,FALSE,4,2,2,2_2,7f94d650-41b9-4664-bcde-dc8533e4602d,NA
13,108178502,108178502,1,snv_mnv,NA,NA,"muse,sanger",2,COSN8543151,NA,NA,FALSE,0.0533,NA,4,71,NA,NA,NA,Intron,FALSE,FALSE,FALSE,FALSE,4,2,2,2_2,7f94d650-41b9-4664-bcde-dc8533e4602d,NA
14,20368722,20368722,1,snv_mnv,NA,NA,"broad,dkfz,muse",3,COSN7430997,NA,MSTB-int,FALSE,0.2188,NA,14,50,NA,NA,NA,IGR,FALSE,FALSE,FALSE,FALSE,3,2,1,2_1,7f94d650-41b9-4664-bcde-dc8533e4602d,NA
14,26096452,26096452,1,snv_mnv,NA,NA,"broad,dkfz,muse,sanger",4,COSN8656673,NA,NA,FALSE,0.141,NA,11,67,NA,NA,NA,IGR,FALSE,FALSE,FALSE,FALSE,3,2,1,2_1,7f94d650-41b9-4664-bcde-dc8533e4602d,NA
14,26464238,26464238,1,snv_mnv,NA,NA,"broad,dkfz,muse,sanger",4,COSN8656771,NA,NA,FALSE,0.2152,NA,17,62,NA,NA,NA,lincRNA,FALSE,FALSE,FALSE,FALSE,3,2,1,2_1,7f94d650-41b9-4664-bcde-dc8533e4602d,NA
14,26582674,26582674,1,snv_mnv,NA,NA,"broad,dkfz,muse,sanger",4,COSN15067068,NA,NA,FALSE,0.2917,NA,21,51,NA,NA,NA,lincRNA,FALSE,FALSE,FALSE,FALSE,3,2,1,2_1,7f94d650-41b9-4664-bcde-dc8533e4602d,NA
14,26691112,26691112,1,snv_mnv,NA,NA,"broad,dkfz,muse,sanger",4,COSN17310290,NA,NA,FALSE,0.1084,NA,9,74,NA,NA,NA,IGR,FALSE,FALSE,FALSE,FALSE,3,2,1,2_1,7f94d650-41b9-4664-bcde-dc8533e4602d,NA
14,26723399,26723399,1,snv_mnv,NA,NA,"broad,dkfz,muse,sanger",4,COSN8656841,NA,NA,FALSE,0.1667,NA,10,50,NA,NA,NA,IGR,FALSE,FALSE,FALSE,FALSE,3,2,1,2_1,7f94d650-41b9-4664-bcde-dc8533e4602d,NA
14,26880521,26880521,1,snv_mnv,NA,NA,"broad,dkfz,muse,sanger",4,COSN8656887,NA,L4,FALSE,0.2632,NA,15,42,NA,NA,NA,IGR,FALSE,FALSE,FALSE,FALSE,3,2,1,2_1,7f94d650-41b9-4664-bcde-dc8533e4602d,NA
14,27077402,27077402,1,snv_mnv,NA,NA,"broad,dkfz,muse,sanger",4,COSN17840978,NA,MLT1J,FALSE,0.2436,NA,19,59,NA,NA,NA,RNA,FALSE,FALSE,FALSE,FALSE,3,2,1,2_1,7f94d650-41b9-4664-bcde-dc8533e4602d,NA
14,27684516,27684516,1,snv_mnv,NA,NA,"broad,dkfz,muse,sanger",4,COSN5170926,NA,MER51-int,FALSE,0.25,NA,14,42,NA,NA,NA,IGR,FALSE,FALSE,FALSE,FALSE,3,2,1,2_1,7f94d650-41b9-4664-bcde-dc8533e4602d,NA
14,28186910,28186910,1,snv_mnv,NA,NA,"broad,dkfz,muse,sanger",4,COSN17857777,NA,L2a,FALSE,0.1224,NA,6,43,NA,NA,NA,IGR,FALSE,FALSE,FALSE,FALSE,2,1,1,1_1,7f94d650-41b9-4664-bcde-dc8533e4602d,NA
14,28233342,28233342,1,snv_mnv,NA,NA,"broad,muse,sanger",3,COSN19441955,NA,L1PREC2,FALSE,0.2656,NA,17,47,NA,NA,NA,IGR,FALSE,FALSE,FALSE,FALSE,2,1,1,1_1,7f94d650-41b9-4664-bcde-dc8533e4602d,NA
14,28563264,28563264,1,snv_mnv,NA,NA,"broad,dkfz,muse,sanger",4,COSN14923607,NA,L1ME3A,FALSE,0.1059,NA,9,76,NA,NA,NA,IGR,FALSE,FALSE,FALSE,FALSE,3,2,1,2_1,7f94d650-41b9-4664-bcde-dc8533e4602d,NA
14,28733348,28733348,1,snv_mnv,NA,NA,"broad,dkfz,muse,sanger",4,COSN17734048,NA,L1PREC2,FALSE,0.125,NA,8,56,NA,NA,NA,RNA,FALSE,FALSE,FALSE,FALSE,3,2,1,2_1,7f94d650-41b9-4664-bcde-dc8533e4602d,BNIP3P1
14,29063752,29063752,1,snv_mnv,NA,NA,"broad,dkfz,muse,sanger",4,COSN8657375,NA,L2a,FALSE,0.1279,NA,11,75,NA,NA,NA,lincRNA,FALSE,FALSE,FALSE,FALSE,3,2,1,2_1,7f94d650-41b9-4664-bcde-dc8533e4602d,EIF4A1P12
14,29289997,29289997,1,snv_mnv,NA,NA,"broad,dkfz,muse,sanger",4,COSN8151364,NA,NA,FALSE,0.2429,NA,17,53,NA,NA,NA,RNA,FALSE,FALSE,FALSE,FALSE,3,2,1,2_1,7f94d650-41b9-4664-bcde-dc8533e4602d,AL049777.1
14,29319255,29319255,1,snv_mnv,NA,NA,"broad,muse,sanger",3,COSN15152404,NA,L1PA6,FALSE,0.1818,NA,10,45,NA,NA,NA,lincRNA,FALSE,FALSE,FALSE,FALSE,3,2,1,2_1,7f94d650-41b9-4664-bcde-dc8533e4602d,NA
14,29837685,29837685,1,snv_mnv,NA,NA,"broad,dkfz,muse,sanger",4,COSN14959225,NA,L1ME3A,FALSE,0.117,NA,11,83,NA,NA,NA,RNA,FALSE,FALSE,FALSE,FALSE,3,2,1,2_1,7f94d650-41b9-4664-bcde-dc8533e4602d,NA
14,29938789,29938789,1,snv_mnv,NA,NA,"broad,muse,sanger",3,COSN8657571,NA,MIR,FALSE,0.0909,NA,6,60,NA,NA,NA,IGR,FALSE,FALSE,FALSE,FALSE,3,2,1,2_1,7f94d650-41b9-4664-bcde-dc8533e4602d,NA
14,30827340,30827340,1,snv_mnv,NA,NA,"broad,dkfz,muse,sanger",4,COSN5207494,NA,NA,FALSE,0.2154,NA,14,51,NA,NA,NA,IGR,FALSE,FALSE,FALSE,FALSE,3,2,1,2_1,7f94d650-41b9-4664-bcde-dc8533e4602d,NA
14,36003244,36003244,1,snv_mnv,NA,NA,"broad,dkfz,muse",3,COSN1167203,NA,NA,FALSE,0.4048,NA,17,25,NA,NA,NA,5'Flank,FALSE,FALSE,FALSE,FALSE,3,2,1,2_1,7f94d650-41b9-4664-bcde-dc8533e4602d,NA
14,40245519,40245519,1,snv_mnv,NA,NA,"broad,dkfz,muse,sanger",4,COSN15078894,NA,NA,FALSE,0.1549,NA,11,60,NA,NA,NA,IGR,FALSE,FALSE,FALSE,FALSE,3,2,1,2_1,7f94d650-41b9-4664-bcde-dc8533e4602d,NA
14,40659176,40659176,1,snv_mnv,NA,NA,"broad,dkfz,muse,sanger",4,COSN15039174,NA,NA,FALSE,0.2917,NA,21,51,NA,NA,NA,IGR,FALSE,FALSE,FALSE,FALSE,3,2,1,2_1,7f94d650-41b9-4664-bcde-dc8533e4602d,NA
14,40919098,40919098,1,snv_mnv,NA,NA,"broad,dkfz,muse,sanger",4,COSN17628656,NA,L1ME3A,FALSE,0.1919,NA,19,80,NA,NA,NA,IGR,FALSE,FALSE,FALSE,FALSE,3,2,1,2_1,7f94d650-41b9-4664-bcde-dc8533e4602d,NA
14,41043605,41043605,1,snv_mnv,NA,NA,"broad,dkfz,muse,sanger",4,COSN17635758,NA,NA,FALSE,0.1333,NA,10,65,NA,NA,NA,IGR,FALSE,FALSE,FALSE,FALSE,3,2,1,2_1,7f94d650-41b9-4664-bcde-dc8533e4602d,NA
14,41085010,41085010,1,snv_mnv,NA,NA,"broad,dkfz,muse,sanger",4,COSN7229963,NA,L2b,FALSE,0.0833,NA,7,77,NA,NA,NA,IGR,FALSE,FALSE,FALSE,FALSE,3,2,1,2_1,7f94d650-41b9-4664-bcde-dc8533e4602d,NA
14,41550273,41550273,1,snv_mnv,NA,NA,"broad,dkfz,muse,sanger",4,COSN8658458,NA,NA,FALSE,0.274,NA,20,53,NA,NA,NA,IGR,FALSE,FALSE,FALSE,FALSE,3,2,1,2_1,7f94d650-41b9-4664-bcde-dc8533e4602d,NA
14,41887017,41887017,1,snv_mnv,NA,NA,"broad,dkfz,muse,sanger",4,COSN17657735,NA,MER58A,FALSE,0.0789,NA,6,70,NA,NA,NA,IGR,FALSE,FALSE,FALSE,FALSE,3,2,1,2_1,7f94d650-41b9-4664-bcde-dc8533e4602d,NA
14,42614241,42614241,1,snv_mnv,NA,NA,"broad,dkfz,muse,sanger",4,COSN16023420,NA,L1PA12,FALSE,0.2468,NA,19,58,NA,NA,NA,IGR,FALSE,FALSE,FALSE,FALSE,3,2,1,2_1,7f94d650-41b9-4664-bcde-dc8533e4602d,NA
14,42623929,42623929,1,snv_mnv,NA,NA,"broad,dkfz,muse,sanger",4,COSN15676992,NA,AluSz,FALSE,0.2698,NA,17,46,NA,NA,NA,IGR,FALSE,FALSE,FALSE,FALSE,3,2,1,2_1,7f94d650-41b9-4664-bcde-dc8533e4602d,NA
14,43255164,43255164,1,snv_mnv,NA,NA,"broad,sanger",2,COSN17385741,NA,THE1D-int,FALSE,0.0833,NA,5,55,NA,NA,NA,IGR,FALSE,FALSE,FALSE,FALSE,3,2,1,2_1,7f94d650-41b9-4664-bcde-dc8533e4602d,NA
14,43848741,43848741,1,snv_mnv,NA,NA,"broad,dkfz,muse,sanger",4,COSN17841034,NA,NA,FALSE,0.1429,NA,12,72,NA,NA,NA,IGR,FALSE,FALSE,FALSE,FALSE,3,2,1,2_1,7f94d650-41b9-4664-bcde-dc8533e4602d,NA
14,46224752,46224752,1,snv_mnv,7.9872e-4,rs555040440,"broad,dkfz,muse,sanger",4,COSN8153876,rs555040440,L1PA7,FALSE,0.3286,NA,23,47,NA,NA,NA,IGR,FALSE,FALSE,FALSE,FALSE,3,2,1,2_1,7f94d650-41b9-4664-bcde-dc8533e4602d,NA
14,46472850,46472850,1,snv_mnv,NA,NA,"broad,dkfz,muse,sanger",4,COSN5208562,NA,NA,FALSE,0.1538,NA,14,77,NA,NA,NA,IGR,FALSE,FALSE,FALSE,FALSE,3,2,1,2_1,7f94d650-41b9-4664-bcde-dc8533e4602d,NA
14,47806016,47806016,1,snv_mnv,NA,NA,"broad,muse",2,COSN17767736,NA,(TTTA)n,FALSE,0.0732,NA,6,76,NA,NA,NA,Intron,FALSE,FALSE,FALSE,FALSE,3,2,1,2_1,7f94d650-41b9-4664-bcde-dc8533e4602d,NA
14,47935305,47935305,1,snv_mnv,NA,NA,"broad,dkfz,muse,sanger",4,COSN8154240,NA,L1PA14,FALSE,0.1452,NA,9,53,NA,NA,NA,Intron,FALSE,FALSE,FALSE,FALSE,3,2,1,2_1,7f94d650-41b9-4664-bcde-dc8533e4602d,NA
14,48343092,48343092,1,snv_mnv,NA,NA,"broad,dkfz,muse,sanger",4,COSN17758941,NA,NA,FALSE,0.2097,NA,13,49,NA,NA,NA,IGR,FALSE,FALSE,FALSE,FALSE,3,2,1,2_1,7f94d650-41b9-4664-bcde-dc8533e4602d,NA
14,48552449,48552449,1,snv_mnv,NA,NA,"broad,dkfz,muse,sanger",4,COSN14498594,NA,L1MEg1,FALSE,0.1389,NA,10,62,NA,NA,NA,IGR,FALSE,FALSE,FALSE,FALSE,3,2,1,2_1,7f94d650-41b9-4664-bcde-dc8533e4602d,NA
14,48560686,48560686,1,snv_mnv,NA,NA,"broad,dkfz,muse,sanger",4,COSN17510570,NA,MIRc,FALSE,0.1235,NA,10,71,NA,NA,NA,IGR,FALSE,FALSE,FALSE,FALSE,3,2,1,2_1,7f94d650-41b9-4664-bcde-dc8533e4602d,NA
14,48602004,48602004,1,snv_mnv,NA,NA,"broad,muse,sanger",3,COSN17634328,NA,L1ME2z,FALSE,0.0952,NA,6,57,NA,NA,NA,IGR,FALSE,FALSE,FALSE,TRUE,3,2,1,2_1,7f94d650-41b9-4664-bcde-dc8533e4602d,NA
14,51348533,51348533,1,snv_mnv,NA,NA,"broad,dkfz,muse",3,COSN18211842,NA,NA,FALSE,0.0758,NA,5,61,NA,NA,NA,Intron,FALSE,FALSE,FALSE,FALSE,4,2,2,2_2,7f94d650-41b9-4664-bcde-dc8533e4602d,NA
14,52398981,52398981,1,snv_mnv,NA,NA,"broad,muse",2,COSN7236451,NA,AluY,FALSE,0.3529,NA,12,22,NA,NA,NA,Intron,FALSE,FALSE,FALSE,FALSE,4,2,2,2_2,7f94d650-41b9-4664-bcde-dc8533e4602d,NA
14,58106525,58106525,1,snv_mnv,NA,NA,"broad,dkfz,muse,sanger",4,COSN15045238,NA,NA,FALSE,0.2029,NA,14,55,NA,NA,NA,Intron,FALSE,FALSE,FALSE,FALSE,4,2,2,2_2,7f94d650-41b9-4664-bcde-dc8533e4602d,NA
14,80476839,80476839,1,snv_mnv,NA,NA,"broad,muse",2,COSN7028370,NA,L1PA3,FALSE,0.4247,NA,31,42,NA,NA,NA,IGR,FALSE,FALSE,FALSE,FALSE,4,2,2,2_2,7f94d650-41b9-4664-bcde-dc8533e4602d,NA
14,80638875,80638875,1,snv_mnv,NA,NA,"broad,dkfz,muse,sanger",4,COSN8661463,NA,NA,FALSE,0.3056,NA,22,50,NA,NA,NA,IGR,FALSE,FALSE,FALSE,FALSE,4,2,2,2_2,7f94d650-41b9-4664-bcde-dc8533e4602d,NA
14,82590312,82590312,1,snv_mnv,NA,NA,"broad,muse,sanger",3,COSN7029265,NA,NA,FALSE,0.0676,NA,5,69,NA,NA,NA,IGR,FALSE,FALSE,FALSE,FALSE,4,2,2,2_2,7f94d650-41b9-4664-bcde-dc8533e4602d,NA
14,82594534,82594534,1,snv_mnv,NA,NA,"broad,dkfz,muse,sanger",4,COSN8661671,NA,NA,FALSE,0.0854,NA,7,75,NA,NA,NA,IGR,FALSE,FALSE,FALSE,FALSE,4,2,2,2_2,7f94d650-41b9-4664-bcde-dc8533e4602d,NA
14,83379801,83379801,1,snv_mnv,NA,NA,"broad,dkfz,muse,sanger",4,COSN4759398,NA,L1MC2,FALSE,0.0759,NA,6,73,NA,NA,NA,IGR,FALSE,FALSE,FALSE,FALSE,4,2,2,2_2,7f94d650-41b9-4664-bcde-dc8533e4602d,NA
14,83561059,83561059,1,snv_mnv,NA,NA,"broad,dkfz,muse,sanger",4,COSN15169367,NA,NA,FALSE,0.12,NA,9,66,NA,NA,NA,IGR,FALSE,FALSE,FALSE,FALSE,4,2,2,2_2,7f94d650-41b9-4664-bcde-dc8533e4602d,NA
14,83984859,83984859,1,snv_mnv,NA,NA,"broad,dkfz,muse,sanger",4,COSN16121685,NA,MLT2B3,FALSE,0.1429,NA,8,48,NA,NA,NA,IGR,FALSE,FALSE,FALSE,FALSE,4,2,2,2_2,7f94d650-41b9-4664-bcde-dc8533e4602d,NA
14,84163927,84163927,1,snv_mnv,NA,NA,"broad,muse,sanger",3,COSN15286950,NA,MLT1H,FALSE,0.0714,NA,4,52,NA,NA,NA,IGR,FALSE,FALSE,FALSE,FALSE,4,2,2,2_2,7f94d650-41b9-4664-bcde-dc8533e4602d,NA
14,84379259,84379259,1,snv_mnv,5.9904e-4,rs113364244,"broad,dkfz,muse,sanger",4,COSN15872859,rs113364244,NA,FALSE,0.2169,NA,18,65,NA,NA,NA,lincRNA,FALSE,FALSE,FALSE,FALSE,4,2,2,2_2,7f94d650-41b9-4664-bcde-dc8533e4602d,NA
14,85524588,85524588,1,snv_mnv,NA,NA,"broad,dkfz,muse,sanger",4,COSN8158619,NA,NA,FALSE,0.2278,NA,18,61,NA,NA,NA,IGR,FALSE,FALSE,FALSE,FALSE,4,2,2,2_2,7f94d650-41b9-4664-bcde-dc8533e4602d,NA
14,86339068,86339068,1,snv_mnv,NA,NA,"broad,dkfz,muse,sanger",4,COSN16691076,NA,NA,FALSE,0.0759,NA,6,73,NA,NA,NA,IGR,FALSE,FALSE,FALSE,FALSE,4,2,2,2_2,7f94d650-41b9-4664-bcde-dc8533e4602d,NA
14,86546728,86546728,1,snv_mnv,NA,NA,"broad,dkfz,muse,sanger",4,COSN7031688,NA,L1PA3,FALSE,0.1569,NA,8,43,NA,NA,NA,lincRNA,FALSE,FALSE,FALSE,FALSE,4,2,2,2_2,7f94d650-41b9-4664-bcde-dc8533e4602d,NA
14,86759746,86759746,1,snv_mnv,NA,NA,"broad,dkfz,muse,sanger",4,COSN17511906,NA,NA,FALSE,0.2759,NA,24,63,NA,NA,NA,IGR,FALSE,FALSE,FALSE,FALSE,4,2,2,2_2,7f94d650-41b9-4664-bcde-dc8533e4602d,NA
14,87064996,87064996,1,snv_mnv,NA,NA,"broad,muse,sanger",3,COSN7031939,NA,NA,FALSE,0.0667,NA,5,70,NA,NA,NA,IGR,FALSE,FALSE,FALSE,FALSE,4,2,2,2_2,7f94d650-41b9-4664-bcde-dc8533e4602d,NA
14,97914778,97914778,1,snv_mnv,NA,NA,"broad,dkfz,muse,sanger",4,COSN17769672,NA,AluSx1,FALSE,0.1111,NA,7,56,NA,NA,NA,IGR,FALSE,FALSE,FALSE,FALSE,4,2,2,2_2,7f94d650-41b9-4664-bcde-dc8533e4602d,NA
14,97987774,97987774,1,snv_mnv,NA,NA,"broad,dkfz,muse,sanger",4,COSN17695851,NA,NA,FALSE,0.2529,NA,22,65,NA,NA,NA,IGR,FALSE,FALSE,FALSE,FALSE,4,2,2,2_2,7f94d650-41b9-4664-bcde-dc8533e4602d,NA
15,22585709,22585709,1,snv_mnv,NA,NA,"broad,muse,sanger",3,COSN15250356,NA,L1MC,FALSE,0.1351,NA,15,96,NA,NA,NA,IGR,FALSE,FALSE,FALSE,FALSE,3,2,1,2_1,7f94d650-41b9-4664-bcde-dc8533e4602d,NA
15,23932258,23932258,1,snv_mnv,NA,NA,"broad,muse",2,COSM2082412,NA,NA,FALSE,0.1087,NA,5,41,NA,NA,NA,Missense_Mutation,FALSE,FALSE,FALSE,FALSE,3,2,1,2_1,7f94d650-41b9-4664-bcde-dc8533e4602d,NA
15,24395825,24395825,1,snv_mnv,NA,NA,"broad,muse,sanger",3,COSN5211545,NA,AluJo,FALSE,0.1449,NA,10,59,NA,NA,NA,IGR,FALSE,FALSE,FALSE,FALSE,3,2,1,2_1,7f94d650-41b9-4664-bcde-dc8533e4602d,NA
15,24914830,24914830,1,snv_mnv,NA,NA,"dkfz,sanger",2,COSN17325250,NA,NA,FALSE,0.1343,NA,9,58,NA,NA,NA,IGR,FALSE,FALSE,FALSE,FALSE,3,2,1,2_1,7f94d650-41b9-4664-bcde-dc8533e4602d,NA
15,24959988,24959988,1,snv_mnv,NA,NA,"broad,dkfz,muse,sanger",4,COSN8171307,NA,L1PA10,FALSE,0.3611,NA,26,46,NA,NA,NA,IGR,FALSE,FALSE,FALSE,FALSE,3,2,1,2_1,7f94d650-41b9-4664-bcde-dc8533e4602d,NA
15,26178406,26178406,1,snv_mnv,NA,NA,"broad,dkfz,muse,sanger",4,COSN15244366,NA,NA,FALSE,0.1077,NA,7,58,NA,NA,NA,lincRNA,FALSE,FALSE,FALSE,FALSE,3,2,1,2_1,7f94d650-41b9-4664-bcde-dc8533e4602d,"AC044913.1,LINC02346"
15,26739245,26739245,1,snv_mnv,NA,NA,"broad,dkfz,muse,sanger",4,COSN17766545,NA,NA,FALSE,0.0968,NA,6,56,NA,NA,NA,IGR,FALSE,FALSE,FALSE,FALSE,3,2,1,2_1,7f94d650-41b9-4664-bcde-dc8533e4602d,NA
15,26742836,26742836,1,snv_mnv,NA,NA,"broad,dkfz,muse,sanger",4,COSN5211850,NA,L1MA2,FALSE,0.1389,NA,10,62,NA,NA,NA,IGR,FALSE,FALSE,FALSE,FALSE,3,2,1,2_1,7f94d650-41b9-4664-bcde-dc8533e4602d,NA
15,28036304,28036304,1,snv_mnv,NA,NA,"broad,dkfz,muse,sanger",4,COSN17783623,NA,NA,FALSE,0.1404,NA,8,49,NA,NA,NA,Intron,FALSE,FALSE,FALSE,FALSE,3,2,1,2_1,7f94d650-41b9-4664-bcde-dc8533e4602d,NA
15,28273447,28273447,1,snv_mnv,NA,NA,"broad,muse",2,COSN15046416,NA,NA,FALSE,0.1077,NA,7,58,NA,NA,NA,Intron,FALSE,FALSE,FALSE,FALSE,3,2,1,2_1,7f94d650-41b9-4664-bcde-dc8533e4602d,NA
15,50833131,50833131,1,snv_mnv,3.9936e-4,rs535087284,"broad,dkfz,muse,sanger",4,COSN18480315,rs535087284,NA,FALSE,0.1791,NA,12,55,NA,NA,NA,Intron,FALSE,FALSE,FALSE,FALSE,3,2,1,2_1,7f94d650-41b9-4664-bcde-dc8533e4602d,NA
15,54752365,54752365,1,snv_mnv,NA,NA,"broad,dkfz,muse,sanger",4,COSN8815299,NA,L1PB1,FALSE,0.2188,NA,14,50,NA,NA,NA,Intron,FALSE,FALSE,FALSE,FALSE,3,2,1,2_1,7f94d650-41b9-4664-bcde-dc8533e4602d,NA
15,87012874,87012874,1,snv_mnv,NA,NA,"broad,muse,sanger",3,COSN7251772,NA,L1MA9,FALSE,0.0625,NA,4,60,NA,NA,NA,Intron,FALSE,FALSE,FALSE,FALSE,3,2,1,2_1,7f94d650-41b9-4664-bcde-dc8533e4602d,NA
15,88019754,88019754,1,snv_mnv,NA,NA,"broad,dkfz,muse,sanger",4,COSN17274380,NA,MIRb,FALSE,0.1774,NA,11,51,NA,NA,NA,lincRNA,FALSE,FALSE,FALSE,FALSE,3,2,1,2_1,7f94d650-41b9-4664-bcde-dc8533e4602d,RNU6-185P
15,88212188,88212188,1,snv_mnv,NA,NA,"broad,muse",2,COSN7252584,NA,LTR8,FALSE,0.0725,NA,5,64,NA,NA,NA,lincRNA,FALSE,FALSE,FALSE,FALSE,3,2,1,2_1,7f94d650-41b9-4664-bcde-dc8533e4602d,NA
15,88416073,88416073,1,snv_mnv,NA,NA,"broad,dkfz,muse",3,COSN5214378,NA,NA,FALSE,0.2174,NA,15,54,NA,NA,NA,IGR,FALSE,FALSE,FALSE,FALSE,3,2,1,2_1,7f94d650-41b9-4664-bcde-dc8533e4602d,NTRK3
15,94111358,94111358,1,snv_mnv,NA,NA,"broad,dkfz,muse,sanger",4,COSN8482526,NA,THE1D,FALSE,0.1571,NA,11,59,NA,NA,NA,IGR,FALSE,FALSE,FALSE,FALSE,3,2,1,2_1,7f94d650-41b9-4664-bcde-dc8533e4602d,NA
15,94356346,94356346,1,snv_mnv,NA,NA,"broad,dkfz,muse,sanger",4,COSN5214629,NA,L1PREC2,FALSE,0.2188,NA,14,50,NA,NA,NA,lincRNA,FALSE,FALSE,FALSE,FALSE,3,2,1,2_1,7f94d650-41b9-4664-bcde-dc8533e4602d,NA
15,95278920,95278920,1,snv_mnv,NA,NA,"broad,dkfz,muse,sanger",4,COSN7255052,NA,NA,FALSE,0.1731,NA,9,43,NA,NA,NA,IGR,FALSE,FALSE,FALSE,FALSE,3,2,1,2_1,7f94d650-41b9-4664-bcde-dc8533e4602d,NA
15,95630584,95630584,1,snv_mnv,NA,NA,"broad,dkfz,muse,sanger",4,COSN15294564,NA,NA,FALSE,0.371,NA,23,39,NA,NA,NA,lincRNA,FALSE,FALSE,FALSE,FALSE,3,2,1,2_1,7f94d650-41b9-4664-bcde-dc8533e4602d,NA
15,96453854,96453854,1,snv_mnv,NA,NA,"broad,dkfz,muse,sanger",4,COSN17782332,NA,NA,FALSE,0.0968,NA,6,56,NA,NA,NA,IGR,FALSE,FALSE,FALSE,FALSE,3,2,1,2_1,7f94d650-41b9-4664-bcde-dc8533e4602d,NA
15,96821469,96821469,1,snv_mnv,NA,NA,"broad,dkfz,muse,sanger",4,COSN8179168,NA,AluSx1,FALSE,0.1481,NA,8,46,NA,NA,NA,RNA,FALSE,FALSE,FALSE,FALSE,3,2,1,2_1,7f94d650-41b9-4664-bcde-dc8533e4602d,NR2F2-AS1
16,5493180,5493180,1,snv_mnv,NA,NA,"broad,dkfz,muse,sanger",4,COSN8391728,NA,MLT1C,FALSE,0.3117,NA,24,53,NA,NA,NA,RNA,FALSE,FALSE,FALSE,FALSE,3,2,1,2_1,7f94d650-41b9-4664-bcde-dc8533e4602d,NA
16,5812695,5812695,1,snv_mnv,NA,NA,"broad,dkfz,muse,sanger",4,COSN7262015,rs770946635,L1ME4a,FALSE,0.1013,NA,8,71,NA,NA,NA,RNA,FALSE,FALSE,FALSE,FALSE,3,2,1,2_1,7f94d650-41b9-4664-bcde-dc8533e4602d,NA
16,6042888,6042888,1,snv_mnv,NA,NA,"broad,dkfz,muse,sanger",4,COSN7263417,NA,AluSx1,FALSE,0.3208,NA,17,36,NA,NA,NA,RNA,FALSE,FALSE,FALSE,FALSE,3,2,1,2_1,7f94d650-41b9-4664-bcde-dc8533e4602d,NA
16,6352807,6352807,1,snv_mnv,NA,NA,"broad,muse,sanger",3,COSN7266425,NA,MIR3,FALSE,0.0794,NA,5,58,NA,NA,NA,Intron,FALSE,FALSE,FALSE,FALSE,3,2,1,2_1,7f94d650-41b9-4664-bcde-dc8533e4602d,NA
16,7691710,7691710,1,snv_mnv,NA,NA,"broad,dkfz,muse,sanger",4,COSN8672641,NA,NA,FALSE,0.1324,NA,9,59,NA,NA,NA,Intron,FALSE,FALSE,FALSE,FALSE,3,2,1,2_1,7f94d650-41b9-4664-bcde-dc8533e4602d,NA
16,13082443,13082443,1,snv_mnv,NA,NA,"broad,dkfz,muse,sanger",4,COSN18012826,rs746480108,AluSx1,FALSE,0.1905,NA,8,34,NA,NA,NA,Intron,FALSE,FALSE,FALSE,FALSE,3,2,1,2_1,7f94d650-41b9-4664-bcde-dc8533e4602d,NA
16,18143890,18143890,1,snv_mnv,NA,NA,"broad,dkfz,muse,sanger",4,COSN17406002,NA,NA,FALSE,0.2353,NA,16,52,NA,NA,NA,lincRNA,FALSE,FALSE,FALSE,FALSE,3,2,1,2_1,7f94d650-41b9-4664-bcde-dc8533e4602d,NA
16,26048643,26048643,1,snv_mnv,NA,NA,"broad,dkfz,muse,sanger",4,COSN15081002,NA,MER115,FALSE,0.2059,NA,14,54,NA,NA,NA,Intron,FALSE,FALSE,FALSE,FALSE,3,2,1,2_1,7f94d650-41b9-4664-bcde-dc8533e4602d,HMGN2P3
16,29675436,29675436,1,snv_mnv,NA,NA,"broad,dkfz,muse,sanger",4,COSM3110814,NA,NA,FALSE,0.1558,NA,12,65,NA,NA,NA,Silent,FALSE,FALSE,FALSE,FALSE,3,2,1,2_1,7f94d650-41b9-4664-bcde-dc8533e4602d,SPN
16,31880095,31880095,1,snv_mnv,NA,NA,"broad,dkfz,muse,sanger",4,COSN17781886,NA,NA,FALSE,0.1053,NA,8,68,NA,NA,NA,IGR,FALSE,FALSE,FALSE,FALSE,3,2,1,2_1,7f94d650-41b9-4664-bcde-dc8533e4602d,"RBM22P13,AC034105.2"
16,32608234,32608234,1,snv_mnv,NA,NA,"broad,muse",2,COSN5216109,NA,NA,FALSE,0.2118,NA,18,67,NA,NA,NA,IGR,FALSE,FALSE,FALSE,FALSE,3,2,1,2_1,7f94d650-41b9-4664-bcde-dc8533e4602d,AC137800.1
16,34323339,34323339,1,snv_mnv,NA,NA,"broad,dkfz,muse,sanger",4,COSN7256418,NA,NA,FALSE,0.194,NA,13,54,NA,NA,NA,IGR,FALSE,FALSE,FALSE,FALSE,3,2,1,2_1,7f94d650-41b9-4664-bcde-dc8533e4602d,"CCNYL3,NAMPTP3,CLUHP11,VPS35P1"
16,34563222,34563222,1,snv_mnv,1.9968e-4,rs543819911,"broad,dkfz,muse,sanger",4,COSN15087751,rs543819911,HERVL40-int,FALSE,0.32,NA,24,51,NA,NA,NA,IGR,FALSE,FALSE,FALSE,FALSE,3,2,1,2_1,7f94d650-41b9-4664-bcde-dc8533e4602d,NA
16,34627041,34627041,1,snv_mnv,NA,NA,"broad,dkfz,muse,sanger",4,COSN8818999,NA,NA,FALSE,0.2456,NA,14,43,NA,NA,NA,lincRNA,FALSE,FALSE,FALSE,FALSE,3,2,1,2_1,7f94d650-41b9-4664-bcde-dc8533e4602d,"AGGF1P4,LINC01566"
16,34649084,34649084,1,snv_mnv,NA,NA,"broad,dkfz,muse,sanger",4,COSN7256754,NA,NA,FALSE,0.3902,NA,16,25,NA,NA,NA,IGR,FALSE,FALSE,FALSE,FALSE,3,2,1,2_1,7f94d650-41b9-4664-bcde-dc8533e4602d,NA
16,55772229,55772229,1,snv_mnv,NA,NA,"broad,muse,sanger",3,COSN7261178,NA,L2c,FALSE,0.1406,NA,9,55,NA,NA,NA,IGR,FALSE,FALSE,FALSE,FALSE,3,2,1,2_1,7f94d650-41b9-4664-bcde-dc8533e4602d,NA
16,58790870,58790870,1,snv_mnv,NA,NA,"broad,dkfz,muse,sanger",4,COSN7262237,NA,AluSq2,FALSE,0.1731,NA,9,43,NA,NA,NA,lincRNA,FALSE,FALSE,FALSE,FALSE,3,2,1,2_1,7f94d650-41b9-4664-bcde-dc8533e4602d,NA
16,61028168,61028168,1,snv_mnv,NA,NA,"broad,dkfz,muse,sanger",4,COSN7263964,NA,LTR47A,FALSE,0.1228,NA,7,50,NA,NA,NA,IGR,FALSE,FALSE,FALSE,FALSE,3,2,1,2_1,7f94d650-41b9-4664-bcde-dc8533e4602d,NA
16,61813248,61813248,1,snv_mnv,3.9936e-4,rs548472841,"broad,dkfz,muse,sanger",4,COSN17751936,rs548472841,NA,FALSE,0.1167,NA,7,53,NA,NA,NA,Intron,FALSE,FALSE,FALSE,FALSE,3,2,1,2_1,7f94d650-41b9-4664-bcde-dc8533e4602d,NA
16,62719956,62719956,1,snv_mnv,NA,NA,"broad,dkfz,muse,sanger",4,COSN17584820,NA,NA,FALSE,0.125,NA,8,56,NA,NA,NA,IGR,FALSE,FALSE,FALSE,FALSE,3,2,1,2_1,7f94d650-41b9-4664-bcde-dc8533e4602d,NA
16,64137395,64137395,1,snv_mnv,NA,NA,"broad,dkfz,muse,sanger",4,COSN7266849,NA,L1MC3,FALSE,0.0833,NA,7,77,NA,NA,NA,IGR,FALSE,FALSE,FALSE,FALSE,3,2,1,2_1,7f94d650-41b9-4664-bcde-dc8533e4602d,NA
16,64711488,64711488,1,snv_mnv,NA,NA,"broad,dkfz,muse,sanger",4,COSN17270172,NA,L1ME3B,FALSE,0.2537,NA,17,50,NA,NA,NA,IGR,FALSE,FALSE,FALSE,FALSE,3,2,1,2_1,7f94d650-41b9-4664-bcde-dc8533e4602d,NA
16,64831290,64831290,1,snv_mnv,NA,NA,"broad,dkfz,muse,sanger",4,COSN8671775,NA,L1ME2z,FALSE,0.1714,NA,12,58,NA,NA,NA,IGR,FALSE,FALSE,FALSE,FALSE,3,2,1,2_1,7f94d650-41b9-4664-bcde-dc8533e4602d,NA
16,64919905,64919905,1,snv_mnv,NA,NA,"broad,dkfz,muse,sanger",4,COSN15951372,NA,NA,FALSE,0.0938,NA,6,58,NA,NA,NA,IGR,FALSE,FALSE,FALSE,FALSE,3,2,1,2_1,7f94d650-41b9-4664-bcde-dc8533e4602d,NA
16,65348139,65348139,1,snv_mnv,NA,NA,"broad,muse,sanger",3,COSN14939911,NA,MIRb,FALSE,0.0897,NA,7,71,NA,NA,NA,lincRNA,FALSE,FALSE,FALSE,FALSE,3,2,1,2_1,7f94d650-41b9-4664-bcde-dc8533e4602d,NA
16,65538889,65538889,1,snv_mnv,NA,NA,"broad,dkfz,muse,sanger",4,COSN8236058,NA,L1PB2,FALSE,0.1184,NA,9,67,NA,NA,NA,lincRNA,FALSE,FALSE,FALSE,FALSE,3,2,1,2_1,7f94d650-41b9-4664-bcde-dc8533e4602d,NA
16,65563994,65563994,1,snv_mnv,NA,NA,"broad,muse,sanger",3,COSN17277362,NA,MER20,FALSE,0.1042,NA,5,43,NA,NA,NA,lincRNA,FALSE,FALSE,FALSE,FALSE,3,2,1,2_1,7f94d650-41b9-4664-bcde-dc8533e4602d,NA
16,77085799,77085799,1,snv_mnv,0.0011981,rs28587604,"broad,dkfz,muse,sanger",4,COSN16200880,rs28587604,NA,FALSE,0.2113,NA,15,56,NA,NA,NA,IGR,FALSE,FALSE,FALSE,FALSE,3,2,1,2_1,7f94d650-41b9-4664-bcde-dc8533e4602d,NA
16,82510145,82510145,1,snv_mnv,NA,NA,"broad,dkfz,muse,sanger",4,COSN17645995,NA,MLT1J,FALSE,0.2273,NA,15,51,NA,NA,NA,IGR,FALSE,FALSE,FALSE,FALSE,3,2,1,2_1,7f94d650-41b9-4664-bcde-dc8533e4602d,NA
16,84048725,84048725,1,snv_mnv,NA,NA,"broad,dkfz,muse,sanger",4,COSN9654076,NA,NA,FALSE,0.3226,NA,20,42,NA,NA,NA,Intron,FALSE,FALSE,FALSE,FALSE,3,2,1,2_1,7f94d650-41b9-4664-bcde-dc8533e4602d,NA
16,87835875,87835875,1,snv_mnv,NA,NA,"broad,muse",2,COSN16982786,NA,NA,FALSE,0.0784,NA,4,47,NA,NA,NA,lincRNA,FALSE,FALSE,FALSE,FALSE,3,2,1,2_1,7f94d650-41b9-4664-bcde-dc8533e4602d,NA
17,1183562,1183562,1,snv_mnv,NA,NA,"broad,dkfz,muse,sanger",4,COSM1380857,rs777449339,NA,FALSE,0.3148,NA,17,37,NA,NA,NA,Silent,FALSE,FALSE,FALSE,FALSE,2,2,0,2_0,7f94d650-41b9-4664-bcde-dc8533e4602d,NA
17,7577556,7577556,1,snv_mnv,NA,NA,"broad,dkfz,muse,sanger",4,COSM129836,NA,NA,FALSE,0.4615,NA,18,21,NA,NA,NA,Missense_Mutation,FALSE,FALSE,FALSE,FALSE,2,2,0,2_0,7f94d650-41b9-4664-bcde-dc8533e4602d,NA
17,28112374,28112374,1,snv_mnv,NA,NA,"broad,dkfz,muse,sanger",4,COSN17582240,NA,NA,FALSE,0.2273,NA,15,51,NA,NA,NA,Intron,FALSE,FALSE,FALSE,FALSE,3,2,1,2_1,7f94d650-41b9-4664-bcde-dc8533e4602d,NA
18,1393692,1393692,1,snv_mnv,NA,NA,"muse,sanger",2,COSN8676455,NA,MIR,FALSE,0.1207,NA,7,51,NA,NA,NA,lincRNA,FALSE,FALSE,FALSE,FALSE,2,1,1,1_1,7f94d650-41b9-4664-bcde-dc8533e4602d,LINC00470
18,1454371,1454371,1,snv_mnv,NA,NA,"broad,dkfz,muse,sanger",4,COSN17781408,NA,L1MA2,FALSE,0.2857,NA,12,30,NA,NA,NA,IGR,FALSE,FALSE,FALSE,FALSE,2,1,1,1_1,7f94d650-41b9-4664-bcde-dc8533e4602d,NA
18,5758632,5758632,1,snv_mnv,NA,NA,"broad,dkfz,muse,sanger",4,COSN14853425,NA,NA,FALSE,0.1446,NA,12,71,NA,NA,NA,lincRNA,FALSE,FALSE,FALSE,FALSE,3,2,1,2_1,7f94d650-41b9-4664-bcde-dc8533e4602d,MIR3976HG
18,5956203,5956203,1,snv_mnv,NA,NA,"broad,dkfz,muse,sanger",4,COSN508970,NA,NA,FALSE,0.1094,NA,7,57,NA,NA,NA,3'UTR,FALSE,FALSE,FALSE,FALSE,3,2,1,2_1,7f94d650-41b9-4664-bcde-dc8533e4602d,NA
18,6173546,6173546,1,snv_mnv,NA,NA,"broad,dkfz,muse,sanger",4,COSN15248186,NA,AluJb,FALSE,0.2121,NA,14,52,NA,NA,NA,Intron,FALSE,FALSE,FALSE,FALSE,3,2,1,2_1,7f94d650-41b9-4664-bcde-dc8533e4602d,NA
18,22966532,22966532,1,snv_mnv,NA,NA,"broad,dkfz,muse,sanger",4,COSN5222376,NA,NA,FALSE,0.1515,NA,10,56,NA,NA,NA,IGR,FALSE,FALSE,FALSE,FALSE,3,2,1,2_1,7f94d650-41b9-4664-bcde-dc8533e4602d,NA
18,23113339,23113339,1,snv_mnv,NA,NA,"broad,dkfz,muse,sanger",4,COSN15283888,NA,MER61E,FALSE,0.3051,NA,18,41,NA,NA,NA,IGR,FALSE,FALSE,FALSE,FALSE,3,2,1,2_1,7f94d650-41b9-4664-bcde-dc8533e4602d,NA
18,24935456,24935456,1,snv_mnv,NA,NA,"dkfz,muse,sanger",3,COSN8249202,NA,NA,FALSE,0.0896,NA,6,61,NA,NA,NA,lincRNA,FALSE,FALSE,FALSE,FALSE,3,2,1,2_1,7f94d650-41b9-4664-bcde-dc8533e4602d,NA
18,25071442,25071442,1,snv_mnv,NA,NA,"broad,dkfz,muse,sanger",4,COSN17274221,NA,NA,FALSE,0.0732,NA,6,76,NA,NA,NA,lincRNA,FALSE,FALSE,FALSE,FALSE,3,2,1,2_1,7f94d650-41b9-4664-bcde-dc8533e4602d,NA
18,25292100,25292100,1,snv_mnv,NA,NA,"broad,dkfz,muse,sanger",4,COSN14958539,NA,NA,FALSE,0.0649,NA,5,72,NA,NA,NA,IGR,FALSE,FALSE,FALSE,FALSE,3,2,1,2_1,7f94d650-41b9-4664-bcde-dc8533e4602d,NA
18,27398791,27398791,1,snv_mnv,NA,NA,"broad,dkfz,muse,sanger",4,COSN17881948,NA,L1MEf,FALSE,0.2,NA,11,44,NA,NA,NA,IGR,FALSE,FALSE,FALSE,FALSE,3,2,1,2_1,7f94d650-41b9-4664-bcde-dc8533e4602d,NA
18,27809539,27809539,1,snv_mnv,NA,NA,"broad,dkfz,muse,sanger",4,COSN8677854,NA,L1MA5,FALSE,0.1622,NA,12,62,NA,NA,NA,IGR,FALSE,FALSE,FALSE,FALSE,3,2,1,2_1,7f94d650-41b9-4664-bcde-dc8533e4602d,NA
18,35778136,35778136,1,snv_mnv,NA,NA,"broad,dkfz,muse,sanger",4,COSN5223206,NA,MLT1A,FALSE,0.2143,NA,15,55,NA,NA,NA,IGR,FALSE,FALSE,FALSE,FALSE,3,2,1,2_1,7f94d650-41b9-4664-bcde-dc8533e4602d,NA
18,36137404,36137404,1,snv_mnv,NA,NA,"broad,dkfz,muse,sanger",4,COSN8250625,NA,NA,FALSE,0.3012,NA,25,58,NA,NA,NA,IGR,FALSE,FALSE,FALSE,FALSE,3,2,1,2_1,7f94d650-41b9-4664-bcde-dc8533e4602d,NA
18,36285984,36285984,1,snv_mnv,NA,NA,"broad,muse",2,COSN8678604,NA,NA,FALSE,0.061,NA,5,77,NA,NA,NA,IGR,FALSE,FALSE,FALSE,FALSE,3,2,1,2_1,7f94d650-41b9-4664-bcde-dc8533e4602d,NA
18,36594607,36594607,1,snv_mnv,NA,NA,"dkfz,muse,sanger",3,COSN17280155,NA,NA,FALSE,0.1096,NA,8,65,NA,NA,NA,RNA,FALSE,FALSE,FALSE,FALSE,3,2,1,2_1,7f94d650-41b9-4664-bcde-dc8533e4602d,NA
18,36848586,36848586,1,snv_mnv,NA,NA,"broad,dkfz,muse,sanger",4,COSN15021603,NA,Kanga1a,FALSE,0.1385,NA,9,56,NA,NA,NA,lincRNA,FALSE,FALSE,FALSE,FALSE,3,2,1,2_1,7f94d650-41b9-4664-bcde-dc8533e4602d,NA
18,37754317,37754317,1,snv_mnv,NA,NA,"broad,dkfz,muse,sanger",4,COSN14922618,NA,NA,FALSE,0.1772,NA,14,65,NA,NA,NA,IGR,FALSE,FALSE,FALSE,FALSE,3,2,1,2_1,7f94d650-41b9-4664-bcde-dc8533e4602d,NA
18,39193749,39193749,1,snv_mnv,NA,NA,"broad,dkfz,muse,sanger",4,COSN8679026,NA,NA,FALSE,0.1746,NA,11,52,NA,NA,NA,IGR,FALSE,FALSE,FALSE,FALSE,3,2,1,2_1,7f94d650-41b9-4664-bcde-dc8533e4602d,NA
18,40551464,40551464,1,snv_mnv,NA,NA,"broad,dkfz,muse,sanger",4,COSN8679137,NA,NA,FALSE,0.1644,NA,12,61,NA,NA,NA,Intron,FALSE,FALSE,FALSE,FALSE,3,2,1,2_1,7f94d650-41b9-4664-bcde-dc8533e4602d,NA
18,41403269,41403269,1,snv_mnv,NA,NA,"broad,dkfz,muse,sanger",4,COSN15273060,NA,NA,FALSE,0.3457,NA,28,53,NA,NA,NA,IGR,FALSE,FALSE,FALSE,FALSE,3,2,1,2_1,7f94d650-41b9-4664-bcde-dc8533e4602d,NA
18,42137354,42137354,1,snv_mnv,NA,NA,"broad,muse",2,COSN7360160,NA,NA,FALSE,0.0976,NA,8,74,NA,NA,NA,IGR,FALSE,FALSE,FALSE,FALSE,3,2,1,2_1,7f94d650-41b9-4664-bcde-dc8533e4602d,NA
18,42726270,42726270,1,snv_mnv,NA,NA,"broad,dkfz,muse,sanger",4,COSN17357939,NA,L1PA15,FALSE,0.1333,NA,8,52,NA,NA,NA,RNA,FALSE,FALSE,FALSE,FALSE,3,2,1,2_1,7f94d650-41b9-4664-bcde-dc8533e4602d,NA
18,42765877,42765877,1,snv_mnv,NA,NA,"broad,dkfz,muse,sanger",4,COSN8679496,NA,L1M6,FALSE,0.141,NA,11,67,NA,NA,NA,IGR,FALSE,FALSE,FALSE,FALSE,3,2,1,2_1,7f94d650-41b9-4664-bcde-dc8533e4602d,AC090376.1
18,50373876,50373876,1,snv_mnv,NA,NA,"broad,dkfz,muse,sanger",4,COSN17644462,NA,NA,FALSE,0.1184,NA,9,67,NA,NA,NA,Intron,FALSE,FALSE,FALSE,FALSE,3,2,1,2_1,7f94d650-41b9-4664-bcde-dc8533e4602d,NA
18,50629264,50629264,1,snv_mnv,NA,NA,"broad,dkfz,muse,sanger",4,COSN8679995,NA,NA,FALSE,0.141,NA,11,67,NA,NA,NA,Intron,FALSE,FALSE,FALSE,FALSE,3,2,1,2_1,7f94d650-41b9-4664-bcde-dc8533e4602d,NA
18,57253088,57253088,1,snv_mnv,NA,NA,"broad,dkfz,muse,sanger",4,COSN17706020,NA,NA,FALSE,0.12,NA,9,66,NA,NA,NA,Intron,FALSE,FALSE,FALSE,FALSE,3,2,1,2_1,7f94d650-41b9-4664-bcde-dc8533e4602d,NA
18,58846060,58846060,1,snv_mnv,NA,NA,"broad,muse,sanger",3,COSN14874054,NA,THE1B-int,FALSE,0.1042,NA,5,43,NA,NA,NA,IGR,FALSE,FALSE,FALSE,FALSE,3,2,1,2_1,7f94d650-41b9-4664-bcde-dc8533e4602d,NA
18,61564434,61564434,1,snv_mnv,NA,NA,"broad,dkfz,muse,sanger",4,COSM4072958,NA,NA,FALSE,0.0649,NA,5,72,NA,NA,NA,Missense_Mutation,FALSE,FALSE,FALSE,FALSE,3,2,1,2_1,7f94d650-41b9-4664-bcde-dc8533e4602d,SERPINB2
18,62578635,62578635,1,snv_mnv,NA,NA,"broad,dkfz,muse,sanger",4,COSN15176359,NA,NA,FALSE,0.0933,NA,7,68,NA,NA,NA,IGR,FALSE,FALSE,FALSE,FALSE,3,2,1,2_1,7f94d650-41b9-4664-bcde-dc8533e4602d,NA
18,63095750,63095750,1,snv_mnv,NA,NA,"broad,dkfz,muse,sanger",4,COSN17628184,NA,MSTA-int,FALSE,0.2456,NA,14,43,NA,NA,NA,lincRNA,FALSE,FALSE,FALSE,FALSE,3,2,1,2_1,7f94d650-41b9-4664-bcde-dc8533e4602d,NA
18,63921907,63921907,1,snv_mnv,NA,NA,"broad,dkfz,muse,sanger",4,COSN8681155,NA,NA,FALSE,0.0769,NA,6,72,NA,NA,NA,IGR,FALSE,FALSE,FALSE,FALSE,3,2,1,2_1,7f94d650-41b9-4664-bcde-dc8533e4602d,NA
18,64092597,64092597,1,snv_mnv,NA,NA,"broad,dkfz,muse,sanger",4,COSN8551078,NA,L1MA8,FALSE,0.1205,NA,10,73,NA,NA,NA,IGR,FALSE,FALSE,FALSE,FALSE,3,2,1,2_1,7f94d650-41b9-4664-bcde-dc8533e4602d,NA
18,66004807,66004807,1,snv_mnv,NA,NA,"broad,sanger",2,COSN15277113,NA,AluSx,FALSE,0.0769,NA,5,60,NA,NA,NA,IGR,FALSE,FALSE,FALSE,FALSE,3,2,1,2_1,7f94d650-41b9-4664-bcde-dc8533e4602d,NA
18,66157222,66157222,1,snv_mnv,NA,NA,"broad,dkfz,muse,sanger",4,COSN8681507,NA,L1M4,FALSE,0.1791,NA,12,55,NA,NA,NA,IGR,FALSE,FALSE,FALSE,FALSE,3,2,1,2_1,7f94d650-41b9-4664-bcde-dc8533e4602d,NA
18,66551762,66551762,1,snv_mnv,NA,NA,"broad,dkfz,muse,sanger",4,COSN14514196,NA,L1MA9,FALSE,0.2162,NA,16,58,NA,NA,NA,Intron,FALSE,FALSE,FALSE,FALSE,3,2,1,2_1,7f94d650-41b9-4664-bcde-dc8533e4602d,NA
18,66771313,66771313,1,snv_mnv,NA,NA,"broad,dkfz,muse,sanger",4,COSN5225376,NA,NA,FALSE,0.0769,NA,5,60,NA,NA,NA,IGR,FALSE,FALSE,FALSE,FALSE,3,2,1,2_1,7f94d650-41b9-4664-bcde-dc8533e4602d,NA
18,68661255,68661255,1,snv_mnv,NA,NA,"broad,dkfz,muse,sanger",4,COSN17575070,NA,NA,FALSE,0.2857,NA,16,40,NA,NA,NA,IGR,FALSE,FALSE,FALSE,FALSE,3,2,1,2_1,7f94d650-41b9-4664-bcde-dc8533e4602d,NA
18,71060671,71060671,1,snv_mnv,NA,NA,"broad,dkfz,muse,sanger",4,COSN4965893,NA,L2a,FALSE,0.0986,NA,7,64,NA,NA,NA,IGR,FALSE,FALSE,FALSE,FALSE,3,2,1,2_1,7f94d650-41b9-4664-bcde-dc8533e4602d,NA
18,73224042,73224042,1,snv_mnv,NA,NA,"broad,muse",2,COSN17417624,NA,AluYb8,FALSE,0.0645,NA,4,58,NA,NA,NA,IGR,FALSE,FALSE,FALSE,FALSE,3,2,1,2_1,7f94d650-41b9-4664-bcde-dc8533e4602d,NA
18,73731862,73731862,1,snv_mnv,NA,NA,"broad,dkfz,muse,sanger",4,COSN8751412,NA,L1MA4,FALSE,0.1447,NA,11,65,NA,NA,NA,IGR,FALSE,FALSE,FALSE,FALSE,3,2,1,2_1,7f94d650-41b9-4664-bcde-dc8533e4602d,AC090457.1
18,73811666,73811666,1,snv_mnv,NA,NA,"broad,dkfz,muse,sanger",4,COSN19157896,NA,MIRb,FALSE,0.1618,NA,11,57,NA,NA,NA,IGR,FALSE,FALSE,FALSE,FALSE,3,2,1,2_1,7f94d650-41b9-4664-bcde-dc8533e4602d,NA
18,75694096,75694096,1,snv_mnv,NA,NA,"broad,dkfz,muse",3,COSN17359643,NA,L1PA15,FALSE,0.1186,NA,7,52,NA,NA,NA,lincRNA,FALSE,FALSE,FALSE,FALSE,3,2,1,2_1,7f94d650-41b9-4664-bcde-dc8533e4602d,"AC134978.1,LINC01029"
18,76082061,76082061,1,snv_mnv,NA,NA,"dkfz,muse",2,COSN7352015,NA,NA,FALSE,0.1667,NA,15,75,NA,NA,NA,IGR,FALSE,FALSE,FALSE,FALSE,3,2,1,2_1,7f94d650-41b9-4664-bcde-dc8533e4602d,NA
18,76352906,76352906,1,snv_mnv,NA,NA,"broad,dkfz,muse,sanger",4,COSN5434167,NA,L1M4,FALSE,0.093,NA,8,78,NA,NA,NA,IGR,FALSE,FALSE,FALSE,FALSE,3,2,1,2_1,7f94d650-41b9-4664-bcde-dc8533e4602d,NA
19,3835150,3835150,1,snv_mnv,NA,NA,"broad,dkfz,muse,sanger",4,COSN17569658,NA,MIR,FALSE,0.1356,NA,8,51,NA,NA,NA,Intron,FALSE,FALSE,FALSE,FALSE,3,2,1,2_1,7f94d650-41b9-4664-bcde-dc8533e4602d,NA
19,22100625,22100625,1,snv_mnv,NA,NA,"broad,muse,sanger",3,COSN17635540,NA,AluSg,FALSE,0.1429,NA,10,60,NA,NA,NA,IGR,FALSE,FALSE,FALSE,FALSE,3,2,1,2_1,7f94d650-41b9-4664-bcde-dc8533e4602d,NA
19,22419171,22419171,1,snv_mnv,NA,NA,"broad,dkfz,muse,sanger",4,COSN17663022,NA,HERVL-int,FALSE,0.2381,NA,15,48,NA,NA,NA,IGR,FALSE,FALSE,FALSE,FALSE,3,2,1,2_1,7f94d650-41b9-4664-bcde-dc8533e4602d,NA
19,22678037,22678037,1,snv_mnv,NA,NA,"broad,dkfz,muse,sanger",4,COSN8552308,NA,HUERS-P2-int,FALSE,0.1094,NA,7,57,NA,NA,NA,Intron,FALSE,FALSE,FALSE,FALSE,3,2,1,2_1,7f94d650-41b9-4664-bcde-dc8533e4602d,NA
19,22932898,22932898,1,snv_mnv,NA,NA,"broad,dkfz,muse,sanger",4,COSN8752527,NA,HERV17-int,FALSE,0.0952,NA,6,57,NA,NA,NA,lincRNA,FALSE,FALSE,FALSE,FALSE,3,2,1,2_1,7f94d650-41b9-4664-bcde-dc8533e4602d,NA
19,23120993,23120993,1,snv_mnv,NA,NA,"dkfz,muse,sanger",3,COSN8752573,NA,NA,FALSE,0.0921,NA,7,69,NA,NA,NA,IGR,FALSE,FALSE,FALSE,FALSE,3,2,1,2_1,7f94d650-41b9-4664-bcde-dc8533e4602d,NA
19,23318723,23318723,1,snv_mnv,NA,NA,"broad,dkfz,muse,sanger",4,COSN17703371,NA,NA,FALSE,0.2059,NA,14,54,NA,NA,NA,Intron,FALSE,FALSE,FALSE,FALSE,3,2,1,2_1,7f94d650-41b9-4664-bcde-dc8533e4602d,NA
19,31038816,31038816,1,snv_mnv,NA,NA,"broad,dkfz,muse,sanger",4,COSN7122852,rs779724995,NA,FALSE,0.3,NA,21,49,NA,NA,NA,Intron,FALSE,FALSE,FALSE,FALSE,3,2,1,2_1,7f94d650-41b9-4664-bcde-dc8533e4602d,ZNF536
19,31089423,31089423,1,snv_mnv,NA,NA,"broad,dkfz,sanger",3,COSN17730873,NA,NA,FALSE,0.0625,NA,5,75,NA,NA,NA,IGR,FALSE,FALSE,FALSE,FALSE,3,2,1,2_1,7f94d650-41b9-4664-bcde-dc8533e4602d,NA
19,31887144,31887144,1,snv_mnv,NA,NA,"broad,dkfz,muse",3,COSN8552532,NA,L1M5,FALSE,0.125,NA,8,56,NA,NA,NA,RNA,FALSE,FALSE,FALSE,FALSE,3,2,1,2_1,7f94d650-41b9-4664-bcde-dc8533e4602d,NA
19,32098103,32098103,1,snv_mnv,NA,NA,"broad,muse,sanger",3,COSN16096106,NA,MSTA,FALSE,0.0926,NA,5,49,NA,NA,NA,IGR,FALSE,FALSE,FALSE,FALSE,3,2,1,2_1,7f94d650-41b9-4664-bcde-dc8533e4602d,NA
19,32195147,32195147,1,snv_mnv,NA,NA,"broad,muse,sanger",3,COSN14944547,NA,MLT1H1,FALSE,0.0714,NA,5,65,NA,NA,NA,IGR,FALSE,FALSE,FALSE,FALSE,3,2,1,2_1,7f94d650-41b9-4664-bcde-dc8533e4602d,NA
19,32274006,32274006,1,snv_mnv,NA,NA,"broad,dkfz,muse,sanger",4,COSN4967543,NA,AluY,FALSE,0.2982,NA,17,40,NA,NA,NA,IGR,FALSE,FALSE,FALSE,FALSE,3,2,1,2_1,7f94d650-41b9-4664-bcde-dc8533e4602d,RNU6-967P
19,34269097,34269097,1,snv_mnv,NA,NA,"broad,muse",2,COSN15255003,NA,NA,FALSE,0.087,NA,4,42,NA,NA,NA,IGR,FALSE,FALSE,FALSE,FALSE,3,2,1,2_1,7f94d650-41b9-4664-bcde-dc8533e4602d,NA
19,39715289,39715289,1,snv_mnv,NA,NA,"dkfz,muse,sanger",3,COSN6144122,NA,MLT1I,FALSE,0.1552,NA,9,49,NA,NA,NA,IGR,FALSE,FALSE,FALSE,FALSE,3,2,1,2_1,7f94d650-41b9-4664-bcde-dc8533e4602d,NA
19,42383185,42383185,1,snv_mnv,NA,NA,"broad,dkfz,muse,sanger",4,COSM712731,rs782563209,NA,FALSE,0.1765,NA,12,56,NA,NA,NA,Missense_Mutation,FALSE,FALSE,FALSE,FALSE,3,2,1,2_1,7f94d650-41b9-4664-bcde-dc8533e4602d,ARHGEF1
19,45731019,45731019,1,snv_mnv,5.9904e-4,rs139655836,"broad,dkfz,muse,sanger",4,COSM1394560,rs139655836,NA,FALSE,0.2264,NA,12,41,NA,NA,NA,Missense_Mutation,FALSE,FALSE,FALSE,FALSE,3,2,1,2_1,7f94d650-41b9-4664-bcde-dc8533e4602d,NA
19,57327776,57327776,1,snv_mnv,NA,NA,"broad,dkfz,muse,sanger",4,COSM4081926,NA,NA,FALSE,0.1833,NA,11,49,NA,NA,NA,Silent,FALSE,FALSE,FALSE,FALSE,3,2,1,2_1,7f94d650-41b9-4664-bcde-dc8533e4602d,NA
2,722300,722300,1,snv_mnv,NA,NA,"broad,dkfz,muse,sanger",4,COSN8894820,NA,AluY,FALSE,0.0962,NA,5,47,NA,NA,NA,lincRNA,FALSE,FALSE,FALSE,FALSE,3,2,1,2_1,7f94d650-41b9-4664-bcde-dc8533e4602d,AC092159.1
2,2332341,2332341,1,snv_mnv,NA,NA,"broad,dkfz,muse,sanger",4,COSN17750582,NA,NA,FALSE,0.1831,NA,13,58,NA,NA,NA,Intron,FALSE,FALSE,FALSE,FALSE,3,2,1,2_1,7f94d650-41b9-4664-bcde-dc8533e4602d,"MYT1L-AS1,MYT1L"
2,2447939,2447939,1,snv_mnv,NA,NA,"broad,dkfz,muse,sanger",4,COSN17527680,NA,ERV3-16A3_I-int,FALSE,0.2133,NA,16,59,NA,NA,NA,IGR,FALSE,FALSE,FALSE,FALSE,3,2,1,2_1,7f94d650-41b9-4664-bcde-dc8533e4602d,NA
2,2498938,2498938,1,snv_mnv,NA,NA,"broad,dkfz,muse,sanger",4,COSN8768265,NA,NA,FALSE,0.2941,NA,25,60,NA,NA,NA,IGR,FALSE,FALSE,FALSE,FALSE,3,2,1,2_1,7f94d650-41b9-4664-bcde-dc8533e4602d,NA
2,3697033,3697033,1,snv_mnv,NA,NA,"broad,muse,sanger",3,COSN8769195,NA,AluY,FALSE,0.1154,NA,6,46,NA,NA,NA,IGR,FALSE,FALSE,FALSE,FALSE,3,2,1,2_1,7f94d650-41b9-4664-bcde-dc8533e4602d,COLEC11
2,4348088,4348088,1,snv_mnv,NA,NA,"broad,dkfz,muse,sanger",4,COSN16144651,NA,NA,FALSE,0.1205,NA,10,73,NA,NA,NA,IGR,FALSE,FALSE,FALSE,FALSE,3,2,1,2_1,7f94d650-41b9-4664-bcde-dc8533e4602d,NA
2,5333427,5333427,1,snv_mnv,NA,NA,"broad,muse",2,COSN17281951,NA,L1MEe,FALSE,0.1,NA,6,54,NA,NA,NA,IGR,FALSE,FALSE,FALSE,FALSE,3,2,1,2_1,7f94d650-41b9-4664-bcde-dc8533e4602d,NA
2,5479294,5479294,1,snv_mnv,NA,NA,"broad,dkfz,muse,sanger",4,COSN8893469,NA,NA,FALSE,0.1429,NA,11,66,NA,NA,NA,IGR,FALSE,FALSE,FALSE,FALSE,3,2,1,2_1,7f94d650-41b9-4664-bcde-dc8533e4602d,NA
2,5734197,5734197,1,snv_mnv,NA,NA,"broad,dkfz,muse,sanger",4,COSN17788076,NA,NA,FALSE,0.0704,NA,5,66,NA,NA,NA,IGR,FALSE,FALSE,FALSE,FALSE,3,2,1,2_1,7f94d650-41b9-4664-bcde-dc8533e4602d,NA
2,6081606,6081606,1,snv_mnv,NA,NA,"dkfz,muse,sanger",3,COSN18199273,NA,NA,FALSE,0.1475,NA,9,52,NA,NA,NA,RNA,FALSE,FALSE,FALSE,FALSE,3,2,1,2_1,7f94d650-41b9-4664-bcde-dc8533e4602d,NA
2,7363332,7363332,1,snv_mnv,NA,NA,"broad,dkfz,muse,sanger",4,COSN17423812,NA,HSMAR2,FALSE,0.1235,NA,10,71,NA,NA,NA,IGR,FALSE,FALSE,FALSE,FALSE,3,2,1,2_1,7f94d650-41b9-4664-bcde-dc8533e4602d,NA
2,7694694,7694694,1,snv_mnv,NA,NA,"broad,dkfz,muse,sanger",4,COSN19129816,NA,NA,FALSE,0.3281,NA,21,43,NA,NA,NA,IGR,FALSE,FALSE,FALSE,FALSE,3,2,1,2_1,7f94d650-41b9-4664-bcde-dc8533e4602d,NA
2,17193708,17193708,1,snv_mnv,NA,NA,"dkfz,muse,sanger",3,COSN15037577,NA,NA,FALSE,0.1216,NA,9,65,NA,NA,NA,IGR,FALSE,FALSE,FALSE,FALSE,3,2,1,2_1,7f94d650-41b9-4664-bcde-dc8533e4602d,NA
2,17282208,17282208,1,snv_mnv,NA,NA,"broad,dkfz,muse,sanger",4,COSN8762378,NA,L1PA17,FALSE,0.087,NA,6,63,NA,NA,NA,IGR,FALSE,FALSE,FALSE,FALSE,3,2,1,2_1,7f94d650-41b9-4664-bcde-dc8533e4602d,NA
2,21893027,21893027,1,snv_mnv,NA,NA,"broad,dkfz,muse,sanger",4,COSN17510407,NA,NA,FALSE,0.1169,NA,9,68,NA,NA,NA,IGR,FALSE,FALSE,FALSE,FALSE,3,2,1,2_1,7f94d650-41b9-4664-bcde-dc8533e4602d,NA
2,22637096,22637096,1,snv_mnv,NA,NA,"broad,muse,sanger",3,COSN15135719,NA,L1MEg,FALSE,0.1053,NA,6,51,NA,NA,NA,lincRNA,FALSE,FALSE,FALSE,FALSE,3,2,1,2_1,7f94d650-41b9-4664-bcde-dc8533e4602d,NA
2,22860212,22860212,1,snv_mnv,NA,NA,"broad,dkfz,muse,sanger",4,COSN17728011,NA,NA,FALSE,0.2436,NA,19,59,NA,NA,NA,IGR,FALSE,FALSE,FALSE,FALSE,3,2,1,2_1,7f94d650-41b9-4664-bcde-dc8533e4602d,NA
2,34886600,34886600,1,snv_mnv,NA,NA,"broad,muse",2,COSN17863356,NA,NA,FALSE,0.0943,NA,5,48,NA,NA,NA,IGR,FALSE,FALSE,FALSE,FALSE,3,2,1,2_1,7f94d650-41b9-4664-bcde-dc8533e4602d,NA
2,35349910,35349910,1,snv_mnv,NA,NA,"broad,dkfz,muse,sanger",4,COSN8559465,NA,NA,FALSE,0.2581,NA,16,46,NA,NA,NA,lincRNA,FALSE,FALSE,FALSE,FALSE,3,2,1,2_1,7f94d650-41b9-4664-bcde-dc8533e4602d,NA
2,35804277,35804277,1,snv_mnv,NA,NA,"broad,dkfz,muse,sanger",4,COSN15013808,NA,NA,FALSE,0.1566,NA,13,70,NA,NA,NA,IGR,FALSE,FALSE,FALSE,FALSE,3,2,1,2_1,7f94d650-41b9-4664-bcde-dc8533e4602d,NA
2,40551103,40551103,1,snv_mnv,NA,NA,"broad,dkfz,muse,sanger",4,COSN1839523,NA,NA,FALSE,0.1447,NA,11,65,NA,NA,NA,Intron,FALSE,FALSE,FALSE,FALSE,3,2,1,2_1,7f94d650-41b9-4664-bcde-dc8533e4602d,NA
2,40557199,40557199,1,snv_mnv,NA,NA,"broad,dkfz,muse,sanger",4,COSN8769348,NA,NA,FALSE,0.2,NA,14,56,NA,NA,NA,Intron,FALSE,FALSE,FALSE,FALSE,3,2,1,2_1,7f94d650-41b9-4664-bcde-dc8533e4602d,NA
2,41298338,41298338,1,snv_mnv,NA,NA,"broad,dkfz,muse,sanger",4,COSN17293421,NA,L1MEc,FALSE,0.1591,NA,14,74,NA,NA,NA,IGR,FALSE,FALSE,FALSE,FALSE,3,2,1,2_1,7f94d650-41b9-4664-bcde-dc8533e4602d,NA
2,49100052,49100052,1,snv_mnv,NA,NA,"broad,dkfz,muse,sanger",4,COSN17634006,NA,MamGypLTR2c,FALSE,0.2647,NA,18,50,NA,NA,NA,IGR,FALSE,FALSE,FALSE,FALSE,3,2,1,2_1,7f94d650-41b9-4664-bcde-dc8533e4602d,NA
2,49323978,49323978,1,snv_mnv,NA,NA,"broad,dkfz,muse,sanger",4,COSN14915140,NA,MSTA,FALSE,0.2817,NA,20,51,NA,NA,NA,Intron,FALSE,FALSE,FALSE,FALSE,3,2,1,2_1,7f94d650-41b9-4664-bcde-dc8533e4602d,NA
2,49736893,49736893,1,snv_mnv,NA,NA,"broad,sanger",2,COSN17860400,NA,HAL1,FALSE,0.0602,NA,5,78,NA,NA,NA,IGR,FALSE,FALSE,FALSE,FALSE,3,2,1,2_1,7f94d650-41b9-4664-bcde-dc8533e4602d,NA
2,50403398,50403398,1,snv_mnv,NA,NA,"broad,dkfz,muse,sanger",4,COSN16535312,NA,NA,FALSE,0.275,NA,22,58,NA,NA,NA,Intron,FALSE,FALSE,FALSE,FALSE,3,2,1,2_1,7f94d650-41b9-4664-bcde-dc8533e4602d,NA
2,51886889,51886889,1,snv_mnv,NA,NA,"broad,dkfz,muse,sanger",4,COSN17587346,NA,MER77B,FALSE,0.1852,NA,10,44,NA,NA,NA,lincRNA,FALSE,FALSE,FALSE,FALSE,3,2,1,2_1,7f94d650-41b9-4664-bcde-dc8533e4602d,NA
2,51917359,51917359,1,snv_mnv,NA,NA,"broad,dkfz,muse,sanger",4,COSN17302513,NA,L1ME3,FALSE,0.1216,NA,9,65,NA,NA,NA,lincRNA,FALSE,FALSE,FALSE,FALSE,3,2,1,2_1,7f94d650-41b9-4664-bcde-dc8533e4602d,NA
2,52320286,52320286,1,snv_mnv,NA,NA,"broad,dkfz,muse,sanger",4,COSN8893102,NA,L1M1,FALSE,0.2308,NA,12,40,NA,NA,NA,lincRNA,FALSE,FALSE,FALSE,FALSE,3,2,1,2_1,7f94d650-41b9-4664-bcde-dc8533e4602d,NA
2,54756667,54756667,1,snv_mnv,NA,NA,"dkfz,muse,sanger",3,COSN18197351,rs551501505,NA,FALSE,0.1094,NA,7,57,NA,NA,NA,Intron,FALSE,FALSE,FALSE,FALSE,3,2,1,2_1,7f94d650-41b9-4664-bcde-dc8533e4602d,NA
2,57714458,57714458,1,snv_mnv,NA,NA,"broad,dkfz,muse",3,COSN7806458,NA,NA,FALSE,0.186,NA,16,70,NA,NA,NA,IGR,FALSE,FALSE,FALSE,FALSE,3,2,1,2_1,7f94d650-41b9-4664-bcde-dc8533e4602d,NA
2,58822144,58822144,1,snv_mnv,NA,NA,"broad,dkfz,muse,sanger",4,COSN8893999,NA,NA,FALSE,0.2568,NA,19,55,NA,NA,NA,lincRNA,FALSE,FALSE,FALSE,FALSE,3,2,1,2_1,7f94d650-41b9-4664-bcde-dc8533e4602d,NA
2,66053034,66053034,1,snv_mnv,3.9936e-4,rs567552042,"broad,dkfz,muse,sanger",4,COSN17541969,rs567552042,NA,FALSE,0.1341,NA,11,71,NA,NA,NA,IGR,FALSE,FALSE,FALSE,FALSE,3,2,1,2_1,7f94d650-41b9-4664-bcde-dc8533e4602d,NA
2,79019905,79019905,1,snv_mnv,NA,NA,"broad,dkfz,muse",3,COSN17648586,NA,HUERS-P2-int,FALSE,0.2115,NA,11,41,NA,NA,NA,IGR,FALSE,FALSE,FALSE,FALSE,3,2,1,2_1,7f94d650-41b9-4664-bcde-dc8533e4602d,NA
2,79726713,79726713,1,snv_mnv,NA,NA,"dkfz,muse,sanger",3,COSN14805464,NA,L2a,FALSE,0.1447,NA,11,65,NA,NA,NA,Intron,FALSE,FALSE,FALSE,FALSE,3,2,1,2_1,7f94d650-41b9-4664-bcde-dc8533e4602d,NA
2,81057719,81057719,1,snv_mnv,NA,NA,"broad,dkfz,muse,sanger",4,COSN14803838,NA,L1ME1,FALSE,0.1899,NA,15,64,NA,NA,NA,lincRNA,FALSE,FALSE,FALSE,FALSE,3,2,1,2_1,7f94d650-41b9-4664-bcde-dc8533e4602d,NA
2,81312655,81312655,1,snv_mnv,NA,NA,"broad,dkfz,muse,sanger",4,COSN17767358,NA,NA,FALSE,0.1111,NA,9,72,NA,NA,NA,IGR,FALSE,FALSE,FALSE,FALSE,3,2,1,2_1,7f94d650-41b9-4664-bcde-dc8533e4602d,NA
2,82905535,82905535,1,snv_mnv,NA,NA,"broad,dkfz,muse,sanger",4,COSN17644104,NA,L1MB7,FALSE,0.2,NA,16,64,NA,NA,NA,IGR,FALSE,FALSE,FALSE,FALSE,3,2,1,2_1,7f94d650-41b9-4664-bcde-dc8533e4602d,NA
2,83073759,83073759,1,snv_mnv,NA,NA,"broad,dkfz,muse,sanger",4,COSN17305133,NA,NA,FALSE,0.1,NA,6,54,NA,NA,NA,IGR,FALSE,FALSE,FALSE,FALSE,3,2,1,2_1,7f94d650-41b9-4664-bcde-dc8533e4602d,NA
2,83089741,83089741,1,snv_mnv,NA,NA,"broad,dkfz,muse,sanger",4,COSN4807967,NA,AluSx,FALSE,0.3143,NA,22,48,NA,NA,NA,IGR,FALSE,FALSE,FALSE,FALSE,3,2,1,2_1,7f94d650-41b9-4664-bcde-dc8533e4602d,NA
2,83714604,83714604,1,snv_mnv,NA,NA,"broad,dkfz,muse,sanger",4,COSN15244194,NA,L2a,FALSE,0.1429,NA,9,54,NA,NA,NA,IGR,FALSE,FALSE,FALSE,FALSE,3,2,1,2_1,7f94d650-41b9-4664-bcde-dc8533e4602d,NA
2,83994849,83994849,1,snv_mnv,NA,NA,"broad,dkfz,muse,sanger",4,COSN8896849,NA,L1PA10,FALSE,0.1642,NA,11,56,NA,NA,NA,IGR,FALSE,FALSE,FALSE,FALSE,3,2,1,2_1,7f94d650-41b9-4664-bcde-dc8533e4602d,NA
2,84062289,84062289,1,snv_mnv,NA,NA,"broad,muse,sanger",3,COSN4995567,NA,LTR17,FALSE,0.0714,NA,5,65,NA,NA,NA,IGR,FALSE,FALSE,FALSE,FALSE,3,2,1,2_1,7f94d650-41b9-4664-bcde-dc8533e4602d,NA
2,90083625,90083625,1,snv_mnv,NA,NA,"broad,dkfz,muse,sanger",4,COSN14499950,NA,NA,FALSE,0.1286,NA,9,61,NA,NA,NA,IGR,FALSE,FALSE,FALSE,FALSE,3,2,1,2_1,7f94d650-41b9-4664-bcde-dc8533e4602d,IGKV2D-19
2,95466081,95466081,1,snv_mnv,NA,NA,"broad,muse,sanger",3,COSN14956026,NA,L1MA5,FALSE,0.1343,NA,9,58,NA,NA,NA,IGR,FALSE,FALSE,FALSE,FALSE,3,2,1,2_1,7f94d650-41b9-4664-bcde-dc8533e4602d,NA
2,103950967,103950967,1,snv_mnv,NA,NA,"broad,dkfz,muse,sanger",4,COSN14945654,NA,NA,FALSE,0.0857,NA,6,64,NA,NA,NA,IGR,FALSE,FALSE,FALSE,FALSE,3,2,1,2_1,7f94d650-41b9-4664-bcde-dc8533e4602d,NA
2,104227842,104227842,1,snv_mnv,NA,NA,"broad,dkfz,muse,sanger",4,COSN17616109,NA,L1ME2,FALSE,0.0375,NA,3,77,NA,NA,NA,IGR,FALSE,FALSE,FALSE,FALSE,3,2,1,2_1,7f94d650-41b9-4664-bcde-dc8533e4602d,NA
2,105595710,105595710,1,snv_mnv,NA,NA,"broad,dkfz,muse,sanger",4,COSN8980380,rs868261960,L2a,FALSE,0.1059,NA,9,76,NA,NA,NA,RNA,FALSE,FALSE,FALSE,FALSE,3,2,1,2_1,7f94d650-41b9-4664-bcde-dc8533e4602d,NA
2,107409012,107409012,1,snv_mnv,NA,NA,"broad,sanger",2,COSN14969904,NA,ERVL-E-int,FALSE,0.0658,NA,5,71,NA,NA,NA,IGR,FALSE,FALSE,FALSE,FALSE,3,2,1,2_1,7f94d650-41b9-4664-bcde-dc8533e4602d,NA
2,107657405,107657405,1,snv_mnv,NA,NA,"broad,dkfz,muse,sanger",4,COSN17647727,NA,L1PA14,FALSE,0.1667,NA,10,50,NA,NA,NA,IGR,FALSE,FALSE,FALSE,FALSE,3,2,1,2_1,7f94d650-41b9-4664-bcde-dc8533e4602d,NA
2,115904881,115904881,1,snv_mnv,NA,NA,"broad,dkfz,muse,sanger",4,COSN15096583,NA,NA,FALSE,0.0538,NA,5,88,NA,NA,NA,Intron,FALSE,FALSE,FALSE,FALSE,3,2,1,2_1,7f94d650-41b9-4664-bcde-dc8533e4602d,NA
2,116225720,116225720,1,snv_mnv,NA,NA,"broad,dkfz,muse,sanger",4,COSN14928530,NA,NA,FALSE,0.1692,NA,11,54,NA,NA,NA,Intron,FALSE,FALSE,FALSE,FALSE,3,2,1,2_1,7f94d650-41b9-4664-bcde-dc8533e4602d,NA
2,116333395,116333395,1,snv_mnv,NA,NA,"dkfz,muse,sanger",3,COSN7329292,NA,MLT1E2,FALSE,0.1733,NA,13,62,NA,NA,NA,Intron,FALSE,FALSE,FALSE,FALSE,3,2,1,2_1,7f94d650-41b9-4664-bcde-dc8533e4602d,NA
2,116526393,116526393,1,snv_mnv,NA,NA,"broad,dkfz,muse,sanger",4,COSN17509067,NA,L1MC4a,FALSE,0.2,NA,14,56,NA,NA,NA,Intron,FALSE,FALSE,FALSE,FALSE,3,2,1,2_1,7f94d650-41b9-4664-bcde-dc8533e4602d,NA
2,116584188,116584188,1,snv_mnv,NA,NA,"broad,dkfz,muse,sanger",4,COSN4983391,NA,AluSx1,FALSE,0.1149,NA,10,77,NA,NA,NA,Intron,FALSE,FALSE,FALSE,FALSE,3,2,1,2_1,7f94d650-41b9-4664-bcde-dc8533e4602d,NA
2,116623212,116623212,1,snv_mnv,NA,NA,"broad,dkfz,muse,sanger",4,COSN17121450,NA,Charlie1,FALSE,0.2059,NA,14,54,NA,NA,NA,IGR,FALSE,FALSE,FALSE,FALSE,3,2,1,2_1,7f94d650-41b9-4664-bcde-dc8533e4602d,NA
2,116724019,116724019,1,snv_mnv,NA,NA,"broad,dkfz,muse,sanger",4,COSN8553859,NA,L1MC1,FALSE,0.1408,NA,10,61,NA,NA,NA,IGR,FALSE,FALSE,FALSE,FALSE,3,2,1,2_1,7f94d650-41b9-4664-bcde-dc8533e4602d,NA
2,116963165,116963165,1,snv_mnv,NA,NA,"broad,dkfz,muse,sanger",4,COSN9856094,NA,L1M5,FALSE,0.1266,NA,10,69,NA,NA,NA,IGR,FALSE,FALSE,FALSE,FALSE,3,2,1,2_1,7f94d650-41b9-4664-bcde-dc8533e4602d,NA
2,123636521,123636521,1,snv_mnv,NA,NA,"broad,dkfz,muse,sanger",4,COSN8756631,NA,NA,FALSE,0.129,NA,8,54,NA,NA,NA,IGR,FALSE,FALSE,FALSE,FALSE,4,2,2,2_2,7f94d650-41b9-4664-bcde-dc8533e4602d,NA
2,123763129,123763129,1,snv_mnv,NA,NA,"broad,dkfz,muse,sanger",4,COSN17800812,NA,L1M2,FALSE,0.125,NA,8,56,NA,NA,NA,IGR,FALSE,FALSE,FALSE,FALSE,4,2,2,2_2,7f94d650-41b9-4664-bcde-dc8533e4602d,NA
2,123862047,123862047,1,snv_mnv,NA,NA,"broad,dkfz,muse,sanger",4,COSN17651550,NA,L1ME1,FALSE,0.3544,NA,28,51,NA,NA,NA,IGR,FALSE,FALSE,FALSE,FALSE,4,2,2,2_2,7f94d650-41b9-4664-bcde-dc8533e4602d,NA
2,124120970,124120970,1,snv_mnv,NA,NA,"broad,dkfz,muse,sanger",4,COSN4983911,NA,Tigger7,FALSE,0.1404,NA,8,49,NA,NA,NA,IGR,FALSE,FALSE,FALSE,FALSE,4,2,2,2_2,7f94d650-41b9-4664-bcde-dc8533e4602d,NA
2,124359716,124359716,1,snv_mnv,NA,NA,"broad,dkfz,muse,sanger",4,COSN8756844,NA,MLT1J2,FALSE,0.1493,NA,10,57,NA,NA,NA,IGR,FALSE,FALSE,FALSE,FALSE,4,2,2,2_2,7f94d650-41b9-4664-bcde-dc8533e4602d,NA
2,124976358,124976358,1,snv_mnv,NA,NA,"broad,dkfz,muse,sanger",4,COSN8757016,NA,NA,FALSE,0.2206,NA,15,53,NA,NA,NA,Intron,FALSE,FALSE,FALSE,FALSE,4,2,2,2_2,7f94d650-41b9-4664-bcde-dc8533e4602d,CNTNAP5
2,125068625,125068625,1,snv_mnv,NA,NA,"broad,dkfz,muse,sanger",4,COSN15205290,NA,NA,FALSE,0.1111,NA,8,64,NA,NA,NA,Intron,FALSE,FALSE,FALSE,FALSE,4,2,2,2_2,7f94d650-41b9-4664-bcde-dc8533e4602d,NA
2,130333344,130333344,1,snv_mnv,NA,NA,"broad,dkfz,muse,sanger",4,COSN17359974,NA,NA,FALSE,0.2381,NA,20,64,NA,NA,NA,IGR,FALSE,FALSE,FALSE,FALSE,4,2,2,2_2,7f94d650-41b9-4664-bcde-dc8533e4602d,NA
2,137580650,137580650,1,snv_mnv,NA,NA,"broad,dkfz,muse,sanger",4,COSN9860161,rs577493292,NA,FALSE,0.16,NA,12,63,NA,NA,NA,Intron,FALSE,FALSE,FALSE,FALSE,4,2,2,2_2,7f94d650-41b9-4664-bcde-dc8533e4602d,NA
2,139924919,139924919,1,snv_mnv,NA,NA,"broad,dkfz,muse,sanger",4,COSN17693241,NA,NA,FALSE,0.1412,NA,12,73,NA,NA,NA,IGR,FALSE,FALSE,FALSE,FALSE,4,2,2,2_2,7f94d650-41b9-4664-bcde-dc8533e4602d,NA
2,140021013,140021013,1,snv_mnv,NA,NA,"broad,dkfz,muse,sanger",4,COSN8758917,NA,NA,FALSE,0.0943,NA,5,48,NA,NA,NA,IGR,FALSE,FALSE,FALSE,FALSE,4,2,2,2_2,7f94d650-41b9-4664-bcde-dc8533e4602d,NA
2,140179341,140179341,1,snv_mnv,NA,NA,"broad,dkfz,muse,sanger",4,COSN17537028,NA,NA,FALSE,0.1974,NA,15,61,NA,NA,NA,IGR,FALSE,FALSE,FALSE,FALSE,4,2,2,2_2,7f94d650-41b9-4664-bcde-dc8533e4602d,NA
2,140299560,140299560,1,snv_mnv,NA,NA,"broad,dkfz,muse,sanger",4,COSN14942354,NA,NA,FALSE,0.2025,NA,16,63,NA,NA,NA,IGR,FALSE,FALSE,FALSE,FALSE,4,2,2,2_2,7f94d650-41b9-4664-bcde-dc8533e4602d,NA
2,140585728,140585728,1,snv_mnv,NA,NA,"broad,dkfz,muse,sanger",4,COSN17298238,NA,MER34A1,FALSE,0.1389,NA,10,62,NA,NA,NA,lincRNA,FALSE,FALSE,FALSE,FALSE,4,2,2,2_2,7f94d650-41b9-4664-bcde-dc8533e4602d,AC078851.1
2,141035728,141035728,1,snv_mnv,NA,NA,"broad,dkfz,muse,sanger",4,COSN16464876,NA,L1ME3A,FALSE,0.1294,NA,11,74,NA,NA,NA,Intron,FALSE,FALSE,FALSE,FALSE,4,2,2,2_2,7f94d650-41b9-4664-bcde-dc8533e4602d,NA
2,141104550,141104550,1,snv_mnv,NA,NA,"broad,dkfz,muse,sanger",4,COSN16688419,NA,NA,FALSE,0.1765,NA,15,70,NA,NA,NA,Intron,FALSE,FALSE,FALSE,FALSE,4,2,2,2_2,7f94d650-41b9-4664-bcde-dc8533e4602d,NA
2,141159821,141159821,1,snv_mnv,NA,NA,"broad,dkfz,muse,sanger",4,COSN16143493,NA,L1PB2,FALSE,0.1923,NA,10,42,NA,NA,NA,Intron,FALSE,FALSE,FALSE,FALSE,4,2,2,2_2,7f94d650-41b9-4664-bcde-dc8533e4602d,NA
2,141314065,141314065,1,snv_mnv,NA,NA,"broad,dkfz,muse,sanger",4,COSN4985467,NA,MER39,FALSE,0.2222,NA,18,63,NA,NA,NA,Intron,FALSE,FALSE,FALSE,FALSE,4,2,2,2_2,7f94d650-41b9-4664-bcde-dc8533e4602d,NA
2,141760653,141760653,1,snv_mnv,NA,NA,"broad,dkfz,muse,sanger",4,COSN16952186,NA,NA,FALSE,0.1739,NA,12,57,NA,NA,NA,Intron,FALSE,FALSE,FALSE,FALSE,4,2,2,2_2,7f94d650-41b9-4664-bcde-dc8533e4602d,NA
2,142298909,142298909,1,snv_mnv,NA,NA,"broad,dkfz,muse,sanger",4,COSN8759536,NA,NA,FALSE,0.1385,NA,9,56,NA,NA,NA,Intron,FALSE,FALSE,FALSE,FALSE,4,2,2,2_2,7f94d650-41b9-4664-bcde-dc8533e4602d,NA
2,142711126,142711126,1,snv_mnv,NA,NA,"broad,dkfz,muse,sanger",4,COSN8759636,NA,NA,FALSE,0.1882,NA,16,69,NA,NA,NA,Intron,FALSE,FALSE,FALSE,FALSE,4,2,2,2_2,7f94d650-41b9-4664-bcde-dc8533e4602d,NA
2,142732781,142732781,1,snv_mnv,NA,NA,"dkfz,sanger",2,COSN7343867,NA,NA,FALSE,0.1446,NA,12,71,NA,NA,NA,Intron,FALSE,FALSE,FALSE,TRUE,4,2,2,2_2,7f94d650-41b9-4664-bcde-dc8533e4602d,NA
2,142878045,142878045,1,snv_mnv,NA,NA,"broad,dkfz,muse,sanger",4,COSN15751895,NA,NA,FALSE,0.1429,NA,11,66,NA,NA,NA,Intron,FALSE,FALSE,FALSE,FALSE,4,2,2,2_2,7f94d650-41b9-4664-bcde-dc8533e4602d,NA
2,146061136,146061136,1,snv_mnv,NA,NA,"broad,dkfz,muse,sanger",4,COSN17766788,NA,NA,FALSE,0.2059,NA,14,54,NA,NA,NA,lincRNA,FALSE,FALSE,FALSE,FALSE,2,1,1,1_1,7f94d650-41b9-4664-bcde-dc8533e4602d,NA
2,147107292,147107292,1,snv_mnv,NA,NA,"broad,dkfz,muse,sanger",4,COSN7107386,NA,NA,FALSE,0.0984,NA,6,55,NA,NA,NA,IGR,FALSE,FALSE,FALSE,FALSE,2,1,1,1_1,7f94d650-41b9-4664-bcde-dc8533e4602d,NA
2,152544209,152544209,1,snv_mnv,NA,NA,"broad,dkfz,muse,sanger",4,COSM283175,NA,NA,FALSE,0.2329,NA,17,56,NA,NA,NA,Missense_Mutation,FALSE,FALSE,FALSE,FALSE,2,1,1,1_1,7f94d650-41b9-4664-bcde-dc8533e4602d,NEB
2,153960913,153960913,1,snv_mnv,NA,NA,"broad,dkfz,muse,sanger",4,COSN17624238,NA,MER102a,FALSE,0.1579,NA,12,64,NA,NA,NA,IGR,FALSE,FALSE,FALSE,FALSE,2,1,1,1_1,7f94d650-41b9-4664-bcde-dc8533e4602d,NA
2,154058049,154058049,1,snv_mnv,NA,NA,"broad,dkfz,muse,sanger",4,COSN8555480,NA,NA,FALSE,0.2034,NA,12,47,NA,NA,NA,lincRNA,FALSE,FALSE,FALSE,FALSE,2,1,1,1_1,7f94d650-41b9-4664-bcde-dc8533e4602d,NA
2,154779230,154779230,1,snv_mnv,NA,NA,"broad,dkfz,muse,sanger",4,COSN15206858,NA,NA,FALSE,0.1935,NA,12,50,NA,NA,NA,Intron,FALSE,FALSE,FALSE,FALSE,2,1,1,1_1,7f94d650-41b9-4664-bcde-dc8533e4602d,NA
2,155215338,155215338,1,snv_mnv,NA,NA,"broad,dkfz,muse,sanger",4,COSN8761191,NA,NA,FALSE,0.1452,NA,9,53,NA,NA,NA,Intron,FALSE,FALSE,FALSE,FALSE,2,1,1,1_1,7f94d650-41b9-4664-bcde-dc8533e4602d,NA
2,155849331,155849331,1,snv_mnv,NA,NA,"broad,dkfz,muse,sanger",4,COSN17333462,NA,MLT1J-int,FALSE,0.2192,NA,16,57,NA,NA,NA,IGR,FALSE,FALSE,FALSE,FALSE,2,1,1,1_1,7f94d650-41b9-4664-bcde-dc8533e4602d,NA
2,155875949,155875949,1,snv_mnv,NA,NA,"broad,muse,sanger",3,COSN7110902,NA,L1MCa,FALSE,0.0676,NA,5,69,NA,NA,NA,IGR,FALSE,FALSE,FALSE,FALSE,2,1,1,1_1,7f94d650-41b9-4664-bcde-dc8533e4602d,NA
2,164702141,164702141,1,snv_mnv,NA,NA,"broad,muse",2,COSN17617978,NA,L1PA16,FALSE,0.0833,NA,5,55,NA,NA,NA,lincRNA,FALSE,FALSE,FALSE,FALSE,2,1,1,1_1,7f94d650-41b9-4664-bcde-dc8533e4602d,NA
2,164714386,164714386,1,snv_mnv,NA,NA,"broad,dkfz,muse,sanger",4,COSN17635757,NA,NA,FALSE,0.1791,NA,12,55,NA,NA,NA,lincRNA,FALSE,FALSE,FALSE,FALSE,2,1,1,1_1,7f94d650-41b9-4664-bcde-dc8533e4602d,NA
2,167933522,167933522,1,snv_mnv,NA,NA,"broad,muse",2,COSN8762155,NA,(TTTG)n,FALSE,0.0741,NA,4,50,NA,NA,NA,Intron,FALSE,FALSE,FALSE,FALSE,2,1,1,1_1,7f94d650-41b9-4664-bcde-dc8533e4602d,NA
2,168174820,168174820,1,snv_mnv,NA,NA,"broad,dkfz,muse,sanger",4,COSN8556138,NA,AluSg7,FALSE,0.2,NA,13,52,NA,NA,NA,lincRNA,FALSE,FALSE,FALSE,FALSE,2,1,1,1_1,7f94d650-41b9-4664-bcde-dc8533e4602d,NA
2,180597389,180597389,1,snv_mnv,NA,NA,"broad,dkfz,muse,sanger",4,COSN4987674,NA,NA,FALSE,0.1346,NA,7,45,NA,NA,NA,Intron,FALSE,FALSE,FALSE,FALSE,2,1,1,1_1,7f94d650-41b9-4664-bcde-dc8533e4602d,NA
2,184754583,184754583,1,snv_mnv,NA,NA,"broad,muse,sanger",3,COSN17559687,NA,HERV9-int,FALSE,0.1774,NA,11,51,NA,NA,NA,IGR,FALSE,FALSE,FALSE,FALSE,2,1,1,1_1,7f94d650-41b9-4664-bcde-dc8533e4602d,NA
2,185168851,185168851,1,snv_mnv,NA,NA,"broad,dkfz,muse,sanger",4,COSN8763305,NA,NA,FALSE,0.1912,NA,13,55,NA,NA,NA,IGR,FALSE,FALSE,FALSE,FALSE,2,1,1,1_1,7f94d650-41b9-4664-bcde-dc8533e4602d,NA
2,185912797,185912797,1,snv_mnv,NA,NA,"broad,dkfz,muse,sanger",4,COSN17872868,NA,L1M4b,FALSE,0.2069,NA,12,46,NA,NA,NA,IGR,FALSE,FALSE,FALSE,FALSE,2,1,1,1_1,7f94d650-41b9-4664-bcde-dc8533e4602d,NA
2,195131386,195131386,1,snv_mnv,NA,NA,"broad,dkfz,muse,sanger",4,COSN16024732,NA,MIRb,FALSE,0.15,NA,12,68,NA,NA,NA,IGR,FALSE,FALSE,FALSE,FALSE,2,1,1,1_1,7f94d650-41b9-4664-bcde-dc8533e4602d,NA
2,195163197,195163197,1,snv_mnv,NA,NA,"broad,dkfz,muse,sanger",4,COSN15105188,NA,L1PA12,FALSE,0.1698,NA,9,44,NA,NA,NA,IGR,FALSE,FALSE,FALSE,FALSE,2,1,1,1_1,7f94d650-41b9-4664-bcde-dc8533e4602d,NA
2,207422650,207422650,1,snv_mnv,NA,NA,"broad,dkfz,muse,sanger",4,COSN8557738,NA,NA,FALSE,0.2877,NA,21,52,NA,NA,NA,Intron,FALSE,FALSE,FALSE,FALSE,2,1,1,1_1,7f94d650-41b9-4664-bcde-dc8533e4602d,NA
2,212566749,212566749,1,snv_mnv,NA,NA,"dkfz,sanger",2,COSM1251446,NA,NA,FALSE,NA,NA,NA,NA,NA,NA,NA,Missense_Mutation,FALSE,FALSE,FALSE,FALSE,2,1,1,1_1,7f94d650-41b9-4664-bcde-dc8533e4602d,NA
2,212771622,212771622,1,snv_mnv,NA,NA,"broad,dkfz,muse,sanger",4,COSN17656380,NA,MLT1J1,FALSE,0.2154,NA,14,51,NA,NA,NA,Intron,FALSE,FALSE,FALSE,FALSE,2,1,1,1_1,7f94d650-41b9-4664-bcde-dc8533e4602d,NA
2,214388233,214388233,1,snv_mnv,NA,NA,"broad,dkfz,muse,sanger",4,COSN8765839,NA,THE1C-int,FALSE,0.1636,NA,9,46,NA,NA,NA,Intron,FALSE,FALSE,FALSE,FALSE,2,1,1,1_1,7f94d650-41b9-4664-bcde-dc8533e4602d,NA
2,215735825,215735825,1,snv_mnv,NA,NA,"broad,dkfz,muse,sanger",4,COSN17348414,NA,NA,FALSE,0.1833,NA,11,49,NA,NA,NA,RNA,FALSE,FALSE,FALSE,FALSE,2,1,1,1_1,7f94d650-41b9-4664-bcde-dc8533e4602d,NA
2,217798894,217798894,1,snv_mnv,NA,NA,"broad,dkfz,muse,sanger",4,COSN6938686,NA,NA,FALSE,0.1644,NA,12,61,NA,NA,NA,RNA,FALSE,FALSE,FALSE,FALSE,2,1,1,1_1,7f94d650-41b9-4664-bcde-dc8533e4602d,NA
2,221365446,221365446,1,snv_mnv,NA,NA,"broad,sanger",2,COSN16596027,NA,Tigger1,FALSE,0.1042,NA,5,43,NA,NA,NA,lincRNA,FALSE,FALSE,FALSE,FALSE,2,1,1,1_1,7f94d650-41b9-4664-bcde-dc8533e4602d,NA
2,226231728,226231728,1,snv_mnv,NA,NA,"broad,dkfz,muse,sanger",4,COSN8767190,NA,MER5A,FALSE,0.1194,NA,8,59,NA,NA,NA,IGR,FALSE,FALSE,FALSE,FALSE,2,1,1,1_1,7f94d650-41b9-4664-bcde-dc8533e4602d,NA
2,229312044,229312044,1,snv_mnv,NA,NA,"broad,dkfz,muse,sanger",4,COSN8767502,NA,NA,FALSE,0.1974,NA,15,61,NA,NA,NA,IGR,FALSE,FALSE,FALSE,FALSE,2,1,1,1_1,7f94d650-41b9-4664-bcde-dc8533e4602d,NA
2,237566481,237566481,1,snv_mnv,NA,NA,"broad,dkfz,muse,sanger",4,COSN4990980,NA,NA,FALSE,0.1892,NA,14,60,NA,NA,NA,IGR,FALSE,FALSE,FALSE,FALSE,2,1,1,1_1,7f94d650-41b9-4664-bcde-dc8533e4602d,NA
2,238139589,238139589,1,snv_mnv,NA,NA,"broad,dkfz,muse,sanger",4,COSN19713327,NA,NA,FALSE,0.25,NA,16,48,NA,NA,NA,IGR,FALSE,FALSE,FALSE,FALSE,2,1,1,1_1,7f94d650-41b9-4664-bcde-dc8533e4602d,NA
20,7594617,7594617,1,snv_mnv,NA,NA,"broad,dkfz,muse,sanger",4,COSN7103131,NA,L1MC3,FALSE,0.0952,NA,8,76,NA,NA,NA,IGR,FALSE,FALSE,FALSE,FALSE,3,2,1,2_1,7f94d650-41b9-4664-bcde-dc8533e4602d,NA
20,12121451,12121451,1,snv_mnv,NA,NA,"broad,muse",2,COSN17804026,NA,(T)n,FALSE,0.0943,NA,5,48,NA,NA,NA,IGR,FALSE,FALSE,FALSE,TRUE,3,2,1,2_1,7f94d650-41b9-4664-bcde-dc8533e4602d,NA
20,14059296,14059296,1,snv_mnv,NA,NA,"broad,dkfz,muse,sanger",4,COSN17293573,NA,AluSq2,FALSE,0.1029,NA,7,61,NA,NA,NA,Intron,FALSE,FALSE,FALSE,FALSE,3,2,1,2_1,7f94d650-41b9-4664-bcde-dc8533e4602d,NA
20,19073596,19073596,1,snv_mnv,NA,NA,"broad,dkfz,muse",3,COSN16086835,NA,AluSq2,FALSE,0.1864,NA,11,48,NA,NA,NA,IGR,FALSE,FALSE,FALSE,FALSE,3,2,1,2_1,7f94d650-41b9-4664-bcde-dc8533e4602d,NA
20,38058125,38058125,1,snv_mnv,NA,NA,"broad,dkfz,muse,sanger",4,COSN7999028,NA,NA,FALSE,0.3452,NA,29,55,NA,NA,NA,IGR,FALSE,FALSE,FALSE,FALSE,3,2,1,2_1,7f94d650-41b9-4664-bcde-dc8533e4602d,NA
20,38178538,38178538,1,snv_mnv,NA,NA,"broad,dkfz,muse,sanger",4,COSN15161763,NA,NA,FALSE,0.1077,NA,7,58,NA,NA,NA,IGR,FALSE,FALSE,FALSE,FALSE,3,2,1,2_1,7f94d650-41b9-4664-bcde-dc8533e4602d,NA
20,38576086,38576086,1,snv_mnv,NA,NA,"muse,sanger",2,COSN14811245,NA,NA,FALSE,0.0556,NA,4,68,NA,NA,NA,IGR,FALSE,FALSE,FALSE,FALSE,3,2,1,2_1,7f94d650-41b9-4664-bcde-dc8533e4602d,NA
20,38742746,38742746,1,snv_mnv,NA,NA,"broad,dkfz,muse,sanger",4,COSN15066093,NA,NA,FALSE,0.1111,NA,8,64,NA,NA,NA,IGR,FALSE,FALSE,FALSE,FALSE,3,2,1,2_1,7f94d650-41b9-4664-bcde-dc8533e4602d,NA
20,38779083,38779083,1,snv_mnv,NA,NA,"broad,dkfz,muse,sanger",4,COSN15059842,NA,NA,FALSE,0.1774,NA,11,51,NA,NA,NA,IGR,FALSE,FALSE,FALSE,FALSE,3,2,1,2_1,7f94d650-41b9-4664-bcde-dc8533e4602d,NA
20,38910978,38910978,1,snv_mnv,NA,NA,"broad,dkfz,muse,sanger",4,COSN17724968,NA,NA,FALSE,0.24,NA,12,38,NA,NA,NA,IGR,FALSE,FALSE,FALSE,FALSE,3,2,1,2_1,7f94d650-41b9-4664-bcde-dc8533e4602d,NA
20,40639165,40639165,1,snv_mnv,NA,NA,"broad,dkfz,muse,sanger",4,COSN17546494,NA,THE1C-int,FALSE,0.3253,NA,27,56,NA,NA,NA,RNA,FALSE,FALSE,FALSE,FALSE,3,2,1,2_1,7f94d650-41b9-4664-bcde-dc8533e4602d,AL049812.3
20,41397761,41397761,1,snv_mnv,NA,NA,"broad,muse",2,COSN17768333,NA,NA,FALSE,0.0571,NA,4,66,NA,NA,NA,Intron,FALSE,FALSE,FALSE,FALSE,3,2,1,2_1,7f94d650-41b9-4664-bcde-dc8533e4602d,NA
20,46722175,46722175,1,snv_mnv,NA,NA,"broad,dkfz,muse,sanger",4,COSN7094867,rs533639814,NA,FALSE,0.1695,NA,10,49,NA,NA,NA,IGR,FALSE,FALSE,FALSE,FALSE,3,2,1,2_1,7f94d650-41b9-4664-bcde-dc8533e4602d,NA
20,52954629,52954629,1,snv_mnv,NA,NA,"broad,dkfz,muse,sanger",4,COSN17546496,rs757202099,NA,FALSE,0.1778,NA,16,74,NA,NA,NA,IGR,FALSE,FALSE,FALSE,FALSE,3,2,1,2_1,7f94d650-41b9-4664-bcde-dc8533e4602d,NA
20,59221627,59221627,1,snv_mnv,3.9936e-4,rs182346196,"broad,dkfz,muse,sanger",4,COSN8900284,rs182346196,NA,FALSE,0.1481,NA,12,69,NA,NA,NA,IGR,FALSE,FALSE,FALSE,FALSE,3,2,1,2_1,7f94d650-41b9-4664-bcde-dc8533e4602d,NA
20,59369931,59369931,1,snv_mnv,NA,NA,"broad,dkfz,muse,sanger",4,COSN15113597,NA,L1ME1,FALSE,0.1515,NA,10,56,NA,NA,NA,IGR,FALSE,FALSE,FALSE,FALSE,3,2,1,2_1,7f94d650-41b9-4664-bcde-dc8533e4602d,NA
20,59562971,59562971,1,snv_mnv,NA,NA,"broad,dkfz,muse,sanger",4,COSN17685967,NA,NA,FALSE,0.0978,NA,9,83,NA,NA,NA,IGR,FALSE,FALSE,FALSE,FALSE,3,2,1,2_1,7f94d650-41b9-4664-bcde-dc8533e4602d,NA
20,59640373,59640373,1,snv_mnv,NA,NA,"broad,dkfz,muse,sanger",4,COSN7101000,NA,LTR85c,FALSE,0.4848,NA,32,34,NA,NA,NA,IGR,FALSE,FALSE,FALSE,FALSE,3,2,1,2_1,7f94d650-41b9-4664-bcde-dc8533e4602d,NA
21,15835746,15835746,1,snv_mnv,NA,NA,"broad,dkfz,muse,sanger",4,COSN4971737,NA,NA,FALSE,0.1333,NA,8,52,NA,NA,NA,IGR,FALSE,FALSE,FALSE,FALSE,3,2,1,2_1,7f94d650-41b9-4664-bcde-dc8533e4602d,NA
21,17655577,17655577,1,snv_mnv,NA,NA,"broad,dkfz,muse,sanger",4,COSN5979244,NA,NA,FALSE,0.3012,NA,25,58,NA,NA,NA,lincRNA,FALSE,FALSE,FALSE,FALSE,3,2,1,2_1,7f94d650-41b9-4664-bcde-dc8533e4602d,SNORD74B
21,19628201,19628201,1,snv_mnv,NA,NA,"broad,dkfz,muse,sanger",4,COSN7106776,NA,NA,FALSE,0.1475,NA,9,52,NA,NA,NA,Intron,FALSE,FALSE,FALSE,FALSE,3,2,1,2_1,7f94d650-41b9-4664-bcde-dc8533e4602d,CHODL
21,21396397,21396397,1,snv_mnv,NA,NA,"broad,dkfz,muse,sanger",4,COSN17320285,NA,NA,FALSE,0.1325,NA,11,72,NA,NA,NA,IGR,FALSE,FALSE,FALSE,FALSE,3,2,1,2_1,7f94d650-41b9-4664-bcde-dc8533e4602d,NA
21,22065612,22065612,1,snv_mnv,NA,NA,"broad,dkfz,muse,sanger",4,COSN16507403,NA,L1MCc,FALSE,0.1324,NA,9,59,NA,NA,NA,IGR,FALSE,FALSE,FALSE,FALSE,3,2,1,2_1,7f94d650-41b9-4664-bcde-dc8533e4602d,NA
21,22071272,22071272,1,snv_mnv,NA,NA,"broad,dkfz,muse,sanger",4,COSN17539732,NA,THE1C-int,FALSE,0.2632,NA,15,42,NA,NA,NA,IGR,FALSE,FALSE,FALSE,FALSE,3,2,1,2_1,7f94d650-41b9-4664-bcde-dc8533e4602d,NA
21,22998134,22998134,1,snv_mnv,NA,NA,"broad,dkfz,muse,sanger",4,COSN8902002,NA,NA,FALSE,0.1918,NA,14,59,NA,NA,NA,IGR,FALSE,FALSE,FALSE,FALSE,3,2,1,2_1,7f94d650-41b9-4664-bcde-dc8533e4602d,NA
21,23012599,23012599,1,snv_mnv,NA,NA,"broad,sanger",2,COSN17538178,NA,L3,FALSE,0.0649,NA,5,72,NA,NA,NA,IGR,FALSE,FALSE,FALSE,FALSE,3,2,1,2_1,7f94d650-41b9-4664-bcde-dc8533e4602d,NA
21,23234106,23234106,1,snv_mnv,NA,NA,"dkfz,muse,sanger",3,COSN17410386,NA,L2a,FALSE,0.1333,NA,8,52,NA,NA,NA,IGR,FALSE,FALSE,FALSE,FALSE,3,2,1,2_1,7f94d650-41b9-4664-bcde-dc8533e4602d,NA
21,23544112,23544112,1,snv_mnv,NA,NA,"broad,dkfz,muse,sanger",4,COSN7139376,NA,NA,FALSE,0.3049,NA,25,57,NA,NA,NA,IGR,FALSE,FALSE,FALSE,FALSE,3,2,1,2_1,7f94d650-41b9-4664-bcde-dc8533e4602d,NA
21,24600895,24600895,1,snv_mnv,NA,NA,"broad,dkfz,muse,sanger",4,COSN17353680,NA,NA,FALSE,0.0732,NA,6,76,NA,NA,NA,IGR,FALSE,FALSE,FALSE,FALSE,4,3,1,3_1,7f94d650-41b9-4664-bcde-dc8533e4602d,NA
21,25072569,25072569,1,snv_mnv,NA,NA,"broad,dkfz,muse,sanger",4,COSN8902417,NA,THE1C-int,FALSE,0.186,NA,8,35,NA,NA,NA,IGR,FALSE,FALSE,FALSE,FALSE,2,1,1,1_1,7f94d650-41b9-4664-bcde-dc8533e4602d,NA
21,25145493,25145493,1,snv_mnv,NA,NA,"broad,dkfz,muse,sanger",4,COSN17785380,NA,MIR,FALSE,0.125,NA,7,49,NA,NA,NA,IGR,FALSE,FALSE,FALSE,TRUE,2,1,1,1_1,7f94d650-41b9-4664-bcde-dc8533e4602d,NA
21,25196888,25196888,1,snv_mnv,NA,NA,"broad,dkfz,muse,sanger",4,COSN7140696,NA,NA,FALSE,0.2083,NA,15,57,NA,NA,NA,IGR,FALSE,FALSE,FALSE,FALSE,2,1,1,1_1,7f94d650-41b9-4664-bcde-dc8533e4602d,NA
21,25473258,25473258,1,snv_mnv,NA,NA,"broad,dkfz,muse,sanger",4,COSN15828675,NA,L1MEg,FALSE,0.1324,NA,9,59,NA,NA,NA,IGR,FALSE,FALSE,FALSE,FALSE,2,1,1,1_1,7f94d650-41b9-4664-bcde-dc8533e4602d,NA
21,25655366,25655366,1,snv_mnv,NA,NA,"broad,dkfz,muse,sanger",4,COSN17838471,NA,L2a,FALSE,0.2647,NA,18,50,NA,NA,NA,IGR,FALSE,FALSE,FALSE,FALSE,2,1,1,1_1,7f94d650-41b9-4664-bcde-dc8533e4602d,NA
21,25791353,25791353,1,snv_mnv,NA,NA,"broad,dkfz,muse,sanger",4,COSN15013081,NA,THE1B-int,FALSE,0.1493,NA,10,57,NA,NA,NA,IGR,FALSE,FALSE,FALSE,FALSE,4,2,2,2_2,7f94d650-41b9-4664-bcde-dc8533e4602d,NA
22,22558425,22558425,1,snv_mnv,1.9968e-4,rs141763673,"broad,dkfz,muse,sanger",4,COSN8014379,rs141763673,NA,FALSE,0.2143,NA,15,55,NA,NA,NA,RNA,FALSE,FALSE,FALSE,TRUE,3,2,1,2_1,7f94d650-41b9-4664-bcde-dc8533e4602d,IGLV11-55
22,35227077,35227077,1,snv_mnv,7.9872e-4,rs569551417,"broad,muse,sanger",3,COSN8010212,rs569551417,AluJr,FALSE,0.082,NA,5,56,NA,NA,NA,IGR,FALSE,FALSE,FALSE,FALSE,3,2,1,2_1,7f94d650-41b9-4664-bcde-dc8533e4602d,NA
22,38824088,38824088,1,snv_mnv,NA,NA,"broad,muse",2,COSM478963,rs765921539,NA,FALSE,0.093,NA,4,39,NA,NA,NA,Missense_Mutation,FALSE,FALSE,FALSE,FALSE,3,2,1,2_1,7f94d650-41b9-4664-bcde-dc8533e4602d,Z97056.1
22,50232725,50232725,1,snv_mnv,NA,NA,"broad,dkfz,muse,sanger",4,COSN9168292,NA,NA,FALSE,0.1549,NA,11,60,NA,NA,NA,lincRNA,FALSE,FALSE,FALSE,FALSE,3,2,1,2_1,7f94d650-41b9-4664-bcde-dc8533e4602d,Z98885.2
3,867557,867557,1,snv_mnv,NA,NA,"broad,dkfz,muse,sanger",4,COSN7715047,NA,L1MD2,FALSE,0.2593,NA,21,60,NA,NA,NA,lincRNA,FALSE,FALSE,FALSE,FALSE,3,2,1,2_1,7f94d650-41b9-4664-bcde-dc8533e4602d,NA
3,893408,893408,1,snv_mnv,NA,NA,"broad,muse",2,COSN17726066,NA,HERVE-int,FALSE,0.0943,NA,5,48,NA,NA,NA,IGR,FALSE,FALSE,FALSE,FALSE,3,2,1,2_1,7f94d650-41b9-4664-bcde-dc8533e4602d,NA
3,1147078,1147078,1,snv_mnv,NA,NA,"broad,dkfz,muse,sanger",4,COSN14840127,NA,NA,FALSE,0.1216,NA,9,65,NA,NA,NA,Intron,FALSE,FALSE,FALSE,FALSE,3,2,1,2_1,7f94d650-41b9-4664-bcde-dc8533e4602d,NA
3,1656524,1656524,1,snv_mnv,NA,NA,"broad,dkfz,muse,sanger",4,COSN17778306,NA,NA,FALSE,0.3182,NA,14,30,NA,NA,NA,IGR,FALSE,FALSE,FALSE,FALSE,2,1,1,1_1,7f94d650-41b9-4664-bcde-dc8533e4602d,NA
3,2056378,2056378,1,snv_mnv,NA,NA,"broad,dkfz,muse,sanger",4,COSN15141125,NA,NA,FALSE,0.4444,NA,40,50,NA,NA,NA,IGR,FALSE,FALSE,FALSE,FALSE,2,1,1,1_1,7f94d650-41b9-4664-bcde-dc8533e4602d,NA
3,2056553,2056553,1,snv_mnv,NA,NA,"broad,dkfz,muse,sanger",4,COSN17884381,NA,MLT1K,FALSE,0.1286,NA,9,61,NA,NA,NA,IGR,FALSE,FALSE,FALSE,FALSE,2,1,1,1_1,7f94d650-41b9-4664-bcde-dc8533e4602d,NA
3,2353190,2353190,1,snv_mnv,NA,NA,"broad,dkfz,muse,sanger",4,COSN16122008,NA,NA,FALSE,0.1154,NA,6,46,NA,NA,NA,Intron,FALSE,FALSE,FALSE,FALSE,2,1,1,1_1,7f94d650-41b9-4664-bcde-dc8533e4602d,NA
3,2368054,2368054,1,snv_mnv,NA,NA,"broad,dkfz,muse,sanger",4,COSN15023226,NA,MLT2B4,FALSE,0.2586,NA,15,43,NA,NA,NA,Intron,FALSE,FALSE,FALSE,FALSE,2,1,1,1_1,7f94d650-41b9-4664-bcde-dc8533e4602d,NA
3,2496705,2496705,1,snv_mnv,NA,NA,"broad,dkfz,muse,sanger",4,COSN7603172,NA,NA,FALSE,0.1975,NA,16,65,NA,NA,NA,Intron,FALSE,FALSE,FALSE,FALSE,3,2,1,2_1,7f94d650-41b9-4664-bcde-dc8533e4602d,NA
3,20329553,20329553,1,snv_mnv,NA,NA,"broad,dkfz,muse,sanger",4,COSN8923429,NA,MSTB-int,FALSE,0.1923,NA,15,63,NA,NA,NA,IGR,FALSE,FALSE,FALSE,FALSE,3,2,1,2_1,7f94d650-41b9-4664-bcde-dc8533e4602d,NA
3,20493923,20493923,1,snv_mnv,NA,NA,"broad,muse,sanger",3,COSN17876833,NA,MER41-int,FALSE,0.0725,NA,5,64,NA,NA,NA,IGR,FALSE,FALSE,FALSE,FALSE,3,2,1,2_1,7f94d650-41b9-4664-bcde-dc8533e4602d,NA
3,20933169,20933169,1,snv_mnv,NA,NA,"broad,dkfz,muse,sanger",4,COSN8923516,NA,L1MA4,FALSE,0.1803,NA,11,50,NA,NA,NA,IGR,FALSE,FALSE,FALSE,FALSE,3,2,1,2_1,7f94d650-41b9-4664-bcde-dc8533e4602d,NA
3,21621218,21621218,1,snv_mnv,NA,NA,"broad,dkfz,muse,sanger",4,COSN1941431,NA,MLT1C,FALSE,0.0714,NA,4,52,NA,NA,NA,Intron,FALSE,FALSE,FALSE,FALSE,3,2,1,2_1,7f94d650-41b9-4664-bcde-dc8533e4602d,NA
3,24949669,24949669,1,snv_mnv,NA,NA,"broad,dkfz,muse,sanger",4,COSN6426548,NA,NA,FALSE,0.1875,NA,15,65,NA,NA,NA,lincRNA,FALSE,FALSE,FALSE,FALSE,3,2,1,2_1,7f94d650-41b9-4664-bcde-dc8533e4602d,NA
3,26212028,26212028,1,snv_mnv,NA,NA,"broad,dkfz,muse,sanger",4,COSN8924266,NA,NA,FALSE,0.1413,NA,13,79,NA,NA,NA,IGR,FALSE,FALSE,FALSE,FALSE,3,2,1,2_1,7f94d650-41b9-4664-bcde-dc8533e4602d,NA
3,26314714,26314714,1,snv_mnv,NA,NA,"broad,dkfz,muse,sanger",4,COSN5002323,NA,NA,FALSE,0.1194,NA,8,59,NA,NA,NA,IGR,FALSE,FALSE,FALSE,FALSE,3,2,1,2_1,7f94d650-41b9-4664-bcde-dc8533e4602d,NA
3,28447034,28447034,1,snv_mnv,NA,NA,"broad,dkfz,muse,sanger",4,COSN5002499,NA,AluSq4,FALSE,0.1719,NA,11,53,NA,NA,NA,Intron,FALSE,FALSE,FALSE,FALSE,3,2,1,2_1,7f94d650-41b9-4664-bcde-dc8533e4602d,NA
3,28678138,28678138,1,snv_mnv,NA,NA,"broad,muse,sanger",3,COSN7604782,NA,MIR,FALSE,0.0685,NA,5,68,NA,NA,NA,RNA,FALSE,FALSE,FALSE,FALSE,3,2,1,2_1,7f94d650-41b9-4664-bcde-dc8533e4602d,NA
3,35209641,35209641,1,snv_mnv,NA,NA,"broad,muse,sanger",3,COSN17521159,NA,L1PA8,FALSE,0.069,NA,4,54,NA,NA,NA,IGR,FALSE,FALSE,FALSE,FALSE,3,2,1,2_1,7f94d650-41b9-4664-bcde-dc8533e4602d,NA
3,35295688,35295688,1,snv_mnv,NA,NA,"broad,muse,sanger",3,COSN17757020,NA,L1PA11,FALSE,0.0758,NA,5,61,NA,NA,NA,RNA,FALSE,FALSE,FALSE,FALSE,3,2,1,2_1,7f94d650-41b9-4664-bcde-dc8533e4602d,RNU6-243P
3,36518209,36518209,1,snv_mnv,NA,NA,"broad,dkfz,muse,sanger",4,COSN8925377,NA,NA,FALSE,0.1633,NA,8,41,NA,NA,NA,Intron,FALSE,FALSE,FALSE,FALSE,3,2,1,2_1,7f94d650-41b9-4664-bcde-dc8533e4602d,NA
3,38767224,38767224,1,snv_mnv,NA,NA,"broad,dkfz,muse,sanger",4,COSN15162204,NA,Tigger15a,FALSE,0.1429,NA,9,54,NA,NA,NA,Intron,FALSE,FALSE,FALSE,FALSE,3,2,1,2_1,7f94d650-41b9-4664-bcde-dc8533e4602d,NA
3,55481451,55481451,1,snv_mnv,NA,NA,"broad,dkfz,muse,sanger",4,COSN15048021,NA,MIR,FALSE,0.0857,NA,6,64,NA,NA,NA,IGR,FALSE,FALSE,FALSE,FALSE,3,2,1,2_1,7f94d650-41b9-4664-bcde-dc8533e4602d,NA
3,68676908,68676908,1,snv_mnv,NA,NA,"broad,dkfz,muse,sanger",4,COSN5004161,NA,NA,FALSE,0.2,NA,14,56,NA,NA,NA,IGR,FALSE,FALSE,FALSE,FALSE,3,2,1,2_1,7f94d650-41b9-4664-bcde-dc8533e4602d,NA
3,73403210,73403210,1,snv_mnv,NA,NA,"broad,dkfz,muse,sanger",4,COSN14852251,NA,NA,FALSE,0.1833,NA,11,49,NA,NA,NA,IGR,FALSE,FALSE,FALSE,FALSE,3,2,1,2_1,7f94d650-41b9-4664-bcde-dc8533e4602d,NA
3,73962894,73962894,1,snv_mnv,NA,NA,"broad,dkfz,muse,sanger",4,COSN7707417,NA,MER41G,FALSE,0.1897,NA,11,47,NA,NA,NA,IGR,FALSE,FALSE,FALSE,FALSE,3,2,1,2_1,7f94d650-41b9-4664-bcde-dc8533e4602d,NA
3,74068258,74068258,1,snv_mnv,NA,NA,"broad,dkfz,muse,sanger",4,COSN15282168,NA,NA,FALSE,0.3,NA,24,56,NA,NA,NA,IGR,FALSE,FALSE,FALSE,FALSE,3,2,1,2_1,7f94d650-41b9-4664-bcde-dc8533e4602d,NA
3,74082517,74082517,1,snv_mnv,NA,NA,"broad,dkfz,muse,sanger",4,COSN14801396,NA,MSTB,FALSE,0.1094,NA,7,57,NA,NA,NA,IGR,FALSE,FALSE,FALSE,FALSE,3,2,1,2_1,7f94d650-41b9-4664-bcde-dc8533e4602d,NA
3,77872704,77872704,1,snv_mnv,NA,NA,"broad,dkfz,muse,sanger",4,COSN7709377,NA,L1PA16,FALSE,0.1321,NA,7,46,NA,NA,NA,IGR,FALSE,FALSE,FALSE,FALSE,3,2,1,2_1,7f94d650-41b9-4664-bcde-dc8533e4602d,NA
3,78708735,78708735,1,snv_mnv,NA,NA,"broad,dkfz,muse,sanger",4,COSN9572494,NA,NA,FALSE,0.075,NA,6,74,NA,NA,NA,Intron,FALSE,FALSE,FALSE,FALSE,3,2,1,2_1,7f94d650-41b9-4664-bcde-dc8533e4602d,ROBO1
3,79956027,79956027,1,snv_mnv,NA,NA,"muse,sanger",2,COSN17716575,NA,NA,FALSE,0.0556,NA,4,68,NA,NA,NA,IGR,FALSE,FALSE,FALSE,FALSE,3,2,1,2_1,7f94d650-41b9-4664-bcde-dc8533e4602d,NA
3,80425367,80425367,1,snv_mnv,NA,NA,"broad,dkfz,muse,sanger",4,COSN8928405,NA,L1MEf,FALSE,0.0896,NA,6,61,NA,NA,NA,IGR,FALSE,FALSE,FALSE,FALSE,3,2,1,2_1,7f94d650-41b9-4664-bcde-dc8533e4602d,NA
3,81315616,81315616,1,snv_mnv,NA,NA,"broad,dkfz,muse,sanger",4,COSN8928519,NA,MIR3,FALSE,0.25,NA,19,57,NA,NA,NA,lincRNA,FALSE,FALSE,FALSE,FALSE,3,2,1,2_1,7f94d650-41b9-4664-bcde-dc8533e4602d,NA
3,82261296,82261296,1,snv_mnv,NA,NA,"broad,muse",2,COSN14959883,NA,L2a,FALSE,0.0984,NA,6,55,NA,NA,NA,lincRNA,FALSE,FALSE,FALSE,FALSE,3,2,1,2_1,7f94d650-41b9-4664-bcde-dc8533e4602d,NA
3,82496167,82496167,1,snv_mnv,NA,NA,"broad,muse,sanger",3,COSN5005214,NA,MLT1K,FALSE,0.0893,NA,5,51,NA,NA,NA,lincRNA,FALSE,FALSE,FALSE,FALSE,3,2,1,2_1,7f94d650-41b9-4664-bcde-dc8533e4602d,NA
3,82562814,82562814,1,snv_mnv,NA,NA,"broad,dkfz,muse,sanger",4,COSN17584313,NA,NA,FALSE,0.1587,NA,10,53,NA,NA,NA,IGR,FALSE,FALSE,FALSE,FALSE,3,2,1,2_1,7f94d650-41b9-4664-bcde-dc8533e4602d,NA
3,82764814,82764814,1,snv_mnv,NA,NA,"broad,dkfz,muse,sanger",4,COSN19157897,NA,LTR12C,FALSE,0.2407,NA,13,41,NA,NA,NA,IGR,FALSE,FALSE,FALSE,FALSE,3,2,1,2_1,7f94d650-41b9-4664-bcde-dc8533e4602d,NA
3,83718268,83718268,1,snv_mnv,NA,NA,"broad,dkfz,muse,sanger",4,COSN9574993,NA,NA,FALSE,0.2329,NA,17,56,NA,NA,NA,IGR,FALSE,FALSE,FALSE,FALSE,3,2,1,2_1,7f94d650-41b9-4664-bcde-dc8533e4602d,NA
3,84741545,84741545,1,snv_mnv,NA,NA,"broad,dkfz,muse,sanger",4,COSN15235262,NA,NA,FALSE,0.1803,NA,11,50,NA,NA,NA,lincRNA,FALSE,FALSE,FALSE,FALSE,3,2,1,2_1,7f94d650-41b9-4664-bcde-dc8533e4602d,NA
3,84933909,84933909,1,snv_mnv,NA,NA,"broad,dkfz,muse,sanger",4,COSN15135915,NA,NA,FALSE,0.0943,NA,5,48,NA,NA,NA,lincRNA,FALSE,FALSE,FALSE,FALSE,3,2,1,2_1,7f94d650-41b9-4664-bcde-dc8533e4602d,NA
3,85243056,85243056,1,snv_mnv,NA,NA,"broad,dkfz,muse,sanger",4,COSN17516997,NA,L2b,FALSE,0.1571,NA,11,59,NA,NA,NA,Intron,FALSE,FALSE,FALSE,FALSE,3,2,1,2_1,7f94d650-41b9-4664-bcde-dc8533e4602d,NA
3,86873602,86873602,1,snv_mnv,NA,NA,"broad,dkfz,muse,sanger",4,COSN14804429,NA,L1ME5,FALSE,0.1026,NA,8,70,NA,NA,NA,IGR,FALSE,FALSE,FALSE,FALSE,3,2,1,2_1,7f94d650-41b9-4664-bcde-dc8533e4602d,NA
3,88905126,88905126,1,snv_mnv,NA,NA,"broad,dkfz,muse,sanger",4,COSN17616219,NA,L1P4,FALSE,0.2319,NA,16,53,NA,NA,NA,IGR,FALSE,FALSE,FALSE,FALSE,3,2,1,2_1,7f94d650-41b9-4664-bcde-dc8533e4602d,NA
3,89253424,89253424,1,snv_mnv,NA,NA,"broad,dkfz,muse,sanger",4,COSN7768356,NA,NA,FALSE,0.1429,NA,10,60,NA,NA,NA,Intron,FALSE,FALSE,FALSE,FALSE,3,2,1,2_1,7f94d650-41b9-4664-bcde-dc8533e4602d,NA
3,89544603,89544603,1,snv_mnv,NA,NA,"broad,dkfz,muse",3,COSN8369103,rs561343515,AT_rich,FALSE,0.1795,NA,14,64,NA,NA,NA,IGR,FALSE,FALSE,FALSE,FALSE,3,2,1,2_1,7f94d650-41b9-4664-bcde-dc8533e4602d,NA
3,90367374,90367374,1,snv_mnv,3.9936e-4,rs577538754,"broad,muse",2,COSN15047381,rs577538754,ALR/Alpha,FALSE,0.209,NA,14,53,NA,NA,NA,IGR,FALSE,FALSE,FALSE,FALSE,3,2,1,2_1,7f94d650-41b9-4664-bcde-dc8533e4602d,NA
3,95407030,95407030,1,snv_mnv,NA,NA,"broad,dkfz,muse,sanger",4,COSN8369299,NA,NA,FALSE,0.2381,NA,15,48,NA,NA,NA,IGR,FALSE,FALSE,FALSE,FALSE,3,2,1,2_1,7f94d650-41b9-4664-bcde-dc8533e4602d,NA
3,96289253,96289253,1,snv_mnv,NA,NA,"broad,dkfz,muse,sanger",4,COSN17762539,NA,L1PA7,FALSE,0.1389,NA,10,62,NA,NA,NA,IGR,FALSE,FALSE,FALSE,FALSE,3,2,1,2_1,7f94d650-41b9-4664-bcde-dc8533e4602d,AC107015.1
3,96328113,96328113,1,snv_mnv,NA,NA,"broad,dkfz,muse,sanger",4,COSN8930672,NA,NA,FALSE,0.0952,NA,8,76,NA,NA,NA,RNA,FALSE,FALSE,FALSE,FALSE,3,2,1,2_1,7f94d650-41b9-4664-bcde-dc8533e4602d,RNU6-1094P
3,96626475,96626475,1,snv_mnv,NA,NA,"broad,dkfz,muse,sanger",4,COSN8930755,NA,NA,FALSE,0.1791,NA,12,55,NA,NA,NA,Intron,FALSE,FALSE,FALSE,FALSE,3,2,1,2_1,7f94d650-41b9-4664-bcde-dc8533e4602d,NA
3,96634605,96634605,1,snv_mnv,NA,NA,"broad,dkfz,muse,sanger",4,COSN8930759,NA,MIR,FALSE,0.1341,NA,11,71,NA,NA,NA,Intron,FALSE,FALSE,FALSE,FALSE,3,2,1,2_1,7f94d650-41b9-4664-bcde-dc8533e4602d,NA
3,97059081,97059081,1,snv_mnv,NA,NA,"broad,dkfz,muse,sanger",4,COSN15135916,NA,NA,FALSE,0.2182,NA,12,43,NA,NA,NA,Intron,FALSE,FALSE,FALSE,FALSE,3,2,1,2_1,7f94d650-41b9-4664-bcde-dc8533e4602d,NA
3,98634469,98634469,1,snv_mnv,NA,NA,"broad,dkfz,sanger",3,COSN15267681,NA,NA,FALSE,0.0758,NA,5,61,NA,NA,NA,RNA,FALSE,FALSE,FALSE,FALSE,3,2,1,2_1,7f94d650-41b9-4664-bcde-dc8533e4602d,NA
3,98745430,98745430,1,snv_mnv,NA,NA,"broad,dkfz,muse,sanger",4,COSN17550366,NA,L1M3f,FALSE,0.1587,NA,10,53,NA,NA,NA,IGR,FALSE,FALSE,FALSE,FALSE,3,2,1,2_1,7f94d650-41b9-4664-bcde-dc8533e4602d,NA
3,99205948,99205948,1,snv_mnv,NA,NA,"broad,dkfz,muse,sanger",4,COSN15169616,NA,L1MA8,FALSE,0.1429,NA,7,42,NA,NA,NA,IGR,FALSE,FALSE,FALSE,FALSE,3,2,1,2_1,7f94d650-41b9-4664-bcde-dc8533e4602d,NA
3,102961557,102961557,1,snv_mnv,NA,NA,"broad,dkfz,muse,sanger",4,COSN17580395,NA,MER77,FALSE,0.1343,NA,9,58,NA,NA,NA,IGR,FALSE,FALSE,FALSE,FALSE,3,2,1,2_1,7f94d650-41b9-4664-bcde-dc8533e4602d,NDUFA4P2
3,103951835,103951835,1,snv_mnv,NA,NA,"broad,dkfz,muse,sanger",4,COSN16085404,NA,MLT1A,FALSE,0.2099,NA,17,64,NA,NA,NA,IGR,FALSE,FALSE,FALSE,FALSE,3,2,1,2_1,7f94d650-41b9-4664-bcde-dc8533e4602d,NA
3,106421585,106421585,1,snv_mnv,NA,NA,"broad,dkfz,muse,sanger",4,COSN8361508,NA,ERV3-16A3_I-int,FALSE,0.3651,NA,23,40,NA,NA,NA,IGR,FALSE,FALSE,FALSE,FALSE,3,2,1,2_1,7f94d650-41b9-4664-bcde-dc8533e4602d,NA
3,106602714,106602714,1,snv_mnv,NA,NA,"broad,dkfz,muse,sanger",4,COSN8906120,NA,L1MA10,FALSE,0.1613,NA,10,52,NA,NA,NA,lincRNA,FALSE,FALSE,FALSE,FALSE,3,2,1,2_1,7f94d650-41b9-4664-bcde-dc8533e4602d,NA
3,112998721,112998721,1,snv_mnv,NA,NA,"broad,dkfz,muse,sanger",4,COSM4112263,rs141457641,NA,FALSE,0.1429,NA,8,48,NA,NA,NA,Missense_Mutation,FALSE,FALSE,FALSE,FALSE,3,2,1,2_1,7f94d650-41b9-4664-bcde-dc8533e4602d,BOC
3,116196214,116196214,1,snv_mnv,NA,NA,"broad,dkfz,muse,sanger",4,COSN17402763,NA,L1MEf,FALSE,0.2267,NA,17,58,NA,NA,NA,Intron,FALSE,FALSE,FALSE,FALSE,3,2,1,2_1,7f94d650-41b9-4664-bcde-dc8533e4602d,NA
3,116941450,116941450,1,snv_mnv,NA,NA,"broad,dkfz,muse,sanger",4,COSN8906748,NA,MLT1A0,FALSE,0.1964,NA,11,45,NA,NA,NA,Intron,FALSE,FALSE,FALSE,FALSE,3,2,1,2_1,7f94d650-41b9-4664-bcde-dc8533e4602d,NA
3,117950468,117950468,1,snv_mnv,NA,NA,"broad,dkfz,muse,sanger",4,COSN14804760,NA,NA,FALSE,0.1765,NA,15,70,NA,NA,NA,lincRNA,FALSE,FALSE,FALSE,FALSE,3,2,1,2_1,7f94d650-41b9-4664-bcde-dc8533e4602d,NA
3,118043207,118043207,1,snv_mnv,NA,NA,"broad,dkfz,muse,sanger",4,COSN8906977,NA,L1PA7,FALSE,0.194,NA,13,54,NA,NA,NA,lincRNA,FALSE,FALSE,FALSE,FALSE,3,2,1,2_1,7f94d650-41b9-4664-bcde-dc8533e4602d,NA
3,118066730,118066730,1,snv_mnv,NA,NA,"broad,dkfz,muse,sanger",4,COSN8906981,NA,L1ME4a,FALSE,0.1781,NA,13,60,NA,NA,NA,lincRNA,FALSE,FALSE,FALSE,FALSE,3,2,1,2_1,7f94d650-41b9-4664-bcde-dc8533e4602d,NA
3,133387660,133387660,1,snv_mnv,1.9968e-4,rs535012668,"broad,dkfz,muse,sanger",4,COSN5145365,rs535012668,LTR16C,FALSE,0.25,NA,19,57,NA,NA,NA,RNA,FALSE,FALSE,FALSE,FALSE,3,2,1,2_1,7f94d650-41b9-4664-bcde-dc8533e4602d,RNU6-678P
3,135228495,135228495,1,snv_mnv,1.9968e-4,rs566470793,"broad,dkfz,muse",3,COSN7621403,rs566470793,L1ME1,FALSE,0.1765,NA,12,56,NA,NA,NA,IGR,FALSE,FALSE,FALSE,FALSE,3,2,1,2_1,7f94d650-41b9-4664-bcde-dc8533e4602d,NA
3,135245979,135245979,1,snv_mnv,NA,NA,"broad,dkfz,muse",3,COSN4997997,NA,L3,FALSE,0.1846,NA,12,53,NA,NA,NA,IGR,FALSE,FALSE,FALSE,FALSE,3,2,1,2_1,7f94d650-41b9-4664-bcde-dc8533e4602d,NA
3,137288110,137288110,1,snv_mnv,NA,NA,"broad,dkfz,muse,sanger",4,COSN40019,NA,NA,FALSE,0.1507,NA,11,62,NA,NA,NA,IGR,FALSE,FALSE,FALSE,FALSE,3,2,1,2_1,7f94d650-41b9-4664-bcde-dc8533e4602d,NA
3,140001796,140001796,1,snv_mnv,NA,NA,"broad,dkfz,muse,sanger",4,COSN17643864,NA,NA,FALSE,0.463,NA,25,29,NA,NA,NA,Intron,FALSE,FALSE,FALSE,FALSE,3,2,1,2_1,7f94d650-41b9-4664-bcde-dc8533e4602d,NA
3,143932485,143932485,1,snv_mnv,NA,NA,"broad,dkfz,muse,sanger",4,COSN15114141,NA,THE1A,FALSE,0.3636,NA,20,35,NA,NA,NA,IGR,FALSE,FALSE,FALSE,FALSE,3,2,1,2_1,7f94d650-41b9-4664-bcde-dc8533e4602d,NA
3,144389008,144389008,1,snv_mnv,NA,NA,"broad,dkfz,muse,sanger",4,COSN7622573,NA,NA,FALSE,0.0741,NA,6,75,NA,NA,NA,IGR,FALSE,FALSE,FALSE,FALSE,3,2,1,2_1,7f94d650-41b9-4664-bcde-dc8533e4602d,NA
3,144746013,144746013,1,snv_mnv,NA,NA,"broad,dkfz,muse,sanger",4,COSN17780362,NA,THE1B-int,FALSE,0.2105,NA,16,60,NA,NA,NA,IGR,FALSE,FALSE,FALSE,FALSE,3,2,1,2_1,7f94d650-41b9-4664-bcde-dc8533e4602d,NA
3,146411624,146411624,1,snv_mnv,NA,NA,"broad,dkfz,muse,sanger",4,COSN7824047,NA,ERVL-B4-int,FALSE,0.1111,NA,8,64,NA,NA,NA,IGR,FALSE,FALSE,FALSE,FALSE,3,2,1,2_1,7f94d650-41b9-4664-bcde-dc8533e4602d,NA
3,146558882,146558882,1,snv_mnv,NA,NA,"broad,dkfz,muse,sanger",4,COSN8909003,NA,NA,FALSE,0.0617,NA,5,76,NA,NA,NA,IGR,FALSE,FALSE,FALSE,FALSE,3,2,1,2_1,7f94d650-41b9-4664-bcde-dc8533e4602d,NA
3,146732452,146732452,1,snv_mnv,NA,NA,"broad,dkfz,muse,sanger",4,COSN8909046,NA,MSTA,FALSE,0.129,NA,8,54,NA,NA,NA,RNA,FALSE,FALSE,FALSE,FALSE,3,2,1,2_1,7f94d650-41b9-4664-bcde-dc8533e4602d,NA
3,146765925,146765925,1,snv_mnv,NA,NA,"dkfz,muse,sanger",3,COSN8909054,NA,L2,FALSE,0.1148,NA,7,54,NA,NA,NA,RNA,FALSE,FALSE,FALSE,FALSE,3,2,1,2_1,7f94d650-41b9-4664-bcde-dc8533e4602d,NA
3,146985434,146985434,1,snv_mnv,1.9968e-4,rs537312822,"broad,dkfz,muse,sanger",4,COSN5523130,rs537312822,NA,FALSE,0.2273,NA,15,51,NA,NA,NA,RNA,FALSE,FALSE,FALSE,FALSE,3,2,1,2_1,7f94d650-41b9-4664-bcde-dc8533e4602d,NA
3,147867023,147867023,1,snv_mnv,NA,NA,"broad,dkfz,muse,sanger",4,COSN7825065,NA,NA,FALSE,0.1757,NA,13,61,NA,NA,NA,IGR,FALSE,FALSE,FALSE,FALSE,3,2,1,2_1,7f94d650-41b9-4664-bcde-dc8533e4602d,NA
3,154367299,154367299,1,snv_mnv,NA,NA,"broad,dkfz,muse,sanger",4,COSN8909650,NA,L1PA7,FALSE,0.1719,NA,11,53,NA,NA,NA,IGR,FALSE,FALSE,FALSE,FALSE,3,2,1,2_1,7f94d650-41b9-4664-bcde-dc8533e4602d,SYPL1P1
3,161906648,161906648,1,snv_mnv,7.9872e-4,rs188475236,"broad,dkfz,muse,sanger",4,COSN16049290,rs188475236,L1PA4,FALSE,0.1846,NA,12,53,NA,NA,NA,IGR,FALSE,FALSE,FALSE,FALSE,3,2,1,2_1,7f94d650-41b9-4664-bcde-dc8533e4602d,NA
3,162006537,162006537,1,snv_mnv,NA,NA,"broad,dkfz,muse,sanger",4,COSN17611446,NA,NA,FALSE,0.1,NA,6,54,NA,NA,NA,IGR,FALSE,FALSE,FALSE,FALSE,3,2,1,2_1,7f94d650-41b9-4664-bcde-dc8533e4602d,NA
3,163369859,163369859,1,snv_mnv,NA,NA,"broad,dkfz,muse,sanger",4,COSN7831006,NA,NA,FALSE,0.3289,NA,25,51,NA,NA,NA,IGR,FALSE,FALSE,FALSE,FALSE,3,2,1,2_1,7f94d650-41b9-4664-bcde-dc8533e4602d,NA
3,163849534,163849534,1,snv_mnv,NA,NA,"broad,dkfz,muse,sanger",4,COSN17693900,NA,NA,FALSE,0.1857,NA,13,57,NA,NA,NA,IGR,FALSE,FALSE,FALSE,FALSE,3,2,1,2_1,7f94d650-41b9-4664-bcde-dc8533e4602d,NA
3,165622414,165622414,1,snv_mnv,NA,NA,"broad,dkfz,muse,sanger",4,COSN14966768,NA,NA,FALSE,0.375,NA,33,55,NA,NA,NA,IGR,FALSE,FALSE,FALSE,FALSE,3,2,1,2_1,7f94d650-41b9-4664-bcde-dc8533e4602d,NA
3,166098925,166098925,1,snv_mnv,NA,NA,"broad,dkfz,muse,sanger",4,COSN17646235,NA,MADE2,FALSE,0.1023,NA,9,79,NA,NA,NA,IGR,FALSE,FALSE,FALSE,FALSE,3,2,1,2_1,7f94d650-41b9-4664-bcde-dc8533e4602d,NA
3,166414277,166414277,1,snv_mnv,NA,NA,"broad,dkfz,muse,sanger",4,COSN8911313,NA,NA,FALSE,0.1333,NA,10,65,NA,NA,NA,IGR,FALSE,FALSE,FALSE,FALSE,3,2,1,2_1,7f94d650-41b9-4664-bcde-dc8533e4602d,PSAT1P4
3,174029359,174029359,1,snv_mnv,NA,NA,"broad,dkfz,muse,sanger",4,COSN14864528,NA,NA,FALSE,0.1341,NA,11,71,NA,NA,NA,IGR,FALSE,FALSE,FALSE,FALSE,3,2,1,2_1,7f94d650-41b9-4664-bcde-dc8533e4602d,NA
3,174493964,174493964,1,snv_mnv,NA,NA,"broad,dkfz,muse,sanger",4,COSN14454539,NA,NA,FALSE,0.1842,NA,14,62,NA,NA,NA,IGR,FALSE,FALSE,FALSE,FALSE,3,2,1,2_1,7f94d650-41b9-4664-bcde-dc8533e4602d,NA
3,180448401,180448401,1,snv_mnv,NA,NA,"dkfz,muse,sanger",3,COSN17324187,NA,THE1B,FALSE,0.1509,NA,8,45,NA,NA,NA,Intron,FALSE,FALSE,FALSE,FALSE,3,2,1,2_1,7f94d650-41b9-4664-bcde-dc8533e4602d,NA
3,180811390,180811390,1,snv_mnv,0.0015974,rs557934218,"broad,dkfz,muse,sanger",4,COSN5529671,rs557934218,AluY,FALSE,0.463,NA,25,29,NA,NA,NA,IGR,FALSE,FALSE,FALSE,FALSE,3,2,1,2_1,7f94d650-41b9-4664-bcde-dc8533e4602d,NA
3,189555006,189555006,1,snv_mnv,NA,NA,"broad,dkfz,muse,sanger",4,COSN7758201,rs374445194,NA,FALSE,0.2533,NA,19,56,NA,NA,NA,Intron,FALSE,FALSE,FALSE,TRUE,3,2,1,2_1,7f94d650-41b9-4664-bcde-dc8533e4602d,NA
3,191532399,191532399,1,snv_mnv,NA,NA,"broad,dkfz,muse,sanger",4,COSN7758455,NA,L1MA3,FALSE,0.2911,NA,23,56,NA,NA,NA,IGR,FALSE,FALSE,FALSE,FALSE,3,2,1,2_1,7f94d650-41b9-4664-bcde-dc8533e4602d,NA
4,5302345,5302345,1,snv_mnv,NA,NA,"broad,dkfz,muse,sanger",4,COSN17670766,NA,L1P4,FALSE,0.1795,NA,14,64,NA,NA,NA,Intron,FALSE,FALSE,FALSE,FALSE,3,2,1,2_1,7f94d650-41b9-4664-bcde-dc8533e4602d,NA
4,21256684,21256684,1,snv_mnv,NA,NA,"broad,muse,sanger",3,COSN16087123,NA,NA,FALSE,0.0746,NA,5,62,NA,NA,NA,Intron,FALSE,FALSE,FALSE,FALSE,3,2,1,2_1,7f94d650-41b9-4664-bcde-dc8533e4602d,NA
4,21706429,21706429,1,snv_mnv,NA,NA,"broad,dkfz,muse,sanger",4,COSN17696214,rs533899445,L1MD1,FALSE,0.1562,NA,10,54,NA,NA,NA,Intron,FALSE,FALSE,FALSE,FALSE,3,2,1,2_1,7f94d650-41b9-4664-bcde-dc8533e4602d,NA
4,28123580,28123580,1,snv_mnv,NA,NA,"broad,dkfz,muse,sanger",4,COSN1295373,NA,L1M3,FALSE,0.0714,NA,6,78,NA,NA,NA,IGR,FALSE,FALSE,FALSE,FALSE,3,2,1,2_1,7f94d650-41b9-4664-bcde-dc8533e4602d,NA
4,28186958,28186958,1,snv_mnv,NA,NA,"broad,dkfz,muse,sanger",4,COSN9035670,NA,L1MA4,FALSE,0.1228,NA,7,50,NA,NA,NA,IGR,FALSE,FALSE,FALSE,FALSE,3,2,1,2_1,7f94d650-41b9-4664-bcde-dc8533e4602d,NA
4,28339738,28339738,1,snv_mnv,NA,NA,"broad,muse,sanger",3,COSN17751378,NA,MIR,FALSE,0.0676,NA,5,69,NA,NA,NA,IGR,FALSE,FALSE,FALSE,FALSE,3,2,1,2_1,7f94d650-41b9-4664-bcde-dc8533e4602d,NA
4,28407067,28407067,1,snv_mnv,NA,NA,"broad,dkfz,muse,sanger",4,COSN17639669,NA,L1M3,FALSE,0.1096,NA,8,65,NA,NA,NA,5'Flank,FALSE,FALSE,FALSE,FALSE,3,2,1,2_1,7f94d650-41b9-4664-bcde-dc8533e4602d,AC109588.1
4,28726893,28726893,1,snv_mnv,NA,NA,"broad,dkfz,muse,sanger",4,COSN17857739,NA,L1PA16,FALSE,0.1714,NA,12,58,NA,NA,NA,IGR,FALSE,FALSE,FALSE,FALSE,3,2,1,2_1,7f94d650-41b9-4664-bcde-dc8533e4602d,NA
4,29026941,29026941,1,snv_mnv,NA,NA,"broad,dkfz,muse,sanger",4,COSN7483853,NA,NA,FALSE,0.2373,NA,14,45,NA,NA,NA,IGR,FALSE,FALSE,FALSE,FALSE,3,2,1,2_1,7f94d650-41b9-4664-bcde-dc8533e4602d,NA
4,29294705,29294705,1,snv_mnv,NA,NA,"broad,dkfz,muse,sanger",4,COSN8951462,NA,NA,FALSE,0.1519,NA,12,67,NA,NA,NA,IGR,FALSE,FALSE,FALSE,FALSE,3,2,1,2_1,7f94d650-41b9-4664-bcde-dc8533e4602d,NA
4,29363776,29363776,1,snv_mnv,NA,NA,"broad,dkfz,muse,sanger",4,COSN5014037,NA,L1ME3A,FALSE,0.3067,NA,23,52,NA,NA,NA,IGR,FALSE,FALSE,FALSE,FALSE,3,2,1,2_1,7f94d650-41b9-4664-bcde-dc8533e4602d,NA
4,30048513,30048513,1,snv_mnv,NA,NA,"broad,dkfz,muse,sanger",4,COSN8951634,NA,L1PA4,FALSE,0.1493,NA,10,57,NA,NA,NA,IGR,FALSE,FALSE,FALSE,FALSE,3,2,1,2_1,7f94d650-41b9-4664-bcde-dc8533e4602d,NA
4,30296518,30296518,1,snv_mnv,NA,NA,"broad,dkfz,sanger",3,COSN17558792,NA,L2a,FALSE,0.08,NA,6,69,NA,NA,NA,IGR,FALSE,FALSE,FALSE,FALSE,3,2,1,2_1,7f94d650-41b9-4664-bcde-dc8533e4602d,NA
4,31507173,31507173,1,snv_mnv,NA,NA,"broad,dkfz,muse,sanger",4,COSN16686984,NA,HERVL-int,FALSE,0.1268,NA,9,62,NA,NA,NA,lincRNA,FALSE,FALSE,FALSE,FALSE,3,2,1,2_1,7f94d650-41b9-4664-bcde-dc8533e4602d,LINC02501
4,32732683,32732683,1,snv_mnv,NA,NA,"broad,dkfz,muse,sanger",4,COSN16948940,NA,MIRb,FALSE,0.1286,NA,9,61,NA,NA,NA,IGR,FALSE,FALSE,FALSE,FALSE,3,2,1,2_1,7f94d650-41b9-4664-bcde-dc8533e4602d,NA
4,32933369,32933369,1,snv_mnv,NA,NA,"broad,dkfz,muse,sanger",4,COSN17423751,NA,NA,FALSE,0.2429,NA,17,53,NA,NA,NA,IGR,FALSE,FALSE,FALSE,FALSE,3,2,1,2_1,7f94d650-41b9-4664-bcde-dc8533e4602d,NA
4,33080926,33080926,1,snv_mnv,NA,NA,"broad,dkfz,muse,sanger",4,COSN17786685,NA,NA,FALSE,0.1644,NA,12,61,NA,NA,NA,IGR,FALSE,FALSE,FALSE,FALSE,3,2,1,2_1,7f94d650-41b9-4664-bcde-dc8533e4602d,NA
4,33182280,33182280,1,snv_mnv,NA,NA,"broad,dkfz,muse,sanger",4,COSN17623486,NA,L1PBa,FALSE,0.125,NA,11,77,NA,NA,NA,IGR,FALSE,FALSE,FALSE,FALSE,3,2,1,2_1,7f94d650-41b9-4664-bcde-dc8533e4602d,NA
4,33696096,33696096,1,snv_mnv,NA,NA,"broad,dkfz,muse,sanger",4,COSN8952239,NA,L1P1,FALSE,0.1429,NA,12,72,NA,NA,NA,IGR,FALSE,FALSE,FALSE,FALSE,3,2,1,2_1,7f94d650-41b9-4664-bcde-dc8533e4602d,NA
4,34187927,34187927,1,snv_mnv,NA,NA,"broad,dkfz,muse,sanger",4,COSN17513692,NA,MER2,FALSE,0.1647,NA,14,71,NA,NA,NA,lincRNA,FALSE,FALSE,FALSE,FALSE,3,2,1,2_1,7f94d650-41b9-4664-bcde-dc8533e4602d,NA
4,35051172,35051172,1,snv_mnv,NA,NA,"broad,dkfz,muse,sanger",4,COSN17357761,NA,Charlie2a,FALSE,0.1186,NA,7,52,NA,NA,NA,IGR,FALSE,FALSE,FALSE,FALSE,3,2,1,2_1,7f94d650-41b9-4664-bcde-dc8533e4602d,NA
4,35461866,35461866,1,snv_mnv,1.9968e-4,rs191672833,"broad,dkfz,muse,sanger",4,COSN17576854,rs191672833,L1PA16,FALSE,0.1159,NA,8,61,NA,NA,NA,IGR,FALSE,FALSE,FALSE,FALSE,3,2,1,2_1,7f94d650-41b9-4664-bcde-dc8533e4602d,NA
4,35468862,35468862,1,snv_mnv,NA,NA,"broad,dkfz,muse,sanger",4,COSN17358644,NA,NA,FALSE,0.1395,NA,12,74,NA,NA,NA,IGR,FALSE,FALSE,FALSE,FALSE,3,2,1,2_1,7f94d650-41b9-4664-bcde-dc8533e4602d,NA
4,35522294,35522294,1,snv_mnv,NA,NA,"broad,dkfz,muse,sanger",4,COSN17640260,NA,NA,FALSE,0.137,NA,10,63,NA,NA,NA,IGR,FALSE,FALSE,FALSE,FALSE,3,2,1,2_1,7f94d650-41b9-4664-bcde-dc8533e4602d,NA
4,43939495,43939495,1,snv_mnv,NA,NA,"broad,dkfz,muse,sanger",4,COSN7491577,NA,L1PB4,FALSE,0.3538,NA,23,42,NA,NA,NA,IGR,FALSE,FALSE,FALSE,FALSE,3,2,1,2_1,7f94d650-41b9-4664-bcde-dc8533e4602d,NA
4,44505417,44505417,1,snv_mnv,NA,NA,"broad,dkfz,muse,sanger",4,COSN15089845,NA,AluY,FALSE,0.1356,NA,8,51,NA,NA,NA,IGR,FALSE,FALSE,FALSE,FALSE,3,2,1,2_1,7f94d650-41b9-4664-bcde-dc8533e4602d,NA
4,44994251,44994251,1,snv_mnv,NA,NA,"broad,dkfz,muse,sanger",4,COSN15056021,NA,MER50-int,FALSE,0.1892,NA,14,60,NA,NA,NA,IGR,FALSE,FALSE,FALSE,FALSE,3,2,1,2_1,7f94d650-41b9-4664-bcde-dc8533e4602d,AC108467.2
4,45162544,45162544,1,snv_mnv,NA,NA,"broad,dkfz,muse,sanger",4,COSN7492280,NA,NA,FALSE,0.1781,NA,13,60,NA,NA,NA,IGR,FALSE,FALSE,FALSE,FALSE,3,2,1,2_1,7f94d650-41b9-4664-bcde-dc8533e4602d,NA
4,58145447,58145447,1,snv_mnv,NA,NA,"broad,dkfz,muse,sanger",4,COSN5015950,NA,NA,FALSE,0.1605,NA,13,68,NA,NA,NA,IGR,FALSE,FALSE,FALSE,FALSE,3,2,1,2_1,7f94d650-41b9-4664-bcde-dc8533e4602d,NA
4,58222716,58222716,1,snv_mnv,NA,NA,"broad,sanger",2,COSN8615725,NA,MIRc,FALSE,0.0704,NA,5,66,NA,NA,NA,IGR,FALSE,FALSE,FALSE,FALSE,3,2,1,2_1,7f94d650-41b9-4664-bcde-dc8533e4602d,RPS26P24
4,58291285,58291285,1,snv_mnv,NA,NA,"broad,dkfz,muse,sanger",4,COSN17360761,NA,NA,FALSE,0.2373,NA,14,45,NA,NA,NA,lincRNA,FALSE,FALSE,FALSE,FALSE,3,2,1,2_1,7f94d650-41b9-4664-bcde-dc8533e4602d,LINC02380
4,59195375,59195375,1,snv_mnv,NA,NA,"broad,muse,sanger",3,COSN17646845,NA,NA,FALSE,0.0649,NA,5,72,NA,NA,NA,IGR,FALSE,FALSE,FALSE,FALSE,3,2,1,2_1,7f94d650-41b9-4664-bcde-dc8533e4602d,NA
4,59884676,59884676,1,snv_mnv,NA,NA,"muse,sanger",2,COSN17627896,NA,L1M1,FALSE,0.1017,NA,6,53,NA,NA,NA,lincRNA,FALSE,FALSE,FALSE,FALSE,3,2,1,2_1,7f94d650-41b9-4664-bcde-dc8533e4602d,NA
4,60133038,60133038,1,snv_mnv,NA,NA,"broad,dkfz,muse,sanger",4,COSN2036494,NA,Tigger2,FALSE,0.1618,NA,11,57,NA,NA,NA,IGR,FALSE,FALSE,FALSE,FALSE,3,2,1,2_1,7f94d650-41b9-4664-bcde-dc8533e4602d,NA
4,60613844,60613844,1,snv_mnv,NA,NA,"broad,muse,sanger",3,COSN17703517,NA,AluSc,FALSE,0.1111,NA,4,32,NA,NA,NA,IGR,FALSE,FALSE,FALSE,FALSE,3,2,1,2_1,7f94d650-41b9-4664-bcde-dc8533e4602d,NA
4,61281270,61281270,1,snv_mnv,NA,NA,"broad,dkfz,muse,sanger",4,COSN2037267,NA,L1PA7,FALSE,0.1463,NA,12,70,NA,NA,NA,IGR,FALSE,FALSE,FALSE,FALSE,3,2,1,2_1,7f94d650-41b9-4664-bcde-dc8533e4602d,NA
4,61407877,61407877,1,snv_mnv,NA,NA,"broad,dkfz,muse,sanger",4,COSN17857221,NA,MER89,FALSE,0.1695,NA,10,49,NA,NA,NA,IGR,FALSE,FALSE,FALSE,FALSE,3,2,1,2_1,7f94d650-41b9-4664-bcde-dc8533e4602d,NA
4,61504627,61504627,1,snv_mnv,NA,NA,"broad,dkfz,muse,sanger",4,COSN14851958,NA,MLT1B-int,FALSE,0.1549,NA,11,60,NA,NA,NA,IGR,FALSE,FALSE,FALSE,FALSE,3,2,1,2_1,7f94d650-41b9-4664-bcde-dc8533e4602d,NA
4,61648151,61648151,1,snv_mnv,NA,NA,"broad,dkfz,muse,sanger",4,COSN17286811,NA,MIR,FALSE,0.1205,NA,10,73,NA,NA,NA,lincRNA,FALSE,FALSE,FALSE,FALSE,3,2,1,2_1,7f94d650-41b9-4664-bcde-dc8533e4602d,AC105420.1
4,61718218,61718218,1,snv_mnv,NA,NA,"broad,sanger",2,COSN2037618,NA,L1PA7,FALSE,0.0625,NA,5,75,NA,NA,NA,IGR,FALSE,FALSE,FALSE,FALSE,3,2,1,2_1,7f94d650-41b9-4664-bcde-dc8533e4602d,NA
4,63140184,63140184,1,snv_mnv,NA,NA,"broad,dkfz,muse,sanger",4,COSN8616517,NA,AluSx,FALSE,0.2222,NA,14,49,NA,NA,NA,IGR,FALSE,FALSE,FALSE,FALSE,3,2,1,2_1,7f94d650-41b9-4664-bcde-dc8533e4602d,NA
4,63908333,63908333,1,snv_mnv,NA,NA,"broad,dkfz,muse,sanger",4,COSN7500070,NA,THE1D-int,FALSE,0.1918,NA,14,59,NA,NA,NA,IGR,FALSE,FALSE,FALSE,FALSE,3,2,1,2_1,7f94d650-41b9-4664-bcde-dc8533e4602d,NA
4,65391831,65391831,1,snv_mnv,NA,NA,"broad,dkfz,muse,sanger",4,COSN15079660,NA,L1MA6,FALSE,0.3607,NA,22,39,NA,NA,NA,IGR,FALSE,FALSE,FALSE,FALSE,3,2,1,2_1,7f94d650-41b9-4664-bcde-dc8533e4602d,NA
4,65600589,65600589,1,snv_mnv,NA,NA,"broad,dkfz,muse,sanger",4,COSN8616992,NA,MER57-int,FALSE,0.1296,NA,7,47,NA,NA,NA,IGR,FALSE,FALSE,FALSE,FALSE,3,2,1,2_1,7f94d650-41b9-4664-bcde-dc8533e4602d,NA
4,65614357,65614357,1,snv_mnv,NA,NA,"broad,dkfz,muse,sanger",4,COSN7501267,NA,L1PREC2,FALSE,0.1765,NA,12,56,NA,NA,NA,IGR,FALSE,FALSE,FALSE,FALSE,3,2,1,2_1,7f94d650-41b9-4664-bcde-dc8533e4602d,NA
4,65857389,65857389,1,snv_mnv,NA,NA,"broad,dkfz,muse,sanger",4,COSN14465156,NA,L1M3,FALSE,0.1923,NA,10,42,NA,NA,NA,lincRNA,FALSE,FALSE,FALSE,FALSE,3,2,1,2_1,7f94d650-41b9-4664-bcde-dc8533e4602d,NA
4,66911181,66911181,1,snv_mnv,NA,NA,"broad,dkfz,muse,sanger",4,COSN17513962,NA,MIR,FALSE,0.3333,NA,20,40,NA,NA,NA,lincRNA,FALSE,FALSE,FALSE,FALSE,3,2,1,2_1,7f94d650-41b9-4664-bcde-dc8533e4602d,NA
4,67859200,67859200,1,snv_mnv,NA,NA,"broad,dkfz,sanger",3,COSN14957867,NA,NA,FALSE,0.0617,NA,5,76,NA,NA,NA,IGR,FALSE,FALSE,FALSE,FALSE,3,2,1,2_1,7f94d650-41b9-4664-bcde-dc8533e4602d,NA
4,70314291,70314291,1,snv_mnv,NA,NA,"broad,muse",2,COSN16222268,rs867318555,L1M3b,FALSE,0.16,NA,12,63,NA,NA,NA,IGR,FALSE,FALSE,FALSE,FALSE,3,2,1,2_1,7f94d650-41b9-4664-bcde-dc8533e4602d,AC108078.2
4,92072937,92072937,1,snv_mnv,NA,NA,"broad,dkfz,muse,sanger",4,COSN19356380,NA,L1PA5,FALSE,0.1558,NA,12,65,NA,NA,NA,Intron,FALSE,FALSE,FALSE,FALSE,3,2,1,2_1,7f94d650-41b9-4664-bcde-dc8533e4602d,NA
4,93954155,93954155,1,snv_mnv,NA,NA,"broad,dkfz,muse,sanger",4,COSN15249863,NA,NA,FALSE,0.0964,NA,8,75,NA,NA,NA,Intron,FALSE,FALSE,FALSE,FALSE,3,2,1,2_1,7f94d650-41b9-4664-bcde-dc8533e4602d,NA
4,97133964,97133964,1,snv_mnv,NA,NA,"broad,muse",2,COSN7849830,NA,NA,FALSE,0.08,NA,6,69,NA,NA,NA,IGR,FALSE,FALSE,FALSE,FALSE,3,2,1,2_1,7f94d650-41b9-4664-bcde-dc8533e4602d,NA
4,97292818,97292818,1,snv_mnv,NA,NA,"broad,dkfz,muse,sanger",4,COSN7849915,NA,L1PA15-16,FALSE,0.2807,NA,16,41,NA,NA,NA,IGR,FALSE,FALSE,FALSE,FALSE,3,2,1,2_1,7f94d650-41b9-4664-bcde-dc8533e4602d,NA
4,97865166,97865166,1,snv_mnv,NA,NA,"broad,dkfz,muse,sanger",4,COSN8619123,NA,NA,FALSE,0.1486,NA,11,63,NA,NA,NA,IGR,FALSE,FALSE,FALSE,FALSE,3,2,1,2_1,7f94d650-41b9-4664-bcde-dc8533e4602d,NA
4,107918754,107918754,1,snv_mnv,NA,NA,"broad,dkfz,muse,sanger",4,COSN18395395,NA,NA,FALSE,0.1392,NA,11,68,NA,NA,NA,Intron,FALSE,FALSE,FALSE,FALSE,3,2,1,2_1,7f94d650-41b9-4664-bcde-dc8533e4602d,NA
4,109872076,109872076,1,snv_mnv,NA,NA,"broad,dkfz,muse,sanger",4,COSN15082283,NA,NA,FALSE,0.1594,NA,11,58,NA,NA,NA,Intron,FALSE,FALSE,FALSE,FALSE,3,2,1,2_1,7f94d650-41b9-4664-bcde-dc8533e4602d,NA
4,114203891,114203891,1,snv_mnv,NA,NA,"broad,dkfz,muse,sanger",4,COSM139535,NA,NA,FALSE,0.0781,NA,5,59,NA,NA,NA,Missense_Mutation,FALSE,FALSE,FALSE,FALSE,3,2,1,2_1,7f94d650-41b9-4664-bcde-dc8533e4602d,NA
4,117465572,117465572,1,snv_mnv,3.9936e-4,rs181814098,"broad,dkfz,muse,sanger",4,COSN8932338,rs181814098,NA,FALSE,0.2394,NA,17,54,NA,NA,NA,IGR,FALSE,FALSE,FALSE,FALSE,3,2,1,2_1,7f94d650-41b9-4664-bcde-dc8533e4602d,NA
4,119978566,119978566,1,snv_mnv,1.9968e-4,rs201227715,"broad,dkfz,muse,sanger",4,COSM4776811,rs201227715,NA,FALSE,0.1458,NA,7,41,NA,NA,NA,Missense_Mutation,FALSE,FALSE,FALSE,FALSE,3,2,1,2_1,7f94d650-41b9-4664-bcde-dc8533e4602d,NA
4,126390098,126390098,1,snv_mnv,NA,NA,"broad,dkfz,muse,sanger",4,COSN18401784,NA,NA,FALSE,0.1803,NA,11,50,NA,NA,NA,Intron,FALSE,FALSE,FALSE,FALSE,3,2,1,2_1,7f94d650-41b9-4664-bcde-dc8533e4602d,NA
4,127396303,127396303,1,snv_mnv,NA,NA,"broad,dkfz,muse,sanger",4,COSN17712143,NA,AluSp,FALSE,0.1264,NA,11,76,NA,NA,NA,IGR,FALSE,FALSE,FALSE,FALSE,3,2,1,2_1,7f94d650-41b9-4664-bcde-dc8533e4602d,NA
4,128229165,128229165,1,snv_mnv,NA,NA,"broad,dkfz,muse,sanger",4,COSN5008348,NA,NA,FALSE,0.1687,NA,14,69,NA,NA,NA,lincRNA,FALSE,FALSE,FALSE,FALSE,3,2,1,2_1,7f94d650-41b9-4664-bcde-dc8533e4602d,NA
4,130471489,130471489,1,snv_mnv,NA,NA,"broad,dkfz,muse,sanger",4,COSN14865522,NA,NA,FALSE,0.1806,NA,13,59,NA,NA,NA,IGR,FALSE,FALSE,FALSE,FALSE,3,2,1,2_1,7f94d650-41b9-4664-bcde-dc8533e4602d,NA
4,130873885,130873885,1,snv_mnv,NA,NA,"broad,dkfz,muse,sanger",4,COSN14899107,NA,NA,FALSE,0.1774,NA,11,51,NA,NA,NA,lincRNA,FALSE,FALSE,FALSE,FALSE,3,2,1,2_1,7f94d650-41b9-4664-bcde-dc8533e4602d,NA
4,131188312,131188312,1,snv_mnv,NA,NA,"broad,dkfz,muse,sanger",4,COSN8943707,NA,THE1D-int,FALSE,0.125,NA,7,49,NA,NA,NA,IGR,FALSE,FALSE,FALSE,FALSE,3,2,1,2_1,7f94d650-41b9-4664-bcde-dc8533e4602d,NA
4,131514878,131514878,1,snv_mnv,NA,NA,"broad,muse",2,COSN59309,NA,THE1D,FALSE,0.0725,NA,5,64,NA,NA,NA,IGR,FALSE,FALSE,FALSE,FALSE,3,2,1,2_1,7f94d650-41b9-4664-bcde-dc8533e4602d,NA
4,132269697,132269697,1,snv_mnv,NA,NA,"broad,dkfz,muse,sanger",4,COSN16628282,NA,MER57B2,FALSE,0.2442,NA,21,65,NA,NA,NA,IGR,FALSE,FALSE,FALSE,FALSE,3,2,1,2_1,7f94d650-41b9-4664-bcde-dc8533e4602d,NA
4,133022840,133022840,1,snv_mnv,NA,NA,"broad,dkfz,muse,sanger",4,COSN8944105,NA,L1PA15,FALSE,0.2031,NA,13,51,NA,NA,NA,lincRNA,FALSE,FALSE,FALSE,FALSE,3,2,1,2_1,7f94d650-41b9-4664-bcde-dc8533e4602d,NA
4,134072563,134072563,1,snv_mnv,NA,NA,"broad,dkfz,muse,sanger",4,COSM420202,NA,NA,FALSE,0.1951,NA,8,33,NA,NA,NA,Missense_Mutation,FALSE,FALSE,FALSE,FALSE,3,2,1,2_1,7f94d650-41b9-4664-bcde-dc8533e4602d,"PCDH10,AC105383.1"
4,134268008,134268008,1,snv_mnv,NA,NA,"broad,dkfz,muse,sanger",4,COSN16778691,NA,NA,FALSE,0.129,NA,8,54,NA,NA,NA,IGR,FALSE,FALSE,FALSE,FALSE,3,2,1,2_1,7f94d650-41b9-4664-bcde-dc8533e4602d,NA
4,135345596,135345596,1,snv_mnv,NA,NA,"broad,dkfz,muse,sanger",4,COSN1991634,NA,NA,FALSE,0.1505,NA,14,79,NA,NA,NA,lincRNA,FALSE,FALSE,FALSE,FALSE,3,2,1,2_1,7f94d650-41b9-4664-bcde-dc8533e4602d,NA
4,136445051,136445051,1,snv_mnv,NA,NA,"broad,dkfz,muse,sanger",4,COSN14567543,NA,NA,FALSE,0.0822,NA,6,67,NA,NA,NA,IGR,FALSE,FALSE,FALSE,FALSE,3,2,1,2_1,7f94d650-41b9-4664-bcde-dc8533e4602d,NA
4,136733480,136733480,1,snv_mnv,NA,NA,"broad,dkfz,muse,sanger",4,COSN8944897,NA,L1M1,FALSE,0.1429,NA,10,60,NA,NA,NA,IGR,FALSE,FALSE,FALSE,FALSE,3,2,1,2_1,7f94d650-41b9-4664-bcde-dc8533e4602d,NA
4,136781676,136781676,1,snv_mnv,1.9968e-4,rs535072949,"broad,dkfz,muse,sanger",4,COSN7737581,rs535072949,NA,FALSE,0.1625,NA,13,67,NA,NA,NA,IGR,FALSE,FALSE,FALSE,FALSE,3,2,1,2_1,7f94d650-41b9-4664-bcde-dc8533e4602d,NA
4,136862594,136862594,1,snv_mnv,NA,NA,"broad,muse",2,COSN14941959,NA,AluYa5,FALSE,0.1667,NA,6,30,NA,NA,NA,IGR,FALSE,FALSE,FALSE,FALSE,3,2,1,2_1,7f94d650-41b9-4664-bcde-dc8533e4602d,NA
4,139038036,139038036,1,snv_mnv,NA,NA,"broad,dkfz,muse,sanger",4,COSN17567919,NA,NA,FALSE,0.1316,NA,10,66,NA,NA,NA,RNA,FALSE,FALSE,FALSE,FALSE,3,2,1,2_1,7f94d650-41b9-4664-bcde-dc8533e4602d,NA
4,144487364,144487364,1,snv_mnv,0.0053914,rs542562790,"broad,dkfz,muse",3,COSN17278618,rs542562790,AluY,FALSE,0.2154,NA,14,51,NA,NA,NA,IGR,FALSE,FALSE,FALSE,FALSE,3,2,1,2_1,7f94d650-41b9-4664-bcde-dc8533e4602d,GUSBP5
4,157074137,157074137,1,snv_mnv,NA,NA,"broad,dkfz,muse,sanger",4,COSN7745003,NA,L1M4b,FALSE,0.1594,NA,11,58,NA,NA,NA,IGR,FALSE,FALSE,FALSE,FALSE,3,2,1,2_1,7f94d650-41b9-4664-bcde-dc8533e4602d,NA
4,157736293,157736293,1,snv_mnv,NA,NA,"broad,dkfz,muse,sanger",4,COSN17542720,NA,NA,FALSE,0.1507,NA,11,62,NA,NA,NA,Intron,FALSE,FALSE,FALSE,FALSE,3,2,1,2_1,7f94d650-41b9-4664-bcde-dc8533e4602d,PDGFC
4,158247569,158247569,1,snv_mnv,NA,NA,"broad,muse,sanger",3,COSN17693581,NA,L2a,FALSE,0.0694,NA,5,67,NA,NA,NA,Intron,FALSE,FALSE,FALSE,FALSE,3,2,1,2_1,7f94d650-41b9-4664-bcde-dc8533e4602d,NA
4,158425667,158425667,1,snv_mnv,NA,NA,"broad,dkfz,muse,sanger",4,COSN17870911,NA,NA,FALSE,0.1685,NA,15,74,NA,NA,NA,IGR,FALSE,FALSE,FALSE,FALSE,3,2,1,2_1,7f94d650-41b9-4664-bcde-dc8533e4602d,NA
4,161202407,161202407,1,snv_mnv,NA,NA,"broad,dkfz,muse,sanger",4,COSN7746540,NA,L1P3,FALSE,0.1447,NA,11,65,NA,NA,NA,IGR,FALSE,FALSE,FALSE,FALSE,3,2,1,2_1,7f94d650-41b9-4664-bcde-dc8533e4602d,NA
4,162236568,162236568,1,snv_mnv,NA,NA,"broad,dkfz,muse,sanger",4,COSN14966235,NA,AluSq2,FALSE,0.1786,NA,10,46,NA,NA,NA,IGR,FALSE,FALSE,FALSE,FALSE,3,2,1,2_1,7f94d650-41b9-4664-bcde-dc8533e4602d,NA
4,164142761,164142761,1,snv_mnv,NA,NA,"muse,sanger",2,COSN7630115,NA,NA,FALSE,0.0678,NA,4,55,NA,NA,NA,IGR,FALSE,FALSE,FALSE,FALSE,3,2,1,2_1,7f94d650-41b9-4664-bcde-dc8533e4602d,NA
4,165445115,165445115,1,snv_mnv,NA,NA,"broad,dkfz,muse,sanger",4,COSN8947458,NA,NA,FALSE,0.0811,NA,6,68,NA,NA,NA,IGR,FALSE,FALSE,FALSE,FALSE,3,2,1,2_1,7f94d650-41b9-4664-bcde-dc8533e4602d,NA
4,166981625,166981625,1,snv_mnv,NA,NA,"broad,dkfz,muse,sanger",4,COSN8947637,NA,NA,FALSE,0.1408,NA,10,61,NA,NA,NA,Intron,FALSE,FALSE,FALSE,FALSE,3,2,1,2_1,7f94d650-41b9-4664-bcde-dc8533e4602d,NA
4,172337744,172337744,1,snv_mnv,NA,NA,"broad,dkfz,muse,sanger",4,COSN19114241,NA,NA,FALSE,0.127,NA,8,55,NA,NA,NA,IGR,FALSE,FALSE,FALSE,FALSE,3,2,1,2_1,7f94d650-41b9-4664-bcde-dc8533e4602d,NA
4,172676214,172676214,1,snv_mnv,NA,NA,"broad,dkfz,muse,sanger",4,COSN14457482,NA,NA,FALSE,0.1235,NA,10,71,NA,NA,NA,IGR,FALSE,FALSE,FALSE,FALSE,3,2,1,2_1,7f94d650-41b9-4664-bcde-dc8533e4602d,NA
4,172762358,172762358,1,snv_mnv,NA,NA,"broad,dkfz,muse,sanger",4,COSN8948192,NA,Zaphod,FALSE,0.1039,NA,8,69,NA,NA,NA,Intron,FALSE,FALSE,FALSE,FALSE,3,2,1,2_1,7f94d650-41b9-4664-bcde-dc8533e4602d,NA
4,173162312,173162312,1,snv_mnv,NA,NA,"broad,dkfz,muse,sanger",4,COSN14865301,NA,L1P4a,FALSE,0.169,NA,12,59,NA,NA,NA,Intron,FALSE,FALSE,FALSE,FALSE,3,2,1,2_1,7f94d650-41b9-4664-bcde-dc8533e4602d,NA
4,173211754,173211754,1,snv_mnv,NA,NA,"broad,dkfz,muse,sanger",4,COSN7752889,NA,NA,FALSE,0.3385,NA,22,43,NA,NA,NA,Intron,FALSE,FALSE,FALSE,FALSE,3,2,1,2_1,7f94d650-41b9-4664-bcde-dc8533e4602d,NA
4,176319441,176319441,1,snv_mnv,NA,NA,"broad,dkfz,muse",3,COSN7753970,NA,L1MA10,FALSE,0.1039,NA,8,69,NA,NA,NA,lincRNA,FALSE,FALSE,FALSE,FALSE,3,2,1,2_1,7f94d650-41b9-4664-bcde-dc8533e4602d,NA
4,177759292,177759292,1,snv_mnv,NA,NA,"broad,dkfz,muse,sanger",4,COSN17727569,NA,NA,FALSE,0.0875,NA,7,73,NA,NA,NA,IGR,FALSE,FALSE,FALSE,FALSE,3,2,1,2_1,7f94d650-41b9-4664-bcde-dc8533e4602d,NA
4,177967086,177967086,1,snv_mnv,NA,NA,"broad,dkfz,muse,sanger",4,COSN15197402,NA,AluSp,FALSE,0.1818,NA,10,45,NA,NA,NA,IGR,FALSE,FALSE,FALSE,FALSE,3,2,1,2_1,7f94d650-41b9-4664-bcde-dc8533e4602d,NA
4,178546585,178546585,1,snv_mnv,NA,NA,"broad,muse,sanger",3,COSN14969537,NA,AluJb,FALSE,0.087,NA,6,63,NA,NA,NA,RNA,FALSE,FALSE,FALSE,FALSE,3,2,1,2_1,7f94d650-41b9-4664-bcde-dc8533e4602d,NA
4,178848501,178848501,1,snv_mnv,NA,NA,"broad,dkfz,muse,sanger",4,COSN17559020,rs773671207,AluSg,FALSE,0.1639,NA,10,51,NA,NA,NA,Intron,FALSE,FALSE,FALSE,FALSE,3,2,1,2_1,7f94d650-41b9-4664-bcde-dc8533e4602d,NA
4,180193584,180193584,1,snv_mnv,NA,NA,"broad,dkfz,muse,sanger",4,COSN8948994,NA,LTR77,FALSE,0.1791,NA,12,55,NA,NA,NA,IGR,FALSE,FALSE,FALSE,FALSE,3,2,1,2_1,7f94d650-41b9-4664-bcde-dc8533e4602d,NA
4,180519042,180519042,1,snv_mnv,NA,NA,"broad,dkfz,muse,sanger",4,COSN5012328,NA,NA,FALSE,0.1429,NA,11,66,NA,NA,NA,IGR,FALSE,FALSE,FALSE,FALSE,3,2,1,2_1,7f94d650-41b9-4664-bcde-dc8533e4602d,NA
4,181116297,181116297,1,snv_mnv,NA,NA,"dkfz,muse,sanger",3,COSN7756976,NA,NA,FALSE,0.0759,NA,6,73,NA,NA,NA,IGR,FALSE,FALSE,FALSE,FALSE,3,2,1,2_1,7f94d650-41b9-4664-bcde-dc8533e4602d,NA
4,181275986,181275986,1,snv_mnv,NA,NA,"dkfz,muse,sanger",3,COSN17562538,NA,NA,FALSE,0.1233,NA,9,64,NA,NA,NA,IGR,FALSE,FALSE,FALSE,FALSE,3,2,1,2_1,7f94d650-41b9-4664-bcde-dc8533e4602d,NA
4,181339103,181339103,1,snv_mnv,NA,NA,"broad,muse,sanger",3,COSN15298303,NA,MER5A,FALSE,0.0702,NA,4,53,NA,NA,NA,IGR,FALSE,FALSE,FALSE,FALSE,3,2,1,2_1,7f94d650-41b9-4664-bcde-dc8533e4602d,NA
4,181402851,181402851,1,snv_mnv,NA,NA,"broad,dkfz,muse,sanger",4,COSN5012507,NA,NA,FALSE,0.2381,NA,15,48,NA,NA,NA,IGR,FALSE,FALSE,FALSE,FALSE,3,2,1,2_1,7f94d650-41b9-4664-bcde-dc8533e4602d,NA
4,189522164,189522164,1,snv_mnv,NA,NA,"broad,dkfz,muse,sanger",4,COSN17513399,NA,NA,FALSE,0.1475,NA,9,52,NA,NA,NA,IGR,FALSE,FALSE,FALSE,FALSE,3,2,1,2_1,7f94d650-41b9-4664-bcde-dc8533e4602d,NA
4,189672473,189672473,1,snv_mnv,NA,NA,"broad,dkfz,muse,sanger",4,COSN15968675,NA,L1PA14,FALSE,0.1774,NA,11,51,NA,NA,NA,IGR,FALSE,FALSE,FALSE,FALSE,3,2,1,2_1,7f94d650-41b9-4664-bcde-dc8533e4602d,NA
4,190681916,190681916,1,snv_mnv,NA,NA,"broad,dkfz,muse,sanger",4,COSN14853383,NA,NA,FALSE,0.2568,NA,19,55,NA,NA,NA,IGR,FALSE,FALSE,FALSE,FALSE,3,2,1,2_1,7f94d650-41b9-4664-bcde-dc8533e4602d,NA
5,2243364,2243364,1,snv_mnv,NA,NA,"broad,dkfz,muse,sanger",4,COSN17628530,NA,L1MEf,FALSE,0.0962,NA,10,94,NA,NA,NA,IGR,FALSE,FALSE,FALSE,FALSE,11,8,3,8_3,7f94d650-41b9-4664-bcde-dc8533e4602d,NA
5,3175623,3175623,1,snv_mnv,NA,NA,"broad,dkfz,muse,sanger",4,COSN7937746,NA,NA,FALSE,0.0727,NA,8,102,NA,NA,NA,lincRNA,FALSE,FALSE,FALSE,FALSE,11,8,3,8_3,7f94d650-41b9-4664-bcde-dc8533e4602d,AC091832.1
5,3772956,3772956,1,snv_mnv,NA,NA,"broad,dkfz,muse,sanger",4,COSN5076324,NA,NA,FALSE,0.0667,NA,8,112,NA,NA,NA,IGR,FALSE,FALSE,FALSE,FALSE,11,8,3,8_3,7f94d650-41b9-4664-bcde-dc8533e4602d,NA
5,4101170,4101170,1,snv_mnv,NA,NA,"broad,dkfz,muse,sanger",4,COSN7941837,NA,NA,FALSE,0.0495,NA,5,96,NA,NA,NA,IGR,FALSE,FALSE,FALSE,FALSE,8,8,0,8_0,7f94d650-41b9-4664-bcde-dc8533e4602d,NA
5,4279733,4279733,1,snv_mnv,NA,NA,"broad,dkfz,muse,sanger",4,COSN16925788,NA,NA,FALSE,0.6168,NA,66,41,NA,NA,NA,IGR,FALSE,FALSE,FALSE,FALSE,8,8,0,8_0,7f94d650-41b9-4664-bcde-dc8533e4602d,NA
5,4418171,4418171,1,snv_mnv,NA,NA,"broad,dkfz,muse,sanger",4,COSN15173489,NA,NA,FALSE,0.0841,NA,9,98,NA,NA,NA,IGR,FALSE,FALSE,FALSE,FALSE,8,8,0,8_0,7f94d650-41b9-4664-bcde-dc8533e4602d,NA
5,4459719,4459719,1,snv_mnv,NA,NA,"broad,dkfz,muse,sanger",4,COSN7943441,NA,HERVL-int,FALSE,0.5258,NA,51,46,NA,NA,NA,lincRNA,FALSE,FALSE,FALSE,FALSE,8,8,0,8_0,7f94d650-41b9-4664-bcde-dc8533e4602d,NA
5,4589723,4589723,1,snv_mnv,NA,NA,"broad,dkfz,muse,sanger",4,COSN15691495,NA,NA,FALSE,0.6296,NA,68,40,NA,NA,NA,lincRNA,FALSE,FALSE,FALSE,FALSE,8,8,0,8_0,7f94d650-41b9-4664-bcde-dc8533e4602d,NA
5,4645162,4645162,1,snv_mnv,NA,NA,"broad,dkfz,sanger",3,COSN17286553,NA,NA,FALSE,0.0571,NA,6,99,NA,NA,NA,lincRNA,FALSE,FALSE,FALSE,FALSE,8,8,0,8_0,7f94d650-41b9-4664-bcde-dc8533e4602d,NA
5,4649862,4649862,1,snv_mnv,NA,NA,"broad,dkfz,muse,sanger",4,COSN8226215,NA,MIRb,FALSE,0.456,NA,57,68,NA,NA,NA,lincRNA,FALSE,FALSE,FALSE,FALSE,8,8,0,8_0,7f94d650-41b9-4664-bcde-dc8533e4602d,AC010634.1
5,5170939,5170939,1,snv_mnv,NA,NA,"broad,dkfz,muse,sanger",4,COSN2109794,NA,L1M1,FALSE,0.6838,NA,80,37,NA,NA,NA,Intron,FALSE,FALSE,FALSE,FALSE,8,8,0,8_0,7f94d650-41b9-4664-bcde-dc8533e4602d,NA
5,5745533,5745533,1,snv_mnv,NA,NA,"broad,dkfz,muse,sanger",4,COSN15243648,NA,LTR29,FALSE,0.0887,NA,11,113,NA,NA,NA,IGR,FALSE,FALSE,FALSE,FALSE,8,8,0,8_0,7f94d650-41b9-4664-bcde-dc8533e4602d,NA
5,5985250,5985250,1,snv_mnv,NA,NA,"broad,dkfz,muse,sanger",4,COSN17620656,NA,AluSz,FALSE,0.0787,NA,10,117,NA,NA,NA,IGR,FALSE,FALSE,FALSE,FALSE,8,8,0,8_0,7f94d650-41b9-4664-bcde-dc8533e4602d,NA
5,6019662,6019662,1,snv_mnv,NA,NA,"broad,dkfz,muse,sanger",4,COSN4948588,NA,NA,FALSE,0.093,NA,8,78,NA,NA,NA,lincRNA,FALSE,FALSE,FALSE,FALSE,8,8,0,8_0,7f94d650-41b9-4664-bcde-dc8533e4602d,NA
5,11321624,11321624,1,snv_mnv,NA,NA,"broad,dkfz,muse,sanger",4,COSN5019522,NA,NA,FALSE,0.1163,NA,15,114,NA,NA,NA,Intron,FALSE,FALSE,FALSE,FALSE,8,8,0,8_0,7f94d650-41b9-4664-bcde-dc8533e4602d,NA
5,11832484,11832484,1,snv_mnv,NA,NA,"broad,dkfz,muse,sanger",4,COSN8621187,NA,L1ME1,FALSE,0.0865,NA,9,95,NA,NA,NA,Intron,FALSE,FALSE,FALSE,FALSE,8,8,0,8_0,7f94d650-41b9-4664-bcde-dc8533e4602d,NA
5,11954342,11954342,1,snv_mnv,NA,NA,"broad,dkfz,muse,sanger",4,COSN8201498,NA,L2,FALSE,0.5078,NA,65,63,NA,NA,NA,IGR,FALSE,FALSE,FALSE,FALSE,8,8,0,8_0,7f94d650-41b9-4664-bcde-dc8533e4602d,NA
5,12081993,12081993,1,snv_mnv,NA,NA,"broad,muse",2,COSN5020270,NA,L1MA4A,FALSE,0.0515,NA,5,92,NA,NA,NA,IGR,FALSE,FALSE,FALSE,FALSE,8,8,0,8_0,7f94d650-41b9-4664-bcde-dc8533e4602d,NA
5,12093451,12093451,1,snv_mnv,NA,NA,"dkfz,sanger",2,COSN8621544,NA,NA,FALSE,0.0459,NA,5,104,NA,NA,NA,IGR,FALSE,FALSE,FALSE,FALSE,8,8,0,8_0,7f94d650-41b9-4664-bcde-dc8533e4602d,NA
5,12119154,12119154,1,snv_mnv,NA,NA,"broad,muse",2,COSN8621570,NA,MLT2B4,FALSE,0.051,NA,5,93,NA,NA,NA,IGR,FALSE,FALSE,FALSE,FALSE,5,5,0,5_0,7f94d650-41b9-4664-bcde-dc8533e4602d,NA
5,12171316,12171316,1,snv_mnv,NA,NA,"broad,dkfz,muse,sanger",4,COSN14926666,NA,AluJb,FALSE,0.0625,NA,7,105,NA,NA,NA,IGR,FALSE,FALSE,FALSE,FALSE,5,5,0,5_0,7f94d650-41b9-4664-bcde-dc8533e4602d,NA
5,12216056,12216056,1,snv_mnv,NA,NA,"broad,muse",2,COSN5020375,NA,NA,FALSE,0.0762,NA,8,97,NA,NA,NA,IGR,FALSE,FALSE,FALSE,FALSE,5,5,0,5_0,7f94d650-41b9-4664-bcde-dc8533e4602d,NA
5,12276359,12276359,1,snv_mnv,NA,NA,"broad,dkfz,muse,sanger",4,COSN15247506,NA,NA,FALSE,0.5804,NA,65,47,NA,NA,NA,IGR,FALSE,FALSE,FALSE,FALSE,7,7,0,7_0,7f94d650-41b9-4664-bcde-dc8533e4602d,NA
5,12429524,12429524,1,snv_mnv,NA,NA,"broad,dkfz,muse,sanger",4,COSN17358735,NA,NA,FALSE,0.4795,NA,70,76,NA,NA,NA,IGR,FALSE,FALSE,FALSE,FALSE,7,7,0,7_0,7f94d650-41b9-4664-bcde-dc8533e4602d,NA
5,12600823,12600823,1,snv_mnv,NA,NA,"dkfz,sanger",2,COSN7862653,NA,NA,FALSE,0.069,NA,8,108,NA,NA,NA,lincRNA,FALSE,FALSE,FALSE,TRUE,7,7,0,7_0,7f94d650-41b9-4664-bcde-dc8533e4602d,NA
5,12786687,12786687,1,snv_mnv,NA,NA,"broad,dkfz,muse,sanger",4,COSN14511593,NA,L1MC2,FALSE,0.0903,NA,13,131,NA,NA,NA,IGR,FALSE,FALSE,FALSE,FALSE,7,7,0,7_0,7f94d650-41b9-4664-bcde-dc8533e4602d,NA
5,13256977,13256977,1,snv_mnv,NA,NA,"broad,dkfz,muse,sanger",4,COSN8622464,NA,MER67D,FALSE,0.0917,NA,11,109,NA,NA,NA,IGR,FALSE,FALSE,FALSE,FALSE,8,8,0,8_0,7f94d650-41b9-4664-bcde-dc8533e4602d,NA
5,13361836,13361836,1,snv_mnv,NA,NA,"broad,dkfz,muse,sanger",4,COSN5069338,NA,NA,FALSE,0.0636,NA,7,103,NA,NA,NA,IGR,FALSE,FALSE,FALSE,FALSE,8,8,0,8_0,7f94d650-41b9-4664-bcde-dc8533e4602d,NA
5,13725890,13725890,1,snv_mnv,NA,NA,"broad,dkfz,muse,sanger",4,COSN17512249,NA,AluSg,FALSE,0.0818,NA,9,101,NA,NA,NA,Intron,FALSE,FALSE,FALSE,FALSE,8,8,0,8_0,7f94d650-41b9-4664-bcde-dc8533e4602d,NA
5,15751777,15751777,1,snv_mnv,NA,NA,"broad,dkfz,muse,sanger",4,COSN5022280,NA,NA,FALSE,0.0741,NA,8,100,NA,NA,NA,Intron,FALSE,FALSE,FALSE,FALSE,8,8,0,8_0,7f94d650-41b9-4664-bcde-dc8533e4602d,NA
5,15861274,15861274,1,snv_mnv,NA,NA,"dkfz,sanger",2,COSN15266560,NA,NA,FALSE,0.0459,NA,5,104,NA,NA,NA,Intron,FALSE,FALSE,FALSE,FALSE,8,8,0,8_0,7f94d650-41b9-4664-bcde-dc8533e4602d,NA
5,17610887,17610887,1,snv_mnv,NA,NA,"broad,dkfz,muse",3,COSN17543550,NA,NA,FALSE,0.066,NA,7,99,NA,NA,NA,IGR,FALSE,FALSE,FALSE,FALSE,8,8,0,8_0,7f94d650-41b9-4664-bcde-dc8533e4602d,AC233724.13
5,17945997,17945997,1,snv_mnv,NA,NA,"broad,dkfz,muse,sanger",4,COSN17616973,NA,L1PB1,FALSE,0.0672,NA,8,111,NA,NA,NA,IGR,FALSE,FALSE,FALSE,FALSE,8,8,0,8_0,7f94d650-41b9-4664-bcde-dc8533e4602d,NA
5,18356138,18356138,1,snv_mnv,NA,NA,"broad,dkfz,muse,sanger",4,COSN17568428,NA,NA,FALSE,0.1,NA,12,108,NA,NA,NA,IGR,FALSE,FALSE,FALSE,FALSE,8,8,0,8_0,7f94d650-41b9-4664-bcde-dc8533e4602d,NA
5,18490137,18490137,1,snv_mnv,NA,NA,"broad,dkfz,muse,sanger",4,COSN14838261,NA,NA,FALSE,0.6435,NA,74,41,NA,NA,NA,IGR,FALSE,FALSE,FALSE,FALSE,8,8,0,8_0,7f94d650-41b9-4664-bcde-dc8533e4602d,NA
5,18590041,18590041,1,snv_mnv,NA,NA,"broad,dkfz,muse,sanger",4,COSN17278024,NA,NA,FALSE,0.5086,NA,59,57,NA,NA,NA,IGR,FALSE,FALSE,FALSE,FALSE,8,8,0,8_0,7f94d650-41b9-4664-bcde-dc8533e4602d,NA
5,18594423,18594423,1,snv_mnv,NA,NA,"broad,muse",2,COSN17617664,NA,MSTA-int,FALSE,0.0543,NA,5,87,NA,NA,NA,IGR,FALSE,FALSE,FALSE,FALSE,8,8,0,8_0,7f94d650-41b9-4664-bcde-dc8533e4602d,NA
5,19187290,19187290,1,snv_mnv,NA,NA,"broad,dkfz,muse,sanger",4,COSN8220217,NA,L1PA7,FALSE,0.7396,NA,71,25,NA,NA,NA,IGR,FALSE,FALSE,FALSE,FALSE,8,8,0,8_0,7f94d650-41b9-4664-bcde-dc8533e4602d,NA
5,19284646,19284646,1,snv_mnv,NA,NA,"broad,dkfz,muse,sanger",4,COSN8626646,NA,MSTA-int,FALSE,0.0901,NA,10,101,NA,NA,NA,IGR,FALSE,FALSE,FALSE,FALSE,8,8,0,8_0,7f94d650-41b9-4664-bcde-dc8533e4602d,NA
5,19976950,19976950,1,snv_mnv,NA,NA,"broad,dkfz,muse,sanger",4,COSN5024244,NA,NA,FALSE,0.0721,NA,8,103,NA,NA,NA,Intron,FALSE,FALSE,FALSE,FALSE,8,8,0,8_0,7f94d650-41b9-4664-bcde-dc8533e4602d,NA
5,20002576,20002576,1,snv_mnv,NA,NA,"dkfz,muse",2,COSN15256092,NA,MIRb,FALSE,0.1121,NA,12,95,NA,NA,NA,Intron,FALSE,FALSE,FALSE,FALSE,8,8,0,8_0,7f94d650-41b9-4664-bcde-dc8533e4602d,NA
5,20404598,20404598,1,snv_mnv,NA,NA,"broad,dkfz,muse,sanger",4,COSN17303406,NA,Tigger1,FALSE,0.6465,NA,64,35,NA,NA,NA,Intron,FALSE,FALSE,FALSE,FALSE,8,8,0,8_0,7f94d650-41b9-4664-bcde-dc8533e4602d,NA
5,20411299,20411299,1,snv_mnv,NA,NA,"broad,dkfz,muse,sanger",4,COSN8626966,NA,L1MB1,FALSE,0.0476,NA,6,120,NA,NA,NA,Intron,FALSE,FALSE,FALSE,FALSE,8,8,0,8_0,7f94d650-41b9-4664-bcde-dc8533e4602d,NA
5,20671626,20671626,1,snv_mnv,1.9968e-4,rs552389573,"broad,dkfz,muse,sanger",4,COSN17873051,rs552389573,L1M1,FALSE,0.1071,NA,9,75,NA,NA,NA,lincRNA,FALSE,FALSE,FALSE,FALSE,8,8,0,8_0,7f94d650-41b9-4664-bcde-dc8533e4602d,NA
5,21065194,21065194,1,snv_mnv,NA,NA,"broad,dkfz,muse",3,COSN8220777,NA,L1PREC2,FALSE,0.0672,NA,8,111,NA,NA,NA,IGR,FALSE,FALSE,FALSE,FALSE,8,8,0,8_0,7f94d650-41b9-4664-bcde-dc8533e4602d,NA
5,21701115,21701115,1,snv_mnv,NA,NA,"broad,dkfz,muse,sanger",4,COSN17742820,NA,MLT1E3,FALSE,0.2692,NA,28,76,NA,NA,NA,RNA,FALSE,FALSE,FALSE,FALSE,8,8,0,8_0,7f94d650-41b9-4664-bcde-dc8533e4602d,NA
5,21968557,21968557,1,snv_mnv,NA,NA,"broad,dkfz,muse,sanger",4,COSN17863680,NA,NA,FALSE,0.1293,NA,15,101,NA,NA,NA,Intron,FALSE,FALSE,FALSE,FALSE,8,8,0,8_0,7f94d650-41b9-4664-bcde-dc8533e4602d,NA
5,23129075,23129075,1,snv_mnv,NA,NA,"broad,dkfz,muse,sanger",4,COSN14966709,NA,L1ME1,FALSE,0.0662,NA,9,127,NA,NA,NA,IGR,FALSE,FALSE,FALSE,FALSE,8,8,0,8_0,7f94d650-41b9-4664-bcde-dc8533e4602d,NA
5,23752491,23752491,1,snv_mnv,NA,NA,"dkfz,sanger",2,COSN8627815,NA,NA,FALSE,0.0459,NA,5,104,NA,NA,NA,IGR,FALSE,FALSE,FALSE,FALSE,8,8,0,8_0,7f94d650-41b9-4664-bcde-dc8533e4602d,NA
5,23824214,23824214,1,snv_mnv,NA,NA,"broad,dkfz,muse,sanger",4,COSN8627842,NA,MER77,FALSE,0.1304,NA,12,80,NA,NA,NA,IGR,FALSE,FALSE,FALSE,FALSE,8,8,0,8_0,7f94d650-41b9-4664-bcde-dc8533e4602d,NA
5,23843866,23843866,1,snv_mnv,NA,NA,"broad,dkfz,muse,sanger",4,COSN17644935,NA,NA,FALSE,0.6045,NA,81,53,NA,NA,NA,IGR,FALSE,FALSE,FALSE,FALSE,8,8,0,8_0,7f94d650-41b9-4664-bcde-dc8533e4602d,NA
5,23864304,23864304,1,snv_mnv,NA,NA,"broad,dkfz,muse,sanger",4,COSN17406553,NA,MER61A,FALSE,0.0745,NA,7,87,NA,NA,NA,IGR,FALSE,FALSE,FALSE,FALSE,8,8,0,8_0,7f94d650-41b9-4664-bcde-dc8533e4602d,NA
5,24044186,24044186,1,snv_mnv,NA,NA,"broad,dkfz,sanger",3,COSN5024873,NA,NA,FALSE,0.0541,NA,6,105,NA,NA,NA,IGR,FALSE,FALSE,FALSE,FALSE,8,8,0,8_0,7f94d650-41b9-4664-bcde-dc8533e4602d,NA
5,24776268,24776268,1,snv_mnv,NA,NA,"broad,dkfz,muse,sanger",4,COSN14923199,NA,NA,FALSE,0.09,NA,9,91,NA,NA,NA,IGR,FALSE,FALSE,FALSE,FALSE,8,8,0,8_0,7f94d650-41b9-4664-bcde-dc8533e4602d,NA
5,25203391,25203391,1,snv_mnv,NA,NA,"broad,dkfz,muse,sanger",4,COSN15123537,NA,L1MC3,FALSE,0.6061,NA,80,52,NA,NA,NA,lincRNA,FALSE,FALSE,FALSE,FALSE,8,8,0,8_0,7f94d650-41b9-4664-bcde-dc8533e4602d,NA
5,25691372,25691372,1,snv_mnv,NA,NA,"broad,dkfz,muse,sanger",4,COSN8628369,NA,NA,FALSE,0.1019,NA,11,97,NA,NA,NA,IGR,FALSE,FALSE,FALSE,FALSE,8,8,0,8_0,7f94d650-41b9-4664-bcde-dc8533e4602d,NA
5,25734316,25734316,1,snv_mnv,NA,NA,"dkfz,sanger",2,COSN15060609,NA,NA,FALSE,0.0459,NA,5,104,NA,NA,NA,IGR,FALSE,FALSE,FALSE,FALSE,8,8,0,8_0,7f94d650-41b9-4664-bcde-dc8533e4602d,NA
5,26401593,26401593,1,snv_mnv,NA,NA,"broad,dkfz,muse,sanger",4,COSN14907453,NA,HERVL-int,FALSE,0.0609,NA,7,108,NA,NA,NA,lincRNA,FALSE,FALSE,FALSE,FALSE,8,8,0,8_0,7f94d650-41b9-4664-bcde-dc8533e4602d,AC025475.1
5,26416898,26416898,1,snv_mnv,NA,NA,"broad,dkfz,muse,sanger",4,COSN15280789,NA,MER52A,FALSE,0.087,NA,10,105,NA,NA,NA,IGR,FALSE,FALSE,FALSE,FALSE,8,8,0,8_0,7f94d650-41b9-4664-bcde-dc8533e4602d,NA
5,27609145,27609145,1,snv_mnv,NA,NA,"broad,dkfz,muse,sanger",4,COSN17615559,NA,L2a,FALSE,0.4409,NA,41,52,NA,NA,NA,IGR,FALSE,FALSE,FALSE,FALSE,8,8,0,8_0,7f94d650-41b9-4664-bcde-dc8533e4602d,NA
5,28031310,28031310,1,snv_mnv,1.9968e-4,rs192574313,"broad,dkfz,muse,sanger",4,COSN8629012,rs192574313,L1M1,FALSE,0.0654,NA,7,100,NA,NA,NA,IGR,FALSE,FALSE,FALSE,FALSE,8,8,0,8_0,7f94d650-41b9-4664-bcde-dc8533e4602d,NA
5,28742784,28742784,1,snv_mnv,NA,NA,"broad,dkfz,muse,sanger",4,COSN7935533,NA,NA,FALSE,0.0943,NA,10,96,NA,NA,NA,IGR,FALSE,FALSE,FALSE,FALSE,7,7,0,7_0,7f94d650-41b9-4664-bcde-dc8533e4602d,NA
5,28887251,28887251,1,snv_mnv,NA,NA,"broad,dkfz,muse,sanger",4,COSN17351980,NA,MSTA-int,FALSE,0.0877,NA,10,104,NA,NA,NA,IGR,FALSE,FALSE,FALSE,FALSE,7,7,0,7_0,7f94d650-41b9-4664-bcde-dc8533e4602d,NA
5,29311767,29311767,1,snv_mnv,NA,NA,"broad,dkfz,muse,sanger",4,COSN17424657,NA,NA,FALSE,0.6238,NA,63,38,NA,NA,NA,IGR,FALSE,FALSE,FALSE,FALSE,7,7,0,7_0,7f94d650-41b9-4664-bcde-dc8533e4602d,NA
5,30275066,30275066,1,snv_mnv,NA,NA,"broad,dkfz,muse,sanger",4,COSN7936853,NA,NA,FALSE,0.0602,NA,8,125,NA,NA,NA,IGR,FALSE,FALSE,FALSE,FALSE,7,7,0,7_0,7f94d650-41b9-4664-bcde-dc8533e4602d,NA
5,30388994,30388994,1,snv_mnv,NA,NA,"broad,dkfz,muse,sanger",4,COSN15013390,NA,NA,FALSE,0.1,NA,10,90,NA,NA,NA,IGR,FALSE,FALSE,FALSE,FALSE,7,7,0,7_0,7f94d650-41b9-4664-bcde-dc8533e4602d,NA
5,33256361,33256361,1,snv_mnv,NA,NA,"broad,dkfz,muse,sanger",4,COSN15076698,NA,Kanga11a,FALSE,0.0645,NA,8,116,NA,NA,NA,lincRNA,FALSE,FALSE,FALSE,FALSE,7,7,0,7_0,7f94d650-41b9-4664-bcde-dc8533e4602d,LINC02160
5,43848095,43848095,1,snv_mnv,NA,NA,"broad,dkfz,muse,sanger",4,COSN15770718,NA,L1PB1,FALSE,0.0526,NA,7,126,NA,NA,NA,IGR,FALSE,FALSE,FALSE,FALSE,7,7,0,7_0,7f94d650-41b9-4664-bcde-dc8533e4602d,NA
5,44124262,44124262,1,snv_mnv,NA,NA,"broad,dkfz,muse,sanger",4,COSN17126842,NA,L1PBa,FALSE,0.0917,NA,10,99,NA,NA,NA,IGR,FALSE,FALSE,FALSE,FALSE,7,7,0,7_0,7f94d650-41b9-4664-bcde-dc8533e4602d,NA
5,44248689,44248689,1,snv_mnv,NA,NA,"broad,muse",2,COSN17616182,NA,NA,FALSE,0.0568,NA,5,83,NA,NA,NA,IGR,FALSE,FALSE,FALSE,FALSE,7,7,0,7_0,7f94d650-41b9-4664-bcde-dc8533e4602d,NA
5,44372013,44372013,1,snv_mnv,NA,NA,"broad,dkfz,muse,sanger",4,COSN8631199,NA,NA,FALSE,0.0948,NA,11,105,NA,NA,NA,Intron,FALSE,FALSE,FALSE,FALSE,7,7,0,7_0,7f94d650-41b9-4664-bcde-dc8533e4602d,NA
5,44660921,44660921,1,snv_mnv,NA,NA,"dkfz,sanger",2,COSN17696526,NA,NA,FALSE,0.0556,NA,5,85,NA,NA,NA,IGR,FALSE,FALSE,FALSE,FALSE,7,7,0,7_0,7f94d650-41b9-4664-bcde-dc8533e4602d,NA
5,45051740,45051740,1,snv_mnv,NA,NA,"broad,dkfz,muse,sanger",4,COSN15176196,NA,MLT1C,FALSE,0.72,NA,72,28,NA,NA,NA,lincRNA,FALSE,FALSE,FALSE,FALSE,7,7,0,7_0,7f94d650-41b9-4664-bcde-dc8533e4602d,NA
5,51704249,51704249,1,snv_mnv,NA,NA,"broad,dkfz,muse,sanger",4,COSN8632189,NA,NA,FALSE,0.1429,NA,9,54,NA,NA,NA,IGR,FALSE,FALSE,FALSE,FALSE,2,2,0,2_0,7f94d650-41b9-4664-bcde-dc8533e4602d,NA
5,54463703,54463703,1,snv_mnv,NA,NA,"broad,dkfz,muse,sanger",4,COSN2110680,NA,NA,FALSE,0.1087,NA,5,41,NA,NA,NA,Intron,FALSE,FALSE,FALSE,FALSE,2,2,0,2_0,7f94d650-41b9-4664-bcde-dc8533e4602d,"MIR449B,MIR449C,GPX8,MIR449A"
5,62183355,62183355,1,snv_mnv,NA,NA,"broad,dkfz,muse,sanger",4,COSN8351084,NA,MIRb,FALSE,0.3913,NA,18,28,NA,NA,NA,IGR,FALSE,FALSE,FALSE,FALSE,2,2,0,2_0,7f94d650-41b9-4664-bcde-dc8533e4602d,NA
5,62908568,62908568,1,snv_mnv,NA,NA,"broad,dkfz,muse,sanger",4,COSN8632791,NA,NA,FALSE,0.1724,NA,10,48,NA,NA,NA,IGR,FALSE,FALSE,FALSE,FALSE,2,2,0,2_0,7f94d650-41b9-4664-bcde-dc8533e4602d,NA
5,63394925,63394925,1,snv_mnv,NA,NA,"broad,muse",2,COSN8385995,NA,NA,FALSE,0.0702,NA,4,53,NA,NA,NA,IGR,FALSE,FALSE,FALSE,FALSE,2,2,0,2_0,7f94d650-41b9-4664-bcde-dc8533e4602d,NA
5,63467475,63467475,1,snv_mnv,NA,NA,"broad,dkfz,muse,sanger",4,COSN18311155,NA,NA,FALSE,0.3662,NA,26,45,NA,NA,NA,Intron,FALSE,FALSE,FALSE,FALSE,2,2,0,2_0,7f94d650-41b9-4664-bcde-dc8533e4602d,NA
5,84193733,84193733,1,snv_mnv,NA,NA,"broad,dkfz,muse,sanger",4,COSN17643252,NA,NA,FALSE,0.1538,NA,6,33,NA,NA,NA,IGR,FALSE,FALSE,FALSE,FALSE,2,2,0,2_0,7f94d650-41b9-4664-bcde-dc8533e4602d,NA
5,84661773,84661773,1,snv_mnv,NA,NA,"broad,dkfz,muse,sanger",4,COSN19041709,NA,NA,FALSE,0.1333,NA,8,52,NA,NA,NA,IGR,FALSE,FALSE,FALSE,FALSE,2,2,0,2_0,7f94d650-41b9-4664-bcde-dc8533e4602d,NA
5,85466442,85466442,1,snv_mnv,NA,NA,"broad,dkfz,muse,sanger",4,COSN15113602,NA,NA,FALSE,0.1591,NA,7,37,NA,NA,NA,IGR,FALSE,FALSE,FALSE,FALSE,2,2,0,2_0,7f94d650-41b9-4664-bcde-dc8533e4602d,NA
5,85913708,85913708,1,snv_mnv,NA,NA,"broad,dkfz,muse,sanger",4,COSN16694601,NA,NA,FALSE,0.1667,NA,7,35,NA,NA,NA,5'Flank,FALSE,FALSE,FALSE,FALSE,2,2,0,2_0,7f94d650-41b9-4664-bcde-dc8533e4602d,"COX7C,AC108110.1"
5,88245224,88245224,1,snv_mnv,NA,NA,"broad,dkfz,muse,sanger",4,COSN14441835,NA,LTR81B,FALSE,0.1923,NA,15,63,NA,NA,NA,RNA,FALSE,FALSE,FALSE,FALSE,2,2,0,2_0,7f94d650-41b9-4664-bcde-dc8533e4602d,MEF2C-AS1
5,88785720,88785720,1,snv_mnv,NA,NA,"broad,dkfz,muse,sanger",4,COSN17613386,NA,MLT1B,FALSE,0.2973,NA,11,26,NA,NA,NA,IGR,FALSE,FALSE,FALSE,FALSE,2,2,0,2_0,7f94d650-41b9-4664-bcde-dc8533e4602d,NA
5,91356941,91356941,1,snv_mnv,NA,NA,"broad,dkfz,muse,sanger",4,COSN15847131,NA,HERVL-int,FALSE,0.0972,NA,7,65,NA,NA,NA,IGR,FALSE,FALSE,FALSE,FALSE,2,2,0,2_0,7f94d650-41b9-4664-bcde-dc8533e4602d,NA
5,94352464,94352464,1,snv_mnv,NA,NA,"broad,dkfz,muse,sanger",4,COSN8790542,NA,NA,FALSE,0.1639,NA,10,51,NA,NA,NA,Intron,FALSE,FALSE,FALSE,FALSE,2,2,0,2_0,7f94d650-41b9-4664-bcde-dc8533e4602d,MCTP1
5,99519697,99519697,1,snv_mnv,NA,NA,"dkfz,muse,sanger",3,COSN14960139,NA,MLT1G,FALSE,0.1639,NA,10,51,NA,NA,NA,IGR,FALSE,FALSE,FALSE,FALSE,2,2,0,2_0,7f94d650-41b9-4664-bcde-dc8533e4602d,NA
5,99609236,99609236,1,snv_mnv,NA,NA,"broad,dkfz,muse,sanger",4,COSN7589540,NA,Tigger1,FALSE,0.0984,NA,6,55,NA,NA,NA,IGR,FALSE,FALSE,FALSE,FALSE,2,2,0,2_0,7f94d650-41b9-4664-bcde-dc8533e4602d,NA
5,99887870,99887870,1,snv_mnv,NA,NA,"broad,dkfz,muse,sanger",4,COSN17190214,NA,NA,FALSE,0.2308,NA,12,40,NA,NA,NA,Intron,FALSE,FALSE,FALSE,FALSE,2,2,0,2_0,7f94d650-41b9-4664-bcde-dc8533e4602d,NA
5,101183271,101183271,1,snv_mnv,NA,NA,"broad,dkfz,muse,sanger",4,COSN17586770,NA,L1MA2,FALSE,0.1695,NA,10,49,NA,NA,NA,IGR,FALSE,FALSE,FALSE,FALSE,2,2,0,2_0,7f94d650-41b9-4664-bcde-dc8533e4602d,NA
5,104417859,104417859,1,snv_mnv,NA,NA,"broad,dkfz,muse,sanger",4,COSN17302569,NA,NA,FALSE,0.2381,NA,15,48,NA,NA,NA,lincRNA,FALSE,FALSE,FALSE,FALSE,2,2,0,2_0,7f94d650-41b9-4664-bcde-dc8533e4602d,NA
5,104590205,104590205,1,snv_mnv,NA,NA,"broad,dkfz,muse,sanger",4,COSN2056955,NA,Charlie25,FALSE,0.2545,NA,14,41,NA,NA,NA,lincRNA,FALSE,FALSE,FALSE,FALSE,2,2,0,2_0,7f94d650-41b9-4664-bcde-dc8533e4602d,NA
5,104669233,104669233,1,snv_mnv,NA,NA,"broad,muse,sanger",3,COSN15219512,NA,L1MA3,FALSE,0.0816,NA,4,45,NA,NA,NA,lincRNA,FALSE,FALSE,FALSE,FALSE,2,2,0,2_0,7f94d650-41b9-4664-bcde-dc8533e4602d,NA
5,105023051,105023051,1,snv_mnv,NA,NA,"broad,dkfz,muse,sanger",4,COSN5583512,NA,NA,FALSE,0.2131,NA,13,48,NA,NA,NA,IGR,FALSE,FALSE,FALSE,FALSE,2,2,0,2_0,7f94d650-41b9-4664-bcde-dc8533e4602d,NA
5,110144971,110144971,1,snv_mnv,NA,NA,"broad,dkfz,muse,sanger",4,COSN15014369,NA,NA,FALSE,0.1846,NA,12,53,NA,NA,NA,IGR,FALSE,FALSE,FALSE,FALSE,2,2,0,2_0,7f94d650-41b9-4664-bcde-dc8533e4602d,NA
5,111226792,111226792,1,snv_mnv,NA,NA,"broad,dkfz,muse,sanger",4,COSN9398582,NA,MSTA-int,FALSE,0.2206,NA,15,53,NA,NA,NA,Intron,FALSE,FALSE,FALSE,FALSE,2,2,0,2_0,7f94d650-41b9-4664-bcde-dc8533e4602d,NA
5,111407260,111407260,1,snv_mnv,NA,NA,"broad,dkfz,muse,sanger",4,COSN16589378,NA,AT_rich,FALSE,0.2549,NA,13,38,NA,NA,NA,IGR,FALSE,FALSE,FALSE,FALSE,2,2,0,2_0,7f94d650-41b9-4664-bcde-dc8533e4602d,NA
5,113948137,113948137,1,snv_mnv,NA,NA,"broad,dkfz,muse,sanger",4,COSN17340573,NA,NA,FALSE,0.1587,NA,10,53,NA,NA,NA,RNA,FALSE,FALSE,FALSE,FALSE,2,2,0,2_0,7f94d650-41b9-4664-bcde-dc8533e4602d,NA
5,119842636,119842636,1,snv_mnv,NA,NA,"broad,dkfz,muse,sanger",4,COSN17388073,NA,NA,FALSE,0.18,NA,9,41,NA,NA,NA,Intron,FALSE,FALSE,FALSE,FALSE,2,2,0,2_0,7f94d650-41b9-4664-bcde-dc8533e4602d,NA
5,136962934,136962934,1,snv_mnv,NA,NA,"broad,dkfz,muse,sanger",4,COSN17555321,NA,L1ME4a,FALSE,0.45,NA,27,33,NA,NA,NA,Intron,FALSE,FALSE,FALSE,FALSE,2,2,0,2_0,7f94d650-41b9-4664-bcde-dc8533e4602d,NA
5,144030895,144030895,1,snv_mnv,NA,NA,"broad,dkfz,muse,sanger",4,COSN15170450,NA,NA,FALSE,0.1053,NA,6,51,NA,NA,NA,IGR,FALSE,FALSE,FALSE,FALSE,2,2,0,2_0,7f94d650-41b9-4664-bcde-dc8533e4602d,NA
5,144032808,144032808,1,snv_mnv,NA,NA,"broad,dkfz,muse,sanger",4,COSN17768670,NA,THE1B-int,FALSE,0.1622,NA,6,31,NA,NA,NA,IGR,FALSE,FALSE,FALSE,FALSE,2,2,0,2_0,7f94d650-41b9-4664-bcde-dc8533e4602d,NA
5,152517139,152517139,1,snv_mnv,NA,NA,"broad,dkfz,sanger",3,COSN15079478,NA,NA,FALSE,0.0943,NA,5,48,NA,NA,NA,IGR,FALSE,FALSE,FALSE,FALSE,2,2,0,2_0,7f94d650-41b9-4664-bcde-dc8533e4602d,NA
5,155079680,155079680,1,snv_mnv,NA,NA,"broad,dkfz,muse,sanger",4,COSN15121635,NA,ERVL-E-int,FALSE,0.1471,NA,10,58,NA,NA,NA,IGR,FALSE,FALSE,FALSE,FALSE,2,2,0,2_0,7f94d650-41b9-4664-bcde-dc8533e4602d,NA
5,155092858,155092858,1,snv_mnv,NA,NA,"broad,dkfz,muse,sanger",4,COSN7902679,NA,NA,FALSE,0.1364,NA,9,57,NA,NA,NA,IGR,FALSE,FALSE,FALSE,FALSE,2,2,0,2_0,7f94d650-41b9-4664-bcde-dc8533e4602d,NA
5,155389852,155389852,1,snv_mnv,1.9968e-4,rs143728759,"broad,dkfz,muse,sanger",4,COSN17568510,rs143728759,MARNA,FALSE,0.2361,NA,17,55,NA,NA,NA,Intron,FALSE,FALSE,FALSE,FALSE,2,2,0,2_0,7f94d650-41b9-4664-bcde-dc8533e4602d,NA
5,157849623,157849623,1,snv_mnv,NA,NA,"broad,dkfz,muse,sanger",4,COSN17632651,NA,L3,FALSE,0.4615,NA,18,21,NA,NA,NA,lincRNA,FALSE,FALSE,FALSE,FALSE,2,2,0,2_0,7f94d650-41b9-4664-bcde-dc8533e4602d,NA
5,161727636,161727636,1,snv_mnv,NA,NA,"broad,dkfz,muse,sanger",4,COSN14936520,NA,L1PA15,FALSE,0.1452,NA,9,53,NA,NA,NA,IGR,FALSE,FALSE,FALSE,FALSE,2,2,0,2_0,7f94d650-41b9-4664-bcde-dc8533e4602d,NA
5,162335636,162335636,1,snv_mnv,NA,NA,"broad,dkfz,muse,sanger",4,COSN17648964,NA,NA,FALSE,0.0833,NA,5,55,NA,NA,NA,IGR,FALSE,FALSE,FALSE,FALSE,2,2,0,2_0,7f94d650-41b9-4664-bcde-dc8533e4602d,NA
5,163290138,163290138,1,snv_mnv,NA,NA,"broad,muse",2,COSN8624761,NA,NA,FALSE,0.0678,NA,4,55,NA,NA,NA,IGR,FALSE,FALSE,FALSE,FALSE,2,2,0,2_0,7f94d650-41b9-4664-bcde-dc8533e4602d,NA
5,163618991,163618991,1,snv_mnv,NA,NA,"broad,dkfz,muse,sanger",4,COSN8624842,NA,NA,FALSE,0.2308,NA,12,40,NA,NA,NA,lincRNA,FALSE,FALSE,FALSE,FALSE,2,2,0,2_0,7f94d650-41b9-4664-bcde-dc8533e4602d,NA
5,164485506,164485506,1,snv_mnv,NA,NA,"broad,dkfz,muse,sanger",4,COSN14929444,NA,MIR,FALSE,0.1852,NA,10,44,NA,NA,NA,RNA,FALSE,FALSE,FALSE,FALSE,1,1,0,1_0,7f94d650-41b9-4664-bcde-dc8533e4602d,NA
5,164546959,164546959,1,snv_mnv,NA,NA,"broad,dkfz,muse,sanger",4,COSN8625038,NA,NA,FALSE,0.225,NA,9,31,NA,NA,NA,RNA,FALSE,FALSE,FALSE,FALSE,1,1,0,1_0,7f94d650-41b9-4664-bcde-dc8533e4602d,NA
5,164812000,164812000,1,snv_mnv,NA,NA,"broad,dkfz,muse,sanger",4,COSN17356897,NA,L1MC3,FALSE,0.2407,NA,13,41,NA,NA,NA,lincRNA,FALSE,FALSE,FALSE,FALSE,2,2,0,2_0,7f94d650-41b9-4664-bcde-dc8533e4602d,NA
5,164931722,164931722,1,snv_mnv,NA,NA,"broad,dkfz,muse,sanger",4,COSN17355843,NA,NA,FALSE,0.1333,NA,8,52,NA,NA,NA,lincRNA,FALSE,FALSE,FALSE,FALSE,2,2,0,2_0,7f94d650-41b9-4664-bcde-dc8533e4602d,NA
5,165495998,165495998,1,snv_mnv,NA,NA,"broad,dkfz,muse,sanger",4,COSN14889727,NA,NA,FALSE,0.14,NA,7,43,NA,NA,NA,IGR,FALSE,FALSE,FALSE,FALSE,2,2,0,2_0,7f94d650-41b9-4664-bcde-dc8533e4602d,NA
5,165677800,165677800,1,snv_mnv,NA,NA,"broad,dkfz,muse,sanger",4,COSN17278267,NA,AT_rich,FALSE,0.2456,NA,14,43,NA,NA,NA,IGR,FALSE,FALSE,FALSE,FALSE,2,2,0,2_0,7f94d650-41b9-4664-bcde-dc8533e4602d,NA
5,166747586,166747586,1,snv_mnv,NA,NA,"broad,dkfz,muse,sanger",4,COSN19255886,NA,MSTD,FALSE,0.1579,NA,9,48,NA,NA,NA,Intron,FALSE,FALSE,FALSE,TRUE,2,2,0,2_0,7f94d650-41b9-4664-bcde-dc8533e4602d,NA
5,167004772,167004772,1,snv_mnv,NA,NA,"broad,dkfz,muse,sanger",4,COSN8625623,NA,NA,FALSE,0.283,NA,15,38,NA,NA,NA,Intron,FALSE,FALSE,FALSE,FALSE,2,2,0,2_0,7f94d650-41b9-4664-bcde-dc8533e4602d,NA
5,167071671,167071671,1,snv_mnv,NA,NA,"broad,dkfz,muse,sanger",4,COSN17760617,NA,MIR,FALSE,0.2449,NA,12,37,NA,NA,NA,Intron,FALSE,FALSE,FALSE,FALSE,2,2,0,2_0,7f94d650-41b9-4664-bcde-dc8533e4602d,NA
5,167389416,167389416,1,snv_mnv,NA,NA,"broad,dkfz,muse,sanger",4,COSN8625683,NA,NA,FALSE,0.386,NA,22,35,NA,NA,NA,Intron,FALSE,FALSE,FALSE,FALSE,2,2,0,2_0,7f94d650-41b9-4664-bcde-dc8533e4602d,AC008705.1
5,174667087,174667087,1,snv_mnv,NA,NA,"broad,dkfz,muse,sanger",4,COSN2089167,NA,NA,FALSE,0.1667,NA,10,50,NA,NA,NA,IGR,FALSE,FALSE,FALSE,FALSE,2,2,0,2_0,7f94d650-41b9-4664-bcde-dc8533e4602d,NA
6,9642313,9642313,1,snv_mnv,NA,NA,"broad,dkfz,muse,sanger",4,COSN9916934,NA,NA,FALSE,0.1029,NA,7,61,NA,NA,NA,IGR,FALSE,FALSE,FALSE,FALSE,4,2,2,2_2,7f94d650-41b9-4664-bcde-dc8533e4602d,NA
6,12299268,12299268,1,snv_mnv,NA,NA,"broad,dkfz,muse,sanger",4,COSN19029685,NA,NA,FALSE,0.1562,NA,10,54,NA,NA,NA,IGR,FALSE,FALSE,FALSE,FALSE,3,2,1,2_1,7f94d650-41b9-4664-bcde-dc8533e4602d,EDN1
6,17068661,17068661,1,snv_mnv,NA,NA,"broad,dkfz,muse,sanger",4,COSN17739236,NA,NA,FALSE,0.1176,NA,8,60,NA,NA,NA,IGR,FALSE,FALSE,FALSE,FALSE,4,2,2,2_2,7f94d650-41b9-4664-bcde-dc8533e4602d,NA
6,21026604,21026604,1,snv_mnv,NA,NA,"broad,muse,sanger",3,COSN17393754,NA,NA,FALSE,0.0806,NA,5,57,NA,NA,NA,Intron,FALSE,FALSE,FALSE,FALSE,2,1,1,1_1,7f94d650-41b9-4664-bcde-dc8533e4602d,NA
6,22097748,22097748,1,snv_mnv,NA,NA,"broad,dkfz,muse,sanger",4,COSN15244668,NA,NA,FALSE,0.1081,NA,8,66,NA,NA,NA,IGR,FALSE,FALSE,FALSE,FALSE,4,2,2,2_2,7f94d650-41b9-4664-bcde-dc8533e4602d,NA
6,23385582,23385582,1,snv_mnv,NA,NA,"broad,muse",2,COSN17328724,NA,NA,FALSE,0.1176,NA,8,60,NA,NA,NA,IGR,FALSE,FALSE,FALSE,FALSE,4,2,2,2_2,7f94d650-41b9-4664-bcde-dc8533e4602d,NA
6,28478923,28478923,1,snv_mnv,NA,NA,"broad,dkfz,muse,sanger",4,COSN2158560,NA,NA,FALSE,0.3288,NA,24,49,NA,NA,NA,Intron,FALSE,FALSE,FALSE,FALSE,4,2,2,2_2,7f94d650-41b9-4664-bcde-dc8533e4602d,NA
6,33054001,33054001,1,snv_mnv,NA,NA,"broad,dkfz,muse,sanger",4,COSM4168651,rs780867126,NA,FALSE,0.284,NA,23,58,NA,NA,NA,Nonsense_Mutation,FALSE,FALSE,FALSE,FALSE,4,2,2,2_2,7f94d650-41b9-4664-bcde-dc8533e4602d,HLA-DPB1
6,34062935,34062935,1,snv_mnv,NA,NA,"broad,dkfz,muse,sanger",4,COSN7871141,rs377727453,NA,FALSE,0.1343,NA,9,58,NA,NA,NA,Intron,FALSE,FALSE,FALSE,FALSE,4,2,2,2_2,7f94d650-41b9-4664-bcde-dc8533e4602d,NA
6,40010725,40010725,1,snv_mnv,NA,NA,"broad,muse,sanger",3,COSN17818298,NA,L1MB3,FALSE,0.0615,NA,4,61,NA,NA,NA,IGR,FALSE,FALSE,FALSE,FALSE,4,2,2,2_2,7f94d650-41b9-4664-bcde-dc8533e4602d,NA
6,50114569,50114569,1,snv_mnv,NA,NA,"broad,muse,sanger",3,COSN15276367,NA,NA,FALSE,0.0633,NA,5,74,NA,NA,NA,IGR,FALSE,FALSE,FALSE,FALSE,4,2,2,2_2,7f94d650-41b9-4664-bcde-dc8533e4602d,NA
6,50220399,50220399,1,snv_mnv,NA,NA,"broad,dkfz,muse,sanger",4,COSN18960558,NA,NA,FALSE,0.1724,NA,10,48,NA,NA,NA,IGR,FALSE,FALSE,FALSE,FALSE,4,2,2,2_2,7f94d650-41b9-4664-bcde-dc8533e4602d,NA
6,50489740,50489740,1,snv_mnv,NA,NA,"broad,dkfz,muse,sanger",4,COSN17347180,NA,NA,FALSE,0.1549,NA,11,60,NA,NA,NA,lincRNA,FALSE,FALSE,FALSE,FALSE,4,2,2,2_2,7f94d650-41b9-4664-bcde-dc8533e4602d,AL360175.1
6,54286586,54286586,1,snv_mnv,NA,NA,"broad,dkfz,muse,sanger",4,COSN15250784,NA,L1MA9,FALSE,0.2439,NA,20,62,NA,NA,NA,IGR,FALSE,FALSE,FALSE,FALSE,4,2,2,2_2,7f94d650-41b9-4664-bcde-dc8533e4602d,NA
6,57616898,57616898,1,snv_mnv,NA,NA,"broad,muse,sanger",3,COSN14985450,NA,Charlie4a,FALSE,0.082,NA,5,56,NA,NA,NA,IGR,FALSE,FALSE,FALSE,TRUE,4,2,2,2_2,7f94d650-41b9-4664-bcde-dc8533e4602d,NA
6,57826128,57826128,1,snv_mnv,NA,NA,"broad,dkfz,sanger",3,COSN14898237,NA,NA,FALSE,0.0732,NA,6,76,NA,NA,NA,IGR,FALSE,FALSE,FALSE,FALSE,4,2,2,2_2,7f94d650-41b9-4664-bcde-dc8533e4602d,NA
6,58648612,58648612,1,snv_mnv,NA,NA,"broad,muse",2,COSN17326325,NA,L1PA7,FALSE,0.1461,NA,13,76,NA,NA,NA,IGR,FALSE,FALSE,FALSE,FALSE,4,2,2,2_2,7f94d650-41b9-4664-bcde-dc8533e4602d,NA
6,62095078,62095078,1,snv_mnv,NA,NA,"broad,muse,sanger",3,COSN16138565,NA,MER45B,FALSE,0.0946,NA,7,67,NA,NA,NA,IGR,FALSE,FALSE,FALSE,FALSE,4,2,2,2_2,7f94d650-41b9-4664-bcde-dc8533e4602d,NA
6,62259347,62259347,1,snv_mnv,NA,NA,"broad,dkfz,muse,sanger",4,COSN17862336,NA,Charlie1a,FALSE,0.125,NA,13,91,NA,NA,NA,IGR,FALSE,FALSE,FALSE,FALSE,4,2,2,2_2,7f94d650-41b9-4664-bcde-dc8533e4602d,NA
6,62375261,62375261,1,snv_mnv,NA,NA,"broad,dkfz,muse,sanger",4,COSN17649579,NA,NA,FALSE,0.0794,NA,5,58,NA,NA,NA,RNA,FALSE,FALSE,FALSE,FALSE,4,2,2,2_2,7f94d650-41b9-4664-bcde-dc8533e4602d,NA
6,65188095,65188095,1,snv_mnv,NA,NA,"broad,dkfz,muse,sanger",4,COSN16595671,NA,L2c,FALSE,0.1319,NA,12,79,NA,NA,NA,Intron,FALSE,FALSE,FALSE,FALSE,4,2,2,2_2,7f94d650-41b9-4664-bcde-dc8533e4602d,NA
6,66345363,66345363,1,snv_mnv,NA,NA,"broad,dkfz,muse,sanger",4,COSN19555013,NA,LTR8A,FALSE,0.1053,NA,8,68,NA,NA,NA,Intron,FALSE,FALSE,FALSE,FALSE,4,2,2,2_2,7f94d650-41b9-4664-bcde-dc8533e4602d,NA
6,66520549,66520549,1,snv_mnv,NA,NA,"broad,dkfz,muse,sanger",4,COSN2171495,NA,HAL1,FALSE,0.25,NA,18,54,NA,NA,NA,IGR,FALSE,FALSE,FALSE,FALSE,4,2,2,2_2,7f94d650-41b9-4664-bcde-dc8533e4602d,NA
6,67043165,67043165,1,snv_mnv,NA,NA,"broad,dkfz,muse,sanger",4,COSN8799741,NA,NA,FALSE,0.2394,NA,17,54,NA,NA,NA,IGR,FALSE,FALSE,FALSE,FALSE,4,2,2,2_2,7f94d650-41b9-4664-bcde-dc8533e4602d,NA
6,67155394,67155394,1,snv_mnv,NA,NA,"broad,dkfz,muse,sanger",4,COSN17668738,NA,L1PA8,FALSE,0.0678,NA,4,55,NA,NA,NA,IGR,FALSE,FALSE,FALSE,FALSE,4,2,2,2_2,7f94d650-41b9-4664-bcde-dc8533e4602d,NA
6,67198564,67198564,1,snv_mnv,NA,NA,"broad,dkfz,muse,sanger",4,COSN15120205,NA,NA,FALSE,0.0714,NA,7,91,NA,NA,NA,IGR,FALSE,FALSE,FALSE,FALSE,4,2,2,2_2,7f94d650-41b9-4664-bcde-dc8533e4602d,NA
6,67646057,67646057,1,snv_mnv,NA,NA,"broad,dkfz,muse,sanger",4,COSN16125937,NA,MER52A,FALSE,0.1404,NA,8,49,NA,NA,NA,IGR,FALSE,FALSE,FALSE,FALSE,4,2,2,2_2,7f94d650-41b9-4664-bcde-dc8533e4602d,NA
6,67696335,67696335,1,snv_mnv,NA,NA,"broad,dkfz,muse,sanger",4,COSN8799903,NA,L1MA7,FALSE,0.1594,NA,11,58,NA,NA,NA,IGR,FALSE,FALSE,FALSE,FALSE,4,2,2,2_2,7f94d650-41b9-4664-bcde-dc8533e4602d,NA
6,67856392,67856392,1,snv_mnv,NA,NA,"broad,dkfz,muse,sanger",4,COSN7793912,NA,HAL1,FALSE,0.2771,NA,23,60,NA,NA,NA,IGR,FALSE,FALSE,FALSE,FALSE,4,2,2,2_2,7f94d650-41b9-4664-bcde-dc8533e4602d,NA
6,69561286,69561286,1,snv_mnv,NA,NA,"broad,dkfz,muse,sanger",4,COSN17630782,NA,NA,FALSE,0.1622,NA,12,62,NA,NA,NA,Intron,FALSE,FALSE,FALSE,FALSE,4,2,2,2_2,7f94d650-41b9-4664-bcde-dc8533e4602d,NA
6,69725059,69725059,1,snv_mnv,NA,NA,"broad,dkfz,muse,sanger",4,COSN15308594,NA,NA,FALSE,0.1194,NA,8,59,NA,NA,NA,Intron,FALSE,FALSE,FALSE,FALSE,4,2,2,2_2,7f94d650-41b9-4664-bcde-dc8533e4602d,NA
6,69757919,69757919,1,snv_mnv,NA,NA,"broad,dkfz,muse,sanger",4,COSN18320100,NA,NA,FALSE,0.2456,NA,14,43,NA,NA,NA,Intron,FALSE,FALSE,FALSE,FALSE,4,2,2,2_2,7f94d650-41b9-4664-bcde-dc8533e4602d,NA
6,72402578,72402578,1,snv_mnv,NA,NA,"broad,dkfz,muse,sanger",4,COSN8780819,NA,NA,FALSE,0.1316,NA,10,66,NA,NA,NA,IGR,FALSE,FALSE,FALSE,FALSE,4,2,2,2_2,7f94d650-41b9-4664-bcde-dc8533e4602d,NA
6,73085953,73085953,1,snv_mnv,NA,NA,"broad,dkfz,muse,sanger",4,COSN14898287,NA,NA,FALSE,0.1579,NA,12,64,NA,NA,NA,Intron,FALSE,FALSE,FALSE,FALSE,4,2,2,2_2,7f94d650-41b9-4664-bcde-dc8533e4602d,NA
6,73149452,73149452,1,snv_mnv,NA,NA,"broad,dkfz,muse,sanger",4,COSN17371944,NA,HSMAR2,FALSE,0.1507,NA,11,62,NA,NA,NA,IGR,FALSE,FALSE,FALSE,FALSE,4,2,2,2_2,7f94d650-41b9-4664-bcde-dc8533e4602d,NA
6,73451345,73451345,1,snv_mnv,NA,NA,"broad,dkfz,muse,sanger",4,COSN17835933,NA,NA,FALSE,0.075,NA,6,74,NA,NA,NA,Intron,FALSE,FALSE,FALSE,FALSE,4,2,2,2_2,7f94d650-41b9-4664-bcde-dc8533e4602d,NA
6,77647713,77647713,1,snv_mnv,NA,NA,"broad,dkfz,muse,sanger",4,COSN6332781,NA,L1M4,FALSE,0.122,NA,10,72,NA,NA,NA,IGR,FALSE,FALSE,FALSE,FALSE,4,2,2,2_2,7f94d650-41b9-4664-bcde-dc8533e4602d,NA
6,78864706,78864706,1,snv_mnv,NA,NA,"broad,dkfz,muse,sanger",4,COSN8781504,NA,NA,FALSE,0.1282,NA,10,68,NA,NA,NA,IGR,FALSE,FALSE,FALSE,FALSE,4,2,2,2_2,7f94d650-41b9-4664-bcde-dc8533e4602d,NA
6,82268188,82268188,1,snv_mnv,NA,NA,"broad,dkfz,muse,sanger",4,COSN17637432,NA,NA,FALSE,0.1739,NA,12,57,NA,NA,NA,IGR,FALSE,FALSE,FALSE,FALSE,4,2,2,2_2,7f94d650-41b9-4664-bcde-dc8533e4602d,AL359693.1
6,87359504,87359504,1,snv_mnv,NA,NA,"broad,dkfz,muse,sanger",4,COSN7901478,NA,NA,FALSE,0.1585,NA,13,69,NA,NA,NA,IGR,FALSE,FALSE,FALSE,FALSE,4,2,2,2_2,7f94d650-41b9-4664-bcde-dc8533e4602d,NA
6,90851741,90851741,1,snv_mnv,NA,NA,"broad,dkfz,muse,sanger",4,COSN8782451,NA,AluSz6,FALSE,0.225,NA,18,62,NA,NA,NA,Intron,FALSE,FALSE,FALSE,FALSE,4,2,2,2_2,7f94d650-41b9-4664-bcde-dc8533e4602d,NA
6,94047775,94047775,1,snv_mnv,NA,NA,"broad,dkfz,muse,sanger",4,COSN8782934,NA,NA,FALSE,0.3026,NA,23,53,NA,NA,NA,Intron,FALSE,FALSE,FALSE,FALSE,4,2,2,2_2,7f94d650-41b9-4664-bcde-dc8533e4602d,NA
6,96474947,96474947,1,snv_mnv,NA,NA,"broad,dkfz,muse,sanger",4,COSN7648763,NA,NA,FALSE,0.1146,NA,11,85,NA,NA,NA,Intron,FALSE,FALSE,FALSE,FALSE,4,2,2,2_2,7f94d650-41b9-4664-bcde-dc8533e4602d,NA
6,98465968,98465968,1,snv_mnv,NA,NA,"broad,dkfz,muse,sanger",4,COSN8783386,NA,NA,FALSE,0.1,NA,7,63,NA,NA,NA,lincRNA,FALSE,FALSE,FALSE,FALSE,4,2,2,2_2,7f94d650-41b9-4664-bcde-dc8533e4602d,NA
6,98520541,98520541,1,snv_mnv,NA,NA,"broad,dkfz,muse",3,COSN17359436,NA,NA,FALSE,0.1096,NA,8,65,NA,NA,NA,lincRNA,FALSE,FALSE,FALSE,FALSE,4,2,2,2_2,7f94d650-41b9-4664-bcde-dc8533e4602d,NA
6,98761189,98761189,1,snv_mnv,NA,NA,"broad,dkfz,sanger",3,COSN15163463,NA,NA,FALSE,0.0581,NA,5,81,NA,NA,NA,lincRNA,FALSE,FALSE,FALSE,FALSE,4,2,2,2_2,7f94d650-41b9-4664-bcde-dc8533e4602d,NA
6,99240236,99240236,1,snv_mnv,NA,NA,"broad,dkfz,muse,sanger",4,COSN14851314,NA,AluSx1,FALSE,0.1613,NA,10,52,NA,NA,NA,IGR,FALSE,FALSE,FALSE,FALSE,4,2,2,2_2,7f94d650-41b9-4664-bcde-dc8533e4602d,NA
6,100384185,100384185,1,snv_mnv,NA,NA,"broad,dkfz,muse,sanger",4,COSN4950859,NA,L1MA4,FALSE,0.1039,NA,8,69,NA,NA,NA,Intron,FALSE,FALSE,FALSE,FALSE,4,2,2,2_2,7f94d650-41b9-4664-bcde-dc8533e4602d,NA
6,100415633,100415633,1,snv_mnv,NA,NA,"broad,dkfz,muse,sanger",4,COSN7780319,NA,NA,FALSE,0.2597,NA,20,57,NA,NA,NA,Intron,FALSE,FALSE,FALSE,FALSE,4,2,2,2_2,7f94d650-41b9-4664-bcde-dc8533e4602d,NA
6,101881135,101881135,1,snv_mnv,NA,NA,"broad,dkfz,muse,sanger",4,COSN15166268,NA,NA,FALSE,0.1538,NA,12,66,NA,NA,NA,Intron,FALSE,FALSE,FALSE,FALSE,4,2,2,2_2,7f94d650-41b9-4664-bcde-dc8533e4602d,ACTG1P18
6,102008970,102008970,1,snv_mnv,NA,NA,"broad,dkfz,muse,sanger",4,COSN14851078,NA,NA,FALSE,0.1412,NA,12,73,NA,NA,NA,Intron,FALSE,FALSE,FALSE,FALSE,4,2,2,2_2,7f94d650-41b9-4664-bcde-dc8533e4602d,NA
6,102195981,102195981,1,snv_mnv,NA,NA,"broad,dkfz,muse,sanger",4,COSN16835203,NA,NA,FALSE,0.0704,NA,5,66,NA,NA,NA,Intron,FALSE,FALSE,FALSE,FALSE,4,2,2,2_2,7f94d650-41b9-4664-bcde-dc8533e4602d,GRIK2
6,102277364,102277364,1,snv_mnv,NA,NA,"dkfz,muse,sanger",3,COSN14597568,NA,L1PA17,FALSE,0.1343,NA,9,58,NA,NA,NA,Intron,FALSE,FALSE,FALSE,FALSE,4,2,2,2_2,7f94d650-41b9-4664-bcde-dc8533e4602d,NA
6,102577170,102577170,1,snv_mnv,NA,NA,"broad,dkfz,muse,sanger",4,COSN14926586,NA,Tigger2b_Pri,FALSE,0.1228,NA,7,50,NA,NA,NA,IGR,FALSE,FALSE,FALSE,FALSE,4,2,2,2_2,7f94d650-41b9-4664-bcde-dc8533e4602d,NA
6,102638608,102638608,1,snv_mnv,NA,NA,"broad,dkfz,muse,sanger",4,COSN17297312,NA,MLT1G1,FALSE,0.0606,NA,4,62,NA,NA,NA,IGR,FALSE,FALSE,FALSE,FALSE,4,2,2,2_2,7f94d650-41b9-4664-bcde-dc8533e4602d,NA
6,102766419,102766419,1,snv_mnv,NA,NA,"broad,dkfz,muse,sanger",4,COSN17357378,NA,L1ME1,FALSE,0.0822,NA,6,67,NA,NA,NA,IGR,FALSE,FALSE,FALSE,FALSE,4,2,2,2_2,7f94d650-41b9-4664-bcde-dc8533e4602d,NA
6,102810936,102810936,1,snv_mnv,NA,NA,"broad,dkfz,muse,sanger",4,COSN8791341,NA,NA,FALSE,0.1744,NA,15,71,NA,NA,NA,IGR,FALSE,FALSE,FALSE,FALSE,4,2,2,2_2,7f94d650-41b9-4664-bcde-dc8533e4602d,NA
6,102873502,102873502,1,snv_mnv,NA,NA,"broad,dkfz,muse,sanger",4,COSN8791350,NA,AluSc,FALSE,0.0984,NA,6,55,NA,NA,NA,IGR,FALSE,FALSE,FALSE,FALSE,4,2,2,2_2,7f94d650-41b9-4664-bcde-dc8533e4602d,NA
6,103219502,103219502,1,snv_mnv,NA,NA,"broad,muse",2,COSN15069546,NA,L1PA16,FALSE,0.0758,NA,5,61,NA,NA,NA,IGR,FALSE,FALSE,FALSE,FALSE,4,2,2,2_2,7f94d650-41b9-4664-bcde-dc8533e4602d,NA
6,103308767,103308767,1,snv_mnv,NA,NA,"broad,dkfz,muse,sanger",4,COSN4951186,NA,NA,FALSE,0.1463,NA,12,70,NA,NA,NA,IGR,FALSE,FALSE,FALSE,FALSE,4,2,2,2_2,7f94d650-41b9-4664-bcde-dc8533e4602d,NA
6,103592992,103592992,1,snv_mnv,NA,NA,"broad,dkfz,muse,sanger",4,COSN15297103,NA,NA,FALSE,0.1857,NA,13,57,NA,NA,NA,IGR,FALSE,FALSE,FALSE,FALSE,4,2,2,2_2,7f94d650-41b9-4664-bcde-dc8533e4602d,NA
6,103615948,103615948,1,snv_mnv,NA,NA,"broad,dkfz,muse,sanger",4,COSN8397617,NA,THE1D-int,FALSE,0.3077,NA,20,45,NA,NA,NA,IGR,FALSE,FALSE,FALSE,FALSE,4,2,2,2_2,7f94d650-41b9-4664-bcde-dc8533e4602d,NA
6,104051309,104051309,1,snv_mnv,NA,NA,"broad,dkfz,muse,sanger",4,COSN4951285,NA,L1PA10,FALSE,0.2055,NA,15,58,NA,NA,NA,IGR,FALSE,FALSE,FALSE,FALSE,4,2,2,2_2,7f94d650-41b9-4664-bcde-dc8533e4602d,NA
6,104934414,104934414,1,snv_mnv,NA,NA,"broad,dkfz,muse,sanger",4,COSN15060252,NA,NA,FALSE,0.1096,NA,8,65,NA,NA,NA,IGR,FALSE,FALSE,FALSE,FALSE,4,2,2,2_2,7f94d650-41b9-4664-bcde-dc8533e4602d,NA
6,105396358,105396358,1,snv_mnv,NA,NA,"broad,dkfz,muse,sanger",4,COSN7592628,NA,NA,FALSE,0.1728,NA,14,67,NA,NA,NA,IGR,FALSE,FALSE,FALSE,FALSE,4,2,2,2_2,7f94d650-41b9-4664-bcde-dc8533e4602d,NA
6,112752852,112752852,1,snv_mnv,NA,NA,"broad,dkfz,muse,sanger",4,COSN7594185,NA,L1ME1,FALSE,0.0759,NA,6,73,NA,NA,NA,IGR,FALSE,FALSE,FALSE,FALSE,4,2,2,2_2,7f94d650-41b9-4664-bcde-dc8533e4602d,NA
6,114967509,114967509,1,snv_mnv,NA,NA,"broad,dkfz,muse,sanger",4,COSN8792261,NA,LTR23,FALSE,0.1408,NA,10,61,NA,NA,NA,IGR,FALSE,FALSE,FALSE,FALSE,4,2,2,2_2,7f94d650-41b9-4664-bcde-dc8533e4602d,NA
6,115029838,115029838,1,snv_mnv,NA,NA,"broad,dkfz,muse,sanger",4,COSN17778857,NA,MER50,FALSE,0.1154,NA,9,69,NA,NA,NA,IGR,FALSE,FALSE,FALSE,FALSE,4,2,2,2_2,7f94d650-41b9-4664-bcde-dc8533e4602d,NA
6,117221759,117221759,1,snv_mnv,NA,NA,"broad,dkfz,muse,sanger",4,COSN7595473,NA,AT_rich,FALSE,0.2526,NA,24,71,NA,NA,NA,Intron,FALSE,FALSE,FALSE,FALSE,4,2,2,2_2,7f94d650-41b9-4664-bcde-dc8533e4602d,NA
6,120206631,120206631,1,snv_mnv,NA,NA,"broad,dkfz,muse,sanger",4,COSN16816523,NA,NA,FALSE,0.058,NA,4,65,NA,NA,NA,IGR,FALSE,FALSE,FALSE,FALSE,4,2,2,2_2,7f94d650-41b9-4664-bcde-dc8533e4602d,NA
6,122467918,122467918,1,snv_mnv,NA,NA,"broad,dkfz,muse,sanger",4,COSN17808740,NA,NA,FALSE,0.2297,NA,17,57,NA,NA,NA,IGR,FALSE,FALSE,FALSE,FALSE,4,2,2,2_2,7f94d650-41b9-4664-bcde-dc8533e4602d,NA
6,122536098,122536098,1,snv_mnv,NA,NA,"broad,dkfz,muse,sanger",4,COSN15167008,NA,L1MEc,FALSE,0.1562,NA,10,54,NA,NA,NA,IGR,FALSE,FALSE,FALSE,FALSE,4,2,2,2_2,7f94d650-41b9-4664-bcde-dc8533e4602d,RNU1-18P
6,122547229,122547229,1,snv_mnv,NA,NA,"broad,dkfz,muse,sanger",4,COSN17625894,NA,NA,FALSE,0.0851,NA,8,86,NA,NA,NA,IGR,FALSE,FALSE,FALSE,FALSE,4,2,2,2_2,7f94d650-41b9-4664-bcde-dc8533e4602d,NA
6,123328132,123328132,1,snv_mnv,NA,NA,"broad,dkfz,muse,sanger",4,COSN7597545,NA,NA,FALSE,0.125,NA,7,49,NA,NA,NA,Intron,FALSE,FALSE,FALSE,FALSE,4,2,2,2_2,7f94d650-41b9-4664-bcde-dc8533e4602d,NA
6,124160203,124160203,1,snv_mnv,NA,NA,"broad,dkfz,muse,sanger",4,COSN14921396,NA,NA,FALSE,0.2727,NA,21,56,NA,NA,NA,Intron,FALSE,FALSE,FALSE,FALSE,4,2,2,2_2,7f94d650-41b9-4664-bcde-dc8533e4602d,NA
6,124535079,124535079,1,snv_mnv,NA,NA,"broad,dkfz,muse,sanger",4,COSN7598115,NA,MER63C,FALSE,0.0741,NA,6,75,NA,NA,NA,Intron,FALSE,FALSE,FALSE,FALSE,4,2,2,2_2,7f94d650-41b9-4664-bcde-dc8533e4602d,NA
6,124541408,124541408,1,snv_mnv,NA,NA,"broad,dkfz,muse,sanger",4,COSN6301744,NA,THE1C,FALSE,0.0938,NA,6,58,NA,NA,NA,Intron,FALSE,FALSE,FALSE,FALSE,4,2,2,2_2,7f94d650-41b9-4664-bcde-dc8533e4602d,NA
6,124606908,124606908,1,snv_mnv,NA,NA,"broad,dkfz,muse,sanger",4,COSN15038268,NA,Tigger2,FALSE,0.1014,NA,7,62,NA,NA,NA,Intron,FALSE,FALSE,FALSE,FALSE,4,2,2,2_2,7f94d650-41b9-4664-bcde-dc8533e4602d,NA
6,124778355,124778355,1,snv_mnv,NA,NA,"broad,dkfz,muse,sanger",4,COSN17553312,NA,MIR3,FALSE,0.0714,NA,6,78,NA,NA,NA,Intron,FALSE,FALSE,FALSE,FALSE,4,2,2,2_2,7f94d650-41b9-4664-bcde-dc8533e4602d,NA
6,124938471,124938471,1,snv_mnv,NA,NA,"broad,dkfz,muse,sanger",4,COSN17579872,NA,NA,FALSE,0.1324,NA,9,59,NA,NA,NA,Intron,FALSE,FALSE,FALSE,FALSE,4,2,2,2_2,7f94d650-41b9-4664-bcde-dc8533e4602d,NA
6,125236796,125236796,1,snv_mnv,NA,NA,"broad,dkfz,muse,sanger",4,COSN17734996,NA,NA,FALSE,0.1892,NA,14,60,NA,NA,NA,RNA,FALSE,FALSE,FALSE,FALSE,4,2,2,2_2,7f94d650-41b9-4664-bcde-dc8533e4602d,NA
6,125429005,125429005,1,snv_mnv,NA,NA,"broad,dkfz,muse,sanger",4,COSN17327024,NA,L1M2,FALSE,0.2759,NA,24,63,NA,NA,NA,IGR,FALSE,FALSE,FALSE,FALSE,4,2,2,2_2,7f94d650-41b9-4664-bcde-dc8533e4602d,NA
6,129650522,129650522,1,snv_mnv,NA,NA,"broad,muse",2,COSN1324827,NA,AluSx,FALSE,0.1136,NA,5,39,NA,NA,NA,Intron,FALSE,FALSE,FALSE,FALSE,4,2,2,2_2,7f94d650-41b9-4664-bcde-dc8533e4602d,NA
6,139104091,139104091,1,snv_mnv,0.0015974,rs190141282,"broad,dkfz,muse",3,COSN9494149,rs190141282,NA,FALSE,0.1786,NA,15,69,NA,NA,NA,Intron,FALSE,FALSE,FALSE,FALSE,4,2,2,2_2,7f94d650-41b9-4664-bcde-dc8533e4602d,NA
6,141527625,141527625,1,snv_mnv,0.0023962,rs531250268,"broad,muse",2,COSN7785007,rs531250268,L1PA3,FALSE,0.1385,NA,9,56,NA,NA,NA,IGR,FALSE,FALSE,FALSE,FALSE,4,2,2,2_2,7f94d650-41b9-4664-bcde-dc8533e4602d,NA
6,146721315,146721315,1,snv_mnv,NA,NA,"broad,dkfz,muse,sanger",4,COSN7693213,NA,NA,FALSE,0.0845,NA,6,65,NA,NA,NA,Intron,FALSE,FALSE,FALSE,FALSE,4,2,2,2_2,7f94d650-41b9-4664-bcde-dc8533e4602d,NA
6,147091850,147091850,1,snv_mnv,NA,NA,"broad,dkfz,muse,sanger",4,COSN9496274,NA,MER117,FALSE,0.1765,NA,12,56,NA,NA,NA,Intron,FALSE,FALSE,FALSE,FALSE,4,2,2,2_2,7f94d650-41b9-4664-bcde-dc8533e4602d,NA
6,153657697,153657697,1,snv_mnv,1.9968e-4,rs539218892,"broad,dkfz,muse,sanger",4,COSN8794778,rs539218892,THE1B,FALSE,0.2267,NA,17,58,NA,NA,NA,Intron,FALSE,FALSE,FALSE,FALSE,4,2,2,2_2,7f94d650-41b9-4664-bcde-dc8533e4602d,NA
6,153726212,153726212,1,snv_mnv,NA,NA,"broad,muse,sanger",3,COSN4953581,NA,MER4B,FALSE,0.0988,NA,8,73,NA,NA,NA,IGR,FALSE,FALSE,FALSE,FALSE,4,2,2,2_2,7f94d650-41b9-4664-bcde-dc8533e4602d,NA
6,153854012,153854012,1,snv_mnv,NA,NA,"broad,dkfz,muse,sanger",4,COSN17410219,NA,L1PA16,FALSE,0.1408,NA,10,61,NA,NA,NA,IGR,FALSE,FALSE,FALSE,FALSE,4,2,2,2_2,7f94d650-41b9-4664-bcde-dc8533e4602d,NA
6,154360691,154360691,1,snv_mnv,NA,NA,"broad,dkfz,muse,sanger",4,COSM3859794,NA,NA,FALSE,0.1207,NA,7,51,NA,NA,NA,Silent,FALSE,FALSE,FALSE,FALSE,4,2,2,2_2,7f94d650-41b9-4664-bcde-dc8533e4602d,NA
6,156539970,156539970,1,snv_mnv,NA,NA,"broad,dkfz,muse,sanger",4,COSN15224128,NA,NA,FALSE,0.2658,NA,21,58,NA,NA,NA,IGR,FALSE,FALSE,FALSE,FALSE,4,2,2,2_2,7f94d650-41b9-4664-bcde-dc8533e4602d,NA
6,162235602,162235602,1,snv_mnv,NA,NA,"broad,muse,sanger",3,COSN15268997,NA,AluSp,FALSE,0.0909,NA,6,60,NA,NA,NA,Intron,FALSE,FALSE,FALSE,FALSE,4,2,2,2_2,7f94d650-41b9-4664-bcde-dc8533e4602d,NA
6,162304111,162304111,1,snv_mnv,NA,NA,"broad,dkfz,muse,sanger",4,COSN19157899,NA,NA,FALSE,0.28,NA,21,54,NA,NA,NA,Intron,FALSE,FALSE,FALSE,FALSE,4,2,2,2_2,7f94d650-41b9-4664-bcde-dc8533e4602d,NA
6,164312323,164312323,1,snv_mnv,NA,NA,"broad,dkfz,muse,sanger",4,COSN7862880,NA,NA,FALSE,0.2286,NA,16,54,NA,NA,NA,IGR,FALSE,FALSE,FALSE,FALSE,4,2,2,2_2,7f94d650-41b9-4664-bcde-dc8533e4602d,NA
6,164700221,164700221,1,snv_mnv,NA,NA,"broad,dkfz,muse,sanger",4,COSN19445787,NA,THE1C-int,FALSE,0.1864,NA,11,48,NA,NA,NA,IGR,FALSE,FALSE,FALSE,FALSE,4,2,2,2_2,7f94d650-41b9-4664-bcde-dc8533e4602d,NA
6,164833342,164833342,1,snv_mnv,NA,NA,"broad,dkfz,muse,sanger",4,COSN7863228,NA,MER113,FALSE,0.1739,NA,12,57,NA,NA,NA,IGR,FALSE,FALSE,FALSE,FALSE,4,2,2,2_2,7f94d650-41b9-4664-bcde-dc8533e4602d,NA
6,164864795,164864795,1,snv_mnv,NA,NA,"broad,sanger",2,COSN16694171,NA,MLT1A1-int,FALSE,0.0633,NA,5,74,NA,NA,NA,IGR,FALSE,FALSE,FALSE,FALSE,4,2,2,2_2,7f94d650-41b9-4664-bcde-dc8533e4602d,NA
6,164944664,164944664,1,snv_mnv,NA,NA,"broad,dkfz,muse,sanger",4,COSN17342237,NA,NA,FALSE,0.1139,NA,9,70,NA,NA,NA,IGR,FALSE,FALSE,FALSE,FALSE,4,2,2,2_2,7f94d650-41b9-4664-bcde-dc8533e4602d,NA
6,164974575,164974575,1,snv_mnv,NA,NA,"broad,dkfz,sanger",3,COSN8795666,NA,NA,FALSE,0.0658,NA,5,71,NA,NA,NA,IGR,FALSE,FALSE,FALSE,FALSE,4,2,2,2_2,7f94d650-41b9-4664-bcde-dc8533e4602d,NA
6,165270659,165270659,1,snv_mnv,NA,NA,"broad,dkfz,muse,sanger",4,COSN15121512,NA,Tigger3b,FALSE,0.3472,NA,25,47,NA,NA,NA,IGR,FALSE,FALSE,FALSE,FALSE,4,2,2,2_2,7f94d650-41b9-4664-bcde-dc8533e4602d,NA
7,4280339,4280339,1,snv_mnv,NA,NA,"broad,dkfz,muse,sanger",4,COSN8022615,NA,L2a,FALSE,0.1389,NA,10,62,NA,NA,NA,Intron,FALSE,FALSE,FALSE,FALSE,4,2,2,2_2,7f94d650-41b9-4664-bcde-dc8533e4602d,NA
7,8990222,8990222,1,snv_mnv,NA,NA,"broad,dkfz,muse,sanger",4,COSN17331266,NA,NA,FALSE,0.0952,NA,8,76,NA,NA,NA,IGR,FALSE,FALSE,FALSE,FALSE,4,2,2,2_2,7f94d650-41b9-4664-bcde-dc8533e4602d,NA
7,9206068,9206068,1,snv_mnv,NA,NA,"dkfz,muse",2,COSN8806943,NA,L1PA7,FALSE,0.1765,NA,9,42,NA,NA,NA,IGR,FALSE,FALSE,FALSE,FALSE,2,2,0,2_0,7f94d650-41b9-4664-bcde-dc8533e4602d,AC004852.3
7,9525845,9525845,1,snv_mnv,NA,NA,"broad,dkfz,muse,sanger",4,COSN17608510,NA,L1MB7,FALSE,0.15,NA,12,68,NA,NA,NA,IGR,FALSE,FALSE,FALSE,FALSE,4,2,2,2_2,7f94d650-41b9-4664-bcde-dc8533e4602d,NA
7,9528792,9528792,1,snv_mnv,NA,NA,"broad,dkfz,muse,sanger",4,COSN4873860,NA,L1PA15,FALSE,0.092,NA,8,79,NA,NA,NA,IGR,FALSE,FALSE,FALSE,FALSE,4,2,2,2_2,7f94d650-41b9-4664-bcde-dc8533e4602d,NA
7,9555846,9555846,1,snv_mnv,NA,NA,"broad,dkfz,muse,sanger",4,COSN17844809,NA,AT_rich,FALSE,0.1867,NA,14,61,NA,NA,NA,IGR,FALSE,FALSE,FALSE,FALSE,4,2,2,2_2,7f94d650-41b9-4664-bcde-dc8533e4602d,NA
7,9693839,9693839,1,snv_mnv,NA,NA,"broad,dkfz,muse,sanger",4,COSN5229897,NA,L1ME3A,FALSE,0.1325,NA,11,72,NA,NA,NA,IGR,FALSE,FALSE,FALSE,FALSE,4,2,2,2_2,7f94d650-41b9-4664-bcde-dc8533e4602d,NA
7,9881027,9881027,1,snv_mnv,NA,NA,"broad,dkfz,muse,sanger",4,COSN17579368,NA,NA,FALSE,0.1625,NA,13,67,NA,NA,NA,IGR,FALSE,FALSE,FALSE,FALSE,4,2,2,2_2,7f94d650-41b9-4664-bcde-dc8533e4602d,NA
7,9904186,9904186,1,snv_mnv,NA,NA,"broad,dkfz,muse,sanger",4,COSN14920994,NA,NA,FALSE,0.2449,NA,24,74,NA,NA,NA,IGR,FALSE,FALSE,FALSE,FALSE,4,2,2,2_2,7f94d650-41b9-4664-bcde-dc8533e4602d,NA
7,10431465,10431465,1,snv_mnv,NA,NA,"broad,dkfz,muse,sanger",4,COSN17796200,NA,NA,FALSE,0.0787,NA,7,82,NA,NA,NA,IGR,FALSE,FALSE,FALSE,FALSE,4,2,2,2_2,7f94d650-41b9-4664-bcde-dc8533e4602d,NA
7,10481972,10481972,1,snv_mnv,NA,NA,"broad,dkfz,muse,sanger",4,COSN17781994,NA,NA,FALSE,0.1408,NA,10,61,NA,NA,NA,IGR,FALSE,FALSE,FALSE,FALSE,4,2,2,2_2,7f94d650-41b9-4664-bcde-dc8533e4602d,NA
7,10497196,10497196,1,snv_mnv,NA,NA,"broad,dkfz,muse,sanger",4,COSN7918850,NA,L1MEc,FALSE,0.1882,NA,16,69,NA,NA,NA,IGR,FALSE,FALSE,FALSE,FALSE,4,2,2,2_2,7f94d650-41b9-4664-bcde-dc8533e4602d,NA
7,14405566,14405566,1,snv_mnv,1.9968e-4,rs563897301,"broad,dkfz,muse,sanger",4,COSN4866934,rs563897301,Charlie4z,FALSE,0.102,NA,10,88,NA,NA,NA,Intron,FALSE,FALSE,FALSE,FALSE,5,3,2,3_2,7f94d650-41b9-4664-bcde-dc8533e4602d,NA
7,19056712,19056712,1,snv_mnv,NA,NA,"broad,dkfz,muse",3,COSN16898431,rs200717967,L1M4c,FALSE,0.3407,NA,31,60,NA,NA,NA,IGR,FALSE,FALSE,FALSE,FALSE,5,3,2,3_2,7f94d650-41b9-4664-bcde-dc8533e4602d,NA
7,19614572,19614572,1,snv_mnv,NA,NA,"broad,dkfz,muse",3,COSN15272917,NA,Tigger1,FALSE,0.2632,NA,20,56,NA,NA,NA,lincRNA,FALSE,FALSE,FALSE,FALSE,5,3,2,3_2,7f94d650-41b9-4664-bcde-dc8533e4602d,NA
7,34593028,34593028,1,snv_mnv,NA,NA,"broad,dkfz,muse,sanger",4,COSN8800233,NA,L1PREC2,FALSE,0.0698,NA,6,80,NA,NA,NA,RNA,FALSE,FALSE,FALSE,FALSE,4,2,2,2_2,7f94d650-41b9-4664-bcde-dc8533e4602d,NA
7,38014471,38014471,1,snv_mnv,NA,NA,"broad,dkfz,muse,sanger",4,COSN15121993,NA,L2c,FALSE,0.1096,NA,8,65,NA,NA,NA,IGR,FALSE,FALSE,FALSE,FALSE,4,2,2,2_2,7f94d650-41b9-4664-bcde-dc8533e4602d,NA
7,40332630,40332630,1,snv_mnv,NA,NA,"broad,dkfz,muse,sanger",4,COSN16693846,NA,NA,FALSE,0.0833,NA,6,66,NA,NA,NA,Intron,FALSE,FALSE,FALSE,FALSE,4,2,2,2_2,7f94d650-41b9-4664-bcde-dc8533e4602d,NA
7,40504178,40504178,1,snv_mnv,NA,NA,"broad,dkfz,muse,sanger",4,COSN17299521,NA,NA,FALSE,0.0685,NA,5,68,NA,NA,NA,Intron,FALSE,FALSE,FALSE,FALSE,4,2,2,2_2,7f94d650-41b9-4664-bcde-dc8533e4602d,NA
7,40841451,40841451,1,snv_mnv,NA,NA,"broad,dkfz,muse,sanger",4,COSN15198244,NA,NA,FALSE,0.0938,NA,9,87,NA,NA,NA,Intron,FALSE,FALSE,FALSE,FALSE,4,2,2,2_2,7f94d650-41b9-4664-bcde-dc8533e4602d,NA
7,41787517,41787517,1,snv_mnv,NA,NA,"broad,dkfz,muse,sanger",4,COSN15307261,NA,MER41-int,FALSE,0.1163,NA,10,76,NA,NA,NA,RNA,FALSE,FALSE,FALSE,FALSE,4,2,2,2_2,7f94d650-41b9-4664-bcde-dc8533e4602d,NA
7,41903442,41903442,1,snv_mnv,NA,NA,"broad,dkfz,muse,sanger",4,COSN8570684,NA,MSTD,FALSE,0.1351,NA,10,64,NA,NA,NA,IGR,FALSE,FALSE,FALSE,FALSE,4,2,2,2_2,7f94d650-41b9-4664-bcde-dc8533e4602d,NA
7,42004052,42004052,1,snv_mnv,NA,NA,"broad,dkfz,muse,sanger",4,COSM1253294,rs748031460,NA,FALSE,0.1667,NA,11,55,NA,NA,NA,Missense_Mutation,FALSE,FALSE,FALSE,FALSE,4,2,2,2_2,7f94d650-41b9-4664-bcde-dc8533e4602d,NA
7,42244708,42244708,1,snv_mnv,NA,NA,"broad,dkfz,muse,sanger",4,COSN17321577,NA,NA,FALSE,0.1549,NA,11,60,NA,NA,NA,Intron,FALSE,FALSE,FALSE,FALSE,4,2,2,2_2,7f94d650-41b9-4664-bcde-dc8533e4602d,NA
7,42330569,42330569,1,snv_mnv,NA,NA,"broad,dkfz,muse,sanger",4,COSN15120080,NA,NA,FALSE,0.1053,NA,6,51,NA,NA,NA,IGR,FALSE,FALSE,FALSE,FALSE,4,2,2,2_2,7f94d650-41b9-4664-bcde-dc8533e4602d,NA
7,43169392,43169392,1,snv_mnv,NA,NA,"broad,dkfz,muse,sanger",4,COSN8302156,NA,MER2,FALSE,0.1412,NA,12,73,NA,NA,NA,Intron,FALSE,FALSE,FALSE,FALSE,4,2,2,2_2,7f94d650-41b9-4664-bcde-dc8533e4602d,NA
7,43175020,43175020,1,snv_mnv,NA,NA,"broad,muse,sanger",3,COSN17487007,NA,MLT1J,FALSE,0.0656,NA,4,57,NA,NA,NA,Intron,FALSE,FALSE,FALSE,FALSE,4,2,2,2_2,7f94d650-41b9-4664-bcde-dc8533e4602d,NA
7,43484504,43484504,1,snv_mnv,NA,NA,"broad,dkfz,muse,sanger",4,COSM4587404,rs770163676,NA,FALSE,0.2239,NA,15,52,NA,NA,NA,Missense_Mutation,FALSE,FALSE,FALSE,FALSE,4,2,2,2_2,7f94d650-41b9-4664-bcde-dc8533e4602d,NA
7,45426933,45426933,1,snv_mnv,NA,NA,"broad,dkfz,muse,sanger",4,COSN15101517,NA,NA,FALSE,0.0984,NA,6,55,NA,NA,NA,IGR,FALSE,FALSE,FALSE,FALSE,4,2,2,2_2,7f94d650-41b9-4664-bcde-dc8533e4602d,ELK1P1
7,48542928,48542928,1,snv_mnv,NA,NA,"broad,dkfz,muse,sanger",4,COSN17722529,NA,AluJo,FALSE,0.1279,NA,11,75,NA,NA,NA,Intron,FALSE,FALSE,FALSE,FALSE,4,2,2,2_2,7f94d650-41b9-4664-bcde-dc8533e4602d,ABCA13
7,48750341,48750341,1,snv_mnv,NA,NA,"broad,dkfz,muse,sanger",4,COSN17633102,NA,NA,FALSE,0.1375,NA,11,69,NA,NA,NA,IGR,FALSE,FALSE,FALSE,FALSE,4,2,2,2_2,7f94d650-41b9-4664-bcde-dc8533e4602d,NA
7,48906264,48906264,1,snv_mnv,NA,NA,"broad,muse,sanger",3,COSN17718482,NA,AluY,FALSE,0.1148,NA,7,54,NA,NA,NA,IGR,FALSE,FALSE,FALSE,FALSE,4,2,2,2_2,7f94d650-41b9-4664-bcde-dc8533e4602d,NA
7,49029119,49029119,1,snv_mnv,NA,NA,"dkfz,sanger",2,COSN8801994,NA,NA,FALSE,0.058,NA,4,65,NA,NA,NA,IGR,FALSE,FALSE,FALSE,FALSE,4,2,2,2_2,7f94d650-41b9-4664-bcde-dc8533e4602d,NA
7,49125588,49125588,1,snv_mnv,NA,NA,"broad,muse,sanger",3,COSN8570943,NA,L1ME3E,FALSE,0.0595,NA,5,79,NA,NA,NA,IGR,FALSE,FALSE,FALSE,FALSE,4,2,2,2_2,7f94d650-41b9-4664-bcde-dc8533e4602d,NA
7,49147127,49147127,1,snv_mnv,NA,NA,"broad,muse",2,COSN5225938,NA,THE1B-int,FALSE,0.0597,NA,4,63,NA,NA,NA,IGR,FALSE,FALSE,FALSE,FALSE,4,2,2,2_2,7f94d650-41b9-4664-bcde-dc8533e4602d,NA
7,49374411,49374411,1,snv_mnv,NA,NA,"broad,dkfz,muse,sanger",4,COSN8802093,NA,L1MA4A,FALSE,0.1556,NA,14,76,NA,NA,NA,IGR,FALSE,FALSE,FALSE,FALSE,4,2,2,2_2,7f94d650-41b9-4664-bcde-dc8533e4602d,NA
7,49465311,49465311,1,snv_mnv,NA,NA,"broad,dkfz,muse,sanger",4,COSN17728318,NA,LTR71B,FALSE,0.2727,NA,15,40,NA,NA,NA,IGR,FALSE,FALSE,FALSE,FALSE,4,2,2,2_2,7f94d650-41b9-4664-bcde-dc8533e4602d,NA
7,52500749,52500749,1,snv_mnv,NA,NA,"broad,dkfz,muse,sanger",4,COSN14454783,NA,NA,FALSE,0.1447,NA,11,65,NA,NA,NA,IGR,FALSE,FALSE,FALSE,FALSE,4,2,2,2_2,7f94d650-41b9-4664-bcde-dc8533e4602d,NA
7,52944195,52944195,1,snv_mnv,NA,NA,"broad,dkfz,muse,sanger",4,COSN17385871,NA,NA,FALSE,0.25,NA,20,60,NA,NA,NA,IGR,FALSE,FALSE,FALSE,FALSE,4,2,2,2_2,7f94d650-41b9-4664-bcde-dc8533e4602d,NA
7,53446556,53446556,1,snv_mnv,NA,NA,"broad,dkfz,muse,sanger",4,COSN8802628,NA,NA,FALSE,0.2593,NA,21,60,NA,NA,NA,IGR,FALSE,FALSE,FALSE,FALSE,4,2,2,2_2,7f94d650-41b9-4664-bcde-dc8533e4602d,NA
7,53447610,53447610,1,snv_mnv,NA,NA,"broad,dkfz,muse,sanger",4,COSN17704516,NA,NA,FALSE,0.1194,NA,8,59,NA,NA,NA,IGR,FALSE,FALSE,FALSE,FALSE,4,2,2,2_2,7f94d650-41b9-4664-bcde-dc8533e4602d,NA
7,53580375,53580375,1,snv_mnv,NA,NA,"broad,dkfz,muse,sanger",4,COSN17577517,NA,MIRb,FALSE,0.1351,NA,10,64,NA,NA,NA,lincRNA,FALSE,FALSE,FALSE,FALSE,4,2,2,2_2,7f94d650-41b9-4664-bcde-dc8533e4602d,AC009468.2
7,53602950,53602950,1,snv_mnv,NA,NA,"broad,dkfz,muse,sanger",4,COSN14839527,NA,NA,FALSE,0.2386,NA,21,67,NA,NA,NA,IGR,FALSE,FALSE,FALSE,FALSE,4,2,2,2_2,7f94d650-41b9-4664-bcde-dc8533e4602d,NA
7,53791096,53791096,1,snv_mnv,NA,NA,"broad,muse,sanger",3,COSN8802733,NA,NA,FALSE,0.0833,NA,6,66,NA,NA,NA,lincRNA,FALSE,FALSE,FALSE,FALSE,4,2,2,2_2,7f94d650-41b9-4664-bcde-dc8533e4602d,NA
7,53823763,53823763,1,snv_mnv,NA,NA,"broad,dkfz,muse,sanger",4,COSN15049702,NA,L1MCb,FALSE,0.1304,NA,6,40,NA,NA,NA,lincRNA,FALSE,FALSE,FALSE,FALSE,4,2,2,2_2,7f94d650-41b9-4664-bcde-dc8533e4602d,NA
7,53871943,53871943,1,snv_mnv,NA,NA,"broad,dkfz,muse,sanger",4,COSN5226529,NA,L1M4b,FALSE,0.0941,NA,8,77,NA,NA,NA,lincRNA,FALSE,FALSE,FALSE,FALSE,4,2,2,2_2,7f94d650-41b9-4664-bcde-dc8533e4602d,NA
7,53956252,53956252,1,snv_mnv,NA,NA,"broad,dkfz,muse,sanger",4,COSN8028319,NA,L1MC4a,FALSE,0.321,NA,26,55,NA,NA,NA,IGR,FALSE,FALSE,FALSE,FALSE,4,2,2,2_2,7f94d650-41b9-4664-bcde-dc8533e4602d,NA
7,54078877,54078877,1,snv_mnv,NA,NA,"broad,dkfz,muse,sanger",4,COSN17884228,NA,L1MA7,FALSE,0.0941,NA,8,77,NA,NA,NA,IGR,FALSE,FALSE,FALSE,FALSE,4,2,2,2_2,7f94d650-41b9-4664-bcde-dc8533e4602d,NA
7,54371035,54371035,1,snv_mnv,NA,NA,"broad,dkfz,muse,sanger",4,COSN19049191,NA,AluSg4,FALSE,0.1719,NA,11,53,NA,NA,NA,IGR,FALSE,FALSE,FALSE,FALSE,4,2,2,2_2,7f94d650-41b9-4664-bcde-dc8533e4602d,NA
7,55879653,55879653,1,snv_mnv,NA,NA,"broad,dkfz,muse,sanger",4,COSN15253859,NA,AluSz6,FALSE,0.2647,NA,18,50,NA,NA,NA,Intron,FALSE,FALSE,FALSE,FALSE,4,2,2,2_2,7f94d650-41b9-4664-bcde-dc8533e4602d,AC092647.3
7,56240653,56240653,1,snv_mnv,NA,NA,"broad,muse,sanger",3,COSN8029414,NA,AluSx,FALSE,0.1964,NA,11,45,NA,NA,NA,IGR,FALSE,FALSE,FALSE,FALSE,4,2,2,2_2,7f94d650-41b9-4664-bcde-dc8533e4602d,AC006970.2
7,56550078,56550078,1,snv_mnv,NA,NA,"broad,dkfz,muse,sanger",4,COSN18283122,NA,NA,FALSE,0.2063,NA,13,50,NA,NA,NA,lincRNA,FALSE,FALSE,FALSE,FALSE,4,2,2,2_2,7f94d650-41b9-4664-bcde-dc8533e4602d,NA
7,56650740,56650740,1,snv_mnv,NA,NA,"broad,muse,sanger",3,COSN17721495,NA,L1M2,FALSE,0.175,NA,14,66,NA,NA,NA,IGR,FALSE,FALSE,FALSE,FALSE,4,2,2,2_2,7f94d650-41b9-4664-bcde-dc8533e4602d,AC092447.6
7,56723026,56723026,1,snv_mnv,NA,NA,"broad,muse",2,COSN17836014,NA,L1M1,FALSE,0.0702,NA,4,53,NA,NA,NA,IGR,FALSE,FALSE,FALSE,FALSE,4,2,2,2_2,7f94d650-41b9-4664-bcde-dc8533e4602d,AC095038.1
7,61558106,61558106,1,snv_mnv,NA,NA,"broad,muse",2,COSN17649636,NA,ALR/Alpha,FALSE,0.058,NA,8,130,NA,NA,NA,IGR,FALSE,FALSE,FALSE,FALSE,4,2,2,2_2,7f94d650-41b9-4664-bcde-dc8533e4602d,NA
7,62006207,62006207,1,snv_mnv,NA,NA,"broad,muse",2,COSN14800603,NA,ALR/Alpha,FALSE,0.2857,NA,22,55,NA,NA,NA,IGR,FALSE,FALSE,FALSE,FALSE,4,2,2,2_2,7f94d650-41b9-4664-bcde-dc8533e4602d,NA
7,62676468,62676468,1,snv_mnv,NA,NA,"broad,muse,sanger",3,COSN17557571,NA,L1M5,FALSE,0.0533,NA,4,71,NA,NA,NA,IGR,FALSE,FALSE,FALSE,FALSE,4,2,2,2_2,7f94d650-41b9-4664-bcde-dc8533e4602d,AC092001.1
7,63233170,63233170,1,snv_mnv,NA,NA,"broad,dkfz,muse,sanger",4,COSN17723400,NA,NA,FALSE,0.0779,NA,6,71,NA,NA,NA,IGR,FALSE,FALSE,FALSE,FALSE,4,2,2,2_2,7f94d650-41b9-4664-bcde-dc8533e4602d,CICP24
7,63357330,63357330,1,snv_mnv,NA,NA,"broad,dkfz,muse,sanger",4,COSN17554025,NA,NA,FALSE,0.1389,NA,10,62,NA,NA,NA,lincRNA,FALSE,FALSE,FALSE,FALSE,4,2,2,2_2,7f94d650-41b9-4664-bcde-dc8533e4602d,"AC092634.3,GABPAP,AC092634.5"
7,63862903,63862903,1,snv_mnv,NA,NA,"broad,dkfz,muse,sanger",4,COSN5227290,NA,HERVL-int,FALSE,0.1967,NA,12,49,NA,NA,NA,IGR,FALSE,FALSE,FALSE,FALSE,4,2,2,2_2,7f94d650-41b9-4664-bcde-dc8533e4602d,NA
7,63907728,63907728,1,snv_mnv,NA,NA,"broad,dkfz,muse,sanger",4,COSN17275992,NA,NA,FALSE,0.0891,NA,9,92,NA,NA,NA,IGR,FALSE,FALSE,FALSE,FALSE,4,2,2,2_2,7f94d650-41b9-4664-bcde-dc8533e4602d,VN1R40P
7,67312394,67312394,1,snv_mnv,NA,NA,"broad,dkfz,muse,sanger",4,COSN5227475,NA,NA,FALSE,0.3452,NA,29,55,NA,NA,NA,IGR,FALSE,FALSE,FALSE,FALSE,4,2,2,2_2,7f94d650-41b9-4664-bcde-dc8533e4602d,NA
7,68215314,68215314,1,snv_mnv,NA,NA,"broad,dkfz,muse,sanger",4,COSN17752892,NA,AluJr,FALSE,0.2561,NA,21,61,NA,NA,NA,IGR,FALSE,FALSE,FALSE,FALSE,4,2,2,2_2,7f94d650-41b9-4664-bcde-dc8533e4602d,NA
7,68365734,68365734,1,snv_mnv,NA,NA,"broad,dkfz,muse,sanger",4,COSN17784110,NA,NA,FALSE,0.2179,NA,17,61,NA,NA,NA,IGR,FALSE,FALSE,FALSE,FALSE,4,2,2,2_2,7f94d650-41b9-4664-bcde-dc8533e4602d,NA
7,68631887,68631887,1,snv_mnv,NA,NA,"broad,muse,sanger",3,COSN19465727,NA,MSTB1,FALSE,0.1605,NA,13,68,NA,NA,NA,IGR,FALSE,FALSE,FALSE,FALSE,4,2,2,2_2,7f94d650-41b9-4664-bcde-dc8533e4602d,NA
7,69407420,69407420,1,snv_mnv,NA,NA,"broad,dkfz,muse,sanger",4,COSN17776995,NA,NA,FALSE,0.1325,NA,11,72,NA,NA,NA,Intron,FALSE,FALSE,FALSE,FALSE,4,2,2,2_2,7f94d650-41b9-4664-bcde-dc8533e4602d,NA
7,70997904,70997904,1,snv_mnv,NA,NA,"broad,dkfz,muse,sanger",4,COSN5228011,NA,NA,FALSE,0.0735,NA,5,63,NA,NA,NA,Intron,FALSE,FALSE,FALSE,FALSE,4,2,2,2_2,7f94d650-41b9-4664-bcde-dc8533e4602d,NA
7,71160686,71160686,1,snv_mnv,NA,NA,"broad,dkfz,muse,sanger",4,COSN14809153,NA,L1ME1,FALSE,0.1111,NA,9,72,NA,NA,NA,Intron,FALSE,FALSE,FALSE,FALSE,4,2,2,2_2,7f94d650-41b9-4664-bcde-dc8533e4602d,NA
7,71574222,71574222,1,snv_mnv,1.9968e-4,rs181702363,"broad,dkfz,muse",3,COSN8805003,rs181702363,MIR3,FALSE,0.16,NA,12,63,NA,NA,NA,Intron,FALSE,FALSE,FALSE,FALSE,4,2,2,2_2,7f94d650-41b9-4664-bcde-dc8533e4602d,NA
7,78004993,78004993,1,snv_mnv,NA,NA,"broad,dkfz,sanger",3,COSN17392009,NA,NA,FALSE,0.0625,NA,5,75,NA,NA,NA,Intron,FALSE,FALSE,FALSE,FALSE,4,2,2,2_2,7f94d650-41b9-4664-bcde-dc8533e4602d,NA
7,78537863,78537863,1,snv_mnv,NA,NA,"broad,dkfz,muse,sanger",4,COSN5228390,NA,NA,FALSE,0.0946,NA,7,67,NA,NA,NA,Intron,FALSE,FALSE,FALSE,FALSE,4,2,2,2_2,7f94d650-41b9-4664-bcde-dc8533e4602d,NA
7,79216377,79216377,1,snv_mnv,NA,NA,"broad,dkfz,muse,sanger",4,COSN14921944,NA,NA,FALSE,0.1609,NA,14,73,NA,NA,NA,IGR,FALSE,FALSE,FALSE,FALSE,4,2,2,2_2,7f94d650-41b9-4664-bcde-dc8533e4602d,NA
7,79220659,79220659,1,snv_mnv,NA,NA,"broad,dkfz,muse,sanger",4,COSN8805400,NA,L1MEf,FALSE,0.1705,NA,15,73,NA,NA,NA,IGR,FALSE,FALSE,FALSE,FALSE,4,2,2,2_2,7f94d650-41b9-4664-bcde-dc8533e4602d,NA
7,79523798,79523798,1,snv_mnv,NA,NA,"broad,dkfz,sanger",3,COSN17363389,NA,NA,FALSE,0.0617,NA,5,76,NA,NA,NA,IGR,FALSE,FALSE,FALSE,FALSE,4,2,2,2_2,7f94d650-41b9-4664-bcde-dc8533e4602d,NA
7,79535254,79535254,1,snv_mnv,NA,NA,"broad,dkfz,muse,sanger",4,COSN8805437,NA,NA,FALSE,0.3125,NA,30,66,NA,NA,NA,IGR,FALSE,FALSE,FALSE,FALSE,4,2,2,2_2,7f94d650-41b9-4664-bcde-dc8533e4602d,NA
7,79792876,79792876,1,snv_mnv,NA,NA,"broad,dkfz,muse,sanger",4,COSN8805489,NA,NA,FALSE,0.1059,NA,9,76,NA,NA,NA,Intron,FALSE,FALSE,FALSE,FALSE,4,2,2,2_2,7f94d650-41b9-4664-bcde-dc8533e4602d,NA
7,81739441,81739441,1,snv_mnv,NA,NA,"broad,dkfz,muse,sanger",4,COSN5228604,NA,NA,FALSE,0.1159,NA,8,61,NA,NA,NA,Intron,FALSE,FALSE,FALSE,FALSE,4,2,2,2_2,7f94d650-41b9-4664-bcde-dc8533e4602d,NA
7,83129460,83129460,1,snv_mnv,NA,NA,"broad,dkfz,muse,sanger",4,COSN14501838,NA,NA,FALSE,0.12,NA,6,44,NA,NA,NA,Intron,FALSE,FALSE,FALSE,FALSE,4,2,2,2_2,7f94d650-41b9-4664-bcde-dc8533e4602d,NA
7,84671602,84671602,1,snv_mnv,NA,NA,"broad,dkfz,muse,sanger",4,COSM1313342,NA,NA,FALSE,0.2625,NA,21,59,NA,NA,NA,Splice_Site,FALSE,FALSE,FALSE,FALSE,4,2,2,2_2,7f94d650-41b9-4664-bcde-dc8533e4602d,SEMA3D
7,85126227,85126227,1,snv_mnv,NA,NA,"broad,muse,sanger",3,COSN16846510,NA,L1MEb,FALSE,0.075,NA,6,74,NA,NA,NA,IGR,FALSE,FALSE,FALSE,FALSE,4,2,2,2_2,7f94d650-41b9-4664-bcde-dc8533e4602d,NA
7,85353423,85353423,1,snv_mnv,NA,NA,"broad,dkfz,muse,sanger",4,COSN8043451,NA,NA,FALSE,0.1235,NA,10,71,NA,NA,NA,IGR,FALSE,FALSE,FALSE,FALSE,4,2,2,2_2,7f94d650-41b9-4664-bcde-dc8533e4602d,NA
7,86100501,86100501,1,snv_mnv,NA,NA,"broad,dkfz,muse,sanger",4,COSN15283982,NA,NA,FALSE,0.0882,NA,9,93,NA,NA,NA,IGR,FALSE,FALSE,FALSE,FALSE,4,2,2,2_2,7f94d650-41b9-4664-bcde-dc8533e4602d,NA
7,87623772,87623772,1,snv_mnv,NA,NA,"broad,dkfz,muse,sanger",4,COSN8044812,NA,AluY,FALSE,0.2931,NA,17,41,NA,NA,NA,Intron,FALSE,FALSE,FALSE,FALSE,4,2,2,2_2,7f94d650-41b9-4664-bcde-dc8533e4602d,NA
7,87737565,87737565,1,snv_mnv,1.9968e-4,rs370938099,"broad,dkfz,muse,sanger",4,COSM5261332,rs370938099,NA,FALSE,0.0778,NA,7,83,NA,NA,NA,Silent,FALSE,FALSE,FALSE,FALSE,4,2,2,2_2,7f94d650-41b9-4664-bcde-dc8533e4602d,NA
7,88904355,88904355,1,snv_mnv,NA,NA,"broad,dkfz,muse,sanger",4,COSN8806573,NA,L2a,FALSE,0.1481,NA,12,69,NA,NA,NA,Intron,FALSE,FALSE,FALSE,FALSE,4,2,2,2_2,7f94d650-41b9-4664-bcde-dc8533e4602d,NA
7,93736201,93736201,1,snv_mnv,NA,NA,"broad,dkfz,muse,sanger",4,COSN16061924,NA,L1M5,FALSE,0.1368,NA,13,82,NA,NA,NA,IGR,FALSE,FALSE,FALSE,FALSE,4,2,2,2_2,7f94d650-41b9-4664-bcde-dc8533e4602d,NA
7,96044541,96044541,1,snv_mnv,NA,NA,"broad,dkfz,muse,sanger",4,COSN8048623,NA,NA,FALSE,0.3158,NA,24,52,NA,NA,NA,IGR,FALSE,FALSE,FALSE,FALSE,4,2,2,2_2,7f94d650-41b9-4664-bcde-dc8533e4602d,NA
7,98562373,98562373,1,snv_mnv,NA,NA,"broad,dkfz,muse,sanger",4,COSM1643442,rs762461104,NA,FALSE,0.2381,NA,15,48,NA,NA,NA,Silent,FALSE,FALSE,FALSE,FALSE,4,2,2,2_2,7f94d650-41b9-4664-bcde-dc8533e4602d,NA
7,108512352,108512352,1,snv_mnv,NA,NA,"broad,dkfz,muse,sanger",4,COSN15058459,NA,MLT1D,FALSE,0.2778,NA,25,65,NA,NA,NA,IGR,FALSE,FALSE,FALSE,FALSE,4,2,2,2_2,7f94d650-41b9-4664-bcde-dc8533e4602d,NA
7,108714070,108714070,1,snv_mnv,NA,NA,"broad,dkfz,sanger",3,COSN17541057,NA,NA,FALSE,0.051,NA,5,93,NA,NA,NA,IGR,FALSE,FALSE,FALSE,FALSE,4,2,2,2_2,7f94d650-41b9-4664-bcde-dc8533e4602d,NA
7,108766368,108766368,1,snv_mnv,NA,NA,"broad,dkfz,muse,sanger",4,COSN15099381,NA,NA,FALSE,0.0947,NA,9,86,NA,NA,NA,IGR,FALSE,FALSE,FALSE,FALSE,4,2,2,2_2,7f94d650-41b9-4664-bcde-dc8533e4602d,NA
7,109429404,109429404,1,snv_mnv,NA,NA,"broad,dkfz,muse,sanger",4,COSN15168818,NA,L1M3,FALSE,0.1905,NA,12,51,NA,NA,NA,IGR,FALSE,FALSE,FALSE,FALSE,4,2,2,2_2,7f94d650-41b9-4664-bcde-dc8533e4602d,NA
7,109736836,109736836,1,snv_mnv,NA,NA,"broad,dkfz,muse,sanger",4,COSN14913136,NA,L1MA4,FALSE,0.0978,NA,9,83,NA,NA,NA,IGR,FALSE,FALSE,FALSE,FALSE,4,2,2,2_2,7f94d650-41b9-4664-bcde-dc8533e4602d,NA
7,112919350,112919350,1,snv_mnv,NA,NA,"broad,dkfz,muse,sanger",4,COSN17304139,NA,NA,FALSE,0.122,NA,10,72,NA,NA,NA,IGR,FALSE,FALSE,FALSE,FALSE,4,2,2,2_2,7f94d650-41b9-4664-bcde-dc8533e4602d,NA
7,114837413,114837413,1,snv_mnv,NA,NA,"broad,dkfz,muse,sanger",4,COSN14441743,NA,NA,FALSE,0.1711,NA,13,63,NA,NA,NA,lincRNA,FALSE,FALSE,FALSE,FALSE,4,2,2,2_2,7f94d650-41b9-4664-bcde-dc8533e4602d,NA
7,114918097,114918097,1,snv_mnv,NA,NA,"broad,dkfz,muse,sanger",4,COSN17670618,NA,NA,FALSE,0.0594,NA,6,95,NA,NA,NA,IGR,FALSE,FALSE,FALSE,FALSE,4,2,2,2_2,7f94d650-41b9-4664-bcde-dc8533e4602d,NA
7,115072713,115072713,1,snv_mnv,NA,NA,"broad,dkfz,muse,sanger",4,COSN17628100,NA,Tigger2a,FALSE,0.1351,NA,10,64,NA,NA,NA,IGR,FALSE,FALSE,FALSE,FALSE,4,2,2,2_2,7f94d650-41b9-4664-bcde-dc8533e4602d,NA
7,115166402,115166402,1,snv_mnv,NA,NA,"broad,dkfz,muse,sanger",4,COSN5644698,NA,NA,FALSE,0.1807,NA,15,68,NA,NA,NA,IGR,FALSE,FALSE,FALSE,FALSE,4,2,2,2_2,7f94d650-41b9-4664-bcde-dc8533e4602d,NA
7,115174771,115174771,1,snv_mnv,NA,NA,"broad,dkfz,muse,sanger",4,COSN15078627,NA,NA,FALSE,0.2254,NA,16,55,NA,NA,NA,IGR,FALSE,FALSE,FALSE,FALSE,4,2,2,2_2,7f94d650-41b9-4664-bcde-dc8533e4602d,NA
7,117009784,117009784,1,snv_mnv,NA,NA,"broad,dkfz,muse,sanger",4,COSN18035524,NA,L2c,FALSE,0.127,NA,8,55,NA,NA,NA,Intron,FALSE,FALSE,FALSE,FALSE,4,2,2,2_2,7f94d650-41b9-4664-bcde-dc8533e4602d,NA
7,118096250,118096250,1,snv_mnv,NA,NA,"broad,dkfz,muse,sanger",4,COSN17394774,NA,NA,FALSE,0.10780000000000001,NA,11,91,NA,NA,NA,IGR,FALSE,FALSE,FALSE,FALSE,4,2,2,2_2,7f94d650-41b9-4664-bcde-dc8533e4602d,NA
7,118432328,118432328,1,snv_mnv,NA,NA,"broad,dkfz,muse,sanger",4,COSN17824517,NA,MSTA-int,FALSE,0.1375,NA,11,69,NA,NA,NA,IGR,FALSE,FALSE,FALSE,FALSE,4,2,2,2_2,7f94d650-41b9-4664-bcde-dc8533e4602d,NA
7,119248380,119248380,1,snv_mnv,NA,NA,"broad,dkfz,muse,sanger",4,COSN8404596,NA,NA,FALSE,0.2022,NA,18,71,NA,NA,NA,IGR,FALSE,FALSE,FALSE,FALSE,4,2,2,2_2,7f94d650-41b9-4664-bcde-dc8533e4602d,NA
7,119694267,119694267,1,snv_mnv,NA,NA,"broad,dkfz,muse,sanger",4,COSN17790616,NA,HERV3-int,FALSE,0.1111,NA,7,56,NA,NA,NA,IGR,FALSE,FALSE,FALSE,FALSE,4,2,2,2_2,7f94d650-41b9-4664-bcde-dc8533e4602d,NA
7,124021157,124021157,1,snv_mnv,NA,NA,"broad,dkfz,muse,sanger",4,COSN14910490,NA,L1M1,FALSE,0.1139,NA,9,70,NA,NA,NA,RNA,FALSE,FALSE,FALSE,FALSE,4,2,2,2_2,7f94d650-41b9-4664-bcde-dc8533e4602d,NA
7,124313715,124313715,1,snv_mnv,NA,NA,"broad,dkfz,muse,sanger",4,COSN15053308,NA,NA,FALSE,0.2892,NA,24,59,NA,NA,NA,IGR,FALSE,FALSE,FALSE,FALSE,4,2,2,2_2,7f94d650-41b9-4664-bcde-dc8533e4602d,NA
7,124786401,124786401,1,snv_mnv,NA,NA,"broad,dkfz,muse,sanger",4,COSN5646769,NA,L1ME2,FALSE,0.1163,NA,10,76,NA,NA,NA,RNA,FALSE,FALSE,FALSE,FALSE,4,2,2,2_2,7f94d650-41b9-4664-bcde-dc8533e4602d,"POT1-AS1,AC019155.3"
7,125165294,125165294,1,snv_mnv,1.9968e-4,rs572249561,"broad,dkfz,muse,sanger",4,COSN15266629,rs572249561,THE1B,FALSE,0.2985,NA,20,47,NA,NA,NA,IGR,FALSE,FALSE,FALSE,FALSE,4,2,2,2_2,7f94d650-41b9-4664-bcde-dc8533e4602d,NA
7,125299816,125299816,1,snv_mnv,NA,NA,"broad,dkfz,muse,sanger",4,COSN8786327,NA,NA,FALSE,0.2527,NA,23,68,NA,NA,NA,IGR,FALSE,FALSE,FALSE,FALSE,4,2,2,2_2,7f94d650-41b9-4664-bcde-dc8533e4602d,NA
7,125744261,125744261,1,snv_mnv,NA,NA,"broad,dkfz,muse,sanger",4,COSN8786461,NA,L2c,FALSE,0.1711,NA,13,63,NA,NA,NA,IGR,FALSE,FALSE,FALSE,FALSE,4,2,2,2_2,7f94d650-41b9-4664-bcde-dc8533e4602d,NA
7,126229953,126229953,1,snv_mnv,NA,NA,"broad,dkfz,muse,sanger",4,COSN7958708,NA,L1MA8,FALSE,0.1061,NA,7,59,NA,NA,NA,Intron,FALSE,FALSE,FALSE,FALSE,4,2,2,2_2,7f94d650-41b9-4664-bcde-dc8533e4602d,NA
7,136318760,136318760,1,snv_mnv,NA,NA,"broad,dkfz,muse,sanger",4,COSN4962216,NA,L1MA6,FALSE,0.15310000000000001,NA,15,83,NA,NA,NA,IGR,FALSE,FALSE,FALSE,FALSE,4,2,2,2_2,7f94d650-41b9-4664-bcde-dc8533e4602d,NA
7,136741025,136741025,1,snv_mnv,NA,NA,"broad,dkfz,muse,sanger",4,COSN8787370,NA,L1MC4a,FALSE,0.0965,NA,11,103,NA,NA,NA,RNA,FALSE,FALSE,FALSE,FALSE,4,2,2,2_2,7f94d650-41b9-4664-bcde-dc8533e4602d,NA
7,136917961,136917961,1,snv_mnv,NA,NA,"broad,dkfz,muse,sanger",4,COSN17633943,NA,MIRc,FALSE,0.0824,NA,7,78,NA,NA,NA,Intron,FALSE,FALSE,FALSE,FALSE,4,2,2,2_2,7f94d650-41b9-4664-bcde-dc8533e4602d,NA
7,141294469,141294469,1,snv_mnv,NA,NA,"dkfz,muse",2,COSN9833106,NA,AluSg,FALSE,0.1034,NA,9,78,NA,NA,NA,Intron,FALSE,FALSE,FALSE,FALSE,4,2,2,2_2,7f94d650-41b9-4664-bcde-dc8533e4602d,AGK
7,145015066,145015066,1,snv_mnv,NA,NA,"broad,dkfz,muse,sanger",4,COSN17275655,NA,L2a,FALSE,0.0978,NA,9,83,NA,NA,NA,IGR,FALSE,FALSE,FALSE,FALSE,4,2,2,2_2,7f94d650-41b9-4664-bcde-dc8533e4602d,NA
7,145664787,145664787,1,snv_mnv,NA,NA,"broad,dkfz,muse,sanger",4,COSN4867166,NA,L1PA6,FALSE,0.0789,NA,6,70,NA,NA,NA,IGR,FALSE,FALSE,FALSE,FALSE,4,2,2,2_2,7f94d650-41b9-4664-bcde-dc8533e4602d,NA
7,145809749,145809749,1,snv_mnv,NA,NA,"broad,dkfz,muse",3,COSN4962870,NA,NA,FALSE,0.1286,NA,9,61,NA,NA,NA,IGR,FALSE,FALSE,FALSE,FALSE,4,2,2,2_2,7f94d650-41b9-4664-bcde-dc8533e4602d,CNTNAP2
7,146067222,146067222,1,snv_mnv,NA,NA,"broad,dkfz,muse,sanger",4,COSN9835359,NA,L1M5,FALSE,0.127,NA,8,55,NA,NA,NA,Intron,FALSE,FALSE,FALSE,FALSE,4,2,2,2_2,7f94d650-41b9-4664-bcde-dc8533e4602d,NA
7,146070982,146070982,1,snv_mnv,NA,NA,"broad,dkfz,muse,sanger",4,COSN14899852,NA,HAL1,FALSE,0.087,NA,6,63,NA,NA,NA,Intron,FALSE,FALSE,FALSE,FALSE,4,2,2,2_2,7f94d650-41b9-4664-bcde-dc8533e4602d,NA
7,146380866,146380866,1,snv_mnv,NA,NA,"broad,dkfz,muse,sanger",4,COSN8405922,NA,NA,FALSE,0.1364,NA,12,76,NA,NA,NA,Intron,FALSE,FALSE,FALSE,FALSE,4,2,2,2_2,7f94d650-41b9-4664-bcde-dc8533e4602d,NA
7,147238135,147238135,1,snv_mnv,NA,NA,"broad,dkfz,muse,sanger",4,COSN8788388,NA,Tigger15a,FALSE,0.3286,NA,23,47,NA,NA,NA,Intron,FALSE,FALSE,FALSE,FALSE,4,2,2,2_2,7f94d650-41b9-4664-bcde-dc8533e4602d,NA
7,153040330,153040330,1,snv_mnv,NA,NA,"broad,dkfz,sanger",3,COSN8788812,NA,NA,FALSE,0.0845,NA,6,65,NA,NA,NA,IGR,FALSE,FALSE,FALSE,FALSE,4,2,2,2_2,7f94d650-41b9-4664-bcde-dc8533e4602d,NA
7,153223683,153223683,1,snv_mnv,NA,NA,"broad,dkfz,muse,sanger",4,COSN16539756,rs750127171,NA,FALSE,0.3333,NA,24,48,NA,NA,NA,IGR,FALSE,FALSE,FALSE,FALSE,4,2,2,2_2,7f94d650-41b9-4664-bcde-dc8533e4602d,NA
7,153328623,153328623,1,snv_mnv,NA,NA,"broad,dkfz,muse,sanger",4,COSN7969799,NA,NA,FALSE,0.2034,NA,12,47,NA,NA,NA,IGR,FALSE,FALSE,FALSE,FALSE,4,2,2,2_2,7f94d650-41b9-4664-bcde-dc8533e4602d,NA
7,153657101,153657101,1,snv_mnv,NA,NA,"broad,muse,sanger",3,COSN14837359,NA,Tigger1,FALSE,0.3226,NA,30,63,NA,NA,NA,Intron,FALSE,FALSE,FALSE,FALSE,4,2,2,2_2,7f94d650-41b9-4664-bcde-dc8533e4602d,NA
7,153833574,153833574,1,snv_mnv,NA,NA,"broad,dkfz,muse,sanger",4,COSN9937324,NA,NA,FALSE,0.2088,NA,19,72,NA,NA,NA,Intron,FALSE,FALSE,FALSE,FALSE,4,2,2,2_2,7f94d650-41b9-4664-bcde-dc8533e4602d,NA
7,153955813,153955813,1,snv_mnv,NA,NA,"broad,dkfz,muse,sanger",4,COSN15208902,NA,Tigger9b,FALSE,0.15,NA,12,68,NA,NA,NA,Intron,FALSE,FALSE,FALSE,FALSE,4,2,2,2_2,7f94d650-41b9-4664-bcde-dc8533e4602d,NA
7,153959444,153959444,1,snv_mnv,NA,NA,"broad,dkfz,muse,sanger",4,COSN15217231,NA,MLT1B,FALSE,0.1096,NA,8,65,NA,NA,NA,Intron,FALSE,FALSE,FALSE,FALSE,4,2,2,2_2,7f94d650-41b9-4664-bcde-dc8533e4602d,NA
7,154464844,154464844,1,snv_mnv,NA,NA,"broad,dkfz,muse",3,COSN8789121,NA,NA,FALSE,0.122,NA,10,72,NA,NA,NA,Intron,FALSE,FALSE,FALSE,FALSE,4,2,2,2_2,7f94d650-41b9-4664-bcde-dc8533e4602d,NA
7,157858474,157858474,1,snv_mnv,NA,NA,"broad,dkfz,muse,sanger",4,COSN14810846,NA,NA,FALSE,0.1594,NA,11,58,NA,NA,NA,Intron,FALSE,FALSE,FALSE,FALSE,4,2,2,2_2,7f94d650-41b9-4664-bcde-dc8533e4602d,NA
8,851119,851119,1,snv_mnv,0.0013978,rs183964446,"broad,sanger",2,COSN17748513,rs183964446,AluJr,FALSE,0.0789,NA,6,70,NA,NA,NA,RNA,FALSE,FALSE,FALSE,FALSE,3,2,1,2_1,7f94d650-41b9-4664-bcde-dc8533e4602d,NA
8,2444611,2444611,1,snv_mnv,1.9968e-4,rs535309479,"broad,dkfz,muse,sanger",4,COSN17619308,rs535309479,NA,FALSE,0.1884,NA,13,56,NA,NA,NA,lincRNA,FALSE,FALSE,FALSE,FALSE,3,2,1,2_1,7f94d650-41b9-4664-bcde-dc8533e4602d,AC245123.1
8,2583972,2583972,1,snv_mnv,NA,NA,"broad,muse,sanger",3,COSN5234456,NA,L1MEc,FALSE,0.0694,NA,5,67,NA,NA,NA,lincRNA,FALSE,FALSE,FALSE,FALSE,3,2,1,2_1,7f94d650-41b9-4664-bcde-dc8533e4602d,AC246817.1
8,2967726,2967726,1,snv_mnv,NA,NA,"broad,dkfz,muse,sanger",4,COSM5101616,NA,NA,FALSE,0.193,NA,11,46,NA,NA,NA,Missense_Mutation,FALSE,FALSE,FALSE,FALSE,3,2,1,2_1,7f94d650-41b9-4664-bcde-dc8533e4602d,NA
8,3040620,3040620,1,snv_mnv,NA,NA,"broad,dkfz,muse,sanger",4,COSN19044992,NA,NA,FALSE,0.1395,NA,6,37,NA,NA,NA,Intron,FALSE,FALSE,FALSE,FALSE,3,2,1,2_1,7f94d650-41b9-4664-bcde-dc8533e4602d,NA
8,3081281,3081281,1,snv_mnv,1.9968e-4,rs571113460,"broad,dkfz,muse,sanger",4,COSM4772151,rs571113460,NA,FALSE,0.137,NA,10,63,NA,NA,NA,Missense_Mutation,FALSE,FALSE,FALSE,FALSE,3,2,1,2_1,7f94d650-41b9-4664-bcde-dc8533e4602d,NA
8,4146320,4146320,1,snv_mnv,NA,NA,"broad,dkfz,muse,sanger",4,COSN15111311,NA,NA,FALSE,0.0968,NA,6,56,NA,NA,NA,Intron,FALSE,FALSE,FALSE,FALSE,3,2,1,2_1,7f94d650-41b9-4664-bcde-dc8533e4602d,NA
8,4352012,4352012,1,snv_mnv,NA,NA,"broad,dkfz,muse,sanger",4,COSN17772493,NA,NA,FALSE,0.1429,NA,9,54,NA,NA,NA,Intron,FALSE,FALSE,FALSE,FALSE,3,2,1,2_1,7f94d650-41b9-4664-bcde-dc8533e4602d,NA
8,4607155,4607155,1,snv_mnv,NA,NA,"broad,muse",2,COSN8856882,NA,NA,FALSE,0.18,NA,9,41,NA,NA,NA,Intron,FALSE,FALSE,FALSE,FALSE,3,2,1,2_1,7f94d650-41b9-4664-bcde-dc8533e4602d,NA
8,4829937,4829937,1,snv_mnv,NA,NA,"broad,dkfz,muse,sanger",4,COSN15273722,NA,THE1D,FALSE,0.1176,NA,6,45,NA,NA,NA,Intron,FALSE,FALSE,FALSE,FALSE,3,2,1,2_1,7f94d650-41b9-4664-bcde-dc8533e4602d,NA
8,4953952,4953952,1,snv_mnv,NA,NA,"broad,dkfz,muse,sanger",4,COSN8857312,NA,L1MCa,FALSE,0.1375,NA,11,69,NA,NA,NA,IGR,FALSE,FALSE,FALSE,FALSE,3,2,1,2_1,7f94d650-41b9-4664-bcde-dc8533e4602d,NA
8,5042225,5042225,1,snv_mnv,NA,NA,"broad,dkfz,muse,sanger",4,COSN5236111,NA,MER34B-int,FALSE,0.1667,NA,12,60,NA,NA,NA,IGR,FALSE,FALSE,FALSE,FALSE,3,2,1,2_1,7f94d650-41b9-4664-bcde-dc8533e4602d,NA
8,5434465,5434465,1,snv_mnv,NA,NA,"broad,dkfz,muse,sanger",4,COSN17803289,NA,NA,FALSE,0.0933,NA,7,68,NA,NA,NA,IGR,FALSE,FALSE,FALSE,FALSE,3,2,1,2_1,7f94d650-41b9-4664-bcde-dc8533e4602d,NA
8,5647524,5647524,1,snv_mnv,NA,NA,"broad,dkfz,muse,sanger",4,COSN8091859,rs767020317,NA,FALSE,0.1833,NA,11,49,NA,NA,NA,IGR,FALSE,FALSE,FALSE,FALSE,3,2,1,2_1,7f94d650-41b9-4664-bcde-dc8533e4602d,NA
8,5958504,5958504,1,snv_mnv,NA,NA,"broad,dkfz,muse,sanger",4,COSN15021299,NA,MIRb,FALSE,0.1299,NA,10,67,NA,NA,NA,lincRNA,FALSE,FALSE,FALSE,FALSE,3,2,1,2_1,7f94d650-41b9-4664-bcde-dc8533e4602d,NA
8,14388518,14388518,1,snv_mnv,NA,NA,"broad,dkfz,muse,sanger",4,COSN17741476,NA,LTR27B,FALSE,0.1311,NA,8,53,NA,NA,NA,Intron,FALSE,FALSE,FALSE,FALSE,3,2,1,2_1,7f94d650-41b9-4664-bcde-dc8533e4602d,NA
8,14976455,14976455,1,snv_mnv,NA,NA,"broad,dkfz,muse,sanger",4,COSN14509975,NA,NA,FALSE,0.1299,NA,10,67,NA,NA,NA,Intron,FALSE,FALSE,FALSE,FALSE,3,2,1,2_1,7f94d650-41b9-4664-bcde-dc8533e4602d,NA
8,15152195,15152195,1,snv_mnv,NA,NA,"broad,muse",2,COSN15215852,NA,NA,FALSE,0.0465,NA,4,82,NA,NA,NA,IGR,FALSE,FALSE,FALSE,FALSE,3,2,1,2_1,7f94d650-41b9-4664-bcde-dc8533e4602d,NA
8,15264910,15264910,1,snv_mnv,NA,NA,"broad,dkfz,muse,sanger",4,COSN7668613,NA,NA,FALSE,0.3281,NA,21,43,NA,NA,NA,IGR,FALSE,FALSE,FALSE,FALSE,3,2,1,2_1,7f94d650-41b9-4664-bcde-dc8533e4602d,NA
8,15679060,15679060,1,snv_mnv,NA,NA,"broad,dkfz,muse,sanger",4,COSN17298159,NA,NA,FALSE,0.15,NA,9,51,NA,NA,NA,IGR,FALSE,FALSE,FALSE,FALSE,3,2,1,2_1,7f94d650-41b9-4664-bcde-dc8533e4602d,NA
8,31843960,31843960,1,snv_mnv,NA,NA,"broad,dkfz,muse,sanger",4,COSN17511240,NA,MIRb,FALSE,0.1096,NA,8,65,NA,NA,NA,Intron,FALSE,FALSE,FALSE,FALSE,3,2,1,2_1,7f94d650-41b9-4664-bcde-dc8533e4602d,NA
8,33611067,33611067,1,snv_mnv,NA,NA,"broad,dkfz,muse,sanger",4,COSN14583094,NA,L1PB1,FALSE,0.0909,NA,7,70,NA,NA,NA,IGR,FALSE,FALSE,FALSE,FALSE,3,2,1,2_1,7f94d650-41b9-4664-bcde-dc8533e4602d,AF279873.3
8,33768185,33768185,1,snv_mnv,NA,NA,"broad,dkfz,muse,sanger",4,COSN17365162,NA,L1MA8,FALSE,0.2105,NA,16,60,NA,NA,NA,IGR,FALSE,FALSE,FALSE,FALSE,3,2,1,2_1,7f94d650-41b9-4664-bcde-dc8533e4602d,NA
8,34797466,34797466,1,snv_mnv,NA,NA,"broad,dkfz,muse,sanger",4,COSN15206443,NA,NA,FALSE,0.1,NA,6,54,NA,NA,NA,IGR,FALSE,FALSE,FALSE,FALSE,3,2,1,2_1,7f94d650-41b9-4664-bcde-dc8533e4602d,NA
8,35891639,35891639,1,snv_mnv,5.9904e-4,rs184209649,"broad,dkfz,muse,sanger",4,COSN15602914,rs184209649,L1PA7,FALSE,0.1607,NA,9,47,NA,NA,NA,lincRNA,FALSE,FALSE,FALSE,FALSE,3,2,1,2_1,7f94d650-41b9-4664-bcde-dc8533e4602d,NA
8,36582991,36582991,1,snv_mnv,NA,NA,"broad,dkfz,muse,sanger",4,COSN8856259,NA,MER5B,FALSE,0.1594,NA,11,58,NA,NA,NA,lincRNA,FALSE,FALSE,FALSE,FALSE,3,2,1,2_1,7f94d650-41b9-4664-bcde-dc8533e4602d,NA
8,47271073,47271073,1,snv_mnv,NA,NA,"broad,muse",2,COSN16690577,NA,ALR/Alpha,FALSE,0.4875,NA,39,41,NA,NA,NA,IGR,FALSE,FALSE,FALSE,FALSE,4,3,1,3_1,7f94d650-41b9-4664-bcde-dc8533e4602d,NA
8,49152746,49152746,1,snv_mnv,NA,NA,"broad,dkfz,muse,sanger",4,COSN5235989,NA,HERV9-int,FALSE,0.1053,NA,8,68,NA,NA,NA,IGR,FALSE,FALSE,FALSE,FALSE,4,3,1,3_1,7f94d650-41b9-4664-bcde-dc8533e4602d,NA
8,50197171,50197171,1,snv_mnv,NA,NA,"broad,muse,sanger",3,COSN8088066,NA,LTR68,FALSE,0.058,NA,4,65,NA,NA,NA,IGR,FALSE,FALSE,FALSE,FALSE,4,3,1,3_1,7f94d650-41b9-4664-bcde-dc8533e4602d,NA
8,50216465,50216465,1,snv_mnv,NA,NA,"broad,dkfz,muse,sanger",4,COSN17528575,NA,NA,FALSE,0.1803,NA,11,50,NA,NA,NA,IGR,FALSE,FALSE,FALSE,FALSE,4,3,1,3_1,7f94d650-41b9-4664-bcde-dc8533e4602d,NA
8,50553251,50553251,1,snv_mnv,NA,NA,"broad,dkfz,muse,sanger",4,COSN15268873,NA,NA,FALSE,0.0897,NA,7,71,NA,NA,NA,IGR,FALSE,FALSE,FALSE,FALSE,4,3,1,3_1,7f94d650-41b9-4664-bcde-dc8533e4602d,NA
8,50668814,50668814,1,snv_mnv,NA,NA,"broad,dkfz,muse,sanger",4,COSN8088353,NA,AluSz,FALSE,0.1385,NA,9,56,NA,NA,NA,IGR,FALSE,FALSE,FALSE,FALSE,4,3,1,3_1,7f94d650-41b9-4664-bcde-dc8533e4602d,NA
8,50898703,50898703,1,snv_mnv,NA,NA,"broad,dkfz,muse,sanger",4,COSN17649701,NA,NA,FALSE,0.1519,NA,12,67,NA,NA,NA,Intron,FALSE,FALSE,FALSE,FALSE,4,3,1,3_1,7f94d650-41b9-4664-bcde-dc8533e4602d,NA
8,50928715,50928715,1,snv_mnv,NA,NA,"broad,muse,sanger",3,COSN8857615,NA,HSMAR1,FALSE,0.0851,NA,4,43,NA,NA,NA,Intron,FALSE,FALSE,FALSE,FALSE,4,3,1,3_1,7f94d650-41b9-4664-bcde-dc8533e4602d,NA
8,50941326,50941326,1,snv_mnv,NA,NA,"broad,dkfz,muse,sanger",4,COSN15254121,NA,L1MD2,FALSE,0.1596,NA,15,79,NA,NA,NA,Intron,FALSE,FALSE,FALSE,FALSE,4,3,1,3_1,7f94d650-41b9-4664-bcde-dc8533e4602d,NA
8,51178112,51178112,1,snv_mnv,NA,NA,"broad,dkfz,muse,sanger",4,COSN5236240,NA,L1MEe,FALSE,0.1047,NA,9,77,NA,NA,NA,Intron,FALSE,FALSE,FALSE,FALSE,4,3,1,3_1,7f94d650-41b9-4664-bcde-dc8533e4602d,NA
8,51200314,51200314,1,snv_mnv,NA,NA,"broad,dkfz,muse,sanger",4,COSN14500697,NA,NA,FALSE,0.15,NA,9,51,NA,NA,NA,Intron,FALSE,FALSE,FALSE,FALSE,4,3,1,3_1,7f94d650-41b9-4664-bcde-dc8533e4602d,SNTG1
8,51272980,51272980,1,snv_mnv,NA,NA,"broad,dkfz,muse,sanger",4,COSN17275240,NA,NA,FALSE,0.0602,NA,5,78,NA,NA,NA,Intron,FALSE,FALSE,FALSE,FALSE,4,3,1,3_1,7f94d650-41b9-4664-bcde-dc8533e4602d,NA
8,52127108,52127108,1,snv_mnv,NA,NA,"broad,dkfz,muse,sanger",4,COSN8857988,NA,NA,FALSE,0.0988,NA,8,73,NA,NA,NA,IGR,FALSE,FALSE,FALSE,FALSE,4,3,1,3_1,7f94d650-41b9-4664-bcde-dc8533e4602d,NA
8,55578236,55578236,1,snv_mnv,NA,NA,"broad,dkfz,muse,sanger",4,COSN8858388,NA,L1M3de,FALSE,0.1011,NA,9,80,NA,NA,NA,IGR,FALSE,FALSE,FALSE,FALSE,4,3,1,3_1,7f94d650-41b9-4664-bcde-dc8533e4602d,NA
8,60823446,60823446,1,snv_mnv,NA,NA,"broad,dkfz,muse,sanger",4,COSN15844646,NA,L1MA3,FALSE,0.274,NA,20,53,NA,NA,NA,IGR,FALSE,FALSE,FALSE,FALSE,3,2,1,2_1,7f94d650-41b9-4664-bcde-dc8533e4602d,NA
8,62272832,62272832,1,snv_mnv,NA,NA,"broad,dkfz,muse,sanger",4,COSN19533505,NA,NA,FALSE,0.0891,NA,9,92,NA,NA,NA,Intron,FALSE,FALSE,FALSE,FALSE,7,6,1,6_1,7f94d650-41b9-4664-bcde-dc8533e4602d,NA
8,64362417,64362417,1,snv_mnv,NA,NA,"broad,dkfz,muse,sanger",4,COSN14969181,NA,NA,FALSE,0.1392,NA,11,68,NA,NA,NA,IGR,FALSE,FALSE,FALSE,FALSE,4,3,1,3_1,7f94d650-41b9-4664-bcde-dc8533e4602d,NA
8,65052087,65052087,1,snv_mnv,NA,NA,"broad,dkfz,muse,sanger",4,COSN16696984,NA,L1MA4,FALSE,0.1852,NA,15,66,NA,NA,NA,RNA,FALSE,FALSE,FALSE,FALSE,4,3,1,3_1,7f94d650-41b9-4664-bcde-dc8533e4602d,NA
8,65443868,65443868,1,snv_mnv,NA,NA,"broad,dkfz,muse,sanger",4,COSN8859495,NA,L2c,FALSE,0.1429,NA,10,60,NA,NA,NA,IGR,FALSE,FALSE,FALSE,FALSE,4,3,1,3_1,7f94d650-41b9-4664-bcde-dc8533e4602d,NA
8,69796155,69796155,1,snv_mnv,NA,NA,"broad,dkfz,muse,sanger",4,COSN8860106,NA,LTR34,FALSE,0.1216,NA,9,65,NA,NA,NA,IGR,FALSE,FALSE,FALSE,FALSE,4,3,1,3_1,7f94d650-41b9-4664-bcde-dc8533e4602d,NA
8,70216898,70216898,1,snv_mnv,NA,NA,"broad,dkfz,muse,sanger",4,COSN14959534,NA,THE1B,FALSE,0.0882,NA,6,62,NA,NA,NA,IGR,FALSE,FALSE,FALSE,FALSE,4,3,1,3_1,7f94d650-41b9-4664-bcde-dc8533e4602d,NA
8,70302960,70302960,1,snv_mnv,NA,NA,"broad,dkfz,muse,sanger",4,COSN17833954,NA,L2c,FALSE,0.1348,NA,12,77,NA,NA,NA,IGR,FALSE,FALSE,FALSE,FALSE,4,3,1,3_1,7f94d650-41b9-4664-bcde-dc8533e4602d,NA
8,72436521,72436521,1,snv_mnv,NA,NA,"broad,dkfz,muse,sanger",4,COSN15208602,NA,NA,FALSE,0.1122,NA,11,87,NA,NA,NA,Intron,FALSE,FALSE,FALSE,FALSE,4,3,1,3_1,7f94d650-41b9-4664-bcde-dc8533e4602d,NA
8,73168841,73168841,1,snv_mnv,NA,NA,"broad,dkfz,muse,sanger",4,COSN16509999,NA,NA,FALSE,0.0897,NA,7,71,NA,NA,NA,IGR,FALSE,FALSE,FALSE,FALSE,5,4,1,4_1,7f94d650-41b9-4664-bcde-dc8533e4602d,NA
8,76808079,76808079,1,snv_mnv,NA,NA,"broad,dkfz,muse,sanger",4,COSN17630132,NA,L1MEc,FALSE,0.1158,NA,11,84,NA,NA,NA,RNA,FALSE,FALSE,FALSE,FALSE,5,4,1,4_1,7f94d650-41b9-4664-bcde-dc8533e4602d,NA
8,76948933,76948933,1,snv_mnv,NA,NA,"broad,dkfz,muse,sanger",4,COSN8578526,NA,NA,FALSE,0.0536,NA,6,106,NA,NA,NA,IGR,FALSE,FALSE,FALSE,FALSE,5,4,1,4_1,7f94d650-41b9-4664-bcde-dc8533e4602d,NA
8,77122639,77122639,1,snv_mnv,NA,NA,"broad,dkfz,muse,sanger",4,COSN7677334,NA,NA,FALSE,0.1887,NA,10,43,NA,NA,NA,IGR,FALSE,FALSE,FALSE,FALSE,3,2,1,2_1,7f94d650-41b9-4664-bcde-dc8533e4602d,NA
8,77976741,77976741,1,snv_mnv,NA,NA,"broad,dkfz,muse,sanger",4,COSN17717673,NA,NA,FALSE,0.1633,NA,8,41,NA,NA,NA,IGR,FALSE,FALSE,FALSE,FALSE,3,2,1,2_1,7f94d650-41b9-4664-bcde-dc8533e4602d,NA
8,78089825,78089825,1,snv_mnv,NA,NA,"broad,dkfz,muse,sanger",4,COSN8102155,NA,MLT1J-int,FALSE,0.1447,NA,11,65,NA,NA,NA,IGR,FALSE,FALSE,FALSE,FALSE,3,2,1,2_1,7f94d650-41b9-4664-bcde-dc8533e4602d,NA
8,78726983,78726983,1,snv_mnv,NA,NA,"broad,dkfz,muse,sanger",4,COSN5238718,NA,L1PB4,FALSE,0.1744,NA,15,71,NA,NA,NA,IGR,FALSE,FALSE,FALSE,FALSE,3,2,1,2_1,7f94d650-41b9-4664-bcde-dc8533e4602d,NA
8,78833955,78833955,1,snv_mnv,NA,NA,"broad,dkfz,muse,sanger",4,COSN8326792,NA,MLT1F-int,FALSE,0.1039,NA,8,69,NA,NA,NA,IGR,FALSE,FALSE,FALSE,FALSE,3,2,1,2_1,7f94d650-41b9-4664-bcde-dc8533e4602d,NA
8,78835467,78835467,1,snv_mnv,NA,NA,"broad,dkfz,muse,sanger",4,COSN8326793,NA,NA,FALSE,0.2239,NA,15,52,NA,NA,NA,IGR,FALSE,FALSE,FALSE,FALSE,3,2,1,2_1,7f94d650-41b9-4664-bcde-dc8533e4602d,NA
8,79154070,79154070,1,snv_mnv,NA,NA,"broad,dkfz,muse,sanger",4,COSN17508556,NA,NA,FALSE,0.2222,NA,14,49,NA,NA,NA,IGR,FALSE,FALSE,FALSE,FALSE,3,2,1,2_1,7f94d650-41b9-4664-bcde-dc8533e4602d,NA
8,79419966,79419966,1,snv_mnv,NA,NA,"broad,dkfz,muse,sanger",4,COSN2291361,NA,NA,FALSE,0.1781,NA,13,60,NA,NA,NA,IGR,FALSE,FALSE,FALSE,FALSE,3,2,1,2_1,7f94d650-41b9-4664-bcde-dc8533e4602d,NA
8,85637803,85637803,1,snv_mnv,NA,NA,"broad,dkfz,muse,sanger",4,COSN8327837,NA,NA,FALSE,0.0923,NA,6,59,NA,NA,NA,Intron,FALSE,FALSE,FALSE,FALSE,2,1,1,1_1,7f94d650-41b9-4664-bcde-dc8533e4602d,NA
8,88539805,88539805,1,snv_mnv,NA,NA,"broad,dkfz,muse,sanger",4,COSN17360633,NA,LTR40a,FALSE,0.193,NA,11,46,NA,NA,NA,IGR,FALSE,FALSE,FALSE,FALSE,2,1,1,1_1,7f94d650-41b9-4664-bcde-dc8533e4602d,NA
8,88668427,88668427,1,snv_mnv,NA,NA,"broad,dkfz,muse,sanger",4,COSN5239606,NA,NA,FALSE,0.2321,NA,13,43,NA,NA,NA,RNA,FALSE,FALSE,FALSE,FALSE,2,1,1,1_1,7f94d650-41b9-4664-bcde-dc8533e4602d,NA
8,89329505,89329505,1,snv_mnv,NA,NA,"broad,dkfz,muse,sanger",4,COSN15048897,NA,Tigger1,FALSE,0.1458,NA,7,41,NA,NA,NA,Intron,FALSE,FALSE,FALSE,FALSE,2,1,1,1_1,7f94d650-41b9-4664-bcde-dc8533e4602d,NA
8,89608320,89608320,1,snv_mnv,NA,NA,"broad,dkfz,muse,sanger",4,COSN15268897,NA,L1ME5,FALSE,0.2537,NA,17,50,NA,NA,NA,RNA,FALSE,FALSE,FALSE,FALSE,2,1,1,1_1,7f94d650-41b9-4664-bcde-dc8533e4602d,NA
8,89627918,89627918,1,snv_mnv,NA,NA,"broad,dkfz,muse,sanger",4,COSN14956964,NA,L1M4,FALSE,0.2222,NA,14,49,NA,NA,NA,RNA,FALSE,FALSE,FALSE,FALSE,2,1,1,1_1,7f94d650-41b9-4664-bcde-dc8533e4602d,NA
8,89961467,89961467,1,snv_mnv,NA,NA,"broad,muse",2,COSN9686544,rs190459243,(TA)n,FALSE,0.1304,NA,3,20,NA,NA,NA,IGR,FALSE,FALSE,FALSE,FALSE,1,1,0,1_0,7f94d650-41b9-4664-bcde-dc8533e4602d,NA
8,89963063,89963063,1,snv_mnv,NA,NA,"broad,dkfz,muse,sanger",4,COSN14496463,NA,NA,FALSE,0.1786,NA,10,46,NA,NA,NA,IGR,FALSE,FALSE,FALSE,FALSE,1,1,0,1_0,7f94d650-41b9-4664-bcde-dc8533e4602d,NA
8,92686075,92686075,1,snv_mnv,NA,NA,"broad,muse",2,COSN8328884,NA,NA,FALSE,0.1064,NA,5,42,NA,NA,NA,lincRNA,FALSE,FALSE,FALSE,FALSE,2,1,1,1_1,7f94d650-41b9-4664-bcde-dc8533e4602d,NA
8,93471751,93471751,1,snv_mnv,NA,NA,"broad,dkfz,muse,sanger",4,COSN17720323,NA,NA,FALSE,0.2037,NA,11,43,NA,NA,NA,IGR,FALSE,FALSE,FALSE,FALSE,2,1,1,1_1,7f94d650-41b9-4664-bcde-dc8533e4602d,NA
8,93781371,93781371,1,snv_mnv,NA,NA,"broad,muse,sanger",3,COSN17769365,NA,HERVL-int,FALSE,0.0909,NA,4,40,NA,NA,NA,lincRNA,FALSE,FALSE,FALSE,FALSE,2,1,1,1_1,7f94d650-41b9-4664-bcde-dc8533e4602d,AC104211.1
8,96811528,96811528,1,snv_mnv,NA,NA,"broad,dkfz,muse,sanger",4,COSN17779609,NA,L1P1,FALSE,0.1613,NA,10,52,NA,NA,NA,IGR,FALSE,FALSE,FALSE,FALSE,2,1,1,1_1,7f94d650-41b9-4664-bcde-dc8533e4602d,NA
8,97797501,97797501,1,snv_mnv,NA,NA,"broad,muse",2,COSM3849387,NA,NA,FALSE,0.0833,NA,4,44,NA,NA,NA,Silent,FALSE,FALSE,FALSE,FALSE,2,1,1,1_1,7f94d650-41b9-4664-bcde-dc8533e4602d,NA
8,104922879,104922879,1,snv_mnv,NA,NA,"broad,dkfz,muse,sanger",4,COSN5230269,NA,NA,FALSE,0.5465,NA,47,39,NA,NA,NA,Intron,FALSE,FALSE,FALSE,FALSE,7,6,1,6_1,7f94d650-41b9-4664-bcde-dc8533e4602d,RIMS2
8,104933841,104933841,1,snv_mnv,NA,NA,"dkfz,sanger",2,COSN8807857,NA,NA,FALSE,0.05,NA,6,114,NA,NA,NA,Intron,FALSE,FALSE,FALSE,FALSE,7,6,1,6_1,7f94d650-41b9-4664-bcde-dc8533e4602d,RIMS2
8,105051303,105051303,1,snv_mnv,NA,NA,"broad,dkfz,muse,sanger",4,COSN8807894,NA,NA,FALSE,0.0833,NA,11,121,NA,NA,NA,Intron,FALSE,FALSE,FALSE,FALSE,7,6,1,6_1,7f94d650-41b9-4664-bcde-dc8533e4602d,NA
8,105115333,105115333,1,snv_mnv,NA,NA,"broad,dkfz,muse,sanger",4,COSN14945214,NA,L1MB7,FALSE,0.0745,NA,7,87,NA,NA,NA,Intron,FALSE,FALSE,FALSE,FALSE,7,6,1,6_1,7f94d650-41b9-4664-bcde-dc8533e4602d,NA
8,106124076,106124076,1,snv_mnv,NA,NA,"broad,dkfz,muse,sanger",4,COSN8808171,NA,NA,FALSE,0.0693,NA,7,94,NA,NA,NA,IGR,FALSE,FALSE,FALSE,FALSE,7,6,1,6_1,7f94d650-41b9-4664-bcde-dc8533e4602d,NA
8,106807643,106807643,1,snv_mnv,NA,NA,"broad,dkfz,muse,sanger",4,COSN8808301,NA,NA,FALSE,0.0917,NA,10,99,NA,NA,NA,Intron,FALSE,FALSE,FALSE,FALSE,7,6,1,6_1,7f94d650-41b9-4664-bcde-dc8533e4602d,ZFPM2-AS1
8,108047681,108047681,1,snv_mnv,NA,NA,"broad,dkfz,muse,sanger",4,COSN4874695,NA,THE1C,FALSE,0.0513,NA,6,111,NA,NA,NA,IGR,FALSE,FALSE,FALSE,FALSE,7,6,1,6_1,7f94d650-41b9-4664-bcde-dc8533e4602d,NA
8,108422374,108422374,1,snv_mnv,NA,NA,"broad,muse",2,COSN14973966,NA,NA,FALSE,0.0617,NA,5,76,NA,NA,NA,IGR,FALSE,FALSE,FALSE,FALSE,7,6,1,6_1,7f94d650-41b9-4664-bcde-dc8533e4602d,NA
8,108672579,108672579,1,snv_mnv,NA,NA,"broad,dkfz,muse,sanger",4,COSN17658603,NA,NA,FALSE,0.181,NA,21,95,NA,NA,NA,IGR,FALSE,FALSE,FALSE,FALSE,7,6,1,6_1,7f94d650-41b9-4664-bcde-dc8533e4602d,NA
8,109562672,109562672,1,snv_mnv,NA,NA,"broad,dkfz,muse,sanger",4,COSN8808738,NA,NA,FALSE,0.065,NA,8,115,NA,NA,NA,IGR,FALSE,FALSE,FALSE,FALSE,7,6,1,6_1,7f94d650-41b9-4664-bcde-dc8533e4602d,NA
8,109581647,109581647,1,snv_mnv,3.9936e-4,rs568509447,"broad,dkfz,muse,sanger",4,COSN15335729,rs568509447,NA,FALSE,0.0721,NA,8,103,NA,NA,NA,IGR,FALSE,FALSE,FALSE,FALSE,7,6,1,6_1,7f94d650-41b9-4664-bcde-dc8533e4602d,AC022634.1
8,110061830,110061830,1,snv_mnv,NA,NA,"broad,dkfz,muse,sanger",4,COSN8808826,NA,L1ME1,FALSE,0.0561,NA,6,101,NA,NA,NA,RNA,FALSE,FALSE,FALSE,FALSE,7,6,1,6_1,7f94d650-41b9-4664-bcde-dc8533e4602d,NA
8,110984986,110984986,1,snv_mnv,NA,NA,"broad,dkfz,muse,sanger",4,COSM1255455,NA,NA,FALSE,0.6336,NA,83,48,NA,NA,NA,Silent,FALSE,FALSE,FALSE,FALSE,8,7,1,7_1,7f94d650-41b9-4664-bcde-dc8533e4602d,AC027451.1
8,111136125,111136125,1,snv_mnv,NA,NA,"broad,muse,sanger",3,COSN15199903,NA,NA,FALSE,0.043,NA,8,178,NA,NA,NA,IGR,FALSE,FALSE,FALSE,FALSE,8,7,1,7_1,7f94d650-41b9-4664-bcde-dc8533e4602d,NA
8,111142033,111142033,1,snv_mnv,NA,NA,"broad,dkfz,muse,sanger",4,COSN17627792,NA,MIR,FALSE,0.0552,NA,8,137,NA,NA,NA,IGR,FALSE,FALSE,FALSE,FALSE,8,7,1,7_1,7f94d650-41b9-4664-bcde-dc8533e4602d,NA
8,111175117,111175117,1,snv_mnv,NA,NA,"broad,dkfz,muse,sanger",4,COSN15031118,NA,NA,FALSE,0.0621,NA,10,151,NA,NA,NA,IGR,FALSE,FALSE,FALSE,FALSE,8,7,1,7_1,7f94d650-41b9-4664-bcde-dc8533e4602d,NA
8,111449592,111449592,1,snv_mnv,NA,NA,"broad,dkfz,muse,sanger",4,COSN15103006,NA,MLT1J-int,FALSE,0.0897,NA,13,132,NA,NA,NA,IGR,FALSE,FALSE,FALSE,FALSE,8,7,1,7_1,7f94d650-41b9-4664-bcde-dc8533e4602d,NA
8,112129534,112129534,1,snv_mnv,NA,NA,"broad,dkfz,muse,sanger",4,COSN17634867,NA,NA,FALSE,0.1951,NA,16,66,NA,NA,NA,IGR,FALSE,FALSE,FALSE,FALSE,7,6,1,6_1,7f94d650-41b9-4664-bcde-dc8533e4602d,NA
8,112189857,112189857,1,snv_mnv,NA,NA,"dkfz,sanger",2,COSN4875112,NA,NA,FALSE,0.05,NA,5,95,NA,NA,NA,lincRNA,FALSE,FALSE,FALSE,FALSE,7,6,1,6_1,7f94d650-41b9-4664-bcde-dc8533e4602d,AC009930.1
8,112307178,112307178,1,snv_mnv,NA,NA,"broad,dkfz,muse,sanger",4,COSN8809309,NA,Tigger2,FALSE,0.099,NA,10,91,NA,NA,NA,IGR,FALSE,FALSE,FALSE,FALSE,7,6,1,6_1,7f94d650-41b9-4664-bcde-dc8533e4602d,NA
8,112778983,112778983,1,snv_mnv,NA,NA,"broad,dkfz,muse",3,COSN17340748,NA,NA,FALSE,0.10780000000000001,NA,11,91,NA,NA,NA,IGR,FALSE,FALSE,FALSE,FALSE,7,6,1,6_1,7f94d650-41b9-4664-bcde-dc8533e4602d,NA
8,113150156,113150156,1,snv_mnv,1.9968e-4,rs556365635,"broad,dkfz,muse,sanger",4,COSN16782319,rs556365635,L2a,FALSE,0.1028,NA,11,96,NA,NA,NA,IGR,FALSE,FALSE,FALSE,FALSE,7,6,1,6_1,7f94d650-41b9-4664-bcde-dc8533e4602d,NA
8,113526372,113526372,1,snv_mnv,NA,NA,"broad,dkfz,muse,sanger",4,COSN17574074,NA,FLAM_A,FALSE,0.1478,NA,17,98,NA,NA,NA,Intron,FALSE,FALSE,FALSE,FALSE,7,6,1,6_1,7f94d650-41b9-4664-bcde-dc8533e4602d,NA
8,115714019,115714019,1,snv_mnv,NA,NA,"broad,dkfz,muse,sanger",4,COSN8574329,NA,Tigger2,FALSE,0.4719,NA,42,47,NA,NA,NA,IGR,FALSE,FALSE,FALSE,FALSE,7,6,1,6_1,7f94d650-41b9-4664-bcde-dc8533e4602d,NA
8,116072973,116072973,1,snv_mnv,NA,NA,"broad,dkfz,muse",3,COSN17370957,NA,NA,FALSE,0.0545,NA,6,104,NA,NA,NA,IGR,FALSE,FALSE,FALSE,FALSE,7,6,1,6_1,7f94d650-41b9-4664-bcde-dc8533e4602d,NA
8,116619115,116619115,1,snv_mnv,NA,NA,"dkfz,sanger",2,COSN15206126,NA,NA,FALSE,0.0442,NA,5,108,NA,NA,NA,Intron,FALSE,FALSE,FALSE,FALSE,7,6,1,6_1,7f94d650-41b9-4664-bcde-dc8533e4602d,NA
8,116738632,116738632,1,snv_mnv,NA,NA,"broad,dkfz,muse,sanger",4,COSN15235260,NA,NA,FALSE,0.0902,NA,12,121,NA,NA,NA,IGR,FALSE,FALSE,FALSE,FALSE,7,6,1,6_1,7f94d650-41b9-4664-bcde-dc8533e4602d,NA
8,117154648,117154648,1,snv_mnv,NA,NA,"broad,dkfz,muse,sanger",4,COSN15253958,NA,L3,FALSE,0.0971,NA,10,93,NA,NA,NA,lincRNA,FALSE,FALSE,FALSE,FALSE,7,6,1,6_1,7f94d650-41b9-4664-bcde-dc8533e4602d,NA
8,118176084,118176084,1,snv_mnv,NA,NA,"broad,dkfz,muse,sanger",4,COSN8061351,NA,NA,FALSE,0.0631,NA,7,104,NA,NA,NA,Intron,FALSE,FALSE,FALSE,FALSE,7,6,1,6_1,7f94d650-41b9-4664-bcde-dc8533e4602d,RN7SL826P
8,130448776,130448776,1,snv_mnv,NA,NA,"dkfz,muse,sanger",3,COSN17563227,NA,MLT1D,FALSE,0.0581,NA,9,146,NA,NA,NA,lincRNA,FALSE,FALSE,FALSE,FALSE,18,17,1,17_1,7f94d650-41b9-4664-bcde-dc8533e4602d,NA
8,131680604,131680604,1,snv_mnv,NA,NA,"broad,dkfz,muse,sanger",4,COSN8851832,NA,NA,FALSE,0.3246,NA,37,77,NA,NA,NA,IGR,FALSE,FALSE,FALSE,FALSE,7,6,1,6_1,7f94d650-41b9-4664-bcde-dc8533e4602d,NA
8,131987561,131987561,1,snv_mnv,NA,NA,"broad,dkfz,muse,sanger",4,COSN15219730,NA,NA,FALSE,0.0543,NA,7,122,NA,NA,NA,Intron,FALSE,FALSE,FALSE,FALSE,7,6,1,6_1,7f94d650-41b9-4664-bcde-dc8533e4602d,NA
8,132020444,132020444,1,snv_mnv,NA,NA,"broad,dkfz,muse,sanger",4,COSN17771747,NA,MIR,FALSE,0.0682,NA,9,123,NA,NA,NA,Intron,FALSE,FALSE,FALSE,FALSE,7,6,1,6_1,7f94d650-41b9-4664-bcde-dc8533e4602d,NA
8,132551476,132551476,1,snv_mnv,NA,NA,"dkfz,muse,sanger",3,COSN14837066,NA,MIRb,FALSE,0.6042,NA,58,38,NA,NA,NA,IGR,FALSE,FALSE,FALSE,FALSE,7,6,1,6_1,7f94d650-41b9-4664-bcde-dc8533e4602d,NA
8,136142399,136142399,1,snv_mnv,NA,NA,"broad,dkfz,muse,sanger",4,COSN5675595,NA,NA,FALSE,0.1562,NA,10,54,NA,NA,NA,IGR,FALSE,FALSE,FALSE,FALSE,3,2,1,2_1,7f94d650-41b9-4664-bcde-dc8533e4602d,NA
8,137894696,137894696,1,snv_mnv,NA,NA,"broad,dkfz,muse,sanger",4,COSN14874772,NA,NA,FALSE,0.0909,NA,5,50,NA,NA,NA,IGR,FALSE,FALSE,FALSE,FALSE,2,1,1,1_1,7f94d650-41b9-4664-bcde-dc8533e4602d,NA
8,138462812,138462812,1,snv_mnv,NA,NA,"broad,dkfz,muse,sanger",4,COSN17338237,NA,NA,FALSE,0.18,NA,9,41,NA,NA,NA,IGR,FALSE,FALSE,FALSE,FALSE,2,1,1,1_1,7f94d650-41b9-4664-bcde-dc8533e4602d,NA
8,138669361,138669361,1,snv_mnv,NA,NA,"broad,dkfz,muse,sanger",4,COSN17651488,NA,NA,FALSE,0.2321,NA,13,43,NA,NA,NA,IGR,FALSE,FALSE,FALSE,FALSE,2,1,1,1_1,7f94d650-41b9-4664-bcde-dc8533e4602d,NA
8,139365068,139365068,1,snv_mnv,NA,NA,"broad,dkfz,muse,sanger",4,COSN17418542,NA,NA,FALSE,0.1754,NA,10,47,NA,NA,NA,Intron,FALSE,FALSE,FALSE,FALSE,2,1,1,1_1,7f94d650-41b9-4664-bcde-dc8533e4602d,NA
8,140126934,140126934,1,snv_mnv,NA,NA,"broad,dkfz,muse,sanger",4,COSN17384568,NA,MLT2A1,FALSE,0.0984,NA,6,55,NA,NA,NA,lincRNA,FALSE,FALSE,FALSE,FALSE,2,1,1,1_1,7f94d650-41b9-4664-bcde-dc8533e4602d,NA
8,145618101,145618101,1,snv_mnv,1.9968e-4,rs199670913,"broad,dkfz,muse,sanger",4,COSM1455621,rs199670913,NA,FALSE,0.1698,NA,9,44,NA,NA,NA,Missense_Mutation,FALSE,FALSE,FALSE,FALSE,2,1,1,1_1,7f94d650-41b9-4664-bcde-dc8533e4602d,NA
9,1180138,1180138,1,snv_mnv,NA,NA,"broad,dkfz,muse,sanger",4,COSN8330749,NA,MER5A1,FALSE,0.2069,NA,12,46,NA,NA,NA,IGR,FALSE,FALSE,FALSE,FALSE,4,2,2,2_2,7f94d650-41b9-4664-bcde-dc8533e4602d,NA
9,8062287,8062287,1,snv_mnv,NA,NA,"broad,dkfz,muse,sanger",4,COSN2328416,NA,L1MA4A,FALSE,0.1013,NA,8,71,NA,NA,NA,IGR,FALSE,FALSE,FALSE,FALSE,4,2,2,2_2,7f94d650-41b9-4664-bcde-dc8533e4602d,NA
9,10883659,10883659,1,snv_mnv,NA,NA,"broad,dkfz,muse,sanger",4,COSN15223693,NA,LTR37A,FALSE,0.1047,NA,9,77,NA,NA,NA,IGR,FALSE,FALSE,FALSE,FALSE,4,2,2,2_2,7f94d650-41b9-4664-bcde-dc8533e4602d,NA
9,11063690,11063690,1,snv_mnv,NA,NA,"broad,dkfz,muse,sanger",4,COSN15053060,NA,LTR48,FALSE,0.2644,NA,23,64,NA,NA,NA,IGR,FALSE,FALSE,FALSE,FALSE,4,2,2,2_2,7f94d650-41b9-4664-bcde-dc8533e4602d,NA
9,11652853,11652853,1,snv_mnv,NA,NA,"broad,dkfz,muse,sanger",4,COSN15064820,NA,NA,FALSE,0.1098,NA,9,73,NA,NA,NA,IGR,FALSE,FALSE,FALSE,FALSE,4,2,2,2_2,7f94d650-41b9-4664-bcde-dc8533e4602d,NA
9,11931392,11931392,1,snv_mnv,NA,NA,"broad,dkfz,muse,sanger",4,COSN17716821,NA,NA,FALSE,0.131,NA,11,73,NA,NA,NA,IGR,FALSE,FALSE,FALSE,FALSE,4,2,2,2_2,7f94d650-41b9-4664-bcde-dc8533e4602d,NA
9,16436469,16436469,1,snv_mnv,NA,NA,"broad,dkfz,muse,sanger",4,COSM3906341,NA,NA,FALSE,0.1343,NA,9,58,NA,NA,NA,Missense_Mutation,FALSE,FALSE,FALSE,FALSE,4,2,2,2_2,7f94d650-41b9-4664-bcde-dc8533e4602d,NA
9,16461791,16461791,1,snv_mnv,NA,NA,"broad,dkfz,muse,sanger",4,COSN17755884,NA,NA,FALSE,0.3273,NA,18,37,NA,NA,NA,Intron,FALSE,FALSE,FALSE,FALSE,4,2,2,2_2,7f94d650-41b9-4664-bcde-dc8533e4602d,NA
9,17756119,17756119,1,snv_mnv,NA,NA,"broad,dkfz,muse,sanger",4,COSN17288290,NA,MER58B,FALSE,0.1299,NA,10,67,NA,NA,NA,Intron,FALSE,FALSE,FALSE,FALSE,4,2,2,2_2,7f94d650-41b9-4664-bcde-dc8533e4602d,NA
9,18675588,18675588,1,snv_mnv,NA,NA,"broad,dkfz,muse,sanger",4,COSN8332446,NA,NA,FALSE,0.1875,NA,15,65,NA,NA,NA,Intron,FALSE,FALSE,FALSE,FALSE,4,2,2,2_2,7f94d650-41b9-4664-bcde-dc8533e4602d,NA
9,21971111,21971111,1,snv_mnv,NA,NA,"broad,dkfz,muse,sanger",4,COSM99724,rs121913385,NA,TRUE,0.2083,NA,10,38,NA,NA,NA,Missense_Mutation,FALSE,FALSE,FALSE,FALSE,4,2,2,2_2,7f94d650-41b9-4664-bcde-dc8533e4602d,NA
9,22747350,22747350,1,snv_mnv,NA,NA,"broad,dkfz,muse,sanger",4,COSN15231256,NA,NA,FALSE,0.1149,NA,10,77,NA,NA,NA,lincRNA,FALSE,FALSE,FALSE,FALSE,4,2,2,2_2,7f94d650-41b9-4664-bcde-dc8533e4602d,CLIC4P1
9,24079314,24079314,1,snv_mnv,NA,NA,"broad,dkfz,muse,sanger",4,COSN17417696,NA,NA,FALSE,0.1098,NA,9,73,NA,NA,NA,IGR,FALSE,FALSE,FALSE,FALSE,4,2,2,2_2,7f94d650-41b9-4664-bcde-dc8533e4602d,NA
9,24707421,24707421,1,snv_mnv,NA,NA,"broad,dkfz,muse,sanger",4,COSN16952532,NA,L1MC4,FALSE,0.1429,NA,10,60,NA,NA,NA,IGR,FALSE,FALSE,FALSE,FALSE,4,2,2,2_2,7f94d650-41b9-4664-bcde-dc8533e4602d,NA
9,24726551,24726551,1,snv_mnv,NA,NA,"broad,dkfz,muse,sanger",4,COSN7563375,NA,NA,FALSE,0.1379,NA,8,50,NA,NA,NA,IGR,FALSE,FALSE,FALSE,FALSE,4,2,2,2_2,7f94d650-41b9-4664-bcde-dc8533e4602d,NA
9,24777453,24777453,1,snv_mnv,NA,NA,"broad,dkfz,muse,sanger",4,COSN9707210,NA,NA,FALSE,0.1447,NA,11,65,NA,NA,NA,IGR,FALSE,FALSE,FALSE,FALSE,4,2,2,2_2,7f94d650-41b9-4664-bcde-dc8533e4602d,NA
9,24788596,24788596,1,snv_mnv,NA,NA,"broad,dkfz,muse,sanger",4,COSN17060945,NA,NA,FALSE,0.1209,NA,11,80,NA,NA,NA,IGR,FALSE,FALSE,FALSE,FALSE,4,2,2,2_2,7f94d650-41b9-4664-bcde-dc8533e4602d,NA
9,24989579,24989579,1,snv_mnv,NA,NA,"broad,dkfz,muse,sanger",4,COSN7563555,NA,L1PB1,FALSE,0.1789,NA,17,78,NA,NA,NA,IGR,FALSE,FALSE,FALSE,FALSE,4,2,2,2_2,7f94d650-41b9-4664-bcde-dc8533e4602d,NA
9,25022994,25022994,1,snv_mnv,NA,NA,"broad,dkfz,muse,sanger",4,COSN4888311,NA,L1PA8,FALSE,0.1236,NA,11,78,NA,NA,NA,IGR,FALSE,FALSE,FALSE,FALSE,4,2,2,2_2,7f94d650-41b9-4664-bcde-dc8533e4602d,NA
9,25193090,25193090,1,snv_mnv,NA,NA,"broad,dkfz,muse,sanger",4,COSN14881872,NA,NA,FALSE,0.125,NA,10,70,NA,NA,NA,IGR,FALSE,FALSE,FALSE,FALSE,4,2,2,2_2,7f94d650-41b9-4664-bcde-dc8533e4602d,NA
9,25475110,25475110,1,snv_mnv,NA,NA,"broad,dkfz,muse,sanger",4,COSN15272676,NA,NA,FALSE,0.274,NA,20,53,NA,NA,NA,IGR,FALSE,FALSE,FALSE,FALSE,4,2,2,2_2,7f94d650-41b9-4664-bcde-dc8533e4602d,NA
9,25617359,25617359,1,snv_mnv,NA,NA,"broad,dkfz,muse,sanger",4,COSN17540977,NA,AluSg,FALSE,0.0882,NA,6,62,NA,NA,NA,IGR,FALSE,FALSE,FALSE,FALSE,4,2,2,2_2,7f94d650-41b9-4664-bcde-dc8533e4602d,NA
9,25882054,25882054,1,snv_mnv,NA,NA,"broad,dkfz,muse,sanger",4,COSN15217968,NA,NA,FALSE,0.1591,NA,14,74,NA,NA,NA,IGR,FALSE,FALSE,FALSE,FALSE,4,2,2,2_2,7f94d650-41b9-4664-bcde-dc8533e4602d,NA
9,26061924,26061924,1,snv_mnv,NA,NA,"broad,dkfz,muse,sanger",4,COSN5243486,NA,NA,FALSE,0.1154,NA,9,69,NA,NA,NA,IGR,FALSE,FALSE,FALSE,FALSE,4,2,2,2_2,7f94d650-41b9-4664-bcde-dc8533e4602d,AL353753.1
9,26078980,26078980,1,snv_mnv,NA,NA,"broad,dkfz,muse,sanger",4,COSN17222614,NA,NA,FALSE,0.2857,NA,22,55,NA,NA,NA,IGR,FALSE,FALSE,FALSE,FALSE,4,2,2,2_2,7f94d650-41b9-4664-bcde-dc8533e4602d,NA
9,26154705,26154705,1,snv_mnv,1.9968e-4,rs553532558,"broad,dkfz,muse,sanger",4,COSN19439464,rs553532558,NA,FALSE,0.0769,NA,6,72,NA,NA,NA,IGR,FALSE,FALSE,FALSE,FALSE,4,2,2,2_2,7f94d650-41b9-4664-bcde-dc8533e4602d,NA
9,28546051,28546051,1,snv_mnv,NA,NA,"broad,muse,sanger",3,COSN7564866,NA,L1MA8,FALSE,0.0704,NA,5,66,NA,NA,NA,Intron,FALSE,FALSE,FALSE,FALSE,4,2,2,2_2,7f94d650-41b9-4664-bcde-dc8533e4602d,NA
9,29097733,29097733,1,snv_mnv,NA,NA,"broad,dkfz,muse,sanger",4,COSN8333455,NA,MER5A,FALSE,0.1358,NA,11,70,NA,NA,NA,IGR,FALSE,FALSE,FALSE,FALSE,4,2,2,2_2,7f94d650-41b9-4664-bcde-dc8533e4602d,NA
9,29286236,29286236,1,snv_mnv,NA,NA,"broad,dkfz,muse,sanger",4,COSN8333485,NA,LTR41B,FALSE,0.1068,NA,11,92,NA,NA,NA,IGR,FALSE,FALSE,FALSE,FALSE,4,2,2,2_2,7f94d650-41b9-4664-bcde-dc8533e4602d,NA
9,29287236,29287236,1,snv_mnv,NA,NA,"broad,dkfz,muse,sanger",4,COSN14455805,NA,L1ME3B,FALSE,0.1282,NA,10,68,NA,NA,NA,IGR,FALSE,FALSE,FALSE,FALSE,4,2,2,2_2,7f94d650-41b9-4664-bcde-dc8533e4602d,NA
9,29710269,29710269,1,snv_mnv,NA,NA,"broad,dkfz,muse,sanger",4,COSN17614786,NA,L1PB1,FALSE,0.1304,NA,9,60,NA,NA,NA,IGR,FALSE,FALSE,FALSE,FALSE,4,2,2,2_2,7f94d650-41b9-4664-bcde-dc8533e4602d,NA
9,30161143,30161143,1,snv_mnv,NA,NA,"broad,dkfz,muse,sanger",4,COSN5243864,NA,L1MEg,FALSE,0.1364,NA,12,76,NA,NA,NA,IGR,FALSE,FALSE,FALSE,FALSE,4,2,2,2_2,7f94d650-41b9-4664-bcde-dc8533e4602d,NA
9,30178892,30178892,1,snv_mnv,NA,NA,"broad,dkfz,muse,sanger",4,COSN15250505,NA,NA,FALSE,0.175,NA,14,66,NA,NA,NA,RNA,FALSE,FALSE,FALSE,FALSE,4,2,2,2_2,7f94d650-41b9-4664-bcde-dc8533e4602d,NA
9,30284263,30284263,1,snv_mnv,NA,NA,"broad,dkfz,muse,sanger",4,COSN8333658,rs867192731,MER52-int,FALSE,0.1646,NA,13,66,NA,NA,NA,IGR,FALSE,FALSE,FALSE,FALSE,4,2,2,2_2,7f94d650-41b9-4664-bcde-dc8533e4602d,NA
9,30695833,30695833,1,snv_mnv,NA,NA,"broad,dkfz,muse,sanger",4,COSN15268144,NA,NA,FALSE,0.2029,NA,14,55,NA,NA,NA,IGR,FALSE,FALSE,FALSE,FALSE,4,2,2,2_2,7f94d650-41b9-4664-bcde-dc8533e4602d,NA
9,66852220,66852220,1,snv_mnv,NA,NA,"broad,muse",2,COSN18820157,NA,ALR/Alpha,FALSE,0.0446,NA,7,150,NA,NA,NA,IGR,FALSE,FALSE,FALSE,FALSE,4,2,2,2_2,7f94d650-41b9-4664-bcde-dc8533e4602d,NA
9,76583987,76583987,1,snv_mnv,NA,NA,"dkfz,muse,sanger",3,COSN15089912,NA,MSTA,FALSE,0.0854,NA,7,75,NA,NA,NA,IGR,FALSE,FALSE,FALSE,FALSE,4,2,2,2_2,7f94d650-41b9-4664-bcde-dc8533e4602d,NA
9,78969703,78969703,1,snv_mnv,5.9904e-4,rs192560346,"broad,dkfz,muse,sanger",4,COSN17082321,rs192560346,NA,FALSE,0.3662,NA,26,45,NA,NA,NA,Intron,FALSE,FALSE,FALSE,FALSE,4,2,2,2_2,7f94d650-41b9-4664-bcde-dc8533e4602d,NA
9,82324655,82324655,1,snv_mnv,NA,NA,"broad,muse",2,COSN17726964,NA,NA,FALSE,0.0645,NA,4,58,NA,NA,NA,Intron,FALSE,FALSE,FALSE,FALSE,4,2,2,2_2,7f94d650-41b9-4664-bcde-dc8533e4602d,TLE4
9,82830702,82830702,1,snv_mnv,NA,NA,"broad,dkfz,muse,sanger",4,COSN7810595,NA,L1MA6,FALSE,0.1507,NA,11,62,NA,NA,NA,IGR,FALSE,FALSE,FALSE,FALSE,4,2,2,2_2,7f94d650-41b9-4664-bcde-dc8533e4602d,NA
9,83055490,83055490,1,snv_mnv,NA,NA,"broad,dkfz,sanger",3,COSN15049163,NA,NA,FALSE,0.0896,NA,6,61,NA,NA,NA,IGR,FALSE,FALSE,FALSE,FALSE,4,2,2,2_2,7f94d650-41b9-4664-bcde-dc8533e4602d,NA
9,83721454,83721454,1,snv_mnv,NA,NA,"broad,dkfz,muse,sanger",4,COSN5245255,NA,NA,FALSE,0.1429,NA,11,66,NA,NA,NA,IGR,FALSE,FALSE,FALSE,FALSE,4,2,2,2_2,7f94d650-41b9-4664-bcde-dc8533e4602d,NA
9,85538071,85538071,1,snv_mnv,NA,NA,"broad,dkfz,muse,sanger",4,COSN17771083,NA,NA,FALSE,0.1549,NA,11,60,NA,NA,NA,IGR,FALSE,FALSE,FALSE,FALSE,4,2,2,2_2,7f94d650-41b9-4664-bcde-dc8533e4602d,NA
9,93251954,93251954,1,snv_mnv,NA,NA,"broad,dkfz,muse,sanger",4,COSN17343976,NA,L1MB5,FALSE,0.1042,NA,10,86,NA,NA,NA,lincRNA,FALSE,FALSE,FALSE,FALSE,4,2,2,2_2,7f94d650-41b9-4664-bcde-dc8533e4602d,NA
9,102214287,102214287,1,snv_mnv,NA,NA,"broad,dkfz,muse,sanger",4,COSN16123612,NA,MIR3,FALSE,0.1935,NA,12,50,NA,NA,NA,IGR,FALSE,FALSE,FALSE,FALSE,4,2,2,2_2,7f94d650-41b9-4664-bcde-dc8533e4602d,NA
9,105338901,105338901,1,snv_mnv,NA,NA,"broad,dkfz,muse,sanger",4,COSN17359464,NA,MER101,FALSE,0.1899,NA,15,64,NA,NA,NA,lincRNA,FALSE,FALSE,FALSE,FALSE,4,2,2,2_2,7f94d650-41b9-4664-bcde-dc8533e4602d,NA
9,105466534,105466534,1,snv_mnv,NA,NA,"broad,dkfz,muse,sanger",4,COSN2302586,NA,Kanga1a,FALSE,0.0882,NA,6,62,NA,NA,NA,IGR,FALSE,FALSE,FALSE,FALSE,4,2,2,2_2,7f94d650-41b9-4664-bcde-dc8533e4602d,NA
9,105655887,105655887,1,snv_mnv,NA,NA,"broad,dkfz,muse,sanger",4,COSN8115172,NA,NA,FALSE,0.3222,NA,29,61,NA,NA,NA,IGR,FALSE,FALSE,FALSE,FALSE,4,2,2,2_2,7f94d650-41b9-4664-bcde-dc8533e4602d,NA
9,105994944,105994944,1,snv_mnv,NA,NA,"broad,dkfz,muse,sanger",4,COSN8330075,NA,NA,FALSE,0.0968,NA,6,56,NA,NA,NA,lincRNA,FALSE,FALSE,FALSE,FALSE,4,2,2,2_2,7f94d650-41b9-4664-bcde-dc8533e4602d,NA
9,118700427,118700427,1,snv_mnv,NA,NA,"broad,dkfz,muse,sanger",4,COSN15692483,NA,NA,FALSE,0.2083,NA,15,57,NA,NA,NA,IGR,FALSE,FALSE,FALSE,FALSE,4,2,2,2_2,7f94d650-41b9-4664-bcde-dc8533e4602d,NA
9,118781123,118781123,1,snv_mnv,NA,NA,"broad,dkfz,muse,sanger",4,COSN17634325,NA,AluJb,FALSE,0.2,NA,14,56,NA,NA,NA,IGR,FALSE,FALSE,FALSE,FALSE,4,2,2,2_2,7f94d650-41b9-4664-bcde-dc8533e4602d,NA
9,118781918,118781918,1,snv_mnv,NA,NA,"broad,dkfz,muse,sanger",4,COSN5241565,NA,MER58B,FALSE,0.2941,NA,20,48,NA,NA,NA,IGR,FALSE,FALSE,FALSE,FALSE,4,2,2,2_2,7f94d650-41b9-4664-bcde-dc8533e4602d,NA
9,119141017,119141017,1,snv_mnv,NA,NA,"broad,dkfz,muse,sanger",4,COSN18153404,NA,MIR3,FALSE,0.1688,NA,13,64,NA,NA,NA,Intron,FALSE,FALSE,FALSE,FALSE,4,2,2,2_2,7f94d650-41b9-4664-bcde-dc8533e4602d,NA
9,121002482,121002482,1,snv_mnv,NA,NA,"broad,dkfz,muse,sanger",4,COSN14854872,NA,NA,FALSE,0.1231,NA,8,57,NA,NA,NA,IGR,FALSE,FALSE,FALSE,FALSE,4,2,2,2_2,7f94d650-41b9-4664-bcde-dc8533e4602d,NA
9,121049760,121049760,1,snv_mnv,NA,NA,"broad,dkfz,muse,sanger",4,COSN17416435,NA,MIRb,FALSE,0.2078,NA,16,61,NA,NA,NA,IGR,FALSE,FALSE,FALSE,FALSE,4,2,2,2_2,7f94d650-41b9-4664-bcde-dc8533e4602d,NA
9,121356591,121356591,1,snv_mnv,NA,NA,"broad,muse,sanger",3,COSN8331231,NA,MLT1A0,FALSE,0.0845,NA,6,65,NA,NA,NA,IGR,FALSE,FALSE,FALSE,FALSE,4,2,2,2_2,7f94d650-41b9-4664-bcde-dc8533e4602d,NA
9,121698663,121698663,1,snv_mnv,NA,NA,"broad,dkfz,muse,sanger",4,COSN17724317,NA,NA,FALSE,0.1053,NA,8,68,NA,NA,NA,IGR,FALSE,FALSE,FALSE,FALSE,4,2,2,2_2,7f94d650-41b9-4664-bcde-dc8533e4602d,NA
9,139905865,139905865,1,snv_mnv,NA,NA,"broad,muse",2,COSM236912,rs780673918,NA,FALSE,0.0548,NA,4,69,NA,NA,NA,Silent,FALSE,FALSE,FALSE,FALSE,4,2,2,2_2,7f94d650-41b9-4664-bcde-dc8533e4602d,ABCA2
X,7447870,7447870,1,snv_mnv,0.2366,rs5979766,"dkfz,muse",2,COSN17025012,rs5979766,AT_rich,FALSE,0.1646,NA,13,66,NA,NA,NA,IGR,FALSE,FALSE,FALSE,TRUE,3,2,1,2_1,7f94d650-41b9-4664-bcde-dc8533e4602d,NA
X,8614991,8614991,1,snv_mnv,NA,NA,"broad,muse",2,COSN8195952,NA,AluSz,FALSE,0.2222,NA,10,35,NA,NA,NA,Intron,FALSE,FALSE,FALSE,FALSE,3,2,1,2_1,7f94d650-41b9-4664-bcde-dc8533e4602d,NA
X,19289031,19289031,1,snv_mnv,0.0023841,rs184850848,"broad,dkfz,muse,sanger",4,COSN5140215,rs184850848,L1ME1,FALSE,0.1642,NA,11,56,NA,NA,NA,IGR,FALSE,FALSE,FALSE,FALSE,3,2,1,2_1,7f94d650-41b9-4664-bcde-dc8533e4602d,NA
X,20548612,20548612,1,snv_mnv,NA,NA,"broad,dkfz,muse,sanger",4,COSN6495514,NA,NA,FALSE,0.1733,NA,13,62,NA,NA,NA,IGR,FALSE,FALSE,FALSE,FALSE,3,2,1,2_1,7f94d650-41b9-4664-bcde-dc8533e4602d,NA
X,21498212,21498212,1,snv_mnv,NA,NA,"broad,muse,sanger",3,COSN8168903,NA,LTR41B,FALSE,0.0794,NA,5,58,NA,NA,NA,Intron,FALSE,FALSE,FALSE,FALSE,3,2,1,2_1,7f94d650-41b9-4664-bcde-dc8533e4602d,NA
X,25398630,25398630,1,snv_mnv,NA,NA,"broad,dkfz,muse,sanger",4,COSN7518216,NA,NA,FALSE,0.0732,NA,6,76,NA,NA,NA,IGR,FALSE,FALSE,FALSE,FALSE,3,2,1,2_1,7f94d650-41b9-4664-bcde-dc8533e4602d,NA
X,26254940,26254940,1,snv_mnv,NA,NA,"broad,dkfz,muse,sanger",4,COSN4978337,NA,NA,FALSE,0.0845,NA,6,65,NA,NA,NA,IGR,FALSE,FALSE,FALSE,FALSE,3,2,1,2_1,7f94d650-41b9-4664-bcde-dc8533e4602d,NA
X,32138724,32138724,1,snv_mnv,NA,NA,"broad,dkfz,muse,sanger",4,COSN14438911,NA,NA,FALSE,0.2188,NA,14,50,NA,NA,NA,Intron,FALSE,FALSE,FALSE,FALSE,3,2,1,2_1,7f94d650-41b9-4664-bcde-dc8533e4602d,NA
X,33579727,33579727,1,snv_mnv,0.0010596,NA,"broad,muse,sanger",3,COSN7521722,rs750497632,L1P4,FALSE,0.0641,NA,5,73,NA,NA,NA,IGR,FALSE,FALSE,FALSE,FALSE,3,2,1,2_1,7f94d650-41b9-4664-bcde-dc8533e4602d,NA
X,40073182,40073182,1,snv_mnv,0.0018543,NA,"broad,muse,sanger",3,COSN17935954,rs557415311,AluJo,FALSE,0.197,NA,13,53,NA,NA,NA,IGR,FALSE,FALSE,FALSE,FALSE,3,2,1,2_1,7f94d650-41b9-4664-bcde-dc8533e4602d,NA
X,48520631,48520631,1,snv_mnv,0.058,rs185836688,"dkfz,muse",2,COSN16541558,rs185836688,FLAM_A,FALSE,0.1607,NA,9,47,NA,NA,NA,IGR,FALSE,FALSE,FALSE,TRUE,3,2,1,2_1,7f94d650-41b9-4664-bcde-dc8533e4602d,NA
X,50136217,50136217,1,snv_mnv,NA,NA,"broad,dkfz,muse,sanger",4,COSM3940031,NA,NA,FALSE,0.2879,NA,19,47,NA,NA,NA,RNA,FALSE,FALSE,FALSE,FALSE,3,2,1,2_1,7f94d650-41b9-4664-bcde-dc8533e4602d,NA
X,66128918,66128918,1,snv_mnv,NA,NA,"broad,dkfz,muse,sanger",4,COSN4979993,NA,MER102c,FALSE,0.1467,NA,11,64,NA,NA,NA,IGR,FALSE,FALSE,FALSE,FALSE,3,2,1,2_1,7f94d650-41b9-4664-bcde-dc8533e4602d,NA
X,66891725,66891725,1,snv_mnv,NA,NA,"broad,dkfz,muse,sanger",4,COSN7531329,NA,L1PA7,FALSE,0.1212,NA,8,58,NA,NA,NA,Intron,FALSE,FALSE,FALSE,FALSE,3,2,1,2_1,7f94d650-41b9-4664-bcde-dc8533e4602d,NA
X,70320850,70320850,1,snv_mnv,NA,NA,"broad,dkfz,muse,sanger",4,COSM3095179,rs776314401,NA,FALSE,0.1594,NA,11,58,NA,NA,NA,Missense_Mutation,FALSE,FALSE,FALSE,FALSE,3,2,1,2_1,7f94d650-41b9-4664-bcde-dc8533e4602d,"AL590764.2,CXorf65,FOXO4"
X,85884353,85884353,1,snv_mnv,NA,NA,"broad,dkfz,muse,sanger",4,COSN7538431,NA,NA,FALSE,0.0635,NA,4,59,NA,NA,NA,Intron,FALSE,FALSE,FALSE,FALSE,3,2,1,2_1,7f94d650-41b9-4664-bcde-dc8533e4602d,NA
X,90556832,90556832,1,snv_mnv,NA,NA,"broad,dkfz,muse,sanger",4,COSN6706320,NA,L1M1,FALSE,0.1148,NA,7,54,NA,NA,NA,IGR,FALSE,FALSE,FALSE,FALSE,3,2,1,2_1,7f94d650-41b9-4664-bcde-dc8533e4602d,NA
X,90631171,90631171,1,snv_mnv,NA,NA,"dkfz,muse,sanger",3,COSN7541372,NA,L1PREC2,FALSE,0.1154,NA,9,69,NA,NA,NA,IGR,FALSE,FALSE,FALSE,FALSE,3,2,1,2_1,7f94d650-41b9-4664-bcde-dc8533e4602d,NA
X,92478710,92478710,1,snv_mnv,NA,NA,"broad,dkfz,sanger",3,COSN4981847,NA,NA,FALSE,0.0595,NA,5,79,NA,NA,NA,IGR,FALSE,FALSE,FALSE,FALSE,3,2,1,2_1,7f94d650-41b9-4664-bcde-dc8533e4602d,NA
X,94627752,94627752,1,snv_mnv,NA,NA,"broad,muse",2,COSN4793314,NA,L1PB3,FALSE,0.0676,NA,5,69,NA,NA,NA,IGR,FALSE,FALSE,FALSE,FALSE,3,2,1,2_1,7f94d650-41b9-4664-bcde-dc8533e4602d,NA
X,95251746,95251746,1,snv_mnv,0.1015,rs2806012,"dkfz,muse",2,COSN14631167,rs2806012,AT_rich,FALSE,0.3514,NA,26,48,NA,NA,NA,IGR,FALSE,FALSE,FALSE,FALSE,3,2,1,2_1,7f94d650-41b9-4664-bcde-dc8533e4602d,NA
X,97581989,97581989,1,snv_mnv,NA,NA,"broad,muse,sanger",3,COSN14454034,NA,MIRc,FALSE,0.0896,NA,6,61,NA,NA,NA,IGR,FALSE,FALSE,FALSE,FALSE,3,2,1,2_1,7f94d650-41b9-4664-bcde-dc8533e4602d,NA
X,97750347,97750347,1,snv_mnv,0.3171,rs6620512,"dkfz,muse",2,COSN8311990,rs6620512,(TATG)n,FALSE,0.24,NA,18,57,NA,NA,NA,IGR,FALSE,FALSE,FALSE,FALSE,3,2,1,2_1,7f94d650-41b9-4664-bcde-dc8533e4602d,NA
X,98213580,98213580,1,snv_mnv,NA,NA,"broad,dkfz,muse,sanger",4,COSN8198228,NA,NA,FALSE,0.1778,NA,16,74,NA,NA,NA,IGR,FALSE,FALSE,FALSE,FALSE,3,2,1,2_1,7f94d650-41b9-4664-bcde-dc8533e4602d,NA
X,101374437,101374437,1,snv_mnv,NA,NA,"broad,muse,sanger",3,COSN14806573,NA,L1PA15,FALSE,0.0794,NA,5,58,NA,NA,NA,IGR,FALSE,FALSE,FALSE,FALSE,3,2,1,2_1,7f94d650-41b9-4664-bcde-dc8533e4602d,NA
X,102502033,102502033,1,snv_mnv,0.0092715,rs188731107,"broad,dkfz,muse",3,COSN16904866,rs188731107,(TA)n,FALSE,0.1385,NA,9,56,NA,NA,NA,IGR,FALSE,FALSE,FALSE,FALSE,3,2,1,2_1,7f94d650-41b9-4664-bcde-dc8533e4602d,NA
X,112901401,112901401,1,snv_mnv,2.649e-4,NA,"broad,dkfz,muse,sanger",4,COSN19100725,rs782511988,MSTB,FALSE,0.1833,NA,11,49,NA,NA,NA,lincRNA,FALSE,FALSE,FALSE,FALSE,3,2,1,2_1,7f94d650-41b9-4664-bcde-dc8533e4602d,NA
X,113133443,113133443,1,snv_mnv,0.0954,rs34776178,"dkfz,muse",2,COSN17243634,rs34776178,L1ME3B,FALSE,0.2025,NA,16,63,NA,NA,NA,lincRNA,FALSE,FALSE,FALSE,FALSE,3,2,1,2_1,7f94d650-41b9-4664-bcde-dc8533e4602d,NA
X,117311489,117311489,1,snv_mnv,NA,NA,"broad,muse,sanger",3,COSN9174227,NA,AT_rich,FALSE,0.0714,NA,5,65,NA,NA,NA,IGR,FALSE,FALSE,FALSE,FALSE,3,2,1,2_1,7f94d650-41b9-4664-bcde-dc8533e4602d,NA
X,117718671,117718671,1,snv_mnv,5.298e-4,rs193166465,"broad,dkfz,muse,sanger",4,COSN15921754,rs193166465,AT_rich,FALSE,0.2069,NA,18,69,NA,NA,NA,Intron,FALSE,FALSE,FALSE,FALSE,3,2,1,2_1,7f94d650-41b9-4664-bcde-dc8533e4602d,NA
X,121446557,121446557,1,snv_mnv,NA,NA,"broad,dkfz,muse,sanger",4,COSN8568092,NA,THE1A,FALSE,0.0822,NA,6,67,NA,NA,NA,IGR,FALSE,FALSE,FALSE,FALSE,3,2,1,2_1,7f94d650-41b9-4664-bcde-dc8533e4602d,NA
X,128412545,128412545,1,snv_mnv,NA,NA,"broad,dkfz,muse,sanger",4,COSN14547875,NA,L1PB1,FALSE,0.2051,NA,16,62,NA,NA,NA,IGR,FALSE,FALSE,FALSE,FALSE,3,2,1,2_1,7f94d650-41b9-4664-bcde-dc8533e4602d,NA
X,132128307,132128307,1,snv_mnv,0.0906,rs12864110,"dkfz,muse",2,COSN16835097,rs12864110,AluSz6,FALSE,0.3065,NA,19,43,NA,NA,NA,IGR,FALSE,FALSE,FALSE,FALSE,3,2,1,2_1,7f94d650-41b9-4664-bcde-dc8533e4602d,NA
X,133680845,133680845,1,snv_mnv,NA,NA,"broad,dkfz,muse,sanger",4,COSN7507128,NA,NA,FALSE,0.1636,NA,9,46,NA,NA,NA,lincRNA,FALSE,FALSE,FALSE,FALSE,3,2,1,2_1,7f94d650-41b9-4664-bcde-dc8533e4602d,MIR503
X,136578549,136578549,1,snv_mnv,NA,NA,"broad,dkfz,muse,sanger",4,COSN4787742,NA,NA,FALSE,0.2424,NA,16,50,NA,NA,NA,IGR,FALSE,FALSE,FALSE,FALSE,3,2,1,2_1,7f94d650-41b9-4664-bcde-dc8533e4602d,NA
X,140750410,140750410,1,snv_mnv,NA,NA,"broad,dkfz,muse,sanger",4,COSN7509780,NA,NA,FALSE,0.2375,NA,19,61,NA,NA,NA,IGR,FALSE,FALSE,FALSE,FALSE,3,2,1,2_1,7f94d650-41b9-4664-bcde-dc8533e4602d,NA
X,140996328,140996328,1,snv_mnv,NA,NA,"broad,dkfz,muse,sanger",4,COSM297437,rs753057119,NA,FALSE,0.1702,NA,8,39,NA,NA,NA,Missense_Mutation,FALSE,FALSE,FALSE,FALSE,3,2,1,2_1,7f94d650-41b9-4664-bcde-dc8533e4602d,NA
X,141054742,141054742,1,snv_mnv,NA,NA,"broad,dkfz,muse,sanger",4,COSN6490876,NA,THE1B,FALSE,0.3158,NA,18,39,NA,NA,NA,IGR,FALSE,FALSE,FALSE,FALSE,3,2,1,2_1,7f94d650-41b9-4664-bcde-dc8533e4602d,NA
X,141656894,141656894,1,snv_mnv,0.019338,NA,"dkfz,muse",2,COSN16941747,rs781471292,AT_rich,FALSE,0.1346,NA,7,45,NA,NA,NA,IGR,FALSE,FALSE,FALSE,FALSE,3,2,1,2_1,7f94d650-41b9-4664-bcde-dc8533e4602d,NA
X,141875096,141875096,1,snv_mnv,0.0010596,NA,"dkfz,muse,sanger",3,COSN2346304,rs753955077,L1ME2,FALSE,0.2727,NA,21,56,NA,NA,NA,IGR,FALSE,FALSE,FALSE,FALSE,3,2,1,2_1,7f94d650-41b9-4664-bcde-dc8533e4602d,NA
X,144550956,144550956,1,snv_mnv,NA,NA,"broad,dkfz,muse,sanger",4,COSN7511803,NA,MER61-int,FALSE,0.1029,NA,7,61,NA,NA,NA,IGR,FALSE,FALSE,FALSE,FALSE,3,2,1,2_1,7f94d650-41b9-4664-bcde-dc8533e4602d,NA
X,145046361,145046361,1,snv_mnv,NA,NA,"broad,muse",2,COSN7512148,NA,L1MA2,FALSE,0.0746,NA,5,62,NA,NA,NA,IGR,FALSE,FALSE,FALSE,FALSE,3,2,1,2_1,7f94d650-41b9-4664-bcde-dc8533e4602d,NA
X,145107115,145107115,1,snv_mnv,NA,NA,"broad,dkfz,muse,sanger",4,COSN8167098,NA,NA,FALSE,0.2604,NA,25,71,NA,NA,NA,RNA,FALSE,FALSE,FALSE,FALSE,3,2,1,2_1,7f94d650-41b9-4664-bcde-dc8533e4602d,MIR891A
X,146579932,146579932,1,snv_mnv,NA,NA,"broad,dkfz,muse,sanger",4,COSN7513247,NA,NA,FALSE,0.1023,NA,9,79,NA,NA,NA,IGR,FALSE,FALSE,FALSE,FALSE,3,2,1,2_1,7f94d650-41b9-4664-bcde-dc8533e4602d,NA
X,153070284,153070284,1,snv_mnv,NA,NA,"broad,dkfz,muse,sanger",4,COSM1117559,rs782308126,NA,FALSE,0.3385,NA,22,43,NA,NA,NA,Silent,FALSE,FALSE,FALSE,FALSE,3,2,1,2_1,7f94d650-41b9-4664-bcde-dc8533e4602d,PDZD4
X,154754147,154754147,1,snv_mnv,NA,NA,"broad,dkfz,muse,sanger",4,COSM5064562,rs782245352,NA,FALSE,0.1231,NA,8,57,NA,NA,NA,Missense_Mutation,FALSE,FALSE,FALSE,FALSE,3,2,1,2_1,7f94d650-41b9-4664-bcde-dc8533e4602d,NA
