chromosome,start,end,width,type,1000genomes_AF,1000genomes_ID,Callers,NumCallers,cosmic,dbsnp,repeat_masker,dbsnp_somatic,VAF,n_vaf,t_alt_count,t_ref_count,n_alt_count,n_ref_count,model_score,Variant_Classification,signature_R1,signature_R2,signature_N3,snv_near_indel,total_cn,major_cn,minor_cn,karyotype,sample,gene
9,79438656,79438656,1,indel,NA,NA,"dkfz,sanger",2,COSN5854408,rs760848554,NA,FALSE,0.3333,NA,11,22,NA,NA,0.902,Intron,NA,NA,NA,NA,2,1,1,1_1,e23462f2-cb86-4a3e-8521-221f4bec247c,NA
1,812322,812322,1,snv_mnv,NA,NA,"broad,dkfz,muse,sanger",4,COSN6526645,NA,NA,FALSE,0.4375,NA,7,9,NA,NA,NA,lincRNA,FALSE,FALSE,FALSE,FALSE,2,1,1,1_1,e23462f2-cb86-4a3e-8521-221f4bec247c,"FAM41C,TUBB8P11"
1,4584295,4584295,1,snv_mnv,NA,NA,"broad,dkfz,muse,sanger",4,COSN6525609,NA,NA,FALSE,0.56,NA,14,11,NA,NA,NA,IGR,FALSE,FALSE,FALSE,FALSE,2,1,1,1_1,e23462f2-cb86-4a3e-8521-221f4bec247c,NA
1,8140804,8140804,1,snv_mnv,NA,NA,"broad,dkfz,muse,sanger",4,COSN6526651,NA,NA,FALSE,0.4839,NA,15,16,NA,NA,NA,lincRNA,FALSE,FALSE,FALSE,FALSE,2,1,1,1_1,e23462f2-cb86-4a3e-8521-221f4bec247c,NA
1,12397422,12397422,1,snv_mnv,NA,NA,"broad,dkfz,muse,sanger",4,COSN6521926,NA,NA,FALSE,0.4375,NA,14,18,NA,NA,NA,Intron,FALSE,FALSE,FALSE,FALSE,2,1,1,1_1,e23462f2-cb86-4a3e-8521-221f4bec247c,NA
1,14083421,14083421,1,snv_mnv,5.9904e-4,rs142961223,"broad,dkfz,muse,sanger",4,COSN6521951,rs142961223,MIRb,FALSE,0.6176,NA,21,13,NA,NA,NA,Intron,FALSE,FALSE,FALSE,FALSE,2,1,1,1_1,e23462f2-cb86-4a3e-8521-221f4bec247c,NA
1,15615347,15615347,1,snv_mnv,1.9968e-4,rs551405282,"broad,dkfz,muse,sanger",4,COSN6522187,rs551405282,MIRb,FALSE,0.4091,NA,9,13,NA,NA,NA,Intron,FALSE,FALSE,FALSE,FALSE,2,1,1,1_1,e23462f2-cb86-4a3e-8521-221f4bec247c,NA
1,17802653,17802653,1,snv_mnv,NA,NA,"broad,dkfz,muse,sanger",4,COSN6522791,NA,L1MEc,FALSE,0.4286,NA,12,16,NA,NA,NA,IGR,FALSE,FALSE,FALSE,FALSE,2,1,1,1_1,e23462f2-cb86-4a3e-8521-221f4bec247c,NA
1,18112147,18112147,1,snv_mnv,NA,NA,"broad,dkfz,muse,sanger",4,COSN6522858,NA,NA,FALSE,0.6364,NA,21,12,NA,NA,NA,Intron,FALSE,FALSE,FALSE,FALSE,2,1,1,1_1,e23462f2-cb86-4a3e-8521-221f4bec247c,NA
1,19445254,19445254,1,snv_mnv,NA,NA,"broad,dkfz,muse,sanger",4,COSN6523443,NA,NA,FALSE,0.625,NA,20,12,NA,NA,NA,Intron,FALSE,FALSE,FALSE,FALSE,2,1,1,1_1,e23462f2-cb86-4a3e-8521-221f4bec247c,UBR4
1,20558755,20558755,1,snv_mnv,NA,NA,"broad,dkfz,muse,sanger",4,COSN6523854,NA,AluSx1,FALSE,0.5263,NA,10,9,NA,NA,NA,IGR,FALSE,FALSE,FALSE,FALSE,2,1,1,1_1,e23462f2-cb86-4a3e-8521-221f4bec247c,NA
1,21400568,21400568,1,snv_mnv,NA,NA,"broad,dkfz,muse,sanger",4,COSN6524075,NA,AT_rich,FALSE,0.6667,NA,18,9,NA,NA,NA,Intron,FALSE,FALSE,FALSE,FALSE,2,1,1,1_1,e23462f2-cb86-4a3e-8521-221f4bec247c,AL627311.1
1,22727881,22727881,1,snv_mnv,NA,NA,"broad,dkfz,muse,sanger",4,COSN6524459,NA,NA,FALSE,0.5909,NA,13,9,NA,NA,NA,IGR,FALSE,FALSE,FALSE,FALSE,2,1,1,1_1,e23462f2-cb86-4a3e-8521-221f4bec247c,NA
1,23437192,23437192,1,snv_mnv,NA,NA,"broad,dkfz,muse,sanger",4,COSN6524632,NA,NA,FALSE,0.5667,NA,17,13,NA,NA,NA,Intron,FALSE,FALSE,FALSE,FALSE,2,1,1,1_1,e23462f2-cb86-4a3e-8521-221f4bec247c,NA
1,25515388,25515388,1,snv_mnv,NA,NA,"broad,dkfz,muse,sanger",4,COSN6525120,NA,AT_rich,FALSE,0.4333,NA,13,17,NA,NA,NA,IGR,FALSE,FALSE,TRUE,FALSE,2,1,1,1_1,e23462f2-cb86-4a3e-8521-221f4bec247c,NA
1,27804866,27804866,1,snv_mnv,NA,NA,"broad,dkfz,muse,sanger",4,COSN6525175,NA,NA,FALSE,0.4688,NA,15,17,NA,NA,NA,Intron,FALSE,FALSE,FALSE,FALSE,2,1,1,1_1,e23462f2-cb86-4a3e-8521-221f4bec247c,NA
1,32659428,32659428,1,snv_mnv,NA,NA,"broad,dkfz,muse,sanger",4,COSN6525283,NA,AluSx,FALSE,0.4688,NA,15,17,NA,NA,NA,Intron,FALSE,FALSE,FALSE,FALSE,2,1,1,1_1,e23462f2-cb86-4a3e-8521-221f4bec247c,NA
1,34877235,34877235,1,snv_mnv,NA,NA,"broad,dkfz,muse,sanger",4,COSN6525353,NA,AluJo,FALSE,0.4138,NA,12,17,NA,NA,NA,IGR,FALSE,FALSE,FALSE,FALSE,2,1,1,1_1,e23462f2-cb86-4a3e-8521-221f4bec247c,NA
1,42882326,42882326,1,snv_mnv,NA,NA,"dkfz,muse,sanger",3,COSN6525540,NA,MARNA,FALSE,0.36,NA,9,16,NA,NA,NA,3'UTR,FALSE,FALSE,FALSE,FALSE,2,1,1,1_1,e23462f2-cb86-4a3e-8521-221f4bec247c,AL513331.1
1,43373400,43373400,1,snv_mnv,NA,NA,"broad,dkfz,muse,sanger",4,COSN6525548,NA,ERVL-B4-int,FALSE,0.5484,NA,17,14,NA,NA,NA,IGR,FALSE,FALSE,FALSE,FALSE,2,1,1,1_1,e23462f2-cb86-4a3e-8521-221f4bec247c,ATP6V1E1P1
1,47278232,47278232,1,snv_mnv,NA,NA,"broad,dkfz,muse,sanger",4,COSM3764193,NA,NA,FALSE,0.375,NA,9,15,NA,NA,NA,Silent,FALSE,FALSE,FALSE,FALSE,2,1,1,1_1,e23462f2-cb86-4a3e-8521-221f4bec247c,CYP4B1
1,52353839,52353839,1,snv_mnv,NA,NA,"broad,dkfz,muse,sanger",4,COSN6525776,NA,NA,FALSE,0.5714,NA,12,9,NA,NA,NA,IGR,FALSE,FALSE,FALSE,FALSE,2,1,1,1_1,e23462f2-cb86-4a3e-8521-221f4bec247c,NA
1,58612396,58612396,1,snv_mnv,NA,NA,"broad,dkfz,muse,sanger",4,COSN6525963,NA,L1MA9,FALSE,0.4706,NA,16,18,NA,NA,NA,Intron,FALSE,FALSE,FALSE,FALSE,2,1,1,1_1,e23462f2-cb86-4a3e-8521-221f4bec247c,NA
1,63502760,63502760,1,snv_mnv,NA,NA,"broad,dkfz,muse,sanger",4,COSN6526094,NA,L1PA4,FALSE,0.52,NA,13,12,NA,NA,NA,IGR,FALSE,FALSE,FALSE,FALSE,2,1,1,1_1,e23462f2-cb86-4a3e-8521-221f4bec247c,NA
1,64689706,64689706,1,snv_mnv,NA,NA,"broad,dkfz,muse,sanger",4,COSN6526121,NA,NA,FALSE,0.4865,NA,18,19,NA,NA,NA,Intron,FALSE,FALSE,FALSE,FALSE,2,1,1,1_1,e23462f2-cb86-4a3e-8521-221f4bec247c,NA
1,67810925,67810925,1,snv_mnv,NA,NA,"broad,dkfz,muse,sanger",4,COSN6526181,NA,NA,FALSE,0.72,NA,18,7,NA,NA,NA,Intron,FALSE,FALSE,FALSE,FALSE,2,1,1,1_1,e23462f2-cb86-4a3e-8521-221f4bec247c,NA
1,72179503,72179503,1,snv_mnv,NA,NA,"broad,dkfz,muse,sanger",4,COSN6526317,NA,NA,FALSE,0.475,NA,19,21,NA,NA,NA,Intron,FALSE,FALSE,FALSE,FALSE,2,1,1,1_1,e23462f2-cb86-4a3e-8521-221f4bec247c,NA
1,73612225,73612225,1,snv_mnv,NA,NA,"dkfz,sanger",2,COSN6526368,NA,NA,FALSE,0.6296,NA,17,10,NA,NA,NA,IGR,FALSE,FALSE,FALSE,TRUE,2,1,1,1_1,e23462f2-cb86-4a3e-8521-221f4bec247c,NA
1,75139707,75139707,1,snv_mnv,NA,NA,"broad,dkfz,muse,sanger",4,COSN6526421,NA,NA,FALSE,0.5263,NA,10,9,NA,NA,NA,5'Flank,FALSE,FALSE,FALSE,FALSE,2,1,1,1_1,e23462f2-cb86-4a3e-8521-221f4bec247c,ERICH3
1,76955610,76955610,1,snv_mnv,NA,NA,"broad,dkfz,muse,sanger",4,COSN6526485,NA,LTR78,FALSE,0.5625,NA,18,14,NA,NA,NA,Intron,FALSE,FALSE,FALSE,FALSE,2,1,1,1_1,e23462f2-cb86-4a3e-8521-221f4bec247c,NA
1,84039668,84039668,1,snv_mnv,1.9968e-4,rs375069847,"broad,dkfz,muse,sanger",4,COSN6526751,rs375069847,NA,FALSE,0.5,NA,14,14,NA,NA,NA,lincRNA,FALSE,FALSE,FALSE,FALSE,2,1,1,1_1,e23462f2-cb86-4a3e-8521-221f4bec247c,LINC01725
1,86779756,86779756,1,snv_mnv,NA,NA,"broad,dkfz,muse,sanger",4,COSN6526830,NA,MER57A-int,FALSE,0.4211,NA,16,22,NA,NA,NA,IGR,FALSE,FALSE,FALSE,FALSE,2,1,1,1_1,e23462f2-cb86-4a3e-8521-221f4bec247c,NA
1,90742658,90742658,1,snv_mnv,NA,NA,"broad,dkfz,muse,sanger",4,COSN6526941,NA,NA,FALSE,0.4,NA,12,18,NA,NA,NA,IGR,FALSE,FALSE,FALSE,FALSE,2,1,1,1_1,e23462f2-cb86-4a3e-8521-221f4bec247c,NA
1,90797367,90797367,1,snv_mnv,NA,NA,"broad,dkfz,muse,sanger",4,COSN6526942,NA,L1MA3,FALSE,0.5135,NA,19,18,NA,NA,NA,IGR,FALSE,FALSE,FALSE,FALSE,2,1,1,1_1,e23462f2-cb86-4a3e-8521-221f4bec247c,NA
1,98059752,98059752,1,snv_mnv,NA,NA,"broad,dkfz,muse,sanger",4,COSN6527153,NA,NA,FALSE,0.4516,NA,14,17,NA,NA,NA,Intron,FALSE,FALSE,TRUE,FALSE,2,1,1,1_1,e23462f2-cb86-4a3e-8521-221f4bec247c,NA
1,100871757,100871757,1,snv_mnv,NA,NA,"broad,dkfz,muse,sanger",4,COSN6521311,NA,L1PA11,FALSE,0.4688,NA,15,17,NA,NA,NA,Intron,FALSE,FALSE,FALSE,FALSE,2,1,1,1_1,e23462f2-cb86-4a3e-8521-221f4bec247c,NA
1,104659400,104659400,1,snv_mnv,NA,NA,"broad,dkfz,muse,sanger",4,COSN6521433,NA,MamSINE1,FALSE,0.4815,NA,13,14,NA,NA,NA,IGR,FALSE,FALSE,FALSE,FALSE,2,1,1,1_1,e23462f2-cb86-4a3e-8521-221f4bec247c,NA
1,105562282,105562282,1,snv_mnv,NA,NA,"broad,dkfz,muse,sanger",4,COSN6521485,NA,L1P3,FALSE,0.5122,NA,21,20,NA,NA,NA,IGR,FALSE,FALSE,TRUE,FALSE,2,1,1,1_1,e23462f2-cb86-4a3e-8521-221f4bec247c,NA
1,106613657,106613657,1,snv_mnv,NA,NA,"broad,dkfz,muse,sanger",4,COSN6521536,NA,NA,FALSE,0.85,NA,17,3,NA,NA,NA,lincRNA,FALSE,FALSE,FALSE,FALSE,1,1,0,1_0,e23462f2-cb86-4a3e-8521-221f4bec247c,AL355306.2
1,106730165,106730165,1,snv_mnv,NA,NA,"broad,dkfz,muse,sanger",4,COSN6521541,NA,NA,FALSE,0.9583,NA,23,1,NA,NA,NA,IGR,FALSE,FALSE,FALSE,FALSE,1,1,0,1_0,e23462f2-cb86-4a3e-8521-221f4bec247c,NA
1,107124271,107124271,1,snv_mnv,NA,NA,"broad,dkfz,muse,sanger",4,COSN6521554,NA,L1PREC2,FALSE,1,NA,15,NA,NA,NA,NA,IGR,FALSE,FALSE,FALSE,FALSE,1,1,0,1_0,e23462f2-cb86-4a3e-8521-221f4bec247c,NA
1,107567766,107567766,1,snv_mnv,NA,NA,"broad,dkfz,muse,sanger",4,COSN6521570,NA,AluSz,FALSE,0.4828,NA,14,15,NA,NA,NA,IGR,FALSE,FALSE,FALSE,FALSE,2,1,1,1_1,e23462f2-cb86-4a3e-8521-221f4bec247c,NA
1,108595487,108595487,1,snv_mnv,NA,NA,"broad,dkfz,muse,sanger",4,COSN6521602,rs576624293,L2a,FALSE,0.4348,NA,10,13,NA,NA,NA,IGR,FALSE,FALSE,FALSE,FALSE,2,1,1,1_1,e23462f2-cb86-4a3e-8521-221f4bec247c,NA
1,114168950,114168950,1,snv_mnv,NA,NA,"broad,dkfz,muse,sanger",4,COSN6521738,NA,L1MA3,FALSE,0.5833,NA,21,15,NA,NA,NA,Intron,FALSE,FALSE,FALSE,FALSE,2,1,1,1_1,e23462f2-cb86-4a3e-8521-221f4bec247c,NA
1,117004125,117004125,1,snv_mnv,NA,NA,"broad,dkfz,muse",3,COSN6521805,NA,(CATA)n,FALSE,0.5484,NA,17,14,NA,NA,NA,lincRNA,FALSE,FALSE,FALSE,FALSE,2,1,1,1_1,e23462f2-cb86-4a3e-8521-221f4bec247c,LINC01762
1,117004137,117004137,1,snv_mnv,NA,NA,"broad,dkfz,muse",3,COSN6521806,NA,(CATA)n,FALSE,0.5714,NA,20,15,NA,NA,NA,lincRNA,FALSE,FALSE,FALSE,FALSE,2,1,1,1_1,e23462f2-cb86-4a3e-8521-221f4bec247c,LINC01762
1,118140491,118140491,1,snv_mnv,NA,NA,"broad,dkfz,muse,sanger",4,COSN6521837,NA,NA,FALSE,0.2381,NA,5,16,NA,NA,NA,RNA,FALSE,FALSE,FALSE,FALSE,2,1,1,1_1,e23462f2-cb86-4a3e-8521-221f4bec247c,NA
1,150158420,150158420,1,snv_mnv,1.9968e-4,rs587760592,"broad,dkfz,muse",3,COSN8319636,rs587760592,AluY,FALSE,0.52,NA,13,12,NA,NA,NA,IGR,FALSE,FALSE,FALSE,FALSE,2,1,1,1_1,e23462f2-cb86-4a3e-8521-221f4bec247c,NA
1,151212771,151212771,1,snv_mnv,NA,NA,"broad,dkfz,muse,sanger",4,COSN6522050,NA,AT_rich,FALSE,0.5517,NA,16,13,NA,NA,NA,Intron,FALSE,FALSE,TRUE,FALSE,2,1,1,1_1,e23462f2-cb86-4a3e-8521-221f4bec247c,PIP5K1A
1,152831547,152831547,1,snv_mnv,NA,NA,"broad,dkfz,muse,sanger",4,COSN6522093,NA,L2,FALSE,0.3043,NA,7,16,NA,NA,NA,IGR,FALSE,FALSE,FALSE,FALSE,2,1,1,1_1,e23462f2-cb86-4a3e-8521-221f4bec247c,NA
1,159688795,159688795,1,snv_mnv,NA,NA,"broad,dkfz,muse,sanger",4,COSN6522304,NA,THE1D-int,FALSE,0.2759,NA,8,21,NA,NA,NA,IGR,FALSE,FALSE,FALSE,FALSE,2,1,1,1_1,e23462f2-cb86-4a3e-8521-221f4bec247c,CRP
1,168502639,168502639,1,snv_mnv,NA,NA,"broad,dkfz,muse,sanger",4,COSN6522534,NA,L3,FALSE,0.4615,NA,12,14,NA,NA,NA,IGR,FALSE,FALSE,FALSE,FALSE,2,1,1,1_1,e23462f2-cb86-4a3e-8521-221f4bec247c,NA
1,168979046,168979046,1,snv_mnv,NA,NA,"broad,dkfz,muse,sanger",4,COSN6522549,NA,L1MEa,FALSE,0.25,NA,8,24,NA,NA,NA,RNA,FALSE,FALSE,FALSE,FALSE,2,1,1,1_1,e23462f2-cb86-4a3e-8521-221f4bec247c,NA
1,172659699,172659699,1,snv_mnv,NA,NA,"broad,dkfz,muse,sanger",4,COSN6522639,NA,HERVL-int,FALSE,0.4074,NA,11,16,NA,NA,NA,IGR,FALSE,FALSE,FALSE,FALSE,2,1,1,1_1,e23462f2-cb86-4a3e-8521-221f4bec247c,NA
1,175708456,175708456,1,snv_mnv,NA,NA,"broad,dkfz,muse,sanger",4,COSN6522732,NA,NA,FALSE,0.6087,NA,14,9,NA,NA,NA,Intron,FALSE,FALSE,FALSE,FALSE,2,1,1,1_1,e23462f2-cb86-4a3e-8521-221f4bec247c,NA
1,181733273,181733273,1,snv_mnv,NA,NA,"broad,dkfz,muse,sanger",4,COSN6522878,NA,NA,FALSE,0.2812,NA,9,23,NA,NA,NA,Intron,FALSE,FALSE,FALSE,FALSE,3,2,1,2_1,e23462f2-cb86-4a3e-8521-221f4bec247c,NA
1,182550065,182550065,1,snv_mnv,NA,NA,"broad,dkfz,muse,sanger",4,COSN6522899,NA,NA,FALSE,0.3333,NA,8,16,NA,NA,NA,Intron,FALSE,FALSE,FALSE,FALSE,3,2,1,2_1,e23462f2-cb86-4a3e-8521-221f4bec247c,RF00017
1,186531638,186531638,1,snv_mnv,NA,NA,"broad,dkfz,muse,sanger",4,COSN6523008,NA,L2,FALSE,0.3333,NA,19,38,NA,NA,NA,IGR,FALSE,FALSE,FALSE,FALSE,3,2,1,2_1,e23462f2-cb86-4a3e-8521-221f4bec247c,NA
1,186829703,186829703,1,snv_mnv,1.9968e-4,rs531009056,"broad,dkfz,muse,sanger",4,COSN6523021,rs531009056,MLT2B1,FALSE,0.2653,NA,13,36,NA,NA,NA,Intron,FALSE,FALSE,FALSE,FALSE,3,2,1,2_1,e23462f2-cb86-4a3e-8521-221f4bec247c,NA
1,189905303,189905303,1,snv_mnv,NA,NA,"broad,dkfz,muse,sanger",4,COSN6523178,NA,NA,FALSE,0.7736,NA,41,12,NA,NA,NA,IGR,FALSE,FALSE,FALSE,FALSE,3,2,1,2_1,e23462f2-cb86-4a3e-8521-221f4bec247c,NA
1,190757043,190757043,1,snv_mnv,NA,NA,"broad,dkfz,muse,sanger",4,COSN6523234,NA,L2a,FALSE,0.1887,NA,10,43,NA,NA,NA,lincRNA,FALSE,FALSE,FALSE,FALSE,3,2,1,2_1,e23462f2-cb86-4a3e-8521-221f4bec247c,NA
1,195351674,195351674,1,snv_mnv,NA,NA,"broad,dkfz,muse,sanger",4,COSN6523504,NA,L1MD1,FALSE,0.3958,NA,19,29,NA,NA,NA,IGR,FALSE,FALSE,FALSE,FALSE,3,2,1,2_1,e23462f2-cb86-4a3e-8521-221f4bec247c,NA
1,195403641,195403641,1,snv_mnv,NA,NA,"broad,dkfz,muse,sanger",4,COSN6523508,NA,AluSq2,FALSE,0.4643,NA,13,15,NA,NA,NA,IGR,FALSE,FALSE,TRUE,FALSE,3,2,1,2_1,e23462f2-cb86-4a3e-8521-221f4bec247c,NA
1,195859653,195859653,1,snv_mnv,NA,NA,"broad,dkfz,muse,sanger",4,COSN6523530,NA,L2a,FALSE,0.2791,NA,12,31,NA,NA,NA,IGR,FALSE,FALSE,TRUE,FALSE,3,2,1,2_1,e23462f2-cb86-4a3e-8521-221f4bec247c,NA
1,198658323,198658323,1,snv_mnv,NA,NA,"broad,dkfz,muse,sanger",4,COSN6523637,NA,NA,FALSE,0.3654,NA,19,33,NA,NA,NA,Intron,FALSE,FALSE,FALSE,FALSE,3,2,1,2_1,e23462f2-cb86-4a3e-8521-221f4bec247c,NA
1,199849967,199849967,1,snv_mnv,NA,NA,"broad,dkfz,muse,sanger",4,COSN6523685,NA,NA,FALSE,0.2453,NA,13,40,NA,NA,NA,IGR,FALSE,FALSE,FALSE,FALSE,3,2,1,2_1,e23462f2-cb86-4a3e-8521-221f4bec247c,AL445687.1
1,202757148,202757148,1,snv_mnv,NA,NA,"broad,dkfz,muse,sanger",4,COSN6523771,NA,NA,FALSE,0.275,NA,11,29,NA,NA,NA,Intron,FALSE,FALSE,FALSE,FALSE,3,2,1,2_1,e23462f2-cb86-4a3e-8521-221f4bec247c,NA
1,204789044,204789044,1,snv_mnv,NA,NA,"broad,dkfz,muse,sanger",4,COSN6523823,NA,MER63B,FALSE,0.2,NA,8,32,NA,NA,NA,IGR,FALSE,FALSE,TRUE,FALSE,3,2,1,2_1,e23462f2-cb86-4a3e-8521-221f4bec247c,NA
1,212672242,212672242,1,snv_mnv,NA,NA,"broad,dkfz,muse,sanger",4,COSN6524030,NA,NA,FALSE,0.25,NA,12,36,NA,NA,NA,IGR,FALSE,FALSE,FALSE,FALSE,3,2,1,2_1,e23462f2-cb86-4a3e-8521-221f4bec247c,NA
1,213671943,213671943,1,snv_mnv,NA,NA,"broad,dkfz,muse,sanger",4,COSN6524053,NA,AluY,FALSE,0.3043,NA,7,16,NA,NA,NA,lincRNA,FALSE,FALSE,FALSE,FALSE,3,2,1,2_1,e23462f2-cb86-4a3e-8521-221f4bec247c,NA
1,213793498,213793498,1,snv_mnv,NA,NA,"broad,dkfz,muse,sanger",4,COSN6524062,NA,MLT1H1,FALSE,0.303,NA,10,23,NA,NA,NA,IGR,FALSE,FALSE,FALSE,FALSE,3,2,1,2_1,e23462f2-cb86-4a3e-8521-221f4bec247c,NA
1,214517060,214517060,1,snv_mnv,NA,NA,"broad,dkfz,muse,sanger",4,COSN6524090,NA,AluSx,FALSE,0.3421,NA,13,25,NA,NA,NA,RNA,FALSE,FALSE,FALSE,FALSE,3,2,1,2_1,e23462f2-cb86-4a3e-8521-221f4bec247c,"AL929236.1,PTPN14"
1,216007396,216007396,1,snv_mnv,NA,NA,"broad,dkfz,muse,sanger",4,COSN6524131,NA,L1ME1,FALSE,0.3585,NA,19,34,NA,NA,NA,Intron,FALSE,FALSE,FALSE,FALSE,3,2,1,2_1,e23462f2-cb86-4a3e-8521-221f4bec247c,NA
1,216503991,216503991,1,snv_mnv,NA,NA,"broad,dkfz,muse,sanger",4,COSN6524150,NA,L2a,FALSE,0.3478,NA,16,30,NA,NA,NA,Intron,FALSE,FALSE,FALSE,FALSE,3,2,1,2_1,e23462f2-cb86-4a3e-8521-221f4bec247c,NA
1,217229175,217229175,1,snv_mnv,NA,NA,"broad,dkfz,muse,sanger",4,COSN6524180,NA,NA,FALSE,0.3095,NA,13,29,NA,NA,NA,Intron,FALSE,FALSE,FALSE,FALSE,3,2,1,2_1,e23462f2-cb86-4a3e-8521-221f4bec247c,NA
1,220189321,220189321,1,snv_mnv,NA,NA,"broad,dkfz,muse,sanger",4,COSN6524268,NA,HAL1,FALSE,0.5349,NA,23,20,NA,NA,NA,Intron,FALSE,FALSE,FALSE,FALSE,3,2,1,2_1,e23462f2-cb86-4a3e-8521-221f4bec247c,NA
1,220783564,220783564,1,snv_mnv,NA,NA,"broad,dkfz,muse,sanger",4,COSN6524280,NA,L1PA6,FALSE,0.5849,NA,31,22,NA,NA,NA,Intron,FALSE,FALSE,FALSE,FALSE,3,2,1,2_1,e23462f2-cb86-4a3e-8521-221f4bec247c,NA
1,221772224,221772224,1,snv_mnv,NA,NA,"broad,dkfz,muse,sanger",4,COSN6524321,NA,ERV3-16A3_I-int,FALSE,0.1944,NA,7,29,NA,NA,NA,IGR,FALSE,FALSE,FALSE,FALSE,3,2,1,2_1,e23462f2-cb86-4a3e-8521-221f4bec247c,NA
1,224937724,224937724,1,snv_mnv,NA,NA,"broad,dkfz,muse,sanger",4,COSN6524394,rs753846612,NA,FALSE,0.3947,NA,15,23,NA,NA,NA,IGR,FALSE,FALSE,FALSE,FALSE,3,2,1,2_1,e23462f2-cb86-4a3e-8521-221f4bec247c,NA
1,226014703,226014703,1,snv_mnv,NA,NA,"broad,dkfz,muse,sanger",4,COSN6524430,NA,NA,FALSE,0.3333,NA,11,22,NA,NA,NA,Intron,FALSE,FALSE,FALSE,FALSE,3,2,1,2_1,e23462f2-cb86-4a3e-8521-221f4bec247c,EPHX1
1,232055398,232055398,1,snv_mnv,NA,NA,"broad,dkfz,muse",3,COSN6524571,NA,NA,FALSE,0.7,NA,35,15,NA,NA,NA,Intron,FALSE,FALSE,FALSE,FALSE,3,2,1,2_1,e23462f2-cb86-4a3e-8521-221f4bec247c,NA
1,233339867,233339867,1,snv_mnv,NA,NA,"broad,dkfz,muse,sanger",4,COSN6524614,NA,MLT1B,FALSE,0.4773,NA,21,23,NA,NA,NA,Intron,FALSE,FALSE,FALSE,FALSE,3,2,1,2_1,e23462f2-cb86-4a3e-8521-221f4bec247c,PCNX2
1,233468128,233468128,1,snv_mnv,1.9968e-4,rs545656504,"broad,dkfz,muse,sanger",4,COSN6524617,rs545656504,L2a,FALSE,0.3421,NA,13,25,NA,NA,NA,Intron,FALSE,FALSE,FALSE,FALSE,3,2,1,2_1,e23462f2-cb86-4a3e-8521-221f4bec247c,NA
1,234178766,234178766,1,snv_mnv,NA,NA,"broad,dkfz,muse,sanger",4,COSN6524630,NA,NA,FALSE,0.2909,NA,16,39,NA,NA,NA,Intron,FALSE,FALSE,FALSE,FALSE,3,2,1,2_1,e23462f2-cb86-4a3e-8521-221f4bec247c,NA
1,238420624,238420624,1,snv_mnv,5.9904e-4,rs190486939,"broad,dkfz,muse,sanger",4,COSN6524762,rs190486939,NA,FALSE,0.34,NA,17,33,NA,NA,NA,IGR,FALSE,FALSE,FALSE,FALSE,3,2,1,2_1,e23462f2-cb86-4a3e-8521-221f4bec247c,NA
1,239641578,239641578,1,snv_mnv,NA,NA,"broad,dkfz,muse,sanger",4,COSN6524816,NA,L1MEf,FALSE,0.371,NA,23,39,NA,NA,NA,Intron,FALSE,FALSE,FALSE,FALSE,3,2,1,2_1,e23462f2-cb86-4a3e-8521-221f4bec247c,NA
1,240798960,240798960,1,snv_mnv,NA,NA,"broad,dkfz,muse,sanger",4,COSN6524857,rs780246797,AluSx,FALSE,0.5333,NA,16,14,NA,NA,NA,IGR,FALSE,FALSE,FALSE,FALSE,3,2,1,2_1,e23462f2-cb86-4a3e-8521-221f4bec247c,AL358176.3
1,241645354,241645354,1,snv_mnv,NA,NA,"broad,dkfz,muse,sanger",4,COSN6524886,NA,NA,FALSE,0.6579,NA,25,13,NA,NA,NA,IGR,FALSE,FALSE,FALSE,FALSE,3,2,1,2_1,e23462f2-cb86-4a3e-8521-221f4bec247c,NA
1,243814512,243814512,1,snv_mnv,NA,NA,"broad,dkfz,muse,sanger",4,COSN6524936,NA,L1PA7,FALSE,0.3191,NA,15,32,NA,NA,NA,Intron,FALSE,FALSE,FALSE,FALSE,3,2,1,2_1,e23462f2-cb86-4a3e-8521-221f4bec247c,NA
1,245581985,245581985,1,snv_mnv,NA,NA,"broad,dkfz,muse,sanger",4,COSN6524978,NA,NA,FALSE,0.3125,NA,15,33,NA,NA,NA,Intron,FALSE,FALSE,FALSE,FALSE,3,2,1,2_1,e23462f2-cb86-4a3e-8521-221f4bec247c,NA
1,247714461,247714461,1,snv_mnv,1.9968e-4,rs547988938,"broad,dkfz,muse,sanger",4,COSN6525038,rs547988938,NA,FALSE,0.2642,NA,14,39,NA,NA,NA,Intron,FALSE,FALSE,FALSE,FALSE,3,2,1,2_1,e23462f2-cb86-4a3e-8521-221f4bec247c,NA
1,247935438,247935438,1,snv_mnv,NA,NA,"broad,dkfz,muse,sanger",4,COSN6525050,NA,MIRb,FALSE,0.3158,NA,18,39,NA,NA,NA,IGR,FALSE,FALSE,FALSE,FALSE,3,2,1,2_1,e23462f2-cb86-4a3e-8521-221f4bec247c,NA
10,4681399,4681399,1,snv_mnv,NA,NA,"broad,dkfz,muse,sanger",4,COSN6529171,NA,MIR3,FALSE,0.4138,NA,12,17,NA,NA,NA,IGR,FALSE,FALSE,TRUE,FALSE,2,1,1,1_1,e23462f2-cb86-4a3e-8521-221f4bec247c,NA
10,4769107,4769107,1,snv_mnv,NA,NA,"broad,dkfz,muse,sanger",4,COSN6529179,NA,NA,FALSE,0.625,NA,20,12,NA,NA,NA,IGR,FALSE,FALSE,FALSE,FALSE,2,1,1,1_1,e23462f2-cb86-4a3e-8521-221f4bec247c,NA
10,7065818,7065818,1,snv_mnv,NA,NA,"broad,dkfz,muse,sanger",4,COSN6529998,NA,L1MA9,FALSE,0.5217,NA,12,11,NA,NA,NA,IGR,FALSE,FALSE,FALSE,FALSE,2,1,1,1_1,e23462f2-cb86-4a3e-8521-221f4bec247c,NA
10,7925669,7925669,1,snv_mnv,NA,NA,"broad,dkfz,muse,sanger",4,COSN6530212,NA,L1MC4,FALSE,0.6333,NA,19,11,NA,NA,NA,Intron,FALSE,FALSE,FALSE,FALSE,2,1,1,1_1,e23462f2-cb86-4a3e-8521-221f4bec247c,NA
10,8391684,8391684,1,snv_mnv,NA,NA,"broad,dkfz,muse,sanger",4,COSN6530327,NA,NA,FALSE,0.4,NA,12,18,NA,NA,NA,IGR,FALSE,FALSE,FALSE,FALSE,2,1,1,1_1,e23462f2-cb86-4a3e-8521-221f4bec247c,NA
10,9877634,9877634,1,snv_mnv,NA,NA,"broad,dkfz,muse,sanger",4,COSN6530762,NA,NA,FALSE,0.5312,NA,17,15,NA,NA,NA,IGR,FALSE,FALSE,FALSE,FALSE,2,1,1,1_1,e23462f2-cb86-4a3e-8521-221f4bec247c,NA
10,10223731,10223731,1,snv_mnv,NA,NA,"broad,dkfz,muse,sanger",4,COSN6527292,NA,NA,FALSE,0.5,NA,19,19,NA,NA,NA,IGR,FALSE,FALSE,TRUE,FALSE,2,1,1,1_1,e23462f2-cb86-4a3e-8521-221f4bec247c,NA
10,13022435,13022435,1,snv_mnv,NA,NA,"broad,dkfz,muse,sanger",4,COSN6528100,NA,NA,FALSE,0.5556,NA,10,8,NA,NA,NA,Intron,FALSE,FALSE,FALSE,FALSE,2,1,1,1_1,e23462f2-cb86-4a3e-8521-221f4bec247c,NA
10,13125890,13125890,1,snv_mnv,NA,NA,"broad,dkfz,muse,sanger",4,COSN6528142,rs748908560,LTR10E,FALSE,0.4167,NA,15,21,NA,NA,NA,Intron,FALSE,FALSE,FALSE,FALSE,2,1,1,1_1,e23462f2-cb86-4a3e-8521-221f4bec247c,NA
10,13200801,13200801,1,snv_mnv,NA,NA,"broad,dkfz,muse,sanger",4,COSN6528166,NA,AluSq,FALSE,0.4783,NA,11,12,NA,NA,NA,5'Flank,FALSE,FALSE,FALSE,FALSE,2,1,1,1_1,e23462f2-cb86-4a3e-8521-221f4bec247c,MCM10
10,14345426,14345426,1,snv_mnv,NA,NA,"broad,dkfz,muse,sanger",4,COSN6528285,NA,NA,FALSE,0.3929,NA,11,17,NA,NA,NA,Intron,FALSE,FALSE,FALSE,FALSE,2,1,1,1_1,e23462f2-cb86-4a3e-8521-221f4bec247c,NA
10,15593164,15593164,1,snv_mnv,NA,NA,"broad,dkfz,muse,sanger",4,COSN6528324,NA,NA,FALSE,0.3333,NA,12,24,NA,NA,NA,Intron,FALSE,FALSE,FALSE,FALSE,2,1,1,1_1,e23462f2-cb86-4a3e-8521-221f4bec247c,NA
10,24578404,24578404,1,snv_mnv,NA,NA,"broad,dkfz,muse,sanger",4,COSN6528588,NA,NA,FALSE,0.5417,NA,13,11,NA,NA,NA,Intron,FALSE,FALSE,FALSE,FALSE,2,1,1,1_1,e23462f2-cb86-4a3e-8521-221f4bec247c,NA
10,26742668,26742668,1,snv_mnv,NA,NA,"broad,dkfz,muse,sanger",4,COSN6528660,NA,L1MB8,FALSE,0.3929,NA,11,17,NA,NA,NA,Intron,FALSE,FALSE,FALSE,FALSE,2,1,1,1_1,e23462f2-cb86-4a3e-8521-221f4bec247c,NA
10,27555206,27555206,1,snv_mnv,NA,NA,"broad,dkfz,muse,sanger",4,COSN6528684,NA,NA,FALSE,0.4444,NA,16,20,NA,NA,NA,RNA,FALSE,FALSE,FALSE,FALSE,2,1,1,1_1,e23462f2-cb86-4a3e-8521-221f4bec247c,NA
10,27884506,27884506,1,snv_mnv,NA,NA,"broad,dkfz,muse,sanger",4,COSN6528692,NA,L1ME1,FALSE,0.68,NA,17,8,NA,NA,NA,IGR,FALSE,FALSE,FALSE,FALSE,2,1,1,1_1,e23462f2-cb86-4a3e-8521-221f4bec247c,NA
10,29471955,29471955,1,snv_mnv,NA,NA,"broad,dkfz,muse,sanger",4,COSN6528755,NA,L1PA17,FALSE,0.4211,NA,16,22,NA,NA,NA,IGR,FALSE,FALSE,FALSE,FALSE,2,1,1,1_1,e23462f2-cb86-4a3e-8521-221f4bec247c,NA
10,32537897,32537897,1,snv_mnv,NA,NA,"broad,dkfz,muse,sanger",4,COSN6528851,NA,NA,FALSE,0.4333,NA,13,17,NA,NA,NA,IGR,FALSE,FALSE,FALSE,FALSE,2,1,1,1_1,e23462f2-cb86-4a3e-8521-221f4bec247c,NA
10,34603334,34603334,1,snv_mnv,7.9872e-4,rs111947634,"broad,dkfz,muse,sanger",4,COSN6528908,rs111947634,NA,FALSE,0.6207,NA,18,11,NA,NA,NA,Intron,FALSE,FALSE,FALSE,FALSE,2,1,1,1_1,e23462f2-cb86-4a3e-8521-221f4bec247c,NA
10,36570847,36570847,1,snv_mnv,NA,NA,"broad,dkfz,muse,sanger",4,COSN6528961,NA,NA,FALSE,0.5312,NA,17,15,NA,NA,NA,IGR,FALSE,FALSE,FALSE,FALSE,2,1,1,1_1,e23462f2-cb86-4a3e-8521-221f4bec247c,NA
10,37239737,37239737,1,snv_mnv,NA,NA,"broad,dkfz,muse,sanger",4,COSN6528989,NA,NA,FALSE,0.5,NA,19,19,NA,NA,NA,IGR,FALSE,FALSE,FALSE,FALSE,2,1,1,1_1,e23462f2-cb86-4a3e-8521-221f4bec247c,NA
10,44652976,44652976,1,snv_mnv,NA,NA,"broad,dkfz,muse,sanger",4,COSN6529115,NA,L1MDa,FALSE,0.3939,NA,13,20,NA,NA,NA,IGR,FALSE,FALSE,FALSE,FALSE,2,1,1,1_1,e23462f2-cb86-4a3e-8521-221f4bec247c,NA
10,47142484,47142484,1,snv_mnv,NA,NA,"broad,dkfz,muse,sanger",4,COSN6529174,NA,L1M4,FALSE,0.1111,NA,6,48,NA,NA,NA,lincRNA,FALSE,FALSE,FALSE,FALSE,2,1,1,1_1,e23462f2-cb86-4a3e-8521-221f4bec247c,NA
10,50027341,50027341,1,snv_mnv,NA,NA,"broad,dkfz,muse,sanger",4,COSN6529213,NA,NA,FALSE,0.3478,NA,8,15,NA,NA,NA,Intron,FALSE,FALSE,FALSE,FALSE,2,1,1,1_1,e23462f2-cb86-4a3e-8521-221f4bec247c,NA
10,53600063,53600063,1,snv_mnv,NA,NA,"broad,dkfz,muse,sanger",4,COSN6529296,NA,NA,FALSE,0.4615,NA,18,21,NA,NA,NA,Intron,FALSE,FALSE,FALSE,FALSE,2,1,1,1_1,e23462f2-cb86-4a3e-8521-221f4bec247c,NA
10,53708171,53708171,1,snv_mnv,NA,NA,"broad,dkfz,muse,sanger",4,COSN6529302,NA,NA,FALSE,0.5,NA,16,16,NA,NA,NA,Intron,FALSE,FALSE,FALSE,FALSE,2,1,1,1_1,e23462f2-cb86-4a3e-8521-221f4bec247c,NA
10,56988248,56988248,1,snv_mnv,NA,NA,"broad,dkfz,muse,sanger",4,COSN6529494,NA,NA,FALSE,0.4483,NA,13,16,NA,NA,NA,Intron,FALSE,FALSE,FALSE,FALSE,2,1,1,1_1,e23462f2-cb86-4a3e-8521-221f4bec247c,NA
10,57147025,57147025,1,snv_mnv,NA,NA,"broad,dkfz,muse,sanger",4,COSN6529502,NA,Charlie15a,FALSE,0.5357,NA,15,13,NA,NA,NA,Intron,FALSE,FALSE,FALSE,FALSE,2,1,1,1_1,e23462f2-cb86-4a3e-8521-221f4bec247c,NA
10,58071996,58071996,1,snv_mnv,NA,NA,"broad,dkfz,muse,sanger",4,COSN6529562,NA,NA,FALSE,0.5143,NA,18,17,NA,NA,NA,IGR,FALSE,FALSE,FALSE,FALSE,2,1,1,1_1,e23462f2-cb86-4a3e-8521-221f4bec247c,NA
10,64084738,64084738,1,snv_mnv,NA,NA,"broad,dkfz,muse,sanger",4,COSN6529788,NA,L1PREC2,FALSE,0.5,NA,17,17,NA,NA,NA,IGR,FALSE,FALSE,FALSE,FALSE,2,1,1,1_1,e23462f2-cb86-4a3e-8521-221f4bec247c,NA
10,68753924,68753924,1,snv_mnv,1.9968e-4,rs148042248,"broad,dkfz,muse,sanger",4,COSN6529946,rs148042248,NA,FALSE,0.5588,NA,19,15,NA,NA,NA,Intron,FALSE,FALSE,FALSE,FALSE,2,1,1,1_1,e23462f2-cb86-4a3e-8521-221f4bec247c,NA
10,72090606,72090606,1,snv_mnv,NA,NA,"broad,dkfz,sanger",3,COSN6530030,NA,L4,FALSE,0.28,NA,7,18,NA,NA,NA,Intron,FALSE,FALSE,FALSE,FALSE,2,1,1,1_1,e23462f2-cb86-4a3e-8521-221f4bec247c,NA
10,72916942,72916942,1,snv_mnv,NA,NA,"broad,dkfz,muse,sanger",4,COSN14472409,rs763530397,AluJb,FALSE,0.4,NA,12,18,NA,NA,NA,IGR,FALSE,FALSE,FALSE,FALSE,2,1,1,1_1,e23462f2-cb86-4a3e-8521-221f4bec247c,NA
10,77965750,77965750,1,snv_mnv,NA,NA,"broad,dkfz,muse,sanger",4,COSN6530169,NA,MER5A1,FALSE,0.4348,NA,10,13,NA,NA,NA,Intron,FALSE,FALSE,FALSE,FALSE,2,1,1,1_1,e23462f2-cb86-4a3e-8521-221f4bec247c,NA
10,81898868,81898868,1,snv_mnv,NA,NA,"broad,muse,sanger",3,COSN18615290,NA,AluY,FALSE,0.3913,NA,9,14,NA,NA,NA,Intron,FALSE,FALSE,FALSE,FALSE,2,1,1,1_1,e23462f2-cb86-4a3e-8521-221f4bec247c,NA
10,82789220,82789220,1,snv_mnv,NA,NA,"broad,dkfz,muse",3,COSN6530299,NA,THE1B-int,FALSE,0.4828,NA,14,15,NA,NA,NA,IGR,FALSE,FALSE,FALSE,FALSE,2,1,1,1_1,e23462f2-cb86-4a3e-8521-221f4bec247c,NA
10,83812862,83812862,1,snv_mnv,NA,NA,"broad,dkfz,muse",3,COSN6530325,NA,T-rich,FALSE,0.4483,NA,13,16,NA,NA,NA,Intron,FALSE,FALSE,FALSE,FALSE,2,1,1,1_1,e23462f2-cb86-4a3e-8521-221f4bec247c,NA
10,87388389,87388389,1,snv_mnv,NA,NA,"broad,dkfz,muse,sanger",4,COSN6530463,NA,NA,FALSE,0.5385,NA,14,12,NA,NA,NA,Intron,FALSE,FALSE,FALSE,FALSE,2,1,1,1_1,e23462f2-cb86-4a3e-8521-221f4bec247c,NA
10,90435851,90435851,1,snv_mnv,NA,NA,"broad,dkfz,muse,sanger",4,COSN6530543,NA,NA,FALSE,0.5366,NA,22,19,NA,NA,NA,Intron,FALSE,FALSE,FALSE,FALSE,2,1,1,1_1,e23462f2-cb86-4a3e-8521-221f4bec247c,NA
10,99629434,99629434,1,snv_mnv,NA,NA,"broad,dkfz,muse,sanger",4,COSM3764265,NA,NA,FALSE,0.2941,NA,5,12,NA,NA,NA,Intron,FALSE,FALSE,FALSE,FALSE,2,1,1,1_1,e23462f2-cb86-4a3e-8521-221f4bec247c,NA
10,106108418,106108418,1,snv_mnv,NA,NA,"broad,dkfz,muse,sanger",4,COSN6527372,NA,NA,FALSE,0.303,NA,10,23,NA,NA,NA,RNA,FALSE,FALSE,TRUE,FALSE,2,1,1,1_1,e23462f2-cb86-4a3e-8521-221f4bec247c,CFAP58-DT
10,106192451,106192451,1,snv_mnv,NA,NA,"broad,dkfz,muse,sanger",4,COSN6527377,NA,AluSc,FALSE,0.4516,NA,14,17,NA,NA,NA,Intron,FALSE,FALSE,FALSE,FALSE,2,1,1,1_1,e23462f2-cb86-4a3e-8521-221f4bec247c,NA
10,106977139,106977139,1,snv_mnv,NA,NA,"broad,dkfz,muse,sanger",4,COSN6527398,NA,NA,FALSE,0.4231,NA,11,15,NA,NA,NA,Intron,FALSE,FALSE,FALSE,FALSE,2,1,1,1_1,e23462f2-cb86-4a3e-8521-221f4bec247c,NA
10,107511995,107511995,1,snv_mnv,NA,NA,"broad,dkfz,muse,sanger",4,COSN6527416,NA,NA,FALSE,0.4722,NA,17,19,NA,NA,NA,IGR,FALSE,FALSE,FALSE,FALSE,2,1,1,1_1,e23462f2-cb86-4a3e-8521-221f4bec247c,NA
10,108410600,108410600,1,snv_mnv,NA,NA,"broad,dkfz,muse,sanger",4,COSN6527448,NA,NA,FALSE,0.36,NA,9,16,NA,NA,NA,Intron,FALSE,FALSE,TRUE,FALSE,2,1,1,1_1,e23462f2-cb86-4a3e-8521-221f4bec247c,NA
10,109662337,109662337,1,snv_mnv,NA,NA,"broad,dkfz,muse,sanger",4,COSN6527504,NA,MLT1A0,FALSE,0.6111,NA,11,7,NA,NA,NA,IGR,FALSE,FALSE,FALSE,FALSE,2,1,1,1_1,e23462f2-cb86-4a3e-8521-221f4bec247c,NA
10,111012389,111012389,1,snv_mnv,NA,NA,"broad,dkfz,muse,sanger",4,COSN6527544,NA,L2,FALSE,0.5667,NA,17,13,NA,NA,NA,IGR,FALSE,FALSE,FALSE,FALSE,2,1,1,1_1,e23462f2-cb86-4a3e-8521-221f4bec247c,NA
10,113565225,113565225,1,snv_mnv,NA,NA,"broad,dkfz,muse,sanger",4,COSN6527617,NA,NA,FALSE,0.4348,NA,10,13,NA,NA,NA,IGR,FALSE,FALSE,FALSE,FALSE,2,1,1,1_1,e23462f2-cb86-4a3e-8521-221f4bec247c,NA
10,116114085,116114085,1,snv_mnv,NA,NA,"broad,dkfz,muse,sanger",4,COSN6527705,NA,NA,FALSE,0.36,NA,9,16,NA,NA,NA,Intron,FALSE,FALSE,FALSE,FALSE,2,1,1,1_1,e23462f2-cb86-4a3e-8521-221f4bec247c,NA
10,118740555,118740555,1,snv_mnv,NA,NA,"broad,dkfz,muse,sanger",4,COSN6527779,NA,AluSz6,FALSE,0.5,NA,10,10,NA,NA,NA,Intron,FALSE,FALSE,FALSE,FALSE,2,1,1,1_1,e23462f2-cb86-4a3e-8521-221f4bec247c,NA
10,120113612,120113612,1,snv_mnv,NA,NA,"broad,dkfz,muse,sanger",4,COSN6527812,NA,MIRc,FALSE,0.6538,NA,17,9,NA,NA,NA,IGR,FALSE,FALSE,FALSE,FALSE,2,1,1,1_1,e23462f2-cb86-4a3e-8521-221f4bec247c,LINC00867
10,122091064,122091064,1,snv_mnv,NA,NA,"broad,dkfz,muse,sanger",4,COSN6527867,NA,Tigger1,FALSE,0.2593,NA,7,20,NA,NA,NA,IGR,FALSE,FALSE,FALSE,FALSE,2,1,1,1_1,e23462f2-cb86-4a3e-8521-221f4bec247c,NA
10,123084533,123084533,1,snv_mnv,NA,NA,"broad,dkfz,muse,sanger",4,COSN6527900,NA,L1MC3,FALSE,0.6154,NA,16,10,NA,NA,NA,IGR,FALSE,FALSE,FALSE,FALSE,2,1,1,1_1,e23462f2-cb86-4a3e-8521-221f4bec247c,NA
10,124620815,124620815,1,snv_mnv,NA,NA,"broad,dkfz,muse,sanger",4,COSN6527933,NA,L1ME1,FALSE,0.5882,NA,20,14,NA,NA,NA,Intron,FALSE,FALSE,FALSE,FALSE,2,1,1,1_1,e23462f2-cb86-4a3e-8521-221f4bec247c,NA
10,125944319,125944319,1,snv_mnv,NA,NA,"broad,dkfz,muse,sanger",4,COSN6527967,NA,NA,FALSE,0.3929,NA,11,17,NA,NA,NA,IGR,FALSE,FALSE,FALSE,FALSE,2,1,1,1_1,e23462f2-cb86-4a3e-8521-221f4bec247c,NA
10,127318588,127318588,1,snv_mnv,NA,NA,"broad,dkfz,muse,sanger",4,COSN6528007,NA,NA,FALSE,0.4375,NA,14,18,NA,NA,NA,IGR,FALSE,FALSE,FALSE,FALSE,2,1,1,1_1,e23462f2-cb86-4a3e-8521-221f4bec247c,NA
10,127998119,127998119,1,snv_mnv,NA,NA,"broad,dkfz,muse,sanger",4,COSN6528027,NA,NA,FALSE,0.5,NA,17,17,NA,NA,NA,Intron,FALSE,FALSE,FALSE,FALSE,2,1,1,1_1,e23462f2-cb86-4a3e-8521-221f4bec247c,NA
10,129411747,129411747,1,snv_mnv,NA,NA,"broad,dkfz,muse,sanger",4,COSN6528065,NA,L1MEc,FALSE,0.5882,NA,20,14,NA,NA,NA,IGR,FALSE,FALSE,FALSE,FALSE,2,1,1,1_1,e23462f2-cb86-4a3e-8521-221f4bec247c,NA
10,130500891,130500891,1,snv_mnv,NA,NA,"broad,dkfz,muse,sanger",4,COSN6528114,NA,NA,FALSE,0.4706,NA,16,18,NA,NA,NA,IGR,FALSE,FALSE,FALSE,FALSE,2,1,1,1_1,e23462f2-cb86-4a3e-8521-221f4bec247c,NA
10,131279922,131279922,1,snv_mnv,NA,NA,"broad,dkfz,muse,sanger",4,COSN6528144,NA,L1MEc,FALSE,0.2258,NA,7,24,NA,NA,NA,Intron,FALSE,FALSE,TRUE,FALSE,2,1,1,1_1,e23462f2-cb86-4a3e-8521-221f4bec247c,NA
10,133794630,133794630,1,snv_mnv,NA,NA,"broad,dkfz,muse,sanger",4,COSN6528230,NA,NA,FALSE,0.4286,NA,9,12,NA,NA,NA,Intron,FALSE,FALSE,FALSE,FALSE,2,1,1,1_1,e23462f2-cb86-4a3e-8521-221f4bec247c,NA
10,133912868,133912868,1,snv_mnv,NA,NA,"broad,dkfz,muse,sanger",4,COSN6528231,NA,NA,FALSE,0.6176,NA,21,13,NA,NA,NA,IGR,FALSE,FALSE,FALSE,FALSE,2,1,1,1_1,e23462f2-cb86-4a3e-8521-221f4bec247c,NA
11,7464533,7464533,1,snv_mnv,NA,NA,"broad,dkfz,muse,sanger",4,COSN6533692,NA,L2b,FALSE,0.3793,NA,11,18,NA,NA,NA,Intron,FALSE,FALSE,FALSE,FALSE,2,1,1,1_1,e23462f2-cb86-4a3e-8521-221f4bec247c,AC107884.1
11,9667107,9667107,1,snv_mnv,1.9968e-4,rs571165573,"broad,dkfz,muse,sanger",4,COSN6534365,rs571165573,AluSx,FALSE,0.2143,NA,3,11,NA,NA,NA,IGR,FALSE,FALSE,FALSE,FALSE,2,1,1,1_1,e23462f2-cb86-4a3e-8521-221f4bec247c,NA
11,14388728,14388728,1,snv_mnv,7.9872e-4,rs553679974,"broad,dkfz,muse,sanger",4,COSN6531867,rs553679974,NA,FALSE,0.4091,NA,9,13,NA,NA,NA,5'Flank,FALSE,FALSE,FALSE,FALSE,2,1,1,1_1,e23462f2-cb86-4a3e-8521-221f4bec247c,RRAS2
11,18615928,18615928,1,snv_mnv,NA,NA,"broad,dkfz,muse,sanger",4,COSN6531969,NA,AluSx,FALSE,0.5625,NA,18,14,NA,NA,NA,RNA,FALSE,FALSE,FALSE,FALSE,2,1,1,1_1,e23462f2-cb86-4a3e-8521-221f4bec247c,AC112694.1
11,23822413,23822413,1,snv_mnv,NA,NA,"broad,dkfz,muse,sanger",4,COSN6532135,NA,NA,FALSE,0.5484,NA,17,14,NA,NA,NA,lincRNA,FALSE,FALSE,FALSE,FALSE,2,1,1,1_1,e23462f2-cb86-4a3e-8521-221f4bec247c,AC100768.2
11,26077372,26077372,1,snv_mnv,NA,NA,"broad,dkfz,muse,sanger",4,COSN6532244,NA,LTR8,FALSE,0.4167,NA,10,14,NA,NA,NA,IGR,FALSE,FALSE,FALSE,FALSE,2,1,1,1_1,e23462f2-cb86-4a3e-8521-221f4bec247c,NA
11,26288934,26288934,1,snv_mnv,NA,NA,"broad,dkfz,muse,sanger",4,COSN6532262,NA,NA,FALSE,0.4571,NA,16,19,NA,NA,NA,Intron,FALSE,FALSE,FALSE,FALSE,2,1,1,1_1,e23462f2-cb86-4a3e-8521-221f4bec247c,NA
11,26502726,26502726,1,snv_mnv,NA,NA,"broad,dkfz,muse,sanger",4,COSN6532274,NA,MIRb,FALSE,0.3846,NA,15,24,NA,NA,NA,Intron,FALSE,FALSE,FALSE,FALSE,2,1,1,1_1,e23462f2-cb86-4a3e-8521-221f4bec247c,NA
11,26873182,26873182,1,snv_mnv,NA,NA,"broad,dkfz,muse,sanger",4,COSN6532288,rs776986547,NA,FALSE,0.5667,NA,17,13,NA,NA,NA,IGR,FALSE,FALSE,FALSE,FALSE,2,1,1,1_1,e23462f2-cb86-4a3e-8521-221f4bec247c,NA
11,27204915,27204915,1,snv_mnv,NA,NA,"broad,dkfz,muse,sanger",4,COSN6532296,NA,MIRb,FALSE,0.4,NA,12,18,NA,NA,NA,RNA,FALSE,FALSE,FALSE,FALSE,2,1,1,1_1,e23462f2-cb86-4a3e-8521-221f4bec247c,NA
11,32577619,32577619,1,snv_mnv,NA,NA,"broad,dkfz,muse,sanger",4,COSN6532494,NA,NA,FALSE,0.6207,NA,18,11,NA,NA,NA,IGR,FALSE,FALSE,FALSE,FALSE,2,1,1,1_1,e23462f2-cb86-4a3e-8521-221f4bec247c,NA
11,36671348,36671348,1,snv_mnv,NA,NA,"broad,dkfz,muse,sanger",4,COSN6532582,NA,NA,FALSE,0.5116,NA,22,21,NA,NA,NA,Intron,FALSE,FALSE,FALSE,FALSE,2,1,1,1_1,e23462f2-cb86-4a3e-8521-221f4bec247c,C11orf74
11,39552340,39552340,1,snv_mnv,NA,NA,"broad,dkfz,muse,sanger",4,COSN6532684,NA,L1MA6,FALSE,0.52,NA,13,12,NA,NA,NA,IGR,FALSE,FALSE,FALSE,FALSE,2,1,1,1_1,e23462f2-cb86-4a3e-8521-221f4bec247c,NA
11,41183977,41183977,1,snv_mnv,NA,NA,"broad,dkfz,muse,sanger",4,COSN6532745,NA,Tigger3b,FALSE,0.5185,NA,14,13,NA,NA,NA,Intron,FALSE,FALSE,FALSE,FALSE,2,1,1,1_1,e23462f2-cb86-4a3e-8521-221f4bec247c,NA
11,42202236,42202236,1,snv_mnv,NA,NA,"broad,dkfz,muse,sanger",4,COSN6532806,NA,L1MC4,FALSE,0.4884,NA,21,22,NA,NA,NA,IGR,FALSE,FALSE,FALSE,FALSE,2,1,1,1_1,e23462f2-cb86-4a3e-8521-221f4bec247c,AC090458.1
11,42338236,42338236,1,snv_mnv,NA,NA,"broad,dkfz,muse,sanger",4,COSN6532810,NA,NA,FALSE,0.3784,NA,14,23,NA,NA,NA,IGR,FALSE,FALSE,FALSE,FALSE,2,1,1,1_1,e23462f2-cb86-4a3e-8521-221f4bec247c,NA
11,46347024,46347024,1,snv_mnv,NA,NA,"broad,muse,sanger",3,COSN6532935,rs79737440,AluJb,FALSE,0.3158,NA,6,13,NA,NA,NA,IGR,FALSE,FALSE,FALSE,FALSE,2,1,1,1_1,e23462f2-cb86-4a3e-8521-221f4bec247c,CREB3L1
11,58914557,58914557,1,snv_mnv,NA,NA,"broad,dkfz,muse,sanger",4,COSN6533283,NA,MER87B,FALSE,0.4167,NA,15,21,NA,NA,NA,Intron,FALSE,FALSE,FALSE,FALSE,2,1,1,1_1,e23462f2-cb86-4a3e-8521-221f4bec247c,"FAM111A-DT,FAM111A,AP001258.1"
11,59027738,59027738,1,snv_mnv,NA,NA,"broad,dkfz,muse,sanger",4,COSN6533288,NA,NA,FALSE,0.4,NA,10,15,NA,NA,NA,IGR,FALSE,FALSE,FALSE,FALSE,2,1,1,1_1,e23462f2-cb86-4a3e-8521-221f4bec247c,"WARSP1,SLC25A47P1"
11,59923354,59923354,1,snv_mnv,NA,NA,"broad,dkfz,muse,sanger",4,COSN6533334,NA,NA,FALSE,0.4324,NA,16,21,NA,NA,NA,IGR,FALSE,FALSE,FALSE,FALSE,2,1,1,1_1,e23462f2-cb86-4a3e-8521-221f4bec247c,AP001257.1
11,60245722,60245722,1,snv_mnv,NA,NA,"broad,dkfz,muse,sanger",4,COSN6533350,NA,NA,FALSE,0.6571,NA,23,12,NA,NA,NA,IGR,FALSE,FALSE,TRUE,FALSE,2,1,1,1_1,e23462f2-cb86-4a3e-8521-221f4bec247c,NA
11,63280079,63280079,1,snv_mnv,NA,NA,"broad,dkfz,muse,sanger",4,COSN6533440,NA,AluSg,FALSE,0.5833,NA,14,10,NA,NA,NA,Intron,FALSE,FALSE,FALSE,FALSE,2,1,1,1_1,e23462f2-cb86-4a3e-8521-221f4bec247c,NA
11,66363680,66363680,1,snv_mnv,NA,NA,"broad,dkfz,muse,sanger",4,COSN6533499,NA,AluSz6,FALSE,0.6552,NA,19,10,NA,NA,NA,Intron,FALSE,FALSE,FALSE,FALSE,2,1,1,1_1,e23462f2-cb86-4a3e-8521-221f4bec247c,"CCS,CCDC87"
11,68640678,68640678,1,snv_mnv,NA,NA,"broad,dkfz,muse,sanger",4,COSN6533553,NA,HERV3-int,FALSE,0.6176,NA,21,13,NA,NA,NA,lincRNA,FALSE,FALSE,FALSE,FALSE,2,1,1,1_1,e23462f2-cb86-4a3e-8521-221f4bec247c,NA
11,70033674,70033674,1,snv_mnv,NA,NA,"broad,dkfz,muse,sanger",4,COSN6533595,NA,MIRc,FALSE,0.3333,NA,6,12,NA,NA,NA,Intron,FALSE,FALSE,FALSE,FALSE,2,1,1,1_1,e23462f2-cb86-4a3e-8521-221f4bec247c,ANO1-AS1
11,77800150,77800150,1,snv_mnv,0.0051917,rs181804411,"broad,dkfz,muse,sanger",4,COSN6533763,rs181804411,AluSx1,FALSE,0.5652,NA,13,10,NA,NA,NA,IGR,FALSE,FALSE,FALSE,FALSE,2,1,1,1_1,e23462f2-cb86-4a3e-8521-221f4bec247c,NA
11,78784992,78784992,1,snv_mnv,NA,NA,"broad,dkfz,muse,sanger",4,COSN6533797,NA,NA,FALSE,0.4737,NA,9,10,NA,NA,NA,Intron,FALSE,FALSE,FALSE,FALSE,2,1,1,1_1,e23462f2-cb86-4a3e-8521-221f4bec247c,NA
11,79026568,79026568,1,snv_mnv,NA,NA,"broad,dkfz,muse,sanger",4,COSN6533813,NA,NA,FALSE,0.6,NA,15,10,NA,NA,NA,Intron,FALSE,FALSE,FALSE,FALSE,2,1,1,1_1,e23462f2-cb86-4a3e-8521-221f4bec247c,NA
11,83155790,83155790,1,snv_mnv,NA,NA,"broad,dkfz,muse,sanger",4,COSN6533945,NA,HERVH-int,FALSE,0.5,NA,15,15,NA,NA,NA,IGR,FALSE,FALSE,FALSE,FALSE,2,1,1,1_1,e23462f2-cb86-4a3e-8521-221f4bec247c,NA
11,86418627,86418627,1,snv_mnv,NA,NA,"broad,dkfz,muse,sanger",4,COSN6534045,NA,L1MEc,FALSE,0.5,NA,14,14,NA,NA,NA,lincRNA,FALSE,FALSE,FALSE,FALSE,2,1,1,1_1,e23462f2-cb86-4a3e-8521-221f4bec247c,NA
11,86879511,86879511,1,snv_mnv,NA,NA,"broad,dkfz,muse,sanger",4,COSN6534067,NA,L1PA7,FALSE,0.6154,NA,16,10,NA,NA,NA,Intron,FALSE,FALSE,FALSE,FALSE,2,1,1,1_1,e23462f2-cb86-4a3e-8521-221f4bec247c,NA
11,87404886,87404886,1,snv_mnv,NA,NA,"broad,dkfz,muse,sanger",4,COSN6534081,NA,L1P4a,FALSE,0.5556,NA,15,12,NA,NA,NA,IGR,FALSE,FALSE,FALSE,FALSE,2,1,1,1_1,e23462f2-cb86-4a3e-8521-221f4bec247c,NA
11,87615390,87615390,1,snv_mnv,NA,NA,"broad,dkfz,muse,sanger",4,COSN6534088,NA,L1PA16,FALSE,0.4074,NA,11,16,NA,NA,NA,IGR,FALSE,FALSE,FALSE,FALSE,2,1,1,1_1,e23462f2-cb86-4a3e-8521-221f4bec247c,NA
11,88206416,88206416,1,snv_mnv,NA,NA,"broad,dkfz,muse,sanger",4,COSN6534110,NA,Tigger7,FALSE,0.5152,NA,17,16,NA,NA,NA,IGR,FALSE,FALSE,FALSE,FALSE,2,1,1,1_1,e23462f2-cb86-4a3e-8521-221f4bec247c,NA
11,91319238,91319238,1,snv_mnv,NA,NA,"broad,dkfz,muse,sanger",4,COSN6534215,NA,NA,FALSE,0.5484,NA,17,14,NA,NA,NA,IGR,FALSE,FALSE,FALSE,FALSE,2,1,1,1_1,e23462f2-cb86-4a3e-8521-221f4bec247c,NA
11,91696511,91696511,1,snv_mnv,NA,NA,"broad,dkfz,muse,sanger",4,COSN6534226,NA,L1PB1,FALSE,0.25,NA,8,24,NA,NA,NA,IGR,FALSE,FALSE,FALSE,FALSE,2,1,1,1_1,e23462f2-cb86-4a3e-8521-221f4bec247c,NA
11,91753935,91753935,1,snv_mnv,NA,NA,"broad,dkfz,muse,sanger",4,COSN6534231,NA,L1MEc,FALSE,0.3846,NA,10,16,NA,NA,NA,IGR,FALSE,FALSE,FALSE,FALSE,2,1,1,1_1,e23462f2-cb86-4a3e-8521-221f4bec247c,NA
11,96502177,96502177,1,snv_mnv,NA,NA,"broad,dkfz,muse,sanger",4,COSN6534358,NA,NA,FALSE,0.3636,NA,12,21,NA,NA,NA,lincRNA,FALSE,FALSE,FALSE,FALSE,2,1,1,1_1,e23462f2-cb86-4a3e-8521-221f4bec247c,NA
11,97639944,97639944,1,snv_mnv,NA,NA,"broad,dkfz,muse,sanger",4,COSN6534401,NA,L1M5,FALSE,0.3953,NA,17,26,NA,NA,NA,IGR,FALSE,FALSE,FALSE,FALSE,2,1,1,1_1,e23462f2-cb86-4a3e-8521-221f4bec247c,NA
11,97704272,97704272,1,snv_mnv,NA,NA,"broad,dkfz,muse,sanger",4,COSN6534405,NA,MLT1D,FALSE,0.5667,NA,17,13,NA,NA,NA,IGR,FALSE,FALSE,FALSE,FALSE,2,1,1,1_1,e23462f2-cb86-4a3e-8521-221f4bec247c,NA
11,97839440,97839440,1,snv_mnv,NA,NA,"broad,dkfz,muse,sanger",4,COSN6534410,NA,HUERS-P3-int,FALSE,0.3714,NA,13,22,NA,NA,NA,IGR,FALSE,FALSE,FALSE,FALSE,2,1,1,1_1,e23462f2-cb86-4a3e-8521-221f4bec247c,NA
11,100943297,100943297,1,snv_mnv,NA,NA,"broad,dkfz,muse,sanger",4,COSN6530822,NA,L1PA7,FALSE,0.5641,NA,22,17,NA,NA,NA,Intron,FALSE,FALSE,FALSE,FALSE,2,1,1,1_1,e23462f2-cb86-4a3e-8521-221f4bec247c,NA
11,102546465,102546465,1,snv_mnv,NA,NA,"broad,dkfz,muse,sanger",4,COSN6530899,NA,L1PBa,FALSE,0.4231,NA,11,15,NA,NA,NA,IGR,FALSE,FALSE,FALSE,FALSE,2,1,1,1_1,e23462f2-cb86-4a3e-8521-221f4bec247c,NA
11,103823970,103823970,1,snv_mnv,NA,NA,"broad,dkfz,muse,sanger",4,COSN6530940,NA,NA,FALSE,0.4375,NA,21,27,NA,NA,NA,Intron,FALSE,FALSE,FALSE,FALSE,2,1,1,1_1,e23462f2-cb86-4a3e-8521-221f4bec247c,NA
11,104660056,104660056,1,snv_mnv,NA,NA,"broad,dkfz,muse,sanger",4,COSN6530964,NA,L1MA4A,FALSE,0.5,NA,22,22,NA,NA,NA,IGR,FALSE,FALSE,FALSE,FALSE,2,1,1,1_1,e23462f2-cb86-4a3e-8521-221f4bec247c,NA
11,104961041,104961041,1,snv_mnv,NA,NA,"broad,dkfz,muse,sanger",4,COSN6530973,NA,NA,FALSE,0.3,NA,9,21,NA,NA,NA,Intron,FALSE,FALSE,FALSE,FALSE,2,1,1,1_1,e23462f2-cb86-4a3e-8521-221f4bec247c,CARD17
11,106045605,106045605,1,snv_mnv,NA,NA,"broad,dkfz,muse,sanger",4,COSN6531004,rs755511130,Tigger3c,FALSE,0.4242,NA,14,19,NA,NA,NA,IGR,FALSE,FALSE,FALSE,FALSE,2,1,1,1_1,e23462f2-cb86-4a3e-8521-221f4bec247c,NA
11,108331732,108331732,1,snv_mnv,NA,NA,"broad,dkfz,sanger",3,COSN6531065,NA,AluSp,FALSE,0.55,NA,11,9,NA,NA,NA,Intron,FALSE,FALSE,FALSE,FALSE,2,1,1,1_1,e23462f2-cb86-4a3e-8521-221f4bec247c,NA
11,109226318,109226318,1,snv_mnv,NA,NA,"broad,dkfz,muse,sanger",4,COSN6531090,NA,NA,FALSE,0.125,NA,4,28,NA,NA,NA,RNA,FALSE,FALSE,TRUE,FALSE,2,1,1,1_1,e23462f2-cb86-4a3e-8521-221f4bec247c,NA
11,111146918,111146918,1,snv_mnv,NA,NA,"broad,dkfz,muse,sanger",4,COSN6531134,NA,L1MEg,FALSE,0.4324,NA,16,21,NA,NA,NA,Intron,FALSE,FALSE,FALSE,FALSE,2,1,1,1_1,e23462f2-cb86-4a3e-8521-221f4bec247c,NA
11,114371238,114371238,1,snv_mnv,NA,NA,"broad,dkfz,muse,sanger",4,COSN6531234,NA,L1ME2,FALSE,0.4167,NA,15,21,NA,NA,NA,IGR,FALSE,FALSE,FALSE,FALSE,2,1,1,1_1,e23462f2-cb86-4a3e-8521-221f4bec247c,NA
11,115558351,115558351,1,snv_mnv,NA,NA,"broad,dkfz,muse,sanger",4,COSN6531260,NA,NA,FALSE,0.3704,NA,10,17,NA,NA,NA,lincRNA,FALSE,FALSE,FALSE,FALSE,2,1,1,1_1,e23462f2-cb86-4a3e-8521-221f4bec247c,NA
11,115996343,115996343,1,snv_mnv,NA,NA,"broad,dkfz,muse,sanger",4,COSN6531272,NA,NA,FALSE,0.4643,NA,13,15,NA,NA,NA,IGR,FALSE,FALSE,FALSE,FALSE,2,1,1,1_1,e23462f2-cb86-4a3e-8521-221f4bec247c,NA
11,119660879,119660879,1,snv_mnv,NA,NA,"broad,dkfz,muse,sanger",4,COSN6531363,NA,NA,FALSE,0.4483,NA,13,16,NA,NA,NA,IGR,FALSE,FALSE,FALSE,FALSE,2,1,1,1_1,e23462f2-cb86-4a3e-8521-221f4bec247c,NA
11,120129167,120129167,1,snv_mnv,NA,NA,"broad,dkfz,muse,sanger",4,COSN6531378,NA,MIR3,FALSE,0.4848,NA,16,17,NA,NA,NA,Intron,FALSE,FALSE,FALSE,FALSE,2,1,1,1_1,e23462f2-cb86-4a3e-8521-221f4bec247c,AP001150.1
11,120270752,120270752,1,snv_mnv,NA,NA,"broad,dkfz,muse,sanger",4,COSN6531385,NA,NA,FALSE,0.5,NA,19,19,NA,NA,NA,Intron,FALSE,FALSE,FALSE,FALSE,2,1,1,1_1,e23462f2-cb86-4a3e-8521-221f4bec247c,NA
11,122432903,122432903,1,snv_mnv,NA,NA,"broad,dkfz,muse,sanger",4,COSN6531445,rs747563747,AluSp,FALSE,0.5556,NA,10,8,NA,NA,NA,IGR,FALSE,FALSE,FALSE,FALSE,2,1,1,1_1,e23462f2-cb86-4a3e-8521-221f4bec247c,NA
11,122575408,122575408,1,snv_mnv,NA,NA,"broad,dkfz,muse,sanger",4,COSN6531448,NA,AluSz,FALSE,0.55,NA,11,9,NA,NA,NA,Intron,FALSE,FALSE,FALSE,FALSE,2,1,1,1_1,e23462f2-cb86-4a3e-8521-221f4bec247c,UBASH3B
11,126313084,126313084,1,snv_mnv,NA,NA,"broad,dkfz,muse",3,COSN6531565,NA,NA,FALSE,0.7143,NA,15,6,NA,NA,NA,Intron,FALSE,FALSE,FALSE,FALSE,2,1,1,1_1,e23462f2-cb86-4a3e-8521-221f4bec247c,"KIRREL3,ST3GAL4"
11,126815611,126815611,1,snv_mnv,NA,NA,"broad,dkfz,muse,sanger",4,COSN6531584,NA,NA,FALSE,0.6471,NA,11,6,NA,NA,NA,Intron,FALSE,FALSE,FALSE,FALSE,2,1,1,1_1,e23462f2-cb86-4a3e-8521-221f4bec247c,KIRREL3-AS2
11,131403955,131403955,1,snv_mnv,NA,NA,"broad,dkfz,muse,sanger",4,COSN6531732,NA,NA,FALSE,0.5,NA,12,12,NA,NA,NA,Intron,FALSE,FALSE,FALSE,FALSE,2,1,1,1_1,e23462f2-cb86-4a3e-8521-221f4bec247c,AP003025.2
11,132931469,132931469,1,snv_mnv,3.9936e-4,rs535604239,"broad,dkfz,muse,sanger",4,COSN6531787,rs535604239,NA,FALSE,0.6296,NA,17,10,NA,NA,NA,Intron,FALSE,FALSE,FALSE,FALSE,2,1,1,1_1,e23462f2-cb86-4a3e-8521-221f4bec247c,AP004782.1
11,133109554,133109554,1,snv_mnv,3.9936e-4,rs115198774,"broad,dkfz,muse,sanger",4,COSN6531793,rs115198774,NA,FALSE,0.3929,NA,11,17,NA,NA,NA,Intron,FALSE,FALSE,FALSE,FALSE,2,1,1,1_1,e23462f2-cb86-4a3e-8521-221f4bec247c,NA
11,134163254,134163254,1,snv_mnv,NA,NA,"broad,dkfz,muse,sanger",4,COSN6531823,NA,NA,FALSE,0.4615,NA,12,14,NA,NA,NA,Intron,FALSE,FALSE,FALSE,FALSE,2,1,1,1_1,e23462f2-cb86-4a3e-8521-221f4bec247c,GLB1L3
12,4275987,4275987,1,snv_mnv,1.9968e-4,rs528662134,"broad,dkfz,muse,sanger",4,COSN6536292,rs528662134,AluSz,FALSE,0.5312,NA,17,15,NA,NA,NA,IGR,FALSE,FALSE,FALSE,FALSE,2,1,1,1_1,e23462f2-cb86-4a3e-8521-221f4bec247c,NA
12,8733137,8733137,1,snv_mnv,NA,NA,"broad,dkfz,muse,sanger",4,COSN6537715,NA,AluSx,FALSE,0.5294,NA,9,8,NA,NA,NA,IGR,FALSE,FALSE,FALSE,FALSE,2,1,1,1_1,e23462f2-cb86-4a3e-8521-221f4bec247c,NA
12,10623567,10623567,1,snv_mnv,NA,NA,"broad,dkfz,muse,sanger",4,COSN6534670,NA,THE1C,FALSE,0.3462,NA,9,17,NA,NA,NA,IGR,FALSE,FALSE,FALSE,FALSE,2,1,1,1_1,e23462f2-cb86-4a3e-8521-221f4bec247c,NA
12,11428509,11428509,1,snv_mnv,NA,NA,"broad,dkfz,muse,sanger",4,COSN6534851,NA,NA,FALSE,0.425,NA,17,23,NA,NA,NA,IGR,FALSE,FALSE,FALSE,FALSE,2,1,1,1_1,e23462f2-cb86-4a3e-8521-221f4bec247c,NA
12,11796251,11796251,1,snv_mnv,NA,NA,"broad,dkfz,muse",3,COSN6534960,NA,NA,FALSE,0.1143,NA,4,31,NA,NA,NA,IGR,FALSE,FALSE,FALSE,FALSE,2,1,1,1_1,e23462f2-cb86-4a3e-8521-221f4bec247c,NA
12,19792532,19792532,1,snv_mnv,NA,NA,"broad,dkfz,muse,sanger",4,COSN6535666,NA,NA,FALSE,0.3846,NA,5,8,NA,NA,NA,IGR,FALSE,FALSE,FALSE,FALSE,2,1,1,1_1,e23462f2-cb86-4a3e-8521-221f4bec247c,NA
12,21190361,21190361,1,snv_mnv,NA,NA,"broad,dkfz,muse,sanger",4,COSN6535733,NA,L1MA2,FALSE,0.3947,NA,15,23,NA,NA,NA,Intron,FALSE,FALSE,FALSE,FALSE,2,1,1,1_1,e23462f2-cb86-4a3e-8521-221f4bec247c,NA
12,24001990,24001990,1,snv_mnv,NA,NA,"broad,dkfz,muse,sanger",4,COSN6535823,NA,NA,FALSE,0.5588,NA,19,15,NA,NA,NA,Intron,FALSE,FALSE,FALSE,FALSE,2,1,1,1_1,e23462f2-cb86-4a3e-8521-221f4bec247c,NA
12,33773884,33773884,1,snv_mnv,NA,NA,"broad,dkfz,muse,sanger",4,COSN6536117,NA,NA,FALSE,0.4706,NA,16,18,NA,NA,NA,IGR,FALSE,FALSE,FALSE,FALSE,2,1,1,1_1,e23462f2-cb86-4a3e-8521-221f4bec247c,NA
12,39510903,39510903,1,snv_mnv,NA,NA,"broad,dkfz,muse,sanger",4,COSN6536194,NA,LTR81,FALSE,0.5,NA,11,11,NA,NA,NA,IGR,FALSE,FALSE,FALSE,FALSE,2,1,1,1_1,e23462f2-cb86-4a3e-8521-221f4bec247c,NA
12,47501768,47501768,1,snv_mnv,NA,NA,"broad,dkfz,muse,sanger",4,COSN6536440,NA,MIRb,FALSE,0.6071,NA,17,11,NA,NA,NA,Intron,FALSE,FALSE,FALSE,FALSE,2,1,1,1_1,e23462f2-cb86-4a3e-8521-221f4bec247c,NA
12,48922660,48922660,1,snv_mnv,NA,NA,"broad,dkfz,muse,sanger",4,COSN6536496,NA,NA,FALSE,0.5,NA,16,16,NA,NA,NA,IGR,FALSE,FALSE,FALSE,FALSE,2,1,1,1_1,e23462f2-cb86-4a3e-8521-221f4bec247c,"OR8S1,AC089987.1"
12,55759234,55759234,1,snv_mnv,NA,NA,"broad,dkfz,muse,sanger",4,COSM3764430,NA,NA,FALSE,0.4571,NA,16,19,NA,NA,NA,Missense_Mutation,FALSE,FALSE,FALSE,FALSE,2,1,1,1_1,e23462f2-cb86-4a3e-8521-221f4bec247c,NA
12,59403514,59403514,1,snv_mnv,NA,NA,"broad,dkfz,muse,sanger",4,COSN6536758,NA,Charlie5,FALSE,0.5909,NA,26,18,NA,NA,NA,RNA,FALSE,FALSE,FALSE,FALSE,2,1,1,1_1,e23462f2-cb86-4a3e-8521-221f4bec247c,NA
12,61145181,61145181,1,snv_mnv,NA,NA,"broad,dkfz,muse,sanger",4,COSN6536827,NA,L1PA8,FALSE,0.5,NA,15,15,NA,NA,NA,IGR,FALSE,FALSE,FALSE,FALSE,2,1,1,1_1,e23462f2-cb86-4a3e-8521-221f4bec247c,NA
12,61484183,61484183,1,snv_mnv,NA,NA,"broad,dkfz,muse,sanger",4,COSN6536840,NA,MSTA,FALSE,0.56,NA,14,11,NA,NA,NA,IGR,FALSE,FALSE,FALSE,FALSE,2,1,1,1_1,e23462f2-cb86-4a3e-8521-221f4bec247c,NA
12,62274690,62274690,1,snv_mnv,NA,NA,"broad,dkfz,muse,sanger",4,COSN6536880,NA,NA,FALSE,0.5,NA,6,6,NA,NA,NA,Intron,FALSE,FALSE,FALSE,FALSE,2,1,1,1_1,e23462f2-cb86-4a3e-8521-221f4bec247c,KRT8P19
12,63846186,63846186,1,snv_mnv,NA,NA,"broad,dkfz,muse,sanger",4,COSN6536940,NA,L1MB1,FALSE,0.5185,NA,14,13,NA,NA,NA,IGR,FALSE,FALSE,FALSE,FALSE,2,1,1,1_1,e23462f2-cb86-4a3e-8521-221f4bec247c,NA
12,65420590,65420590,1,snv_mnv,NA,NA,"broad,dkfz,muse,sanger",4,COSN6536984,NA,AluJr,FALSE,0.5135,NA,19,18,NA,NA,NA,IGR,FALSE,FALSE,FALSE,FALSE,2,1,1,1_1,e23462f2-cb86-4a3e-8521-221f4bec247c,NA
12,66128302,66128302,1,snv_mnv,NA,NA,"broad,dkfz,muse,sanger",4,COSN6537006,NA,MLT1H1,FALSE,0.6,NA,15,10,NA,NA,NA,IGR,FALSE,FALSE,FALSE,FALSE,2,1,1,1_1,e23462f2-cb86-4a3e-8521-221f4bec247c,NA
12,66564747,66564747,1,snv_mnv,NA,NA,"broad,dkfz,muse,sanger",4,COSN6537038,NA,NA,FALSE,0.4286,NA,15,20,NA,NA,NA,5'Flank,FALSE,FALSE,FALSE,FALSE,2,1,1,1_1,e23462f2-cb86-4a3e-8521-221f4bec247c,"TMBIM4,AC078927.1"
12,67749487,67749487,1,snv_mnv,NA,NA,"broad,dkfz,muse,sanger",4,COSN6537066,NA,NA,FALSE,0.4054,NA,15,22,NA,NA,NA,IGR,FALSE,FALSE,TRUE,FALSE,2,1,1,1_1,e23462f2-cb86-4a3e-8521-221f4bec247c,MRPL40P1
12,67881208,67881208,1,snv_mnv,NA,NA,"broad,dkfz,muse",3,COSN6537073,NA,L1PA13,FALSE,0.6087,NA,14,9,NA,NA,NA,IGR,FALSE,FALSE,FALSE,FALSE,2,1,1,1_1,e23462f2-cb86-4a3e-8521-221f4bec247c,NA
12,67937215,67937215,1,snv_mnv,NA,NA,"broad,dkfz,muse,sanger",4,COSN6537075,NA,NA,FALSE,0.5676,NA,21,16,NA,NA,NA,lincRNA,FALSE,FALSE,FALSE,FALSE,2,1,1,1_1,e23462f2-cb86-4a3e-8521-221f4bec247c,NA
12,68510376,68510376,1,snv_mnv,NA,NA,"broad,dkfz,muse,sanger",4,COSN6537105,NA,Tigger1,FALSE,0.3824,NA,13,21,NA,NA,NA,RNA,FALSE,FALSE,FALSE,FALSE,2,1,1,1_1,e23462f2-cb86-4a3e-8521-221f4bec247c,NA
12,75583228,75583228,1,snv_mnv,NA,NA,"broad,dkfz,muse,sanger",4,COSN6537335,NA,NA,FALSE,0.4375,NA,14,18,NA,NA,NA,Intron,FALSE,FALSE,FALSE,FALSE,2,1,1,1_1,e23462f2-cb86-4a3e-8521-221f4bec247c,NA
12,76685334,76685334,1,snv_mnv,NA,NA,"broad,dkfz,muse,sanger",4,COSN6537380,NA,NA,FALSE,0.5429,NA,19,16,NA,NA,NA,lincRNA,FALSE,FALSE,FALSE,FALSE,2,1,1,1_1,e23462f2-cb86-4a3e-8521-221f4bec247c,NA
12,79153000,79153000,1,snv_mnv,NA,NA,"broad,dkfz,muse,sanger",4,COSN6537442,NA,MLT1D,FALSE,0.3478,NA,16,30,NA,NA,NA,IGR,FALSE,FALSE,FALSE,FALSE,2,1,1,1_1,e23462f2-cb86-4a3e-8521-221f4bec247c,NA
12,85746043,85746043,1,snv_mnv,NA,NA,"broad,dkfz,muse,sanger",4,COSN6537665,NA,NA,FALSE,0.4783,NA,11,12,NA,NA,NA,IGR,FALSE,FALSE,FALSE,FALSE,2,1,1,1_1,e23462f2-cb86-4a3e-8521-221f4bec247c,NA
12,86686073,86686073,1,snv_mnv,NA,NA,"broad,dkfz,muse,sanger",4,COSN6537697,NA,AT_rich,FALSE,0.5135,NA,19,18,NA,NA,NA,Intron,FALSE,FALSE,FALSE,FALSE,2,1,1,1_1,e23462f2-cb86-4a3e-8521-221f4bec247c,NA
12,90036629,90036629,1,snv_mnv,NA,NA,"broad,dkfz,muse,sanger",4,COSN6537810,NA,AluSx,FALSE,0.4167,NA,10,14,NA,NA,NA,Intron,FALSE,FALSE,FALSE,FALSE,2,1,1,1_1,e23462f2-cb86-4a3e-8521-221f4bec247c,NA
12,91344273,91344273,1,snv_mnv,NA,NA,"broad,dkfz,muse,sanger",4,COSN6537872,NA,NA,FALSE,0.2941,NA,10,24,NA,NA,NA,IGR,FALSE,FALSE,FALSE,FALSE,2,1,1,1_1,e23462f2-cb86-4a3e-8521-221f4bec247c,"CCER1,LINC00615"
12,91516228,91516228,1,snv_mnv,NA,NA,"broad,dkfz,muse,sanger",4,COSN6537880,NA,MSTA,FALSE,0.5714,NA,16,12,NA,NA,NA,IGR,FALSE,FALSE,FALSE,FALSE,2,1,1,1_1,e23462f2-cb86-4a3e-8521-221f4bec247c,NA
12,91860278,91860278,1,snv_mnv,NA,NA,"broad,dkfz,muse,sanger",4,COSN6537892,NA,L1MA8,FALSE,0.5,NA,16,16,NA,NA,NA,IGR,FALSE,FALSE,TRUE,FALSE,2,1,1,1_1,e23462f2-cb86-4a3e-8521-221f4bec247c,NA
12,93126275,93126275,1,snv_mnv,NA,NA,"broad,dkfz,muse,sanger",4,COSN6537933,NA,NA,FALSE,0.4412,NA,15,19,NA,NA,NA,Intron,FALSE,FALSE,FALSE,FALSE,2,1,1,1_1,e23462f2-cb86-4a3e-8521-221f4bec247c,PLEKHG7
12,98664553,98664553,1,snv_mnv,NA,NA,"broad,dkfz,muse,sanger",4,COSN6538070,NA,L1MA4,FALSE,0.5455,NA,12,10,NA,NA,NA,lincRNA,FALSE,FALSE,FALSE,FALSE,2,1,1,1_1,e23462f2-cb86-4a3e-8521-221f4bec247c,NA
12,98931051,98931051,1,snv_mnv,NA,NA,"broad,dkfz,muse,sanger",4,COSN6538077,NA,NA,FALSE,0.1429,NA,4,24,NA,NA,NA,Intron,FALSE,FALSE,FALSE,FALSE,2,1,1,1_1,e23462f2-cb86-4a3e-8521-221f4bec247c,TMPO
12,99512970,99512970,1,snv_mnv,NA,NA,"broad,dkfz,muse,sanger",4,COSN6538096,NA,MLT1D,FALSE,0.5385,NA,14,12,NA,NA,NA,Intron,FALSE,FALSE,TRUE,FALSE,2,1,1,1_1,e23462f2-cb86-4a3e-8521-221f4bec247c,NA
12,109717935,109717935,1,snv_mnv,NA,NA,"broad,dkfz,muse,sanger",4,COSN6534764,NA,AluSz6,FALSE,0.3462,NA,9,17,NA,NA,NA,Intron,FALSE,FALSE,FALSE,FALSE,2,1,1,1_1,e23462f2-cb86-4a3e-8521-221f4bec247c,NA
12,117987232,117987232,1,snv_mnv,NA,NA,"broad,dkfz,muse,sanger",4,COSN6534961,rs376683621,NA,FALSE,0.4074,NA,11,16,NA,NA,NA,Intron,FALSE,FALSE,FALSE,FALSE,2,1,1,1_1,e23462f2-cb86-4a3e-8521-221f4bec247c,NA
12,118920833,118920833,1,snv_mnv,NA,NA,"broad,dkfz,muse,sanger",4,COSN6534988,NA,AluSc8,FALSE,0.5417,NA,13,11,NA,NA,NA,IGR,FALSE,FALSE,FALSE,FALSE,2,1,1,1_1,e23462f2-cb86-4a3e-8521-221f4bec247c,NA
12,126505940,126505940,1,snv_mnv,NA,NA,"broad,dkfz,muse,sanger",4,COSN6535161,NA,NA,FALSE,0.44,NA,11,14,NA,NA,NA,IGR,FALSE,FALSE,FALSE,FALSE,2,1,1,1_1,e23462f2-cb86-4a3e-8521-221f4bec247c,NA
12,126854931,126854931,1,snv_mnv,NA,NA,"broad,dkfz,muse,sanger",4,COSN6535172,NA,NA,FALSE,0.5294,NA,18,16,NA,NA,NA,IGR,FALSE,FALSE,FALSE,FALSE,2,1,1,1_1,e23462f2-cb86-4a3e-8521-221f4bec247c,NA
12,131798019,131798019,1,snv_mnv,NA,NA,"broad,dkfz,muse,sanger",4,COSN6535380,NA,NA,FALSE,0.5833,NA,14,10,NA,NA,NA,IGR,FALSE,FALSE,FALSE,FALSE,2,1,1,1_1,e23462f2-cb86-4a3e-8521-221f4bec247c,NA
13,22148982,22148982,1,snv_mnv,NA,NA,"broad,dkfz,muse,sanger",4,COSN6538662,NA,NA,FALSE,0.5429,NA,19,16,NA,NA,NA,Intron,FALSE,FALSE,FALSE,FALSE,2,1,1,1_1,e23462f2-cb86-4a3e-8521-221f4bec247c,NA
13,23629346,23629346,1,snv_mnv,NA,NA,"broad,dkfz,muse,sanger",4,COSN6538718,NA,AluY,FALSE,0.4054,NA,15,22,NA,NA,NA,IGR,FALSE,FALSE,FALSE,FALSE,2,1,1,1_1,e23462f2-cb86-4a3e-8521-221f4bec247c,NA
13,25389524,25389524,1,snv_mnv,NA,NA,"broad,dkfz,muse,sanger",4,COSN6538760,NA,L1MB4,FALSE,0.7037,NA,19,8,NA,NA,NA,Intron,FALSE,FALSE,FALSE,FALSE,2,1,1,1_1,e23462f2-cb86-4a3e-8521-221f4bec247c,NA
13,27240078,27240078,1,snv_mnv,NA,NA,"broad,dkfz,muse,sanger",4,COSN6538800,NA,NA,FALSE,0.5143,NA,18,17,NA,NA,NA,Intron,FALSE,FALSE,FALSE,FALSE,2,1,1,1_1,e23462f2-cb86-4a3e-8521-221f4bec247c,NA
13,30332962,30332962,1,snv_mnv,NA,NA,"broad,dkfz,muse,sanger",4,COSN6538900,NA,L2,FALSE,0.4643,NA,13,15,NA,NA,NA,IGR,FALSE,FALSE,FALSE,FALSE,2,1,1,1_1,e23462f2-cb86-4a3e-8521-221f4bec247c,NA
13,32988208,32988208,1,snv_mnv,NA,NA,"broad,dkfz,muse,sanger",4,COSN6538972,rs561504522,AluSx,FALSE,0.5938,NA,19,13,NA,NA,NA,Intron,FALSE,FALSE,FALSE,FALSE,2,1,1,1_1,e23462f2-cb86-4a3e-8521-221f4bec247c,N4BP2L1
13,37664314,37664314,1,snv_mnv,NA,NA,"broad,dkfz,muse,sanger",4,COSN6539088,rs142241403,NA,FALSE,0.3333,NA,9,18,NA,NA,NA,IGR,FALSE,FALSE,FALSE,FALSE,2,1,1,1_1,e23462f2-cb86-4a3e-8521-221f4bec247c,NA
13,37983974,37983974,1,snv_mnv,NA,NA,"broad,dkfz,muse,sanger",4,COSN6539098,NA,MIRb,FALSE,0.4444,NA,16,20,NA,NA,NA,IGR,FALSE,FALSE,FALSE,FALSE,2,1,1,1_1,e23462f2-cb86-4a3e-8521-221f4bec247c,NA
13,39253871,39253871,1,snv_mnv,NA,NA,"broad,dkfz,muse,sanger",4,COSN6539135,NA,NA,FALSE,0.5294,NA,18,16,NA,NA,NA,IGR,FALSE,FALSE,FALSE,FALSE,2,1,1,1_1,e23462f2-cb86-4a3e-8521-221f4bec247c,NA
13,40880136,40880136,1,snv_mnv,NA,NA,"broad,dkfz,muse,sanger",4,COSN6539183,rs765622970,HERV35I-int,FALSE,0.5,NA,16,16,NA,NA,NA,IGR,FALSE,FALSE,FALSE,FALSE,2,1,1,1_1,e23462f2-cb86-4a3e-8521-221f4bec247c,NA
13,43436813,43436813,1,snv_mnv,NA,NA,"broad,dkfz,muse,sanger",4,COSN6539239,NA,L2a,FALSE,0.3929,NA,11,17,NA,NA,NA,IGR,FALSE,FALSE,FALSE,FALSE,2,1,1,1_1,e23462f2-cb86-4a3e-8521-221f4bec247c,NA
13,44215230,44215230,1,snv_mnv,NA,NA,"broad,dkfz,muse,sanger",4,COSN6539257,NA,NA,FALSE,0.5217,NA,12,11,NA,NA,NA,Intron,FALSE,FALSE,FALSE,FALSE,2,1,1,1_1,e23462f2-cb86-4a3e-8521-221f4bec247c,NA
13,46196944,46196944,1,snv_mnv,NA,NA,"broad,dkfz,muse,sanger",4,COSN6539311,NA,L1PA7,FALSE,0.3103,NA,9,20,NA,NA,NA,IGR,FALSE,FALSE,FALSE,FALSE,2,1,1,1_1,e23462f2-cb86-4a3e-8521-221f4bec247c,NA
13,52594651,52594651,1,snv_mnv,NA,NA,"broad,dkfz,muse,sanger",4,COSN6539459,NA,NA,FALSE,0.6333,NA,19,11,NA,NA,NA,Intron,FALSE,FALSE,FALSE,FALSE,2,1,1,1_1,e23462f2-cb86-4a3e-8521-221f4bec247c,"UTP14C,ALG11"
13,53516906,53516906,1,snv_mnv,NA,NA,"broad,dkfz,muse,sanger",4,COSN6539468,NA,NA,FALSE,0.5161,NA,16,15,NA,NA,NA,IGR,FALSE,FALSE,FALSE,FALSE,2,1,1,1_1,e23462f2-cb86-4a3e-8521-221f4bec247c,NA
13,53768608,53768608,1,snv_mnv,NA,NA,"broad,dkfz,muse,sanger",4,COSN6539474,NA,NA,FALSE,0.5,NA,13,13,NA,NA,NA,IGR,FALSE,FALSE,FALSE,FALSE,2,1,1,1_1,e23462f2-cb86-4a3e-8521-221f4bec247c,NA
13,56636292,56636292,1,snv_mnv,NA,NA,"broad,dkfz,muse,sanger",4,COSN6539579,NA,NA,FALSE,0.5,NA,17,17,NA,NA,NA,IGR,FALSE,FALSE,FALSE,FALSE,2,1,1,1_1,e23462f2-cb86-4a3e-8521-221f4bec247c,NA
13,56684093,56684093,1,snv_mnv,NA,NA,"broad,dkfz,muse,sanger",4,COSN6539583,NA,L1M4,FALSE,0.4688,NA,15,17,NA,NA,NA,IGR,FALSE,FALSE,TRUE,FALSE,2,1,1,1_1,e23462f2-cb86-4a3e-8521-221f4bec247c,NA
13,59130553,59130553,1,snv_mnv,3.9936e-4,rs551291612,"broad,dkfz,muse,sanger",4,COSN6539696,rs551291612,NA,FALSE,0.4872,NA,19,20,NA,NA,NA,IGR,FALSE,FALSE,FALSE,FALSE,2,1,1,1_1,e23462f2-cb86-4a3e-8521-221f4bec247c,NA
13,62980614,62980614,1,snv_mnv,NA,NA,"broad,dkfz,muse,sanger",4,COSN7410248,NA,NA,FALSE,0.5,NA,17,17,NA,NA,NA,IGR,FALSE,FALSE,FALSE,FALSE,2,1,1,1_1,e23462f2-cb86-4a3e-8521-221f4bec247c,NA
13,63310508,63310508,1,snv_mnv,NA,NA,"broad,dkfz,muse,sanger",4,COSN6539872,NA,L1ME3C,FALSE,0.4722,NA,17,19,NA,NA,NA,IGR,FALSE,FALSE,FALSE,FALSE,2,1,1,1_1,e23462f2-cb86-4a3e-8521-221f4bec247c,LINC00448
13,63762372,63762372,1,snv_mnv,NA,NA,"broad,dkfz,muse,sanger",4,COSN6539891,NA,NA,FALSE,0.4062,NA,13,19,NA,NA,NA,lincRNA,FALSE,FALSE,FALSE,FALSE,2,1,1,1_1,e23462f2-cb86-4a3e-8521-221f4bec247c,NA
13,63832070,63832070,1,snv_mnv,NA,NA,"broad,dkfz,muse,sanger",4,COSN6539897,NA,L1MEd,FALSE,0.5476,NA,23,19,NA,NA,NA,IGR,FALSE,FALSE,FALSE,FALSE,2,1,1,1_1,e23462f2-cb86-4a3e-8521-221f4bec247c,NA
13,65714761,65714761,1,snv_mnv,NA,NA,"broad,dkfz,muse,sanger",4,COSN6539957,NA,NA,FALSE,0.5758,NA,19,14,NA,NA,NA,IGR,FALSE,FALSE,FALSE,FALSE,2,1,1,1_1,e23462f2-cb86-4a3e-8521-221f4bec247c,NA
13,69518009,69518009,1,snv_mnv,NA,NA,"broad,dkfz,muse,sanger",4,COSN6540107,NA,L1MDa,FALSE,0.5185,NA,14,13,NA,NA,NA,IGR,FALSE,FALSE,FALSE,FALSE,2,1,1,1_1,e23462f2-cb86-4a3e-8521-221f4bec247c,NA
13,71335601,71335601,1,snv_mnv,NA,NA,"broad,dkfz,muse,sanger",4,COSN6540163,NA,NA,FALSE,0.1667,NA,5,25,NA,NA,NA,IGR,FALSE,FALSE,FALSE,FALSE,2,1,1,1_1,e23462f2-cb86-4a3e-8521-221f4bec247c,NA
13,71410474,71410474,1,snv_mnv,NA,NA,"broad,dkfz,muse,sanger",4,COSN6540168,NA,L1MEf,FALSE,0.3191,NA,15,32,NA,NA,NA,IGR,FALSE,FALSE,FALSE,FALSE,2,1,1,1_1,e23462f2-cb86-4a3e-8521-221f4bec247c,NA
13,72679068,72679068,1,snv_mnv,NA,NA,"broad,dkfz,muse,sanger",4,COSN6540201,NA,L2a,FALSE,0.525,NA,21,19,NA,NA,NA,IGR,FALSE,FALSE,FALSE,FALSE,2,1,1,1_1,e23462f2-cb86-4a3e-8521-221f4bec247c,NA
13,74142983,74142983,1,snv_mnv,NA,NA,"broad,dkfz,muse,sanger",4,COSN6540255,NA,L1MB2,FALSE,0.4828,NA,14,15,NA,NA,NA,lincRNA,FALSE,FALSE,FALSE,FALSE,2,1,1,1_1,e23462f2-cb86-4a3e-8521-221f4bec247c,NA
13,76371617,76371617,1,snv_mnv,NA,NA,"broad,dkfz,muse,sanger",4,COSN6540309,NA,ALINE,FALSE,0.6071,NA,17,11,NA,NA,NA,Intron,FALSE,FALSE,FALSE,FALSE,2,1,1,1_1,e23462f2-cb86-4a3e-8521-221f4bec247c,NA
13,80686048,80686048,1,snv_mnv,NA,NA,"broad,dkfz,muse,sanger",4,COSN6540435,NA,L1MD2,FALSE,0.5312,NA,17,15,NA,NA,NA,IGR,FALSE,FALSE,FALSE,FALSE,2,1,1,1_1,e23462f2-cb86-4a3e-8521-221f4bec247c,NA
13,83250874,83250874,1,snv_mnv,NA,NA,"broad,dkfz,muse,sanger",4,COSN6540553,NA,THE1B-int,FALSE,0.6452,NA,20,11,NA,NA,NA,IGR,FALSE,FALSE,FALSE,FALSE,2,1,1,1_1,e23462f2-cb86-4a3e-8521-221f4bec247c,NA
13,85241393,85241393,1,snv_mnv,NA,NA,"broad,dkfz,muse,sanger",4,COSN6540674,NA,NA,FALSE,0.5161,NA,16,15,NA,NA,NA,IGR,FALSE,FALSE,FALSE,FALSE,2,1,1,1_1,e23462f2-cb86-4a3e-8521-221f4bec247c,NA
13,85745404,85745404,1,snv_mnv,NA,NA,"broad,dkfz,muse,sanger",4,COSN6540697,NA,L1MA3,FALSE,0.3667,NA,11,19,NA,NA,NA,IGR,FALSE,FALSE,FALSE,FALSE,2,1,1,1_1,e23462f2-cb86-4a3e-8521-221f4bec247c,NA
13,89825217,89825217,1,snv_mnv,NA,NA,"broad,dkfz,muse,sanger",4,COSN6540893,NA,NA,FALSE,0.9474,NA,18,1,NA,NA,NA,IGR,FALSE,FALSE,FALSE,FALSE,2,1,1,1_1,e23462f2-cb86-4a3e-8521-221f4bec247c,NA
13,89970797,89970797,1,snv_mnv,NA,NA,"broad,dkfz,muse,sanger",4,COSN6540901,NA,NA,FALSE,0.52,NA,13,12,NA,NA,NA,IGR,FALSE,FALSE,FALSE,FALSE,2,1,1,1_1,e23462f2-cb86-4a3e-8521-221f4bec247c,NA
13,89993753,89993753,1,snv_mnv,1.9968e-4,rs561517775,"broad,dkfz,muse,sanger",4,COSN6540902,rs561517775,NA,FALSE,0.4545,NA,15,18,NA,NA,NA,IGR,FALSE,FALSE,FALSE,FALSE,2,1,1,1_1,e23462f2-cb86-4a3e-8521-221f4bec247c,NA
13,90936737,90936737,1,snv_mnv,NA,NA,"broad,muse",2,COSN1634551,NA,AluSq,FALSE,0.0882,NA,3,31,NA,NA,NA,IGR,FALSE,FALSE,FALSE,FALSE,2,1,1,1_1,e23462f2-cb86-4a3e-8521-221f4bec247c,NA
13,91712666,91712666,1,snv_mnv,NA,NA,"broad,dkfz,muse,sanger",4,COSN6540972,NA,MER57A-int,FALSE,0.4688,NA,15,17,NA,NA,NA,IGR,FALSE,FALSE,FALSE,FALSE,2,1,1,1_1,e23462f2-cb86-4a3e-8521-221f4bec247c,NA
13,93232255,93232255,1,snv_mnv,NA,NA,"broad,dkfz,muse,sanger",4,COSN6541023,NA,NA,FALSE,0.5,NA,13,13,NA,NA,NA,Intron,FALSE,FALSE,FALSE,FALSE,2,1,1,1_1,e23462f2-cb86-4a3e-8521-221f4bec247c,NA
13,96506307,96506307,1,snv_mnv,NA,NA,"broad,dkfz,muse,sanger",4,COSN6541116,NA,MIR,FALSE,0.3667,NA,11,19,NA,NA,NA,Intron,FALSE,FALSE,FALSE,FALSE,2,1,1,1_1,e23462f2-cb86-4a3e-8521-221f4bec247c,UGGT2
13,100489750,100489750,1,snv_mnv,NA,NA,"broad,dkfz,muse,sanger",4,COSN6538117,NA,NA,FALSE,0.4231,NA,11,15,NA,NA,NA,Intron,FALSE,FALSE,FALSE,FALSE,2,1,1,1_1,e23462f2-cb86-4a3e-8521-221f4bec247c,NA
13,104890068,104890068,1,snv_mnv,NA,NA,"broad,dkfz,muse,sanger",4,COSN6538250,NA,NA,FALSE,0.5556,NA,20,16,NA,NA,NA,IGR,FALSE,FALSE,FALSE,FALSE,2,1,1,1_1,e23462f2-cb86-4a3e-8521-221f4bec247c,NA
13,105091789,105091789,1,snv_mnv,NA,NA,"broad,dkfz,muse,sanger",4,COSN6538259,NA,NA,FALSE,0.3846,NA,10,16,NA,NA,NA,IGR,FALSE,FALSE,TRUE,FALSE,2,1,1,1_1,e23462f2-cb86-4a3e-8521-221f4bec247c,NA
13,106200601,106200601,1,snv_mnv,NA,NA,"broad,dkfz,muse,sanger",4,COSN6538312,NA,NA,FALSE,0.5,NA,15,15,NA,NA,NA,IGR,FALSE,FALSE,FALSE,FALSE,2,1,1,1_1,e23462f2-cb86-4a3e-8521-221f4bec247c,NA
13,106670331,106670331,1,snv_mnv,NA,NA,"broad,dkfz,muse,sanger",4,COSN6538336,NA,L2c,FALSE,0.5,NA,19,19,NA,NA,NA,IGR,FALSE,FALSE,FALSE,FALSE,2,1,1,1_1,e23462f2-cb86-4a3e-8521-221f4bec247c,NA
13,110797579,110797579,1,snv_mnv,1.9968e-4,rs529146555,"broad,dkfz,muse,sanger",4,COSN5796800,rs529146555,AluY,FALSE,0.3793,NA,11,18,NA,NA,NA,IGR,FALSE,FALSE,FALSE,FALSE,2,1,1,1_1,e23462f2-cb86-4a3e-8521-221f4bec247c,COL4A1
13,112685042,112685042,1,snv_mnv,NA,NA,"broad,dkfz,muse,sanger",4,COSN6538522,NA,NA,FALSE,0.4167,NA,10,14,NA,NA,NA,IGR,FALSE,FALSE,FALSE,FALSE,2,1,1,1_1,e23462f2-cb86-4a3e-8521-221f4bec247c,NA
13,113572062,113572062,1,snv_mnv,NA,NA,"broad,dkfz,muse,sanger",4,COSN6538554,NA,NA,FALSE,0.4571,NA,16,19,NA,NA,NA,Intron,FALSE,FALSE,FALSE,FALSE,2,1,1,1_1,e23462f2-cb86-4a3e-8521-221f4bec247c,NA
14,21043550,21043550,1,snv_mnv,1.9968e-4,rs552552537,"broad,dkfz,muse,sanger",4,COSN6541428,rs552552537,L1MEc,FALSE,0.5588,NA,19,15,NA,NA,NA,IGR,FALSE,FALSE,FALSE,FALSE,2,1,1,1_1,e23462f2-cb86-4a3e-8521-221f4bec247c,NA
14,21986677,21986677,1,snv_mnv,NA,NA,"broad,dkfz,muse,sanger",4,COSN6541455,NA,NA,FALSE,0.5,NA,11,11,NA,NA,NA,IGR,FALSE,FALSE,FALSE,FALSE,2,1,1,1_1,e23462f2-cb86-4a3e-8521-221f4bec247c,"SALL2,AL161747.2"
14,22384763,22384763,1,snv_mnv,NA,NA,"broad,dkfz,muse,sanger",4,COSN6541467,NA,L3,FALSE,0.5185,NA,14,13,NA,NA,NA,RNA,FALSE,FALSE,FALSE,FALSE,2,1,1,1_1,e23462f2-cb86-4a3e-8521-221f4bec247c,TRAV13-2
14,22767033,22767033,1,snv_mnv,NA,NA,"broad,dkfz,muse,sanger",4,COSN6541476,NA,L1M5,FALSE,0.45,NA,18,22,NA,NA,NA,IGR,FALSE,FALSE,FALSE,FALSE,2,1,1,1_1,e23462f2-cb86-4a3e-8521-221f4bec247c,TRAV39
14,28031015,28031015,1,snv_mnv,NA,NA,"broad,dkfz,muse,sanger",4,COSN6541625,NA,NA,FALSE,0.4242,NA,14,19,NA,NA,NA,RNA,FALSE,FALSE,FALSE,FALSE,2,1,1,1_1,e23462f2-cb86-4a3e-8521-221f4bec247c,NA
14,32587176,32587176,1,snv_mnv,NA,NA,"broad,dkfz,muse,sanger",4,COSN6541752,NA,NA,FALSE,0.3333,NA,9,18,NA,NA,NA,Intron,FALSE,FALSE,FALSE,FALSE,2,1,1,1_1,e23462f2-cb86-4a3e-8521-221f4bec247c,NA
14,38518500,38518500,1,snv_mnv,NA,NA,"broad,dkfz,muse,sanger",4,COSN6541908,NA,L1MEc,FALSE,0.5278,NA,19,17,NA,NA,NA,RNA,FALSE,FALSE,FALSE,FALSE,2,1,1,1_1,e23462f2-cb86-4a3e-8521-221f4bec247c,NA
14,41300932,41300932,1,snv_mnv,NA,NA,"broad,dkfz,muse,sanger",4,COSN6541995,NA,L1PA16,FALSE,0.4545,NA,15,18,NA,NA,NA,IGR,FALSE,FALSE,FALSE,FALSE,2,1,1,1_1,e23462f2-cb86-4a3e-8521-221f4bec247c,NA
14,41965414,41965414,1,snv_mnv,NA,NA,"broad,dkfz,muse,sanger",4,COSN6542029,NA,L1PA8,FALSE,0.5161,NA,16,15,NA,NA,NA,IGR,FALSE,FALSE,FALSE,FALSE,2,1,1,1_1,e23462f2-cb86-4a3e-8521-221f4bec247c,NA
14,44721307,44721307,1,snv_mnv,NA,NA,"broad,dkfz,muse,sanger",4,COSN6542150,NA,NA,FALSE,0.5405,NA,20,17,NA,NA,NA,lincRNA,FALSE,FALSE,FALSE,FALSE,2,1,1,1_1,e23462f2-cb86-4a3e-8521-221f4bec247c,NA
14,44989212,44989212,1,snv_mnv,NA,NA,"broad,dkfz,muse,sanger",4,COSN6542162,NA,L1M3f,FALSE,0.3939,NA,13,20,NA,NA,NA,RNA,FALSE,FALSE,FALSE,FALSE,2,1,1,1_1,e23462f2-cb86-4a3e-8521-221f4bec247c,NA
14,46865116,46865116,1,snv_mnv,NA,NA,"broad,dkfz,muse,sanger",4,COSN6542217,NA,Tigger1,FALSE,0.4667,NA,14,16,NA,NA,NA,lincRNA,FALSE,FALSE,FALSE,FALSE,2,1,1,1_1,e23462f2-cb86-4a3e-8521-221f4bec247c,NA
14,47038160,47038160,1,snv_mnv,NA,NA,"broad,dkfz,muse,sanger",4,COSN6542221,NA,L1PA13,FALSE,0.625,NA,15,9,NA,NA,NA,IGR,FALSE,FALSE,FALSE,FALSE,2,1,1,1_1,e23462f2-cb86-4a3e-8521-221f4bec247c,NA
14,47356712,47356712,1,snv_mnv,NA,NA,"broad,dkfz,muse,sanger",4,COSN6542234,rs187130056,NA,FALSE,0.3784,NA,14,23,NA,NA,NA,Intron,FALSE,FALSE,FALSE,FALSE,2,1,1,1_1,e23462f2-cb86-4a3e-8521-221f4bec247c,NA
14,48697765,48697765,1,snv_mnv,NA,NA,"broad,dkfz,muse,sanger",4,COSN6542291,NA,NA,FALSE,0.5,NA,19,19,NA,NA,NA,IGR,FALSE,FALSE,FALSE,FALSE,2,1,1,1_1,e23462f2-cb86-4a3e-8521-221f4bec247c,NA
14,50480675,50480675,1,snv_mnv,NA,NA,"broad,dkfz,muse,sanger",4,COSN6542338,NA,L3,FALSE,0.1875,NA,6,26,NA,NA,NA,IGR,FALSE,FALSE,FALSE,FALSE,2,1,1,1_1,e23462f2-cb86-4a3e-8521-221f4bec247c,LINC01588
14,54584354,54584354,1,snv_mnv,NA,NA,"broad,dkfz,muse,sanger",4,COSN6542431,NA,NA,FALSE,0.4167,NA,10,14,NA,NA,NA,IGR,FALSE,FALSE,FALSE,FALSE,2,1,1,1_1,e23462f2-cb86-4a3e-8521-221f4bec247c,NA
14,55058373,55058373,1,snv_mnv,NA,NA,"broad,dkfz,muse,sanger",4,COSN6542438,NA,MER20B,FALSE,0.48,NA,12,13,NA,NA,NA,Intron,FALSE,FALSE,FALSE,FALSE,2,1,1,1_1,e23462f2-cb86-4a3e-8521-221f4bec247c,NA
14,59290078,59290078,1,snv_mnv,NA,NA,"broad,dkfz,muse,sanger",4,COSN6542535,NA,NA,FALSE,0.2857,NA,8,20,NA,NA,NA,IGR,FALSE,FALSE,FALSE,FALSE,2,1,1,1_1,e23462f2-cb86-4a3e-8521-221f4bec247c,"LINC01500,AL049873.2"
14,68134556,68134556,1,snv_mnv,NA,NA,"broad,dkfz,muse,sanger",4,COSN6542789,NA,AluY,FALSE,0.4737,NA,9,10,NA,NA,NA,Intron,FALSE,FALSE,FALSE,FALSE,2,1,1,1_1,e23462f2-cb86-4a3e-8521-221f4bec247c,NA
14,70996007,70996007,1,snv_mnv,NA,NA,"dkfz,muse,sanger",3,COSN6542859,NA,L1M3,FALSE,0.1628,NA,7,36,NA,NA,NA,Intron,FALSE,FALSE,FALSE,FALSE,2,1,1,1_1,e23462f2-cb86-4a3e-8521-221f4bec247c,NA
14,71730662,71730662,1,snv_mnv,NA,NA,"broad,dkfz,muse,sanger",4,COSN6542880,NA,NA,FALSE,0.4688,NA,15,17,NA,NA,NA,IGR,FALSE,FALSE,FALSE,FALSE,2,1,1,1_1,e23462f2-cb86-4a3e-8521-221f4bec247c,NA
14,71928945,71928945,1,snv_mnv,NA,NA,"broad,dkfz,muse,sanger",4,COSN6542883,NA,HERVL-int,FALSE,0.75,NA,24,8,NA,NA,NA,IGR,FALSE,FALSE,FALSE,FALSE,2,1,1,1_1,e23462f2-cb86-4a3e-8521-221f4bec247c,SIPA1L1
14,83595756,83595756,1,snv_mnv,NA,NA,"broad,dkfz,muse,sanger",4,COSN6543160,NA,NA,FALSE,0.2857,NA,6,15,NA,NA,NA,IGR,FALSE,FALSE,FALSE,FALSE,2,1,1,1_1,e23462f2-cb86-4a3e-8521-221f4bec247c,NA
14,83810963,83810963,1,snv_mnv,NA,NA,"broad,dkfz,muse,sanger",4,COSN6543170,NA,AluSx,FALSE,0.4138,NA,12,17,NA,NA,NA,IGR,FALSE,FALSE,TRUE,FALSE,2,1,1,1_1,e23462f2-cb86-4a3e-8521-221f4bec247c,NA
14,85525166,85525166,1,snv_mnv,NA,NA,"broad,dkfz,muse,sanger",4,COSN6543240,rs748425073,NA,FALSE,0.475,NA,19,21,NA,NA,NA,IGR,FALSE,FALSE,FALSE,FALSE,2,1,1,1_1,e23462f2-cb86-4a3e-8521-221f4bec247c,NA
14,86617861,86617861,1,snv_mnv,NA,NA,"broad,dkfz,muse,sanger",4,COSN6543284,NA,NA,FALSE,0.6098,NA,25,16,NA,NA,NA,IGR,FALSE,FALSE,FALSE,FALSE,2,1,1,1_1,e23462f2-cb86-4a3e-8521-221f4bec247c,NA
14,91585319,91585319,1,snv_mnv,3.9936e-4,rs180776510,"broad,dkfz,muse,sanger",4,COSN6543408,rs180776510,FLAM_C,FALSE,0.625,NA,20,12,NA,NA,NA,Intron,FALSE,FALSE,TRUE,FALSE,2,1,1,1_1,e23462f2-cb86-4a3e-8521-221f4bec247c,NA
14,94871984,94871984,1,snv_mnv,NA,NA,"broad,dkfz,muse,sanger",4,COSN6543474,NA,AluSx1,FALSE,0.4286,NA,12,16,NA,NA,NA,IGR,FALSE,FALSE,FALSE,FALSE,2,1,1,1_1,e23462f2-cb86-4a3e-8521-221f4bec247c,NA
14,95454266,95454266,1,snv_mnv,NA,NA,"broad,dkfz,muse,sanger",4,COSN6543485,NA,L1MEf,FALSE,0.5484,NA,17,14,NA,NA,NA,IGR,FALSE,FALSE,FALSE,FALSE,2,1,1,1_1,e23462f2-cb86-4a3e-8521-221f4bec247c,NA
14,96860734,96860734,1,snv_mnv,NA,NA,"broad,dkfz,muse,sanger",4,COSN6543528,NA,ORSL,FALSE,0.4872,NA,19,20,NA,NA,NA,Intron,FALSE,FALSE,FALSE,FALSE,2,1,1,1_1,e23462f2-cb86-4a3e-8521-221f4bec247c,AK7
14,98048881,98048881,1,snv_mnv,NA,NA,"broad,dkfz,muse,sanger",4,COSN6543569,NA,MLT1H,FALSE,0.44,NA,11,14,NA,NA,NA,IGR,FALSE,FALSE,FALSE,FALSE,2,1,1,1_1,e23462f2-cb86-4a3e-8521-221f4bec247c,LINC02325
14,102171971,102171971,1,snv_mnv,NA,NA,"broad,dkfz,muse,sanger",4,COSN6541250,NA,NA,FALSE,0.5,NA,10,10,NA,NA,NA,lincRNA,FALSE,FALSE,FALSE,FALSE,2,1,1,1_1,e23462f2-cb86-4a3e-8521-221f4bec247c,NA
14,102587034,102587034,1,snv_mnv,NA,NA,"broad,dkfz,muse,sanger",4,COSN6541261,NA,AluSq,FALSE,0.6129,NA,19,12,NA,NA,NA,Intron,FALSE,FALSE,FALSE,FALSE,2,1,1,1_1,e23462f2-cb86-4a3e-8521-221f4bec247c,NA
14,106228271,106228271,1,snv_mnv,NA,NA,"broad,dkfz,muse",3,COSN6541357,NA,(CACAT)n,FALSE,0.36,NA,9,16,NA,NA,NA,IGR,FALSE,FALSE,FALSE,FALSE,2,1,1,1_1,e23462f2-cb86-4a3e-8521-221f4bec247c,IGHG3
15,21910421,21910421,1,snv_mnv,NA,NA,"broad,dkfz,muse,sanger",4,COSN6543691,NA,NA,FALSE,0.4717,NA,25,28,NA,NA,NA,IGR,FALSE,FALSE,FALSE,FALSE,2,1,1,1_1,e23462f2-cb86-4a3e-8521-221f4bec247c,NA
15,22810536,22810536,1,snv_mnv,NA,NA,"broad,dkfz,muse,sanger",4,COSN6543697,NA,MSTA-int,FALSE,0.4348,NA,10,13,NA,NA,NA,IGR,FALSE,FALSE,FALSE,FALSE,2,1,1,1_1,e23462f2-cb86-4a3e-8521-221f4bec247c,NA
15,26055243,26055243,1,snv_mnv,NA,NA,"broad,dkfz,muse,sanger",4,COSN6543793,NA,NA,FALSE,0.375,NA,9,15,NA,NA,NA,Intron,FALSE,FALSE,FALSE,FALSE,2,1,1,1_1,e23462f2-cb86-4a3e-8521-221f4bec247c,NA
15,27208991,27208991,1,snv_mnv,NA,NA,"broad,dkfz,muse,sanger",4,COSN6543838,NA,L1MC4a,FALSE,0.3462,NA,9,17,NA,NA,NA,IGR,FALSE,FALSE,FALSE,FALSE,2,1,1,1_1,e23462f2-cb86-4a3e-8521-221f4bec247c,TVP23BP1
15,27389661,27389661,1,snv_mnv,NA,NA,"broad,dkfz,muse,sanger",4,COSN6543846,NA,L1M4,FALSE,0.4667,NA,14,16,NA,NA,NA,Intron,FALSE,FALSE,FALSE,FALSE,2,1,1,1_1,e23462f2-cb86-4a3e-8521-221f4bec247c,NA
15,28389565,28389565,1,snv_mnv,NA,NA,"broad,dkfz,muse,sanger",4,COSN6543885,NA,NA,FALSE,0.5,NA,8,8,NA,NA,NA,Intron,FALSE,FALSE,FALSE,FALSE,2,1,1,1_1,e23462f2-cb86-4a3e-8521-221f4bec247c,HERC2
15,31037331,31037331,1,snv_mnv,NA,NA,"broad,dkfz,muse,sanger",4,COSN6543913,NA,NA,FALSE,0.4194,NA,13,18,NA,NA,NA,Intron,FALSE,FALSE,FALSE,FALSE,2,1,1,1_1,e23462f2-cb86-4a3e-8521-221f4bec247c,NA
15,32360033,32360033,1,snv_mnv,NA,NA,"broad,dkfz,muse,sanger",4,COSN6543936,NA,L1M4,FALSE,0.2667,NA,12,33,NA,NA,NA,Intron,FALSE,FALSE,FALSE,FALSE,2,1,1,1_1,e23462f2-cb86-4a3e-8521-221f4bec247c,NA
15,38330939,38330939,1,snv_mnv,NA,NA,"broad,dkfz,muse,sanger",4,COSN6544104,NA,NA,FALSE,0.5172,NA,15,14,NA,NA,NA,lincRNA,FALSE,FALSE,FALSE,FALSE,2,1,1,1_1,e23462f2-cb86-4a3e-8521-221f4bec247c,LINC02345
15,39969971,39969971,1,snv_mnv,NA,NA,"broad,dkfz,muse,sanger",4,COSN6544143,NA,AluSc5,FALSE,0.5357,NA,15,13,NA,NA,NA,Intron,FALSE,FALSE,FALSE,FALSE,2,1,1,1_1,e23462f2-cb86-4a3e-8521-221f4bec247c,NA
15,42153068,42153068,1,snv_mnv,NA,NA,"broad,dkfz,muse,sanger",4,COSN6544186,NA,NA,FALSE,0.5143,NA,18,17,NA,NA,NA,Intron,FALSE,FALSE,FALSE,FALSE,2,1,1,1_1,e23462f2-cb86-4a3e-8521-221f4bec247c,NA
15,50122865,50122865,1,snv_mnv,NA,NA,"broad,dkfz,muse,sanger",4,COSN6544373,NA,NA,FALSE,0.5333,NA,16,14,NA,NA,NA,IGR,FALSE,FALSE,FALSE,FALSE,2,1,1,1_1,e23462f2-cb86-4a3e-8521-221f4bec247c,NA
15,51348239,51348239,1,snv_mnv,NA,NA,"broad,dkfz,muse,sanger",4,COSN6544403,rs377017686,NA,FALSE,0.5526,NA,21,17,NA,NA,NA,IGR,FALSE,FALSE,FALSE,FALSE,2,1,1,1_1,e23462f2-cb86-4a3e-8521-221f4bec247c,TNFAIP8L3
15,51695361,51695361,1,snv_mnv,NA,NA,"broad,dkfz,muse,sanger",4,COSN6544409,NA,NA,FALSE,0.4688,NA,15,17,NA,NA,NA,Intron,FALSE,FALSE,FALSE,FALSE,2,1,1,1_1,e23462f2-cb86-4a3e-8521-221f4bec247c,GLDN
15,52547652,52547652,1,snv_mnv,NA,NA,"broad,dkfz,muse,sanger",4,COSN6544424,NA,NA,FALSE,0.4615,NA,12,14,NA,NA,NA,Intron,FALSE,FALSE,FALSE,FALSE,2,1,1,1_1,e23462f2-cb86-4a3e-8521-221f4bec247c,NA
15,57419229,57419229,1,snv_mnv,NA,NA,"broad,dkfz,muse,sanger",4,COSN6544558,NA,AluSx1,FALSE,0.4667,NA,7,8,NA,NA,NA,Intron,FALSE,FALSE,FALSE,FALSE,2,1,1,1_1,e23462f2-cb86-4a3e-8521-221f4bec247c,NA
15,58996627,58996627,1,snv_mnv,NA,NA,"broad,dkfz,muse,sanger",4,COSN6544603,NA,NA,FALSE,0.55,NA,22,18,NA,NA,NA,Intron,FALSE,FALSE,FALSE,FALSE,2,1,1,1_1,e23462f2-cb86-4a3e-8521-221f4bec247c,RN7SKP95
15,69396558,69396558,1,snv_mnv,NA,NA,"broad,dkfz,muse,sanger",4,COSN6544849,NA,NA,FALSE,0.5926,NA,16,11,NA,NA,NA,IGR,FALSE,FALSE,FALSE,FALSE,2,1,1,1_1,e23462f2-cb86-4a3e-8521-221f4bec247c,AC027088.2
15,69664636,69664636,1,snv_mnv,NA,NA,"broad,dkfz,muse,sanger",4,COSN6544857,NA,AluSz,FALSE,0.4839,NA,15,16,NA,NA,NA,Intron,FALSE,FALSE,FALSE,FALSE,2,1,1,1_1,e23462f2-cb86-4a3e-8521-221f4bec247c,NA
15,74685424,74685424,1,snv_mnv,NA,NA,"broad,dkfz,muse,sanger",4,COSN6544969,NA,L2a,FALSE,0.4667,NA,14,16,NA,NA,NA,IGR,FALSE,FALSE,FALSE,FALSE,2,1,1,1_1,e23462f2-cb86-4a3e-8521-221f4bec247c,LINC02255
15,79273972,79273972,1,snv_mnv,NA,NA,"broad,dkfz,muse,sanger",4,COSN6545068,NA,NA,FALSE,0.2727,NA,6,16,NA,NA,NA,Intron,FALSE,FALSE,FALSE,FALSE,2,1,1,1_1,e23462f2-cb86-4a3e-8521-221f4bec247c,RASGRF1
15,89845461,89845461,1,snv_mnv,0.0019968,rs192376316,"broad,dkfz,muse,sanger",4,COSN6545287,rs192376316,NA,FALSE,0.4583,NA,11,13,NA,NA,NA,Intron,FALSE,FALSE,FALSE,FALSE,2,1,1,1_1,e23462f2-cb86-4a3e-8521-221f4bec247c,POLG
15,94038777,94038777,1,snv_mnv,NA,NA,"broad,dkfz,muse,sanger",4,COSN6545376,NA,FLAM_C,FALSE,0.4615,NA,12,14,NA,NA,NA,lincRNA,FALSE,FALSE,FALSE,FALSE,2,1,1,1_1,e23462f2-cb86-4a3e-8521-221f4bec247c,NA
15,95866370,95866370,1,snv_mnv,NA,NA,"broad,dkfz,muse,sanger",4,COSN6545448,NA,NA,FALSE,0.6512,NA,28,15,NA,NA,NA,lincRNA,FALSE,FALSE,FALSE,FALSE,2,1,1,1_1,e23462f2-cb86-4a3e-8521-221f4bec247c,NA
15,95993789,95993789,1,snv_mnv,NA,NA,"broad,dkfz,muse,sanger",4,COSN6545452,NA,NA,FALSE,0.1667,NA,4,20,NA,NA,NA,lincRNA,FALSE,FALSE,FALSE,FALSE,2,1,1,1_1,e23462f2-cb86-4a3e-8521-221f4bec247c,NA
15,98419582,98419582,1,snv_mnv,9.984e-4,rs573965785,"broad,dkfz,muse",3,COSN6545556,rs573965785,LTR12D,FALSE,0.4231,NA,11,15,NA,NA,NA,5'Flank,FALSE,FALSE,FALSE,FALSE,2,1,1,1_1,e23462f2-cb86-4a3e-8521-221f4bec247c,LINC00923
15,98937542,98937542,1,snv_mnv,NA,NA,"broad,dkfz,muse,sanger",4,COSN6545583,NA,NA,FALSE,0.619,NA,13,8,NA,NA,NA,IGR,FALSE,FALSE,FALSE,FALSE,2,1,1,1_1,e23462f2-cb86-4a3e-8521-221f4bec247c,NA
15,101387842,101387842,1,snv_mnv,NA,NA,"broad,dkfz,muse,sanger",4,COSN6543655,NA,NA,FALSE,0.5455,NA,12,10,NA,NA,NA,lincRNA,FALSE,FALSE,FALSE,FALSE,2,1,1,1_1,e23462f2-cb86-4a3e-8521-221f4bec247c,"AC015712.6,AC015712.1,AC015712.3"
15,102382640,102382640,1,snv_mnv,NA,NA,"broad,dkfz,muse,sanger",4,COSN6543677,NA,L1M1,FALSE,0.5,NA,14,14,NA,NA,NA,RNA,FALSE,FALSE,FALSE,FALSE,2,1,1,1_1,e23462f2-cb86-4a3e-8521-221f4bec247c,NA
16,4792699,4792699,1,snv_mnv,NA,NA,"broad,dkfz,muse,sanger",4,COSN6546324,NA,AluSx,FALSE,0.6667,NA,14,7,NA,NA,NA,Intron,FALSE,FALSE,FALSE,FALSE,2,1,1,1_1,e23462f2-cb86-4a3e-8521-221f4bec247c,C16orf71
16,5387666,5387666,1,snv_mnv,NA,NA,"broad,dkfz,muse,sanger",4,COSN6546474,NA,NA,FALSE,0.3448,NA,10,19,NA,NA,NA,RNA,FALSE,FALSE,FALSE,FALSE,2,1,1,1_1,e23462f2-cb86-4a3e-8521-221f4bec247c,NA
16,6135689,6135689,1,snv_mnv,NA,NA,"broad,dkfz,muse,sanger",4,COSN6546709,NA,NA,FALSE,0.5,NA,9,9,NA,NA,NA,Intron,FALSE,FALSE,FALSE,FALSE,2,1,1,1_1,e23462f2-cb86-4a3e-8521-221f4bec247c,NA
16,6939753,6939753,1,snv_mnv,NA,NA,"broad,dkfz,muse,sanger",4,COSN6547006,NA,NA,FALSE,0.4688,NA,15,17,NA,NA,NA,Intron,FALSE,FALSE,FALSE,FALSE,2,1,1,1_1,e23462f2-cb86-4a3e-8521-221f4bec247c,NA
16,11759391,11759391,1,snv_mnv,NA,NA,"broad,dkfz,muse,sanger",4,COSN6545663,NA,MIR,FALSE,0.4848,NA,16,17,NA,NA,NA,5'Flank,FALSE,FALSE,FALSE,FALSE,2,1,1,1_1,e23462f2-cb86-4a3e-8521-221f4bec247c,SNN
16,17784982,17784982,1,snv_mnv,NA,NA,"broad,dkfz,muse,sanger",4,COSN6545780,NA,NA,FALSE,0.4348,NA,10,13,NA,NA,NA,IGR,FALSE,FALSE,FALSE,FALSE,2,1,1,1_1,e23462f2-cb86-4a3e-8521-221f4bec247c,NA
16,25036228,25036228,1,snv_mnv,NA,NA,"broad,dkfz,muse,sanger",4,COSN6545936,NA,L2,FALSE,0.4643,NA,13,15,NA,NA,NA,IGR,FALSE,FALSE,FALSE,FALSE,2,1,1,1_1,e23462f2-cb86-4a3e-8521-221f4bec247c,AC133552.1
16,25038315,25038315,1,snv_mnv,NA,NA,"broad,dkfz,muse,sanger",4,COSN6545937,NA,L2,FALSE,0.4444,NA,12,15,NA,NA,NA,IGR,FALSE,FALSE,TRUE,FALSE,2,1,1,1_1,e23462f2-cb86-4a3e-8521-221f4bec247c,AC133552.2
16,26519077,26519077,1,snv_mnv,NA,NA,"broad,dkfz,muse,sanger",4,COSN6545992,NA,LTR33,FALSE,0.4167,NA,10,14,NA,NA,NA,IGR,FALSE,FALSE,FALSE,FALSE,2,1,1,1_1,e23462f2-cb86-4a3e-8521-221f4bec247c,NA
16,28525991,28525991,1,snv_mnv,1.9968e-4,rs192145209,"broad,dkfz,muse,sanger",4,COSN6546064,rs192145209,NA,FALSE,0.6,NA,15,10,NA,NA,NA,IGR,FALSE,FALSE,FALSE,FALSE,2,1,1,1_1,e23462f2-cb86-4a3e-8521-221f4bec247c,IL27
16,31846223,31846223,1,snv_mnv,NA,NA,"broad,dkfz,muse,sanger",4,COSN6546131,NA,L1PB4,FALSE,0.5122,NA,21,20,NA,NA,NA,IGR,FALSE,FALSE,FALSE,FALSE,2,1,1,1_1,e23462f2-cb86-4a3e-8521-221f4bec247c,NA
16,33607406,33607406,1,snv_mnv,NA,NA,"broad,dkfz,muse,sanger",4,COSN6546152,NA,AluSx,FALSE,0.2812,NA,9,23,NA,NA,NA,RNA,FALSE,FALSE,FALSE,FALSE,2,1,1,1_1,e23462f2-cb86-4a3e-8521-221f4bec247c,"AC136428.3,IGHV3OR16-12"
16,48852962,48852962,1,snv_mnv,NA,NA,"broad,dkfz,muse,sanger",4,COSN6546348,NA,MER102b,FALSE,0.4,NA,10,15,NA,NA,NA,IGR,FALSE,FALSE,FALSE,FALSE,2,1,1,1_1,e23462f2-cb86-4a3e-8521-221f4bec247c,NA
16,51145694,51145694,1,snv_mnv,NA,NA,"broad,dkfz,muse,sanger",4,COSN6546402,NA,NA,FALSE,0.52,NA,13,12,NA,NA,NA,IGR,FALSE,FALSE,FALSE,FALSE,2,1,1,1_1,e23462f2-cb86-4a3e-8521-221f4bec247c,SOD1P2
16,55025225,55025225,1,snv_mnv,NA,NA,"broad,dkfz,muse,sanger",4,COSN6546501,NA,NA,FALSE,0.375,NA,9,15,NA,NA,NA,IGR,FALSE,FALSE,FALSE,FALSE,2,1,1,1_1,e23462f2-cb86-4a3e-8521-221f4bec247c,NA
16,55431895,55431895,1,snv_mnv,NA,NA,"broad,dkfz,muse,sanger",4,COSN6546512,NA,NA,FALSE,0.1892,NA,7,30,NA,NA,NA,Intron,FALSE,FALSE,FALSE,FALSE,2,1,1,1_1,e23462f2-cb86-4a3e-8521-221f4bec247c,NA
16,58961486,58961486,1,snv_mnv,NA,NA,"broad,dkfz,muse,sanger",4,COSN6546622,NA,NA,FALSE,0.1667,NA,4,20,NA,NA,NA,lincRNA,FALSE,FALSE,TRUE,FALSE,2,1,1,1_1,e23462f2-cb86-4a3e-8521-221f4bec247c,NA
16,61644122,61644122,1,snv_mnv,1.9968e-4,rs540008646,"broad,dkfz,muse,sanger",4,COSN6546724,rs540008646,NA,FALSE,0.5152,NA,17,16,NA,NA,NA,IGR,FALSE,FALSE,FALSE,FALSE,2,1,1,1_1,e23462f2-cb86-4a3e-8521-221f4bec247c,NA
16,62384773,62384773,1,snv_mnv,NA,NA,"broad,dkfz,muse,sanger",4,COSN6546773,NA,AluJo,FALSE,0.6207,NA,18,11,NA,NA,NA,IGR,FALSE,FALSE,FALSE,FALSE,2,1,1,1_1,e23462f2-cb86-4a3e-8521-221f4bec247c,NA
16,62506808,62506808,1,snv_mnv,NA,NA,"broad,dkfz,muse,sanger",4,COSN6546783,NA,MSTA,FALSE,0.5172,NA,15,14,NA,NA,NA,IGR,FALSE,FALSE,FALSE,FALSE,2,1,1,1_1,e23462f2-cb86-4a3e-8521-221f4bec247c,NA
16,63646633,63646633,1,snv_mnv,NA,NA,"broad,dkfz,muse,sanger",4,COSN6546828,NA,L1M4b,FALSE,0.5769,NA,15,11,NA,NA,NA,lincRNA,FALSE,FALSE,FALSE,FALSE,2,1,1,1_1,e23462f2-cb86-4a3e-8521-221f4bec247c,NA
16,65770410,65770410,1,snv_mnv,NA,NA,"broad,dkfz,muse,sanger",4,COSN6546902,NA,NA,FALSE,0.4474,NA,17,21,NA,NA,NA,IGR,FALSE,FALSE,FALSE,FALSE,2,1,1,1_1,e23462f2-cb86-4a3e-8521-221f4bec247c,NA
16,66156110,66156110,1,snv_mnv,NA,NA,"broad,dkfz,muse,sanger",4,COSN6546914,NA,NA,FALSE,0.3714,NA,13,22,NA,NA,NA,IGR,FALSE,FALSE,FALSE,FALSE,2,1,1,1_1,e23462f2-cb86-4a3e-8521-221f4bec247c,NA
16,66498059,66498059,1,snv_mnv,1.9968e-4,rs554114760,"broad,dkfz,muse,sanger",4,COSN6546926,rs554114760,L1M4,FALSE,0.5806,NA,18,13,NA,NA,NA,Intron,FALSE,FALSE,FALSE,FALSE,2,1,1,1_1,e23462f2-cb86-4a3e-8521-221f4bec247c,NA
16,67436727,67436727,1,snv_mnv,NA,NA,"broad,dkfz,muse,sanger",4,COSN6546949,NA,AluSx1,FALSE,0.5882,NA,10,7,NA,NA,NA,Intron,FALSE,FALSE,FALSE,FALSE,2,1,1,1_1,e23462f2-cb86-4a3e-8521-221f4bec247c,ZDHHC1
16,75990995,75990995,1,snv_mnv,NA,NA,"broad,dkfz,muse,sanger",4,COSN6547188,NA,L1M5,FALSE,0.4565,NA,21,25,NA,NA,NA,IGR,FALSE,FALSE,FALSE,FALSE,2,1,1,1_1,e23462f2-cb86-4a3e-8521-221f4bec247c,NA
16,78685320,78685320,1,snv_mnv,NA,NA,"broad,dkfz,muse,sanger",4,COSN6547298,NA,NA,FALSE,0.4828,NA,14,15,NA,NA,NA,Intron,FALSE,FALSE,FALSE,FALSE,2,1,1,1_1,e23462f2-cb86-4a3e-8521-221f4bec247c,NA
16,78953039,78953039,1,snv_mnv,NA,NA,"broad,dkfz,muse,sanger",4,COSN6547312,NA,NA,FALSE,0.5185,NA,14,13,NA,NA,NA,Intron,FALSE,FALSE,FALSE,FALSE,2,1,1,1_1,e23462f2-cb86-4a3e-8521-221f4bec247c,NA
16,79637588,79637588,1,snv_mnv,NA,NA,"broad,dkfz,muse,sanger",4,COSN6547328,NA,NA,FALSE,0.6364,NA,14,8,NA,NA,NA,5'Flank,FALSE,FALSE,FALSE,FALSE,2,1,1,1_1,e23462f2-cb86-4a3e-8521-221f4bec247c,"MAF,AC009159.3"
16,79728915,79728915,1,snv_mnv,NA,NA,"broad,dkfz,muse,sanger",4,COSN6547333,NA,MIR,FALSE,0.3462,NA,9,17,NA,NA,NA,IGR,FALSE,FALSE,FALSE,FALSE,2,1,1,1_1,e23462f2-cb86-4a3e-8521-221f4bec247c,NA
16,81418376,81418376,1,snv_mnv,NA,NA,"broad,dkfz,muse,sanger",4,COSN6547378,NA,NA,FALSE,0.44,NA,11,14,NA,NA,NA,3'UTR,FALSE,FALSE,FALSE,FALSE,2,1,1,1_1,e23462f2-cb86-4a3e-8521-221f4bec247c,"AC092139.1,MIR4720"
16,86129809,86129809,1,snv_mnv,NA,NA,"broad,dkfz,muse,sanger",4,COSN6547520,NA,NA,FALSE,0.619,NA,13,8,NA,NA,NA,IGR,FALSE,FALSE,FALSE,FALSE,2,1,1,1_1,e23462f2-cb86-4a3e-8521-221f4bec247c,NA
17,3751808,3751808,1,snv_mnv,NA,NA,"broad,dkfz,muse,sanger",4,COSN6548307,rs536780159,NA,FALSE,0.9167,NA,11,1,NA,NA,NA,5'Flank,FALSE,FALSE,FALSE,FALSE,1,1,0,1_0,e23462f2-cb86-4a3e-8521-221f4bec247c,NCBP3
17,9864645,9864645,1,snv_mnv,NA,NA,"broad,dkfz,muse,sanger",4,COSN6549600,NA,NA,FALSE,1,NA,9,NA,NA,NA,NA,Intron,FALSE,FALSE,FALSE,FALSE,1,1,0,1_0,e23462f2-cb86-4a3e-8521-221f4bec247c,GAS7
17,11296922,11296922,1,snv_mnv,NA,NA,"broad,dkfz,muse,sanger",4,COSN6547709,NA,NA,FALSE,0.8462,NA,11,2,NA,NA,NA,Intron,FALSE,FALSE,FALSE,FALSE,1,1,0,1_0,e23462f2-cb86-4a3e-8521-221f4bec247c,NA
17,12182399,12182399,1,snv_mnv,NA,NA,"broad,dkfz,muse,sanger",4,COSN6547735,NA,AluSc8,FALSE,0.9231,NA,12,1,NA,NA,NA,IGR,FALSE,FALSE,FALSE,FALSE,1,1,0,1_0,e23462f2-cb86-4a3e-8521-221f4bec247c,NA
17,14009406,14009406,1,snv_mnv,NA,NA,"broad,dkfz,muse,sanger",4,COSN6547806,NA,AluSq2,FALSE,1,NA,19,NA,NA,NA,NA,Intron,FALSE,FALSE,FALSE,FALSE,1,1,0,1_0,e23462f2-cb86-4a3e-8521-221f4bec247c,NA
17,17080973,17080973,1,snv_mnv,NA,NA,"broad,dkfz,muse",3,COSN6547872,NA,NA,FALSE,0.8235,NA,14,3,NA,NA,NA,Intron,FALSE,FALSE,FALSE,FALSE,1,1,0,1_0,e23462f2-cb86-4a3e-8521-221f4bec247c,"RN7SL775P,MPRIP,AC055811.4"
17,26991544,26991544,1,snv_mnv,NA,NA,"broad,dkfz,muse,sanger",4,COSN6548031,NA,L2c,FALSE,0.3654,NA,19,33,NA,NA,NA,Intron,FALSE,FALSE,TRUE,FALSE,3,2,1,2_1,e23462f2-cb86-4a3e-8521-221f4bec247c,SDF2
17,28721258,28721258,1,snv_mnv,NA,NA,"broad,dkfz,muse,sanger",4,COSN6548075,NA,NA,FALSE,0.2857,NA,14,35,NA,NA,NA,Intron,FALSE,FALSE,FALSE,FALSE,3,2,1,2_1,e23462f2-cb86-4a3e-8521-221f4bec247c,NA
17,31013922,31013922,1,snv_mnv,NA,NA,"broad,dkfz,muse,sanger",4,COSN6548127,NA,AluJb,FALSE,0.5263,NA,20,18,NA,NA,NA,Intron,FALSE,FALSE,FALSE,FALSE,3,2,1,2_1,e23462f2-cb86-4a3e-8521-221f4bec247c,"AC025211.1,MYO1D"
17,31066867,31066867,1,snv_mnv,NA,NA,"broad,dkfz,muse,sanger",4,COSN6548133,NA,NA,FALSE,0.3571,NA,15,27,NA,NA,NA,Intron,FALSE,FALSE,FALSE,FALSE,3,2,1,2_1,e23462f2-cb86-4a3e-8521-221f4bec247c,NA
17,33466024,33466024,1,snv_mnv,NA,NA,"broad,dkfz,muse,sanger",4,COSN6548201,NA,AluJo,FALSE,0.2727,NA,9,24,NA,NA,NA,Intron,FALSE,FALSE,FALSE,FALSE,3,2,1,2_1,e23462f2-cb86-4a3e-8521-221f4bec247c,NLE1
17,34241373,34241373,1,snv_mnv,NA,NA,"broad,dkfz,muse,sanger",4,COSN6548229,NA,NA,FALSE,0.4138,NA,24,34,NA,NA,NA,IGR,FALSE,FALSE,FALSE,FALSE,3,2,1,2_1,e23462f2-cb86-4a3e-8521-221f4bec247c,NA
17,39166190,39166190,1,snv_mnv,NA,NA,"broad,dkfz,muse,sanger",4,COSN6548365,NA,MER103C,FALSE,0.3023,NA,13,30,NA,NA,NA,5'Flank,FALSE,FALSE,FALSE,FALSE,3,2,1,2_1,e23462f2-cb86-4a3e-8521-221f4bec247c,KRTAP3-1
17,43474643,43474643,1,snv_mnv,NA,NA,"broad,dkfz,muse,sanger",4,COSN6548461,NA,NA,FALSE,0.3684,NA,14,24,NA,NA,NA,Intron,FALSE,FALSE,FALSE,FALSE,3,2,1,2_1,e23462f2-cb86-4a3e-8521-221f4bec247c,ARHGAP27
17,44940094,44940094,1,snv_mnv,NA,NA,"broad,dkfz,muse,sanger",4,COSN6548481,NA,AluSx1,FALSE,0.2857,NA,8,20,NA,NA,NA,Intron,FALSE,FALSE,FALSE,FALSE,3,2,1,2_1,e23462f2-cb86-4a3e-8521-221f4bec247c,NA
17,50772207,50772207,1,snv_mnv,NA,NA,"broad,dkfz,muse,sanger",4,COSN6548645,NA,NA,FALSE,0.2258,NA,7,24,NA,NA,NA,IGR,FALSE,FALSE,TRUE,FALSE,3,2,1,2_1,e23462f2-cb86-4a3e-8521-221f4bec247c,NA
17,51544625,51544625,1,snv_mnv,NA,NA,"broad,dkfz,muse,sanger",4,COSN6548670,NA,NA,FALSE,0.2619,NA,11,31,NA,NA,NA,IGR,FALSE,FALSE,FALSE,FALSE,3,2,1,2_1,e23462f2-cb86-4a3e-8521-221f4bec247c,NA
17,52136272,52136272,1,snv_mnv,NA,NA,"broad,dkfz,muse,sanger",4,COSN6548703,NA,NA,FALSE,0.38,NA,19,31,NA,NA,NA,IGR,FALSE,FALSE,FALSE,FALSE,3,2,1,2_1,e23462f2-cb86-4a3e-8521-221f4bec247c,NA
17,53675963,53675963,1,snv_mnv,NA,NA,"broad,dkfz,muse,sanger",4,COSN6548757,NA,L1MB2,FALSE,0.2414,NA,14,44,NA,NA,NA,IGR,FALSE,FALSE,FALSE,FALSE,3,2,1,2_1,e23462f2-cb86-4a3e-8521-221f4bec247c,NA
17,56182122,56182122,1,snv_mnv,NA,NA,"broad,dkfz,muse,sanger",4,COSN6548815,NA,L1MEc,FALSE,0.34,NA,17,33,NA,NA,NA,IGR,FALSE,FALSE,FALSE,FALSE,3,2,1,2_1,e23462f2-cb86-4a3e-8521-221f4bec247c,AC015813.6
17,58606478,58606478,1,snv_mnv,NA,NA,"broad,dkfz,muse,sanger",4,COSN6548874,NA,L1M1,FALSE,0.3077,NA,16,36,NA,NA,NA,5'Flank,FALSE,FALSE,FALSE,FALSE,3,2,1,2_1,e23462f2-cb86-4a3e-8521-221f4bec247c,APPBP2
17,59745399,59745399,1,snv_mnv,NA,NA,"broad,dkfz,muse,sanger",4,COSN6548904,NA,AluSx,FALSE,0.3143,NA,11,24,NA,NA,NA,IGR,FALSE,FALSE,FALSE,FALSE,3,2,1,2_1,e23462f2-cb86-4a3e-8521-221f4bec247c,NA
17,60068774,60068774,1,snv_mnv,NA,NA,"broad,dkfz,muse,sanger",4,COSN6548908,NA,AluSx,FALSE,0.2759,NA,8,21,NA,NA,NA,Intron,FALSE,FALSE,FALSE,FALSE,3,2,1,2_1,e23462f2-cb86-4a3e-8521-221f4bec247c,NA
17,63614351,63614351,1,snv_mnv,5.9904e-4,rs544744612,"broad,dkfz,muse,sanger",4,COSN6548985,rs544744612,AluSx1,FALSE,0.4706,NA,16,18,NA,NA,NA,Intron,FALSE,FALSE,FALSE,FALSE,3,2,1,2_1,e23462f2-cb86-4a3e-8521-221f4bec247c,NA
17,64504982,64504982,1,snv_mnv,NA,NA,"broad,dkfz,muse,sanger",4,COSN6549008,rs868660694,NA,FALSE,0.3784,NA,14,23,NA,NA,NA,Intron,FALSE,FALSE,FALSE,FALSE,3,2,1,2_1,e23462f2-cb86-4a3e-8521-221f4bec247c,NA
17,68683066,68683066,1,snv_mnv,NA,NA,"broad,dkfz,muse,sanger",4,COSN6549146,NA,AluSg4,FALSE,0.1714,NA,6,29,NA,NA,NA,IGR,FALSE,FALSE,FALSE,FALSE,3,2,1,2_1,e23462f2-cb86-4a3e-8521-221f4bec247c,NA
17,75348528,75348528,1,snv_mnv,NA,NA,"broad,dkfz,muse,sanger",4,COSN6549369,NA,MLT1C,FALSE,0.4255,NA,20,27,NA,NA,NA,Intron,FALSE,FALSE,FALSE,FALSE,3,2,1,2_1,e23462f2-cb86-4a3e-8521-221f4bec247c,NA
17,77196849,77196849,1,snv_mnv,NA,NA,"broad,dkfz,muse,sanger",4,COSN6549440,NA,NA,FALSE,0.3889,NA,14,22,NA,NA,NA,Intron,FALSE,FALSE,FALSE,FALSE,3,2,1,2_1,e23462f2-cb86-4a3e-8521-221f4bec247c,NA
17,80379444,80379444,1,snv_mnv,NA,NA,"broad,dkfz,muse,sanger",4,COSN6549530,NA,AluSx,FALSE,0.2619,NA,11,31,NA,NA,NA,Intron,FALSE,FALSE,FALSE,FALSE,3,2,1,2_1,e23462f2-cb86-4a3e-8521-221f4bec247c,"RF00019,HEXD,OGFOD3,HEXD-IT1"
18,939169,939169,1,snv_mnv,NA,NA,"broad,dkfz,muse,sanger",4,COSN6551723,NA,NA,FALSE,0.4737,NA,18,20,NA,NA,NA,IGR,FALSE,FALSE,FALSE,FALSE,2,1,1,1_1,e23462f2-cb86-4a3e-8521-221f4bec247c,NA
18,1571578,1571578,1,snv_mnv,NA,NA,"broad,dkfz,muse,sanger",4,COSN6549736,NA,NA,FALSE,0.4242,NA,14,19,NA,NA,NA,lincRNA,FALSE,FALSE,FALSE,FALSE,2,1,1,1_1,e23462f2-cb86-4a3e-8521-221f4bec247c,NA
18,4674200,4674200,1,snv_mnv,NA,NA,"broad,dkfz,muse,sanger",4,COSN6550636,NA,NA,FALSE,0.1395,NA,6,37,NA,NA,NA,IGR,FALSE,FALSE,FALSE,FALSE,2,1,1,1_1,e23462f2-cb86-4a3e-8521-221f4bec247c,NA
18,11911070,11911070,1,snv_mnv,NA,NA,"broad,dkfz,muse,sanger",4,COSN6549656,NA,MLT1D,FALSE,0.3871,NA,12,19,NA,NA,NA,5'Flank,FALSE,FALSE,FALSE,FALSE,2,1,1,1_1,e23462f2-cb86-4a3e-8521-221f4bec247c,"MPPE1,AP001269.4"
18,12150120,12150120,1,snv_mnv,NA,NA,"broad,dkfz,muse,sanger",4,COSN6549663,NA,L1PA14,FALSE,0.5116,NA,22,21,NA,NA,NA,IGR,FALSE,FALSE,FALSE,FALSE,2,1,1,1_1,e23462f2-cb86-4a3e-8521-221f4bec247c,NA
18,12658706,12658706,1,snv_mnv,NA,NA,"broad,muse,sanger",3,COSN6549674,NA,NA,FALSE,0.1739,NA,4,19,NA,NA,NA,3'UTR,FALSE,FALSE,FALSE,FALSE,2,1,1,1_1,e23462f2-cb86-4a3e-8521-221f4bec247c,"SPIRE1,PSMG2,CEP76"
18,18971164,18971164,1,snv_mnv,NA,NA,"broad,dkfz,muse,sanger",4,COSN6549762,NA,Tigger3b,FALSE,0.4815,NA,13,14,NA,NA,NA,Intron,FALSE,FALSE,FALSE,FALSE,2,1,1,1_1,e23462f2-cb86-4a3e-8521-221f4bec247c,NA
18,19532054,19532054,1,snv_mnv,NA,NA,"broad,dkfz,muse,sanger",4,COSN6549774,NA,L1MEf,FALSE,0.5,NA,24,24,NA,NA,NA,IGR,FALSE,FALSE,FALSE,FALSE,2,1,1,1_1,e23462f2-cb86-4a3e-8521-221f4bec247c,NA
18,20574854,20574854,1,snv_mnv,NA,NA,"broad,dkfz,muse,sanger",4,COSN6549804,NA,AluJb,FALSE,0.6207,NA,18,11,NA,NA,NA,Intron,FALSE,FALSE,FALSE,FALSE,2,1,1,1_1,e23462f2-cb86-4a3e-8521-221f4bec247c,RBBP8
18,21374330,21374330,1,snv_mnv,NA,NA,"broad,dkfz,muse,sanger",4,COSN6549826,NA,MER21A,FALSE,0.5185,NA,14,13,NA,NA,NA,Intron,FALSE,FALSE,FALSE,FALSE,2,1,1,1_1,e23462f2-cb86-4a3e-8521-221f4bec247c,NA
18,22029304,22029304,1,snv_mnv,NA,NA,"broad,dkfz,muse,sanger",4,COSN6549844,NA,AluJb,FALSE,0.4483,NA,13,16,NA,NA,NA,Intron,FALSE,FALSE,FALSE,FALSE,2,1,1,1_1,e23462f2-cb86-4a3e-8521-221f4bec247c,IMPACT
18,22952835,22952835,1,snv_mnv,NA,NA,"broad,dkfz,muse,sanger",4,COSN6549866,NA,NA,FALSE,0.3913,NA,9,14,NA,NA,NA,IGR,FALSE,FALSE,FALSE,FALSE,2,1,1,1_1,e23462f2-cb86-4a3e-8521-221f4bec247c,NA
18,24284461,24284461,1,snv_mnv,NA,NA,"broad,dkfz,muse,sanger",4,COSN6549914,NA,NA,FALSE,0.4815,NA,13,14,NA,NA,NA,RNA,FALSE,FALSE,FALSE,FALSE,2,1,1,1_1,e23462f2-cb86-4a3e-8521-221f4bec247c,PCAT18
18,26441700,26441700,1,snv_mnv,NA,NA,"broad,dkfz,muse,sanger",4,COSN6550008,NA,NA,FALSE,0.4706,NA,16,18,NA,NA,NA,IGR,FALSE,FALSE,FALSE,FALSE,2,1,1,1_1,e23462f2-cb86-4a3e-8521-221f4bec247c,NA
18,27885752,27885752,1,snv_mnv,NA,NA,"broad,dkfz,muse,sanger",4,COSN6550076,NA,NA,FALSE,0.5588,NA,19,15,NA,NA,NA,IGR,FALSE,FALSE,FALSE,FALSE,2,1,1,1_1,e23462f2-cb86-4a3e-8521-221f4bec247c,NA
18,41899017,41899017,1,snv_mnv,NA,NA,"broad,dkfz,muse,sanger",4,COSN6550514,NA,NA,FALSE,0.5,NA,14,14,NA,NA,NA,IGR,FALSE,FALSE,FALSE,FALSE,2,1,1,1_1,e23462f2-cb86-4a3e-8521-221f4bec247c,"KRT8P5,LINC01478"
18,48930487,48930487,1,snv_mnv,1.9968e-4,rs143503079,"broad,dkfz,muse,sanger",4,COSN6550706,rs143503079,AluSz,FALSE,0.56,NA,14,11,NA,NA,NA,lincRNA,FALSE,FALSE,FALSE,FALSE,2,1,1,1_1,e23462f2-cb86-4a3e-8521-221f4bec247c,NA
18,49076465,49076465,1,snv_mnv,NA,NA,"broad,dkfz,muse,sanger",4,COSN6550715,NA,L1M1,FALSE,0.4,NA,14,21,NA,NA,NA,IGR,FALSE,FALSE,FALSE,FALSE,2,1,1,1_1,e23462f2-cb86-4a3e-8521-221f4bec247c,NA
18,49479056,49479056,1,snv_mnv,NA,NA,"broad,dkfz,muse,sanger",4,COSN6550727,NA,L1MEg,FALSE,0.6129,NA,19,12,NA,NA,NA,IGR,FALSE,FALSE,FALSE,FALSE,2,1,1,1_1,e23462f2-cb86-4a3e-8521-221f4bec247c,NA
18,49641094,49641094,1,snv_mnv,NA,NA,"broad,dkfz,muse,sanger",4,COSN6550734,NA,NA,FALSE,0.6154,NA,16,10,NA,NA,NA,IGR,FALSE,FALSE,FALSE,FALSE,2,1,1,1_1,e23462f2-cb86-4a3e-8521-221f4bec247c,NA
18,50879582,50879582,1,snv_mnv,NA,NA,"broad,dkfz,muse,sanger",4,COSN6550774,NA,AluSp,FALSE,0.5926,NA,16,11,NA,NA,NA,Intron,FALSE,FALSE,FALSE,FALSE,2,1,1,1_1,e23462f2-cb86-4a3e-8521-221f4bec247c,NA
18,52662168,52662168,1,snv_mnv,NA,NA,"broad,dkfz,muse,sanger",4,COSN6550832,NA,L1PB1,FALSE,0.5152,NA,17,16,NA,NA,NA,IGR,FALSE,FALSE,FALSE,FALSE,2,1,1,1_1,e23462f2-cb86-4a3e-8521-221f4bec247c,NA
18,54904780,54904780,1,snv_mnv,NA,NA,"broad,dkfz,muse,sanger",4,COSN6550894,NA,THE1C,FALSE,0.4815,NA,13,14,NA,NA,NA,IGR,FALSE,FALSE,FALSE,FALSE,2,1,1,1_1,e23462f2-cb86-4a3e-8521-221f4bec247c,NA
18,56865124,56865124,1,snv_mnv,NA,NA,"broad,dkfz,muse,sanger",4,COSN6550924,NA,NA,FALSE,0.3824,NA,13,21,NA,NA,NA,IGR,FALSE,FALSE,FALSE,FALSE,2,1,1,1_1,e23462f2-cb86-4a3e-8521-221f4bec247c,NA
18,58231598,58231598,1,snv_mnv,NA,NA,"broad,dkfz,muse,sanger",4,COSN6550974,NA,AluY,FALSE,0.3214,NA,9,19,NA,NA,NA,IGR,FALSE,FALSE,FALSE,FALSE,2,1,1,1_1,e23462f2-cb86-4a3e-8521-221f4bec247c,NA
18,58728207,58728207,1,snv_mnv,NA,NA,"broad,dkfz,muse,sanger",4,COSN6550994,NA,L1ME3A,FALSE,0.5,NA,18,18,NA,NA,NA,IGR,FALSE,FALSE,FALSE,FALSE,2,1,1,1_1,e23462f2-cb86-4a3e-8521-221f4bec247c,NA
18,62309954,62309954,1,snv_mnv,NA,NA,"broad,dkfz,muse,sanger",4,COSN6551108,NA,NA,FALSE,0.5484,NA,17,14,NA,NA,NA,IGR,FALSE,FALSE,FALSE,FALSE,2,1,1,1_1,e23462f2-cb86-4a3e-8521-221f4bec247c,NA
18,70208994,70208994,1,snv_mnv,NA,NA,"broad,dkfz,muse,sanger",4,COSN6551393,NA,NA,FALSE,0.6154,NA,8,5,NA,NA,NA,Intron,FALSE,FALSE,FALSE,FALSE,2,1,1,1_1,e23462f2-cb86-4a3e-8521-221f4bec247c,CBLN2
18,70429429,70429429,1,snv_mnv,NA,NA,"broad,dkfz,muse,sanger",4,COSN6551402,NA,AluSp,FALSE,0.4091,NA,9,13,NA,NA,NA,Intron,FALSE,FALSE,FALSE,FALSE,2,1,1,1_1,e23462f2-cb86-4a3e-8521-221f4bec247c,NA
18,71200419,71200419,1,snv_mnv,NA,NA,"broad,dkfz,muse,sanger",4,COSN6551434,NA,LTR8,FALSE,0.25,NA,8,24,NA,NA,NA,IGR,FALSE,FALSE,FALSE,FALSE,2,1,1,1_1,e23462f2-cb86-4a3e-8521-221f4bec247c,NA
18,71441466,71441466,1,snv_mnv,NA,NA,"broad,dkfz,muse,sanger",4,COSN6551446,NA,MARNA,FALSE,0.5909,NA,26,18,NA,NA,NA,IGR,FALSE,FALSE,FALSE,FALSE,2,1,1,1_1,e23462f2-cb86-4a3e-8521-221f4bec247c,NA
18,72129239,72129239,1,snv_mnv,NA,NA,"broad,dkfz,muse,sanger",4,COSN6551473,NA,AluJo,FALSE,0.5357,NA,15,13,NA,NA,NA,IGR,FALSE,FALSE,FALSE,FALSE,2,1,1,1_1,e23462f2-cb86-4a3e-8521-221f4bec247c,DIPK1C
18,72154867,72154867,1,snv_mnv,NA,NA,"broad,dkfz,muse,sanger",4,COSN6551477,NA,NA,FALSE,0.5357,NA,15,13,NA,NA,NA,IGR,FALSE,FALSE,FALSE,FALSE,2,1,1,1_1,e23462f2-cb86-4a3e-8521-221f4bec247c,NA
18,75022986,75022986,1,snv_mnv,NA,NA,"broad,dkfz,muse,sanger",4,COSN6551570,NA,NA,FALSE,0.3636,NA,12,21,NA,NA,NA,IGR,FALSE,FALSE,FALSE,FALSE,2,1,1,1_1,e23462f2-cb86-4a3e-8521-221f4bec247c,NA
18,76473908,76473908,1,snv_mnv,NA,NA,"broad,dkfz,muse,sanger",4,COSN6551633,NA,NA,FALSE,0.4615,NA,6,7,NA,NA,NA,IGR,FALSE,FALSE,FALSE,FALSE,2,1,1,1_1,e23462f2-cb86-4a3e-8521-221f4bec247c,NA
18,76766309,76766309,1,snv_mnv,NA,NA,"broad,dkfz,muse,sanger",4,COSN6551649,rs770336170,NA,FALSE,0.4348,NA,10,13,NA,NA,NA,IGR,FALSE,FALSE,FALSE,FALSE,2,1,1,1_1,e23462f2-cb86-4a3e-8521-221f4bec247c,SALL3
19,706977,706977,1,snv_mnv,NA,NA,"broad,dkfz,muse,sanger",4,COSN6553137,NA,AluSp,FALSE,0.6,NA,9,6,NA,NA,NA,5'Flank,FALSE,FALSE,FALSE,FALSE,2,1,1,1_1,e23462f2-cb86-4a3e-8521-221f4bec247c,PALM
19,2629157,2629157,1,snv_mnv,NA,NA,"broad,dkfz,muse,sanger",4,COSN6552187,NA,NA,FALSE,0.3333,NA,4,8,NA,NA,NA,Intron,FALSE,FALSE,FALSE,FALSE,2,1,1,1_1,e23462f2-cb86-4a3e-8521-221f4bec247c,"MIR7850,AC092068.1"
19,2888645,2888645,1,snv_mnv,1.9968e-4,rs564252563,"broad,dkfz,muse,sanger",4,COSN6552213,rs564252563,NA,FALSE,0.4444,NA,12,15,NA,NA,NA,IGR,FALSE,FALSE,FALSE,FALSE,2,1,1,1_1,e23462f2-cb86-4a3e-8521-221f4bec247c,NA
19,3230090,3230090,1,snv_mnv,NA,NA,"broad,dkfz,muse",3,COSN6552319,NA,(TTCA)n,FALSE,0.4667,NA,14,16,NA,NA,NA,Intron,FALSE,FALSE,FALSE,TRUE,2,1,1,1_1,e23462f2-cb86-4a3e-8521-221f4bec247c,NA
19,6283092,6283092,1,snv_mnv,NA,NA,"broad,dkfz,muse,sanger",4,COSN6553097,NA,AluSq,FALSE,0.5185,NA,14,13,NA,NA,NA,IGR,FALSE,FALSE,FALSE,FALSE,2,1,1,1_1,e23462f2-cb86-4a3e-8521-221f4bec247c,MLLT1
19,6940242,6940242,1,snv_mnv,NA,NA,"broad,dkfz,muse,sanger",4,COSN6553132,rs768055322,NA,FALSE,0.3529,NA,12,22,NA,NA,NA,3'UTR,FALSE,FALSE,FALSE,FALSE,2,1,1,1_1,e23462f2-cb86-4a3e-8521-221f4bec247c,NA
19,9063002,9063002,1,snv_mnv,NA,NA,"broad,dkfz,muse,sanger",4,COSM3764789,NA,NA,FALSE,0.5333,NA,16,14,NA,NA,NA,Silent,FALSE,FALSE,FALSE,FALSE,2,1,1,1_1,e23462f2-cb86-4a3e-8521-221f4bec247c,NA
19,11051013,11051013,1,snv_mnv,NA,NA,"broad,dkfz,muse,sanger",4,COSN6551762,NA,NA,FALSE,0.4138,NA,12,17,NA,NA,NA,IGR,FALSE,FALSE,FALSE,FALSE,2,1,1,1_1,e23462f2-cb86-4a3e-8521-221f4bec247c,NA
19,11143872,11143872,1,snv_mnv,NA,NA,"broad,dkfz,muse,sanger",4,COSN6551766,NA,NA,FALSE,0.4583,NA,11,13,NA,NA,NA,Intron,FALSE,FALSE,FALSE,FALSE,2,1,1,1_1,e23462f2-cb86-4a3e-8521-221f4bec247c,"SMARCA4,RF02271"
19,12401680,12401680,1,snv_mnv,NA,NA,"broad,dkfz,muse",3,COSN6551806,NA,NA,FALSE,0.1579,NA,3,16,NA,NA,NA,Intron,FALSE,FALSE,FALSE,FALSE,2,1,1,1_1,e23462f2-cb86-4a3e-8521-221f4bec247c,ZNF44
19,23339536,23339536,1,snv_mnv,NA,NA,"broad,dkfz,muse,sanger",4,COSN6552143,NA,Harlequin-int,FALSE,0.5484,NA,17,14,NA,NA,NA,IGR,FALSE,FALSE,FALSE,FALSE,2,1,1,1_1,e23462f2-cb86-4a3e-8521-221f4bec247c,NA
19,23663507,23663507,1,snv_mnv,NA,NA,"broad,dkfz,muse,sanger",4,COSN6552156,NA,NA,FALSE,0.5,NA,11,11,NA,NA,NA,IGR,FALSE,FALSE,FALSE,FALSE,2,1,1,1_1,e23462f2-cb86-4a3e-8521-221f4bec247c,AC074140.1
19,34338323,34338323,1,snv_mnv,NA,NA,"broad,dkfz,muse,sanger",4,COSN6552380,NA,L1ME1,FALSE,0.3396,NA,18,35,NA,NA,NA,IGR,FALSE,FALSE,FALSE,FALSE,2,1,1,1_1,e23462f2-cb86-4a3e-8521-221f4bec247c,NA
19,40660857,40660857,1,snv_mnv,NA,NA,"broad,dkfz,muse,sanger",4,COSN6552559,NA,AluY,FALSE,0.4667,NA,7,8,NA,NA,NA,IGR,FALSE,FALSE,FALSE,FALSE,2,1,1,1_1,e23462f2-cb86-4a3e-8521-221f4bec247c,NA
19,42639697,42639697,1,snv_mnv,NA,NA,"broad,dkfz,muse,sanger",4,COSN6552623,NA,NA,FALSE,0.875,NA,7,1,NA,NA,NA,Intron,FALSE,FALSE,FALSE,FALSE,1,1,0,1_0,e23462f2-cb86-4a3e-8521-221f4bec247c,"POU2F2,MIR4323"
19,45216922,45216922,1,snv_mnv,1.9968e-4,rs187508501,"broad,dkfz,muse,sanger",4,COSN6552690,rs187508501,AluY,FALSE,0.4545,NA,15,18,NA,NA,NA,IGR,FALSE,FALSE,FALSE,FALSE,2,1,1,1_1,e23462f2-cb86-4a3e-8521-221f4bec247c,"CEACAM16,AC243964.2"
19,52289306,52289306,1,snv_mnv,0.0019968,rs574876406,"broad,muse,sanger",3,COSN6552880,rs574876406,AluY,FALSE,0.5385,NA,14,12,NA,NA,NA,IGR,FALSE,FALSE,TRUE,FALSE,2,1,1,1_1,e23462f2-cb86-4a3e-8521-221f4bec247c,NA
19,54937162,54937162,1,snv_mnv,NA,NA,"broad,dkfz,muse,sanger",4,COSN6552954,NA,AluSz,FALSE,0.72,NA,18,7,NA,NA,NA,Intron,FALSE,FALSE,FALSE,FALSE,2,1,1,1_1,e23462f2-cb86-4a3e-8521-221f4bec247c,"TTYH1,AC245884.1"
2,2875439,2875439,1,snv_mnv,NA,NA,"broad,dkfz,muse,sanger",4,COSN6557673,NA,NA,FALSE,0.4,NA,12,18,NA,NA,NA,lincRNA,FALSE,FALSE,FALSE,FALSE,2,1,1,1_1,e23462f2-cb86-4a3e-8521-221f4bec247c,AC011995.1
2,3805525,3805525,1,snv_mnv,NA,NA,"broad,dkfz,muse,sanger",4,COSN6557993,NA,NA,FALSE,0.625,NA,15,9,NA,NA,NA,Intron,FALSE,FALSE,FALSE,FALSE,2,1,1,1_1,e23462f2-cb86-4a3e-8521-221f4bec247c,NA
2,8103804,8103804,1,snv_mnv,NA,NA,"broad,dkfz,muse,sanger",4,COSN6559331,NA,MSTA,FALSE,0.3448,NA,10,19,NA,NA,NA,lincRNA,FALSE,FALSE,FALSE,FALSE,2,1,1,1_1,e23462f2-cb86-4a3e-8521-221f4bec247c,NA
2,11031050,11031050,1,snv_mnv,NA,NA,"broad,dkfz,muse,sanger",4,COSN6553541,NA,LTR16A,FALSE,0.5,NA,11,11,NA,NA,NA,IGR,FALSE,FALSE,FALSE,FALSE,2,1,1,1_1,e23462f2-cb86-4a3e-8521-221f4bec247c,NA
2,12379028,12379028,1,snv_mnv,NA,NA,"broad,dkfz,muse,sanger",4,COSN6553954,NA,LTR79,FALSE,0.2812,NA,9,23,NA,NA,NA,lincRNA,FALSE,FALSE,FALSE,FALSE,2,1,1,1_1,e23462f2-cb86-4a3e-8521-221f4bec247c,NA
2,12976680,12976680,1,snv_mnv,NA,NA,"broad,dkfz,muse,sanger",4,COSN6554170,rs546304230,NA,FALSE,0.4828,NA,14,15,NA,NA,NA,IGR,FALSE,FALSE,FALSE,FALSE,2,1,1,1_1,e23462f2-cb86-4a3e-8521-221f4bec247c,NA
2,16041495,16041495,1,snv_mnv,NA,NA,"broad,dkfz,muse,sanger",4,COSN6555095,NA,(TC)n,FALSE,0.3448,NA,10,19,NA,NA,NA,RNA,FALSE,FALSE,FALSE,FALSE,2,1,1,1_1,e23462f2-cb86-4a3e-8521-221f4bec247c,RF01210
2,18761632,18761632,1,snv_mnv,NA,NA,"broad,dkfz,muse,sanger",4,COSN6555921,NA,AluSp,FALSE,0.5,NA,10,10,NA,NA,NA,Intron,FALSE,FALSE,FALSE,FALSE,2,1,1,1_1,e23462f2-cb86-4a3e-8521-221f4bec247c,"RNU6-1215P,NT5C1B"
2,28013053,28013053,1,snv_mnv,NA,NA,"broad,dkfz,muse,sanger",4,COSN6557654,NA,Tigger4b,FALSE,0.7917,NA,19,5,NA,NA,NA,Intron,FALSE,FALSE,FALSE,FALSE,2,1,1,1_1,e23462f2-cb86-4a3e-8521-221f4bec247c,NA
2,29934464,29934464,1,snv_mnv,NA,NA,"broad,dkfz,muse,sanger",4,COSN6557703,NA,NA,FALSE,0.381,NA,8,13,NA,NA,NA,Intron,FALSE,FALSE,FALSE,FALSE,2,1,1,1_1,e23462f2-cb86-4a3e-8521-221f4bec247c,NA
2,31077202,31077202,1,snv_mnv,NA,NA,"broad,dkfz,muse,sanger",4,COSN6557732,NA,L1MA3,FALSE,0.625,NA,20,12,NA,NA,NA,IGR,FALSE,FALSE,FALSE,FALSE,2,1,1,1_1,e23462f2-cb86-4a3e-8521-221f4bec247c,NA
2,31797484,31797484,1,snv_mnv,NA,NA,"broad,dkfz,muse,sanger",4,COSN6557753,NA,L1PA15,FALSE,0.5152,NA,17,16,NA,NA,NA,RNA,FALSE,FALSE,FALSE,FALSE,2,1,1,1_1,e23462f2-cb86-4a3e-8521-221f4bec247c,NA
2,31934442,31934442,1,snv_mnv,NA,NA,"broad,dkfz,muse,sanger",4,COSN6557762,NA,NA,FALSE,0.5,NA,20,20,NA,NA,NA,IGR,FALSE,FALSE,FALSE,FALSE,2,1,1,1_1,e23462f2-cb86-4a3e-8521-221f4bec247c,NA
2,53839664,53839664,1,snv_mnv,5.9904e-4,rs141800923,"broad,dkfz,muse,sanger",4,COSN6558493,rs141800923,NA,FALSE,0.4828,NA,14,15,NA,NA,NA,IGR,FALSE,FALSE,FALSE,FALSE,2,1,1,1_1,e23462f2-cb86-4a3e-8521-221f4bec247c,NA
2,54160027,54160027,1,snv_mnv,NA,NA,"broad,dkfz,muse,sanger",4,COSN6558502,NA,NA,FALSE,0.4138,NA,12,17,NA,NA,NA,Intron,FALSE,FALSE,FALSE,FALSE,2,1,1,1_1,e23462f2-cb86-4a3e-8521-221f4bec247c,PSME4
2,54307855,54307855,1,snv_mnv,NA,NA,"broad,dkfz,muse,sanger",4,COSN6558509,NA,AluSq,FALSE,0.5312,NA,17,15,NA,NA,NA,Intron,FALSE,FALSE,FALSE,FALSE,2,1,1,1_1,e23462f2-cb86-4a3e-8521-221f4bec247c,"AC008280.3,ACYP2,AC008280.2"
2,62912974,62912974,1,snv_mnv,NA,NA,"broad,dkfz,muse,sanger",4,COSN6558780,NA,NA,FALSE,0.56,NA,14,11,NA,NA,NA,Intron,FALSE,FALSE,FALSE,FALSE,2,1,1,1_1,e23462f2-cb86-4a3e-8521-221f4bec247c,NA
2,63907709,63907709,1,snv_mnv,NA,NA,"broad,dkfz,muse,sanger",4,COSM3764857,NA,L1MA2,FALSE,0.5,NA,14,14,NA,NA,NA,IGR,FALSE,FALSE,FALSE,FALSE,2,1,1,1_1,e23462f2-cb86-4a3e-8521-221f4bec247c,AC096664.2
2,66013487,66013487,1,snv_mnv,NA,NA,"broad,dkfz,muse,sanger",4,COSN6558847,NA,NA,FALSE,0.5143,NA,18,17,NA,NA,NA,IGR,FALSE,FALSE,FALSE,FALSE,2,1,1,1_1,e23462f2-cb86-4a3e-8521-221f4bec247c,AC007741.1
2,70940887,70940887,1,snv_mnv,7.9872e-4,rs571212415,"broad,dkfz,muse,sanger",4,COSN6558978,rs571212415,NA,FALSE,0.5625,NA,9,7,NA,NA,NA,Intron,FALSE,FALSE,FALSE,FALSE,2,1,1,1_1,e23462f2-cb86-4a3e-8521-221f4bec247c,NA
2,72563809,72563809,1,snv_mnv,NA,NA,"broad,dkfz,muse,sanger",4,COSN6559019,NA,NA,FALSE,0.4615,NA,12,14,NA,NA,NA,Intron,FALSE,FALSE,FALSE,FALSE,2,1,1,1_1,e23462f2-cb86-4a3e-8521-221f4bec247c,EXOC6B
2,79186621,79186621,1,snv_mnv,NA,NA,"broad,dkfz,muse,sanger",4,COSN6559258,NA,NA,FALSE,0.4643,NA,13,15,NA,NA,NA,IGR,FALSE,FALSE,FALSE,FALSE,2,1,1,1_1,e23462f2-cb86-4a3e-8521-221f4bec247c,NA
2,81969511,81969511,1,snv_mnv,NA,NA,"broad,dkfz,muse,sanger",4,COSN6559396,NA,MER8,FALSE,0.5,NA,17,17,NA,NA,NA,IGR,FALSE,FALSE,FALSE,FALSE,2,1,1,1_1,e23462f2-cb86-4a3e-8521-221f4bec247c,NA
2,84585438,84585438,1,snv_mnv,NA,NA,"broad,dkfz,muse,sanger",4,COSN6559502,NA,L1PA7,FALSE,0.4375,NA,7,9,NA,NA,NA,IGR,FALSE,FALSE,FALSE,FALSE,2,1,1,1_1,e23462f2-cb86-4a3e-8521-221f4bec247c,NA
2,86919235,86919235,1,snv_mnv,NA,NA,"broad,dkfz,muse,sanger",4,COSN6559557,NA,L1ME1,FALSE,0.5,NA,22,22,NA,NA,NA,Intron,FALSE,FALSE,FALSE,FALSE,2,1,1,1_1,e23462f2-cb86-4a3e-8521-221f4bec247c,NA
2,87048586,87048586,1,snv_mnv,NA,NA,"broad,dkfz,muse,sanger",4,COSN6559561,NA,NA,FALSE,0.6522,NA,15,8,NA,NA,NA,Intron,FALSE,FALSE,FALSE,FALSE,2,1,1,1_1,e23462f2-cb86-4a3e-8521-221f4bec247c,NA
2,104145294,104145294,1,snv_mnv,NA,NA,"broad,dkfz,muse,sanger",4,COSN6553356,NA,AluSx,FALSE,0.5455,NA,12,10,NA,NA,NA,IGR,FALSE,FALSE,FALSE,FALSE,2,1,1,1_1,e23462f2-cb86-4a3e-8521-221f4bec247c,NA
2,104179694,104179694,1,snv_mnv,NA,NA,"broad,dkfz,muse,sanger",4,COSN6553357,NA,THE1C,FALSE,0.4,NA,4,6,NA,NA,NA,IGR,FALSE,FALSE,FALSE,FALSE,2,1,1,1_1,e23462f2-cb86-4a3e-8521-221f4bec247c,NA
2,104270901,104270901,1,snv_mnv,NA,NA,"broad,dkfz,muse,sanger",4,COSN6553366,NA,NA,FALSE,0.4615,NA,12,14,NA,NA,NA,IGR,FALSE,FALSE,FALSE,FALSE,2,1,1,1_1,e23462f2-cb86-4a3e-8521-221f4bec247c,NA
2,108959914,108959914,1,snv_mnv,NA,NA,"broad,dkfz,muse,sanger",4,COSN6553509,NA,L1PA10,FALSE,0.5217,NA,12,11,NA,NA,NA,RNA,FALSE,FALSE,FALSE,FALSE,2,1,1,1_1,e23462f2-cb86-4a3e-8521-221f4bec247c,NA
2,113852850,113852850,1,snv_mnv,NA,NA,"broad,dkfz,muse,sanger",4,COSN6553602,NA,L1PB1,FALSE,0.5238,NA,22,20,NA,NA,NA,IGR,FALSE,FALSE,FALSE,FALSE,2,1,1,1_1,e23462f2-cb86-4a3e-8521-221f4bec247c,NA
2,113935275,113935275,1,snv_mnv,NA,NA,"broad,dkfz,muse,sanger",4,COSN6553604,NA,NA,FALSE,0.1852,NA,5,22,NA,NA,NA,Intron,FALSE,FALSE,FALSE,TRUE,2,1,1,1_1,e23462f2-cb86-4a3e-8521-221f4bec247c,AC016683.1
2,114704378,114704378,1,snv_mnv,NA,NA,"broad,dkfz,muse,sanger",4,COSN6553619,NA,NA,FALSE,0.587,NA,27,19,NA,NA,NA,Intron,FALSE,FALSE,FALSE,FALSE,2,1,1,1_1,e23462f2-cb86-4a3e-8521-221f4bec247c,ACTR3
2,115277398,115277398,1,snv_mnv,NA,NA,"broad,dkfz,muse,sanger",4,COSN6553640,NA,NA,FALSE,0.4583,NA,11,13,NA,NA,NA,Intron,FALSE,FALSE,FALSE,FALSE,2,1,1,1_1,e23462f2-cb86-4a3e-8521-221f4bec247c,NA
2,116231973,116231973,1,snv_mnv,3.9936e-4,rs189060696,"broad,dkfz,muse,sanger",4,COSN6553686,rs189060696,NA,FALSE,0.3929,NA,11,17,NA,NA,NA,Intron,FALSE,FALSE,FALSE,FALSE,2,1,1,1_1,e23462f2-cb86-4a3e-8521-221f4bec247c,NA
2,119567248,119567248,1,snv_mnv,NA,NA,"broad,dkfz,muse,sanger",4,COSN6553831,rs562042462,AluSx,FALSE,0.6087,NA,14,9,NA,NA,NA,IGR,FALSE,FALSE,FALSE,FALSE,2,1,1,1_1,e23462f2-cb86-4a3e-8521-221f4bec247c,NA
2,120957570,120957570,1,snv_mnv,NA,NA,"broad,dkfz,muse,sanger",4,COSN6553873,NA,AluSc5,FALSE,0.5357,NA,15,13,NA,NA,NA,RNA,FALSE,FALSE,FALSE,FALSE,2,1,1,1_1,e23462f2-cb86-4a3e-8521-221f4bec247c,NA
2,128749940,128749940,1,snv_mnv,0.0013978,rs190554520,"broad,dkfz,muse,sanger",4,COSN6554138,rs190554520,AluSz,FALSE,0.3043,NA,7,16,NA,NA,NA,Intron,FALSE,FALSE,FALSE,FALSE,2,1,1,1_1,e23462f2-cb86-4a3e-8521-221f4bec247c,NA
2,131893473,131893473,1,snv_mnv,NA,NA,"broad,dkfz,muse,sanger",4,COSN6554225,NA,AluY,FALSE,0.5294,NA,9,8,NA,NA,NA,Intron,FALSE,FALSE,FALSE,FALSE,2,1,1,1_1,e23462f2-cb86-4a3e-8521-221f4bec247c,NA
2,137624766,137624766,1,snv_mnv,NA,NA,"broad,dkfz,muse,sanger",4,COSN6554375,NA,NA,FALSE,0.4524,NA,19,23,NA,NA,NA,Intron,FALSE,FALSE,FALSE,FALSE,2,1,1,1_1,e23462f2-cb86-4a3e-8521-221f4bec247c,NA
2,144366575,144366575,1,snv_mnv,NA,NA,"broad,dkfz,muse,sanger",4,COSN6554631,NA,NA,FALSE,0.4375,NA,14,18,NA,NA,NA,Intron,FALSE,FALSE,FALSE,FALSE,2,1,1,1_1,e23462f2-cb86-4a3e-8521-221f4bec247c,AC092652.3
2,145003332,145003332,1,snv_mnv,NA,NA,"broad,dkfz,muse,sanger",4,COSN6554645,NA,NA,FALSE,0.4667,NA,14,16,NA,NA,NA,Intron,FALSE,FALSE,TRUE,FALSE,2,1,1,1_1,e23462f2-cb86-4a3e-8521-221f4bec247c,NA
2,147459164,147459164,1,snv_mnv,NA,NA,"broad,dkfz,muse,sanger",4,COSN6554727,NA,L1MA1,FALSE,0.4138,NA,12,17,NA,NA,NA,IGR,FALSE,FALSE,FALSE,FALSE,2,1,1,1_1,e23462f2-cb86-4a3e-8521-221f4bec247c,NA
2,149862726,149862726,1,snv_mnv,NA,NA,"broad,dkfz,muse",3,COSN6554784,NA,(TG)n,FALSE,0.5128,NA,20,19,NA,NA,NA,Intron,FALSE,FALSE,FALSE,FALSE,2,1,1,1_1,e23462f2-cb86-4a3e-8521-221f4bec247c,NA
2,157204938,157204938,1,snv_mnv,NA,NA,"broad,dkfz,muse,sanger",4,COSN6555005,NA,NA,FALSE,0.4828,NA,14,15,NA,NA,NA,IGR,FALSE,FALSE,FALSE,FALSE,2,1,1,1_1,e23462f2-cb86-4a3e-8521-221f4bec247c,NA
2,157449528,157449528,1,snv_mnv,NA,NA,"broad,dkfz,muse,sanger",4,COSN6555013,NA,NA,FALSE,0.4545,NA,15,18,NA,NA,NA,IGR,FALSE,FALSE,FALSE,FALSE,2,1,1,1_1,e23462f2-cb86-4a3e-8521-221f4bec247c,NA
2,168504185,168504185,1,snv_mnv,1.9968e-4,rs539935025,"broad,dkfz,muse,sanger",4,COSN6555360,rs539935025,L2,FALSE,0.4595,NA,17,20,NA,NA,NA,IGR,FALSE,FALSE,FALSE,FALSE,2,1,1,1_1,e23462f2-cb86-4a3e-8521-221f4bec247c,NA
2,170143244,170143244,1,snv_mnv,NA,NA,"broad,dkfz,muse,sanger",4,COSN6555411,NA,NA,FALSE,0.4545,NA,15,18,NA,NA,NA,Intron,FALSE,FALSE,FALSE,FALSE,2,1,1,1_1,e23462f2-cb86-4a3e-8521-221f4bec247c,NA
2,172545222,172545222,1,snv_mnv,NA,NA,"broad,dkfz,muse,sanger",4,COSN6555472,NA,NA,FALSE,0.5833,NA,14,10,NA,NA,NA,Intron,FALSE,FALSE,FALSE,FALSE,2,1,1,1_1,e23462f2-cb86-4a3e-8521-221f4bec247c,DYNC1I2
2,173241778,173241778,1,snv_mnv,NA,NA,"broad,dkfz,muse,sanger",4,COSN6555487,NA,NA,FALSE,0.4865,NA,18,19,NA,NA,NA,IGR,FALSE,FALSE,FALSE,FALSE,2,1,1,1_1,e23462f2-cb86-4a3e-8521-221f4bec247c,NA
2,174390382,174390382,1,snv_mnv,NA,NA,"broad,dkfz,muse,sanger",4,COSN6555515,NA,NA,FALSE,0.2895,NA,11,27,NA,NA,NA,IGR,FALSE,FALSE,FALSE,FALSE,2,1,1,1_1,e23462f2-cb86-4a3e-8521-221f4bec247c,NA
2,177307396,177307396,1,snv_mnv,NA,NA,"broad,dkfz,muse,sanger",4,COSN6555593,NA,NA,FALSE,0.5517,NA,16,13,NA,NA,NA,IGR,FALSE,FALSE,FALSE,FALSE,2,1,1,1_1,e23462f2-cb86-4a3e-8521-221f4bec247c,NA
2,180422567,180422567,1,snv_mnv,NA,NA,"broad,dkfz,muse,sanger",4,COSN6555667,NA,L1PA17,FALSE,0.5517,NA,16,13,NA,NA,NA,Intron,FALSE,FALSE,FALSE,FALSE,2,1,1,1_1,e23462f2-cb86-4a3e-8521-221f4bec247c,NA
2,190597744,190597744,1,snv_mnv,NA,NA,"broad,dkfz,muse,sanger",4,COSN6556030,NA,NA,FALSE,0.4242,NA,14,19,NA,NA,NA,Intron,FALSE,FALSE,FALSE,FALSE,2,1,1,1_1,e23462f2-cb86-4a3e-8521-221f4bec247c,NA
2,195646214,195646214,1,snv_mnv,NA,NA,"broad,dkfz,muse,sanger",4,COSN6556200,NA,NA,FALSE,0.5588,NA,19,15,NA,NA,NA,IGR,FALSE,FALSE,FALSE,FALSE,2,1,1,1_1,e23462f2-cb86-4a3e-8521-221f4bec247c,NA
2,196450832,196450832,1,snv_mnv,NA,NA,"broad,dkfz,muse,sanger",4,COSN6556223,NA,NA,FALSE,0.3415,NA,14,27,NA,NA,NA,IGR,FALSE,FALSE,FALSE,FALSE,2,1,1,1_1,e23462f2-cb86-4a3e-8521-221f4bec247c,AHCYP5
2,196530413,196530413,1,snv_mnv,NA,NA,"broad,dkfz,muse,sanger",4,COSN6556230,NA,HAL1,FALSE,0.4194,NA,13,18,NA,NA,NA,Intron,FALSE,FALSE,FALSE,FALSE,2,1,1,1_1,e23462f2-cb86-4a3e-8521-221f4bec247c,RNU6-915P
2,206083390,206083390,1,snv_mnv,NA,NA,"broad,dkfz,muse,sanger",4,COSN6556485,NA,NA,FALSE,0.6765,NA,23,11,NA,NA,NA,Intron,FALSE,FALSE,FALSE,FALSE,2,1,1,1_1,e23462f2-cb86-4a3e-8521-221f4bec247c,NA
2,206454797,206454797,1,snv_mnv,NA,NA,"broad,dkfz,muse,sanger",4,COSN6556495,NA,NA,FALSE,0.4211,NA,16,22,NA,NA,NA,Intron,FALSE,FALSE,FALSE,FALSE,2,1,1,1_1,e23462f2-cb86-4a3e-8521-221f4bec247c,NA
2,212368179,212368179,1,snv_mnv,3.9936e-4,rs144886937,"broad,dkfz,muse,sanger",4,COSN6556663,rs144886937,L1PA17,FALSE,0.3704,NA,10,17,NA,NA,NA,Intron,FALSE,FALSE,FALSE,FALSE,2,1,1,1_1,e23462f2-cb86-4a3e-8521-221f4bec247c,NA
2,215855113,215855113,1,snv_mnv,1.9968e-4,rs146971579,"broad,dkfz,muse,sanger",4,COSN6556774,rs146971579,NA,FALSE,0.5122,NA,21,20,NA,NA,NA,Intron,FALSE,FALSE,FALSE,FALSE,2,1,1,1_1,e23462f2-cb86-4a3e-8521-221f4bec247c,NA
2,226247222,226247222,1,snv_mnv,NA,NA,"broad,dkfz,muse,sanger",4,COSN6557060,NA,NA,FALSE,0.2927,NA,12,29,NA,NA,NA,IGR,FALSE,FALSE,FALSE,FALSE,2,1,1,1_1,e23462f2-cb86-4a3e-8521-221f4bec247c,NA
2,227429665,227429665,1,snv_mnv,NA,NA,"broad,dkfz,muse,sanger",4,COSN6557087,NA,NA,FALSE,0.6111,NA,11,7,NA,NA,NA,IGR,FALSE,FALSE,FALSE,FALSE,2,1,1,1_1,e23462f2-cb86-4a3e-8521-221f4bec247c,NA
2,227956410,227956410,1,snv_mnv,NA,NA,"broad,dkfz,muse,sanger",4,COSN6557099,NA,AluSx,FALSE,0.1795,NA,7,32,NA,NA,NA,Intron,FALSE,FALSE,FALSE,FALSE,2,1,1,1_1,e23462f2-cb86-4a3e-8521-221f4bec247c,NA
2,231838186,231838186,1,snv_mnv,NA,NA,"broad,dkfz,muse,sanger",4,COSN6557247,NA,L1MB3,FALSE,0.3548,NA,11,20,NA,NA,NA,IGR,FALSE,FALSE,FALSE,FALSE,2,1,1,1_1,e23462f2-cb86-4a3e-8521-221f4bec247c,NA
2,233871724,233871724,1,snv_mnv,NA,NA,"broad,dkfz,muse,sanger",4,COSN6557295,NA,AluJb,FALSE,0.3333,NA,7,14,NA,NA,NA,Intron,FALSE,FALSE,FALSE,FALSE,2,1,1,1_1,e23462f2-cb86-4a3e-8521-221f4bec247c,NA
2,237749261,237749261,1,snv_mnv,NA,NA,"broad,dkfz,muse,sanger",4,COSN6557410,NA,L3,FALSE,0.5,NA,12,12,NA,NA,NA,IGR,FALSE,FALSE,FALSE,FALSE,2,1,1,1_1,e23462f2-cb86-4a3e-8521-221f4bec247c,NA
2,239651007,239651007,1,snv_mnv,NA,NA,"broad,dkfz,muse,sanger",4,COSN6557470,NA,NA,FALSE,0.4444,NA,12,15,NA,NA,NA,lincRNA,FALSE,FALSE,TRUE,FALSE,2,1,1,1_1,e23462f2-cb86-4a3e-8521-221f4bec247c,LINC01937
2,240481840,240481840,1,snv_mnv,NA,NA,"broad,dkfz,muse,sanger",4,COSN6557495,NA,NA,FALSE,0.6522,NA,15,8,NA,NA,NA,IGR,FALSE,FALSE,FALSE,FALSE,2,1,1,1_1,e23462f2-cb86-4a3e-8521-221f4bec247c,NA
2,242260320,242260320,1,snv_mnv,NA,NA,"broad,dkfz,muse,sanger",4,COSN6557557,NA,NA,FALSE,0.5185,NA,14,13,NA,NA,NA,Intron,FALSE,FALSE,FALSE,FALSE,2,1,1,1_1,e23462f2-cb86-4a3e-8521-221f4bec247c,"SEPT2,HDLBP"
20,1062940,1062940,1,snv_mnv,NA,NA,"broad,dkfz,muse,sanger",4,COSN6559756,NA,MLT1K,FALSE,0.3704,NA,10,17,NA,NA,NA,IGR,FALSE,FALSE,FALSE,FALSE,2,1,1,1_1,e23462f2-cb86-4a3e-8521-221f4bec247c,NA
20,2769735,2769735,1,snv_mnv,NA,NA,"broad,dkfz,muse,sanger",4,COSN6560239,NA,L1ME3B,FALSE,0.6216,NA,23,14,NA,NA,NA,IGR,FALSE,FALSE,FALSE,FALSE,2,1,1,1_1,e23462f2-cb86-4a3e-8521-221f4bec247c,CPXM1
20,4423604,4423604,1,snv_mnv,NA,NA,"broad,dkfz,muse,sanger",4,COSN6560605,NA,NA,FALSE,0.2667,NA,4,11,NA,NA,NA,IGR,FALSE,FALSE,FALSE,FALSE,2,1,1,1_1,e23462f2-cb86-4a3e-8521-221f4bec247c,NA
20,4776616,4776616,1,snv_mnv,NA,NA,"broad,dkfz,muse,sanger",4,COSM3764886,NA,NA,FALSE,0.3929,NA,11,17,NA,NA,NA,Intron,FALSE,FALSE,FALSE,FALSE,2,1,1,1_1,e23462f2-cb86-4a3e-8521-221f4bec247c,RASSF2
20,5131385,5131385,1,snv_mnv,NA,NA,"broad,dkfz,muse,sanger",4,COSN6560807,NA,NA,FALSE,0.4167,NA,10,14,NA,NA,NA,Intron,FALSE,FALSE,FALSE,FALSE,2,1,1,1_1,e23462f2-cb86-4a3e-8521-221f4bec247c,NA
20,6941558,6941558,1,snv_mnv,NA,NA,"broad,dkfz,muse,sanger",4,COSN6561186,NA,NA,FALSE,0.6786,NA,19,9,NA,NA,NA,IGR,FALSE,FALSE,FALSE,FALSE,2,1,1,1_1,e23462f2-cb86-4a3e-8521-221f4bec247c,NA
20,7163644,7163644,1,snv_mnv,NA,NA,"broad,dkfz,muse,sanger",4,COSN6561194,NA,NA,FALSE,0.4848,NA,16,17,NA,NA,NA,lincRNA,FALSE,FALSE,FALSE,FALSE,2,1,1,1_1,e23462f2-cb86-4a3e-8521-221f4bec247c,NA
20,11468851,11468851,1,snv_mnv,NA,NA,"broad,dkfz,muse,sanger",4,COSN6559782,NA,NA,FALSE,0.5152,NA,17,16,NA,NA,NA,IGR,FALSE,FALSE,FALSE,FALSE,2,1,1,1_1,e23462f2-cb86-4a3e-8521-221f4bec247c,NA
20,17627256,17627256,1,snv_mnv,1.9968e-4,rs539398807,"broad,dkfz,muse,sanger",4,COSN6559973,rs539398807,MIR,FALSE,0.5,NA,11,11,NA,NA,NA,Intron,FALSE,FALSE,FALSE,FALSE,2,1,1,1_1,e23462f2-cb86-4a3e-8521-221f4bec247c,RRBP1
20,18131823,18131823,1,snv_mnv,NA,NA,"broad,dkfz,muse,sanger",4,COSN6559997,NA,AluJb,FALSE,0.5,NA,13,13,NA,NA,NA,Intron,FALSE,FALSE,FALSE,FALSE,2,1,1,1_1,e23462f2-cb86-4a3e-8521-221f4bec247c,NA
20,18936572,18936572,1,snv_mnv,NA,NA,"broad,dkfz,muse,sanger",4,COSN6560020,NA,NA,FALSE,0.4483,NA,13,16,NA,NA,NA,IGR,FALSE,FALSE,FALSE,FALSE,2,1,1,1_1,e23462f2-cb86-4a3e-8521-221f4bec247c,NA
20,19091193,19091193,1,snv_mnv,NA,NA,"broad,dkfz,muse,sanger",4,COSN6560026,NA,NA,FALSE,0.5909,NA,13,9,NA,NA,NA,IGR,FALSE,FALSE,FALSE,FALSE,2,1,1,1_1,e23462f2-cb86-4a3e-8521-221f4bec247c,NA
20,19297808,19297808,1,snv_mnv,NA,NA,"broad,dkfz,muse,sanger",4,COSN6560031,NA,L1P3,FALSE,0.2857,NA,8,20,NA,NA,NA,Intron,FALSE,FALSE,TRUE,FALSE,2,1,1,1_1,e23462f2-cb86-4a3e-8521-221f4bec247c,NA
20,21665215,21665215,1,snv_mnv,NA,NA,"broad,dkfz,muse,sanger",4,COSN6560096,NA,NA,FALSE,0.4839,NA,15,16,NA,NA,NA,IGR,FALSE,FALSE,FALSE,FALSE,2,1,1,1_1,e23462f2-cb86-4a3e-8521-221f4bec247c,NA
20,22408252,22408252,1,snv_mnv,NA,NA,"broad,dkfz,muse,sanger",4,COSN6560129,NA,NA,FALSE,0.4667,NA,14,16,NA,NA,NA,IGR,FALSE,FALSE,FALSE,FALSE,2,1,1,1_1,e23462f2-cb86-4a3e-8521-221f4bec247c,NA
20,22491907,22491907,1,snv_mnv,NA,NA,"broad,dkfz,muse,sanger",4,COSN6560132,NA,NA,FALSE,0.4,NA,12,18,NA,NA,NA,IGR,FALSE,FALSE,FALSE,FALSE,2,1,1,1_1,e23462f2-cb86-4a3e-8521-221f4bec247c,NA
20,22908196,22908196,1,snv_mnv,NA,NA,"broad,dkfz,muse,sanger",4,COSN6560146,NA,Tigger2a,FALSE,0.3333,NA,9,18,NA,NA,NA,IGR,FALSE,FALSE,FALSE,FALSE,2,1,1,1_1,e23462f2-cb86-4a3e-8521-221f4bec247c,NA
20,23413040,23413040,1,snv_mnv,NA,NA,"broad,dkfz,muse,sanger",4,COSN6560159,NA,AluJo,FALSE,0.4483,NA,13,16,NA,NA,NA,IGR,FALSE,FALSE,FALSE,FALSE,2,1,1,1_1,e23462f2-cb86-4a3e-8521-221f4bec247c,NA
20,31787614,31787614,1,snv_mnv,NA,NA,"broad,dkfz,muse,sanger",4,COSN6560289,NA,MIRb,FALSE,0.5357,NA,15,13,NA,NA,NA,RNA,FALSE,FALSE,FALSE,FALSE,2,1,1,1_1,e23462f2-cb86-4a3e-8521-221f4bec247c,BPIFA4P
20,34885194,34885194,1,snv_mnv,NA,NA,"broad,dkfz,muse,sanger",4,COSN6560348,NA,NA,FALSE,0.48,NA,12,13,NA,NA,NA,IGR,FALSE,FALSE,FALSE,FALSE,2,1,1,1_1,e23462f2-cb86-4a3e-8521-221f4bec247c,NA
20,35509826,35509826,1,snv_mnv,NA,NA,"broad,dkfz,muse,sanger",4,COSN6560361,NA,NA,FALSE,0.4412,NA,15,19,NA,NA,NA,Intron,FALSE,FALSE,FALSE,FALSE,2,1,1,1_1,e23462f2-cb86-4a3e-8521-221f4bec247c,NA
20,38255470,38255470,1,snv_mnv,NA,NA,"broad,dkfz,muse,sanger",4,COSN6560432,NA,NA,FALSE,0.7,NA,21,9,NA,NA,NA,IGR,FALSE,FALSE,FALSE,FALSE,2,1,1,1_1,e23462f2-cb86-4a3e-8521-221f4bec247c,NA
20,38718501,38718501,1,snv_mnv,NA,NA,"broad,dkfz,muse",3,COSN6560446,NA,MER5A,FALSE,0.6333,NA,19,11,NA,NA,NA,IGR,FALSE,FALSE,FALSE,FALSE,2,1,1,1_1,e23462f2-cb86-4a3e-8521-221f4bec247c,NA
20,41086338,41086338,1,snv_mnv,NA,NA,"broad,dkfz,muse,sanger",4,COSN6560512,NA,NA,FALSE,0.425,NA,17,23,NA,NA,NA,Intron,FALSE,FALSE,FALSE,FALSE,2,1,1,1_1,e23462f2-cb86-4a3e-8521-221f4bec247c,NA
20,41867496,41867496,1,snv_mnv,1.9968e-4,rs371008864,"broad,dkfz,muse,sanger",4,COSN6560533,rs371008864,NA,FALSE,0.619,NA,13,8,NA,NA,NA,IGR,FALSE,FALSE,FALSE,FALSE,2,1,1,1_1,e23462f2-cb86-4a3e-8521-221f4bec247c,NA
20,42133067,42133067,1,snv_mnv,NA,NA,"broad,dkfz,muse,sanger",4,COSN6560544,NA,AluJb,FALSE,0.5357,NA,15,13,NA,NA,NA,IGR,FALSE,FALSE,FALSE,FALSE,2,1,1,1_1,e23462f2-cb86-4a3e-8521-221f4bec247c,L3MBTL1
20,42927803,42927803,1,snv_mnv,NA,NA,"broad,dkfz,muse,sanger",4,COSN6560566,NA,LTR12C,FALSE,0.6429,NA,9,5,NA,NA,NA,IGR,FALSE,FALSE,FALSE,FALSE,2,1,1,1_1,e23462f2-cb86-4a3e-8521-221f4bec247c,FITM2
20,43479630,43479630,1,snv_mnv,NA,NA,"broad,dkfz,muse,sanger",4,COSN6560579,NA,L1MB3,FALSE,0.6,NA,15,10,NA,NA,NA,IGR,FALSE,FALSE,FALSE,FALSE,2,1,1,1_1,e23462f2-cb86-4a3e-8521-221f4bec247c,NA
20,45625714,45625714,1,snv_mnv,0.004992,rs143514132,"broad,dkfz,muse,sanger",4,COSN6560640,rs143514132,NA,FALSE,0.6316,NA,12,7,NA,NA,NA,Intron,FALSE,FALSE,FALSE,FALSE,2,1,1,1_1,e23462f2-cb86-4a3e-8521-221f4bec247c,"EYA2,GAPDHP54"
20,51153933,51153933,1,snv_mnv,NA,NA,"broad,dkfz,muse,sanger",4,COSN6560797,NA,NA,FALSE,0.4615,NA,18,21,NA,NA,NA,IGR,FALSE,FALSE,FALSE,FALSE,2,1,1,1_1,e23462f2-cb86-4a3e-8521-221f4bec247c,NA
20,52028939,52028939,1,snv_mnv,NA,NA,"broad,dkfz,muse",3,COSN6560829,NA,L1MB3,FALSE,0.7097,NA,22,9,NA,NA,NA,Intron,FALSE,FALSE,FALSE,FALSE,2,1,1,1_1,e23462f2-cb86-4a3e-8521-221f4bec247c,NA
20,52776981,52776981,1,snv_mnv,NA,NA,"broad,dkfz,muse,sanger",4,COSN6560854,rs547632383,NA,FALSE,0.3714,NA,13,22,NA,NA,NA,Intron,FALSE,FALSE,FALSE,FALSE,2,1,1,1_1,e23462f2-cb86-4a3e-8521-221f4bec247c,CYP24A1
20,53495330,53495330,1,snv_mnv,5.9904e-4,rs144224939,"broad,dkfz,muse,sanger",4,COSN6560889,rs144224939,NA,FALSE,0.5455,NA,12,10,NA,NA,NA,IGR,FALSE,FALSE,FALSE,FALSE,2,1,1,1_1,e23462f2-cb86-4a3e-8521-221f4bec247c,NA
20,54345600,54345600,1,snv_mnv,NA,NA,"broad,dkfz,muse",3,COSN6560922,NA,AluY,FALSE,0.3462,NA,9,17,NA,NA,NA,IGR,FALSE,FALSE,FALSE,FALSE,2,1,1,1_1,e23462f2-cb86-4a3e-8521-221f4bec247c,NA
20,57780035,57780035,1,snv_mnv,1.9968e-4,rs545985052,"broad,dkfz,muse,sanger",4,COSN6561026,rs545985052,NA,FALSE,0.4828,NA,14,15,NA,NA,NA,Intron,FALSE,FALSE,FALSE,FALSE,2,1,1,1_1,e23462f2-cb86-4a3e-8521-221f4bec247c,NA
20,58415323,58415323,1,snv_mnv,NA,NA,"broad,dkfz,muse,sanger",4,COSN6561045,NA,NA,FALSE,0.3125,NA,10,22,NA,NA,NA,Intron,FALSE,FALSE,FALSE,FALSE,2,1,1,1_1,e23462f2-cb86-4a3e-8521-221f4bec247c,PHACTR3
21,17821341,17821341,1,snv_mnv,NA,NA,"broad,dkfz,muse,sanger",4,COSN6561407,NA,L1MC4a,FALSE,0.1667,NA,3,15,NA,NA,NA,lincRNA,FALSE,FALSE,FALSE,FALSE,2,1,1,1_1,e23462f2-cb86-4a3e-8521-221f4bec247c,NA
21,17821365,17821365,1,snv_mnv,NA,NA,"broad,dkfz,muse,sanger",4,COSN6561408,NA,L1MC4a,FALSE,0.2609,NA,6,17,NA,NA,NA,lincRNA,FALSE,FALSE,FALSE,FALSE,2,1,1,1_1,e23462f2-cb86-4a3e-8521-221f4bec247c,NA
21,19194649,19194649,1,snv_mnv,NA,NA,"broad,dkfz,muse,sanger",4,COSN6561442,NA,MLT1E2,FALSE,0.3824,NA,13,21,NA,NA,NA,5'Flank,FALSE,FALSE,FALSE,FALSE,2,1,1,1_1,e23462f2-cb86-4a3e-8521-221f4bec247c,C21orf91
21,19774952,19774952,1,snv_mnv,NA,NA,"broad,dkfz,muse,sanger",4,COSN6561484,NA,NA,FALSE,0.4194,NA,13,18,NA,NA,NA,Intron,FALSE,FALSE,FALSE,FALSE,2,1,1,1_1,e23462f2-cb86-4a3e-8521-221f4bec247c,NA
21,22832893,22832893,1,snv_mnv,NA,NA,"broad,dkfz,muse,sanger",4,COSN6561624,NA,NA,FALSE,0.4516,NA,14,17,NA,NA,NA,Intron,FALSE,FALSE,FALSE,FALSE,2,1,1,1_1,e23462f2-cb86-4a3e-8521-221f4bec247c,NCAM2
21,23444936,23444936,1,snv_mnv,NA,NA,"broad,dkfz,muse,sanger",4,COSN6561659,NA,NA,FALSE,0.4062,NA,13,19,NA,NA,NA,lincRNA,FALSE,FALSE,FALSE,FALSE,2,1,1,1_1,e23462f2-cb86-4a3e-8521-221f4bec247c,NA
21,26181642,26181642,1,snv_mnv,NA,NA,"broad,dkfz,muse,sanger",4,COSN6561786,NA,NA,FALSE,0.3793,NA,11,18,NA,NA,NA,IGR,FALSE,FALSE,FALSE,FALSE,2,1,1,1_1,e23462f2-cb86-4a3e-8521-221f4bec247c,NA
21,31115221,31115221,1,snv_mnv,NA,NA,"broad,dkfz,muse,sanger",4,COSN6561924,NA,L1M5,FALSE,0.4333,NA,13,17,NA,NA,NA,Intron,FALSE,FALSE,TRUE,FALSE,2,1,1,1_1,e23462f2-cb86-4a3e-8521-221f4bec247c,NA
21,34749272,34749272,1,snv_mnv,NA,NA,"broad,dkfz,muse,sanger",4,COSN6562022,NA,NA,FALSE,0.5238,NA,11,10,NA,NA,NA,IGR,FALSE,FALSE,FALSE,FALSE,2,1,1,1_1,e23462f2-cb86-4a3e-8521-221f4bec247c,NA
21,36218649,36218649,1,snv_mnv,NA,NA,"broad,dkfz,muse,sanger",4,COSN6562055,NA,NA,FALSE,0.5333,NA,16,14,NA,NA,NA,Intron,FALSE,FALSE,FALSE,FALSE,2,1,1,1_1,e23462f2-cb86-4a3e-8521-221f4bec247c,NA
21,36376119,36376119,1,snv_mnv,NA,NA,"broad,dkfz,muse,sanger",4,COSN6562062,NA,NA,FALSE,0.3846,NA,10,16,NA,NA,NA,Intron,FALSE,FALSE,FALSE,FALSE,2,1,1,1_1,e23462f2-cb86-4a3e-8521-221f4bec247c,NA
21,40393609,40393609,1,snv_mnv,NA,NA,"broad,dkfz,muse,sanger",4,COSN6562176,NA,NA,FALSE,0.3636,NA,4,7,NA,NA,NA,IGR,FALSE,FALSE,FALSE,FALSE,2,1,1,1_1,e23462f2-cb86-4a3e-8521-221f4bec247c,NA
21,41699644,41699644,1,snv_mnv,NA,NA,"broad,dkfz,muse,sanger",4,COSN6562216,NA,L1MA9,FALSE,0.2059,NA,7,27,NA,NA,NA,Intron,FALSE,FALSE,FALSE,FALSE,2,1,1,1_1,e23462f2-cb86-4a3e-8521-221f4bec247c,NA
21,42264688,42264688,1,snv_mnv,NA,NA,"broad,dkfz,muse,sanger",4,COSN6562228,NA,NA,FALSE,0.5,NA,14,14,NA,NA,NA,IGR,FALSE,FALSE,FALSE,FALSE,2,1,1,1_1,e23462f2-cb86-4a3e-8521-221f4bec247c,NA
21,43050142,43050142,1,snv_mnv,NA,NA,"broad,dkfz,muse,sanger",4,COSN6562253,NA,AluJr,FALSE,0.4074,NA,11,16,NA,NA,NA,IGR,FALSE,FALSE,FALSE,FALSE,2,1,1,1_1,e23462f2-cb86-4a3e-8521-221f4bec247c,NA
21,43202776,43202776,1,snv_mnv,NA,NA,"broad,dkfz,muse,sanger",4,COSN6562259,NA,NA,FALSE,0.4828,NA,14,15,NA,NA,NA,IGR,FALSE,FALSE,FALSE,FALSE,2,1,1,1_1,e23462f2-cb86-4a3e-8521-221f4bec247c,NA
21,45007482,45007482,1,snv_mnv,NA,NA,"broad,dkfz,muse,sanger",4,COSN6562298,NA,AluSp,FALSE,0.6,NA,9,6,NA,NA,NA,Intron,FALSE,FALSE,FALSE,FALSE,2,1,1,1_1,e23462f2-cb86-4a3e-8521-221f4bec247c,NA
21,45887798,45887798,1,snv_mnv,1.9968e-4,rs531096536,"broad,dkfz,muse,sanger",4,COSN6562322,rs531096536,NA,FALSE,0.381,NA,8,13,NA,NA,NA,IGR,FALSE,FALSE,FALSE,FALSE,2,1,1,1_1,e23462f2-cb86-4a3e-8521-221f4bec247c,"MTCYBP21,MTND6P21"
21,47681219,47681219,1,snv_mnv,NA,NA,"broad,dkfz,muse,sanger",4,COSM3764908,NA,NA,FALSE,0.1852,NA,5,22,NA,NA,NA,Missense_Mutation,FALSE,FALSE,FALSE,FALSE,2,1,1,1_1,e23462f2-cb86-4a3e-8521-221f4bec247c,"MCM3AP,MCM3AP-AS1"
22,24066572,24066572,1,snv_mnv,NA,NA,"broad,dkfz,muse,sanger",4,COSN6562594,NA,AluSz,FALSE,0.5882,NA,20,14,NA,NA,NA,IGR,FALSE,FALSE,FALSE,FALSE,2,1,1,1_1,e23462f2-cb86-4a3e-8521-221f4bec247c,NA
22,27839144,27839144,1,snv_mnv,NA,NA,"broad,dkfz,muse,sanger",4,COSN6562689,NA,MER45A,FALSE,0.32,NA,8,17,NA,NA,NA,IGR,FALSE,FALSE,FALSE,FALSE,2,1,1,1_1,e23462f2-cb86-4a3e-8521-221f4bec247c,NA
22,30688510,30688510,1,snv_mnv,NA,NA,"broad,dkfz,muse,sanger",4,COSM3764921,NA,NA,FALSE,0.5333,NA,8,7,NA,NA,NA,Missense_Mutation,FALSE,FALSE,FALSE,FALSE,2,1,1,1_1,e23462f2-cb86-4a3e-8521-221f4bec247c,"CASTOR1,TBC1D10A"
22,31936861,31936861,1,snv_mnv,NA,NA,"broad,dkfz,muse,sanger",4,COSN6562788,NA,AluSz,FALSE,0.6667,NA,10,5,NA,NA,NA,Intron,FALSE,FALSE,FALSE,FALSE,2,1,1,1_1,e23462f2-cb86-4a3e-8521-221f4bec247c,AL096701.2
22,34187242,34187242,1,snv_mnv,NA,NA,"broad,dkfz,muse,sanger",4,COSN6562838,NA,NA,FALSE,0.5714,NA,12,9,NA,NA,NA,Intron,FALSE,FALSE,FALSE,FALSE,2,1,1,1_1,e23462f2-cb86-4a3e-8521-221f4bec247c,NA
22,35514552,35514552,1,snv_mnv,NA,NA,"broad,dkfz,muse,sanger",4,COSN6562873,rs573627756,NA,FALSE,0.4,NA,14,21,NA,NA,NA,lincRNA,FALSE,FALSE,FALSE,FALSE,2,1,1,1_1,e23462f2-cb86-4a3e-8521-221f4bec247c,"LINC01399,Z99755.2"
22,35538981,35538981,1,snv_mnv,NA,NA,"broad,dkfz,muse,sanger",4,COSN6562875,NA,NA,FALSE,0.5476,NA,23,19,NA,NA,NA,lincRNA,FALSE,FALSE,FALSE,FALSE,2,1,1,1_1,e23462f2-cb86-4a3e-8521-221f4bec247c,NA
22,37628395,37628395,1,snv_mnv,NA,NA,"broad,dkfz,muse,sanger",4,COSN6562926,NA,MIRb,FALSE,0.625,NA,15,9,NA,NA,NA,Intron,FALSE,FALSE,FALSE,FALSE,2,1,1,1_1,e23462f2-cb86-4a3e-8521-221f4bec247c,RAC2
22,42043558,42043558,1,snv_mnv,NA,NA,"broad,dkfz,muse,sanger",4,COSN6563028,NA,AluSp,FALSE,0.4211,NA,8,11,NA,NA,NA,Intron,FALSE,FALSE,FALSE,FALSE,2,1,1,1_1,e23462f2-cb86-4a3e-8521-221f4bec247c,RF00019
22,43857826,43857826,1,snv_mnv,NA,NA,"broad,dkfz,muse,sanger",4,COSN6563069,NA,NA,FALSE,0.4194,NA,13,18,NA,NA,NA,Intron,FALSE,FALSE,FALSE,FALSE,2,1,1,1_1,e23462f2-cb86-4a3e-8521-221f4bec247c,NA
22,47251586,47251586,1,snv_mnv,NA,NA,"broad,dkfz,muse,sanger",4,COSN6563172,NA,NA,FALSE,0.55,NA,11,9,NA,NA,NA,Intron,FALSE,FALSE,FALSE,FALSE,2,1,1,1_1,e23462f2-cb86-4a3e-8521-221f4bec247c,NA
22,48966537,48966537,1,snv_mnv,NA,NA,"broad,dkfz,muse,sanger",4,COSN6563236,NA,NA,FALSE,0.5357,NA,15,13,NA,NA,NA,Intron,FALSE,FALSE,FALSE,FALSE,2,1,1,1_1,e23462f2-cb86-4a3e-8521-221f4bec247c,NA
22,49400290,49400290,1,snv_mnv,NA,NA,"broad,dkfz,muse,sanger",4,COSN6563250,rs763099722,NA,FALSE,0.56,NA,14,11,NA,NA,NA,IGR,FALSE,FALSE,FALSE,FALSE,2,1,1,1_1,e23462f2-cb86-4a3e-8521-221f4bec247c,NA
3,1911384,1911384,1,snv_mnv,NA,NA,"broad,dkfz,muse,sanger",4,COSN6573480,NA,L1PA12,FALSE,0.5,NA,14,14,NA,NA,NA,IGR,FALSE,FALSE,FALSE,FALSE,2,1,1,1_1,e23462f2-cb86-4a3e-8521-221f4bec247c,NA
3,3028706,3028706,1,snv_mnv,NA,NA,"broad,dkfz,muse,sanger",4,COSN6574046,NA,L2a,FALSE,0.5294,NA,18,16,NA,NA,NA,Intron,FALSE,FALSE,FALSE,FALSE,2,1,1,1_1,e23462f2-cb86-4a3e-8521-221f4bec247c,DNAJC19P4
3,4577858,4577858,1,snv_mnv,NA,NA,"broad,dkfz,muse,sanger",4,COSN6574478,NA,NA,FALSE,0.16,NA,4,21,NA,NA,NA,Intron,FALSE,FALSE,FALSE,FALSE,2,1,1,1_1,e23462f2-cb86-4a3e-8521-221f4bec247c,NA
3,6670901,6670901,1,snv_mnv,NA,NA,"broad,dkfz,muse,sanger",4,COSN6574994,NA,NA,FALSE,0.6111,NA,22,14,NA,NA,NA,lincRNA,FALSE,FALSE,FALSE,FALSE,2,1,1,1_1,e23462f2-cb86-4a3e-8521-221f4bec247c,GRM7-AS3
3,8238341,8238341,1,snv_mnv,NA,NA,"broad,dkfz,muse,sanger",4,COSN6575516,NA,L1MA3,FALSE,0.4783,NA,11,12,NA,NA,NA,RNA,FALSE,FALSE,FALSE,FALSE,2,1,1,1_1,e23462f2-cb86-4a3e-8521-221f4bec247c,NA
3,10416613,10416613,1,snv_mnv,NA,NA,"broad,dkfz,muse,sanger",4,COSN6570624,NA,NA,FALSE,0.5238,NA,11,10,NA,NA,NA,Intron,FALSE,FALSE,FALSE,FALSE,2,1,1,1_1,e23462f2-cb86-4a3e-8521-221f4bec247c,NA
3,11568721,11568721,1,snv_mnv,NA,NA,"broad,dkfz,muse,sanger",4,COSN6571057,NA,AluSx,FALSE,0.5652,NA,13,10,NA,NA,NA,Intron,FALSE,FALSE,FALSE,FALSE,2,1,1,1_1,e23462f2-cb86-4a3e-8521-221f4bec247c,AC022001.1
3,13019594,13019594,1,snv_mnv,NA,NA,"broad,dkfz,muse,sanger",4,COSN6571453,NA,MIRb,FALSE,0.4242,NA,14,19,NA,NA,NA,Intron,FALSE,FALSE,FALSE,FALSE,2,1,1,1_1,e23462f2-cb86-4a3e-8521-221f4bec247c,NA
3,14243839,14243839,1,snv_mnv,NA,NA,"broad,dkfz,muse,sanger",4,COSN6571745,NA,NA,FALSE,0.5833,NA,14,10,NA,NA,NA,IGR,FALSE,FALSE,FALSE,FALSE,2,1,1,1_1,e23462f2-cb86-4a3e-8521-221f4bec247c,LSM3
3,15934903,15934903,1,snv_mnv,NA,NA,"broad,dkfz,muse,sanger",4,COSN6572257,NA,AluSx,FALSE,0.6,NA,12,8,NA,NA,NA,IGR,FALSE,FALSE,FALSE,FALSE,2,1,1,1_1,e23462f2-cb86-4a3e-8521-221f4bec247c,NA
3,17598973,17598973,1,snv_mnv,NA,NA,"broad,dkfz,muse,sanger",4,COSN6572941,NA,NA,FALSE,0.5676,NA,21,16,NA,NA,NA,Intron,FALSE,FALSE,FALSE,FALSE,2,1,1,1_1,e23462f2-cb86-4a3e-8521-221f4bec247c,NA
3,18571447,18571447,1,snv_mnv,NA,NA,"broad,dkfz,muse,sanger",4,COSN6573270,NA,MLT1I,FALSE,0.4545,NA,10,12,NA,NA,NA,RNA,FALSE,FALSE,FALSE,FALSE,2,1,1,1_1,e23462f2-cb86-4a3e-8521-221f4bec247c,SATB1-AS1
3,18746414,18746414,1,snv_mnv,NA,NA,"broad,dkfz,muse,sanger",4,COSN6573323,NA,L1MA2,FALSE,0.4595,NA,17,20,NA,NA,NA,RNA,FALSE,FALSE,FALSE,FALSE,2,1,1,1_1,e23462f2-cb86-4a3e-8521-221f4bec247c,NA
3,20552379,20552379,1,snv_mnv,NA,NA,"broad,dkfz,muse,sanger",4,COSN6573720,rs184366692,L1PA15-16,FALSE,0.4865,NA,18,19,NA,NA,NA,IGR,FALSE,FALSE,FALSE,FALSE,2,1,1,1_1,e23462f2-cb86-4a3e-8521-221f4bec247c,RNU6-815P
3,23384715,23384715,1,snv_mnv,NA,NA,"broad,dkfz,muse,sanger",4,COSN6573838,NA,NA,FALSE,0.2121,NA,7,26,NA,NA,NA,Intron,FALSE,FALSE,FALSE,FALSE,2,1,1,1_1,e23462f2-cb86-4a3e-8521-221f4bec247c,NA
3,25107441,25107441,1,snv_mnv,NA,NA,"broad,dkfz,muse,sanger",4,COSN6573885,NA,NA,FALSE,0.3056,NA,11,25,NA,NA,NA,lincRNA,FALSE,FALSE,FALSE,FALSE,2,1,1,1_1,e23462f2-cb86-4a3e-8521-221f4bec247c,NA
3,28145937,28145937,1,snv_mnv,NA,NA,"broad,dkfz,muse,sanger",4,COSN6573976,NA,NA,FALSE,0.4848,NA,16,17,NA,NA,NA,IGR,FALSE,FALSE,FALSE,FALSE,2,1,1,1_1,e23462f2-cb86-4a3e-8521-221f4bec247c,NA
3,33146580,33146580,1,snv_mnv,NA,NA,"broad,dkfz,muse,sanger",4,COSN6574141,NA,NA,FALSE,0.5,NA,10,10,NA,NA,NA,RNA,FALSE,FALSE,FALSE,FALSE,2,1,1,1_1,e23462f2-cb86-4a3e-8521-221f4bec247c,RN7SL296P
3,36514781,36514781,1,snv_mnv,NA,NA,"broad,dkfz,muse,sanger",4,COSN6574255,NA,THE1A,FALSE,0.5143,NA,18,17,NA,NA,NA,Intron,FALSE,FALSE,FALSE,FALSE,2,1,1,1_1,e23462f2-cb86-4a3e-8521-221f4bec247c,NA
3,36615508,36615508,1,snv_mnv,NA,NA,"broad,dkfz,muse,sanger",4,COSN6574258,NA,MLT1A0-int,FALSE,0.48,NA,12,13,NA,NA,NA,IGR,FALSE,FALSE,FALSE,FALSE,2,1,1,1_1,e23462f2-cb86-4a3e-8521-221f4bec247c,NA
3,38085693,38085693,1,snv_mnv,NA,NA,"broad,dkfz,muse,sanger",4,COSN6574293,NA,AluJo,FALSE,0.6552,NA,19,10,NA,NA,NA,Intron,FALSE,FALSE,FALSE,FALSE,2,1,1,1_1,e23462f2-cb86-4a3e-8521-221f4bec247c,NA
3,41231436,41231436,1,snv_mnv,NA,NA,"broad,dkfz,muse,sanger",4,COSN6574379,NA,LTR78,FALSE,0.5333,NA,16,14,NA,NA,NA,IGR,FALSE,FALSE,FALSE,FALSE,2,1,1,1_1,e23462f2-cb86-4a3e-8521-221f4bec247c,"MRPS31P1,CTNNB1"
3,45115207,45115207,1,snv_mnv,NA,NA,"broad,dkfz,muse,sanger",4,COSN6574464,NA,L2a,FALSE,0.3214,NA,9,19,NA,NA,NA,IGR,FALSE,FALSE,FALSE,FALSE,2,1,1,1_1,e23462f2-cb86-4a3e-8521-221f4bec247c,NA
3,46701899,46701899,1,snv_mnv,3.9936e-4,rs143552861,"broad,dkfz,muse,sanger",4,COSN6574504,rs143552861,NA,FALSE,0.5217,NA,12,11,NA,NA,NA,IGR,FALSE,FALSE,FALSE,FALSE,2,1,1,1_1,e23462f2-cb86-4a3e-8521-221f4bec247c,NA
3,49355414,49355414,1,snv_mnv,NA,NA,"broad,dkfz,muse,sanger",4,COSN6574549,rs771886380,AluSq2,FALSE,0.4348,NA,10,13,NA,NA,NA,Intron,FALSE,FALSE,FALSE,FALSE,2,1,1,1_1,e23462f2-cb86-4a3e-8521-221f4bec247c,USP4
3,51006234,51006234,1,snv_mnv,NA,NA,"broad,dkfz,muse,sanger",4,COSN6574584,NA,AluSc,FALSE,0.5,NA,15,15,NA,NA,NA,Intron,FALSE,FALSE,FALSE,FALSE,2,1,1,1_1,e23462f2-cb86-4a3e-8521-221f4bec247c,NA
3,53126764,53126764,1,snv_mnv,NA,NA,"broad,dkfz,muse,sanger",4,COSN6574635,NA,NA,FALSE,0.1786,NA,5,23,NA,NA,NA,Intron,FALSE,FALSE,FALSE,FALSE,2,1,1,1_1,e23462f2-cb86-4a3e-8521-221f4bec247c,NA
3,56569472,56569472,1,snv_mnv,NA,NA,"broad,dkfz,muse,sanger",4,COSN7702097,NA,AluY,FALSE,0.2692,NA,7,19,NA,NA,NA,IGR,FALSE,FALSE,FALSE,FALSE,2,1,1,1_1,e23462f2-cb86-4a3e-8521-221f4bec247c,NA
3,60316280,60316280,1,snv_mnv,NA,NA,"broad,dkfz,muse,sanger",4,COSN6574817,NA,NA,FALSE,0.4375,NA,14,18,NA,NA,NA,Intron,FALSE,FALSE,FALSE,FALSE,2,1,1,1_1,e23462f2-cb86-4a3e-8521-221f4bec247c,NA
3,63404471,63404471,1,snv_mnv,NA,NA,"broad,dkfz,muse",3,COSN6574905,NA,THE1B,FALSE,0.48,NA,12,13,NA,NA,NA,Intron,FALSE,FALSE,FALSE,FALSE,2,1,1,1_1,e23462f2-cb86-4a3e-8521-221f4bec247c,SYNPR-AS1
3,70782769,70782769,1,snv_mnv,NA,NA,"broad,dkfz,muse,sanger",4,COSN6575120,NA,NA,FALSE,0.2188,NA,7,25,NA,NA,NA,IGR,FALSE,FALSE,FALSE,FALSE,2,1,1,1_1,e23462f2-cb86-4a3e-8521-221f4bec247c,NA
3,71235743,71235743,1,snv_mnv,NA,NA,"broad,dkfz,muse,sanger",4,COSN6575133,NA,AluSc,FALSE,0.5455,NA,12,10,NA,NA,NA,Intron,FALSE,FALSE,FALSE,FALSE,2,1,1,1_1,e23462f2-cb86-4a3e-8521-221f4bec247c,NA
3,74930432,74930432,1,snv_mnv,NA,NA,"broad,dkfz,muse,sanger",4,COSN6575221,NA,NA,FALSE,0.3929,NA,11,17,NA,NA,NA,IGR,FALSE,FALSE,FALSE,FALSE,2,1,1,1_1,e23462f2-cb86-4a3e-8521-221f4bec247c,NA
3,76176546,76176546,1,snv_mnv,NA,NA,"broad,dkfz,muse,sanger",4,COSN6575251,NA,NA,FALSE,0.4194,NA,13,18,NA,NA,NA,Intron,FALSE,FALSE,FALSE,FALSE,2,1,1,1_1,e23462f2-cb86-4a3e-8521-221f4bec247c,NA
3,76672630,76672630,1,snv_mnv,NA,NA,"broad,dkfz,muse,sanger",4,COSN6575274,NA,NA,FALSE,0.5161,NA,16,15,NA,NA,NA,Intron,FALSE,FALSE,FALSE,FALSE,2,1,1,1_1,e23462f2-cb86-4a3e-8521-221f4bec247c,NA
3,76910633,76910633,1,snv_mnv,NA,NA,"broad,dkfz,muse,sanger",4,COSN6575288,NA,L2c,FALSE,0.4359,NA,17,22,NA,NA,NA,Intron,FALSE,FALSE,FALSE,FALSE,2,1,1,1_1,e23462f2-cb86-4a3e-8521-221f4bec247c,NA
3,81491970,81491970,1,snv_mnv,NA,NA,"broad,dkfz,muse,sanger",4,COSN6575477,NA,NA,FALSE,0.5667,NA,17,13,NA,NA,NA,IGR,FALSE,FALSE,FALSE,FALSE,2,1,1,1_1,e23462f2-cb86-4a3e-8521-221f4bec247c,NA
3,82376601,82376601,1,snv_mnv,NA,NA,"broad,dkfz,muse,sanger",4,COSN6575514,NA,NA,FALSE,0.3448,NA,10,19,NA,NA,NA,lincRNA,FALSE,FALSE,FALSE,FALSE,2,1,1,1_1,e23462f2-cb86-4a3e-8521-221f4bec247c,NA
3,82432050,82432050,1,snv_mnv,NA,NA,"broad,dkfz,muse,sanger",4,COSN6575519,NA,NA,FALSE,0.4412,NA,15,19,NA,NA,NA,lincRNA,FALSE,FALSE,FALSE,FALSE,2,1,1,1_1,e23462f2-cb86-4a3e-8521-221f4bec247c,NA
3,84961039,84961039,1,snv_mnv,NA,NA,"broad,dkfz,muse,sanger",4,COSN6575667,NA,NA,FALSE,0.4138,NA,12,17,NA,NA,NA,IGR,FALSE,FALSE,FALSE,FALSE,2,1,1,1_1,e23462f2-cb86-4a3e-8521-221f4bec247c,NA
3,86656937,86656937,1,snv_mnv,NA,NA,"broad,dkfz,muse,sanger",4,COSN6575764,NA,MSTB-int,FALSE,0.6129,NA,19,12,NA,NA,NA,IGR,FALSE,FALSE,FALSE,FALSE,2,1,1,1_1,e23462f2-cb86-4a3e-8521-221f4bec247c,NA
3,87354407,87354407,1,snv_mnv,NA,NA,"broad,dkfz,muse",3,COSN6575803,NA,L1PA7,FALSE,0.44,NA,11,14,NA,NA,NA,IGR,FALSE,FALSE,FALSE,FALSE,2,1,1,1_1,e23462f2-cb86-4a3e-8521-221f4bec247c,NA
3,88887301,88887301,1,snv_mnv,NA,NA,"broad,dkfz,muse,sanger",4,COSN6575877,NA,L1PB1,FALSE,0.3929,NA,11,17,NA,NA,NA,IGR,FALSE,FALSE,FALSE,FALSE,2,1,1,1_1,e23462f2-cb86-4a3e-8521-221f4bec247c,NA
3,88962555,88962555,1,snv_mnv,NA,NA,"broad,dkfz,muse,sanger",4,COSN6575879,NA,NA,FALSE,0.4138,NA,12,17,NA,NA,NA,IGR,FALSE,FALSE,FALSE,FALSE,2,1,1,1_1,e23462f2-cb86-4a3e-8521-221f4bec247c,NA
3,88997553,88997553,1,snv_mnv,NA,NA,"broad,dkfz,muse,sanger",4,COSN6575881,NA,NA,FALSE,0.4583,NA,11,13,NA,NA,NA,IGR,FALSE,FALSE,FALSE,FALSE,2,1,1,1_1,e23462f2-cb86-4a3e-8521-221f4bec247c,NA
3,89172397,89172397,1,snv_mnv,NA,NA,"broad,dkfz,muse,sanger",4,COSN6575888,NA,AluSx,FALSE,0.5938,NA,19,13,NA,NA,NA,Intron,FALSE,FALSE,FALSE,FALSE,2,1,1,1_1,e23462f2-cb86-4a3e-8521-221f4bec247c,NA
3,99133808,99133808,1,snv_mnv,NA,NA,"broad,dkfz,muse,sanger",4,COSN6576219,NA,AluSz,FALSE,0.4571,NA,16,19,NA,NA,NA,IGR,FALSE,FALSE,FALSE,FALSE,2,1,1,1_1,e23462f2-cb86-4a3e-8521-221f4bec247c,NA
3,100134536,100134536,1,snv_mnv,NA,NA,"broad,dkfz,muse,sanger",4,COSN6570353,rs758385210,L1M5,FALSE,0.4444,NA,12,15,NA,NA,NA,Intron,FALSE,FALSE,FALSE,FALSE,2,1,1,1_1,e23462f2-cb86-4a3e-8521-221f4bec247c,NA
3,101788528,101788528,1,snv_mnv,NA,NA,"broad,dkfz,muse,sanger",4,COSN6570422,NA,NA,FALSE,0.3,NA,9,21,NA,NA,NA,IGR,FALSE,FALSE,FALSE,FALSE,2,1,1,1_1,e23462f2-cb86-4a3e-8521-221f4bec247c,NA
3,102293043,102293043,1,snv_mnv,7.9872e-4,rs573377098,"broad,dkfz,muse,sanger",4,COSN6570459,rs573377098,NA,FALSE,0.4706,NA,24,27,NA,NA,NA,IGR,FALSE,FALSE,FALSE,FALSE,2,1,1,1_1,e23462f2-cb86-4a3e-8521-221f4bec247c,NA
3,106360863,106360863,1,snv_mnv,NA,NA,"broad,dkfz,muse,sanger",4,COSN6570727,NA,MIR,FALSE,0.5667,NA,17,13,NA,NA,NA,IGR,FALSE,FALSE,FALSE,FALSE,2,1,1,1_1,e23462f2-cb86-4a3e-8521-221f4bec247c,NA
3,109668178,109668178,1,snv_mnv,NA,NA,"broad,dkfz,muse,sanger",4,COSN6570859,NA,NA,FALSE,0.6667,NA,18,9,NA,NA,NA,IGR,FALSE,FALSE,FALSE,TRUE,2,1,1,1_1,e23462f2-cb86-4a3e-8521-221f4bec247c,NA
3,109670209,109670209,1,snv_mnv,NA,NA,"broad,dkfz,muse,sanger",4,COSN6570860,NA,L1MB8,FALSE,0.36,NA,9,16,NA,NA,NA,IGR,FALSE,FALSE,FALSE,FALSE,2,1,1,1_1,e23462f2-cb86-4a3e-8521-221f4bec247c,NA
3,111146625,111146625,1,snv_mnv,NA,NA,"broad,dkfz,muse,sanger",4,COSN6570923,NA,L1PA14,FALSE,0.525,NA,21,19,NA,NA,NA,IGR,FALSE,FALSE,FALSE,FALSE,2,1,1,1_1,e23462f2-cb86-4a3e-8521-221f4bec247c,NA
3,115271595,115271595,1,snv_mnv,NA,NA,"broad,dkfz,muse,sanger",4,COSN6571047,NA,NA,FALSE,0.5294,NA,18,16,NA,NA,NA,IGR,FALSE,FALSE,FALSE,FALSE,2,1,1,1_1,e23462f2-cb86-4a3e-8521-221f4bec247c,NA
3,117233788,117233788,1,snv_mnv,NA,NA,"broad,dkfz,muse,sanger",4,COSN6571116,NA,NA,FALSE,0.5556,NA,20,16,NA,NA,NA,Intron,FALSE,FALSE,FALSE,FALSE,2,1,1,1_1,e23462f2-cb86-4a3e-8521-221f4bec247c,NA
3,117725341,117725341,1,snv_mnv,NA,NA,"broad,dkfz,muse,sanger",4,COSN6571133,NA,L1PA7,FALSE,0.5,NA,19,19,NA,NA,NA,lincRNA,FALSE,FALSE,FALSE,FALSE,2,1,1,1_1,e23462f2-cb86-4a3e-8521-221f4bec247c,NA
3,117871963,117871963,1,snv_mnv,NA,NA,"broad,dkfz,muse",3,COSN6571137,NA,L1MA5,FALSE,0.5278,NA,19,17,NA,NA,NA,lincRNA,FALSE,FALSE,FALSE,FALSE,2,1,1,1_1,e23462f2-cb86-4a3e-8521-221f4bec247c,NA
3,118664515,118664515,1,snv_mnv,NA,NA,"broad,dkfz,muse,sanger",4,COSN6571161,NA,NA,FALSE,0.4412,NA,15,19,NA,NA,NA,Intron,FALSE,FALSE,FALSE,FALSE,2,1,1,1_1,e23462f2-cb86-4a3e-8521-221f4bec247c,IGSF11
3,121626740,121626740,1,snv_mnv,NA,NA,"broad,dkfz,muse,sanger",4,COSN6571224,NA,L1PA6,FALSE,0.52,NA,13,12,NA,NA,NA,Intron,FALSE,FALSE,FALSE,FALSE,2,1,1,1_1,e23462f2-cb86-4a3e-8521-221f4bec247c,NA
3,123716719,123716719,1,snv_mnv,NA,NA,"broad,dkfz,muse,sanger",4,COSN6571285,NA,NA,FALSE,0.6,NA,18,12,NA,NA,NA,IGR,FALSE,FALSE,FALSE,FALSE,2,1,1,1_1,e23462f2-cb86-4a3e-8521-221f4bec247c,NA
3,126204002,126204002,1,snv_mnv,NA,NA,"broad,dkfz,muse,sanger",4,COSN6571345,NA,NA,FALSE,0.3684,NA,7,12,NA,NA,NA,Intron,FALSE,FALSE,FALSE,FALSE,2,1,1,1_1,e23462f2-cb86-4a3e-8521-221f4bec247c,NA
3,131074281,131074281,1,snv_mnv,NA,NA,"broad,dkfz,muse,sanger",4,COSN6571475,NA,NA,FALSE,0.32,NA,8,17,NA,NA,NA,RNA,FALSE,FALSE,FALSE,FALSE,2,1,1,1_1,e23462f2-cb86-4a3e-8521-221f4bec247c,NEK11
3,131388016,131388016,1,snv_mnv,NA,NA,"broad,dkfz,muse,sanger",4,COSN6571480,NA,MLT1H,FALSE,0.6667,NA,18,9,NA,NA,NA,Intron,FALSE,FALSE,FALSE,FALSE,2,1,1,1_1,e23462f2-cb86-4a3e-8521-221f4bec247c,NA
3,134120445,134120445,1,snv_mnv,NA,NA,"broad,dkfz,muse,sanger",4,COSN6571551,NA,NA,FALSE,0.4524,NA,19,23,NA,NA,NA,IGR,FALSE,FALSE,FALSE,FALSE,2,1,1,1_1,e23462f2-cb86-4a3e-8521-221f4bec247c,NA
3,143016526,143016526,1,snv_mnv,NA,NA,"broad,dkfz,muse,sanger",4,COSN6571761,rs368577089,L1MB1,FALSE,0.3953,NA,17,26,NA,NA,NA,Intron,FALSE,FALSE,FALSE,FALSE,2,1,1,1_1,e23462f2-cb86-4a3e-8521-221f4bec247c,NA
3,147069713,147069713,1,snv_mnv,NA,NA,"broad,dkfz,muse,sanger",4,COSN6571879,NA,NA,FALSE,0.4091,NA,9,13,NA,NA,NA,RNA,FALSE,FALSE,FALSE,FALSE,2,1,1,1_1,e23462f2-cb86-4a3e-8521-221f4bec247c,NA
3,148351090,148351090,1,snv_mnv,NA,NA,"broad,dkfz,muse,sanger",4,COSN6571911,rs573592429,L1MA3,FALSE,0.2,NA,3,12,NA,NA,NA,IGR,FALSE,FALSE,FALSE,FALSE,2,1,1,1_1,e23462f2-cb86-4a3e-8521-221f4bec247c,NA
3,151074872,151074872,1,snv_mnv,NA,NA,"broad,dkfz,muse,sanger",4,COSN6571985,NA,AT_rich,FALSE,0.5,NA,18,18,NA,NA,NA,Intron,FALSE,FALSE,FALSE,FALSE,2,1,1,1_1,e23462f2-cb86-4a3e-8521-221f4bec247c,MED12L
3,152197460,152197460,1,snv_mnv,NA,NA,"broad,dkfz,muse,sanger",4,COSN6572021,NA,L1PA16,FALSE,0.4722,NA,17,19,NA,NA,NA,RNA,FALSE,FALSE,FALSE,FALSE,2,1,1,1_1,e23462f2-cb86-4a3e-8521-221f4bec247c,NA
3,152391130,152391130,1,snv_mnv,NA,NA,"broad,dkfz,muse,sanger",4,COSN6572029,NA,L2,FALSE,0.5,NA,23,23,NA,NA,NA,IGR,FALSE,FALSE,FALSE,FALSE,2,1,1,1_1,e23462f2-cb86-4a3e-8521-221f4bec247c,NA
3,155544990,155544990,1,snv_mnv,NA,NA,"broad,dkfz,muse,sanger",4,COSN6572151,NA,NA,FALSE,0.3125,NA,10,22,NA,NA,NA,3'UTR,FALSE,FALSE,FALSE,FALSE,2,1,1,1_1,e23462f2-cb86-4a3e-8521-221f4bec247c,SLC33A1
3,159464820,159464820,1,snv_mnv,NA,NA,"broad,dkfz,muse,sanger",4,COSN6572264,NA,L2c,FALSE,0.4839,NA,15,16,NA,NA,NA,Intron,FALSE,FALSE,TRUE,FALSE,2,1,1,1_1,e23462f2-cb86-4a3e-8521-221f4bec247c,NA
3,163019813,163019813,1,snv_mnv,NA,NA,"broad,dkfz,muse,sanger",4,COSN6572417,NA,L1PA7,FALSE,0.4643,NA,13,15,NA,NA,NA,lincRNA,FALSE,FALSE,FALSE,FALSE,2,1,1,1_1,e23462f2-cb86-4a3e-8521-221f4bec247c,NA
3,165287837,165287837,1,snv_mnv,NA,NA,"broad,dkfz,muse,sanger",4,COSN6572565,NA,L1MC2,FALSE,0.4545,NA,15,18,NA,NA,NA,lincRNA,FALSE,FALSE,FALSE,FALSE,2,1,1,1_1,e23462f2-cb86-4a3e-8521-221f4bec247c,NA
3,166600422,166600422,1,snv_mnv,NA,NA,"broad,dkfz,muse,sanger",4,COSN6572651,NA,L1PB3,FALSE,0.4545,NA,15,18,NA,NA,NA,IGR,FALSE,FALSE,FALSE,FALSE,2,1,1,1_1,e23462f2-cb86-4a3e-8521-221f4bec247c,NA
3,169469048,169469048,1,snv_mnv,NA,NA,"broad,dkfz,muse,sanger",4,COSN6572751,NA,AluSx1,FALSE,0.381,NA,8,13,NA,NA,NA,IGR,FALSE,FALSE,FALSE,FALSE,2,1,1,1_1,e23462f2-cb86-4a3e-8521-221f4bec247c,NA
3,170820461,170820461,1,snv_mnv,NA,NA,"broad,dkfz,muse,sanger",4,COSN6572783,NA,NA,FALSE,0.6667,NA,22,11,NA,NA,NA,Intron,FALSE,FALSE,FALSE,FALSE,2,1,1,1_1,e23462f2-cb86-4a3e-8521-221f4bec247c,"MIR569,TNIK"
3,171050743,171050743,1,snv_mnv,NA,NA,"broad,dkfz,muse,sanger",4,COSN6572786,NA,NA,FALSE,0.5,NA,13,13,NA,NA,NA,Intron,FALSE,FALSE,FALSE,FALSE,2,1,1,1_1,e23462f2-cb86-4a3e-8521-221f4bec247c,NA
3,172721177,172721177,1,snv_mnv,NA,NA,"broad,dkfz,muse,sanger",4,COSN6572835,NA,L1MEd,FALSE,0.5,NA,26,26,NA,NA,NA,Intron,FALSE,FALSE,FALSE,FALSE,2,1,1,1_1,e23462f2-cb86-4a3e-8521-221f4bec247c,NA
3,179547876,179547876,1,snv_mnv,NA,NA,"broad,dkfz,muse,sanger",4,COSN6573057,NA,AluSq,FALSE,0.4815,NA,13,14,NA,NA,NA,Intron,FALSE,FALSE,FALSE,FALSE,2,1,1,1_1,e23462f2-cb86-4a3e-8521-221f4bec247c,NA
3,180815695,180815695,1,snv_mnv,NA,NA,"broad,dkfz,muse,sanger",4,COSN6573123,NA,NA,FALSE,0.5,NA,17,17,NA,NA,NA,IGR,FALSE,FALSE,FALSE,FALSE,2,1,1,1_1,e23462f2-cb86-4a3e-8521-221f4bec247c,NA
3,181825690,181825690,1,snv_mnv,NA,NA,"broad,dkfz,muse,sanger",4,COSN6573165,NA,L3,FALSE,0.4062,NA,13,19,NA,NA,NA,IGR,FALSE,FALSE,FALSE,FALSE,2,1,1,1_1,e23462f2-cb86-4a3e-8521-221f4bec247c,NA
3,182704890,182704890,1,snv_mnv,NA,NA,"broad,dkfz,muse,sanger",4,COSN6573195,rs563848533,AluSx1,FALSE,0.44,NA,11,14,NA,NA,NA,5'Flank,FALSE,FALSE,FALSE,FALSE,2,1,1,1_1,e23462f2-cb86-4a3e-8521-221f4bec247c,DCUN1D1
3,189087608,189087608,1,snv_mnv,NA,NA,"broad,dkfz,muse,sanger",4,COSN6573376,NA,NA,FALSE,0.5556,NA,20,16,NA,NA,NA,IGR,FALSE,FALSE,FALSE,FALSE,2,1,1,1_1,e23462f2-cb86-4a3e-8521-221f4bec247c,NA
3,193832886,193832886,1,snv_mnv,NA,NA,"broad,dkfz,muse,sanger",4,COSN6573582,NA,NA,FALSE,0.4688,NA,15,17,NA,NA,NA,IGR,FALSE,FALSE,FALSE,FALSE,2,1,1,1_1,e23462f2-cb86-4a3e-8521-221f4bec247c,NA
3,196216880,196216880,1,snv_mnv,NA,NA,"broad,dkfz,muse,sanger",4,COSN6573648,NA,NA,FALSE,0.5,NA,14,14,NA,NA,NA,Intron,FALSE,FALSE,FALSE,FALSE,2,1,1,1_1,e23462f2-cb86-4a3e-8521-221f4bec247c,NA
3,196374282,196374282,1,snv_mnv,NA,NA,"broad,dkfz,muse,sanger",4,COSN6573658,NA,NA,FALSE,0.4815,NA,13,14,NA,NA,NA,Intron,FALSE,FALSE,FALSE,FALSE,2,1,1,1_1,e23462f2-cb86-4a3e-8521-221f4bec247c,NA
4,5105625,5105625,1,snv_mnv,NA,NA,"broad,dkfz,muse,sanger",4,COSN6580824,NA,L1M5,FALSE,0.3556,NA,16,29,NA,NA,NA,Intron,FALSE,FALSE,FALSE,FALSE,2,1,1,1_1,e23462f2-cb86-4a3e-8521-221f4bec247c,NA
4,7508847,7508847,1,snv_mnv,NA,NA,"broad,dkfz,muse,sanger",4,COSN6581762,NA,NA,FALSE,0.4634,NA,19,22,NA,NA,NA,Intron,FALSE,FALSE,FALSE,FALSE,2,1,1,1_1,e23462f2-cb86-4a3e-8521-221f4bec247c,NA
4,10156934,10156934,1,snv_mnv,NA,NA,"broad,dkfz,muse,sanger",4,COSN6576311,NA,NA,FALSE,0.4643,NA,13,15,NA,NA,NA,IGR,FALSE,FALSE,FALSE,FALSE,2,1,1,1_1,e23462f2-cb86-4a3e-8521-221f4bec247c,NA
4,10485594,10485594,1,snv_mnv,NA,NA,"broad,dkfz,muse,sanger",4,COSN6576432,NA,NA,FALSE,0.1538,NA,6,33,NA,NA,NA,IGR,FALSE,FALSE,FALSE,FALSE,2,1,1,1_1,e23462f2-cb86-4a3e-8521-221f4bec247c,CLNK
4,11575774,11575774,1,snv_mnv,NA,NA,"broad,dkfz,muse,sanger",4,COSN6576798,NA,NA,FALSE,0.5,NA,13,13,NA,NA,NA,IGR,FALSE,FALSE,FALSE,FALSE,2,1,1,1_1,e23462f2-cb86-4a3e-8521-221f4bec247c,NA
4,11890616,11890616,1,snv_mnv,NA,NA,"broad,dkfz,muse,sanger",4,COSN6576937,NA,L1MB8,FALSE,0.46,NA,23,27,NA,NA,NA,IGR,FALSE,FALSE,FALSE,FALSE,2,1,1,1_1,e23462f2-cb86-4a3e-8521-221f4bec247c,NA
4,13178737,13178737,1,snv_mnv,NA,NA,"broad,dkfz,muse,sanger",4,COSN6577384,NA,NA,FALSE,0.3548,NA,11,20,NA,NA,NA,IGR,FALSE,FALSE,FALSE,FALSE,2,1,1,1_1,e23462f2-cb86-4a3e-8521-221f4bec247c,NA
4,15205247,15205247,1,snv_mnv,NA,NA,"broad,dkfz,muse,sanger",4,COSN6578144,NA,NA,FALSE,0.6111,NA,22,14,NA,NA,NA,RNA,FALSE,FALSE,FALSE,FALSE,2,1,1,1_1,e23462f2-cb86-4a3e-8521-221f4bec247c,NA
4,15952912,15952912,1,snv_mnv,NA,NA,"broad,dkfz,muse,sanger",4,COSN6578386,NA,NA,FALSE,0.3871,NA,12,19,NA,NA,NA,IGR,FALSE,FALSE,FALSE,FALSE,2,1,1,1_1,e23462f2-cb86-4a3e-8521-221f4bec247c,NA
4,16517526,16517526,1,snv_mnv,NA,NA,"broad,dkfz,muse,sanger",4,COSN6578600,NA,AluY,FALSE,0.6,NA,21,14,NA,NA,NA,Intron,FALSE,FALSE,FALSE,FALSE,2,1,1,1_1,e23462f2-cb86-4a3e-8521-221f4bec247c,AC097515.1
4,17257321,17257321,1,snv_mnv,NA,NA,"broad,dkfz,muse,sanger",4,COSN6578858,NA,NA,FALSE,0.2821,NA,11,28,NA,NA,NA,IGR,FALSE,FALSE,FALSE,FALSE,2,1,1,1_1,e23462f2-cb86-4a3e-8521-221f4bec247c,NA
4,17408880,17408880,1,snv_mnv,NA,NA,"broad,dkfz,muse,sanger",4,COSN6578929,NA,NA,FALSE,0.5938,NA,19,13,NA,NA,NA,IGR,FALSE,FALSE,FALSE,FALSE,2,1,1,1_1,e23462f2-cb86-4a3e-8521-221f4bec247c,NA
4,17901802,17901802,1,snv_mnv,NA,NA,"broad,dkfz,muse,sanger",4,COSN6579126,NA,NA,FALSE,0.5745,NA,27,20,NA,NA,NA,Intron,FALSE,FALSE,FALSE,FALSE,2,1,1,1_1,e23462f2-cb86-4a3e-8521-221f4bec247c,NA
4,18971466,18971466,1,snv_mnv,NA,NA,"broad,dkfz,muse,sanger",4,COSN6579552,NA,NA,FALSE,0.2439,NA,10,31,NA,NA,NA,IGR,FALSE,FALSE,FALSE,FALSE,2,1,1,1_1,e23462f2-cb86-4a3e-8521-221f4bec247c,NA
4,21597463,21597463,1,snv_mnv,5.9904e-4,rs185882646,"broad,dkfz,muse,sanger",4,COSN6579715,rs185882646,NA,FALSE,0.561,NA,23,18,NA,NA,NA,Intron,FALSE,FALSE,FALSE,FALSE,2,1,1,1_1,e23462f2-cb86-4a3e-8521-221f4bec247c,NA
4,27412333,27412333,1,snv_mnv,NA,NA,"broad,dkfz,muse,sanger",4,COSN6579917,NA,NA,FALSE,0.3721,NA,16,27,NA,NA,NA,IGR,FALSE,FALSE,FALSE,FALSE,2,1,1,1_1,e23462f2-cb86-4a3e-8521-221f4bec247c,NA
4,29997115,29997115,1,snv_mnv,NA,NA,"broad,dkfz,muse,sanger",4,COSN6580074,NA,NA,FALSE,0.6,NA,21,14,NA,NA,NA,IGR,FALSE,FALSE,TRUE,FALSE,2,1,1,1_1,e23462f2-cb86-4a3e-8521-221f4bec247c,NA
4,31193557,31193557,1,snv_mnv,NA,NA,"broad,dkfz,muse,sanger",4,COSN6580139,NA,NA,FALSE,0.6667,NA,22,11,NA,NA,NA,lincRNA,FALSE,FALSE,FALSE,FALSE,2,1,1,1_1,e23462f2-cb86-4a3e-8521-221f4bec247c,NA
4,33438123,33438123,1,snv_mnv,NA,NA,"broad,dkfz,muse,sanger",4,COSN6580252,NA,NA,FALSE,0.2558,NA,11,32,NA,NA,NA,lincRNA,FALSE,FALSE,FALSE,FALSE,2,1,1,1_1,e23462f2-cb86-4a3e-8521-221f4bec247c,NA
4,35846625,35846625,1,snv_mnv,NA,NA,"broad,dkfz,muse,sanger",4,COSN6580381,NA,NA,FALSE,0.5319,NA,25,22,NA,NA,NA,IGR,FALSE,FALSE,FALSE,FALSE,2,1,1,1_1,e23462f2-cb86-4a3e-8521-221f4bec247c,NA
4,39420364,39420364,1,snv_mnv,NA,NA,"broad,dkfz,muse,sanger",4,COSN6580499,NA,AluSz,FALSE,0.4,NA,14,21,NA,NA,NA,Intron,FALSE,FALSE,FALSE,FALSE,2,1,1,1_1,e23462f2-cb86-4a3e-8521-221f4bec247c,NA
4,44190703,44190703,1,snv_mnv,NA,NA,"broad,dkfz,muse,sanger",4,COSN6580648,NA,MLT1D,FALSE,0.3243,NA,12,25,NA,NA,NA,Intron,FALSE,FALSE,FALSE,FALSE,2,1,1,1_1,e23462f2-cb86-4a3e-8521-221f4bec247c,NA
4,46700738,46700738,1,snv_mnv,0.0067891,rs7673010,"broad,dkfz,muse,sanger",4,COSN6580735,rs7673010,LTR12C,FALSE,0.4,NA,10,15,NA,NA,NA,IGR,FALSE,FALSE,FALSE,FALSE,2,1,1,1_1,e23462f2-cb86-4a3e-8521-221f4bec247c,NA
4,46815571,46815571,1,snv_mnv,NA,NA,"broad,dkfz,muse,sanger",4,COSN6580741,NA,L1PA8,FALSE,0.6389,NA,23,13,NA,NA,NA,Intron,FALSE,FALSE,FALSE,FALSE,2,1,1,1_1,e23462f2-cb86-4a3e-8521-221f4bec247c,NA
4,47075966,47075966,1,snv_mnv,NA,NA,"broad,dkfz,muse,sanger",4,COSN6580749,NA,NA,FALSE,0.4872,NA,19,20,NA,NA,NA,Intron,FALSE,FALSE,FALSE,FALSE,2,1,1,1_1,e23462f2-cb86-4a3e-8521-221f4bec247c,NA
4,47605609,47605609,1,snv_mnv,NA,NA,"broad,dkfz,muse,sanger",4,COSM1328506,rs571162211,NA,FALSE,0.5152,NA,17,16,NA,NA,NA,Missense_Mutation,FALSE,FALSE,FALSE,FALSE,2,1,1,1_1,e23462f2-cb86-4a3e-8521-221f4bec247c,NA
4,47902702,47902702,1,snv_mnv,NA,NA,"broad,dkfz,muse,sanger",4,COSN6580778,NA,NA,FALSE,0.4483,NA,13,16,NA,NA,NA,Intron,FALSE,FALSE,FALSE,FALSE,2,1,1,1_1,e23462f2-cb86-4a3e-8521-221f4bec247c,AC107068.2
4,53335889,53335889,1,snv_mnv,NA,NA,"broad,dkfz,muse,sanger",4,COSN6580851,NA,L1MEf,FALSE,0.6154,NA,24,15,NA,NA,NA,IGR,FALSE,FALSE,FALSE,FALSE,2,1,1,1_1,e23462f2-cb86-4a3e-8521-221f4bec247c,NA
4,54661423,54661423,1,snv_mnv,NA,NA,"broad,dkfz,muse,sanger",4,COSN6580889,NA,NA,FALSE,0.641,NA,25,14,NA,NA,NA,Intron,FALSE,FALSE,TRUE,FALSE,2,1,1,1_1,e23462f2-cb86-4a3e-8521-221f4bec247c,NA
4,57994468,57994468,1,snv_mnv,NA,NA,"broad,dkfz,muse,sanger",4,COSN6581014,NA,THE1B-int,FALSE,0.5405,NA,20,17,NA,NA,NA,RNA,FALSE,FALSE,FALSE,FALSE,2,1,1,1_1,e23462f2-cb86-4a3e-8521-221f4bec247c,NA
4,58723857,58723857,1,snv_mnv,NA,NA,"broad,dkfz,muse,sanger",4,COSN6581040,NA,L1M5,FALSE,0.2381,NA,5,16,NA,NA,NA,IGR,FALSE,FALSE,FALSE,FALSE,2,1,1,1_1,e23462f2-cb86-4a3e-8521-221f4bec247c,NA
4,59451384,59451384,1,snv_mnv,NA,NA,"broad,dkfz,muse,sanger",4,COSN6581069,NA,L1PA7,FALSE,0.5714,NA,16,12,NA,NA,NA,IGR,FALSE,FALSE,FALSE,FALSE,2,1,1,1_1,e23462f2-cb86-4a3e-8521-221f4bec247c,NA
4,61054127,61054127,1,snv_mnv,NA,NA,"broad,dkfz,muse,sanger",4,COSN6581141,NA,L1M1,FALSE,0.5556,NA,20,16,NA,NA,NA,IGR,FALSE,FALSE,FALSE,FALSE,2,1,1,1_1,e23462f2-cb86-4a3e-8521-221f4bec247c,NA
4,63497867,63497867,1,snv_mnv,NA,NA,"broad,dkfz,muse,sanger",4,COSN6581252,NA,LTR22B,FALSE,0.3571,NA,10,18,NA,NA,NA,IGR,FALSE,FALSE,FALSE,FALSE,2,1,1,1_1,e23462f2-cb86-4a3e-8521-221f4bec247c,NA
4,66875125,66875125,1,snv_mnv,NA,NA,"broad,dkfz,muse,sanger",4,COSN6581416,NA,L1PA8A,FALSE,0.1905,NA,4,17,NA,NA,NA,lincRNA,FALSE,FALSE,FALSE,FALSE,2,1,1,1_1,e23462f2-cb86-4a3e-8521-221f4bec247c,NA
4,66875134,66875134,1,snv_mnv,NA,NA,"broad,dkfz,muse,sanger",4,COSN6581417,NA,L1PA8A,FALSE,0.2273,NA,5,17,NA,NA,NA,lincRNA,FALSE,FALSE,FALSE,FALSE,2,1,1,1_1,e23462f2-cb86-4a3e-8521-221f4bec247c,NA
4,67374977,67374977,1,snv_mnv,NA,NA,"broad,dkfz,muse,sanger",4,COSN6581440,NA,NA,FALSE,0.3514,NA,13,24,NA,NA,NA,IGR,FALSE,FALSE,FALSE,FALSE,2,1,1,1_1,e23462f2-cb86-4a3e-8521-221f4bec247c,NA
4,68928685,68928685,1,snv_mnv,NA,NA,"broad,dkfz,muse,sanger",4,COSM3765144,NA,NA,FALSE,0.1613,NA,5,26,NA,NA,NA,Intron,FALSE,FALSE,FALSE,FALSE,2,1,1,1_1,e23462f2-cb86-4a3e-8521-221f4bec247c,UBA6-AS1
4,69729356,69729356,1,snv_mnv,NA,NA,"broad,dkfz,muse,sanger",4,COSN6581539,NA,L1ME3A,FALSE,0.6136,NA,27,17,NA,NA,NA,IGR,FALSE,FALSE,TRUE,FALSE,2,1,1,1_1,e23462f2-cb86-4a3e-8521-221f4bec247c,AC021146.4
4,70376866,70376866,1,snv_mnv,1.9968e-4,rs561587667,"broad,dkfz,muse,sanger",4,COSN6581555,rs561587667,AluSx,FALSE,0.5,NA,14,14,NA,NA,NA,Intron,FALSE,FALSE,FALSE,FALSE,2,1,1,1_1,e23462f2-cb86-4a3e-8521-221f4bec247c,NA
4,70661996,70661996,1,snv_mnv,NA,NA,"broad,dkfz,muse,sanger",4,COSN6581575,NA,AluY,FALSE,0.3913,NA,9,14,NA,NA,NA,IGR,FALSE,FALSE,FALSE,FALSE,2,1,1,1_1,e23462f2-cb86-4a3e-8521-221f4bec247c,NA
4,71305453,71305453,1,snv_mnv,NA,NA,"broad,dkfz,muse,sanger",4,COSN6581606,NA,NA,FALSE,0.4651,NA,20,23,NA,NA,NA,Intron,FALSE,FALSE,FALSE,FALSE,2,1,1,1_1,e23462f2-cb86-4a3e-8521-221f4bec247c,NA
4,72003598,72003598,1,snv_mnv,NA,NA,"broad,dkfz,muse,sanger",4,COSN6581638,NA,NA,FALSE,0.625,NA,20,12,NA,NA,NA,IGR,FALSE,FALSE,FALSE,FALSE,2,1,1,1_1,e23462f2-cb86-4a3e-8521-221f4bec247c,NA
4,75984657,75984657,1,snv_mnv,NA,NA,"broad,dkfz,muse,sanger",4,COSN6581786,NA,NA,FALSE,0.5357,NA,15,13,NA,NA,NA,IGR,FALSE,FALSE,FALSE,FALSE,2,1,1,1_1,e23462f2-cb86-4a3e-8521-221f4bec247c,NA
4,81922347,81922347,1,snv_mnv,NA,NA,"broad,dkfz,muse,sanger",4,COSN6581978,NA,NA,FALSE,0.4118,NA,21,30,NA,NA,NA,IGR,FALSE,FALSE,FALSE,FALSE,2,1,1,1_1,e23462f2-cb86-4a3e-8521-221f4bec247c,NA
4,83061059,83061059,1,snv_mnv,NA,NA,"broad,dkfz,muse,sanger",4,COSN6582004,NA,NA,FALSE,0.3636,NA,16,28,NA,NA,NA,IGR,FALSE,FALSE,FALSE,FALSE,2,1,1,1_1,e23462f2-cb86-4a3e-8521-221f4bec247c,NA
4,87438167,87438167,1,snv_mnv,NA,NA,"broad,dkfz,muse,sanger",4,COSN6582136,NA,L1PB1,FALSE,0.6667,NA,22,11,NA,NA,NA,Intron,FALSE,FALSE,FALSE,FALSE,2,1,1,1_1,e23462f2-cb86-4a3e-8521-221f4bec247c,NA
4,92082122,92082122,1,snv_mnv,NA,NA,"broad,dkfz,muse,sanger",4,COSN6582253,NA,L1PA6,FALSE,0.3429,NA,12,23,NA,NA,NA,Intron,FALSE,FALSE,FALSE,FALSE,2,1,1,1_1,e23462f2-cb86-4a3e-8521-221f4bec247c,NA
4,101514896,101514896,1,snv_mnv,NA,NA,"broad,dkfz,muse,sanger",4,COSN6576307,NA,MLT1L,FALSE,0.5526,NA,21,17,NA,NA,NA,IGR,FALSE,FALSE,FALSE,FALSE,2,1,1,1_1,e23462f2-cb86-4a3e-8521-221f4bec247c,NA
4,104991750,104991750,1,snv_mnv,NA,NA,"broad,dkfz,muse,sanger",4,COSN6576437,NA,L1PA7,FALSE,0.5135,NA,19,18,NA,NA,NA,IGR,FALSE,FALSE,FALSE,FALSE,2,1,1,1_1,e23462f2-cb86-4a3e-8521-221f4bec247c,NA
4,106030460,106030460,1,snv_mnv,NA,NA,"broad,dkfz,muse,sanger",4,COSN6576487,NA,NA,FALSE,0.3529,NA,12,22,NA,NA,NA,lincRNA,FALSE,FALSE,FALSE,FALSE,2,1,1,1_1,e23462f2-cb86-4a3e-8521-221f4bec247c,RF00322
4,106894875,106894875,1,snv_mnv,NA,NA,"broad,dkfz,muse,sanger",4,COSN6576507,NA,NA,FALSE,0.3462,NA,9,17,NA,NA,NA,IGR,FALSE,FALSE,FALSE,FALSE,2,1,1,1_1,e23462f2-cb86-4a3e-8521-221f4bec247c,NPNT
4,110734225,110734225,1,snv_mnv,NA,NA,"broad,dkfz,muse,sanger",4,COSN6576629,NA,MSTB,FALSE,0.2903,NA,9,22,NA,NA,NA,5'Flank,FALSE,FALSE,FALSE,FALSE,2,1,1,1_1,e23462f2-cb86-4a3e-8521-221f4bec247c,"GAR1,AC126283.1"
4,112638816,112638816,1,snv_mnv,NA,NA,"broad,dkfz,muse,sanger",4,COSN6576701,NA,NA,FALSE,0.5946,NA,22,15,NA,NA,NA,IGR,FALSE,FALSE,FALSE,FALSE,2,1,1,1_1,e23462f2-cb86-4a3e-8521-221f4bec247c,NA
4,117179269,117179269,1,snv_mnv,NA,NA,"broad,dkfz,muse,sanger",4,COSN6576862,NA,NA,FALSE,0.3191,NA,15,32,NA,NA,NA,lincRNA,FALSE,FALSE,TRUE,FALSE,2,1,1,1_1,e23462f2-cb86-4a3e-8521-221f4bec247c,NA
4,121688435,121688435,1,snv_mnv,NA,NA,"broad,dkfz,muse,sanger",4,COSN6577025,NA,NA,FALSE,0.4,NA,16,24,NA,NA,NA,Intron,FALSE,FALSE,TRUE,FALSE,2,1,1,1_1,e23462f2-cb86-4a3e-8521-221f4bec247c,PRDM5
4,121689256,121689256,1,snv_mnv,NA,NA,"broad,dkfz,muse,sanger",4,COSN6577026,NA,NA,FALSE,0.1333,NA,4,26,NA,NA,NA,Intron,FALSE,FALSE,FALSE,FALSE,2,1,1,1_1,e23462f2-cb86-4a3e-8521-221f4bec247c,NA
4,123800185,123800185,1,snv_mnv,NA,NA,"broad,dkfz,muse,sanger",4,COSN6577099,NA,L2b,FALSE,0.5,NA,26,26,NA,NA,NA,Intron,FALSE,FALSE,FALSE,FALSE,2,1,1,1_1,e23462f2-cb86-4a3e-8521-221f4bec247c,AC021205.3
4,130475758,130475758,1,snv_mnv,NA,NA,"broad,dkfz,muse,sanger",4,COSN6577329,NA,NA,FALSE,0.5476,NA,23,19,NA,NA,NA,IGR,FALSE,FALSE,FALSE,FALSE,2,1,1,1_1,e23462f2-cb86-4a3e-8521-221f4bec247c,NA
4,132236240,132236240,1,snv_mnv,NA,NA,"broad,dkfz,muse,sanger",4,COSN6577409,NA,AluY,FALSE,0.3462,NA,9,17,NA,NA,NA,IGR,FALSE,FALSE,FALSE,FALSE,2,1,1,1_1,e23462f2-cb86-4a3e-8521-221f4bec247c,NA
4,133232014,133232014,1,snv_mnv,NA,NA,"broad,dkfz,muse,sanger",4,COSN6577455,NA,NA,FALSE,0.3429,NA,12,23,NA,NA,NA,IGR,FALSE,FALSE,FALSE,FALSE,2,1,1,1_1,e23462f2-cb86-4a3e-8521-221f4bec247c,NA
4,134632342,134632342,1,snv_mnv,NA,NA,"broad,dkfz,muse,sanger",4,COSN6577527,NA,L1MB1,FALSE,0.7222,NA,26,10,NA,NA,NA,IGR,FALSE,FALSE,FALSE,FALSE,2,1,1,1_1,e23462f2-cb86-4a3e-8521-221f4bec247c,NA
4,135059940,135059940,1,snv_mnv,NA,NA,"broad,dkfz,muse,sanger",4,COSN6577548,NA,NA,FALSE,0.4889,NA,22,23,NA,NA,NA,IGR,FALSE,FALSE,FALSE,FALSE,2,1,1,1_1,e23462f2-cb86-4a3e-8521-221f4bec247c,NA
4,136212891,136212891,1,snv_mnv,NA,NA,"broad,dkfz,muse,sanger",4,COSN6577604,NA,L1M3f,FALSE,0.413,NA,19,27,NA,NA,NA,IGR,FALSE,FALSE,TRUE,FALSE,2,1,1,1_1,e23462f2-cb86-4a3e-8521-221f4bec247c,NA
4,137491012,137491012,1,snv_mnv,NA,NA,"broad,dkfz,muse,sanger",4,COSN6577670,NA,AT_rich,FALSE,0.5714,NA,20,15,NA,NA,NA,IGR,FALSE,FALSE,FALSE,FALSE,2,1,1,1_1,e23462f2-cb86-4a3e-8521-221f4bec247c,NA
4,138401805,138401805,1,snv_mnv,NA,NA,"broad,dkfz,muse,sanger",4,COSN6577719,rs770563547,HERVE_a-int,FALSE,0.5806,NA,18,13,NA,NA,NA,IGR,FALSE,FALSE,FALSE,FALSE,2,1,1,1_1,e23462f2-cb86-4a3e-8521-221f4bec247c,NA
4,140697052,140697052,1,snv_mnv,NA,NA,"broad,dkfz,muse,sanger",4,COSN6577814,NA,NA,FALSE,0.5217,NA,12,11,NA,NA,NA,Intron,FALSE,FALSE,FALSE,FALSE,2,1,1,1_1,e23462f2-cb86-4a3e-8521-221f4bec247c,NA
4,143452978,143452978,1,snv_mnv,NA,NA,"broad,dkfz,muse,sanger",4,COSN6577908,NA,NA,FALSE,0.2727,NA,12,32,NA,NA,NA,Intron,FALSE,FALSE,TRUE,FALSE,2,1,1,1_1,e23462f2-cb86-4a3e-8521-221f4bec247c,NA
4,144782929,144782929,1,snv_mnv,NA,NA,"broad,dkfz,muse,sanger",4,COSN6577943,NA,NA,FALSE,0.15,NA,6,34,NA,NA,NA,RNA,FALSE,FALSE,FALSE,FALSE,2,1,1,1_1,e23462f2-cb86-4a3e-8521-221f4bec247c,NA
4,150676413,150676413,1,snv_mnv,NA,NA,"broad,dkfz,muse,sanger",4,COSN6578111,NA,L2a,FALSE,0.2059,NA,7,27,NA,NA,NA,lincRNA,FALSE,FALSE,FALSE,FALSE,2,1,1,1_1,e23462f2-cb86-4a3e-8521-221f4bec247c,NA
4,155693084,155693084,1,snv_mnv,NA,NA,"broad,dkfz,muse,sanger",4,COSN6578257,NA,L1PA5,FALSE,0.3182,NA,7,15,NA,NA,NA,RNA,FALSE,FALSE,FALSE,FALSE,2,1,1,1_1,e23462f2-cb86-4a3e-8521-221f4bec247c,AC009567.2
4,156969266,156969266,1,snv_mnv,NA,NA,"broad,dkfz,muse,sanger",4,COSN6578312,NA,NA,FALSE,0.4516,NA,14,17,NA,NA,NA,IGR,FALSE,FALSE,FALSE,FALSE,2,1,1,1_1,e23462f2-cb86-4a3e-8521-221f4bec247c,NA
4,159549357,159549357,1,snv_mnv,NA,NA,"broad,dkfz,muse,sanger",4,COSN6578388,NA,NA,FALSE,0.3077,NA,8,18,NA,NA,NA,Intron,FALSE,FALSE,FALSE,FALSE,2,1,1,1_1,e23462f2-cb86-4a3e-8521-221f4bec247c,NA
4,160618051,160618051,1,snv_mnv,NA,NA,"broad,dkfz,muse,sanger",4,COSN6578424,NA,L1PBa,FALSE,0.3333,NA,12,24,NA,NA,NA,lincRNA,FALSE,FALSE,FALSE,FALSE,2,1,1,1_1,e23462f2-cb86-4a3e-8521-221f4bec247c,NA
4,161029463,161029463,1,snv_mnv,NA,NA,"broad,dkfz,muse,sanger",4,COSN6578437,NA,MSTA,FALSE,0.4839,NA,15,16,NA,NA,NA,IGR,FALSE,FALSE,FALSE,FALSE,2,1,1,1_1,e23462f2-cb86-4a3e-8521-221f4bec247c,NA
4,161565740,161565740,1,snv_mnv,NA,NA,"broad,dkfz,muse,sanger",4,COSN6578455,NA,NA,FALSE,0.5435,NA,25,21,NA,NA,NA,IGR,FALSE,FALSE,FALSE,FALSE,2,1,1,1_1,e23462f2-cb86-4a3e-8521-221f4bec247c,NA
4,162173021,162173021,1,snv_mnv,NA,NA,"broad,dkfz,muse,sanger",4,COSN6578479,NA,LTR9B,FALSE,0.7805,NA,32,9,NA,NA,NA,IGR,FALSE,FALSE,FALSE,FALSE,2,1,1,1_1,e23462f2-cb86-4a3e-8521-221f4bec247c,NA
4,174561233,174561233,1,snv_mnv,NA,NA,"broad,dkfz,muse,sanger",4,COSN6578948,rs372750827,NA,FALSE,0.3469,NA,17,32,NA,NA,NA,IGR,FALSE,FALSE,TRUE,FALSE,2,1,1,1_1,e23462f2-cb86-4a3e-8521-221f4bec247c,NA
4,182490363,182490363,1,snv_mnv,NA,NA,"broad,dkfz,muse,sanger",4,COSN6579300,NA,NA,FALSE,0.1875,NA,6,26,NA,NA,NA,IGR,FALSE,FALSE,FALSE,FALSE,2,1,1,1_1,e23462f2-cb86-4a3e-8521-221f4bec247c,NA
4,185170050,185170050,1,snv_mnv,NA,NA,"broad,dkfz,muse,sanger",4,COSN6579382,NA,L1MEg,FALSE,0.3571,NA,15,27,NA,NA,NA,IGR,FALSE,FALSE,FALSE,FALSE,2,1,1,1_1,e23462f2-cb86-4a3e-8521-221f4bec247c,NA
4,188044803,188044803,1,snv_mnv,NA,NA,"broad,dkfz,muse,sanger",4,COSN6579482,NA,NA,FALSE,0.6857,NA,24,11,NA,NA,NA,IGR,FALSE,FALSE,FALSE,FALSE,2,1,1,1_1,e23462f2-cb86-4a3e-8521-221f4bec247c,NA
4,189281384,189281384,1,snv_mnv,NA,NA,"broad,dkfz,muse,sanger",4,COSN6579534,NA,NA,FALSE,0.425,NA,17,23,NA,NA,NA,IGR,FALSE,FALSE,FALSE,FALSE,2,1,1,1_1,e23462f2-cb86-4a3e-8521-221f4bec247c,NA
5,4597559,4597559,1,snv_mnv,NA,NA,"broad,dkfz,muse,sanger",4,COSN6586165,NA,L1PB1,FALSE,0.5366,NA,22,19,NA,NA,NA,lincRNA,FALSE,FALSE,TRUE,FALSE,3,2,1,2_1,e23462f2-cb86-4a3e-8521-221f4bec247c,NA
5,12650757,12650757,1,snv_mnv,NA,NA,"broad,dkfz,muse,sanger",4,COSN6583466,NA,NA,FALSE,0.12,NA,6,44,NA,NA,NA,lincRNA,FALSE,FALSE,FALSE,FALSE,3,2,1,2_1,e23462f2-cb86-4a3e-8521-221f4bec247c,NA
5,16003064,16003064,1,snv_mnv,NA,NA,"broad,dkfz,muse,sanger",4,COSN6584418,rs746643311,NA,FALSE,0.4839,NA,15,16,NA,NA,NA,IGR,FALSE,FALSE,FALSE,FALSE,3,2,1,2_1,e23462f2-cb86-4a3e-8521-221f4bec247c,NA
5,18399123,18399123,1,snv_mnv,NA,NA,"broad,dkfz,muse,sanger",4,COSN6585088,NA,LTR12C,FALSE,0.5714,NA,20,15,NA,NA,NA,IGR,FALSE,FALSE,FALSE,FALSE,3,2,1,2_1,e23462f2-cb86-4a3e-8521-221f4bec247c,NA
5,18945156,18945156,1,snv_mnv,NA,NA,"broad,dkfz,muse,sanger",4,COSN6585106,NA,NA,FALSE,0.5161,NA,16,15,NA,NA,NA,IGR,FALSE,FALSE,FALSE,FALSE,3,2,1,2_1,e23462f2-cb86-4a3e-8521-221f4bec247c,NA
5,21412372,21412372,1,snv_mnv,NA,NA,"broad,dkfz,muse,sanger",4,COSN6585187,NA,NA,FALSE,0.4722,NA,17,19,NA,NA,NA,IGR,FALSE,FALSE,FALSE,FALSE,3,2,1,2_1,e23462f2-cb86-4a3e-8521-221f4bec247c,NA
5,22934031,22934031,1,snv_mnv,NA,NA,"broad,dkfz,muse,sanger",4,COSN6585238,NA,HERV9-int,FALSE,0.4242,NA,14,19,NA,NA,NA,IGR,FALSE,FALSE,FALSE,FALSE,3,2,1,2_1,e23462f2-cb86-4a3e-8521-221f4bec247c,NA
5,23628073,23628073,1,snv_mnv,NA,NA,"broad,dkfz,muse,sanger",4,COSN6585269,NA,NA,FALSE,0.4722,NA,17,19,NA,NA,NA,IGR,FALSE,FALSE,FALSE,FALSE,3,2,1,2_1,e23462f2-cb86-4a3e-8521-221f4bec247c,NA
5,23844814,23844814,1,snv_mnv,NA,NA,"broad,dkfz,muse,sanger",4,COSN6585274,NA,NA,FALSE,0.5,NA,28,28,NA,NA,NA,IGR,FALSE,FALSE,FALSE,FALSE,3,2,1,2_1,e23462f2-cb86-4a3e-8521-221f4bec247c,NA
5,24613515,24613515,1,snv_mnv,7.9872e-4,rs183311967,"broad,dkfz,muse,sanger",4,COSN6585306,rs183311967,NA,FALSE,0.1489,NA,7,40,NA,NA,NA,Intron,FALSE,FALSE,FALSE,FALSE,3,2,1,2_1,e23462f2-cb86-4a3e-8521-221f4bec247c,AC091885.2
5,25413791,25413791,1,snv_mnv,NA,NA,"broad,dkfz,muse,sanger",4,COSN6585341,rs532797118,AluSx,FALSE,0.4884,NA,21,22,NA,NA,NA,lincRNA,FALSE,FALSE,FALSE,FALSE,3,2,1,2_1,e23462f2-cb86-4a3e-8521-221f4bec247c,AC022140.1
5,26828311,26828311,1,snv_mnv,NA,NA,"broad,dkfz,muse,sanger",4,COSN6585409,NA,NA,FALSE,0.2041,NA,10,39,NA,NA,NA,IGR,FALSE,FALSE,FALSE,FALSE,3,2,1,2_1,e23462f2-cb86-4a3e-8521-221f4bec247c,NA
5,27295382,27295382,1,snv_mnv,NA,NA,"broad,dkfz,muse,sanger",4,COSN6585435,NA,NA,FALSE,0.614,NA,35,22,NA,NA,NA,IGR,FALSE,FALSE,TRUE,FALSE,3,2,1,2_1,e23462f2-cb86-4a3e-8521-221f4bec247c,NA
5,28479058,28479058,1,snv_mnv,NA,NA,"broad,dkfz,muse,sanger",4,COSN6585496,NA,NA,FALSE,0.5238,NA,22,20,NA,NA,NA,IGR,FALSE,FALSE,FALSE,FALSE,3,2,1,2_1,e23462f2-cb86-4a3e-8521-221f4bec247c,NA
5,33839861,33839861,1,snv_mnv,NA,NA,"broad,dkfz,muse,sanger",4,COSN6585707,NA,NA,FALSE,0.5641,NA,22,17,NA,NA,NA,Intron,FALSE,FALSE,FALSE,FALSE,3,2,1,2_1,e23462f2-cb86-4a3e-8521-221f4bec247c,NA
5,35012570,35012570,1,snv_mnv,NA,NA,"broad,dkfz,muse,sanger",4,COSN6585738,NA,NA,FALSE,0.2609,NA,12,34,NA,NA,NA,Intron,FALSE,FALSE,FALSE,FALSE,3,2,1,2_1,e23462f2-cb86-4a3e-8521-221f4bec247c,NA
5,35070121,35070121,1,snv_mnv,NA,NA,"broad,dkfz,muse,sanger",4,COSN6585740,NA,NA,FALSE,0.4694,NA,23,26,NA,NA,NA,Intron,FALSE,FALSE,FALSE,FALSE,3,2,1,2_1,e23462f2-cb86-4a3e-8521-221f4bec247c,NA
5,36575888,36575888,1,snv_mnv,NA,NA,"broad,dkfz,muse,sanger",4,COSN6585789,NA,Charlie10,FALSE,0.5682,NA,25,19,NA,NA,NA,IGR,FALSE,FALSE,FALSE,FALSE,3,2,1,2_1,e23462f2-cb86-4a3e-8521-221f4bec247c,NA
5,37698444,37698444,1,snv_mnv,NA,NA,"broad,dkfz,muse,sanger",4,COSN6585826,NA,NA,FALSE,0.4103,NA,16,23,NA,NA,NA,Intron,FALSE,FALSE,FALSE,FALSE,3,2,1,2_1,e23462f2-cb86-4a3e-8521-221f4bec247c,"RNU6-484P,WDR70"
5,40418564,40418564,1,snv_mnv,NA,NA,"broad,dkfz,muse,sanger",4,COSN6585933,NA,L1PA6,FALSE,0.3421,NA,13,25,NA,NA,NA,IGR,FALSE,FALSE,FALSE,FALSE,3,2,1,2_1,e23462f2-cb86-4a3e-8521-221f4bec247c,NA
5,50124796,50124796,1,snv_mnv,NA,NA,"broad,dkfz,muse,sanger",4,COSN6586216,NA,NA,FALSE,0.5472,NA,29,24,NA,NA,NA,Intron,FALSE,FALSE,FALSE,FALSE,3,2,1,2_1,e23462f2-cb86-4a3e-8521-221f4bec247c,NA
5,53366217,53366217,1,snv_mnv,NA,NA,"broad,dkfz,muse,sanger",4,COSN6586417,NA,AluY,FALSE,0.4286,NA,12,16,NA,NA,NA,Intron,FALSE,FALSE,FALSE,FALSE,3,2,1,2_1,e23462f2-cb86-4a3e-8521-221f4bec247c,NA
5,53707545,53707545,1,snv_mnv,NA,NA,"broad,dkfz,muse,sanger",4,COSN6586427,NA,NA,FALSE,0.4,NA,14,21,NA,NA,NA,lincRNA,FALSE,FALSE,FALSE,FALSE,3,2,1,2_1,e23462f2-cb86-4a3e-8521-221f4bec247c,NA
5,54007277,54007277,1,snv_mnv,NA,NA,"broad,dkfz,muse,sanger",4,COSN6586438,NA,MLT1E2,FALSE,0.3889,NA,21,33,NA,NA,NA,IGR,FALSE,FALSE,FALSE,FALSE,3,2,1,2_1,e23462f2-cb86-4a3e-8521-221f4bec247c,NA
5,55681317,55681317,1,snv_mnv,NA,NA,"broad,dkfz,muse,sanger",4,COSN6586486,NA,NA,FALSE,0.4792,NA,23,25,NA,NA,NA,IGR,FALSE,FALSE,FALSE,FALSE,3,2,1,2_1,e23462f2-cb86-4a3e-8521-221f4bec247c,HMGN1P17
5,56925087,56925087,1,snv_mnv,NA,NA,"broad,dkfz,muse,sanger",4,COSN6586520,NA,NA,FALSE,0.4615,NA,24,28,NA,NA,NA,IGR,FALSE,FALSE,TRUE,FALSE,3,2,1,2_1,e23462f2-cb86-4a3e-8521-221f4bec247c,NA
5,59158911,59158911,1,snv_mnv,NA,NA,"broad,dkfz,muse,sanger",4,COSN6586579,NA,NA,FALSE,0.4717,NA,25,28,NA,NA,NA,Intron,FALSE,FALSE,FALSE,FALSE,3,2,1,2_1,e23462f2-cb86-4a3e-8521-221f4bec247c,NA
5,62065353,62065353,1,snv_mnv,NA,NA,"broad,dkfz,muse,sanger",4,COSN6586657,NA,NA,FALSE,0.1707,NA,7,34,NA,NA,NA,IGR,FALSE,FALSE,FALSE,FALSE,3,2,1,2_1,e23462f2-cb86-4a3e-8521-221f4bec247c,NA
5,62937240,62937240,1,snv_mnv,NA,NA,"broad,dkfz,muse,sanger",4,COSN6586696,NA,L1PB4,FALSE,0.587,NA,27,19,NA,NA,NA,IGR,FALSE,FALSE,FALSE,FALSE,3,2,1,2_1,e23462f2-cb86-4a3e-8521-221f4bec247c,NA
5,67622523,67622523,1,snv_mnv,NA,NA,"broad,dkfz,muse,sanger",4,COSN6586827,NA,NA,FALSE,0.381,NA,16,26,NA,NA,NA,IGR,FALSE,FALSE,FALSE,FALSE,3,2,1,2_1,e23462f2-cb86-4a3e-8521-221f4bec247c,NA
5,72535709,72535709,1,snv_mnv,NA,NA,"broad,dkfz,muse,sanger",4,COSN6586914,NA,AluJb,FALSE,0.6053,NA,23,15,NA,NA,NA,lincRNA,FALSE,FALSE,FALSE,FALSE,3,2,1,2_1,e23462f2-cb86-4a3e-8521-221f4bec247c,NA
5,78223833,78223833,1,snv_mnv,NA,NA,"broad,dkfz,muse,sanger",4,COSN6587052,NA,NA,FALSE,0.44,NA,22,28,NA,NA,NA,Intron,FALSE,FALSE,FALSE,FALSE,3,2,1,2_1,e23462f2-cb86-4a3e-8521-221f4bec247c,NA
5,81657725,81657725,1,snv_mnv,NA,NA,"broad,dkfz,muse,sanger",4,COSN6587145,NA,NA,FALSE,0.6216,NA,23,14,NA,NA,NA,Intron,FALSE,FALSE,FALSE,FALSE,3,2,1,2_1,e23462f2-cb86-4a3e-8521-221f4bec247c,NA
5,82724164,82724164,1,snv_mnv,NA,NA,"broad,dkfz,muse,sanger",4,COSN6587187,NA,MER121,FALSE,0.322,NA,19,40,NA,NA,NA,IGR,FALSE,FALSE,FALSE,FALSE,3,2,1,2_1,e23462f2-cb86-4a3e-8521-221f4bec247c,FTH1P9
5,84992112,84992112,1,snv_mnv,NA,NA,"broad,dkfz,muse,sanger",4,COSN6587278,NA,THE1D,FALSE,0.5094,NA,27,26,NA,NA,NA,IGR,FALSE,FALSE,FALSE,FALSE,3,2,1,2_1,e23462f2-cb86-4a3e-8521-221f4bec247c,NA
5,87024368,87024368,1,snv_mnv,NA,NA,"broad,dkfz,muse,sanger",4,COSN6587350,NA,AluSc,FALSE,0.6,NA,24,16,NA,NA,NA,lincRNA,FALSE,FALSE,FALSE,FALSE,3,2,1,2_1,e23462f2-cb86-4a3e-8521-221f4bec247c,NA
5,92858877,92858877,1,snv_mnv,3.9936e-4,rs568722961,"broad,dkfz,muse,sanger",4,COSN6587533,rs568722961,L1PA8,FALSE,0.6,NA,21,14,NA,NA,NA,RNA,FALSE,FALSE,FALSE,FALSE,3,2,1,2_1,e23462f2-cb86-4a3e-8521-221f4bec247c,NA
5,93108272,93108272,1,snv_mnv,NA,NA,"broad,dkfz,muse,sanger",4,COSN6587540,NA,MLT1F2,FALSE,0.5,NA,22,22,NA,NA,NA,Intron,FALSE,FALSE,FALSE,FALSE,3,2,1,2_1,e23462f2-cb86-4a3e-8521-221f4bec247c,FAM172A
5,97754645,97754645,1,snv_mnv,NA,NA,"broad,dkfz,muse,sanger",4,COSN6587686,NA,NA,FALSE,0.5636,NA,31,24,NA,NA,NA,IGR,FALSE,FALSE,FALSE,FALSE,3,2,1,2_1,e23462f2-cb86-4a3e-8521-221f4bec247c,NA
5,99224384,99224384,1,snv_mnv,NA,NA,"broad,dkfz,muse",3,COSN6587745,NA,MSTA,FALSE,0.4286,NA,18,24,NA,NA,NA,IGR,FALSE,FALSE,FALSE,FALSE,3,2,1,2_1,e23462f2-cb86-4a3e-8521-221f4bec247c,NA
5,100346531,100346531,1,snv_mnv,NA,NA,"broad,dkfz,muse,sanger",4,COSN6582535,NA,NA,FALSE,0.5593,NA,33,26,NA,NA,NA,IGR,FALSE,FALSE,FALSE,FALSE,3,2,1,2_1,e23462f2-cb86-4a3e-8521-221f4bec247c,NA
5,101745206,101745206,1,snv_mnv,NA,NA,"broad,dkfz,muse,sanger",4,COSN6582622,NA,NA,FALSE,0.5116,NA,22,21,NA,NA,NA,Intron,FALSE,FALSE,FALSE,FALSE,3,2,1,2_1,e23462f2-cb86-4a3e-8521-221f4bec247c,NA
5,104143190,104143190,1,snv_mnv,NA,NA,"broad,dkfz,muse,sanger",4,COSN6582703,NA,MIR,FALSE,0.5862,NA,34,24,NA,NA,NA,lincRNA,FALSE,FALSE,FALSE,FALSE,3,2,1,2_1,e23462f2-cb86-4a3e-8521-221f4bec247c,NA
5,105076447,105076447,1,snv_mnv,NA,NA,"broad,dkfz,muse,sanger",4,COSN6582742,NA,NA,FALSE,0.5,NA,22,22,NA,NA,NA,IGR,FALSE,FALSE,FALSE,FALSE,3,2,1,2_1,e23462f2-cb86-4a3e-8521-221f4bec247c,NA
5,107272618,107272618,1,snv_mnv,NA,NA,"broad,dkfz,muse,sanger",4,COSN6582835,NA,NA,FALSE,0.3947,NA,15,23,NA,NA,NA,Intron,FALSE,FALSE,FALSE,FALSE,3,2,1,2_1,e23462f2-cb86-4a3e-8521-221f4bec247c,NA
5,116013775,116013775,1,snv_mnv,NA,NA,"broad,dkfz,muse,sanger",4,COSN6583078,NA,NA,FALSE,0.5312,NA,17,15,NA,NA,NA,IGR,FALSE,FALSE,FALSE,FALSE,3,2,1,2_1,e23462f2-cb86-4a3e-8521-221f4bec247c,NA
5,117108908,117108908,1,snv_mnv,NA,NA,"broad,dkfz,muse,sanger",4,COSN6583120,NA,L1PB1,FALSE,0.4524,NA,19,23,NA,NA,NA,IGR,FALSE,FALSE,FALSE,FALSE,3,2,1,2_1,e23462f2-cb86-4a3e-8521-221f4bec247c,NA
5,120351861,120351861,1,snv_mnv,NA,NA,"broad,dkfz,muse,sanger",4,COSN6583266,NA,NA,FALSE,0.4792,NA,23,25,NA,NA,NA,IGR,FALSE,FALSE,FALSE,FALSE,3,2,1,2_1,e23462f2-cb86-4a3e-8521-221f4bec247c,NA
5,122954410,122954410,1,snv_mnv,NA,NA,"broad,dkfz,muse,sanger",4,COSN6583370,NA,Cheshire,FALSE,0.1944,NA,7,29,NA,NA,NA,IGR,FALSE,FALSE,FALSE,FALSE,3,2,1,2_1,e23462f2-cb86-4a3e-8521-221f4bec247c,CSNK1G3
5,130025765,130025765,1,snv_mnv,NA,NA,"broad,dkfz,muse,sanger",4,COSN6583593,rs764575209,HAL1,FALSE,0.4655,NA,27,31,NA,NA,NA,IGR,FALSE,FALSE,FALSE,FALSE,3,2,1,2_1,e23462f2-cb86-4a3e-8521-221f4bec247c,NA
5,132533973,132533973,1,snv_mnv,1.9968e-4,rs369956233,"broad,dkfz,muse,sanger",4,COSN6583668,rs369956233,NA,FALSE,0.4,NA,16,24,NA,NA,NA,3'UTR,FALSE,FALSE,FALSE,FALSE,3,2,1,2_1,e23462f2-cb86-4a3e-8521-221f4bec247c,FSTL4
5,140757224,140757224,1,snv_mnv,NA,NA,"broad,dkfz,muse,sanger",4,COSN6583872,NA,NA,FALSE,0.4167,NA,20,28,NA,NA,NA,Intron,FALSE,FALSE,FALSE,FALSE,3,2,1,2_1,e23462f2-cb86-4a3e-8521-221f4bec247c,PCDHGB3
5,141597569,141597569,1,snv_mnv,1.9968e-4,rs548588657,"broad,dkfz,muse",3,COSN6583898,rs548588657,NA,FALSE,0.3636,NA,16,28,NA,NA,NA,IGR,FALSE,FALSE,FALSE,FALSE,3,2,1,2_1,e23462f2-cb86-4a3e-8521-221f4bec247c,NA
5,141808996,141808996,1,snv_mnv,NA,NA,"broad,dkfz,muse,sanger",4,COSN6583903,NA,NA,FALSE,0.3889,NA,14,22,NA,NA,NA,RNA,FALSE,FALSE,FALSE,FALSE,3,2,1,2_1,e23462f2-cb86-4a3e-8521-221f4bec247c,NA
5,141960784,141960784,1,snv_mnv,NA,NA,"broad,dkfz,muse,sanger",4,COSN6583911,rs764748597,MER3,FALSE,0.3846,NA,20,32,NA,NA,NA,RNA,FALSE,FALSE,FALSE,FALSE,3,2,1,2_1,e23462f2-cb86-4a3e-8521-221f4bec247c,SPRY4-AS1
5,143009956,143009956,1,snv_mnv,NA,NA,"broad,dkfz,muse,sanger",4,COSN6583941,NA,NA,FALSE,0.4468,NA,21,26,NA,NA,NA,RNA,FALSE,FALSE,FALSE,FALSE,3,2,1,2_1,e23462f2-cb86-4a3e-8521-221f4bec247c,NA
5,144636005,144636005,1,snv_mnv,NA,NA,"broad,dkfz,muse,sanger",4,COSN6583991,NA,MLT1D,FALSE,0.6667,NA,26,13,NA,NA,NA,IGR,FALSE,FALSE,FALSE,FALSE,3,2,1,2_1,e23462f2-cb86-4a3e-8521-221f4bec247c,NA
5,148073633,148073633,1,snv_mnv,1.9968e-4,rs564782011,"broad,dkfz,muse,sanger",4,COSN6584082,rs564782011,NA,FALSE,0.5263,NA,20,18,NA,NA,NA,IGR,FALSE,FALSE,FALSE,FALSE,3,2,1,2_1,e23462f2-cb86-4a3e-8521-221f4bec247c,NA
5,149657131,149657131,1,snv_mnv,NA,NA,"broad,dkfz,muse,sanger",4,COSN6584127,NA,NA,FALSE,0.5,NA,20,20,NA,NA,NA,Intron,FALSE,FALSE,FALSE,FALSE,3,2,1,2_1,e23462f2-cb86-4a3e-8521-221f4bec247c,NA
5,162027442,162027442,1,snv_mnv,NA,NA,"broad,dkfz,muse,sanger",4,COSN6584487,NA,L1PA16,FALSE,0.2667,NA,12,33,NA,NA,NA,lincRNA,FALSE,FALSE,FALSE,FALSE,3,2,1,2_1,e23462f2-cb86-4a3e-8521-221f4bec247c,NA
5,163105177,163105177,1,snv_mnv,NA,NA,"broad,dkfz,muse,sanger",4,COSN6584526,rs764841267,L2c,FALSE,0.4737,NA,18,20,NA,NA,NA,IGR,FALSE,FALSE,FALSE,FALSE,3,2,1,2_1,e23462f2-cb86-4a3e-8521-221f4bec247c,NA
5,168328585,168328585,1,snv_mnv,NA,NA,"broad,dkfz,muse,sanger",4,COSN6584744,NA,NA,FALSE,0.4706,NA,24,27,NA,NA,NA,Intron,FALSE,FALSE,FALSE,FALSE,3,2,1,2_1,e23462f2-cb86-4a3e-8521-221f4bec247c,NA
5,173149294,173149294,1,snv_mnv,NA,NA,"broad,dkfz,muse,sanger",4,COSN6584887,NA,L2a,FALSE,0.4688,NA,15,17,NA,NA,NA,lincRNA,FALSE,FALSE,FALSE,FALSE,3,2,1,2_1,e23462f2-cb86-4a3e-8521-221f4bec247c,LINC01484
5,173174325,173174325,1,snv_mnv,NA,NA,"broad,dkfz,muse,sanger",4,COSN6584889,NA,L1MC4a,FALSE,0.186,NA,8,35,NA,NA,NA,IGR,FALSE,FALSE,FALSE,FALSE,3,2,1,2_1,e23462f2-cb86-4a3e-8521-221f4bec247c,LINC01484
5,178173255,178173255,1,snv_mnv,NA,NA,"broad,dkfz,muse,sanger",4,COSN6585003,NA,AluSz,FALSE,0.5,NA,21,21,NA,NA,NA,IGR,FALSE,FALSE,FALSE,FALSE,3,2,1,2_1,e23462f2-cb86-4a3e-8521-221f4bec247c,NA
5,178471525,178471525,1,snv_mnv,NA,NA,"broad,dkfz,muse,sanger",4,COSN6585018,NA,NA,FALSE,0.3878,NA,19,30,NA,NA,NA,IGR,FALSE,FALSE,FALSE,FALSE,3,2,1,2_1,e23462f2-cb86-4a3e-8521-221f4bec247c,NA
5,180551611,180551611,1,snv_mnv,NA,NA,"broad,dkfz,muse,sanger",4,COSM3765189,NA,NA,FALSE,0.5714,NA,28,21,NA,NA,NA,Missense_Mutation,FALSE,FALSE,FALSE,FALSE,3,2,1,2_1,e23462f2-cb86-4a3e-8521-221f4bec247c,NA
6,1034217,1034217,1,snv_mnv,NA,NA,"broad,dkfz,muse,sanger",4,COSN6587892,NA,L1MC4a,FALSE,0.4167,NA,15,21,NA,NA,NA,IGR,FALSE,FALSE,FALSE,FALSE,2,1,1,1_1,e23462f2-cb86-4a3e-8521-221f4bec247c,NA
6,1757570,1757570,1,snv_mnv,0.0045927,rs146142717,"broad,dkfz,muse,sanger",4,COSN6590168,rs146142717,NA,FALSE,0.5556,NA,20,16,NA,NA,NA,Intron,FALSE,FALSE,FALSE,FALSE,2,1,1,1_1,e23462f2-cb86-4a3e-8521-221f4bec247c,NA
6,3264424,3264424,1,snv_mnv,NA,NA,"broad,dkfz,muse,sanger",4,COSN6590660,NA,NA,FALSE,0.3913,NA,9,14,NA,NA,NA,Intron,FALSE,FALSE,FALSE,FALSE,2,1,1,1_1,e23462f2-cb86-4a3e-8521-221f4bec247c,SLC22A23
6,4429880,4429880,1,snv_mnv,NA,NA,"broad,dkfz,muse,sanger",4,COSN6590965,NA,MER74A,FALSE,0.4348,NA,10,13,NA,NA,NA,RNA,FALSE,FALSE,FALSE,FALSE,2,1,1,1_1,e23462f2-cb86-4a3e-8521-221f4bec247c,RNA5SP202
6,4577340,4577340,1,snv_mnv,NA,NA,"broad,dkfz,muse,sanger",4,COSN6591014,NA,AluJb,FALSE,0.5,NA,20,20,NA,NA,NA,IGR,FALSE,FALSE,FALSE,FALSE,2,1,1,1_1,e23462f2-cb86-4a3e-8521-221f4bec247c,NA
6,10204851,10204851,1,snv_mnv,NA,NA,"broad,dkfz,muse,sanger",4,COSN6587831,NA,NA,FALSE,0.5312,NA,17,15,NA,NA,NA,IGR,FALSE,FALSE,FALSE,FALSE,2,1,1,1_1,e23462f2-cb86-4a3e-8521-221f4bec247c,NA
6,10204925,10204925,1,snv_mnv,NA,NA,"broad,dkfz,muse,sanger",4,COSN6587832,NA,NA,FALSE,0.3667,NA,11,19,NA,NA,NA,IGR,FALSE,FALSE,FALSE,FALSE,2,1,1,1_1,e23462f2-cb86-4a3e-8521-221f4bec247c,NA
6,10206028,10206028,1,snv_mnv,NA,NA,"broad,dkfz,muse,sanger",4,COSN6587833,NA,NA,FALSE,0.4857,NA,17,18,NA,NA,NA,IGR,FALSE,FALSE,FALSE,FALSE,2,1,1,1_1,e23462f2-cb86-4a3e-8521-221f4bec247c,NA
6,12272995,12272995,1,snv_mnv,NA,NA,"broad,dkfz,muse,sanger",4,COSN6588524,NA,AluSq2,FALSE,0.3548,NA,11,20,NA,NA,NA,IGR,FALSE,FALSE,FALSE,FALSE,2,1,1,1_1,e23462f2-cb86-4a3e-8521-221f4bec247c,NA
6,14638822,14638822,1,snv_mnv,NA,NA,"broad,dkfz,muse,sanger",4,COSN6589330,NA,NA,FALSE,0.5,NA,17,17,NA,NA,NA,IGR,FALSE,FALSE,FALSE,FALSE,2,1,1,1_1,e23462f2-cb86-4a3e-8521-221f4bec247c,NA
6,15098010,15098010,1,snv_mnv,NA,NA,"broad,dkfz,muse,sanger",4,COSN6589488,NA,AluSx,FALSE,0.4783,NA,11,12,NA,NA,NA,IGR,FALSE,FALSE,FALSE,FALSE,2,1,1,1_1,e23462f2-cb86-4a3e-8521-221f4bec247c,NA
6,16510792,16510792,1,snv_mnv,NA,NA,"broad,dkfz,muse,sanger",4,COSN6589959,NA,AluJb,FALSE,0.375,NA,12,20,NA,NA,NA,Intron,FALSE,FALSE,FALSE,FALSE,2,1,1,1_1,e23462f2-cb86-4a3e-8521-221f4bec247c,NA
6,27211531,27211531,1,snv_mnv,NA,NA,"broad,dkfz,muse,sanger",4,COSN6590462,NA,NA,FALSE,0.2941,NA,15,36,NA,NA,NA,IGR,FALSE,FALSE,FALSE,FALSE,2,1,1,1_1,e23462f2-cb86-4a3e-8521-221f4bec247c,PRSS16
6,27918396,27918396,1,snv_mnv,NA,NA,"broad,dkfz,muse,sanger",4,COSN6590497,NA,NA,FALSE,0.439,NA,18,23,NA,NA,NA,IGR,FALSE,FALSE,FALSE,FALSE,2,1,1,1_1,e23462f2-cb86-4a3e-8521-221f4bec247c,NA
6,28429770,28429770,1,snv_mnv,NA,NA,"broad,dkfz,muse,sanger",4,COSN6590519,NA,HAL1,FALSE,0.7027,NA,26,11,NA,NA,NA,IGR,FALSE,FALSE,FALSE,FALSE,2,1,1,1_1,e23462f2-cb86-4a3e-8521-221f4bec247c,NA
6,28698532,28698532,1,snv_mnv,NA,NA,"broad,dkfz,muse,sanger",4,COSN6590540,NA,NA,FALSE,0.4211,NA,16,22,NA,NA,NA,IGR,FALSE,FALSE,FALSE,FALSE,2,1,1,1_1,e23462f2-cb86-4a3e-8521-221f4bec247c,RPSAP2
6,36741173,36741173,1,snv_mnv,NA,NA,"broad,dkfz,muse,sanger",4,COSN6590754,rs548600085,L2a,FALSE,0.6087,NA,14,9,NA,NA,NA,Intron,FALSE,FALSE,FALSE,FALSE,2,1,1,1_1,e23462f2-cb86-4a3e-8521-221f4bec247c,NA
6,37897850,37897850,1,snv_mnv,NA,NA,"broad,dkfz,muse,sanger",4,COSN6590784,NA,NA,FALSE,0.4483,NA,13,16,NA,NA,NA,Intron,FALSE,FALSE,FALSE,FALSE,2,1,1,1_1,e23462f2-cb86-4a3e-8521-221f4bec247c,NA
6,38955216,38955216,1,snv_mnv,NA,NA,"broad,dkfz,muse,sanger",4,COSN6590811,NA,NA,FALSE,0.5517,NA,16,13,NA,NA,NA,Intron,FALSE,FALSE,FALSE,FALSE,2,1,1,1_1,e23462f2-cb86-4a3e-8521-221f4bec247c,NA
6,40281872,40281872,1,snv_mnv,NA,NA,"broad,dkfz,muse,sanger",4,COSN6590852,NA,AluJr,FALSE,0.3333,NA,9,18,NA,NA,NA,IGR,FALSE,FALSE,FALSE,FALSE,2,1,1,1_1,e23462f2-cb86-4a3e-8521-221f4bec247c,NA
6,49877436,49877436,1,snv_mnv,NA,NA,"broad,dkfz,muse,sanger",4,COSN6591192,NA,NA,FALSE,0.5385,NA,21,18,NA,NA,NA,IGR,FALSE,FALSE,FALSE,FALSE,2,1,1,1_1,e23462f2-cb86-4a3e-8521-221f4bec247c,NA
6,55726119,55726119,1,snv_mnv,NA,NA,"broad,dkfz,muse,sanger",4,COSN6591376,NA,NA,FALSE,0.303,NA,10,23,NA,NA,NA,Intron,FALSE,FALSE,FALSE,FALSE,2,1,1,1_1,e23462f2-cb86-4a3e-8521-221f4bec247c,NA
6,62016140,62016140,1,snv_mnv,NA,NA,"broad,dkfz,muse,sanger",4,COSN6591482,NA,AluJo,FALSE,0.5,NA,9,9,NA,NA,NA,IGR,FALSE,FALSE,FALSE,FALSE,2,1,1,1_1,e23462f2-cb86-4a3e-8521-221f4bec247c,NA
6,67701270,67701270,1,snv_mnv,NA,NA,"broad,dkfz,muse,sanger",4,COSN6591831,NA,LTR12_,FALSE,0.3462,NA,9,17,NA,NA,NA,IGR,FALSE,FALSE,FALSE,FALSE,2,1,1,1_1,e23462f2-cb86-4a3e-8521-221f4bec247c,NA
6,71364594,71364594,1,snv_mnv,NA,NA,"broad,dkfz,muse,sanger",4,COSN6591976,NA,L2a,FALSE,0.4,NA,12,18,NA,NA,NA,IGR,FALSE,FALSE,FALSE,FALSE,2,1,1,1_1,e23462f2-cb86-4a3e-8521-221f4bec247c,NA
6,72854723,72854723,1,snv_mnv,NA,NA,"broad,dkfz,muse,sanger",4,COSN6592030,NA,MER41-int,FALSE,0.3333,NA,12,24,NA,NA,NA,Intron,FALSE,FALSE,TRUE,FALSE,2,1,1,1_1,e23462f2-cb86-4a3e-8521-221f4bec247c,NA
6,73646631,73646631,1,snv_mnv,NA,NA,"broad,dkfz,muse,sanger",4,COSN6592065,NA,NA,FALSE,0.5357,NA,15,13,NA,NA,NA,Intron,FALSE,FALSE,FALSE,FALSE,2,1,1,1_1,e23462f2-cb86-4a3e-8521-221f4bec247c,NA
6,73866487,73866487,1,snv_mnv,NA,NA,"broad,dkfz,muse,sanger",4,COSN6592068,NA,NA,FALSE,0.4138,NA,12,17,NA,NA,NA,Intron,FALSE,FALSE,FALSE,FALSE,2,1,1,1_1,e23462f2-cb86-4a3e-8521-221f4bec247c,RBPMS2P1
6,78651358,78651358,1,snv_mnv,NA,NA,"broad,dkfz,muse,sanger",4,COSN6592330,NA,NA,FALSE,0.4688,NA,15,17,NA,NA,NA,IGR,FALSE,FALSE,FALSE,FALSE,2,1,1,1_1,e23462f2-cb86-4a3e-8521-221f4bec247c,NA
6,80021983,80021983,1,snv_mnv,NA,NA,"broad,dkfz,muse,sanger",4,COSN6592406,NA,HERVL18-int,FALSE,0.3684,NA,7,12,NA,NA,NA,IGR,FALSE,FALSE,FALSE,FALSE,2,1,1,1_1,e23462f2-cb86-4a3e-8521-221f4bec247c,NA
6,82843412,82843412,1,snv_mnv,NA,NA,"broad,dkfz,muse,sanger",4,COSN6592512,NA,AluSz,FALSE,0.4348,NA,10,13,NA,NA,NA,IGR,FALSE,FALSE,FALSE,FALSE,2,1,1,1_1,e23462f2-cb86-4a3e-8521-221f4bec247c,NA
6,82973009,82973009,1,snv_mnv,NA,NA,"broad,dkfz,muse,sanger",4,COSN6592515,NA,NA,FALSE,0.6111,NA,22,14,NA,NA,NA,IGR,FALSE,FALSE,FALSE,FALSE,2,1,1,1_1,e23462f2-cb86-4a3e-8521-221f4bec247c,AL121977.1
6,83127795,83127795,1,snv_mnv,NA,NA,"broad,dkfz,muse,sanger",4,COSN6592524,NA,NA,FALSE,0.4545,NA,15,18,NA,NA,NA,IGR,FALSE,FALSE,FALSE,FALSE,2,1,1,1_1,e23462f2-cb86-4a3e-8521-221f4bec247c,NA
6,83171727,83171727,1,snv_mnv,NA,NA,"broad,dkfz,muse,sanger",4,COSN6592526,NA,LOR1-int,FALSE,0.4333,NA,13,17,NA,NA,NA,IGR,FALSE,FALSE,FALSE,FALSE,2,1,1,1_1,e23462f2-cb86-4a3e-8521-221f4bec247c,NA
6,86635138,86635138,1,snv_mnv,NA,NA,"broad,dkfz,muse,sanger",4,COSN6592643,NA,L1PB1,FALSE,0.6071,NA,17,11,NA,NA,NA,IGR,FALSE,FALSE,FALSE,FALSE,2,1,1,1_1,e23462f2-cb86-4a3e-8521-221f4bec247c,NA
6,87178736,87178736,1,snv_mnv,NA,NA,"broad,dkfz,muse,sanger",4,COSN6592668,NA,NA,FALSE,0.5676,NA,21,16,NA,NA,NA,IGR,FALSE,FALSE,FALSE,FALSE,2,1,1,1_1,e23462f2-cb86-4a3e-8521-221f4bec247c,NA
6,87304863,87304863,1,snv_mnv,NA,NA,"broad,dkfz,muse,sanger",4,COSN6592673,NA,AluSz,FALSE,0.3913,NA,9,14,NA,NA,NA,IGR,FALSE,FALSE,FALSE,FALSE,2,1,1,1_1,e23462f2-cb86-4a3e-8521-221f4bec247c,NA
6,87358886,87358886,1,snv_mnv,NA,NA,"broad,dkfz,muse,sanger",4,COSN6592674,NA,L2c,FALSE,0.44,NA,11,14,NA,NA,NA,IGR,FALSE,FALSE,FALSE,FALSE,2,1,1,1_1,e23462f2-cb86-4a3e-8521-221f4bec247c,NA
6,91907255,91907255,1,snv_mnv,NA,NA,"broad,dkfz,muse,sanger",4,COSN6592816,NA,NA,FALSE,0.5588,NA,19,15,NA,NA,NA,IGR,FALSE,FALSE,FALSE,FALSE,2,1,1,1_1,e23462f2-cb86-4a3e-8521-221f4bec247c,NA
6,99453544,99453544,1,snv_mnv,NA,NA,"broad,dkfz,muse,sanger",4,COSN6593068,rs765285331,L2c,FALSE,0.5714,NA,16,12,NA,NA,NA,IGR,FALSE,FALSE,FALSE,FALSE,2,1,1,1_1,e23462f2-cb86-4a3e-8521-221f4bec247c,NA
6,101024225,101024225,1,snv_mnv,NA,NA,"broad,dkfz,muse,sanger",4,COSN6587803,NA,NA,FALSE,0.5833,NA,21,15,NA,NA,NA,Intron,FALSE,FALSE,FALSE,FALSE,2,1,1,1_1,e23462f2-cb86-4a3e-8521-221f4bec247c,NA
6,108247014,108247014,1,snv_mnv,NA,NA,"broad,dkfz,muse,sanger",4,COSN6588053,NA,NA,FALSE,0.6429,NA,18,10,NA,NA,NA,Intron,FALSE,FALSE,FALSE,FALSE,2,1,1,1_1,e23462f2-cb86-4a3e-8521-221f4bec247c,RNU6-437P
6,109338779,109338779,1,snv_mnv,NA,NA,"broad,dkfz,muse,sanger",4,COSN6588086,NA,AluY,FALSE,0.3333,NA,9,18,NA,NA,NA,Intron,FALSE,FALSE,FALSE,FALSE,2,1,1,1_1,e23462f2-cb86-4a3e-8521-221f4bec247c,NA
6,117293346,117293346,1,snv_mnv,NA,NA,"broad,dkfz,muse,sanger",4,COSN6588314,NA,NA,FALSE,0.4516,NA,14,17,NA,NA,NA,IGR,FALSE,FALSE,TRUE,FALSE,2,1,1,1_1,e23462f2-cb86-4a3e-8521-221f4bec247c,NA
6,117876967,117876967,1,snv_mnv,NA,NA,"broad,dkfz,muse,sanger",4,COSN6588338,NA,NA,FALSE,0.5854,NA,24,17,NA,NA,NA,Intron,FALSE,FALSE,TRUE,FALSE,2,1,1,1_1,e23462f2-cb86-4a3e-8521-221f4bec247c,GOPC
6,121058005,121058005,1,snv_mnv,NA,NA,"broad,dkfz,muse,sanger",4,COSN6588456,NA,NA,FALSE,0.44,NA,11,14,NA,NA,NA,IGR,FALSE,FALSE,FALSE,FALSE,2,1,1,1_1,e23462f2-cb86-4a3e-8521-221f4bec247c,NA
6,122540680,122540680,1,snv_mnv,NA,NA,"broad,dkfz,muse,sanger",4,COSN6588513,NA,NA,FALSE,0.5128,NA,20,19,NA,NA,NA,IGR,FALSE,FALSE,TRUE,FALSE,2,1,1,1_1,e23462f2-cb86-4a3e-8521-221f4bec247c,NA
6,123442494,123442494,1,snv_mnv,NA,NA,"broad,dkfz,muse,sanger",4,COSN6588556,NA,NA,FALSE,0.4348,NA,10,13,NA,NA,NA,IGR,FALSE,FALSE,FALSE,FALSE,2,1,1,1_1,e23462f2-cb86-4a3e-8521-221f4bec247c,NA
6,129266121,129266121,1,snv_mnv,1.9968e-4,rs534093719,"broad,dkfz,muse,sanger",4,COSN6588722,rs534093719,MSTA,FALSE,0.4062,NA,13,19,NA,NA,NA,Intron,FALSE,FALSE,FALSE,FALSE,2,1,1,1_1,e23462f2-cb86-4a3e-8521-221f4bec247c,NA
6,130692657,130692657,1,snv_mnv,NA,NA,"broad,dkfz,muse,sanger",4,COSN6588764,NA,NA,FALSE,0.4074,NA,11,16,NA,NA,NA,Intron,FALSE,FALSE,FALSE,FALSE,2,1,1,1_1,e23462f2-cb86-4a3e-8521-221f4bec247c,NA
6,136144385,136144385,1,snv_mnv,NA,NA,"broad,dkfz,muse,sanger",4,COSN6588964,NA,NA,FALSE,0.5455,NA,18,15,NA,NA,NA,IGR,FALSE,FALSE,FALSE,FALSE,2,1,1,1_1,e23462f2-cb86-4a3e-8521-221f4bec247c,NA
6,141487998,141487998,1,snv_mnv,NA,NA,"broad,dkfz,muse,sanger",4,COSN6589149,NA,L3,FALSE,0.3871,NA,12,19,NA,NA,NA,IGR,FALSE,FALSE,FALSE,FALSE,2,1,1,1_1,e23462f2-cb86-4a3e-8521-221f4bec247c,NA
6,144490434,144490434,1,snv_mnv,NA,NA,"broad,dkfz,muse,sanger",4,COSN6589265,NA,Tigger4,FALSE,0.4872,NA,19,20,NA,NA,NA,Intron,FALSE,FALSE,FALSE,FALSE,2,1,1,1_1,e23462f2-cb86-4a3e-8521-221f4bec247c,NA
6,149330529,149330529,1,snv_mnv,NA,NA,"broad,dkfz,muse,sanger",4,COSN6589425,NA,HAL1,FALSE,0.5429,NA,19,16,NA,NA,NA,Intron,FALSE,FALSE,FALSE,FALSE,2,1,1,1_1,e23462f2-cb86-4a3e-8521-221f4bec247c,UST
6,156344262,156344262,1,snv_mnv,NA,NA,"broad,dkfz,muse,sanger",4,COSN6589674,NA,AT_rich,FALSE,0.4615,NA,12,14,NA,NA,NA,IGR,FALSE,FALSE,FALSE,FALSE,2,1,1,1_1,e23462f2-cb86-4a3e-8521-221f4bec247c,NA
6,156899055,156899055,1,snv_mnv,NA,NA,"broad,dkfz,muse,sanger",4,COSN6589699,NA,L1MEg,FALSE,0.5,NA,14,14,NA,NA,NA,IGR,FALSE,FALSE,FALSE,FALSE,2,1,1,1_1,e23462f2-cb86-4a3e-8521-221f4bec247c,NA
6,165683787,165683787,1,snv_mnv,NA,NA,"broad,dkfz,muse,sanger",4,COSN6589980,NA,NA,FALSE,0.3043,NA,7,16,NA,NA,NA,IGR,FALSE,FALSE,FALSE,FALSE,2,1,1,1_1,e23462f2-cb86-4a3e-8521-221f4bec247c,NA
6,167760961,167760961,1,snv_mnv,NA,NA,"broad,dkfz,muse,sanger",4,COSN6590052,NA,NA,FALSE,0.6071,NA,17,11,NA,NA,NA,IGR,FALSE,FALSE,FALSE,FALSE,2,1,1,1_1,e23462f2-cb86-4a3e-8521-221f4bec247c,NA
6,168805384,168805384,1,snv_mnv,NA,NA,"broad,dkfz,muse,sanger",4,COSN6590074,NA,ERVL-B4-int,FALSE,0.4211,NA,8,11,NA,NA,NA,IGR,FALSE,FALSE,FALSE,FALSE,2,1,1,1_1,e23462f2-cb86-4a3e-8521-221f4bec247c,NA
7,3770518,3770518,1,snv_mnv,NA,NA,"broad,dkfz,muse,sanger",4,COSN6595750,NA,NA,FALSE,0.4516,NA,14,17,NA,NA,NA,Intron,FALSE,FALSE,FALSE,FALSE,2,1,1,1_1,e23462f2-cb86-4a3e-8521-221f4bec247c,NA
7,3957803,3957803,1,snv_mnv,NA,NA,"broad,dkfz,muse,sanger",4,COSN6595807,rs752721523,NA,FALSE,0.5333,NA,8,7,NA,NA,NA,Intron,FALSE,FALSE,FALSE,FALSE,2,1,1,1_1,e23462f2-cb86-4a3e-8521-221f4bec247c,NA
7,4588267,4588267,1,snv_mnv,NA,NA,"broad,dkfz,muse,sanger",4,COSN6596010,NA,L2a,FALSE,0.3214,NA,9,19,NA,NA,NA,IGR,FALSE,FALSE,FALSE,FALSE,2,1,1,1_1,e23462f2-cb86-4a3e-8521-221f4bec247c,NA
7,9644973,9644973,1,snv_mnv,NA,NA,"broad,dkfz,muse,sanger",4,COSN6597506,NA,L1MA9,FALSE,0.7037,NA,19,8,NA,NA,NA,IGR,FALSE,FALSE,FALSE,FALSE,2,1,1,1_1,e23462f2-cb86-4a3e-8521-221f4bec247c,NA
7,14622526,14622526,1,snv_mnv,NA,NA,"broad,dkfz,muse,sanger",4,COSN6594573,NA,NA,FALSE,0.5556,NA,25,20,NA,NA,NA,Intron,FALSE,FALSE,FALSE,FALSE,2,1,1,1_1,e23462f2-cb86-4a3e-8521-221f4bec247c,NA
7,16270568,16270568,1,snv_mnv,NA,NA,"broad,dkfz,muse,sanger",4,COSN6595012,NA,L1MA8,FALSE,0.5517,NA,16,13,NA,NA,NA,Intron,FALSE,FALSE,FALSE,FALSE,2,1,1,1_1,e23462f2-cb86-4a3e-8521-221f4bec247c,NA
7,21835761,21835761,1,snv_mnv,NA,NA,"broad,dkfz,muse,sanger",4,COSN6595282,NA,NA,FALSE,0.5,NA,15,15,NA,NA,NA,Intron,FALSE,FALSE,FALSE,FALSE,2,1,1,1_1,e23462f2-cb86-4a3e-8521-221f4bec247c,NA
7,29349074,29349074,1,snv_mnv,NA,NA,"broad,dkfz,muse,sanger",4,COSN6595523,NA,NA,FALSE,0.3333,NA,9,18,NA,NA,NA,Intron,FALSE,FALSE,FALSE,FALSE,2,1,1,1_1,e23462f2-cb86-4a3e-8521-221f4bec247c,NA
7,30172054,30172054,1,snv_mnv,NA,NA,"broad,dkfz,muse,sanger",4,COSN6595543,NA,MER20,FALSE,0.5333,NA,16,14,NA,NA,NA,5'Flank,FALSE,FALSE,FALSE,FALSE,2,1,1,1_1,e23462f2-cb86-4a3e-8521-221f4bec247c,"MTURN,PLEKHA8"
7,33176587,33176587,1,snv_mnv,NA,NA,"broad,dkfz,muse,sanger",4,COSN6595613,NA,L1MB7,FALSE,0.4359,NA,17,22,NA,NA,NA,Intron,FALSE,FALSE,FALSE,FALSE,2,1,1,1_1,e23462f2-cb86-4a3e-8521-221f4bec247c,NA
7,33338203,33338203,1,snv_mnv,NA,NA,"broad,dkfz,muse,sanger",4,COSN6595617,NA,NA,FALSE,0.5769,NA,15,11,NA,NA,NA,Intron,FALSE,FALSE,FALSE,FALSE,2,1,1,1_1,e23462f2-cb86-4a3e-8521-221f4bec247c,NA
7,36356026,36356026,1,snv_mnv,NA,NA,"broad,dkfz,muse",3,COSN6595707,NA,NA,FALSE,0.6389,NA,23,13,NA,NA,NA,IGR,FALSE,FALSE,FALSE,FALSE,2,1,1,1_1,e23462f2-cb86-4a3e-8521-221f4bec247c,AC006960.3
7,36673718,36673718,1,snv_mnv,NA,NA,"broad,dkfz,muse,sanger",4,COSN6595717,NA,NA,FALSE,0.5417,NA,13,11,NA,NA,NA,Intron,FALSE,FALSE,FALSE,FALSE,2,1,1,1_1,e23462f2-cb86-4a3e-8521-221f4bec247c,AOAH
7,42834388,42834388,1,snv_mnv,0.0011981,rs186997624,"broad,dkfz,muse,sanger",4,COSN6595926,rs186997624,NA,FALSE,0.4857,NA,17,18,NA,NA,NA,IGR,FALSE,FALSE,FALSE,FALSE,2,1,1,1_1,e23462f2-cb86-4a3e-8521-221f4bec247c,TCP1P1
7,46407559,46407559,1,snv_mnv,NA,NA,"broad,dkfz,muse,sanger",4,COSN6596032,NA,L1MC4a,FALSE,0.4,NA,14,21,NA,NA,NA,IGR,FALSE,FALSE,FALSE,FALSE,2,1,1,1_1,e23462f2-cb86-4a3e-8521-221f4bec247c,NA
7,46754262,46754262,1,snv_mnv,1.9968e-4,rs540504619,"broad,dkfz,muse,sanger",4,COSN6596050,rs540504619,NA,FALSE,0.6,NA,18,12,NA,NA,NA,Intron,FALSE,FALSE,FALSE,FALSE,2,1,1,1_1,e23462f2-cb86-4a3e-8521-221f4bec247c,NA
7,46769218,46769218,1,snv_mnv,NA,NA,"broad,dkfz,muse,sanger",4,COSN6596051,NA,L1PREC2,FALSE,0.6087,NA,14,9,NA,NA,NA,Intron,FALSE,FALSE,FALSE,FALSE,2,1,1,1_1,e23462f2-cb86-4a3e-8521-221f4bec247c,NA
7,48869685,48869685,1,snv_mnv,NA,NA,"broad,dkfz,muse,sanger",4,COSN6596122,NA,NA,FALSE,0.4848,NA,16,17,NA,NA,NA,IGR,FALSE,FALSE,FALSE,FALSE,2,1,1,1_1,e23462f2-cb86-4a3e-8521-221f4bec247c,NA
7,49986207,49986207,1,snv_mnv,NA,NA,"broad,dkfz,muse,sanger",4,COSN6596181,NA,L1M1,FALSE,0.4815,NA,13,14,NA,NA,NA,Intron,FALSE,FALSE,FALSE,FALSE,2,1,1,1_1,e23462f2-cb86-4a3e-8521-221f4bec247c,GNL2P1
7,52969138,52969138,1,snv_mnv,NA,NA,"broad,dkfz,muse,sanger",4,COSN6596310,NA,L1MC3,FALSE,0.5714,NA,20,15,NA,NA,NA,IGR,FALSE,FALSE,FALSE,FALSE,2,1,1,1_1,e23462f2-cb86-4a3e-8521-221f4bec247c,SGO1P2
7,53838997,53838997,1,snv_mnv,NA,NA,"broad,dkfz,muse,sanger",4,COSN6596354,NA,NA,FALSE,0.4595,NA,17,20,NA,NA,NA,lincRNA,FALSE,FALSE,FALSE,FALSE,2,1,1,1_1,e23462f2-cb86-4a3e-8521-221f4bec247c,RNU2-29P
7,54222936,54222936,1,snv_mnv,NA,NA,"broad,dkfz,muse,sanger",4,COSN6596377,NA,NA,FALSE,0.4839,NA,15,16,NA,NA,NA,IGR,FALSE,FALSE,FALSE,FALSE,2,1,1,1_1,e23462f2-cb86-4a3e-8521-221f4bec247c,NA
7,55599555,55599555,1,snv_mnv,NA,NA,"broad,dkfz,muse,sanger",4,COSN6596422,NA,NA,FALSE,0.4091,NA,9,13,NA,NA,NA,Intron,FALSE,FALSE,FALSE,FALSE,2,1,1,1_1,e23462f2-cb86-4a3e-8521-221f4bec247c,VOPP1
7,55702839,55702839,1,snv_mnv,NA,NA,"broad,dkfz,muse,sanger",4,COSN6596428,NA,AluYk11,FALSE,0.4667,NA,14,16,NA,NA,NA,IGR,FALSE,FALSE,FALSE,FALSE,2,1,1,1_1,e23462f2-cb86-4a3e-8521-221f4bec247c,CDC42P2
7,56692376,56692376,1,snv_mnv,NA,NA,"broad,dkfz,muse,sanger",4,COSN6596457,NA,MER61-int,FALSE,0.3448,NA,10,19,NA,NA,NA,IGR,FALSE,FALSE,FALSE,FALSE,2,1,1,1_1,e23462f2-cb86-4a3e-8521-221f4bec247c,NA
7,63514517,63514517,1,snv_mnv,NA,NA,"broad,dkfz,muse,sanger",4,COSN6596554,NA,NA,FALSE,0.4583,NA,11,13,NA,NA,NA,Intron,FALSE,FALSE,FALSE,FALSE,2,1,1,1_1,e23462f2-cb86-4a3e-8521-221f4bec247c,NA
7,63783200,63783200,1,snv_mnv,NA,NA,"broad,dkfz,muse,sanger",4,COSN6596570,NA,NA,FALSE,0.3438,NA,11,21,NA,NA,NA,Intron,FALSE,FALSE,FALSE,FALSE,2,1,1,1_1,e23462f2-cb86-4a3e-8521-221f4bec247c,NA
7,64250044,64250044,1,snv_mnv,NA,NA,"broad,dkfz,muse,sanger",4,COSN6596587,NA,LTR2C,FALSE,0.5517,NA,16,13,NA,NA,NA,IGR,FALSE,FALSE,FALSE,FALSE,2,1,1,1_1,e23462f2-cb86-4a3e-8521-221f4bec247c,ZNF138
7,71783012,71783012,1,snv_mnv,NA,NA,"broad,dkfz,muse,sanger",4,COSN6596755,NA,NA,FALSE,0.4815,NA,13,14,NA,NA,NA,Intron,FALSE,FALSE,FALSE,FALSE,2,1,1,1_1,e23462f2-cb86-4a3e-8521-221f4bec247c,NA
7,71975219,71975219,1,snv_mnv,NA,NA,"broad,dkfz,muse,sanger",4,COSN6596762,NA,AluSx1,FALSE,0.5,NA,15,15,NA,NA,NA,IGR,FALSE,FALSE,FALSE,FALSE,2,1,1,1_1,e23462f2-cb86-4a3e-8521-221f4bec247c,NA
7,71981352,71981352,1,snv_mnv,NA,NA,"broad,dkfz,muse,sanger",4,COSN6596763,NA,L1MA7,FALSE,0.4571,NA,16,19,NA,NA,NA,IGR,FALSE,FALSE,FALSE,FALSE,2,1,1,1_1,e23462f2-cb86-4a3e-8521-221f4bec247c,NA
7,77155096,77155096,1,snv_mnv,NA,NA,"broad,dkfz,muse,sanger",4,COSN6596834,NA,NA,FALSE,0.697,NA,23,10,NA,NA,NA,IGR,FALSE,FALSE,FALSE,FALSE,2,1,1,1_1,e23462f2-cb86-4a3e-8521-221f4bec247c,NA
7,77930134,77930134,1,snv_mnv,NA,NA,"broad,dkfz,muse,sanger",4,COSN6596847,rs759755796,NA,FALSE,0.6333,NA,19,11,NA,NA,NA,Intron,FALSE,FALSE,FALSE,FALSE,2,1,1,1_1,e23462f2-cb86-4a3e-8521-221f4bec247c,NA
7,88607348,88607348,1,snv_mnv,NA,NA,"broad,dkfz,muse,sanger",4,COSN6597247,NA,L1MA3,FALSE,0.4762,NA,20,22,NA,NA,NA,Intron,FALSE,FALSE,FALSE,FALSE,2,1,1,1_1,e23462f2-cb86-4a3e-8521-221f4bec247c,NA
7,99981671,99981671,1,snv_mnv,NA,NA,"broad,dkfz,muse,sanger",4,COSN6597623,rs375246617,L2a,FALSE,0.4571,NA,16,19,NA,NA,NA,Intron,FALSE,FALSE,FALSE,FALSE,2,1,1,1_1,e23462f2-cb86-4a3e-8521-221f4bec247c,NA
7,100851032,100851032,1,snv_mnv,NA,NA,"broad,dkfz,muse,sanger",4,COSN6593113,NA,NA,FALSE,0.7,NA,14,6,NA,NA,NA,Intron,FALSE,FALSE,FALSE,FALSE,2,1,1,1_1,e23462f2-cb86-4a3e-8521-221f4bec247c,"RPSAP46,PLOD3,DGAT2L7P"
7,101184329,101184329,1,snv_mnv,NA,NA,"broad,dkfz,muse,sanger",4,COSN6593129,NA,MER102c,FALSE,0.4138,NA,12,17,NA,NA,NA,RNA,FALSE,FALSE,FALSE,FALSE,2,1,1,1_1,e23462f2-cb86-4a3e-8521-221f4bec247c,NA
7,103407165,103407165,1,snv_mnv,NA,NA,"broad,dkfz,muse,sanger",4,COSN6593179,NA,NA,FALSE,0.4643,NA,13,15,NA,NA,NA,Intron,FALSE,FALSE,FALSE,FALSE,2,1,1,1_1,e23462f2-cb86-4a3e-8521-221f4bec247c,NA
7,104275592,104275592,1,snv_mnv,NA,NA,"broad,dkfz,muse,sanger",4,COSN6593210,NA,HAL1,FALSE,0.625,NA,20,12,NA,NA,NA,Intron,FALSE,FALSE,FALSE,FALSE,2,1,1,1_1,e23462f2-cb86-4a3e-8521-221f4bec247c,NA
7,104279361,104279361,1,snv_mnv,NA,NA,"broad,dkfz,muse,sanger",4,COSN6593212,rs571265699,AluJb,FALSE,0.6,NA,12,8,NA,NA,NA,Intron,FALSE,FALSE,FALSE,FALSE,2,1,1,1_1,e23462f2-cb86-4a3e-8521-221f4bec247c,NA
7,106552450,106552450,1,snv_mnv,NA,NA,"broad,dkfz,muse",3,COSN6593277,NA,(CAAAAA)n,FALSE,0.4483,NA,13,16,NA,NA,NA,IGR,FALSE,FALSE,FALSE,FALSE,2,1,1,1_1,e23462f2-cb86-4a3e-8521-221f4bec247c,PIK3CG
7,106779957,106779957,1,snv_mnv,NA,NA,"broad,dkfz,muse,sanger",4,COSN6593282,NA,NA,FALSE,0.3913,NA,9,14,NA,NA,NA,Intron,FALSE,FALSE,FALSE,FALSE,2,1,1,1_1,e23462f2-cb86-4a3e-8521-221f4bec247c,NA
7,108358229,108358229,1,snv_mnv,NA,NA,"broad,dkfz,muse,sanger",4,COSN6593323,NA,NA,FALSE,0.5143,NA,18,17,NA,NA,NA,IGR,FALSE,FALSE,FALSE,FALSE,2,1,1,1_1,e23462f2-cb86-4a3e-8521-221f4bec247c,AC002487.1
7,109161287,109161287,1,snv_mnv,NA,NA,"broad,dkfz,muse,sanger",4,COSN6593352,NA,NA,FALSE,0.5652,NA,13,10,NA,NA,NA,lincRNA,FALSE,FALSE,FALSE,FALSE,2,1,1,1_1,e23462f2-cb86-4a3e-8521-221f4bec247c,AC073071.1
7,109840978,109840978,1,snv_mnv,NA,NA,"broad,dkfz,muse,sanger",4,COSN6593374,NA,L1MA2,FALSE,0.2963,NA,8,19,NA,NA,NA,IGR,FALSE,FALSE,FALSE,FALSE,2,1,1,1_1,e23462f2-cb86-4a3e-8521-221f4bec247c,NA
7,111962088,111962088,1,snv_mnv,NA,NA,"broad,dkfz,muse,sanger",4,COSN6593445,NA,L1M4,FALSE,0.3333,NA,8,16,NA,NA,NA,Intron,FALSE,FALSE,FALSE,FALSE,2,1,1,1_1,e23462f2-cb86-4a3e-8521-221f4bec247c,NA
7,114126540,114126540,1,snv_mnv,NA,NA,"broad,dkfz,muse,sanger",4,COSN6593506,NA,THE1B-int,FALSE,0.3478,NA,8,15,NA,NA,NA,Intron,FALSE,FALSE,FALSE,FALSE,2,1,1,1_1,e23462f2-cb86-4a3e-8521-221f4bec247c,NA
7,114404929,114404929,1,snv_mnv,NA,NA,"broad,dkfz,muse,sanger",4,COSN6593514,NA,AluJo,FALSE,0.4375,NA,14,18,NA,NA,NA,IGR,FALSE,FALSE,FALSE,FALSE,2,1,1,1_1,e23462f2-cb86-4a3e-8521-221f4bec247c,NA
7,115104550,115104550,1,snv_mnv,NA,NA,"broad,dkfz,muse,sanger",4,COSN6593541,NA,L1M4,FALSE,0.3913,NA,9,14,NA,NA,NA,IGR,FALSE,FALSE,FALSE,FALSE,2,1,1,1_1,e23462f2-cb86-4a3e-8521-221f4bec247c,NA
7,117903917,117903917,1,snv_mnv,NA,NA,"broad,dkfz,muse,sanger",4,COSN6593635,NA,NA,FALSE,0.1481,NA,4,23,NA,NA,NA,IGR,FALSE,FALSE,FALSE,FALSE,2,1,1,1_1,e23462f2-cb86-4a3e-8521-221f4bec247c,NA
7,119280687,119280687,1,snv_mnv,NA,NA,"broad,dkfz,muse,sanger",4,COSN6593676,NA,NA,FALSE,0.5,NA,16,16,NA,NA,NA,IGR,FALSE,FALSE,FALSE,FALSE,2,1,1,1_1,e23462f2-cb86-4a3e-8521-221f4bec247c,NA
7,120023415,120023415,1,snv_mnv,NA,NA,"broad,dkfz,muse,sanger",4,COSN6593714,NA,NA,FALSE,0.5,NA,18,18,NA,NA,NA,Intron,FALSE,FALSE,FALSE,FALSE,2,1,1,1_1,e23462f2-cb86-4a3e-8521-221f4bec247c,NA
7,121709703,121709703,1,snv_mnv,NA,NA,"broad,dkfz,muse,sanger",4,COSN6593772,NA,NA,FALSE,0.5714,NA,16,12,NA,NA,NA,IGR,FALSE,FALSE,FALSE,FALSE,2,1,1,1_1,e23462f2-cb86-4a3e-8521-221f4bec247c,NA
7,124317147,124317147,1,snv_mnv,NA,NA,"broad,dkfz,muse,sanger",4,COSN6593885,NA,MIR,FALSE,0.4333,NA,13,17,NA,NA,NA,IGR,FALSE,FALSE,FALSE,FALSE,2,1,1,1_1,e23462f2-cb86-4a3e-8521-221f4bec247c,NA
7,125020068,125020068,1,snv_mnv,3.9936e-4,rs530735448,"broad,dkfz,muse,sanger",4,COSN6593908,rs530735448,NA,FALSE,0.5455,NA,12,10,NA,NA,NA,lincRNA,FALSE,FALSE,FALSE,FALSE,2,1,1,1_1,e23462f2-cb86-4a3e-8521-221f4bec247c,AC010099.4
7,127250988,127250988,1,snv_mnv,NA,NA,"broad,dkfz,muse,sanger",4,COSN6593978,NA,NA,FALSE,0.25,NA,7,21,NA,NA,NA,Missense_Mutation,FALSE,FALSE,FALSE,FALSE,2,1,1,1_1,e23462f2-cb86-4a3e-8521-221f4bec247c,PAX4
7,141872688,141872688,1,snv_mnv,NA,NA,"broad,dkfz,muse,sanger",4,COSN6594408,NA,NA,FALSE,0.5806,NA,18,13,NA,NA,NA,Intron,FALSE,FALSE,FALSE,FALSE,2,1,1,1_1,e23462f2-cb86-4a3e-8521-221f4bec247c,NA
7,145433384,145433384,1,snv_mnv,NA,NA,"broad,dkfz,muse,sanger",4,COSN6594540,NA,NA,FALSE,0.2857,NA,10,25,NA,NA,NA,IGR,FALSE,FALSE,FALSE,FALSE,2,1,1,1_1,e23462f2-cb86-4a3e-8521-221f4bec247c,NA
7,150146563,150146563,1,snv_mnv,NA,NA,"broad,dkfz,muse,sanger",4,COSN6594712,NA,NA,FALSE,0.5,NA,8,8,NA,NA,NA,5'Flank,FALSE,FALSE,FALSE,FALSE,2,1,1,1_1,e23462f2-cb86-4a3e-8521-221f4bec247c,"LINC00996,GIMAP8"
7,150429830,150429830,1,snv_mnv,NA,NA,"broad,dkfz,muse,sanger",4,COSN6594728,NA,Charlie17a,FALSE,0.6667,NA,20,10,NA,NA,NA,IGR,FALSE,FALSE,FALSE,FALSE,2,1,1,1_1,e23462f2-cb86-4a3e-8521-221f4bec247c,GIMAP5
8,3053572,3053572,1,snv_mnv,NA,NA,"broad,dkfz,muse,sanger",4,COSN6599872,NA,MER41B,FALSE,0.5172,NA,15,14,NA,NA,NA,Intron,FALSE,FALSE,FALSE,FALSE,2,1,1,1_1,e23462f2-cb86-4a3e-8521-221f4bec247c,NA
8,3252364,3252364,1,snv_mnv,NA,NA,"broad,dkfz,muse,sanger",4,COSN6599941,NA,NA,FALSE,0.5581,NA,24,19,NA,NA,NA,Intron,FALSE,FALSE,FALSE,FALSE,2,1,1,1_1,e23462f2-cb86-4a3e-8521-221f4bec247c,NA
8,5392163,5392163,1,snv_mnv,NA,NA,"broad,dkfz,muse,sanger",4,COSN6600617,NA,L1MC3,FALSE,0.44,NA,11,14,NA,NA,NA,IGR,FALSE,FALSE,FALSE,FALSE,2,1,1,1_1,e23462f2-cb86-4a3e-8521-221f4bec247c,NA
8,6415332,6415332,1,snv_mnv,NA,NA,"broad,dkfz,muse,sanger",4,COSN6601025,NA,NA,FALSE,0.4783,NA,11,12,NA,NA,NA,Intron,FALSE,FALSE,FALSE,FALSE,2,1,1,1_1,e23462f2-cb86-4a3e-8521-221f4bec247c,NA
8,10950785,10950785,1,snv_mnv,NA,NA,"broad,dkfz,muse,sanger",4,COSN6597911,NA,AluSq2,FALSE,0.3793,NA,11,18,NA,NA,NA,Intron,FALSE,FALSE,FALSE,FALSE,2,1,1,1_1,e23462f2-cb86-4a3e-8521-221f4bec247c,NA
8,15104706,15104706,1,snv_mnv,NA,NA,"broad,dkfz,muse,sanger",4,COSN6599259,NA,THE1A-int,FALSE,0.45,NA,9,11,NA,NA,NA,IGR,FALSE,FALSE,FALSE,FALSE,2,1,1,1_1,e23462f2-cb86-4a3e-8521-221f4bec247c,NA
8,20743620,20743620,1,snv_mnv,NA,NA,"broad,dkfz,muse,sanger",4,COSN6599523,NA,GA-rich,FALSE,0.5,NA,18,18,NA,NA,NA,IGR,FALSE,FALSE,FALSE,FALSE,2,1,1,1_1,e23462f2-cb86-4a3e-8521-221f4bec247c,NA
8,22361928,22361928,1,snv_mnv,NA,NA,"broad,dkfz,muse,sanger",4,COSN6599569,NA,AluJr4,FALSE,0.7143,NA,85,34,NA,NA,NA,Intron,FALSE,FALSE,FALSE,FALSE,1,1,0,1_0,e23462f2-cb86-4a3e-8521-221f4bec247c,NA
8,23853684,23853684,1,snv_mnv,NA,NA,"broad,dkfz,muse,sanger",4,COSN6599637,NA,L2b,FALSE,0.5366,NA,22,19,NA,NA,NA,IGR,FALSE,FALSE,FALSE,FALSE,2,1,1,1_1,e23462f2-cb86-4a3e-8521-221f4bec247c,NA
8,24086235,24086235,1,snv_mnv,NA,NA,"broad,dkfz,muse,sanger",4,COSN6599653,NA,NA,FALSE,0.4565,NA,21,25,NA,NA,NA,IGR,FALSE,FALSE,FALSE,FALSE,2,1,1,1_1,e23462f2-cb86-4a3e-8521-221f4bec247c,NA
8,25811022,25811022,1,snv_mnv,NA,NA,"broad,dkfz,muse,sanger",4,COSN6599720,NA,NA,FALSE,0.4483,NA,13,16,NA,NA,NA,Intron,FALSE,FALSE,FALSE,FALSE,2,1,1,1_1,e23462f2-cb86-4a3e-8521-221f4bec247c,NA
8,26736795,26736795,1,snv_mnv,NA,NA,"broad,dkfz,muse,sanger",4,COSN6599758,NA,NA,FALSE,0.4242,NA,14,19,NA,NA,NA,IGR,FALSE,FALSE,FALSE,FALSE,2,1,1,1_1,e23462f2-cb86-4a3e-8521-221f4bec247c,NA
8,28066584,28066584,1,snv_mnv,NA,NA,"broad,dkfz,muse,sanger",4,COSN6599795,NA,L1PA11,FALSE,0.5,NA,23,23,NA,NA,NA,IGR,FALSE,FALSE,FALSE,FALSE,2,1,1,1_1,e23462f2-cb86-4a3e-8521-221f4bec247c,NA
8,29707205,29707205,1,snv_mnv,NA,NA,"broad,dkfz,muse,sanger",4,COSN6599844,NA,NA,FALSE,0.4783,NA,11,12,NA,NA,NA,IGR,FALSE,FALSE,FALSE,FALSE,2,1,1,1_1,e23462f2-cb86-4a3e-8521-221f4bec247c,NA
8,34213527,34213527,1,snv_mnv,NA,NA,"broad,dkfz,muse,sanger",4,COSN6600011,NA,L1PA15,FALSE,0.4783,NA,22,24,NA,NA,NA,IGR,FALSE,FALSE,FALSE,FALSE,2,1,1,1_1,e23462f2-cb86-4a3e-8521-221f4bec247c,NA
8,34943691,34943691,1,snv_mnv,NA,NA,"broad,dkfz,muse,sanger",4,COSN6600043,NA,L1MEf,FALSE,0.3095,NA,13,29,NA,NA,NA,IGR,FALSE,FALSE,FALSE,FALSE,2,1,1,1_1,e23462f2-cb86-4a3e-8521-221f4bec247c,NA
8,35855029,35855029,1,snv_mnv,NA,NA,"broad,dkfz,muse,sanger",4,COSN6600079,NA,AluSc,FALSE,0.4762,NA,10,11,NA,NA,NA,IGR,FALSE,FALSE,FALSE,FALSE,2,1,1,1_1,e23462f2-cb86-4a3e-8521-221f4bec247c,NA
8,36278063,36278063,1,snv_mnv,NA,NA,"broad,dkfz,muse,sanger",4,COSN6600088,NA,NA,FALSE,0.4857,NA,17,18,NA,NA,NA,IGR,FALSE,FALSE,TRUE,FALSE,2,1,1,1_1,e23462f2-cb86-4a3e-8521-221f4bec247c,NA
8,37840057,37840057,1,snv_mnv,NA,NA,"broad,dkfz,muse,sanger",4,COSN6600136,NA,AluSx,FALSE,0.5652,NA,13,10,NA,NA,NA,IGR,FALSE,FALSE,FALSE,FALSE,2,1,1,1_1,e23462f2-cb86-4a3e-8521-221f4bec247c,RPL12P48
8,41605287,41605287,1,snv_mnv,5.9904e-4,rs555954651,"broad,dkfz,muse",3,COSN6600266,rs555954651,NA,FALSE,0.36,NA,9,16,NA,NA,NA,Intron,FALSE,FALSE,FALSE,FALSE,2,1,1,1_1,e23462f2-cb86-4a3e-8521-221f4bec247c,NA
8,42278440,42278440,1,snv_mnv,NA,NA,"broad,dkfz,muse,sanger",4,COSN6600293,NA,NA,FALSE,0.4138,NA,12,17,NA,NA,NA,Intron,FALSE,FALSE,FALSE,FALSE,2,1,1,1_1,e23462f2-cb86-4a3e-8521-221f4bec247c,NA
8,47571674,47571674,1,snv_mnv,NA,NA,"broad,dkfz,muse,sanger",4,COSN6600356,NA,AluSx3,FALSE,0.425,NA,17,23,NA,NA,NA,IGR,FALSE,FALSE,FALSE,FALSE,2,1,1,1_1,e23462f2-cb86-4a3e-8521-221f4bec247c,NA
8,47875848,47875848,1,snv_mnv,NA,NA,"broad,dkfz,muse,sanger",4,COSN6600371,NA,NA,FALSE,0.4615,NA,12,14,NA,NA,NA,IGR,FALSE,FALSE,FALSE,TRUE,2,1,1,1_1,e23462f2-cb86-4a3e-8521-221f4bec247c,NA
8,47901881,47901881,1,snv_mnv,NA,NA,"broad,dkfz,muse,sanger",4,COSN6600373,NA,NA,FALSE,0.36,NA,9,16,NA,NA,NA,IGR,FALSE,FALSE,FALSE,FALSE,2,1,1,1_1,e23462f2-cb86-4a3e-8521-221f4bec247c,NA
8,48963553,48963553,1,snv_mnv,NA,NA,"broad,dkfz,muse,sanger",4,COSN6600396,NA,AluSz,FALSE,0.4231,NA,11,15,NA,NA,NA,Intron,FALSE,FALSE,FALSE,FALSE,2,1,1,1_1,e23462f2-cb86-4a3e-8521-221f4bec247c,NA
8,50009665,50009665,1,snv_mnv,NA,NA,"broad,dkfz,muse,sanger",4,COSN6600436,NA,HERVIP10F-int,FALSE,0.4565,NA,21,25,NA,NA,NA,IGR,FALSE,FALSE,FALSE,FALSE,2,1,1,1_1,e23462f2-cb86-4a3e-8521-221f4bec247c,NA
8,50706008,50706008,1,snv_mnv,NA,NA,"broad,dkfz,muse,sanger",4,COSN6600475,NA,MLT1-int,FALSE,0.6098,NA,25,16,NA,NA,NA,IGR,FALSE,FALSE,FALSE,FALSE,2,1,1,1_1,e23462f2-cb86-4a3e-8521-221f4bec247c,NA
8,50791667,50791667,1,snv_mnv,NA,NA,"broad,dkfz,muse,sanger",4,COSN6600479,NA,L1PA4,FALSE,0.3714,NA,13,22,NA,NA,NA,IGR,FALSE,FALSE,FALSE,FALSE,2,1,1,1_1,e23462f2-cb86-4a3e-8521-221f4bec247c,NA
8,51737702,51737702,1,snv_mnv,NA,NA,"broad,dkfz,muse,sanger",4,COSN6600528,NA,NA,FALSE,0.1818,NA,6,27,NA,NA,NA,IGR,FALSE,FALSE,FALSE,FALSE,2,1,1,1_1,e23462f2-cb86-4a3e-8521-221f4bec247c,NA
8,54976133,54976133,1,snv_mnv,NA,NA,"broad,dkfz,muse,sanger",4,COSN6600676,NA,NA,FALSE,0.2083,NA,10,38,NA,NA,NA,Intron,FALSE,FALSE,FALSE,FALSE,2,1,1,1_1,e23462f2-cb86-4a3e-8521-221f4bec247c,NA
8,58096842,58096842,1,snv_mnv,NA,NA,"broad,dkfz,muse,sanger",4,COSN6600817,NA,AluSx1,FALSE,0.4815,NA,13,14,NA,NA,NA,RNA,FALSE,FALSE,FALSE,FALSE,2,1,1,1_1,e23462f2-cb86-4a3e-8521-221f4bec247c,NA
8,58173295,58173295,1,snv_mnv,NA,NA,"broad,dkfz,muse,sanger",4,COSN6600823,NA,NA,FALSE,0.5263,NA,10,9,NA,NA,NA,lincRNA,FALSE,FALSE,FALSE,FALSE,2,1,1,1_1,e23462f2-cb86-4a3e-8521-221f4bec247c,AC025674.2
8,61066930,61066930,1,snv_mnv,NA,NA,"broad,dkfz,muse,sanger",4,COSN6600931,NA,NA,FALSE,0.5,NA,21,21,NA,NA,NA,IGR,FALSE,FALSE,FALSE,FALSE,2,1,1,1_1,e23462f2-cb86-4a3e-8521-221f4bec247c,NA
8,61976941,61976941,1,snv_mnv,NA,NA,"broad,dkfz,muse,sanger",4,COSN6600956,NA,L1MB4,FALSE,0.4643,NA,13,15,NA,NA,NA,IGR,FALSE,FALSE,FALSE,FALSE,2,1,1,1_1,e23462f2-cb86-4a3e-8521-221f4bec247c,NA
8,62152057,62152057,1,snv_mnv,NA,NA,"broad,dkfz,muse,sanger",4,COSN6600963,NA,AluJb,FALSE,0.5333,NA,16,14,NA,NA,NA,IGR,FALSE,FALSE,FALSE,FALSE,2,1,1,1_1,e23462f2-cb86-4a3e-8521-221f4bec247c,NA
8,62674292,62674292,1,snv_mnv,NA,NA,"broad,dkfz,muse,sanger",4,COSN6600975,NA,NA,FALSE,0.5,NA,12,12,NA,NA,NA,lincRNA,FALSE,FALSE,FALSE,FALSE,2,1,1,1_1,e23462f2-cb86-4a3e-8521-221f4bec247c,NA
8,63574413,63574413,1,snv_mnv,NA,NA,"broad,dkfz,muse,sanger",4,COSN6601005,NA,NA,FALSE,0.1667,NA,4,20,NA,NA,NA,Intron,FALSE,FALSE,FALSE,FALSE,2,1,1,1_1,e23462f2-cb86-4a3e-8521-221f4bec247c,NA
8,64839263,64839263,1,snv_mnv,NA,NA,"broad,dkfz,muse,sanger",4,COSN6601057,NA,L1MEd,FALSE,0.5938,NA,19,13,NA,NA,NA,RNA,FALSE,FALSE,TRUE,FALSE,2,1,1,1_1,e23462f2-cb86-4a3e-8521-221f4bec247c,NA
8,66000949,66000949,1,snv_mnv,NA,NA,"broad,dkfz,muse,sanger",4,COSN6601092,NA,L1PBa,FALSE,0.4865,NA,18,19,NA,NA,NA,IGR,FALSE,FALSE,FALSE,FALSE,2,1,1,1_1,e23462f2-cb86-4a3e-8521-221f4bec247c,NA
8,70177563,70177563,1,snv_mnv,NA,NA,"broad,dkfz,muse,sanger",4,COSN6601220,NA,NA,FALSE,0.6061,NA,20,13,NA,NA,NA,IGR,FALSE,FALSE,TRUE,FALSE,2,1,1,1_1,e23462f2-cb86-4a3e-8521-221f4bec247c,NA
8,70936004,70936004,1,snv_mnv,NA,NA,"broad,dkfz,muse,sanger",4,COSN6601257,NA,AluSx,FALSE,0.4783,NA,11,12,NA,NA,NA,IGR,FALSE,FALSE,FALSE,FALSE,2,1,1,1_1,e23462f2-cb86-4a3e-8521-221f4bec247c,NA
8,71810805,71810805,1,snv_mnv,NA,NA,"broad,dkfz,muse,sanger",4,COSN6601281,NA,L1MEf,FALSE,0.5429,NA,19,16,NA,NA,NA,IGR,FALSE,FALSE,FALSE,FALSE,2,1,1,1_1,e23462f2-cb86-4a3e-8521-221f4bec247c,NA
8,74402510,74402510,1,snv_mnv,NA,NA,"broad,dkfz,muse,sanger",4,COSN6601339,NA,NA,FALSE,0.2368,NA,9,29,NA,NA,NA,Intron,FALSE,FALSE,FALSE,FALSE,2,1,1,1_1,e23462f2-cb86-4a3e-8521-221f4bec247c,NA
8,75186689,75186689,1,snv_mnv,NA,NA,"dkfz,sanger",2,COSN6601358,rs532255379,NA,FALSE,0.4545,NA,15,18,NA,NA,NA,Intron,FALSE,FALSE,FALSE,FALSE,2,1,1,1_1,e23462f2-cb86-4a3e-8521-221f4bec247c,NA
8,76331283,76331283,1,snv_mnv,NA,NA,"broad,dkfz,muse,sanger",4,COSN6601396,NA,NA,FALSE,0.5,NA,13,13,NA,NA,NA,Intron,FALSE,FALSE,FALSE,FALSE,2,1,1,1_1,e23462f2-cb86-4a3e-8521-221f4bec247c,NA
8,80811644,80811644,1,snv_mnv,NA,NA,"broad,dkfz,muse,sanger",4,COSN6601655,NA,LTR16E1,FALSE,0.5,NA,12,12,NA,NA,NA,IGR,FALSE,FALSE,TRUE,FALSE,2,1,1,1_1,e23462f2-cb86-4a3e-8521-221f4bec247c,NA
8,87868573,87868573,1,snv_mnv,NA,NA,"broad,dkfz,muse,sanger",4,COSN6601883,NA,NA,FALSE,0.3793,NA,11,18,NA,NA,NA,IGR,FALSE,FALSE,FALSE,FALSE,2,1,1,1_1,e23462f2-cb86-4a3e-8521-221f4bec247c,NA
8,90483835,90483835,1,snv_mnv,NA,NA,"broad,dkfz,muse,sanger",4,COSN6601995,NA,NA,FALSE,0.4667,NA,14,16,NA,NA,NA,IGR,FALSE,FALSE,FALSE,FALSE,2,1,1,1_1,e23462f2-cb86-4a3e-8521-221f4bec247c,NA
8,97737742,97737742,1,snv_mnv,NA,NA,"broad,dkfz,muse,sanger",4,COSN6602213,NA,L1PA16,FALSE,0.4595,NA,17,20,NA,NA,NA,Intron,FALSE,FALSE,FALSE,FALSE,2,1,1,1_1,e23462f2-cb86-4a3e-8521-221f4bec247c,NA
8,97994024,97994024,1,snv_mnv,NA,NA,"broad,dkfz,muse,sanger",4,COSN6602219,NA,NA,FALSE,0.4359,NA,17,22,NA,NA,NA,Intron,FALSE,FALSE,FALSE,FALSE,2,1,1,1_1,e23462f2-cb86-4a3e-8521-221f4bec247c,NA
8,98235803,98235803,1,snv_mnv,NA,NA,"broad,dkfz,muse,sanger",4,COSN6602225,NA,NA,FALSE,0.3333,NA,8,16,NA,NA,NA,IGR,FALSE,FALSE,FALSE,FALSE,2,1,1,1_1,e23462f2-cb86-4a3e-8521-221f4bec247c,NA
8,99866591,99866591,1,snv_mnv,NA,NA,"broad,dkfz,muse,sanger",4,COSN6602269,NA,AluSx1,FALSE,0.4286,NA,12,16,NA,NA,NA,Intron,FALSE,FALSE,FALSE,FALSE,2,1,1,1_1,e23462f2-cb86-4a3e-8521-221f4bec247c,NA
8,101160643,101160643,1,snv_mnv,NA,NA,"broad,dkfz,muse,sanger",4,COSN6597652,NA,AluSz,FALSE,0.5833,NA,14,10,NA,NA,NA,5'Flank,FALSE,FALSE,FALSE,FALSE,2,1,1,1_1,e23462f2-cb86-4a3e-8521-221f4bec247c,"POLR2K,FBXO43"
8,106873795,106873795,1,snv_mnv,NA,NA,"broad,dkfz,muse,sanger",4,COSN6597814,NA,L2b,FALSE,0.4722,NA,17,19,NA,NA,NA,RNA,FALSE,FALSE,FALSE,FALSE,2,1,1,1_1,e23462f2-cb86-4a3e-8521-221f4bec247c,NA
8,116230938,116230938,1,snv_mnv,NA,NA,"broad,dkfz,muse,sanger",4,COSN6598286,NA,NA,FALSE,0.4375,NA,14,18,NA,NA,NA,IGR,FALSE,FALSE,FALSE,FALSE,2,1,1,1_1,e23462f2-cb86-4a3e-8521-221f4bec247c,NA
8,117614891,117614891,1,snv_mnv,NA,NA,"broad,dkfz,muse,sanger",4,COSN6598342,NA,NA,FALSE,0.1515,NA,5,28,NA,NA,NA,IGR,FALSE,FALSE,FALSE,FALSE,2,1,1,1_1,e23462f2-cb86-4a3e-8521-221f4bec247c,NA
8,119465508,119465508,1,snv_mnv,NA,NA,"broad,dkfz,muse,sanger",4,COSN6598389,NA,NA,FALSE,0.3333,NA,10,20,NA,NA,NA,Intron,FALSE,FALSE,FALSE,FALSE,2,1,1,1_1,e23462f2-cb86-4a3e-8521-221f4bec247c,NA
8,124560390,124560390,1,snv_mnv,NA,NA,"broad,dkfz,muse,sanger",4,COSN6598541,NA,NA,FALSE,0.6111,NA,22,14,NA,NA,NA,IGR,FALSE,FALSE,FALSE,FALSE,2,1,1,1_1,e23462f2-cb86-4a3e-8521-221f4bec247c,NA
8,125818705,125818705,1,snv_mnv,NA,NA,"broad,dkfz,muse,sanger",4,COSN6598572,NA,MER20,FALSE,0.2857,NA,8,20,NA,NA,NA,IGR,FALSE,FALSE,FALSE,FALSE,2,1,1,1_1,e23462f2-cb86-4a3e-8521-221f4bec247c,AC100858.3
8,126215447,126215447,1,snv_mnv,NA,NA,"broad,dkfz,muse",3,COSN6598583,NA,NA,FALSE,0.3784,NA,14,23,NA,NA,NA,Intron,FALSE,FALSE,FALSE,FALSE,2,1,1,1_1,e23462f2-cb86-4a3e-8521-221f4bec247c,NA
8,129076058,129076058,1,snv_mnv,NA,NA,"broad,dkfz,muse,sanger",4,COSN6598678,NA,L1MA8,FALSE,0.5556,NA,15,12,NA,NA,NA,IGR,FALSE,FALSE,FALSE,FALSE,2,1,1,1_1,e23462f2-cb86-4a3e-8521-221f4bec247c,NA
8,131282135,131282135,1,snv_mnv,NA,NA,"broad,dkfz,muse,sanger",4,COSN6598743,NA,AluSz6,FALSE,0.4348,NA,10,13,NA,NA,NA,Intron,FALSE,FALSE,FALSE,FALSE,2,1,1,1_1,e23462f2-cb86-4a3e-8521-221f4bec247c,NA
8,132697902,132697902,1,snv_mnv,NA,NA,"broad,dkfz,muse,sanger",4,COSN6598784,NA,NA,FALSE,0.5278,NA,19,17,NA,NA,NA,IGR,FALSE,FALSE,FALSE,FALSE,2,1,1,1_1,e23462f2-cb86-4a3e-8521-221f4bec247c,NA
8,134747375,134747375,1,snv_mnv,NA,NA,"broad,dkfz,muse,sanger",4,COSN6598836,NA,NA,FALSE,0.5484,NA,17,14,NA,NA,NA,IGR,FALSE,FALSE,FALSE,FALSE,2,1,1,1_1,e23462f2-cb86-4a3e-8521-221f4bec247c,NA
8,137176812,137176812,1,snv_mnv,NA,NA,"broad,dkfz,muse,sanger",4,COSN6598927,NA,NA,FALSE,0.4848,NA,16,17,NA,NA,NA,lincRNA,FALSE,FALSE,FALSE,FALSE,2,1,1,1_1,e23462f2-cb86-4a3e-8521-221f4bec247c,NA
8,138440332,138440332,1,snv_mnv,NA,NA,"broad,dkfz,muse,sanger",4,COSN6598977,rs767123289,L1PA10,FALSE,0.5417,NA,26,22,NA,NA,NA,IGR,FALSE,FALSE,FALSE,FALSE,2,1,1,1_1,e23462f2-cb86-4a3e-8521-221f4bec247c,ZYXP1
9,3765520,3765520,1,snv_mnv,NA,NA,"broad,dkfz,muse,sanger",4,COSN6604071,NA,L1MC,FALSE,0.4074,NA,11,16,NA,NA,NA,IGR,FALSE,FALSE,FALSE,FALSE,2,1,1,1_1,e23462f2-cb86-4a3e-8521-221f4bec247c,NA
9,4407404,4407404,1,snv_mnv,NA,NA,"broad,dkfz,muse,sanger",4,COSN6604116,rs374584358,AluY,FALSE,0.4,NA,12,18,NA,NA,NA,IGR,FALSE,FALSE,FALSE,FALSE,2,1,1,1_1,e23462f2-cb86-4a3e-8521-221f4bec247c,NA
9,4464315,4464315,1,snv_mnv,NA,NA,"broad,dkfz,muse,sanger",4,COSN6604125,NA,MER113,FALSE,0.5897,NA,23,16,NA,NA,NA,IGR,FALSE,FALSE,FALSE,FALSE,2,1,1,1_1,e23462f2-cb86-4a3e-8521-221f4bec247c,NA
9,5115262,5115262,1,snv_mnv,NA,NA,"broad,dkfz,muse,sanger",4,COSN6604146,NA,L1PA7,FALSE,0.4545,NA,15,18,NA,NA,NA,Intron,FALSE,FALSE,FALSE,FALSE,2,1,1,1_1,e23462f2-cb86-4a3e-8521-221f4bec247c,"IGHEP2,MTND5P14,TCF3P1"
9,7531293,7531293,1,snv_mnv,NA,NA,"broad,dkfz,muse",3,COSN6604341,NA,L1MEg,FALSE,0.3939,NA,13,20,NA,NA,NA,IGR,FALSE,FALSE,FALSE,FALSE,2,1,1,1_1,e23462f2-cb86-4a3e-8521-221f4bec247c,NA
9,8256065,8256065,1,snv_mnv,NA,NA,"broad,dkfz,muse,sanger",4,COSN6604606,NA,L1M7,FALSE,0.5854,NA,24,17,NA,NA,NA,IGR,FALSE,FALSE,FALSE,FALSE,2,1,1,1_1,e23462f2-cb86-4a3e-8521-221f4bec247c,NA
9,9060260,9060260,1,snv_mnv,NA,NA,"broad,dkfz,muse,sanger",4,COSN6604815,NA,L1ME3A,FALSE,0.1395,NA,6,37,NA,NA,NA,Intron,FALSE,FALSE,FALSE,FALSE,2,1,1,1_1,e23462f2-cb86-4a3e-8521-221f4bec247c,NA
9,13598706,13598706,1,snv_mnv,NA,NA,"broad,dkfz,muse,sanger",4,COSN6603169,NA,MIRb,FALSE,0.5152,NA,17,16,NA,NA,NA,IGR,FALSE,FALSE,FALSE,FALSE,2,1,1,1_1,e23462f2-cb86-4a3e-8521-221f4bec247c,NA
9,14098229,14098229,1,snv_mnv,NA,NA,"broad,dkfz,muse,sanger",4,COSN6603295,NA,NA,FALSE,0.1818,NA,6,27,NA,NA,NA,Intron,FALSE,FALSE,FALSE,FALSE,2,1,1,1_1,e23462f2-cb86-4a3e-8521-221f4bec247c,NFIB
9,14303682,14303682,1,snv_mnv,NA,NA,"broad,dkfz,muse,sanger",4,COSN6603302,NA,NA,FALSE,0.4091,NA,9,13,NA,NA,NA,Intron,FALSE,FALSE,FALSE,FALSE,2,1,1,1_1,e23462f2-cb86-4a3e-8521-221f4bec247c,NFIB
9,16966570,16966570,1,snv_mnv,NA,NA,"broad,dkfz,muse,sanger",4,COSN6603392,NA,AluY,FALSE,0.4706,NA,16,18,NA,NA,NA,IGR,FALSE,FALSE,FALSE,FALSE,2,1,1,1_1,e23462f2-cb86-4a3e-8521-221f4bec247c,NA
9,17648246,17648246,1,snv_mnv,NA,NA,"broad,dkfz,muse,sanger",4,COSN6603404,NA,NA,FALSE,0.4324,NA,16,21,NA,NA,NA,Intron,FALSE,FALSE,FALSE,FALSE,2,1,1,1_1,e23462f2-cb86-4a3e-8521-221f4bec247c,NA
9,17830020,17830020,1,snv_mnv,NA,NA,"broad,dkfz,muse,sanger",4,COSN6603407,NA,NA,FALSE,0.3824,NA,13,21,NA,NA,NA,IGR,FALSE,FALSE,FALSE,FALSE,2,1,1,1_1,e23462f2-cb86-4a3e-8521-221f4bec247c,NA
9,18236952,18236952,1,snv_mnv,NA,NA,"broad,dkfz,muse,sanger",4,COSN6603421,NA,NA,FALSE,0.4848,NA,16,17,NA,NA,NA,IGR,FALSE,FALSE,FALSE,FALSE,2,1,1,1_1,e23462f2-cb86-4a3e-8521-221f4bec247c,NA
9,19459741,19459741,1,snv_mnv,NA,NA,"broad,dkfz,muse,sanger",4,COSN6603454,NA,NA,FALSE,0.3846,NA,15,24,NA,NA,NA,RNA,FALSE,FALSE,FALSE,FALSE,2,1,1,1_1,e23462f2-cb86-4a3e-8521-221f4bec247c,"MAP1LC3BP1,AL158206.1"
9,25735750,25735750,1,snv_mnv,NA,NA,"broad,dkfz,sanger",3,COSN6603682,NA,NA,FALSE,0.1556,NA,7,38,NA,NA,NA,IGR,FALSE,FALSE,FALSE,FALSE,2,1,1,1_1,e23462f2-cb86-4a3e-8521-221f4bec247c,NA
9,25744332,25744332,1,snv_mnv,NA,NA,"broad,dkfz,muse,sanger",4,COSN6603683,NA,L1PA3,FALSE,0.4839,NA,15,16,NA,NA,NA,IGR,FALSE,FALSE,FALSE,FALSE,2,1,1,1_1,e23462f2-cb86-4a3e-8521-221f4bec247c,NA
9,27254227,27254227,1,snv_mnv,NA,NA,"broad,dkfz,muse,sanger",4,COSN6603744,NA,L1PA7,FALSE,0.75,NA,15,5,NA,NA,NA,lincRNA,FALSE,FALSE,FALSE,FALSE,2,1,1,1_1,e23462f2-cb86-4a3e-8521-221f4bec247c,NA
9,27499177,27499177,1,snv_mnv,NA,NA,"broad,dkfz,muse,sanger",4,COSN6603756,NA,NA,FALSE,0.3824,NA,13,21,NA,NA,NA,Intron,FALSE,FALSE,FALSE,FALSE,2,1,1,1_1,e23462f2-cb86-4a3e-8521-221f4bec247c,NA
9,28231365,28231365,1,snv_mnv,NA,NA,"broad,dkfz,muse,sanger",4,COSN6603791,NA,NA,FALSE,0.1579,NA,3,16,NA,NA,NA,Intron,FALSE,FALSE,FALSE,FALSE,2,1,1,1_1,e23462f2-cb86-4a3e-8521-221f4bec247c,NA
9,28238049,28238049,1,snv_mnv,NA,NA,"broad,dkfz,muse,sanger",4,COSN6603792,NA,L1MA2,FALSE,0.4848,NA,16,17,NA,NA,NA,Intron,FALSE,FALSE,FALSE,FALSE,2,1,1,1_1,e23462f2-cb86-4a3e-8521-221f4bec247c,NA
9,35222866,35222866,1,snv_mnv,NA,NA,"broad,dkfz,muse,sanger",4,COSN6604009,NA,L1MA4A,FALSE,0.2667,NA,8,22,NA,NA,NA,Intron,FALSE,FALSE,FALSE,FALSE,2,1,1,1_1,e23462f2-cb86-4a3e-8521-221f4bec247c,UNC13B
9,35435355,35435355,1,snv_mnv,NA,NA,"broad,dkfz,muse,sanger",4,COSN6604015,NA,THE1D,FALSE,0.5667,NA,17,13,NA,NA,NA,RNA,FALSE,FALSE,FALSE,FALSE,2,1,1,1_1,e23462f2-cb86-4a3e-8521-221f4bec247c,NA
9,36273426,36273426,1,snv_mnv,NA,NA,"broad,dkfz,muse,sanger",4,COSN6604038,NA,AluSx1,FALSE,0.3448,NA,10,19,NA,NA,NA,Intron,FALSE,FALSE,FALSE,FALSE,2,1,1,1_1,e23462f2-cb86-4a3e-8521-221f4bec247c,NA
9,72058281,72058281,1,snv_mnv,NA,NA,"broad,dkfz,muse,sanger",4,COSN6604258,NA,NA,FALSE,0.4286,NA,9,12,NA,NA,NA,Intron,FALSE,FALSE,FALSE,FALSE,2,1,1,1_1,e23462f2-cb86-4a3e-8521-221f4bec247c,NA
9,72268213,72268213,1,snv_mnv,NA,NA,"broad,dkfz,muse,sanger",4,COSN6604267,NA,L1M1,FALSE,0.375,NA,12,20,NA,NA,NA,Intron,FALSE,FALSE,FALSE,FALSE,2,1,1,1_1,e23462f2-cb86-4a3e-8521-221f4bec247c,NA
9,73055667,73055667,1,snv_mnv,NA,NA,"broad,dkfz,muse,sanger",4,COSN6604281,NA,G-rich,FALSE,0.6098,NA,25,16,NA,NA,NA,IGR,FALSE,FALSE,FALSE,FALSE,2,1,1,1_1,e23462f2-cb86-4a3e-8521-221f4bec247c,NA
9,73705493,73705493,1,snv_mnv,NA,NA,"broad,dkfz,muse,sanger",4,COSN6604299,NA,L3,FALSE,0.4062,NA,13,19,NA,NA,NA,Intron,FALSE,FALSE,FALSE,FALSE,2,1,1,1_1,e23462f2-cb86-4a3e-8521-221f4bec247c,NA
9,79325754,79325754,1,snv_mnv,NA,NA,"broad,dkfz,muse,sanger",4,COSM3765459,NA,NA,FALSE,0.5714,NA,16,12,NA,NA,NA,Missense_Mutation,FALSE,FALSE,FALSE,FALSE,2,1,1,1_1,e23462f2-cb86-4a3e-8521-221f4bec247c,"PRUNE2,PCA3"
9,82444217,82444217,1,snv_mnv,NA,NA,"broad,dkfz,muse,sanger",4,COSN6604601,NA,NA,FALSE,0.3,NA,9,21,NA,NA,NA,IGR,FALSE,FALSE,FALSE,FALSE,2,1,1,1_1,e23462f2-cb86-4a3e-8521-221f4bec247c,NA
9,83785506,83785506,1,snv_mnv,NA,NA,"broad,dkfz,muse,sanger",4,COSN6604649,NA,NA,FALSE,0.3333,NA,11,22,NA,NA,NA,IGR,FALSE,FALSE,FALSE,FALSE,2,1,1,1_1,e23462f2-cb86-4a3e-8521-221f4bec247c,NA
9,90117732,90117732,1,snv_mnv,NA,NA,"broad,dkfz,muse,sanger",4,COSN6604805,NA,NA,FALSE,0.4483,NA,13,16,NA,NA,NA,Intron,FALSE,FALSE,FALSE,FALSE,2,1,1,1_1,e23462f2-cb86-4a3e-8521-221f4bec247c,DAPK1
9,90486705,90486705,1,snv_mnv,NA,NA,"broad,dkfz,muse,sanger",4,COSN6604812,rs373240619,NA,FALSE,0.4783,NA,11,12,NA,NA,NA,IGR,FALSE,FALSE,FALSE,FALSE,2,1,1,1_1,e23462f2-cb86-4a3e-8521-221f4bec247c,NA
9,91804036,91804036,1,snv_mnv,NA,NA,"broad,dkfz,muse,sanger",4,COSN6604850,rs532366507,NA,FALSE,0.5862,NA,17,12,NA,NA,NA,IGR,FALSE,FALSE,FALSE,FALSE,2,1,1,1_1,e23462f2-cb86-4a3e-8521-221f4bec247c,NA
9,94062159,94062159,1,snv_mnv,NA,NA,"broad,dkfz,muse,sanger",4,COSN6604906,NA,NA,FALSE,0.3667,NA,11,19,NA,NA,NA,Intron,FALSE,FALSE,FALSE,FALSE,2,1,1,1_1,e23462f2-cb86-4a3e-8521-221f4bec247c,NA
9,96700114,96700114,1,snv_mnv,NA,NA,"broad,dkfz,muse,sanger",4,COSN6604977,NA,L1M5,FALSE,0.4,NA,8,12,NA,NA,NA,IGR,FALSE,FALSE,FALSE,FALSE,2,1,1,1_1,e23462f2-cb86-4a3e-8521-221f4bec247c,NA
9,98397287,98397287,1,snv_mnv,NA,NA,"broad,dkfz,muse,sanger",4,COSN6605003,NA,NA,FALSE,0.5,NA,11,11,NA,NA,NA,IGR,FALSE,FALSE,FALSE,FALSE,2,1,1,1_1,e23462f2-cb86-4a3e-8521-221f4bec247c,NA
9,98420325,98420325,1,snv_mnv,NA,NA,"broad,dkfz,muse,sanger",4,COSN6605004,NA,L1MC1,FALSE,0.4444,NA,20,25,NA,NA,NA,lincRNA,FALSE,FALSE,FALSE,FALSE,2,1,1,1_1,e23462f2-cb86-4a3e-8521-221f4bec247c,AL354861.1
9,99578391,99578391,1,snv_mnv,NA,NA,"broad,dkfz,muse,sanger",4,COSN6605032,NA,NA,FALSE,0.5385,NA,14,12,NA,NA,NA,IGR,FALSE,FALSE,FALSE,FALSE,2,1,1,1_1,e23462f2-cb86-4a3e-8521-221f4bec247c,ZNF782
9,101631735,101631735,1,snv_mnv,NA,NA,"broad,dkfz,muse,sanger",4,COSN6602315,NA,NA,FALSE,0.5667,NA,17,13,NA,NA,NA,RNA,FALSE,FALSE,TRUE,FALSE,2,1,1,1_1,e23462f2-cb86-4a3e-8521-221f4bec247c,AL136084.2
9,102345000,102345000,1,snv_mnv,NA,NA,"broad,dkfz,muse,sanger",4,COSN6602340,NA,MIRb,FALSE,0.6071,NA,17,11,NA,NA,NA,IGR,FALSE,FALSE,FALSE,FALSE,2,1,1,1_1,e23462f2-cb86-4a3e-8521-221f4bec247c,AL359710.1
9,103168395,103168395,1,snv_mnv,NA,NA,"broad,dkfz,muse,sanger",4,COSN6602359,NA,AluY,FALSE,0.6538,NA,17,9,NA,NA,NA,IGR,FALSE,FALSE,FALSE,FALSE,2,1,1,1_1,e23462f2-cb86-4a3e-8521-221f4bec247c,NA
9,108333465,108333465,1,snv_mnv,3.9936e-4,rs373452073,"broad,dkfz,muse,sanger",4,COSN6602536,rs373452073,L2c,FALSE,0.4516,NA,14,17,NA,NA,NA,Intron,FALSE,FALSE,FALSE,FALSE,2,1,1,1_1,e23462f2-cb86-4a3e-8521-221f4bec247c,FKTN
9,112292478,112292478,1,snv_mnv,NA,NA,"broad,dkfz,muse,sanger",4,COSN6602652,NA,L1MB3,FALSE,0.56,NA,14,11,NA,NA,NA,IGR,FALSE,FALSE,TRUE,FALSE,2,1,1,1_1,e23462f2-cb86-4a3e-8521-221f4bec247c,YBX1P6
9,112484567,112484567,1,snv_mnv,3.9936e-4,rs553153234,"broad,dkfz,muse,sanger",4,COSN6602661,rs553153234,NA,FALSE,0.5676,NA,21,16,NA,NA,NA,Intron,FALSE,FALSE,FALSE,FALSE,2,1,1,1_1,e23462f2-cb86-4a3e-8521-221f4bec247c,NA
9,115775398,115775398,1,snv_mnv,1.9968e-4,rs573300652,"broad,dkfz,muse,sanger",4,COSN6602748,rs573300652,NA,FALSE,0.3462,NA,9,17,NA,NA,NA,lincRNA,FALSE,FALSE,FALSE,FALSE,2,1,1,1_1,e23462f2-cb86-4a3e-8521-221f4bec247c,ZNF883
9,115855008,115855008,1,snv_mnv,NA,NA,"broad,dkfz,muse,sanger",4,COSN6602750,NA,AluJb,FALSE,0.5769,NA,15,11,NA,NA,NA,IGR,FALSE,FALSE,FALSE,FALSE,2,1,1,1_1,e23462f2-cb86-4a3e-8521-221f4bec247c,AL449105.5
9,118900789,118900789,1,snv_mnv,NA,NA,"broad,dkfz,muse,sanger",4,COSN6602815,NA,NA,FALSE,0.4194,NA,13,18,NA,NA,NA,IGR,FALSE,FALSE,FALSE,FALSE,2,1,1,1_1,e23462f2-cb86-4a3e-8521-221f4bec247c,NA
9,119134283,119134283,1,snv_mnv,NA,NA,"broad,dkfz,muse,sanger",4,COSN6602821,NA,NA,FALSE,0.4118,NA,14,20,NA,NA,NA,Intron,FALSE,FALSE,FALSE,FALSE,2,1,1,1_1,e23462f2-cb86-4a3e-8521-221f4bec247c,PAPPA
9,121052734,121052734,1,snv_mnv,NA,NA,"broad,dkfz,muse,sanger",4,COSN6602881,NA,HAL1,FALSE,0.35,NA,14,26,NA,NA,NA,IGR,FALSE,FALSE,FALSE,FALSE,2,1,1,1_1,e23462f2-cb86-4a3e-8521-221f4bec247c,NA
9,126527256,126527256,1,snv_mnv,NA,NA,"broad,dkfz,muse,sanger",4,COSN6602986,NA,NA,FALSE,0.4286,NA,12,16,NA,NA,NA,Intron,FALSE,FALSE,FALSE,FALSE,2,1,1,1_1,e23462f2-cb86-4a3e-8521-221f4bec247c,NA
9,132420855,132420855,1,snv_mnv,NA,NA,"broad,dkfz,muse,sanger",4,COSN6603099,NA,AluJb,FALSE,0.5714,NA,12,9,NA,NA,NA,IGR,FALSE,FALSE,FALSE,FALSE,2,1,1,1_1,e23462f2-cb86-4a3e-8521-221f4bec247c,NA
9,140906174,140906174,1,snv_mnv,NA,NA,"broad,dkfz,muse,sanger",4,COSN6603293,NA,NA,FALSE,0.44,NA,11,14,NA,NA,NA,Intron,FALSE,FALSE,FALSE,FALSE,2,1,1,1_1,e23462f2-cb86-4a3e-8521-221f4bec247c,NA
X,3867226,3867226,1,snv_mnv,0.01192,rs186431354,"dkfz,muse",2,COSN6567405,rs186431354,(TTTTA)n,FALSE,1,NA,23,NA,NA,NA,NA,IGR,FALSE,FALSE,FALSE,FALSE,1,1,0,1_0,e23462f2-cb86-4a3e-8521-221f4bec247c,BX890604.2
X,5868639,5868639,1,snv_mnv,NA,NA,"broad,dkfz,muse,sanger",4,COSN6568148,NA,NA,FALSE,1,NA,23,NA,NA,NA,NA,Intron,FALSE,FALSE,FALSE,FALSE,1,1,0,1_0,e23462f2-cb86-4a3e-8521-221f4bec247c,NA
X,9127821,9127821,1,snv_mnv,NA,NA,"broad,dkfz,muse,sanger",4,COSN6569712,NA,AluJo,FALSE,0.9091,NA,10,1,NA,NA,NA,5'Flank,FALSE,FALSE,FALSE,FALSE,1,1,0,1_0,e23462f2-cb86-4a3e-8521-221f4bec247c,FAM9B
X,9802175,9802175,1,snv_mnv,NA,NA,"broad,sanger",2,COSN6570099,NA,MER20,FALSE,1,NA,6,NA,NA,NA,NA,Intron,FALSE,FALSE,FALSE,FALSE,1,1,0,1_0,e23462f2-cb86-4a3e-8521-221f4bec247c,NA
X,9942864,9942864,1,snv_mnv,NA,NA,"dkfz,muse,sanger",3,COSN6570180,NA,L1MC4a,FALSE,1,NA,15,NA,NA,NA,NA,IGR,FALSE,FALSE,FALSE,FALSE,1,1,0,1_0,e23462f2-cb86-4a3e-8521-221f4bec247c,NA
X,10204276,10204276,1,snv_mnv,NA,NA,"broad,dkfz,muse,sanger",4,COSN6563390,NA,NA,FALSE,0.9375,NA,15,1,NA,NA,NA,3'UTR,FALSE,FALSE,FALSE,FALSE,1,1,0,1_0,e23462f2-cb86-4a3e-8521-221f4bec247c,CLCN4
X,13499127,13499127,1,snv_mnv,NA,NA,"broad,dkfz",2,COSN6564940,NA,L1PA7,FALSE,1,NA,7,NA,NA,NA,NA,IGR,FALSE,FALSE,FALSE,FALSE,1,1,0,1_0,e23462f2-cb86-4a3e-8521-221f4bec247c,NA
X,20855582,20855582,1,snv_mnv,NA,NA,"broad,dkfz,muse,sanger",4,COSN6566253,NA,L1P4d,FALSE,0.9444,NA,17,1,NA,NA,NA,IGR,FALSE,FALSE,FALSE,FALSE,1,1,0,1_0,e23462f2-cb86-4a3e-8521-221f4bec247c,NA
X,23489124,23489124,1,snv_mnv,NA,NA,"broad,dkfz,muse,sanger",4,COSN6566362,NA,NA,FALSE,1,NA,22,NA,NA,NA,NA,IGR,FALSE,FALSE,FALSE,FALSE,1,1,0,1_0,e23462f2-cb86-4a3e-8521-221f4bec247c,NA
X,35869976,35869976,1,snv_mnv,NA,NA,"broad,dkfz,muse,sanger",4,COSN6567273,NA,NA,FALSE,0.9545,NA,21,1,NA,NA,NA,IGR,FALSE,FALSE,FALSE,FALSE,1,1,0,1_0,e23462f2-cb86-4a3e-8521-221f4bec247c,NA
X,41241166,41241166,1,snv_mnv,NA,NA,"broad,dkfz,muse,sanger",4,COSN6567497,NA,NA,FALSE,1,NA,15,NA,NA,NA,NA,IGR,FALSE,FALSE,FALSE,FALSE,1,1,0,1_0,e23462f2-cb86-4a3e-8521-221f4bec247c,NA
X,42722166,42722166,1,snv_mnv,NA,NA,"broad,dkfz,muse,sanger",4,COSN6567543,NA,NA,FALSE,1,NA,15,NA,NA,NA,NA,IGR,FALSE,FALSE,TRUE,FALSE,1,1,0,1_0,e23462f2-cb86-4a3e-8521-221f4bec247c,NA
X,44489809,44489809,1,snv_mnv,NA,NA,"broad,dkfz,sanger",3,COSN6567611,NA,Charlie13b,FALSE,1,NA,7,NA,NA,NA,NA,IGR,FALSE,FALSE,FALSE,FALSE,1,1,0,1_0,e23462f2-cb86-4a3e-8521-221f4bec247c,CHTF8P1
X,50331864,50331864,1,snv_mnv,NA,NA,"broad,dkfz,muse,sanger",4,COSN6567842,NA,MIRb,FALSE,0.9231,NA,12,1,NA,NA,NA,IGR,FALSE,FALSE,FALSE,FALSE,1,1,0,1_0,e23462f2-cb86-4a3e-8521-221f4bec247c,SHROOM4
X,50555106,50555106,1,snv_mnv,NA,NA,"broad,dkfz,muse,sanger",4,COSN6567850,NA,NA,FALSE,1,NA,23,NA,NA,NA,NA,Intron,FALSE,FALSE,FALSE,FALSE,1,1,0,1_0,e23462f2-cb86-4a3e-8521-221f4bec247c,NA
X,51327299,51327299,1,snv_mnv,NA,NA,"broad,dkfz,muse,sanger",4,COSN6567875,NA,L1MB8,FALSE,0.9565,NA,22,1,NA,NA,NA,IGR,FALSE,FALSE,FALSE,FALSE,1,1,0,1_0,e23462f2-cb86-4a3e-8521-221f4bec247c,NA
X,55398844,55398844,1,snv_mnv,NA,NA,"broad,dkfz,muse,sanger",4,COSN6568006,NA,L1MA4,FALSE,1,NA,15,NA,NA,NA,NA,IGR,FALSE,FALSE,FALSE,FALSE,1,1,0,1_0,e23462f2-cb86-4a3e-8521-221f4bec247c,NA
X,56229451,56229451,1,snv_mnv,NA,NA,"broad,dkfz,muse,sanger",4,COSN6568040,NA,L1MA1,FALSE,0.9524,NA,20,1,NA,NA,NA,IGR,FALSE,FALSE,FALSE,FALSE,1,1,0,1_0,e23462f2-cb86-4a3e-8521-221f4bec247c,NA
X,57315079,57315079,1,snv_mnv,NA,NA,"broad,dkfz,muse,sanger",4,COSN6568092,NA,AluY,FALSE,0.9444,NA,17,1,NA,NA,NA,Intron,FALSE,FALSE,FALSE,FALSE,1,1,0,1_0,e23462f2-cb86-4a3e-8521-221f4bec247c,NA
X,57904249,57904249,1,snv_mnv,NA,NA,"broad,dkfz,muse,sanger",4,COSN6568123,NA,HERVK22-int,FALSE,1,NA,13,NA,NA,NA,NA,IGR,FALSE,FALSE,FALSE,FALSE,1,1,0,1_0,e23462f2-cb86-4a3e-8521-221f4bec247c,NA
X,64701802,64701802,1,snv_mnv,NA,NA,"broad,dkfz,muse,sanger",4,COSN6568296,NA,NA,FALSE,1,NA,17,NA,NA,NA,NA,IGR,FALSE,FALSE,FALSE,FALSE,1,1,0,1_0,e23462f2-cb86-4a3e-8521-221f4bec247c,NA
X,66298046,66298046,1,snv_mnv,NA,NA,"broad,dkfz,muse,sanger",4,COSN6568390,NA,L1M1,FALSE,1,NA,23,NA,NA,NA,NA,IGR,FALSE,FALSE,FALSE,FALSE,1,1,0,1_0,e23462f2-cb86-4a3e-8521-221f4bec247c,NA
X,66446191,66446191,1,snv_mnv,NA,NA,"broad,dkfz,muse,sanger",4,COSN6568396,NA,L1MA8,FALSE,0.9167,NA,11,1,NA,NA,NA,IGR,FALSE,FALSE,FALSE,FALSE,1,1,0,1_0,e23462f2-cb86-4a3e-8521-221f4bec247c,NA
X,67040019,67040019,1,snv_mnv,NA,NA,"broad,dkfz,muse,sanger",4,COSN6568426,NA,L1MA2,FALSE,0.44,NA,11,14,NA,NA,NA,IGR,FALSE,FALSE,FALSE,FALSE,1,1,0,1_0,e23462f2-cb86-4a3e-8521-221f4bec247c,NA
X,67426119,67426119,1,snv_mnv,NA,NA,"broad,dkfz,muse,sanger",4,COSN6568447,NA,NA,FALSE,1,NA,11,NA,NA,NA,NA,Intron,FALSE,FALSE,FALSE,FALSE,1,1,0,1_0,e23462f2-cb86-4a3e-8521-221f4bec247c,NA
X,73721205,73721205,1,snv_mnv,NA,NA,"broad,dkfz,muse,sanger",4,COSN6568668,NA,NA,FALSE,1,NA,13,NA,NA,NA,NA,Intron,FALSE,FALSE,FALSE,FALSE,1,1,0,1_0,e23462f2-cb86-4a3e-8521-221f4bec247c,NA
X,77620222,77620222,1,snv_mnv,NA,NA,"broad,dkfz,muse,sanger",4,COSN6568854,NA,L2c,FALSE,1,NA,19,NA,NA,NA,NA,IGR,FALSE,FALSE,FALSE,FALSE,1,1,0,1_0,e23462f2-cb86-4a3e-8521-221f4bec247c,NA
X,79595502,79595502,1,snv_mnv,NA,NA,"broad,dkfz,muse,sanger",4,COSN6569024,NA,NA,FALSE,1,NA,12,NA,NA,NA,NA,Intron,FALSE,FALSE,FALSE,FALSE,1,1,0,1_0,e23462f2-cb86-4a3e-8521-221f4bec247c,CHMP1B2P
X,81364432,81364432,1,snv_mnv,NA,NA,"broad,dkfz,muse,sanger",4,COSN6569141,NA,NA,FALSE,1,NA,15,NA,NA,NA,NA,IGR,FALSE,FALSE,FALSE,FALSE,1,1,0,1_0,e23462f2-cb86-4a3e-8521-221f4bec247c,NA
X,81770416,81770416,1,snv_mnv,NA,NA,"broad,dkfz,muse,sanger",4,COSN6569171,NA,L1M4c,FALSE,1,NA,20,NA,NA,NA,NA,IGR,FALSE,FALSE,FALSE,FALSE,1,1,0,1_0,e23462f2-cb86-4a3e-8521-221f4bec247c,NA
X,81990576,81990576,1,snv_mnv,NA,NA,"broad,dkfz,sanger",3,COSN6569196,NA,NA,FALSE,0.3333,NA,4,8,NA,NA,NA,IGR,FALSE,FALSE,FALSE,FALSE,1,1,0,1_0,e23462f2-cb86-4a3e-8521-221f4bec247c,NA
X,82440537,82440537,1,snv_mnv,NA,NA,"broad,dkfz,muse,sanger",4,COSN6569244,NA,MER52D,FALSE,1,NA,12,NA,NA,NA,NA,IGR,FALSE,FALSE,FALSE,FALSE,1,1,0,1_0,e23462f2-cb86-4a3e-8521-221f4bec247c,NA
X,93442900,93442900,1,snv_mnv,NA,NA,"broad,dkfz,muse,sanger",4,COSN6569834,NA,HAL1,FALSE,1,NA,16,NA,NA,NA,NA,IGR,FALSE,FALSE,FALSE,FALSE,1,1,0,1_0,e23462f2-cb86-4a3e-8521-221f4bec247c,NA
X,95486608,95486608,1,snv_mnv,NA,NA,"broad,dkfz,muse,sanger",4,COSN6569960,NA,MLT2B2,FALSE,0.9474,NA,18,1,NA,NA,NA,IGR,FALSE,FALSE,FALSE,FALSE,1,1,0,1_0,e23462f2-cb86-4a3e-8521-221f4bec247c,NA
X,99398307,99398307,1,snv_mnv,NA,NA,"broad,dkfz,muse,sanger",4,COSN6570178,NA,L1MEf,FALSE,0.8,NA,8,2,NA,NA,NA,IGR,FALSE,FALSE,FALSE,FALSE,1,1,0,1_0,e23462f2-cb86-4a3e-8521-221f4bec247c,NA
X,102519527,102519527,1,snv_mnv,NA,NA,"broad,dkfz,muse,sanger",4,COSN6563412,NA,L1MD3,FALSE,1,NA,14,NA,NA,NA,NA,IGR,FALSE,FALSE,FALSE,FALSE,1,1,0,1_0,e23462f2-cb86-4a3e-8521-221f4bec247c,NA
X,103566938,103566938,1,snv_mnv,NA,NA,"broad,dkfz,muse,sanger",4,COSN6563450,NA,AluSg,FALSE,1,NA,15,NA,NA,NA,NA,IGR,FALSE,FALSE,FALSE,FALSE,1,1,0,1_0,e23462f2-cb86-4a3e-8521-221f4bec247c,NA
X,104857627,104857627,1,snv_mnv,NA,NA,"broad,muse,sanger",3,COSN6563505,NA,L1MA2,FALSE,0.3333,NA,6,12,NA,NA,NA,Intron,FALSE,FALSE,FALSE,FALSE,1,1,0,1_0,e23462f2-cb86-4a3e-8521-221f4bec247c,NA
X,114381292,114381292,1,snv_mnv,NA,NA,"broad,dkfz,muse,sanger",4,COSN6563877,NA,NA,FALSE,1,NA,9,NA,NA,NA,NA,Intron,FALSE,FALSE,FALSE,FALSE,1,1,0,1_0,e23462f2-cb86-4a3e-8521-221f4bec247c,NA
X,115403014,115403014,1,snv_mnv,NA,NA,"broad,dkfz,muse,sanger",4,COSN6563914,NA,NA,FALSE,1,NA,21,NA,NA,NA,NA,IGR,FALSE,FALSE,FALSE,FALSE,1,1,0,1_0,e23462f2-cb86-4a3e-8521-221f4bec247c,NA
X,118250130,118250130,1,snv_mnv,NA,NA,"broad,dkfz,muse,sanger",4,COSN6564053,NA,NA,FALSE,1,NA,11,NA,NA,NA,NA,Intron,FALSE,FALSE,FALSE,FALSE,1,1,0,1_0,e23462f2-cb86-4a3e-8521-221f4bec247c,NA
X,120563120,120563120,1,snv_mnv,NA,NA,"broad,dkfz,muse,sanger",4,COSN6564188,NA,L1MEd,FALSE,1,NA,14,NA,NA,NA,NA,IGR,FALSE,FALSE,FALSE,FALSE,1,1,0,1_0,e23462f2-cb86-4a3e-8521-221f4bec247c,NA
X,121349532,121349532,1,snv_mnv,0.0376,rs7056262,"dkfz,muse,sanger",3,COSN6564236,rs7056262,NA,FALSE,0.8889,NA,16,2,NA,NA,NA,IGR,FALSE,FALSE,FALSE,FALSE,1,1,0,1_0,e23462f2-cb86-4a3e-8521-221f4bec247c,NA
X,124772965,124772965,1,snv_mnv,NA,NA,"broad,dkfz,muse,sanger",4,COSN6564466,rs375715898,HERVL-int,FALSE,1,NA,20,NA,NA,NA,NA,IGR,FALSE,FALSE,FALSE,FALSE,1,1,0,1_0,e23462f2-cb86-4a3e-8521-221f4bec247c,NA
X,125750192,125750192,1,snv_mnv,NA,NA,"broad,dkfz,muse,sanger",4,COSN6564534,NA,MIR,FALSE,0.8947,NA,17,2,NA,NA,NA,IGR,FALSE,FALSE,TRUE,FALSE,1,1,0,1_0,e23462f2-cb86-4a3e-8521-221f4bec247c,NA
X,126437803,126437803,1,snv_mnv,NA,NA,"broad,dkfz,muse,sanger",4,COSN6564580,NA,NA,FALSE,1,NA,22,NA,NA,NA,NA,IGR,FALSE,FALSE,FALSE,FALSE,1,1,0,1_0,e23462f2-cb86-4a3e-8521-221f4bec247c,NA
X,130942839,130942839,1,snv_mnv,2.649e-4,NA,"broad,dkfz,muse,sanger",4,COSN6564787,rs778122766,AluSx1,FALSE,1,NA,17,NA,NA,NA,NA,lincRNA,FALSE,FALSE,FALSE,FALSE,1,1,0,1_0,e23462f2-cb86-4a3e-8521-221f4bec247c,NA
X,131442050,131442050,1,snv_mnv,NA,NA,"broad,dkfz,muse,sanger",4,COSN6564813,NA,AluYc,FALSE,1,NA,9,NA,NA,NA,NA,RNA,FALSE,FALSE,FALSE,FALSE,1,1,0,1_0,e23462f2-cb86-4a3e-8521-221f4bec247c,NA
X,135750689,135750689,1,snv_mnv,0.0416,rs12859689,"dkfz,muse",2,COSN19356509,rs12859689,FRAM,FALSE,1,NA,15,NA,NA,NA,NA,Intron,FALSE,FALSE,FALSE,TRUE,1,1,0,1_0,e23462f2-cb86-4a3e-8521-221f4bec247c,NA
X,136450447,136450447,1,snv_mnv,NA,NA,"broad,dkfz,muse,sanger",4,COSN6565004,NA,NA,FALSE,0.9333,NA,14,1,NA,NA,NA,IGR,FALSE,FALSE,FALSE,FALSE,1,1,0,1_0,e23462f2-cb86-4a3e-8521-221f4bec247c,NA
X,136925067,136925067,1,snv_mnv,NA,NA,"broad,dkfz,muse,sanger",4,COSN6565039,NA,NA,FALSE,0.9167,NA,11,1,NA,NA,NA,IGR,FALSE,FALSE,FALSE,FALSE,1,1,0,1_0,e23462f2-cb86-4a3e-8521-221f4bec247c,NA
X,140007591,140007591,1,snv_mnv,NA,NA,"broad,dkfz,muse,sanger",4,COSN6565208,NA,NA,FALSE,1,NA,21,NA,NA,NA,NA,RNA,FALSE,FALSE,FALSE,FALSE,1,1,0,1_0,e23462f2-cb86-4a3e-8521-221f4bec247c,MIR320D2
X,144703164,144703164,1,snv_mnv,NA,NA,"broad,dkfz,muse,sanger",4,COSN6565555,NA,NA,FALSE,0.8824,NA,15,2,NA,NA,NA,IGR,FALSE,FALSE,FALSE,FALSE,1,1,0,1_0,e23462f2-cb86-4a3e-8521-221f4bec247c,NA
X,146070267,146070267,1,snv_mnv,NA,NA,"broad,dkfz,muse,sanger",4,COSN6565646,NA,L1M1,FALSE,0.9286,NA,13,1,NA,NA,NA,IGR,FALSE,FALSE,FALSE,FALSE,1,1,0,1_0,e23462f2-cb86-4a3e-8521-221f4bec247c,NA
X,146429963,146429963,1,snv_mnv,NA,NA,"broad,dkfz,muse,sanger",4,COSN6565672,NA,THE1B,FALSE,0.6316,NA,12,7,NA,NA,NA,IGR,FALSE,FALSE,FALSE,FALSE,1,1,0,1_0,e23462f2-cb86-4a3e-8521-221f4bec247c,NA
X,149461013,149461013,1,snv_mnv,NA,NA,"broad,dkfz,muse,sanger",4,COSN6565835,NA,L1MD1,FALSE,0.95,NA,19,1,NA,NA,NA,IGR,FALSE,FALSE,FALSE,FALSE,1,1,0,1_0,e23462f2-cb86-4a3e-8521-221f4bec247c,NA
X,150045033,150045033,1,snv_mnv,NA,NA,"broad,dkfz,muse,sanger",4,COSN6565865,NA,L2a,FALSE,1,NA,13,NA,NA,NA,NA,Intron,FALSE,FALSE,FALSE,FALSE,1,1,0,1_0,e23462f2-cb86-4a3e-8521-221f4bec247c,NA
